date,open,high,low,close,volume,preClose,changeRatio,thscode
2019-04-02,38.32,40.59,37.5,39.45,17414153,36.7,5.1401869158878,DOW
2019-04-03,40.28,40.4,38.71,40.08,15066169,39.45,1.12,DOW
2019-04-04,40.4,43.72,40.3,42.91,13311868,40.08,4.9753867791842,DOW
2019-04-05,41.59,42.18,39.47,40.44,17000788,42.91,-4.1366605258751,DOW
2019-04-08,39.7,41.59,39.47,40.35,10764569,40.44,-0.15723270440252,DOW
2019-04-09,40.0,40.4,39.28,39.47,9179922,40.35,-1.5398075240595,DOW
2019-04-10,39.19,39.61,38.3,38.91,9081860,39.47,-0.99520170606007,DOW
2019-04-11,38.9,39.41,38.03,38.09,7346094,38.91,-1.4719080954945,DOW
2019-04-12,39.13,41.53,39.13,41.5,9281662,38.09,6.2124248496994,DOW
2019-04-15,41.77,42.05,40.49,40.98,5727269,41.5,-0.89193825042881,DOW
2019-04-16,41.91,42.19,41.04,41.7,6681567,40.98,1.2461059190031,DOW
2019-04-17,42.15,42.25,41.4,41.52,6420663,41.7,-0.30769230769231,DOW
2019-04-18,41.56,41.81,40.75,40.97,5178855,41.52,-0.94307270233196,DOW
2019-04-22,40.68,41.61,40.46,41.09,4401749,40.97,0.20772027003635,DOW
2019-04-23,40.49,41.04,40.2,40.84,5687232,41.09,-0.43185351528761,DOW
2019-04-24,40.69,41.09,39.065,39.18,5431323,40.84,-2.8799444829979,DOW
2019-04-25,38.96,39.18,38.02,38.53,6260460,39.18,-1.1611289746338,DOW
2019-04-26,38.5,38.8,38.15,38.45,4009795,38.53,-0.14458702331465,DOW
2019-04-29,38.25,38.885,38.0,38.7,5935245,38.45,0.45248868778281,DOW
2019-04-30,38.96,40.405,38.8,39.93,6454064,38.7,2.2162162162162,DOW
2019-05-01,40.02,40.68,39.08,39.33,7644453,39.93,-1.0576414595452,DOW
2019-05-02,38.74,39.69,35.23,35.9,13932682,39.33,-6.1108141813647,DOW
2019-05-03,36.4,36.55,34.92,36.5,7401851,35.9,1.1385199240987,DOW
2019-05-06,35.35,37.23,34.9,36.66,6089501,36.5,0.30018761726079,DOW
2019-05-07,36.06,36.525,35.85,36.15,7330785,36.66,-0.95398428731762,DOW
2019-05-08,36.53,36.595,35.51,35.68,5390685,36.15,-0.88762983947121,DOW
2019-05-09,35.46,36.34,34.75,36.13,4579758,35.68,0.85746951219513,DOW
2019-05-10,36.14,36.914,35.69,36.27,4758371,36.13,0.26450028339316,DOW
2019-05-13,35.48,35.75,33.96,34.15,4213102,36.27,-3.9947239495007,DOW
2019-05-14,34.53,36.2,34.04,35.68,4204519,34.15,3.0029440628067,DOW
2019-05-15,35.18,36.525,34.87,36.15,2928861,35.68,0.89557926829269,DOW
2019-05-16,36.49,36.75,35.93,36.18,3689745,36.15,0.056657223796023,DOW
2019-05-17,35.54,35.72,33.86,34.0,4440775,36.18,-4.1147602869007,DOW
2019-05-20,33.6,33.74,33.12,33.28,5168422,34.0,-1.4173228346457,DOW
2019-05-21,33.48,34.39,33.22,33.83,4968460,33.28,1.0982428115016,DOW
2019-05-22,33.66,33.81,33.165,33.41,3019120,33.83,-0.8295476989927,DOW
2019-05-23,32.7,33.06,31.41,31.91,4919173,33.41,-2.9874526986656,DOW
2019-05-24,32.59,32.775,31.64,32.4,2918936,31.91,1.0059536029563,DOW
2019-05-28,32.57,32.63,31.3,31.76,6613184,32.4,-1.3008130081301,DOW
2019-05-29,31.4,32.63,31.21,31.91,3525856,31.76,0.30889621087314,DOW
2019-05-30,32.02,32.49,31.92,32.37,3777607,31.91,-0.49271196879491,DOW
2019-05-31,31.86,31.9,30.65,30.66,3396850,32.37,-3.5279554363524,DOW
2019-06-03,30.75,31.86,30.75,31.86,5905198,30.66,2.5662959794696,DOW
2019-06-04,32.58,33.83,32.54,33.83,7043092,31.86,4.1075896580484,DOW
2019-06-05,34.39,34.47,32.95,34.24,6413509,33.83,0.82114960945324,DOW
2019-06-06,34.18,35.21,34.05,34.96,6228075,34.24,1.430274135876,DOW
2019-06-07,35.03,35.59,34.77,35.2,5391099,34.96,0.47003525264394,DOW
2019-06-10,35.62,36.0,35.48,35.52,5434387,35.2,0.62378167641326,DOW
2019-06-11,35.9,36.07,35.46,35.94,5144357,35.52,0.81363812475785,DOW
2019-06-12,35.96,36.54,35.58,36.39,3103878,35.94,0.86471944657956,DOW
2019-06-13,36.58,36.85,35.94,36.78,4179766,36.39,0.74299866641265,DOW
2019-06-14,36.53,36.59,34.9,35.05,3919484,36.78,-3.2715582450832,DOW
2019-06-17,33.96,34.23,32.95,33.25,5787336,35.05,-3.5190615835777,DOW
2019-06-18,33.65,34.47,33.3,33.51,5014237,33.25,0.52684903748733,DOW
2019-06-19,33.85,34.14,32.23,32.4,5404141,33.51,-2.2374521265874,DOW
2019-06-20,32.995,33.49,32.52,32.83,4228328,32.4,0.88659793814433,DOW
2019-06-21,32.72,33.17,32.21,32.26,9478466,32.83,-1.1649294911097,DOW
2019-06-24,32.41,33.6,32.22,33.48,4602352,32.26,2.5227460711332,DOW
2019-06-25,33.39,34.123,32.95,33.59,4005218,33.48,0.22186365469947,DOW
2019-06-26,33.75,35.12,33.71,34.35,5244396,33.59,1.5294827933186,DOW
2019-06-27,34.51,35.04,34.431,34.81,4097246,34.35,0.91179385530227,DOW
2019-06-28,34.94,35.1,32.98,33.21,6507386,34.81,-3.1428010214103,DOW
2019-07-01,33.9,34.1,33.42,34.06,4659633,33.21,1.7237882782397,DOW
2019-07-02,33.9,33.96,32.66,33.3,4726195,34.06,-1.5151515151515,DOW
2019-07-03,33.36,33.55,33.1,33.23,2479359,33.3,-0.1417004048583,DOW
2019-07-05,32.91,33.27,32.86,33.21,2529919,33.23,-0.04054327995134,DOW
2019-07-08,33.24,33.4,32.285,32.42,5936049,33.21,-1.6021091056581,DOW
2019-07-09,32.2,32.33,31.4,31.77,4967429,32.42,-1.3396537510305,DOW
2019-07-10,32.24,32.32,31.42,31.45,3507432,31.77,-0.66847712554836,DOW
2019-07-11,31.63,31.96,31.08,31.68,4202113,31.45,0.48370136698213,DOW
2019-07-12,32.36,33.94,31.98,33.61,4328444,31.68,4.0393470071159,DOW
2019-07-15,33.67,34.85,33.56,34.83,4923844,33.61,2.4542345604506,DOW
2019-07-16,34.85,36.545,34.85,36.22,6011246,34.83,2.729236206558,DOW
2019-07-17,36.06,36.2,35.13,35.5,4417567,36.22,-1.3761467889908,DOW
2019-07-18,35.45,35.95,35.18,35.65,3662569,35.5,0.2906976744186,DOW
2019-07-19,35.67,35.73,35.4,35.42,3221517,35.65,-0.44444444444444,DOW
2019-07-22,35.404,35.47,34.5,34.78,2815169,35.42,-1.2422360248447,DOW
2019-07-23,34.9,36.8,34.85,36.52,4387686,34.78,3.4198113207547,DOW
2019-07-24,36.4,36.89,35.94,36.69,3516493,36.52,0.32307107563664,DOW
2019-07-25,35.54,35.89,34.2,34.67,4254577,36.69,-3.8264822883122,DOW
2019-07-26,34.17,34.2,32.82,33.01,5066020,34.67,-3.2696474295844,DOW
2019-07-29,32.42,32.78,31.88,31.95,4219839,33.01,-2.1584198737528,DOW
2019-07-30,31.68,32.34,31.68,32.3,4194314,31.95,0.72840790842872,DOW
2019-07-31,32.39,33.33,31.85,32.34,5188502,32.3,0.082644628099172,DOW
2019-08-01,32.05,32.5,30.68,30.75,5803209,32.34,-3.2824112303881,DOW
2019-08-02,30.59,31.4,29.27,29.5,5346434,30.75,-2.6680896478122,DOW
2019-08-05,28.96,29.03,27.97,28.67,5147308,29.5,-1.8201754385965,DOW
2019-08-06,29.01,29.35,27.635,28.33,4702804,28.67,-0.75943712307349,DOW
2019-08-07,28.0,28.9,27.81,28.79,4490080,28.33,1.0353364843574,DOW
2019-08-08,29.097,30.72,29.09,30.69,4573351,28.79,4.2325685007797,DOW
2019-08-09,30.32,30.89,30.0,30.54,4472721,30.69,-0.32058132079504,DOW
2019-08-12,30.29,30.7,29.42,29.59,4376026,30.54,-2.0368782161235,DOW
2019-08-13,29.68,31.66,29.48,30.75,5415836,29.59,2.5388487634056,DOW
2019-08-14,29.7,30.05,27.9,27.98,6178272,30.75,-5.9124866595518,DOW
2019-08-15,28.24,28.27,26.86,27.28,3494579,27.98,-1.5880217785844,DOW
2019-08-16,27.19,28.71,26.67,28.41,4586010,27.28,2.6048870447211,DOW
2019-08-19,29.26,29.763,29.05,29.5,3615483,28.41,2.4488878903617,DOW
2019-08-20,29.15,29.15,26.97,27.06,5973272,29.5,-5.3508771929825,DOW
2019-08-21,27.75,28.14,27.14,27.18,4398365,27.06,0.27803521779426,DOW
2019-08-22,27.22,27.8,25.92,25.95,6074608,27.18,-2.8419593345656,DOW
2019-08-23,25.9,25.92,24.34,24.61,6718214,25.95,-3.1866825208086,DOW
2019-08-26,25.17,25.25,24.51,24.72,3404507,24.61,0.27020388111029,DOW
2019-08-27,25.09,25.63,24.819,25.07,4153371,24.72,0.85742283194513,DOW
2019-08-28,25.05,26.54,24.66,26.42,4641840,25.07,3.2790867136264,DOW
2019-08-29,26.93,27.6,26.81,26.97,3296607,26.42,-0.35277516462842,DOW
2019-08-30,27.43,27.6,26.87,27.23,4105361,26.97,0.61364172763749,DOW
2019-09-03,26.74,26.83,25.75,26.4,3360303,27.23,-1.9469856908281,DOW
2019-09-04,27.19,27.39,26.45,27.14,2668512,26.4,1.7703349282297,DOW
2019-09-05,27.75,28.57,27.69,27.96,4044431,27.14,1.9275975552421,DOW
2019-09-06,28.14,28.26,27.26,27.84,3217914,27.96,-0.27675276752767,DOW
2019-09-09,28.13,29.227,27.86,29.05,3848017,27.84,2.7983348751156,DOW
2019-09-10,29.7,30.97,29.38,30.92,4704049,29.05,4.206974128234,DOW
2019-09-11,31.12,31.65,30.18,31.48,4445017,30.92,1.2089810017271,DOW
2019-09-12,31.67,31.79,30.17,31.57,3649704,31.48,0.19197952218429,DOW
2019-09-13,32.24,33.04,31.85,32.8,4027567,31.57,2.6186927826272,DOW
2019-09-16,33.29,34.58,32.88,33.61,5040553,32.8,1.6804979253112,DOW
2019-09-17,33.27,33.69,32.21,32.6,4921708,33.61,-2.0608039175678,DOW
2019-09-18,32.5,32.5,31.62,32.11,2592587,32.6,-1.0208333333333,DOW
2019-09-19,32.72,33.01,32.09,32.24,2536357,32.11,0.27362660492528,DOW
2019-09-20,32.07,33.45,31.67,32.81,10589641,32.24,1.1964735516373,DOW
2019-09-23,31.99,32.815,31.72,32.51,3606911,32.81,-0.62227753578097,DOW
2019-09-24,32.38,32.6,30.55,31.2,4524939,32.51,-2.7342934669171,DOW
2019-09-25,31.15,32.57,30.73,32.28,4416000,31.2,2.3175965665236,DOW
2019-09-26,32.11,32.29,31.534,31.83,2998602,32.28,-0.94379194630873,DOW
2019-09-27,32.0,32.48,31.61,31.67,3725668,31.83,-0.33876773237348,DOW
2019-09-30,31.86,32.39,31.71,32.25,2568316,31.67,1.2322073507542,DOW
2019-10-01,32.54,33.17,30.5,30.57,3844589,32.25,-3.5257082896118,DOW
2019-10-02,29.27,29.77,28.96,29.53,4836305,30.57,-2.2623450076137,DOW
2019-10-03,29.45,29.99,28.97,29.91,3482650,29.53,0.84576007122191,DOW
2019-10-04,29.78,30.38,29.61,29.94,3589401,29.91,0.066210549547564,DOW
2019-10-07,29.68,30.37,29.365,29.77,2984476,29.94,-0.37494486104985,DOW
2019-10-08,29.35,29.65,28.43,28.45,2999823,29.77,-2.922293557671,DOW
2019-10-09,28.99,29.14,28.6,28.61,2849483,28.45,0.3648802736602,DOW
2019-10-10,28.93,29.89,28.62,29.52,4494329,28.61,2.0677118836628,DOW
2019-10-11,30.35,32.32,30.103,31.73,3699395,29.52,4.919857524488,DOW
2019-10-14,31.32,31.87,30.84,31.42,3250767,31.73,-0.65775514534267,DOW
2019-10-15,31.42,32.7,31.13,31.8,3352309,31.42,0.81161896625374,DOW
2019-10-16,32.09,32.52,31.61,31.72,3630954,31.8,-0.16949152542374,DOW
2019-10-17,32.04,33.14,31.74,32.41,2726017,31.72,1.4643463497453,DOW
2019-10-18,32.51,32.791,31.96,32.56,3013731,32.41,0.31374189500104,DOW
2019-10-21,33.19,33.57,31.69,31.72,3999364,32.56,-1.7514595496247,DOW
2019-10-22,31.68,31.984,30.62,31.42,4940254,31.72,-0.63667232597622,DOW
2019-10-23,31.38,32.11,31.15,31.83,4291653,31.42,0.87569414780008,DOW
2019-10-24,33.25,34.59,32.44,34.07,6119276,31.83,4.7427482532289,DOW
2019-10-25,34.38,35.36,33.5,35.08,5408419,34.07,2.0416413988276,DOW
2019-10-28,35.35,36.04,35.03,35.81,4545977,35.08,1.446117274168,DOW
2019-10-29,35.56,36.23,34.97,36.09,3471444,35.81,0.54676820933412,DOW
2019-10-30,35.8,36.07,34.93,35.63,3605620,36.09,-0.89337735482618,DOW
2019-10-31,35.48,35.63,34.31,35.09,3793969,35.63,-1.0582010582011,DOW
2019-11-01,35.58,37.09,35.5,36.91,3241478,35.09,3.6046741929095,DOW
2019-11-04,37.25,39.01,37.06,38.77,5439516,36.91,3.5557254826993,DOW
2019-11-05,38.61,39.6,38.25,38.8,6079448,38.77,0.055381207310321,DOW
2019-11-06,38.76,39.34,38.41,38.88,3864950,38.8,0.14760147601476,DOW
2019-11-07,39.54,40.54,39.02,40.4,6686466,38.88,2.8002947678703,DOW
2019-11-08,40.1,40.59,39.62,40.59,4830964,40.4,0.3405017921147,DOW
2019-11-11,40.15,40.85,39.82,40.41,3199377,40.59,-0.32148597963922,DOW
2019-11-12,40.6,40.71,39.13,39.76,2742739,40.41,-1.1646658304963,DOW
2019-11-13,38.79,39.08,38.06,38.26,3451109,39.76,-2.7193618564177,DOW
2019-11-14,37.9,38.74,37.75,38.55,2601055,38.26,0.54043980618712,DOW
2019-11-15,38.87,39.89,38.74,39.46,3869714,38.55,1.6867469879518,DOW
2019-11-18,39.35,39.51,38.72,38.92,3445289,39.46,-0.9843237331389,DOW
2019-11-19,39.41,39.41,37.39,37.99,5230290,38.92,-1.7120765832106,DOW
2019-11-20,37.74,38.05,36.7,37.27,5397019,37.99,-1.3485671474059,DOW
2019-11-21,37.31,38.52,36.95,38.48,4621468,37.27,2.2973229542434,DOW
2019-11-22,38.58,39.26,38.2,38.8,3119237,38.48,0.59391239792131,DOW
2019-11-25,39.42,39.83,38.96,39.8,5100517,38.8,1.8450184501845,DOW
2019-11-26,39.8,40.35,39.42,39.97,4681127,39.8,0.30797101449274,DOW
2019-11-27,39.98,40.2,39.2,39.58,3926099,39.97,-1.9685750406357,DOW
2019-11-29,39.31,39.58,38.42,38.67,1887577,39.58,-1.6764922623434,DOW
2019-12-02,38.3,39.05,38.19,38.46,3364773,38.67,-0.39347948285554,DOW
2019-12-03,37.26,37.31,36.35,37.12,3990311,38.46,-2.5206922498119,DOW
2019-12-04,38.79,38.79,37.51,37.58,3791442,37.12,0.88768815129294,DOW
2019-12-05,37.83,37.95,36.98,37.3,2692693,37.58,-0.53557765876052,DOW
2019-12-06,37.89,39.05,37.89,38.52,2852859,37.3,2.3461538461538,DOW
2019-12-09,39.26,39.28,38.29,38.57,2390252,38.52,0.093949642991365,DOW
2019-12-10,38.66,38.69,37.99,38.43,2609676,38.57,-0.26281208935611,DOW
2019-12-11,38.8,39.37,38.35,38.4,3253354,38.43,-0.05646527385658,DOW
2019-12-12,38.55,39.88,38.12,39.75,2882839,38.4,2.5423728813559,DOW
2019-12-13,39.94,40.12,38.55,38.58,3198875,39.75,-2.1487603305785,DOW
2019-12-16,38.91,39.84,38.81,39.47,4039980,38.58,1.6704204204204,DOW
2019-12-17,39.4,40.04,39.23,39.96,2665310,39.47,0.90455971940187,DOW
2019-12-18,39.66,39.99,38.84,39.55,3659050,39.96,-0.75009147457006,DOW
2019-12-19,39.73,40.17,39.36,39.82,3358448,39.55,0.49769585253457,DOW
2019-12-20,40.35,40.55,39.32,39.91,10476682,39.82,0.1650770359501,DOW
2019-12-23,39.79,40.35,39.52,40.23,2679650,39.91,0.58597326496979,DOW
2019-12-24,40.3,40.55,39.95,40.2,926169,40.23,-0.054614964500275,DOW
2019-12-26,40.28,40.53,39.82,40.52,1909555,40.2,0.58287795992714,DOW
2019-12-27,40.59,40.85,40.02,40.13,1688528,40.52,-0.70626584570808,DOW
2019-12-30,40.16,40.35,39.54,39.64,1943757,40.13,-0.89367134780229,DOW
2019-12-31,39.32,40.08,39.23,40.03,2145816,39.64,0.71770334928228,DOW
2020-01-02,40.53,40.84,38.94,39.05,5145916,40.03,-1.7906084414398,DOW
2020-01-03,38.41,38.9,37.71,37.72,5004338,39.05,-2.4744186046512,DOW
2020-01-06,37.62,38.18,37.3,37.51,4297095,37.72,-0.40061045402518,DOW
2020-01-07,37.59,38.365,37.29,37.49,5126211,37.51,-0.038306837770548,DOW
2020-01-08,37.71,38.47,37.22,38.03,3629805,37.49,1.0346809733665,DOW
2020-01-09,38.05,38.37,37.11,37.49,2668211,38.03,-1.0240849611227,DOW
2020-01-10,38.16,38.17,36.7,36.8,3277354,37.49,-1.3220923548572,DOW
2020-01-13,36.8,37.7,36.77,37.65,2665522,36.8,1.6504854368932,DOW
2020-01-14,37.49,38.27,37.25,37.54,3689824,37.65,-0.21012416427889,DOW
2020-01-15,37.49,37.95,37.0,37.57,2235782,37.54,0.057427258805515,DOW
2020-01-16,37.88,38.17,37.47,37.78,3765886,37.57,0.40176009183087,DOW
2020-01-17,37.83,38.66,37.725,38.64,3897498,37.78,1.6387195121951,DOW
2020-01-21,38.28,38.45,37.5,37.9,4156004,38.64,-1.387326584177,DOW
2020-01-22,38.03,38.1,35.982,36.17,5149562,37.9,-3.2889733840304,DOW
2020-01-23,35.52,36.05,34.45,35.55,5797697,36.17,-1.2187930017692,DOW
2020-01-24,35.18,35.57,33.34,33.79,5919607,35.55,-3.5024875621891,DOW
2020-01-27,32.61,32.88,31.94,32.48,4827182,33.79,-2.7015879562797,DOW
2020-01-28,32.7,33.02,32.32,32.46,5813835,32.48,-0.042390843577794,DOW
2020-01-29,34.28,35.25,33.9,34.97,6828078,32.46,5.3223070398643,DOW
2020-01-30,33.61,34.28,32.96,33.77,5644923,34.97,-2.4159452385746,DOW
2020-01-31,33.0,33.165,31.22,31.37,7532256,33.77,-4.9515164018981,DOW
2020-02-03,31.61,32.27,31.03,32.04,6366290,31.37,1.4543086607337,DOW
2020-02-04,32.95,33.68,32.74,33.35,5287027,32.04,2.8027385537013,DOW
2020-02-05,34.18,35.04,33.82,34.91,5403247,33.35,3.2466181061394,DOW
2020-02-06,34.91,34.96,33.86,34.5,5985231,34.91,-0.82644628099173,DOW
2020-02-07,33.84,33.84,32.75,33.33,3802288,34.5,-2.3780487804878,DOW
2020-02-10,33.1,34.02,33.1,33.49,2488501,33.33,0.333125130127,DOW
2020-02-11,33.84,35.31,33.8,34.09,3705361,33.49,1.2450715916165,DOW
2020-02-12,34.99,35.67,34.29,34.68,2964166,34.09,1.2092641934823,DOW
2020-02-13,34.2,34.29,33.32,33.6,3302628,34.68,-2.187120291616,DOW
2020-02-14,33.81,34.24,33.68,33.93,3206989,33.6,0.68322981366461,DOW
2020-02-18,33.49,33.82,32.529,33.04,3594866,33.93,-1.8301460004113,DOW
2020-02-19,33.12,33.59,32.71,32.86,5644897,33.04,-0.37704231252618,DOW
2020-02-20,32.82,34.11,32.74,34.06,4154273,32.86,2.5231286795626,DOW
2020-02-21,33.88,34.07,33.38,33.6,3972853,34.06,-0.9433962264151,DOW
2020-02-24,31.91,32.34,31.1,31.54,5075879,33.6,-4.2650103519669,DOW
2020-02-25,31.8,31.835,28.88,29.25,5529265,31.54,-4.9524221453287,DOW
2020-02-26,29.75,30.18,28.32,28.35,6472198,29.25,-2.0477815699659,DOW
2020-02-27,27.33,27.46,25.5,25.55,10009267,28.35,-8.130081300813,DOW
2020-02-28,24.12,26.49,24.05,26.41,10281591,25.55,2.1744627054362,DOW
2020-03-02,27.05,27.42,25.78,27.42,7706652,26.41,2.4993813412522,DOW
2020-03-03,27.35,28.744,25.74,26.56,6765291,27.42,-2.0762916465476,DOW
2020-03-04,27.45,27.97,26.21,27.91,4967253,26.56,3.3284023668639,DOW
2020-03-05,26.03,26.63,25.66,26.1,5447386,27.91,-4.3187783345264,DOW
2020-03-06,24.72,25.69,24.31,24.97,6928360,26.1,-2.8179551122195,DOW
2020-03-09,20.75,20.94,16.43,16.53,15081527,24.97,-21.657685399025,DOW
2020-03-10,18.51,19.33,15.315,17.4,12975438,16.53,2.8496560759908,DOW
2020-03-11,16.19,16.33,13.85,13.99,12459432,17.4,-10.859872611465,DOW
2020-03-12,11.45,12.39,8.39,9.67,18163270,13.99,-15.434083601286,DOW
2020-03-13,13.93,14.01,8.58,11.69,17350826,9.67,8.5340092944656,DOW
2020-03-16,9.1,11.43,7.95,8.0,12345394,11.69,-14.363565589724,DOW
2020-03-17,11.67,13.6,8.74,12.6,19873250,8.0,20.909090909091,DOW
2020-03-18,10.84,14.29,10.51,12.44,16955886,12.6,-0.6015037593985,DOW
2020-03-19,12.28,17.35,11.93,14.12,13893432,12.44,6.3540090771558,DOW
2020-03-20,14.59,15.69,12.59,13.44,12649118,14.12,-2.4182076813656,DOW
2020-03-23,13.14,14.43,12.01,12.58,11703117,13.44,-3.134110787172,DOW
2020-03-24,14.66,15.96,12.9,14.47,12333648,12.58,7.1106094808126,DOW
2020-03-25,15.18,18.425,14.6,16.38,10539249,14.47,6.7088162978574,DOW
2020-03-26,16.28,17.3,14.95,15.68,14302174,16.38,-2.3041474654378,DOW
2020-03-27,14.0,15.262,12.92,14.56,9101424,15.68,-3.7735849056604,DOW
2020-03-30,14.31,15.39,13.81,14.65,6817047,14.56,0.31512605042017,DOW
2020-03-31,14.55,16.08,14.45,15.24,7603278,14.65,2.0593368237347,DOW
2020-04-01,13.84,14.27,12.94,13.04,10339937,15.24,-7.5239398084815,DOW
2020-04-02,13.11,15.84,12.925,14.03,10680337,13.04,3.6612426035503,DOW
2020-04-03,13.78,14.57,13.42,13.97,8005127,14.03,-0.21405636817696,DOW
2020-04-06,15.53,16.98,15.5,16.54,8021118,13.97,9.1884161601716,DOW
2020-04-07,18.76,21.07,17.81,18.33,15028009,16.54,5.8611656843484,DOW
2020-04-08,18.97,20.94,18.36,20.79,7220706,18.33,7.6090318589545,DOW
2020-04-09,21.75,23.74,21.54,22.56,9892280,20.79,5.0876688703651,DOW
2020-04-13,22.47,22.9,20.57,21.23,7170551,22.56,-3.6378555798687,DOW
2020-04-14,22.37,23.14,21.09,21.37,7348798,21.23,0.39738858927051,DOW
2020-04-15,19.85,19.85,17.87,18.23,7586720,21.37,-8.8775798699463,DOW
2020-04-16,18.69,18.69,16.65,17.63,6918459,18.23,-1.8616196090599,DOW
2020-04-17,19.04,20.06,18.6,19.42,6544068,17.63,5.6591843186848,DOW
2020-04-20,18.18,18.83,17.5,17.53,7140696,19.42,-5.6552962298025,DOW
2020-04-21,16.4,17.16,15.62,16.88,7315130,17.53,-2.0615287028227,DOW
2020-04-22,17.8,18.025,16.88,17.84,5338064,16.88,3.1088082901554,DOW
2020-04-23,18.1,19.33,18.01,18.56,7724714,17.84,2.2613065326633,DOW
2020-04-24,19.04,19.35,18.24,19.12,4979469,18.56,1.7199017199017,DOW
2020-04-27,19.31,20.745,18.81,20.44,4885908,19.12,3.9855072463768,DOW
2020-04-28,21.48,22.19,20.71,21.87,5868593,20.44,4.1521486643438,DOW
2020-04-29,23.0,24.09,22.9,23.47,6887348,21.87,4.4605519933092,DOW
2020-04-30,23.27,23.35,22.05,22.69,10990218,23.47,-2.0816653322658,DOW
2020-05-01,20.73,21.09,19.54,19.93,8709271,22.69,-7.522485690924,DOW
2020-05-04,18.1,19.14,17.76,19.06,6248349,19.93,-2.5641025641026,DOW
2020-05-05,19.63,20.55,19.23,19.37,5041572,19.06,0.93768905021172,DOW
2020-05-06,18.71,19.375,17.88,17.96,4601512,19.37,-4.225352112676,DOW
2020-05-07,18.53,19.8,18.51,18.85,5058466,17.96,2.7847309136421,DOW
2020-05-08,19.78,20.37,19.37,20.33,4324506,18.85,4.5053272450533,DOW
2020-05-11,20.2,20.24,19.08,19.9,4320973,20.33,-1.2525487911448,DOW
2020-05-12,20.25,21.41,19.75,19.79,5675435,19.9,-0.32448377581121,DOW
2020-05-13,19.5,19.563,17.79,18.35,5865169,19.79,-4.2616158626813,DOW
2020-05-14,17.19,19.55,16.9,19.51,6187891,18.35,3.5857805255023,DOW
2020-05-15,19.21,19.98,18.83,19.56,4829410,19.51,0.1492091912862,DOW
2020-05-18,21.88,24.01,21.71,22.74,8546605,19.56,9.4755661501788,DOW
2020-05-19,22.63,22.68,21.58,21.64,4415537,22.74,-2.9940119760479,DOW
2020-05-20,22.34,23.0,21.76,22.18,5656172,21.64,1.5151515151515,DOW
2020-05-21,22.0,22.76,21.66,21.82,3941763,22.18,-0.99502487562189,DOW
2020-05-22,21.68,22.18,21.37,22.12,3040734,21.82,0.83752093802344,DOW
2020-05-26,24.36,24.95,23.92,24.79,6188630,22.12,7.3920265780731,DOW
2020-05-27,25.95,26.665,25.03,25.82,6895175,24.79,2.6553235369941,DOW
2020-05-28,26.27,26.39,25.05,25.41,5270538,25.82,-2.7875439477649,DOW
2020-05-29,24.84,25.69,24.42,25.3,5254710,25.41,-0.28416429863084,DOW
2020-06-01,25.31,25.71,24.88,25.31,3014417,25.3,0.02590673575129,DOW
2020-06-02,25.9,27.93,25.79,27.3,6083430,25.31,5.1541051541052,DOW
2020-06-03,28.19,29.0,28.16,28.33,5160633,27.3,2.5369458128079,DOW
2020-06-04,28.2,29.46,28.02,29.41,3901494,28.33,2.5942829690127,DOW
2020-06-05,31.41,32.43,30.537,30.67,7656517,29.41,2.9501287754624,DOW
2020-06-08,30.78,32.63,30.78,32.6,5727335,30.67,4.3893563793496,DOW
2020-06-09,31.17,31.52,30.619,31.11,5535396,32.6,-3.2461873638344,DOW
2020-06-10,31.09,31.2,30.1,30.28,4267664,31.11,-1.8689484350372,DOW
2020-06-11,27.925,28.74,25.65,25.96,9225121,30.28,-9.9128040385498,DOW
2020-06-12,28.52,28.615,26.685,27.93,5034939,25.96,5.0178298522669,DOW
2020-06-15,26.18,29.15,25.99,28.68,5667288,27.93,1.8190637885035,DOW
2020-06-16,30.8,31.2,28.14,28.95,5595112,28.68,0.64316341114817,DOW
2020-06-17,29.4,29.496,27.73,27.87,3525111,28.95,-2.5562130177515,DOW
2020-06-18,27.35,28.69,27.08,28.28,4106765,27.87,0.99587077969394,DOW
2020-06-19,29.33,29.7,28.17,28.35,7494413,28.28,0.16835016835017,DOW
2020-06-22,28.16,28.83,27.37,28.44,3316008,28.35,0.21608643457384,DOW
2020-06-23,29.18,29.18,28.03,28.05,3603853,28.44,-0.9343555342597,DOW
2020-06-24,27.3,27.42,25.02,25.15,7707228,28.05,-7.0133010882709,DOW
2020-06-25,24.7,26.73,24.38,26.68,5986878,25.15,3.9791937581274,DOW
2020-06-26,26.26,26.7,25.43,26.5,8333819,26.68,-0.45022511255628,DOW
2020-06-29,27.06,27.895,26.89,27.68,7756715,26.5,2.964824120603,DOW
2020-06-30,27.29,27.65,26.46,27.46,4835456,27.68,-0.53684724255734,DOW
2020-07-01,27.45,28.0,27.03,27.45,4023867,27.46,-0.024533856722272,DOW
2020-07-02,28.36,28.95,27.61,28.29,4017525,27.45,2.0613496932515,DOW
2020-07-06,29.33,29.48,28.26,29.15,4678989,28.29,2.0678047607598,DOW
2020-07-07,28.44,28.77,27.87,28.39,4536154,29.15,-1.7903415783275,DOW
2020-07-08,28.19,28.48,26.335,27.05,4823859,28.39,-3.2142000479731,DOW
2020-07-09,27.09,27.22,25.87,26.14,3671870,27.05,-2.2552664188352,DOW
2020-07-10,26.14,27.52,26.123,27.46,3007804,26.14,3.3468559837728,DOW
2020-07-13,27.8,28.54,27.2,27.94,3089031,27.46,1.1776251226693,DOW
2020-07-14,28.02,29.38,27.94,29.14,4350792,27.94,2.909796314258,DOW
2020-07-15,30.35,30.8,29.255,30.03,3788340,29.14,2.0970782280867,DOW
2020-07-16,29.89,30.965,29.54,30.53,4259886,30.03,1.1539349180706,DOW
2020-07-17,30.77,30.85,29.66,30.37,4612391,30.53,-0.36504677161761,DOW
2020-07-20,30.04,30.375,28.82,29.0,3580886,30.37,-3.1371651019006,DOW
2020-07-21,29.2,30.13,29.15,29.74,3399981,29.0,1.7494089834515,DOW
2020-07-22,29.64,31.2,29.585,31.04,5792842,29.74,3.0204460966543,DOW
2020-07-23,29.7,29.9,28.58,29.52,6574291,31.04,-3.4280559314389,DOW
2020-07-24,29.52,30.18,29.0,29.31,2999946,29.52,-0.49042503503036,DOW
2020-07-27,29.51,31.18,29.13,30.7,4733801,29.31,3.2621450363764,DOW
2020-07-28,30.44,30.72,29.29,29.32,3395547,30.7,-3.1363636363636,DOW
2020-07-29,29.5,30.336,29.44,30.22,3187161,29.32,2.1116846550915,DOW
2020-07-30,29.36,29.53,28.04,28.43,4118685,30.22,-4.1130514705882,DOW
2020-07-31,28.19,28.62,27.29,27.76,7463214,28.43,-1.6055595494848,DOW
2020-08-03,27.92,27.94,26.78,26.79,5084560,27.76,-2.3623964929372,DOW
2020-08-04,26.74,28.565,26.6,28.02,5408755,26.79,3.06809678224,DOW
2020-08-05,28.6,29.18,28.45,28.69,3628782,28.02,1.621490803485,DOW
2020-08-06,28.39,29.017,27.756,28.75,3724985,28.69,0.14289116456298,DOW
2020-08-07,28.28,29.365,28.144,29.33,2913536,28.75,1.3793103448276,DOW
2020-08-10,29.51,31.59,29.51,31.5,4245910,29.33,5.0903119868637,DOW
2020-08-11,32.24,32.77,31.04,31.2,4373814,31.5,-0.66964285714285,DOW
2020-08-12,31.92,32.08,30.63,30.98,2577510,31.2,-0.49438202247191,DOW
2020-08-13,30.56,31.57,30.41,31.13,2767067,30.98,0.33875338753387,DOW
2020-08-14,30.65,31.84,30.53,31.57,1998413,31.13,0.99032185460274,DOW
2020-08-17,31.8,32.14,30.91,31.16,3257407,31.57,-0.91375083574771,DOW
2020-08-18,31.11,31.73,31.01,31.41,2447199,31.16,0.56230319388214,DOW
2020-08-19,31.39,31.8,30.95,31.34,3453402,31.41,-0.15656452695147,DOW
2020-08-20,30.72,30.84,30.23,30.39,3324045,31.34,-2.1281362007169,DOW
2020-08-21,30.2,30.57,29.95,30.29,2511639,30.39,-0.22888532845043,DOW
2020-08-24,31.0,32.85,30.72,32.82,4608978,30.29,5.8040835053911,DOW
2020-08-25,33.11,33.36,32.173,32.29,4188033,32.82,-1.1491760624458,DOW
2020-08-26,32.38,33.36,31.98,33.04,3928691,32.29,1.6450976091248,DOW
2020-08-27,33.38,33.65,32.51,32.86,3702291,33.04,-0.38843331894693,DOW
2020-08-28,32.81,33.61,32.37,33.45,3772941,32.86,-0.23830155979203,DOW
2020-08-31,33.39,33.51,32.49,32.52,3916817,33.45,-2.0195439739414,DOW
2020-09-01,32.19,34.68,31.87,34.67,5428599,32.52,4.7650709219858,DOW
2020-09-02,35.08,36.68,34.82,36.62,7305907,34.67,4.1252379944997,DOW
2020-09-03,36.68,37.2,35.32,35.79,6726911,36.62,-1.6863063795205,DOW
2020-09-04,36.69,37.1,35.48,36.0,5326331,35.79,0.43397396156231,DOW
2020-09-08,35.09,35.815,34.835,35.33,4280766,36.0,-1.3786008230453,DOW
2020-09-09,35.97,37.28,35.9,36.63,4168293,35.33,2.7122887544335,DOW
2020-09-10,36.7,37.15,36.06,36.1,4211309,36.63,-1.0765793215519,DOW
2020-09-11,36.61,37.82,36.44,37.25,6225695,36.1,2.3613963039014,DOW
2020-09-14,37.47,37.91,37.095,37.49,5298909,37.25,0.481444332999,DOW
2020-09-15,38.01,38.96,37.79,38.47,4771657,37.49,1.9564783389898,DOW
2020-09-16,37.59,38.5,36.83,37.1,5864228,38.47,-2.6825925200705,DOW
2020-09-17,36.77,38.65,36.25,38.37,5253719,37.1,2.5553319919517,DOW
2020-09-18,37.93,38.63,37.65,37.77,6271507,38.37,-1.1771630370806,DOW
2020-09-21,36.44,36.73,34.58,35.31,6468795,37.77,-4.8838594401429,DOW
2020-09-22,35.38,35.555,34.6,35.2,4181859,35.31,-0.22959716134419,DOW
2020-09-23,35.08,35.52,33.87,34.14,4017963,35.2,-2.2175732217573,DOW
2020-09-24,34.07,34.39,33.09,33.81,4648682,34.14,-0.70603337612325,DOW
2020-09-25,33.17,33.8,33.03,33.44,4090217,33.81,-0.79724197371256,DOW
2020-09-28,33.9,35.68,33.9,34.88,3993125,33.44,3.1277150304083,DOW
2020-09-29,34.63,35.18,33.66,33.97,2716855,34.88,-1.9165964616681,DOW
2020-09-30,34.59,35.52,34.01,34.45,4663564,33.97,1.0307064633884,DOW
2020-10-01,34.61,34.9,33.33,33.51,3407842,34.45,-1.9978746014878,DOW
2020-10-02,32.77,34.87,32.53,34.71,4559039,33.51,2.6024723487313,DOW
2020-10-05,35.3,36.283,35.1,35.98,3913406,34.71,2.6844218981188,DOW
2020-10-06,36.52,37.19,35.26,35.28,4474717,35.98,-1.4409221902017,DOW
2020-10-07,35.85,36.46,35.4,35.7,4506471,35.28,0.87719298245613,DOW
2020-10-08,36.02,36.81,35.876,36.78,2962044,35.7,2.2360248447205,DOW
2020-10-09,37.2,37.49,36.1,36.76,4473120,36.78,-0.040502227622526,DOW
2020-10-12,36.8,36.9,35.662,35.98,3005701,36.76,-1.580226904376,DOW
2020-10-13,35.88,36.38,35.2,35.28,6832232,35.98,-1.4409221902017,DOW
2020-10-14,35.24,36.37,34.82,36.23,5323887,35.28,1.984126984127,DOW
2020-10-15,35.28,36.475,35.24,36.41,2793820,36.23,0.36862584476756,DOW
2020-10-16,36.77,37.395,36.53,36.7,2754650,36.41,0.59171597633136,DOW
2020-10-19,36.73,37.73,36.14,36.24,2903457,36.7,-0.93306288032453,DOW
2020-10-20,36.75,37.55,36.61,36.74,2504534,36.24,1.023751023751,DOW
2020-10-21,36.78,37.115,35.95,35.95,4092535,36.74,-1.6011349817592,DOW
2020-10-22,37.21,37.56,34.55,36.22,5247621,35.95,0.55612770339856,DOW
2020-10-23,36.92,37.35,35.81,35.93,3123429,36.22,-0.59401884473576,DOW
2020-10-26,35.34,35.54,34.217,34.55,4026350,35.93,-2.8436018957346,DOW
2020-10-27,34.32,34.59,33.79,33.97,4141156,34.55,-1.2301166489926,DOW
2020-10-28,32.34,33.1,31.73,32.58,6157072,33.97,-2.9847541335624,DOW
2020-10-29,32.03,34.06,31.97,33.65,4300088,32.58,2.3683045595396,DOW
2020-10-30,33.26,33.59,32.13,32.89,5166099,33.65,-1.6432432432432,DOW
2020-11-02,33.65,35.46,33.28,35.22,3675799,32.89,5.1220048362277,DOW
2020-11-03,35.65,36.43,35.06,36.13,3293458,35.22,1.9029694688415,DOW
2020-11-04,35.35,35.74,33.652,33.85,4542285,36.13,-4.6788426020932,DOW
2020-11-05,34.3,36.85,34.28,36.37,4253017,33.85,5.4251883745963,DOW
2020-11-06,36.63,37.22,35.431,35.63,3061541,36.37,-1.511129262814,DOW
2020-11-09,38.99,41.58,38.94,39.52,9208254,35.63,8.0655193862741,DOW
2020-11-10,39.73,41.1,39.47,40.86,6148698,39.52,2.5709900230238,DOW
2020-11-11,40.9,41.005,39.42,39.61,4118487,40.86,-2.3381967826412,DOW
2020-11-12,39.14,39.47,37.94,38.44,3468632,39.61,-2.2409500095767,DOW
2020-11-13,37.67,39.53,37.6,39.37,3483195,38.44,1.8221003134796,DOW
2020-11-16,40.95,41.34,39.54,41.33,4075611,39.37,3.7714065807196,DOW
2020-11-17,40.56,41.96,40.23,41.88,4794952,41.33,1.0198405340256,DOW
2020-11-18,42.05,43.675,41.93,42.7,5903454,41.88,1.5051395007342,DOW
2020-11-19,42.31,42.89,41.32,42.74,3514002,42.7,0.07233273056059,DOW
2020-11-20,42.47,42.82,41.68,42.13,2871818,42.74,-1.1022768341164,DOW
2020-11-23,42.68,43.69,42.68,43.34,4563309,42.13,2.2108532797369,DOW
2020-11-24,44.4,45.58,44.01,45.13,4442096,43.34,3.1998569896317,DOW
2020-11-25,44.85,44.85,43.565,43.83,4158453,45.13,-2.2518621167504,DOW
2020-11-27,44.01,44.15,43.11,43.5,2847383,43.83,-1.8252702463229,DOW
2020-11-30,42.99,43.1,40.9,41.11,8760639,43.5,-4.3140794223827,DOW
2020-12-01,42.53,42.53,41.0,41.63,4328846,41.11,0.98094699113375,DOW
2020-12-02,41.42,41.665,40.79,41.3,3722954,41.63,-0.61647674201382,DOW
2020-12-03,41.09,41.989,40.9,41.7,3213895,41.3,0.75187969924812,DOW
2020-12-04,41.91,43.2,41.9,43.15,3294474,41.7,2.705223880597,DOW
2020-12-07,43.03,43.04,41.12,41.31,3602707,43.15,-3.3424159854677,DOW
2020-12-08,41.0,42.77,40.9,42.65,3161546,41.31,2.5183236233791,DOW
2020-12-09,43.04,43.85,42.45,42.76,3219097,42.65,0.20164986251146,DOW
2020-12-10,42.76,43.21,42.14,42.53,3401959,42.76,-0.42078302231979,DOW
2020-12-11,42.39,42.55,41.67,42.1,2674780,42.53,-0.79000551166636,DOW
2020-12-14,42.7,42.86,41.13,41.16,3121894,42.1,-1.7407407407407,DOW
2020-12-15,41.95,42.25,41.25,42.23,2335474,41.16,2.0165849981153,DOW
2020-12-16,42.13,42.21,41.34,41.93,1948873,42.23,-0.55422131904675,DOW
2020-12-17,42.3,42.43,41.685,41.93,2222358,41.93,0.0,DOW
2020-12-18,43.21,43.85,42.34,43.76,11536680,41.93,3.3995913059632,DOW
2020-12-21,42.15,43.3,41.83,43.18,4458842,43.76,-1.0420409629896,DOW
2020-12-22,43.11,43.37,42.54,42.77,2272556,43.18,-0.74437182280319,DOW
2020-12-23,43.12,43.87,42.83,42.85,2251621,42.77,0.14633254069873,DOW
2020-12-24,43.02,43.068,42.435,42.89,1074880,42.85,0.073059360730592,DOW
2020-12-28,43.37,43.87,42.28,42.39,3668192,42.89,-0.91257528746122,DOW
2020-12-29,42.6,42.92,41.95,42.43,2221992,42.39,0.073678393811013,DOW
2020-12-30,42.45,43.76,42.4,43.57,3790040,42.43,2.0982882385422,DOW
2020-12-31,43.57,44.2,43.21,43.6,2663490,43.57,0.054083288263928,DOW
2021-01-04,43.92,44.221,41.75,42.14,4853062,43.6,-2.6306306306306,DOW
2021-01-05,42.24,44.27,42.1,43.9,3112791,42.14,3.2568467801628,DOW
2021-01-06,45.05,47.31,44.65,46.53,6208448,43.9,4.7132616487455,DOW
2021-01-07,47.1,47.87,46.205,46.61,4437561,46.53,0.13691596782474,DOW
2021-01-08,46.47,46.96,45.85,46.31,4063547,46.61,-0.51273286617672,DOW
2021-01-11,45.8,47.05,45.35,46.96,3455867,46.31,1.1166466242914,DOW
2021-01-12,47.42,49.31,47.1,49.14,6235742,46.96,3.7037037037037,DOW
2021-01-13,48.85,49.41,47.76,48.13,3236261,49.14,-1.6546526867628,DOW
2021-01-14,48.31,48.6,47.52,47.75,3578778,48.13,-0.63301682492088,DOW
2021-01-15,46.72,46.92,45.23,45.41,6692942,47.75,-3.9228834870075,DOW
2021-01-19,45.86,46.3,44.43,45.65,4919337,45.41,0.41877508288256,DOW
2021-01-20,45.97,46.73,45.33,46.67,3724400,45.65,1.7723718505647,DOW
2021-01-21,46.61,46.87,45.41,45.66,3442039,46.67,-1.7244323032269,DOW
2021-01-22,45.09,45.885,44.97,45.6,2621785,45.66,-0.10423905489924,DOW
2021-01-25,44.96,45.52,43.76,45.33,3682556,45.6,-0.46956521739131,DOW
2021-01-26,45.99,46.35,43.8,43.84,3060282,45.33,-2.6035296173336,DOW
2021-01-27,42.74,43.18,40.76,42.49,6283536,43.84,-2.4219590958019,DOW
2021-01-28,42.24,42.95,41.1,42.48,5817027,42.49,-0.018385732671443,DOW
2021-01-29,41.95,42.805,39.86,40.0,8895444,42.48,-4.5605001838911,DOW
2021-02-01,40.49,40.94,39.43,40.85,4128319,40.0,1.6377649325626,DOW
2021-02-02,41.66,42.97,40.97,42.71,5229473,40.85,3.5260663507109,DOW
2021-02-03,42.41,43.495,42.139,43.45,3984229,42.71,1.3550631752426,DOW
2021-02-04,43.57,44.47,42.92,44.44,4312347,43.45,1.7886178861789,DOW
2021-02-05,44.84,45.93,44.54,45.34,3732511,44.44,1.5974440894569,DOW
2021-02-08,45.85,46.36,45.31,45.45,2543282,45.34,0.19217330538085,DOW
2021-02-09,45.6,45.615,44.47,44.7,4209540,45.45,-1.3077593722755,DOW
2021-02-10,45.1,46.48,44.58,45.77,3452996,44.7,1.8904593639576,DOW
2021-02-11,45.91,46.04,44.79,45.77,2326578,45.77,0.0,DOW
2021-02-12,45.66,46.37,45.545,46.25,1975051,45.77,0.83232183110802,DOW
2021-02-16,47.0,47.455,46.64,46.85,4072724,46.25,1.0318142734308,DOW
2021-02-17,46.68,47.01,45.71,46.64,3277821,46.85,-0.35744680851064,DOW
2021-02-18,46.4,46.765,45.2,45.66,3112563,46.64,-1.6740690126409,DOW
2021-02-19,45.85,48.63,45.85,48.49,4037102,45.66,4.9166087560806,DOW
2021-02-22,48.72,50.66,48.3,50.58,5672558,48.49,3.4608378870674,DOW
2021-02-23,51.04,51.07,49.61,50.22,4147279,50.58,-0.57618437900128,DOW
2021-02-24,50.1,52.08,50.043,51.79,4668567,50.22,2.5273663876368,DOW
2021-02-25,51.28,51.637,49.925,50.15,3260272,51.79,-3.6740461610928,DOW
2021-02-26,49.65,49.85,47.6,48.11,6399697,50.15,-3.3251833740831,DOW
2021-03-01,49.95,51.07,49.37,50.34,4084252,48.11,3.7599055808464,DOW
2021-03-02,51.01,52.84,50.6,51.53,7316038,50.34,1.9337016574586,DOW
2021-03-03,51.3,52.19,50.81,51.05,5390315,51.53,-0.76518412242945,DOW
2021-03-04,50.86,51.42,48.89,50.0,6050394,51.05,-1.6867469879518,DOW
2021-03-05,50.92,51.84,49.55,51.71,3883764,50.0,2.7941176470588,DOW
2021-03-08,51.97,53.07,51.31,52.24,4437617,51.71,0.84247337466222,DOW
2021-03-09,52.47,52.51,50.71,51.06,5823245,52.24,-1.860025220681,DOW
2021-03-10,51.42,53.26,51.17,52.89,4238456,51.06,2.9392868615484,DOW
2021-03-11,53.13,54.07,53.02,53.12,3651810,52.89,0.35887033858635,DOW
2021-03-12,53.48,53.85,52.68,53.14,2690951,53.12,0.0310945273632,DOW
2021-03-15,52.87,53.09,51.25,51.7,5361393,53.14,-2.2381100404103,DOW
2021-03-16,51.49,52.63,50.66,51.98,6461643,51.7,0.44515103338633,DOW
2021-03-17,52.28,55.05,51.98,54.81,5138887,51.98,4.4792655903767,DOW
2021-03-18,54.86,56.07,53.43,53.52,4206432,54.81,-1.9542493561582,DOW
2021-03-19,53.52,53.6,51.46,52.71,6445771,53.52,-1.2515451174289,DOW
2021-03-22,52.6,52.6,51.2,52.31,4631116,52.71,-0.62588014395243,DOW
2021-03-23,51.47,51.488,49.2,49.55,5523475,52.31,-4.3457723193198,DOW
2021-03-24,50.4,52.22,50.203,50.84,4322624,49.55,2.1234567901235,DOW
2021-03-25,50.27,52.11,50.05,52.04,3921150,50.84,1.9342359767892,DOW
2021-03-26,52.19,52.94,51.89,52.79,4256347,52.04,1.1859582542694,DOW
2021-03-29,52.42,53.92,52.3,52.7,3193807,52.79,-0.14064697609002,DOW
2021-03-30,52.52,53.59,52.28,53.41,2605114,52.7,1.1111111111111,DOW
2021-03-31,53.07,53.76,52.31,52.74,3643785,53.41,-1.0369911778363,DOW
2021-04-01,52.75,53.52,52.28,53.4,3698904,52.74,1.0322177040976,DOW
2021-04-05,53.8,54.02,53.05,53.39,4077851,53.4,-0.015479876160977,DOW
2021-04-06,53.04,54.19,52.93,53.4,3420312,53.39,0.015482272797633,DOW
2021-04-07,53.29,53.77,52.46,52.79,2374009,53.4,-0.94427244582042,DOW
2021-04-08,52.66,52.83,51.42,51.99,3639017,52.79,-1.2501953430224,DOW
2021-04-09,51.99,52.36,51.34,51.94,3720978,51.99,-0.0791264440576,DOW
2021-04-12,52.4,52.95,52.1,52.59,3143842,51.94,1.0294583465315,DOW
2021-04-13,52.39,52.48,51.25,52.11,4471855,52.59,-0.75246903903433,DOW
2021-04-14,52.39,53.58,52.16,53.04,4234458,52.11,1.4689622492497,DOW
2021-04-15,53.68,53.72,52.6,53.37,2632733,53.04,0.51369863013698,DOW
2021-04-16,54.07,54.31,53.06,53.48,3698844,53.37,0.1703577512777,DOW
2021-04-19,53.6,53.84,52.74,53.35,2566584,53.48,-0.20098948670379,DOW
2021-04-20,52.8,52.85,51.08,51.28,4532442,53.35,-3.2068164213788,DOW
2021-04-21,51.26,53.82,51.175,53.62,4283535,51.28,3.7451984635083,DOW
2021-04-22,52.8,52.85,49.52,49.73,12028871,53.62,-6.0012341869793,DOW
2021-04-23,49.9,51.29,49.25,50.91,5683494,49.73,1.9366486131626,DOW
2021-04-26,51.16,51.62,50.73,51.0,4871606,50.91,0.14490420222187,DOW
2021-04-27,51.07,51.65,50.52,51.45,3781310,51.0,0.72347266881028,DOW
2021-04-28,51.83,52.865,51.5,52.11,5584337,51.45,1.0534716679968,DOW
2021-04-29,52.62,53.49,52.235,52.86,4366020,52.11,1.1846469752014,DOW
2021-04-30,52.25,52.51,51.1,51.3,4932315,52.86,-2.4352169840774,DOW
2021-05-03,51.98,53.835,51.92,53.35,6328101,51.3,3.28,DOW
2021-05-04,53.05,55.07,52.6,55.02,7367207,53.35,2.5871417505809,DOW
2021-05-05,55.29,57.035,54.94,56.87,4853957,55.02,2.793717909997,DOW
2021-05-06,56.82,57.89,55.97,57.84,4670553,56.87,1.4250036726899,DOW
2021-05-07,57.15,58.12,56.58,57.84,5174923,57.84,0.0,DOW
2021-05-10,58.55,59.4,57.46,57.53,5038957,57.84,-0.44901506373117,DOW
2021-05-11,56.64,57.7,56.0,57.37,5693429,57.53,-0.23279499490763,DOW
2021-05-12,57.55,57.9,56.2,56.4,4886215,57.37,-1.4146128044334,DOW
2021-05-13,56.26,57.4,56.12,56.88,3068440,56.4,0.71005917159764,DOW
2021-05-14,57.3,58.84,57.17,58.63,4817174,56.88,2.5705052878966,DOW
2021-05-17,58.38,59.88,58.27,59.71,3607502,58.63,1.5466132034942,DOW
2021-05-18,59.8,60.18,58.31,58.33,3523761,59.71,-1.9461288957834,DOW
2021-05-19,57.3,57.71,56.07,57.35,4398488,58.33,-1.4094635409176,DOW
2021-05-20,57.26,57.52,56.66,57.06,3126454,57.35,-0.42304886943835,DOW
2021-05-21,57.48,58.4,57.35,57.63,3855720,57.06,0.83504248461763,DOW
2021-05-24,58.39,58.81,57.895,58.35,3420090,57.63,1.0460554990556,DOW
2021-05-25,58.26,59.25,57.76,57.84,4419444,58.35,-0.73328540618259,DOW
2021-05-26,57.63,58.44,57.01,58.37,6059237,57.84,0.76767091541134,DOW
2021-05-27,58.82,59.46,57.74,58.16,6256635,58.37,-1.3080350725888,DOW
2021-05-28,58.58,58.67,57.21,57.92,3815179,58.16,-0.34954849985435,DOW
2021-06-01,58.67,60.03,58.35,59.91,4139082,57.92,2.9085062847121,DOW
2021-06-02,59.82,59.82,58.36,58.45,4797772,59.91,-2.073569095299,DOW
2021-06-03,58.85,60.2,57.941,60.11,4322464,58.45,2.4075416968818,DOW
2021-06-04,60.5,60.64,59.38,59.87,3041943,60.11,-0.33989519898031,DOW
2021-06-07,59.87,59.97,58.39,58.74,2804113,59.87,-1.6057979252523,DOW
2021-06-08,58.52,59.22,57.81,58.88,3469512,58.74,0.20219526285384,DOW
2021-06-09,58.75,59.01,57.97,58.34,3379374,58.88,-0.77832228307869,DOW
2021-06-10,59.49,59.67,57.45,57.49,4022011,58.34,-1.2347472399768,DOW
2021-06-11,57.97,58.52,57.34,57.5,2726116,57.49,0.014708045300787,DOW
2021-06-14,57.33,57.68,56.13,56.46,3712815,57.5,-1.5294117647059,DOW
2021-06-15,56.41,56.925,55.94,56.72,3255199,56.46,0.38829151732378,DOW
2021-06-16,56.51,56.62,54.7,55.09,5428753,56.72,-2.4248735495388,DOW
2021-06-17,55.27,55.3,51.83,53.04,5696094,55.09,-3.12547644458,DOW
2021-06-18,52.05,52.55,51.38,51.48,8745303,53.04,-2.4551463644948,DOW
2021-06-21,52.64,53.449,52.29,52.61,5260165,51.48,1.8231687641175,DOW
2021-06-22,52.96,53.32,52.18,53.0,4019107,52.61,0.61796862620821,DOW
2021-06-23,53.5,53.77,52.6,52.65,3254512,53.0,-0.55118110236221,DOW
2021-06-24,53.28,53.33,52.26,52.61,4253923,52.65,-0.063341250989706,DOW
2021-06-25,52.75,53.37,52.61,52.79,4259730,52.61,0.28521628901917,DOW
2021-06-28,52.8,52.8,51.67,52.4,2727034,52.79,-0.61621109179965,DOW
2021-06-29,52.78,53.31,52.08,52.48,2653142,52.4,0.12718600953895,DOW
2021-06-30,52.35,53.12,52.25,52.78,3356526,52.48,0.47634169577644,DOW
2021-07-01,53.72,53.92,52.92,53.0,3324926,52.78,0.34766118836915,DOW
2021-07-02,52.83,53.27,52.3,53.01,3173209,53.0,0.01574803149606,DOW
2021-07-06,52.9,52.95,50.905,51.43,3727013,53.01,-2.4877971972918,DOW
2021-07-07,51.2,51.99,50.594,51.75,3424426,51.43,0.51671241724528,DOW
2021-07-08,50.5,51.52,50.15,50.91,4251323,51.75,-1.3493975903615,DOW
2021-07-09,51.73,53.17,51.6,52.58,5063232,50.91,2.7194268034522,DOW
2021-07-12,52.06,53.1,51.475,52.72,3100367,52.58,0.22194039315155,DOW
2021-07-13,52.92,53.19,51.82,52.2,3074497,52.72,-0.82252451755773,DOW
2021-07-14,52.44,53.145,51.67,51.82,2571796,52.2,-0.60606060606061,DOW
2021-07-15,51.3,52.22,51.19,51.41,2745836,51.82,-0.65789473684211,DOW
2021-07-16,50.8,51.22,49.3,49.51,6961324,51.41,-3.0689710870619,DOW
2021-07-19,47.64,47.98,46.555,47.29,7815369,49.51,-3.699383436094,DOW
2021-07-20,47.64,48.69,47.128,48.12,6771667,47.29,1.4362346426717,DOW
2021-07-21,49.02,49.55,48.555,49.23,7428270,48.12,1.8935516888434,DOW
2021-07-22,48.06,50.39,47.5,49.98,7111276,49.23,1.2556504269211,DOW
2021-07-23,50.34,50.78,49.3,49.61,4690527,49.98,-0.61177248677248,DOW
2021-07-26,49.7,51.54,49.7,51.51,6534277,49.61,3.1608717351522,DOW
2021-07-27,51.01,51.92,50.36,51.45,3568528,51.51,-0.096758587324617,DOW
2021-07-28,51.33,51.8,50.56,51.37,4113699,51.45,-0.12913640032285,DOW
2021-07-29,51.94,52.43,51.51,52.1,3708591,51.37,1.1798933247131,DOW
2021-07-30,51.99,52.725,51.165,51.66,4646993,52.1,-0.70287539936103,DOW
2021-08-02,51.8,53.09,50.69,50.72,3714490,51.66,-1.5122265122265,DOW
2021-08-03,50.65,51.77,49.655,51.73,4819652,50.72,1.6497876510944,DOW
2021-08-04,51.24,51.7,50.48,50.49,3340099,51.73,-1.9926080668488,DOW
2021-08-05,50.79,51.3,50.4,50.5,3037315,50.49,0.016396130513196,DOW
2021-08-06,51.11,51.87,51.05,51.5,3142752,50.5,1.6393442622951,DOW
2021-08-09,51.22,51.725,50.86,51.32,3178247,51.5,-0.29032258064516,DOW
2021-08-10,51.52,53.07,51.44,52.62,3559953,51.32,2.1028793270786,DOW
2021-08-11,52.92,53.8,52.72,53.74,3583605,52.62,1.7743979721166,DOW
2021-08-12,53.86,54.12,52.803,53.51,3581677,53.74,-0.35803237858031,DOW
2021-08-13,53.47,53.6,52.85,53.19,2385569,53.51,-0.49992188720514,DOW
2021-08-16,52.7,53.095,51.64,52.82,3163519,53.19,-0.58093892290783,DOW
2021-08-17,52.19,52.375,50.64,51.81,3974459,52.82,-1.595072646873,DOW
2021-08-18,51.41,52.33,51.21,51.38,4573993,51.81,-0.69009789760873,DOW
2021-08-19,50.54,50.89,49.65,50.05,3981572,51.38,-2.1493212669683,DOW
2021-08-20,49.91,50.61,49.82,50.39,3203679,50.05,0.56151940545005,DOW
2021-08-23,51.0,51.92,50.96,51.56,3440001,50.39,1.9214977828872,DOW
2021-08-24,51.96,53.03,51.96,52.76,2896124,51.56,1.9336126329359,DOW
2021-08-25,52.8,53.68,52.32,53.37,3246877,52.76,0.96427442301612,DOW
2021-08-26,53.34,54.06,52.97,53.15,3618463,53.37,-0.34444966337874,DOW
2021-08-27,53.69,55.355,53.62,54.88,5348664,53.15,2.7179890023566,DOW
2021-08-30,55.2,55.528,54.15,54.18,3925138,54.88,-2.1413276231263,DOW
2021-08-31,53.9,54.08,52.89,53.1,5449999,54.18,-1.6880275085964,DOW
2021-09-01,53.03,53.2,52.01,52.74,3949213,53.1,-0.57233704292528,DOW
2021-09-02,52.96,53.56,52.62,52.82,3414738,52.74,0.12791813239526,DOW
2021-09-03,52.65,53.025,51.87,52.32,3690597,52.82,-0.79846694346854,DOW
2021-09-07,52.18,52.5,51.84,52.07,2514731,52.32,-0.40244687701223,DOW
2021-09-08,52.03,52.31,50.71,50.89,4628973,52.07,-1.9072248262486,DOW
2021-09-09,50.45,51.39,50.27,50.48,4439095,50.89,-0.67556434338441,DOW
2021-09-10,51.05,51.64,50.54,50.61,4093257,50.48,0.21566025215659,DOW
2021-09-13,51.47,51.79,50.415,50.92,4549217,50.61,0.51316007283563,DOW
2021-09-14,51.44,51.5,49.722,49.85,4493572,50.92,-1.762187088274,DOW
2021-09-15,49.95,50.87,49.87,50.4,5167759,49.85,0.92204526404024,DOW
2021-09-16,50.34,50.52,49.27,49.67,4650841,50.4,-1.2126245847176,DOW
2021-09-17,49.0,49.37,47.67,47.95,9625499,49.67,-2.892214561964,DOW
2021-09-20,46.46,47.33,45.51,46.38,7683867,47.95,-2.7186147186147,DOW
2021-09-21,46.79,47.06,45.41,45.73,6156370,46.38,-1.1569953720185,DOW
2021-09-22,46.46,47.18,46.455,46.5,6823824,45.73,1.3866378534126,DOW
2021-09-23,46.97,48.245,46.8,47.63,7814123,46.5,2.0071047957371,DOW
2021-09-24,47.4,47.54,46.94,47.01,7964986,47.63,-1.0795751349469,DOW
2021-09-27,47.08,50.58,47.08,49.89,12373976,47.01,5.0695300123218,DOW
2021-09-28,50.35,50.845,49.34,49.66,6681760,49.89,-0.38532417490366,DOW
2021-09-29,49.66,49.8,48.97,49.02,4578945,49.66,-1.0763538513286,DOW
2021-09-30,49.12,49.37,47.75,47.76,4929915,49.02,-2.1421285277117,DOW
2021-10-01,47.87,49.21,47.45,48.78,6925256,47.76,1.772063933287,DOW
2021-10-04,48.78,49.2,47.88,48.44,5652962,48.78,-0.58040286787299,DOW
2021-10-05,48.46,49.645,48.3,49.3,5646408,48.44,1.4766483516484,DOW
2021-10-06,48.56,48.77,46.5,47.36,8699078,49.3,-3.2825719120135,DOW
2021-10-07,48.09,49.67,47.99,48.71,7235870,47.36,2.3617914625612,DOW
2021-10-08,49.01,49.49,48.6,48.91,4260182,48.71,0.34182191078449,DOW
2021-10-11,49.45,49.98,48.41,48.43,4139030,48.91,-0.81757792539602,DOW
2021-10-12,48.22,48.57,47.7,47.94,5443834,48.43,-0.84149064056327,DOW
2021-10-13,48.12,48.25,46.85,47.11,7691227,47.94,-1.4374783512297,DOW
2021-10-14,47.63,48.98,47.34,48.94,6430634,47.11,3.2156035846073,DOW
2021-10-15,49.67,49.93,49.04,49.16,4288162,48.94,0.37453183520599,DOW
2021-10-18,47.9,49.59,47.8,49.15,4660432,49.16,-0.016960651289006,DOW
2021-10-19,49.29,49.47,48.74,49.39,3650874,49.15,0.40712468193383,DOW
2021-10-20,49.36,50.808,49.141,50.09,5875321,49.39,1.1826322013854,DOW
2021-10-21,50.27,51.37,48.16,49.46,8916567,50.09,-1.0519285356487,DOW
2021-10-22,49.84,50.39,48.58,48.6,5889477,49.46,-1.4512318596018,DOW
2021-10-25,49.44,49.735,48.81,48.91,6293204,48.6,0.53082191780822,DOW
2021-10-26,48.91,49.96,48.38,48.91,6875227,48.91,0.0,DOW
2021-10-27,48.78,48.78,46.1,46.2,11512727,48.91,-4.6159087037983,DOW
2021-10-28,46.45,47.06,46.41,46.77,5974358,46.2,1.0178571428571,DOW
2021-10-29,46.33,46.85,45.86,46.17,5894889,46.77,-1.0606328442637,DOW
2021-11-01,46.21,48.18,46.21,47.64,7561994,46.17,2.626407003752,DOW
2021-11-02,47.84,48.94,47.44,48.67,5929491,47.64,1.7931754874652,DOW
2021-11-03,48.69,49.785,48.29,49.25,6234335,48.67,0.99196168975543,DOW
2021-11-04,49.2,49.215,46.995,47.37,9047906,49.25,-3.1837425910245,DOW
2021-11-05,47.44,48.945,47.44,48.51,4979097,47.37,1.9940528249082,DOW
2021-11-08,49.13,49.88,48.495,48.77,4894141,48.51,0.44589264277139,DOW
2021-11-09,48.74,49.32,48.595,48.99,4447809,48.77,0.37561891753457,DOW
2021-11-10,49.04,49.49,48.69,48.96,5104029,48.99,-0.051029086579352,DOW
2021-11-11,49.28,50.18,49.22,49.88,4140414,48.96,1.5656909462219,DOW
2021-11-12,49.99,50.75,49.66,50.26,3499439,49.88,0.63672922252011,DOW
2021-11-15,50.7,51.02,49.98,50.12,3470443,50.26,-0.23310023310023,DOW
2021-11-16,50.17,50.19,49.04,49.06,4004669,50.12,-1.7690253671562,DOW
2021-11-17,48.88,49.18,48.37,48.54,3342386,49.06,-0.88345225959904,DOW
2021-11-18,48.55,48.57,47.87,48.18,3801860,48.54,-0.61707233459034,DOW
2021-11-19,47.65,47.72,46.23,47.54,7425308,48.18,-1.1038289065195,DOW
2021-11-22,47.76,49.49,47.61,48.99,5310320,47.54,2.528775723753,DOW
2021-11-23,49.54,49.92,49.03,49.38,5280023,48.99,0.66337812553155,DOW
2021-11-24,49.1,49.57,48.79,48.83,3307108,49.38,-0.92936802973977,DOW
2021-11-26,46.84,47.97,46.18,47.8,4317492,48.83,-1.7567798055603,DOW
2021-11-29,48.8,49.28,47.28,47.76,4564444,47.8,-1.2847222222222,DOW
2021-11-30,47.16,47.39,45.31,45.83,10398194,47.76,-3.3943017938797,DOW
2021-12-01,46.39,46.7,43.6,43.66,9123937,45.83,-3.9504824321864,DOW
2021-12-02,43.4,44.375,42.97,44.08,7333262,43.66,0.79605761940865,DOW
2021-12-03,43.9,44.72,43.63,43.97,6969330,44.08,-0.20684467845054,DOW
2021-12-06,45.26,45.618,44.74,44.78,6066355,43.97,1.5262860373092,DOW
2021-12-07,45.35,46.28,45.17,45.76,5806937,44.78,1.818856718634,DOW
2021-12-08,46.21,46.38,45.68,45.81,5013675,45.76,0.091141086401745,DOW
2021-12-09,45.14,45.48,44.625,45.29,5607722,45.81,-0.94700418867237,DOW
2021-12-10,46.05,46.16,45.185,45.58,3628582,45.29,0.53318624747196,DOW
2021-12-13,45.36,45.55,43.967,44.22,5398761,45.58,-2.4871982443307,DOW
2021-12-14,44.15,45.4,44.038,44.78,4048860,44.22,1.0502625656414,DOW
2021-12-15,44.69,44.97,43.76,44.94,4955167,44.78,0.29695619896065,DOW
2021-12-16,45.33,46.26,45.17,45.5,5605880,44.94,1.0362694300518,DOW
2021-12-17,45.43,45.565,44.28,45.0,10400003,45.5,-0.91575091575092,DOW
2021-12-20,44.0,44.49,43.37,44.41,6250974,45.0,-1.090573012939,DOW
2021-12-21,45.07,45.71,44.8,45.1,4421997,44.41,1.2894786021305,DOW
2021-12-22,45.02,45.28,44.54,45.13,3729561,45.1,0.055350553505524,DOW
2021-12-23,45.4,46.603,45.25,46.04,6240414,45.13,1.6780379863544,DOW
2021-12-27,46.21,46.79,46.07,46.77,3249034,46.04,1.3239027928908,DOW
2021-12-28,46.91,47.9,46.81,47.53,4749871,46.77,1.3603006980491,DOW
2021-12-29,47.57,48.01,47.46,47.96,3580902,47.53,0.7593148507858,DOW
2021-12-30,48.1,48.73,47.625,47.68,3678731,47.96,-0.490711531721,DOW
2021-12-31,47.74,47.891,47.195,47.62,3093869,47.68,-0.10567101091934,DOW
2022-01-03,48.1,48.8,47.69,47.77,5235781,47.62,0.26445698166431,DOW
2022-01-04,48.15,49.6,48.0,49.31,9067952,47.77,2.7079303675048,DOW
2022-01-05,49.69,50.49,49.215,49.25,6706303,49.31,-0.10272213662043,DOW
2022-01-06,49.39,49.76,48.14,49.14,5820763,49.25,-0.1885175664096,DOW
2022-01-07,49.53,50.415,49.33,50.0,4633224,49.14,1.4766483516484,DOW
2022-01-10,49.9,50.2,48.885,49.3,5544298,50.0,-1.1844331641286,DOW
2022-01-11,49.95,50.37,49.31,50.08,5720389,49.3,1.3356164383562,DOW
2022-01-12,50.415,51.04,49.79,50.16,3742360,50.08,0.13518080432578,DOW
2022-01-13,50.2,51.127,50.107,50.84,4482598,50.16,1.1474856564293,DOW
2022-01-14,50.61,51.73,50.19,51.64,6795305,50.84,1.3346680013347,DOW
2022-01-18,51.66,52.049,50.47,51.1,4799580,51.64,-0.88903523213698,DOW
2022-01-19,51.66,51.82,50.29,50.74,4351087,51.1,-0.59800664451827,DOW
2022-01-20,50.8,50.95,48.67,48.71,5765667,50.74,-3.3923796791444,DOW
2022-01-21,48.58,48.67,47.44,47.62,6189453,48.71,-1.8854869399758,DOW
2022-01-24,46.6,47.72,45.5,47.52,8873378,47.62,-0.17630465444288,DOW
2022-01-25,46.79,48.36,45.539,48.08,5644149,47.52,0.98904980572236,DOW
2022-01-26,48.33,49.15,47.55,48.12,6126011,48.08,0.069954529555787,DOW
2022-01-27,49.64,52.19,49.64,51.08,11666346,48.12,5.1730164278224,DOW
2022-01-28,51.61,52.0,49.97,50.94,6971881,51.08,-0.23263542705218,DOW
2022-01-31,50.4,50.95,49.18,50.63,8056096,50.94,-0.51632245169887,DOW
2022-02-01,50.7,52.89,50.6,52.71,6659399,50.63,3.4823371839947,DOW
2022-02-02,52.61,53.39,52.02,52.56,5463397,52.71,-0.24267917812653,DOW
2022-02-03,52.4,53.345,52.055,52.11,5363825,52.56,-0.72980862795977,DOW
2022-02-04,52.1,52.62,51.44,51.5,4995139,52.11,-0.99656918804117,DOW
2022-02-07,51.83,52.0,50.63,50.81,6214368,51.5,-1.1386138613861,DOW
2022-02-08,51.28,52.07,51.28,51.99,5595518,50.81,1.9696210983141,DOW
2022-02-09,52.39,53.13,52.15,52.89,5515879,51.99,1.4732362088722,DOW
2022-02-10,52.79,53.36,51.61,51.85,6537194,52.89,-1.6776899499919,DOW
2022-02-11,51.7,52.81,51.25,51.99,6042091,51.85,0.22969647251846,DOW
2022-02-14,52.0,52.27,51.025,51.73,4471998,51.99,-0.42560157145196,DOW
2022-02-15,51.72,52.91,51.61,52.76,4076888,51.73,1.6932434653954,DOW
2022-02-16,52.55,53.81,52.52,52.98,5613614,52.76,0.35564177174264,DOW
2022-02-17,52.26,53.005,51.525,52.07,3927767,52.98,-1.4658505154639,DOW
2022-02-18,51.65,52.22,51.09,51.49,5078896,52.07,-0.94817721105117,DOW
2022-02-22,51.82,51.94,50.84,51.2,5663976,51.49,-0.47862683611158,DOW
2022-02-23,51.77,52.09,50.775,50.87,5155144,51.2,-0.54726368159204,DOW
2022-02-24,49.79,49.87,48.42,49.62,8108464,50.87,-2.0843755210939,DOW
2022-02-25,50.02,51.745,49.92,51.25,5445243,49.62,1.5837874659401,DOW
2022-02-28,49.92,50.78,49.61,50.56,6438344,51.25,-1.1567476948868,DOW
2022-03-01,50.72,50.905,47.87,48.73,7668079,50.56,-3.1037991858887,DOW
2022-03-02,49.15,51.39,49.11,50.8,6499750,48.73,3.6233152459303,DOW
2022-03-03,50.89,51.54,50.34,51.27,4514837,50.8,0.79391891891892,DOW
2022-03-04,50.0,50.475,49.43,50.43,5870803,51.27,-1.4077425842132,DOW
2022-03-07,50.35,50.71,49.245,49.58,6987756,50.43,-1.4448410674826,DOW
2022-03-08,49.71,50.82,49.22,49.44,6583613,49.58,-0.24146257330113,DOW
2022-03-09,50.85,52.5,50.54,51.4,7484736,49.44,3.3886583679115,DOW
2022-03-10,50.84,52.64,50.83,52.23,5420965,51.4,1.3879598662207,DOW
2022-03-11,52.66,54.09,52.47,52.51,6140222,52.23,0.46181758205508,DOW
2022-03-14,52.97,53.63,51.37,51.88,5836192,52.51,-1.0343129207027,DOW
2022-03-15,51.47,51.865,49.22,50.47,8354434,51.88,-2.3390842733908,DOW
2022-03-16,50.76,51.75,50.32,51.24,6154914,50.47,1.307966706302,DOW
2022-03-17,50.98,54.48,50.74,54.44,9420575,51.24,5.3655264922871,DOW
2022-03-18,53.83,55.03,53.405,53.99,9510933,54.44,-0.71610439210694,DOW
2022-03-21,54.72,55.32,54.13,54.94,4836460,53.99,1.5226799166533,DOW
2022-03-22,55.6,56.13,54.84,55.15,5136726,54.94,0.33154404799494,DOW
2022-03-23,55.0,55.44,54.62,54.9,2936341,55.15,-0.3933910306845,DOW
2022-03-24,55.36,55.8,55.01,55.69,3611574,54.9,1.2480252764613,DOW
2022-03-25,55.69,56.33,55.44,56.3,3963533,55.69,0.95178655016383,DOW
2022-03-28,55.9,56.15,54.64,55.71,3879358,56.3,-0.91190108191654,DOW
2022-03-29,55.55,55.92,54.42,55.79,4225668,55.71,0.12478552487911,DOW
2022-03-30,56.08,56.54,55.63,55.86,3145899,55.79,0.10905125408943,DOW
2022-03-31,55.75,56.385,55.31,55.32,4302089,55.86,-0.84033613445379,DOW
2022-04-01,55.89,56.53,55.04,55.78,3317188,55.32,0.72190834902701,DOW
2022-04-04,56.11,56.11,54.92,55.61,3650011,55.78,-0.26488002492989,DOW
2022-04-05,55.6,56.24,55.01,55.09,3432473,55.61,-0.81237306670833,DOW
2022-04-06,54.81,54.89,52.89,53.27,4977031,55.09,-2.8665931642778,DOW
2022-04-07,53.4,53.4,51.63,52.85,4644847,53.27,-0.68104426787741,DOW
2022-04-08,53.37,53.88,52.92,53.28,3913900,52.85,0.70204081632653,DOW
2022-04-11,52.95,54.22,52.75,53.55,2760390,53.28,0.43774319066148,DOW
2022-04-12,54.11,55.35,53.89,54.86,4137275,53.55,2.1146085552865,DOW
2022-04-13,55.09,55.83,54.82,55.76,3465594,54.86,1.4226999683844,DOW
2022-04-14,56.09,57.6,55.99,57.09,7000362,55.76,2.0729426433915,DOW
2022-04-18,57.09,58.08,56.9,57.48,4959149,57.09,0.59551076500229,DOW
2022-04-19,57.63,58.95,57.51,58.65,5292467,57.48,1.775956284153,DOW
2022-04-20,58.67,59.77,58.64,59.14,5021474,58.65,0.73079791200598,DOW
2022-04-21,60.6,63.46,60.49,61.11,10282454,59.14,2.9167900503405,DOW
2022-04-22,61.67,62.83,59.84,60.1,7439380,61.11,-1.4530283412459,DOW
2022-04-25,59.01,59.94,57.13,59.67,7252142,60.1,-0.62773722627738,DOW
2022-04-26,59.84,60.58,58.95,58.97,6612794,59.67,-1.0283531658587,DOW
2022-04-27,59.72,59.93,58.651,59.05,5412343,58.97,0.1187472168621,DOW
2022-04-28,59.64,59.64,57.71,59.41,5533819,59.05,0.53372868791697,DOW
2022-04-29,59.72,60.315,57.91,58.1,6499774,59.41,-1.9318684559799,DOW
2022-05-02,58.75,58.91,57.41,58.66,7250151,58.1,0.8421052631579,DOW
2022-05-03,58.72,59.93,58.66,59.75,4599474,58.66,1.6254100805249,DOW
2022-05-04,60.42,62.38,60.03,62.21,5589753,59.75,3.6096845194424,DOW
2022-05-05,61.86,61.96,59.13,60.07,6530571,62.21,-3.0307321909078,DOW
2022-05-06,59.67,59.97,58.25,59.53,5807753,60.07,-0.78866656930041,DOW
2022-05-09,58.44,59.41,58.07,58.23,7266931,59.53,-1.9137347269248,DOW
2022-05-10,59.03,59.45,56.88,57.41,7885807,58.23,-1.2306768722797,DOW
2022-05-11,58.0,60.1,57.42,58.39,5683317,57.41,1.4891353897584,DOW
2022-05-12,58.13,58.99,57.265,58.64,6035696,58.39,0.37430753106753,DOW
2022-05-13,59.1,59.92,58.86,59.16,3924502,58.64,0.77565632458233,DOW
2022-05-16,58.91,60.196,58.28,59.58,4028344,59.16,0.62166962699823,DOW
2022-05-17,61.21,61.891,60.5,61.57,4502627,59.58,2.9273315681083,DOW
2022-05-18,61.01,61.98,60.095,60.51,4623909,61.57,-1.5149349721309,DOW
2022-05-19,59.91,61.17,59.4,60.36,4988376,60.51,-0.21767522855898,DOW
2022-05-20,60.48,61.33,58.47,59.71,5232192,60.36,-0.94531704479349,DOW
2022-05-23,59.4,59.73,58.44,59.09,6582289,59.71,-0.91029217442373,DOW
2022-05-24,58.8,58.99,57.07,58.67,4664360,59.09,-0.62231441695066,DOW
2022-05-25,58.31,59.28,58.0,58.9,6265070,58.67,0.34292530192337,DOW
2022-05-26,58.77,59.89,58.51,59.44,5732847,58.9,0.80237741456167,DOW
2022-05-27,59.89,61.37,59.62,61.36,4784297,59.44,1.7983490566038,DOW
2022-05-31,60.94,61.05,59.915,60.28,7876019,61.36,-1.5638575152042,DOW
2022-06-01,60.95,62.088,60.295,60.41,5958108,60.28,0.19123271550455,DOW
2022-06-02,60.73,61.27,59.4,60.4,4605703,60.41,-0.014682131845551,DOW
2022-06-03,59.89,60.46,58.98,59.33,4966757,60.4,-1.5712187958884,DOW
2022-06-06,59.34,59.91,58.97,59.37,3117322,59.33,0.059674772489918,DOW
2022-06-07,59.06,59.76,58.72,59.67,4874038,59.37,0.44729387207397,DOW
2022-06-08,59.36,60.11,59.15,59.54,3200919,59.67,-0.19296422740093,DOW
2022-06-09,59.2,59.315,58.11,58.16,3113574,59.54,-2.0523497917906,DOW
2022-06-10,57.31,57.38,54.16,54.17,6454897,58.16,-6.0583054965077,DOW
2022-06-13,52.79,52.88,50.27,50.98,8509252,54.17,-5.1559721997737,DOW
2022-06-14,50.58,51.43,49.76,50.86,7128918,50.98,-0.20449897750511,DOW
2022-06-15,51.32,51.96,49.065,49.71,6387882,50.86,-1.9637978142077,DOW
2022-06-16,47.97,48.27,46.95,47.72,7641766,49.71,-3.4662950705452,DOW
2022-06-17,47.46,48.26,46.27,47.07,12735775,47.72,-1.1728617827499,DOW
2022-06-21,48.45,48.99,47.21,47.25,6391653,47.07,0.32864706956363,DOW
2022-06-22,44.6,45.09,43.87,44.64,10386777,47.25,-4.7497725204732,DOW
2022-06-23,44.55,44.95,42.72,43.36,9661964,44.64,-2.4455483377914,DOW
2022-06-24,43.81,46.1,43.49,45.44,9108956,43.36,4.0736388562475,DOW
2022-06-27,45.2,45.6,44.27,44.52,7507333,45.44,-1.731275875047,DOW
2022-06-28,45.1,46.45,44.645,44.83,5169647,44.52,0.59364228265033,DOW
2022-06-29,45.01,45.31,43.58,44.28,4392792,44.83,-1.0470207500476,DOW
2022-06-30,43.46,44.44,43.15,43.91,5847983,44.28,-0.71181223547518,DOW
2022-07-01,43.21,44.34,42.2,43.99,5255114,43.91,0.15500871924045,DOW
2022-07-05,43.07,43.12,41.655,43.03,5892037,43.99,-1.8572257690075,DOW
2022-07-06,42.92,43.55,42.335,43.48,5657033,43.03,0.88704908338262,DOW
2022-07-07,44.44,45.11,44.04,44.58,5507764,43.48,2.1492770613521,DOW
2022-07-08,44.73,45.18,43.605,43.68,4226891,44.58,-1.7214996174445,DOW
2022-07-11,43.04,43.65,42.81,43.31,3919776,43.68,-0.72012456208642,DOW
2022-07-12,43.19,43.865,42.55,42.72,6068243,43.31,-1.1566359537346,DOW
2022-07-13,42.3,42.51,41.33,41.97,6071487,42.72,-1.4875049583499,DOW
2022-07-14,41.04,41.37,40.57,41.2,4969513,41.97,-1.5502315280854,DOW
2022-07-15,42.03,42.54,41.47,41.85,4810114,41.2,1.3292433537832,DOW
2022-07-18,42.72,43.35,42.5,42.77,4839000,41.85,1.8567103935419,DOW
2022-07-19,43.45,45.11,43.38,44.75,6999396,42.77,3.9231226471171,DOW
2022-07-20,44.75,44.97,44.11,44.85,5977727,44.75,0.19065776930409,DOW
2022-07-21,42.87,43.74,42.25,43.7,10059732,44.85,-2.1883920076118,DOW
2022-07-22,43.8,44.11,42.74,43.15,5074833,43.7,-1.0700389105058,DOW
2022-07-25,43.47,44.27,43.33,43.88,5933231,43.15,1.4355948869223,DOW
2022-07-26,43.47,44.1,43.25,43.6,4130858,43.88,-0.54284606436604,DOW
2022-07-27,43.74,44.779,43.51,44.54,4327987,43.6,1.8323586744639,DOW
2022-07-28,44.75,45.21,44.06,44.6,6137925,44.54,0.11485451761102,DOW
2022-07-29,45.06,46.095,44.77,45.51,9754287,44.6,1.7399617590822,DOW
2022-08-01,44.88,44.9,43.73,44.76,5913393,45.51,-1.4095094906972,DOW
2022-08-02,44.6,44.97,43.84,43.85,5797806,44.76,-1.7346549752192,DOW
2022-08-03,44.3,44.3,43.636,43.79,5139265,43.85,-0.11639185257031,DOW
2022-08-04,43.61,44.0,43.16,43.29,6963729,43.79,-0.97106234220237,DOW
2022-08-05,43.07,44.07,43.03,43.79,5954500,43.29,0.98058442831928,DOW
2022-08-08,44.18,45.06,44.1,44.45,4511550,43.79,1.2818022917071,DOW
2022-08-09,44.45,45.15,44.41,45.02,4338954,44.45,1.0930009587728,DOW
2022-08-10,46.15,46.955,46.11,46.34,5998593,45.02,2.5037936267071,DOW
2022-08-11,47.06,48.02,47.06,47.56,5066165,46.34,2.2575869726129,DOW
2022-08-12,47.63,48.24,47.61,48.23,4389097,47.56,1.2124502352515,DOW
2022-08-15,47.78,47.8,47.16,47.64,5991740,48.23,-1.0548900411228,DOW
2022-08-16,47.66,48.725,47.64,48.41,3925907,47.64,1.3913986266715,DOW
2022-08-17,47.82,48.21,47.31,47.76,4197959,48.41,-1.158438780966,DOW
2022-08-18,48.02,48.525,47.72,48.32,3561483,47.76,1.0097367472052,DOW
2022-08-19,47.98,48.22,47.45,47.79,3517928,48.32,-0.94609068189932,DOW
2022-08-22,46.79,46.998,46.2,46.71,6342710,47.79,-1.9462966300234,DOW
2022-08-23,46.96,48.06,46.83,47.92,3894509,46.71,2.2238559088403,DOW
2022-08-24,47.8,47.94,46.38,46.54,6957246,47.92,-2.4811218985976,DOW
2022-08-25,47.13,48.09,47.057,48.06,5736180,46.54,2.8023598820059,DOW
2022-08-26,48.28,48.67,46.56,46.76,5777736,48.06,-2.3314203730273,DOW
2022-08-29,45.3,46.31,44.84,45.87,9304869,46.76,-1.6342269555637,DOW
2022-08-30,45.83,45.96,44.26,44.38,7452178,45.87,-4.0881090162404,DOW
2022-08-31,44.24,44.64,43.58,44.0,6069609,44.38,-0.73958738808876,DOW
2022-09-01,43.46,43.49,42.14,42.96,6378525,44.0,-2.0392156862745,DOW
2022-09-02,43.53,43.76,41.905,42.31,5125300,42.96,-1.3010408326661,DOW
2022-09-06,42.9,43.08,41.34,41.59,8104844,42.31,-1.4601500709795,DOW
2022-09-07,41.34,42.245,41.03,41.97,6517456,41.59,0.78205392055978,DOW
2022-09-08,41.49,42.51,40.95,42.4,5964055,41.97,0.8780886256892,DOW
2022-09-09,43.23,43.715,43.02,43.51,6265662,42.4,2.246963562753,DOW
2022-09-12,44.29,44.79,43.8,43.93,5042809,43.51,0.83151851118591,DOW
2022-09-13,41.75,42.62,40.555,40.87,9104318,43.93,-6.0082466129982,DOW
2022-09-14,40.61,40.87,39.38,40.07,11484347,40.87,-1.6711928138709,DOW
2022-09-15,40.1,40.76,39.69,39.91,6535487,40.07,-0.33991926917358,DOW
2022-09-16,39.01,39.8,38.41,39.42,10058991,39.91,-1.0445534001279,DOW
2022-09-19,38.64,39.88,38.47,39.74,4900427,39.42,0.6893580353296,DOW
2022-09-20,38.95,39.28,38.37,39.09,4996045,39.74,-1.3906718014549,DOW
2022-09-21,39.42,39.59,37.97,37.98,5819128,39.09,-2.4083315252766,DOW
2022-09-22,38.28,38.55,37.75,37.77,4652927,37.98,-0.46687416629612,DOW
2022-09-23,37.0,37.2,36.04,36.9,6729595,37.77,-1.9432655796292,DOW
2022-09-26,36.52,37.26,36.16,36.39,5497614,36.9,-1.1617312072893,DOW
2022-09-27,36.94,37.17,36.275,36.79,5444885,36.39,0.92187139893984,DOW
2022-09-28,37.08,38.51,36.91,38.05,8315425,36.79,2.8773692623887,DOW
2022-09-29,37.5,37.69,36.49,37.16,4905664,38.05,-1.9755826859046,DOW
2022-09-30,37.17,37.84,36.8,36.93,5869756,37.16,-0.52083333333333,DOW
2022-10-03,37.94,38.74,37.45,38.28,6868743,36.93,3.0730707944457,DOW
2022-10-04,38.8,39.73,38.625,39.62,6959794,38.28,2.9593639575972,DOW
2022-10-05,38.92,39.44,38.51,39.06,5564652,39.62,-1.2012012012012,DOW
2022-10-06,38.7,39.1,38.315,38.52,5430693,39.06,-1.1723838471559,DOW
2022-10-07,38.05,38.44,37.2,37.41,5265099,38.52,-2.4384885764499,DOW
2022-10-10,37.98,38.44,37.56,37.88,4686103,37.41,1.0583201981536,DOW
2022-10-11,37.28,37.79,36.42,36.95,5222747,37.88,-2.072192513369,DOW
2022-10-12,36.94,37.23,36.54,36.81,4982535,36.95,-0.31854379977247,DOW
2022-10-13,36.0,39.5,35.91,38.92,8304877,36.81,4.8162519972609,DOW
2022-10-14,39.29,39.4,37.735,38.12,5889170,38.92,-1.7421602787457,DOW
2022-10-17,38.91,39.07,37.995,38.26,6195320,38.12,0.31028368794326,DOW
2022-10-18,39.28,39.94,38.375,39.38,8009127,38.26,2.4745912505524,DOW
2022-10-19,39.24,39.6,38.09,38.13,8371466,39.38,-2.6951272100043,DOW
2022-10-20,38.39,40.63,37.9,37.93,9259900,38.13,-0.44316419233327,DOW
2022-10-21,38.02,39.92,37.95,39.87,7483602,37.93,4.3178277320276,DOW
2022-10-24,39.89,40.31,39.33,40.04,5645709,39.87,0.3627053552379,DOW
2022-10-25,39.71,40.94,39.535,40.85,5202539,40.04,1.7219387755102,DOW
2022-10-26,41.0,41.55,40.89,40.99,6021020,40.85,0.29258098223616,DOW
2022-10-27,41.12,41.485,40.47,40.62,4524379,40.99,-0.7709939570744,DOW
2022-10-28,40.2,40.77,39.81,40.48,6943166,40.62,-0.2939941201176,DOW
2022-10-31,40.48,40.822,39.625,39.74,6434024,40.48,-1.558550968829,DOW
2022-11-01,40.42,40.57,39.75,39.93,4892382,39.74,0.40650406504065,DOW
2022-11-02,39.86,41.62,39.775,39.93,7313946,39.93,0.0,DOW
2022-11-03,39.27,39.97,38.97,39.49,5122343,39.93,-0.93756658853611,DOW
2022-11-04,41.27,42.88,41.13,42.03,10593273,39.49,5.4635405463541,DOW
2022-11-07,41.99,42.53,41.31,42.5,5848974,42.03,0.95859677748317,DOW
2022-11-08,42.89,43.35,42.45,42.65,4739656,42.5,0.3030303030303,DOW
2022-11-09,42.35,42.39,40.57,40.68,5089935,42.65,-3.9677744209466,DOW
2022-11-10,42.45,43.02,42.12,42.96,6591988,40.68,4.7818791946309,DOW
2022-11-11,44.0,46.44,43.9,46.14,9009788,42.96,6.3650920736589,DOW
2022-11-14,45.47,45.895,44.86,44.95,5484386,46.14,-2.2393677079413,DOW
2022-11-15,45.41,45.7,44.14,44.6,4445738,44.95,-0.67372473532243,DOW
2022-11-16,44.15,44.22,43.215,43.51,4294851,44.6,-2.1124031007752,DOW
2022-11-17,42.65,43.15,42.19,43.13,3620352,43.51,-0.75232627202533,DOW
2022-11-18,43.49,43.52,42.36,43.07,3751561,43.13,-0.11968880909635,DOW
2022-11-21,42.44,43.67,41.58,43.17,5719820,43.07,0.19972039145197,DOW
2022-11-22,43.99,44.78,43.87,44.57,4495575,43.17,2.7905122583217,DOW
2022-11-23,44.29,44.74,44.14,44.55,3354772,44.57,-0.038782237735123,DOW
2022-11-25,44.5,44.82,44.42,44.56,1648145,44.55,0.019398642095063,DOW
2022-11-28,43.85,44.155,42.94,43.2,5658665,44.56,-2.6377036462374,DOW
2022-11-29,43.95,44.525,43.58,44.35,4905048,43.2,0.89641434262947,DOW
2022-11-30,44.22,44.67,43.078,44.67,7194164,44.35,0.63178677196446,DOW
2022-12-01,44.95,45.21,44.5,44.77,4757348,44.67,0.19619383951344,DOW
2022-12-02,44.17,45.4,44.13,45.25,4858349,44.77,0.93988643038966,DOW
2022-12-05,45.16,45.64,44.69,44.95,5109972,45.25,-0.58195926285159,DOW
2022-12-06,45.15,45.565,44.27,44.75,4373389,44.95,-0.39024390243903,DOW
2022-12-07,44.52,45.039,43.955,44.4,4248704,44.75,-0.68560235063662,DOW
2022-12-08,44.88,45.13,44.01,44.26,3815898,44.4,-0.27613412228797,DOW
2022-12-09,44.21,45.1,43.82,43.9,3807000,44.26,-0.7120253164557,DOW
2022-12-12,44.02,44.83,43.54,44.81,5208241,43.9,1.8127490039841,DOW
2022-12-13,46.2,46.53,44.995,45.26,4884133,44.81,0.88045392291137,DOW
2022-12-14,45.2,45.748,44.67,45.06,4064268,45.26,-0.38789759503492,DOW
2022-12-15,44.16,44.262,43.06,43.23,6190299,45.06,-3.5630841121495,DOW
2022-12-16,42.92,43.67,42.58,43.5,8969096,43.23,0.5451241671714,DOW
2022-12-19,43.51,44.015,42.46,43.03,4674694,43.5,-0.9437751004016,DOW
2022-12-20,43.05,43.705,43.05,43.36,4003416,43.03,0.66896411919724,DOW
2022-12-21,43.86,44.63,43.77,44.37,3840494,43.36,2.0338300443013,DOW
2022-12-22,43.86,43.95,42.845,43.87,3342660,44.37,-0.98677718571147,DOW
2022-12-23,43.9,44.611,43.65,44.56,2634437,43.87,1.3753238987443,DOW
2022-12-27,44.61,44.92,44.45,44.89,3094558,44.56,0.64883995281164,DOW
2022-12-28,44.87,45.05,43.605,43.69,3340288,44.89,-2.3442078530963,DOW
2022-12-29,43.77,44.502,43.7,44.35,2743492,43.69,1.3202640528106,DOW
2022-12-30,43.96,44.231,43.68,44.09,2700277,44.35,-0.51332675222112,DOW
2023-01-03,44.3,44.85,44.01,44.74,3962601,44.09,1.2899384798571,DOW
2023-01-04,45.36,46.205,45.1,46.03,4527851,44.74,2.5274294670846,DOW
2023-01-05,45.72,46.68,45.22,46.61,4803038,46.03,1.1083508503726,DOW
2023-01-06,47.34,48.935,47.02,48.72,6100724,46.61,3.987903987904,DOW
2023-01-09,48.74,49.89,48.52,48.98,6510932,48.72,0.47255543438749,DOW
2023-01-10,49.11,50.28,49.0,50.17,6611676,48.98,2.1526772793054,DOW
2023-01-11,51.01,51.59,50.72,51.28,8926294,50.17,1.9656454754737,DOW
2023-01-12,51.66,52.498,51.2,52.22,7305984,51.28,1.6325112886419,DOW
2023-01-13,51.7,52.475,51.49,52.38,4041164,52.22,0.27341079972658,DOW
2023-01-17,52.01,52.18,50.96,51.1,5948393,52.38,-2.1813224267212,DOW
2023-01-18,51.72,52.05,50.47,50.54,5641481,51.1,-0.97560975609755,DOW
2023-01-19,50.27,50.69,49.55,50.3,4997532,50.54,-0.42223786066151,DOW
2023-01-20,50.43,51.255,50.02,51.14,6712560,50.3,1.4840989399293,DOW
2023-01-23,51.13,52.1,50.915,51.74,5213727,51.14,1.0445682451254,DOW
2023-01-24,51.41,52.16,50.87,51.9,5262520,51.74,0.27567195037906,DOW
2023-01-25,51.06,51.675,50.55,51.59,5491505,51.9,-0.53264604810997,DOW
2023-01-26,50.36,52.27,49.53,51.82,8002589,51.59,0.3973052340646,DOW
2023-01-27,51.74,53.03,51.51,52.67,6773311,51.82,1.4624913971094,DOW
2023-01-30,52.33,52.935,51.5,51.65,4824738,52.67,-1.72969306427,DOW
2023-01-31,51.77,53.15,51.52,53.05,5739125,51.65,2.4158757549612,DOW
2023-02-01,52.98,54.415,52.5,53.92,5645064,53.05,1.4658803706824,DOW
2023-02-02,53.77,54.12,53.236,53.65,4726171,53.92,-0.4483560278977,DOW
2023-02-03,53.3,53.943,53.11,53.7,3961018,53.65,0.083402835696409,DOW
2023-02-06,53.7,54.0,53.0,53.79,4658746,53.7,0.15000000000001,DOW
2023-02-07,53.77,54.575,53.38,54.21,4777474,53.79,0.69895157264103,DOW
2023-02-08,53.9,54.21,53.26,53.51,3410452,54.21,-1.1568335812262,DOW
2023-02-09,54.22,54.41,52.555,52.78,3874709,53.51,-1.2205316836649,DOW
2023-02-10,52.7,53.54,52.41,53.52,3826315,52.78,1.2525389302641,DOW
2023-02-13,53.52,54.115,53.32,54.02,3520600,53.52,0.83584085590104,DOW
2023-02-14,53.74,53.74,52.71,53.46,3749130,54.02,-0.92838196286473,DOW
2023-02-15,53.01,53.46,52.72,53.46,2357602,53.46,0.0,DOW
2023-02-16,52.67,53.085,51.99,52.38,4302242,53.46,-1.8072289156626,DOW
2023-02-17,51.96,52.205,51.44,51.83,4317163,52.38,-0.93728698023176,DOW
2023-02-21,51.4,51.58,50.4,50.54,6615691,51.83,-2.2191639428866,DOW
2023-02-22,50.48,51.135,50.4,50.71,3735533,50.54,0.29908515130189,DOW
2023-02-23,51.11,51.42,50.03,50.89,4154221,50.71,0.31573408174005,DOW
2023-02-24,50.06,51.575,49.76,51.49,4831942,50.89,1.0491344640671,DOW
2023-02-27,51.78,52.04,51.2,51.39,5443085,51.49,-1.3843225471535,DOW
2023-02-28,51.52,51.91,51.27,51.6,5835329,51.39,0.36848569924548,DOW
2023-03-01,51.69,53.055,51.63,52.42,4535117,51.6,1.4335664335664,DOW
2023-03-02,52.16,53.046,51.75,52.84,3992544,52.42,0.72388831437434,DOW
2023-03-03,52.96,53.15,52.195,52.72,3463659,52.84,-0.2053388090349,DOW
2023-03-06,52.41,52.65,51.17,51.51,4841238,52.72,-2.0747599451303,DOW
2023-03-07,51.28,51.6,49.94,50.2,5499227,51.51,-2.2938189458939,DOW
2023-03-08,50.61,51.27,50.49,50.66,4232766,50.2,0.82437275985663,DOW
2023-03-09,50.73,51.07,49.355,49.5,4566235,50.66,-2.0618556701031,DOW
2023-03-10,49.56,49.58,47.715,48.28,5398974,49.5,-2.2141560798548,DOW
2023-03-13,47.35,47.64,46.39,46.8,8481315,48.28,-2.7468448403861,DOW
2023-03-14,47.67,48.14,45.995,46.69,8450387,46.8,-0.20992366412214,DOW
2023-03-15,45.43,45.43,44.07,44.88,8006226,46.69,-3.461464907248,DOW
2023-03-16,44.0,45.38,43.6,45.31,6857017,44.88,0.85182250396196,DOW
2023-03-17,45.1,45.24,44.1,44.42,11631959,45.31,-1.7481830681595,DOW
2023-03-20,45.07,45.81,45.018,45.66,5403214,44.42,2.4790083966413,DOW
2023-03-21,46.82,46.99,45.975,46.46,4277429,45.66,1.5606710885681,DOW
2023-03-22,46.47,47.058,45.735,45.78,4523961,46.46,-1.3061851709566,DOW
2023-03-23,45.88,47.34,45.555,46.05,4781112,45.78,0.52549630206305,DOW
2023-03-24,45.25,46.33,44.85,46.18,4338513,46.05,0.25169409486932,DOW
2023-03-27,46.65,47.1,46.305,46.4,4327969,46.18,0.42487446890691,DOW
2023-03-28,46.57,47.36,46.52,47.31,3083608,46.4,1.75,DOW
2023-03-29,48.16,48.25,47.56,48.0,3710503,47.31,1.3041013041013,DOW
2023-03-30,48.65,48.7,47.98,48.4,3643754,48.0,0.74626865671642,DOW
2023-03-31,48.57,49.29,48.36,49.22,4410842,48.4,1.5185185185185,DOW
2023-04-03,49.62,50.51,49.415,49.73,6588845,49.22,0.93031740240788,DOW
2023-04-04,49.49,49.68,48.395,48.66,5014688,49.73,-1.9338514368335,DOW
2023-04-05,48.05,49.08,47.85,49.04,3959829,48.66,0.70033173608552,DOW
2023-04-06,48.78,49.46,48.61,49.06,5022121,49.04,0.036603221083448,DOW
2023-04-10,49.4,50.21,49.37,50.21,4046642,49.06,2.103915111599,DOW
2023-04-11,50.46,51.14,50.4,50.59,4411093,50.21,0.680881562444,DOW
2023-04-12,51.85,52.14,51.195,51.29,4679710,50.59,1.245773269265,DOW
2023-04-13,51.02,51.56,50.48,51.32,5147640,51.29,0.052733345051856,DOW
2023-04-14,51.45,51.837,50.65,50.9,3395037,51.32,-0.73787772312017,DOW
2023-04-17,51.08,51.345,50.81,51.3,2874430,50.9,0.70796460176991,DOW
2023-04-18,51.41,51.64,50.785,51.18,3354703,51.3,-0.21089630931458,DOW
2023-04-19,50.8,50.988,50.24,50.84,3828096,51.18,-0.59880239520959,DOW
2023-04-20,50.2,50.565,49.765,50.1,3334742,50.84,-1.3111268603827,DOW
2023-04-21,49.76,49.88,49.105,49.27,4179585,50.1,-1.4901256732496,DOW
2023-04-24,49.54,49.8,49.18,49.79,5039595,49.27,0.94769455075634,DOW
2023-04-25,48.86,49.4,46.9,46.9,8369814,49.79,-5.2175482939159,DOW
2023-04-26,46.67,47.55,46.61,46.98,5952624,46.9,0.15238095238095,DOW
2023-04-27,47.04,47.92,46.755,47.9,3910815,46.98,1.749714720426,DOW
2023-04-28,47.64,49.31,47.57,48.8,6014443,47.9,1.6822429906542,DOW
2023-05-01,48.86,49.02,48.225,48.51,4013174,48.8,-0.53308823529412,DOW
2023-05-02,47.9,48.29,46.98,48.18,4205962,48.51,-0.60986878580669,DOW
2023-05-03,48.15,48.57,47.31,47.4,3343012,48.18,-1.4503532911863,DOW
2023-05-04,47.3,47.81,46.67,47.76,3899887,47.4,0.67924528301887,DOW
2023-05-05,48.66,48.98,48.23,48.81,4145354,47.76,1.9677661169415,DOW
2023-05-08,48.82,49.31,48.41,48.55,2725321,48.81,-0.47785333578386,DOW
2023-05-09,48.29,48.34,47.87,48.07,3285273,48.55,-0.88642659279778,DOW
2023-05-10,48.68,48.975,47.25,47.85,3888226,48.07,-0.40991242779951,DOW
2023-05-11,47.4,47.41,46.34,46.74,5499626,47.85,-2.0767072029935,DOW
2023-05-12,46.95,47.14,46.455,46.71,3260208,46.74,-0.057317539166987,DOW
2023-05-15,47.02,47.06,46.15,46.66,3774762,46.71,-0.09558401835214,DOW
2023-05-16,46.41,46.5,45.38,45.46,4611159,46.66,-2.2962112514351,DOW
2023-05-17,45.72,46.24,45.489,45.88,4777443,45.46,0.8225616921269,DOW
2023-05-18,45.63,46.405,45.25,46.27,4451856,45.88,0.75757575757576,DOW
2023-05-19,46.65,46.74,46.01,46.35,3747363,46.27,0.15423173317911,DOW
2023-05-22,46.42,46.61,45.94,46.17,3478366,46.35,-0.34648700673725,DOW
2023-05-23,46.17,46.72,45.85,46.36,3611374,46.17,0.36700791964458,DOW
2023-05-24,46.51,46.51,45.59,45.72,3162638,46.36,-1.2317167051578,DOW
2023-05-25,45.4,45.52,44.365,44.77,4688161,45.72,-1.8511301636789,DOW
2023-05-26,45.13,45.19,44.65,44.74,3513139,44.77,-0.059559261465146,DOW
2023-05-30,44.63,44.845,44.0,44.6,5222783,44.74,-1.6686531585221,DOW
2023-05-31,44.23,44.47,43.44,43.88,8465214,44.6,-1.4545454545455,DOW
2023-06-01,44.1,44.445,43.61,44.1,4573854,43.88,0.4510045100451,DOW
2023-06-02,45.21,46.78,45.11,46.71,7786811,44.1,5.3265306122449,DOW
2023-06-05,46.79,47.465,46.57,46.6,5567377,46.71,-0.21313698895563,DOW
2023-06-06,46.21,47.98,46.17,47.69,7378361,46.6,2.1165048543689,DOW
2023-06-07,47.92,49.05,47.82,48.97,6453715,47.69,2.4339227990112,DOW
2023-06-08,49.21,49.44,47.35,47.88,5094630,48.97,-2.0233896417301,DOW
2023-06-09,47.52,47.78,46.735,46.84,5478090,47.88,-1.9704433497537,DOW
2023-06-12,46.9,47.41,46.46,46.9,3888781,46.84,0.11596443757247,DOW
2023-06-13,47.25,48.65,47.08,48.24,4273630,46.9,2.5868725868726,DOW
2023-06-14,48.66,48.96,47.605,47.91,3319848,48.24,-0.62100112909296,DOW
2023-06-15,47.84,48.84,47.68,48.58,3283577,47.91,1.268699110017,DOW
2023-06-16,48.4,48.41,47.7,48.26,9536099,48.58,-0.5983545250561,DOW
2023-06-20,47.42,47.54,46.34,47.02,5084332,48.26,-2.3325808878856,DOW
2023-06-21,46.78,47.59,46.36,46.98,3591413,47.02,-0.07704160246533,DOW
2023-06-22,45.52,46.59,45.3,46.49,4734283,46.98,-0.94448727833462,DOW
2023-06-23,45.83,46.6,45.36,46.46,3703199,46.49,-0.058377116170463,DOW
2023-06-26,46.53,47.325,46.4,47.05,3073878,46.46,1.148753894081,DOW
2023-06-27,47.03,47.72,46.72,47.67,3176280,47.05,1.1934552454283,DOW
2023-06-28,47.67,48.07,46.97,48.06,3364817,47.67,0.74186798554309,DOW
2023-06-29,48.05,48.47,47.79,48.34,2559355,48.06,0.52870090634441,DOW
2023-06-30,48.68,48.69,48.09,48.36,4158062,48.34,0.037565740045071,DOW
2023-07-03,48.35,49.09,48.33,48.88,2228479,48.36,0.97634247089749,DOW
2023-07-05,48.28,48.54,47.62,47.94,5878283,48.88,-1.7478616586091,DOW
2023-07-06,47.39,47.975,46.86,47.87,5552966,47.94,-0.13247539742619,DOW
2023-07-07,47.52,49.04,47.42,48.2,5400350,47.87,0.62535531552018,DOW
2023-07-10,47.87,48.77,47.775,48.37,3663130,48.2,0.32015065913371,DOW
2023-07-11,48.6,49.0,48.47,48.52,3470766,48.37,0.28158438145297,DOW
2023-07-12,49.46,49.76,48.27,49.21,5983992,48.52,1.2916510670161,DOW
2023-07-13,49.29,49.55,48.9,49.31,3291962,49.21,0.18480872297173,DOW
2023-07-14,49.11,49.16,47.85,48.02,3885665,49.31,-2.3796347537355,DOW
2023-07-17,47.64,47.785,47.27,47.53,4318450,48.02,-0.92592592592593,DOW
2023-07-18,47.53,48.455,47.48,48.08,4815807,47.53,1.0490177379363,DOW
2023-07-19,47.94,48.14,47.63,47.92,3731780,48.08,-0.30200075500188,DOW
2023-07-20,48.42,48.44,47.7,48.15,3751907,47.92,0.43544112078757,DOW
2023-07-21,48.2,48.28,47.7,48.15,4095338,48.15,0.0,DOW
2023-07-24,48.27,48.46,47.355,47.65,6687890,48.15,-0.94250706880302,DOW
2023-07-25,48.04,50.245,47.95,48.58,9077431,47.65,1.7697431018078,DOW
2023-07-26,48.35,49.06,48.3,48.8,7582034,48.58,0.41136873597608,DOW
2023-07-27,49.2,50.13,48.9,50.04,8079560,48.8,2.3091247672253,DOW
2023-07-28,50.56,50.97,50.255,50.56,4561204,50.04,0.94648707681107,DOW
2023-07-31,50.63,51.59,50.55,51.57,6387760,50.56,1.8211323476379,DOW
2023-08-01,51.35,51.52,50.64,50.88,5565897,51.57,-1.2218877279972,DOW
2023-08-02,50.16,50.59,49.77,49.8,4499120,50.88,-1.9361778415203,DOW
2023-08-03,49.46,50.83,49.46,50.0,4630375,49.8,0.36563071297988,DOW
2023-08-04,50.06,50.55,49.545,49.61,3626313,50.0,-0.7103825136612,DOW
2023-08-07,49.97,50.92,49.94,50.62,3263527,49.61,1.852871032838,DOW
2023-08-08,49.82,50.22,49.36,50.11,3607409,50.62,-0.91858789625361,DOW
2023-08-09,50.52,51.135,49.96,50.64,4619654,50.11,0.96346118887475,DOW
2023-08-10,51.0,51.33,50.72,51.08,5146998,50.64,0.79222182211019,DOW
2023-08-11,50.8,51.095,50.371,50.55,4547033,51.08,-0.9467667023937,DOW
2023-08-14,50.44,50.64,49.92,50.48,3637176,50.55,-0.12623985572588,DOW
2023-08-15,49.8,50.27,48.522,48.63,5280364,50.48,-3.3405561574576,DOW
2023-08-16,48.29,48.86,48.19,48.42,3549131,48.63,-0.39230338128153,DOW
2023-08-17,48.87,49.76,48.8,48.96,3614874,48.42,1.0127531882971,DOW
2023-08-18,48.86,49.23,48.54,49.12,2921107,48.96,0.29706646862236,DOW
2023-08-21,49.35,49.5,48.92,49.27,3112742,49.12,0.27767493520918,DOW
2023-08-22,49.4,49.58,48.625,48.89,2746001,49.27,-0.70149529259738,DOW
2023-08-23,48.75,49.05,47.91,48.5,3391339,48.89,-0.72504182933631,DOW
2023-08-24,48.1,48.99,48.1,48.64,3198503,48.5,0.2621722846442,DOW
2023-08-25,49.08,49.48,48.745,49.08,3282768,48.64,0.82181546507284,DOW
2023-08-28,49.26,49.98,49.25,49.7,3429703,49.08,1.1485735457577,DOW
2023-08-29,49.89,50.385,49.59,50.34,3789488,49.7,1.1721611721612,DOW
2023-08-30,50.36,50.7,50.14,50.55,3482825,50.34,-0.88703837798697,DOW
2023-08-31,50.44,50.7,50.32,50.36,4116381,50.55,-0.34703196347032,DOW
2023-09-01,50.83,51.36,50.56,51.09,4335687,50.36,1.3379765395894,DOW
2023-09-05,50.98,51.2,49.785,49.99,4914098,51.09,-1.989509857117,DOW
2023-09-06,49.76,50.73,49.72,50.69,4645057,49.99,1.2917512456173,DOW
2023-09-07,50.55,50.74,49.32,49.9,4275541,50.69,-1.4392421206048,DOW
2023-09-08,50.11,50.58,49.4,49.51,3988432,49.9,-0.72088724584104,DOW
2023-09-11,49.94,50.69,49.42,49.47,3322604,49.51,-0.074474027183018,DOW
2023-09-12,49.47,50.02,49.255,49.43,2527562,49.47,-0.074529532327183,DOW
2023-09-13,49.46,49.61,48.385,48.62,3079128,49.43,-1.5103486854373,DOW
2023-09-14,49.2,50.033,49.09,49.84,4604325,48.62,2.3097311624385,DOW
2023-09-15,49.84,49.91,49.415,49.64,7464144,49.84,-0.3700962250185,DOW
2023-09-18,49.62,49.75,49.045,49.18,4593662,49.64,-0.85438335809807,DOW
2023-09-19,49.24,49.53,48.149,48.7,3986260,49.18,-0.8992131884601,DOW
2023-09-20,48.76,49.29,48.23,48.26,2309417,48.7,-0.83175803402646,DOW
2023-09-21,47.85,48.13,46.78,46.8,4359180,48.26,-2.7830728173847,DOW
2023-09-22,46.9,47.05,45.875,46.05,4465872,46.8,-1.4705882352941,DOW
2023-09-25,46.6,47.155,46.24,46.89,4331560,46.05,1.6716417910448,DOW
2023-09-26,46.33,47.065,46.145,46.28,3451822,46.89,-1.1939714229791,DOW
2023-09-27,46.65,47.16,46.41,46.8,3048815,46.28,1.0301109350238,DOW
2023-09-28,46.76,46.98,46.32,46.73,3965266,46.8,-0.13725490196078,DOW
2023-09-29,47.14,47.57,46.99,47.36,4234790,46.73,1.2369919497349,DOW
2023-10-02,47.09,47.46,46.54,47.1,4690974,47.36,-0.50426687354539,DOW
2023-10-03,46.75,47.85,46.69,46.82,5179315,47.1,-0.54580896686159,DOW
2023-10-04,47.28,47.28,46.005,46.91,4727292,46.82,0.17640141121128,DOW
2023-10-05,46.59,46.95,45.54,45.66,5161751,46.91,-2.4457053414205,DOW
2023-10-06,45.57,46.715,45.33,46.08,4215746,45.66,0.84235860409146,DOW
2023-10-09,46.08,46.7,45.74,46.61,3333677,46.08,1.0540970564837,DOW
2023-10-10,46.93,47.615,46.86,47.11,2906505,46.61,0.98405825624877,DOW
2023-10-11,46.9,47.31,46.31,46.69,3049743,47.11,-0.81855388813097,DOW
2023-10-12,47.11,47.11,45.55,46.05,3012479,46.69,-1.2576144625663,DOW
2023-10-13,46.36,46.51,45.41,45.53,3659754,46.05,-1.0348258706468,DOW
2023-10-16,46.13,46.33,45.59,45.99,2786407,45.53,0.92499497285341,DOW
2023-10-17,45.55,46.83,45.53,46.53,3309336,45.99,1.0759115361626,DOW
2023-10-18,46.19,46.63,45.73,45.88,3495270,46.53,-1.2812931204416,DOW
2023-10-19,45.6,46.09,45.185,45.25,3754501,45.88,-1.2579872204473,DOW
2023-10-20,45.28,45.37,44.72,44.79,3920006,45.25,-0.93023255813954,DOW
2023-10-23,44.57,44.7,43.925,44.04,5592195,44.79,-1.5309246785058,DOW
2023-10-24,44.23,45.52,43.8,45.04,5506665,44.04,2.0729684908789,DOW
2023-10-25,44.73,44.83,43.06,43.34,4920150,45.04,-3.4524776604387,DOW
2023-10-26,43.2,44.08,43.2,43.82,6216235,43.34,1.0096760622634,DOW
2023-10-27,43.82,44.345,43.64,43.91,4714936,43.82,0.18742190753852,DOW
2023-10-30,44.46,44.85,43.795,44.14,3698613,43.91,0.47807108709209,DOW
2023-10-31,44.19,44.595,43.91,44.14,4660496,44.14,0.0,DOW
2023-11-01,44.04,44.225,43.4,44.01,4703010,44.14,-0.26892842366571,DOW
2023-11-02,44.38,44.89,44.31,44.79,3741744,44.01,1.6179215930305,DOW
2023-11-03,45.24,45.875,45.24,45.53,3743982,44.79,1.5105123494591,DOW
2023-11-06,45.53,45.6,44.94,45.14,3641136,45.53,-0.78423486828875,DOW
2023-11-07,44.51,44.67,44.04,44.33,5172694,45.14,-1.6416700445886,DOW
2023-11-08,44.34,44.42,43.58,44.1,4133433,44.33,-0.47393364928911,DOW
2023-11-09,44.55,44.58,44.04,44.16,3340916,44.1,0.12422360248448,DOW
2023-11-10,44.34,45.48,44.31,45.28,3825237,44.16,2.3159636062862,DOW
2023-11-13,44.93,45.32,44.705,45.04,3161041,45.28,-0.48504446240904,DOW
2023-11-14,45.8,47.29,45.73,46.85,4849038,45.04,3.6758732737612,DOW
2023-11-15,46.99,47.7,46.67,47.33,5032481,46.85,0.94025465230167,DOW
2023-11-16,47.27,47.45,46.67,47.24,5034303,47.33,-0.17465554046187,DOW
2023-11-17,47.68,47.68,47.05,47.5,3306157,47.24,0.50544323483671,DOW
2023-11-20,47.47,47.69,47.16,47.48,3761510,47.5,-0.038684719535789,DOW
2023-11-21,47.49,47.65,47.255,47.53,2840792,47.48,0.096749226006186,DOW
2023-11-22,47.55,47.58,46.9,47.2,3139796,47.53,-0.63792770152716,DOW
2023-11-24,47.36,47.74,47.25,47.47,1679728,47.2,0.52529182879378,DOW
2023-11-27,47.2,47.4,46.82,46.92,3896244,47.47,-1.0644474550029,DOW
2023-11-28,47.0,47.77,46.395,47.49,6376948,46.92,1.1150234741784,DOW
2023-11-29,47.49,48.47,47.47,47.83,3551666,47.49,-0.69645966337783,DOW
2023-11-30,48.0,48.38,47.73,48.25,4649814,47.83,0.81823495032145,DOW
2023-12-01,48.3,49.12,48.07,48.8,4274011,48.25,1.0628019323671,DOW
2023-12-04,48.77,49.27,48.47,48.6,6354711,48.8,-0.38240917782026,DOW
2023-12-05,48.24,48.355,47.47,47.64,4691247,48.6,-1.8426103646833,DOW
2023-12-06,47.94,48.23,47.27,47.39,3603767,47.64,-0.48885412592882,DOW
2023-12-07,47.61,47.765,47.115,47.57,2822882,47.39,0.35370406759678,DOW
2023-12-08,47.54,48.28,47.4,47.42,3664115,47.57,-0.29371450949677,DOW
2023-12-11,47.37,48.02,47.26,47.78,3582664,47.42,0.7069913589945,DOW
2023-12-12,47.78,47.862,47.09,47.32,4350494,47.78,-0.89703588143526,DOW
2023-12-13,47.05,48.905,46.96,48.83,4774217,47.32,2.9712711530893,DOW
2023-12-14,49.38,50.95,49.25,50.73,7892923,48.83,3.6308045098414,DOW
2023-12-15,50.06,50.88,49.62,50.74,9910007,50.73,0.018439977872036,DOW
2023-12-18,51.25,51.33,50.5,50.75,3219199,50.74,0.018436578171088,DOW
2023-12-19,50.97,51.52,50.9,51.42,3796922,50.75,1.2350230414747,DOW
2023-12-20,51.28,51.85,51.07,51.08,4953500,51.42,-0.6190823015295,DOW
2023-12-21,51.51,51.7,50.98,51.47,2653927,51.08,0.71454745327959,DOW
2023-12-22,51.59,52.16,51.35,51.62,2341994,51.47,0.27287611424413,DOW
2023-12-26,51.71,52.395,51.62,52.21,2266180,51.62,1.0703918722787,DOW
2023-12-27,52.19,52.358,51.97,52.21,2535311,52.21,0.0,DOW
2023-12-28,52.09,52.2,51.66,51.73,2172573,52.21,-0.86160473882607,DOW
2023-12-29,51.6,51.76,51.18,51.34,2271489,51.73,-0.70613796849537,DOW
2024-01-02,51.24,52.18,51.085,51.83,3533532,51.34,0.89350838803792,DOW
2024-01-03,51.35,51.58,50.45,51.13,4119952,51.83,-1.2651364540032,DOW
2024-01-04,51.1,51.49,50.545,50.69,4579650,51.13,-0.80541826835073,DOW
2024-01-05,50.53,51.53,50.48,51.32,3796499,50.69,1.1625761210556,DOW
2024-01-08,51.18,51.64,50.89,51.58,3966156,51.32,0.47427946005107,DOW
2024-01-09,51.09,51.09,50.28,50.44,4287002,51.58,-2.0697167755991,DOW
2024-01-10,50.15,50.43,49.545,49.88,4062185,50.44,-1.0381905821283,DOW
2024-01-11,49.74,50.17,49.24,50.14,4497368,49.88,0.48707381041588,DOW
2024-01-12,50.52,50.66,49.515,49.87,3673569,50.14,-0.50335570469799,DOW
2024-01-16,49.87,49.89,48.77,49.6,5962760,49.87,-0.50590219224283,DOW
2024-01-17,48.83,49.12,48.54,48.97,3469229,49.6,-1.1864406779661,DOW
2024-01-18,49.08,49.23,48.6,49.1,4230478,48.97,0.24776062511912,DOW
2024-01-19,49.19,49.497,48.62,49.31,4171456,49.1,0.39923954372624,DOW
2024-01-22,49.22,50.12,49.05,50.06,5615698,49.31,1.4201855709146,DOW
2024-01-23,50.5,50.955,50.245,50.41,4668132,50.06,0.65347274085137,DOW
2024-01-24,50.22,50.63,49.53,49.59,6016941,50.41,-1.5210536078649,DOW
2024-01-25,51.26,51.63,50.27,51.44,7240758,49.59,3.4846487097382,DOW
2024-01-26,51.5,51.795,50.256,50.56,5240823,51.44,-1.6017473607572,DOW
2024-01-29,50.67,50.72,49.91,50.57,3742436,50.56,0.018497965223822,DOW
2024-01-30,50.1,51.035,50.0,50.97,4641015,50.57,0.73978176437951,DOW
2024-01-31,51.0,51.06,50.08,50.1,5472130,50.97,-1.5972094731045,DOW
2024-02-01,50.41,50.51,49.17,50.04,5039993,50.1,-0.11194029850747,DOW
2024-02-02,49.59,50.256,48.99,49.92,5720251,50.04,-0.22413149047441,DOW
2024-02-05,49.04,50.039,48.86,49.66,5482053,49.92,-0.48670909771622,DOW
2024-02-06,49.72,50.65,49.55,50.54,5213086,49.66,1.6553799849511,DOW
2024-02-07,50.75,50.89,50.2,50.59,3455830,50.54,0.092524056254634,DOW
2024-02-08,50.67,50.7,50.0,50.38,3554351,50.59,-0.38824181919024,DOW
2024-02-09,50.29,50.62,50.055,50.49,3897487,50.38,0.20415738678545,DOW
2024-02-12,50.5,51.78,50.35,51.29,5262776,50.49,1.4817558807186,DOW
2024-02-13,50.5,50.77,49.1,49.68,5105470,51.29,-2.9384924256251,DOW
2024-02-14,49.99,50.39,49.73,50.08,3766535,49.68,0.75216246709289,DOW
2024-02-15,50.41,51.88,50.34,51.67,4500494,50.08,2.9675251959687,DOW
2024-02-16,51.63,52.455,51.46,51.98,5060894,51.67,0.56189958310675,DOW
2024-02-20,51.29,51.95,50.947,51.21,4493926,51.98,-1.3878875270368,DOW
2024-02-21,51.34,52.33,51.26,52.25,4067170,51.21,1.9009321878998,DOW
2024-02-22,52.25,52.685,52.16,52.5,5088582,52.25,0.44843049327354,DOW
2024-02-23,52.53,53.32,52.5,52.89,4414203,52.5,0.69642857142857,DOW
2024-02-26,52.64,52.98,52.35,52.57,3741571,52.89,-0.56747650292605,DOW
2024-02-27,52.87,53.06,52.451,52.77,3912951,52.57,0.35669698591047,DOW
2024-02-28,52.67,52.89,52.21,52.3,4432765,52.77,-2.0792607073041,DOW
2024-02-29,52.39,53.24,52.17,53.08,6733585,52.3,1.4156079854809,DOW
2024-03-01,53.07,53.43,52.81,52.97,4651350,53.08,-0.19685039370079,DOW
2024-03-04,52.73,54.36,52.68,54.22,7042209,52.97,2.2413483951945,DOW
2024-03-05,53.82,54.94,53.82,54.18,6093430,54.22,-0.070150824272196,DOW
2024-03-06,55.15,55.3,53.551,54.06,4840148,54.18,-0.21060021060021,DOW
2024-03-07,54.57,54.855,53.76,54.14,4568758,54.06,0.1406964474147,DOW
2024-03-08,54.3,54.89,53.77,53.81,4723658,54.14,-0.57955742887249,DOW
2024-03-11,53.89,54.995,53.75,54.63,4438489,53.81,1.4485073308603,DOW
2024-03-12,54.84,55.06,54.36,54.88,4048535,54.63,0.43531255441407,DOW
2024-03-13,55.06,55.94,54.8,55.17,7650618,54.88,0.50277392510402,DOW
2024-03-14,54.86,55.11,54.125,54.52,6871552,55.17,-1.1212696222184,DOW
2024-03-15,54.55,55.0,54.14,54.24,20629643,54.52,-0.48848569434752,DOW
2024-03-18,54.6,54.61,53.759,53.94,7409071,54.24,-0.52594670406732,DOW
2024-03-19,53.91,54.25,53.615,53.96,6782690,53.94,0.035248501938661,DOW
2024-03-20,53.77,55.91,53.58,55.37,7789651,53.96,2.4841437632135,DOW
2024-03-21,55.7,55.82,54.755,55.13,5870747,55.37,-0.41258380608561,DOW
2024-03-22,55.19,55.41,54.78,54.88,3375990,55.13,-0.43155532539272,DOW
2024-03-25,54.97,55.05,54.48,54.59,3422417,54.88,-0.50277392510402,DOW
2024-03-26,54.87,54.89,54.26,54.27,3621593,54.59,-0.55758843004008,DOW
2024-03-27,54.76,55.36,54.63,55.34,5126900,54.27,1.8748904853688,DOW
2024-03-28,55.4,55.64,55.0,55.13,4064553,55.34,-0.36119711042312,DOW
2024-04-01,55.06,55.54,54.61,55.46,3827288,55.13,0.56965302951838,DOW
2024-04-02,55.53,56.575,55.211,56.49,6330211,55.46,1.7679368348781,DOW
2024-04-03,56.58,57.48,56.58,57.19,4943209,56.49,1.1806375442739,DOW
2024-04-04,57.61,57.89,56.845,57.06,5382144,57.19,-0.2167027837973,DOW
2024-04-05,57.19,57.19,56.29,56.89,3862415,57.06,-0.28399599064484,DOW
2024-04-08,57.15,57.39,56.35,56.72,3775901,56.89,-0.28480482492879,DOW
2024-04-09,57.15,57.45,56.683,57.07,3574823,56.72,0.58803763440859,DOW
2024-04-10,56.41,56.84,55.57,56.05,4251898,57.07,-1.7036913312176,DOW
2024-04-11,56.16,56.2,55.49,55.66,3432099,56.05,-0.66270178419711,DOW
2024-04-12,55.32,55.82,54.76,54.89,3788281,55.66,-1.3171399247349,DOW
2024-04-15,55.43,55.87,54.115,54.52,3885266,54.89,-0.64135898769284,DOW
2024-04-16,54.18,54.32,53.84,54.06,3098033,54.52,-0.80251221214236,DOW
2024-04-17,54.37,54.56,53.87,54.02,2815378,54.06,-0.07034822370735,DOW
2024-04-18,54.5,54.5,53.24,53.69,3856169,54.02,-0.58078141499472,DOW
2024-04-19,53.69,54.12,53.515,53.86,3862096,53.69,0.30093821915382,DOW
2024-04-22,53.82,54.51,53.48,54.19,3211574,53.86,0.5824214613484,DOW
2024-04-23,53.85,54.302,53.65,53.94,3099345,54.19,-0.43867345148272,DOW
2024-04-24,53.61,54.42,53.58,54.18,4954674,53.94,0.422982023264,DOW
2024-04-25,54.91,55.1,52.26,53.64,7082841,54.18,-0.94770094770095,DOW
2024-04-26,54.85,55.41,54.35,54.49,5573593,53.64,1.5060240963855,DOW
2024-04-29,54.43,55.03,54.37,55.0,4249776,54.49,0.89020771513353,DOW
2024-04-30,54.47,55.15,54.08,54.1,5566023,55.0,-1.5570934256055,DOW
2024-05-01,54.24,55.15,53.63,54.43,5102871,54.1,0.57996485061511,DOW
2024-05-02,54.77,54.96,53.59,54.03,4453050,54.43,-0.69893412545867,DOW
2024-05-03,54.39,54.63,53.95,54.24,2544394,54.03,0.36952313918705,DOW
2024-05-06,54.46,54.57,53.92,54.54,3862633,54.24,0.52594670406733,DOW
2024-05-07,54.81,56.33,54.57,55.56,6215160,54.54,1.7788629229159,DOW
2024-05-08,55.14,56.53,55.14,55.84,4950706,55.56,0.47978067169294,DOW
2024-05-09,55.95,56.79,55.95,56.65,4208243,55.84,1.381309686221,DOW
2024-05-10,56.89,57.33,56.48,56.61,3053627,56.65,-0.067283431455015,DOW
2024-05-13,56.7,57.12,56.43,56.56,2257733,56.61,-0.084160915670758,DOW
2024-05-14,56.76,57.14,56.715,56.85,3516821,56.56,0.48854447439353,DOW
2024-05-15,57.24,57.39,56.17,56.26,3541172,56.85,-0.98910310142497,DOW
2024-05-16,56.24,56.61,55.71,55.9,4871335,56.26,-0.60954961056553,DOW
2024-05-17,56.26,56.41,55.9,56.39,2668713,55.9,0.83475298126064,DOW
2024-05-20,56.3,56.65,56.0,56.44,1915143,56.39,0.084473728670391,DOW
2024-05-21,56.38,56.49,56.005,56.11,2252890,56.44,-0.55705604321405,DOW
2024-05-22,55.72,55.86,54.49,54.8,4852018,56.11,-2.2237311152606,DOW
2024-05-23,54.69,54.72,54.02,54.12,3423516,54.8,-1.1805555555556,DOW
2024-05-24,54.49,55.02,54.48,54.96,2675900,54.12,1.4757554462403,DOW
2024-05-28,55.1,55.565,54.96,55.24,2493681,54.96,0.48476454293629,DOW
2024-05-29,54.7,54.81,54.17,54.2,2969532,55.24,-1.7918676774638,DOW
2024-05-30,54.2,54.75,54.18,54.59,3180411,54.2,0.68421052631579,DOW
2024-05-31,54.53,55.65,54.491,55.53,5920058,54.59,0.41819132253006,DOW
2024-06-03,55.45,55.49,53.34,53.97,4696573,55.53,-2.7069234773555,DOW
2024-06-04,53.47,53.62,53.0,53.05,4600589,53.97,-1.6408061351882,DOW
2024-06-05,53.05,53.84,52.93,53.59,3945277,53.05,0.97914777878513,DOW
2024-06-06,53.52,53.9,53.33,53.58,3463521,53.59,-0.017956545160708,DOW
2024-06-07,53.27,54.175,53.17,53.63,4143499,53.58,0.089798850574708,DOW
2024-06-10,53.38,54.08,53.27,53.95,4131556,53.63,0.57419702135295,DOW
2024-06-11,53.81,54.06,53.41,54.05,3276345,53.95,0.17841213202498,DOW
2024-06-12,54.78,55.12,53.945,54.15,3990758,54.05,0.17809439002672,DOW
2024-06-13,53.93,54.21,53.41,53.96,2831364,54.15,-0.33777777777777,DOW
2024-06-14,53.42,54.02,52.49,52.92,3445987,53.96,-1.8551551908669,DOW
2024-06-17,52.9,53.28,52.47,53.13,3243761,52.92,0.38167938931297,DOW
2024-06-18,53.28,53.74,53.0,53.34,6081961,53.13,0.38022813688213,DOW
2024-06-20,52.8,52.9,51.965,52.11,8512539,53.34,-2.2186147186147,DOW
2024-06-21,52.0,52.1,51.37,51.89,10537507,52.11,-0.4058291828076,DOW
2024-06-24,52.11,52.69,52.01,52.52,6987506,51.89,1.1668827560659,DOW
2024-06-25,52.18,52.2,50.96,51.06,7056576,52.52,-2.6730135481509,DOW
2024-06-26,50.55,51.145,50.15,51.1,4799085,51.06,0.075244544770516,DOW
2024-06-27,51.21,51.33,50.71,50.86,3953016,51.1,-0.45112781954888,DOW
2024-06-28,50.87,51.37,50.85,50.95,13623108,50.86,0.16993957703927,DOW
2024-07-01,50.9,51.4,50.25,50.53,3715617,50.95,-0.79170593779452,DOW
2024-07-02,50.43,50.82,50.12,50.61,3847124,50.53,0.1520045601368,DOW
2024-07-03,50.62,51.11,50.55,50.78,1905595,50.61,0.32251944602543,DOW
2024-07-05,50.48,50.66,49.805,50.13,3223869,50.78,-1.2291981845688,DOW
2024-07-08,50.4,50.85,50.21,50.7,3885612,50.13,1.0913268236646,DOW
2024-07-09,50.56,50.64,49.435,49.48,4381186,50.7,-2.3106060606061,DOW
2024-07-10,49.75,50.04,48.88,49.61,5481052,49.48,0.25203567274138,DOW
2024-07-11,49.91,50.67,49.75,50.31,3799100,49.61,1.3537033455811,DOW
2024-07-12,50.73,51.26,50.33,50.81,3084339,50.31,0.95401640908224,DOW
2024-07-15,50.91,51.44,50.585,51.17,2396182,50.81,0.68040068040069,DOW
2024-07-16,51.23,52.69,51.07,52.6,3730010,51.17,2.6844377698517,DOW
2024-07-17,52.58,53.49,52.52,53.31,4386264,52.6,1.2979890310786,DOW
2024-07-18,52.98,53.87,52.66,52.67,3287751,53.31,-1.1550261685616,DOW
2024-07-19,52.73,52.73,51.41,51.8,3456505,52.67,-1.5884608362242,DOW
2024-07-22,51.98,52.49,51.64,52.32,3341713,51.8,0.96474953617811,DOW
2024-07-23,52.04,52.145,51.5,51.97,2477717,52.32,-0.64314590224183,DOW
2024-07-24,52.01,52.21,51.18,51.22,3761871,51.97,-1.3870908082116,DOW
2024-07-25,48.68,51.14,48.38,50.75,6188228,51.22,-0.8814703675919,DOW
2024-07-26,50.77,51.1,50.26,50.76,4087414,50.75,0.018921475875114,DOW
2024-07-29,50.9,50.97,50.44,50.76,3314605,50.76,0.0,DOW
2024-07-30,50.8,51.91,50.8,51.59,4401438,50.76,1.570185395384,DOW
2024-07-31,52.05,52.81,51.93,52.37,5059319,51.59,1.452784503632,DOW
2024-08-01,52.58,52.92,50.74,51.18,4273232,52.37,-2.1846888195337,DOW
2024-08-02,50.45,50.67,49.45,49.91,4981187,51.18,-2.3836336336336,DOW
2024-08-05,48.58,49.23,48.3,48.91,5124525,49.91,-1.9227071716978,DOW
2024-08-06,49.41,51.15,49.38,50.38,5549605,48.91,2.8817878847285,DOW
2024-08-07,50.82,51.55,50.05,50.07,4293173,50.38,-0.59070121951219,DOW
2024-08-08,50.39,50.79,50.23,50.57,3362734,50.07,0.95840521372436,DOW
2024-08-09,50.47,50.795,49.96,50.56,2592733,50.57,-0.018986140117724,DOW
2024-08-12,50.67,50.85,50.015,50.12,2555281,50.56,-0.83554880364603,DOW
2024-08-13,50.12,50.76,50.11,50.66,2379625,50.12,1.0340865568748,DOW
2024-08-14,50.74,50.92,50.33,50.66,2310145,50.66,0.0,DOW
2024-08-15,51.46,51.98,51.12,51.77,3501579,50.66,2.10386656558,DOW
2024-08-16,51.64,51.88,51.303,51.81,6049293,51.77,0.074252830889176,DOW
2024-08-19,51.9,52.04,51.47,51.55,2095976,51.81,-0.48228529029864,DOW
2024-08-20,51.43,51.45,50.44,50.62,4391562,51.55,-1.7334575955266,DOW
2024-08-21,50.9,51.02,50.71,50.85,2809570,50.62,0.43626707132019,DOW
2024-08-22,51.01,51.079,50.395,50.46,2916177,50.85,-0.73654390934844,DOW
2024-08-23,50.91,51.91,50.8,51.43,4901569,50.46,1.8455098934551,DOW
2024-08-26,52.0,52.46,51.83,51.93,2823363,51.43,0.93405566971792,DOW
2024-08-27,51.79,52.02,51.515,51.67,3650096,51.93,-0.48121414029243,DOW
2024-08-28,51.25,51.69,51.135,51.41,2630769,51.67,-0.48354100799703,DOW
2024-08-29,51.81,52.15,50.97,51.76,3065854,51.41,0.65408334890675,DOW
2024-08-30,51.79,52.198,51.405,52.18,5339331,51.76,-0.51986632008912,DOW
2024-09-03,51.32,51.663,50.415,50.53,3891551,52.18,-3.0795072788354,DOW
2024-09-04,50.52,51.11,49.968,50.18,3775990,50.53,-0.67398420951281,DOW
2024-09-05,50.22,50.33,49.63,49.91,4509131,50.18,-0.52345870492438,DOW
2024-09-06,49.85,50.31,48.97,49.28,4144398,49.91,-1.2278308321965,DOW
2024-09-09,49.33,50.385,49.33,49.9,4022422,49.28,1.223362273086,DOW
2024-09-10,49.9,49.96,49.095,49.42,3196475,49.9,-0.93567251461988,DOW
2024-09-11,49.48,49.57,48.36,49.33,3717439,49.42,-0.17709563164109,DOW
2024-09-12,49.28,49.51,48.12,48.86,5682313,49.33,-0.92647348708851,DOW
2024-09-13,49.0,49.6,48.63,48.75,4411763,48.86,-0.21886191802626,DOW
2024-09-16,48.91,49.64,48.878,49.26,3189490,48.75,1.0169491525424,DOW
2024-09-17,49.44,50.46,49.31,50.11,4029570,49.26,1.6778523489933,DOW
2024-09-18,50.25,50.89,49.918,50.24,3428119,50.11,0.25237817899437,DOW
2024-09-19,51.15,51.81,50.86,51.49,4746735,50.24,2.420604182804,DOW
2024-09-20,51.24,51.4,49.9,50.31,8465964,51.49,-2.2310455662696,DOW
2024-09-23,50.47,50.84,50.21,50.64,5029628,50.31,0.63817443434538,DOW
2024-09-24,51.29,52.28,51.23,52.05,4675838,50.64,2.7094542659493,DOW
2024-09-25,52.26,52.33,51.14,51.44,3863191,52.05,-1.1412535079514,DOW
2024-09-26,52.06,53.36,52.035,53.32,5672107,51.44,3.557910673732,DOW
2024-09-27,53.6,54.27,53.24,53.68,5513551,53.32,0.6578947368421,DOW
2024-09-30,53.69,53.95,52.57,53.23,5537862,53.68,-0.81699346405228,DOW
2024-10-01,53.17,53.4419,52.76,53.14,5461505,53.23,-0.16474464579902,DOW
2024-10-02,53.28,53.68,52.9922,53.28,6312715,53.14,0.25669233590026,DOW
2024-10-03,53.06,53.34,52.5,53.1,4066274,53.28,-0.32918800292612,DOW
2024-10-04,53.7,54.225,53.5101,53.94,3443973,53.1,1.5412844036697,DOW
2024-10-07,53.62,53.735,52.825,53.22,3096467,53.94,-1.301048066498,DOW
2024-10-08,52.35,52.55,51.715,51.81,4219225,53.22,-2.5814719882827,DOW
2024-10-09,51.68,52.32,51.4649,52.02,3186228,51.81,0.39466265739523,DOW
2024-10-10,52.02,52.65,51.9,52.22,2494177,52.02,0.37439161362785,DOW
2024-10-11,52.35,52.77,52.3,52.38,4288595,52.22,0.29839612085044,DOW
2024-10-14,52.2,52.43,51.93,52.14,2736212,52.38,-0.44626255113425,DOW
2024-10-15,51.9,52.16,51.16,51.17,4210665,52.14,-1.8117295480015,DOW
2024-10-16,51.2,51.92,50.96,51.54,4492882,51.17,0.70382347346395,DOW
2024-10-17,51.6,51.82,51.335,51.68,3894068,51.54,0.26445032111825,DOW
2024-10-18,52.08,52.08,51.42,51.71,2395798,51.68,0.056518462697817,DOW
2024-10-21,51.75,51.79,50.71,50.81,3542702,51.71,-1.6945961212578,DOW
2024-10-22,50.84,50.9,50.19,50.67,4413690,50.81,-0.2681478643938,DOW
2024-10-23,50.33,50.59,49.721,50.09,4522291,50.67,-1.1138851545996,DOW
2024-10-24,50.62,50.76,49.32,49.59,5804601,50.09,-0.97106234220237,DOW
2024-10-25,49.22,49.33,48.29,48.3,5889713,49.59,-2.5299078250637,DOW
2024-10-28,48.44,48.75,48.07,48.71,6457138,48.3,0.82494969818913,DOW
2024-10-29,48.44,48.58,47.92,48.08,4900634,48.71,-1.257234085013,DOW
2024-10-30,48.0,48.74,47.74,47.94,4775741,48.08,-0.28294260307194,DOW
2024-10-31,47.86,48.24,47.765,47.98,4835155,47.94,0.081070125658693,DOW
2024-11-01,48.1,48.32,47.46,47.57,4980359,47.98,-0.83029566626165,DOW
2024-11-04,46.9,47.28,46.043,46.55,14634380,47.57,-2.0829079027976,DOW
2024-11-05,46.4,46.5,45.76,46.5,7193452,46.55,-0.10427528675705,DOW
2024-11-06,48.3,48.3,46.575,46.95,8862773,46.5,0.93945720250523,DOW
2024-11-07,47.14,47.52,46.62,47.5,20309409,46.95,1.1375387797311,DOW
2024-11-08,47.19,47.19,44.98,45.09,12571478,47.5,-4.9284253578732,DOW
2024-11-11,45.12,45.58,44.77,44.87,6734720,45.09,-0.473220047322,DOW
2024-11-12,44.96,44.96,43.51,43.64,7101288,44.87,-2.6583099200346,DOW
2024-11-13,43.5,43.719,43.3,43.59,6000313,43.64,-0.11101243339253,DOW
2024-11-14,43.6,43.7331,42.97,43.19,5542368,43.59,-0.88908646365859,DOW
2024-11-15,43.17,43.43,42.6,42.64,9814146,43.19,-1.2334604171339,DOW
2024-11-18,42.76,43.15,42.64,42.82,5076831,42.64,0.40871934604905,DOW
2024-11-19,42.33,42.6,41.95,42.25,6289722,42.82,-1.2890094979647,DOW
2024-11-20,42.15,42.63,41.93,42.53,4808096,42.25,0.64146620847652,DOW
2024-11-21,42.41,43.74,42.2201,43.41,6158155,42.53,2.0031868882313,DOW
2024-11-22,43.36,44.14,43.26,44.06,5494123,43.41,1.4505690694041,DOW
2024-11-25,44.42,44.9508,44.07,44.47,9463744,44.06,0.90189177298723,DOW
2024-11-26,44.0051,44.11,42.695,43.14,9225343,44.47,-2.8994985829518,DOW
2024-11-27,43.23,43.68,43.16,43.24,5700962,43.14,0.22451728783117,DOW
2024-11-29,43.26,43.55,42.9533,43.51,4339591,43.24,-0.96326164874552,DOW
2024-12-02,43.58,43.85,43.07,43.68,7611045,43.51,0.38452838724271,DOW
2024-12-03,43.69,43.79,43.09,43.17,9478496,43.68,-1.1491662911221,DOW
2024-12-04,42.85,42.92,41.5202,42.15,10962590,43.17,-2.325051287896,DOW
2024-12-05,42.09,42.32,41.12,41.49,9742450,42.15,-1.5402567094516,DOW
2024-12-06,41.645,41.84,41.03,41.29,8619963,41.49,-0.47404598246029,DOW
2024-12-09,43.155,43.34,41.72,42.03,12855788,41.29,1.7623243629435,DOW
2024-12-10,41.7,41.865,41.075,41.48,7585167,42.03,-1.2871518839223,DOW
2024-12-11,41.525,41.525,40.56,40.8,7135910,41.48,-1.6121384542437,DOW
2024-12-12,40.67,41.04,40.53,40.58,5738747,40.8,-0.53012048192771,DOW
2024-12-13,40.55,40.55,39.7345,40.16,7579972,40.58,-1.0174418604651,DOW
2024-12-16,39.65,39.99,39.34,39.41,8419756,40.16,-1.8355359765051,DOW
2024-12-17,39.6,40.246,39.55,39.87,9702667,39.41,1.1468461730242,DOW
2024-12-18,40.15,40.66,39.41,39.45,11720486,39.87,-1.0352477199901,DOW
2024-12-19,39.36,39.88,38.39,38.4,9553498,39.45,-2.6151930261519,DOW
2024-12-20,38.29,39.585,38.1503,39.24,17715602,38.4,2.1483375959079,DOW
2024-12-23,39.29,39.56,38.9825,39.27,6718744,39.24,0.075112669003508,DOW
2024-12-24,39.21,39.48,38.73,39.39,3784125,39.27,0.30022516887667,DOW
2024-12-26,39.29,39.665,39.15,39.52,5276348,39.39,0.32427039161885,DOW
2024-12-27,39.42,39.995,39.2,39.33,4855001,39.52,-0.47240179015415,DOW
2024-12-30,39.2,39.22,38.53,38.74,7954887,39.33,-1.4738945790657,DOW
2024-12-31,38.84,39.575,38.73,39.43,6867187,38.74,1.7494929006085,DOW
2025-01-02,39.63,39.9,38.8,38.85,7132450,39.43,-1.4453027660105,DOW
2025-01-03,38.95,39.115,38.5,38.7,6840562,38.85,-0.37926675094816,DOW
2025-01-06,39.1,39.44,38.85,39.05,6899427,38.7,0.88832487309645,DOW
2025-01-07,38.8,39.245,38.455,38.71,7248827,39.05,-0.85534591194969,DOW
2025-01-08,38.35,38.41,37.63,38.22,6196879,38.71,-1.2433392539964,DOW
2025-01-10,38.02,38.135,37.75,37.8,7833945,38.22,-1.0791366906475,DOW
2025-01-13,37.85,38.99,37.85,38.97,8230615,37.8,3.038961038961,DOW
2025-01-14,39.22,39.41,38.96,39.38,4516036,38.97,1.0335265944038,DOW
2025-01-15,39.78,40.07,39.44,39.7,5446402,39.38,0.79840319361278,DOW
2025-01-16,39.63,40.35,39.4,40.17,5812295,39.7,1.1633663366337,DOW
2025-01-17,40.41,40.68,40.285,40.34,6194813,40.17,0.41595302177637,DOW
2025-01-21,40.62,41.06,40.45,40.88,5583583,40.34,1.3157894736842,DOW
2025-01-22,40.7,40.765,40.11,40.12,5607274,40.88,-1.8278018278018,DOW
2025-01-23,40.25,40.83,40.2,40.77,5442387,40.12,1.5923566878981,DOW
2025-01-24,41.02,41.22,40.61,40.67,5111964,40.77,-0.24113817217266,DOW
2025-01-27,41.04,41.27,40.575,41.22,6182677,40.67,1.3294657964709,DOW
2025-01-28,41.31,41.474,40.58,40.72,6009633,41.22,-1.1927480916031,DOW
2025-01-29,40.53,40.775,40.135,40.35,6765212,40.72,-0.89328826653792,DOW
2025-01-30,38.62,38.78,36.79,37.85,18933247,40.35,-6.0901339829476,DOW
2025-01-31,38.125,38.58,37.71,38.35,12726514,37.85,1.2970168612192,DOW
2025-02-03,37.5,37.6,35.96,36.68,14986938,38.35,-4.2765685019206,DOW
2025-02-04,36.88,38.22,36.84,37.85,10017063,36.68,3.1300160513644,DOW
2025-02-05,37.52,37.75,37.02,37.25,6757382,37.85,-1.556420233463,DOW
2025-02-06,37.52,38.19,37.49,38.07,7610278,37.25,2.1607378129117,DOW
2025-02-07,38.2,38.325,37.635,37.88,5966185,38.07,-0.49006964147538,DOW
2025-02-10,38.2,38.3,37.45,37.87,5911062,37.88,-0.025920165889057,DOW
2025-02-11,37.95,38.13,37.735,37.93,5446481,37.87,0.15556131708582,DOW
2025-02-12,37.68,37.8599,37.3532,37.56,5607387,37.93,-0.9578048149107,DOW
2025-02-13,37.67,37.9654,37.35,37.64,6618988,37.56,0.20909566126504,DOW
2025-02-14,38.13,38.81,37.91,37.97,5387676,37.64,0.86071987480438,DOW
2025-02-18,38.02,39.32,37.99,39.02,7612272,37.97,2.7152831652444,DOW
2025-02-19,38.3,38.69,38.09,38.22,6219814,39.02,-2.0140986908358,DOW
2025-02-20,38.3,38.91,38.23,38.89,5747143,38.22,1.72147995889,DOW
2025-02-21,39.14,39.39,38.455,38.81,5962877,38.89,-0.20207123010863,DOW
2025-02-24,38.71,38.74,38.195,38.35,7411660,38.81,-1.1642622120982,DOW
2025-02-25,38.49,38.87,38.285,38.53,6180007,38.35,0.46094750320102,DOW
2025-02-26,38.84,38.87,37.84,38.15,6296757,38.53,-0.96864644404791,DOW
2025-02-27,38.05,38.09,37.46,37.73,7949636,38.15,-1.0810810810811,DOW
2025-02-28,37.8,38.31,37.62,38.11,10056886,38.43,-0.83268279989592,DOW
2025-03-03,38.67,38.69,36.01,36.06,10954273,38.11,-5.3791655733403,DOW
2025-03-04,35.89,36.21,35.48,35.62,8840482,36.06,-1.2201885745979,DOW
2025-03-05,36.26,38.03,36.2,37.78,10393245,35.62,6.064008983717,DOW
2025-03-06,37.325,37.69,36.725,37.44,9128453,37.78,-0.89994706193754,DOW
2025-03-07,37.19,37.62,36.76,37.45,8667033,37.44,0.026709401709415,DOW
2025-03-10,37.36,38.3636,37.1605,37.4,6310809,37.45,-0.13351134846463,DOW
2025-03-11,37.605,37.7,36.17,36.67,6997427,37.4,-1.951871657754,DOW
2025-03-12,36.8,36.8,35.73,35.75,6923877,36.67,-2.5088628306518,DOW
2025-03-13,35.68,37.2,35.62,36.23,7958431,35.75,1.3426573426573,DOW
2025-03-14,36.78,37.18,36.66,36.97,5991563,36.23,2.0425062103229,DOW
2025-03-17,37.01,37.785,37.01,37.51,5097096,36.97,1.460643765215,DOW
2025-03-18,37.77,37.8,37.32,37.61,4865955,37.51,0.26659557451347,DOW
2025-03-19,37.5,37.72,37.04,37.19,5525055,37.61,-1.1167242754587,DOW
2025-03-20,36.76,37.0,36.5,36.61,5406614,37.19,-1.5595590212423,DOW
2025-03-21,36.25,36.3552,35.8138,36.17,13257724,36.61,-1.2018574160065,DOW
2025-03-24,36.53,36.8584,35.97,36.29,6797417,36.17,0.33176665745092,DOW
2025-03-25,36.29,36.32,35.225,35.32,7217983,36.29,-2.6729126481124,DOW
2025-03-26,35.27,35.78,35.13,35.58,5813549,35.32,0.7361268403171,DOW
2025-03-27,35.0,35.4,34.61,35.24,6911890,35.58,-0.95559302979201,DOW
2025-03-28,35.06,35.22,34.125,34.36,6913670,35.24,-2.4971623155505,DOW
2025-03-31,34.12,35.21,33.93,34.92,8477150,34.36,1.6298020954598,DOW
2025-04-01,34.48,34.765,34.0941,34.61,6446040,34.92,-0.88774341351662,DOW
2025-04-02,34.32,35.17,34.3,34.89,5146669,34.61,0.80901473562555,DOW
2025-04-03,33.48,33.64,31.38,31.46,18080863,34.89,-9.8308971051877,DOW
2025-04-04,30.21,30.44,28.045,28.2,18677461,31.46,-10.362364907819,DOW
2025-04-07,27.22,29.29,26.3284,27.52,19652880,28.2,-2.4113475177305,DOW
2025-04-08,29.0,29.0,25.32,25.81,17050539,27.52,-6.2136627906977,DOW
2025-04-09,25.35,30.14,25.06,29.86,19876891,25.81,15.691592406044,DOW
2025-04-10,28.8,28.82,26.62,27.29,15213232,29.86,-8.6068318821165,DOW
2025-04-11,27.01,28.51,26.47,28.43,11189063,27.29,4.1773543422499,DOW
2025-04-14,29.15,29.45,28.26,28.88,10448530,28.43,1.5828350334154,DOW
2025-04-15,28.07,28.76,27.685,27.7,12375836,28.88,-4.0858725761773,DOW
2025-04-16,27.7,28.18,27.225,27.47,8672378,27.7,-0.83032490974729,DOW
2025-04-17,27.73,28.41,27.73,28.15,8474932,27.47,2.475427739352,DOW
2025-04-21,28.17,28.34,27.71,28.12,7745064,28.15,-0.10657193605683,DOW
