date,open,high,low,close,volume,preClose,changeRatio,thscode
2000-01-03,21.718,25.093,21.28,24.843,7938400,17.16,7.1218020022247,IBM
2000-01-04,23.28,23.718,20.155,21.343,6493000,24.843,-3.0286510388273,IBM
2000-01-05,22.218,28.905,21.468,27.53,9977000,21.343,5.5210015794687,IBM
2000-01-06,27.28,28.218,24.093,26.53,6563900,27.53,-0.84566596194503,IBM
2000-01-07,26.53,27.218,19.905,22.78,9926300,26.53,-3.1982942430704,IBM
2000-01-10,25.843,28.655,24.78,27.718,6797900,22.78,4.3506607929515,IBM
2000-01-11,27.155,30.343,25.905,28.155,6110600,27.718,0.36896941859876,IBM
2000-01-12,28.905,31.28,27.78,29.155,5374600,28.155,0.84121976866456,IBM
2000-01-13,29.218,30.28,25.28,27.53,7233800,29.155,-1.3555787278415,IBM
2000-01-14,30.218,32.593,26.843,28.968,8659900,27.53,1.216067653277,IBM
2000-01-18,28.968,29.03,24.843,24.843,5743100,28.968,-3.446460798075,IBM
2000-01-19,24.843,25.905,21.968,24.78,6580400,24.843,-0.054515718698894,IBM
2000-01-20,33.03,34.03,29.593,31.155,14509800,24.78,5.5194805194805,IBM
2000-01-21,31.155,32.28,29.218,30.53,6714300,31.155,-0.51282051282051,IBM
2000-01-24,31.155,32.155,25.843,27.343,5052800,30.53,-2.6284536082474,IBM
2000-01-25,26.03,28.78,25.28,28.78,5734800,27.343,1.2171467775679,IBM
2000-01-26,28.343,29.218,25.905,26.155,4032100,28.78,-2.1966527196653,IBM
2000-01-27,27.28,27.718,20.968,22.843,7122300,26.155,-2.8337967914438,IBM
2000-01-28,22.03,23.468,19.343,20.843,5507400,22.843,-1.7611369900408,IBM
2000-01-31,20.655,22.093,18.905,21.468,4976000,20.843,0.56022157883886,IBM
2000-02-01,21.655,22.718,18.405,18.905,5780700,21.468,-2.284558063251,IBM
2000-02-02,21.28,25.093,19.655,22.843,6289900,18.905,3.5922462941847,IBM
2000-02-03,24.28,26.78,23.343,26.53,5116400,22.843,3.2466560411402,IBM
2000-02-04,27.468,27.718,24.155,24.905,4425200,26.53,-1.3859275053305,IBM
2000-02-07,25.28,26.155,22.468,23.405,4656800,24.905,-1.2972972972973,IBM
2000-02-08,26.338,28.4,25.588,28.4,4365200,23.405,4.2716319824754,IBM
2000-02-09,28.4,29.15,26.525,26.525,4460500,28.4,-1.5756302521008,IBM
2000-02-10,27.088,28.525,26.275,28.525,3654900,26.525,1.7075773745998,IBM
2000-02-11,28.463,28.838,23.963,24.713,4961500,28.525,-3.2,IBM
2000-02-14,25.4,25.775,23.9,25.4,3805400,24.713,0.59576977444,IBM
2000-02-15,25.275,26.838,23.275,26.275,4450800,25.4,0.75431034482759,IBM
2000-02-16,25.9,26.713,24.65,25.025,3408300,26.275,-1.0695187165775,IBM
2000-02-17,25.9,28.275,25.213,26.4,4360300,25.025,1.1891891891892,IBM
2000-02-18,24.65,25.338,21.713,22.025,6700400,26.4,-3.7393162393162,IBM
2000-02-22,21.4,22.838,18.213,20.463,6459200,22.025,-1.3869034406215,IBM
2000-02-23,19.9,19.9,17.9,18.15,7435300,20.463,-2.0826017665649,IBM
2000-02-24,18.213,20.4,17.588,20.275,9112000,18.15,1.9540229885057,IBM
2000-02-25,19.275,19.275,14.4,15.025,10312200,20.275,-4.7350620067644,IBM
2000-02-28,14.025,15.775,13.338,13.838,8479900,15.025,-1.1237869822485,IBM
2000-02-29,14.963,14.963,10.338,11.4,10484900,13.838,-2.334399356556,IBM
2000-03-01,11.4,14.9,9.463,9.838,10807800,11.4,-1.5313725490196,IBM
2000-03-02,9.9,14.838,8.963,12.775,11192900,9.838,2.9241920388697,IBM
2000-03-03,16.65,19.4,15.463,18.4,10162500,12.775,5.4413542926239,IBM
2000-03-06,19.338,20.4,10.4,12.463,10747400,18.4,-5.4467889908257,IBM
2000-03-07,15.4,16.4,11.088,12.15,10035100,12.463,-0.30369773827659,IBM
2000-03-08,12.4,16.275,12.15,15.275,8320500,12.15,3.0413625304136,IBM
2000-03-09,15.9,17.025,13.588,17.025,6334100,15.275,1.6528925619835,IBM
2000-03-10,17.025,18.4,14.463,14.463,7093200,17.025,-2.380487804878,IBM
2000-03-13,13.4,18.4,11.963,17.088,7871000,14.463,2.4985008994603,IBM
2000-03-14,17.15,19.4,16.775,18.4,7973700,17.088,1.2183344476636,IBM
2000-03-15,16.9,17.65,15.525,15.9,5665900,18.4,-2.2935779816514,IBM
2000-03-16,18.4,19.213,17.275,18.463,6622500,15.9,2.4065727699531,IBM
2000-03-17,17.65,21.088,17.088,19.338,8857300,18.463,0.80228858549646,IBM
2000-03-20,19.4,22.775,19.338,22.213,6563500,19.338,2.615110334916,IBM
2000-03-21,22.213,24.088,21.338,22.838,6771600,22.213,0.55401416503417,IBM
2000-03-22,23.9,24.775,23.275,23.775,6137800,22.838,0.82600186886228,IBM
2000-03-23,25.275,25.275,21.025,24.338,6492400,23.775,0.49224043715847,IBM
2000-03-24,24.775,31.4,24.463,30.4,12125600,24.338,5.2741478014234,IBM
2000-03-27,34.4,37.4,34.025,35.963,11862900,30.4,4.597520661157,IBM
2000-03-28,35.15,36.4,31.65,31.65,8149600,35.963,-3.4077890062657,IBM
2000-03-29,31.713,31.838,27.963,28.65,7312200,31.65,-2.4539877300613,IBM
2000-03-30,28.275,32.4,28.15,31.9,9158000,28.65,2.7253668763103,IBM
2000-03-31,32.025,33.15,26.463,27.4,8015200,31.9,-3.6734693877551,IBM
2000-04-03,29.4,31.775,28.838,31.275,7715600,27.4,3.2838983050847,IBM
2000-04-04,30.9,36.338,24.525,30.4,16667700,31.275,-0.71794871794872,IBM
2000-04-05,29.9,35.088,29.15,32.838,8445000,30.4,2.0148760330579,IBM
2000-04-06,32.9,37.4,32.025,32.525,8887400,32.838,-0.25356859313988,IBM
2000-04-07,32.9,35.088,30.9,32.463,5380300,32.525,-0.050355329949237,IBM
2000-04-10,34.15,34.713,30.963,31.588,5507300,32.463,-0.71101793390377,IBM
2000-04-11,31.025,31.025,27.213,28.4,7738700,31.588,-2.6090941827348,IBM
2000-04-12,29.025,29.025,21.275,21.838,8888600,28.4,-5.5142857142857,IBM
2000-04-13,21.9,23.588,19.4,19.9,8236400,21.838,-1.7236165709102,IBM
2000-04-14,19.213,22.025,12.275,13.4,11782000,19.9,-5.8823529411765,IBM
2000-04-17,13.275,21.65,12.9,21.65,9969400,13.4,7.9326923076923,IBM
2000-04-18,21.65,24.525,19.463,24.525,8205500,21.65,2.5612472160356,IBM
2000-04-19,19.15,19.15,12.4,13.9,14674600,24.525,-9.229098805646,IBM
2000-04-20,14.4,14.65,11.463,13.4,10633300,13.9,-0.47846889952153,IBM
2000-04-24,11.4,16.525,10.65,15.4,8523100,13.4,1.9230769230769,IBM
2000-04-25,15.9,22.15,15.9,21.525,9576400,15.4,5.7783018867925,IBM
2000-04-26,21.9,23.15,18.65,20.213,6182800,21.525,-1.1701226309922,IBM
2000-04-27,18.9,22.525,18.213,19.838,6317500,20.213,-0.33840794852589,IBM
2000-04-28,21.4,22.088,19.525,21.025,4888600,19.838,1.0748112062877,IBM
2000-05-01,21.9,22.588,19.9,21.338,4196100,21.025,0.28040313549832,IBM
2000-05-02,20.4,23.025,20.15,20.775,4085000,21.338,-0.50295699405028,IBM
2000-05-03,19.9,20.525,16.025,17.4,5543800,20.775,-3.030303030303,IBM
2000-05-04,18.525,18.588,16.65,17.025,3631300,17.4,-0.34722222222222,IBM
2000-05-05,16.025,18.963,15.9,17.338,4695100,17.025,0.29082462253194,IBM
2000-05-08,17.593,19.53,17.155,19.53,4826900,17.338,1.9103559450796,IBM
2000-05-09,20.03,20.155,17.78,18.53,4864900,19.53,-0.90909090909091,IBM
2000-05-10,15.03,15.218,11.655,13.343,10012700,18.53,-4.7587155963303,IBM
2000-05-11,13.53,17.03,12.718,13.593,8106200,13.343,0.24081762399699,IBM
2000-05-12,13.28,15.28,12.78,14.03,5599700,13.593,0.41993792222019,IBM
2000-05-15,13.53,14.405,11.53,13.718,5907800,14.03,-0.29856459330143,IBM
2000-05-16,14.655,18.655,14.53,18.53,7265800,13.718,4.618574116021,IBM
2000-05-17,17.03,18.405,15.655,17.03,5524500,18.53,-1.3761467889908,IBM
2000-05-18,15.655,16.843,14.28,15.593,4577200,17.03,-1.3367441860465,IBM
2000-05-19,15.593,16.968,14.53,16.343,6419200,15.593,0.70712689627863,IBM
2000-05-22,15.53,18.78,13.03,18.53,6769400,16.343,2.0475035810248,IBM
2000-05-23,18.53,19.53,16.718,16.905,5978900,18.53,-1.4908256880734,IBM
2000-05-24,16.03,19.53,13.718,19.155,8184200,16.905,2.0954598370198,IBM
2000-05-25,20.03,21.78,15.905,16.093,5967600,19.155,-2.7931584948689,IBM
2000-05-26,15.03,16.718,14.093,16.468,4297000,16.093,0.35190450719293,IBM
2000-05-30,17.28,20.468,17.218,20.468,3617500,16.468,3.7404851409228,IBM
2000-05-31,20.03,20.28,16.718,16.843,3732500,20.468,-3.2675909066325,IBM
2000-06-01,17.093,18.405,15.093,15.53,5712500,16.843,-1.2235237110136,IBM
2000-06-02,18.53,19.28,17.28,17.968,5473300,15.53,2.3,IBM
2000-06-05,17.968,23.718,17.968,21.968,7281400,17.968,3.6887437982995,IBM
2000-06-06,21.78,24.155,20.78,21.905,5369400,21.968,-0.056030879240117,IBM
2000-06-07,22.03,31.28,21.03,29.843,11115500,21.905,7.0638487208009,IBM
2000-06-08,28.905,31.843,27.03,29.28,9325600,29.843,-0.46794610723696,IBM
2000-06-09,29.405,30.28,28.405,28.905,4739100,29.28,-0.31315240083507,IBM
2000-06-12,28.655,29.968,28.405,28.405,3640300,28.905,-0.41884816753927,IBM
2000-06-13,28.405,29.468,26.28,29.218,4008600,28.405,0.68391167192429,IBM
2000-06-14,28.405,29.53,25.03,25.53,5282600,29.218,-3.0813448298911,IBM
2000-06-15,25.53,28.53,25.405,26.343,5386300,25.53,0.70086206896552,IBM
2000-06-16,25.843,27.218,22.78,22.78,8046200,26.343,-3.0501742100622,IBM
2000-06-19,23.03,29.53,22.78,29.53,6059200,22.78,5.9602649006623,IBM
2000-06-20,29.53,30.218,24.905,25.843,7103800,29.53,-3.0725,IBM
2000-06-21,25.093,25.468,23.03,24.03,6487000,25.843,-1.5587251639971,IBM
2000-06-22,23.655,23.843,20.78,20.968,4853100,24.03,-2.6742358078603,IBM
2000-06-23,23.03,23.155,20.343,21.28,3360900,20.968,0.27997630969687,IBM
2000-06-26,22.53,25.218,22.405,24.655,3625900,21.28,3.0201342281879,IBM
2000-06-27,21.155,22.343,18.343,19.218,6607900,24.655,-4.7226927252986,IBM
2000-06-28,19.53,24.718,19.53,23.218,6436600,19.218,3.6467070235577,IBM
2000-06-29,21.28,23.905,19.593,23.53,7688500,23.218,0.27443529660122,IBM
2000-06-30,22.218,22.718,18.155,19.093,8313800,23.53,-3.8921052631579,IBM
2000-07-03,18.28,19.405,17.843,19.405,2304400,19.093,0.28476766791709,IBM
2000-07-05,14.53,14.53,10.655,13.53,14339600,19.405,-5.3469852104664,IBM
2000-07-06,14.53,14.53,9.53,11.28,12932700,13.53,-2.1634615384615,IBM
2000-07-07,12.218,14.468,11.155,14.218,9031700,11.28,2.8874692874693,IBM
2000-07-10,14.218,14.468,12.405,12.843,4212200,14.218,-1.3134265627388,IBM
2000-07-11,12.78,13.53,10.53,11.718,5619800,12.843,-1.0889239495514,IBM
2000-07-12,12.718,15.343,12.155,13.968,5550500,11.718,2.2018240889341,IBM
2000-07-13,14.968,15.468,12.093,12.655,5669700,13.968,-1.2572052318122,IBM
2000-07-14,13.28,14.405,12.655,13.468,4018300,12.655,0.78836363636364,IBM
2000-07-17,13.968,17.405,13.718,14.968,6632700,13.468,1.4431680424869,IBM
2000-07-18,13.655,14.343,12.155,12.468,6452700,14.968,-2.3710616665718,IBM
2000-07-19,11.905,13.905,10.53,13.03,7781400,12.468,0.54595970389943,IBM
2000-07-20,24.343,27.28,23.093,26.53,23048400,13.03,13.04347826087,IBM
2000-07-21,26.53,26.53,23.28,23.968,8966400,26.53,-2.1897435897436,IBM
2000-07-24,23.655,25.155,21.155,22.03,6814400,23.968,-1.6934934200178,IBM
2000-07-25,22.78,22.843,19.78,21.28,5566900,22.03,-0.66666666666667,IBM
2000-07-26,20.53,21.905,18.468,19.405,6670400,21.28,-1.6778523489933,IBM
2000-07-27,19.405,21.03,18.843,19.655,4047400,19.405,0.22753128555176,IBM
2000-07-28,20.655,22.03,18.405,21.343,5355600,19.655,1.5328036322361,IBM
2000-07-31,20.03,23.218,19.593,21.968,5113500,21.343,0.55896899287203,IBM
2000-08-01,21.53,21.968,19.78,20.093,2996500,21.968,-1.6675856916701,IBM
2000-08-02,20.53,24.405,20.28,24.218,5877900,20.093,3.7309045521558,IBM
2000-08-03,22.53,26.03,21.843,25.593,5567400,24.218,1.1989048549107,IBM
2000-08-04,25.53,26.03,23.843,25.405,4460500,25.593,-0.16198099308135,IBM
2000-08-07,26.155,28.53,25.405,25.843,5910700,25.405,0.37799352750809,IBM
2000-08-08,25.348,29.223,25.223,28.598,5736700,25.843,2.2568414536638,IBM
2000-08-09,28.66,30.473,28.535,28.785,6585400,28.598,0.15722477257058,IBM
2000-08-10,28.41,29.91,27.66,29.41,5484100,28.785,0.52465897166842,IBM
2000-08-11,29.41,31.473,28.848,30.41,6142400,29.41,0.83507306889353,IBM
2000-08-14,29.66,33.348,28.973,32.785,4949400,30.41,1.9668737060041,IBM
2000-08-15,31.723,32.285,30.41,31.66,4378100,32.785,-0.91370558375635,IBM
2000-08-16,30.723,32.598,29.223,29.723,5946000,31.66,-1.5877049180328,IBM
2000-08-17,29.723,32.473,29.16,32.035,4338400,29.723,1.9256556974255,IBM
2000-08-18,32.035,33.035,29.785,29.848,4116900,32.035,-1.7871297242084,IBM
2000-08-21,30.723,31.848,29.723,31.098,3234200,29.848,1.0400372749359,IBM
2000-08-22,30.848,31.848,30.723,30.973,2769400,31.098,-0.10293318401159,IBM
2000-08-23,29.973,33.41,29.723,32.473,4251200,30.973,1.2364709470543,IBM
2000-08-24,32.66,35.098,32.348,34.473,5988300,32.473,1.6284920977421,IBM
2000-08-25,33.973,39.535,33.91,38.785,8279000,34.473,3.4547683334268,IBM
2000-08-28,39.535,42.848,39.472,40.222,8536600,38.785,1.1128751210068,IBM
2000-08-29,41.16,43.91,40.66,42.535,6040000,40.222,1.7715721266525,IBM
2000-08-30,40.41,41.16,39.222,39.972,4928800,42.535,-1.9288805268109,IBM
2000-08-31,41.535,43.848,41.348,41.66,5469500,39.972,1.2953526920007,IBM
2000-09-01,42.723,44.598,42.285,43.285,5766300,41.66,1.2310606060606,IBM
2000-09-05,42.473,42.973,40.472,41.223,4112100,43.285,-1.5431244153414,IBM
2000-09-06,40.535,44.535,40.035,41.098,6457100,41.223,-0.095011515395666,IBM
2000-09-07,41.535,44.16,41.535,43.035,4615300,41.098,1.4736986259681,IBM
2000-09-08,42.16,42.598,39.035,39.16,4993700,43.035,-2.9053420805998,IBM
2000-09-11,37.535,37.598,33.598,34.41,7617600,39.16,-3.6679536679537,IBM
2000-09-12,34.473,36.535,33.723,34.66,5001700,34.41,0.20040080160321,IBM
2000-09-13,32.785,38.472,32.66,36.973,5473500,34.66,1.8504,IBM
2000-09-14,37.66,38.847,35.973,36.535,4425500,36.973,-0.34403399495731,IBM
2000-09-15,36.473,36.535,34.473,34.473,5481700,36.535,-1.6252216748768,IBM
2000-09-18,34.91,35.66,32.723,32.91,3929300,34.473,-1.2522734010079,IBM
2000-09-19,32.41,35.91,32.223,34.785,3342500,32.91,1.5212981744422,IBM
2000-09-20,34.348,36.223,33.16,34.035,4608200,34.785,-0.5994005994006,IBM
2000-09-21,33.848,36.348,33.723,35.723,4300800,34.035,1.3571859296482,IBM
2000-09-22,32.41,33.973,30.973,33.66,5930100,35.723,-1.6364833456288,IBM
2000-09-25,34.16,36.223,30.66,31.348,4168700,33.66,-1.8645161290323,IBM
2000-09-26,29.66,31.535,28.035,28.973,6217200,31.348,-1.951712576425,IBM
2000-09-27,29.723,29.973,25.16,27.66,5948900,28.973,-1.1004668393218,IBM
2000-09-28,27.035,28.098,25.348,27.598,5309100,27.66,-0.052542372881354,IBM
2000-09-29,25.16,26.598,19.91,22.16,9594600,27.598,-4.610897251098,IBM
2000-10-02,22.285,29.285,22.285,27.473,8868700,22.16,4.7226666666667,IBM
2000-10-03,28.535,29.035,19.66,20.223,11744200,27.473,-6.153820036838,IBM
2000-10-04,20.035,24.535,18.223,24.285,11668900,20.223,3.6739234644501,IBM
2000-10-05,23.473,24.223,21.223,22.848,5547000,24.285,-1.253653217012,IBM
2000-10-06,23.66,25.785,22.41,25.66,6108400,22.848,2.4843622998904,IBM
2000-10-09,25.598,28.848,23.973,27.598,4898000,25.66,1.6706896551724,IBM
2000-10-10,26.285,26.785,22.098,24.473,5614200,27.598,-2.6496972985806,IBM
2000-10-11,21.535,22.598,17.16,22.473,8776000,24.473,-1.7419630181251,IBM
2000-10-12,23.91,24.035,13.41,13.535,9703900,22.473,-7.9228457713207,IBM
2000-10-13,13.848,20.098,13.848,18.723,9092600,13.535,4.9944645006017,IBM
2000-10-16,21.16,22.723,18.223,20.785,7710400,18.723,1.8906503580499,IBM
2000-10-17,21.598,23.473,18.223,22.66,8841500,20.785,1.6872890888639,IBM
2000-10-18,-0.090000000000014,7.66,-0.090000000000014,5.16,29776800,22.66,-15.486725663717,IBM
2000-10-19,7.66,8.098,2.348,6.098,17966400,5.16,0.98219895287958,IBM
2000-10-20,4.785,5.91,3.848,4.41,9370300,6.098,-1.750347373442,IBM
2000-10-23,4.598,4.598,0.72299999999999,2.535,9338600,4.41,-1.9788918205805,IBM
2000-10-24,2.66,3.66,-0.15200000000001,1.098,8826200,2.535,-1.5472409152086,IBM
2000-10-25,0.15999999999999,0.598,-3.34,-2.777,14058100,1.098,-4.2378442223146,IBM
2000-10-26,-2.34,2.535,-2.715,2.41,10137600,-2.777,5.9237349108642,IBM
2000-10-27,2.66,3.348,0.65999999999999,3.348,6420600,2.41,1.011320754717,IBM
2000-10-30,3.16,3.41,-0.027000000000012,2.973,8085000,3.348,-0.40026470839382,IBM
2000-10-31,3.41,8.785,3.41,8.16,10903500,2.973,5.5587110048975,IBM
2000-11-01,8.098,9.535,6.91,8.223,7466200,8.16,0.063959390862947,IBM
2000-11-02,8.66,11.973,8.223,11.598,7445100,8.223,3.4242058378905,IBM
2000-11-03,12.16,12.16,9.035,9.785,5848500,11.598,-1.7785320488925,IBM
2000-11-06,9.535,12.035,9.098,9.973,4448500,9.785,0.18776529338327,IBM
2000-11-07,10.785,13.16,10.348,11.973,5420600,9.973,1.9937595326628,IBM
2000-11-08,13.415,13.54,9.04,9.79,6990800,11.973,-2.2607097827256,IBM
2000-11-09,6.54,9.79,5.54,9.228,9047900,9.79,-0.562,IBM
2000-11-10,7.79,8.165,2.79,2.79,6805800,9.228,-6.4743860495987,IBM
2000-11-13,1.603,9.228,1.415,7.228,8684900,2.79,4.7720430107527,IBM
2000-11-14,9.04,9.665,8.353,9.29,5150900,7.228,2.1162174921489,IBM
2000-11-15,9.29,9.79,7.415,9.165,4160300,9.29,-0.12562814070352,IBM
2000-11-16,9.04,9.478,8.04,8.04,3739700,9.165,-1.1320754716981,IBM
2000-11-17,8.103,12.29,8.04,11.728,7716200,8.04,3.75368956743,IBM
2000-11-20,11.29,13.04,10.665,13.04,7426600,11.728,1.2870568384704,IBM
2000-11-21,13.04,14.103,8.29,8.29,7180700,13.04,-4.6004842615012,IBM
2000-11-22,8.29,10.603,8.165,8.29,5537100,8.29,0.0,IBM
2000-11-24,9.165,11.54,9.04,9.728,2497500,8.29,1.4598984771574,IBM
2000-11-27,10.228,11.79,8.228,8.228,3866200,9.728,-1.5009305769577,IBM
2000-11-28,8.54,10.54,7.353,7.665,4799100,8.228,-0.57193360287694,IBM
2000-11-29,7.54,9.728,6.478,9.603,5524600,7.665,1.9800766283525,IBM
2000-11-30,7.79,7.79,2.04,3.29,10651400,9.603,-6.324827427289,IBM
2000-12-01,4.228,9.103,4.165,5.415,7525100,3.29,2.2727272727273,IBM
2000-12-04,5.79,8.978,5.54,8.165,5566800,5.415,2.8758169934641,IBM
2000-12-05,10.228,14.54,9.478,13.165,7804200,8.165,5.0825921219822,IBM
2000-12-06,11.54,11.54,4.665,6.54,10096900,13.165,-6.4087061668682,IBM
2000-12-07,4.853,5.728,2.915,5.165,7922000,6.54,-1.421188630491,IBM
2000-12-08,7.79,8.79,5.54,6.79,6139700,5.165,1.7038007863696,IBM
2000-12-11,6.29,7.978,3.603,4.79,6184500,6.79,-2.0618556701031,IBM
2000-12-12,5.04,5.915,2.29,3.665,7913300,4.79,-1.1842105263158,IBM
2000-12-13,4.665,6.415,0.47799999999999,1.04,6992500,3.665,-2.7962716378162,IBM
2000-12-14,1.79,3.478,1.603,2.228,6131400,1.04,1.3019178082192,IBM
2000-12-15,-0.21000000000002,0.47799999999999,-2.897,-2.397,14134600,2.228,-5.0033535991692,IBM
2000-12-18,-1.835,0.28999999999998,-1.835,0.28999999999998,7693800,-2.397,3.0599114026397,IBM
2000-12-19,-0.022000000000016,4.165,-0.39700000000002,-0.085000000000019,7705300,0.28999999999998,-0.41436464088398,IBM
2000-12-20,-4.335,-2.21,-5.397,-4.21,12579700,-0.085000000000019,-4.5769764216366,IBM
2000-12-21,-4.71,-2.272,-10.085,-8.6470000000001,12724900,-4.21,-5.1593023255814,IBM
2000-12-22,-4.335,-0.83500000000003,-4.96,-1.21,9514000,-8.6470000000001,9.118105023111,IBM
2000-12-26,-1.21,-0.64700000000002,-5.9600000000001,-5.397,6052300,-1.21,-4.7044943820225,IBM
2000-12-27,-5.46,-2.085,-6.647,-5.522,8245100,-5.397,-0.14738306627522,IBM
2000-12-28,-6.7100000000001,-2.022,-8.0850000000001,-4.96,9735800,-5.522,0.66361231815605,IBM
2000-12-29,-3.272,-3.272,-5.9600000000001,-5.21,6943700,-4.96,-0.29325513196481,IBM
2001-01-02,-5.71,-2.71,-6.0850000000001,-5.397,8007200,-5.21,-0.22,IBM
2001-01-03,-6.4600000000001,4.79,-6.4600000000001,4.478,12763900,-5.397,11.643262235742,IBM
2001-01-04,4.54,9.54,2.478,2.978,15420500,4.478,-1.5841500506928,IBM
2001-01-05,3.728,4.478,0.78999999999998,3.79,8043100,2.978,0.87135682705928,IBM
2001-01-08,3.29,3.728,1.353,3.353,6064800,3.79,-0.46489361702127,IBM
2001-01-09,4.228,5.54,1.228,2.353,7522100,3.353,-1.0687985635347,IBM
2001-01-10,2.29,4.728,1.478,3.228,7656100,2.353,0.94530211855709,IBM
2001-01-11,2.728,4.04,1.04,3.478,9635000,3.228,0.26755709668443,IBM
2001-01-12,3.478,6.228,2.165,3.603,6448000,3.478,0.13342156946461,IBM
2001-01-16,3.54,3.728,1.603,2.54,5671900,3.603,-1.1331052199589,IBM
2001-01-17,5.165,7.54,4.103,6.478,9726500,2.54,4.2458221024259,IBM
2001-01-18,14.79,19.79,13.915,18.103,25237600,6.478,12.02320867119,IBM
2001-01-19,17.29,23.665,17.165,21.04,14760600,18.103,2.7115858668858,IBM
2001-01-22,19.29,19.728,17.978,18.353,9618500,21.04,-2.4152808988764,IBM
2001-01-23,19.353,19.728,17.415,18.853,9826900,18.353,0.46056206995017,IBM
2001-01-24,18.853,21.228,18.728,20.228,6760900,18.853,1.2607392057801,IBM
2001-01-25,19.915,20.915,19.29,20.54,4982100,20.228,0.2825114543907,IBM
2001-01-26,19.415,25.04,18.978,23.978,9095200,20.54,3.1042889390519,IBM
2001-01-29,22.29,25.28,22.26,25.03,5125000,23.978,0.92128770098433,IBM
2001-01-30,24.79,26.54,23.19,26.4,8242000,25.03,1.1888233252343,IBM
2001-01-31,25.54,26.54,21.79,21.79,8284200,26.4,-3.9533487694023,IBM
2001-02-01,22.19,24.09,20.99,23.84,5581300,21.79,1.8303571428571,IBM
2001-02-02,22.54,23.78,19.39,20.06,5428400,23.84,-3.3143358176239,IBM
2001-02-05,19.19,22.39,19.09,22.01,5113700,20.06,1.7683866872223,IBM
2001-02-06,22.02,25.48,20.99,23.98,7526400,22.01,1.7554803065407,IBM
2001-02-07,23.32,27.47,22.59,26.83,9006800,23.98,2.3819949207461,IBM
2001-02-08,26.83,28.12,23.95,23.95,8380800,26.83,-2.4634334103156,IBM
2001-02-09,23.95,24.85,20.92,22.24,6289200,23.95,-1.4996053670087,IBM
2001-02-12,20.47,25.64,20.27,24.82,6729300,22.24,2.2970085470086,IBM
2001-02-13,24.07,27.07,22.99,23.67,7193200,24.82,-1.0008703220192,IBM
2001-02-14,23.67,26.09,22.44,25.02,7033000,23.67,1.1868131868132,IBM
2001-02-15,26.72,28.56,26.32,26.7,8098700,25.02,1.4596003475239,IBM
2001-02-16,24.47,25.67,23.86,24.92,7073000,26.7,-1.5242336016441,IBM
2001-02-20,24.47,25.52,20.7,21.42,6748300,24.92,-3.0434782608696,IBM
2001-02-21,19.47,21.42,17.22,17.42,9156800,21.42,-3.5874439461883,IBM
2001-02-22,16.42,20.82,13.3,18.8,11696300,17.42,1.2837209302326,IBM
2001-02-23,17.42,17.42,10.32,13.92,15276300,18.8,-4.4819985304923,IBM
2001-02-26,15.72,15.72,11.82,15.22,8344100,13.92,1.25,IBM
2001-02-27,14.82,16.77,12.5,12.51,9787900,15.22,-2.5735992402659,IBM
2001-02-28,12.87,13.42,9.07,9.82,11933200,12.51,-2.6220879227995,IBM
2001-03-01,9.22,16.32,7.57,15.97,15102000,9.82,6.1561561561561,IBM
2001-03-02,13.92,17.32,10.92,12.23,14648100,15.97,-3.5266383781235,IBM
2001-03-05,12.73,15.52,12.62,14.83,6743900,12.23,2.5412960609911,IBM
2001-03-06,16.17,18.27,15.17,15.92,8120000,14.83,1.0389857973501,IBM
2001-03-07,17.37,18.17,15.62,17.47,7788800,15.92,1.4622641509434,IBM
2001-03-08,17.09,17.22,15.29,16.39,6793100,17.47,-1.0041841004184,IBM
2001-03-09,14.92,14.93,7.92,9.21,16688100,16.39,-6.7436836667606,IBM
2001-03-12,7.82,8.32,4.95,5.41,14494800,9.21,-3.8271729277873,IBM
2001-03-13,5.02,8.32,4.17,8.31,12127900,5.41,3.0369672216986,IBM
2001-03-14,6.02,8.82,3.29,4.88,14224500,8.31,-3.4861266388861,IBM
2001-03-15,5.92,7.72,5.09,5.48,8419900,4.88,0.63184498736311,IBM
2001-03-16,3.82,3.82,-1.78,0.019999999999971,20038100,5.48,-5.7136877354542,IBM
2001-03-19,0.91999999999998,2.72,-0.83000000000003,2.52,10235500,0.019999999999971,2.7746947835738,IBM
2001-03-20,1.52,1.95,-1.89,-1.78,10073300,2.52,-4.6436285097192,IBM
2001-03-21,-1.63,1.52,-2.28,-1.0,11013100,-1.78,0.88335220838052,IBM
2001-03-22,-0.96000000000003,0.91999999999998,-2.33,-0.98000000000004,13329800,-1.0,0.022451728783112,IBM
2001-03-23,1.67,4.87,0.21999999999997,3.42,12233600,-0.98000000000004,4.9382716049383,IBM
2001-03-26,5.17,5.58,3.67,5.32,8581200,3.42,2.0320855614973,IBM
2001-03-27,3.92,9.92,3.92,9.42,11851300,5.32,4.2976939203354,IBM
2001-03-28,7.82,8.37,4.17,4.33,11890900,9.42,-5.1155778894472,IBM
2001-03-29,4.38,6.98,4.19,4.96,10553700,4.33,0.66730219256436,IBM
2001-03-30,6.42,7.48,5.07,6.1,9461300,4.96,1.1994949494949,IBM
2001-04-02,7.37,8.02,3.52,4.58,8787000,6.1,-1.5803701393221,IBM
2001-04-03,4.52,4.57,0.16999999999998,0.31999999999998,13330200,4.58,-4.500316923727,IBM
2001-04-04,0.36999999999999,3.97,-2.4868995751604e-14,1.92,13515700,0.31999999999998,1.7699115044248,IBM
2001-04-05,5.72,8.92,5.52,8.13,12505300,1.92,6.75,IBM
2001-04-06,7.92,9.92,6.47,7.87,13424200,8.13,-0.2647388249669,IBM
2001-04-09,8.42,8.52,3.74,5.92,9475600,7.87,-1.9908116385911,IBM
2001-04-10,6.92,9.82,6.52,8.58,10491900,5.92,2.7708333333333,IBM
2001-04-11,11.42,11.82,5.82,7.35,11498900,8.58,-1.2467058585039,IBM
2001-04-12,6.32,7.42,5.07,6.12,9390100,7.35,-1.2624448321872,IBM
2001-04-16,6.12,9.81,5.14,6.67,9189200,6.12,0.57172557172557,IBM
2001-04-17,7.67,9.8,7.52,9.62,9957500,6.67,3.0490956072351,IBM
2001-04-18,12.37,19.92,12.23,16.42,19861900,9.62,6.8204613841525,IBM
2001-04-19,22.42,25.82,20.42,24.39,25822400,16.42,7.4835680751174,IBM
2001-04-20,24.27,26.22,23.69,24.75,12760000,24.39,0.31449288023063,IBM
2001-04-23,23.93,23.97,21.6,21.92,8537500,24.75,-2.4645127579901,IBM
2001-04-24,23.32,24.67,22.27,22.59,8742000,21.92,0.59821428571429,IBM
2001-04-25,21.92,24.77,21.91,24.77,6858500,22.59,1.9348539984024,IBM
2001-04-26,24.87,26.62,23.6,23.6,7346100,24.77,-1.0187200696561,IBM
2001-04-27,26.72,26.72,24.47,26.12,7411100,23.6,2.2167487684729,IBM
2001-04-30,26.32,27.94,24.65,25.06,7357200,26.12,-0.91222030981067,IBM
2001-05-01,25.77,28.57,24.82,28.43,7790800,25.06,2.9268716345319,IBM
2001-05-02,28.22,28.87,23.67,25.32,9706200,28.43,-2.6242511180491,IBM
2001-05-03,24.52,25.02,22.27,23.62,6578000,25.32,-1.473136915078,IBM
2001-05-04,21.92,25.78,21.22,25.78,8681400,23.62,1.8997361477573,IBM
2001-05-07,26.12,27.17,24.92,25.82,6088700,25.78,0.034524426031423,IBM
2001-05-08,27.31,27.76,25.56,27.76,7605800,25.82,1.5530629853322,IBM
2001-05-09,26.26,28.24,25.36,27.04,7680200,27.76,-0.61172472387426,IBM
2001-05-10,28.56,28.71,25.26,25.26,7993900,27.04,-1.5216276286545,IBM
2001-05-11,23.81,24.21,21.02,21.87,8390200,25.26,-2.9427083333333,IBM
2001-05-14,21.26,23.24,21.06,22.62,5254800,21.87,0.67078078883821,IBM
2001-05-15,23.56,24.21,22.56,23.64,5873400,22.62,0.90618336886993,IBM
2001-05-16,22.56,25.86,22.26,25.86,7797800,23.64,1.9545694664554,IBM
2001-05-17,25.86,27.0,25.11,25.13,6887700,25.86,-0.63039723661486,IBM
2001-05-18,25.13,27.74,24.96,27.5,6714900,25.13,2.0596158859824,IBM
2001-05-21,28.01,29.96,27.61,29.1,8411400,27.5,1.3623978201635,IBM
2001-05-22,29.76,29.76,27.82,28.07,6005300,29.1,-0.86525537634409,IBM
2001-05-23,27.86,29.01,27.16,27.46,6403100,28.07,-0.51690534700449,IBM
2001-05-24,29.01,29.66,28.06,29.58,7726900,27.46,1.8057921635434,IBM
2001-05-25,29.58,29.96,27.86,27.86,5629100,29.58,-1.4390896921017,IBM
2001-05-29,27.41,27.65,25.14,25.33,5818000,27.86,-2.1477079796265,IBM
2001-05-30,24.06,24.11,22.06,22.71,9598700,25.33,-2.2729244382753,IBM
2001-05-31,22.71,23.92,21.7,21.86,6757600,22.71,-0.75454948956947,IBM
2001-06-01,22.56,23.66,21.96,22.95,5137700,21.86,0.97495527728086,IBM
2001-06-04,23.31,24.81,22.91,23.7,3812200,22.95,0.66436353972894,IBM
2001-06-05,23.7,27.66,23.62,26.96,6154400,23.7,2.8687082013376,IBM
2001-06-06,27.66,29.06,26.56,27.56,9625700,26.96,0.51325919589392,IBM
2001-06-07,27.06,28.31,27.06,27.31,6423700,27.56,-0.21276595744681,IBM
2001-06-08,26.31,26.78,26.13,26.16,3099100,27.31,-0.98081023454158,IBM
2001-06-11,26.36,28.2,26.16,27.4,6542700,26.16,1.068044788975,IBM
2001-06-12,26.81,27.86,25.61,27.31,7301500,27.4,-0.07670018748935,IBM
2001-06-13,27.31,28.53,26.59,26.65,5703200,27.31,-0.56289978678038,IBM
2001-06-14,25.66,26.14,24.05,25.81,7502500,26.65,-0.72047345398405,IBM
2001-06-15,25.16,25.51,23.44,23.66,12470100,25.81,-1.8574514038877,IBM
2001-06-18,24.04,25.5,23.37,24.33,5184900,23.66,0.58978873239437,IBM
2001-06-19,27.06,27.31,24.62,24.9,6153600,24.33,0.4988185875558,IBM
2001-06-20,23.56,25.04,21.82,23.15,8829200,24.9,-1.52385928248,IBM
2001-06-21,22.21,24.76,21.43,22.16,8155800,23.15,-0.87540896631003,IBM
2001-06-22,22.66,24.49,22.56,22.93,5607200,22.16,0.68688670829617,IBM
2001-06-25,23.81,24.96,21.84,22.44,5675900,22.93,-0.43412775759724,IBM
2001-06-26,21.31,24.11,21.16,23.1,7081900,22.44,0.58729311265351,IBM
2001-06-27,23.16,24.24,22.51,23.58,4814100,23.1,0.42462845010615,IBM
2001-06-28,23.86,27.01,23.81,25.16,8181000,23.58,1.3918252290345,IBM
2001-06-29,25.66,26.71,23.06,23.06,9477400,25.16,-1.8245004344049,IBM
2001-07-02,23.56,25.46,23.06,24.41,5915600,23.06,1.1946902654867,IBM
2001-07-03,24.16,24.25,22.82,23.04,3325800,24.41,-1.1980760822038,IBM
2001-07-05,22.66,23.32,21.85,22.16,4419000,23.04,-0.77889892016287,IBM
2001-07-06,20.96,20.96,15.87,16.56,11708000,22.16,-4.9955396966994,IBM
2001-07-09,16.56,17.01,13.92,14.78,9312600,16.56,-1.6713615023474,IBM
2001-07-10,14.79,15.46,11.69,12.02,10266600,14.78,-2.6355996944232,IBM
2001-07-11,11.66,14.19,11.65,13.91,8894900,12.02,1.8536681051393,IBM
2001-07-12,15.96,17.86,15.68,17.31,8767200,13.91,3.2739528165624,IBM
2001-07-13,16.21,19.36,16.17,18.59,7841800,17.31,1.1934731934732,IBM
2001-07-16,18.59,19.44,17.34,17.88,5330100,18.59,-0.65419699622225,IBM
2001-07-17,16.16,18.64,14.81,18.59,8662400,17.88,0.65850491560008,IBM
2001-07-18,16.16,17.66,13.31,14.34,11666100,18.59,-3.9159679351331,IBM
2001-07-19,16.06,16.06,13.16,14.06,13644500,14.34,-0.26850786344457,IBM
2001-07-20,14.06,15.76,13.13,15.76,8991700,14.06,1.6346153846154,IBM
2001-07-23,15.76,17.01,15.51,15.91,6315700,15.76,0.14191106906338,IBM
2001-07-24,14.91,16.06,13.85,14.57,7299800,15.91,-1.2659423712801,IBM
2001-07-25,14.56,15.46,12.79,14.95,6247700,14.57,0.36360156922782,IBM
2001-07-26,14.81,16.06,12.99,16.06,8430700,14.95,1.0582515015731,IBM
2001-07-27,14.81,16.01,14.17,14.76,4346500,16.06,-1.2264150943396,IBM
2001-07-30,14.96,16.31,14.82,15.91,4030800,14.76,1.098376313276,IBM
2001-07-31,15.96,17.06,15.21,15.27,5603000,15.91,-0.60462919225319,IBM
2001-08-01,15.41,18.56,15.37,17.12,6036100,15.27,1.7583879859329,IBM
2001-08-02,18.56,19.53,17.98,18.86,5675100,17.12,1.6252568653092,IBM
2001-08-03,17.86,18.54,17.16,18.24,3704100,18.86,-0.56985294117646,IBM
2001-08-06,17.31,17.43,15.85,16.57,4176800,18.24,-1.5437234239231,IBM
2001-08-07,15.86,17.43,15.32,16.31,4029300,16.57,-0.24410853440992,IBM
2001-08-08,15.2,16.3,14.32,14.39,6398000,16.31,-1.9388235294118,IBM
2001-08-09,13.9,14.74,12.9,14.28,6763200,14.39,-0.1055763508974,IBM
2001-08-10,14.05,15.15,13.01,15.15,5254800,14.28,0.83589546502691,IBM
2001-08-13,15.2,16.84,14.85,16.06,6024400,15.15,0.86707956169604,IBM
2001-08-14,16.7,17.05,15.6,16.4,5730200,16.06,0.32117891554884,IBM
2001-08-15,16.55,16.79,15.21,15.21,4713100,16.4,-1.120527306968,IBM
2001-08-16,14.4,16.22,13.86,15.95,6215200,15.21,0.70469479097228,IBM
2001-08-17,15.69,15.69,14.1,14.79,7005600,15.95,-1.096926713948,IBM
2001-08-20,14.88,15.2,13.09,14.3,5612700,14.79,-0.46849603212545,IBM
2001-08-21,14.05,15.17,11.75,12.09,6466700,14.3,-2.1229586935639,IBM
2001-08-22,12.7,14.24,11.96,14.16,8041800,12.09,2.0316027088036,IBM
2001-08-23,14.2,14.9,13.2,13.2,5474300,14.16,-0.9234320892651,IBM
2001-08-24,14.15,18.0,13.61,17.19,7711900,13.2,3.873786407767,IBM
2001-08-27,17.19,18.4,16.95,17.06,4540900,17.19,-0.12150668286755,IBM
2001-08-28,17.1,17.37,15.07,15.15,5908100,17.06,-1.7873853640277,IBM
2001-08-29,15.95,16.1,14.02,14.33,4840300,15.15,-0.78132444020963,IBM
2001-08-30,12.95,13.32,9.06,10.56,15015500,14.33,-3.6204744069913,IBM
2001-08-31,11.2,11.5,9.55,10.2,8126600,10.56,-0.35870864886409,IBM
2001-09-04,10.35,13.33,9.52,11.69,9891800,10.2,1.49,IBM
2001-09-05,11.7,13.02,9.81,10.89,11880700,11.69,-0.78825500049266,IBM
2001-09-06,10.88,10.88,7.85,8.2,9033300,10.89,-2.6715661932665,IBM
2001-09-07,8.1,8.34,6.21,6.79,10512700,8.2,-1.4387755102041,IBM
2001-09-10,6.2,7.6,5.79,6.67,10311500,6.79,-0.12423646340201,IBM
2001-09-17,4.1,6.05,2.76,3.54,15132900,6.67,-3.2445319788535,IBM
2001-09-18,4.2,6.95,4.05,6.6,12305000,3.54,3.2783372616242,IBM
2001-09-19,6.6,7.05,2.7,6.2,14884200,6.6,-0.41493775933611,IBM
2001-09-20,4.3,5.9,3.05,3.6,15182900,6.2,-2.7083333333333,IBM
2001-09-21,0.79999999999998,3.7,-0.29000000000002,0.69999999999998,18364000,3.6,-3.1049250535332,IBM
2001-09-24,2.0,5.1,2.0,5.1,11201800,0.69999999999998,4.8618784530387,IBM
2001-09-25,4.3,6.2,3.61,4.65,12575500,5.1,-0.47418335089568,IBM
2001-09-26,4.65,4.65,0.49999999999998,1.5,13783100,4.65,-3.3350979354156,IBM
2001-09-27,1.5,1.7,-2.31,0.19999999999998,13172300,1.5,-1.4238773274918,IBM
2001-09-28,0.39999999999999,2.91,0.099999999999984,2.5,11077200,0.19999999999998,2.5555555555556,IBM
2001-10-01,1.92,3.65,1.54,2.91,8676200,2.5,0.4442036836403,IBM
2001-10-02,2.5,4.1,2.3,3.97,7221200,2.91,1.1433502319059,IBM
2001-10-03,3.1,7.82,2.61,7.15,11118800,3.97,3.3912765276741,IBM
2001-10-04,7.35,9.08,7.0,7.51,9785100,7.15,0.37132542547705,IBM
2001-10-05,6.85,8.65,5.57,8.22,9733000,7.51,0.7296269653684,IBM
2001-10-08,7.3,9.2,6.97,8.7,7093400,8.22,0.48969598041216,IBM
2001-10-09,8.7,8.7,6.96,7.34,7525300,8.7,-1.3807106598985,IBM
2001-10-10,5.2,7.5,5.1,7.45,10636900,7.34,0.11323862466543,IBM
2001-10-11,7.9,9.6,6.85,9.6,11539900,7.45,2.2107969151671,IBM
2001-10-12,8.9,11.2,8.2,11.04,11501200,9.6,1.4486921529175,IBM
2001-10-15,11.04,12.95,10.6,12.2,10203900,11.04,1.1503371677906,IBM
2001-10-16,12.07,13.2,9.95,12.05,11987900,12.2,-0.14705882352942,IBM
2001-10-17,16.5,16.6,13.1,13.1,18920500,12.05,1.0309278350516,IBM
2001-10-18,13.25,13.95,10.98,11.45,10697000,13.1,-1.6034985422741,IBM
2001-10-19,11.85,12.94,10.27,12.85,11772400,11.45,1.3827160493827,IBM
2001-10-22,12.85,15.98,12.1,15.45,7624100,12.85,2.532878714077,IBM
2001-10-23,15.95,16.89,14.75,16.01,7429300,15.45,0.53206650831354,IBM
2001-10-24,16.7,18.95,16.31,18.77,8299700,16.01,2.6084491068897,IBM
2001-10-25,18.25,21.05,16.95,20.86,9683600,18.77,1.9250253292807,IBM
2001-10-26,20.2,22.3,19.82,21.36,10145000,20.86,0.4518344478583,IBM
2001-10-29,20.7,20.9,18.82,18.82,7072600,21.36,-2.2849946023749,IBM
2001-10-30,18.0,19.95,17.96,18.85,8625100,18.82,0.027619222979195,IBM
2001-10-31,19.8,21.32,18.27,18.27,7177700,18.85,-0.5338242061666,IBM
2001-11-01,17.45,20.37,17.1,20.09,8024000,18.27,1.6840936430092,IBM
2001-11-02,19.35,20.5,18.97,19.7,6216900,20.09,-0.35490035490036,IBM
2001-11-05,20.15,20.79,19.28,20.17,5708200,19.7,0.42922374429224,IBM
2001-11-06,19.8,25.0,19.2,24.39,8509700,20.17,3.8374102027826,IBM
2001-11-07,23.39,25.54,23.37,24.19,10129700,24.39,-0.29774936509327,IBM
2001-11-08,24.3,25.9,23.95,24.15,7991200,24.19,-0.035133948177419,IBM
2001-11-09,23.44,25.24,23.44,24.42,5045900,24.15,0.23723750109832,IBM
2001-11-12,23.34,25.24,22.39,25.2,5608400,24.42,0.68373071528752,IBM
2001-11-13,26.04,27.34,26.04,27.04,9216700,25.2,1.6019502002438,IBM
2001-11-14,27.04,27.19,23.67,24.69,8091900,27.04,-2.0137103684662,IBM
2001-11-15,24.44,26.67,24.18,25.09,7013800,24.69,0.34980323567994,IBM
2001-11-16,25.34,25.34,22.89,24.84,6663900,25.09,-0.21786492374728,IBM
2001-11-19,25.04,26.14,24.11,25.34,4931300,24.84,0.43668122270742,IBM
2001-11-20,24.69,27.14,24.59,25.78,6452600,25.34,0.38260869565217,IBM
2001-11-21,25.29,25.59,23.39,24.68,4184700,25.78,-0.95287595287595,IBM
2001-11-23,24.63,25.71,24.06,25.69,1714000,24.68,0.88333041805142,IBM
2001-11-26,26.24,26.74,25.54,26.67,4854300,25.69,0.84958820979628,IBM
2001-11-27,26.59,26.64,24.41,24.54,6894300,26.67,-1.830998022866,IBM
2001-11-28,24.44,24.72,22.44,22.49,6161200,24.54,-1.7950963222417,IBM
2001-11-29,23.24,24.89,22.15,24.77,6129000,22.49,2.032991529202,IBM
2001-11-30,24.77,26.28,24.14,25.93,5597800,24.77,1.0137201782749,IBM
2001-12-03,25.14,25.19,23.55,24.47,5785700,25.93,-1.2630850419587,IBM
2001-12-04,24.64,27.06,23.72,26.98,6585900,24.47,2.1992464733199,IBM
2001-12-05,27.19,32.32,26.99,31.74,14646100,26.98,4.0809327846365,IBM
2001-12-06,30.84,32.04,30.14,30.48,11225700,31.74,-1.0378912685338,IBM
2001-12-07,29.84,31.34,29.09,30.74,6889200,30.48,0.21641418345264,IBM
2001-12-10,30.34,31.34,29.75,30.0,5570900,30.74,-0.61461794019934,IBM
2001-12-11,30.74,33.08,30.14,31.84,7792500,30.0,1.5376901220124,IBM
2001-12-12,31.46,33.55,30.4,33.54,7950400,31.84,1.3991769547325,IBM
2001-12-13,31.89,32.64,30.46,30.59,8061000,33.54,-2.3944805194805,IBM
2001-12-14,31.14,31.82,29.75,31.44,7036000,30.59,0.7068607068607,IBM
2001-12-17,30.49,32.48,30.49,31.68,6225500,31.44,0.19818331957061,IBM
2001-12-18,31.85,33.31,31.69,32.54,5596200,31.68,0.70875226635899,IBM
2001-12-19,32.24,35.04,31.35,34.23,8054200,32.54,1.3829787234043,IBM
2001-12-20,34.23,34.34,32.49,33.04,6344800,34.23,-0.96052950197756,IBM
2001-12-21,33.04,33.84,32.05,32.34,8659100,33.04,-0.57049714751426,IBM
2001-12-24,32.39,32.82,31.44,31.79,1654400,32.34,-0.45081967213115,IBM
2001-12-26,32.34,34.04,32.15,32.74,3857800,31.79,0.78221490325237,IBM
2001-12-27,33.09,34.27,32.98,33.84,3826200,32.74,0.89869281045751,IBM
2001-12-28,33.84,34.22,32.69,33.24,4213900,33.84,-0.48582995951417,IBM
2001-12-31,33.09,33.58,31.29,31.3,3520500,33.24,-1.5785191212368,IBM
2002-01-02,30.94,31.84,30.14,31.84,6862800,31.3,0.44642857142858,IBM
2002-01-03,31.84,34.56,30.59,34.0,8621700,31.84,1.7777777777778,IBM
2002-01-04,34.39,35.94,34.32,35.94,8405200,34.0,1.568817726023,IBM
2002-01-07,35.34,36.53,34.04,34.39,5939500,35.94,-1.234076433121,IBM
2002-01-08,34.59,35.54,34.07,35.04,5311800,34.39,0.52398226521564,IBM
2002-01-09,35.04,36.73,34.49,34.83,6839900,35.04,-0.16840417000803,IBM
2002-01-10,34.09,34.34,31.76,32.48,8926300,34.83,-1.8877018234396,IBM
2002-01-11,31.84,32.52,30.62,30.65,4797800,32.48,-1.4982806615359,IBM
2002-01-14,30.34,30.43,27.44,28.39,10026700,30.65,-1.8784805918045,IBM
2002-01-15,28.39,30.04,28.06,29.19,5647900,28.39,0.67767894959763,IBM
2002-01-16,28.34,29.09,27.59,27.74,5366300,29.19,-1.2200252419015,IBM
2002-01-17,30.19,30.89,27.6,30.24,11132500,27.74,2.129471890971,IBM
2002-01-18,24.59,25.24,23.15,24.59,18440200,30.24,-4.7122602168474,IBM
2002-01-22,24.59,24.6,20.67,20.84,10130400,24.59,-3.2822757111597,IBM
2002-01-23,21.14,21.59,17.34,18.24,12556500,20.84,-2.3529411764706,IBM
2002-01-24,19.14,20.07,17.41,19.06,8581500,18.24,0.75996292863762,IBM
2002-01-25,18.84,21.03,18.44,19.62,6761800,19.06,0.51508462104489,IBM
2002-01-28,19.84,20.55,17.4,18.49,7092900,19.62,-1.0340409956076,IBM
2002-01-29,18.49,18.9,12.75,13.34,14509400,18.49,-4.7619047619048,IBM
2002-01-30,14.59,16.09,11.34,15.89,17713100,13.34,2.4757281553398,IBM
2002-01-31,16.74,18.32,14.8,18.23,9877000,15.89,2.2169587873046,IBM
2002-02-01,17.98,19.64,16.98,18.34,6799500,18.23,0.1019556956159,IBM
2002-02-04,18.34,18.34,16.33,17.14,6601900,18.34,-1.1111111111111,IBM
2002-02-05,16.59,18.84,16.34,16.64,6737700,17.14,-0.46816479400749,IBM
2002-02-06,17.18,18.3,15.81,17.11,6681900,16.64,0.310442144873,IBM
2002-02-07,17.12,17.48,14.34,14.39,7253800,17.11,-2.550876863922,IBM
2002-02-08,13.48,16.2,13.09,15.47,8339400,14.39,1.0393609854682,IBM
2002-02-11,15.48,18.17,14.99,17.86,6271900,15.47,2.2764072768835,IBM
2002-02-12,17.23,18.37,16.54,17.05,4559800,17.86,-0.75433041534737,IBM
2002-02-13,17.18,18.96,16.6,18.55,5086900,17.05,1.4075255700479,IBM
2002-02-14,19.48,19.63,17.68,18.37,5818500,18.55,-0.16655871194595,IBM
2002-02-15,15.28,15.28,12.18,13.37,18258600,18.37,-4.634349800723,IBM
2002-02-19,11.98,12.28,9.34,10.02,13395800,13.37,-3.2559043638838,IBM
2002-02-20,10.02,10.48,7.48,9.79,14525200,10.02,-0.23106288929074,IBM
2002-02-21,9.23,10.18,6.49,6.86,10123700,9.79,-2.950357466519,IBM
2002-02-22,6.86,9.68,6.24,8.93,10471600,6.86,2.1477484955385,IBM
2002-02-25,8.93,9.73,7.6,8.78,9902800,8.93,-0.15236160487558,IBM
2002-02-26,9.48,9.67,6.47,7.63,11634500,8.78,-1.1698880976602,IBM
2002-02-27,8.58,10.79,7.18,8.31,11978700,7.63,0.69994853319608,IBM
2002-02-28,8.97,10.08,8.3,8.6,7939000,8.31,0.29643258714097,IBM
2002-03-01,9.08,13.58,8.98,13.5,10492900,8.6,4.9938850387281,IBM
2002-03-04,13.83,17.019,13.61,16.38,10767600,13.5,2.7955736750146,IBM
2002-03-05,14.73,16.98,14.64,16.15,7562300,16.38,-0.21718602455147,IBM
2002-03-06,15.63,17.57,15.23,16.78,7687400,16.15,0.59619570360556,IBM
2002-03-07,17.78,17.98,13.72,14.19,10972200,16.78,-2.4365004703669,IBM
2002-03-08,15.3,17.82,15.3,15.57,10726400,14.19,1.330633497252,IBM
2002-03-11,14.83,16.45,14.08,15.72,8639100,15.57,0.14273479874393,IBM
2002-03-12,16.0,19.33,15.99,18.98,11064900,15.72,3.0976814899278,IBM
2002-03-13,18.78,19.13,17.18,17.66,6409200,18.98,-1.2165898617511,IBM
2002-03-14,17.5,18.43,17.07,17.08,5335500,17.66,-0.54114573614481,IBM
2002-03-15,17.03,17.93,16.07,17.27,10864100,17.08,0.1782363977486,IBM
2002-03-18,17.58,19.12,16.71,16.83,5304800,17.27,-0.41202359771515,IBM
2002-03-19,17.33,18.53,16.97,17.97,4614800,16.83,1.0719322990127,IBM
2002-03-20,17.38,17.38,15.97,15.98,4844400,17.97,-1.8513350079077,IBM
2002-03-21,16.18,17.26,15.18,17.26,5700600,15.98,1.2132701421801,IBM
2002-03-22,16.98,17.18,15.55,16.08,5507900,17.26,-1.105075856902,IBM
2002-03-25,16.28,17.14,13.98,14.04,6277900,16.08,-1.9318181818182,IBM
2002-03-26,14.05,16.18,12.78,13.38,8144000,14.04,-0.63731170336037,IBM
2002-03-27,14.23,14.27,12.98,13.87,5602400,13.38,0.47619047619047,IBM
2002-03-28,14.03,15.62,13.87,14.48,5347500,13.87,0.58999903278847,IBM
2002-04-01,14.48,14.48,12.88,13.34,5586900,14.48,-1.0961538461538,IBM
2002-04-02,12.48,12.49,10.99,11.43,7382200,13.34,-1.8568928640871,IBM
2002-04-03,11.88,11.98,9.38,10.44,7649100,11.43,-0.98068350668649,IBM
2002-04-04,10.44,11.62,9.98,11.32,5928500,10.44,0.88035214085635,IBM
2002-04-05,11.32,11.73,7.73,7.73,9801800,11.32,-3.5600952003173,IBM
2002-04-08,-2.02,-0.93000000000003,-4.1700000000001,-2.11,41207300,7.73,-10.118251928021,IBM
2002-04-09,-1.02,-1.0,-2.42,-1.78,17383600,-2.11,0.37753117492278,IBM
2002-04-10,-1.07,0.42999999999999,-1.32,-0.51000000000002,13143900,-1.78,1.4474583998177,IBM
2002-04-11,-1.47,-1.01,-6.18,-5.3300000000001,23341100,-0.51000000000002,-5.4151218964161,IBM
2002-04-12,-1.958,-1.56,-5.12,-3.9200000000001,15819500,-5.3300000000001,1.6747832284119,IBM
2002-04-15,-3.02,-2.9200000000001,-4.82,-4.1700000000001,8871600,-3.9200000000001,-0.29205607476636,IBM
2002-04-16,-3.1700000000001,-2.6700000000001,-3.94,-3.32,7933000,-4.1700000000001,0.99589923843,IBM
2002-04-17,-2.47,-2.32,-5.52,-4.71,11012200,-3.32,-1.6125290023202,IBM
2002-04-18,-2.55,-0.42000000000003,-2.62,-0.57000000000002,14762800,-4.71,4.8814998231341,IBM
2002-04-19,0.37999999999999,0.50999999999999,-1.92,-0.52000000000002,9287700,-0.57000000000002,0.056211354693645,IBM
2002-04-22,-0.57000000000002,-0.57000000000002,-2.16,-1.59,6757700,-0.52000000000002,-1.2022471910112,IBM
2002-04-23,-1.17,-0.44000000000002,-2.28,-2.19,5139100,-1.59,-0.68236096895259,IBM
2002-04-24,-1.32,-1.27,-3.25,-3.02,6520300,-2.19,-0.95041795488377,IBM
2002-04-25,-3.47,-2.6,-3.75,-2.8100000000001,6870000,-3.02,0.24277456647398,IBM
2002-04-26,-2.82,-2.56,-4.82,-4.8100000000001,6684200,-2.8100000000001,-2.3065390381732,IBM
2002-04-29,-4.8100000000001,-4.4200000000001,-5.9700000000001,-5.63,6535600,-4.8100000000001,-0.96800849958682,IBM
2002-04-30,-5.6100000000001,-4.29,-5.9900000000001,-5.76,8883900,-5.63,-0.15496483490284,IBM
2002-05-01,-5.6700000000001,-4.87,-7.8500000000001,-5.2200000000001,12203800,-5.76,0.64469914040114,IBM
2002-05-02,-5.77,-4.7200000000001,-6.3900000000001,-5.66,6582900,-5.2200000000001,-0.52194543297746,IBM
2002-05-03,-6.4200000000001,-6.0200000000001,-8.4100000000001,-7.7400000000001,8653500,-5.66,-2.4803243501073,IBM
2002-05-06,-7.8200000000001,-7.6500000000001,-13.52,-13.52,13650400,-7.7400000000001,-7.0677427243825,IBM
2002-05-07,-12.63,-12.02,-13.6,-13.02,17418300,-13.52,0.65789473684211,IBM
2002-05-08,-11.17,-6.5700000000001,-11.17,-6.9200000000001,12779700,-13.02,7.7777777777778,IBM
2002-05-09,-7.47,-6.37,-10.37,-9.4400000000001,10130100,-6.9200000000001,-3.0563978168587,IBM
2002-05-10,-9.4200000000001,-8.8700000000001,-10.12,-9.6900000000001,7386300,-9.4400000000001,-0.31277367696735,IBM
2002-05-13,-9.1200000000001,-7.08,-9.8700000000001,-7.1800000000001,6527600,-9.6900000000001,3.1501004016064,IBM
2002-05-14,-4.87,-3.89,-7.1800000000001,-3.89,9622500,-7.1800000000001,4.002920063268,IBM
2002-05-15,-4.77,-2.88,-5.32,-4.87,8551400,-3.89,-1.1464670098269,IBM
2002-05-16,-5.17,-3.37,-5.97,-3.92,6768300,-4.87,1.1242603550296,IBM
2002-05-17,-3.12,-2.97,-4.37,-3.68,5874800,-3.92,0.28086600351082,IBM
2002-05-20,-3.92,-3.91,-5.44,-4.92,4530300,-3.68,-1.4470766717236,IBM
2002-05-21,-4.96,-4.37,-6.0700000000001,-5.92,4454000,-4.92,-1.1841326228538,IBM
2002-05-22,-5.61,-4.98,-6.6300000000001,-5.37,5040700,-5.92,0.65907729179149,IBM
2002-05-23,-5.12,-4.32,-6.8500000000001,-5.02,6865600,-5.37,0.41666666666666,IBM
2002-05-24,-5.72,-5.62,-6.75,-6.2700000000001,4122000,-5.02,-1.4819205690575,IBM
2002-05-28,-6.5700000000001,-6.26,-7.6800000000001,-7.2900000000001,4552100,-6.2700000000001,-1.2274368231047,IBM
2002-05-29,-7.8700000000001,-7.3700000000001,-8.3700000000001,-7.7700000000001,4519500,-7.2900000000001,-0.58479532163743,IBM
2002-05-30,-8.7700000000001,-7.1200000000001,-9.1500000000001,-7.1200000000001,7374100,-7.7700000000001,0.79656862745099,IBM
2002-05-31,-7.3200000000001,-7.3200000000001,-8.9700000000001,-8.9200000000001,5126200,-7.1200000000001,-2.1884498480243,IBM
2002-06-03,-8.6200000000001,-8.4600000000001,-11.37,-11.26,8383600,-8.9200000000001,-2.9086389061529,IBM
2002-06-04,-11.26,-9.7200000000001,-11.77,-10.06,7265900,-11.26,1.536294968634,IBM
2002-06-05,-9.7200000000001,-8.6600000000001,-10.26,-8.8200000000001,7172100,-10.06,1.5634850586307,IBM
2002-06-06,-8.8200000000001,-8.4200000000001,-10.48,-9.7100000000001,5540800,-8.8200000000001,-1.104903786468,IBM
2002-06-07,-10.89,-10.52,-12.37,-11.07,9309400,-9.7100000000001,-1.7072558373086,IBM
2002-06-10,-11.62,-10.57,-12.77,-12.57,7075800,-11.07,-1.9157088122605,IBM
2002-06-11,-11.52,-11.12,-14.17,-13.88,7953000,-12.57,-1.7057291666667,IBM
2002-06-12,-13.97,-13.42,-16.12,-14.72,13296100,-13.88,-1.1127301629355,IBM
2002-06-13,-13.92,-11.97,-14.07,-13.77,8909700,-14.72,1.2726054922974,IBM
2002-06-14,-15.17,-12.6,-16.12,-13.2,8592000,-13.77,0.75396825396826,IBM
2002-06-17,-13.19,-11.62,-14.21,-12.23,7775800,-13.2,1.2734672443219,IBM
2002-06-18,-13.77,-12.47,-13.9,-13.43,7240900,-12.23,-1.5556131708582,IBM
2002-06-19,-15.17,-14.17,-16.12,-16.02,9455400,-13.43,-3.4105873057677,IBM
2002-06-20,-15.37,-15.28,-17.939,-17.79,11116800,-16.02,-2.4130879345603,IBM
2002-06-21,-19.37,-18.38,-21.18,-20.62,15542600,-17.79,-3.9536183291422,IBM
2002-06-24,-22.12,-17.88,-22.12,-19.67,14687700,-20.62,1.3818181818182,IBM
2002-06-25,-19.07,-17.92,-20.96,-20.77,8554800,-19.67,-1.5781922525108,IBM
2002-06-26,-23.27,-18.78,-23.27,-19.32,11544000,-20.77,2.1137026239067,IBM
2002-06-27,-18.17,-17.22,-20.27,-17.47,10610100,-19.32,2.6409707351892,IBM
2002-06-28,-18.02,-15.75,-18.12,-17.37,10945600,-17.47,0.13908205841446,IBM
2002-07-01,-17.36,-16.96,-22.21,-21.77,12056000,-17.37,-6.1111111111111,IBM
2002-07-02,-21.52,-19.97,-21.67,-20.79,12012900,-21.77,1.4497041420118,IBM
2002-07-03,-21.42,-18.66,-21.5,-18.86,8469900,-20.79,2.814231554389,IBM
2002-07-05,-16.92,-15.47,-17.37,-15.87,5243000,-18.86,4.2405332576939,IBM
2002-07-08,-16.37,-15.89,-18.34,-18.07,9488100,-15.87,-2.9931972789116,IBM
2002-07-09,-17.97,-17.12,-19.92,-19.7,11165100,-18.07,-2.2861150070126,IBM
2002-07-10,-18.77,-18.12,-20.84,-20.61,10073400,-19.7,-1.3061576001148,IBM
2002-07-11,-21.37,-19.62,-21.82,-19.96,11034600,-20.61,0.94531704479347,IBM
2002-07-12,-19.37,-17.621,-20.57,-20.16,8576000,-19.96,-0.28814291888777,IBM
2002-07-15,-20.97,-18.37,-22.77,-18.37,10419300,-20.16,2.5863314549921,IBM
2002-07-16,-19.86,-17.98,-20.89,-20.36,10474200,-18.37,-2.8028169014084,IBM
2002-07-17,-18.37,-17.77,-19.75,-18.68,11519000,-20.36,2.4344297927836,IBM
2002-07-18,-18.87,-15.17,-19.37,-17.32,15310800,-18.68,1.9238930541802,IBM
2002-07-19,-18.41,-16.67,-19.37,-17.37,11608900,-17.32,-0.069396252602356,IBM
2002-07-22,-18.12,-17.18,-21.06,-20.87,14882200,-17.37,-4.8611111111111,IBM
2002-07-23,-21.12,-19.37,-22.71,-22.32,12766700,-20.87,-2.1167883211679,IBM
2002-07-24,-23.37,-19.37,-23.67,-19.83,13804500,-22.32,3.7136465324385,IBM
2002-07-25,-20.47,-19.37,-22.07,-20.02,10989800,-19.83,-0.27322404371586,IBM
2002-07-26,-20.62,-19.9,-23.61,-22.97,11576400,-20.02,-4.253785147801,IBM
2002-07-29,-19.0,-17.97,-21.37,-18.19,11918600,-22.97,7.1987951807229,IBM
2002-07-30,-18.87,-16.67,-19.35,-17.58,10136400,-18.19,0.85698229839843,IBM
2002-07-31,-18.62,-17.77,-20.26,-18.97,12708100,-17.58,-1.9362028137624,IBM
2002-08-01,-18.97,-18.67,-22.15,-21.12,8832000,-18.97,-3.0539772727273,IBM
2002-08-02,-21.16,-21.14,-22.247,-21.49,6915000,-21.12,-0.54212454212455,IBM
2002-08-05,-21.43,-21.02,-23.52,-23.38,7126900,-21.49,-2.7843252799057,IBM
2002-08-06,-22.37,-19.95,-22.76,-21.47,8370800,-23.38,2.8943779360509,IBM
2002-08-07,-20.22,-19.32,-22.42,-20.05,8036800,-21.47,1.8703976435935,IBM
2002-08-08,-20.02,-17.17,-20.87,-17.61,8432500,-20.05,3.5275408414052,IBM
2002-08-09,-18.61,-14.92,-18.82,-17.39,6940900,-17.61,0.30721966205837,IBM
2002-08-12,-18.17,-16.58,-18.61,-17.45,5263300,-17.39,-0.083530558262568,IBM
2002-08-13,-17.67,-15.42,-18.03,-17.32,7784100,-17.45,0.18113417862618,IBM
2002-08-14,-17.27,-14.2,-17.87,-14.3,8353000,-17.32,4.2002781641168,IBM
2002-08-15,-13.82,-12.51,-14.62,-12.72,9267300,-14.3,2.1089161772557,IBM
2002-08-16,-12.72,-9.2400000000001,-13.24,-9.8700000000001,11644200,-12.72,3.7254901960784,IBM
2002-08-19,-9.8700000000001,-6.37,-10.21,-6.73,10802500,-9.8700000000001,3.9571518588532,IBM
2002-08-20,-7.6600000000001,-7.22,-9.0400000000001,-7.9500000000001,7671000,-6.73,-1.478967147533,IBM
2002-08-21,-7.32,-6.8900000000001,-9.6700000000001,-8.2200000000001,7768600,-7.9500000000001,-0.33222591362126,IBM
2002-08-22,-8.2700000000001,-6.77,-9.0200000000001,-7.2300000000001,5446600,-8.2200000000001,1.2222222222222,IBM
2002-08-23,-8.0200000000001,-7.7400000000001,-9.8700000000001,-8.8200000000001,5908900,-7.2300000000001,-1.9392608854738,IBM
2002-08-26,-8.8200000000001,-8.3300000000001,-11.42,-9.8000000000001,6997800,-8.8200000000001,-1.2189054726368,IBM
2002-08-27,-8.8200000000001,-8.7800000000001,-11.92,-11.26,7087800,-9.8000000000001,-1.8383278771091,IBM
2002-08-28,-13.22,-12.21,-13.55,-13.16,6590300,-11.26,-2.4371472550026,IBM
2002-08-29,-13.62,-11.87,-14.07,-12.6,5857400,-13.16,0.73626084669998,IBM
2002-08-30,-13.67,-12.87,-14.12,-13.84,5002500,-12.6,-1.6183764030279,IBM
2002-09-03,-15.02,-14.22,-16.92,-16.87,6853800,-13.84,-4.019633855134,IBM
2002-09-04,-16.87,-15.23,-17.62,-15.49,6264400,-16.87,1.907394609537,IBM
2002-09-05,-16.48,-16.37,-17.72,-17.04,6467700,-15.49,-2.1022650210226,IBM
2002-09-06,-15.47,-15.23,-16.15,-16.02,4586500,-17.04,1.4131338320864,IBM
2002-09-09,-16.77,-14.24,-17.37,-14.72,5785000,-16.02,1.775956284153,IBM
2002-09-10,-14.62,-13.62,-15.37,-13.62,5538300,-14.72,1.4765100671141,IBM
2002-09-11,-12.82,-11.72,-15.16,-15.02,5394400,-13.62,-1.8518518518518,IBM
2002-09-12,-15.17,-15.17,-17.58,-17.35,6707400,-15.02,-3.1401617250674,IBM
2002-09-13,-17.72,-16.34,-17.91,-16.72,5949600,-17.35,0.87658271879782,IBM
2002-09-16,-17.22,-16.5,-17.99,-16.9,4595200,-16.72,-0.24827586206897,IBM
2002-09-17,-16.22,-15.77,-17.87,-17.47,6195100,-16.9,-0.78816371681415,IBM
2002-09-18,-18.57,-18.32,-20.36,-19.67,12710000,-17.47,-3.0662020905923,IBM
2002-09-19,-24.42,-22.74,-24.57,-24.42,22034200,-19.67,-6.8296189791517,IBM
2002-09-20,-23.82,-23.8174,-25.32,-25.3,14195100,-24.42,-1.358024691358,IBM
2002-09-23,-25.47,-25.47,-26.85,-25.85,8377100,-25.3,-0.86045056320401,IBM
2002-09-24,-28.14,-25.92,-29.67,-29.47,16708100,-25.85,-5.7124822471201,IBM
2002-09-25,-28.02,-25.45,-28.225,-26.21,13119200,-29.47,5.4560669456067,IBM
2002-09-26,-25.02,-24.34,-27.89,-27.2,12368800,-26.21,-1.5711791779083,IBM
2002-09-27,-27.79,-25.73,-28.91,-28.86,8793100,-27.2,-2.6765559496937,IBM
2002-09-30,-29.67,-29.33,-31.23,-30.91,13019900,-28.86,-3.3962889330683,IBM
2002-10-01,-30.02,-27.24,-30.224,-28.05,11642300,-30.91,4.9048190704853,IBM
2002-10-02,-28.04,-27.22,-30.87,-29.59,10653300,-28.05,-2.5175739741703,IBM
2002-10-03,-28.92,-28.06,-30.27,-29.22,10998800,-29.59,0.62049304041589,IBM
2002-10-04,-29.72,-29.71,-33.45,-32.62,14551600,-29.22,-5.6666666666667,IBM
2002-10-07,-32.62,-30.72,-32.62,-32.36,9641500,-32.62,0.45936395759717,IBM
2002-10-08,-31.44,-31.13,-34.42,-32.17,14744500,-32.36,0.33415406260992,IBM
2002-10-09,-33.17,-32.52,-34.41,-34.15,12155800,-32.17,-3.4706397896582,IBM
2002-10-10,-34.57,-30.74,-35.21,-31.64,12672600,-34.15,4.5578354821137,IBM
2002-10-11,-27.22,-25.3,-27.72,-25.3,17852500,-31.64,11.010767627648,IBM
2002-10-14,-27.68,-25.42,-27.68,-25.8,7925300,-25.3,-0.78222778473091,IBM
2002-10-15,-21.47,-20.74,-22.64,-20.74,14600200,-25.8,7.9785556606749,IBM
2002-10-16,-22.62,-22.215,-24.98,-24.32,15828900,-20.74,-5.2278037383178,IBM
2002-10-17,-16.42,-16.22,-17.99,-17.02,21344500,-24.32,11.248073959938,IBM
2002-10-18,-17.49,-14.97,-18.958,-14.97,12532700,-17.02,2.8393351800554,IBM
2002-10-21,-15.57,-13.32,-16.28,-13.67,10915800,-14.97,1.7508417508417,IBM
2002-10-22,-14.72,-13.54,-15.6,-14.73,10406500,-13.67,-1.4030443414957,IBM
2002-10-23,-14.82,-14.25,-16.76,-14.62,12468900,-14.73,0.1476708282991,IBM
2002-10-24,-13.72,-13.67,-17.47,-17.12,10570000,-14.62,-3.3512064343164,IBM
2002-10-25,-16.72,-14.6,-17.06,-14.66,7538800,-17.12,3.4119278779473,IBM
2002-10-28,-14.07,-11.72,-14.66,-12.66,12544800,-14.66,2.6824034334764,IBM
2002-10-29,-12.66,-12.166,-15.02,-12.48,11648500,-12.66,0.23510971786833,IBM
2002-10-30,-12.22,-9.8200000000001,-13.2,-10.55,12865800,-12.48,2.5149856658848,IBM
2002-10-31,-10.55,-9.4300000000001,-10.72,-10.28,9844300,-10.55,0.34320579636456,IBM
2002-11-01,-10.32,-8.7200000000001,-10.9,-8.8200000000001,9395200,-10.28,1.849505953889,IBM
2002-11-04,-7.2210000000001,-5.41,-7.52,-6.72,12005100,-8.8200000000001,2.6119402985075,IBM
2002-11-05,-7.47,-7.21,-8.7500000000001,-7.54,10466700,-6.72,-0.99393939393939,IBM
2002-11-06,-8.2700000000001,-7.19,-9.0200000000001,-7.53,10480800,-7.54,-0.17140058765916,IBM
2002-11-07,-9.0700000000001,-9.0700000000001,-10.75,-10.12,11036800,-7.53,-3.1763551631101,IBM
2002-11-08,-10.57,-9.7750000000001,-11.87,-11.48,8119600,-10.12,-1.7226092463585,IBM
2002-11-11,-11.48,-10.71,-12.37,-11.78,7386400,-11.48,-0.3866477638871,IBM
2002-11-12,-11.57,-9.1700000000001,-11.77,-9.9200000000001,9027700,-11.78,2.4065208953293,IBM
2002-11-13,-9.5700000000001,-8.7400000000001,-11.09,-9.7200000000001,11984100,-9.9200000000001,0.25268477574225,IBM
2002-11-14,-8.6900000000001,-8.0800000000001,-9.6700000000001,-8.3500000000001,9662800,-9.7200000000001,1.7265280403277,IBM
2002-11-15,-8.6900000000001,-8.6700000000001,-10.06,-9.0600000000001,11367800,-8.3500000000001,-0.87958374628344,IBM
2002-11-18,-8.2700000000001,-8.0800000000001,-9.9900000000001,-9.8900000000001,7320800,-9.0600000000001,-1.0373703287089,IBM
2002-11-19,-10.83,-9.6200000000001,-11.23,-10.7,6918800,-9.8900000000001,-1.0229856024249,IBM
2002-11-20,-11.12,-7.36,-11.17,-7.46,9070900,-10.7,4.1342350389179,IBM
2002-11-21,-7.02,-4.15,-7.02,-4.17,12737200,-7.46,4.0313687048156,IBM
2002-11-22,-5.12,-3.9,-5.27,-4.64,9053300,-4.17,-0.55359246171967,IBM
2002-11-25,-4.44,-2.82,-4.75,-2.87,8651100,-4.64,2.0964112282364,IBM
2002-11-26,-2.92,-2.92,-4.68,-4.01,8560800,-2.87,-1.322505800464,IBM
2002-11-27,-3.17,-0.95200000000002,-3.22,-1.37,8209800,-4.01,3.103691511874,IBM
2002-11-29,-1.36,-1.02,-2.31,-2.15,2980700,-1.37,-0.88939566704675,IBM
2002-12-02,-0.47000000000001,0.39,-2.77,-1.77,9694200,-2.15,0.43718361711918,IBM
2002-12-03,-2.35,-2.036,-3.92,-3.86,7028700,-1.77,-2.3940435280642,IBM
2002-12-04,-5.66,-4.204,-6.25,-5.38,10056600,-3.86,-1.7838281891797,IBM
2002-12-05,-4.17,-4.083,-6.47,-6.01,6960900,-5.38,-0.75277810969052,IBM
2002-12-06,-7.57,-6.312,-8.0000000000001,-6.75,7594800,-6.01,-0.89092222489768,IBM
2002-12-09,-8.0700000000001,-7.7400000000001,-9.5700000000001,-9.4800000000001,8841900,-6.75,-3.3163265306122,IBM
2002-12-10,-10.47,-8.0700000000001,-10.47,-8.2700000000001,6869800,-9.4800000000001,1.5202914939063,IBM
2002-12-11,-8.2700000000001,-6.59,-9.0740000000001,-7.6300000000001,6661000,-8.2700000000001,0.79207920792079,IBM
2002-12-12,-7.8200000000001,-7.38,-9.3700000000001,-8.9000000000001,7208700,-7.6300000000001,-1.5594302554027,IBM
2002-12-13,-9.8200000000001,-9.0700000000001,-10.8,-9.0700000000001,7773800,-8.9000000000001,-0.21204939503555,IBM
2002-12-16,-9.4700000000001,-7.28,-10.02,-7.45,8483500,-9.0700000000001,2.025,IBM
2002-12-17,-8.4700000000001,-7.3,-9.0400000000001,-8.7600000000001,6167600,-7.45,-1.6049987748101,IBM
2002-12-18,-9.8200000000001,-9.3800000000001,-10.83,-9.9400000000001,6515900,-8.7600000000001,-1.4693064375545,IBM
2002-12-19,-10.47,-8.7300000000001,-10.72,-10.41,7319900,-9.9400000000001,-0.59395930746872,IBM
2002-12-20,-9.6700000000001,-9.0700000000001,-10.19,-9.2800000000001,8053800,-10.41,1.4365624205441,IBM
2002-12-23,-9.3200000000001,-7.563,-9.6300000000001,-8.8100000000001,5922300,-9.2800000000001,0.58904624639679,IBM
2002-12-24,-8.8700000000001,-8.0700000000001,-9.3100000000001,-9.3100000000001,2420200,-8.8100000000001,-0.62297533017692,IBM
2002-12-26,-9.2590000000001,-8.37,-10.81,-10.57,5784300,-9.3100000000001,-1.579739217653,IBM
2002-12-27,-10.57,-9.8900000000001,-12.46,-11.71,6334100,-10.57,-1.4522292993631,IBM
2002-12-30,-12.07,-11.64,-13.47,-12.82,8066600,-11.71,-1.4348500517063,IBM
2002-12-31,-11.97,-10.61,-11.97,-11.57,7871400,-12.82,1.6393442622951,IBM
2003-01-02,-10.27,-8.5000000000001,-10.88,-8.5000000000001,7864500,-11.57,3.9612903225806,IBM
2003-01-03,-8.37,-7.42,-8.8600000000001,-7.42,5963400,-8.5000000000001,1.3404492987464,IBM
2003-01-06,-7.17,-4.48,-7.26,-5.48,7922800,-7.42,2.375995101041,IBM
2003-01-07,-5.12,-2.89,-5.32,-3.07,11906900,-5.48,2.8831199904295,IBM
2003-01-08,-3.52,-3.38,-5.0,-4.88,9509100,-3.07,-2.1046511627907,IBM
2003-01-09,-4.32,-2.05,-4.32,-2.07,10711600,-4.88,3.3376885615869,IBM
2003-01-10,-3.22,-1.03,-3.37,-1.39,9960000,-2.07,0.78160919540231,IBM
2003-01-13,-0.76000000000001,-0.12,-1.72,-1.56,10499100,-1.39,-0.19388686131387,IBM
2003-01-14,-1.56,-0.48,-1.845,-0.49000000000001,7569100,-1.56,1.2227174037253,IBM
2003-01-15,-0.49000000000001,-0.42,-2.12,-1.48,8146600,-0.49000000000001,-1.1176337773764,IBM
2003-01-16,-1.67,-1.36,-3.69,-3.02,9987700,-1.48,-1.7581915743806,IBM
2003-01-17,-5.33,-5.33,-7.89,-7.7700000000001,17331200,-3.02,-5.520046484602,IBM
2003-01-21,-7.7700000000001,-7.22,-8.5700000000001,-8.5300000000001,8926900,-7.7700000000001,-0.93480934809347,IBM
2003-01-22,-9.0700000000001,-8.3000000000001,-9.6800000000001,-9.3700000000001,9433100,-8.5300000000001,-1.0429600198659,IBM
2003-01-23,-8.9200000000001,-7.7100000000001,-9.2700000000001,-8.0200000000001,8371400,-9.3700000000001,1.693851944793,IBM
2003-01-24,-8.4700000000001,-8.34,-10.25,-10.08,7748000,-8.0200000000001,-2.5416409623689,IBM
2003-01-27,-11.08,-9.5700000000001,-11.46,-10.65,9307800,-10.08,-0.72161033042156,IBM
2003-01-28,-10.57,-8.6000000000001,-10.71,-8.9600000000001,8017400,-10.65,2.1550624840602,IBM
2003-01-29,-9.5700000000001,-8.37,-10.5,-8.7500000000001,7755000,-8.9600000000001,0.26213955810759,IBM
2003-01-30,-7.7700000000001,-7.7700000000001,-10.77,-10.77,7349500,-8.7500000000001,-2.5149402390438,IBM
2003-01-31,-11.37,-10.73,-12.05,-10.87,9744100,-10.77,-0.12771392081736,IBM
2003-02-03,-10.87,-10.2,-11.32,-10.89,6683500,-10.87,-0.025575447570327,IBM
2003-02-04,-10.8899,-10.8899,-12.82,-11.98,7216200,-10.89,-1.394218470197,IBM
2003-02-05,-11.22,-10.17,-12.2,-11.81,7427000,-11.98,0.22052146841354,IBM
2003-02-06,-11.81,-10.72,-12.41,-11.41,7755200,-11.81,0.3235827077401,IBM
2003-02-07,-10.95,-10.77,-12.31,-11.82,8296400,-11.41,-0.52896400464458,IBM
2003-02-10,-11.82,-10.9,-12.47,-11.01,7949100,-11.82,1.0505836575876,IBM
2003-02-11,-10.62,-9.9500000000001,-11.61,-11.53,8599200,-11.01,-0.66743678603516,IBM
2003-02-12,-11.42,-10.83,-12.42,-12.42,5609200,-11.53,-1.1500193823491,IBM
2003-02-13,-12.82,-12.57,-14.61,-13.06,11218600,-12.42,-0.83660130718954,IBM
2003-02-14,-12.52,-11.47,-13.57,-11.47,8300100,-13.06,2.0959662536251,IBM
2003-02-18,-10.9,-9.4150000000001,-11.01,-9.5900000000001,7793000,-11.47,2.427372498386,IBM
2003-02-19,-9.8400000000001,-9.22,-10.094,-9.4100000000001,5440300,-9.5900000000001,0.22690028992816,IBM
2003-02-20,-9.3500000000001,-8.8700000000001,-10.21,-9.8800000000001,6285100,-9.4100000000001,-0.59112061375927,IBM
2003-02-21,-9.4300000000001,-8.9200000000001,-10.76,-8.97,7460400,-9.8800000000001,1.1513157894737,IBM
2003-02-24,-9.22,-8.9300000000001,-10.36,-10.36,6874700,-8.97,-1.7385866166354,IBM
2003-02-25,-11.02,-9.5500000000001,-12.02,-9.8500000000001,7675900,-10.36,0.64918533604887,IBM
2003-02-26,-10.47,-9.8700000000001,-11.62,-11.52,8587000,-9.8500000000001,-2.11205261161,IBM
2003-02-27,-11.02,-10.33,-12.17,-11.64,9926500,-11.52,-0.15503875968993,IBM
2003-02-28,-11.92,-10.45,-11.92,-10.97,6556100,-11.64,0.86697722567288,IBM
2003-03-03,-10.02,-9.9200000000001,-11.8,-11.59,6618300,-10.97,-0.795381654907,IBM
2003-03-04,-11.32,-11.17,-12.39,-12.22,5672200,-11.59,-0.81469028837449,IBM
2003-03-05,-12.22,-11.19,-12.67,-11.19,6658000,-12.22,1.3428943937419,IBM
2003-03-06,-11.92,-11.14,-12.22,-11.85,5876500,-11.19,-0.84909301428021,IBM
2003-03-07,-13.21,-10.93,-13.21,-11.02,8129200,-11.85,1.0769430387959,IBM
2003-03-10,-11.47,-11.47,-13.42,-13.22,6641300,-11.02,-2.8241335044929,IBM
2003-03-11,-13.1,-12.59,-13.72,-13.57,8096100,-13.22,-0.46235138705417,IBM
2003-03-12,-13.67,-13.29,-15.75,-13.74,12773700,-13.57,-0.22561380225612,IBM
2003-03-13,-12.925,-10.24,-13.61,-10.47,10452500,-13.74,4.3495610534717,IBM
2003-03-14,-10.47,-9.4400000000001,-10.81,-9.9200000000001,10117600,-10.47,0.70108349267049,IBM
2003-03-17,-10.92,-6.25,-11.08,-6.46,15193000,-9.9200000000001,4.379746835443,IBM
2003-03-18,-6.459,-5.42,-7.43,-6.45,10795400,-6.46,0.012127091923363,IBM
2003-03-19,-6.83,-6.42,-7.84,-6.92,10472800,-6.45,-0.56990420759064,IBM
2003-03-20,-7.21,-6.43,-8.28,-6.72,9045900,-6.92,0.24390243902439,IBM
2003-03-21,-6.155,-4.02,-6.155,-4.02,12597400,-6.72,3.2846715328467,IBM
2003-03-24,-6.42,-5.57,-6.684,-6.67,9352600,-4.02,-3.1213191990577,IBM
2003-03-25,-6.92,-4.92,-7.18,-5.47,8777100,-6.67,1.4589665653495,IBM
2003-03-26,-5.92,-5.67,-7.74,-7.37,10531600,-5.47,-2.2768124625524,IBM
2003-03-27,-8.17,-6.59,-8.41,-7.47,7265800,-7.37,-0.12262415695891,IBM
2003-03-28,-7.87,-6.93,-8.42,-8.0700000000001,6649200,-7.47,-0.73664825046042,IBM
2003-03-31,-9.6600000000001,-9.3100000000001,-10.61,-10.49,10170300,-8.0700000000001,-2.9931972789115,IBM
2003-04-01,-10.42,-9.3600000000001,-10.8,-10.19,7860900,-10.49,0.38250669386714,IBM
2003-04-02,-9.02,-6.95,-9.02,-7.46,9700100,-10.19,3.4675473136034,IBM
2003-04-03,-6.6,-5.44,-7.205,-7.01,9624000,-7.46,0.55241836484164,IBM
2003-04-04,-6.57,-6.37,-8.88,-8.13,8985000,-7.01,-1.3673544133805,IBM
2003-04-07,-6.32,-6.02,-8.6700000000001,-8.45,8882300,-8.13,-0.39608862482981,IBM
2003-04-08,-8.3,-8.22,-9.6700000000001,-8.8500000000001,8057500,-8.45,-0.49707965701504,IBM
2003-04-09,-9.22,-8.18,-10.29,-10.21,8545500,-8.8500000000001,-1.6985138004246,IBM
2003-04-10,-9.8200000000001,-9.6700000000001,-10.79,-9.9100000000001,6880100,-10.21,0.38114597890994,IBM
2003-04-11,-8.8200000000001,-7.625,-10.47,-10.17,7573500,-9.9100000000001,-0.329072269333,IBM
2003-04-14,-10.42,-8.8500000000001,-10.76,-8.8500000000001,9051900,-10.17,1.6761904761905,IBM
2003-04-15,-8.8500000000001,-6.07,-9.2100000000001,-6.13,13613300,-8.8500000000001,3.3970276008493,IBM
2003-04-16,-5.54,-4.52,-6.18,-6.04,10790700,-6.13,0.10870878125376,IBM
2003-04-17,-7.03,-4.52,-7.03,-4.66,8803200,-6.04,1.6650579150579,IBM
2003-04-21,-4.52,-4.41,-5.82,-5.56,6703400,-4.66,-1.0681224780442,IBM
2003-04-22,-5.56,-2.86,-6.32,-3.29,9542600,-5.56,2.7231285988484,IBM
2003-04-23,-3.68,-2.95,-3.954,-3.17,7085800,-3.29,0.14013780217214,IBM
2003-04-24,-4.27,-3.22,-4.29,-3.72,5943500,-3.17,-0.64139941690962,IBM
2003-04-25,-3.71,-3.64,-5.06,-5.04,6790700,-3.72,-1.5492957746479,IBM
2003-04-28,-4.87,-3.42,-5.3,-3.8,6364600,-5.04,1.4783023366714,IBM
2003-04-29,-3.58,-2.43,-3.95,-3.26,8732800,-3.8,0.63439849624059,IBM
2003-04-30,-3.26,-3.25,-4.236,-4.02,8445000,-3.26,-0.88722857809945,IBM
2003-05-01,-3.62,-2.69,-4.45,-3.03,7486400,-4.02,1.1660777385159,IBM
2003-05-02,-4.47,-1.35,-4.47,-1.35,8381900,-3.03,1.9559902200489,IBM
2003-05-05,-1.72,-0.916,-2.4,-2.4,7632500,-1.35,-1.1990407673861,IBM
2003-05-06,-2.62,-0.57999999999999,-2.92,-1.41,7459600,-2.4,1.1442441054092,IBM
2003-05-07,-1.81,-0.94600000000002,-2.258,-2.08,6754600,-1.41,-0.94846303279625,IBM
2003-05-08,-2.39,-1.98,-3.01,-2.71,7188200,-2.08,-0.72681125980619,IBM
2003-05-09,-1.86,-1.06,-2.36,-1.21,6222600,-2.71,1.7431725740848,IBM
2003-05-12,-1.21,0.50000000000001,-1.66,0.24,8445700,-1.21,1.6561964591662,IBM
2003-05-13,0.02,1.34,-0.2,1.22,8669200,0.24,1.1011235955056,IBM
2003-05-14,1.24,1.644,-0.46,-0.059999999999999,7752200,1.22,-1.4225383418537,IBM
2003-05-15,0.74,1.2,0.24,1.14,7102900,-0.059999999999999,1.3528748590755,IBM
2003-05-16,0.91,1.13,0.19,0.22999999999999,6831600,1.14,-1.0122358175751,IBM
2003-05-19,-0.71000000000001,-0.29,-2.35,-2.31,7299400,0.22999999999999,-2.8542532868862,IBM
2003-05-20,-2.18,-1.52,-3.87,-2.99,7331900,-2.31,-0.78658183921343,IBM
2003-05-21,-2.99,-2.58,-3.68,-2.58,6741500,-2.99,0.47802261863124,IBM
2003-05-22,-2.51,-1.96,-2.96,-2.68,6277300,-2.58,-0.11603620329544,IBM
2003-05-23,-3.01,-2.81,-3.66,-3.5,5188500,-2.68,-0.95260223048326,IBM
2003-05-27,-4.25,-0.86,-4.25,-1.07,7163400,-3.5,2.8501055594652,IBM
2003-05-28,-1.16,-0.059999999999999,-1.36,-1.19,6539900,-1.07,-0.13684570646596,IBM
2003-05-29,-1.19,-0.17,-1.56,-1.4,6898900,-1.19,-0.23980815347721,IBM
2003-05-30,-1.31,-0.079999999999995,-1.31,-0.72,6209200,-1.4,0.77838827838829,IBM
2003-06-02,0.24,0.32,-1.51,-1.43,7702600,-0.72,-0.80645161290323,IBM
2003-06-03,-4.44,-3.52,-5.52,-4.94,21111400,-1.43,-4.0192373754724,IBM
2003-06-04,-4.76,-3.8,-4.93,-4.51,10733900,-4.94,0.51300405631115,IBM
2003-06-05,-4.76,-4.51,-7.01,-6.86,15256700,-4.51,-2.7893175074184,IBM
2003-06-06,-6.51,-5.53,-8.9200000000001,-8.7100000000001,15161800,-6.86,-2.2588522588523,IBM
2003-06-09,-8.7600000000001,-6.76,-8.9500000000001,-6.76,9758600,-8.7100000000001,2.4359775140537,IBM
2003-06-10,-6.41,-5.84,-7.55,-7.05,8896000,-6.76,-0.35365853658537,IBM
2003-06-11,-6.01,-4.61,-6.475,-4.79,9815700,-7.05,2.7658793293355,IBM
2003-06-12,-3.96,-3.78,-5.21,-4.81,7072400,-4.79,-0.023818030248894,IBM
2003-06-13,-4.61,-4.47,-6.25,-6.01,5727000,-4.81,-1.4294222751638,IBM
2003-06-16,-5.66,-4.21,-6.209,-4.26,6492100,-6.01,2.1148036253776,IBM
2003-06-17,-3.81,-3.81,-4.96,-4.46,5873700,-4.26,-0.23668639053255,IBM
2003-06-18,-4.61,-3.77,-5.54,-4.06,5941400,-4.46,0.47449584816134,IBM
2003-06-19,-3.81,-3.47,-4.26,-4.21,7277100,-4.06,-0.17709563164109,IBM
2003-06-20,-3.76,-3.52,-4.07,-3.84,11971700,-4.21,0.43761088113543,IBM
2003-06-23,-3.97,-3.97,-5.79,-5.58,6311600,-3.84,-2.0489872821479,IBM
2003-06-24,-5.81,-4.58,-5.91,-5.13,5062900,-5.58,0.54099543159412,IBM
2003-06-25,-5.21,-4.6,-6.67,-6.27,5548000,-5.13,-1.3631471959823,IBM
2003-06-26,-5.06,-4.38,-5.94,-4.41,6374400,-6.27,2.254818765911,IBM
2003-06-27,-4.61,-4.11,-5.54,-5.34,4532900,-4.41,-1.1025489033788,IBM
2003-06-30,-4.86,-4.56,-6.26,-6.26,10100200,-5.34,-1.1028530328458,IBM
2003-07-01,-7.36,-5.1,-7.36,-5.17,5785800,-6.26,1.3212121212121,IBM
2003-07-02,-4.81,-3.87,-5.01,-4.02,6009700,-5.17,1.3757626510348,IBM
2003-07-03,-4.51,-4.07,-5.28,-4.81,3009500,-4.02,-0.93226339391078,IBM
2003-07-07,-3.96,-2.31,-4.025,-2.67,7508700,-4.81,2.5491363907088,IBM
2003-07-08,-2.67,-2.01,-3.57,-2.51,5873900,-2.67,0.18585201533279,IBM
2003-07-09,-2.66,-2.41,-3.91,-3.29,6710100,-2.51,-0.90434782608696,IBM
2003-07-10,-3.76,-3.541,-5.29,-4.73,7509200,-3.29,-1.6848016848017,IBM
2003-07-11,-4.66,-3.48,-5.06,-3.87,4534700,-4.73,1.0234440080923,IBM
2003-07-14,-2.76,-2.18,-3.34,-3.34,6455300,-3.87,0.62433737778301,IBM
2003-07-15,-2.61,-1.76,-2.94,-2.32,7910400,-3.34,1.1940997424491,IBM
2003-07-16,-1.76,-1.727,-2.91,-2.02,8843200,-2.32,0.34706154558075,IBM
2003-07-17,-5.26,-4.82,-6.26,-5.43,13366900,-2.02,-3.9312889093844,IBM
2003-07-18,-4.91,-4.74,-5.55,-5.04,8567500,-5.43,0.46801872074883,IBM
2003-07-21,-5.56,-5.3275,-6.55,-6.26,7036100,-5.04,-1.4572384137602,IBM
2003-07-22,-6.26,-5.5,-7.24,-6.91,8744300,-6.26,-0.78787878787879,IBM
2003-07-23,-6.76,-5.99,-7.03,-6.46,5326800,-6.91,0.54978619425779,IBM
2003-07-24,-5.81,-5.768,-7.25,-7.25,5858600,-6.46,-0.9599027946537,IBM
2003-07-25,-7.16,-5.02,-7.19,-5.21,6205200,-7.25,2.5027603974972,IBM
2003-07-28,-5.09,-5.06,-6.72,-6.22,6423500,-5.21,-1.2088569718731,IBM
2003-07-29,-6.21,-5.88,-7.16,-6.96,7282700,-6.22,-0.89653501332688,IBM
2003-07-30,-6.31,-6.31,-8.18,-7.8000000000001,6654600,-6.96,-1.0268948655257,IBM
2003-07-31,-6.96,-6.22,-7.6600000000001,-7.51,8051400,-7.8000000000001,0.35820158102768,IBM
2003-08-01,-7.61,-7.49,-8.7100000000001,-7.49,6475400,-7.51,0.02461538461538,IBM
2003-08-04,-8.01,-7.4,-8.7000000000001,-7.6300000000001,5888200,-7.49,-0.17226528854436,IBM
2003-08-05,-7.6300000000001,-7.432,-8.9600000000001,-8.9100000000001,7018100,-7.6300000000001,-1.5777147787502,IBM
2003-08-06,-8.9000000000001,-7.92,-9.8700000000001,-8.8500000000001,7472200,-8.9100000000001,-0.12523481527864,IBM
2003-08-07,-8.9100000000001,-7.7800000000001,-9.2200000000001,-7.9100000000001,5298500,-8.8500000000001,1.1786833855799,IBM
2003-08-08,-7.55,-7.33,-8.2500000000001,-7.7200000000001,4615400,-7.9100000000001,0.23546907919197,IBM
2003-08-11,-7.73,-7.1,-8.3200000000001,-7.58,4262200,-7.7200000000001,0.1730959446093,IBM
2003-08-12,-7.15,-7.06,-7.95,-7.09,4634200,-7.58,0.60478894100223,IBM
2003-08-13,-6.95,-6.41,-8.0200000000001,-7.4,5138400,-7.09,-0.38032143295301,IBM
2003-08-14,-7.6,-6.85,-7.9100000000001,-7.04,4563200,-7.4,0.44334975369458,IBM
2003-08-15,-6.8,-6.62,-7.4,-6.81,3623600,-7.04,0.28200098087298,IBM
2003-08-18,-6.55,-4.92,-6.7,-5.08,6847800,-6.81,2.1151730040347,IBM
2003-08-19,-5.5,-4.79,-6.04,-5.41,6319100,-5.08,-0.39511494252873,IBM
2003-08-20,-6.6,-5.29,-6.6,-5.55,4829900,-5.41,-0.16828945786753,IBM
2003-08-21,-5.21,-4.75,-5.75,-5.75,5185200,-5.55,-0.24081878386514,IBM
2003-08-22,-5.1,-3.88,-5.64,-5.63,7434900,-5.75,0.14484007242004,IBM
2003-08-25,-5.75,-5.57,-6.85,-6.64,5151000,-5.63,-1.2173074605279,IBM
2003-08-26,-6.95,-6.06,-7.33,-6.1,5569600,-6.64,0.6588579795022,IBM
2003-08-27,-6.6,-6.07,-6.7,-6.6,3789200,-6.1,-0.60606060606061,IBM
2003-08-28,-6.6,-6.26,-7.33,-6.7,5516300,-6.6,-0.12195121951219,IBM
2003-08-29,-6.65,-6.49,-7.04,-6.59,4223600,-6.7,0.13431013431013,IBM
2003-09-02,-6.2,-2.64,-6.3,-2.84,12425100,-6.59,4.5726130959639,IBM
2003-09-03,-2.36,-1.3,-2.6,-2.27,10835700,-2.84,0.66464552238805,IBM
2003-09-04,-2.27,-0.31,-2.91,-0.69000000000001,9889400,-2.27,1.830186493687,IBM
2003-09-05,-1.6,-0.34,-1.85,-1.65,7896600,-0.69000000000001,-1.092025935616,IBM
2003-09-08,-0.15,1.06,-0.25000000000001,0.5,9217700,-1.65,2.4726854514088,IBM
2003-09-09,0.6,1.37,0.33,0.82,8102500,0.5,0.3591470258137,IBM
2003-09-10,0.39,0.4,-0.99000000000001,-0.76000000000001,7322600,0.82,-1.7669425184522,IBM
2003-09-11,-1.85,-0.18,-2.2,-0.68000000000001,9760800,-0.76000000000001,0.091074681238614,IBM
2003-09-12,-1.0,0.41000000000001,-1.4,0.099999999999998,7209200,-0.68000000000001,0.88717015468608,IBM
2003-09-15,1.1,1.36,-0.21,-0.11000000000001,7305400,0.099999999999998,-0.23675310033823,IBM
2003-09-16,-0.11000000000001,1.81,-0.11000000000001,1.69,7897000,-0.11000000000001,2.0341281500735,IBM
2003-09-17,1.8,3.34,1.6,2.03,9087100,1.69,0.37656440358843,IBM
2003-09-18,2.03,3.83,1.86,3.4,8338700,2.03,1.5116407370628,IBM
2003-09-19,3.85,4.87,3.2,4.68,9416000,3.4,1.3913043478261,IBM
2003-09-22,3.4,3.64,2.3,2.79,7302900,4.68,-2.0261578044597,IBM
2003-09-23,2.9,3.49,1.96,2.74,7936600,2.79,-0.054710581026367,IBM
2003-09-24,2.48,3.22,0.73,0.8,7575800,2.74,-2.1239325596672,IBM
2003-09-25,0.8,2.37,0.6,0.81,6586000,0.8,0.011185682326612,IBM
2003-09-26,0.81,1.54,0.4,0.45,5096600,0.81,-0.40263952578011,IBM
2003-09-29,0.65,1.58,0.47,0.85,5723200,0.45,0.44918585064571,IBM
2003-09-30,0.6,0.65,-0.7,-0.27000000000001,7060300,0.85,-1.2520961430967,IBM
2003-10-01,0.15,2.0,0.099999999999998,1.75,7925200,-0.27000000000001,2.2868787501415,IBM
2003-10-02,0.95,1.85,0.62,1.48,7428500,1.75,-0.29883785279468,IBM
2003-10-03,2.4,3.35,1.97,2.04,7479300,1.48,0.62166962699823,IBM
2003-10-06,2.14,3.16,1.91,2.58,3845600,2.04,0.59576345984114,IBM
2003-10-07,1.9,3.1,1.8,3.1,5369800,2.58,0.5703005044966,IBM
2003-10-08,3.4,4.27,3.35,4.06,6418900,3.1,1.0468920392584,IBM
2003-10-09,4.7,5.0,3.6,3.85,7593000,4.06,-0.22663500971292,IBM
2003-10-10,3.8,4.58,3.76,4.07,4500500,3.85,0.23796646836128,IBM
2003-10-13,4.5,4.94,3.98,4.6,4639200,4.07,0.57192187331391,IBM
2003-10-14,4.05,4.35,3.72,4.12,4701100,4.6,-0.51502145922747,IBM
2003-10-15,5.3,5.94,4.14,4.14,11639600,4.12,0.02157031924072,IBM
2003-10-16,0.66999999999999,1.1,0.059999999999992,0.68,16994000,4.14,-3.7308604701315,IBM
2003-10-17,0.68,1.08,0.21,0.63,9506900,0.68,-0.056003584229388,IBM
2003-10-20,0.74999999999999,0.8,0.25999999999999,0.4,6975800,0.63,-0.25776084276589,IBM
2003-10-21,0.65,0.74,0.099999999999998,0.33,5287100,0.4,-0.078651685393251,IBM
2003-10-22,-0.35,0.408,-0.7,-0.14000000000001,5600100,0.33,-0.52850556617566,IBM
2003-10-23,-1.0,-0.2,-1.07,-0.45,6046400,-0.14000000000001,-0.35044087723263,IBM
2003-10-24,-0.45,0.039999999999996,-0.88000000000001,-0.18,5471800,-0.45,0.30629608621667,IBM
2003-10-27,0.19999999999999,0.5,-0.55000000000001,-0.080000000000009,5099200,-0.18,0.11309658448314,IBM
2003-10-28,0.45,1.3,-0.080000000000009,1.3,6959500,-0.080000000000009,1.5589697243561,IBM
2003-10-29,0.99999999999999,1.34,0.55000000000001,0.74,5180700,1.3,-0.62291434927698,IBM
2003-10-30,1.4,1.57,0.46,0.52000000000001,6535800,0.74,-0.24625027982986,IBM
2003-10-31,2.11,2.11,0.6,0.88,4836300,0.52000000000001,0.40394973070018,IBM
2003-11-03,1.3,2.24,0.88,1.08,5825141,0.88,0.2235136343317,IBM
2003-11-04,1.08,1.2,0.25999999999999,0.54,5146101,1.08,-0.60214094558431,IBM
2003-11-05,-0.080000000000009,0.27999999999999,-0.6,-0.11000000000001,6296500,0.54,-0.72919003814225,IBM
2003-11-06,-0.11000000000001,1.15,-0.72000000000001,0.9,5668800,-0.11000000000001,0.96056051531247,IBM
2003-11-07,0.96,1.16,-0.18,-0.18,5560300,0.9,-1.2088650100739,IBM
2003-11-10,1.11,2.03,1.11,1.51,8349700,-0.18,1.9147971901201,IBM
2003-11-11,1.56,1.59,0.45,0.91999999999999,4841200,1.51,-0.65591995553085,IBM
2003-11-12,1.01,2.72,0.87,2.25,5906100,0.91999999999999,1.4883616830797,IBM
2003-11-13,1.96,3.04,1.72,2.65,5278400,2.25,0.44106296173779,IBM
2003-11-14,2.58,2.98,1.37,1.81,4510300,2.65,-0.92216489186519,IBM
2003-11-17,1.46,1.61,0.59,1.36,4748900,1.81,-0.49861495844876,IBM
2003-11-18,1.48,1.74,0.46,0.51,5284400,1.36,-0.94654788418708,IBM
2003-11-19,-0.12000000000002,1.39,-0.12000000000002,0.96,4156900,0.51,0.50590219224284,IBM
2003-11-20,0.85999999999999,1.35,-0.060000000000013,-0.050000000000008,5111100,0.96,-1.1297539149888,IBM
2003-11-21,-0.040000000000003,0.40999999999999,-0.21,0.18999999999999,5935500,-0.050000000000008,0.27152392804615,IBM
2003-11-24,0.59,1.3,0.51,1.22,4722400,0.18999999999999,1.1621347173643,IBM
2003-11-25,1.22,1.41,0.82999999999999,0.99,4305700,1.22,-0.25652464867275,IBM
2003-11-26,1.35,1.65,0.66999999999999,1.47,4146800,0.99,0.53673264005366,IBM
2003-11-28,1.46,2.24,1.18,2.1,2195500,1.47,0.70070070070071,IBM
2003-12-01,2.46,2.92,2.04,2.57,5234900,2.1,0.51910757676165,IBM
2003-12-02,2.13,3.04,2.08,2.31,5092900,2.57,-0.2856828919899,IBM
2003-12-03,2.71,3.0,1.86,1.86,6169800,2.31,-0.49586776859504,IBM
2003-12-04,1.61,3.0,1.5935,2.98,5360400,1.86,1.2403100775194,IBM
2003-12-05,2.86,2.86,2.06,2.2,5878400,2.98,-0.85320498796762,IBM
2003-12-08,2.08,3.03,2.08,2.76,5342000,2.2,0.61782877316858,IBM
2003-12-09,2.71,3.72,2.17,2.19,6971500,2.76,-0.62500000000001,IBM
2003-12-10,2.25,4.3,2.215,3.29,7138000,2.19,1.2137261392475,IBM
2003-12-11,3.52,4.53,3.48,3.96,6412100,3.29,0.73040444783604,IBM
2003-12-12,4.26,4.72,3.8,4.27,5079900,3.96,0.33549783549782,IBM
2003-12-15,4.99,5.53,3.64,3.67,5964500,4.27,-0.64717937655053,IBM
2003-12-16,3.67,5.68,3.44,5.54,7455700,3.67,2.0301813049615,IBM
2003-12-17,5.41,5.43,4.41,4.96,6056500,5.54,-0.61715258565652,IBM
2003-12-18,4.56,4.94,4.06,4.29,6873600,4.96,-0.71734475374733,IBM
2003-12-19,4.79,4.81,4.23,4.7,7090700,4.29,0.44214385851396,IBM
2003-12-22,4.39,5.06,4.34,4.95,4332100,4.7,0.26841314150741,IBM
2003-12-23,4.63,5.0,3.9,4.35,3677200,4.95,-0.64246707356247,IBM
2003-12-24,4.36,4.36,3.74,3.83,1760500,4.35,-0.56040521607933,IBM
2003-12-26,3.93,4.56,3.86,4.46,1408500,3.83,0.68277880134389,IBM
2003-12-29,4.66,5.29,4.59,5.08,4034200,4.46,0.66738428417652,IBM
2003-12-30,4.83,5.06,3.92,4.19,4003400,5.08,-0.95166809238666,IBM
2003-12-31,4.22,4.41,3.72,4.24,4726900,4.19,0.053978192810117,IBM
2004-01-02,4.42,4.61,2.76,3.11,5328800,4.24,-1.2192490289167,IBM
2004-01-05,3.56,4.65,3.56,4.61,5276300,3.11,1.6384489350082,IBM
2004-01-06,3.76,4.75,3.7,4.62,4380000,4.61,0.010746910263305,IBM
2004-01-07,4.7,4.94,4.03,4.34,4927600,4.62,-0.30088115194498,IBM
2004-01-08,4.77,4.77,3.591,4.6,6248500,4.34,0.280232808795,IBM
2004-01-09,3.31,3.91,2.56,2.77,7930900,4.6,-1.9668959587274,IBM
2004-01-12,2.77,3.7,2.77,3.11,5130400,2.77,0.37276614406315,IBM
2004-01-13,3.01,3.07,0.57,1.26,8842500,3.11,-2.0207536865101,IBM
2004-01-14,1.46,2.02,1.31,1.87,5506400,1.26,0.68004459308807,IBM
2004-01-15,6.63,7.21,5.11,5.58,19811900,1.87,4.1080721957701,IBM
2004-01-16,6.56,6.91,6.27,6.88,9302000,5.58,1.3826845352053,IBM
2004-01-20,7.56,9.0,7.29,8.66,9285100,6.88,1.8673940411246,IBM
2004-01-21,8.79,9.6,8.2,9.26,6949000,8.66,0.61791967044285,IBM
2004-01-22,9.4,9.72,8.88,9.07,4371600,9.26,-0.19447287615148,IBM
2004-01-23,9.38,9.77,8.66,9.46,5283900,9.07,0.3999589785663,IBM
2004-01-26,9.46,11.41,9.12,11.41,6189400,9.46,1.9918283963228,IBM
2004-01-27,10.96,11.23,10.26,10.36,5345500,11.41,-1.0515773660491,IBM
2004-01-28,10.71,10.98,8.84,8.94,6550100,10.36,-1.4372469635628,IBM
2004-01-29,9.66,10.16,8.11,9.57,6642500,8.94,0.64695009242145,IBM
2004-01-30,9.58,10.89,9.4,10.79,6137600,9.57,1.2447709417406,IBM
2004-02-02,10.71,11.5,10.06,10.95,6200000,10.79,0.16124156001209,IBM
2004-02-03,10.56,11.56,10.51,11.56,5604300,10.95,0.61374383740819,IBM
2004-02-04,10.94,11.99,10.86,11.75,8387500,11.56,0.19,IBM
2004-02-05,11.56,11.65,9.82,10.42,5975000,11.75,-1.3274777921948,IBM
2004-02-06,10.57,10.96,9.97,10.66,5400900,10.42,0.080922516690267,IBM
2004-02-09,11.03,11.16,10.32,10.67,3742400,10.66,0.010107135637765,IBM
2004-02-10,10.17,11.69,10.13,11.33,4057500,10.67,0.66700353713997,IBM
2004-02-11,10.92,12.03,10.52,11.68,5505700,11.33,0.35137034434293,IBM
2004-02-12,11.78,12.02,11.02,11.02,3611500,11.68,-0.66026410564225,IBM
2004-02-13,10.82,11.81,10.8028,11.43,3562400,11.02,0.41289023162135,IBM
2004-02-17,11.71,11.72,11.04,11.09,3930400,11.43,-0.34098886771637,IBM
2004-02-18,11.03,11.49,9.87,10.14,4830300,11.09,-0.95602294455067,IBM
2004-02-19,10.14,10.95,9.24,9.52,5447200,10.14,-0.62995326153221,IBM
2004-02-20,10.32,10.32,8.91,9.03,5690200,9.52,-0.50102249488752,IBM
2004-02-23,9.12,9.23,7.18,7.68,6628500,9.03,-1.3873188778132,IBM
2004-02-24,6.92,9.18,6.92,8.51,7011900,7.68,0.86494372655274,IBM
2004-02-25,8.22,8.81,7.95,8.26,3362500,8.51,-0.25829114577952,IBM
2004-02-26,7.99,8.98,7.97,8.51,3965700,8.26,0.25896001657344,IBM
2004-02-27,8.52,9.1,7.82,8.22,4715000,8.51,-0.29961772910425,IBM
2004-03-01,8.22,8.97,7.87,8.76,4454000,8.22,0.55958549222799,IBM
2004-03-02,9.32,9.32,8.34,8.54,4976200,8.76,-0.22671063478979,IBM
2004-03-03,8.29,8.61,7.32,8.56,4807000,8.54,0.020656889072516,IBM
2004-03-04,8.3,8.64,7.852,8.11,3547900,8.56,-0.46468401486989,IBM
2004-03-05,7.67,8.7,7.28,8.17,3971800,8.11,0.062247121070653,IBM
2004-03-08,8.21,8.6,6.31,6.31,5084200,8.17,-1.9284603421462,IBM
2004-03-09,6.02,7.0,5.49,6.25,6391400,6.31,-0.063431652394547,IBM
2004-03-10,6.1,6.46,4.4,4.78,6536300,6.25,-1.5550618851158,IBM
2004-03-11,3.72,4.7,2.87,2.93,8560800,4.78,-1.9879647539222,IBM
2004-03-12,3.72,5.1,3.4,5.02,6290600,2.93,2.2914154149764,IBM
2004-03-15,4.32,4.41,2.6,3.54,6523500,5.02,-1.5862808145766,IBM
2004-03-16,4.12,4.42,3.14,4.17,4638200,3.54,0.68612502722719,IBM
2004-03-17,4.29,5.51,4.17,5.11,4663000,4.17,1.0167658193618,IBM
2004-03-18,4.77,4.9,3.62,4.57,4605200,5.11,-0.57822036620624,IBM
2004-03-19,4.58,4.69,3.23,3.34,7058700,4.57,-1.3247172859451,IBM
2004-03-22,2.99,3.2,2.0,2.74,6223500,3.34,-0.65487884741324,IBM
2004-03-23,3.32,3.88,2.4,3.04,5065300,2.74,0.3295978905735,IBM
2004-03-24,3.29,4.21,2.76,3.49,6211000,3.04,0.49277266754271,IBM
2004-03-25,3.87,4.35,3.17,4.11,5585800,3.49,0.67560204859977,IBM
2004-03-26,4.11,4.97,3.88,4.49,4397700,4.11,0.41129992423422,IBM
2004-03-29,4.71,5.33,3.9,4.4,4879000,4.49,-0.097014120944259,IBM
2004-03-30,4.39,4.39,3.07,4.04,5415700,4.4,-0.38843331894693,IBM
2004-03-31,3.79,3.96,3.23,3.56,4613500,4.04,-0.51993067590987,IBM
2004-04-01,3.39,4.4,3.34,4.09,4246900,3.56,0.5770905923345,IBM
2004-04-02,5.27,6.27,5.05,5.92,5894500,4.09,1.9811627151673,IBM
2004-04-05,5.67,6.09,5.23,5.9,3936000,5.92,-0.021231422505304,IBM
2004-04-06,5.32,5.51,4.74,5.42,3860100,5.9,-0.50966234869399,IBM
2004-04-07,5.09,5.3,4.23,4.8,4527300,5.42,-0.66168623265742,IBM
2004-04-08,5.72,6.11,4.27,4.84,3868000,4.8,0.042973785990552,IBM
2004-04-12,5.22,6.08,5.12,5.46,3112600,4.84,0.66580756013745,IBM
2004-04-13,5.51,5.76,4.22,4.76,5013600,5.46,-0.74674631960741,IBM
2004-04-14,3.82,5.58,3.82,5.42,5316300,4.76,0.70937231298366,IBM
2004-04-15,5.52,5.81,4.78,5.69,6843800,5.42,0.28815368196371,IBM
2004-04-16,4.02,4.07,2.76,4.0,11118000,5.69,-1.798446312653,IBM
2004-04-19,3.62,4.02,3.42,3.66,4159400,4.0,-0.36844386649328,IBM
2004-04-20,3.72,4.2,2.37,2.37,4260200,3.66,-1.4030889710681,IBM
2004-04-21,2.87,3.14,2.41,2.98,4623400,2.37,0.67291781577496,IBM
2004-04-22,2.22,3.23,1.42,2.46,7988000,2.98,-0.56980056980058,IBM
2004-04-23,2.72,3.33,2.08,3.0,5063200,2.46,0.59510689883183,IBM
2004-04-26,2.47,3.28,2.069,2.15,4533600,3.0,-0.93120070113935,IBM
2004-04-27,2.37,3.71,2.28,2.83,4768000,2.15,0.75196284418887,IBM
2004-04-28,2.02,2.7,1.93,2.13,4706000,2.83,-0.76830205246406,IBM
2004-04-29,1.73,1.98,-0.090000000000014,0.79999999999999,7763700,2.13,-1.471076208384,IBM
2004-04-30,0.73,0.91999999999999,-0.27000000000001,-0.11000000000001,5019500,0.79999999999999,-1.0215536596318,IBM
2004-05-03,-0.15000000000002,0.23999999999998,-1.0788,-0.26000000000002,6070100,-0.11000000000001,-0.17012589316095,IBM
2004-05-04,-0.26000000000002,1.46,-0.28000000000001,0.71999999999999,5451800,-0.26000000000002,1.1133833219723,IBM
2004-05-05,1.47,1.47,0.22999999999999,0.67999999999999,4402300,0.71999999999999,-0.044943820224726,IBM
2004-05-06,-1.0658141036402e-14,0.99999999999999,-0.51,0.25999999999999,4319100,0.67999999999999,-0.67446043165467,IBM
2004-05-07,-0.35,1.3,-0.48,0.089999999999993,5407400,0.25999999999999,-0.19239474875509,IBM
2004-05-10,-0.50000000000001,0.0025000000000013,-1.73,-1.22,6692400,0.089999999999993,-1.4854291869827,IBM
2004-05-11,-0.90000000000001,0.050000000000001,-1.28,-0.97000000000002,6575000,-1.22,0.2877532228361,IBM
2004-05-12,-0.85000000000001,-0.85000000000001,-2.98,-1.29,8445800,-0.97000000000002,-0.36726730173303,IBM
2004-05-13,-1.31,-0.69000000000001,-1.84,-0.91000000000002,4708400,-1.29,0.4377375878355,IBM
2004-05-14,-1.45,-0.75000000000001,-2.03,-1.69,5197800,-0.91000000000002,-0.8945980043583,IBM
2004-05-17,-2.8,-2.07,-2.95,-2.57,5700000,-1.69,-1.0184006480731,IBM
2004-05-18,-2.02,-1.61,-2.1,-2.04,4401100,-2.57,0.6196656144043,IBM
2004-05-19,-0.7,0.77999999999999,-1.6,-1.05,7431800,-2.04,1.1503602138043,IBM
2004-05-20,-1.04,-0.15,-1.05,-0.68000000000001,4031500,-1.05,0.42504307869041,IBM
2004-05-21,-0.51,0.080000000000002,-1.19,-0.97000000000002,5130000,-0.68000000000001,-0.3317318691375,IBM
2004-05-24,-0.35,-0.26,-1.55,-1.0,3778100,-0.97000000000002,-0.034431309537474,IBM
2004-05-25,-1.35,0.82,-1.55,0.6,5358100,-1.0,1.8369690011481,IBM
2004-05-26,0.54,0.74999999999999,-0.059999999999999,0.24999999999999,4308200,0.6,-0.39458850056371,IBM
2004-05-27,0.65,0.98,-0.12,0.49000000000001,4094600,0.24999999999999,0.2716468590832,IBM
2004-05-28,0.38000000000001,0.74999999999999,0.15,0.49000000000001,3203800,0.49000000000001,0.0,IBM
2004-06-01,-0.1,0.38000000000001,-0.80000000000002,0.02,4884600,0.49000000000001,-0.53053392030703,IBM
2004-06-02,0.54,0.54,-0.21,-0.12,3912600,0.02,-0.1588742623695,IBM
2004-06-03,-0.25000000000001,-1.0658141036402e-14,-0.75000000000001,-0.75000000000001,3011500,-0.12,-0.71607183450785,IBM
2004-06-04,-0.15,0.39,-0.6,-0.54,3803400,-0.75000000000001,0.24041213508873,IBM
2004-06-07,0.65,0.88999999999999,-0.09,0.54,4264500,-0.54,1.2334399269073,IBM
2004-06-08,0.54,2.4,0.3,1.94,5400300,0.54,1.5794223826715,IBM
2004-06-09,1.8,2.45,1.71,1.99,5233400,1.94,0.055530875166589,IBM
2004-06-10,2.13,2.65,1.791,2.36,3468700,1.99,0.4107004107004,IBM
2004-06-14,1.95,2.48,1.52,1.97,4121400,2.36,-0.43112978111873,IBM
2004-06-15,2.39,3.11,2.1315,2.44,4508300,1.97,0.52181636504942,IBM
2004-06-16,2.15,2.83,1.99,2.28,3145700,2.44,-0.17671747294015,IBM
2004-06-17,2.4,2.46,1.97,2.34,4180200,2.28,0.066386368665637,IBM
2004-06-18,2.1,2.7,1.8,1.96,6470800,2.34,-0.42016806722689,IBM
2004-06-21,2.3,2.33,1.21,1.39,3843400,1.96,-0.63291139240507,IBM
2004-06-22,1.18,2.14,1.03,1.92,4149300,1.39,0.59224494356912,IBM
2004-06-23,2.0,2.74,1.74,2.69,4354700,1.92,0.85536547433905,IBM
2004-06-24,2.18,2.82,1.74,1.89,4069400,2.69,-0.88115431214893,IBM
2004-06-25,1.85,2.13,0.84,1.45,5604700,1.89,-0.48894321591288,IBM
2004-06-28,1.61,1.8,0.25999999999999,0.61,4423200,1.45,-0.93802345058627,IBM
2004-06-29,0.24999999999999,0.39,-0.2,0.19,4394800,0.61,-0.4734528238079,IBM
2004-06-30,0.19999999999999,0.4,-0.4,0.050000000000001,4724000,0.19,-0.15856835428701,IBM
2004-07-01,0.18,0.33999999999999,-1.53,-0.6,5094100,0.050000000000001,-0.73737946681793,IBM
2004-07-02,-0.65,-0.55000000000001,-1.5,-1.06,2874500,-0.6,-0.52571428571428,IBM
2004-07-06,-1.6,-1.37,-2.97,-2.4,6408100,-1.06,-1.5395220588235,IBM
2004-07-07,-2.8,-2.16,-3.05,-2.75,5677300,-2.4,-0.40840140023338,IBM
2004-07-08,-3.1,-3.09,-4.52,-4.45,7530000,-2.75,-1.99179847686,IBM
2004-07-09,-3.7,-3.6,-4.59,-4.21,6595200,-4.45,0.28690974297668,IBM
2004-07-12,-4.1,-2.85,-4.68,-3.15,6009200,-4.21,1.263559423054,IBM
2004-07-13,-2.2,-2.01,-2.9,-2.85,6001000,-3.15,0.35314891112419,IBM
2004-07-14,-3.26,-2.86,-4.32,-3.97,6298600,-2.85,-1.3137829912024,IBM
2004-07-15,-3.97,-3.47,-4.49,-4.08,7087500,-3.97,-0.13075002971592,IBM
2004-07-16,-2.05,-1.62,-3.82,-3.82,10441400,-4.08,0.30945013092122,IBM
2004-07-19,-3.6,-2.25,-3.7,-2.8,6596000,-3.82,1.2102515424775,IBM
2004-07-20,-2.47,-1.61,-2.8,-1.74,5651300,-2.8,1.242672919109,IBM
2004-07-21,-1.35,-0.99000000000001,-2.8,-2.8,5534000,-1.74,-1.227420101899,IBM
2004-07-22,-3.1,-1.7,-3.42,-2.04,5972600,-2.8,0.89097303634233,IBM
2004-07-23,-2.4,-2.04,-3.6,-3.25,4309400,-2.04,-1.405995816872,IBM
2004-07-26,-3.25,-2.52,-3.59,-3.01,4517500,-3.25,0.28285209192694,IBM
2004-07-27,-2.5,-1.8,-2.65,-2.22,4098500,-3.01,0.92842872252908,IBM
2004-07-28,-2.22,-1.82,-3.22,-2.25,6566200,-2.22,-0.034932463903122,IBM
2004-07-29,-1.85,-0.88000000000001,-1.87,-1.33,4232300,-2.25,1.0716365754223,IBM
2004-07-30,-1.65,-0.7,-1.7125,-1.03,3583800,-1.33,0.34574161576581,IBM
2004-08-02,-1.23,-0.71000000000001,-1.68,-1.41,3408400,-1.03,-0.43643045825198,IBM
2004-08-03,-1.4,-1.3,-2.66,-2.39,4147200,-1.41,-1.1304648748414,IBM
2004-08-04,-2.8,-1.45,-2.85,-2.13,4160600,-2.39,0.30334850075838,IBM
2004-08-05,-2.13,-1.68,-3.09,-2.91,3879900,-2.13,-0.90729324182855,IBM
2004-08-06,-3.54,-3.16,-4.5,-4.44,5219200,-2.91,-2.0072778495128,IBM
2004-08-09,-4.44,-3.96,-5.05,-4.37,3621100,-4.44,0.083852419741247,IBM
2004-08-10,-3.92,-2.93,-4.11,-2.93,4358600,-4.37,1.7235188509874,IBM
2004-08-11,-4.22,-3.94,-4.82,-4.23,5268300,-2.93,-1.5295917166725,IBM
2004-08-12,-4.87,-4.87,-6.02,-5.71,7134900,-4.23,-1.7684311148285,IBM
2004-08-13,-5.38,-3.98,-5.41,-4.01,5801900,-5.71,2.0678749543851,IBM
2004-08-16,-4.22,-3.36,-4.41,-3.9,4361500,-4.01,0.13109283756406,IBM
2004-08-17,-3.82,-3.38,-4.26,-3.88,3558900,-3.9,0.023803856224721,IBM
2004-08-18,-4.32,-2.79,-4.35,-2.79,4833700,-3.88,1.2970014278915,IBM
2004-08-19,-3.17,-2.57,-3.47,-3.03,4704500,-2.79,-0.28192176670973,IBM
2004-08-20,-3.4,-2.67,-3.4,-2.67,4501400,-3.03,0.42407821887148,IBM
2004-08-23,-2.69,-2.47,-3.27,-3.27,4262600,-2.67,-0.70381231671554,IBM
2004-08-24,-2.92,-2.77,-3.57,-3.21,2710400,-3.27,0.070880094506779,IBM
2004-08-25,-2.92,-2.65,-3.37,-2.85,4405600,-3.21,0.42497934128202,IBM
2004-08-26,-2.92,-2.88,-3.23,-3.23,3134400,-2.85,-0.44669096038556,IBM
2004-08-27,-3.27,-2.97,-3.33,-2.98,2444800,-3.23,0.29519423780848,IBM
2004-08-30,-3.35,-2.93,-3.53,-3.52,2277900,-2.98,-0.63574287732516,IBM
2004-08-31,-3.37,-3.23,-4.27,-3.23,3401400,-3.52,0.34360189573459,IBM
2004-09-01,-3.87,-2.83,-3.91,-3.7,4748500,-3.23,-0.55496516707994,IBM
2004-09-02,-3.7,-3.14,-4.07,-3.35,3386000,-3.7,0.41557824744716,IBM
2004-09-03,-3.62,-3.23,-3.96,-3.53,3479800,-3.35,-0.21284143313231,IBM
2004-09-07,-3.22,-2.48,-3.32,-2.95,4003800,-3.53,0.6872852233677,IBM
2004-09-08,-3.02,-1.41,-3.04,-2.06,5728400,-2.95,1.0474285041779,IBM
2004-09-09,-2.06,-1.13,-2.06,-1.48,4517400,-2.06,0.67551828558118,IBM
2004-09-10,-1.49,-0.92000000000001,-1.67,-1.16,3753500,-1.48,0.37019898195281,IBM
2004-09-13,-0.92000000000001,-0.64,-1.84,-1.43,4728300,-1.16,-0.31120331950209,IBM
2004-09-14,-1.32,-1.04,-1.77,-1.2,3953500,-1.43,0.26592669672795,IBM
2004-09-15,-1.98,-1.42,-2.03,-1.55,4631200,-1.2,-0.40359778597785,IBM
2004-09-16,-1.72,-0.96000000000001,-1.99,-1.8,3623000,-1.55,-0.28945235614218,IBM
2004-09-17,-1.52,-1.42,-2.48,-2.18,6203400,-1.8,-0.44124477473294,IBM
2004-09-20,-2.52,-1.49,-2.52,-2.22,4380400,-2.18,-0.046652670865398,IBM
2004-09-21,-2.22,-1.81,-2.58,-2.2,4049700,-2.22,0.023337222870474,IBM
2004-09-22,-2.57,-2.48,-3.75,-3.61,5037200,-2.2,-1.644890340644,IBM
2004-09-23,-3.88,-3.65,-4.68,-4.04,4801200,-3.61,-0.5100225358795,IBM
2004-09-24,-4.12,-3.18,-4.14,-3.49,4899700,-4.04,0.65569861707202,IBM
2004-09-27,-3.82,-3.48,-3.94,-3.76,4650300,-3.49,-0.31979154329031,IBM
2004-09-28,-3.57,-3.27,-4.04,-3.44,3874200,-3.76,0.38022813688214,IBM
2004-09-29,-3.44,-2.94,-3.77,-2.94,4204500,-3.44,0.59185606060606,IBM
2004-09-30,-2.78,-1.94,-2.91,-2.18,5198000,-2.94,0.89432807719462,IBM
2004-10-01,-1.97,-0.94,-2.04,-1.2,4542700,-2.18,1.1429904362025,IBM
2004-10-04,-0.92000000000001,0.18,-1.2,-0.76000000000001,5001400,-1.2,0.50738007380074,IBM
2004-10-05,0.030000000000005,0.11,-0.79000000000001,-0.6,5150800,-0.76000000000001,0.18357044515833,IBM
2004-10-06,-0.78000000000001,0.18,-0.82000000000001,0.12000000000001,3984400,-0.6,0.82455336692626,IBM
2004-10-07,0.12000000000001,0.18,-0.51999999999999,-0.5,3076900,0.12000000000001,-0.70422535211268,IBM
2004-10-08,-0.48999999999999,-0.010000000000002,-1.41,-1.21,4090000,-0.5,-0.81217112788836,IBM
2004-10-11,-1.15,-0.72,-1.65,-1.29,3016300,-1.21,-0.092261561526927,IBM
2004-10-12,-1.9,-1.72,-2.34,-1.92,4626600,-1.29,-0.72723075147177,IBM
2004-10-13,-1.66,-1.44,-3.49,-2.94,6664300,-1.92,-1.1860465116279,IBM
2004-10-14,-3.17,-2.94,-3.62,-3.14,4233700,-2.94,-0.23534949399859,IBM
2004-10-15,-3.14,-2.67,-3.32,-3.07,5928500,-3.14,0.082566643076189,IBM
2004-10-18,-3.62,-1.77,-3.63,-2.0,7213400,-3.07,1.2610489098409,IBM
2004-10-19,0.28,1.81,0.080000000000002,1.45,13693500,-2.0,4.0153631284916,IBM
2004-10-20,0.53000000000001,1.27,0.37000000000002,0.9,6926800,1.45,-0.61541904442208,IBM
2004-10-21,0.48000000000001,0.84000000000001,-0.26,0.18,6137500,0.9,-0.81062823688358,IBM
2004-10-22,0.3,0.53000000000001,-0.62999999999999,-0.53,5998800,0.18,-0.80590238365493,IBM
2004-10-25,-0.56,0.98000000000001,-0.61,0.51000000000002,5775000,-0.53,1.1900675134455,IBM
2004-10-26,0.41000000000001,1.65,0.33,1.08,7337300,0.51000000000002,0.64457763202532,IBM
2004-10-27,0.66,2.35,0.58000000000001,2.08,6035100,1.08,1.123595505618,IBM
2004-10-28,1.88,2.32,1.51,1.58,4226500,2.08,-0.55555555555556,IBM
2004-10-29,1.48,1.98,1.03,1.83,4518500,1.58,0.27932960893855,IBM
2004-11-01,1.41,2.68,1.31,2.19,5160600,1.83,0.40111420612813,IBM
2004-11-02,1.63,3.3,1.58,2.55,5391100,2.19,0.39951170791255,IBM
2004-11-03,3.33,3.98,3.05,3.28,6553300,2.55,0.80689731402675,IBM
2004-11-04,3.13,4.78,2.9,4.46,6952100,3.28,1.2938596491228,IBM
2004-11-05,4.48,5.6,4.48,5.36,6708500,4.46,0.97423684780256,IBM
2004-11-08,4.76,5.96,4.76,5.63,4907300,5.36,0.096483704974275,IBM
2004-11-09,5.26,6.21,5.26,5.63,4513100,5.63,0.0,IBM
2004-11-10,5.18,6.56,5.18,5.87,6258400,5.63,0.25704187640569,IBM
2004-11-11,5.86,7.48,5.8,7.05,7454300,5.87,1.2605490866361,IBM
2004-11-12,6.92,7.76,6.82,7.58,4960300,7.05,0.55913070999049,IBM
2004-11-15,7.34,8.26,7.06,8.18,4887600,7.58,0.62945866554764,IBM
2004-11-16,7.51,7.76,6.91,7.15,5687300,8.18,-1.0738115095913,IBM
2004-11-17,7.56,8.89,7.56,7.72,6353200,7.15,0.60069554220676,IBM
2004-11-18,7.62,7.96,7.29,7.36,4655900,7.72,-0.37712130735386,IBM
2004-11-19,7.21,7.42,6.51,6.71,5679400,7.36,-0.68349106203995,IBM
2004-11-22,6.56,7.66,6.42,7.37,5818400,6.71,0.69878242456326,IBM
2004-11-23,6.96,7.63,6.81,7.54,5529900,7.37,0.17874040584586,IBM
2004-11-24,7.3,8.05,7.2975,7.72,3750600,7.54,0.1889168765743,IBM
2004-11-26,7.31,7.64,6.84,6.98,2204300,7.72,-0.77519379844961,IBM
2004-11-29,7.2,8.64,7.2,7.76,5699800,6.98,0.82347972972973,IBM
2004-11-30,7.41,7.91,6.5,6.5,5870700,7.76,-1.3193717277487,IBM
2004-12-01,6.76,8.33,6.73,8.14,5664700,6.5,1.7402376910017,IBM
2004-12-02,7.91,9.04,7.75,8.02,5183500,8.14,-0.12515644555694,IBM
2004-12-03,8.81,9.89,8.81,9.34,7026800,8.02,1.3784461152882,IBM
2004-12-06,9.14,10.16,8.91,9.93,5263000,9.34,0.60774618871035,IBM
2004-12-07,9.96,10.51,8.25,8.36,6477100,9.93,-1.6074536705232,IBM
2004-12-08,8.69,9.61,8.03,8.91,5310700,8.36,0.57232049947972,IBM
2004-12-09,8.46,9.86,7.97,9.77,5713700,8.91,0.88980858768753,IBM
2004-12-10,8.36,10.25,8.36,8.93,4188300,9.77,-0.86145010768127,IBM
2004-12-13,9.11,9.46,8.34,8.71,4799500,8.93,-0.22757835936692,IBM
2004-12-14,8.56,9.96,8.5484,9.57,4493200,8.71,0.89165370658372,IBM
2004-12-15,9.18,9.96,9.07,9.59,3914600,9.57,0.020552872263895,IBM
2004-12-16,9.06,10.41,9.06,9.71,5660100,9.59,0.123291893558,IBM
2004-12-17,9.26,10.26,8.46,8.46,8853900,9.71,-1.2827090815803,IBM
2004-12-20,8.61,9.83,8.61,8.81,4769900,8.46,0.36382536382536,IBM
2004-12-21,8.85,9.41,8.77,9.28,4841800,8.81,0.48679440704298,IBM
2004-12-22,9.61,10.24,9.55,9.87,4950200,9.28,0.60812203669347,IBM
2004-12-23,9.76,10.26,9.76,9.98,3590600,9.87,0.11269337158078,IBM
2004-12-27,9.95,10.23,9.64,9.76,3262900,9.98,-0.22513303315595,IBM
2004-12-28,9.66,10.81,9.63,10.56,4340600,9.76,0.82051282051282,IBM
2004-12-29,10.07,10.73,10.06,10.44,3303600,10.56,-0.12207527975584,IBM
2004-12-30,10.36,11.26,10.33,10.56,3812400,10.44,0.12222448563861,IBM
2004-12-31,10.86,11.17,10.75,10.84,2793200,10.56,0.28484231943032,IBM
2005-01-03,11.23,11.36,9.51,10.01,5301400,10.84,-0.84195577196186,IBM
2005-01-04,10.0,10.68,8.78,8.96,5711000,10.01,-1.074168797954,IBM
2005-01-05,8.86,10.09,8.66,8.76,5646800,8.96,-0.20682523267839,IBM
2005-01-06,8.8,9.24,8.31,8.46,4561700,8.76,-0.31088082901554,IBM
2005-01-07,8.76,9.06,7.73,8.04,6200700,8.46,-0.43659043659044,IBM
2005-01-10,8.04,8.35,7.5,7.94,4625700,8.04,-0.10440593025683,IBM
2005-01-11,7.94,8.05,6.97,7.26,4750700,7.94,-0.71070234113713,IBM
2005-01-12,7.26,7.54,6.32,7.47,5829800,7.26,0.22105263157894,IBM
2005-01-13,7.65,8.46,5.96,6.71,5341200,7.47,-0.79823547946643,IBM
2005-01-14,6.27,6.51,5.81,6.36,5520900,6.71,-0.3705664372684,IBM
2005-01-18,5.91,7.6,5.88,7.16,8497800,6.36,0.85015940488843,IBM
2005-01-19,7.21,7.41,5.19,5.36,7352700,7.16,-1.8967334035827,IBM
2005-01-20,4.87,6.1,4.86,5.26,5708600,5.36,-0.10741138560687,IBM
2005-01-21,5.26,5.56,4.49,4.64,7002600,5.26,-0.66666666666667,IBM
2005-01-24,4.96,5.11,4.02,4.05,6537400,4.64,-0.63866637800389,IBM
2005-01-25,4.24,4.85,4.21,4.45,5070700,4.05,0.4357773177906,IBM
2005-01-26,4.56,5.13,4.2,4.21,5142900,4.45,-0.26033192320208,IBM
2005-01-27,3.76,4.48,3.7,4.24,4746900,4.21,0.0326264274062,IBM
2005-01-28,4.94,5.85,4.74,5.15,5960800,4.24,0.98934550989345,IBM
2005-01-31,5.91,6.21,5.31,5.68,4759900,5.15,0.57056733771127,IBM
2005-02-01,5.93,6.26,5.63,6.12,3637700,5.68,0.47099122243631,IBM
2005-02-02,6.04,6.61,5.89,6.56,3753400,6.12,0.46878329426806,IBM
2005-02-03,6.13,6.2,5.32,5.8,3928700,6.56,-0.80593849416754,IBM
2005-02-04,5.27,7.0,5.26,6.77,3807600,5.8,1.0369895231986,IBM
2005-02-07,6.61,7.16,6.59,6.79,2838600,6.77,0.021161781822025,IBM
2005-02-08,6.72,7.08,6.57,6.57,3541100,6.79,-0.42314609118799,IBM
2005-02-09,6.58,7.27,4.98,5.14,5664200,6.57,-1.5191756082014,IBM
2005-02-10,5.39,5.54,4.74,5.2,4838700,5.14,0.064724919093854,IBM
2005-02-11,5.14,6.41,4.94,5.74,4233000,5.2,0.58214747736092,IBM
2005-02-14,5.6,6.46,5.6,6.01,2868800,5.74,0.28938906752411,IBM
2005-02-15,5.94,7.11,5.92,6.77,4299200,6.01,0.81222614085712,IBM
2005-02-16,6.67,7.41,6.64,7.06,4535500,6.77,0.30743135799852,IBM
2005-02-17,6.94,7.2,6.18,6.19,4259200,7.06,-0.91946734305644,IBM
2005-02-18,6.19,6.69,4.99,5.71,4389500,6.19,-0.512,IBM
2005-02-22,5.11,5.94,4.67,4.76,4834400,5.71,-1.0185483006326,IBM
2005-02-23,4.73,4.88,3.99,4.54,5622800,4.76,-0.23830155979203,IBM
2005-02-24,4.42,5.53,4.29,5.08,4154000,4.54,0.58631921824105,IBM
2005-02-25,4.79,5.24,4.73,5.24,4081100,5.08,0.1727115716753,IBM
2005-02-28,4.97,5.2,4.85,5.02,4963000,5.24,-0.23706896551724,IBM
2005-03-01,5.08,5.87,5.03,5.74,3821900,5.02,0.77770576798444,IBM
2005-03-02,5.19,6.17,5.19,5.36,4541200,5.74,-0.40728831725616,IBM
2005-03-03,5.59,5.65,4.64,4.85,4037900,5.36,-0.54885923374947,IBM
2005-03-04,5.38,5.62,4.8,4.81,4754000,4.85,-0.043285358727402,IBM
2005-03-07,4.79,4.95,4.03,4.04,8050900,4.81,-0.83360398397749,IBM
2005-03-08,4.14,5.0,4.14,4.57,5087800,4.04,0.57860262008734,IBM
2005-03-09,4.46,5.44,4.45,4.79,4513900,4.57,0.23879300987735,IBM
2005-03-10,4.79,5.24,4.53,4.85,3422500,4.79,0.064970221981594,IBM
2005-03-11,4.69,4.85,3.64,3.95,4494300,4.85,-0.97392057136673,IBM
2005-03-14,3.94,4.48,3.94,4.34,3935700,3.95,0.42618293082723,IBM
2005-03-15,4.44,4.71,3.64,3.82,3663400,4.34,-0.56583242655061,IBM
2005-03-16,3.18,3.84,2.69,3.09,5069900,3.82,-0.79886189538191,IBM
2005-03-17,2.93,3.12,2.14,2.3,5597100,3.09,-0.87148372862659,IBM
2005-03-18,2.3,2.34,1.53,1.72,7545300,2.3,-0.64544847540619,IBM
2005-03-21,1.86,2.72,1.71,1.95,4395700,1.72,0.2576164874552,IBM
2005-03-22,2.05,2.78,1.7,1.94,4453400,1.95,-0.011171936096531,IBM
2005-03-23,2.41,3.61,2.26,2.96,5482500,1.94,1.1396648044693,IBM
2005-03-24,3.24,3.99,3.14,3.14,4591800,2.96,0.19885108263368,IBM
2005-03-28,3.15,4.07,3.06,3.48,4257700,3.14,0.37486218302095,IBM
2005-03-29,3.18,3.51,2.62,3.04,6094000,3.48,-0.48330404217927,IBM
2005-03-30,2.76,3.32,2.76,3.12,5272200,3.04,0.088300220750566,IBM
2005-03-31,2.9,3.85,2.66,3.82,4419100,3.12,0.77194530216143,IBM
2005-04-01,3.93,4.2,2.48,2.88,5740800,3.82,-1.0286714817247,IBM
2005-04-04,2.52,3.06,2.213,2.76,3737900,2.88,-0.1326846528085,IBM
2005-04-05,2.67,2.77,1.7,2.01,4579300,2.76,-0.8303808680248,IBM
2005-04-06,1.49,1.82,1.146,1.44,7836800,2.01,-0.6363737858658,IBM
2005-04-07,1.44,1.64,0.54000000000002,0.88000000000002,6376500,1.44,-0.62921348314607,IBM
2005-04-08,0.72000000000002,0.90000000000001,-0.059999999999985,0.04000000000001,5273400,0.88000000000002,-0.94979647218454,IBM
2005-04-11,-0.20999999999999,1.7763568394003e-14,-1.47,-1.36,8296500,0.04000000000001,-1.5981735159817,IBM
2005-04-12,-1.66,-1.32,-2.39,-1.81,8450000,-1.36,-0.52204176334107,IBM
2005-04-13,-1.8,-1.5878,-3.32,-2.99,7090800,-1.81,-1.3760932944606,IBM
2005-04-14,-2.93,-2.15,-4.09,-3.92,10697900,-2.99,-1.0996807378503,IBM
2005-04-15,-8.07,-7.9,-11.23,-10.86,27931800,-3.92,-8.2974653275945,IBM
2005-04-18,-10.41,-9.81,-11.42,-10.91,13256000,-10.86,-0.065189048239892,IBM
2005-04-19,-10.58,-10.36,-12.31,-12.08,9291900,-10.91,-1.5264187866928,IBM
2005-04-20,-12.08,-11.69,-15.71,-15.55,20388200,-12.08,-4.5972443031267,IBM
2005-04-21,-14.57,-13.46,-14.76,-13.53,16273500,-15.55,2.8051659491737,IBM
2005-04-22,-13.51,-12.86,-14.3,-13.35,10985200,-13.53,0.24314467107928,IBM
2005-04-25,-12.32,-11.84,-13.51,-12.95,10223400,-13.35,0.53901091497104,IBM
2005-04-26,-12.88,-10.58,-12.91,-12.13,12499200,-12.95,1.099048384935,IBM
2005-04-27,-11.87,-10.38,-12.06,-10.51,11706500,-12.13,2.1476865968447,IBM
2005-04-28,-10.51,-10.45,-11.91,-11.65,8638300,-10.51,-1.4795587280986,IBM
2005-04-29,-10.51,-10.48,-11.65,-11.18,8260500,-11.65,0.61915426162561,IBM
2005-05-02,-10.68,-10.27,-11.53,-11.05,7242500,-11.18,0.17020162346165,IBM
2005-05-03,-10.78,-10.6,-11.63,-11.09,6255300,-11.05,-0.052280747614699,IBM
2005-05-04,-10.96,-10.36,-11.06,-10.48,5523800,-11.09,0.79769844383418,IBM
2005-05-05,-9.56,-9.45,-12.23,-12.06,12377100,-10.48,-2.0498183705241,IBM
2005-05-06,-11.8,-11.44,-12.39,-12.1,7752000,-12.06,-0.31788079470198,IBM
2005-05-09,-12.1,-11.9,-12.65,-12.38,5617300,-12.1,-0.37204358224821,IBM
2005-05-10,-12.61,-12.6,-14.32,-14.06,8041800,-12.38,-2.2405974926647,IBM
2005-05-11,-13.73,-13.67,-14.85,-14.08,7198700,-14.06,-0.02728512960436,IBM
2005-05-12,-13.83,-13.56,-14.86,-14.74,6062000,-14.08,-0.90065502183406,IBM
2005-05-13,-14.83,-13.5,-14.84,-14.2,7180500,-14.74,0.74359680528779,IBM
2005-05-16,-14.27,-12.87,-14.27,-13.02,5503000,-14.2,1.6129032258065,IBM
2005-05-17,-13.43,-12.93,-14.03,-13.07,5136400,-13.02,-0.067258541834809,IBM
2005-05-18,-12.36,-10.544,-12.67,-11.0,10550900,-13.07,2.7863777089783,IBM
2005-05-19,-10.86,-9.72,-10.99,-10.2,7033500,-11.0,1.047668936616,IBM
2005-05-20,-10.08,-10.08,-11.0,-10.95,6334200,-10.2,-0.97200622083981,IBM
2005-05-23,-11.06,-10.41,-11.36,-10.85,4759800,-10.95,0.13087292239237,IBM
2005-05-24,-11.22,-10.85,-11.8,-11.55,5661000,-10.85,-0.91491308325709,IBM
2005-05-25,-11.94,-11.33,-12.19,-11.36,5483700,-11.55,0.25062656641604,IBM
2005-05-26,-10.91,-9.95,-11.07,-10.22,5832000,-11.36,1.5,IBM
2005-05-27,-10.25,-10.12,-10.83,-10.26,3167800,-10.22,-0.051853772361947,IBM
2005-05-31,-10.76,-9.95,-11.86,-11.81,6422400,-10.26,-2.0103761348897,IBM
2005-06-01,-11.79,-9.86,-11.79,-10.52,7793000,-11.81,1.7074784910655,IBM
2005-06-02,-10.61,-9.97,-10.68,-10.01,4028400,-10.52,0.66371681415928,IBM
2005-06-03,-10.3,-10.26,-11.62,-11.57,6180300,-10.01,-2.0168067226891,IBM
2005-06-06,-11.56,-11.46,-12.44,-12.36,5980400,-11.57,-1.0423538725426,IBM
2005-06-07,-12.36,-11.27,-12.36,-12.32,5287500,-12.36,0.053333333333342,IBM
2005-06-08,-12.21,-11.96,-12.73,-12.56,4678000,-12.32,-0.31982942430705,IBM
2005-06-09,-12.78,-11.89,-13.13,-12.43,4423200,-12.56,0.17379679144386,IBM
2005-06-10,-13.11,-12.31,-13.26,-12.59,4895900,-12.43,-0.21353263045511,IBM
2005-06-13,-12.86,-11.43,-12.91,-12.31,5716100,-12.59,0.37448174401498,IBM
2005-06-14,-12.31,-11.93,-12.63,-12.47,4319500,-12.31,-0.21319120586275,IBM
2005-06-15,-11.66,-10.86,-12.21,-11.06,7609200,-12.47,1.8827613833623,IBM
2005-06-16,-10.96,-10.11,-11.05,-10.31,7841800,-11.06,0.9829619921363,IBM
2005-06-17,-9.66,-9.63,-10.98,-10.97,8594900,-10.31,-0.8565866320571,IBM
2005-06-20,-11.33,-10.38,-11.79,-10.81,3746600,-10.97,0.20945149888728,IBM
2005-06-21,-10.66,-10.36,-11.25,-10.95,5339700,-10.81,-0.1828870019595,IBM
2005-06-22,-10.53,-9.87,-10.69,-10.13,5798200,-10.95,1.0731579636173,IBM
2005-06-23,-10.55,-10.39,-12.3,-11.95,7770300,-10.13,-2.3565971772627,IBM
2005-06-24,-12.19,-11.96,-13.36,-13.35,10828300,-11.95,-1.8565177032224,IBM
2005-06-27,-13.35,-12.59,-13.86,-13.48,6699400,-13.35,-0.17565193892719,IBM
2005-06-28,-13.53,-12.059,-13.91,-12.06,8222500,-13.48,1.9220357336221,IBM
2005-06-29,-12.1,-11.68,-12.74,-12.63,5794900,-12.06,-0.75697211155378,IBM
2005-06-30,-12.56,-11.87,-13.29,-13.16,6232500,-12.63,-0.70921985815603,IBM
2005-07-01,-13.06,-12.03,-13.06,-12.69,4354000,-13.16,0.63342318059299,IBM
2005-07-05,-12.98,-12.39,-13.2,-12.57,5194600,-12.69,0.16070711128968,IBM
2005-07-06,-12.56,-11.21,-12.96,-11.55,8009900,-12.57,1.3638186923385,IBM
2005-07-07,-12.21,-9.83,-12.36,-9.98,10772200,-11.55,2.0709668909115,IBM
2005-07-08,-9.98,-7.84,-10.22,-8.06,13440500,-9.98,2.4812613078315,IBM
2005-07-11,-7.96,-7.84,-8.84,-8.4,7186700,-8.06,-0.42875157629256,IBM
2005-07-12,-8.16,-6.87,-8.18,-7.32,10945700,-8.4,1.3677811550152,IBM
2005-07-13,-6.2,-5.61,-6.2,-5.91,11340000,-7.32,1.7616191904048,IBM
2005-07-14,-5.36,-4.69,-5.36,-4.94,8546200,-5.91,1.1909146715777,IBM
2005-07-15,-4.93,-4.61,-5.84,-4.98,7644100,-4.94,-0.048531909730655,IBM
2005-07-18,-5.37,-3.42,-5.68,-5.55,8731000,-4.98,-0.69191551347414,IBM
2005-07-19,-2.64,-2.25,-3.66,-3.66,14149700,-5.55,2.3102310231023,IBM
2005-07-20,-4.16,-2.4,-4.37,-2.76,9323700,-3.66,1.0752688172043,IBM
2005-07-21,-2.76,-2.41,-3.96,-2.96,8265400,-2.76,-0.23640661938533,IBM
2005-07-22,-3.38,-2.73,-3.5,-2.92,4842500,-2.96,0.047393364928901,IBM
2005-07-25,-3.38,-2.84,-3.44,-3.16,4457800,-2.92,-0.28422548555187,IBM
2005-07-26,-3.21,-3.01,-3.51,-3.24,4542900,-3.16,-0.095011876484559,IBM
2005-07-27,-3.56,-3.23,-4.55,-3.49,4862200,-3.24,-0.29719448407038,IBM
2005-07-28,-3.81,-3.39,-4.09,-3.56,6189700,-3.49,-0.083462501490411,IBM
2005-07-29,-4.06,-3.41,-4.14,-3.9,4330300,-3.56,-0.40572792362769,IBM
2005-08-01,-4.36,-3.51,-4.51,-3.93,3664300,-3.9,-0.035945363048151,IBM
2005-08-02,-4.09,-3.5,-4.32,-4.05,5380700,-3.93,-0.1438331535419,IBM
2005-08-03,-4.05,-3.16,-4.25,-3.3,4258000,-4.05,0.90025207057976,IBM
2005-08-04,-3.61,-3.47,-4.38,-4.24,5249900,-3.3,-1.1182488698549,IBM
2005-08-05,-4.61,-3.62,-4.63,-4.0,3714600,-4.24,0.28873917228103,IBM
2005-08-08,-3.75,-3.27,-4.14,-3.8,4424300,-4.0,0.0,IBM
2005-08-09,-3.76,-3.21,-4.22,-3.66,3793500,-3.8,0.1679462571977,IBM
2005-08-10,-3.51,-3.15,-5.19,-5.14,5402600,-3.66,-1.7724550898204,IBM
2005-08-11,-5.23,-4.41,-5.54,-4.5,4572200,-5.14,0.78029748841746,IBM
2005-08-12,-5.01,-4.58,-5.1028,-4.97,4382100,-4.5,-0.56859424147109,IBM
2005-08-15,-5.26,-4.22,-5.55,-4.66,3431100,-4.97,0.37717483878818,IBM
2005-08-16,-5.09,-4.73,-6.07,-5.86,4411700,-4.66,-1.4545454545455,IBM
2005-08-17,-5.76,-5.22,-6.32,-5.86,4853000,-5.86,0.0,IBM
2005-08-18,-6.06,-5.16,-6.36,-6.01,3713300,-5.86,-0.18450184501844,IBM
2005-08-19,-5.8,-3.86,-6.0,-4.4,6481000,-6.01,1.9839802834258,IBM
2005-08-22,-4.41,-3.81,-5.31,-4.56,5157200,-4.4,-0.19333011116483,IBM
2005-08-23,-4.46,-4.02,-5.56,-5.13,4000300,-4.56,-0.69007263922517,IBM
2005-08-24,-5.63,-4.76,-5.93,-5.84,4417600,-5.13,-0.86553699865904,IBM
2005-08-25,-5.71,-5.71,-6.44,-6.06,3606100,-5.84,-0.27053615346778,IBM
2005-08-26,-6.35,-6.14,-6.9,-6.78,5029300,-6.06,-0.88779284833539,IBM
2005-08-29,-7.16,-5.41,-7.26,-5.82,4025300,-6.78,1.1943269470018,IBM
2005-08-30,-6.16,-6.16,-7.18,-6.62,5674200,-5.82,-0.98352594049668,IBM
2005-08-31,-6.81,-6.37,-7.29,-6.54,5400800,-6.62,0.099329525701513,IBM
2005-09-01,-7.0,-6.84,-7.82,-7.62,6390600,-6.54,-1.3396179608038,IBM
2005-09-02,-7.66,-7.15,-7.7,-7.7,3680600,-7.62,-0.1005783253709,IBM
2005-09-06,-7.46,-5.97,-7.46,-6.14,6305500,-7.7,1.963251950667,IBM
2005-09-07,-6.46,-6.03,-6.84,-6.18,4116300,-6.14,-0.04937052579609,IBM
2005-09-08,-5.88,-5.64,-6.66,-6.36,4277300,-6.18,-0.22227710545815,IBM
2005-09-09,-6.3,-5.67,-6.64,-5.72,3982500,-6.36,0.79207920792079,IBM
2005-09-12,-6.13,-5.05,-6.16,-5.68,3692800,-5.72,0.049115913556,IBM
2005-09-13,-5.67,-5.67,-6.64,-6.41,5040900,-5.68,-0.89592538046147,IBM
2005-09-14,-6.41,-5.76,-6.74,-6.68,3887700,-6.41,-0.33436532507739,IBM
2005-09-15,-6.73,-6.51,-7.49,-7.15,4865600,-6.68,-0.58399602385686,IBM
2005-09-16,-6.78,-6.66,-7.33,-6.83,7624900,-7.15,0.39995000624921,IBM
2005-09-19,-7.42,-7.18,-8.15,-7.73,5148500,-6.83,-1.1203784389394,IBM
2005-09-20,-7.89,-7.51,-8.53,-8.46,7122300,-7.73,-0.91904821855723,IBM
2005-09-21,-9.16,-8.7,-9.79,-9.6,7126000,-8.46,-1.4485387547649,IBM
2005-09-22,-9.6,-8.66,-9.86,-8.95,6870400,-9.6,0.83806085611139,IBM
2005-09-23,-9.46,-9.05,-9.66,-9.16,5434600,-8.95,-0.26850786344456,IBM
2005-09-26,-8.85,-8.75,-10.23,-9.75,5433200,-9.16,-0.75641025641026,IBM
2005-09-27,-9.99,-8.56,-10.0,-9.17,5499600,-9.75,0.7492572019119,IBM
2005-09-28,-9.1,-7.43,-9.1,-7.66,7748300,-9.17,1.9361456597,IBM
2005-09-29,-7.91,-6.61,-8.29,-6.8,5899800,-7.66,1.0817610062893,IBM
2005-09-30,-7.14,-6.66,-7.19,-6.94,5536700,-6.8,-0.17421602787457,IBM
2005-10-03,-6.94,-6.56,-7.66,-6.71,5297600,-6.94,0.28671154325605,IBM
2005-10-04,-6.51,-5.69,-7.23,-7.05,6365100,-6.71,-0.42262274704786,IBM
2005-10-05,-7.05,-6.48,-7.6,-7.34,4999200,-7.05,-0.36200224691051,IBM
2005-10-06,-7.34,-6.89,-8.46,-7.46,8130200,-7.34,-0.15033826108743,IBM
2005-10-07,-6.91,-6.04,-7.07,-6.66,6130100,-7.46,1.0037641154329,IBM
2005-10-10,-5.92,-5.06,-6.08,-5.91,7883300,-6.66,0.93167701863354,IBM
2005-10-11,-4.91,-3.64,-5.19,-3.97,9784500,-5.91,2.3876923076923,IBM
2005-10-12,-4.41,-4.23,-5.21,-4.97,7580800,-3.97,-1.2020675561967,IBM
2005-10-13,-5.46,-3.96,-5.46,-4.96,5530600,-4.97,0.012166930283496,IBM
2005-10-14,-4.56,-4.45,-5.56,-4.81,5573700,-4.96,0.18248175182481,IBM
2005-10-17,-4.8,-4.17,-5.23,-4.57,7980500,-4.81,0.29143897996358,IBM
2005-10-18,-2.83,-2.56,-3.81,-3.68,12046700,-4.57,1.0776123017314,IBM
2005-10-19,-4.75,-2.96,-4.78,-2.99,7503000,-3.68,0.82654528030666,IBM
2005-10-20,-3.16,-2.97,-4.28,-3.99,5752700,-2.99,-1.1880717595343,IBM
2005-10-21,-4.08,-3.16,-4.25,-3.83,6020700,-3.99,0.19237705903571,IBM
2005-10-24,-4.01,-3.55,-4.56,-3.69,5486200,-3.83,0.16800672026881,IBM
2005-10-25,-4.08,-3.21,-4.45,-3.8,5405300,-3.69,-0.13178387444591,IBM
2005-10-26,-4.19,-3.29,-4.44,-4.27,4288000,-3.8,-0.56381957773512,IBM
2005-10-27,-4.63,-4.23,-4.91,-4.85,3706900,-4.27,-0.69972252382676,IBM
2005-10-28,-4.84,-4.73,-6.66,-5.74,7895000,-4.85,-1.0812780950067,IBM
2005-10-31,-5.65,-4.86,-5.86,-5.28,7829900,-5.74,0.56497175141242,IBM
2005-11-01,-5.31,-5.01,-5.87,-5.57,5654300,-5.28,-0.35417684416218,IBM
2005-11-02,-5.96,-5.27,-6.52,-6.1,6650400,-5.57,-0.64958941046697,IBM
2005-11-03,-5.61,-4.13,-5.85,-4.29,7690900,-6.1,2.232913890945,IBM
2005-11-04,-4.25,-3.86,-4.5146,-4.16,3831400,-4.29,0.15687220948473,IBM
2005-11-07,-4.06,-3.31,-4.09,-3.55,4455100,-4.16,0.73493975903614,IBM
2005-11-08,-3.55,-3.06,-3.85,-3.81,3798000,-3.55,-0.55017342423154,IBM
2005-11-09,-4.25,-3.63,-4.47,-4.12,3936200,-3.81,-0.37282020444979,IBM
2005-11-10,-4.26,-2.66,-4.66,-2.97,4732000,-4.12,1.3882182520521,IBM
2005-11-11,-2.76,-2.12,-2.81,-2.41,4841300,-2.97,0.66674604119538,IBM
2005-11-14,-2.71,-1.96,-2.85,-2.6,3915300,-2.41,-0.22471910112359,IBM
2005-11-15,-2.93,-1.06,-2.93,-1.43,6832100,-2.6,1.3869132290185,IBM
2005-11-16,-1.51,-0.37999999999998,-1.57,-0.41999999999997,6694100,-1.43,1.1808722085818,IBM
2005-11-17,-0.77999999999998,0.020000000000028,-1.2,-0.069999999999975,5293300,-0.41999999999997,0.4044372544488,IBM
2005-11-18,1.04,1.04,0.21000000000003,0.81000000000002,7985600,-0.069999999999975,1.0127747727011,IBM
2005-11-21,0.64000000000002,0.91000000000003,0.050000000000029,0.33000000000003,4807800,0.81000000000002,-0.54688390110515,IBM
2005-11-22,-0.079999999999981,1.12,-0.079999999999981,1.03,5786600,0.33000000000003,0.80192461908579,IBM
2005-11-23,1.16,2.43,0.99000000000003,1.84,5398600,1.03,0.92055915444937,IBM
2005-11-25,1.99,2.36,1.66,1.84,2199300,1.84,0.0,IBM
2005-11-28,1.84,2.47,1.79,2.15,5197900,1.84,0.3490990990991,IBM
2005-11-29,2.22,2.98,2.06,2.14,5147000,2.15,-0.011222085063411,IBM
2005-11-30,2.09,2.68,1.77,1.94,6021500,2.14,-0.22446689113355,IBM
2005-12-01,2.19,2.78,2.09,2.25,4668500,1.94,0.34870641169852,IBM
2005-12-02,2.04,2.19,1.4,1.69,4730500,2.25,-0.62773231700481,IBM
2005-12-05,1.44,1.69,0.75000000000002,1.47,4023600,1.69,-0.24816694867456,IBM
2005-12-06,1.6,2.88,1.6,2.18,4871500,1.47,0.80289494515435,IBM
2005-12-07,2.04,2.96,1.49,1.76,5190600,2.18,-0.47116894772269,IBM
2005-12-08,1.61,1.95,-0.28999999999997,0.54000000000003,5784500,1.76,-1.3751127141569,IBM
2005-12-09,-0.15999999999998,0.14000000000002,-0.62999999999998,0.010000000000023,6464300,0.54000000000003,-0.60571428571429,IBM
2005-12-12,0.050000000000029,0.39000000000003,-1.2,-0.99999999999999,6044200,0.010000000000023,-1.1613199954007,IBM
2005-12-13,-2.46,-2.06,-3.46,-3.25,12545300,-0.99999999999999,-2.6174965100047,IBM
2005-12-14,-3.31,-3.01,-4.01,-3.83,7161800,-3.25,-0.6928682355752,IBM
2005-12-15,-4.08,-3.33,-4.21,-3.43,6155900,-3.83,0.48117406471792,IBM
2005-12-16,-3.07,-2.96,-3.96,-3.59,7398100,-3.43,-0.19154794684544,IBM
2005-12-19,-3.73,-3.36,-4.31,-4.2,4984500,-3.59,-0.73167806165287,IBM
2005-12-20,-4.01,-3.86,-4.9,-4.48,5276200,-4.2,-0.33832769453843,IBM
2005-12-21,-4.5,-2.96,-4.5,-3.84,6846800,-4.48,0.77594568380213,IBM
2005-12-22,-4.35,-3.73,-4.66,-3.74,6573600,-3.84,0.12030798845043,IBM
2005-12-23,-2.96,-2.76,-3.57,-3.48,3616200,-3.74,0.3124248978611,IBM
2005-12-27,-3.48,-2.46,-4.07,-3.97,4389600,-3.48,-0.5869669381888,IBM
2005-12-28,-3.86,-3.39,-4.16,-3.92,4104600,-3.97,0.060248222677445,IBM
2005-12-29,-4.16,-3.9,-4.74,-4.56,3958400,-3.92,-0.77071290944123,IBM
2005-12-30,-5.11,-4.47,-5.4,-4.76,5449000,-4.56,-0.24271844660195,IBM
2006-01-03,-4.51,-4.41,-6.15,-4.9,11715200,-4.76,-0.17031630170316,IBM
2006-01-04,-4.76,-4.46,-5.63,-5.01,9833800,-4.9,-0.13404825737265,IBM
2006-01-05,-5.56,-4.06,-5.961,-4.46,7213500,-5.01,0.67114093959731,IBM
2006-01-06,-3.01,-1.93,-3.55,-2.01,8197200,-4.46,2.969696969697,IBM
2006-01-09,-3.06,-2.71,-3.58,-3.23,6857800,-2.01,-1.4361389052384,IBM
2006-01-10,-3.81,-2.84,-3.84,-2.89,5700500,-3.23,0.40606712050638,IBM
2006-01-11,-2.59,-2.15,-3.56,-2.79,5776400,-2.89,0.11894849530154,IBM
2006-01-12,-3.14,-3.0,-3.56,-3.39,4923600,-2.79,-0.71284305572058,IBM
2006-01-13,-3.96,-3.51,-4.46,-3.79,6921700,-3.39,-0.4786406605241,IBM
2006-01-17,-4.16,-3.8,-4.42,-3.96,8746300,-3.79,-0.20440062522544,IBM
2006-01-18,-2.96,-2.26,-3.44,-3.16,10984800,-3.96,0.96385542168674,IBM
2006-01-19,-2.82,-2.57,-3.94,-3.87,6483500,-3.16,-0.84725536992839,IBM
2006-01-20,-3.92,-3.91,-5.71,-5.6,8614100,-3.87,-2.0820796726441,IBM
2006-01-23,-5.63,-5.04,-6.04,-5.55,6114100,-5.6,0.061455260570301,IBM
2006-01-24,-5.57,-4.81,-6.16,-6.11,6069000,-5.55,-0.68787618228719,IBM
2006-01-25,-5.91,-5.34,-6.35,-6.05,6374300,-6.11,0.074211502782934,IBM
2006-01-26,-5.46,-5.31,-6.37,-6.24,7810200,-6.05,-0.23482882214806,IBM
2006-01-27,-6.21,-5.19,-6.21,-5.94,6103400,-6.24,0.37165510406343,IBM
2006-01-30,-6.75,-5.15,-6.75,-5.33,5325100,-5.94,0.75290051839052,IBM
2006-01-31,-5.46,-4.96,-5.79,-5.66,6771600,-5.33,-0.404263138552,IBM
2006-02-01,-6.06,-4.72,-6.31,-5.02,5417100,-5.66,0.78720787207872,IBM
2006-02-02,-5.51,-5.37,-6.06,-5.73,6198000,-5.02,-0.86648767390773,IBM
2006-02-03,-6.41,-6.19,-7.24,-6.99,9852000,-5.73,-1.5511510525668,IBM
2006-02-06,-7.02,-7.01,-8.03,-7.45,9568500,-6.99,-0.5752157058897,IBM
2006-02-07,-7.46,-6.77,-7.66,-7.11,5250100,-7.45,0.42761916740031,IBM
2006-02-08,-6.18,-5.86,-6.52,-5.96,5029200,-7.11,1.1897307451472,IBM
2006-02-09,-6.36,-5.96,-7.26,-6.36,7609200,-5.96,-0.49504950495048,IBM
2006-02-10,-6.36,-5.3,-6.56,-5.43,5371700,-6.36,1.1567164179104,IBM
2006-02-13,-5.43,-4.85,-6.58,-6.32,5257400,-5.43,-1.0943071437354,IBM
2006-02-14,-6.21,-5.31,-6.41,-5.67,6075500,-6.32,0.80805569368474,IBM
2006-02-15,-5.9,-5.26,-6.26,-5.91,5051000,-5.67,-0.29596744358122,IBM
2006-02-16,-6.08,-5.85,-6.63,-5.85,5310500,-5.91,0.074211502782934,IBM
2006-02-17,-5.85,-5.73,-6.63,-6.05,5298800,-5.85,-0.24718823384007,IBM
2006-02-21,-6.66,-6.01,-6.79,-6.26,5838000,-6.05,-0.26019080659149,IBM
2006-02-22,-6.76,-5.11,-6.79,-5.41,5294300,-6.26,1.055900621118,IBM
2006-02-23,-5.56,-5.42,-6.72,-6.56,4979400,-5.41,-1.4136447449293,IBM
2006-02-24,-6.11,-6.11,-6.91,-6.66,3903100,-6.56,-0.12468827930176,IBM
2006-02-27,-6.79,-5.87,-6.81,-6.13,3787100,-6.66,0.66167290886392,IBM
2006-02-28,-6.66,-6.21,-7.05,-6.52,5942100,-6.13,-0.48369093389557,IBM
2006-03-01,-6.56,-5.95,-6.98,-6.86,5172300,-6.52,-0.42372881355931,IBM
2006-03-02,-7.21,-6.55,-7.22,-6.82,4418800,-6.86,0.050062578222769,IBM
2006-03-03,-7.25,-5.93,-7.25,-6.8,4354400,-6.82,0.02501876407305,IBM
2006-03-06,-6.85,-6.12,-6.86,-6.76,4709500,-6.8,0.050025012506261,IBM
2006-03-07,-6.75,-5.97,-6.9,-6.47,4330500,-6.76,0.36250000000001,IBM
2006-03-08,-6.51,-5.16,-6.51,-5.62,5569900,-6.47,1.0586623489849,IBM
2006-03-09,-5.5,-4.78,-5.96,-5.74,4310700,-5.62,-0.14789253142717,IBM
2006-03-10,-5.73,-4.51,-5.73,-5.19,4783500,-5.74,0.67884472969637,IBM
2006-03-13,-5.2,-4.36,-5.31,-4.83,4571400,-5.19,0.44133872747335,IBM
2006-03-14,-5.25,-3.77,-5.29,-3.88,4517500,-4.83,1.1595264249969,IBM
2006-03-15,-4.11,-3.0,-4.12,-3.38,5370400,-3.88,0.60328185328185,IBM
2006-03-16,-3.33,-3.04,-4.15,-3.89,4299500,-3.38,-0.61165747181577,IBM
2006-03-17,-3.41,-3.35,-3.94,-3.46,6414400,-3.89,0.51888500060335,IBM
2006-03-20,-3.65,-3.01,-3.77,-3.18,3870300,-3.46,0.33613445378151,IBM
2006-03-21,-2.94,-1.77,-3.18,-2.95,6849800,-3.18,0.27518545106485,IBM
2006-03-22,-3.41,-2.08,-3.41,-2.31,4968600,-2.95,0.76363202481804,IBM
2006-03-23,-2.53,-2.49,-3.83,-3.56,5105800,-2.31,-1.4801657785672,IBM
2006-03-24,-3.77,-3.04,-3.77,-3.4,4193100,-3.56,0.19230769230769,IBM
2006-03-27,-3.78,-3.5,-4.18,-3.68,3910100,-3.4,-0.33589251439539,IBM
2006-03-28,-3.9,-3.37,-4.47,-4.33,4501900,-3.68,-0.78237843042849,IBM
2006-03-29,-4.56,-3.21,-4.56,-3.63,4392100,-4.33,0.84920538638844,IBM
2006-03-30,-3.88,-3.06,-3.93,-3.56,4467000,-3.63,0.084205461325643,IBM
2006-03-31,-3.81,-3.16,-4.47,-4.29,5862000,-3.56,-0.87740384615385,IBM
2006-04-03,-4.04,-3.17,-4.11,-3.7,4120600,-4.29,0.71541166484783,IBM
2006-04-04,-3.71,-2.98,-3.96,-3.31,3853000,-3.7,0.46954009150012,IBM
2006-04-05,-3.43,-2.31,-3.44,-2.59,5523900,-3.31,0.8627920910725,IBM
2006-04-06,-3.06,-2.44,-3.4,-2.95,4944100,-2.59,-0.42770583343234,IBM
2006-04-07,-3.16,-2.96,-4.32,-4.28,5337500,-2.95,-1.586922801575,IBM
2006-04-10,-4.49,-4.02,-4.76,-4.66,3627700,-4.28,-0.46071774975753,IBM
2006-04-11,-4.93,-4.7,-6.01,-5.6,5959700,-4.66,-1.1449451887942,IBM
2006-04-12,-5.66,-5.39,-6.13,-6.01,3905200,-5.6,-0.50517496303597,IBM
2006-04-13,-5.58,-4.16,-5.64,-4.78,4799700,-6.01,1.5232198142415,IBM
2006-04-17,-4.84,-3.84,-5.36,-5.12,4633800,-4.78,-0.414735301293,IBM
2006-04-18,-4.87,-3.23,-5.06,-3.45,7900700,-5.12,2.0455658990691,IBM
2006-04-19,-2.81,-2.76,-5.5,-4.9,10554100,-3.45,-1.7404873364542,IBM
2006-04-20,-5.11,-3.91,-5.12,-4.74,6237200,-4.9,0.19545565599804,IBM
2006-04-21,-4.27,-4.26,-5.38,-5.1,6117400,-4.74,-0.43891733723482,IBM
2006-04-24,-5.46,-4.35,-5.66,-4.65,6604100,-5.1,0.55106539309332,IBM
2006-04-25,-4.81,-3.86,-5.16,-4.09,6855800,-4.65,0.68201193520887,IBM
2006-04-26,-3.92,-3.28,-4.05,-3.41,6648800,-4.09,0.82254747792427,IBM
2006-04-27,-4.06,-2.36,-4.06,-2.88,8174300,-3.41,0.63587282543491,IBM
2006-04-28,-3.25,-3.14,-4.78,-4.42,8201800,-2.88,-1.8359561278016,IBM
2006-05-01,-4.17,-3.45,-4.66,-4.53,6011100,-4.42,-0.13359242166626,IBM
2006-05-02,-4.65,-4.02,-4.76,-4.34,4336400,-4.53,0.23105922412744,IBM
2006-05-03,-4.22,-3.47,-4.31,-4.06,5721100,-4.34,0.33972336811454,IBM
2006-05-04,-3.89,-3.67,-4.36,-4.33,3966900,-4.06,-0.32648125755743,IBM
2006-05-05,-3.81,-3.42,-4.06,-3.48,4438700,-4.33,1.031177969186,IBM
2006-05-08,-3.86,-3.24,-4.16,-3.57,3855900,-3.48,-0.46829971181556,IBM
2006-05-09,-3.97,-3.17,-4.055,-3.23,4072800,-3.57,0.41018216913983,IBM
2006-05-10,-3.56,-3.13,-3.86,-3.56,3430400,-3.23,-0.39649164964556,IBM
2006-05-11,-3.81,-3.37,-4.01,-4.0,5274500,-3.56,-0.53075995174911,IBM
2006-05-12,-3.99,-2.77,-4.16,-4.07,5685700,-4.0,-0.084889643463489,IBM
2006-05-15,-4.66,-3.31,-4.66,-3.57,5776400,-4.07,0.60686976574827,IBM
2006-05-16,-3.46,-3.21,-4.39,-4.3,4454800,-3.57,-0.8806852455061,IBM
2006-05-17,-4.71,-4.2483,-5.44,-5.19,5936000,-4.3,-1.0832521908471,IBM
2006-05-18,-5.96,-5.11,-6.43,-5.8,5443600,-5.19,-0.7505844715147,IBM
2006-05-19,-5.6,-5.46,-6.95,-6.18,7018700,-5.8,-0.47111331515001,IBM
2006-05-22,-6.63,-6.12,-7.06,-6.44,6250900,-6.18,-0.32386646736423,IBM
2006-05-23,-6.21,-5.16,-6.82,-6.63,5005900,-6.44,-0.23744063984004,IBM
2006-05-24,-7.11,-6.42,-7.4,-6.68,7389600,-6.63,-0.062633095327568,IBM
2006-05-25,-6.57,-6.28,-6.81,-6.32,3995000,-6.68,0.4512409125094,IBM
2006-05-26,-6.3,-5.6,-6.76,-5.71,3580200,-6.32,0.76116795607686,IBM
2006-05-30,-6.11,-5.5,-6.31,-6.3,5048700,-5.71,-0.73065015479877,IBM
2006-05-31,-6.31,-5.63,-6.85,-6.56,6384900,-6.3,-0.32435129740518,IBM
2006-06-01,-6.57,-5.59,-6.65,-5.77,4865600,-6.56,0.98873591989986,IBM
2006-06-02,-5.96,-5.9,-7.31,-6.94,7232100,-5.77,-1.4499938034453,IBM
2006-06-05,-7.36,-6.42,-7.45,-7.4,5555800,-6.94,-0.57847082494969,IBM
2006-06-06,-7.4,-6.56,-7.96,-6.7,7250600,-7.4,0.88540349101948,IBM
2006-06-07,-6.68,-5.72,-7.34,-7.31,7924800,-6.7,-0.76479438314945,IBM
2006-06-08,-7.91,-6.88,-9.71,-9.43,13473800,-7.31,-2.678458622868,IBM
2006-06-09,-9.22,-8.36,-9.41,-8.83,6135400,-9.43,0.77891730494612,IBM
2006-06-12,-8.83,-8.37,-9.45,-9.44,4924900,-8.83,-0.78577869380394,IBM
2006-06-13,-9.32,-8.53,-9.64,-9.53,7318000,-9.44,-0.11685276551544,IBM
2006-06-14,-9.53,-8.61,-9.53,-8.75,6038600,-9.53,1.0139087482126,IBM
2006-06-15,-8.61,-7.68,-9.51,-7.9,6679400,-8.75,1.0938103204221,IBM
2006-06-16,-8.02,-7.93,-8.89,-8.51,8130700,-7.9,-0.7764765784114,IBM
2006-06-19,-8.56,-8.16,-9.12,-8.79,5300900,-8.51,-0.35920461834509,IBM
2006-06-20,-8.62,-8.16,-9.21,-8.47,6124500,-8.79,0.41199948500063,IBM
2006-06-21,-8.47,-7.9,-8.48,-8.16,5559100,-8.47,0.3974868572894,IBM
2006-06-22,-8.3,-8.09,-9.46,-9.27,5563700,-8.16,-1.4176245210728,IBM
2006-06-23,-9.31,-8.62,-9.52,-9.36,4520400,-9.27,-0.11659541391372,IBM
2006-06-26,-9.42,-8.94,-9.66,-9.31,3447500,-9.36,0.064850843060975,IBM
2006-06-27,-9.14,-8.86,-10.14,-9.83,5596800,-9.31,-0.67401166558653,IBM
2006-06-28,-9.93,-9.86,-10.4,-9.9,4392100,-9.83,-0.091348036017217,IBM
2006-06-29,-9.57,-8.66,-9.9,-8.87,5448900,-9.9,1.3453500522466,IBM
2006-06-30,-8.76,-8.53,-9.67,-9.64,7911700,-8.87,-0.99239592731023,IBM
2006-07-03,-8.92,-8.19,-9.19,-8.44,3177300,-9.64,1.5620932048946,IBM
2006-07-05,-8.46,-8.07,-8.94,-8.69,4047800,-8.44,-0.32043065880543,IBM
2006-07-06,-8.87,-7.93,-8.89,-8.37,4333100,-8.69,0.41146971840042,IBM
2006-07-07,-8.37,-8.37,-10.34,-10.04,6641600,-8.37,-2.1385580740172,IBM
2006-07-10,-10.28,-9.63,-10.59,-9.79,7154700,-10.04,0.32713949227951,IBM
2006-07-11,-10.21,-9.8101,-11.02,-9.99,6086500,-9.79,-0.2608582235555,IBM
2006-07-12,-10.39,-10.16,-11.64,-10.98,8372100,-9.99,-1.2946253432719,IBM
2006-07-13,-11.45,-11.18,-12.63,-12.22,8754300,-10.98,-1.6428192898781,IBM
2006-07-14,-12.22,-12.16,-13.09,-12.89,6957700,-12.22,-0.90247844827586,IBM
2006-07-17,-13.11,-12.52,-13.26,-12.76,6822700,-12.89,0.17670246024196,IBM
2006-07-18,-12.76,-12.04,-13.73,-12.2,8678800,-12.76,0.75983717774763,IBM
2006-07-19,-10.46,-9.4,-10.46,-10.39,14536900,-12.2,2.4373821707514,IBM
2006-07-20,-10.73,-10.58,-11.26,-10.98,12214900,-10.39,-0.77560141974496,IBM
2006-07-21,-10.97,-10.96,-11.96,-11.6,8372500,-10.98,-0.82140964493906,IBM
2006-07-24,-11.54,-10.31,-11.54,-10.47,5611200,-11.6,1.5094843708255,IBM
2006-07-25,-10.47,-10.05,-11.15,-10.57,5580300,-10.47,-0.13159626266613,IBM
2006-07-26,-10.98,-10.16,-11.1,-10.63,3870100,-10.57,-0.079061799973649,IBM
2006-07-27,-10.63,-9.17,-10.71,-10.31,6439000,-10.63,0.42199657127787,IBM
2006-07-28,-10.08,-9.16,-10.2,-9.5,4165700,-10.31,1.0636900853578,IBM
2006-07-31,-10.02,-8.96,-10.31,-9.05,5381800,-9.5,0.58471933471934,IBM
2006-08-01,-9.81,-9.08,-10.71,-10.32,4406700,-9.05,-1.6406149076347,IBM
2006-08-02,-10.25,-9.53,-10.26,-10.14,3283800,-10.32,0.23640661938533,IBM
2006-08-03,-10.46,-9.73,-11.56,-10.13,2765800,-10.14,0.013102725366883,IBM
2006-08-04,-9.81,-9.69,-11.14,-10.55,5062400,-10.13,-0.55024236866239,IBM
2006-08-07,-10.83,-10.26,-11.18,-10.94,3870200,-10.55,-0.51376630219997,IBM
2006-08-08,-10.53,-9.9,-11.0484,-10.83,3794700,-10.94,-0.25158898305084,IBM
2006-08-09,-10.6,-9.88,-10.77,-10.77,4480400,-10.83,0.079649542015136,IBM
2006-08-10,-10.96,-10.08,-11.11,-10.42,3213600,-10.77,0.46425255338904,IBM
2006-08-11,-10.82,-10.38,-10.96,-10.68,3695800,-10.42,-0.34327964087667,IBM
2006-08-14,-10.11,-8.67,-10.56,-9.48,4996500,-10.68,1.5898251192369,IBM
2006-08-15,-9.26,-9.02,-9.85,-9.08,5985400,-9.48,0.52164840897234,IBM
2006-08-16,-8.68,-6.88,-8.81,-7.07,7386500,-9.08,2.6076803321225,IBM
2006-08-17,-7.23,-6.6,-7.63,-6.79,5535400,-7.07,0.35402705778227,IBM
2006-08-18,-6.78,-6.19,-7.53,-6.26,5399200,-6.79,0.66775859896687,IBM
2006-08-21,-6.65,-6.28,-7.29,-6.88,3656500,-6.26,-0.77596996245307,IBM
2006-08-22,-6.88,-6.61,-7.55,-7.21,4057200,-6.88,-0.41624621594349,IBM
2006-08-23,-7.21,-6.69,-7.74,-7.49,3425700,-7.21,-0.35465484483851,IBM
2006-08-24,-7.26,-6.66,-7.29,-6.78,3473300,-7.49,0.90250413118087,IBM
2006-08-25,-6.96,-6.16,-7.02,-6.28,3427400,-6.78,0.62988158226253,IBM
2006-08-28,-6.25,-5.69,-6.4,-5.84,5259400,-6.28,0.55082623935904,IBM
2006-08-29,-6.1,-4.68,-6.1,-4.76,5208500,-5.84,1.3446215139442,IBM
2006-08-30,-4.9,-4.48,-5.32,-4.94,4439900,-4.76,-0.22113022113023,IBM
2006-08-31,-4.86,-4.66,-5.38,-5.19,3786200,-4.94,-0.30780595912337,IBM
2006-09-01,-5.03,-4.59,-5.35,-4.75,3294000,-5.19,0.54341113992837,IBM
2006-09-05,-4.97,-4.62,-5.56,-5.31,3968500,-4.75,-0.68787618228719,IBM
2006-09-06,-5.87,-5.47,-5.99,-5.88,3727600,-5.31,-0.70500927643784,IBM
2006-09-07,-6.26,-5.78,-6.85,-6.76,3913300,-5.88,-1.096163428002,IBM
2006-09-08,-6.56,-5.3,-6.81,-5.5,4498600,-6.76,1.5869017632242,IBM
2006-09-11,-5.56,-4.96,-5.91,-5.23,4314300,-5.5,0.33473840813292,IBM
2006-09-12,-5.02,-3.66,-5.1,-3.88,5722200,-5.23,1.6681082416903,IBM
2006-09-13,-3.91,-3.46,-4.32,-3.95,4920200,-3.88,-0.085075352455041,IBM
2006-09-14,-4.26,-3.16,-4.42,-3.69,4265300,-3.95,0.31626322831773,IBM
2006-09-15,-2.95,-2.57,-3.37,-3.22,8203800,-3.69,0.56990420759064,IBM
2006-09-18,-3.6,-2.95,-3.99,-3.92,4417600,-3.22,-0.8439836026043,IBM
2006-09-19,-4.19,-4.07,-4.74,-4.29,5088600,-3.92,-0.4499027237354,IBM
2006-09-20,-3.79,-2.37,-3.96,-2.74,7524600,-4.29,1.8932453890314,IBM
2006-09-21,-3.55,-2.91,-4.81,-4.55,8909000,-2.74,-2.1697434667945,IBM
2006-09-22,-4.41,-4.04,-5.15,-4.95,4350200,-4.55,-0.49013601274354,IBM
2006-09-25,-4.51,-3.88,-4.88,-4.16,5683000,-4.95,0.97278660263515,IBM
2006-09-26,-4.26,-3.5,-4.46,-3.66,4731800,-4.16,0.60975609756098,IBM
2006-09-27,-4.16,-3.49,-4.45,-4.07,5880500,-3.66,-0.49696969696969,IBM
2006-09-28,-4.31,-3.81,-4.44,-4.17,4592300,-4.07,-0.12181751735901,IBM
2006-09-29,-4.26,-3.37,-4.39,-4.22,4770700,-4.17,-0.06098304671301,IBM
2006-10-02,-4.4,-3.69,-4.58,-4.29,4483300,-4.22,-0.085428362216247,IBM
2006-10-03,-4.28,-3.9,-4.6,-4.51,4838500,-4.29,-0.26871870037865,IBM
2006-10-04,-4.51,-2.91,-4.529,-3.06,6119300,-4.51,1.7758726270667,IBM
2006-10-05,-3.35,-2.95,-3.56,-3.24,4956600,-3.06,-0.21660649819494,IBM
2006-10-06,-3.23,-2.38,-3.66,-3.02,5340900,-3.24,0.2653159671973,IBM
2006-10-09,-3.02,-2.08,-3.16,-2.16,4490200,-3.02,1.0343998075535,IBM
2006-10-10,-2.45,-1.53,-2.6,-1.97,4712600,-2.16,0.22619047619047,IBM
2006-10-11,-2.01,-1.4731,-2.37,-1.97,5210600,-1.97,0.0,IBM
2006-10-12,-1.96,-1.26,-2.06,-1.46,4661700,-1.97,0.60577265708517,IBM
2006-10-13,-1.71,0.050000000000015,-1.72,-0.079999999999981,7788600,-1.46,1.629279811098,IBM
2006-10-16,-0.079999999999981,1.44,-0.40999999999998,0.55000000000002,8633100,-0.079999999999981,0.73187732342007,IBM
2006-10-17,0.17000000000002,1.78,0.06000000000002,0.79000000000003,13264100,0.55000000000002,0.2767846845808,IBM
2006-10-18,4.35,5.88,3.57,3.66,27856500,0.79000000000003,3.3007475560667,IBM
2006-10-19,3.64,4.82,3.15,3.7,10676400,3.66,0.044533511467386,IBM
2006-10-20,3.88,4.54,3.39,4.32,7390800,3.7,0.68996216336524,IBM
2006-10-23,3.89,5.84,3.85,5.4,8862300,4.32,1.1936339522546,IBM
2006-10-24,4.75,5.79,4.64,5.33,9222300,5.4,-0.076452599388387,IBM
2006-10-25,5.05,5.83,4.78,5.67,6122100,5.33,0.371625314242,IBM
2006-10-26,5.67,5.77,5.09,5.38,4984700,5.67,-0.31580093651311,IBM
2006-10-27,4.75,5.73,4.42,4.6,5840300,5.38,-0.85208651955429,IBM
2006-10-30,3.64,5.84,3.64,5.34,5594000,4.6,0.8153371529308,IBM
2006-10-31,5.34,6.52,5.34,6.17,9267300,5.34,0.90710382513661,IBM
2006-11-01,6.34,6.52,5.34,5.64,5845700,6.17,-0.57402794324705,IBM
2006-11-02,5.64,5.79,5.09,5.52,4895100,5.64,-0.13071895424836,IBM
2006-11-03,5.6,6.18,5.0216,5.25,4506400,5.52,-0.29450261780106,IBM
2006-11-06,5.34,6.58,5.34,6.44,6240600,5.25,1.3018269335959,IBM
2006-11-07,6.26,7.24,6.25,6.59,7305200,6.44,0.16198704103672,IBM
2006-11-08,6.39,7.06,6.15,6.73,6020200,6.59,-0.17250673854447,IBM
2006-11-09,6.73,7.33,6.51,6.56,4518900,6.73,-0.18360514094395,IBM
2006-11-10,6.44,6.49,5.77,5.9,5369600,6.56,-0.71413114044579,IBM
2006-11-13,5.69,6.57,5.55,6.21,4358300,5.9,0.33783783783782,IBM
2006-11-14,6.14,7.43,5.79,7.43,5873000,6.21,1.3250787444336,IBM
2006-11-15,7.22,7.42,6.68,7.25,4172800,7.43,-0.19294672526531,IBM
2006-11-16,7.21,7.74,6.74,7.61,4171500,7.25,0.38663945870476,IBM
2006-11-17,7.56,8.19,7.45,7.95,5251000,7.61,0.36375307585322,IBM
2006-11-20,7.74,7.94,7.15,7.39,5010600,7.95,-0.59695128451125,IBM
2006-11-21,7.15,7.57,6.99,7.22,3067800,7.39,-0.18230563002681,IBM
2006-11-22,7.04,7.88,6.94,7.66,3351700,7.22,0.472711645896,IBM
2006-11-24,7.19,7.89,7.12,7.49,2130600,7.66,-0.18177929854577,IBM
2006-11-27,6.85,7.38,5.26,5.59,6284000,7.49,-2.0353508302089,IBM
2006-11-28,4.79,5.71,4.57,5.49,4962100,5.59,-0.10934937124112,IBM
2006-11-29,5.49,5.8,5.15,5.66,4623000,5.49,0.18609742747674,IBM
2006-11-30,5.49,6.62,5.39,6.06,6470700,5.66,0.43706293706294,IBM
2006-12-01,6.04,6.05,4.69,5.39,5445400,6.06,-0.72889469103569,IBM
2006-12-04,6.64,8.09,6.39,7.65,7507900,5.39,2.4767123287671,IBM
2006-12-05,7.65,8.78,7.58,8.62,6886200,7.65,1.0373222115282,IBM
2006-12-06,8.62,9.01,8.15,8.26,5947300,8.62,-0.38103302286198,IBM
2006-12-07,8.14,8.57,7.6921,8.37,4310800,8.26,0.11687207819804,IBM
2006-12-08,7.79,8.53,7.61,8.0,4140000,8.37,-0.39265626658177,IBM
2006-12-11,7.86,8.49,7.7,7.78,3453300,8.0,-0.23439164713403,IBM
2006-12-12,7.74,8.99,7.44,8.26,7784000,7.78,0.51260145237079,IBM
2006-12-13,8.92,9.47,8.64,8.91,6417200,8.26,0.69060773480662,IBM
2006-12-14,9.11,9.86,8.68,9.5,4644100,8.91,0.62255988181914,IBM
2006-12-15,9.75,9.94,9.19,9.44,8086500,9.5,-0.062919463087251,IBM
2006-12-18,9.09,10.3,8.94,9.58,7984900,9.44,0.14690451206716,IBM
2006-12-19,9.24,10.53,9.05,10.14,4933200,9.58,0.58675607711652,IBM
2006-12-20,10.24,10.64,9.84,10.14,3656600,10.14,0.0,IBM
2006-12-21,9.92,10.64,9.67,10.05,4405600,10.14,-0.093750000000004,IBM
2006-12-22,9.89,10.12,9.38,9.39,3031500,10.05,-0.68814513606506,IBM
2006-12-26,9.14,9.95,9.06,9.8,2278700,9.39,0.43044619422572,IBM
2006-12-27,10.44,11.37,10.4128,11.34,4571600,9.8,1.6098682835041,IBM
2006-12-28,11.25,11.54,11.01,11.11,4501700,11.34,-0.2366255144033,IBM
2006-12-29,11.14,12.02,10.97,11.29,4455900,11.11,0.18562441992369,IBM
2007-01-03,11.32,12.54,10.4,11.41,9196800,11.29,0.12352032938754,IBM
2007-01-04,11.39,12.93,11.02,12.45,10524500,11.41,1.0691888557623,IBM
2007-01-05,11.74,12.09,11.05,11.56,7221300,12.45,-0.90529956260808,IBM
2007-01-08,12.64,13.64,12.49,13.04,10340000,11.56,1.5191952371176,IBM
2007-01-09,13.22,14.47,13.21,14.21,11107800,13.04,1.1830131445905,IBM
2007-01-10,12.64,13.19,12.07,13.03,8744700,14.21,-1.1791745777955,IBM
2007-01-11,13.14,14.04,12.64,12.79,8000700,13.03,-0.2426939023157,IBM
2007-01-12,13.13,13.83,12.64,13.48,6636500,12.79,0.69944247339077,IBM
2007-01-16,13.54,14.98,13.44,14.96,9602100,13.48,1.489832897121,IBM
2007-01-17,14.83,15.04,14.04,14.16,8200600,14.96,-0.79349335449315,IBM
2007-01-18,13.94,14.09,13.05,13.59,14510300,14.16,-0.56988602279543,IBM
2007-01-19,9.14,10.99,8.69,10.31,26035800,13.59,-3.298139768728,IBM
2007-01-22,10.56,11.37,10.26,11.25,13539100,10.31,0.97743579078715,IBM
2007-01-23,11.05,11.52,10.34,11.22,10337400,11.25,-0.03089280197714,IBM
2007-01-24,11.22,11.72,10.72,11.54,5698900,11.22,0.32962505150392,IBM
2007-01-25,11.36,12.06,11.36,11.65,6201300,11.54,0.1129363449692,IBM
2007-01-26,11.66,11.97,10.98,11.59,5771100,11.65,-0.061532150548664,IBM
2007-01-29,11.84,12.8,11.59,12.68,7294800,11.59,1.118522319138,IBM
2007-01-30,12.71,13.59,12.64,13.51,7177900,12.68,0.84229754414451,IBM
2007-01-31,12.94,13.62,12.49,13.29,6432200,13.51,-0.2213947871591,IBM
2007-02-01,13.11,13.32,12.1,13.14,6610700,13.29,-0.15128593040848,IBM
2007-02-02,13.24,13.87,13.02,13.31,6656300,13.14,0.17171717171717,IBM
2007-02-05,13.31,14.58,13.04,14.52,8184800,13.31,1.2201270545528,IBM
2007-02-06,14.14,14.54,13.68,13.99,6532800,14.52,-0.52799362422794,IBM
2007-02-07,14.24,14.8,13.56,13.98,7698000,13.99,-0.31046569854781,IBM
2007-02-08,13.34,14.18,13.09,14.06,6152200,13.98,0.080369700622863,IBM
2007-02-09,13.96,14.14,12.25,12.99,6100400,14.06,-1.074081509737,IBM
2007-02-12,13.24,13.64,12.66,13.02,5319043,12.99,0.030441400304415,IBM
2007-02-13,13.04,13.18,12.24,12.73,5702815,13.02,-0.29417731791438,IBM
2007-02-14,12.94,13.87,12.69,13.64,5644733,12.73,0.92583172245396,IBM
2007-02-15,13.5,13.96,12.92,13.36,5568600,13.64,-0.28225806451613,IBM
2007-02-16,13.56,13.69,13.07,13.43,4794800,13.36,0.070764253942573,IBM
2007-02-20,13.1,13.9,12.99,13.79,4124200,13.43,0.36367309829276,IBM
2007-02-21,13.34,13.81,13.14,13.53,4302400,13.79,-0.26170105686964,IBM
2007-02-22,13.24,13.94,12.21,12.94,5900100,13.53,-0.59541830658997,IBM
2007-02-23,12.84,12.88,11.85,12.17,6355800,12.94,-0.78172588832487,IBM
2007-02-26,12.3,12.3,10.9,11.35,5922491,12.17,-0.83904635219483,IBM
2007-02-27,10.44,10.45,7.32,8.4,11936100,11.35,-3.0440615003612,IBM
2007-02-28,8.15,8.53,6.91,7.38,12191600,8.4,-1.0855683269476,IBM
2007-03-01,4.69,7.49,3.21,6.71,12865530,7.38,-0.72089520120508,IBM
2007-03-02,6.44,6.81,5.28,5.34,9451300,6.71,-1.4847729489541,IBM
2007-03-05,4.69,6.59,4.54,6.25,10263450,5.34,1.001100110011,IBM
2007-03-06,6.84,8.33,6.7,8.24,9184200,6.25,2.1675198780089,IBM
2007-03-07,8.41,9.29,8.06,8.38,10269100,8.24,0.14925373134328,IBM
2007-03-08,8.94,9.26,6.959,7.44,7403300,8.38,-1.0006387055567,IBM
2007-03-09,7.92,8.44,7.26,7.72,6332400,7.44,0.30107526881721,IBM
2007-03-12,7.73,8.61,7.41,8.55,5531300,7.72,0.88979416809605,IBM
2007-03-13,8.3,8.91,7.06,7.15,7537800,8.55,-1.4876208691956,IBM
2007-03-14,7.09,8.47,6.54,8.2,8713865,7.15,1.1325639089634,IBM
2007-03-15,7.84,8.41,7.54,7.89,5909949,8.2,-0.33063139931741,IBM
2007-03-16,8.89,8.89,7.46,7.69,8728250,7.89,-0.21401819154628,IBM
2007-03-19,8.39,8.76,7.83,8.43,4568062,7.69,0.79356568364611,IBM
2007-03-20,8.44,8.97,7.99,8.94,4560000,8.43,0.5426109160549,IBM
2007-03-21,8.94,10.25,8.27,9.8,7665595,8.94,0.91005291005291,IBM
2007-03-22,9.54,9.88,9.09,9.63,5700350,9.8,-0.17827181208054,IBM
2007-03-23,9.26,9.66,9.09,9.47,4412483,9.63,-0.16808488286584,IBM
2007-03-26,9.44,9.69,8.76,9.44,6729345,9.47,-0.031568978217406,IBM
2007-03-27,9.15,9.47,8.64,9.17,4695700,9.44,-0.28421052631579,IBM
2007-03-28,8.34,9.46,8.24,8.7,8127957,9.17,-0.49614694394595,IBM
2007-03-29,9.1,9.55,8.4,9.01,6850200,8.7,0.32887757267132,IBM
2007-03-30,8.68,9.19,8.01,8.7,7638050,9.01,-0.32779951358781,IBM
2007-04-02,8.95,9.94,8.5,9.65,5883600,8.7,1.0078506259283,IBM
2007-04-03,9.89,10.67,9.77,10.54,5730800,9.65,0.93477575884886,IBM
2007-04-04,10.24,10.89,10.01,10.65,4277725,10.54,0.11446409989594,IBM
2007-04-05,10.42,11.19,10.19,10.96,3302400,10.65,0.32221182829228,IBM
2007-04-09,10.87,11.38,10.56,11.06,4850581,10.96,0.10360547036884,IBM
2007-04-10,10.84,11.24,10.6042,10.9,3596400,11.06,-0.16559718484787,IBM
2007-04-11,10.95,11.14,9.39,9.6,5940774,10.9,-1.3477088948787,IBM
2007-04-12,9.47,10.26,8.97,10.11,7085294,9.6,0.53593947036571,IBM
2007-04-13,10.19,10.19,9.03,9.37,6027783,10.11,-0.77349221281488,IBM
2007-04-16,9.43,10.74,9.16,10.62,6865100,9.37,1.3167597176867,IBM
2007-04-17,10.74,12.1,10.46,11.56,10244930,10.62,0.97733416510709,IBM
2007-04-18,9.24,10.35,8.84,9.24,15871630,11.56,-2.3887973640857,IBM
2007-04-19,8.94,9.31,8.44,8.73,9446748,9.24,-0.53797468354429,IBM
2007-04-20,9.46,9.59,8.351,9.02,9340296,8.73,0.30756177749495,IBM
2007-04-23,9.6,10.17,9.49,9.65,7247400,9.02,0.66610277014167,IBM
2007-04-24,11.67,14.34,11.67,12.93,21486380,9.65,3.4450162798025,IBM
2007-04-25,13.18,16.14,13.17,15.9,14827280,12.93,3.0155345720378,IBM
2007-04-26,15.44,15.94,14.65,15.34,8608488,15.9,-0.5519416518825,IBM
2007-04-27,14.74,15.61,14.5,15.61,6141359,15.34,0.26759167492567,IBM
2007-04-30,15.55,17.44,15.41,16.65,10050400,15.61,1.0279727191855,IBM
2007-05-01,16.5,17.61,16.49,17.61,8670046,16.65,0.93924273554448,IBM
2007-05-02,17.24,17.58,16.57,16.66,6820278,17.61,-0.92081031307551,IBM
2007-05-03,16.19,17.44,15.79,17.24,7318750,16.66,0.56740363920955,IBM
2007-05-04,17.19,17.47,16.69,17.4,5464734,17.24,0.1556420233463,IBM
2007-05-07,17.2,17.61,16.84,17.6,5620078,17.4,0.1942501942502,IBM
2007-05-08,17.26,18.23,17.05,18.13,5965000,17.6,0.1260178363707,IBM
2007-05-09,18.77,19.59,18.54,19.22,8280786,18.13,1.0552812469745,IBM
2007-05-10,18.66,19.95,18.55,19.52,8959800,19.22,0.28741138149072,IBM
2007-05-11,19.53,20.83,19.51,20.82,6026050,19.52,1.2418800152847,IBM
2007-05-14,20.65,21.09,19.63,20.41,5732600,20.82,-0.38686544631063,IBM
2007-05-15,20.24,20.64,19.54,19.67,6104200,20.41,-0.70095671118689,IBM
2007-05-16,19.94,20.73,19.37,20.71,5613508,19.67,0.99208241915483,IBM
2007-05-17,20.45,21.07,19.57,20.15,7706400,20.71,-0.5289505997922,IBM
2007-05-18,20.68,22.89,20.44,22.83,9832200,20.15,2.5448675339474,IBM
2007-05-21,22.51,22.84,21.71,21.88,7490002,22.83,-0.87971108435965,IBM
2007-05-22,21.79,22.09,20.85,21.54,5313220,21.88,-0.31763826606876,IBM
2007-05-23,21.64,21.84,20.09,20.42,4396825,21.54,-1.049671977507,IBM
2007-05-24,20.29,20.82,18.41,18.79,6926300,20.42,-1.5438530024626,IBM
2007-05-25,18.74,20.27,18.69,20.02,6123000,18.79,1.1832611832612,IBM
2007-05-29,20.41,21.47,20.14,20.75,5420500,20.02,0.69404829815553,IBM
2007-05-30,20.24,21.94,20.05,21.77,7398800,20.75,0.96308186195828,IBM
2007-05-31,22.1,22.51,20.84,21.44,5104600,21.77,-0.30861311138129,IBM
2007-06-01,21.46,22.08,20.86,21.38,5282390,21.44,-0.056285178236387,IBM
2007-06-04,21.34,21.43,20.42,21.07,4569870,21.38,-0.29097052750141,IBM
2007-06-05,21.39,21.39,20.38,20.68,5244200,21.07,-0.36712792996329,IBM
2007-06-06,20.34,20.35,17.23,17.25,30770680,20.68,-3.2407407407407,IBM
2007-06-07,17.3,18.01,16.4,16.64,12472420,17.25,-0.59564495654721,IBM
2007-06-08,16.64,18.05,16.59,17.91,8216300,16.64,1.2475442043222,IBM
2007-06-11,17.71,18.84,17.34,18.06,7903004,17.91,0.14553216260794,IBM
2007-06-12,17.95,18.02,16.99,17.18,5578530,18.06,-0.85254795582251,IBM
2007-06-13,17.69,18.1,16.94,17.96,6437538,17.18,0.76216533124878,IBM
2007-06-14,17.94,19.08,17.65,18.69,5165600,17.96,0.7079131109387,IBM
2007-06-15,19.06,20.03,18.72,19.93,9432208,18.69,1.1940298507463,IBM
2007-06-18,20.11,20.49,19.73,20.17,6370224,19.93,0.22837567799029,IBM
2007-06-19,19.77,21.5,19.74,21.34,5754000,20.17,1.1107946454002,IBM
2007-06-20,21.34,21.86,20.79,20.84,6541410,21.34,-0.46948356807512,IBM
2007-06-21,20.61,21.84,20.45,21.44,5587800,20.84,0.56603773584905,IBM
2007-06-22,20.8,21.28,19.28,19.28,10818000,21.44,-2.0262664165103,IBM
2007-06-25,19.57,20.61,19.34,19.94,8476400,19.28,0.63194178475679,IBM
2007-06-26,19.94,20.9,19.66,20.17,5229600,19.94,0.21883920076118,IBM
2007-06-27,19.59,20.31,19.24,20.27,5403800,20.17,0.094939713282074,IBM
2007-06-28,20.36,21.76,20.06,20.79,5430900,20.27,0.49321824907521,IBM
2007-06-29,20.8,21.42,18.94,20.09,7018355,20.79,-0.66068900424729,IBM
2007-07-02,20.23,20.64,19.42,19.85,4701254,20.09,-0.22802850356294,IBM
2007-07-03,20.34,21.92,20.08,21.42,4219800,19.85,1.4950957051709,IBM
2007-07-05,21.15,23.23,20.82,22.89,6670800,21.42,1.3792456370801,IBM
2007-07-06,22.63,24.5,22.5,23.87,8976538,22.89,0.90698750578436,IBM
2007-07-09,23.57,24.19,23.04,23.81,6046268,23.87,-0.0550307254884,IBM
2007-07-10,23.39,23.99,23.09,23.47,6209200,23.81,-0.31201248049922,IBM
2007-07-11,23.14,24.44,23.09,23.94,5887800,23.47,0.43266132744177,IBM
2007-07-12,24.19,24.49,23.06,24.12,9542993,23.94,0.16498625114574,IBM
2007-07-13,23.59,24.04,22.94,23.44,7123367,24.12,-0.62225475841875,IBM
2007-07-16,23.41,24.88,23.26,24.5,8864296,23.44,0.97605893186004,IBM
2007-07-17,24.5,26.31,24.29,25.61,7610629,24.5,1.0122195878169,IBM
2007-07-18,25.09,26.72,24.88,25.92,10019230,25.61,0.27985916764467,IBM
2007-07-19,29.84,31.32,29.49,30.7,17281510,25.92,4.3032048973713,IBM
2007-07-20,29.69,30.7,28.78,29.65,11706300,30.7,-0.9062661833247,IBM
2007-07-23,29.72,31.27,29.69,31.22,8040900,29.65,1.3674767006358,IBM
2007-07-24,30.16,31.84,29.86,31.01,10498990,31.22,-0.18044337515036,IBM
2007-07-25,31.03,33.22,30.08,32.94,11339920,31.01,1.6613583541362,IBM
2007-07-26,31.85,33.66,30.36,31.37,16822050,32.94,-1.3293818797629,IBM
2007-07-27,31.46,32.79,30.46,30.46,16637040,31.37,-0.78091478589204,IBM
2007-07-30,29.84,30.59,28.36,29.36,15095300,30.46,-0.95139249264834,IBM
2007-07-31,29.56,29.56,24.86,25.49,17816150,29.36,-3.3793223891023,IBM
2007-08-01,25.23,27.57,24.9,26.88,12359650,25.49,1.2562132851333,IBM
2007-08-02,26.94,28.89,26.34,28.07,11318760,26.88,1.0621206711889,IBM
2007-08-03,28.08,29.02,26.54,26.73,9564245,28.07,-1.1834319526627,IBM
2007-08-06,26.81,28.73,26.54,28.73,7243395,26.73,1.7874698364465,IBM
2007-08-07,27.86,29.01,27.09,28.37,8021021,28.73,-0.31609447712705,IBM
2007-08-08,29.54,29.84,27.5,28.22,7680919,28.37,-0.48445344842773,IBM
2007-08-09,26.01,29.73,25.97,25.97,9085185,28.22,-1.991502920871,IBM
2007-08-10,24.99,28.74,24.94,27.88,9549842,25.97,1.7249164634697,IBM
2007-08-13,28.23,29.19,27.55,27.95,6125600,27.88,0.06214488636363,IBM
2007-08-14,28.07,28.39,26.98,27.29,5615443,27.95,-0.58557359595422,IBM
2007-08-15,26.24,28.09,25.15,26.47,11638920,27.29,-0.73181615350289,IBM
2007-08-16,26.22,26.66,18.94,24.93,16702000,26.47,-1.3845185651353,IBM
2007-08-17,27.11,27.91,23.9,26.14,15276360,24.93,1.1031087610539,IBM
2007-08-20,26.14,26.34,24.37,24.46,9839612,26.14,-1.5148782687106,IBM
2007-08-21,24.14,25.35,23.32,24.28,8360500,24.46,-0.16480498077275,IBM
2007-08-22,25.33,25.74,24.39,25.24,6314100,24.28,0.88041085840058,IBM
2007-08-23,25.64,26.92,25.25,26.69,8271000,25.24,1.3181818181818,IBM
2007-08-24,26.69,28.49,26.05,28.48,7058700,26.69,1.6061013907582,IBM
2007-08-27,28.24,29.09,28.04,28.68,4921802,28.48,0.17661603673614,IBM
2007-08-28,28.14,28.83,26.87,27.24,6005667,28.68,-1.2693935119887,IBM
2007-08-29,28.12,30.22,27.31,29.81,7049800,27.24,2.2946428571429,IBM
2007-08-30,28.86,31.24,28.86,30.61,7735000,29.81,0.69826307061186,IBM
2007-08-31,31.23,32.59,30.79,31.93,6884700,30.61,1.1441449250238,IBM
2007-09-04,31.58,34.13,31.39,33.43,8055253,31.93,1.2854571942754,IBM
2007-09-05,32.72,33.39,31.79,33.12,6555500,33.43,-0.26228953380151,IBM
2007-09-06,33.16,33.99,31.48,32.86,6778514,33.12,-0.22056328469629,IBM
2007-09-07,31.44,32.21,30.57,30.79,7511650,32.86,-1.759904778099,IBM
2007-09-10,31.39,32.74,30.56,31.04,6120600,30.79,0.21635655560363,IBM
2007-09-11,31.59,33.02,31.28,32.59,8098700,31.04,1.3385146804836,IBM
2007-09-12,32.19,32.64,30.93,31.24,6289215,32.59,-1.1504047720494,IBM
2007-09-13,31.54,32.24,30.98,31.19,4802629,31.24,-0.04310344827586,IBM
2007-09-14,30.29,31.24,29.89,30.37,6904373,31.19,-0.70720137990514,IBM
2007-09-17,29.94,30.49,29.54,29.76,5022334,30.37,-0.52983583774863,IBM
2007-09-18,30.24,32.02,30.07,31.87,7839500,29.76,1.8424729304925,IBM
2007-09-19,32.14,32.43,31.02,31.91,10311130,31.87,0.034296493183577,IBM
2007-09-20,31.51,32.89,31.44,32.1,5807863,31.91,0.16285248992886,IBM
2007-09-21,33.13,33.34,31.59,32.02,9097300,32.1,-0.068457983912372,IBM
2007-09-24,32.14,32.67,31.09,31.49,5734283,32.02,-0.4538448364446,IBM
2007-09-25,31.26,32.83,31.03,31.75,7043416,31.49,0.2236559139785,IBM
2007-09-26,32.18,33.32,31.99,32.54,6695200,31.75,0.67805338597545,IBM
2007-09-27,32.74,33.45,32.28,32.95,5834500,32.54,0.34953111679454,IBM
2007-09-28,32.38,33.74,32.34,33.04,7376400,32.95,0.076459094384507,IBM
2007-10-01,32.85,34.74,32.74,34.27,6777300,33.04,1.044142614601,IBM
2007-10-02,34.55,34.84,33.38,33.6,6911487,34.27,-0.5628833067294,IBM
2007-10-03,32.89,33.08,31.52,31.64,7914071,33.6,-1.6559648529909,IBM
2007-10-04,31.44,31.99,30.24,30.93,6177481,31.64,-0.60996563573884,IBM
2007-10-05,31.41,31.95,30.71,31.54,5749327,30.93,0.52727115567465,IBM
2007-10-08,31.34,33.47,31.12,33.01,4822900,31.54,1.2639724849527,IBM
2007-10-09,33.09,33.74,31.66,33.54,5670291,33.01,0.4500297189437,IBM
2007-10-10,33.24,34.04,32.92,33.86,5901800,33.54,0.2704987320372,IBM
2007-10-11,34.23,36.7,32.61,33.29,13018700,33.86,-0.48052604957006,IBM
2007-10-12,33.74,34.13,32.52,33.05,5656196,33.29,-0.20330368487928,IBM
2007-10-15,33.19,33.61,31.99,33.27,6265299,33.05,0.18674136321195,IBM
2007-10-16,33.26,35.18,32.74,34.84,11499900,33.27,1.3301702956875,IBM
2007-10-17,33.25,33.25,29.39,31.02,18098800,34.84,-3.1939799331104,IBM
2007-10-18,30.06,31.65,29.68,30.04,7722610,31.02,-0.84643288996373,IBM
2007-10-19,29.22,30.17,27.04,27.52,10327110,30.04,-2.1951219512195,IBM
2007-10-22,26.21,29.12,26.2,28.61,7576895,27.52,0.97078731742074,IBM
2007-10-23,29.02,30.04,28.74,29.92,5562900,28.61,1.155508511952,IBM
2007-10-24,29.44,29.69,26.92,28.19,8072600,29.92,-1.508545517963,IBM
2007-10-25,28.56,29.64,26.93,28.05,6519830,28.19,-0.12394864984506,IBM
2007-10-26,28.24,29.24,27.31,28.97,5030300,28.05,0.81553053807287,IBM
2007-10-29,29.14,30.25,29.09,30.04,5103200,28.97,0.94082476039743,IBM
2007-10-30,29.74,30.14,28.99,29.36,4015500,30.04,-0.59233449477351,IBM
2007-10-31,29.99,31.49,28.52,31.36,7216755,29.36,1.7525411847178,IBM
2007-11-01,30.74,31.33,28.56,28.89,7593902,31.36,-2.1271098863245,IBM
2007-11-02,29.66,30.39,28.81,29.83,6114800,28.89,0.82710074791025,IBM
2007-11-05,30.35,30.35,28.07,28.64,7154607,29.83,-1.038485033598,IBM
2007-11-06,28.73,29.19,26.91,28.41,7299701,28.64,-0.20282186948854,IBM
2007-11-07,29.2,29.28,26.54,26.72,7086684,28.41,-1.846779181762,IBM
2007-11-08,25.74,25.96,19.63,21.75,19263870,26.72,-4.4742527907814,IBM
2007-11-09,20.56,20.56,14.91,15.8942,18084050,21.75,-5.518612760343,IBM
2007-11-12,17.53,19.83,16.34,17.09,13553560,15.8942,1.1927679837852,IBM
2007-11-13,18.37,21.38,18.14,20.91,10777860,17.09,3.7654016757023,IBM
2007-11-14,21.76,22.06,18.48,19.08,8451378,20.91,-1.7383870048447,IBM
2007-11-15,18.88,21.28,18.69,19.24,8023571,19.08,0.15467904098994,IBM
2007-11-16,20.15,20.64,18.89,20.43,9293934,19.24,1.1486486486487,IBM
2007-11-19,19.98,21.03,16.98,17.86,9501656,20.43,-2.4525240958107,IBM
2007-11-20,18.23,20.61,17.02,19.06,8393339,17.86,1.1739385638818,IBM
2007-11-21,17.05,19.73,17.05,17.86,7097131,19.06,-1.1603171533553,IBM
2007-11-23,18.74,19.78,17.96,19.69,2827667,17.86,1.7902563099198,IBM
2007-11-26,19.9,20.79,17.36,17.61,7340066,19.69,-1.9990389235944,IBM
2007-11-27,18.34,20.22,17.14,19.47,9117409,17.61,1.8240659017358,IBM
2007-11-28,20.46,23.91,20.0,23.01,9222027,19.47,3.4094192429934,IBM
2007-11-29,22.88,23.51,21.89,23.14,7812402,23.01,0.12107665083356,IBM
2007-11-30,24.21,24.83,19.57,20.82,12900180,23.14,-2.1581395348837,IBM
2007-12-03,21.19,22.78,20.22,21.47,7918711,20.82,0.61798821068643,IBM
2007-12-04,21.05,23.06,20.36,22.27,6361726,21.47,0.75592932060852,IBM
2007-12-05,23.47,24.16,22.62,23.8,6090340,22.27,1.4348682359561,IBM
2007-12-06,23.64,25.64,23.57,25.34,5315445,23.8,1.4238165680473,IBM
2007-12-07,25.32,25.64,23.59,24.5,5985432,25.34,-0.76572470373747,IBM
2007-12-10,25.02,25.9,24.64,25.03,4442167,24.5,0.4868638618409,IBM
2007-12-11,24.98,26.04,22.1,22.63,8439644,25.03,-2.1939848249383,IBM
2007-12-12,24.81,25.84,23.02,24.11,7879753,22.63,1.3833068511076,IBM
2007-12-13,23.64,24.28,22.58,23.82,6252789,24.11,-0.26735502904028,IBM
2007-12-14,22.95,23.2,19.74,21.41,9711145,23.82,-2.2277685339249,IBM
2007-12-17,21.01,21.63,19.64,20.17,7131014,21.41,-1.1723551101446,IBM
2007-12-18,20.72,22.61,19.77,21.95,8005927,20.17,1.7028604228451,IBM
2007-12-19,22.18,24.02,21.51,22.78,7031062,21.95,0.78073558461104,IBM
2007-12-20,23.42,25.13,23.25,24.48,8030809,22.78,1.5867089789061,IBM
2007-12-21,25.54,26.8,24.79,26.69,13246600,24.48,2.0305034913635,IBM
2007-12-24,26.84,27.64,26.19,27.29,2342363,26.69,0.5402971634399,IBM
2007-12-26,26.54,27.83,26.54,27.2,3831696,27.29,-0.080609046126291,IBM
2007-12-27,26.17,26.94,25.13,25.24,4513561,27.2,-1.7569021154536,IBM
2007-12-28,26.4,26.4,24.748,25.73,5823634,25.24,0.44708029197081,IBM
2007-12-31,25.15,25.64,22.9,23.74,5647566,25.73,-1.8076119538559,IBM
2008-01-02,24.63,24.63,19.81,20.33,9503410,23.74,-3.154486586494,IBM
2008-01-03,20.47,21.21,19.62,20.54,7528806,20.33,0.2005922246633,IBM
2008-01-04,19.59,19.59,16.12,16.77,11034550,20.54,-3.5938989513823,IBM
2008-01-07,15.89,16.64,14.67,15.69,12650030,16.77,-1.0679323642836,IBM
2008-01-08,15.69,16.02,12.81,13.23,9434330,15.69,-2.4587706146926,IBM
2008-01-09,13.4,14.79,12.8,13.95,10922090,13.23,0.73778051029819,IBM
2008-01-10,13.03,16.5,12.79,15.56,10634620,13.95,1.6376767368528,IBM
2008-01-11,14.84,15.1,12.68,13.31,8959860,15.56,-2.2518014411529,IBM
2008-01-14,20.65,21.23,16.97,18.57,18009210,13.31,5.3854817241732,IBM
2008-01-15,17.67,20.28,16.87,17.47,11629440,18.57,-1.0686874574954,IBM
2008-01-16,15.78,18.5,15.78,17.27,12681620,17.47,-0.19640577432977,IBM
2008-01-17,17.64,19.09,15.69,16.74,11624960,17.27,-0.52149955721736,IBM
2008-01-18,22.36,22.36,18.14,19.04,23871550,16.74,2.2749752720079,IBM
2008-01-22,14.19,18.73,14.19,16.86,15129430,19.04,-2.1083172147002,IBM
2008-01-23,15.27,21.975,14.14,21.74,19567040,16.86,4.8211815846671,IBM
2008-01-24,22.02,23.15,20.32,22.55,13025600,21.74,0.76343072573045,IBM
2008-01-25,23.43,23.43,19.74,20.16,10025300,22.55,-2.235525208119,IBM
2008-01-28,20.08,21.41,19.47,20.62,7858457,20.16,0.44010715652507,IBM
2008-01-29,21.14,22.44,20.24,21.74,6616136,20.62,1.0668698799771,IBM
2008-01-30,21.49,23.29,20.495,21.29,7431096,21.74,-0.42412818096135,IBM
2008-01-31,19.85,23.61,19.34,22.75,9054502,21.29,1.3819214387127,IBM
2008-02-01,22.8,25.04,21.5,24.72,8046960,22.75,1.8392306974139,IBM
2008-02-04,24.31,24.64,22.0967,23.57,5985430,24.72,-1.054272093876,IBM
2008-02-05,22.7,23.69,20.32,20.66,9048842,23.57,-2.6961919762809,IBM
2008-02-06,21.09,22.53,19.62,19.63,8264691,20.66,-1.361645400876,IBM
2008-02-07,18.93,20.04,16.64,18.38,11255780,19.63,-1.2066801814847,IBM
2008-02-08,18.23,19.71,18.11,19.31,6085594,18.38,0.90873558725815,IBM
2008-02-11,19.09,21.59,18.91,21.18,6098285,19.31,1.8107872567057,IBM
2008-02-12,21.2,23.37,20.74,22.57,7650154,21.18,1.3220467947499,IBM
2008-02-13,23.17,24.97,22.84,24.46,6608178,22.57,1.7741481272881,IBM
2008-02-14,23.98,24.54,21.54,22.17,7340533,24.46,-2.1121564287032,IBM
2008-02-15,21.31,22.29,21.04,22.2,6234328,22.17,0.028267219447848,IBM
2008-02-19,22.98,23.66,20.68,21.04,7376313,22.2,-1.0926902788244,IBM
2008-02-20,21.47,24.25,20.57,23.89,7670937,21.04,2.7142857142857,IBM
2008-02-21,24.14,25.64,22.47,22.97,8327927,23.89,-0.85303662494204,IBM
2008-02-22,23.18,24.52,21.75,24.11,7917196,22.97,1.0661180211353,IBM
2008-02-25,23.47,26.36,23.47,26.12,8157454,24.11,1.8599056167299,IBM
2008-02-26,25.56,31.03,25.09,30.42,18501010,26.12,3.90625,IBM
2008-02-27,29.88,32.67,28.95,32.5,11854900,30.42,1.8184997377164,IBM
2008-02-28,31.64,31.94,30.6,31.28,7227169,32.5,-1.0475699811094,IBM
2008-02-29,30.08,31.18,29.39,29.9,8475027,31.28,-1.1975008677542,IBM
2008-03-03,29.9,30.85,29.52,30.27,6335686,29.9,0.32496047777973,IBM
2008-03-04,29.44,31.76,28.79,31.75,8592988,30.27,1.2956316204149,IBM
2008-03-05,32.45,32.45,30.29,31.43,8434191,31.75,-0.276553452597,IBM
2008-03-06,31.1,31.19,28.29,28.56,8018229,31.43,-2.4872172631944,IBM
2008-03-07,27.89,30.79,27.84,29.98,8124883,28.56,1.2619978670459,IBM
2008-03-10,29.16,32.03,29.16,30.05,9747285,29.98,0.061435843426371,IBM
2008-03-11,31.84,32.6,30.08,32.53,10990510,30.05,2.175247785282,IBM
2008-03-12,32.48,34.04,31.15,33.11,9083111,32.53,0.49789681517727,IBM
2008-03-13,31.73,32.82,29.68,31.95,9548828,33.11,-0.99086016912958,IBM
2008-03-14,32.11,32.56,28.73,31.2701,9734328,31.95,-0.58657579156242,IBM
2008-03-17,29.04,33.08,29.04,31.59,9280292,31.2701,0.27761843476661,IBM
2008-03-18,32.64,34.47,29.85,34.45,9966461,31.59,2.4751189961056,IBM
2008-03-19,34.33,34.54,32.69,32.98,9314339,34.45,-1.2414492019255,IBM
2008-03-20,33.13,34.52,32.69,34.37,11417470,32.98,1.1886437489311,IBM
2008-03-24,34.61,35.83,34.17,35.1,8397044,34.37,0.61691878644469,IBM
2008-03-25,35.14,35.14,33.19,34.01,8443163,35.1,-0.9155047875021,IBM
2008-03-26,33.63,34.01,31.0,32.95,9616948,34.01,-0.89853352547258,IBM
2008-03-27,32.06,32.24,30.55,31.56,8437145,32.95,-1.1889487640065,IBM
2008-03-28,31.9,32.79,30.25,30.61,6597901,31.56,-0.82236842105263,IBM
2008-03-31,30.19,31.91,29.38,31.18,9634874,30.61,0.49751243781095,IBM
2008-04-01,31.24,34.41,31.01,32.53,11874940,31.18,1.1724856696196,IBM
2008-04-02,32.88,32.92,30.02,30.85,8044183,32.53,-1.4421838784445,IBM
2008-04-03,30.39,32.86,29.9,32.06,7052875,30.85,1.0539151641843,IBM
2008-04-04,32.09,32.62,30.64,31.8,5733045,32.06,-0.2240992932253,IBM
2008-04-07,32.41,33.41,31.86,32.35,6181189,31.8,0.4751209398756,IBM
2008-04-08,31.76,32.92,31.32,32.31,7282957,32.35,-0.034390852033364,IBM
2008-04-09,32.54,33.76,31.76,32.81,6819018,32.31,0.43003354261632,IBM
2008-04-10,32.97,35.26,32.9189,34.82,9149194,32.81,1.7213325340413,IBM
2008-04-11,33.35,33.84,31.55,32.04,9556775,34.82,-2.3404613571308,IBM
2008-04-14,32.24,33.98,31.99,33.32,7745547,32.04,1.1034482758621,IBM
2008-04-15,33.14,33.71,31.58,33.21,8639861,33.32,-0.093792633015006,IBM
2008-04-16,34.19,36.51,33.21,36.51,19114250,33.21,2.8164205854741,IBM
2008-04-17,38.43,39.76,36.74,39.12,18996690,36.51,2.166514484934,IBM
2008-04-18,39.96,41.04,39.19,40.44,12490570,39.12,1.0724731881703,IBM
2008-04-21,39.66,40.55,38.09,40.39,6952739,40.44,-0.040192926045025,IBM
2008-04-22,39.91,40.39,39.05,39.71,5417499,40.39,-0.54684358665058,IBM
2008-04-23,39.73,40.82,38.68,39.64,7593274,39.71,-0.056602247917852,IBM
2008-04-24,39.42,40.94,38.77,40.23,5996605,39.64,0.47734627831715,IBM
2008-04-25,40.54,40.54,38.1,39.12,6316117,40.23,-0.89379177067397,IBM
2008-04-28,38.65,39.09,37.68,37.73,5605245,39.12,-1.1293467663308,IBM
2008-04-29,38.08,39.24,38.08,38.89,7225958,37.73,0.95324184402991,IBM
2008-04-30,39.38,39.54,36.54,36.74,8128226,38.89,-1.7501017501017,IBM
2008-05-01,37.1,40.47,37.1,39.65,8230153,36.74,2.4109362054681,IBM
2008-05-02,39.34,40.04,37.8,39.22,6916601,39.65,-0.34786829544535,IBM
2008-05-05,38.33,39.29,37.78,38.07,6359232,39.22,-0.93359311576555,IBM
2008-05-06,37.54,39.38,36.82,38.86,5909268,38.07,0.64738179136277,IBM
2008-05-07,39.32,41.52,38.95,40.68,11406750,38.86,1.0747435271129,IBM
2008-05-08,40.74,41.71,40.24,41.46,9793931,40.68,0.62832286128565,IBM
2008-05-09,40.91,41.19,40.17,40.6,5502095,41.46,-0.68844060198527,IBM
2008-05-12,40.36,42.53,40.1,41.78,8666749,40.6,0.95115266806383,IBM
2008-05-13,41.66,43.24,41.57,43.12,9693364,41.78,1.0699457042478,IBM
2008-05-14,43.06,45.37,42.74,44.06,8888217,43.12,0.7426133670406,IBM
2008-05-15,43.87,45.22,43.44,45.0,7227865,44.06,0.73713927227103,IBM
2008-05-16,45.0,45.015,43.34,44.36,6372012,45.0,-0.49820955939593,IBM
2008-05-19,44.22,44.75,42.59,43.03,6385149,44.36,-1.0405257393209,IBM
2008-05-20,42.59,42.59,40.99,41.72,7017188,43.03,-1.0356549924895,IBM
2008-05-21,41.59,42.94,39.56,40.16,8333685,41.72,-1.2462054641317,IBM
2008-05-22,40.09,41.89,40.09,41.24,5030939,40.16,0.87364504125546,IBM
2008-05-23,40.89,41.45,40.31,40.74,4701489,41.24,-0.4009623095429,IBM
2008-05-27,40.55,43.92,40.54,43.86,6989058,40.74,2.512077294686,IBM
2008-05-28,44.04,46.08,43.53,46.08,9855020,43.86,1.7436380772856,IBM
2008-05-29,45.3,46.53,45.2,46.25,7561500,46.08,0.13123359580054,IBM
2008-05-30,45.76,46.53,45.34,45.97,8652886,46.25,-0.21586616297895,IBM
2008-06-02,45.03,45.91,43.24,43.9,7599265,45.97,-1.5993200958047,IBM
2008-06-03,44.01,45.54,44.0,44.38,7238344,43.9,0.37688442211056,IBM
2008-06-04,44.41,45.04,42.99,44.09,6429240,44.38,-0.22684605757197,IBM
2008-06-05,43.95,45.58,43.74,45.01,6152726,44.09,0.72128577028616,IBM
2008-06-06,44.31,44.68,41.28,41.48,7866671,45.01,-2.7477232038608,IBM
2008-06-09,41.92,42.72,40.6,42.4,5583925,41.48,0.73635344965584,IBM
2008-06-10,41.42,43.262,41.17,42.48,5383215,42.4,0.063562688701731,IBM
2008-06-11,42.44,42.44,39.4,39.79,7207172,42.48,-2.135937748134,IBM
2008-06-12,40.39,41.63,39.67,40.39,6748543,39.79,0.4868154158215,IBM
2008-06-13,40.96,43.11,40.69,42.69,6379529,40.39,1.85708518369,IBM
2008-06-16,42.0,43.68,41.1866,43.25,6280151,42.69,0.44391597304795,IBM
2008-06-17,43.64,43.64,41.16,41.64,5277855,43.25,-1.270617946492,IBM
2008-06-18,41.09,41.9712,40.24,40.7,6614626,41.64,-0.75139888089528,IBM
2008-06-19,40.21,42.16,38.9,41.56,7570193,40.7,0.69265463917526,IBM
2008-06-20,41.35,41.56,39.04,39.28,9624213,41.56,-1.8237082066869,IBM
2008-06-23,39.54,41.04,38.94,40.0,5850419,39.28,0.58660583346912,IBM
2008-06-24,39.62,40.79,38.44,40.0,7552893,40.0,0.0,IBM
2008-06-25,40.21,42.37,39.74,41.12,7131278,40.0,0.90717641341326,IBM
2008-06-26,39.97,40.36,37.3,37.67,9710016,41.12,-2.7693048643442,IBM
2008-06-27,37.56,38.59,34.8,36.59,11622020,37.67,-0.89160406175184,IBM
2008-06-30,36.57,36.76,34.69,35.07,8438507,36.59,-1.2661391087047,IBM
2008-07-01,34.04,35.9,33.14,35.81,10069380,35.07,0.62431451953092,IBM
2008-07-02,34.95,37.09,34.66,35.64,8093184,35.81,-0.14253374696068,IBM
2008-07-03,36.49,37.32,34.43,36.08,6117601,35.64,0.3694374475231,IBM
2008-07-07,36.16,39.18,36.16,38.04,9131029,36.08,1.639618537728,IBM
2008-07-08,37.09,40.53,37.09,40.42,9813212,38.04,1.9588477366255,IBM
2008-07-09,40.75,41.04,36.94,36.94,9499526,40.42,-2.8091701646755,IBM
2008-07-10,37.2,40.08,37.2,39.72,10053510,36.94,2.3089700996678,IBM
2008-07-11,38.34,40.28,37.11,38.66,8841347,39.72,-0.86052930670564,IBM
2008-07-14,40.05,40.79,37.78,38.08,8317305,38.66,-0.4749426793318,IBM
2008-07-15,37.54,41.04,36.44,39.74,10710430,38.08,1.365805496133,IBM
2008-07-16,39.35,43.43,38.79,42.48,9898423,39.74,2.224025974026,IBM
2008-07-17,42.93,43.5,40.54,43.06,12260000,42.48,0.46053676353819,IBM
2008-07-18,42.35,46.54,41.96,46.43,18317720,43.06,2.6636104963642,IBM
2008-07-21,46.37,46.44,44.18,45.2,7777151,46.43,-0.94695511586726,IBM
2008-07-22,44.04,46.54,43.8,46.54,11420580,45.2,1.0415047411783,IBM
2008-07-23,46.32,46.87,44.83,46.06,10229980,46.54,-0.36923076923076,IBM
2008-07-24,45.6,47.47,45.34,46.54,8946118,46.06,0.37059913526868,IBM
2008-07-25,45.54,46.44,44.54,45.07,7565425,46.54,-1.1307692307692,IBM
2008-07-28,44.23,44.98,42.67,42.79,6096738,45.07,-1.7739049249203,IBM
2008-07-29,43.08,44.708,42.79,44.2,5978624,42.79,1.1168316831683,IBM
2008-07-30,44.66,45.54,43.63,45.4,5824211,44.2,0.93999686667712,IBM
2008-07-31,44.64,46.04,44.28,44.52,5856679,45.4,-0.68291168710229,IBM
2008-08-01,45.06,45.84,42.82,43.18,4939378,44.52,-1.0470385997812,IBM
2008-08-04,43.31,44.64,42.79,44.1,5984694,43.18,0.726468730259,IBM
2008-08-05,44.74,45.44,43.62,45.41,6969598,44.1,1.0269677014738,IBM
2008-08-06,45.49,46.54,44.79,46.2,6253697,45.41,0.22503297897105,IBM
2008-08-07,45.34,47.01,44.94,46.09,6633491,46.2,-0.085165685970877,IBM
2008-08-08,45.54,46.92,44.67,45.85,8561734,46.09,-0.18597442851609,IBM
2008-08-11,45.47,45.47,42.79,43.64,7464435,45.85,-1.7157053023834,IBM
2008-08-12,43.05,43.54,41.44,42.26,6996790,43.64,-1.0900473933649,IBM
2008-08-13,42.04,44.03,41.79,42.84,5855968,42.26,0.46318479476122,IBM
2008-08-14,42.05,45.29,41.84,43.98,6812332,42.84,0.90620031796502,IBM
2008-08-15,44.11,44.23,42.39,43.4,5566174,43.98,-0.45690877579959,IBM
2008-08-18,43.53,44.04,40.72,41.63,5959373,43.4,-1.4007597340931,IBM
2008-08-19,40.67,41.83,39.05,39.6,9310858,41.63,-1.6293442491372,IBM
2008-08-20,40.54,41.01,39.05,39.55,6871551,39.6,-0.040796344647517,IBM
2008-08-21,38.62,40.47,38.59,40.03,6314975,39.55,0.39180475063259,IBM
2008-08-22,40.34,42.39,39.84,41.97,5989190,40.03,1.5773640133344,IBM
2008-08-25,41.52,41.97,39.74,39.9,5827182,41.97,-1.6569278796126,IBM
2008-08-26,39.62,39.89,38.54,39.54,6218163,39.9,-0.2930164414781,IBM
2008-08-27,39.46,41.89,39.22,40.42,5545604,39.54,0.71836734693877,IBM
2008-08-28,41.1,42.49,40.62,41.62,5447839,40.42,0.9726049602853,IBM
2008-08-29,40.75,41.03,38.67,38.77,7155910,41.62,-2.2876866270669,IBM
2008-09-02,39.91,41.04,34.94,35.45,11749210,38.77,-2.7273474081985,IBM
2008-09-03,35.38,35.69,32.19,35.38,11317000,35.45,-0.059116628663114,IBM
2008-09-04,35.03,35.94,31.94,32.04,10133410,35.38,-2.8223762041575,IBM
2008-09-05,31.19,32.13,30.21,31.37,8810324,32.04,-0.58260869565218,IBM
2008-09-08,35.04,35.32,32.18,34.33,10448570,31.37,2.5889967637541,IBM
2008-09-09,34.82,35.14,32.04,32.08,8106135,34.33,-1.9183221075966,IBM
2008-09-10,33.44,36.99,33.14,35.08,11852120,32.08,2.6077885952712,IBM
2008-09-11,33.64,36.41,33.15,36.24,9737014,35.08,0.98271772280583,IBM
2008-09-12,35.7,36.32,33.86,36.01,6634367,36.24,-0.19295302013423,IBM
2008-09-15,32.4,35.45,32.23,32.23,9934262,36.01,-3.1772715810709,IBM
2008-09-16,30.77,34.68,30.36,33.09,13526230,32.23,0.74659258616199,IBM
2008-09-17,31.83,32.54,27.65,28.51,12060940,33.09,-3.946574752262,IBM
2008-09-18,29.95,35.63,28.08,32.16,15968250,28.51,3.2744236117341,IBM
2008-09-19,36.63,41.04,34.54,35.89,14432520,32.16,3.2400972897846,IBM
2008-09-22,35.49,37.18,33.06,33.25,8842183,35.89,-2.2212873369794,IBM
2008-09-23,33.25,35.21,31.18,32.4,8012788,33.25,-0.73143447207641,IBM
2008-09-24,33.97,35.21,31.3,33.5,6574097,32.4,0.95353675450762,IBM
2008-09-25,34.79,39.03,33.16,37.15,6539103,33.5,3.1341233041388,IBM
2008-09-26,34.25,38.05,34.05,36.46,4759283,37.15,-0.5744733993839,IBM
2008-09-29,34.48,35.47,26.99,31.5,9474898,36.46,-4.1534081393402,IBM
2008-09-30,32.87,34.0,28.85,34.0,18991820,31.5,2.1841691420584,IBM
2008-10-01,32.55,33.84,24.79,27.17,13133860,34.0,-5.8396032831737,IBM
2008-10-02,25.52,27.01,20.08,21.78,11458040,27.17,-4.8942159266322,IBM
2008-10-03,22.2,27.99,20.07,20.48,9637851,21.78,-1.2411686079817,IBM
2008-10-06,18.25,20.04,13.64,17.66,11520520,20.48,-2.7262180974478,IBM
2008-10-07,18.54,19.66,11.28,12.69,11415430,17.66,-4.9393758696084,IBM
2008-10-08,8.55,14.52,7.02,7.59,17927600,12.69,-5.3319393622582,IBM
2008-10-09,12.33,12.35,5.27,6.04,21292150,7.59,-1.7117614577581,IBM
2008-10-10,4.45,8.7,0.55000000000005,4.79,24637260,6.04,-1.4044943820225,IBM
2008-10-13,7.48,10.65,3.99,9.25,17100960,4.79,5.0826210826211,IBM
2008-10-14,13.46,16.04,9.04,10.64,15113590,9.25,1.5074286953693,IBM
2008-10-15,9.81,12.33,4.75,5.3300000000001,11319000,10.64,-5.6730769230769,IBM
2008-10-16,6.42,9.04,1.39,8.56,16268440,5.3300000000001,3.6583984596217,IBM
2008-10-17,8.79,12.95,4.75,7.82,15229790,8.56,-0.80856643356643,IBM
2008-10-20,9.25,10.35,6.37,9.55,9746542,7.82,1.9057061026658,IBM
2008-10-21,9.26,9.5,5.61,5.9,9705905,9.55,-3.9455194033078,IBM
2008-10-22,4.04,4.63,-2.16,0.64000000000004,14196340,5.9,-5.9194238127391,IBM
2008-10-23,1.13,2.93,-1.96,1.39,12345000,0.64000000000004,0.89712918660287,IBM
2008-10-24,-3.69,1.35,-4.14,-0.88999999999998,12287290,1.39,-2.7030231179609,IBM
2008-10-27,-2.69,1.5400000000001,-3.95,-3.3,11093960,-0.88999999999998,-2.9365176069209,IBM
2008-10-28,-1.56,4.65,-3.44,4.32,14205120,-3.3,9.5656540296259,IBM
2008-10-29,4.78,8.04,3.29,5.24,12691190,4.32,1.0540788267644,IBM
2008-10-30,8.05,9.44,5.94,7.73,12033770,5.24,2.8231292517007,IBM
2008-10-31,7.94,11.23,6.07,10.01,10506280,7.73,2.5140588819054,IBM
2008-11-03,9.68,11.71,9.21,9.72,7686252,10.01,-0.31192857911153,IBM
2008-11-04,11.8,11.8,9.11,10.44,10172690,9.72,0.77686663789383,IBM
2008-11-05,9.97,10.44,6.74,6.98,8705265,10.44,-3.7044967880086,IBM
2008-11-06,5.2200000000001,6.37,1.8200000000001,2.6900000000001,12304810,6.98,-5.3257727373805,IBM
2008-11-07,3.3200000000001,4.25,1.7900000000001,3.81,7927624,2.6900000000001,1.3153258954786,IBM
2008-11-10,5.53,5.64,0.28000000000003,1.41,9685097,3.81,-2.7819636026429,IBM
2008-11-11,0.79000000000004,1.8300000000001,-2.21,0.28000000000003,10013130,1.41,-1.3473232383451,IBM
2008-11-12,-1.73,-0.059999999999956,-2.89,-2.72,11365480,0.28000000000003,-3.6258158085569,IBM
2008-11-13,-2.84,1.9300000000001,-7.06,1.75,15103070,-2.72,5.6057185854026,IBM
2008-11-14,0.17000000000003,2.9400000000001,-2.96,-2.13,12023310,1.75,-4.607528797055,IBM
2008-11-17,-3.06,-2.72,-5.3,-4.98,10319190,-2.13,-3.5478650566413,IBM
2008-11-18,-3.33,-1.53,-5.46,-2.38,13050180,-4.98,3.3557046979866,IBM
2008-11-19,-2.53,-1.46,-6.73,-6.49,12605510,-2.38,-5.1323676323676,IBM
2008-11-20,-7.46,-4.07,-11.95,-10.72,17633110,-6.49,-5.5679873634329,IBM
2008-11-21,-9.72,-5.48,-12.96,-7.58,19802850,-10.72,4.3769166434346,IBM
2008-11-24,-6.72,-0.36999999999996,-7.46,-2.57,15023130,-7.58,6.6907051282051,IBM
2008-11-25,-1.09,-0.059999999999956,-4.24,-1.81,12519640,-2.57,0.95130804856679,IBM
2008-11-26,-2.94,-0.66999999999996,-3.85,-0.78999999999997,8240531,-1.81,1.264724116553,IBM
2008-11-28,-1.46,-0.55999999999996,-2.36,-0.85999999999998,3908651,-0.78999999999997,-0.085710787314813,IBM
2008-12-01,-1.51,-1.1,-5.67,-5.56,10264710,-0.85999999999998,-5.7598039215686,IBM
2008-12-02,-4.66,-2.46,-6.32,-2.62,9305187,-5.56,3.8231469440832,IBM
2008-12-03,-3.84,-1.46,-5.47,-1.79,9756865,-2.62,1.0395791583166,IBM
2008-12-04,-2.43,-1.63,-6.28,-5.02,10913910,-1.79,-4.0039667782323,IBM
2008-12-05,-5.68,-0.95999999999997,-7.15,-1.87,11211940,-5.02,4.0676652892562,IBM
2008-12-08,0.11000000000003,3.42,-0.72999999999996,2.4,11177170,-1.87,5.2984241220995,IBM
2008-12-09,1.36,2.974,-0.25999999999996,0.23000000000004,9356264,2.4,-2.5571529578129,IBM
2008-12-10,1.4900000000001,2.53,-0.62999999999997,0.40000000000004,8186111,0.23000000000004,0.20558713266417,IBM
2008-12-11,-0.95999999999997,0.40000000000004,-2.69,-1.88,10681410,0.40000000000004,-2.7516292541637,IBM
2008-12-12,-3.78,0.48000000000004,-4.4,-0.25999999999996,10380300,-1.88,2.0104244229337,IBM
2008-12-15,0.050000000000043,1.08,-2.46,0.31000000000003,8848200,-0.25999999999996,0.6934306569343,IBM
2008-12-16,0.65000000000004,4.38,0.41000000000005,3.9400000000001,11559800,0.31000000000003,4.3856469735411,IBM
2008-12-17,2.98,4.81,2.1966,3.3800000000001,8597011,3.9400000000001,-0.64814814814815,IBM
2008-12-18,3.31,4.18,0.50000000000004,1.5400000000001,8022949,3.3800000000001,-2.143522833178,IBM
2008-12-19,2.76,2.76,0.51000000000004,1.06,13098450,1.5400000000001,-0.57142857142858,IBM
2008-12-22,0.81000000000004,0.99000000000004,-2.14,-0.46999999999997,7083299,1.06,-1.8318965517241,IBM
2008-12-23,-0.10999999999997,0.35000000000005,-2.33,-1.86,6369803,-0.46999999999997,-1.6953286986218,IBM
2008-12-24,-1.91,-1.24,-2.54,-1.94,2419543,-1.86,-0.099255583126549,IBM
2008-12-26,-1.53,-0.65999999999997,-1.91,-1.13,3101280,-1.94,1.0059612518629,IBM
2008-12-29,-0.73999999999996,-0.73999999999996,-2.78,-1.21,6062522,-1.13,-0.098364687077337,IBM
2008-12-30,-0.62999999999997,1.18,-0.93999999999997,1.09,5767951,-1.21,2.8307692307692,IBM
2008-12-31,1.04,2.54,1.04,1.7,6667617,1.09,0.73010173548773,IBM
2009-01-02,1.43,5.13,1.43,4.91,7557927,1.7,3.8141634980989,IBM
2009-01-05,3.96,5.21,3.7200000000001,4.36,8315617,4.91,-0.62950669566214,IBM
2009-01-06,4.65,7.95,3.91,6.77,9650534,4.36,2.7758580972126,IBM
2009-01-07,5.37,6.34,4.66,5.3300000000001,8454880,6.77,-1.6138070155777,IBM
2009-01-08,5.35,5.68,3.5200000000001,4.7200000000001,7231753,5.3300000000001,-0.69483995899305,IBM
2009-01-09,4.59,5.04,1.7900000000001,2.2400000000001,7440255,4.7200000000001,-2.8446891488874,IBM
2009-01-12,2.11,4.14,1.9600000000001,3.25,8072171,2.2400000000001,1.1924439197166,IBM
2009-01-13,3.04,4.13,2.3300000000001,2.8800000000001,7657127,3.25,-0.43168825107921,IBM
2009-01-14,1.7400000000001,2.36,-0.34999999999996,0.73000000000004,9469992,2.8800000000001,-2.5193344269979,IBM
2009-01-15,1.15,2.37,-0.20399999999996,1.6600000000001,11734420,0.73000000000004,1.1179228272629,IBM
2009-01-16,2.1500000000001,3.28,0.62000000000004,2.46,11244260,1.6600000000001,0.9510223490252,IBM
2009-01-20,2.3000000000001,2.46,-0.69999999999996,-0.47999999999996,13650320,2.46,-3.4620819594913,IBM
2009-01-21,3.8300000000001,9.14,3.54,8.96,24898950,-0.47999999999996,11.515003659429,IBM
2009-01-22,7.37,8.28,5.65,7.61,12350620,8.96,-1.4767009407132,IBM
2009-01-23,5.94,8.24,5.35,7.03,10253410,7.61,-0.64394359942267,IBM
2009-01-26,7.31,10.21,7.06,9.14,9840078,7.03,2.3578053413789,IBM
2009-01-27,9.31,9.51,8.04,9.2,8720715,9.14,0.065502183406116,IBM
2009-01-28,10.24,12.48,9.45,12.36,13406170,9.2,3.4475234562514,IBM
2009-01-29,11.12,12.12,9.56,10.05,9228268,12.36,-2.4361948955916,IBM
2009-01-30,9.77,11.02,8.79,9.19,9535963,10.05,-0.92962922927251,IBM
2009-02-02,8.14,9.4,7.23,8.47,9895132,9.19,-0.78559738134206,IBM
2009-02-03,8.61,11.27,7.7,11.02,8865123,8.47,2.8043549983504,IBM
2009-02-04,11.28,12.45,9.36,10.37,10188630,11.02,-0.69533590072743,IBM
2009-02-05,9.67,10.74,8.76,9.95,11622310,10.37,-0.45243994398363,IBM
2009-02-06,10.55,15.14,9.69,14.18,13055860,9.95,4.036359701331,IBM
2009-02-09,13.97,15.02,12.76,14.86,8165654,14.18,0.7073018514666,IBM
2009-02-10,13.62,14.86,11.0,11.31,13535550,14.86,-3.6665978103698,IBM
2009-02-11,11.52,13.81,11.04,13.2,10762840,11.31,2.0263750402059,IBM
2009-02-12,12.45,13.24,10.24,13.11,9916250,13.2,-0.094577553593951,IBM
2009-02-13,12.83,13.22,11.61,11.88,6738670,13.11,-1.2937835279268,IBM
2009-02-17,9.77,10.53,8.54,8.71,8895476,11.88,-3.3780903665814,IBM
2009-02-18,9.21,10.29,8.4806,9.55,8464834,8.71,0.92643652806882,IBM
2009-02-19,9.1,10.2,6.49,6.97,12620950,9.55,-2.819364003934,IBM
2009-02-20,6.09,7.94,5.38,6.83,12400290,6.97,-0.15742718992466,IBM
2009-02-23,7.34,7.37,2.23,2.4100000000001,13427590,6.83,-4.9780380673499,IBM
2009-02-24,2.67,5.12,2.14,4.4400000000001,12752020,2.4100000000001,2.4060685077634,IBM
2009-02-25,4.04,5.16,0.89000000000004,3.9400000000001,12609220,4.4400000000001,-0.5787037037037,IBM
2009-02-26,4.89,8.24,4.37,7.01,17422310,3.9400000000001,3.5739231664726,IBM
2009-02-27,6.16,11.32,6.05,10.07,21311090,7.01,3.4393615825559,IBM
2009-03-02,9.21,9.94,6.79,7.09,15230650,10.07,-3.2380745409106,IBM
2009-03-03,8.2,8.22,5.23,5.81,13727880,7.09,-1.4373947220663,IBM
2009-03-04,7.01,9.28,5.642,7.53,15387760,5.81,1.9596673122935,IBM
2009-03-05,6.17,8.2,5.06,5.52,14911200,7.53,-2.2460610124036,IBM
2009-03-06,5.51,6.29,1.8500000000001,3.8500000000001,15186820,5.52,-1.9090077732053,IBM
2009-03-09,2.7400000000001,4.84,1.06,1.5200000000001,13151300,3.8500000000001,-2.7153012469409,IBM
2009-03-10,3.15,5.29,1.6800000000001,5.29,15914220,1.5200000000001,4.5160517489219,IBM
2009-03-11,5.55,7.58,4.76,6.66,11823830,5.29,1.5702005730659,IBM
2009-03-12,6.63,8.64,5.53,8.44,11829150,6.66,2.0085759422252,IBM
2009-03-13,8.44,8.69,7.33,8.4,9111801,8.44,-0.044247787610626,IBM
2009-03-16,9.69,11.04,8.58,9.26,11793270,8.4,0.95174856131031,IBM
2009-03-17,9.15,10.95,8.49,10.95,11489640,9.26,1.8526638894979,IBM
2009-03-18,7.5,10.94,7.45,9.99,17952160,10.95,-1.0332579916048,IBM
2009-03-19,10.88,11.39,9.55,10.7,9897187,9.99,0.7721587819467,IBM
2009-03-20,11.2,13.04,10.22,10.55,12193680,10.7,-0.16188214979494,IBM
2009-03-23,11.74,16.75,11.74,16.75,12402640,10.55,6.7019781645227,IBM
2009-03-24,15.73,17.59,15.56,16.34,9346638,16.75,-0.4153581197447,IBM
2009-03-25,16.51,17.9,14.13,15.99,12016040,16.34,-0.35605289928789,IBM
2009-03-26,16.51,17.24,15.79,16.82,11418470,15.99,0.84737110770801,IBM
2009-03-27,14.03,14.04,10.79,12.19,15738770,16.82,-4.687183640413,IBM
2009-03-30,10.04,12.78,9.84,12.56,10963300,12.19,0.39298990971852,IBM
2009-03-31,13.0,16.7,12.89,14.93,14552160,12.56,2.5074058400339,IBM
2009-04-01,14.17,16.04,13.74,15.65,12129790,14.93,0.74311074414284,IBM
2009-04-02,17.19,20.03,16.42,18.86,16197560,15.65,3.2885974797664,IBM
2009-04-03,17.77,20.7,17.75,20.26,10957260,18.86,1.388613370363,IBM
2009-04-06,18.94,19.89,18.04,19.6,8816241,20.26,-0.645666210135,IBM
2009-04-07,18.213,18.54,16.56,16.79,8754740,19.6,-2.7668373375345,IBM
2009-04-08,17.49,19.59,17.04,19.23,7283624,16.79,2.4708860759494,IBM
2009-04-09,20.05,20.49,18.29,19.74,8013689,19.23,0.50400237177587,IBM
2009-04-13,18.32,19.69,17.08,17.99,7790433,19.74,-1.7207472959685,IBM
2009-04-14,17.12,17.99,16.31,17.31,6273516,17.99,-0.68034017008505,IBM
2009-04-15,16.27,17.1,14.48,16.89,8164190,17.31,-0.42308854638864,IBM
2009-04-16,17.78,19.96,17.22,19.47,9259021,16.89,2.6100151745068,IBM
2009-04-17,19.22,20.08,17.73,19.31,10211880,19.47,-0.15774425712315,IBM
2009-04-20,18.33,19.2299,17.25,18.47,12485360,19.31,-0.82946578453638,IBM
2009-04-21,16.45,20.52,16.24,20.35,15209710,18.47,1.8719506123668,IBM
2009-04-22,19.21,21.9,19.1,20.59,12119980,20.35,0.23458117486071,IBM
2009-04-23,20.69,20.82,17.84,19.46,9433623,20.59,-1.1019015114578,IBM
2009-04-24,19.21,19.62,17.54,18.12,10150310,19.46,-1.3212384145139,IBM
2009-04-27,17.65,19.73,17.33,17.99,8611348,18.12,-0.12989608313349,IBM
2009-04-28,17.4,20.77,17.29,19.98,11099620,17.99,1.9909954977489,IBM
2009-04-29,20.02,23.04,19.71,22.08,9769027,19.98,2.0600353148911,IBM
2009-04-30,22.59,24.09,20.89,21.25,10653500,22.08,-0.79777008842754,IBM
2009-05-01,21.82,22.9,20.98,22.65,6230717,21.25,1.3564577075865,IBM
2009-05-04,23.3,24.79,22.65,24.23,8303551,22.65,1.510371857375,IBM
2009-05-05,24.04,24.86,23.55,23.89,6749948,24.23,-0.32018080798569,IBM
2009-05-06,23.82,24.09,22.3,23.21,7530839,23.89,-1.1620217288616,IBM
2009-05-07,23.24,23.3864,20.42,21.18,8507193,23.21,-1.9403555725483,IBM
2009-05-08,22.17,22.34,18.42,20.08,11568250,21.18,-1.0722292621113,IBM
2009-05-11,19.68,22.467,19.54,21.49,8252924,20.08,1.3892994383683,IBM
2009-05-12,21.57,22.97,20.96,22.53,7961502,21.49,1.0106899902818,IBM
2009-05-13,21.47,21.69,19.94,20.85,8202062,22.53,-1.6163171060227,IBM
2009-05-14,20.31,21.3,19.36,19.64,9444882,20.85,-1.1832583610405,IBM
2009-05-15,19.49,21.66,19.16,19.96,8367389,19.64,0.31667491340921,IBM
2009-05-18,20.59,23.3,20.53,23.17,7411201,19.96,3.166617342409,IBM
2009-05-19,22.92,24.71,22.59,24.1,7078585,23.17,0.88927137119909,IBM
2009-05-20,24.1,24.57,22.4,22.64,7082738,24.1,-1.3837550943039,IBM
2009-05-21,21.66,21.84,20.33,21.41,7388747,22.64,-1.1821239788563,IBM
2009-05-22,21.26,21.9,20.34,20.48,5596154,21.41,-0.90449328924333,IBM
2009-05-26,19.91,24.22,19.61,23.61,7207742,20.48,3.0719403278045,IBM
2009-05-27,22.93,23.76,21.5,21.52,7119259,23.61,-1.9900971243573,IBM
2009-05-28,21.93,23.73,21.27,23.28,6127420,21.52,1.7098999319926,IBM
2009-05-29,23.06,25.09,22.54,24.87,6867641,23.28,1.5187697010221,IBM
2009-06-01,25.53,27.26,25.26,26.96,7721546,24.87,1.966503575461,IBM
2009-06-02,26.1,27.39,25.25,25.42,7044103,26.96,-1.4210574882348,IBM
2009-06-03,25.12,25.19,23.7,25.08,7687914,25.42,-0.31826266030142,IBM
2009-06-04,24.76,25.46,24.19,24.92,5468477,25.08,-0.15024884965724,IBM
2009-06-05,25.92,26.99,25.34,25.83,7664950,24.92,0.85582620144832,IBM
2009-06-08,25.23,26.57,24.09,26.08,6363601,25.83,0.2331219694144,IBM
2009-06-09,26.74,27.73,26.58,26.73,8585840,26.08,0.60470741464323,IBM
2009-06-10,27.79,27.87,25.64,26.94,7578005,26.73,0.19419271314962,IBM
2009-06-11,27.34,29.23,27.15,27.99,9134298,26.94,0.96908167974159,IBM
2009-06-12,26.99,27.87,26.34,26.8,7250817,27.99,-1.0877513711152,IBM
2009-06-15,26.22,27.42,25.83,26.21,8567486,26.8,-0.54523611496164,IBM
2009-06-16,27.06,27.73,25.86,25.91,7230944,26.21,-0.27875859505669,IBM
2009-06-17,26.05,26.47,25.47,25.59,7366166,25.91,-0.29817368617219,IBM
2009-06-18,25.52,26.12,24.71,24.92,6206856,25.59,-0.62616822429907,IBM
2009-06-19,24.9,25.24,24.09,24.48,13558310,24.92,-0.41380607542556,IBM
2009-06-22,23.77,24.47,22.82,23.11,7292778,24.48,-1.2937954481065,IBM
2009-06-23,23.34,23.46,22.38,23.03,5152514,23.11,-0.076540375047836,IBM
2009-06-24,23.98,25.07,22.31,22.74,6395156,23.03,-0.27767139027192,IBM
2009-06-25,22.29,25.375,22.1,24.65,6898278,22.74,1.8338934229477,IBM
2009-06-26,25.09,25.09,23.64,24.27,5127813,24.65,-0.35828776164435,IBM
2009-06-29,24.58,24.77,23.75,24.42,4681717,24.27,0.14193792581377,IBM
2009-06-30,24.28,24.62,22.4,23.01,7512588,24.42,-1.3323254275725,IBM
2009-07-01,23.59,24.86,23.32,23.43,5537276,23.01,0.40222179659069,IBM
2009-07-02,22.39,22.5,20.32,20.32,7026693,23.43,-2.966425028615,IBM
2009-07-06,20.16,20.82,19.06,20.24,6522490,20.32,-0.078639536026736,IBM
2009-07-07,19.93,20.55,18.62,18.78,6684720,20.24,-1.4363010329562,IBM
2009-07-08,18.88,19.76,18.09,19.27,7380719,18.78,0.48907076554547,IBM
2009-07-09,19.71,21.37,19.44,20.67,6153127,19.27,1.3905442987684,IBM
2009-07-10,19.56,20.31,18.39,19.42,7465894,20.67,-1.2245297805643,IBM
2009-07-13,19.87,22.24,18.78,22.21,9492371,19.42,2.7670336209462,IBM
2009-07-14,22.01,22.21,21.11,21.84,5412759,22.21,-0.35707392395291,IBM
2009-07-15,23.34,25.81,23.19,25.81,8687131,21.84,3.8450363196126,IBM
2009-07-16,25.43,29.56,25.38,29.23,14976240,25.81,3.1897034135423,IBM
2009-07-17,32.0,34.12,31.75,34.01,20187480,29.23,4.3203181489516,IBM
2009-07-20,33.12,35.47,32.98,35.03,10678100,34.01,0.88372898977647,IBM
2009-07-21,34.46,35.63,33.97,35.63,8301376,35.03,0.51528684300928,IBM
2009-07-22,34.77,35.79,33.68,34.16,8812981,35.63,-1.255980861244,IBM
2009-07-23,33.65,36.59,33.65,35.65,8460786,34.16,1.2892619191832,IBM
2009-07-24,35.27,36.74,35.22,36.23,6260950,35.65,0.49547240731249,IBM
2009-07-27,35.54,36.51,35.16,36.22,5068965,36.23,-0.0085005100306062,IBM
2009-07-28,35.22,36.11,34.93,35.87,5782683,36.22,-0.29754314375584,IBM
2009-07-29,34.95,35.87,34.64,35.85,5100715,35.87,-0.017053206002725,IBM
2009-07-30,36.59,37.96,36.26,36.45,6802685,35.85,0.5116834385127,IBM
2009-07-31,36.15,37.58,36.15,36.52,5329586,36.45,0.059392499575774,IBM
2009-08-03,37.47,38.55,37.28,38.51,6108095,36.52,1.687441702705,IBM
2009-08-04,37.76,38.39,37.61,38.19,4993226,38.51,-0.26684456304203,IBM
2009-08-05,37.105,37.59,36.45,37.06,5025591,38.19,-0.9448160535117,IBM
2009-08-06,37.45,37.54,35.84,36.52,6003087,37.06,-0.92006415126193,IBM
2009-08-07,37.25,39.05,37.25,38.47,5763172,36.52,1.6612710853638,IBM
2009-08-10,37.31,38.33,37.11,37.84,3980281,38.47,-0.52794770803653,IBM
2009-08-11,37.17,37.64,36.46,36.93,4844435,37.84,-0.76663858466723,IBM
2009-08-12,36.74,39.1,36.56,38.43,6289084,36.93,1.2734527549028,IBM
2009-08-13,38.42,38.92,37.77,38.72,5489133,38.43,0.24310503814234,IBM
2009-08-14,38.43,38.88,36.76,37.71,4796250,38.72,-0.84462284662988,IBM
2009-08-17,35.83,36.58,35.35,36.0,5349456,37.71,-1.4421860504343,IBM
2009-08-18,35.95,37.14,35.87,36.77,4286172,36.0,0.65890809515659,IBM
2009-08-19,35.5,37.91,35.26,37.71,4837844,36.77,0.79911587180141,IBM
2009-08-20,37.58,38.55,37.24,38.09,4841629,37.71,0.32048578898542,IBM
2009-08-21,38.79,39.15,37.69,39.04,8306743,38.09,0.79865489701556,IBM
2009-08-24,39.06,40.02,38.24,38.46,6363199,39.04,-0.48373644703921,IBM
2009-08-25,38.39,39.29,37.85,37.97,4651633,38.46,-0.41066040898424,IBM
2009-08-26,37.78,38.99,36.65,38.61,4515328,37.97,0.53858453252546,IBM
2009-08-27,37.87,38.73,36.99,38.57,4356403,38.61,-0.033481208671626,IBM
2009-08-28,39.24,39.37,36.91,37.36,6235628,38.57,-1.0131457757682,IBM
2009-08-31,36.24,37.2,36.06,37.19,5438530,37.36,-0.143799695483,IBM
2009-09-01,36.81,38.07,35.64,35.83,6303723,37.19,-1.152054214316,IBM
2009-09-02,35.48,36.38,35.14,35.23,4991625,35.83,-0.51418287771017,IBM
2009-09-03,35.69,35.87,34.29,35.47,4936122,35.23,0.20673615298475,IBM
2009-09-04,35.72,36.64,35.35,36.6,3451667,35.47,0.97137453795237,IBM
2009-09-08,37.08,37.31,35.77,36.3,5797428,36.6,-0.25540609569215,IBM
2009-09-09,36.17,36.81,35.3,35.9,5247700,36.3,-0.34141345168999,IBM
2009-09-10,36.13,36.97,35.89,36.81,4889343,35.9,0.77937649880096,IBM
2009-09-11,36.94,38.39,36.61,37.19,5893678,36.81,0.32293702727968,IBM
2009-09-14,36.14,38.13,36.08,38.02,4758527,37.19,0.70309191020754,IBM
2009-09-15,37.92,38.59,37.3,38.49,6534030,38.02,0.39535666218035,IBM
2009-09-16,38.64,41.14,38.44,40.96,11222290,38.49,2.0695433598659,IBM
2009-09-17,40.28,41.92,40.19,41.02,8392558,40.96,0.049252996223939,IBM
2009-09-18,41.59,42.02,40.76,41.25,9935798,41.02,0.18871020676075,IBM
2009-09-21,40.17,41.22,40.02,40.71,4514778,41.25,-0.44222422406028,IBM
2009-09-22,41.23,41.25,40.12,40.75,5564648,40.71,0.032902854322618,IBM
2009-09-23,40.4,41.88,39.85,39.96,5535679,40.75,-0.64961763012911,IBM
2009-09-24,39.83,40.79,39.54,40.08,5425903,39.96,0.099321304419802,IBM
2009-09-25,39.41,40.79,39.24,40.22,5187894,40.08,0.11575988093269,IBM
2009-09-28,39.66,41.14,38.08,38.47,8247273,40.22,-1.4453254046911,IBM
2009-09-29,38.5,39.08,37.74,37.95,6748691,38.47,-0.43576636218888,IBM
2009-09-30,38.32,39.14,36.69,38.75,7733205,37.95,0.67334399461325,IBM
2009-10-01,38.53,38.75,36.7,37.04,7067470,38.75,-1.4296463506396,IBM
2009-10-02,36.54,38.8,36.4,38.16,7581896,37.04,0.94995759117896,IBM
2009-10-05,38.04,39.32,37.27,38.89,5672772,38.16,0.61334229541254,IBM
2009-10-06,39.53,40.73,39.36,40.49,6656215,38.89,1.3361169102296,IBM
2009-10-07,40.26,41.99,40.08,41.92,5871765,40.49,1.1784095591265,IBM
2009-10-08,41.66,42.12,40.99,41.43,6497983,41.92,-0.39908779931585,IBM
2009-10-09,41.57,45.14,41.44,45.07,13097380,41.43,2.9765311963366,IBM
2009-10-12,44.58,46.24,44.34,46.18,7723614,45.07,0.88144207099182,IBM
2009-10-13,45.36,46.53,45.34,46.16,7577859,46.18,-0.015743073047867,IBM
2009-10-14,46.85,47.75,45.74,47.49,9528927,46.16,1.047079200126,IBM
2009-10-15,46.7,47.14,45.46,47.12,11856070,47.49,-0.28827425009738,IBM
2009-10-16,42.29,42.84,40.39,40.78,19215930,47.12,-4.9538990467261,IBM
2009-10-19,40.9,42.5,40.75,42.2,7479075,40.78,1.1673791515949,IBM
2009-10-20,42.5,42.64,40.64,41.96,8778643,42.2,-0.19502681618723,IBM
2009-10-21,41.32,43.25,40.0,40.01,7169751,41.96,-1.5876893014167,IBM
2009-10-22,39.89,42.14,39.48,41.83,6026428,40.01,1.5057499793166,IBM
2009-10-23,42.09,42.2,39.14,39.5,6780239,41.83,-1.899095280789,IBM
2009-10-26,39.75,41.58,38.69,39.25,6537992,39.5,-0.20771020272516,IBM
2009-10-27,39.32,41.28,38.29,39.79,9442989,39.25,0.44958787777871,IBM
2009-10-28,39.61,40.82,39.01,40.64,8773317,39.79,0.70451719850808,IBM
2009-10-29,41.29,42.17,40.74,42.01,6324536,40.64,1.1275720164609,IBM
2009-10-30,41.77,43.44,39.62,39.75,7697069,42.01,-1.8393423944006,IBM
2009-11-02,39.91,41.07,38.64,39.7,7030430,39.75,-0.041455932343916,IBM
2009-11-03,38.67,40.33,38.67,40.3,5702978,39.7,0.49767750497677,IBM
2009-11-04,40.6,41.64,40.3,40.43,6353227,40.3,0.10729613733906,IBM
2009-11-05,41.26,42.64,41.14,42.24,6688212,40.43,1.4922912029021,IBM
2009-11-06,42.2,43.18,41.92,43.18,4972464,42.24,0.31681559707555,IBM
2009-11-09,43.61,45.69,43.18,45.69,7744339,43.18,2.0325532431776,IBM
2009-11-10,44.99,46.74,44.86,46.6,6437623,45.69,0.72222222222222,IBM
2009-11-11,46.24,46.99,45.63,46.88,6527963,46.6,0.22062879205736,IBM
2009-11-12,46.3,47.34,45.8,45.95,5338579,46.88,-0.73118955892758,IBM
2009-11-13,46.1,47.49,45.96,46.72,4980317,45.95,0.60985268493584,IBM
2009-11-16,46.86,47.93,46.72,47.9,7813050,46.72,0.92891442966229,IBM
2009-11-17,47.12,48.345,47.09,48.32,7751333,47.9,0.32758755167303,IBM
2009-11-18,47.74,48.04,47.24,47.84,3968216,48.32,-0.37316333670216,IBM
2009-11-19,46.97,47.53,46.2,47.23,5308375,47.84,-0.47600468201327,IBM
2009-11-20,46.86,47.38,46.15,46.65,5353566,47.23,-0.45475929120277,IBM
2009-11-23,47.39,48.63,47.34,47.89,7003414,46.65,0.97668557025835,IBM
2009-11-24,47.59,48.01,46.83,47.62,4816494,47.89,-0.21060842433696,IBM
2009-11-25,47.57,47.91,46.77,46.97,3967689,47.62,-0.50809036191668,IBM
2009-11-27,44.28,46.31,43.95,45.39,3319189,46.97,-1.2413576367065,IBM
2009-11-30,44.81,46.29,44.61,46.04,6302641,45.39,0.51710421638822,IBM
2009-12-01,46.98,48.08,46.54,47.63,6578504,46.04,1.2584091808469,IBM
2009-12-02,47.01,48.08,46.85,46.9,4597812,47.63,-0.57057995935595,IBM
2009-12-03,47.29,48.16,46.94,47.24,5757357,46.9,0.26727458533134,IBM
2009-12-04,48.09,48.59,45.69,46.94,7068487,47.24,-0.23520188161505,IBM
2009-12-07,46.57,47.22,46.28,46.73,4144380,46.94,-0.16502946954813,IBM
2009-12-08,46.66,47.04,45.85,46.49,5348960,46.73,-0.18891687657431,IBM
2009-12-09,46.39,48.08,45.8,48.08,6071819,46.49,1.2539432176656,IBM
2009-12-10,47.82,49.16,47.78,49.03,7066269,48.08,0.73993301659009,IBM
2009-12-11,48.7,49.46,48.4,49.37,6597173,49.03,0.26287304778104,IBM
2009-12-14,49.34,49.67,49.29,49.62,5201287,49.37,0.19278223318939,IBM
2009-12-15,49.15,49.55,47.63,48.18,7860873,49.62,-1.1082890787347,IBM
2009-12-16,48.43,49.29,48.04,48.4,6372436,48.18,0.17121955015954,IBM
2009-12-17,47.69,48.25,46.81,47.09,5909454,48.4,-1.0177919353586,IBM
2009-12-18,47.66,48.08,46.69,47.6,9106601,47.09,0.40031397174254,IBM
2009-12-21,47.49,48.63,47.37,48.34,4765671,47.6,0.57853178015793,IBM
2009-12-22,48.99,49.67,48.88,49.62,5534976,48.34,0.99494753206374,IBM
2009-12-23,49.39,49.69,48.99,49.69,4127512,49.62,0.053875163549598,IBM
2009-12-24,49.58,50.26,49.17,50.26,4265079,49.69,0.43846153846153,IBM
2009-12-28,50.68,52.0,50.41,52.0,5794387,50.26,1.3326185188022,IBM
2009-12-29,51.97,52.06,51.49,51.54,4184181,52.0,-0.34766835462173,IBM
2009-12-30,50.92,52.37,50.37,52.26,3866991,51.54,0.54607508532423,IBM
2009-12-31,52.1,52.54,50.44,50.59,4223335,52.26,-1.2597118503432,IBM
2010-01-04,50.87,52.66,50.54,52.14,6155285,50.59,1.1841100076394,IBM
2010-01-05,51.37,51.54,49.79,50.54,6841401,52.14,-1.2080030200075,IBM
2010-01-06,50.37,51.18,49.5,49.69,5605290,50.54,-0.64959877722583,IBM
2010-01-07,49.56,49.94,48.6,49.24,5841307,49.69,-0.34615384615384,IBM
2010-01-08,48.76,50.6099,48.74,50.54,4191134,49.24,1.0034735623311,IBM
2010-01-11,50.75,50.75,48.36,49.17,5730378,50.54,-1.0470003821169,IBM
2010-01-12,48.72,51.02,48.69,50.2,8081187,49.17,0.79548965091134,IBM
2010-01-13,50.08,50.81,48.85,49.92,6454422,50.2,-0.21454294690062,IBM
2010-01-14,50.24,52.4,49.6,52.0,7110698,49.92,1.5971742302081,IBM
2010-01-15,51.72,52.58,50.779,51.47,8493769,52.0,-0.4005744085859,IBM
2010-01-19,51.32,53.94,51.25,53.83,13810820,51.47,1.7908635604796,IBM
2010-01-20,50.15,50.84,48.64,49.94,15192670,53.83,-2.8999552706128,IBM
2010-01-21,50.16,50.38,47.75,48.69,9608496,49.94,-0.95969289827255,IBM
2010-01-22,48.36,48.58,45.06,45.19,10084300,48.69,-2.7131782945736,IBM
2010-01-25,46.02,46.585,45.4,45.81,5738455,45.19,0.49402390438247,IBM
2010-01-26,45.61,47.44,45.1,45.44,7135190,45.81,-0.29337139232477,IBM
2010-01-27,45.51,46.65,44.73,46.02,8719147,45.44,0.46123260437376,IBM
2010-01-28,46.72,46.73,42.74,43.44,9616132,46.02,-2.0422702445975,IBM
2010-01-29,44.01,44.69,41.59,42.08,11571890,43.44,-1.0989898989899,IBM
2010-02-01,42.92,44.64,42.47,44.36,7242115,42.08,1.8628972955307,IBM
2010-02-02,44.48,45.5,43.64,45.22,5899853,44.36,0.68982112777733,IBM
2010-02-03,44.85,45.76,44.76,45.35,4176926,45.22,0.10356090177646,IBM
2010-02-04,44.88,45.13,42.59,42.69,9126855,45.35,-2.1168231736432,IBM
2010-02-05,42.73,43.41,41.52,43.21,8616744,42.69,0.42276422764227,IBM
2010-02-08,43.39,43.46,41.98,42.12,5718339,43.21,-1.3277202072539,IBM
2010-02-09,42.89,44.44,42.7,43.45,6044466,42.12,1.091237282573,IBM
2010-02-10,43.18,43.89,42.45,43.05,5219060,43.45,-0.32464897329761,IBM
2010-02-11,42.82,44.44,42.3,43.97,5088996,43.05,0.7491246641153,IBM
2010-02-12,43.25,44.29,41.85,44.24,8017664,43.97,0.21821708558959,IBM
2010-02-16,45.15,45.47,44.35,45.47,6777265,44.24,0.99193548387097,IBM
2010-02-17,45.74,46.77,45.45,46.57,5821173,45.47,0.8783837738561,IBM
2010-02-18,46.37,48.24,46.24,48.05,5524647,46.57,1.1715348689939,IBM
2010-02-19,47.59,48.3,47.1124,47.43,6303078,48.05,-0.48509506298412,IBM
2010-02-22,47.54,47.67,46.55,47.09,3808077,47.43,-0.26731661294127,IBM
2010-02-23,46.72,47.9,46.24,46.7,4594376,47.09,-0.30744974379188,IBM
2010-02-24,47.26,48.51,47.05,47.83,4782000,46.7,0.89356318203385,IBM
2010-02-25,46.29,47.48,45.81,47.31,5658676,47.83,-0.40755545105417,IBM
2010-02-26,47.25,48.24,46.98,47.4,4784139,47.31,0.070827103171483,IBM
2010-03-01,47.74,49.07,47.71,48.81,4577615,47.4,1.1088392576282,IBM
2010-03-02,48.94,49.33,47.37,47.66,6013237,48.81,-0.89445438282647,IBM
2010-03-03,47.97,48.26,46.92,47.12,6388196,47.66,-0.42379532255533,IBM
2010-03-04,47.31,47.31,45.71,46.96,6032228,47.12,-0.12610340479193,IBM
2010-03-05,47.41,47.79,47.28,47.49,6139940,46.96,0.41824494949495,IBM
2010-03-08,47.3,47.74,46.6,46.65,6199170,47.49,-0.66011787819254,IBM
2010-03-09,46.51,46.53,45.44,45.79,7528715,46.65,-0.68032592358199,IBM
2010-03-10,46.225,46.6,45.45,45.86,6916173,45.79,0.055754679410599,IBM
2010-03-11,45.95,48.05,45.95,47.84,7927511,45.86,1.5761821366024,IBM
2010-03-12,48.15,48.61,47.75,48.18,5169194,47.84,0.26645768025079,IBM
2010-03-15,47.64,48.58,47.52,48.07,4497617,48.18,-0.085977802094731,IBM
2010-03-16,48.24,49.12,47.69,48.91,6134831,48.07,0.65712274114057,IBM
2010-03-17,49.14,49.17,47.6,48.0,6347585,48.91,-0.70723556384548,IBM
2010-03-18,47.7,48.99,47.69,48.62,4954336,48.0,0.48528490920475,IBM
2010-03-19,49.08,49.17,47.02,47.95,10743850,48.62,-0.52188814457081,IBM
2010-03-22,47.35,48.63,46.81,48.22,5651866,47.95,0.21141649048627,IBM
2010-03-23,48.18,49.67,47.88,49.61,5976750,48.22,1.0861072042507,IBM
2010-03-24,48.87,50.19,48.71,48.77,6669246,49.61,-0.64930045605628,IBM
2010-03-25,49.6,50.97,49.37,49.48,7603162,48.77,0.55240021784798,IBM
2010-03-26,49.17,50.02,48.9605,49.5,5550605,49.48,0.015475085112954,IBM
2010-03-29,49.54,50.19,48.5,48.83,4642665,49.5,-0.51833513848057,IBM
2010-03-30,49.14,49.37,48.49,49.01,3426538,48.83,0.13997978069835,IBM
2010-03-31,48.47,48.99,47.89,48.49,4904711,49.01,-0.40382076570631,IBM
2010-04-01,49.19,49.55,47.79,48.49,4980425,48.49,0.0,IBM
2010-04-05,48.62,50.04,48.38,49.59,4118684,48.49,0.85769980506822,IBM
2010-04-06,48.92,49.54,48.29,49.17,3926209,49.59,-0.32470042520293,IBM
2010-04-07,48.77,49.51,48.25,48.72,5156458,49.17,-0.34902660358335,IBM
2010-04-08,48.28,48.47,47.44,47.85,5982968,48.72,-0.67714819427147,IBM
2010-04-09,48.12,49.11,47.36,49.0,5184577,47.85,0.90118329284538,IBM
2010-04-12,48.81,49.196,48.48,48.6,3992268,49.0,-0.31065548306926,IBM
2010-04-13,48.5,49.675,48.08,49.27,6818983,48.6,0.52196946089123,IBM
2010-04-14,49.97,51.66,49.7,51.49,8545757,49.27,1.7205301092769,IBM
2010-04-15,50.77,51.38,50.4302,51.13,6423599,51.49,-0.27428571428572,IBM
2010-04-16,50.92,52.41,50.49,50.87,9547782,51.13,-0.19864007945602,IBM
2010-04-19,50.62,52.52,50.62,52.47,11263060,50.87,1.2248334991962,IBM
2010-04-20,49.44,50.57,48.5,49.93,15214850,52.47,-1.9208954095137,IBM
2010-04-21,50.11,50.51,48.74,49.23,7528587,49.93,-0.53974863135168,IBM
2010-04-22,48.88,49.6,48.01,49.37,6016763,49.23,0.10853554539111,IBM
2010-04-23,49.32,50.34,48.95,50.23,6197282,49.37,0.6659955084024,IBM
2010-04-26,50.0,51.28,49.78,50.97,5285384,50.23,0.56927455958149,IBM
2010-04-27,50.14,52.24,48.95,49.06,10916660,50.97,-1.4610265432571,IBM
2010-04-28,49.64,50.71,49.27,50.34,7122626,49.06,0.99363452879988,IBM
2010-04-29,50.79,51.45,50.39,50.7,5786888,50.34,0.27671022290547,IBM
2010-04-30,50.67,50.876,49.08,49.24,6266689,50.7,-1.119116970719,IBM
2010-05-03,49.63,50.38,49.04,49.84,4992019,49.24,0.46511627906976,IBM
2010-05-04,49.13,49.17,46.8154,48.36,8284974,49.84,-1.141975308642,IBM
2010-05-05,47.36,48.47,47.11,47.7,6072714,48.36,-0.51514205432408,IBM
2010-05-06,47.18,48.82,36.89,44.81,13167560,47.7,-2.7773419111878,IBM
2010-05-07,44.25,45.28,40.89,42.99,10584640,44.81,-1.468689477082,IBM
2010-05-10,47.16,47.56,45.95,47.16,8463714,42.99,3.4152334152334,IBM
2010-05-11,46.1,49.31,46.04,47.78,6498850,47.16,0.49101132493863,IBM
2010-05-12,48.05,53.74,47.9,53.57,16625890,47.78,4.5630073291828,IBM
2010-05-13,51.82,53.99,51.74,52.37,10493970,53.57,-0.9044317154055,IBM
2010-05-14,51.95,52.56,50.3,52.08,9920067,52.37,-0.22056586553087,IBM
2010-05-17,51.57,52.65,49.59,51.33,8923316,52.08,-0.57168991538989,IBM
2010-05-18,52.15,52.88,50.79,50.84,9330025,51.33,-0.37565164060105,IBM
2010-05-19,50.26,51.39,48.71,49.75,8669438,50.84,-0.83878414774912,IBM
2010-05-20,48.11,48.85,44.57,44.69,13176840,49.75,-3.9267422008381,IBM
2010-05-21,43.05,46.5,42.29,46.31,12639480,44.69,1.3085621970921,IBM
2010-05-24,46.15,46.91,44.93,45.34,6868066,46.31,-0.77340137139212,IBM
2010-05-25,42.36,45.84,42.36,45.41,9492517,45.34,0.056247488951381,IBM
2010-05-26,45.78,46.83,43.89,44.12,9081936,45.41,-1.0359781561195,IBM
2010-05-27,45.94,47.28,45.66,47.28,7724647,44.12,2.5643106386432,IBM
2010-05-28,46.85,47.1694,45.18,46.15,7421573,47.28,-0.89405807421473,IBM
2010-06-01,45.58,47.77,45.09,45.23,7135389,46.15,-0.73447229762095,IBM
2010-06-02,45.74,48.39,45.24,48.3,7705097,45.23,2.4690365127875,IBM
2010-06-03,48.64,49.11,47.35,48.85,6645219,48.3,0.43167726238129,IBM
2010-06-04,47.26,47.99,45.56,46.17,9632446,48.85,-2.0944045014067,IBM
2010-06-07,46.46,46.75,45.02,45.02,6951225,46.17,-0.91794380587484,IBM
2010-06-08,45.15,45.35,43.71,44.61,8282423,45.02,-0.33029888020623,IBM
2010-06-09,45.72,46.73,44.47,44.79,7795441,44.61,0.14548981571291,IBM
2010-06-10,46.88,49.11,46.69,48.57,7427071,44.79,3.0508474576271,IBM
2010-06-11,47.62,49.69,47.33,49.34,5819905,48.57,0.60307017543858,IBM
2010-06-14,49.39,50.86,49.38,49.39,6749055,49.34,0.03892565200468,IBM
2010-06-15,49.82,50.84,49.26,50.68,6652215,49.39,1.0038910505837,IBM
2010-06-16,49.23,51.57,49.23,51.24,6384270,50.68,0.43146621465444,IBM
2010-06-17,50.96,51.92,50.75,51.87,5570943,51.24,0.48331415420023,IBM
2010-06-18,51.91,52.14,51.02,51.04,9581387,51.87,-0.6336845319896,IBM
2010-06-21,52.31,52.83,51.11,51.54,6856288,51.04,0.38417210910488,IBM
2010-06-22,51.26,52.36,49.96,50.19,6020125,51.54,-1.0332950631458,IBM
2010-06-23,50.14,52.36,49.98,51.0,6849270,50.19,0.62645011600928,IBM
2010-06-24,50.46,50.62,48.59,49.08,5549634,51.0,-1.475674429329,IBM
2010-06-25,49.23,49.985,48.01,48.01,10297830,49.08,-0.83469849442234,IBM
2010-06-28,48.54,50.36,48.11,49.87,6327027,48.01,1.4631843926998,IBM
2010-06-29,48.24,49.29,45.01,45.98,9342407,49.87,-3.0159714684447,IBM
2010-06-30,45.72,46.11,43.89,44.37,8016959,45.98,-1.2870733072188,IBM
2010-07-01,44.44,45.1,42.5,43.46,9732892,44.37,-0.73696145124717,IBM
2010-07-02,44.18,44.18,41.5,42.75,6445043,43.46,-0.57926083054581,IBM
2010-07-06,44.47,45.52,43.06,44.35,6332145,42.75,1.3129821106187,IBM
2010-07-07,44.36,48.01,44.36,47.89,7050549,44.35,2.8673254495383,IBM
2010-07-08,48.26,49.04,47.63,48.86,5421597,47.89,0.76377952755905,IBM
2010-07-09,48.79,49.09,48.18,48.85,3897964,48.86,-0.0078143314839455,IBM
2010-07-12,48.26,49.72,48.05,49.56,4209577,48.85,0.55486089402938,IBM
2010-07-13,49.86,51.87,49.58,51.37,6662751,49.56,1.4066993083081,IBM
2010-07-14,50.21,52.49,50.03,51.61,6574906,51.37,0.18393623543839,IBM
2010-07-15,50.76,51.81,50.44,51.61,6186339,51.61,0.0,IBM
2010-07-16,50.85,51.04,48.74,48.92,7002354,51.61,-2.0578335373317,IBM
2010-07-19,49.56,51.27,49.26,50.68,8349433,48.92,1.3746778098883,IBM
2010-07-20,43.86,47.45,43.82,47.44,16294450,50.68,-2.4963402419293,IBM
2010-07-21,47.33,47.39,45.51,46.16,8568673,47.44,-1.0114579217701,IBM
2010-07-22,47.21,48.67,46.94,48.36,6859424,46.16,1.7562065937575,IBM
2010-07-23,48.19,49.69,47.89,49.27,5058669,48.36,0.71389346512905,IBM
2010-07-26,49.07,49.32,48.03,49.3,5161821,49.27,0.023368125876306,IBM
2010-07-27,49.67,50.06,48.78,49.52,4641171,49.3,0.17132622069932,IBM
2010-07-28,49.56,50.24,48.77,49.32,4247717,49.52,-0.15548472362589,IBM
2010-07-29,49.95,50.39,48.03,48.91,8994171,49.32,-0.31924005294713,IBM
2010-07-30,48.32,49.87,47.93,49.29,6020927,48.91,0.29682862052804,IBM
2010-08-02,50.14,52.09,50.14,51.65,6390057,49.29,1.8380062305296,IBM
2010-08-03,50.92,51.93,50.22,51.26,5091753,51.65,-0.29825634750687,IBM
2010-08-04,51.35,52.39,50.74,52.16,4567470,51.26,0.69034287029225,IBM
2010-08-05,51.62,52.87,51.42,52.72,4520505,52.16,0.42660166069932,IBM
2010-08-06,51.95,52.02,50.3,51.68,6133480,52.72,-1.2819540317075,IBM
2010-08-09,52.33,53.88,51.94,53.54,6128881,51.68,1.4292300599355,IBM
2010-08-10,52.72,54.03,52.31,53.38,5350093,53.54,-0.12121212121212,IBM
2010-08-11,52.23,52.23,51.001,51.37,6193104,53.38,-1.5245752427184,IBM
2010-08-12,49.23,50.32,49.06,49.84,5132091,51.37,-1.1784641454209,IBM
2010-08-13,49.5,50.0,48.87,49.41,4669342,49.84,-0.33515198752923,IBM
2010-08-16,49.01,49.77,48.5,49.31,4009130,49.41,-0.078204426370539,IBM
2010-08-17,50.37,51.39,49.445,49.99,4297756,49.31,0.53220630821006,IBM
2010-08-18,50.41,51.735,49.34,50.9325,4882000,49.99,0.73374854028807,IBM
2010-08-19,50.21,51.13,49.56,50.44,5400352,50.9325,-0.38062484301641,IBM
2010-08-20,50.26,50.52,48.5,49.04,6246079,50.44,-1.0861132660978,IBM
2010-08-23,49.11,49.57,47.98,48.01,4031491,49.04,-0.8078431372549,IBM
2010-08-24,46.75,47.56,46.11,46.44,5581681,48.01,-1.2414011227959,IBM
2010-08-25,46.11,47.14,45.54,46.81,5238382,46.44,0.29623698959167,IBM
2010-08-26,47.32,47.32,44.32,44.32,7739487,46.81,-1.9877065538437,IBM
2010-08-27,45.37,46.34,43.96,46.27,6213302,44.32,1.5882065482978,IBM
2010-08-30,46.62,46.8099,44.94,44.94,3603963,46.27,-1.0663032149443,IBM
2010-08-31,44.85,45.53,43.82,44.67,5624125,44.94,-0.21880064829823,IBM
2010-09-01,46.85,47.85,46.06,47.31,5622915,44.67,2.1440753674978,IBM
2010-09-02,47.57,47.77,46.19,46.58,5103298,47.31,-0.58042458455911,IBM
2010-09-03,47.76,49.14,47.4401,49.12,5142640,46.58,2.0313499680102,IBM
2010-09-07,48.53,48.9,47.4201,47.49,4353160,49.12,-1.277629722527,IBM
2010-09-08,47.56,48.0599,46.93,47.62,4477462,47.49,0.10321556173084,IBM
2010-09-09,48.81,49.11,47.69,47.9,3436665,47.62,0.22208121827411,IBM
2010-09-10,48.53,49.83,47.8,49.53,4418336,47.9,1.2899651788541,IBM
2010-09-13,50.17,51.54,50.06,51.15,5271009,49.53,1.2657238846785,IBM
2010-09-14,49.97,51.46,49.97,50.39,4849369,51.15,-0.58637450813982,IBM
2010-09-15,50.19,51.5,50.08,50.97,4761857,50.39,0.4501358168413,IBM
2010-09-16,50.74,51.49,50.34,51.21,4684672,50.97,0.18542841690488,IBM
2010-09-17,51.46,52.14,51.24,51.73,10397360,51.21,0.40101796868976,IBM
2010-09-20,51.78,53.63,51.65,53.33,7145442,51.73,1.2289730394039,IBM
2010-09-21,52.99,54.34,52.32,53.52,5267866,53.33,0.14416875331967,IBM
2010-09-22,53.15,54.12,52.94,54.11,4916238,53.52,0.44703742991363,IBM
2010-09-23,52.96,54.32,52.76,53.21,3890570,54.11,-0.67888662593347,IBM
2010-09-24,53.96,55.69,53.88,55.65,7078066,53.21,1.8531176425913,IBM
2010-09-27,55.05,56.54,55.05,56.19,6150191,55.65,0.4026545373201,IBM
2010-09-28,56.21,56.68,55.25,56.43,7481213,56.19,0.1782398811734,IBM
2010-09-29,55.94,57.345,55.88,57.02,5151159,56.43,0.43739343168508,IBM
2010-09-30,57.04,57.65,55.21,55.68,6425577,57.02,-0.98907587835843,IBM
2010-10-01,57.05,57.82,56.63,57.18,5604432,55.68,1.1182346801849,IBM
2010-10-04,56.77,57.46,55.93,56.79,4059588,57.18,-0.28752580359775,IBM
2010-10-05,57.72,59.4415,57.66,59.2,6167550,56.79,1.7818853974122,IBM
2010-10-06,58.42,59.5,58.37,59.38,4782906,59.2,0.13075693738196,IBM
2010-10-07,59.46,60.42,59.06,60.26,6418401,59.38,0.63842135809634,IBM
2010-10-08,59.94,60.63,59.6,60.39,4540720,60.26,0.0937139561707,IBM
2010-10-11,60.33,61.48,60.18,61.2,4004266,60.39,0.58336334173569,IBM
2010-10-12,59.94,61.53,59.81,61.39,5637248,61.2,0.13604467993699,IBM
2010-10-13,61.45,63.02,61.32,61.91,8784205,61.39,0.37182695745442,IBM
2010-10-14,61.89,63.04,61.23,63.04,5653013,61.91,0.8050153166631,IBM
2010-10-15,63.64,63.64,62.08,62.6,7219940,63.04,-0.31095406360424,IBM
2010-10-18,62.44,64.57,62.38,64.37,10308090,62.6,1.2547851977882,IBM
2010-10-19,58.84,60.88,58.24,59.57,14159040,64.37,-3.3606385213191,IBM
2010-10-20,59.82,61.41,59.67,60.61,6945347,59.57,0.7534593928856,IBM
2010-10-21,61.35,62.03,59.94,61.37,6221102,60.61,0.5464873804559,IBM
2010-10-22,61.69,62.29,61.0,61.21,4104812,61.37,-0.11442465851393,IBM
2010-10-25,61.96,62.94,61.35,61.38,4863317,61.21,0.12171547218445,IBM
2010-10-26,60.83,63.54,60.07,62.21,7325672,61.38,0.59353546910754,IBM
2010-10-27,61.06,63.11,60.54,62.97,6465253,62.21,0.54027155754604,IBM
2010-10-28,63.38,63.49,61.96,62.44,5481544,62.97,-0.37474368945768,IBM
2010-10-29,62.44,65.54,62.29,65.14,8439229,62.44,1.916252661462,IBM
2010-11-01,65.18,65.8,63.86,64.86,5674536,65.14,-0.1949860724234,IBM
2010-11-02,65.39,66.25,65.25,65.38,4614221,64.86,0.36282444878594,IBM
2010-11-03,65.78,66.0,64.17,65.71,5182047,65.38,0.2294215795328,IBM
2010-11-04,66.36,68.38,66.25,68.33,6622497,65.71,1.8172990219879,IBM
2010-11-05,67.48,68.47,67.21,68.46,4995776,68.33,0.088561891136995,IBM
2010-11-08,67.54,68.77,67.44,68.65,4458250,68.46,-0.31309556221071,IBM
2010-11-09,68.89,69.72,67.82,68.33,5699984,68.65,-0.21848969001777,IBM
2010-11-10,68.28,68.98,67.82,68.74,5168736,68.33,0.28055289448476,IBM
2010-11-11,66.89,67.69,65.54,67.62,4750161,68.74,-0.76424428522689,IBM
2010-11-12,66.78,67.96,65.74,65.93,4731437,67.62,-1.162071099498,IBM
2010-11-15,66.08,66.94,65.46,65.83,3827626,65.93,-0.069570057047463,IBM
2010-11-16,65.12,65.57,63.37,64.43,6348494,65.83,-0.9746588693957,IBM
2010-11-17,64.68,64.68,63.58,64.14,4785825,64.43,-0.2038807649044,IBM
2010-11-18,65.23,67.18,64.94,66.55,4247264,64.14,1.6977809087707,IBM
2010-11-19,66.57,67.54,66.18,67.24,5015357,66.55,0.47797173732336,IBM
2010-11-22,66.19,67.62,65.75,67.58,3693004,67.24,0.23440193036882,IBM
2010-11-23,66.43,66.72,64.52,65.37,4570235,67.58,-1.5200495219754,IBM
2010-11-24,66.14,68.63,66.01,68.0,4873919,65.37,1.8368487218885,IBM
2010-11-26,67.49,67.49,65.76,66.09,2081260,68.0,-1.309923873534,IBM
2010-11-29,65.72,65.86,63.69,65.08,5038356,66.09,-0.7018763029882,IBM
2010-11-30,64.43,64.95,63.47,63.65,7674720,65.08,-1.0007698229407,IBM
2010-12-01,65.8,67.32,65.7,66.6,6822774,63.65,2.0853951647109,IBM
2010-12-02,66.52,68.04,66.49,67.37,5373926,66.6,0.53320407174019,IBM
2010-12-03,66.44,67.87,66.44,67.57,3710584,67.37,0.1377600220416,IBM
2010-12-06,66.73,68.06,66.71,67.18,3321241,67.57,-0.26826248452331,IBM
2010-12-07,68.21,68.4899,66.06,66.21,4821877,67.18,-0.66901165597627,IBM
2010-12-08,66.54,67.84,66.03,67.17,4961315,66.21,0.66657408693236,IBM
2010-12-09,68.13,68.13,65.71,66.49,4403889,67.17,-0.46903021106358,IBM
2010-12-10,67.07,67.14,65.92,67.01,3502880,66.49,0.36036036036035,IBM
2010-12-13,67.33,67.59,66.4,66.47,4740976,67.01,-0.37287667449247,IBM
2010-12-14,66.45,68.2,66.45,68.01,4800776,66.47,1.0673690047131,IBM
2010-12-15,67.32,67.91,66.5,66.91,4432122,68.01,-0.75435468385681,IBM
2010-12-16,67.03,67.51,66.34,66.74,4177284,66.91,-0.11746821448313,IBM
2010-12-17,66.88,67.69,66.59,67.19,10007010,66.74,0.31131096506398,IBM
2010-12-20,67.58,67.73,66.58,66.7,3980393,67.19,-0.33793103448276,IBM
2010-12-21,67.18,68.18,66.52,67.93,3777040,66.7,0.85115216940005,IBM
2010-12-22,67.85,68.59,67.77,68.14,3388701,67.93,0.14409221902016,IBM
2010-12-23,68.08,68.52,67.52,68.08,2424501,68.14,-0.041109969167525,IBM
2010-12-27,67.31,67.89,67.19,67.53,2313687,68.08,-0.37699636712591,IBM
2010-12-28,67.5,68.34,67.25,67.9,2699568,67.53,0.25457547818908,IBM
2010-12-29,68.19,69.69,67.9,68.71,3661039,67.9,0.55589870290303,IBM
2010-12-30,68.55,69.3,68.44,68.86,3038204,68.71,0.10237510237509,IBM
2010-12-31,68.92,69.26,68.15,68.95,2969433,68.86,0.061362241767235,IBM
2011-01-03,69.4,70.39,69.33,69.67,4602144,68.95,0.49059689288634,IBM
2011-01-04,69.75,70.41,68.83,69.83,5059388,69.67,0.10848928668294,IBM
2011-01-05,69.53,69.67,68.92,69.24,4657395,69.83,-0.39962069899754,IBM
2011-01-06,69.32,70.98,69.01,70.85,5029170,69.24,1.0948656919415,IBM
2011-01-07,70.98,71.05,69.13,70.12,4135379,70.85,-0.49105341046683,IBM
2011-01-10,69.77,70.25,69.42,69.83,3633350,70.12,-0.19603866693708,IBM
2011-01-11,70.39,70.54,68.94,69.47,4163471,69.83,-0.24383635871037,IBM
2011-01-12,70.18,71.48,69.86,71.29,3994942,69.47,1.2357414448669,IBM
2011-01-13,71.43,71.48,70.44,71.01,3443314,71.29,-0.18779342723005,IBM
2011-01-14,71.08,72.19,70.66,72.19,4544199,71.01,0.79290417954576,IBM
2011-01-18,72.01,73.655,71.57,72.84,9135117,72.19,0.43333333333334,IBM
2011-01-19,75.45,78.32,75.0201,77.88,12139690,72.84,3.3455028211085,IBM
2011-01-20,76.72,78.15,76.64,77.99,7439837,77.88,0.070653221144591,IBM
2011-01-21,78.59,78.97,77.15,77.69,7008510,77.99,-0.19255455712453,IBM
2011-01-24,77.61,81.98,77.52,81.82,7242611,77.69,2.6559485530547,IBM
2011-01-25,81.4,86.54,81.19,83.63,8259892,81.82,1.1338720791831,IBM
2011-01-26,83.86,84.094,82.61,83.23,5353095,83.63,-0.24777006937562,IBM
2011-01-27,83.62,84.37,83.05,83.26,4878259,83.23,0.018628912071536,IBM
2011-01-28,83.24,84.1101,80.86,81.4,6720933,83.26,-1.1547774259639,IBM
2011-01-31,81.37,84.19,80.87,84.19,7194757,81.4,1.7524024872809,IBM
2011-02-01,84.3,86.13,84.19,85.75,5827646,84.19,0.96296296296296,IBM
2011-02-02,85.59,85.79,84.8,85.49,3903982,85.75,-0.15896307165566,IBM
2011-02-03,85.35,86.39,85.0,85.72,4683395,85.49,0.14084507042253,IBM
2011-02-04,85.67,86.33,85.41,86.19,3755128,85.72,0.28740903809698,IBM
2011-02-07,86.27,87.18,86.21,87.01,4928087,86.19,0.5,IBM
2011-02-08,87.66,89.09,87.16,88.89,5612393,87.01,0.74626865671643,IBM
2011-02-09,88.46,88.81,86.94,87.49,4633503,88.89,-0.84311954230654,IBM
2011-02-10,86.74,87.84,86.02,86.93,5737226,87.49,-0.34011539629517,IBM
2011-02-11,86.82,87.85,86.15,86.69,5185297,86.93,-0.14626119812299,IBM
2011-02-14,87.02,87.22,85.69,86.06,4129738,86.69,-0.38449801647848,IBM
2011-02-15,85.73,86.41,85.36,85.68,3767903,86.06,-0.23281460605318,IBM
2011-02-16,86.17,86.44,85.59,86.24,3215906,85.68,0.34389584868583,IBM
2011-02-17,86.14,87.51,85.69,87.08,3229271,86.24,0.5140758873929,IBM
2011-02-18,87.3,87.68,86.94,87.68,4239829,87.08,0.36531904529956,IBM
2011-02-22,86.41,87.1,84.62,84.79,5201816,87.68,-1.7532152390197,IBM
2011-02-23,84.65,85.52,82.98,83.02,5998375,84.79,-1.0929299166409,IBM
2011-02-24,82.47,84.11,81.87,83.61,5708648,83.02,0.36833562242477,IBM
2011-02-25,83.9,85.18,83.7,85.12,4519353,83.61,0.93922995583753,IBM
2011-02-28,85.2,85.83,84.08,84.72,4773936,85.12,-0.24648755237861,IBM
2011-03-01,85.99,85.99,82.72,82.81,4373266,84.72,-1.1798863355572,IBM
2011-03-02,82.27,83.95,82.25,83.0,3412527,82.81,0.11877226980059,IBM
2011-03-03,84.26,86.84,84.11,86.32,4058646,83.0,2.0729270729271,IBM
2011-03-04,86.24,87.15,83.49,84.67,4908266,86.32,-1.0092977734279,IBM
2011-03-07,84.44,85.82,81.69,82.77,5309789,84.67,-1.1740715565717,IBM
2011-03-08,82.54,86.27,82.05,85.12,5370782,82.77,1.469392859376,IBM
2011-03-09,86.31,90.56,86.12,88.7,9078476,85.12,2.2060635937885,IBM
2011-03-10,87.48,87.51,84.22,84.86,7041653,88.7,-2.3152055950802,IBM
2011-03-11,85.24,86.08,83.68,85.27,4271668,84.86,0.25305517837304,IBM
2011-03-14,84.0,84.8204,82.93,84.23,4299584,85.27,-0.64027581111865,IBM
2011-03-15,80.19,82.48,79.72,81.86,6479133,84.23,-1.4684924716525,IBM
2011-03-16,79.36,79.82,74.55,75.84,12197360,81.86,-3.7856873349264,IBM
2011-03-17,76.84,77.34,75.54,77.02,7373201,75.84,0.77124183006536,IBM
2011-03-18,79.34,79.79,77.16,78.73,11438540,77.02,1.1090932676093,IBM
2011-03-21,80.48,82.47,79.91,80.52,5768228,78.73,1.1482455577651,IBM
2011-03-22,81.4,81.45,80.36,80.84,4311853,80.52,0.20294266869609,IBM
2011-03-23,80.84,82.92,80.37,82.37,4779473,80.84,0.96835443037975,IBM
2011-03-24,83.07,83.55,81.68,82.88,5145328,82.37,0.31968908669215,IBM
2011-03-25,83.82,85.58,83.6,85.02,5346101,82.88,1.3371657085729,IBM
2011-03-28,84.38,85.42,83.96,84.21,3972730,85.02,-0.49944506104329,IBM
2011-03-29,84.18,85.93,83.99,85.72,3457930,84.21,0.93573774555369,IBM
2011-03-30,86.39,86.83,85.86,86.44,3394952,85.72,0.44204322200393,IBM
2011-03-31,86.24,86.9,85.91,85.91,3861568,86.44,-0.3239608801956,IBM
2011-04-01,86.54,87.26,85.88,87.11,4386206,85.91,0.73588029680506,IBM
2011-04-04,87.26,87.57,86.42,87.09,3224173,87.11,-0.012175077616126,IBM
2011-04-05,86.65,87.54,86.46,86.83,3615184,87.09,-0.15829528158295,IBM
2011-04-06,87.18,87.59,86.65,86.88,3775528,86.83,0.030489664003892,IBM
2011-04-07,86.94,87.3863,86.12,87.22,3669864,86.88,0.20726652036089,IBM
2011-04-08,87.19,87.22,86.0,86.89,3322144,87.22,-0.20075434967757,IBM
2011-04-11,86.28,86.84,85.95,86.79,4139863,86.89,-0.060957025297179,IBM
2011-04-12,86.2,86.61,85.14,86.09,3844449,86.79,-0.4269594388533,IBM
2011-04-13,86.81,87.77,86.5,86.79,4183442,86.09,0.42879019908116,IBM
2011-04-14,86.68,88.2,86.0,87.81,4697987,86.79,0.62214089661483,IBM
2011-04-15,87.84,89.18,87.71,89.05,5287377,87.81,0.75165181548161,IBM
2011-04-18,87.48,89.0,85.7,88.78,6158972,89.05,-0.16244509957284,IBM
2011-04-19,88.55,89.22,87.28,88.24,6447294,88.78,-0.32541882608171,IBM
2011-04-20,85.94,88.73,85.03,87.59,10897130,88.24,-0.39298669891173,IBM
2011-04-21,88.47,91.29,87.7,91.12,6163520,87.59,2.1426403641882,IBM
2011-04-25,90.49,91.61,90.07,90.51,3582142,91.12,-0.36249108628477,IBM
2011-04-26,90.83,92.04,90.24,91.33,7264866,90.51,0.48905588358086,IBM
2011-04-27,91.45,93.43,91.3,93.21,5297699,91.33,1.1157932221497,IBM
2011-04-28,92.83,94.22,92.54,93.62,5088716,93.21,0.24065269707108,IBM
2011-04-29,93.94,95.84,93.32,93.42,5586259,93.62,-0.11710973181871,IBM
2011-05-02,94.95,96.38,94.33,94.99,5393741,93.42,0.92038926017118,IBM
2011-05-03,94.84,96.32,94.07,95.71,5008393,94.99,0.4182399070578,IBM
2011-05-04,95.2,95.46,92.43,93.46,6886337,95.71,-1.3015560826054,IBM
2011-05-05,93.31,93.71,90.34,91.3,7323595,93.46,-1.2659711639902,IBM
2011-05-06,92.62,93.74,91.83,92.48,4836838,91.3,0.25525347263444,IBM
2011-05-09,91.98,93.44,91.9,92.69,3413546,92.48,0.12434128722838,IBM
2011-05-10,92.84,94.49,92.81,93.97,4924469,92.69,0.75694855115316,IBM
2011-05-11,93.89,94.11,91.41,93.09,4657906,93.97,-0.51649254607348,IBM
2011-05-12,93.24,96.36,92.24,95.83,5110164,93.09,1.6165191740413,IBM
2011-05-13,95.29,95.74,93.03,93.51,5138461,95.83,-1.3469577333953,IBM
2011-05-16,93.4,94.23,91.9,92.45,4651748,93.51,-0.62382297551788,IBM
2011-05-17,91.44,95.0,90.12,94.09,8777746,92.45,0.97121876110386,IBM
2011-05-18,93.69,94.78,93.05,94.03,4155300,94.09,-0.035190615835778,IBM
2011-05-19,94.45,94.99,92.91,94.18,3589705,94.03,0.088007509974188,IBM
2011-05-20,93.99,94.74,92.97,93.75,4871375,94.18,-0.25206635793423,IBM
2011-05-23,92.17,92.28,90.66,91.85,5131096,93.75,-1.1165961448049,IBM
2011-05-24,92.09,92.26,91.1,91.58,4639067,91.85,-0.16046594556043,IBM
2011-05-25,91.22,91.99,91.1,91.34,3880807,91.58,-0.14286564676469,IBM
2011-05-26,91.05,91.09,89.49,90.77,5766845,91.34,-0.33979135618479,IBM
2011-05-27,91.5,92.06,90.59,91.09,3274464,90.77,0.19141045579614,IBM
2011-05-31,92.03,93.48,91.41,92.52,9123371,91.09,0.85373134328359,IBM
2011-06-01,92.49,93.17,90.09,90.15,5044880,92.52,-1.4029479666134,IBM
2011-06-02,90.03,90.69,89.3,89.68,3847659,90.15,-0.28218059558117,IBM
2011-06-03,87.89,89.48,87.72,88.64,5215397,89.68,-0.6261665362153,IBM
2011-06-06,88.35,89.17,87.86,88.34,3618740,88.64,-0.18176310209028,IBM
2011-06-07,88.7,88.83,87.2,87.28,4187997,88.34,-0.64339908952959,IBM
2011-06-08,86.86,88.44,86.85,87.93,3849222,87.28,0.39709206426783,IBM
2011-06-09,88.6,89.55,88.35,88.43,4286651,87.93,0.3042472921991,IBM
2011-06-10,88.16,88.43,86.46,86.77,4683270,88.43,-1.0070371269109,IBM
2011-06-13,88.03,88.05,86.32,86.76,5098358,86.77,-0.0061282019855493,IBM
2011-06-14,87.46,88.16,87.24,87.71,7029980,86.76,0.58221486792916,IBM
2011-06-15,86.34,87.0,85.11,85.92,5199702,87.71,-1.0906653668048,IBM
2011-06-16,85.65,87.22,85.37,86.26,4851071,85.92,0.20944988603461,IBM
2011-06-17,87.83,88.69,87.17,88.03,7149683,86.26,1.0880924571218,IBM
2011-06-20,87.29,89.2,87.18,88.61,3937666,88.03,0.35271223546583,IBM
2011-06-21,88.79,90.34,87.59,89.81,5366694,88.61,0.72718458368682,IBM
2011-06-22,89.18,90.4,88.69,89.27,3929035,89.81,-0.32487065335098,IBM
2011-06-23,87.65,90.32,87.39,89.71,5261587,89.27,0.26557218734911,IBM
2011-06-24,89.44,89.53,88.16,88.66,4391198,89.71,-0.63207320009632,IBM
2011-06-27,89.33,91.83,88.8,91.21,4411196,88.66,1.5447991761071,IBM
2011-06-28,91.92,94.29,91.6,93.6,4819138,91.21,1.4258441713399,IBM
2011-06-29,94.2,94.45,93.41,94.13,3817046,93.6,0.31174636786071,IBM
2011-06-30,94.7,96.0368,94.34,95.14,5102962,94.13,0.59223642547204,IBM
2011-07-01,95.2,98.24,95.08,98.13,5129275,95.14,1.7429320897697,IBM
2011-07-05,97.11,99.0209,97.11,99.02,4574213,98.13,0.50991176807609,IBM
2011-07-06,98.78,101.36,98.68,101.3,5847288,99.02,1.2996636835205,IBM
2011-07-07,100.37,100.86,99.71,100.07,5886822,101.3,-0.69213887794723,IBM
2011-07-08,99.08,100.08,98.6,100.08,4399569,100.07,0.0056663644605731,IBM
2011-07-11,98.49,99.74,98.2,98.58,4746972,100.08,-0.84990651028387,IBM
2011-07-12,98.52,98.96,97.48,97.64,5023739,98.58,-0.53717355277444,IBM
2011-07-13,98.49,99.91,97.59,97.91,4070753,97.64,0.15512783682849,IBM
2011-07-14,97.99,99.69,97.43,97.82,4610216,97.91,-0.051629187700782,IBM
2011-07-15,98.67,99.53,97.66,99.13,5321286,97.82,0.75187969924812,IBM
2011-07-18,98.32,100.05,97.17,98.87,8814738,99.13,-0.14811438988264,IBM
2011-07-19,102.33,108.8,102.24,108.8,13116740,98.87,5.6652213601095,IBM
2011-07-20,107.43,108.01,106.59,107.24,5881847,108.8,-0.84228713352411,IBM
2011-07-21,107.18,109.09,106.49,108.49,4942515,107.24,0.68064252654506,IBM
2011-07-22,108.23,109.22,107.85,108.77,4511916,108.49,0.15143320713899,IBM
2011-07-25,107.48,108.55,106.87,107.29,4969239,108.77,-0.7992223782266,IBM
2011-07-26,106.53,107.64,106.24,106.52,4345917,107.29,-0.4191616766467,IBM
2011-07-27,105.6,106.5,104.52,104.94,5784891,106.52,-0.86371836221506,IBM
2011-07-28,104.65,106.86,104.47,105.39,4460081,104.94,0.24813895781639,IBM
2011-07-29,103.85,107.02,103.32,105.44,6665664,105.39,0.027502750275018,IBM
2011-08-01,106.19,107.28,102.09,104.34,5829195,105.44,-0.60489414352488,IBM
2011-08-02,103.54,105.88,101.45,101.64,5734944,104.34,-1.49377593361,IBM
2011-08-03,101.26,102.82,99.0,102.42,6713109,101.64,0.43807919123842,IBM
2011-08-04,100.09,101.51,94.77,95.07,10931590,102.42,-4.1100486495555,IBM
2011-08-05,95.69,97.81,90.11,96.57,11871330,95.07,0.87473757872638,IBM
2011-08-08,93.17,96.95,90.34,90.56,15800670,96.57,-3.9079662388715,IBM
2011-08-09,91.8,95.39,86.34,94.95,12516900,90.56,2.6410780892793,IBM
2011-08-10,92.52,93.57,86.19,86.88,13990920,94.95,-4.7300861614208,IBM
2011-08-11,88.44,93.11,87.28,91.07,9172307,86.88,2.5778269964316,IBM
2011-08-12,92.84,93.72,90.17,92.54,5186931,91.07,0.88166496731242,IBM
2011-08-15,95.66,98.34,94.73,97.33,7641558,92.54,2.8478002378121,IBM
2011-08-16,96.53,96.53,93.34,95.58,5576496,97.33,-1.0116191687381,IBM
2011-08-17,95.91,97.33,94.23,95.82,5128882,95.58,0.14015416958653,IBM
2011-08-18,90.66,90.8,84.5,88.17,15079240,95.82,-4.4611616515045,IBM
2011-08-19,86.51,88.28,81.47,81.88,14066790,88.17,-3.8393456631875,IBM
2011-08-22,85.69,86.02,81.96,83.32,7248373,81.88,0.91405357369557,IBM
2011-08-23,84.99,88.93,83.87,88.66,6920877,83.32,3.3589130708265,IBM
2011-08-24,88.47,91.17,87.69,91.1,6426640,88.66,1.4849074975657,IBM
2011-08-25,91.86,92.87,89.19,89.92,6751596,91.1,-0.70760374190452,IBM
2011-08-26,89.19,93.67,87.62,93.48,6437485,89.92,2.1500181181302,IBM
2011-08-29,94.92,97.06,94.7,96.96,5293217,93.48,2.0574671869457,IBM
2011-08-30,96.4,97.85,95.22,96.85,4476485,96.96,-0.063723786351531,IBM
2011-08-31,97.63,98.06,95.05,96.25,6073729,96.85,-0.34780592429424,IBM
2011-09-01,97.05,98.02,94.46,94.67,5463580,96.25,-0.91908556802977,IBM
2011-09-02,92.03,93.27,90.34,91.32,4978111,94.67,-1.966770386896,IBM
2011-09-06,87.4,89.89,86.54,89.45,5760673,91.32,-1.1198945981555,IBM
2011-09-07,91.62,92.24,90.5,91.65,6796585,89.45,1.3324450366422,IBM
2011-09-08,91.34,93.92,89.44,89.59,6026921,91.65,-1.2312473850935,IBM
2011-09-09,88.91,89.53,85.15,85.71,6741104,89.59,-2.3479576399395,IBM
2011-09-12,84.38,86.78,83.1,86.76,5246437,85.71,0.65067856478898,IBM
2011-09-13,87.98,88.26,85.88,87.77,4722540,86.76,0.62184460041868,IBM
2011-09-14,88.35,94.0,86.33,91.58,6980243,87.77,2.3312733280304,IBM
2011-09-15,92.98,94.5,91.57,94.43,5463433,91.58,1.7041377660847,IBM
2011-09-16,95.67,97.33,94.08,97.33,11047660,94.43,1.7049797166206,IBM
2011-09-19,93.84,98.21,93.77,97.47,4754514,97.33,0.080929533499038,IBM
2011-09-20,97.91,101.77,97.04,99.06,6203324,97.47,0.91838502859123,IBM
2011-09-21,99.34,102.01,96.96,97.36,7040774,99.06,-0.97298534798534,IBM
2011-09-22,92.67,94.31,90.84,92.96,8190387,97.36,-2.5430586059415,IBM
2011-09-23,91.33,93.88,90.1,93.68,5584989,92.96,0.42699561143399,IBM
2011-09-26,95.3,99.04,94.2,98.85,6741450,93.68,3.053029408291,IBM
2011-09-27,101.16,103.96,100.77,102.05,7631873,98.85,1.8337058048249,IBM
2011-09-28,102.31,105.09,101.42,101.89,7731874,102.05,-0.090034325586628,IBM
2011-09-29,104.03,105.25,99.87,103.51,6918410,101.89,0.912419036891,IBM
2011-09-30,100.35,102.61,99.09,99.21,7807125,103.51,-2.3999553496679,IBM
2011-10-03,98.7,102.26,97.38,97.63,9026902,99.21,-0.90352833533483,IBM
2011-10-04,95.88,99.41,93.22,99.08,9148703,97.63,0.83674764845058,IBM
2011-10-05,98.91,101.6361,97.02,101.19,5850756,99.08,1.2075082980428,IBM
2011-10-06,101.15,106.33,100.0,106.03,7175400,101.19,2.7367825841108,IBM
2011-10-07,106.66,108.06,105.98,106.73,6839767,106.03,0.38527161648962,IBM
2011-10-10,107.34,110.97,107.24,110.96,5784141,106.73,2.3192060968255,IBM
2011-10-11,108.93,110.34,108.45,109.34,5330081,110.96,-0.86807416139749,IBM
2011-10-12,110.42,112.34,109.99,110.46,5335661,109.34,0.60540540540541,IBM
2011-10-13,109.31,111.84,108.84,111.16,4397622,110.46,0.37610143993122,IBM
2011-10-14,112.53,114.87,112.0714,114.87,5365811,111.16,1.9858687506691,IBM
2011-10-17,114.05,114.5,110.24,110.93,8752994,114.87,-2.0679158137826,IBM
2011-10-18,102.34,103.72,100.59,103.24,15714690,110.93,-4.1213355485289,IBM
2011-10-19,104.02,104.15,101.35,101.73,6705035,103.24,-0.84404695360538,IBM
2011-10-20,102.47,103.58,100.51,101.59,7512793,101.73,-0.078922148937362,IBM
2011-10-21,103.45,106.01,103.09,105.97,8048556,101.59,2.4710860366714,IBM
2011-10-24,105.85,107.73,104.96,106.59,5889758,105.97,0.34135330066619,IBM
2011-10-25,106.0,107.31,104.35,104.7,5369029,106.59,-1.037037037037,IBM
2011-10-26,106.08,106.62,103.37,106.31,5386683,104.7,0.89265912619205,IBM
2011-10-27,109.33,111.34,107.52,110.22,6996223,106.31,2.1487058306314,IBM
2011-10-28,109.91,112.41,109.62,111.79,5008920,110.22,0.8446309446955,IBM
2011-10-31,109.93,111.25,108.97,108.97,4666046,111.79,-1.5044011736463,IBM
2011-11-01,105.89,107.6,105.08,105.69,5878383,108.97,-1.776526025023,IBM
2011-11-02,108.34,109.59,107.37,108.26,4100445,105.69,1.4171491590846,IBM
2011-11-03,109.47,112.12,108.36,111.64,4950496,108.26,1.8377555458895,IBM
2011-11-04,110.61,111.48,109.08,110.72,3236852,111.64,-0.49119060331021,IBM
2011-11-07,110.56,112.07,109.09,111.66,3513628,110.72,0.50434595986694,IBM
2011-11-08,112.57,112.97,110.6,112.34,4328621,111.66,-0.037369207772792,IBM
2011-11-09,109.29,110.33,106.25,107.33,5484615,112.34,-2.675567423231,IBM
2011-11-10,108.67,109.86,106.96,108.44,3881558,107.33,0.60908691834942,IBM
2011-11-11,110.36,112.92,110.23,112.47,3665309,108.44,2.1979820016362,IBM
2011-11-14,114.26,114.93,111.94,112.44,6047079,112.47,-0.016010246557798,IBM
2011-11-15,112.58,115.06,110.73,113.84,4584432,112.44,0.74726447824927,IBM
2011-11-16,112.91,114.99,111.39,111.71,4614394,113.84,-1.1284768211921,IBM
2011-11-17,111.9,113.92,108.48,110.82,5824040,111.71,-0.47690494052085,IBM
2011-11-18,111.8,112.06,109.75,110.33,4441334,110.82,-0.26382383029127,IBM
2011-11-21,108.46,109.05,105.09,106.57,5142303,110.33,-2.0297991794429,IBM
2011-11-22,107.31,108.07,105.38,106.4,4178263,106.57,-0.093674234075373,IBM
2011-11-23,105.76,106.58,102.61,103.04,4801140,106.4,-1.8531796370857,IBM
2011-11-25,103.1,104.65,102.15,102.15,2232713,103.04,-0.50014048890137,IBM
2011-11-28,107.8,108.02,105.76,107.3,4521966,102.15,2.9086185473851,IBM
2011-11-29,107.11,108.4,105.93,106.03,3660946,107.3,-0.696997969376,IBM
2011-11-30,109.66,113.44,109.3,113.09,7832682,106.03,3.9018459157732,IBM
2011-12-01,112.1,115.08,111.86,114.54,4855985,113.09,0.77127659574467,IBM
2011-12-02,115.01,116.42,114.54,114.75,4962414,114.54,0.11084718923199,IBM
2011-12-05,116.27,118.7,115.47,115.93,5697292,114.75,0.62216598122957,IBM
2011-12-06,115.74,118.62,115.41,118.03,4143653,115.93,1.1003982393628,IBM
2011-12-07,117.08,119.99,116.37,119.14,5077423,118.03,0.57530838602675,IBM
2011-12-08,117.57,118.89,116.16,116.67,4366696,119.14,-1.2728678175728,IBM
2011-12-09,118.0,119.96,117.49,119.65,4848770,116.67,1.5554859588684,IBM
2011-12-12,118.73,118.99,116.31,117.27,3793597,119.65,-1.2232730263158,IBM
2011-12-13,118.55,119.39,115.73,116.24,5004211,117.27,-0.5359558747008,IBM
2011-12-14,114.93,115.37,113.09,113.81,5053443,116.24,-1.2712529427151,IBM
2011-12-15,115.57,116.29,111.98,112.57,4470274,113.81,-0.65705807545571,IBM
2011-12-16,113.1,113.1,107.0,108.66,11849737,112.57,-2.0855557926179,IBM
2011-12-19,109.6,109.78,107.34,107.98,5038746,108.66,-0.37043089829493,IBM
2011-12-20,110.59,112.42,109.845,112.33,4733472,107.98,2.3784788670786,IBM
2011-12-21,108.31,108.59,104.13,106.56,9277867,112.33,-3.0816064943388,IBM
2011-12-22,107.13,107.89,106.09,107.13,5051810,106.56,0.31410150438089,IBM
2011-12-23,109.84,109.94,106.98,109.84,3051191,107.13,1.488683805757,IBM
2011-12-27,110.06,110.94,109.48,110.04,2774414,109.84,0.10825439783491,IBM
2011-12-28,110.28,110.49,108.43,109.08,2871588,110.04,-0.51905920519058,IBM
2011-12-29,109.16,111.32,109.1,111.27,2928165,109.08,1.1902820805479,IBM
2011-12-30,111.42,111.57,108.94,108.97,3530180,111.27,-1.2353636265979,IBM
2012-01-03,111.82,113.8,111.09,111.39,5644199,108.97,1.3160757015445,IBM
2012-01-04,110.66,111.42,110.03,110.63,4345690,111.39,-0.40794417606013,IBM
2012-01-05,109.9,110.12,108.19,109.75,4447553,110.63,-0.47429125794977,IBM
2012-01-06,109.48,109.57,107.4,107.63,4895076,109.75,-1.1480558864941,IBM
2012-01-09,107.29,107.36,105.36,106.68,5200366,107.63,-0.52043387750629,IBM
2012-01-10,108.32,108.81,106.29,106.4,5160796,106.68,-0.15419351285864,IBM
2012-01-11,105.82,107.9,105.59,107.41,4109669,106.4,0.557056974243,IBM
2012-01-12,106.95,107.0,103.47,105.64,6879162,107.41,-0.9708205353225,IBM
2012-01-13,104.57,104.7,102.4372,104.25,5278248,105.64,-0.769869842149,IBM
2012-01-17,105.45,107.09,104.41,105.09,6002899,104.25,0.46885465505693,IBM
2012-01-18,104.92,106.69,104.59,106.16,4599471,105.09,0.59444444444444,IBM
2012-01-19,106.88,107.4499,105.44,105.61,8551289,106.16,-0.30374993096592,IBM
2012-01-20,110.86,114.06,109.84,113.61,12840830,105.61,4.4316419233326,IBM
2012-01-23,113.0,115.61,112.76,115.07,5751203,113.61,0.7744536388712,IBM
2012-01-24,113.72,117.395,113.6141,117.02,5344342,115.07,1.0264238340878,IBM
2012-01-25,116.42,117.3299,114.7,116.82,4359673,117.02,-0.10420465794822,IBM
2012-01-26,116.88,117.88,115.56,116.07,4004615,116.82,-0.39117508997027,IBM
2012-01-27,115.1,116.86,114.9,115.55,3360321,116.07,-0.27227981987642,IBM
2012-01-30,114.48,117.82,113.31,117.59,4358538,115.55,1.0710910427386,IBM
2012-01-31,118.18,118.19,116.09,117.69,4827338,117.59,0.051948051948049,IBM
2012-02-01,118.3,119.9,117.5,117.71,5088467,117.69,0.010384215991698,IBM
2012-02-02,117.81,118.42,116.42,116.62,3907260,117.71,-0.56588100924099,IBM
2012-02-03,118.02,119.22,117.63,118.73,4520396,116.62,1.1016550931969,IBM
2012-02-06,117.57,118.85,117.09,117.91,3639707,118.73,-0.42346622598636,IBM
2012-02-07,117.54,119.23,117.06,118.44,3432953,117.91,0.27486775230785,IBM
2012-02-08,118.62,119.42,117.57,118.79,3803143,118.44,-0.20687871735196,IBM
2012-02-09,118.87,120.3,118.39,118.97,3876130,118.79,0.093288416688265,IBM
2012-02-10,117.6,118.27,117.12,118.26,3391077,118.97,-0.36762802257547,IBM
2012-02-13,119.15,119.53,117.58,118.46,2457736,118.26,0.10393929944913,IBM
2012-02-14,117.6,118.44,116.671,118.06,3398022,118.46,-0.20766275568477,IBM
2012-02-15,118.15,119.28,117.1,118.09,4020839,118.06,0.015607116845282,IBM
2012-02-16,118.45,119.09,117.84,118.86,3525140,118.09,0.40052015604682,IBM
2012-02-17,119.55,119.7,118.14,119.26,3746479,118.86,0.20723241114909,IBM
2012-02-21,119.57,120.08,118.3,119.23,3293523,119.26,-0.015510288491367,IBM
2012-02-22,118.87,120.58,118.59,119.71,3275729,119.23,0.24820311288072,IBM
2012-02-23,119.71,125.07,119.12,123.45,8030805,119.71,1.9291277660288,IBM
2012-02-24,124.22,124.4,122.45,123.6,3352942,123.45,0.075907089722169,IBM
2012-02-27,123.37,124.55,121.94,123.37,3743863,123.6,-0.11630258899676,IBM
2012-02-28,123.82,124.8,123.2722,123.82,3167381,123.37,0.22781349668404,IBM
2012-02-29,122.57,125.01,122.29,122.57,5119943,123.82,-0.63137690675826,IBM
2012-03-01,123.37,124.31,122.77,123.37,3560506,122.57,0.40664870634881,IBM
2012-03-02,124.65,124.73,122.9,124.65,3723268,123.37,0.6480028350124,IBM
2012-03-05,124.2,127.03,124.14,126.5,6937726,124.65,0.93053669332528,IBM
2012-03-06,124.98,125.48,122.652,123.1,5214081,126.5,-1.694408452108,IBM
2012-03-07,123.61,124.41,123.15,123.61,3346878,123.1,0.25854202575282,IBM
2012-03-08,125.65,125.83,124.49,125.65,3145793,123.61,1.0315012388128,IBM
2012-03-09,125.82,126.94,125.56,126.46,3178143,125.65,0.40538511586007,IBM
2012-03-12,126.77,127.41,126.07,126.84,3119666,126.46,0.1894128202572,IBM
2012-03-13,127.56,129.74,127.4507,129.62,4860064,126.84,1.3830845771144,IBM
2012-03-14,129.62,130.99,129.48,130.56,4602209,129.62,0.46128177446265,IBM
2012-03-15,130.78,132.02,130.58,131.84,3620670,130.56,0.6252442360297,IBM
2012-03-16,132.87,133.36,131.85,131.85,9630679,131.84,0.0048543689320344,IBM
2012-03-19,131.55,132.37,130.34,131.56,3763177,131.85,-0.1407698655405,IBM
2012-03-20,130.58,130.84,129.542,130.09,3695026,131.56,-0.71456348434766,IBM
2012-03-21,130.16,131.61,130.14,130.53,3329741,130.09,0.21542227662179,IBM
2012-03-22,129.84,131.83,129.8,131.33,3306367,130.53,0.39083492110021,IBM
2012-03-23,131.73,131.8,130.4,131.32,3036189,131.33,-0.0048664168572774,IBM
2012-03-26,132.29,133.76,132.16,133.61,3417632,131.32,1.1144636947635,IBM
2012-03-27,134.3,134.5,132.84,133.02,2704455,133.61,-0.28396784906387,IBM
2012-03-28,133.28,134.53,132.11,133.13,3265696,133.02,0.05309392798532,IBM
2012-03-29,131.93,134.34,131.86,134.11,3403665,133.13,0.47276762024218,IBM
2012-03-30,134.58,134.96,133.852,134.49,3215444,134.11,0.1824554664618,IBM
2012-04-02,134.8,135.53,133.93,135.31,3387835,134.49,0.39300263599329,IBM
2012-04-03,135.15,136.53,134.38,135.34,4091491,135.31,0.01432185993221,IBM
2012-04-04,132.06,132.8202,131.03,131.89,4403978,135.34,-1.6467780429594,IBM
2012-04-05,130.99,131.52,130.3,131.31,3808919,131.89,-0.28148507643776,IBM
2012-04-09,130.24,132.01,129.21,130.78,3326810,131.31,-0.25794519881248,IBM
2012-04-10,130.78,131.58,128.01,128.17,4132847,130.78,-1.2735434761394,IBM
2012-04-11,129.83,130.16,128.2993,128.42,3366143,128.17,0.12356051994267,IBM
2012-04-12,128.64,131.4,128.48,131.16,2929585,128.42,1.3525520781913,IBM
2012-04-13,130.16,130.4899,128.64,128.64,3766992,131.16,-1.2273524254822,IBM
2012-04-16,130.58,131.81,128.56,128.56,3826172,128.64,-0.03944773175543,IBM
2012-04-17,130.41,133.48,129.99,133.29,6009773,128.56,2.3332675611681,IBM
2012-04-18,128.27,129.91,125.84,125.97,10153460,133.29,-3.52856109906,IBM
2012-04-19,125.87,127.1,123.361,125.35,5761421,125.97,-0.30979863088992,IBM
2012-04-20,125.67,125.96,124.93,125.44,4758163,125.35,0.045110520775903,IBM
2012-04-23,123.73,124.94,122.631,124.46,3618928,125.44,-0.49098196392785,IBM
2012-04-24,124.9,128.32,124.71,125.84,5621363,124.46,0.69479407914611,IBM
2012-04-25,127.86,129.53,127.64,129.41,4003157,125.84,1.785,IBM
2012-04-26,129.24,132.05,129.24,131.42,3301905,129.41,0.98737535000247,IBM
2012-04-27,132.31,134.01,131.75,132.65,3310660,131.42,0.5983072283296,IBM
2012-04-30,132.55,133.8,132.16,132.92,2772599,132.65,0.13055461534743,IBM
2012-05-01,133.02,134.769,132.55,133.84,2715870,132.92,0.44427274483291,IBM
2012-05-02,132.81,134.11,132.75,133.9,2360257,133.84,0.028846153846155,IBM
2012-05-03,134.11,134.76,132.39,133.08,2822374,133.9,-0.39411708161107,IBM
2012-05-04,132.31,132.95,130.24,130.83,4023551,133.08,-1.0856977417487,IBM
2012-05-07,129.8,130.61,128.74,129.59,3372903,130.83,-0.60490755646617,IBM
2012-05-08,129.13,129.75,126.408,128.17,3881592,129.59,-1.1141104294479,IBM
2012-05-09,126.68,129.69,125.75,127.92,3740096,128.17,-0.12408179471908,IBM
2012-05-10,127.69,129.94,126.71,127.29,3830404,127.92,-0.31307459126373,IBM
2012-05-11,126.65,128.81,126.64,127.86,2391480,127.29,0.28414755732801,IBM
2012-05-14,126.61,127.4,125.25,126.13,3029144,127.86,-0.85996918029527,IBM
2012-05-15,126.13,128.1579,125.45,125.73,2987339,126.13,-0.20056157240273,IBM
2012-05-16,126.11,128.04,124.87,126.42,5000987,125.73,0.34666398713826,IBM
2012-05-17,126.36,127.48,124.33,124.58,5626256,126.42,-0.92124367896661,IBM
2012-05-18,122.57,125.47,121.85,122.57,5736995,124.58,-1.015715801708,IBM
2012-05-21,122.67,124.62,121.32,124.45,3831692,122.57,0.959771288544,IBM
2012-05-22,124.73,124.95,122.75,123.51,3565986,124.45,-0.47532362459547,IBM
2012-05-23,122.22,123.18,119.89,122.81,4065764,123.51,-0.35565491311858,IBM
2012-05-24,122.68,122.97,120.69,122.78,3569066,122.81,-0.015296757087498,IBM
2012-05-25,121.8,122.69,120.69,120.99,2901371,122.78,-0.91284614207761,IBM
2012-05-29,121.91,124.77,121.91,123.15,3617573,120.99,1.1116829644879,IBM
2012-05-30,121.49,122.16,120.46,121.22,3602417,123.15,-0.98238827242187,IBM
2012-05-31,120.79,121.62,118.69,119.59,9200384,121.22,-0.83791703079216,IBM
2012-06-01,116.81,118.41,115.29,115.77,5206073,119.59,-1.9803006739243,IBM
2012-06-04,115.03,116.07,113.69,115.23,4623963,115.77,-0.28559339961922,IBM
2012-06-05,114.61,116.54,114.25,115.89,3556287,115.23,0.35005834305717,IBM
2012-06-06,117.47,120.69,116.71,120.68,3622647,115.89,2.5317124735729,IBM
2012-06-07,121.97,122.5199,120.63,121.13,3701066,120.68,0.23197072014021,IBM
2012-06-08,120.4,121.83,119.39,121.83,2479147,121.13,0.36000822875951,IBM
2012-06-11,123.29,123.39,119.06,119.2,3273211,121.83,-1.3477503330942,IBM
2012-06-12,118.83,121.36,118.83,121.24,3023630,119.2,1.0596852111579,IBM
2012-06-13,121.05,121.88,119.035,119.79,3246784,121.24,-0.74530968902597,IBM
2012-06-14,119.69,122.52,119.43,121.79,3584845,119.79,1.0357327809425,IBM
2012-06-15,122.77,125.96,122.09,125.79,6388683,121.79,2.0502306509482,IBM
2012-06-18,124.26,126.33,123.86,124.98,3378912,125.79,-0.40683073832245,IBM
2012-06-19,125.52,126.68,125.49,125.62,3297517,124.98,0.32275959453327,IBM
2012-06-20,125.39,126.43,124.19,125.47,3378824,125.62,-0.075403408234055,IBM
2012-06-21,125.76,126.14,119.88,120.08,4316544,125.47,-2.7115403964182,IBM
2012-06-22,120.56,121.57,119.91,120.39,8794705,120.08,0.16029784373546,IBM
2012-06-25,119.17,120.08,118.37,119.55,3211529,120.39,-0.4336602994321,IBM
2012-06-26,120.23,120.37,117.44,118.64,3435650,119.55,-0.47184486155762,IBM
2012-06-27,118.83,120.39,117.59,119.69,2762612,118.64,0.54701745246158,IBM
2012-06-28,117.92,118.77,115.59,118.09,3967165,119.69,-0.82901554404145,IBM
2012-06-29,121.24,122.5,119.1,122.27,5259456,118.09,2.183908045977,IBM
2012-07-02,123.05,123.89,121.54,122.52,2831680,122.27,0.12782493097454,IBM
2012-07-03,122.15,123.03,121.6,122.62,1451425,122.52,0.051064698973597,IBM
2012-07-05,121.57,123.54,120.32,121.98,2689181,122.62,-0.3266472719849,IBM
2012-07-06,120.61,120.63,116.43,118.1,4952850,121.98,-1.9867888780788,IBM
2012-07-09,117.45,117.6891,114.74,116.36,3988056,118.1,-0.90904341465964,IBM
2012-07-10,116.99,117.83,112.29,112.95,4690062,116.36,-1.7978594400801,IBM
2012-07-11,112.91,114.05,110.2,111.94,5455666,112.95,-0.54225276495221,IBM
2012-07-12,110.94,111.08,108.54,109.78,4924203,111.94,-1.165991902834,IBM
2012-07-13,110.15,113.02,109.72,112.7,3932965,109.78,1.59484406576,IBM
2012-07-16,112.27,112.79,111.27,111.48,3144328,112.7,-0.65587871619805,IBM
2012-07-17,112.42,112.98,109.89,110.34,5158142,111.48,-0.61691649981059,IBM
2012-07-18,110.84,115.28,110.24,114.94,7991372,110.34,2.5047644976858,IBM
2012-07-19,120.09,123.54,119.66,122.03,10394070,114.94,3.7662682602922,IBM
2012-07-20,120.78,121.59,118.86,119.14,4789672,122.03,-1.479471690386,IBM
2012-07-23,116.47,117.99,114.89,117.52,3893635,119.14,-0.84177708495712,IBM
2012-07-24,117.61,118.01,115.25,117.03,3595537,117.52,-0.25677304407064,IBM
2012-07-25,117.0,119.46,116.01,117.77,3833753,117.03,0.38877797625303,IBM
2012-07-26,120.18,121.64,119.26,120.64,3284132,117.77,1.5019886958342,IBM
2012-07-27,121.79,124.1,120.64,123.08,4177285,120.64,1.2580562000516,IBM
2012-07-30,123.01,124.53,122.61,123.37,2786953,123.08,0.14766535974338,IBM
2012-07-31,123.19,124.27,122.57,122.67,3507163,123.37,-0.35590807402889,IBM
2012-08-01,123.65,124.54,121.41,121.87,2559265,122.67,-0.40820491886926,IBM
2012-08-02,120.85,123.29,119.71,121.14,2812263,121.87,-0.37401373091506,IBM
2012-08-03,123.17,125.64,122.85,125.21,3202391,121.14,2.0930830547699,IBM
2012-08-06,125.45,126.63,125.21,125.45,2337738,125.21,0.12089462018939,IBM
2012-08-07,126.12,127.57,125.49,126.62,3208227,125.45,0.5886496276917,IBM
2012-08-08,125.81,127.23,125.7,126.57,2068250,126.62,-0.4501575551443,IBM
2012-08-09,126.16,127.0,125.43,125.96,2103851,126.57,-0.30648645932775,IBM
2012-08-10,125.41,126.91,124.78,126.83,2600459,125.96,0.43846386452979,IBM
2012-08-13,126.42,127.52,125.33,126.55,2418289,126.83,-0.14049877063576,IBM
2012-08-14,126.42,126.87,125.26,125.83,2562055,126.55,-0.36179086478066,IBM
2012-08-15,126.44,126.87,125.46,125.94,2111728,125.83,0.055474305310411,IBM
2012-08-16,126.31,128.864,125.66,128.38,2729453,125.94,1.2298387096774,IBM
2012-08-17,128.62,129.54,128.2,128.76,2551732,128.38,0.18920533758215,IBM
2012-08-20,128.23,128.67,127.57,128.04,2335987,128.76,-0.35781731438227,IBM
2012-08-21,128.53,128.54,125.91,126.19,3110557,128.04,-0.92269326683291,IBM
2012-08-22,126.18,126.19,124.445,124.79,3295714,126.19,-0.70475711049585,IBM
2012-08-23,124.58,124.91,122.98,123.24,2756897,124.79,-0.78580481622307,IBM
2012-08-24,122.5,125.65,121.74,125.31,2638977,123.24,1.0577414409811,IBM
2012-08-27,125.5,125.84,123.15,123.23,2498722,125.31,-1.0517267532993,IBM
2012-08-28,123.1,123.65,122.04,122.41,2539110,123.23,-0.41903009862537,IBM
2012-08-29,122.67,123.5799,122.44,122.62,2141398,122.41,0.10776415045928,IBM
2012-08-30,122.31,123.01,120.72,120.91,2740795,122.62,-0.87656346114415,IBM
2012-08-31,121.85,123.49,121.0,122.39,3193252,120.91,0.76537208460464,IBM
2012-09-04,124.15,124.71,120.79,122.08,4512485,122.39,-0.15909674108289,IBM
2012-09-05,121.95,123.39,121.43,122.58,3312634,122.08,0.25701655186594,IBM
2012-09-06,123.8,127.0,123.65,126.64,3930192,122.58,2.0816242821985,IBM
2012-09-07,126.66,127.04,125.62,127.04,3413669,126.64,0.20090406830739,IBM
2012-09-10,126.93,129.36,126.27,128.49,4208049,127.04,0.72681704260651,IBM
2012-09-11,128.09,131.0,128.05,130.81,3910647,128.49,1.1545160487684,IBM
2012-09-12,131.06,132.19,130.5,131.31,3283950,130.81,0.24597825552221,IBM
2012-09-13,131.92,134.35,131.0,133.9,3879539,131.31,1.2710408794229,IBM
2012-09-14,133.78,135.19,133.59,134.35,4057558,133.9,0.21806551657297,IBM
2012-09-17,133.09,135.53,133.09,134.69,3274573,134.35,0.16440210821527,IBM
2012-09-18,134.42,135.4198,134.02,134.61,2476249,134.69,-0.03861935795318,IBM
2012-09-19,135.09,135.11,133.55,133.97,2605477,134.61,-0.30907422610711,IBM
2012-09-20,133.39,134.53,132.84,133.72,3738887,133.97,-0.12110642832922,IBM
2012-09-21,134.9,135.48,133.461,133.52,12772390,133.72,-0.097002619070723,IBM
2012-09-24,132.56,133.6,132.44,132.83,3511097,133.52,-0.33498397902709,IBM
2012-09-25,133.14,134.86,132.49,132.52,3345960,132.83,-0.15100589410103,IBM
2012-09-26,132.59,133.52,131.44,131.54,3423397,132.52,-0.47809542394379,IBM
2012-09-27,131.91,134.44,131.68,133.45,2760946,131.54,0.93627450980392,IBM
2012-09-28,133.2,135.86,132.85,134.99,4905077,133.45,0.74789956777232,IBM
2012-10-01,135.55,139.29,135.48,138.01,5457453,134.99,1.4557724752953,IBM
2012-10-02,138.5,139.01,136.04,137.38,3239171,138.01,-0.29933007079394,IBM
2012-10-03,137.48,138.845,136.84,138.05,3192077,137.38,0.31929088829584,IBM
2012-10-04,137.82,138.51,136.07,137.93,2956524,138.05,-0.057004417842385,IBM
2012-10-05,138.69,139.33,137.6,138.13,2858352,137.93,0.095061552355158,IBM
2012-10-08,137.56,138.18,136.75,137.36,1982525,138.13,-0.36563939408329,IBM
2012-10-09,137.49,138.28,135.24,135.53,3579616,137.36,-0.87217615098655,IBM
2012-10-10,135.36,135.77,132.59,133.36,4024491,135.53,-1.0433193903553,IBM
2012-10-11,134.11,134.81,133.17,133.3,2909999,133.36,-0.029151685939171,IBM
2012-10-12,133.18,135.5,133.1,135.34,2711979,133.3,0.99144634525662,IBM
2012-10-15,136.42,136.94,135.36,136.47,3059842,135.34,0.54379210779596,IBM
2012-10-16,137.48,138.54,137.014,138.54,5603758,136.47,0.99076245632508,IBM
2012-10-17,128.75,130.95,126.09,128.17,12669980,138.54,-4.914691943128,IBM
2012-10-18,127.45,127.68,121.61,122.5,9295853,128.17,-2.8260977919553,IBM
2012-10-19,122.83,123.62,120.72,120.9,6619889,122.5,-0.82068116536725,IBM
2012-10-22,121.25,122.22,119.98,121.94,4402478,120.9,0.5378568473314,IBM
2012-10-23,121.07,121.54,118.48,118.79,4426970,121.94,-1.6203703703704,IBM
2012-10-24,119.98,120.83,118.1,118.26,3737627,118.79,-0.27712418300654,IBM
2012-10-25,118.95,119.98,118.25,119.14,3248540,118.26,0.46140939597315,IBM
2012-10-26,119.03,121.41,119.01,120.81,4006523,119.14,0.87160751565763,IBM
2012-10-31,122.34,123.95,121.17,122.07,6052835,120.81,0.65193770373053,IBM
2012-11-01,122.22,125.43,122.09,124.69,3758733,122.07,1.3468359636046,IBM
2012-11-02,125.07,125.54,120.83,120.97,4260028,124.69,-1.8868881562262,IBM
2012-11-05,119.9,122.51,119.55,121.68,2736181,120.97,0.36705785038514,IBM
2012-11-06,122.8,124.29,122.22,122.61,3280985,121.68,0.47903574739879,IBM
2012-11-07,121.75,122.07,119.55,119.55,4745944,122.61,-2.0044086738094,IBM
2012-11-08,119.79,120.2,118.48,118.49,3542464,119.55,-0.55450931157146,IBM
2012-11-09,118.24,120.03,117.27,118.03,3667169,118.49,-0.24197790636508,IBM
2012-11-12,118.42,119.16,115.797,117.64,3067309,118.03,-0.20565281586163,IBM
2012-11-13,116.78,119.27,116.64,116.71,3407273,117.64,-0.49141347424043,IBM
2012-11-14,117.53,117.66,113.67,113.9,4403735,116.71,-1.4921410365336,IBM
2012-11-15,114.22,115.59,113.17,114.24,3411916,113.9,0.18327852945933,IBM
2012-11-16,114.72,115.95,113.49,115.33,4660780,114.24,0.58649448479957,IBM
2012-11-19,117.01,118.78,116.69,118.74,3587746,115.33,1.8241146892051,IBM
2012-11-20,118.27,118.5,116.64,117.59,3170168,118.74,-0.60415024954032,IBM
2012-11-21,117.69,119.28,117.34,118.68,5189519,117.59,0.57610993657505,IBM
2012-11-23,119.39,121.88,119.19,121.88,3877583,118.68,1.6816438068212,IBM
2012-11-26,120.84,121.76,120.16,121.27,5209626,121.88,-0.31526177063415,IBM
2012-11-27,120.47,121.44,119.39,119.62,3289058,121.27,-0.85545416839486,IBM
2012-11-28,119.37,120.43,117.66,120.37,3603596,119.62,0.39219787690216,IBM
2012-11-29,121.14,121.29,118.59,119.92,4077834,120.37,-0.23439941660589,IBM
2012-11-30,120.14,120.39,117.891,118.46,4935712,119.92,-0.76228267112202,IBM
2012-12-03,119.15,119.69,116.75,117.87,3349685,118.46,-0.31041195349082,IBM
2012-12-04,118.1,119.14,117.41,117.75,3990633,117.87,-0.063331222292578,IBM
2012-12-05,117.4,117.85,115.33,117.04,4202074,117.75,-0.37494719053655,IBM
2012-12-06,117.56,118.57,116.8,118.09,3215500,117.04,0.55658627087198,IBM
2012-12-07,118.53,120.59,118.5,120.34,4091240,118.09,1.1860832894043,IBM
2012-12-10,120.56,121.93,120.04,121.01,3438406,120.34,0.34904923157073,IBM
2012-12-11,121.57,123.19,121.54,122.59,4143997,121.01,0.82026788495483,IBM
2012-12-12,122.99,123.14,120.85,121.34,4241864,122.59,-0.64366632337796,IBM
2012-12-13,120.57,121.44,119.76,120.38,3623185,121.34,-0.49753822233738,IBM
2012-12-14,120.08,121.79,119.65,120.15,3826833,120.38,-0.11979790614095,IBM
2012-12-17,120.15,122.3,120.15,122.01,3792350,120.15,0.96996245306634,IBM
2012-12-18,122.24,124.31,122.23,124.08,4119679,122.01,1.0691044313604,IBM
2012-12-19,123.85,124.84,123.39,123.47,4269191,124.08,-0.31171751239204,IBM
2012-12-20,122.86,123.34,121.55,123.16,4184324,123.47,-0.15890916547058,IBM
2012-12-21,121.49,122.89,119.96,121.81,8224973,123.16,-0.69312522462393,IBM
2012-12-24,121.44,122.22,120.41,120.79,1631202,121.81,-0.52734980870643,IBM
2012-12-26,120.6,121.92,119.34,120.34,2776450,120.79,-0.23388773388774,IBM
2012-12-27,119.92,121.67,119.09,121.1,3967531,120.34,0.39593644178172,IBM
2012-12-28,119.5,120.61,118.22,118.22,3536133,121.1,-1.4944735613097,IBM
2012-12-31,117.62,120.07,117.23,119.94,4682981,118.22,0.90607385555497,IBM
2013-01-02,122.48,124.74,122.19,124.74,4234226,119.94,2.5058731401723,IBM
2013-01-03,124.06,124.68,122.83,123.66,3644326,124.74,-0.55003819709701,IBM
2013-01-04,122.58,122.85,121.17,122.38,3380159,123.66,-0.65550263737389,IBM
2013-01-07,121.79,122.17,120.73,121.53,2861878,122.38,-0.43816691582041,IBM
2013-01-08,121.31,121.69,119.995,121.26,3028071,121.53,-0.13979496738116,IBM
2013-01-09,121.87,121.88,120.04,120.71,3210997,121.26,-0.28516617410692,IBM
2013-01-10,121.04,121.35,119.67,121.27,3607874,120.71,0.29118136439268,IBM
2013-01-11,122.54,123.39,121.29,122.84,3880367,121.27,0.8139776026545,IBM
2013-01-14,121.21,121.67,120.14,121.01,4171501,122.84,-0.94111596811519,IBM
2013-01-15,119.7,121.12,118.78,120.89,4172034,121.01,-0.062298826705433,IBM
2013-01-16,120.39,121.57,119.74,120.98,2962820,120.89,0.046753246753249,IBM
2013-01-17,122.24,122.85,121.63,122.04,3884254,120.98,0.55039202450802,IBM
2013-01-18,122.42,123.39,122.19,122.86,4559548,122.04,0.42344435837851,IBM
2013-01-22,122.75,124.47,122.4,124.47,7140332,122.86,0.82789119144342,IBM
2013-01-23,131.89,136.97,131.75,133.11,12518570,124.47,4.406364749082,IBM
2013-01-24,132.3,133.45,131.47,132.81,4447108,133.11,-0.14654161781947,IBM
2013-01-25,132.84,133.57,132.52,133.36,3356248,132.81,0.26905390861951,IBM
2013-01-28,133.24,134.61,132.68,133.32,2823615,133.36,-0.019515050983067,IBM
2013-01-29,132.73,134.1201,132.03,132.29,3617058,133.32,-0.50261064753818,IBM
2013-01-30,132.08,133.27,131.576,131.91,2998524,132.29,-0.1863658656204,IBM
2013-01-31,131.71,132.8599,131.35,131.46,3090454,131.91,-0.22110849056605,IBM
2013-02-01,133.04,133.74,132.23,133.57,3368154,131.46,1.0390505736938,IBM
2013-02-04,132.58,133.41,131.96,132.18,3188819,133.57,-0.67745394287943,IBM
2013-02-05,132.7,133.14,130.9,131.18,3636737,132.18,-0.49070121203199,IBM
2013-02-06,129.63,130.53,128.8,130.26,3624003,131.18,-0.87282410375264,IBM
2013-02-07,129.86,130.15,127.92,128.98,3076693,130.26,-0.63675256193414,IBM
2013-02-08,129.21,131.33,128.92,130.92,2893254,128.98,0.97126264143386,IBM
2013-02-11,130.22,131.19,128.99,129.4,2944651,130.92,-0.75366917889727,IBM
2013-02-12,129.25,129.975,128.26,129.28,2461779,129.4,-0.059952038369307,IBM
2013-02-13,129.89,130.19,128.81,129.33,2169757,129.28,0.024995000999806,IBM
2013-02-14,128.97,129.56,128.5,128.89,3294126,129.33,-0.21990104452996,IBM
2013-02-15,129.22,130.49,129.06,130.22,3627887,128.89,0.66616579013272,IBM
2013-02-19,129.84,131.13,129.46,129.56,2998317,130.22,-0.32839088466514,IBM
2013-02-20,129.86,130.96,128.1,128.55,3715311,129.56,-0.50419329073482,IBM
2013-02-21,127.87,128.31,127.35,127.57,3923051,128.55,-0.49169635241583,IBM
2013-02-22,128.52,130.33,128.08,130.33,3107976,127.57,1.3916200272273,IBM
2013-02-25,130.91,131.73,126.75,126.75,3847776,130.33,-1.7802973792829,IBM
2013-02-26,127.92,129.14,127.08,128.38,3391562,126.75,0.82527466963698,IBM
2013-02-27,128.13,131.99,127.84,131.57,4185545,128.38,1.6018881189113,IBM
2013-02-28,131.52,132.363,130.03,130.07,4689998,131.57,-0.74136311965601,IBM
2013-03-01,130.08,132.18,128.6,132.15,3309434,130.07,1.0357018373749,IBM
2013-03-04,131.83,134.43,131.79,134.43,3692003,132.15,1.1236508797004,IBM
2013-03-05,135.1,136.94,134.93,135.77,3807706,134.43,0.65305326770311,IBM
2013-03-06,136.38,137.73,135.9,137.62,3594899,135.77,0.89575364353847,IBM
2013-03-07,137.74,138.84,137.48,138.66,3884317,137.62,0.49908820424225,IBM
2013-03-08,138.93,139.98,138.67,139.62,3700986,138.66,0.45840893897431,IBM
2013-03-11,139.11,139.4399,138.28,139.32,3049701,139.62,-0.14259910637893,IBM
2013-03-12,138.64,139.97,138.33,139.79,3592096,139.32,0.22372429550647,IBM
2013-03-13,139.81,141.6,139.01,141.3,3357146,139.79,0.71716931845167,IBM
2013-03-14,141.39,145.1,141.39,145.04,5506969,141.3,1.7636517966613,IBM
2013-03-15,144.69,145.14,142.65,144.16,7937244,145.04,-0.40778498609825,IBM
2013-03-18,142.13,143.74,141.88,142.45,3006125,144.16,-0.79564489112227,IBM
2013-03-19,143.29,144.36,141.069,142.68,3198877,142.45,0.10787486515641,IBM
2013-03-20,143.95,145.06,143.54,144.3,3020548,142.68,0.75899550224888,IBM
2013-03-21,142.2,142.24,139.35,141.5,5830566,144.3,-1.301962243095,IBM
2013-03-22,141.55,142.41,140.859,141.13,2317040,141.5,-0.17431451992839,IBM
2013-03-25,141.74,142.05,139.29,139.98,3242463,141.13,-0.54273443767992,IBM
2013-03-26,141.0,141.744,140.74,141.6,2300240,139.98,0.76871974945431,IBM
2013-03-27,140.23,141.4,139.34,140.13,3223381,141.6,-0.69222075720476,IBM
2013-03-28,139.07,142.68,138.975,142.54,3752999,140.13,1.142775854711,IBM
2013-04-01,142.06,142.74,140.49,141.62,2144826,142.54,-0.43131739334272,IBM
2013-04-02,142.12,143.95,140.81,143.6,3117150,141.62,0.93229117619362,IBM
2013-04-03,143.56,144.13,141.8675,141.9,3128818,143.6,-0.79305840641912,IBM
2013-04-04,142.03,142.17,139.28,140.55,3709190,141.9,-0.63481613843694,IBM
2013-04-05,138.59,139.08,135.58,138.65,4148177,140.55,-0.8991529033174,IBM
2013-04-08,138.35,138.56,136.57,138.56,2351166,138.65,-0.042977890263122,IBM
2013-04-09,138.8,139.24,137.85,138.46,2577249,138.56,-0.047773743550542,IBM
2013-04-10,141.08,141.75,139.71,141.24,3524112,138.46,1.3287448618679,IBM
2013-04-11,140.94,142.33,140.09,142.16,3655566,141.24,0.43396226415094,IBM
2013-04-12,140.03,140.73,139.02,140.62,3165897,142.16,-0.7232763479241,IBM
2013-04-15,139.68,140.93,138.5,138.5,4216275,140.62,-1.0029331062541,IBM
2013-04-16,139.77,141.24,138.44,141.24,2860054,138.5,1.3093758960145,IBM
2013-04-17,139.77,140.33,138.74,138.91,3269874,141.24,-1.0990566037736,IBM
2013-04-18,139.35,139.49,135.39,136.39,6501970,138.91,-1.2018886822149,IBM
2013-04-19,125.45,125.74,119.0,119.24,18848883,136.39,-8.2790248612117,IBM
2013-04-22,120.16,120.62,116.92,117.07,9847065,119.24,-1.1421052631579,IBM
2013-04-23,118.51,121.795,117.85,120.85,6301179,117.07,2.0124580737901,IBM
2013-04-24,121.4,121.74,120.33,120.95,3692912,120.85,0.052189342936169,IBM
2013-04-25,121.88,124.41,121.56,123.19,4651956,120.95,1.1684314850555,IBM
2013-04-26,123.4,123.95,122.49,123.55,3490234,123.19,0.18561484918794,IBM
2013-04-29,124.02,128.92,123.89,128.39,5937295,123.55,2.4908651124492,IBM
2013-04-30,128.63,131.83,126.59,131.78,7540835,128.39,1.7022344966106,IBM
2013-05-01,131.11,131.41,128.44,128.87,4899267,131.78,-1.4367532339291,IBM
2013-05-02,129.55,131.67,128.99,131.63,3946539,128.87,1.3825577318038,IBM
2013-05-03,133.12,134.559,132.99,133.75,4494744,131.63,1.0474825831316,IBM
2013-05-06,133.2,133.23,130.76,132.02,4827188,133.75,-0.84592440467458,IBM
2013-05-07,132.23,132.97,130.89,132.87,3450976,132.02,0.41917348850971,IBM
2013-05-08,133.28,135.04,132.7,135.01,3602292,132.87,0.58439326228945,IBM
2013-05-09,134.95,135.19,132.91,133.43,3542923,135.01,-0.77140904208573,IBM
2013-05-10,133.56,134.72,133.01,134.66,3279558,133.43,0.60519582759299,IBM
2013-05-13,134.37,134.66,132.41,132.66,3648033,134.66,-0.97813860223994,IBM
2013-05-14,132.28,133.86,132.27,133.4,3701203,132.66,0.36548624487579,IBM
2013-05-15,132.44,133.8699,132.23,133.51,4027770,133.4,0.05413119433098,IBM
2013-05-16,134.19,136.78,134.19,134.88,4506972,133.51,0.67381467637222,IBM
2013-05-17,135.44,139.69,135.18,138.63,5704295,134.88,1.8320386926572,IBM
2013-05-20,138.21,139.34,137.61,137.79,3614453,138.63,-0.40299366724237,IBM
2013-05-21,137.43,139.67,137.19,138.84,2981691,137.79,0.50578034682081,IBM
2013-05-22,138.69,140.34,136.311,137.18,5187031,138.84,-0.79559070213276,IBM
2013-05-23,135.67,138.8,135.32,136.35,5180340,137.18,-0.40098555485773,IBM
2013-05-24,134.88,136.62,134.61,135.91,3295637,136.35,-0.21342646488164,IBM
2013-05-28,137.63,138.78,137.35,137.97,4010644,135.91,1.0013610733035,IBM
2013-05-29,136.41,138.61,136.23,138.11,3439213,137.97,0.067378958513806,IBM
2013-05-30,137.16,141.18,137.16,139.55,4399697,138.11,0.69257406694884,IBM
2013-05-31,138.78,142.17,138.21,138.21,4949606,139.55,-0.64004585403134,IBM
2013-06-03,138.44,140.24,137.52,139.14,3323648,138.21,0.4470723968849,IBM
2013-06-04,138.79,139.19,135.27,136.38,3598199,139.14,-1.3208901651113,IBM
2013-06-05,135.35,136.48,132.59,132.93,4215365,136.38,-1.6732140258984,IBM
2013-06-06,133.19,134.39,131.66,133.99,3679532,132.93,0.52283713130118,IBM
2013-06-07,135.04,136.54,134.3,136.54,2953140,133.99,1.2512266928361,IBM
2013-06-10,137.16,137.17,135.09,135.21,2652220,136.54,-0.64453598255391,IBM
2013-06-11,133.36,136.14,132.7,134.17,2814520,135.21,-0.50726758365039,IBM
2013-06-12,134.78,135.42,130.7,131.39,3409755,134.17,-1.3628787135994,IBM
2013-06-13,131.2,134.59,130.53,133.96,2899698,131.39,1.2773359840954,IBM
2013-06-14,134.16,134.935,132.0,132.39,2804459,133.96,-0.77047651764245,IBM
2013-06-17,133.63,135.3613,132.74,133.23,3220009,132.39,0.41543026706232,IBM
2013-06-18,133.21,136.28,133.06,135.06,3277951,133.23,0.90130023640663,IBM
2013-06-19,134.63,135.22,132.12,132.13,2846004,135.06,-1.4301752330746,IBM
2013-06-20,130.86,131.89,127.47,127.54,4515879,132.13,-2.2729523620878,IBM
2013-06-21,128.69,128.71,123.7301,125.65,8918718,127.54,-0.95768938434253,IBM
2013-06-24,124.18,125.1,121.53,123.73,4356153,125.65,-0.98229816842321,IBM
2013-06-25,125.5,125.78,123.34,125.17,3847821,123.73,0.74403224139713,IBM
2013-06-26,126.16,126.42,124.69,125.05,3319852,125.17,-0.061544773822944,IBM
2013-06-27,126.24,127.09,125.48,125.84,3513927,125.05,0.40541927537719,IBM
2013-06-28,121.92,122.85,118.6,121.3,10056560,125.84,-2.320470227447,IBM
2013-07-01,122.34,123.99,121.31,121.47,4442222,121.3,0.088954005546537,IBM
2013-07-02,120.97,123.42,120.45,121.69,3657855,121.47,0.11501463822668,IBM
2013-07-03,121.17,124.41,120.7,123.44,1878313,121.69,0.91383812010444,IBM
2013-07-05,124.68,125.35,122.54,125.12,2405596,123.44,0.86934023285899,IBM
2013-07-08,125.79,125.97,124.8,125.17,2948458,125.12,0.025650233417115,IBM
2013-07-09,122.07,122.99,120.97,121.49,5204244,125.17,-1.887373063904,IBM
2013-07-10,121.7,123.62,121.4614,122.44,3934933,121.49,0.49660219550444,IBM
2013-07-11,123.97,124.3,122.8,122.99,4179023,122.44,0.28608582574773,IBM
2013-07-12,123.26,123.8899,121.7801,122.26,4495419,122.99,-0.3786307053942,IBM
2013-07-15,122.61,125.08,121.87,124.19,5677988,122.26,1.0048419846931,IBM
2013-07-16,124.23,124.77,122.875,124.04,3746345,124.19,-0.077319587628869,IBM
2013-07-17,124.91,125.08,123.22,124.74,6784863,124.04,0.36110394635028,IBM
2013-07-18,128.46,131.13,126.18,128.18,8393110,124.74,1.7681829863788,IBM
2013-07-19,128.1,128.18,123.43,123.73,6997445,128.18,-2.2475882620334,IBM
2013-07-22,123.59,125.98,123.4704,124.28,3397910,123.73,0.28417898108919,IBM
2013-07-23,124.4,126.62,124.29,125.17,2864014,124.28,0.45855015714359,IBM
2013-07-24,126.14,127.49,126.051,126.8,2957339,125.17,0.83598317776183,IBM
2013-07-25,126.49,128.02,125.85,127.41,3014255,126.8,0.31025888815421,IBM
2013-07-26,126.78,127.56,125.19,127.54,2485006,127.41,0.065916235675893,IBM
2013-07-29,127.02,127.38,125.72,126.4,2113654,127.54,-0.57765391436533,IBM
2013-07-30,127.18,128.02,126.0,126.2,2663216,126.4,-0.1019316038938,IBM
2013-07-31,124.68,127.0999,124.68,125.23,3809982,126.2,-0.49487271057599,IBM
2013-08-01,126.84,127.36,125.6,126.0,2877770,125.23,0.3947908121411,IBM
2013-08-02,125.69,125.69,123.4115,125.35,3860908,126.0,-0.33195444563608,IBM
2013-08-05,125.35,126.07,124.54,125.69,2490863,125.35,0.17421602787457,IBM
2013-08-06,122.45,122.7,120.46,121.18,5932764,125.69,-2.306905370844,IBM
2013-08-07,120.74,121.07,119.19,119.7,3901716,121.18,-1.2723179224043,IBM
2013-08-08,120.59,121.01,117.93,119.07,4547555,119.7,-0.33411115825201,IBM
2013-08-09,119.14,120.3,118.14,118.96,3249553,119.07,-0.058532432288625,IBM
2013-08-12,118.11,120.696,118.03,120.23,3026539,118.96,0.67617932062614,IBM
2013-08-13,120.68,121.13,118.7,119.56,3542932,120.23,-0.35432862657994,IBM
2013-08-14,119.72,120.066,118.44,118.67,2892302,119.56,-0.47234900753635,IBM
2013-08-15,117.37,118.14,116.59,116.93,3692360,118.67,-0.927851543753,IBM
2013-08-16,116.68,117.6,116.48,116.48,3426429,116.93,-0.24220894558372,IBM
2013-08-19,116.44,117.64,115.1187,115.37,3248927,116.48,-0.59889932016835,IBM
2013-08-20,115.51,116.77,114.3085,115.7,3121998,115.37,0.17912392118548,IBM
2013-08-21,115.81,117.71,115.42,116.0,3551007,115.7,0.16254876462939,IBM
2013-08-22,116.79,117.39,115.39,116.33,2354336,116.0,0.1785134696527,IBM
2013-08-23,116.48,116.88,115.71,116.56,2294992,116.33,0.12419677088395,IBM
2013-08-26,116.41,118.14,115.82,115.88,2174062,116.56,-0.36673498004529,IBM
2013-08-27,114.77,115.64,113.7101,113.88,3190430,115.88,-1.0826025765941,IBM
2013-08-28,113.82,114.61,112.24,113.3,3979196,113.88,-0.31739082849951,IBM
2013-08-29,113.1,114.84,112.58,113.78,2980880,113.3,0.26350461133069,IBM
2013-08-30,113.89,114.13,112.65,113.41,2731041,113.78,-0.20258431887866,IBM
2013-09-03,114.77,115.46,113.65,115.1,3487169,113.41,0.92719591814341,IBM
2013-09-04,114.72,115.33,113.45,114.27,2597909,115.1,-0.45118504022614,IBM
2013-09-05,114.49,116.14,114.21,115.29,2869883,114.27,0.55698137934801,IBM
2013-09-06,115.79,116.13,113.79,114.17,2903217,115.29,-0.60819983708933,IBM
2013-09-09,114.82,116.63,114.45,116.12,2970249,114.17,1.0653991148992,IBM
2013-09-10,118.34,118.79,117.51,117.74,3149330,116.12,0.87577035355174,IBM
2013-09-11,117.97,122.01,117.96,121.84,4962922,117.74,2.1972132904609,IBM
2013-09-12,122.1,122.46,120.99,121.87,3354745,121.84,0.015731515469324,IBM
2013-09-13,122.35,124.24,122.14,123.31,3707453,121.87,0.75499397053426,IBM
2013-09-16,124.84,125.95,123.75,124.29,3906286,123.31,0.5099651350367,IBM
2013-09-17,124.56,125.29,122.97,123.3,2930638,124.29,-0.51255500906032,IBM
2013-09-18,123.74,126.03,123.14,125.56,3839642,123.3,1.1761032472939,IBM
2013-09-19,125.32,126.03,124.36,124.53,3177967,125.56,-0.52978088674005,IBM
2013-09-20,125.1,125.5699,121.16,121.16,8525772,124.53,-1.74259268835,IBM
2013-09-23,121.15,123.55,120.4701,122.13,3337123,121.16,0.51047258183349,IBM
2013-09-24,122.07,122.7,120.8,121.11,3002262,122.13,-0.53405937483638,IBM
2013-09-25,121.28,121.76,119.64,120.61,2654233,121.11,-0.26319945254514,IBM
2013-09-26,121.24,122.9,120.595,121.36,2093584,120.61,0.39584103024225,IBM
2013-09-27,120.01,120.08,117.59,118.06,3905485,121.36,-1.7348333508569,IBM
2013-09-30,116.7,117.88,115.48,116.32,3978234,118.06,-0.93087952065054,IBM
2013-10-01,116.48,117.79,115.79,117.52,2681073,116.32,0.64801814450804,IBM
2013-10-02,116.68,117.4499,115.55,116.1,3614838,117.52,-0.76188432235218,IBM
2013-10-03,115.84,116.1,114.14,115.0,3211608,116.1,-0.594723183391,IBM
2013-10-04,115.31,116.27,114.72,115.24,2863648,115.0,0.13053410203415,IBM
2013-10-07,112.99,114.45,112.99,113.15,3966197,115.24,-1.1352525801195,IBM
2013-10-08,113.03,113.13,109.85,109.86,5577329,113.15,-1.8075929893962,IBM
2013-10-09,110.51,112.81,110.24,112.46,4422994,109.86,1.4547896150403,IBM
2013-10-10,114.31,115.91,113.498,115.91,3653505,112.46,1.9027134348114,IBM
2013-10-11,116.39,117.37,115.26,117.3,3232328,115.91,0.75228662661687,IBM
2013-10-14,116.55,118.13,115.56,118.11,2662607,117.3,0.43510958315428,IBM
2013-10-15,116.88,117.08,115.36,115.8,3365105,118.11,-1.2354923249719,IBM
2013-10-16,116.56,117.87,116.134,117.87,6613629,115.8,1.1209790967183,IBM
2013-10-17,104.98,108.14,103.71,105.97,22356370,117.87,-6.3728377871793,IBM
2013-10-18,105.94,106.14,104.39,104.92,10547970,105.97,-0.60058342389751,IBM
2013-10-21,105.56,105.89,103.7701,104.0,7079506,104.92,-0.52940499482103,IBM
2013-10-22,104.49,106.71,104.0912,106.11,6977259,104.0,1.2206409811408,IBM
2013-10-23,106.23,107.13,105.54,106.91,5409403,106.11,0.45722123792651,IBM
2013-10-24,107.57,109.03,107.39,108.94,5533295,106.91,1.1549183592194,IBM
2013-10-25,109.57,110.24,107.4,107.99,4842768,108.94,-0.53430821147358,IBM
2013-10-28,108.49,109.03,107.34,108.49,3697807,107.99,0.28272547356517,IBM
2013-10-29,108.76,113.46,108.64,113.26,8904420,108.49,2.689596842402,IBM
2013-10-30,112.83,113.32,111.0,111.29,5273734,113.26,-1.0817043707446,IBM
2013-10-31,110.79,112.81,110.18,110.35,4318085,111.29,-0.5217873993894,IBM
2013-11-01,110.95,111.479,110.02,110.37,3644428,110.35,0.01116009151274,IBM
2013-11-04,111.04,111.94,110.48,111.41,3483345,110.37,0.5802600011159,IBM
2013-11-05,110.68,110.94,108.85,108.99,6096778,111.41,-1.3424307982471,IBM
2013-11-06,110.0,111.84,109.87,111.28,4560079,108.99,0.75344391341018,IBM
2013-11-07,111.69,113.48,111.69,112.09,5219526,111.28,0.45203415369161,IBM
2013-11-08,110.92,112.17,109.44,112.08,6275035,112.09,-0.0055555555555505,IBM
2013-11-11,112.28,115.48,112.13,114.97,5222299,112.08,1.6056447580421,IBM
2013-11-12,114.62,116.1387,114.35,115.16,4258523,114.97,0.10389326334208,IBM
2013-11-13,114.36,115.64,113.68,115.64,4700516,115.16,0.26219478887858,IBM
2013-11-14,112.57,115.29,111.75,114.3,6321524,115.64,-0.73004630890766,IBM
2013-11-15,114.47,115.37,113.25,115.28,5176136,114.3,0.53784095274682,IBM
2013-11-18,115.61,117.08,115.36,116.56,5344864,115.28,0.69872809651182,IBM
2013-11-19,116.72,118.29,116.24,117.34,4576892,116.56,0.42283298097252,IBM
2013-11-20,117.31,118.33,116.735,117.28,3645774,117.34,-0.032388663967613,IBM
2013-11-21,117.63,117.84,115.501,116.22,4459451,117.28,-0.57238511798693,IBM
2013-11-22,115.59,117.08,112.01,113.39,7610216,116.22,-1.5369575843154,IBM
2013-11-25,112.34,112.84,109.91,111.03,7161754,113.39,-1.3017098731385,IBM
2013-11-26,110.76,111.03,109.4,109.4,5755974,111.03,-0.91091986140606,IBM
2013-11-27,109.92,112.27,109.91,111.06,4594274,109.4,0.93621341153911,IBM
2013-11-29,111.3,112.85,111.09,111.77,2870500,111.06,0.39671453316199,IBM
2013-12-02,111.55,111.68,109.21,109.57,4559956,111.77,-1.2243989314337,IBM
2013-12-03,109.09,110.32,107.73,108.17,5852389,109.57,-0.78882127563668,IBM
2013-12-04,107.46,109.59,107.25,107.83,5267364,108.17,-0.19309404815993,IBM
2013-12-05,108.24,108.95,107.37,108.17,4384941,107.83,0.19346762262433,IBM
2013-12-06,108.79,110.09,108.1,109.76,4739819,108.17,0.90299863698318,IBM
2013-12-09,110.08,110.242,108.92,109.55,3796564,109.76,-0.11819665672313,IBM
2013-12-10,109.19,109.76,108.15,109.21,4127768,109.55,-0.19159247154288,IBM
2013-12-11,109.07,109.85,107.19,107.29,4089288,109.21,-1.0840108401084,IBM
2013-12-12,107.24,107.89,105.39,105.46,5667903,107.29,-1.0445205479452,IBM
2013-12-13,105.61,106.469,104.82,104.89,4184375,105.46,-0.32877660494895,IBM
2013-12-16,105.31,110.44,104.82,109.94,7516991,104.89,2.9224537037037,IBM
2013-12-17,109.45,109.58,107.21,107.85,5471936,109.94,-1.175147596289,IBM
2013-12-18,108.54,110.83,106.941,110.79,5697697,107.85,1.6727355484752,IBM
2013-12-19,109.97,112.63,109.97,112.31,5927019,110.79,0.85058757694461,IBM
2013-12-20,112.21,114.09,112.11,112.11,7653466,112.31,-0.11097547442015,IBM
2013-12-23,113.14,115.02,112.7,114.32,4079868,112.11,1.2276413731807,IBM
2013-12-24,114.05,115.59,114.0,115.31,1613614,114.32,0.54326949459475,IBM
2013-12-26,115.65,117.65,115.6,117.44,3325672,115.31,1.1625368409562,IBM
2013-12-27,117.93,118.59,116.65,117.17,3381617,117.44,-0.14567035338548,IBM
2013-12-30,117.41,118.79,116.76,118.5,3018390,117.17,0.71860816944023,IBM
2013-12-31,118.58,119.88,118.39,119.66,3619745,118.5,0.62228421222037,IBM
2014-01-02,119.3,119.49,117.29,117.62,4546489,119.66,-1.0875939649198,IBM
2014-01-03,117.92,119.44,117.39,118.73,4063215,117.62,0.59828599148385,IBM
2014-01-06,119.24,119.445,117.39,118.09,4067790,118.73,-0.34290612944706,IBM
2014-01-07,118.48,122.44,118.47,121.8,5932330,118.09,1.994623655914,IBM
2014-01-08,121.42,121.5075,119.35,120.06,4603156,121.8,-0.91718939433873,IBM
2014-01-09,121.11,121.59,118.64,119.47,4321330,120.06,-0.31387987444805,IBM
2014-01-10,120.4,120.66,118.37,119.35,4022381,119.47,-0.06404098623119,IBM
2014-01-13,118.35,119.04,115.95,116.25,5784692,119.35,-1.6554523122931,IBM
2014-01-14,117.15,118.518,115.9718,118.01,4619224,116.25,0.95569070373588,IBM
2014-01-15,117.91,120.74,117.58,119.83,4816491,118.01,0.97891566265061,IBM
2014-01-16,119.62,121.08,118.89,120.85,4770018,119.83,0.5433045701502,IBM
2014-01-17,120.13,122.9,119.95,122.18,7644597,120.85,0.70459843187117,IBM
2014-01-21,120.86,122.48,118.88,120.52,11013900,122.18,-0.87327055605239,IBM
2014-01-22,113.37,115.59,111.76,114.34,13796110,120.52,-3.2797325266677,IBM
2014-01-23,113.52,115.81,112.8,114.82,6973870,114.34,0.2633744855967,IBM
2014-01-24,113.34,114.9041,111.73,111.73,6933359,114.82,-1.6910195370218,IBM
2014-01-27,111.69,111.74,109.75,109.99,5208563,111.73,-0.96860387441549,IBM
2014-01-28,110.14,110.54,108.25,108.94,5333292,109.99,-0.59021922428331,IBM
2014-01-29,108.07,110.62,107.98,108.49,4970930,108.94,-0.25445292620865,IBM
2014-01-30,109.26,109.95,108.45,109.45,4853735,108.49,0.54421768707483,IBM
2014-01-31,108.2,109.925,107.43,108.77,5193390,109.45,-0.38340099233198,IBM
2014-02-03,108.11,108.11,104.81,104.99,7186803,108.77,-2.1394611727417,IBM
2014-02-04,105.62,105.84,104.45,104.93,4349776,104.99,-0.034702139965299,IBM
2014-02-05,104.28,107.06,104.28,106.33,4712296,104.93,0.8099976857209,IBM
2014-02-06,107.01,107.89,106.83,107.71,4292241,106.33,0.24678604224058,IBM
2014-02-07,108.68,110.6,108.11,110.29,4725597,107.71,1.4770710482624,IBM
2014-02-10,110.01,110.69,109.29,110.18,3540399,110.29,-0.062059238363901,IBM
2014-02-11,109.85,113.43,109.84,112.74,4647293,110.18,1.4451845997516,IBM
2014-02-12,112.56,114.29,112.3,113.28,3983048,112.74,0.30050083472455,IBM
2014-02-13,111.26,115.4,110.9,114.88,4481978,113.28,0.88770528184642,IBM
2014-02-14,114.3,117.47,114.03,116.73,4665473,114.88,1.0173779146502,IBM
2014-02-18,116.22,117.04,115.36,116.23,4435184,116.73,-0.27219772442702,IBM
2014-02-19,115.78,118.69,115.45,115.99,4671489,116.23,-0.13101151809597,IBM
2014-02-20,116.0,117.8999,115.83,117.3,4968166,115.99,0.71604263459962,IBM
2014-02-21,117.29,118.75,115.66,115.83,5699317,117.3,-0.79778573754477,IBM
2014-02-24,115.86,118.2,115.86,116.49,4595312,115.83,0.36107008042015,IBM
2014-02-25,116.56,117.64,115.92,116.27,3902289,116.49,-0.11992368492777,IBM
2014-02-26,116.98,118.32,116.6,117.1,3740658,116.27,0.4529825901872,IBM
2014-02-27,116.87,118.99,116.85,118.31,3827755,117.1,0.65739432793655,IBM
2014-02-28,118.42,119.16,116.69,118.21,4667852,118.31,-0.053975279322083,IBM
2014-03-03,116.37,117.68,115.86,117.3,3950114,118.21,-0.49144029810444,IBM
2014-03-04,118.85,120.2,118.72,119.48,4732965,117.3,1.183110821665,IBM
2014-03-05,119.61,120.99,119.44,120.18,3485229,119.48,0.37545591074876,IBM
2014-03-06,120.41,121.43,119.94,120.68,3817326,120.18,0.26717965159773,IBM
2014-03-07,121.39,121.96,120.22,120.72,4117815,120.68,0.021317416329152,IBM
2014-03-10,120.59,121.41,118.889,119.43,4591236,120.72,-0.6873401534527,IBM
2014-03-11,120.45,121.49,119.08,119.8,4229458,119.43,0.19850850367509,IBM
2014-03-12,119.05,120.49,118.93,119.26,4833043,119.8,-0.28914114371385,IBM
2014-03-13,119.45,120.04,116.75,116.94,4912569,119.26,-1.2458382558264,IBM
2014-03-14,116.93,117.33,115.25,115.25,5479729,116.94,-0.9189777052746,IBM
2014-03-17,115.7,119.39,115.7,118.85,4938122,115.25,1.9757422753965,IBM
2014-03-18,119.03,120.94,118.58,119.85,3959058,118.85,0.53818416662182,IBM
2014-03-19,118.64,119.74,116.5401,117.75,4319687,119.85,-1.1241368235105,IBM
2014-03-20,117.51,121.3,117.21,120.94,5059611,117.75,1.7270315629906,IBM
2014-03-21,121.54,121.74,119.44,119.71,12535240,120.94,-0.65460351250666,IBM
2014-03-24,120.47,122.48,120.41,121.29,5738487,119.71,0.84641345690256,IBM
2014-03-25,121.8,128.435,121.74,128.08,10902080,121.29,3.6069057104914,IBM
2014-03-26,128.02,128.67,125.0,125.66,6851710,128.08,-1.240771123872,IBM
2014-03-27,124.95,125.71,122.362,122.87,6749697,125.66,-1.4484477209013,IBM
2014-03-28,122.98,125.66,122.15,123.49,5193721,122.87,0.32660801770003,IBM
2014-03-31,124.68,126.81,124.44,125.53,8537265,123.49,1.0711472827514,IBM
2014-04-01,126.16,128.17,125.82,127.54,5394135,125.53,1.0442100888358,IBM
2014-04-02,127.28,127.54,125.53,126.59,4923642,127.54,-0.48843187660668,IBM
2014-04-03,126.24,126.42,125.39,125.73,4074541,126.59,-0.44432963058642,IBM
2014-04-04,126.16,127.01,124.32,124.81,6089856,125.73,-0.47745082775442,IBM
2014-04-07,124.76,128.349,124.61,127.56,6740548,124.81,1.4340094905355,IBM
2014-04-08,126.93,127.2075,125.7298,126.33,5112029,127.56,-0.63232572486121,IBM
2014-04-09,126.92,130.04,126.64,129.68,5480087,126.33,1.7331470846914,IBM
2014-04-10,129.1,132.25,128.7,128.72,8417865,129.68,-0.48820179007322,IBM
2014-04-11,128.08,130.04,127.31,128.23,4834989,128.72,-0.25040883074408,IBM
2014-04-14,129.28,131.28,128.92,130.81,5431064,128.23,1.3217890260772,IBM
2014-04-15,129.02,130.45,128.46,130.06,5351281,130.81,-0.37922839662234,IBM
2014-04-16,131.09,131.75,128.04,129.44,8467967,130.06,-0.31468886407472,IBM
2014-04-17,120.29,123.74,120.05,123.05,11248880,129.44,-3.2535641547862,IBM
2014-04-21,122.84,125.845,122.78,125.31,5419311,123.05,1.1894110836272,IBM
2014-04-22,125.05,126.04,124.24,125.19,3878576,125.31,-0.062412232797631,IBM
2014-04-23,124.83,125.45,123.15,124.77,4735761,125.19,-0.21857923497269,IBM
2014-04-24,125.26,125.26,123.07,123.26,4407111,124.77,-0.78756584780681,IBM
2014-04-25,123.58,123.71,122.15,122.67,3871007,123.26,-0.31016717485018,IBM
2014-04-28,124.18,127.03,123.62,126.18,5632139,122.67,1.8509729473185,IBM
2014-04-29,126.63,128.98,126.45,128.15,4626270,126.18,1.0199855027441,IBM
2014-04-30,127.42,129.9,127.39,129.51,4206079,128.15,0.69704269386499,IBM
2014-05-01,129.35,129.78,126.19,126.57,3673954,129.51,-1.4964116659032,IBM
2014-05-02,126.79,126.88,124.29,124.48,3049853,126.57,-1.0799359272464,IBM
2014-05-05,124.09,124.53,122.84,124.3,2222041,124.48,-0.094024237358967,IBM
2014-05-06,123.97,123.99,122.29,123.07,3186237,124.3,-0.64310362856844,IBM
2014-05-07,123.48,124.44,121.07,123.44,3817452,123.07,-0.38414987107298,IBM
2014-05-08,123.3,124.71,122.37,123.05,2431943,123.44,-0.20602218700476,IBM
2014-05-09,123.12,124.7254,122.51,124.22,2261646,123.05,0.61934254406861,IBM
2014-05-12,125.26,127.16,125.08,126.71,3777411,124.22,1.3099747474747,IBM
2014-05-13,126.93,127.17,125.9,126.33,2226577,126.71,-0.19733084073324,IBM
2014-05-14,126.05,126.13,122.31,122.86,5251499,126.33,-1.8055049690411,IBM
2014-05-15,123.21,123.22,120.32,120.6,4202156,122.86,-1.1975413310725,IBM
2014-05-16,120.41,121.55,120.07,121.2,3946049,120.6,0.32178483320819,IBM
2014-05-19,120.75,121.27,120.18,121.14,3270670,121.2,-0.032075269966857,IBM
2014-05-20,120.39,120.84,118.84,119.03,3023761,121.14,-1.1283422459893,IBM
2014-05-21,119.99,121.3,119.09,120.53,2984907,119.03,0.81129320136297,IBM
2014-05-22,120.59,120.59,119.17,119.82,2215309,120.53,-0.3809217232684,IBM
2014-05-23,119.98,120.28,119.4501,120.08,2562907,119.82,0.14002585092632,IBM
2014-05-27,118.94,119.79,118.07,118.92,4793716,120.08,-0.62385715822308,IBM
2014-05-28,118.62,119.02,117.08,117.22,3721398,118.92,-0.92001298841865,IBM
2014-05-29,117.78,117.92,116.47,117.9,2759903,117.22,0.37142232903647,IBM
2014-05-30,117.52,118.71,116.63,118.5,4620386,117.9,0.3265128428385,IBM
2014-06-02,118.9,120.4201,118.81,119.83,3200540,118.5,0.72141462356259,IBM
2014-06-03,119.69,119.9,118.26,118.51,2515006,119.83,-0.71086218967095,IBM
2014-06-04,118.85,119.59,118.34,118.65,2375817,118.51,0.075934262624064,IBM
2014-06-05,118.8,120.23,118.06,120.12,2852248,118.65,0.79670478564847,IBM
2014-06-06,120.61,121.79,120.04,120.51,3296692,120.12,0.20969996773847,IBM
2014-06-09,120.36,121.78,120.1,120.36,2728403,120.51,-0.080485056607826,IBM
2014-06-10,120.34,120.3599,117.96,118.43,4138348,120.36,-1.036408549028,IBM
2014-06-11,117.75,118.34,116.15,116.39,4061486,118.43,-1.1069510011395,IBM
2014-06-12,116.6,116.69,115.05,115.36,4425086,116.39,-0.56515775034294,IBM
2014-06-13,116.14,117.14,115.66,116.7,2773423,115.36,0.73943273369385,IBM
2014-06-16,116.54,116.85,115.375,116.49,3538718,116.7,-0.11503067484663,IBM
2014-06-17,116.04,116.95,115.7,116.4,2445357,116.49,-0.049355634768305,IBM
2014-06-18,116.18,117.75,115.93,117.74,3925158,116.4,0.73521343136179,IBM
2014-06-19,118.23,118.61,116.496,116.96,3551005,117.74,-0.42483660130719,IBM
2014-06-20,116.73,116.81,115.54,115.69,10686760,116.96,-0.69467235532216,IBM
2014-06-23,116.06,116.39,115.14,116.28,3231689,115.69,0.32497934453317,IBM
2014-06-24,115.64,117.14,114.79,115.02,3875358,116.28,-0.69177555726364,IBM
2014-06-25,114.39,115.11,114.2,114.86,2762820,115.02,-0.088456435205659,IBM
2014-06-26,115.01,115.51,113.41,114.51,3258470,114.86,-0.19366976538291,IBM
2014-06-27,113.91,116.6,113.8,115.85,4575380,114.51,0.74291733658591,IBM
2014-06-30,115.47,116.07,114.4,115.41,4223820,115.85,-0.24214407572506,IBM
2014-07-01,115.84,121.41,115.84,120.49,6643078,115.41,2.8024493848955,IBM
2014-07-02,120.48,123.13,120.31,122.53,5092954,120.49,1.094714247384,IBM
2014-07-03,122.53,122.946,121.49,122.67,2422363,122.53,0.074313923244341,IBM
2014-07-07,121.75,122.41,121.58,122.18,2958707,122.67,-0.25990558531799,IBM
2014-07-08,121.79,122.22,120.51,121.36,3135115,122.18,-0.43607743033397,IBM
2014-07-09,121.82,123.04,121.03,122.56,3309559,121.36,0.64095716269629,IBM
2014-07-10,120.58,122.19,120.35,121.84,3177816,122.56,-0.38212503980469,IBM
2014-07-11,121.87,122.49,120.845,122.14,2402540,121.84,0.15982951518381,IBM
2014-07-14,122.69,124.58,122.67,124.0,4501073,122.14,0.98936170212767,IBM
2014-07-15,123.68,124.22,122.35,122.63,4858779,124.0,-0.72158432529232,IBM
2014-07-16,126.38,127.5,124.9,126.5,7811181,122.63,2.0531593187968,IBM
2014-07-17,126.5,130.09,126.14,126.63,8827453,126.5,0.067581617799956,IBM
2014-07-18,126.1,127.58,124.14,126.64,8165628,126.63,0.00519507506883,IBM
2014-07-21,125.44,125.84,123.39,124.99,4154446,126.64,-0.85714285714286,IBM
2014-07-22,125.73,128.86,125.7,128.23,4851325,124.99,1.6976683259104,IBM
2014-07-23,128.25,129.04,127.71,127.77,3584165,128.23,-0.23700345200681,IBM
2014-07-24,128.09,129.76,127.89,129.38,3503667,127.77,0.83148272478439,IBM
2014-07-25,129.44,130.04,127.9301,128.54,3376430,129.38,-0.43023970497849,IBM
2014-07-28,128.44,130.54,127.79,129.92,3242107,128.54,0.70987654320987,IBM
2014-07-29,129.44,130.03,128.68,128.71,3264124,129.92,-0.6180406578813,IBM
2014-07-30,129.34,130.13,127.04,128.14,3943779,128.71,-0.29295369275839,IBM
2014-07-31,126.98,128.43,125.68,125.81,4207339,128.14,-1.2010309278351,IBM
2014-08-01,124.64,125.64,123.0,123.29,5178022,125.81,-1.3147597433088,IBM
2014-08-04,123.49,124.09,122.74,123.78,2125035,123.29,0.25905366111551,IBM
2014-08-05,122.89,123.336,120.58,121.24,3307945,123.78,-1.3393798776629,IBM
2014-08-06,120.6,122.12,119.68,121.21,3847041,121.24,-0.60395510422234,IBM
2014-08-07,121.88,121.92,118.82,119.54,2708590,121.21,-0.89799430015593,IBM
2014-08-08,119.64,121.91,118.82,121.87,2781486,119.54,1.2642430819316,IBM
2014-08-11,123.05,123.6,121.52,122.71,2527208,121.87,0.45008841022344,IBM
2014-08-12,122.69,123.93,122.05,122.58,1858635,122.71,-0.069344428441882,IBM
2014-08-13,123.24,123.72,122.61,123.19,1794941,122.58,0.32561118821393,IBM
2014-08-14,122.81,123.41,122.17,123.12,1929422,123.19,-0.037243947858469,IBM
2014-08-15,123.09,124.12,122.03,122.62,2814815,123.12,-0.26612731530764,IBM
2014-08-18,123.34,125.05,123.0,124.6,2418687,122.62,1.0566762728146,IBM
2014-08-19,125.28,125.49,124.6,125.31,2038470,124.6,0.37494719053653,IBM
2014-08-20,125.1,125.63,124.49,125.34,2177642,125.31,0.015783658652076,IBM
2014-08-21,126.14,127.31,125.74,126.47,2496475,125.34,0.59442398737506,IBM
2014-08-22,126.01,127.12,125.53,125.65,1940334,126.47,-0.42880301207969,IBM
2014-08-25,126.63,127.05,125.95,126.4,1723557,125.65,0.3938868756893,IBM
2014-08-26,126.26,128.77,126.26,128.23,3158767,126.4,0.95731324544885,IBM
2014-08-27,128.27,129.373,126.8,127.49,2190185,128.23,-0.38343955645371,IBM
2014-08-28,126.71,127.5386,125.9,127.24,1503582,127.49,-0.13003901170351,IBM
2014-08-29,127.52,127.99,126.38,127.54,2909422,127.24,0.15625000000001,IBM
2014-09-02,127.92,128.21,126.17,126.8,2679529,127.54,-0.38481539261571,IBM
2014-09-03,127.63,128.19,127.1,127.19,1822765,126.8,0.20359156400083,IBM
2014-09-04,126.93,127.93,125.3,125.92,2864944,127.19,-0.66163063297733,IBM
2014-09-05,125.77,126.99,125.33,126.44,2260202,125.92,0.27270820222361,IBM
2014-09-08,125.99,126.44,124.75,125.38,2524233,126.44,-0.55439330543933,IBM
2014-09-09,125.58,125.98,125.02,125.23,2390391,125.38,-0.078889239507719,IBM
2014-09-10,125.36,127.39,125.34,126.78,2763994,125.23,0.81583241223221,IBM
2014-09-11,126.32,128.02,125.36,126.96,2297955,126.78,0.093975148793989,IBM
2014-09-12,126.71,126.84,125.81,126.52,2900953,126.96,-0.22950135614438,IBM
2014-09-15,126.66,127.73,125.82,127.05,2456411,126.52,0.27708071936428,IBM
2014-09-16,126.49,128.81,126.06,128.2,2561528,127.05,0.5995516396434,IBM
2014-09-17,128.46,128.88,127.54,128.04,3126159,128.2,-0.082918739635156,IBM
2014-09-18,128.03,129.37,127.95,128.99,2963346,128.04,0.49273858921161,IBM
2014-09-19,129.78,130.24,128.43,129.24,8847306,128.99,0.12903225806452,IBM
2014-09-22,128.96,129.38,127.87,128.35,3288454,129.24,-0.45876288659793,IBM
2014-09-23,127.99,128.31,126.76,126.86,3300715,128.35,-0.77158096421729,IBM
2014-09-24,126.24,127.69,125.12,127.55,3082583,126.86,0.36008767352051,IBM
2014-09-25,127.29,127.74,124.21,124.25,4151355,127.55,-1.7159794082471,IBM
2014-09-26,124.17,125.57,123.85,125.3,2493862,124.25,0.5555261626369,IBM
2014-09-29,123.75,125.2,123.36,124.88,2336317,125.3,-0.22098284752184,IBM
2014-09-30,124.88,126.09,124.39,125.07,2870283,124.88,0.1001898333685,IBM
2014-10-01,125.15,125.64,122.03,122.41,3705432,125.07,-1.4012537533583,IBM
2014-10-02,122.9,123.02,121.48,122.15,2281749,122.41,-0.13891115029117,IBM
2014-10-03,123.35,124.61,122.8,123.91,3071521,122.15,0.94162966133433,IBM
2014-10-06,124.93,126.13,123.95,124.28,2099525,123.91,0.19610960937086,IBM
2014-10-07,123.01,123.36,120.78,120.95,2990954,124.28,-1.7615319509099,IBM
2014-10-08,121.21,124.84,120.85,124.6,2982451,120.95,1.9654299714609,IBM
2014-10-09,124.36,124.74,121.33,121.66,2625359,124.6,-1.552598225602,IBM
2014-10-10,121.1,122.98,120.34,121.17,5090174,121.66,-0.26284733397703,IBM
2014-10-13,120.73,121.89,118.66,118.76,3596738,121.17,-1.296186736944,IBM
2014-10-14,120.13,120.96,118.83,119.04,3924621,118.76,0.15257192676548,IBM
2014-10-15,117.7,119.03,113.9888,116.99,6895843,119.04,-1.1153427638738,IBM
2014-10-16,115.04,116.72,113.93,115.08,5578469,116.99,-1.050894085282,IBM
2014-10-17,116.48,118.08,115.46,117.29,4350238,115.08,1.2288701067616,IBM
2014-10-20,102.085,105.571,101.93,104.34,23393800,117.29,-7.1134303762703,IBM
2014-10-21,101.64,101.92,96.92,98.47,20947830,104.34,-3.471318746304,IBM
2014-10-22,97.65,100.65,96.34,97.03,11084830,98.47,-0.88219077375482,IBM
2014-10-23,97.36,98.07,96.78,97.42,7599154,97.03,0.24105321713333,IBM
2014-10-24,97.32,97.68,96.69,97.32,6652126,97.42,-0.061659884079414,IBM
2014-10-27,97.24,98.15,97.05,97.11,4989112,97.32,-0.12956564659428,IBM
2014-10-28,97.24,98.84,97.04,98.84,7894973,97.11,1.0687588805832,IBM
2014-10-29,99.57,99.855,98.0,98.7,4738734,98.84,-0.085574572127131,IBM
2014-10-30,98.74,99.86,98.26,99.59,3895869,98.7,0.54447571271258,IBM
2014-10-31,100.72,100.83,98.8565,99.64,5817961,99.59,0.030422878004266,IBM
2014-11-03,99.49,99.78,98.615,99.6,4683808,99.64,-0.024330900243304,IBM
2014-11-04,99.58,99.6,97.48,97.89,4241264,99.6,-1.0403991238744,IBM
2014-11-05,98.37,98.78,96.8,97.06,4102438,97.89,-0.51029818628959,IBM
2014-11-06,97.62,97.87,96.39,97.8,4067487,97.06,-0.22246941045605,IBM
2014-11-07,97.76,98.5469,97.19,98.41,3491874,97.8,0.37780255171559,IBM
2014-11-10,98.24,100.81,97.95,99.83,4956409,98.41,0.87616462022584,IBM
2014-11-11,100.04,100.24,98.94,99.64,3534400,99.83,-0.11621505902502,IBM
2014-11-12,98.62,99.34,98.1,98.26,3377542,99.64,-0.84507042253523,IBM
2014-11-13,98.34,99.14,98.14,99.13,3239343,98.26,0.5373023715415,IBM
2014-11-14,98.44,100.83,98.03,100.5,4974605,99.13,0.84157503532158,IBM
2014-11-17,100.5,101.31,100.06,100.5,4795042,100.5,0.0,IBM
2014-11-18,101.07,101.09,98.23,98.23,5410056,100.5,-1.3827972709552,IBM
2014-11-19,98.39,98.44,97.3,97.77,3801179,98.23,-0.28414355426523,IBM
2014-11-20,97.29,97.84,96.14,96.98,4182186,97.77,-0.48937620021063,IBM
2014-11-21,98.17,98.29,97.09,97.26,4076193,96.98,0.17430278884462,IBM
2014-11-24,97.88,100.2,97.4,98.49,6615896,97.26,0.76435495898584,IBM
2014-11-25,98.99,99.84,97.9,98.1,4062338,98.49,-0.24051803885292,IBM
2014-11-26,98.27,98.44,97.35,98.29,3966022,98.1,0.11745796241345,IBM
2014-11-28,99.09,99.71,97.78,98.51,2405512,98.29,0.13584439641865,IBM
2014-12-01,97.98,99.655,97.69,97.88,4165523,98.51,-0.38848122340753,IBM
2014-12-02,98.81,99.07,97.98,99.01,3465647,97.88,0.69951714745574,IBM
2014-12-03,98.81,100.86,98.34,100.86,6432090,99.01,1.1372717772177,IBM
2014-12-04,100.35,100.84,99.35,100.39,3860288,100.86,-0.28567955263798,IBM
2014-12-05,99.95,100.84,99.25,99.61,3013455,100.39,-0.47546479731789,IBM
2014-12-08,99.63,99.63,97.88,98.2,2851383,99.61,-0.86360017149507,IBM
2014-12-09,97.18,99.36,97.14,99.33,3865355,98.2,0.69813419004077,IBM
2014-12-10,99.35,99.67,96.37,96.85,4081495,99.33,-1.5215657402295,IBM
2014-12-11,97.16,99.27,96.86,97.41,3987625,96.85,0.34888791975578,IBM
2014-12-12,96.59,96.84,91.67,91.72,8603486,97.41,-3.5326255665239,IBM
2014-12-15,92.27,93.079,89.18,89.4,6489279,91.72,-1.4931136568413,IBM
2014-12-16,88.37,91.23,86.84,87.75,6781567,89.4,-1.078008624069,IBM
2014-12-17,87.86,89.648,87.45,88.27,5135799,87.75,0.34343834621228,IBM
2014-12-18,89.92,94.02,89.64,94.02,7289467,88.27,3.7846376620812,IBM
2014-12-19,93.83,96.75,93.83,94.85,8863708,94.02,0.52638254693048,IBM
2014-12-22,94.67,98.25,94.67,97.78,4671176,94.85,1.8484638193174,IBM
2014-12-23,98.57,99.24,97.95,98.58,4044120,97.78,0.49554013875125,IBM
2014-12-24,99.22,99.33,97.95,98.16,1869977,98.58,-0.25887573964498,IBM
2014-12-26,98.61,99.43,98.35,98.68,1912278,98.16,0.3213447039921,IBM
2014-12-29,98.34,98.68,95.79,96.85,3328597,98.68,-1.1272637674018,IBM
2014-12-30,96.36,97.16,96.13,96.39,2820875,96.85,-0.28658650551366,IBM
2014-12-31,96.75,97.84,96.72,96.78,4007568,96.39,0.24367385192127,IBM
2015-01-02,97.65,99.65,97.34,98.4,5521275,96.78,1.0097232610322,IBM
2015-01-05,97.61,97.61,95.53,95.85,4877949,98.4,-1.5734912995187,IBM
2015-01-06,96.01,96.3,91.51,92.41,6140885,95.85,-2.1566046015924,IBM
2015-01-07,93.54,93.54,90.37,91.39,4694891,92.41,-0.65355289293265,IBM
2015-01-08,92.58,95.384,91.89,94.76,4240432,91.39,2.1734924217994,IBM
2015-01-09,94.76,96.68,93.59,95.45,4485123,94.76,0.43555106678451,IBM
2015-01-12,95.34,95.59,92.1,92.78,4185540,95.45,-1.6780843441644,IBM
2015-01-13,93.6,96.31,92.02,93.15,4376654,92.78,0.23651240092048,IBM
2015-01-14,91.2,92.83,90.08,92.14,4679570,93.15,-0.64409157579235,IBM
2015-01-15,93.03,93.31,90.5,90.91,4251472,92.14,-0.78947368421054,IBM
2015-01-16,90.16,93.97,90.16,93.48,5755866,90.91,1.6626771042246,IBM
2015-01-20,93.04,93.67,90.37,93.29,8368458,93.48,-0.12091128929617,IBM
2015-01-21,89.37,90.84,87.41,88.43,11891690,93.29,-3.0965275565467,IBM
2015-01-22,88.28,92.06,88.1,91.73,6118450,88.43,2.1697679005852,IBM
2015-01-23,91.37,93.94,91.23,92.21,4830128,91.73,0.30890018662721,IBM
2015-01-26,94.6,95.8,92.11,92.7,7887907,92.21,0.31436453454803,IBM
2015-01-27,91.28,91.43,88.93,90.01,5659328,92.7,-1.7203888462523,IBM
2015-01-28,90.34,90.87,87.89,87.89,4493190,90.01,-1.3795796186634,IBM
2015-01-29,87.72,91.92,85.86,91.82,8312100,87.89,2.5932035631805,IBM
2015-01-30,90.25,91.58,89.38,89.65,6563442,91.82,-1.3956779006946,IBM
2015-02-02,90.34,91.0,87.85,91.0,4711986,89.65,0.88056878220598,IBM
2015-02-03,91.09,94.94,91.09,94.81,5536804,91.0,2.4634682529419,IBM
2015-02-04,93.55,95.05,93.04,93.3,3676106,94.81,-0.9528617403925,IBM
2015-02-05,93.63,94.93,93.4901,94.25,5253628,93.3,0.60524974515799,IBM
2015-02-06,94.78,95.52,93.67,94.16,3256440,94.25,-0.75359381926414,IBM
2015-02-09,93.44,94.94,92.84,93.19,2981444,94.16,-0.61893823379275,IBM
2015-02-10,94.18,96.0,92.52,96.0,4440579,93.19,1.8041733547352,IBM
2015-02-11,95.2,96.53,94.61,95.64,3626629,96.0,-0.22704339051464,IBM
2015-02-12,96.16,96.94,95.53,95.96,3331904,95.64,0.2022756005057,IBM
2015-02-13,96.22,98.24,96.08,97.84,3706909,95.96,1.1859702245773,IBM
2015-02-17,97.19,98.85,97.17,98.4,2892929,97.84,0.34912718204489,IBM
2015-02-18,99.3,99.91,98.08,99.63,4358252,98.4,0.76416500994035,IBM
2015-02-19,99.49,101.93,98.88,101.33,3504269,99.63,1.0481534003329,IBM
2015-02-20,101.08,101.78,99.53,101.09,3346955,101.33,-0.14643968515467,IBM
2015-02-23,101.67,101.84,99.94,100.35,2712218,101.09,-0.45218454017721,IBM
2015-02-24,99.93,102.43,98.95,102.27,4048109,100.35,1.1785648517586,IBM
2015-02-25,102.38,102.4,100.02,100.25,4003088,102.27,-1.2255050658254,IBM
2015-02-26,101.18,101.58,97.21,98.31,7107766,100.25,-1.1915729992015,IBM
2015-02-27,98.49,99.73,97.6,99.38,4403866,98.31,0.66513333747746,IBM
2015-03-02,99.12,99.33,97.2501,97.92,5910972,99.38,-0.90156848215389,IBM
2015-03-03,97.71,99.19,97.44,98.47,3234006,97.92,0.34272183449652,IBM
2015-03-04,97.98,98.0,96.16,96.86,3633335,98.47,-0.9998136993107,IBM
2015-03-05,97.3,98.94,97.143,98.62,3787426,96.86,1.1040020072764,IBM
2015-03-06,97.63,98.88,95.5,95.94,4538724,98.62,-1.6627373123216,IBM
2015-03-09,95.64,98.59,95.64,98.21,5193874,95.94,1.4321766561514,IBM
2015-03-10,97.04,97.67,95.25,95.25,4600260,98.21,-1.8411395160789,IBM
2015-03-11,96.01,96.58,93.375,94.24,5709280,95.25,-0.64001013877447,IBM
2015-03-12,93.71,96.16,93.71,95.42,4566291,94.24,0.75255102040815,IBM
2015-03-13,94.9,94.96,90.84,91.72,6057170,95.42,-2.3420686162805,IBM
2015-03-16,92.49,94.53,92.24,94.52,3749638,91.72,1.8148820326679,IBM
2015-03-17,93.64,94.73,92.81,94.4,3311792,94.52,-0.076394194041256,IBM
2015-03-18,94.29,98.14,93.24,97.25,5737794,94.4,1.815749235474,IBM
2015-03-19,97.14,98.36,96.25,97.25,3871119,97.25,0.0,IBM
2015-03-20,98.39,100.44,97.79,100.32,9001842,97.25,1.9210312245792,IBM
2015-03-23,100.21,102.79,100.17,102.07,5929727,100.32,1.0744106090373,IBM
2015-03-24,102.23,102.33,100.34,100.44,4331090,102.07,-0.99009900990099,IBM
2015-03-25,100.52,100.52,96.64,96.64,5428222,100.44,-2.3312883435583,IBM
2015-03-26,96.71,98.69,96.35,98.03,4391017,96.64,0.87311557788946,IBM
2015-03-27,98.23,98.34,96.67,97.84,3477801,98.03,-0.11831371816427,IBM
2015-03-30,98.75,101.04,98.69,100.11,4137986,97.84,1.4152119700748,IBM
2015-03-31,98.52,99.77,97.84,97.94,4254808,100.11,-1.3339890576013,IBM
2015-04-01,97.67,98.06,95.83,96.62,3694519,97.94,-0.82242990654205,IBM
2015-04-02,96.96,99.98,96.33,97.89,4671478,96.62,0.79783892448799,IBM
2015-04-06,97.13,100.24,96.142,99.48,3465581,97.89,0.99096291679651,IBM
2015-04-07,99.11,101.28,99.06,99.51,3147566,99.48,0.018513947173538,IBM
2015-04-08,99.16,100.99,98.45,99.29,2521583,99.51,-0.13574381440118,IBM
2015-04-09,99.14,99.91,98.16,99.78,2263480,99.29,0.30274945937597,IBM
2015-04-10,99.78,100.77,98.69,100.3,2511035,99.78,0.32031538745843,IBM
2015-04-13,99.81,101.44,99.8,99.82,3868071,100.3,-0.2947316713742,IBM
2015-04-14,99.86,100.1752,98.23,99.74,2716418,99.82,-0.049267151126976,IBM
2015-04-15,100.07,102.4,99.94,101.57,3495848,99.74,1.1275415896488,IBM
2015-04-16,100.75,101.42,99.98,100.57,3130813,101.57,-0.60927313714738,IBM
2015-04-17,99.19,99.3,97.47,98.11,4308880,100.57,-1.5079997547968,IBM
2015-04-20,99.54,104.08,99.34,103.6,9572126,98.11,3.4169415572291,IBM
2015-04-21,103.51,104.82,101.49,101.7,9681557,103.6,-1.1434761675494,IBM
2015-04-22,101.83,103.44,100.33,102.8,4022236,101.7,0.66967003530989,IBM
2015-04-23,102.67,109.35,102.58,107.68,8226707,102.8,2.9511369134011,IBM
2015-04-24,107.67,108.29,106.18,107.22,3887859,107.68,-0.2702067669173,IBM
2015-04-27,108.33,108.93,107.74,108.17,3166588,107.22,0.55954764989986,IBM
2015-04-28,108.27,112.13,107.46,111.36,5814978,108.17,1.8684472559011,IBM
2015-04-29,110.84,112.5703,110.24,111.84,4515143,111.36,0.27598896044159,IBM
2015-04-30,111.21,111.72,107.74,108.73,5058348,111.84,-1.783256880734,IBM
2015-05-01,110.64,111.44,109.86,111.11,3311743,108.73,1.3894564773192,IBM
2015-05-04,111.91,113.74,111.14,111.41,4023794,111.11,0.17274140611505,IBM
2015-05-05,110.95,111.67,109.4,110.52,3593415,111.41,-0.51158245674541,IBM
2015-05-06,111.64,112.79,107.6,108.79,3610295,110.52,-1.750635544257,IBM
2015-05-07,108.37,110.72,107.78,109.73,2472627,108.79,0.55277859453102,IBM
2015-05-08,111.68,112.07,110.98,111.42,3092479,109.73,0.98836189250833,IBM
2015-05-11,111.39,111.73,109.6,109.86,2657123,111.42,-0.90340514246004,IBM
2015-05-12,109.29,110.2299,107.58,109.29,2954387,109.86,-0.33309957924263,IBM
2015-05-13,109.98,111.48,109.49,111.02,2457170,109.29,1.0143652887716,IBM
2015-05-14,112.24,113.14,111.96,112.79,2438669,111.02,1.027397260274,IBM
2015-05-15,112.65,113.15,111.34,112.0,2916087,112.79,-0.45389255960932,IBM
2015-05-18,112.18,112.23,111.04,111.8,1930206,112.0,-0.11543345261456,IBM
2015-05-19,111.71,112.49,110.67,112.22,2522984,111.8,0.24269039639431,IBM
2015-05-20,112.07,113.18,111.2,112.5,2300693,112.22,0.16140189070786,IBM
2015-05-21,112.06,112.88,111.775,112.08,2293645,112.5,-0.24171270718231,IBM
2015-05-22,111.78,112.13,110.93,110.96,2849142,112.08,-0.64612899503866,IBM
2015-05-26,110.85,110.86,107.87,108.87,3841937,110.96,-1.2135640459877,IBM
2015-05-27,109.9,111.22,109.23,110.74,2764328,108.87,1.0991594662905,IBM
2015-05-28,110.19,110.58,109.4,110.45,1731347,110.74,-0.16860465116279,IBM
2015-05-29,110.09,110.09,108.39,108.39,4075576,110.45,-1.1996971638227,IBM
2015-06-01,108.95,109.78,107.77,108.92,2982367,108.39,0.3124078986148,IBM
2015-06-02,108.4,109.19,107.17,108.39,2571662,108.92,-0.31143495122811,IBM
2015-06-03,109.24,110.3001,108.37,108.66,2131031,108.39,0.15915119363394,IBM
2015-06-04,108.27,109.34,106.67,107.12,3076991,108.66,-0.9063088512241,IBM
2015-06-05,106.99,107.6503,105.94,106.14,3100401,107.12,-0.58201686661123,IBM
2015-06-08,105.91,106.02,103.76,104.08,3758676,106.14,-1.2305854241338,IBM
2015-06-09,104.08,104.76,102.11,104.42,3394390,104.08,0.20563686948107,IBM
2015-06-10,105.23,108.13,104.8,107.66,4680002,104.42,1.9555770159343,IBM
2015-06-11,108.0,109.18,107.28,107.52,3463893,107.66,-0.082879469571387,IBM
2015-06-12,106.97,107.04,105.43,105.73,3062125,107.52,-1.0605521981277,IBM
2015-06-15,104.07,105.18,102.99,105.0,4242795,105.73,-0.437151925265,IBM
2015-06-16,105.07,106.14,104.65,105.58,3249752,105.0,0.34885119692049,IBM
2015-06-17,105.74,106.5876,104.84,105.91,2862993,105.58,0.1977942939343,IBM
2015-06-18,105.79,107.46,105.79,106.99,3330764,105.91,0.64604893222469,IBM
2015-06-19,106.36,107.16,105.51,105.73,7015534,106.99,-0.74888558692421,IBM
2015-06-22,106.39,107.08,105.94,106.47,2335796,105.73,0.44314030780285,IBM
2015-06-23,107.12,108.71,106.313,107.36,3700989,106.47,0.53061467835212,IBM
2015-06-24,107.45,107.58,105.5701,105.71,3548079,107.36,-0.97853160953624,IBM
2015-06-25,106.54,106.87,104.82,104.82,2408705,105.71,-0.53302988560818,IBM
2015-06-26,104.97,105.5516,103.97,104.2,8925498,104.82,-0.3733140655106,IBM
2015-06-29,102.66,104.09,101.63,101.71,3313914,104.2,-1.5048954430074,IBM
2015-06-30,102.73,102.74,100.86,101.4,3597257,101.71,-0.19021905872247,IBM
2015-07-01,102.71,104.35,102.34,103.23,3214437,101.4,1.1250461084471,IBM
2015-07-02,103.94,104.06,103.16,103.83,2852696,103.23,0.36476381542951,IBM
2015-07-06,102.57,103.97,102.26,103.47,3077410,103.83,-0.21806287479557,IBM
2015-07-07,103.68,104.09,100.9717,103.74,3549861,103.47,0.16390457111638,IBM
2015-07-08,102.74,103.68,101.42,101.9,2776271,103.74,-1.1151515151515,IBM
2015-07-09,104.08,104.25,102.44,102.59,4199088,101.9,0.42289776906104,IBM
2015-07-10,104.42,106.14,104.255,105.69,4525667,102.59,1.8919743667989,IBM
2015-07-13,106.67,108.63,106.26,108.12,4225488,105.69,1.455525606469,IBM
2015-07-14,108.17,108.28,106.98,107.35,3021166,108.12,-0.45459912622505,IBM
2015-07-15,107.22,108.01,106.74,107.27,1997729,107.35,-0.04744677065418,IBM
2015-07-16,108.21,109.83,107.9,109.74,3529424,107.27,1.4656144306652,IBM
2015-07-17,108.95,111.26,108.84,111.25,4355854,109.74,0.88304093567251,IBM
2015-07-20,111.53,112.52,110.88,111.96,7251305,111.25,0.41157034374819,IBM
2015-07-21,103.08,105.09,100.76,101.81,13727110,111.96,-5.8596005080245,IBM
2015-07-22,101.47,101.8095,98.44,99.09,7173079,101.81,-1.6679953394248,IBM
2015-07-23,99.01,101.49,98.57,100.47,5028356,99.09,0.86061739943872,IBM
2015-07-24,100.03,100.67,98.15,98.49,3772090,100.47,-1.2242626599889,IBM
2015-07-27,97.74,98.92,97.34,97.81,3705475,98.49,-0.42566510172144,IBM
2015-07-28,98.65,98.93,97.24,98.79,2720720,97.81,0.61608097064187,IBM
2015-07-29,98.74,100.24,98.13,99.83,3376951,98.79,0.64979693845673,IBM
2015-07-30,99.24,100.14,98.49,99.7,1994600,99.83,-0.080700229685266,IBM
2015-07-31,100.14,100.8,99.37,100.73,3570641,99.7,0.63991053677932,IBM
2015-08-03,100.44,100.59,96.64,97.45,4611807,100.73,-2.0248163466881,IBM
2015-08-04,97.14,97.56,95.61,96.34,5253212,97.45,-0.69938882238045,IBM
2015-08-05,97.84,98.28,96.22,96.64,3469300,96.34,0.19035532994925,IBM
2015-08-06,97.17,97.58,96.22,96.36,3004487,96.64,-1.0006333122229,IBM
2015-08-07,95.92,96.29,94.375,95.16,3774677,96.36,-0.76765609007164,IBM
2015-08-10,96.81,97.5052,96.16,96.79,4610586,95.16,1.0507993811243,IBM
2015-08-11,96.0,96.03,94.9,95.55,3158019,96.79,-0.79106858054227,IBM
2015-08-12,94.3,96.56,93.99,96.2,3621923,95.55,0.41797955115427,IBM
2015-08-13,96.1,96.13,94.3571,95.11,2533318,96.2,-0.69800204918033,IBM
2015-08-14,95.09,96.25,94.62,95.79,3222496,95.11,0.43851163990456,IBM
2015-08-17,95.24,96.73,94.74,96.35,2243551,95.79,0.35955056179775,IBM
2015-08-18,95.55,96.56,95.29,96.05,2018032,96.35,-0.19192630030069,IBM
2015-08-19,95.19,95.71,93.45,93.98,4203777,96.05,-1.3268380232036,IBM
2015-08-20,92.78,93.95,92.54,92.7,3981843,93.98,-0.83149278939847,IBM
2015-08-21,91.29,93.23,88.74,88.89,7289104,92.7,-2.4957421721473,IBM
2015-08-24,83.51,87.8,82.36,83.51,10186520,88.89,-3.6143768894861,IBM
2015-08-25,86.98,87.15,80.66,81.0,6898457,83.51,-1.7494946678748,IBM
2015-08-26,84.13,87.02,82.18,86.74,6197128,81.0,4.072077185017,IBM
2015-08-27,88.54,89.01,85.7,88.58,4792185,86.74,1.2542603953647,IBM
2015-08-28,87.85,88.24,87.22,88.02,4054272,88.58,-0.37700282752121,IBM
2015-08-31,87.42,88.44,86.3,87.93,4083861,88.02,-0.060819029598597,IBM
2015-09-01,84.95,85.02,81.89,82.72,5267687,87.93,-3.5228886334438,IBM
2015-09-02,84.78,85.12,83.22,85.09,4250688,82.72,1.6610597140454,IBM
2015-09-03,86.09,88.07,85.81,86.82,3595764,85.09,1.192692175112,IBM
2015-09-04,84.85,85.44,83.36,83.74,4201068,86.82,-2.0983785256847,IBM
2015-09-08,85.9,87.38,85.7,87.27,3919644,83.74,2.4565066109951,IBM
2015-09-09,88.78,89.08,84.89,85.09,3399297,87.27,-1.4806764925626,IBM
2015-09-10,85.89,87.2,84.55,86.24,3458854,85.09,0.79283005860047,IBM
2015-09-11,85.79,87.54,85.71,87.41,3098752,86.24,0.80027359781123,IBM
2015-09-14,87.41,87.41,85.45,85.69,3220004,87.41,-1.1671303521748,IBM
2015-09-15,86.64,87.97,85.8,87.57,2713661,85.69,1.2907655338139,IBM
2015-09-16,87.88,88.93,87.58,88.45,2799222,87.57,0.59648884972548,IBM
2015-09-17,88.14,89.72,87.34,88.18,3959184,88.45,-0.18192844147969,IBM
2015-09-18,86.28,86.425,84.02,84.55,7945687,88.18,-2.4503847711624,IBM
2015-09-21,85.43,87.02,84.96,86.52,3824258,84.55,1.3632274583074,IBM
2015-09-22,84.66,85.1,83.8099,84.47,3557686,86.52,-1.3995084653195,IBM
2015-09-23,84.25,84.61,82.79,83.7,2674220,84.47,-0.53313023610054,IBM
2015-09-24,82.64,85.11,81.99,84.45,3266646,83.7,0.52206598914103,IBM
2015-09-25,85.59,86.31,84.57,85.46,3465167,84.45,0.69939754864621,IBM
2015-09-28,84.46,85.42,82.51,82.56,4314456,85.46,-1.9942236281117,IBM
2015-09-29,82.03,82.7,81.1901,82.51,4763509,82.56,-0.035082795397145,IBM
2015-09-30,83.73,85.75,83.7,85.01,3943084,82.51,1.754755387099,IBM
2015-10-01,85.35,85.71,81.63,83.63,3876222,85.01,-0.95192108712147,IBM
2015-10-02,81.09,84.63,80.6,84.62,3053628,83.63,0.68946305453027,IBM
2015-10-05,85.86,89.9325,85.86,89.08,5127784,84.62,3.084797344031,IBM
2015-10-06,89.1,90.19,88.53,88.82,3011246,89.08,-0.17444981213097,IBM
2015-10-07,90.08,90.77,88.8965,90.13,2986110,88.82,0.88049469014653,IBM
2015-10-08,89.73,93.059,89.33,92.32,4781062,90.13,1.4591245252848,IBM
2015-10-09,92.5,93.187,91.31,92.43,3531007,92.32,0.072235355923289,IBM
2015-10-12,92.44,92.62,90.89,91.18,3225252,92.43,-0.82026379683706,IBM
2015-10-13,90.82,90.82,89.22,89.66,3915682,91.18,-1.0056900886595,IBM
2015-10-14,89.64,90.69,89.06,90.05,3348472,89.66,0.26066033952679,IBM
2015-10-15,90.95,91.28,88.62,90.13,3475724,90.05,0.053329778014807,IBM
2015-10-16,90.49,91.24,89.3,90.43,3477632,90.13,0.19988007195681,IBM
2015-10-19,89.89,90.01,88.42,89.26,7784210,90.43,-0.77797725912626,IBM
2015-10-20,82.53,82.92,80.31,80.68,15973290,89.26,-5.7498994772819,IBM
2015-10-21,80.29,82.7,79.34,80.96,7124230,80.68,0.19908987485779,IBM
2015-10-22,81.78,85.11,81.66,84.13,5568059,80.96,2.2495032642634,IBM
2015-10-23,84.65,85.53,83.74,84.72,5363390,84.13,0.40946630578111,IBM
2015-10-26,84.79,85.04,83.25,83.7,3485906,84.72,-0.70500414708323,IBM
2015-10-27,83.55,83.87,77.37,77.9,14997830,83.7,-4.0373103160239,IBM
2015-10-28,77.96,81.27,77.54,80.87,8502681,77.9,2.15435949514,IBM
2015-10-29,80.4,80.86,79.0601,80.59,3703215,80.87,-0.19882127387631,IBM
2015-10-30,80.48,81.37,79.94,80.12,3975336,80.59,-0.33440056919246,IBM
2015-11-02,80.54,80.5565,79.61,80.41,3822205,80.12,0.20702455739577,IBM
2015-11-03,80.06,82.84,79.94,81.92,4349317,80.41,1.0757284320011,IBM
2015-11-04,82.59,82.69,81.34,81.67,3516890,81.92,-0.17620524386806,IBM
2015-11-05,81.65,82.42,79.67,79.93,5089561,81.67,-1.2285532726117,IBM
2015-11-06,79.94,80.89,79.21,79.59,4736805,79.93,-1.1723497033383,IBM
2015-11-09,79.26,79.42,76.22,76.65,8068693,79.59,-2.126582278481,IBM
2015-11-10,76.7,77.075,75.46,76.81,4448658,76.65,0.11824698839701,IBM
2015-11-11,77.43,77.54,75.84,76.36,3164095,76.81,-0.33217686572672,IBM
2015-11-12,76.04,76.04,74.35,74.38,4697877,76.36,-1.4664494149015,IBM
2015-11-13,74.29,74.34,72.99,73.09,4582895,74.38,-0.96963319302465,IBM
2015-11-16,73.13,75.43,73.13,75.05,4165133,73.09,1.4876660341556,IBM
2015-11-17,75.56,76.16,74.65,75.16,2801192,75.05,0.082267594046807,IBM
2015-11-18,76.13,77.25,75.6,77.16,4135085,75.16,1.4945449110746,IBM
2015-11-19,77.55,79.0755,77.35,78.08,4753303,77.16,0.67736710351938,IBM
2015-11-20,78.71,80.255,78.59,79.84,5174850,78.08,1.287114231388,IBM
2015-11-23,79.87,80.21,78.46,79.8,5137820,79.84,-0.028880866425987,IBM
2015-11-24,78.99,80.68,78.65,79.94,3407553,79.8,0.10111223458037,IBM
2015-11-25,79.71,79.77,78.715,79.34,3238166,79.94,-0.43290043290043,IBM
2015-11-27,79.34,80.15,78.55,79.8,1415840,79.34,0.33333333333334,IBM
2015-11-30,79.95,81.24,79.86,80.76,4481989,79.8,0.69334103712262,IBM
2015-12-01,80.92,82.74,80.92,82.62,4189424,80.76,1.334098407689,IBM
2015-12-02,82.27,82.55,80.84,81.04,3717357,82.62,-1.1183465458664,IBM
2015-12-03,81.44,82.07,79.53,80.26,5904111,81.04,-0.55833929849678,IBM
2015-12-04,79.735,82.36,79.33,81.77,4551736,80.26,1.0869565217391,IBM
2015-12-07,81.5,81.75,80.15,80.89,3279280,81.77,-0.62664672790714,IBM
2015-12-08,79.62,80.4,78.87,79.39,3904753,80.89,-1.0748835542816,IBM
2015-12-09,78.72,81.18,77.57,77.95,4614971,79.39,-1.0431003259689,IBM
2015-12-10,78.37,79.19,77.0601,78.12,4221668,77.95,0.12444184173925,IBM
2015-12-11,76.55,76.78,75.25,75.91,5330165,78.12,-1.6157332943413,IBM
2015-12-14,76.65,77.48,75.36,77.27,5139876,75.91,1.0106264397711,IBM
2015-12-15,78.74,80.31,78.62,79.13,4234341,77.27,1.3683513573163,IBM
2015-12-16,80.46,80.99,79.13,80.63,4342627,79.13,1.0886131069018,IBM
2015-12-17,80.69,80.84,77.6475,78.09,4088762,80.63,-1.8235336348625,IBM
2015-12-18,77.62,78.3,75.61,76.24,10026106,78.09,-1.3528336380256,IBM
2015-12-21,77.17,77.17,75.36,76.84,5595538,76.24,0.44477390659748,IBM
2015-12-22,77.22,79.53,76.99,79.27,4263538,76.84,1.7933579335793,IBM
2015-12-23,79.64,80.645,79.45,79.88,5164909,79.27,0.44225331689987,IBM
2015-12-24,79.77,80.22,79.45,79.59,1495226,79.88,-0.2093258264761,IBM
2015-12-28,79.08,79.385,77.88,78.95,3139777,79.59,-0.46292947558769,IBM
2015-12-29,79.59,81.4,79.54,81.12,3943676,78.95,1.5769202819562,IBM
2015-12-30,80.92,81.78,80.56,80.68,2985717,81.12,-0.31478036915152,IBM
2015-12-31,80.37,80.44,78.91,78.96,3438705,80.68,-1.2343906990096,IBM
2016-01-04,76.94,77.31,75.58,77.29,5219709,78.96,-1.2134864118588,IBM
2016-01-05,78.1,78.23,76.1901,77.19,3924783,77.29,-0.073556454578885,IBM
2016-01-06,75.72,76.92,74.96,76.51,4306874,77.19,-0.50055207949945,IBM
2016-01-07,75.04,76.36,73.77,74.2,7023888,76.51,-1.7089590885551,IBM
2016-01-08,74.64,75.156,72.66,72.97,4713980,74.2,-0.92578654222491,IBM
2016-01-11,73.15,75.16,73.1,74.57,4970242,72.97,1.2155283749905,IBM
2016-01-12,74.99,75.12,72.47,74.24,5075282,74.57,-0.24769196126997,IBM
2016-01-13,74.84,75.6199,72.44,72.51,4692792,74.24,-1.3017306245297,IBM
2016-01-14,73.27,75.13,72.56,74.25,5708406,72.51,1.3265228329649,IBM
2016-01-15,71.35,72.22,70.21,71.37,8976154,74.25,-2.1668798435031,IBM
2016-01-19,71.45,73.44,69.4,69.45,9834476,71.37,-1.4765823271553,IBM
2016-01-20,59.8,65.33,59.34,63.2,16157470,69.45,-4.8786199359925,IBM
2016-01-21,62.62,66.44,61.9151,64.25,8775189,63.2,0.86164451009355,IBM
2016-01-22,65.78,66.08,63.11,63.84,9238362,64.25,-0.33357741436823,IBM
2016-01-25,63.44,65.57,62.98,63.42,5442719,63.84,-0.34285714285714,IBM
2016-01-26,63.59,64.95,63.58,63.93,4614411,63.42,0.41775884665793,IBM
2016-01-27,64.07,64.71,61.99,62.3,5016159,63.93,-1.3296353699323,IBM
2016-01-28,62.6,64.17,62.35,63.56,3942527,62.3,1.0416666666667,IBM
2016-01-29,64.57,66.13,64.3,66.13,8218403,63.56,2.1027655048274,IBM
2016-02-01,65.74,66.63,65.05,66.17,3571590,66.13,0.032053850468781,IBM
2016-02-02,65.01,65.48,63.98,64.28,3287216,66.17,-1.5140591204037,IBM
2016-02-03,65.33,66.7899,63.63,66.06,6223424,64.28,1.4478607450789,IBM
2016-02-04,66.42,69.84,66.34,68.99,5263233,66.06,2.3492623476588,IBM
2016-02-05,68.52,69.98,67.19,69.91,7080477,68.99,0.72072072072071,IBM
2016-02-08,68.64,70.15,66.77,69.62,7363878,69.91,-1.2366804075601,IBM
2016-02-09,68.76,69.57,66.41,66.71,5956116,69.62,-2.2916994802331,IBM
2016-02-10,67.64,67.93,62.48,62.83,6456270,66.71,-3.1272668654792,IBM
2016-02-11,61.42,62.3,59.541,60.49,7304306,62.83,-1.9469173808137,IBM
2016-02-12,61.9,63.69,60.99,63.68,4888244,60.49,2.7068307170132,IBM
2016-02-16,64.47,65.73,63.98,65.38,4061016,63.68,1.4044943820225,IBM
2016-02-17,66.35,69.21,65.89,68.74,4820819,65.38,2.7374938895226,IBM
2016-02-18,72.64,76.64,72.39,75.09,9948776,68.74,5.035685963521,IBM
2016-02-19,75.06,76.29,73.48,75.72,5125276,75.09,0.47565118912799,IBM
2016-02-22,76.48,76.95,75.05,76.41,4456242,75.72,0.51848512173129,IBM
2016-02-23,75.78,76.05,74.65,75.04,3437358,76.41,-1.0241459221051,IBM
2016-02-24,74.19,76.13,72.32,75.44,4119457,75.04,0.30211480362538,IBM
2016-02-25,75.93,77.15,73.52,77.14,4355009,75.44,1.2801204819277,IBM
2016-02-26,77.19,77.56,74.59,74.67,4386249,77.14,-1.8364312267658,IBM
2016-02-29,74.64,76.0,73.54,73.67,4427070,74.67,-0.75740362038931,IBM
2016-03-01,74.88,77.28,74.67,77.01,3786753,73.67,2.5490345722354,IBM
2016-03-02,76.34,80.08,75.86,78.94,5214679,77.01,1.4363325146982,IBM
2016-03-03,79.86,80.6002,78.71,80.44,5150065,78.94,1.1005135730007,IBM
2016-03-04,80.26,82.06,79.66,80.44,3968423,80.44,0.0,IBM
2016-03-07,79.92,83.15,79.5118,82.79,5165269,80.44,1.7053701015965,IBM
2016-03-08,82.35,82.99,80.06,81.71,5575635,82.79,-0.77060292543704,IBM
2016-03-09,81.95,84.81,81.87,83.05,4402656,81.71,0.96354353922485,IBM
2016-03-10,83.88,84.11,80.73,82.83,4019924,83.05,-0.15668399686632,IBM
2016-03-11,84.19,85.5636,83.15,85.0,4421948,82.83,1.5478992795492,IBM
2016-03-14,84.65,85.83,83.68,85.42,4047564,85.0,0.29502669289125,IBM
2016-03-15,84.38,85.97,84.18,85.6,3687331,85.42,0.12606807676146,IBM
2016-03-16,85.26,87.52,84.75,87.43,4221031,85.6,1.2800783435926,IBM
2016-03-17,87.42,89.96,87.09,89.68,5821136,87.43,1.5539747220112,IBM
2016-03-18,90.04,90.15,88.15,89.73,12043691,89.68,0.034004352557135,IBM
2016-03-21,89.94,91.35,89.3601,91.27,3721458,89.73,1.0469780406554,IBM
2016-03-22,90.7,91.92,90.48,90.74,4079715,91.27,-0.35659019040571,IBM
2016-03-23,90.64,90.67,87.77,88.04,4763922,90.74,-1.8230925050641,IBM
2016-03-24,87.62,90.86,87.13,90.59,5043602,88.04,1.7537826685007,IBM
2016-03-28,90.39,91.29,89.87,91.04,3264984,90.59,0.30415680973303,IBM
2016-03-29,90.23,92.4,90.14,91.97,3138438,91.04,0.6266846361186,IBM
2016-03-30,92.59,93.05,90.96,91.05,3329639,91.97,-0.61608518047279,IBM
2016-03-31,92.43,95.74,92.0,94.09,6778508,91.05,2.0483794892527,IBM
2016-04-01,93.17,95.6,92.89,95.16,3915966,94.09,0.70650379663257,IBM
2016-04-04,94.98,96.16,94.55,94.71,3904536,95.16,-0.29504327301339,IBM
2016-04-05,94.07,94.24,92.29,92.64,3336922,94.71,-1.3612152298284,IBM
2016-04-06,92.54,92.79,90.45,92.66,4194265,92.64,0.01333333333334,IBM
2016-04-07,91.71,92.24,90.64,90.89,3662508,92.66,-1.1798426876417,IBM
2016-04-08,91.7,92.63,90.76,91.99,3293512,90.89,0.74198988195615,IBM
2016-04-11,92.9,94.59,91.86,91.89,3844766,91.99,-0.066956812855704,IBM
2016-04-12,92.25,92.75,91.22,92.27,3592828,91.89,0.25460636515913,IBM
2016-04-13,93.39,93.87,92.27,93.87,3167729,92.27,1.0693042839003,IBM
2016-04-14,94.14,95.4,93.02,93.8,3176285,93.87,-0.04628711234543,IBM
2016-04-15,93.68,94.74,93.6,94.36,3657576,93.8,0.37046837787775,IBM
2016-04-18,94.39,95.78,94.13,95.17,6309128,94.36,0.53387819667809,IBM
2016-04-19,89.11,89.59,85.25,86.64,13187000,95.17,-5.592342490002,IBM
2016-04-20,86.88,89.84,86.64,88.75,6749461,86.64,1.4652777777778,IBM
2016-04-21,89.22,92.76,89.1,91.94,6014381,88.75,2.1832865649168,IBM
2016-04-22,92.08,93.64,90.14,91.14,5191602,91.94,-0.53583389149364,IBM
2016-04-25,90.8,91.54,89.75,91.45,2846737,91.14,0.20875420875421,IBM
2016-04-26,91.29,92.43,90.54,91.72,2978954,91.45,0.18143941939386,IBM
2016-04-27,91.99,93.42,91.61,93.11,3110399,91.72,0.9323852964851,IBM
2016-04-28,92.39,92.82,89.365,89.71,3791053,93.11,-2.2595866285638,IBM
2016-04-29,89.13,89.98,86.831,88.58,4223936,89.71,-0.76834160603794,IBM
2016-05-02,89.2,89.64,87.07,87.91,3502422,88.58,-0.4590927778539,IBM
2016-05-03,87.29,87.54,85.54,86.77,3584261,87.91,-0.78474564603842,IBM
2016-05-04,86.0,87.64,85.95,86.89,2576763,86.77,0.083258169707906,IBM
2016-05-05,88.59,89.94,88.09,89.11,6500438,86.89,1.5389948006932,IBM
2016-05-06,88.9,92.01,88.51,91.33,4893580,89.11,0.55984160578958,IBM
2016-05-09,91.74,92.24,91.05,91.38,4301025,91.33,0.033946635888391,IBM
2016-05-10,92.28,94.08,91.78,94.01,3992259,91.38,1.7849871046559,IBM
2016-05-11,93.75,95.13,92.78,92.99,3088984,94.01,-0.68013602720545,IBM
2016-05-12,93.25,93.43,91.15,92.88,3249032,92.99,-0.073850285330638,IBM
2016-05-13,92.83,93.9,91.46,91.76,2394248,92.88,-0.75248589088955,IBM
2016-05-16,91.69,94.03,91.48,93.5,3062237,91.76,1.1779041429732,IBM
2016-05-17,93.25,93.54,91.33,92.04,3490024,93.5,-0.97684999330925,IBM
2016-05-18,92.03,92.56,90.4,91.38,2488491,92.04,-0.44594594594594,IBM
2016-05-19,90.52,90.97,87.995,88.97,3678430,91.38,-1.6356725940003,IBM
2016-05-20,89.75,91.55,89.59,91.29,3578195,88.97,1.6007727868626,IBM
2016-05-23,91.65,91.99,90.7,90.81,2103633,91.29,-0.32597623089982,IBM
2016-05-24,90.92,92.79,90.92,92.35,2921065,90.81,1.0492607481093,IBM
2016-05-25,92.97,96.13,92.5401,95.73,4355296,92.35,2.2790101813768,IBM
2016-05-26,95.59,96.55,95.09,96.48,3060248,95.73,0.49442942843958,IBM
2016-05-27,96.39,96.97,96.19,96.88,2457037,96.48,0.26239832065075,IBM
2016-05-31,96.6,97.85,96.31,97.78,5836207,96.88,0.58885108610312,IBM
2016-06-01,97.04,97.31,95.58,96.55,2659517,97.78,-0.80005203590479,IBM
2016-06-02,96.63,97.54,96.16,97.54,2642401,96.55,0.64913776145827,IBM
2016-06-03,96.44,97.08,95.74,96.93,2328054,97.54,-0.39739413680783,IBM
2016-06-06,97.13,97.99,96.38,96.77,2374643,96.93,-0.10465040224998,IBM
2016-06-07,97.35,97.97,96.7,97.37,4462506,96.77,0.39285012767631,IBM
2016-06-08,97.57,98.13,97.08,98.04,2933075,97.37,0.43696602100045,IBM
2016-06-09,96.96,97.8,96.77,97.46,2021596,98.04,-0.37662337662338,IBM
2016-06-10,96.83,97.3699,95.9,96.41,3120260,97.46,-0.68439577630034,IBM
2016-06-13,95.67,96.54,94.32,95.32,3607008,96.41,-0.71536391678152,IBM
2016-06-14,95.32,95.83,94.44,95.1,2864498,95.32,-0.14542570068747,IBM
2016-06-15,95.5,95.8325,94.64,94.72,2257369,95.1,-0.25155567324242,IBM
2016-06-16,94.23,95.335,93.04,95.1,2427715,94.72,0.25219007167507,IBM
2016-06-17,95.0,96.76,94.6444,96.03,4659807,95.1,0.61564941083014,IBM
2016-06-20,96.64,98.71,96.56,97.65,3571998,96.03,1.0658595960261,IBM
2016-06-21,98.2,98.6089,97.73,98.09,2760232,97.65,0.28643968491635,IBM
2016-06-22,97.79,98.75,96.31,96.96,2833364,98.09,-0.73352807530024,IBM
2016-06-23,97.49,99.52,96.64,99.39,3963004,96.96,1.5890661783939,IBM
2016-06-24,94.18,94.65,90.22,90.63,9082793,99.39,-5.6388799485034,IBM
2016-06-27,90.22,90.64,86.54,87.54,5146095,90.63,-2.1079200491166,IBM
2016-06-28,88.79,89.77,88.26,89.74,3997694,87.54,1.5331010452962,IBM
2016-06-29,90.54,92.52,90.49,92.5,3367419,89.74,1.8943033630748,IBM
2016-06-30,92.9,95.95,92.71,95.82,3966570,92.5,2.2362926040684,IBM
2016-07-01,96.23,97.01,95.44,96.39,2658279,95.82,0.37554354987481,IBM
2016-07-05,95.23,96.04,94.8,95.72,2462590,96.39,-0.43977682966852,IBM
2016-07-06,95.89,96.45,93.96,96.41,2569393,95.72,0.45490506329114,IBM
2016-07-07,96.79,97.7291,95.93,96.64,2138421,96.41,0.15094834941261,IBM
2016-07-08,98.04,98.64,97.12,98.5,3040393,96.64,1.218872870249,IBM
2016-07-11,98.64,100.08,98.54,99.37,2779343,98.5,0.56325262203807,IBM
2016-07-12,100.04,101.16,99.56,101.08,3842709,99.37,1.1008819931758,IBM
2016-07-13,101.79,102.38,101.1,102.06,2744622,101.08,0.62404482934285,IBM
2016-07-14,102.85,105.44,102.62,104.32,4636668,102.06,1.4301987090242,IBM
2016-07-15,103.94,104.02,102.54,103.82,4470663,104.32,-0.31195408035937,IBM
2016-07-18,103.34,104.79,102.77,103.9,6561873,103.82,0.050068844661417,IBM
2016-07-19,105.82,106.18,101.93,103.62,7118788,103.9,-0.17515325910171,IBM
2016-07-20,104.01,105.75,103.64,105.4,4373009,103.62,1.1154279984961,IBM
2016-07-21,104.79,105.89,103.93,104.49,4045682,105.4,-0.56395637084781,IBM
2016-07-22,104.88,106.21,104.519,106.11,2520077,104.49,1.009660330321,IBM
2016-07-25,106.04,106.92,105.79,106.69,2737628,106.11,0.35787005614859,IBM
2016-07-26,106.69,107.64,105.41,106.16,2891300,106.69,-0.32585305871503,IBM
2016-07-27,106.16,106.61,105.22,105.87,2162675,106.16,-0.17887984209227,IBM
2016-07-28,105.42,105.85,104.75,105.41,2337914,105.87,-0.28424890317,IBM
2016-07-29,105.4,105.71,104.07,104.66,3547546,105.41,-0.46477040342071,IBM
2016-08-01,104.69,105.69,103.88,105.49,2819141,104.66,0.51674760303822,IBM
2016-08-02,105.31,105.4899,104.4,104.62,3078620,105.49,-0.53886652214306,IBM
2016-08-03,104.17,104.9,103.84,104.71,2861558,104.62,0.056046830240363,IBM
2016-08-04,104.9,105.74,104.16,105.59,2476730,104.71,0.54770647911871,IBM
2016-08-05,106.04,107.55,105.61,107.54,3811638,105.59,1.2070566388115,IBM
2016-08-08,108.17,108.71,107.02,107.48,3039081,107.54,-0.89296636085627,IBM
2016-08-09,107.66,108.212,107.085,107.21,2734106,107.48,-0.16662552456183,IBM
2016-08-10,107.63,108.1,107.395,107.52,2417982,107.21,0.19163009210608,IBM
2016-08-11,107.69,110.39,107.62,108.97,8768582,107.52,0.89461994076998,IBM
2016-08-12,108.63,108.9,106.96,107.39,2542495,108.97,-0.96618357487923,IBM
2016-08-15,107.84,108.41,107.22,107.32,2967957,107.39,-0.043223217042293,IBM
2016-08-16,106.55,107.37,106.13,106.14,2208382,107.32,-0.72893501359032,IBM
2016-08-17,106.41,106.6,105.28,105.88,3225919,106.14,-0.16179215930304,IBM
2016-08-18,106.33,107.44,105.8801,106.8,3650651,105.88,0.5734230865121,IBM
2016-08-19,106.06,106.35,104.96,105.48,2815184,106.8,-0.81804660386714,IBM
2016-08-22,105.44,106.01,104.57,105.44,2038851,105.48,-0.024993751562105,IBM
2016-08-23,105.77,106.78,105.67,105.7,2838137,105.44,0.16249999999999,IBM
2016-08-24,105.33,105.62,103.76,104.49,3618469,105.7,-0.75502308748283,IBM
2016-08-25,104.44,104.98,103.86,104.07,2575023,104.49,-0.26406790317511,IBM
2016-08-26,104.33,105.88,103.29,103.76,2498909,104.07,-0.19542331210994,IBM
2016-08-29,104.27,105.65,103.94,105.16,2475853,103.76,0.88428499242042,IBM
2016-08-30,105.2,105.59,104.25,104.84,1808553,105.16,-0.20035061357375,IBM
2016-08-31,105.1,105.1,103.7,104.32,2321269,104.84,-0.32622333751569,IBM
2016-09-01,103.76,105.06,103.54,104.98,2351932,104.32,0.41540785498489,IBM
2016-09-02,105.32,106.01,104.59,104.99,2315366,104.98,0.0062680205591195,IBM
2016-09-06,105.32,106.3,104.55,105.79,2994041,104.99,0.50141021623315,IBM
2016-09-07,105.63,107.2,105.44,107.08,2866127,105.79,0.8044901777362,IBM
2016-09-08,105.99,106.65,104.2,104.44,3928085,107.08,-1.6332590942836,IBM
2016-09-09,103.47,103.84,101.09,101.13,5080266,104.44,-2.0817610062893,IBM
2016-09-12,100.7,103.97,100.28,103.73,4366853,101.13,1.6699852270538,IBM
2016-09-13,103.07,103.37,100.94,101.25,3631768,103.73,-1.5667445827279,IBM
2016-09-14,101.14,101.31,98.83,99.49,3858076,101.25,-1.1295808998139,IBM
2016-09-15,99.74,101.77,98.65,101.1,3656413,99.49,1.0451152223304,IBM
2016-09-16,100.57,100.84,98.91,99.28,6442900,101.1,-1.1692149556726,IBM
2016-09-19,100.21,101.63,99.99,100.31,2450117,99.28,0.66952678107124,IBM
2016-09-20,101.31,102.01,99.89,99.89,2159092,100.31,-0.27119519597082,IBM
2016-09-21,100.35,101.12,99.31,100.97,2473895,99.89,0.69925542246683,IBM
2016-09-22,101.65,102.66,101.13,101.55,2690915,100.97,0.37291840802418,IBM
2016-09-23,101.09,101.48,100.15,100.42,2701745,101.55,-0.72384856831723,IBM
2016-09-26,99.9,99.9,98.9,99.42,2533325,100.42,-0.64524454768357,IBM
2016-09-27,99.47,102.21,99.25,102.21,2987195,99.42,1.811923626445,IBM
2016-09-28,102.43,104.065,101.67,103.73,3310008,102.21,0.96957326019008,IBM
2016-09-29,104.07,110.44,102.9,103.55,3371763,103.73,-0.11371533261733,IBM
2016-09-30,104.34,105.278,103.5,104.29,3596878,103.55,0.4680285876921,IBM
2016-10-03,103.5,103.81,102.46,103.05,2227800,104.29,-0.78061063896757,IBM
2016-10-04,103.5,103.97,101.26,101.9,2878001,103.05,-0.72964913393821,IBM
2016-10-05,102.51,103.27,102.16,102.52,1684458,101.9,0.3962674165921,IBM
2016-10-06,102.28,102.87,101.33,102.32,1950106,102.52,-0.12732365673543,IBM
2016-10-07,102.67,103.14,100.3,101.11,2671852,102.32,-0.77129015808262,IBM
2016-10-10,102.15,103.93,102.095,102.46,2481288,101.11,0.86721911736367,IBM
2016-10-11,101.96,102.39,99.33,100.23,2900405,102.46,-1.4202012482486,IBM
2016-10-12,100.41,100.41,98.52,99.73,2963968,100.23,-0.32301828283481,IBM
2016-10-13,99.14,99.66,97.71,99.16,2909948,99.73,-0.36943418238382,IBM
2016-10-14,99.91,100.97,99.53,99.89,4357061,99.16,0.47488940931563,IBM
2016-10-17,100.05,101.33,99.78,100.21,5887717,99.89,0.20718679184203,IBM
2016-10-18,95.29,96.44,93.23,96.16,12770570,100.21,-2.6167861988758,IBM
2016-10-19,96.71,97.89,96.27,96.7,4632854,96.16,0.35828025477706,IBM
2016-10-20,96.72,98.34,96.46,96.96,4013332,96.7,0.17188946185377,IBM
2016-10-21,96.37,96.59,95.0,95.07,4414206,96.96,-1.2473600844773,IBM
2016-10-24,95.84,96.96,95.84,96.01,2666740,95.07,0.62821626679142,IBM
2016-10-25,95.85,96.6,95.27,96.32,2617003,96.01,0.20588430630272,IBM
2016-10-26,96.15,98.38,95.695,97.25,2801299,96.32,0.61638388123012,IBM
2016-10-27,98.26,99.5,97.46,98.79,4229336,97.25,1.0144259271458,IBM
2016-10-28,99.49,99.88,97.62,98.05,3632243,98.79,-0.48255624388652,IBM
2016-10-31,98.2,99.77,98.2,99.13,3550229,98.05,0.70768625909179,IBM
2016-11-01,98.94,99.35,97.18,98.23,3177942,99.13,-0.58559437829397,IBM
2016-11-02,97.92,98.785,97.11,97.39,3066688,98.23,-0.54977419988219,IBM
2016-11-03,97.76,99.18,97.24,97.81,2878803,97.39,0.27640671273446,IBM
2016-11-04,97.76,99.08,97.31,97.87,2456955,97.81,0.039377830281553,IBM
2016-11-07,99.37,101.55,99.28,101.16,3804843,97.87,2.1583677753723,IBM
2016-11-08,101.4,102.77,99.9,102.01,3921944,101.16,-0.35319804777807,IBM
2016-11-09,99.73,102.4,97.84,101.65,5403688,102.01,-0.23200360894502,IBM
2016-11-10,104.5,108.0,104.43,107.06,7715807,101.65,3.4946062915832,IBM
2016-11-11,106.77,108.18,106.17,108.11,4391090,107.06,0.65534889526901,IBM
2016-11-14,108.09,108.7,104.42,105.05,5196498,108.11,-1.8974390773237,IBM
2016-11-15,105.28,105.99,104.39,105.51,3476996,105.05,0.29075279691548,IBM
2016-11-16,105.3,106.39,104.87,106.13,2252806,105.51,0.39074809352745,IBM
2016-11-17,106.06,106.77,105.69,106.64,2260997,106.13,0.32017075773747,IBM
2016-11-18,106.64,107.56,106.05,107.23,2981633,106.64,0.36921151439298,IBM
2016-11-21,107.53,109.84,107.209,109.61,4637027,107.23,1.483883035102,IBM
2016-11-22,109.84,109.84,108.79,109.51,2770789,109.61,-0.061436382625805,IBM
2016-11-23,108.78,109.22,108.195,108.82,2256135,109.51,-0.42417163582713,IBM
2016-11-25,108.67,110.03,108.67,109.98,1605344,108.82,0.71613779478948,IBM
2016-11-28,110.04,111.5,109.54,111.36,4449345,109.98,0.84589922765724,IBM
2016-11-29,110.84,111.25,109.87,110.37,3148196,111.36,-0.60175054704596,IBM
2016-11-30,110.19,110.64,109.05,109.06,4397777,110.37,-0.80107625512139,IBM
2016-12-01,108.79,109.035,105.14,106.66,4635215,109.06,-1.4794723215387,IBM
2016-12-02,105.84,107.13,105.25,106.86,2740857,106.66,0.12514078338131,IBM
2016-12-05,107.69,107.99,106.427,106.68,3447052,106.86,-0.1124859392576,IBM
2016-12-06,106.97,107.63,105.77,107.19,2858766,106.68,0.31906906906906,IBM
2016-12-07,107.44,112.02,107.23,111.63,4434863,107.19,2.7689429373246,IBM
2016-12-08,111.71,112.84,111.06,112.2,3266336,111.63,0.34589477516841,IBM
2016-12-09,112.02,113.56,111.444,113.36,3146830,112.2,0.70149975810353,IBM
2016-12-12,113.56,113.63,111.91,112.34,3392330,113.36,-0.61253903435023,IBM
2016-12-13,112.52,116.792,112.52,115.13,5930857,112.34,1.6858006042296,IBM
2016-12-14,115.21,116.73,114.29,115.35,4123821,115.13,0.13072672173035,IBM
2016-12-15,114.85,116.69,114.62,114.86,3387535,115.35,-0.2907839297371,IBM
2016-12-16,115.81,115.95,112.9,113.57,7117050,114.86,-0.76776574217356,IBM
2016-12-19,113.67,114.1,112.84,113.52,2955864,113.57,-0.029988604330344,IBM
2016-12-20,114.33,115.09,113.29,114.44,2174509,113.52,0.55195584353251,IBM
2016-12-21,113.09,114.78,112.09,114.17,3575310,114.44,-0.16109785202863,IBM
2016-12-22,114.2,115.07,113.42,113.9,2802631,114.17,-0.16135779597204,IBM
2016-12-23,113.84,114.33,113.29,113.55,1701228,113.9,-0.2095055668622,IBM
2016-12-27,113.82,114.82,113.69,113.98,1397455,113.55,0.25793293743625,IBM
2016-12-28,114.13,114.58,112.84,113.03,1757500,113.98,-0.56838578437238,IBM
2016-12-29,112.86,113.83,112.84,113.44,1663142,113.03,0.24670557795294,IBM
2016-12-30,113.28,113.54,112.34,112.83,2952750,113.44,-0.36614645858342,IBM
2017-01-03,113.84,114.71,112.85,114.03,2934119,112.83,0.72293511657328,IBM
2017-01-04,114.61,116.71,114.2,116.1,3381432,114.03,1.2381123272923,IBM
2017-01-05,116.09,116.23,114.1,115.54,2682181,116.1,-0.33085194375517,IBM
2017-01-06,115.53,116.76,114.36,116.37,2945536,115.54,0.4919976289271,IBM
2017-01-09,116.31,116.64,114.46,114.49,3189413,116.37,-1.108948268743,IBM
2017-01-10,114.82,114.93,112.18,112.36,4118194,114.49,-1.2705040262452,IBM
2017-01-11,112.89,114.6,112.44,114.59,3599464,112.36,1.3472692121798,IBM
2017-01-12,114.61,114.85,112.4,114.79,2927953,114.59,0.11922503725782,IBM
2017-01-13,114.81,115.32,113.715,114.18,2875319,114.79,-0.36320333432568,IBM
2017-01-17,113.53,115.02,112.96,114.73,3315305,114.18,0.32867216445559,IBM
2017-01-18,114.29,115.43,113.53,113.64,4005776,114.73,-0.64923461790457,IBM
2017-01-19,113.8,114.29,112.64,113.65,6947882,113.64,0.005995203836925,IBM
2017-01-20,114.65,117.48,112.84,117.39,12607197,113.65,2.2420718182363,IBM
2017-01-23,116.92,118.09,116.85,117.87,5477519,117.39,0.28144239226033,IBM
2017-01-24,118.2,122.84,118.0,122.74,6951386,117.87,2.8474536631,IBM
2017-01-25,123.1,126.09,122.97,125.13,5922462,122.74,1.3587265491757,IBM
2017-01-26,124.9,125.72,124.35,125.5,3063924,125.13,0.20752706265074,IBM
2017-01-27,125.31,126.04,124.14,124.14,3482110,125.5,-0.76122243367289,IBM
2017-01-30,123.82,123.91,121.416,122.64,4093755,124.14,-0.84602368866328,IBM
2017-01-31,121.89,122.42,120.45,121.36,4134574,122.64,-0.72810011376564,IBM
2017-02-01,121.84,122.542,119.73,121.13,2795445,121.36,-0.13179005271603,IBM
2017-02-02,121.07,121.81,120.39,121.42,2620386,121.13,0.16638935108154,IBM
2017-02-03,121.84,123.18,121.73,122.66,3309258,121.42,0.71027609119027,IBM
2017-02-06,122.15,122.82,121.22,122.7,2650535,122.66,0.022750540325344,IBM
2017-02-07,122.84,125.46,122.74,125.3,3873250,122.7,1.4784487660639,IBM
2017-02-08,125.74,125.74,124.12,124.41,2913126,125.3,-1.2832007172476,IBM
2017-02-09,124.41,126.04,124.15,125.45,3090710,124.41,0.59033887722088,IBM
2017-02-10,125.61,127.11,125.0,126.92,2930510,125.45,0.82952429321144,IBM
2017-02-13,127.48,128.14,127.08,127.6,3093261,126.92,0.38056861428252,IBM
2017-02-14,126.81,128.37,126.59,128.37,2775858,127.6,0.42930419268509,IBM
2017-02-15,128.44,130.16,128.05,129.92,2914240,128.37,0.86048964636652,IBM
2017-02-16,129.69,131.03,129.11,129.67,3251547,129.92,-0.13760457948041,IBM
2017-02-17,129.49,129.81,128.24,128.91,3552305,129.67,-0.41889433941466,IBM
2017-02-21,128.84,129.03,127.36,128.5,4480199,128.91,-0.22693308241545,IBM
2017-02-22,128.33,129.58,128.33,129.39,3020540,128.5,0.49373127704428,IBM
2017-02-23,130.24,130.74,129.16,129.89,2282526,129.39,0.27601435274634,IBM
2017-02-24,128.45,129.73,128.13,129.59,3299093,129.89,-0.16515276630884,IBM
2017-02-27,129.43,129.49,127.52,127.64,3691317,129.59,-1.0752688172043,IBM
2017-02-28,127.62,128.87,127.59,128.06,3273420,127.64,0.23411371237457,IBM
2017-03-01,128.72,130.79,128.27,130.19,3005248,128.06,1.1845178511845,IBM
2017-03-02,130.12,130.12,128.67,128.77,2918153,130.19,-0.78043418521571,IBM
2017-03-03,128.28,129.56,128.004,128.29,1825013,128.77,-0.26588378662826,IBM
2017-03-06,127.96,129.23,127.81,128.71,3203804,128.29,0.23326853651763,IBM
2017-03-07,128.95,129.53,128.439,128.62,2977626,128.71,-0.049869784451711,IBM
2017-03-08,128.99,129.19,127.54,127.69,3557396,128.62,-0.51557822374987,IBM
2017-03-09,127.39,127.49,124.12,125.42,5443882,127.69,-1.2649763165227,IBM
2017-03-10,126.45,127.73,125.66,126.07,3100316,125.42,0.36685856191444,IBM
2017-03-13,126.09,126.3,124.655,124.7,3482189,126.07,-0.77039869538323,IBM
2017-03-14,124.42,125.06,123.451,123.96,3147497,124.7,-0.41935849484303,IBM
2017-03-15,123.95,124.52,122.99,124.05,3813810,123.96,0.051217846574097,IBM
2017-03-16,126.7,127.24,125.06,125.48,4311838,124.05,0.81337807860759,IBM
2017-03-17,124.53,125.03,123.89,123.89,5920267,125.48,-0.89708869329723,IBM
2017-03-20,123.89,124.42,123.38,123.94,2475875,123.89,0.028465698832897,IBM
2017-03-21,124.25,124.47,122.08,122.12,3927541,123.94,-1.0358565737052,IBM
2017-03-22,122.28,123.3,121.04,123.02,3450362,122.12,0.5175983436853,IBM
2017-03-23,122.67,123.91,121.8,123.06,3739976,123.02,0.022885913720101,IBM
2017-03-24,123.36,123.74,121.63,122.07,3221672,123.06,-0.56629676238416,IBM
2017-03-27,120.93,122.4,120.333,122.01,3259023,122.07,-0.034516481619975,IBM
2017-03-28,122.18,123.24,121.24,122.75,3523370,122.01,0.42585026184035,IBM
2017-03-29,122.54,122.73,121.7,122.18,3084865,122.75,-0.32662884648444,IBM
2017-03-30,122.1,122.83,121.93,122.1,3168254,122.18,-0.04599287110497,IBM
2017-03-31,122.22,123.19,121.93,122.38,2913509,122.1,0.16104911998158,IBM
2017-04-03,122.06,123.11,121.62,122.74,4286498,122.38,0.20673021706674,IBM
2017-04-04,121.76,123.2,121.5,122.76,3108870,122.74,0.011461318051582,IBM
2017-04-05,122.94,124.57,121.05,121.12,6238854,122.76,-0.93972037588816,IBM
2017-04-06,121.71,121.71,120.49,120.69,3435363,121.12,-0.24872744099954,IBM
2017-04-07,120.32,121.17,119.52,120.38,3588302,120.69,-0.17976224992752,IBM
2017-04-10,120.77,120.8,119.24,119.44,3789786,120.38,-0.54606715464157,IBM
2017-04-11,118.89,119.47,117.22,118.82,4891871,119.44,-0.36214953271027,IBM
2017-04-12,119.28,119.44,118.26,118.9,3276921,118.82,0.046898815804892,IBM
2017-04-13,118.16,119.6,117.77,117.77,3205462,118.9,-0.6621352396578,IBM
2017-04-17,117.99,119.54,117.86,119.34,3719605,117.77,0.92608977762048,IBM
2017-04-18,119.03,119.93,118.07,118.29,6305863,119.34,-0.61367621274108,IBM
2017-04-19,110.0,110.88,107.84,109.93,19283389,118.29,-4.9162011173184,IBM
2017-04-20,109.56,110.64,108.74,110.54,6486809,109.93,0.37726513699055,IBM
2017-04-21,110.29,110.35,108.62,108.62,5606940,110.54,-1.1829944547135,IBM
2017-04-24,109.53,109.81,108.66,108.99,5320608,108.62,0.23070208255394,IBM
2017-04-25,110.02,110.28,108.62,108.63,4858329,108.99,-0.2239502332815,IBM
2017-04-26,108.77,109.34,108.13,108.3,4327991,108.63,-0.20574848806034,IBM
2017-04-27,108.53,108.72,107.87,108.56,4122908,108.3,0.16243908534299,IBM
2017-04-28,108.74,108.83,107.94,108.53,4154109,108.56,-0.0187125748503,IBM
2017-05-01,108.29,108.66,106.94,107.08,4934859,108.53,-0.90461039366148,IBM
2017-05-02,107.68,107.73,106.88,107.34,3208234,107.08,0.16368672878368,IBM
2017-05-03,106.98,107.69,106.76,106.87,3993292,107.34,-0.29541169076053,IBM
2017-05-04,107.13,107.38,106.6,107.29,4280613,106.87,0.26476706801993,IBM
2017-05-05,101.76,104.02,101.24,103.29,12517190,107.29,-2.5149324111914,IBM
2017-05-08,102.54,103.21,101.94,102.77,7491055,103.29,-1.3028055465979,IBM
2017-05-09,102.34,102.84,101.295,101.85,6851963,102.77,-0.60118930928575,IBM
2017-05-10,101.391,102.11,100.87,100.99,4999811,101.85,-0.56538031687595,IBM
2017-05-11,100.79,100.89,99.53,100.39,5627962,100.99,-0.39669421487603,IBM
2017-05-12,100.04,101.005,99.74,100.11,3715302,100.39,-0.18586126783936,IBM
2017-05-15,100.36,101.57,100.19,101.25,4233971,100.11,0.75812994613286,IBM
2017-05-16,101.4,103.73,101.4,103.42,5513690,101.25,1.4322486964557,IBM
2017-05-17,103.04,103.88,100.63,100.67,5189344,103.42,-1.7894325871942,IBM
2017-05-18,100.6,101.07,99.85,100.52,3274371,100.67,-0.099383820314057,IBM
2017-05-19,100.75,102.2,100.63,101.72,5643263,100.52,0.7958615200955,IBM
2017-05-22,101.84,102.58,101.339,102.38,3302139,101.72,0.43426766679826,IBM
2017-05-23,102.31,103.42,101.66,101.77,2564503,102.38,-0.39963312368972,IBM
2017-05-24,101.95,102.5,100.97,102.25,3732399,101.77,0.31572715911333,IBM
2017-05-25,102.99,103.47,102.685,102.94,2582814,102.25,0.45242934889515,IBM
2017-05-26,102.59,102.74,101.8,102.23,2443363,102.94,-0.46344647519581,IBM
2017-05-30,101.69,102.41,101.33,101.47,3666032,102.23,-0.49839333726803,IBM
2017-05-31,101.77,102.54,101.39,102.37,3543404,101.47,0.59315890067884,IBM
2017-06-01,102.54,102.61,101.37,102.41,2918122,102.37,0.02620716766035,IBM
2017-06-02,102.81,102.94,101.54,101.79,3585701,102.41,-0.40610467020369,IBM
2017-06-05,101.56,102.67,101.423,102.15,3975068,101.79,0.23676422229529,IBM
2017-06-06,101.74,102.63,101.74,102.11,3797173,102.15,-0.026244997047433,IBM
2017-06-07,102.79,103.94,100.54,100.72,4862960,102.11,-0.91225306818929,IBM
2017-06-08,100.74,102.56,100.66,101.84,3708962,100.72,0.74182010862366,IBM
2017-06-09,101.74,104.005,101.62,103.84,4361174,101.84,1.3149243918475,IBM
2017-06-12,103.93,106.94,103.76,104.92,6470545,103.84,0.70084360804673,IBM
2017-06-13,105.18,105.22,103.89,103.99,3523529,104.92,-0.59930403402501,IBM
2017-06-14,103.71,104.68,102.68,103.55,3049724,103.99,-0.28525121555916,IBM
2017-06-15,103.03,104.43,103.03,103.96,4654197,103.55,0.26656264222092,IBM
2017-06-16,103.97,105.16,102.708,105.12,6741763,103.96,0.75217222150175,IBM
2017-06-19,105.25,105.6,104.28,104.58,4629492,105.12,-0.34753507529926,IBM
2017-06-20,104.22,105.129,103.99,104.69,4481805,104.58,0.071041074657702,IBM
2017-06-21,105.53,105.53,103.13,103.53,3959414,104.69,-0.7486285898677,IBM
2017-06-22,104.29,104.73,103.43,104.14,2376481,103.53,0.39664477534301,IBM
2017-06-23,104.08,104.42,103.54,103.85,3282201,104.14,-0.18782383419689,IBM
2017-06-26,104.45,105.49,104.37,104.97,2153343,103.85,0.72675361754589,IBM
2017-06-27,104.74,105.08,104.24,104.49,2386491,104.97,-0.30921857888294,IBM
2017-06-28,104.89,105.29,104.52,105.06,2217329,104.49,0.36833602584814,IBM
2017-06-29,105.09,105.48,103.36,103.87,3262159,105.06,-0.76616018542364,IBM
2017-06-30,104.02,104.24,102.88,103.57,3571536,103.87,-0.19464088756244,IBM
2017-07-03,103.32,105.765,103.26,105.32,2822651,103.57,1.1376194500423,IBM
2017-07-05,105.51,105.63,103.37,103.41,3564354,105.32,-1.2276642241934,IBM
2017-07-06,103.1,103.57,101.97,102.1,2757522,103.41,-0.85247608511744,IBM
2017-07-07,102.36,103.23,101.88,102.68,2460060,102.1,0.38067734313467,IBM
2017-07-10,102.65,103.63,102.37,103.16,3206209,102.68,0.3138485680659,IBM
2017-07-11,103.0,103.39,101.79,102.93,3447509,103.16,-0.14991526528483,IBM
2017-07-12,103.22,103.98,102.79,103.44,3097850,102.93,0.33291990338794,IBM
2017-07-13,103.44,103.93,102.93,103.37,2476112,103.44,-0.045543266102793,IBM
2017-07-14,103.75,104.355,103.14,103.98,3256218,103.37,0.39705786630216,IBM
2017-07-17,103.33,103.62,101.98,102.75,4761245,103.98,-0.79745850622408,IBM
2017-07-18,102.1,104.03,101.74,103.74,7524443,102.75,0.64701653486701,IBM
2017-07-19,99.76,99.99,96.45,97.27,14292355,103.74,-4.2012987012987,IBM
2017-07-20,97.27,98.57,96.77,97.4,7211974,97.27,0.08811767098217,IBM
2017-07-21,97.33,97.61,96.25,96.82,6509459,97.4,-0.39279425707706,IBM
2017-07-24,96.74,96.78,95.54,95.73,3877310,96.82,-0.74109328256731,IBM
2017-07-25,96.31,97.23,95.77,95.93,4208850,95.73,0.13699568463593,IBM
2017-07-26,96.01,96.2,94.21,95.1,3932331,95.93,-0.56775429235925,IBM
2017-07-27,94.74,95.135,93.38,94.81,6430508,95.1,-0.19950467804074,IBM
2017-07-28,94.55,94.78,93.58,94.03,3054710,94.81,-0.53767146894603,IBM
2017-07-31,94.12,94.67,93.91,94.41,4355507,94.03,0.26335851410354,IBM
2017-08-01,94.74,95.41,94.46,95.04,3219325,94.41,0.43547383700838,IBM
2017-08-02,94.86,95.03,93.96,94.19,3539739,95.04,-0.58499655884379,IBM
2017-08-03,94.17,95.08,94.17,94.68,3035213,94.19,0.3392177223953,IBM
2017-08-04,94.74,95.13,94.14,94.9,2549397,94.68,0.15178694632262,IBM
2017-08-07,94.74,94.83,92.49,93.21,4617942,94.9,-1.1642325709562,IBM
2017-08-08,93.24,94.0,93.24,93.35,3297788,93.21,-0.94793336586045,IBM
2017-08-09,92.99,93.27,92.43,93.01,2925706,93.35,-0.23925128421645,IBM
2017-08-10,92.88,93.66,92.47,93.08,4525159,93.01,0.049375749453335,IBM
2017-08-11,93.69,93.83,92.76,93.08,3004210,93.08,0.0,IBM
2017-08-14,93.24,94.0,93.18,93.56,2248107,93.08,0.33840947546531,IBM
2017-08-15,93.79,94.58,91.82,93.31,4681545,93.56,-0.17566048341765,IBM
2017-08-16,93.03,94.15,92.85,93.74,3287556,93.31,0.30266769902161,IBM
2017-08-17,93.76,94.13,91.94,91.94,4421762,93.74,-1.2631578947369,IBM
2017-08-18,92.11,92.39,90.82,90.94,4152549,91.94,-0.71073205401564,IBM
2017-08-21,90.83,91.66,90.37,91.57,3190691,90.94,0.45096635647818,IBM
2017-08-22,91.88,92.39,91.62,92.25,2544346,91.57,0.4845720800969,IBM
2017-08-23,91.94,94.29,91.92,93.38,4048017,92.25,0.80136160555989,IBM
2017-08-24,93.74,94.92,93.49,94.18,3591673,93.38,0.5628253834248,IBM
2017-08-25,94.54,95.43,94.49,94.98,2872893,94.18,0.55967538827481,IBM
2017-08-28,95.35,95.8,93.63,93.75,5133981,94.98,-0.85571170168361,IBM
2017-08-29,93.34,94.665,93.14,94.38,3008020,93.75,0.44207424040418,IBM
2017-08-30,94.5,94.52,93.65,93.8,2735966,94.38,-0.40519770853709,IBM
2017-08-31,94.26,94.9,93.87,94.27,3656428,93.8,0.32968574635241,IBM
2017-09-01,94.22,95.74,94.22,95.32,3351705,94.27,0.73411172481298,IBM
2017-09-05,94.74,95.598,93.94,94.28,3098700,95.32,-0.72182121043866,IBM
2017-09-06,95.12,95.71,94.74,95.06,3271344,94.28,0.54530201342282,IBM
2017-09-07,95.34,95.88,93.65,94.14,4188154,95.06,-0.63968849951327,IBM
2017-09-08,94.39,94.39,92.88,93.69,3366144,94.14,-0.31490552834151,IBM
2017-09-11,94.78,96.37,94.25,96.1,4613381,93.69,1.6918216918217,IBM
2017-09-12,96.35,97.61,95.75,97.0,5237848,96.1,0.62128952091673,IBM
2017-09-13,96.59,97.53,96.58,97.23,4100980,97.0,0.15779363336994,IBM
2017-09-14,97.1,97.62,96.75,96.78,3756699,97.23,-0.30824029043086,IBM
2017-09-15,96.06,96.41,95.32,96.06,7397233,96.78,-0.49470935825203,IBM
2017-09-18,96.05,96.72,95.51,95.79,3019514,96.06,-0.18643833724622,IBM
2017-09-19,96.03,96.22,95.46,95.63,3464383,95.79,-0.11068834313388,IBM
2017-09-20,96.17,97.12,95.66,97.12,5447519,95.63,1.0319274187963,IBM
2017-09-21,96.89,97.131,96.34,96.5,2554596,97.12,-0.42500685494928,IBM
2017-09-22,96.83,96.83,95.83,96.37,2792200,96.5,-0.089494699160124,IBM
2017-09-25,96.36,97.27,96.15,97.11,5213144,96.37,0.50988768690141,IBM
2017-09-26,97.6,98.66,97.18,97.8,4487620,97.11,0.47302392541304,IBM
2017-09-27,97.92,98.14,96.27,96.9,3501906,97.8,-0.61408296943232,IBM
2017-09-28,96.57,97.1,95.45,96.9,2774775,96.9,0.0,IBM
2017-09-29,96.69,96.93,96.16,96.32,2654321,96.9,-0.39818756007139,IBM
2017-10-02,96.59,98.105,96.45,97.9,2973073,96.32,1.0890543148608,IBM
2017-10-03,97.93,98.44,97.58,98.02,2302699,97.9,0.081821900995503,IBM
2017-10-04,98.24,98.26,97.35,97.72,2244033,98.02,-0.20438751873553,IBM
2017-10-05,97.92,98.78,97.72,97.96,2686539,97.72,0.16384489350083,IBM
2017-10-06,97.88,98.09,97.56,97.72,2623174,97.96,-0.16357688113414,IBM
2017-10-09,97.74,99.03,97.59,98.63,2682556,97.72,0.6212452211906,IBM
2017-10-10,98.95,100.19,98.89,99.74,4032601,98.63,0.75310400977001,IBM
2017-10-11,99.64,99.71,98.52,98.86,3702238,99.74,-0.59259259259259,IBM
2017-10-12,98.8,99.13,98.01,98.27,3264344,98.86,-0.39967484080748,IBM
2017-10-13,98.72,99.09,98.18,98.34,2506584,98.27,0.047609331428955,IBM
2017-10-16,98.46,98.91,97.75,98.07,3052091,98.34,-0.1835486063902,IBM
2017-10-17,97.87,98.36,97.42,97.78,6372393,98.07,-0.1975073213921,IBM
2017-10-18,108.36,112.47,108.19,110.77,30490192,97.78,8.8644738637915,IBM
2017-10-19,111.04,112.2,110.325,112.14,9914169,110.77,0.85877264464364,IBM
2017-10-20,112.31,113.72,111.01,113.31,7868803,112.14,0.72715972653821,IBM
2017-10-23,113.29,113.75,110.78,110.79,5779378,113.31,-1.5548836922317,IBM
2017-10-24,110.89,110.94,106.411,107.12,8194690,110.79,-2.3002193669696,IBM
2017-10-25,107.25,107.61,104.3,104.74,6921137,107.12,-1.5268154991019,IBM
2017-10-26,105.55,106.36,104.78,104.84,4300543,104.74,0.065146579804557,IBM
2017-10-27,105.78,105.87,104.151,104.92,4895186,104.84,0.052083333333341,IBM
2017-10-30,105.0,105.83,103.95,105.6,4210402,104.92,0.4424778761062,IBM
2017-10-31,105.57,106.17,104.17,105.3,4328258,105.6,-0.19435086810055,IBM
2017-11-01,105.34,106.14,105.07,105.27,3240246,105.3,-0.019472932623654,IBM
2017-11-02,105.42,105.73,104.15,104.59,3397628,105.27,-0.44147244043369,IBM
2017-11-03,104.66,104.71,102.73,102.82,4431825,104.59,-1.154222367134,IBM
2017-11-06,103.01,103.06,101.52,102.08,4498871,102.82,-0.4881910542288,IBM
2017-11-07,102.61,102.75,101.74,102.59,3701052,102.08,0.33810660302306,IBM
2017-11-08,102.84,103.034,101.52,102.81,4634439,102.59,0.14535844070036,IBM
2017-11-09,102.67,104.54,102.6,103.04,4776532,102.81,-0.83789668140132,IBM
2017-11-10,103.39,103.63,101.88,101.9,4307276,103.04,-0.75848303393215,IBM
2017-11-13,101.62,101.74,100.66,101.14,5107546,101.9,-0.50951997854652,IBM
2017-11-14,100.69,101.71,100.23,101.63,3757951,101.14,0.33018867924527,IBM
2017-11-15,100.74,101.445,98.951,99.84,4773328,101.63,-1.2022298341057,IBM
2017-11-16,100.47,102.39,100.24,101.86,5446453,99.84,1.3732154996601,IBM
2017-11-17,102.08,102.89,101.57,101.71,4916500,101.86,-0.10059012875537,IBM
2017-11-20,103.38,104.69,102.64,103.25,5676495,101.71,1.0337651876217,IBM
2017-11-21,104.04,105.19,103.94,104.69,3756184,103.25,0.95674705999601,IBM
2017-11-22,104.74,105.13,104.07,104.51,3213596,104.69,-0.11846001974332,IBM
2017-11-24,104.69,104.94,104.07,104.58,1193025,104.51,0.046122422086047,IBM
2017-11-27,104.8,105.23,104.36,104.72,3374042,104.58,0.092202318229707,IBM
2017-11-28,105.09,105.67,104.44,105.21,3973670,104.72,0.32241084353205,IBM
2017-11-29,105.55,106.35,104.91,106.29,5098702,105.21,0.70833606611137,IBM
2017-11-30,106.39,107.15,105.82,106.71,6500769,106.29,0.27352653858677,IBM
2017-12-01,107.14,107.76,105.653,107.5,5567852,106.71,0.51308696499318,IBM
2017-12-04,108.41,109.54,107.81,109.2,4664316,107.5,1.0984750581546,IBM
2017-12-05,109.19,109.48,107.42,108.09,5068043,109.2,-0.70944650389877,IBM
2017-12-06,108.43,108.96,106.83,106.84,3410728,108.09,-0.80463469584809,IBM
2017-12-07,106.77,107.19,106.0,106.31,3771429,106.84,-0.34393251135626,IBM
2017-12-08,106.68,107.77,106.29,107.55,3520281,106.31,0.80744937162207,IBM
2017-12-11,107.71,108.63,107.31,108.15,4102719,107.55,0.38757186228279,IBM
2017-12-12,107.94,110.59,107.9,109.48,6321801,108.15,0.85580078502028,IBM
2017-12-13,109.34,109.47,106.63,106.65,5661618,109.48,-1.8055378333546,IBM
2017-12-14,107.34,107.85,106.44,106.74,4637440,106.65,0.058475732570985,IBM
2017-12-15,106.35,106.54,104.77,105.24,11279854,106.74,-0.97402597402597,IBM
2017-12-18,106.33,106.92,105.95,106.07,5092838,105.24,0.54426229508198,IBM
2017-12-19,106.79,106.91,105.83,105.97,4116449,106.07,-0.065218809104561,IBM
2017-12-20,106.39,106.63,105.52,105.69,3784667,105.97,-0.1827318410233,IBM
2017-12-21,105.91,106.2,104.23,104.24,4153935,105.69,-0.94802222948675,IBM
2017-12-22,104.56,105.74,104.24,105.24,2990583,104.24,0.66006600660066,IBM
2017-12-26,105.25,106.6,105.24,105.57,2479017,105.24,0.21639344262296,IBM
2017-12-27,105.69,105.92,105.35,105.87,2149257,105.57,0.19629653863769,IBM
2017-12-28,105.94,106.86,105.94,106.78,2687624,105.87,0.59426630967152,IBM
2017-12-29,106.91,107.46,106.155,106.16,3327087,106.78,-0.40249285899767,IBM
2018-01-02,107.24,107.55,106.28,106.99,4202503,106.16,0.54099856602791,IBM
2018-01-03,110.08,112.55,109.07,111.23,9441567,106.99,2.7487844408428,IBM
2018-01-04,112.39,115.064,112.11,114.44,7556249,111.23,2.0253643763013,IBM
2018-01-05,115.18,115.64,113.841,115.23,5195764,114.44,0.48855905998764,IBM
2018-01-08,115.4,116.645,114.441,116.21,5237523,115.23,0.60311403778693,IBM
2018-01-09,116.64,117.27,115.8,116.57,4341810,116.21,0.22022389429254,IBM
2018-01-10,115.65,117.07,115.24,116.92,4174105,116.57,0.2136360861869,IBM
2018-01-11,117.54,117.68,116.04,116.94,3794453,116.92,0.012181751735889,IBM
2018-01-12,116.76,117.48,115.77,115.88,5031886,116.94,-0.64555420219245,IBM
2018-01-16,117.84,118.03,116.09,116.59,7794195,115.88,0.4352090229251,IBM
2018-01-17,120.75,121.865,120.0,121.39,11710033,116.59,2.929508696979,IBM
2018-01-18,122.74,123.87,120.89,121.86,14259345,121.39,0.27868366439371,IBM
2018-01-19,117.2,118.14,114.04,115.11,21172488,121.86,-3.9912488174078,IBM
2018-01-22,114.25,116.72,113.85,115.34,8480795,115.11,0.14165178296483,IBM
2018-01-23,115.56,119.0,115.25,118.99,7466232,115.34,2.2447724477245,IBM
2018-01-24,119.49,121.46,117.56,118.11,5645003,118.99,-0.52932330827067,IBM
2018-01-25,118.65,119.52,117.93,118.21,3302520,118.11,0.060470460180199,IBM
2018-01-26,118.86,120.154,118.53,120.08,3787913,118.21,1.1301142201003,IBM
2018-01-29,120.19,121.13,118.75,119.54,3516995,120.08,-0.32269630692004,IBM
2018-01-30,118.95,119.51,115.895,116.36,4902341,119.54,-1.9064748201439,IBM
2018-01-31,116.49,117.73,115.501,116.44,4072830,116.36,0.048893778266706,IBM
2018-02-01,115.93,116.87,114.64,115.14,4434242,116.44,-0.79413561392791,IBM
2018-02-02,114.44,114.74,111.606,111.77,5251938,115.14,-2.0751231527094,IBM
2018-02-05,110.63,111.24,102.74,105.27,8746599,111.77,-4.087279129724,IBM
2018-02-06,103.03,108.23,101.85,108.08,9867678,105.27,1.8422605389104,IBM
2018-02-07,106.91,108.08,106.02,106.59,6149207,108.08,-0.95918630101713,IBM
2018-02-08,106.72,107.4,101.74,101.83,6779095,106.59,-4.0688982775431,IBM
2018-02-09,102.84,104.78,98.636,103.75,7828290,101.83,1.300901145064,IBM
2018-02-12,105.14,106.64,104.54,105.64,5881377,103.75,1.2641294896663,IBM
2018-02-13,105.14,105.419,103.88,104.99,4891010,105.64,-0.42932628797887,IBM
2018-02-14,104.43,109.24,104.24,109.0,5479033,104.99,2.6600331674958,IBM
2018-02-15,109.74,111.1,107.94,110.25,5623581,109.0,0.80770224864306,IBM
2018-02-16,109.95,112.031,109.93,110.42,4282908,110.25,0.1089673738863,IBM
2018-02-20,110.03,110.2,108.11,109.4,4489604,110.42,-0.6530925854783,IBM
2018-02-21,109.67,111.03,108.14,108.2,3728571,109.4,-0.77339520494972,IBM
2018-02-22,108.74,109.28,107.03,107.42,4024627,108.2,-0.5066250974279,IBM
2018-02-23,108.54,110.095,108.31,109.76,3256074,107.42,1.5276145710928,IBM
2018-02-26,110.05,113.12,109.75,112.82,3610292,109.76,1.9675925925926,IBM
2018-02-27,112.7,114.02,110.77,110.79,4237283,112.82,-1.2801109849918,IBM
2018-02-28,111.74,112.38,110.04,110.07,3803512,110.79,-0.45991695943788,IBM
2018-03-01,109.77,111.214,107.03,108.05,4039339,110.07,-1.2962844125008,IBM
2018-03-02,107.03,109.0,106.12,108.73,3261141,108.05,0.44210389441519,IBM
2018-03-05,108.36,111.73,107.99,111.19,3670630,108.73,1.5923360735323,IBM
2018-03-06,111.52,112.13,109.397,109.96,3685736,111.19,-0.78368907295316,IBM
2018-03-07,109.24,113.07,108.97,112.56,4607677,109.96,1.6696634985872,IBM
2018-03-08,113.24,113.81,109.31,110.45,6455612,112.56,-1.332743810005,IBM
2018-03-09,111.71,113.823,111.54,113.55,5022238,110.45,1.9845080340567,IBM
2018-03-12,113.88,115.26,113.11,114.5,5063497,113.55,0.59632163705981,IBM
2018-03-13,114.33,116.352,113.05,113.56,4185590,114.5,-0.5865468613503,IBM
2018-03-14,114.41,114.92,111.98,112.36,3631825,113.56,-0.75320110469495,IBM
2018-03-15,112.95,115.49,112.76,113.85,3870595,112.36,0.94232228687074,IBM
2018-03-16,114.3,116.22,113.88,114.5,9262656,113.85,0.40724265396904,IBM
2018-03-19,113.95,114.13,110.69,111.59,5481983,114.5,-1.8157993260951,IBM
2018-03-20,111.76,112.17,109.53,110.44,4336738,111.59,-0.73085478233238,IBM
2018-03-21,110.81,112.44,110.16,110.93,3481845,110.44,0.31370038412293,IBM
2018-03-22,109.24,109.49,106.24,106.33,4746349,110.93,-2.9357329759398,IBM
2018-03-23,106.49,106.82,102.781,103.13,4440883,106.33,-2.1040173581432,IBM
2018-03-26,105.45,107.897,104.52,107.61,4103904,103.13,3.0089327691585,IBM
2018-03-27,108.19,109.11,105.4,106.15,3883745,107.61,-0.95194627371716,IBM
2018-03-28,106.31,108.1,106.13,106.76,3664826,106.15,0.40155355144494,IBM
2018-03-29,107.31,108.13,105.32,107.67,3419959,106.76,0.59664306320482,IBM
2018-04-02,107.58,107.62,102.67,104.31,5150435,107.67,-2.1899237437268,IBM
2018-04-03,105.04,105.24,102.54,104.09,4135696,104.31,-0.14659825414806,IBM
2018-04-04,102.13,108.71,101.69,108.36,4805261,104.09,2.8495161828495,IBM
2018-04-05,108.68,109.16,107.58,108.27,3185388,108.36,-0.058396055022063,IBM
2018-04-06,107.7,108.19,103.78,104.81,3672919,108.27,-2.2463156527949,IBM
2018-04-09,106.04,108.9,105.983,106.93,4413178,104.81,1.4079829979412,IBM
2018-04-10,109.27,110.845,108.99,109.63,3955952,106.93,1.7682886895016,IBM
2018-04-11,108.61,110.02,108.12,109.6,3306539,109.63,-0.019306261664182,IBM
2018-04-12,110.99,113.22,110.91,112.31,5639444,109.6,1.7443357363543,IBM
2018-04-13,112.91,113.46,110.15,110.95,4057058,112.31,-0.86037831340544,IBM
2018-04-16,112.23,113.38,111.91,112.13,4186755,110.95,0.75298321740794,IBM
2018-04-17,113.06,116.24,112.75,115.15,10207534,112.13,1.9127240483881,IBM
2018-04-18,106.38,106.87,102.5,103.03,20380020,115.15,-7.5321608352495,IBM
2018-04-19,103.43,103.447,100.86,101.94,8086056,103.03,-0.73257611398616,IBM
2018-04-20,102.14,102.21,98.75,99.14,8265643,101.94,-1.8957345971564,IBM
2018-04-23,99.27,100.2,98.57,100.1,5315625,99.14,0.66252587991719,IBM
2018-04-24,100.75,101.54,98.77,99.8,4916476,100.1,-0.20567667626492,IBM
2018-04-25,100.03,100.64,98.351,100.18,7326379,99.8,0.26106073097004,IBM
2018-04-26,100.84,101.6,100.44,100.96,4265812,100.18,0.53446621899411,IBM
2018-04-27,101.08,101.49,99.9,100.72,3205482,100.96,-0.16357688113414,IBM
2018-04-30,101.1,101.62,99.2,99.2,4415533,100.72,-1.0376843255052,IBM
2018-05-01,98.89,99.26,97.71,99.24,4433393,99.2,0.027593818984542,IBM
2018-05-02,98.7,99.06,96.31,96.69,5194917,99.24,-1.7586206896552,IBM
2018-05-03,96.37,96.47,94.14,96.23,5018592,96.69,-0.32292032292031,IBM
2018-05-04,95.34,98.59,94.52,98.15,4402170,96.23,1.3522079019649,IBM
2018-05-07,98.24,98.56,96.88,97.46,3657009,98.15,-0.47946633312487,IBM
2018-05-08,97.24,97.747,96.3,97.24,5369119,97.46,-0.15360983102919,IBM
2018-05-09,97.71,98.83,97.09,98.42,4195953,97.24,-0.27272727272726,IBM
2018-05-10,98.96,100.14,98.82,100.05,3726608,98.42,1.1429773508169,IBM
2018-05-11,99.92,100.66,99.39,99.95,3073167,100.05,-0.069328896283987,IBM
2018-05-14,100.28,100.93,99.95,100.11,3216062,99.95,0.11100319134177,IBM
2018-05-15,99.31,99.8,98.73,99.55,4089397,100.11,-0.38808038808039,IBM
2018-05-16,99.51,100.838,99.08,100.44,3168659,99.55,0.61917350772227,IBM
2018-05-17,100.31,101.0,99.58,100.31,3147659,100.44,-0.089884532946135,IBM
2018-05-18,100.28,100.75,99.8,99.89,2682243,100.31,-0.29065743944636,IBM
2018-05-21,100.76,101.85,100.49,101.3,2894698,99.89,0.97862298722931,IBM
2018-05-22,101.33,102.014,100.81,100.9,2284020,101.3,-0.27493298508489,IBM
2018-05-23,100.16,100.51,99.29,100.48,3459747,100.9,-0.28947549796679,IBM
2018-05-24,100.2,100.29,98.76,99.88,3398701,100.48,-0.41473698762701,IBM
2018-05-25,99.71,100.38,99.27,99.45,4914294,99.88,-0.29846602346082,IBM
2018-05-29,98.34,98.7,96.02,97.03,4537638,99.45,-1.6847674742412,IBM
2018-05-30,97.71,98.91,97.63,98.43,5109028,97.03,0.99136099702592,IBM
2018-05-31,98.62,98.62,96.86,97.12,6830256,98.43,-0.91852475108681,IBM
2018-06-01,98.24,98.65,97.43,97.76,3857530,97.12,0.45290496072464,IBM
2018-06-04,98.11,98.98,97.99,98.85,3035257,97.76,0.76787601268052,IBM
2018-06-05,98.86,99.89,98.85,99.51,2836017,98.85,0.46140939597315,IBM
2018-06-06,100.15,100.53,99.35,100.52,3220139,99.51,0.70285316631873,IBM
2018-06-07,100.81,102.51,100.74,101.17,4316484,100.52,0.44917421048995,IBM
2018-06-08,100.81,102.24,100.18,101.95,5210468,101.17,0.53659878921297,IBM
2018-06-11,102.43,103.22,101.95,102.39,3259986,101.95,0.30108115505681,IBM
2018-06-12,102.91,103.33,102.43,102.68,2640515,102.39,0.1978441806522,IBM
2018-06-13,102.6,103.28,102.01,102.16,2968180,102.68,-0.35405460611426,IBM
2018-06-14,102.46,102.79,100.9,101.01,3326343,102.16,-0.78578749572942,IBM
2018-06-15,100.71,101.28,99.51,101.2,9116048,101.01,0.13085399449036,IBM
2018-06-18,99.99,100.33,98.95,100.29,4286406,101.2,-0.6259027443428,IBM
2018-06-19,98.93,100.03,98.76,99.71,3487015,100.29,-0.40143964562568,IBM
2018-06-20,100.03,100.33,98.22,98.44,3329917,99.71,-0.8825573314802,IBM
2018-06-21,98.4,98.95,96.64,97.06,3887650,98.44,-0.96753838603379,IBM
2018-06-22,97.45,97.62,96.59,97.09,6013678,97.06,0.021238938053098,IBM
2018-06-25,96.21,96.21,94.09,94.6,8937085,97.09,-1.7624575311438,IBM
2018-06-26,95.17,95.66,94.14,94.89,4139455,94.6,0.20894877152534,IBM
2018-06-27,94.92,95.59,93.26,93.29,4101828,94.89,-1.150417026172,IBM
2018-06-28,93.91,96.35,93.755,95.85,4523666,93.29,1.8620890311318,IBM
2018-06-29,96.13,97.169,95.42,95.51,3753684,95.85,-0.24278777492145,IBM
2018-07-02,94.09,96.03,94.01,95.67,3405642,95.51,0.1145311381532,IBM
2018-07-03,96.46,96.75,95.178,95.38,1963232,95.67,-0.20735020735022,IBM
2018-07-05,96.29,97.24,95.74,97.24,3744730,95.38,1.3326646127391,IBM
2018-07-06,97.34,98.75,96.98,98.29,2910426,97.24,0.74241674326521,IBM
2018-07-09,98.4,100.53,98.28,100.2,3904652,98.29,1.3405390230208,IBM
2018-07-10,100.32,101.4,100.065,100.52,3776991,100.2,0.22162199598312,IBM
2018-07-11,99.81,102.0,99.81,100.75,3526565,100.52,0.15893856678874,IBM
2018-07-12,101.66,102.64,101.55,102.26,3119505,100.75,1.0418104043052,IBM
2018-07-13,102.26,102.79,101.61,101.71,3067638,102.26,-0.37555479685898,IBM
2018-07-16,101.48,101.6,100.02,101.27,3468817,101.71,-0.30157642220699,IBM
2018-07-17,100.56,100.81,99.15,99.3,5096741,101.27,-1.354324212842,IBM
2018-07-18,99.32,100.61,98.545,100.33,6935288,99.3,0.71782005714684,IBM
2018-07-19,103.66,106.35,103.06,105.05,14655804,100.33,3.2659839468586,IBM
2018-07-20,104.39,104.67,102.07,102.16,6415972,105.05,-1.9364781559904,IBM
2018-07-23,102.16,102.51,100.825,101.51,3897892,102.16,-0.44414075845576,IBM
2018-07-24,102.51,102.85,101.73,102.19,3891625,101.51,0.46671242278655,IBM
2018-07-25,101.82,102.46,101.31,102.43,3623182,102.19,0.16395682470283,IBM
2018-07-26,103.24,105.08,102.44,102.52,4778022,102.43,0.061383167371439,IBM
2018-07-27,102.7,102.95,100.47,100.96,3749642,102.52,-1.063322200259,IBM
2018-07-30,100.61,102.05,100.5,101.3,3608283,100.96,0.23424044092319,IBM
2018-07-31,101.55,101.61,99.969,100.74,5474478,101.3,-0.38490617911884,IBM
2018-08-01,100.57,101.0,99.15,99.31,3388386,100.74,-0.98668322638516,IBM
2018-08-02,98.67,99.17,98.14,98.77,3841447,99.31,-0.37630662020905,IBM
2018-08-03,99.05,103.73,98.81,103.51,8053567,98.77,3.3156127588136,IBM
2018-08-06,102.76,103.01,101.38,101.84,3913743,103.51,-1.1306702775897,IBM
2018-08-07,102.46,103.45,102.16,102.82,3508758,101.84,0.67109498048346,IBM
2018-08-08,103.14,103.24,102.05,102.7,3581746,102.82,-0.081627100197269,IBM
2018-08-09,102.91,103.32,102.11,102.15,3093504,102.7,-1.443256858874,IBM
2018-08-10,101.88,102.45,101.26,101.86,3003158,102.15,-0.20031774538925,IBM
2018-08-13,101.53,101.68,99.91,100.09,2858842,101.86,-1.2250830564784,IBM
2018-08-14,100.38,101.2,100.31,100.74,2860041,100.09,0.45546913320721,IBM
2018-08-15,99.93,101.38,99.38,101.29,4241496,100.74,0.38364955357142,IBM
2018-08-16,101.75,103.06,101.75,102.72,5250878,101.29,0.99367660343271,IBM
2018-08-17,102.17,103.77,102.07,103.44,2678820,102.72,0.49539011971928,IBM
2018-08-20,103.75,104.54,103.53,103.89,2499654,103.44,0.30809256469943,IBM
2018-08-21,104.38,104.5,103.27,103.35,3106876,103.89,-0.36857552385502,IBM
2018-08-22,103.39,103.54,102.57,102.62,2388961,103.35,-0.50010276084126,IBM
2018-08-23,102.42,102.9,102.13,102.75,2220603,102.62,0.089507022858713,IBM
2018-08-24,102.84,103.467,102.25,103.42,2776813,102.75,0.46089289399463,IBM
2018-08-27,104.32,105.0,103.9,104.07,3491565,103.42,0.44508353875651,IBM
2018-08-28,104.33,104.37,103.57,103.97,2455328,104.07,-0.068170972799778,IBM
2018-08-29,104.25,105.31,103.98,104.92,3153845,103.97,0.64806603451804,IBM
2018-08-30,104.41,104.68,102.63,103.31,3340369,104.92,-1.0912294970855,IBM
2018-08-31,103.1,104.16,102.92,103.86,3488476,103.31,0.37689303090522,IBM
2018-09-04,103.36,103.57,102.19,103.06,3326153,103.86,-0.54614964500272,IBM
2018-09-05,102.57,104.13,102.43,104.04,3126540,103.06,0.67270730367929,IBM
2018-09-06,104.26,105.04,102.92,103.77,4248831,104.04,-0.18409927723988,IBM
2018-09-07,103.32,103.883,102.5,102.83,4693127,103.77,-0.6421203634128,IBM
2018-09-10,103.98,104.68,102.94,103.03,3618292,102.83,0.13750429700929,IBM
2018-09-11,103.38,104.37,102.63,103.87,3374774,103.03,0.57672502574666,IBM
2018-09-12,103.75,105.36,103.41,103.95,4506679,103.87,0.05461123626185,IBM
2018-09-13,104.73,106.38,104.498,106.33,5346540,103.95,1.6237975028996,IBM
2018-09-14,106.23,106.68,105.16,105.71,3452144,106.33,-0.41624706277273,IBM
2018-09-17,105.82,106.45,105.15,105.32,3551882,105.71,-0.2629272567923,IBM
2018-09-18,105.14,106.365,104.85,105.94,3629596,105.32,0.41908881979181,IBM
2018-09-19,106.01,107.34,105.61,106.44,4246382,105.94,0.33656435110393,IBM
2018-09-20,106.96,108.76,106.82,108.53,5952223,106.44,1.4021199516973,IBM
2018-09-21,108.86,109.98,108.12,108.73,19947878,108.53,0.13231888852133,IBM
2018-09-24,108.48,108.58,106.84,107.41,4264984,108.73,-0.87215064420218,IBM
2018-09-25,107.29,107.79,105.74,106.29,4397457,107.41,-0.74651736319403,IBM
2018-09-26,109.78,110.73,108.72,108.99,7401862,106.29,1.8131757437378,IBM
2018-09-27,109.39,109.769,108.54,108.88,3477643,108.99,-0.072554580832408,IBM
2018-09-28,108.54,109.005,108.17,108.59,3305798,108.88,-0.19141914191419,IBM
2018-10-01,109.09,110.8,109.09,110.38,3757419,108.59,1.1837841412605,IBM
2018-10-02,110.37,111.22,109.88,111.13,3030125,110.38,0.49019607843137,IBM
2018-10-03,111.38,111.74,110.18,110.6,3315298,111.13,-0.34471544715447,IBM
2018-10-04,109.07,110.18,107.74,108.69,4238143,110.6,-1.2465735543663,IBM
2018-10-05,108.28,109.17,105.25,106.41,4602252,108.69,-1.5068402617144,IBM
2018-10-08,105.88,106.45,104.56,105.77,3239347,106.41,-0.42944373616051,IBM
2018-10-09,105.46,105.74,104.31,104.62,3642496,105.77,-0.77498483725317,IBM
2018-10-10,104.88,105.07,99.88,100.07,5547697,104.62,-3.0901928823689,IBM
2018-10-11,100.0,101.57,96.16,96.4,8710491,100.07,-2.5720092508235,IBM
2018-10-12,98.5,98.92,96.46,98.23,6563403,96.4,1.3163573586534,IBM
2018-10-15,97.76,99.64,97.52,98.51,4965533,98.23,0.19879304224352,IBM
2018-10-16,100.31,102.83,98.96,102.5,8695489,98.51,2.8271806136187,IBM
2018-10-17,93.27,94.53,90.799,91.43,19463962,102.5,-7.6281697905182,IBM
2018-10-18,90.11,90.78,87.42,87.93,10011678,91.43,-2.6109660574413,IBM
2018-10-19,88.03,89.27,85.34,86.48,7791636,87.93,-1.1106855610877,IBM
2018-10-22,86.96,87.818,85.78,87.4,5719518,86.48,0.71262587141752,IBM
2018-10-23,86.4,89.28,85.79,88.59,6463580,87.4,0.91524380864482,IBM
2018-10-24,88.55,89.07,84.38,84.59,5710320,88.59,-3.0485481289536,IBM
2018-10-25,84.63,85.17,82.52,83.83,10304327,84.59,-0.5974373083877,IBM
2018-10-26,82.59,83.16,81.09,82.17,8767029,83.83,-1.3127718465797,IBM
2018-10-29,76.72,81.33,75.68,77.02,20450448,82.17,-4.1269332478564,IBM
2018-10-30,77.86,78.88,72.53,72.78,21458594,77.02,-3.5439652290204,IBM
2018-10-31,73.87,73.88,71.47,72.81,21644978,72.78,0.025996533795495,IBM
2018-11-01,72.88,74.38,72.49,74.21,13626730,72.81,1.2128562765312,IBM
2018-11-02,74.89,75.13,71.918,73.05,10592681,74.21,-0.99289566036121,IBM
2018-11-05,73.48,78.15,73.38,77.44,9144598,73.05,3.7952796749373,IBM
2018-11-06,78.08,81.19,77.69,80.5,9597392,77.44,2.5487256371814,IBM
2018-11-07,81.17,82.44,79.71,82.22,12382666,80.5,1.3970110461339,IBM
2018-11-08,81.61,83.354,81.58,82.33,10396439,82.22,-1.1694969561038,IBM
2018-11-09,82.56,83.52,80.91,82.49,6961902,82.33,0.12968066137138,IBM
2018-11-12,82.45,82.52,79.6,79.85,5379113,82.49,-2.1369596891695,IBM
2018-11-13,80.14,81.201,78.85,79.79,4084385,79.85,-0.049627791563277,IBM
2018-11-14,80.06,80.88,78.72,79.15,4762275,79.79,-0.52962595167163,IBM
2018-11-15,78.61,80.39,78.46,80.39,5207973,79.15,1.0316139767055,IBM
2018-11-16,79.84,80.8,79.491,80.52,4076315,80.39,0.10704874835309,IBM
2018-11-19,80.58,81.13,78.72,79.26,4131238,80.52,-1.0364399111623,IBM
2018-11-20,77.44,78.44,75.646,76.15,6233777,79.26,-2.5849887789876,IBM
2018-11-21,76.56,78.46,76.34,77.52,5335842,76.15,1.1689419795222,IBM
2018-11-23,77.04,77.288,75.86,76.14,2334730,77.52,-1.1638694442102,IBM
2018-11-26,77.32,79.2,77.01,78.51,5011130,76.14,2.0223568563871,IBM
2018-11-27,77.33,78.99,77.32,78.98,4903771,78.51,0.39310806289729,IBM
2018-11-28,79.96,82.04,79.17,81.95,5104520,78.98,2.4743814046488,IBM
2018-11-29,81.39,82.071,80.35,80.43,5200113,81.95,-1.2357723577236,IBM
2018-11-30,80.61,83.64,80.43,83.22,7251590,80.43,2.2966743496872,IBM
2018-12-03,84.62,85.54,83.31,84.26,5843112,83.22,0.83688742254768,IBM
2018-12-04,83.44,83.87,80.28,80.55,6000697,84.26,-2.9606575692283,IBM
2018-12-06,78.67,82.86,78.251,82.86,6938049,80.55,1.8996710526316,IBM
2018-12-07,82.85,83.0,77.82,78.29,7019616,82.86,-3.6881607618433,IBM
2018-12-10,78.69,80.632,77.47,80.08,6549506,78.29,1.4999162057986,IBM
2018-12-11,82.2,82.76,78.95,79.84,5043081,80.08,-0.19813423594485,IBM
2018-12-12,81.46,81.83,79.95,80.11,3560790,79.84,0.22334353544544,IBM
2018-12-13,80.21,80.74,79.12,79.68,3993597,80.11,-0.35490260812149,IBM
2018-12-14,78.45,80.06,78.39,78.85,4554204,79.68,-0.68748446947734,IBM
2018-12-17,78.02,78.73,74.02,75.05,7374476,78.85,-3.1693077564637,IBM
2018-12-18,75.85,77.18,74.97,75.6,6290186,75.05,0.473729543497,IBM
2018-12-19,76.1,79.22,74.92,75.38,6979823,75.6,-0.18859837119588,IBM
2018-12-20,74.65,75.4,70.65,71.97,8454350,75.38,-2.9287984196513,IBM
2018-12-21,71.45,74.23,69.39,69.89,10386453,71.97,-1.8403822332331,IBM
2018-12-24,68.85,69.95,66.45,66.52,3821376,69.89,-3.0376780241572,IBM
2018-12-26,66.95,70.34,64.89,70.34,6645794,66.52,3.5511759784327,IBM
2018-12-27,68.94,72.73,68.42,72.73,6045590,70.34,2.145614507586,IBM
2018-12-28,73.17,73.75,71.45,71.98,5117533,72.73,-0.65916681314818,IBM
2018-12-31,72.28,73.3,71.37,72.62,4982755,71.98,0.56622135716182,IBM
2019-01-02,70.96,74.93,70.64,74.16,4239924,72.62,1.3547989795021,IBM
2019-01-03,73.48,73.83,71.64,71.86,4346659,74.16,-1.9963544831178,IBM
2019-01-04,73.86,76.44,73.39,76.27,4477755,71.86,3.9057656540608,IBM
2019-01-07,76.45,77.78,75.62,77.1,3751204,76.27,0.7074667575861,IBM
2019-01-08,78.61,79.52,77.93,78.78,4763636,77.1,1.4219212865002,IBM
2019-01-09,79.86,80.35,78.82,79.64,3633663,78.78,0.71768338479513,IBM
2019-01-10,79.03,80.81,78.9,80.74,3909971,79.64,0.91142596735439,IBM
2019-01-11,80.53,80.565,79.15,80.41,3722370,80.74,-0.27095820674933,IBM
2019-01-14,79.46,79.605,78.711,79.34,5228909,80.41,-0.88094846039848,IBM
2019-01-15,79.91,80.88,79.77,80.68,3507719,79.34,1.1130492565828,IBM
2019-01-16,80.53,80.95,79.78,80.57,3841100,80.68,-0.090363920151154,IBM
2019-01-17,79.51,81.359,79.5,81.14,5029871,80.57,0.46867291563887,IBM
2019-01-18,82.22,83.668,81.66,82.77,6008509,81.14,1.3339880513954,IBM
2019-01-22,82.25,82.75,80.49,81.47,10052384,82.77,-1.0499111613633,IBM
2019-01-23,90.32,93.95,89.26,91.84,22063666,81.47,8.4639242572641,IBM
2019-01-24,91.58,92.155,90.38,91.48,6322928,91.84,-0.27090074497704,IBM
2019-01-25,91.82,93.39,91.38,92.92,5708500,91.48,1.0865464423149,IBM
2019-01-28,92.05,93.755,91.53,93.22,5357736,92.92,0.22393073076063,IBM
2019-01-29,93.24,94.365,92.55,93.28,5037129,93.22,0.044686080285993,IBM
2019-01-30,92.95,93.98,92.2,93.33,4500919,93.28,0.037221767289498,IBM
2019-01-31,93.4,93.666,92.69,93.37,4884031,93.33,0.029766334275928,IBM
2019-02-01,93.92,94.15,92.3,93.05,3806047,93.37,-0.23805981252789,IBM
2019-02-04,92.97,94.15,91.94,94.14,3966597,93.05,0.81282624906786,IBM
2019-02-05,94.23,94.77,93.87,94.5,5398907,94.14,0.2662918854945,IBM
2019-02-06,94.17,95.6,94.12,95.27,4879670,94.5,0.56805606787162,IBM
2019-02-07,94.07,94.99,92.64,93.71,4379439,95.27,-2.2960680751174,IBM
2019-02-08,92.86,94.23,92.71,94.23,3250074,93.71,0.39041970117877,IBM
2019-02-11,94.81,95.67,94.43,94.51,3095069,94.23,0.20940842121008,IBM
2019-02-12,95.67,96.72,95.38,96.57,3317161,94.51,1.5374281662811,IBM
2019-02-13,97.44,98.44,96.93,98.04,4253042,96.57,1.0804851157663,IBM
2019-02-14,97.69,98.122,96.73,97.0,2789839,98.04,-0.7562536358348,IBM
2019-02-15,98.1,98.705,97.905,98.55,3844062,97.0,1.1356975381008,IBM
2019-02-19,98.33,99.22,97.88,99.22,3385675,98.55,0.48540172426283,IBM
2019-02-20,99.28,99.76,97.74,98.52,3801979,99.22,-0.50468637346791,IBM
2019-02-21,98.34,98.87,97.87,98.36,2937467,98.52,-0.1159420289855,IBM
2019-02-22,99.25,99.9,98.95,99.77,3113698,98.36,1.0229251305862,IBM
2019-02-25,100.52,100.99,99.84,99.98,3194161,99.77,0.15080789946141,IBM
2019-02-26,100.19,101.01,99.99,100.24,3060381,99.98,0.1864333859171,IBM
2019-02-27,99.77,100.09,98.921,99.69,2530968,100.24,-0.39364443172059,IBM
2019-02-28,99.29,99.575,98.24,98.65,3457788,99.69,-0.74728749011999,IBM
2019-03-01,99.83,100.56,99.16,99.72,3030044,98.65,0.77463259248534,IBM
2019-03-04,100.51,100.6,97.69,98.95,3407217,99.72,-0.55316091954022,IBM
2019-03-05,98.89,99.26,98.075,98.4,4250650,98.95,-0.39731272123096,IBM
2019-03-06,98.64,98.909,97.24,97.5,2768256,98.4,-0.65274151436032,IBM
2019-03-07,97.13,97.41,95.154,95.88,4358802,97.5,-1.1826544021025,IBM
2019-03-08,94.73,95.76,94.1,95.61,3773722,95.88,-0.19946808510639,IBM
2019-03-11,96.55,98.25,96.36,98.23,3939517,95.61,1.939447775557,IBM
2019-03-12,99.04,100.215,98.38,98.8,3954653,98.23,0.41391329605693,IBM
2019-03-13,98.57,99.845,98.37,99.08,3173179,98.8,0.20248770610356,IBM
2019-03-14,99.03,99.46,98.58,99.31,2738790,99.08,0.16599307159353,IBM
2019-03-15,99.89,100.85,99.75,99.95,7153687,99.31,0.46112832336625,IBM
2019-03-18,100.35,100.885,99.24,100.73,3268510,99.95,0.5594204977408,IBM
2019-03-19,101.48,102.222,100.522,101.01,3482336,100.73,0.19970044932601,IBM
2019-03-20,101.05,101.22,99.5,100.12,3649455,101.01,-0.63349704605311,IBM
2019-03-21,99.62,102.64,99.4,101.96,3605420,100.12,1.3180515759312,IBM
2019-03-22,101.49,101.96,99.42,99.97,3877616,101.96,-1.4069570135747,IBM
2019-03-25,99.58,100.43,98.87,99.7,2839766,99.97,-0.19361778415201,IBM
2019-03-26,100.45,101.54,99.94,100.74,2553708,99.7,0.74723379795947,IBM
2019-03-27,100.93,101.01,98.92,99.76,3098233,100.74,-0.69890172585936,IBM
2019-03-28,100.43,100.96,99.62,100.44,2663884,99.76,0.48836541223785,IBM
2019-03-29,101.02,101.74,100.67,101.62,3101454,100.44,0.84333905088623,IBM
2019-04-01,102.03,103.93,102.03,103.82,3984250,101.62,1.5591778880227,IBM
2019-04-02,103.87,104.47,103.12,103.52,2404920,103.82,-0.20935101186323,IBM
2019-04-03,104.17,104.74,103.53,104.15,2681645,103.52,0.44055944055944,IBM
2019-04-04,104.14,104.66,103.06,103.3,2771462,104.15,-0.59179837081389,IBM
2019-04-05,103.81,104.02,102.98,103.8,2731985,103.3,0.35018910211514,IBM
2019-04-08,103.54,103.94,103.39,103.91,2118228,103.8,0.076772752652139,IBM
2019-04-09,103.18,103.47,102.36,102.63,3038460,103.91,-0.89267033963315,IBM
2019-04-10,102.72,104.015,102.5,103.54,2678310,102.63,0.64034902540285,IBM
2019-04-11,104.32,104.63,103.55,104.3,2941985,103.54,0.53139421059991,IBM
2019-04-12,104.78,104.96,104.22,104.87,2898899,104.3,0.39643900403394,IBM
2019-04-15,104.92,104.98,103.79,104.42,3603158,104.87,-0.31174229303775,IBM
2019-04-16,104.92,105.91,104.54,105.66,6301671,104.42,0.86170952050033,IBM
2019-04-17,97.89,102.5,96.78,99.63,12525693,105.66,-4.1546093427036,IBM
2019-04-18,99.52,101.01,99.22,100.85,4960015,99.63,0.87700380993458,IBM
2019-04-22,99.94,101.08,99.0,99.41,4494333,100.85,-1.0261526402052,IBM
2019-04-23,99.67,101.44,99.46,100.96,4462240,99.41,1.1159910720714,IBM
2019-04-24,101.12,101.83,100.3,100.47,2774867,100.96,-0.3489034463116,IBM
2019-04-25,100.22,100.268,98.23,99.15,2910113,100.47,-0.94319399785637,IBM
2019-04-26,99.86,100.41,99.33,99.96,2319834,99.15,0.58428911491019,IBM
2019-04-29,99.67,100.15,99.33,99.57,2958333,99.96,-0.27969018932873,IBM
2019-04-30,99.63,100.96,99.2,100.79,4638828,99.57,0.87738223660554,IBM
2019-05-01,101.07,102.33,100.69,101.08,3053683,100.79,0.20674413630854,IBM
2019-05-02,101.02,101.8,99.93,100.11,3541352,101.08,-0.69009675583381,IBM
2019-05-03,100.22,101.52,100.15,100.77,2580034,100.11,0.47281323877068,IBM
2019-05-06,98.82,101.21,98.42,100.9,2793655,100.77,0.092691622103384,IBM
2019-05-07,99.67,100.03,96.71,98.16,4726771,100.9,-1.9518449921641,IBM
2019-05-08,98.29,99.22,97.65,98.52,3818909,98.16,0.26155187445511,IBM
2019-05-09,97.03,97.725,95.17,97.48,4192942,98.52,-1.9275362318841,IBM
2019-05-10,97.02,97.89,94.56,97.46,3977686,97.48,-0.014777597162709,IBM
2019-05-13,95.42,95.71,93.1,93.56,4958021,97.46,-2.8820573455513,IBM
2019-05-14,93.96,96.46,93.82,95.45,3280374,93.56,1.438137269822,IBM
2019-05-15,94.73,96.73,94.51,96.54,2551009,95.45,0.81764308754032,IBM
2019-05-16,96.88,98.25,96.78,98.02,3017472,96.54,1.1011904761905,IBM
2019-05-17,96.82,97.55,96.08,96.46,2619135,98.02,-1.1480718280836,IBM
2019-05-20,95.67,97.57,95.071,97.26,3264649,96.46,0.59559261465159,IBM
2019-05-21,98.26,99.2,97.93,98.59,2503504,97.26,0.98431024274718,IBM
2019-05-22,98.14,98.89,97.852,98.49,1849821,98.59,-0.073286918285082,IBM
2019-05-23,97.27,97.27,92.58,94.53,5343437,98.49,-2.9042904290429,IBM
2019-05-24,95.67,96.385,93.73,94.42,2596121,94.53,-0.083087846514076,IBM
2019-05-28,94.27,94.78,92.41,92.6,4909121,94.42,-1.3758693680073,IBM
2019-05-29,92.14,92.42,90.46,91.83,3678978,92.6,-0.59021922428331,IBM
2019-05-30,91.88,92.11,91.07,91.71,2741880,91.83,-0.092528336803149,IBM
2019-05-31,90.58,90.58,88.99,89.13,3539343,91.71,-1.9912016670526,IBM
2019-06-03,89.24,90.7,89.2,90.41,4267080,89.13,1.0079533821561,IBM
2019-06-04,91.7,94.88,91.225,94.83,3913535,90.41,3.4458563966633,IBM
2019-06-05,95.52,95.75,92.61,93.63,3161584,94.83,-0.90436355414876,IBM
2019-06-06,94.33,94.79,93.04,94.36,2298248,93.63,0.55517529850178,IBM
2019-06-07,94.61,96.86,94.35,95.45,2553398,94.36,0.82438360308577,IBM
2019-06-10,96.52,97.493,96.05,96.88,2911327,95.45,1.0726877203511,IBM
2019-06-11,97.46,98.6,97.19,98.09,3407345,96.88,0.89802582751965,IBM
2019-06-12,97.7,98.08,96.55,97.01,2254741,98.09,-0.79440970945199,IBM
2019-06-13,97.27,98.41,97.23,97.9,2955419,97.01,0.65989471342774,IBM
2019-06-14,97.58,98.02,96.57,97.29,2193367,97.9,-0.44932233352975,IBM
2019-06-17,97.53,98.17,96.84,97.09,2194129,97.29,-0.14798372179062,IBM
2019-06-18,97.34,99.33,97.34,98.52,2914698,97.09,1.0596517228603,IBM
2019-06-19,98.57,100.5,98.38,99.22,2382520,98.52,0.51327174072446,IBM
2019-06-20,101.07,101.68,100.34,100.99,3071017,99.22,1.2912168077035,IBM
2019-06-21,100.58,101.68,100.53,101.34,5288759,100.99,0.25207057976233,IBM
2019-06-24,101.34,102.29,101.19,101.49,2186137,101.34,0.10775862068966,IBM
2019-06-25,101.6,101.69,100.27,100.5,2801251,101.49,-0.71044133476855,IBM
2019-06-26,101.01,101.82,100.547,100.66,2284567,100.5,0.11564035848511,IBM
2019-06-27,100.86,101.44,100.09,100.66,2149824,100.66,0.0,IBM
2019-06-28,100.71,101.28,99.98,100.04,6154039,100.66,-0.44758879584176,IBM
2019-07-01,101.74,103.63,101.42,102.02,3387184,100.04,1.4358230601885,IBM
2019-07-02,101.89,102.57,101.61,102.36,2410092,102.02,0.24306548470117,IBM
2019-07-03,102.86,103.96,102.57,103.68,1930361,102.36,0.94137783483098,IBM
2019-07-05,103.01,103.63,102.05,103.52,2135085,103.68,-0.11304224954076,IBM
2019-07-08,103.19,103.425,102.41,102.71,2395487,103.52,-0.57292403451691,IBM
2019-07-09,102.75,103.13,101.27,101.47,3365227,102.71,-0.88212278580066,IBM
2019-07-10,102.14,104.05,101.93,102.61,2513931,101.47,0.8182013923778,IBM
2019-07-11,102.93,103.72,102.44,103.38,2133327,102.61,0.54815974941269,IBM
2019-07-12,104.06,105.06,103.8,104.88,2786276,103.38,1.0620220900595,IBM
2019-07-15,105.03,105.65,104.26,105.46,2368309,104.88,0.40633319321843,IBM
2019-07-16,105.31,106.18,105.16,105.67,3474688,105.46,0.14652525816356,IBM
2019-07-17,105.75,105.94,104.09,105.21,6064265,105.67,-0.32049048979308,IBM
2019-07-18,104.64,112.45,104.34,111.77,12695387,105.21,4.5851680995317,IBM
2019-07-19,112.1,113.72,111.69,111.82,7290678,111.77,0.033415758871892,IBM
2019-07-22,112.3,114.08,111.84,111.88,4093239,111.82,0.040085515766971,IBM
2019-07-23,112.71,112.86,110.52,112.52,3742204,111.88,0.42740750634432,IBM
2019-07-24,112.26,113.59,111.335,112.17,2952435,112.52,-0.23274371591967,IBM
2019-07-25,111.96,112.76,110.75,112.53,3102113,112.17,0.23995200959807,IBM
2019-07-26,113.14,113.55,112.24,113.5,2904494,112.53,0.64498969346368,IBM
2019-07-29,113.25,113.62,112.46,113.02,2075528,113.5,-0.3171247357294,IBM
2019-07-30,112.14,112.54,111.36,111.91,2632726,113.02,-0.73568398727465,IBM
2019-07-31,111.84,112.32,108.53,110.38,3722907,111.91,-1.0215664018161,IBM
2019-08-01,111.04,114.96,110.64,112.46,6344006,110.38,1.4031300593632,IBM
2019-08-02,111.17,115.09,107.73,109.39,8101720,112.46,-2.042309739223,IBM
2019-08-05,107.12,107.24,101.29,102.9,7114871,109.39,-4.4074702886248,IBM
2019-08-06,104.17,104.61,101.45,102.87,5070650,102.9,-0.021312872975278,IBM
2019-08-07,100.88,101.72,98.552,101.25,5931883,102.87,-1.1511404817736,IBM
2019-08-08,102.21,104.18,101.52,103.86,5261444,101.25,0.71166702609444,IBM
2019-08-09,103.03,103.07,99.11,99.89,5244594,103.86,-2.8336902212705,IBM
2019-08-12,99.42,99.63,96.94,97.88,4021476,99.89,-1.4765297877029,IBM
2019-08-13,97.56,100.33,96.566,99.55,4551170,97.88,1.2451535937966,IBM
2019-08-14,97.67,97.92,94.74,95.01,5114159,99.55,-3.3433978938066,IBM
2019-08-15,94.98,96.13,94.01,95.68,3738945,95.01,0.51047619047618,IBM
2019-08-16,96.8,98.35,96.714,97.52,3011993,95.68,1.3947847180109,IBM
2019-08-19,98.64,100.09,98.64,98.8,3165436,97.52,0.95693779904306,IBM
2019-08-20,99.0,99.04,96.57,96.76,3018934,98.8,-1.510663507109,IBM
2019-08-21,98.72,99.7,97.56,98.01,2806774,96.76,0.93984962406015,IBM
2019-08-22,98.45,99.44,97.57,98.08,2695009,98.01,0.052141527001857,IBM
2019-08-23,97.39,98.02,92.59,93.33,4818759,98.08,-3.5363311494937,IBM
2019-08-26,94.81,95.06,92.92,93.75,2836837,93.33,0.32414910858996,IBM
2019-08-27,94.96,95.456,94.07,94.93,4728392,93.75,0.90776213554887,IBM
2019-08-28,94.2,96.65,93.8,96.52,2720362,94.93,1.21216741633,IBM
2019-08-29,97.94,99.45,97.8,98.64,2972842,96.52,1.5968665260621,IBM
2019-08-30,99.34,99.83,98.123,99.29,2960594,98.64,0.48190984578885,IBM
2019-09-03,98.61,98.661,97.09,97.86,2828242,99.29,-1.0551169482771,IBM
2019-09-04,99.47,100.19,98.91,100.08,2262081,97.86,1.65548098434,IBM
2019-09-05,102.06,105.455,101.81,104.73,5012914,100.08,3.4110915492958,IBM
2019-09-06,105.28,105.285,104.22,104.33,2577200,104.73,-0.28374831524438,IBM
2019-09-09,104.35,106.78,104.22,106.36,4226944,104.33,1.4441203670769,IBM
2019-09-10,106.76,109.22,106.72,108.81,4979741,106.36,1.7180925666199,IBM
2019-09-11,108.61,108.88,106.465,107.36,3869731,108.81,-0.99965529127888,IBM
2019-09-12,107.79,107.8,105.64,107.38,2505432,107.36,0.013927576601678,IBM
2019-09-13,108.08,108.41,107.02,107.43,2206612,107.38,0.034814092744731,IBM
2019-09-16,106.32,107.4,106.03,106.24,1928500,107.43,-0.82828704670425,IBM
2019-09-17,106.24,106.24,104.42,105.96,2940494,106.24,-0.1965188096575,IBM
2019-09-18,105.81,106.06,104.27,105.98,1995159,105.96,0.014064697609009,IBM
2019-09-19,106.22,108.79,106.21,106.73,3182092,105.98,0.52735198987484,IBM
2019-09-20,107.01,107.59,105.58,105.64,5217881,106.73,-0.76239770581241,IBM
2019-09-23,104.95,105.98,104.318,105.83,1850061,105.64,0.13391598533972,IBM
2019-09-24,106.26,106.65,104.83,105.44,3311171,105.83,-0.27451256422889,IBM
2019-09-25,105.5,107.39,104.619,106.92,2546205,105.44,1.0446075663467,IBM
2019-09-26,106.93,107.64,105.17,107.31,2314542,106.92,0.27242246437553,IBM
2019-09-27,108.17,108.85,106.14,107.0,2357082,107.31,-0.21595262974573,IBM
2019-09-30,107.49,110.33,107.49,109.18,4004429,107.0,1.5219212510472,IBM
2019-10-01,109.35,111.11,107.3,107.42,2973714,109.18,-1.2102874432678,IBM
2019-10-02,105.95,106.026,104.33,105.45,3347276,107.42,-1.3712933314771,IBM
2019-10-03,105.38,105.83,102.94,105.78,3161718,105.45,0.23290281600678,IBM
2019-10-04,105.82,106.82,104.79,106.75,2449483,105.78,0.68300239402901,IBM
2019-10-07,106.02,106.46,104.98,105.04,2488799,106.75,-1.1958878243234,IBM
2019-10-08,104.0,104.235,102.01,102.14,3344083,105.04,-2.0526613816535,IBM
2019-10-09,103.53,104.09,102.55,103.43,2633472,102.14,0.93221563809799,IBM
2019-10-10,103.53,105.54,103.32,104.89,2646693,103.43,1.0453211140546,IBM
2019-10-11,106.53,108.26,106.37,106.52,3018669,104.89,1.1549635088217,IBM
2019-10-14,106.07,106.19,105.08,105.8,2325609,106.52,-0.50434295320818,IBM
2019-10-15,106.3,107.48,105.57,106.76,3046999,105.8,0.67586595325261,IBM
2019-10-16,106.25,106.71,105.151,105.87,5915705,106.76,-0.62237762237761,IBM
2019-10-17,98.76,99.76,96.67,98.02,15830810,105.87,-5.5238899444093,IBM
2019-10-18,97.98,98.25,96.01,97.85,7178379,98.02,-0.12661999106211,IBM
2019-10-21,96.37,96.86,94.66,96.34,6372983,97.85,-1.1261093295548,IBM
2019-10-22,96.31,97.81,95.37,97.72,4195803,96.34,1.040880977523,IBM
2019-10-23,97.28,98.325,96.46,98.14,3627345,97.72,0.31352642579874,IBM
2019-10-24,98.59,98.83,97.06,97.83,2619309,98.14,-0.23068909063849,IBM
2019-10-25,97.88,99.69,97.86,99.2,2579055,97.83,1.0218542552398,IBM
2019-10-28,99.76,100.39,99.205,99.73,3226132,99.2,0.39131718842292,IBM
2019-10-29,99.18,99.33,97.2,97.58,4160718,99.73,-1.581231153931,IBM
2019-10-30,97.59,99.04,96.96,99.01,2252989,97.58,1.0685996114183,IBM
2019-10-31,98.87,99.01,96.99,97.49,3412119,99.01,-1.1238447319778,IBM
2019-11-01,98.26,99.32,97.85,99.29,3089789,97.49,1.3459956629029,IBM
2019-11-04,100.0,101.5,99.99,101.43,3335389,99.29,1.5789862023168,IBM
2019-11-05,101.56,102.52,101.39,101.65,3014961,101.43,0.15980242609138,IBM
2019-11-06,101.76,102.54,101.31,102.54,4477291,101.65,0.64544201900066,IBM
2019-11-07,103.25,104.515,102.96,103.07,4073908,102.54,-0.78541576596052,IBM
2019-11-08,102.96,102.99,101.54,102.99,2278602,103.07,-0.058101532427906,IBM
2019-11-11,102.58,102.58,100.38,100.85,2568755,102.99,-1.5551195407311,IBM
2019-11-12,101.25,102.04,100.4,100.97,3046536,100.85,0.088580497527131,IBM
2019-11-13,100.77,100.96,99.225,99.86,3060924,100.97,-0.81864444280553,IBM
2019-11-14,99.51,99.71,98.71,99.38,4231471,99.86,-0.35693039857227,IBM
2019-11-15,99.77,100.5,99.41,99.78,3262656,99.38,0.29850746268657,IBM
2019-11-18,99.68,99.86,98.61,99.69,3210872,99.78,-0.066964285714288,IBM
2019-11-19,100.26,100.76,99.84,99.9,2995071,99.69,0.15635470180925,IBM
2019-11-20,99.44,99.841,98.13,98.58,4140148,99.9,-0.98126672613739,IBM
2019-11-21,98.78,99.55,98.36,99.22,3345343,98.58,0.48048048048049,IBM
2019-11-22,99.57,100.03,98.97,99.72,3297797,99.22,0.3735803945009,IBM
2019-11-25,99.85,101.38,99.73,101.35,2590170,99.72,1.2133392883728,IBM
2019-11-26,101.53,101.53,100.15,100.47,3793337,101.35,-0.64720158858571,IBM
2019-11-27,100.73,101.09,99.0,99.15,3282827,100.47,-0.9771263602043,IBM
2019-11-29,98.98,99.9,98.41,99.83,1825255,99.15,0.50833520221274,IBM
2019-12-02,99.83,99.88,97.86,98.29,3067831,99.83,-1.1454072145779,IBM
2019-12-03,97.38,97.82,96.069,97.5,3711071,98.29,-0.59438717929425,IBM
2019-12-04,98.24,99.06,97.34,97.37,3530773,97.5,-0.098395398122915,IBM
2019-12-05,98.37,98.62,97.006,97.29,3598578,97.37,-0.060610652322155,IBM
2019-12-06,98.13,99.27,98.08,98.6,3437994,97.29,0.99310135698583,IBM
2019-12-09,98.73,99.97,98.64,99.3,2978801,98.6,0.52544662963518,IBM
2019-12-10,99.3,100.22,98.94,99.29,3480385,99.3,-0.007467144563912,IBM
2019-12-11,99.49,99.89,99.05,99.14,3953311,99.29,-0.11201553282056,IBM
2019-12-12,99.08,101.04,99.04,100.7,4824186,99.14,1.1662679425837,IBM
2019-12-13,100.13,100.88,99.39,99.59,2534970,100.7,-0.82027785988766,IBM
2019-12-16,100.32,100.83,99.23,99.51,3049325,99.59,-0.059608076894429,IBM
2019-12-17,99.66,100.07,98.84,99.6,2907547,99.51,0.067099082979202,IBM
2019-12-18,99.93,100.38,99.53,99.79,3102353,99.6,0.14155863507674,IBM
2019-12-19,99.84,100.105,99.57,99.94,3866717,99.79,0.11159883937207,IBM
2019-12-20,101.12,101.8,100.33,100.97,7112072,99.94,0.76545778834721,IBM
2019-12-23,101.16,101.53,100.38,100.93,2803168,100.97,-0.029500700641634,IBM
2019-12-24,100.99,101.0,99.99,100.36,1202087,100.93,-0.42050903725564,IBM
2019-12-26,100.36,100.686,100.03,100.29,2130706,100.36,-0.051859534745883,IBM
2019-12-27,100.38,101.13,100.25,100.65,2752706,100.29,0.26684456304204,IBM
2019-12-30,100.58,100.68,97.88,98.19,4118937,100.65,-1.818585052118,IBM
2019-12-31,97.91,99.5,97.78,99.42,3778012,98.19,0.92613508018974,IBM
2020-01-02,100.38,101.3,100.15,100.8,3148833,99.42,1.0295434198747,IBM
2020-01-03,98.95,100.24,98.94,99.72,2373676,100.8,-0.7975188303057,IBM
2020-01-06,98.8,99.62,98.58,99.48,2426305,99.72,-0.1786511835641,IBM
2020-01-07,99.07,100.34,98.78,99.57,3275968,99.48,0.067114093959734,IBM
2020-01-08,99.89,101.24,99.3,100.69,4346140,99.57,0.83463745435577,IBM
2020-01-09,101.12,102.17,100.69,102.12,3732830,100.69,1.0568324587983,IBM
2020-01-10,102.38,103.25,101.69,102.07,3255641,102.12,-0.036565745209896,IBM
2020-01-13,100.86,102.02,100.45,101.98,3531572,102.07,-0.065842417148294,IBM
2020-01-14,101.66,102.519,100.93,101.2,3683458,101.98,-0.5710102489019,IBM
2020-01-15,101.38,103.435,101.09,102.0,4045952,101.2,0.58901487262554,IBM
2020-01-16,102.7,103.57,102.39,103.36,4320911,102.0,0.99546186502707,IBM
2020-01-17,101.92,103.71,101.54,103.69,5623336,103.36,0.23916509639079,IBM
2020-01-21,103.19,104.73,102.98,104.55,7244079,103.69,0.62179162750342,IBM
2020-01-22,108.7,111.17,107.93,109.27,16470431,104.55,3.3915355320831,IBM
2020-01-23,109.58,109.79,107.53,108.25,5657790,109.27,-0.70887483494335,IBM
2020-01-24,108.77,109.3,105.84,105.94,5580189,108.25,-1.6168544830965,IBM
2020-01-27,103.88,105.449,103.48,104.0,4166562,105.94,-1.3801935116676,IBM
2020-01-28,104.88,105.85,104.13,104.93,3451557,104.0,0.67089886019334,IBM
2020-01-29,104.55,104.96,102.975,103.07,3054714,104.93,-1.3328556073092,IBM
2020-01-30,102.14,102.35,100.35,102.15,5057906,103.07,-0.66816762292105,IBM
2020-01-31,108.28,109.43,106.17,109.11,18994560,102.15,5.0888352708927,IBM
2020-02-03,109.63,112.66,109.28,111.65,8887502,109.11,1.7672023933765,IBM
2020-02-04,113.16,114.76,112.26,114.49,5620966,111.65,1.9416148219047,IBM
2020-02-05,115.59,122.82,115.53,121.71,14386823,114.49,4.842062906579,IBM
2020-02-06,122.2,124.13,120.8,122.14,8400545,121.71,0.2750591697051,IBM
2020-02-07,121.55,122.54,119.92,120.41,6423429,122.14,-2.137024751212,IBM
2020-02-10,119.97,121.44,118.58,121.43,5239807,120.41,0.66488494882994,IBM
2020-02-11,122.12,122.22,119.73,120.48,3835112,121.43,-0.61516544712816,IBM
2020-02-12,120.75,122.6,120.52,122.31,4438007,120.48,1.192337763878,IBM
2020-02-13,121.37,121.83,120.41,121.31,3820697,122.31,-0.64387354323611,IBM
2020-02-14,121.42,121.56,116.77,117.7,6099244,121.31,-2.3394465685957,IBM
2020-02-18,116.79,118.38,116.64,118.1,3343514,117.7,0.26542800265428,IBM
2020-02-19,118.54,118.89,117.31,117.86,2733277,118.1,-0.1588352084712,IBM
2020-02-20,117.81,118.62,116.51,118.22,2880709,117.86,0.23863184409385,IBM
2020-02-21,118.04,118.04,115.84,116.84,3537258,118.22,-0.91257770136225,IBM
2020-02-24,112.51,115.05,112.38,113.43,5452408,116.84,-2.2757608115323,IBM
2020-02-25,113.51,114.07,108.261,108.71,6211547,113.43,-3.2233831865055,IBM
2020-02-26,109.9,111.06,106.6,106.75,5409537,108.71,-1.3831063439419,IBM
2020-02-27,104.24,105.69,100.01,100.11,8421125,106.75,-4.7513416815742,IBM
2020-02-28,96.98,98.09,93.36,97.15,13012228,100.11,-2.2237247389377,IBM
2020-03-02,97.75,101.44,94.95,101.3,8531415,97.15,3.1886285055705,IBM
2020-03-03,101.48,103.095,94.8,95.9,7896068,101.3,-4.0208488458675,IBM
2020-03-04,98.58,101.28,96.0,101.22,4996370,95.9,4.1272304111714,IBM
2020-03-05,97.5,99.29,95.45,96.55,5446227,101.22,-3.4793622410967,IBM
2020-03-06,93.7,95.33,91.52,94.73,8193257,96.55,-1.4048629872636,IBM
2020-03-09,87.16,89.41,84.28,84.81,10757487,94.73,-7.7663822124795,IBM
2020-03-10,89.78,91.88,82.76,91.77,11410688,84.81,5.9078176725235,IBM
2020-03-11,88.01,89.58,83.384,84.97,8451038,91.77,-5.450028051615,IBM
2020-03-12,76.65,76.8,69.28,69.81,12512655,84.97,-12.850724760532,IBM
2020-03-13,75.68,76.16,67.81,74.95,12502113,69.81,4.9995136659858,IBM
2020-03-16,65.0,74.41,62.0,66.08,10567960,74.95,-8.2167670217693,IBM
2020-03-17,67.61,74.395,64.1,73.65,9258338,66.08,7.6402906742027,IBM
2020-03-18,66.41,73.935,66.4,70.55,8772460,73.65,-2.906704172527,IBM
2020-03-19,69.33,70.69,65.235,67.34,8396521,70.55,-3.0999517141477,IBM
2020-03-20,67.92,67.99,61.71,62.39,10546455,67.34,-4.9332270281044,IBM
2020-03-23,61.6,64.74,57.56,61.77,9729393,62.39,-0.64996330852291,IBM
2020-03-24,66.99,73.04,66.26,72.48,7973944,61.77,11.301044634378,IBM
2020-03-25,72.48,79.478,69.83,72.85,8654047,72.48,0.35077739855896,IBM
2020-03-26,73.91,80.15,72.57,79.89,7158052,72.85,6.6509211147851,IBM
2020-03-27,75.58,78.5,74.645,75.03,6423038,79.89,-4.3050757374435,IBM
2020-03-30,75.09,80.46,74.81,79.93,5564541,75.03,4.535777098954,IBM
2020-03-31,79.0,80.81,77.17,77.93,6346676,79.93,-1.7710085893917,IBM
2020-04-01,73.36,76.92,71.521,72.14,6112947,77.93,-5.2195077977103,IBM
2020-04-02,72.37,77.32,72.14,77.0,6328674,72.14,4.6224082176146,IBM
2020-04-03,75.92,77.07,71.92,73.34,4538750,77.0,-3.3272727272727,IBM
2020-04-06,77.35,82.63,77.13,81.82,7034193,73.34,7.9744216663532,IBM
2020-04-07,85.8,86.57,81.87,81.94,5595329,81.82,0.10451140916217,IBM
2020-04-08,83.31,86.96,82.074,86.29,5158641,81.94,3.7845832608317,IBM
2020-04-09,87.48,89.92,87.167,88.5,5576815,86.29,1.8526280492916,IBM
2020-04-13,88.63,88.8,85.04,88.15,5119713,88.5,-0.28806584362139,IBM
2020-04-14,90.46,92.18,89.62,90.91,5088660,88.15,2.2781675608749,IBM
2020-04-15,86.12,87.185,83.76,85.69,5637341,90.91,-4.2127350496328,IBM
2020-04-16,86.01,86.75,81.42,82.73,6457556,85.69,-2.4938916505182,IBM
2020-04-17,86.3,87.39,84.92,87.12,4965992,82.73,3.7933120193554,IBM
2020-04-20,86.15,89.864,85.14,87.41,8181736,87.12,0.24142524142523,IBM
2020-04-21,81.0,84.145,79.06,83.76,14349032,87.41,-3.031309691886,IBM
2020-04-22,86.87,87.33,84.55,86.31,7087869,83.76,2.1839671120247,IBM
2020-04-23,86.57,90.03,86.12,88.35,6881615,86.31,1.709831531305,IBM
2020-04-24,89.41,92.0,87.763,91.72,4987346,88.35,2.7770910589205,IBM
2020-04-27,92.56,93.99,92.47,92.92,4923806,91.72,0.96215522771007,IBM
2020-04-28,95.03,95.2,92.38,93.27,4778144,92.92,0.2779542566709,IBM
2020-04-29,95.88,96.31,94.53,95.69,5257579,93.27,1.9165280747604,IBM
2020-04-30,93.52,94.27,92.22,92.56,6635783,95.69,-2.4322014142513,IBM
2020-05-01,90.19,90.47,88.39,88.87,4925535,92.56,-2.9388340235744,IBM
2020-05-04,87.82,88.97,86.391,88.68,4017877,88.87,-0.15590383195208,IBM
2020-05-05,90.39,91.32,89.47,89.58,3899416,88.68,0.73964497041419,IBM
2020-05-06,90.24,91.05,89.41,90.17,3864589,89.58,0.48131832272802,IBM
2020-05-07,91.61,91.89,89.48,89.86,4414328,90.17,-1.5750588617358,IBM
2020-05-08,91.3,91.86,89.69,91.62,5003939,89.86,1.4517858615854,IBM
2020-05-11,90.44,92.08,89.3,91.22,3535276,91.62,-0.32522969347101,IBM
2020-05-12,91.64,92.95,88.89,88.89,4784457,91.22,-1.9006444245044,IBM
2020-05-13,88.58,88.62,83.48,84.36,5882813,88.89,-3.7668385165475,IBM
2020-05-14,83.2,85.72,80.44,85.58,5259373,84.36,1.0541778277024,IBM
2020-05-15,84.56,86.02,83.88,85.61,4786330,85.58,0.025651988029073,IBM
2020-05-18,88.51,90.99,88.38,90.19,4207593,85.61,3.9151991793469,IBM
2020-05-19,89.82,90.8,88.77,88.92,3241117,90.19,-1.0447515630141,IBM
2020-05-20,89.56,91.096,89.23,90.01,3840858,88.92,0.9061434865741,IBM
2020-05-21,89.62,90.35,87.6,87.75,4000863,90.01,-1.8619212390839,IBM
2020-05-22,88.0,88.095,86.22,87.02,4180771,87.75,-0.61282740094023,IBM
2020-05-26,89.93,91.25,89.64,90.39,5469282,87.02,2.846524199679,IBM
2020-05-27,92.57,94.46,92.1,94.17,5727496,90.39,3.1044678055191,IBM
2020-05-28,95.5,95.6,92.85,93.16,3916377,94.17,-0.80452445435718,IBM
2020-05-29,92.3,93.76,90.87,93.53,7930467,93.16,0.29711716052357,IBM
2020-06-01,93.27,94.38,92.66,93.52,2883294,93.53,-0.0080064051241034,IBM
2020-06-02,94.3,94.63,93.29,94.63,2978056,93.52,0.88878212827288,IBM
2020-06-03,95.78,98.225,95.63,97.68,3917746,94.63,2.4206349206349,IBM
2020-06-04,96.41,97.58,95.65,97.52,3864785,97.68,-0.12398295234407,IBM
2020-06-05,102.515,102.86,100.38,100.69,5892960,97.52,2.4594615563659,IBM
2020-06-08,100.9,104.51,100.9,104.38,5370469,100.69,2.7941844616084,IBM
2020-06-09,102.15,102.23,99.65,100.5,5393644,104.38,-2.8581952117864,IBM
2020-06-10,100.78,100.86,98.43,98.5,4734835,100.5,-1.5166451808599,IBM
2020-06-11,94.66,94.73,86.465,86.64,11763629,98.5,-9.1322091322091,IBM
2020-06-12,89.88,91.75,87.91,90.54,6220327,86.64,3.3048046775697,IBM
2020-06-15,87.82,90.997,86.92,90.28,5151240,90.54,-0.21327208596505,IBM
2020-06-16,93.63,96.13,91.79,93.78,5609087,90.28,2.8771064529388,IBM
2020-06-17,94.46,94.88,92.03,92.78,3156836,93.78,-0.79904115061926,IBM
2020-06-18,91.63,93.03,90.96,92.79,2865362,92.78,0.0080547724526709,IBM
2020-06-19,94.8,95.45,90.88,91.1,8092354,92.79,-1.3611469072165,IBM
2020-06-22,90.75,91.13,89.16,89.7,4773499,91.1,-1.1431370947987,IBM
2020-06-23,90.64,91.53,87.86,88.04,6632605,89.7,-1.3711076236888,IBM
2020-06-24,86.95,86.95,84.51,85.05,6750990,88.04,-2.5039778912989,IBM
2020-06-25,85.39,87.84,84.73,87.66,6130626,85.05,2.2418828380003,IBM
2020-06-26,86.89,87.62,84.89,85.82,10750107,87.66,-1.5458287826598,IBM
2020-06-29,86.61,88.41,86.0,88.38,4159488,85.82,2.1844867309497,IBM
2020-06-30,87.82,89.83,87.63,89.4,3919469,88.38,0.8517745302714,IBM
2020-07-01,88.9,89.855,87.0,87.17,4655765,89.4,-1.8464850542353,IBM
2020-07-02,88.32,90.05,87.89,88.33,3746958,87.17,0.97857263371014,IBM
2020-07-06,89.88,90.48,88.09,88.82,4045439,88.33,0.40935672514619,IBM
2020-07-07,87.63,88.14,85.96,86.21,4278307,88.82,-2.1715616939845,IBM
2020-07-08,86.69,87.27,85.11,86.34,5192806,86.21,0.11056302092192,IBM
2020-07-09,86.63,86.63,83.83,84.34,4762991,86.34,-1.6990909863223,IBM
2020-07-10,84.13,87.2,83.92,86.98,4285705,84.34,2.2815659839253,IBM
2020-07-13,88.41,89.62,87.29,87.83,4650651,86.98,0.71820870299958,IBM
2020-07-14,87.25,89.52,86.55,89.23,4534397,87.83,1.1744966442953,IBM
2020-07-15,91.03,92.59,90.78,91.63,4473400,89.23,1.9900497512438,IBM
2020-07-16,91.31,93.11,90.79,92.64,4330917,91.63,0.82113821138212,IBM
2020-07-17,93.02,94.26,91.83,93.74,3988460,92.64,0.8870252399,IBM
2020-07-20,94.7,95.7,93.77,95.0,9927668,93.74,1.0071137399089,IBM
2020-07-21,99.79,100.8,94.43,94.69,15364948,95.0,-0.24531138719633,IBM
2020-07-22,94.53,98.1,94.43,97.3,8195366,94.69,2.0704426463589,IBM
2020-07-23,97.73,98.0,95.78,95.96,4220136,97.3,-1.0414237973109,IBM
2020-07-24,95.11,96.276,94.13,94.42,3531076,95.96,-1.2094557449148,IBM
2020-07-27,93.49,94.95,93.34,94.84,3733547,94.42,0.33388981636059,IBM
2020-07-28,94.45,94.97,92.78,93.1,4178176,94.84,-1.378654623247,IBM
2020-07-29,93.19,94.62,92.7,93.95,2833141,93.1,0.68289547682172,IBM
2020-07-30,92.34,92.535,90.27,91.53,3988062,93.95,-1.9310564953718,IBM
2020-07-31,91.34,91.62,89.72,91.57,5277652,91.53,0.032546786004876,IBM
2020-08-03,92.13,93.04,90.78,92.94,3526574,91.57,1.114364730763,IBM
2020-08-04,92.45,94.49,92.45,94.47,3431366,92.94,1.230793982785,IBM
2020-08-05,95.36,95.38,93.24,94.08,3675400,94.47,-0.3099173553719,IBM
2020-08-06,93.63,94.89,93.63,94.75,3417131,94.08,0.53407732164209,IBM
2020-08-07,93.76,95.33,93.47,95.22,3651226,94.75,-0.91975895972091,IBM
2020-08-10,95.68,97.5,95.445,97.37,3968295,95.22,1.7205505761844,IBM
2020-08-11,99.02,100.73,96.87,97.01,5001176,97.37,-0.28321925890961,IBM
2020-08-12,97.87,98.05,96.136,96.96,3530177,97.01,-0.039447731755422,IBM
2020-08-13,96.22,96.65,95.03,95.29,3171258,96.96,-1.3180741910024,IBM
2020-08-14,94.46,95.82,94.17,95.53,2963753,95.29,0.19195393105654,IBM
2020-08-17,95.51,95.85,94.67,94.7,3360064,95.53,-0.66256885128123,IBM
2020-08-18,95.26,95.76,94.5,95.18,2882355,94.7,0.38572806171649,IBM
2020-08-19,95.09,95.76,93.76,94.1,3743949,95.18,-0.86455331412104,IBM
2020-08-20,93.46,94.3,93.07,93.41,2561164,94.1,-0.55717054263566,IBM
2020-08-21,93.27,93.744,92.57,93.42,3385051,93.41,0.0081201786439228,IBM
2020-08-24,94.05,96.32,93.62,95.94,4070816,93.42,2.0461188697629,IBM
2020-08-25,96.26,97.08,94.75,94.9,2977697,95.94,-0.82749840865691,IBM
2020-08-26,95.21,95.38,94.21,94.43,3388687,94.9,-0.37708600770218,IBM
2020-08-27,94.86,95.36,94.24,94.91,3422654,94.43,0.38656680357575,IBM
2020-08-28,95.22,95.56,94.479,95.33,3099940,94.91,0.33694344163657,IBM
2020-08-31,95.51,95.51,93.29,93.57,4827879,95.33,-1.4072119613017,IBM
2020-09-01,93.11,94.21,92.41,93.66,3155623,93.57,0.072986781282948,IBM
2020-09-02,93.98,98.96,93.835,98.44,6592430,93.66,3.8735818476499,IBM
2020-09-03,98.45,100.21,93.91,94.71,5716750,98.44,-2.9099703541894,IBM
2020-09-04,94.61,95.61,91.5,92.56,6018238,94.71,-1.727601446364,IBM
2020-09-08,92.42,93.13,90.97,91.47,5210292,92.56,-0.89125102207686,IBM
2020-09-09,92.39,93.96,91.55,92.52,3770678,91.47,0.8662651596403,IBM
2020-09-10,92.79,93.836,90.5,90.82,3978805,92.52,-1.3904793063962,IBM
2020-09-11,91.65,92.96,90.99,91.72,3548091,90.82,0.74651625746516,IBM
2020-09-14,92.62,93.64,92.02,92.35,3641887,91.72,0.51868928042155,IBM
2020-09-15,93.08,93.66,92.5,92.7,2915221,92.35,0.28667376525513,IBM
2020-09-16,92.97,96.08,92.97,94.48,3789458,92.7,1.453773276707,IBM
2020-09-17,92.88,95.81,92.23,95.18,3171262,94.48,0.56351634197392,IBM
2020-09-18,94.52,95.18,92.91,93.02,5391570,95.18,-1.7291066282421,IBM
2020-09-21,90.74,90.96,88.84,90.51,5311441,93.02,-2.0446399478658,IBM
2020-09-22,90.59,91.71,89.79,90.77,2957809,90.51,0.21621621621622,IBM
2020-09-23,91.06,91.85,88.69,89.09,3939398,90.77,-1.394075180483,IBM
2020-09-24,88.36,89.775,86.74,88.35,3546160,89.09,-0.62273836573255,IBM
2020-09-25,87.86,89.67,87.2,89.21,2953686,88.35,0.72825810822254,IBM
2020-09-28,90.83,92.59,90.67,91.99,3509576,89.21,2.3371164354771,IBM
2020-09-29,91.67,92.446,90.47,91.2,2130564,91.99,-0.64897724472193,IBM
2020-09-30,91.64,93.17,91.06,91.93,3261235,91.2,0.60360509343476,IBM
2020-10-01,92.62,93.56,90.615,91.35,3211661,91.93,-0.47669926851319,IBM
2020-10-02,89.3,92.01,89.08,90.83,2925228,91.35,-0.42943265339831,IBM
2020-10-05,92.1,93.01,91.31,92.27,3050949,90.83,1.1943269470018,IBM
2020-10-06,92.84,95.09,91.85,92.23,3872265,92.27,-0.032784198016561,IBM
2020-10-07,92.93,94.65,92.58,94.33,2815663,92.23,1.7217348528327,IBM
2020-10-08,101.12,105.76,100.03,101.75,25288926,94.33,5.9804948819215,IBM
2020-10-09,102.26,102.26,97.86,98.05,8353704,101.75,-2.8139021978858,IBM
2020-10-12,98.33,98.51,96.7,97.47,4635115,98.05,-0.4538696298615,IBM
2020-10-13,96.83,97.41,94.72,95.36,5406088,97.47,-1.6586746324974,IBM
2020-10-14,95.39,97.2,95.39,96.2,3730139,95.36,0.67146282973621,IBM
2020-10-15,94.34,95.475,94.11,95.15,3389301,96.2,-0.83373034778466,IBM
2020-10-16,95.43,96.69,94.915,96.19,4714320,95.15,0.83273280486829,IBM
2020-10-19,97.06,97.61,95.34,95.78,7478735,96.19,-0.32557770189789,IBM
2020-10-20,90.06,90.41,87.1,87.63,21501073,95.78,-6.4929891650733,IBM
2020-10-21,86.92,87.95,85.05,85.32,9755308,87.63,-1.9681349578257,IBM
2020-10-22,85.26,86.32,83.24,86.02,7858158,85.32,0.60837823744134,IBM
2020-10-23,86.76,86.88,85.79,86.26,3893362,86.02,0.20732550103662,IBM
2020-10-26,84.71,85.16,82.1,82.48,7203366,86.26,-3.2586206896552,IBM
2020-10-27,82.41,82.48,80.29,80.82,5936106,82.48,-1.4792372126181,IBM
2020-10-28,78.92,79.99,76.18,76.91,9427321,80.82,-3.5365412445731,IBM
2020-10-29,77.51,79.9,76.81,79.17,6760241,76.91,2.1190811064229,IBM
2020-10-30,78.16,82.06,78.01,81.92,7923882,79.17,2.5250206592599,IBM
2020-11-02,82.91,84.087,82.51,83.17,5311497,81.92,1.1194698190937,IBM
2020-11-03,84.26,85.91,83.89,84.42,4204287,83.17,1.1070764325569,IBM
2020-11-04,82.59,84.17,81.42,82.16,5800071,84.42,-1.9796776454099,IBM
2020-11-05,83.56,85.55,83.27,85.03,4902206,82.16,2.5647899910634,IBM
2020-11-06,85.34,85.36,83.65,84.3,5249171,85.03,-0.63605471813191,IBM
2020-11-09,89.77,91.63,87.16,87.42,8992152,84.3,1.3065591020694,IBM
2020-11-10,88.58,90.06,88.14,89.8,5622756,87.42,2.0600709772353,IBM
2020-11-11,90.01,90.24,88.11,89.09,4289601,89.8,-0.60215418539564,IBM
2020-11-12,87.52,88.26,85.37,86.39,6500799,89.09,-2.3037542662116,IBM
2020-11-13,87.08,89.26,86.9,88.74,4683512,86.39,2.0524017467249,IBM
2020-11-16,90.19,90.44,89.01,90.25,5293385,88.74,1.2922550278134,IBM
2020-11-17,89.341,90.43,88.96,89.59,4134455,90.25,-0.55762081784386,IBM
2020-11-18,89.61,90.77,88.64,88.66,4606828,89.59,-0.79014443500425,IBM
2020-11-19,88.43,89.34,87.78,89.07,3439648,88.66,0.35111758157062,IBM
2020-11-20,89.49,89.93,88.58,88.83,5024593,89.07,-0.20481310803892,IBM
2020-11-23,89.32,92.405,89.16,91.98,5655119,88.83,2.6936890713186,IBM
2020-11-24,92.75,96.62,92.695,96.31,7758165,91.98,3.6056291114997,IBM
2020-11-25,94.82,96.22,94.0,96.09,4135894,96.31,-0.17682044687349,IBM
2020-11-27,96.09,97.203,95.8,96.24,2091186,96.09,0.1207729468599,IBM
2020-11-30,95.99,96.89,94.98,95.41,5987991,96.24,-0.66747084841174,IBM
2020-12-01,95.79,97.72,94.97,95.05,5312057,95.41,-0.29145077720207,IBM
2020-12-02,94.74,96.53,94.3,96.51,3690737,95.05,1.1854498213706,IBM
2020-12-03,96.05,96.75,95.18,95.5,4548161,96.51,-0.81046380998235,IBM
2020-12-04,95.86,99.27,95.53,99.09,5522760,95.5,2.9042957689507,IBM
2020-12-07,98.38,98.86,96.46,96.59,8318500,99.09,-1.9654088050314,IBM
2020-12-08,97.21,98.22,96.53,97.6,5395024,96.59,0.80994386527666,IBM
2020-12-09,97.69,99.58,97.59,98.68,6513517,97.6,0.85912019727946,IBM
2020-12-10,98.24,98.82,96.83,96.85,4803172,98.68,-1.44333149302,IBM
2020-12-11,95.97,97.4,95.5,96.16,4481416,96.85,-0.55217669654289,IBM
2020-12-14,97.21,98.134,95.36,95.42,5050023,96.16,-0.59547758912046,IBM
2020-12-15,96.28,97.82,95.33,97.82,4359601,95.42,1.9428478912005,IBM
2020-12-16,97.82,98.463,97.176,97.44,4530096,97.82,-0.30175494322243,IBM
2020-12-17,97.97,97.98,96.8,97.44,3787962,97.44,0.0,IBM
2020-12-18,97.48,98.29,96.86,97.74,7552845,97.44,0.2389486260454,IBM
2020-12-21,95.86,96.07,93.61,95.28,6115671,97.74,-1.9547079856973,IBM
2020-12-22,95.2,96.11,94.3,95.5,4337757,95.28,0.17829645838398,IBM
2020-12-23,95.77,97.1,95.63,95.79,2693889,95.5,0.23460885041664,IBM
2020-12-24,96.89,96.99,96.1,96.58,1761122,95.79,0.63761097659402,IBM
2020-12-28,96.99,98.49,96.35,96.71,3615222,96.58,0.10425856123185,IBM
2020-12-29,97.24,97.37,95.13,95.69,3487007,96.71,-0.81717673449767,IBM
2020-12-30,95.69,96.74,95.52,96.23,3380494,95.69,0.4361873990307,IBM
2020-12-31,96.11,97.92,95.88,97.77,3574696,96.23,1.2385394884993,IBM
2021-01-04,97.74,97.807,94.93,95.83,5179161,97.77,-1.5411503018748,IBM
2021-01-05,96.9,98.57,96.5,98.03,6114619,95.83,1.7750524447313,IBM
2021-01-06,98.79,103.77,98.61,101.18,7956740,98.03,2.4972253052164,IBM
2021-01-07,101.93,102.35,100.15,100.88,4507382,101.18,-0.2320365070771,IBM
2021-01-08,100.46,101.21,98.87,100.42,4676487,100.88,-0.35661679199939,IBM
2021-01-11,99.84,101.565,99.55,100.47,5602466,100.42,0.03890142379212,IBM
2021-01-12,100.98,101.74,99.83,101.1,3749213,100.47,0.48996733551096,IBM
2021-01-13,101.04,101.64,98.345,98.81,7677739,101.1,-1.7723086448417,IBM
2021-01-14,99.91,102.05,99.44,100.86,7503180,98.81,1.615190671289,IBM
2021-01-15,100.17,101.13,99.56,100.28,4905506,100.86,-0.44971698844694,IBM
2021-01-19,101.17,101.48,99.979,100.91,5397956,100.28,0.49069242152818,IBM
2021-01-20,101.59,102.95,100.45,101.97,5598705,100.91,0.82157804991474,IBM
2021-01-21,102.01,104.13,101.94,103.54,12819233,101.97,1.2069495694957,IBM
2021-01-22,92.59,92.59,89.25,90.5,38063533,103.54,-9.905051272313,IBM
2021-01-25,90.652,91.428,89.34,90.47,13686391,90.5,-0.025292976983392,IBM
2021-01-26,91.07,94.48,90.31,94.38,10694708,90.47,3.2973519986507,IBM
2021-01-27,93.97,96.68,93.511,94.36,12146541,94.38,-0.016327863499058,IBM
2021-01-28,94.69,95.09,91.96,91.97,8084051,94.36,-1.9514983261207,IBM
2021-01-29,92.11,93.19,90.79,91.0,11825496,91.97,-0.80779480346436,IBM
2021-02-01,91.79,92.84,90.62,92.43,6250508,91.0,1.200570900848,IBM
2021-02-02,91.25,92.89,91.17,91.33,6341883,92.43,-0.91256014600963,IBM
2021-02-03,90.93,91.69,90.01,91.01,6715366,91.33,-0.26791694574681,IBM
2021-02-04,91.8,92.99,90.76,92.91,4562124,91.01,1.5950302216252,IBM
2021-02-05,92.89,93.7,92.41,93.68,4565727,92.91,0.63625846967444,IBM
2021-02-08,94.51,95.867,94.29,95.5,5887999,93.68,1.4943755644963,IBM
2021-02-09,95.42,96.115,94.57,95.62,4717014,95.5,-1.2215840142383,IBM
2021-02-10,96.55,96.93,94.734,95.76,4866765,95.62,0.11466011466012,IBM
2021-02-11,95.52,95.725,94.15,94.43,5381556,95.76,-1.0880235602094,IBM
2021-02-12,94.52,94.88,93.61,94.32,3871195,94.43,-0.090976759573236,IBM
2021-02-16,93.67,94.12,92.88,93.59,6639790,94.32,-0.60430463576159,IBM
2021-02-17,92.79,94.08,92.54,93.49,3975906,93.59,-0.083284750562167,IBM
2021-02-18,94.02,94.46,93.22,94.25,5399145,93.49,0.6334917062599,IBM
2021-02-19,94.27,94.28,91.9,92.51,6578741,94.25,-1.4412325022778,IBM
2021-02-22,92.02,94.645,91.96,94.38,5879249,92.51,1.5715606353475,IBM
2021-02-23,94.44,94.87,93.32,94.23,4531464,94.38,-0.12411054112196,IBM
2021-02-24,94.32,97.01,94.04,96.73,5819983,94.23,2.0710794466076,IBM
2021-02-25,96.89,97.87,95.855,95.99,5691830,96.73,-0.6006006006006,IBM
2021-02-26,95.77,95.77,92.4,92.45,9050990,95.99,-2.8905037968482,IBM
2021-03-01,93.87,95.84,93.385,94.26,5715767,92.45,1.5219036407971,IBM
2021-03-02,94.26,95.42,93.78,93.85,4524299,94.26,-0.33957263541494,IBM
2021-03-03,94.19,96.154,93.5,95.88,7404269,93.85,1.6870273414776,IBM
2021-03-04,95.52,96.74,92.275,93.63,8068492,95.88,-1.8388362209873,IBM
2021-03-05,94.16,97.27,93.77,96.35,6949265,93.63,2.2645907917742,IBM
2021-03-08,96.51,100.37,96.4,98.33,7239191,96.35,1.6119840429862,IBM
2021-03-09,98.92,99.95,97.68,97.7,5609029,98.33,-0.50476724621424,IBM
2021-03-10,98.57,101.76,98.13,101.39,7247807,97.7,2.9714929940409,IBM
2021-03-11,101.61,102.16,100.3,100.66,5146937,101.39,-0.57089231250489,IBM
2021-03-12,100.71,101.2,100.13,101.13,4010100,100.66,0.36967122856693,IBM
2021-03-15,101.29,102.27,101.06,102.1,3421281,101.13,0.76012851657395,IBM
2021-03-16,101.8,102.04,100.86,101.76,4653178,102.1,-0.26442681599005,IBM
2021-03-17,101.98,103.01,101.01,102.55,4291351,101.76,0.61603243917654,IBM
2021-03-18,102.46,104.515,101.31,103.58,5835669,102.55,0.79826396961947,IBM
2021-03-19,103.54,103.96,102.05,102.42,9844983,103.58,-0.89189604797785,IBM
2021-03-22,102.02,104.24,101.41,104.07,4164914,102.42,1.2800620636152,IBM
2021-03-23,103.96,105.08,103.32,103.98,4356359,104.07,-0.068939103791653,IBM
2021-03-24,104.47,105.63,104.09,104.14,4005027,103.98,0.12264295569523,IBM
2021-03-25,103.85,106.76,103.29,106.59,5553966,104.14,1.8756698821007,IBM
2021-03-26,106.81,110.0,106.64,109.9,5567592,106.59,2.4874126399639,IBM
2021-03-29,109.5,110.59,109.03,109.38,4622664,109.9,-0.38128757882386,IBM
2021-03-30,109.38,109.79,107.54,108.24,4790366,109.38,-0.83909907257472,IBM
2021-03-31,108.06,108.23,106.23,106.78,4945315,108.24,-1.083729216152,IBM
2021-04-01,107.28,107.45,105.79,106.75,4074161,106.78,-0.022512381809996,IBM
2021-04-05,107.16,110.21,106.92,109.45,5471616,106.75,2.026570592209,IBM
2021-04-06,109.1,109.16,107.61,107.74,3620964,109.45,-1.2580004414037,IBM
2021-04-07,107.36,108.46,107.3,108.45,2976136,107.74,0.52898226791835,IBM
2021-04-08,108.09,109.15,107.68,108.64,4087228,108.45,0.14081375528051,IBM
2021-04-09,108.39,109.26,108.23,109.25,3023916,108.64,0.45145056246298,IBM
2021-04-12,108.54,108.89,107.37,108.11,3753959,109.25,-0.83990274810284,IBM
2021-04-13,106.52,107.14,103.9,104.7,8033530,108.11,-2.5336206256037,IBM
2021-04-14,104.825,106.3,104.04,106.15,5868049,104.7,1.1053514255222,IBM
2021-04-15,106.8,107.39,105.74,106.1,3883955,106.15,-0.03769886149437,IBM
2021-04-16,106.52,107.62,106.47,107.11,5291756,106.1,0.76180419369437,IBM
2021-04-19,107.12,107.335,106.1,106.64,8198582,107.11,-0.35182274122314,IBM
2021-04-20,110.59,113.29,110.22,111.68,15480579,106.64,3.7860576923077,IBM
2021-04-21,111.58,117.25,111.23,117.07,11909005,111.68,3.9012738853503,IBM
2021-04-22,117.22,118.26,114.52,114.8,7101368,117.07,-1.5813305468478,IBM
2021-04-23,114.83,117.13,114.47,115.95,4556700,114.8,0.81398640996603,IBM
2021-04-26,115.94,117.15,115.0,115.09,4710763,115.95,-0.60380537808047,IBM
2021-04-27,115.21,116.08,114.27,115.53,3884037,115.09,0.31080031080031,IBM
2021-04-28,116.44,116.92,115.62,116.52,3768129,115.53,0.69713400464757,IBM
2021-04-29,117.65,122.26,116.5,117.76,4353880,116.52,0.86713286713287,IBM
2021-04-30,117.22,117.35,114.07,115.4,8872181,117.76,-1.6361619523017,IBM
2021-05-03,117.33,119.27,117.07,118.27,5733463,115.4,2.0228361996053,IBM
2021-05-04,117.93,120.11,117.85,119.27,6350479,118.27,0.69084628670121,IBM
2021-05-05,119.46,119.46,118.49,118.74,3622786,119.27,-0.36363636363636,IBM
2021-05-06,118.78,122.035,118.7,121.94,7503487,118.74,2.2035532295827,IBM
2021-05-07,121.08,121.3,119.73,120.62,7003467,121.94,-1.9943403853928,IBM
2021-05-10,120.96,123.54,120.96,121.33,6983377,120.62,0.48810669599889,IBM
2021-05-11,120.15,120.35,118.06,119.38,7126404,121.33,-1.3340630772388,IBM
2021-05-12,119.0,119.31,116.3,116.46,5959579,119.38,-2.0246845097767,IBM
2021-05-13,116.61,120.06,116.44,119.33,4598920,116.46,2.0311394196744,IBM
2021-05-14,120.27,120.85,119.12,119.84,2747385,119.33,0.35374904626484,IBM
2021-05-17,119.6,120.96,119.49,120.27,4275172,119.84,0.29720763063313,IBM
2021-05-18,119.94,120.46,118.39,119.07,3824050,120.27,-0.82695885879679,IBM
2021-05-19,117.48,118.36,116.08,118.35,4300732,119.07,-0.50031269543465,IBM
2021-05-20,118.28,120.07,117.32,119.04,4112690,118.35,0.48187722606327,IBM
2021-05-21,119.44,120.859,119.44,119.9,4033482,119.04,0.59772032249097,IBM
2021-05-24,120.22,120.55,119.34,119.88,3297570,119.9,-0.013817880337163,IBM
2021-05-25,120.08,120.16,118.36,118.95,3937323,119.88,-0.64262023217248,IBM
2021-05-26,118.66,119.149,118.2,118.54,3083789,118.95,-0.28513804854301,IBM
2021-05-27,118.98,119.93,118.79,118.98,5630345,118.54,0.30687683079927,IBM
2021-05-28,119.37,119.49,118.645,118.9,2534811,118.98,-0.055625086914187,IBM
2021-06-01,120.16,120.99,118.91,119.35,2417455,118.9,0.3130652567135,IBM
2021-06-02,119.78,120.91,119.27,120.88,2786916,119.35,1.0610999375824,IBM
2021-06-03,120.07,121.04,119.2,120.71,4130741,120.88,-0.11666209168267,IBM
2021-06-04,121.16,122.71,120.92,122.58,3117905,120.71,1.2847818619031,IBM
2021-06-07,122.71,123.9,122.33,123.18,3462712,122.58,0.40700040700042,IBM
2021-06-08,123.28,125.36,123.28,124.23,5080099,123.18,0.70936359951357,IBM
2021-06-09,124.19,126.23,123.98,125.83,5303252,124.23,1.0733212584692,IBM
2021-06-10,126.63,128.0,124.92,125.7,4758488,125.83,-0.086281276962896,IBM
2021-06-11,125.59,127.005,125.53,126.44,3438255,125.7,0.49156370399894,IBM
2021-06-14,125.87,126.19,123.815,125.19,3344845,126.44,-0.8262823902697,IBM
2021-06-15,125.01,125.07,123.76,124.52,2513281,125.19,-0.44657735119642,IBM
2021-06-16,124.92,124.92,122.38,122.99,3879185,124.52,-1.0243706480986,IBM
2021-06-17,122.71,123.22,120.44,120.76,4367387,122.99,-1.5084894811608,IBM
2021-06-18,119.64,119.84,118.2,118.28,9156505,120.76,-1.7032967032967,IBM
2021-06-21,119.27,122.23,119.22,121.81,4285711,118.28,2.4664617104528,IBM
2021-06-22,121.68,121.97,120.51,121.52,2437121,121.81,-0.19774974428912,IBM
2021-06-23,121.59,121.66,119.73,119.77,3202644,121.52,-1.1956818802952,IBM
2021-06-24,120.96,121.35,119.85,120.6,3609679,119.77,0.57395754097226,IBM
2021-06-25,120.54,122.09,120.105,122.0,3594218,120.6,0.96259625962597,IBM
2021-06-28,122.17,122.46,120.072,120.45,3888869,122.0,-1.0555706891855,IBM
2021-06-29,120.42,121.9,120.26,120.71,2428626,120.45,0.1789524399477,IBM
2021-06-30,120.29,122.09,119.87,121.75,3245091,120.71,0.71453108897286,IBM
2021-07-01,122.12,122.66,121.73,122.0,2686289,121.75,0.17054369329422,IBM
2021-07-02,122.07,122.11,114.62,115.18,16828161,122.0,-4.6445110324162,IBM
2021-07-06,115.15,115.58,112.26,113.94,8093747,115.18,-0.88558777317527,IBM
2021-07-07,113.92,115.49,113.92,114.98,4059667,113.94,0.74938751981553,IBM
2021-07-08,112.94,116.47,112.82,115.9,5487425,114.98,0.65798884279789,IBM
2021-07-09,116.61,117.14,116.001,116.68,3904059,115.9,0.55421344322865,IBM
2021-07-12,116.59,117.12,115.275,116.08,3342627,116.68,-0.42396834369702,IBM
2021-07-13,116.08,116.08,114.79,115.44,3164294,116.08,-0.45415838773771,IBM
2021-07-14,115.88,115.91,114.087,114.98,4403752,115.44,-0.32791559737668,IBM
2021-07-15,114.48,115.62,113.961,115.61,3639698,114.98,0.45057931626376,IBM
2021-07-16,116.16,116.16,113.75,114.06,4109308,115.61,-1.1035955856176,IBM
2021-07-19,111.61,113.65,111.369,113.08,8582302,114.06,-0.70554355651549,IBM
2021-07-20,118.16,120.08,113.86,115.13,13611675,113.08,1.4863689095128,IBM
2021-07-21,115.13,116.55,114.81,116.46,4803977,115.13,0.95020361506038,IBM
2021-07-22,116.82,116.97,115.57,115.87,3314153,116.46,-0.41755130927106,IBM
2021-07-23,116.12,116.86,115.49,116.5,4474157,115.87,0.44772937246819,IBM
2021-07-26,116.55,118.16,116.29,117.93,4246266,116.5,1.0117447290222,IBM
2021-07-27,117.69,118.8,116.76,117.91,3137027,117.93,-0.014008545212587,IBM
2021-07-28,118.17,118.26,116.8,116.93,2544099,117.91,-0.68651488616462,IBM
2021-07-29,117.49,118.12,116.76,117.09,2670873,116.93,0.11285885589335,IBM
2021-07-30,116.68,117.01,115.95,116.12,3535555,117.09,-0.68343549637145,IBM
2021-08-02,116.61,118.22,116.19,116.58,2929540,116.12,0.32633371169125,IBM
2021-08-03,117.06,119.86,116.81,119.23,4084724,116.58,1.873850940461,IBM
2021-08-04,118.96,119.34,117.63,117.92,2830079,119.23,-0.90928021100854,IBM
2021-08-05,118.19,118.57,117.38,117.93,2757389,117.92,0.0070047632390161,IBM
2021-08-06,118.16,119.55,118.05,119.25,3826835,117.93,0.92456398403025,IBM
2021-08-09,119.0,119.295,117.77,118.05,4904065,119.25,-1.9709903532514,IBM
2021-08-10,118.01,118.611,117.14,118.18,5299869,118.05,0.092035398230085,IBM
2021-08-11,118.58,119.569,118.3,118.93,4259952,118.18,0.53048521714528,IBM
2021-08-12,119.06,119.95,118.877,119.87,2089418,118.93,0.66136635474565,IBM
2021-08-13,119.44,120.38,119.24,119.98,1910443,119.87,0.076885440693376,IBM
2021-08-16,120.03,120.54,119.03,120.39,2786343,119.98,0.28635284257578,IBM
2021-08-17,119.8,119.96,117.89,119.22,3074078,120.39,-0.81481997353577,IBM
2021-08-18,118.47,118.715,116.19,116.27,3510694,119.22,-2.0713382951833,IBM
2021-08-19,115.49,116.25,114.01,114.82,4160129,116.27,-1.039650103965,IBM
2021-08-20,114.54,116.18,114.07,115.91,2657763,114.82,0.78974061730184,IBM
2021-08-23,116.42,116.95,115.6,116.42,3039587,115.91,0.36661634677593,IBM
2021-08-24,116.58,117.03,116.12,116.64,2365638,116.42,0.157570548632,IBM
2021-08-25,116.72,117.6,116.26,116.66,2012817,116.64,0.014302059496575,IBM
2021-08-26,116.77,117.6,115.51,115.58,2498915,116.66,-0.77220077220078,IBM
2021-08-27,115.51,116.385,115.2,116.21,2459643,115.58,0.45395590142672,IBM
2021-08-30,116.3,116.68,115.615,115.77,1995526,116.21,-0.31561580948282,IBM
2021-08-31,116.34,117.74,115.75,117.14,4235101,115.77,0.98582427862129,IBM
2021-09-01,116.78,116.87,115.99,116.1,2474544,117.14,-0.74105743195097,IBM
2021-09-02,116.52,116.85,115.83,116.81,2715659,116.1,0.5096913137114,IBM
2021-09-03,116.48,117.27,116.1,116.38,1924215,116.81,-0.30712091993427,IBM
2021-09-07,116.45,116.59,114.561,114.86,3285363,116.38,-1.0889812294025,IBM
2021-09-08,114.94,115.89,114.4,115.47,2985409,114.86,0.44183688251484,IBM
2021-09-09,114.65,115.76,114.355,114.54,3508363,115.47,-0.67065695536163,IBM
2021-09-10,115.62,116.17,113.8,113.82,3975115,114.54,-0.52272397270219,IBM
2021-09-13,115.2,115.79,114.31,114.95,4144345,113.82,0.82469712450737,IBM
2021-09-14,115.2,115.37,112.14,113.02,4454291,114.95,-1.3970322113645,IBM
2021-09-15,113.02,114.6,112.47,114.0,3254122,113.02,0.71942446043165,IBM
2021-09-16,114.08,114.75,112.51,113.23,2643975,114.0,-0.56122448979591,IBM
2021-09-17,112.55,112.72,111.85,112.03,5633480,113.23,-0.87957194165507,IBM
2021-09-20,110.7,111.98,109.58,111.11,4770651,112.03,-0.6803224136656,IBM
2021-09-21,111.91,112.45,109.74,109.77,4074528,111.11,-0.99769190678282,IBM
2021-09-22,110.52,112.17,110.27,111.43,3602416,109.77,1.2484018951643,IBM
2021-09-23,112.05,114.22,111.83,113.53,3013238,111.43,1.5598306469583,IBM
2021-09-24,113.83,115.28,113.55,114.29,2964397,113.53,0.55583997659623,IBM
2021-09-27,114.76,115.865,114.28,115.36,3306865,114.29,0.77823841733944,IBM
2021-09-28,115.97,116.488,114.01,114.27,4314595,115.36,-0.78666281755197,IBM
2021-09-29,114.53,116.73,113.24,115.98,3774236,114.27,1.2439077616935,IBM
2021-09-30,116.8,117.37,115.3,115.73,5824431,115.98,-0.17962350912487,IBM
2021-10-01,117.8,120.77,117.17,120.12,6604064,115.73,3.1598646800547,IBM
2021-10-04,119.54,122.8,119.15,120.91,7351128,120.12,0.5512140664248,IBM
2021-10-05,121.55,121.8,119.44,119.95,6976648,120.91,-0.66615779612796,IBM
2021-10-06,119.28,120.17,117.69,119.16,5328433,119.95,-0.55186866922808,IBM
2021-10-07,119.53,120.195,118.33,118.61,3823803,119.16,-0.38634447878618,IBM
2021-10-08,118.61,120.45,117.85,120.02,3731279,118.61,0.99428813200761,IBM
2021-10-11,120.3,120.88,119.2,119.23,2793298,120.02,-0.55159893869571,IBM
2021-10-12,119.01,119.1,117.1,117.27,3148559,119.23,-1.376114582602,IBM
2021-10-13,117.32,118.21,116.46,117.56,2880747,117.27,0.20644977575282,IBM
2021-10-14,117.84,120.72,117.81,120.19,4217305,117.56,1.8684285308326,IBM
2021-10-15,120.19,121.65,119.59,121.41,3222778,120.19,0.85082641746288,IBM
2021-10-18,120.8,121.74,118.559,119.12,6154055,121.41,-1.5835696009958,IBM
2021-10-19,117.88,119.74,117.32,118.78,4339548,119.12,-0.23889825744801,IBM
2021-10-20,118.48,119.0,117.5,118.7,6189255,118.78,-0.056345964220302,IBM
2021-10-21,110.31,110.52,104.9,105.13,31466529,118.7,-9.5630725863284,IBM
2021-10-22,104.85,107.05,103.411,104.68,11582195,105.13,-0.35065845866128,IBM
2021-10-25,104.33,105.45,103.74,104.44,6374038,104.68,-0.18767594619956,IBM
2021-10-26,104.32,105.1,103.555,103.93,8520872,104.44,-0.3995612660608,IBM
2021-10-27,104.24,104.68,101.81,101.97,6973432,103.93,-1.5417289388815,IBM
2021-10-28,101.97,103.11,101.42,102.64,6503003,101.97,0.53527203003915,IBM
2021-10-29,102.23,103.12,101.71,101.9,5916789,102.64,-0.58804831532105,IBM
2021-11-01,101.85,103.11,100.638,103.08,5905521,101.9,0.94324540367706,IBM
2021-11-02,103.1,103.97,101.71,102.98,4514438,103.08,-0.079189103579343,IBM
2021-11-03,103.03,104.09,102.48,103.93,5421406,102.98,0.75289269297828,IBM
2021-11-04,99.95,100.14,96.7,97.65,7208736,103.93,-4.9398253755998,IBM
2021-11-05,98.23,100.57,98.23,100.41,6790478,97.65,2.2838229209764,IBM
2021-11-08,100.785,101.58,100.33,101.34,5625275,100.41,0.75236631340507,IBM
2021-11-09,101.0,101.34,98.7,99.29,7236608,101.34,-2.9629034848242,IBM
2021-11-10,99.44,100.87,98.372,98.66,6268961,99.29,-0.52130740587505,IBM
2021-11-11,99.34,100.229,98.52,98.71,4643257,98.66,0.04159041756779,IBM
2021-11-12,98.44,99.08,97.22,97.4,5418279,98.71,-1.0892159308223,IBM
2021-11-15,97.98,98.6,96.75,97.31,5046321,97.4,-0.075655682582372,IBM
2021-11-16,97.36,98.34,96.86,96.9,4750760,97.31,-0.34491461260201,IBM
2021-11-17,96.82,97.77,96.22,96.5,4043289,96.9,-0.33766672294445,IBM
2021-11-18,96.8,96.8,94.75,95.1,5047879,96.5,-1.1858377096392,IBM
2021-11-19,94.93,95.0,93.71,94.49,5384548,95.1,-0.52288702211555,IBM
2021-11-22,94.44,97.25,93.63,94.91,6417218,94.49,0.36191296854804,IBM
2021-11-23,95.23,96.38,94.48,95.23,4914995,94.91,0.274748862368,IBM
2021-11-24,94.6,95.71,94.52,95.17,3220802,95.23,-0.051374261494993,IBM
2021-11-26,93.44,94.775,93.0,94.25,3322012,95.17,-0.78814357919986,IBM
2021-11-29,97.06,98.05,95.97,96.94,8949795,94.25,2.3227700543994,IBM
2021-11-30,95.94,97.68,94.89,95.54,9252701,96.94,-1.1814345991561,IBM
2021-12-01,96.69,97.37,95.29,95.36,5959867,95.54,-0.15371477369769,IBM
2021-12-02,95.81,96.42,95.0,95.34,5267149,95.36,-0.017105713308242,IBM
2021-12-03,95.8,97.8,95.8,97.28,6630139,95.34,1.6595380667237,IBM
2021-12-06,97.84,99.59,97.84,98.35,4785560,97.28,0.90037024570851,IBM
2021-12-07,98.915,100.52,98.51,100.02,5193991,98.35,1.3927112000667,IBM
2021-12-08,100.44,101.82,99.96,101.46,5483948,100.02,1.184405329824,IBM
2021-12-09,100.59,102.39,100.23,102.01,4601092,101.46,0.44708177532108,IBM
2021-12-10,102.74,103.77,101.8,102.53,4966921,102.01,0.42081411345797,IBM
2021-12-13,102.2,102.795,99.23,101.02,6847468,102.53,-1.2168587315658,IBM
2021-12-14,100.79,103.47,100.74,102.2,5716124,101.02,0.96263664545603,IBM
2021-12-15,102.24,103.255,100.62,101.55,4990028,102.2,-0.52521008403362,IBM
2021-12-16,101.95,105.08,101.915,104.37,7280537,101.55,2.2906343920072,IBM
2021-12-17,104.31,107.08,103.649,105.84,10382693,104.37,1.1673151750973,IBM
2021-12-20,104.16,105.64,103.14,105.5,4941411,105.84,-0.2668759811617,IBM
2021-12-21,106.1,107.776,106.1,107.41,4855972,105.5,1.5032268219739,IBM
2021-12-22,107.5,108.23,106.04,108.19,3923198,107.41,0.60479181204931,IBM
2021-12-23,108.44,109.4,107.96,109.07,3649044,108.19,0.67822736030828,IBM
2021-12-27,109.07,110.09,108.39,110.06,4294499,109.07,0.75786572762766,IBM
2021-12-28,110.04,111.66,110.03,111.07,3447079,110.06,0.76736058349794,IBM
2021-12-29,110.84,112.65,110.74,111.79,4239935,111.07,0.54286360551911,IBM
2021-12-30,112.19,112.81,111.77,112.35,3158111,111.79,0.41994750656168,IBM
2021-12-31,112.44,113.43,112.05,112.1,3362060,112.35,-0.18669255470092,IBM
2022-01-03,112.51,114.735,112.07,114.48,4610665,112.1,1.7806374382762,IBM
2022-01-04,114.54,118.39,114.34,116.46,7300011,114.48,1.4554542781535,IBM
2022-01-05,116.75,120.64,116.32,116.66,8956910,116.46,0.14490653528473,IBM
2022-01-06,116.64,116.85,110.95,113.78,9908081,116.66,-2.0836347851252,IBM
2022-01-07,113.34,114.102,111.951,113.27,5238099,113.78,-0.37682872764888,IBM
2022-01-10,112.91,114.64,111.82,113.47,5432807,113.27,0.14833494029518,IBM
2022-01-11,108.96,111.69,106.41,111.31,11105324,113.47,-1.5996445234392,IBM
2022-01-12,111.69,112.91,109.81,112.03,5352014,111.31,0.54188304357643,IBM
2022-01-13,112.34,114.49,112.0,113.2,4868349,112.03,0.87581405793846,IBM
2022-01-14,112.99,113.58,111.74,112.65,5310305,113.2,-0.40813297714454,IBM
2022-01-18,111.39,112.33,110.22,111.38,5247453,112.65,-0.94627822069891,IBM
2022-01-19,111.34,112.34,109.94,110.02,4103694,111.38,-1.0230179028133,IBM
2022-01-20,109.7,111.32,109.011,109.26,5278244,110.02,-0.57759537923698,IBM
2022-01-21,110.09,110.31,107.71,107.79,5906950,109.26,-1.1236813942822,IBM
2022-01-24,106.43,107.59,102.633,107.26,13777648,107.79,-0.40974101275609,IBM
2022-01-25,107.58,115.776,106.74,114.54,19715698,107.26,5.6512963825493,IBM
2022-01-26,114.91,115.51,111.57,112.7,8335992,114.54,-1.3519470977223,IBM
2022-01-27,112.1,113.19,110.52,110.96,5499566,112.7,-1.2959928496946,IBM
2022-01-28,111.63,112.97,110.23,112.94,5471497,110.96,1.4941140959855,IBM
2022-01-31,112.53,112.53,110.74,112.01,5859043,112.94,-0.6914498141264,IBM
2022-02-01,112.2,114.4,110.94,113.97,6206448,112.01,1.4673953732126,IBM
2022-02-02,114.14,115.995,113.7,115.69,5357237,113.97,1.2690917140117,IBM
2022-02-03,115.44,117.2,114.271,116.22,6100777,115.69,0.38615664845173,IBM
2022-02-04,116.3,117.26,114.655,115.59,4142045,116.22,-0.457250689505,IBM
2022-02-07,115.89,116.262,114.71,115.68,3759046,115.59,0.065621582209262,IBM
2022-02-08,115.67,115.96,114.22,115.46,4181825,115.68,-0.16030311862431,IBM
2022-02-09,116.28,116.79,115.27,116.23,5393478,115.46,0.56196175740766,IBM
2022-02-10,115.55,116.64,113.25,113.6,5978640,116.23,-3.0989186443138,IBM
2022-02-11,113.98,114.79,112.46,112.77,4176155,113.6,-0.62162971839426,IBM
2022-02-14,112.67,112.73,109.15,110.23,5345289,112.77,-1.9142361896149,IBM
2022-02-15,110.72,111.76,109.69,110.02,4395714,110.23,-0.16135228582406,IBM
2022-02-16,109.53,110.52,108.34,109.26,4875612,110.02,-0.58488533169154,IBM
2022-02-17,108.13,108.58,104.93,105.05,6796997,109.26,-3.2590184239046,IBM
2022-02-18,105.02,105.52,103.69,104.43,4609212,105.05,-0.49611906857646,IBM
2022-02-22,104.28,105.08,102.76,104.0,5349687,104.43,-0.34579815038198,IBM
2022-02-23,104.46,104.78,101.95,102.15,4086367,104.0,-1.4928986442866,IBM
2022-02-24,100.08,102.18,98.89,102.05,6563202,102.15,-0.081920209715732,IBM
2022-02-25,102.13,104.343,101.53,104.26,4460904,102.05,1.8119209641715,IBM
2022-02-28,102.29,103.465,101.119,102.59,6757332,104.26,-1.3448220325334,IBM
2022-03-01,102.75,103.47,100.78,101.43,4873331,102.59,-0.94686148069546,IBM
2022-03-02,102.729,104.72,101.88,103.94,4891435,101.43,2.0683971981871,IBM
2022-03-03,105.04,106.745,104.315,106.01,5206649,103.94,1.6712417245277,IBM
2022-03-04,104.48,107.43,104.29,106.7,4402911,106.01,0.54792344953545,IBM
2022-03-07,106.55,107.985,105.7,106.15,5047358,106.7,-0.43437055757385,IBM
2022-03-08,106.7,108.425,104.9,105.76,4887565,106.15,-0.30935194733084,IBM
2022-03-09,107.49,108.18,105.99,106.3,4403499,105.76,0.42966263526416,IBM
2022-03-10,105.83,106.11,103.205,104.43,5326835,106.3,-1.4815401679607,IBM
2022-03-11,105.08,106.85,103.99,104.04,4119630,104.43,-0.31363088057901,IBM
2022-03-14,104.53,105.24,102.765,104.02,3289440,104.04,-0.016134236850594,IBM
2022-03-15,104.08,106.02,103.3,105.72,4021228,104.02,1.3716314345651,IBM
2022-03-16,106.58,107.364,104.79,107.12,4292845,105.72,1.1142948105699,IBM
2022-03-17,107.18,108.37,106.61,108.04,3671903,107.12,0.7241813602015,IBM
2022-03-18,107.46,109.01,106.45,108.84,7466026,108.04,0.62519537355423,IBM
2022-03-21,109.08,109.82,107.48,108.18,3384636,108.84,-0.5125815470643,IBM
2022-03-22,108.58,109.38,107.93,109.14,2690193,108.18,0.74941451990633,IBM
2022-03-23,109.16,109.4,108.33,108.38,2924535,109.14,-0.58887339222067,IBM
2022-03-24,108.41,109.45,107.88,109.33,2971075,108.38,0.74045206547154,IBM
2022-03-25,109.58,111.48,109.39,111.43,3531746,109.33,1.6247582205029,IBM
2022-03-28,110.9,111.58,109.68,111.55,2483492,111.43,0.091358964598405,IBM
2022-03-29,112.12,112.92,110.51,112.02,5791032,111.55,0.35749600669354,IBM
2022-03-30,112.09,113.16,111.47,112.21,2622860,112.02,0.14400485068971,IBM
2022-03-31,110.8,111.96,110.08,110.1,4274029,112.21,-1.5969121319912,IBM
2022-04-01,109.74,110.35,108.14,110.23,4012373,110.1,0.099984617751112,IBM
2022-04-04,110.34,110.53,109.01,110.35,2811100,110.23,0.092201306185174,IBM
2022-04-05,109.93,111.31,108.74,108.97,3107181,110.35,-1.0593382973824,IBM
2022-04-06,107.86,109.595,107.33,109.47,3958057,108.97,0.38792769027853,IBM
2022-04-07,108.95,109.33,106.81,108.63,3538317,109.47,-0.64920009274285,IBM
2022-04-08,108.09,108.86,107.35,107.81,3143309,108.63,-0.63788409179308,IBM
2022-04-11,108.03,108.255,106.26,106.45,3202545,107.81,-1.0647459484851,IBM
2022-04-12,106.5,107.42,105.664,106.06,2690998,106.45,-0.30861755163409,IBM
2022-04-13,105.72,106.75,104.99,106.22,3064918,106.06,0.12700428639466,IBM
2022-04-14,109.01,110.66,106.46,106.64,6384180,106.22,0.33296337402886,IBM
2022-04-18,106.68,107.47,105.61,106.25,4884150,106.64,-0.30815423514539,IBM
2022-04-19,106.16,109.48,106.08,109.23,7971361,106.25,2.3618926844733,IBM
2022-04-20,115.08,119.64,113.46,118.4,17859155,109.23,7.10027100271,IBM
2022-04-21,118.31,121.96,117.43,119.93,9922349,118.4,1.1061307113939,IBM
2022-04-22,119.78,120.52,117.43,118.33,6508599,119.93,-1.1440829460136,IBM
2022-04-25,117.67,119.73,115.27,119.18,5748289,118.33,0.61482820976491,IBM
2022-04-26,119.08,119.95,116.25,116.27,4956236,119.18,-2.0920201294033,IBM
2022-04-27,115.86,117.2,114.71,115.14,4369052,116.27,-0.82972318085028,IBM
2022-04-28,116.93,117.07,114.89,115.82,4477068,115.14,0.50347993484378,IBM
2022-04-29,115.21,115.635,112.08,112.29,5078660,115.82,-2.6005598939148,IBM
2022-05-02,113.08,113.85,110.97,113.12,4213477,112.29,0.62778912336433,IBM
2022-05-03,113.08,113.68,112.07,112.6,3688574,113.12,-0.39085989176186,IBM
2022-05-04,112.95,117.95,112.22,117.48,5932574,112.6,3.6824630244491,IBM
2022-05-05,116.54,117.34,114.84,116.0,5957434,117.48,-1.0771470160117,IBM
2022-05-06,115.55,118.07,115.55,117.75,7306396,116.0,1.2875220718069,IBM
2022-05-09,116.14,118.075,115.045,116.17,7647933,117.75,-2.346190164887,IBM
2022-05-10,116.73,117.14,110.16,110.86,8642398,116.17,-3.949717346028,IBM
2022-05-11,111.59,114.69,111.59,112.48,5301131,110.86,1.2545496786185,IBM
2022-05-12,113.0,115.35,112.14,114.63,5384809,112.48,1.6443594646272,IBM
2022-05-13,114.73,115.53,112.78,115.33,4195218,114.63,0.52671181339352,IBM
2022-05-16,114.83,118.24,114.14,116.76,4250395,115.33,1.0703592814371,IBM
2022-05-17,118.92,120.1,117.37,120.1,4372909,116.76,2.4735244019847,IBM
2022-05-18,118.83,119.345,113.9,114.67,6003015,120.1,-3.9242610392426,IBM
2022-05-19,113.73,114.05,110.44,111.39,5819664,114.67,-2.4672784714909,IBM
2022-05-20,111.91,112.1,107.53,110.21,6914458,111.39,-0.91007249730064,IBM
2022-05-23,111.23,113.68,111.15,112.9,3591511,110.21,2.0937110834371,IBM
2022-05-24,112.3,116.1,112.15,115.53,4189723,112.9,2.005031638332,IBM
2022-05-25,114.59,116.55,114.59,116.12,3299303,115.53,0.44095665171896,IBM
2022-05-26,116.73,119.28,116.25,118.62,3929338,116.12,1.8602574596324,IBM
2022-05-27,119.12,121.469,118.97,121.0,4608215,118.62,1.7386222514428,IBM
2022-05-31,119.93,121.56,118.54,120.57,7978053,121.0,-0.30875278236519,IBM
2022-06-01,121.4,122.2,120.25,121.16,3796488,120.57,0.42494958225296,IBM
2022-06-02,121.18,122.02,118.58,121.88,3734812,121.16,0.51638815176074,IBM
2022-06-03,121.99,124.309,121.47,122.91,4352213,121.88,0.73492686407421,IBM
2022-06-06,124.71,126.46,123.73,124.61,4767100,122.91,1.2041365632526,IBM
2022-06-07,124.33,124.71,122.69,124.51,2887051,124.61,-0.069988801791709,IBM
2022-06-08,123.8,124.53,121.88,122.56,3005666,124.51,-1.365737498249,IBM
2022-06-09,121.88,122.77,119.66,119.69,3592551,122.56,-2.0379180572321,IBM
2022-06-10,119.53,119.53,116.98,117.92,4661716,119.69,-1.2829805740795,IBM
2022-06-13,115.7,119.3,115.49,116.84,6486044,117.92,-0.7930097657684,IBM
2022-06-14,116.73,118.68,116.59,117.45,4607785,116.84,0.45148397601953,IBM
2022-06-15,117.74,120.18,117.31,118.79,4606887,117.45,0.98732684939582,IBM
2022-06-16,117.03,117.97,116.12,117.4,5386396,118.79,-1.0141543849409,IBM
2022-06-17,117.72,118.71,114.58,116.75,12968509,117.4,-0.4791037075256,IBM
2022-06-21,117.73,120.23,117.63,119.58,4089272,116.75,2.0959857798844,IBM
2022-06-22,117.83,119.91,117.76,118.81,3791635,119.58,-0.55857816467173,IBM
2022-06-23,118.87,120.35,118.23,120.17,4547925,118.81,0.99212138896993,IBM
2022-06-24,120.93,124.1,120.86,123.79,11493012,120.17,2.6148511990754,IBM
2022-06-27,123.99,125.56,123.68,124.53,3935968,123.79,0.52090665915811,IBM
2022-06-28,124.65,125.885,123.05,123.59,4065202,124.53,-0.65826330532213,IBM
2022-06-29,124.47,125.251,121.23,122.44,4161491,123.59,-0.8106583956013,IBM
2022-06-30,121.31,124.19,121.01,122.92,4878020,122.44,0.34112714092814,IBM
2022-07-01,122.73,123.4,120.99,122.85,4012106,122.92,-0.049578582052548,IBM
2022-07-05,121.7,121.7,117.0,119.35,6274067,122.85,-2.4801587301587,IBM
2022-07-06,119.73,120.87,118.86,119.81,3237059,119.35,0.33425374218864,IBM
2022-07-07,120.64,123.055,120.56,122.56,3897077,119.81,1.9915990730012,IBM
2022-07-08,122.49,123.05,121.55,122.2,2820928,122.56,-0.25562735212669,IBM
2022-07-11,122.35,123.6,121.86,122.73,3912773,122.2,0.37730476258276,IBM
2022-07-12,122.57,123.28,120.295,120.91,3235571,122.73,-1.290780141844,IBM
2022-07-13,118.91,120.63,118.53,118.91,4123213,120.91,-1.436988072999,IBM
2022-07-14,117.33,121.16,116.75,120.79,5298351,118.91,1.3704621664966,IBM
2022-07-15,122.41,122.41,120.34,121.65,4519320,120.79,0.61843808428016,IBM
2022-07-18,121.88,122.04,119.514,119.86,8231694,121.65,-1.2793024585477,IBM
2022-07-19,113.31,114.29,109.45,112.61,29690535,119.86,-5.2486787808586,IBM
2022-07-20,112.43,112.45,109.79,110.91,9882016,112.61,-1.2988997555012,IBM
2022-07-21,110.48,110.54,106.86,108.88,11975361,110.91,-1.5714506889611,IBM
2022-07-22,108.76,110.05,107.44,109.98,6467205,108.88,0.86511993708218,IBM
2022-07-25,110.17,110.856,109.63,110.27,4702352,109.98,0.2261208576998,IBM
2022-07-26,109.99,111.03,109.36,109.81,3645313,110.27,-0.35786525595144,IBM
2022-07-27,109.7,111.16,109.31,110.85,4175625,109.81,0.81199250468457,IBM
2022-07-28,110.48,111.54,110.336,110.95,3913680,110.85,0.077447335811644,IBM
2022-07-29,111.25,112.73,111.04,112.52,5786815,110.95,1.2149822008977,IBM
2022-08-01,112.48,114.43,112.43,113.77,4142099,112.52,0.9557305604404,IBM
2022-08-02,113.93,114.51,112.24,113.54,4403633,113.77,-0.17418963950317,IBM
2022-08-03,113.55,114.592,113.05,114.07,3088532,113.54,0.40209392307109,IBM
2022-08-04,113.88,114.017,112.75,113.37,3179789,114.07,-0.52894060752608,IBM
2022-08-05,112.98,114.4,112.8,114.21,2586519,113.37,0.63810391978122,IBM
2022-08-08,114.83,115.08,113.75,114.34,3825145,114.21,0.09812801932369,IBM
2022-08-09,113.3,114.17,112.5,112.85,3495991,114.34,-2.3678455621748,IBM
2022-08-10,114.13,115.16,113.72,114.88,3663995,112.85,1.5679307947787,IBM
2022-08-11,115.74,116.605,115.38,115.92,3501925,114.88,0.79087452471482,IBM
2022-08-12,116.0,117.47,115.36,117.39,2767054,115.92,1.1090991398823,IBM
2022-08-15,116.34,118.57,115.62,118.31,2791241,117.39,0.6865159316469,IBM
2022-08-16,117.98,120.75,117.832,119.94,4313600,118.31,1.2080337953013,IBM
2022-08-17,119.84,121.795,119.68,121.17,3667568,119.94,0.90070298769771,IBM
2022-08-18,121.17,122.5,121.13,122.45,3177726,121.17,0.92894985122288,IBM
2022-08-19,122.13,122.72,121.04,121.75,3155842,122.45,-0.50334363989357,IBM
2022-08-22,121.03,121.23,118.85,118.93,3093629,121.75,-2.0380140203801,IBM
2022-08-23,118.75,119.48,118.1,118.12,4141798,118.93,-0.59756547399484,IBM
2022-08-24,118.27,118.49,116.49,116.61,2855421,118.12,-1.1206768591361,IBM
2022-08-25,117.03,117.805,116.45,117.36,2706005,116.61,0.5629362756136,IBM
2022-08-26,117.48,117.56,113.72,113.76,4185254,117.36,-2.6869682042096,IBM
2022-08-29,113.37,114.8,112.95,113.69,2782973,113.76,-0.053689216137439,IBM
2022-08-30,113.94,114.15,112.67,112.96,2407888,113.69,-0.56020259381474,IBM
2022-08-31,113.3,113.38,111.78,111.83,3490380,112.96,-0.87204815557958,IBM
2022-09-01,111.78,113.197,111.12,113.04,3396219,111.83,0.94200077851305,IBM
2022-09-02,113.68,113.94,110.62,111.17,3040813,113.04,-1.4422335338578,IBM
2022-09-06,111.18,111.44,109.68,110.1,3347108,111.17,-0.83731121371,IBM
2022-09-07,110.07,111.247,109.66,111.09,2401513,110.1,0.78125,IBM
2022-09-08,110.58,111.92,109.97,111.85,2964613,111.09,0.59509826951688,IBM
2022-09-09,112.28,112.87,111.44,112.57,3293365,111.85,0.56044212656651,IBM
2022-09-12,113.71,114.37,113.27,114.04,3741168,112.57,1.1378589674123,IBM
2022-09-13,112.52,113.289,110.151,110.63,4565585,114.04,-2.6098270319914,IBM
2022-09-14,110.88,112.38,110.225,111.07,3819067,110.63,0.34577603143418,IBM
2022-09-15,110.77,110.845,108.28,108.87,5141671,111.07,-1.7229227034224,IBM
2022-09-16,107.74,110.91,107.21,110.65,9839696,108.87,1.4184397163121,IBM
2022-09-19,109.87,111.44,109.66,111.11,3981606,110.65,0.3614363164925,IBM
2022-09-20,110.28,110.37,108.9,109.68,2837485,111.11,-1.1195490487748,IBM
2022-09-21,110.27,111.22,108.3,108.31,3389545,109.68,-1.0847189231987,IBM
2022-09-22,108.14,109.89,107.79,108.69,4046748,108.31,0.30417033538781,IBM
2022-09-23,107.91,108.38,105.12,106.09,5195693,108.69,-2.0748543611843,IBM
2022-09-26,105.68,107.64,105.13,105.39,3987817,106.09,-0.57045065601825,IBM
2022-09-27,105.98,107.33,104.46,105.12,4117215,105.39,-0.22129333661176,IBM
2022-09-28,105.03,106.61,103.19,106.14,4996378,105.12,0.83785115820602,IBM
2022-09-29,105.23,106.0,103.95,105.01,3817723,106.14,-0.92049527533399,IBM
2022-09-30,105.04,105.81,101.99,102.19,5346108,105.01,-2.3185069472992,IBM
2022-10-03,103.54,105.59,102.98,104.89,4261729,102.19,2.2725359818197,IBM
2022-10-04,106.18,109.03,105.9,108.88,4566055,104.89,3.2836803555263,IBM
2022-10-05,108.09,109.84,107.61,109.12,3212872,108.88,0.19123505976095,IBM
2022-10-06,108.26,108.68,105.15,105.61,5074624,109.12,-2.7914744711309,IBM
2022-10-07,104.88,105.182,101.45,102.2,4499672,105.61,-2.7898224658431,IBM
2022-10-10,103.17,103.34,100.42,101.13,5990008,102.2,-0.90052179767715,IBM
2022-10-11,100.84,102.61,100.32,101.18,4043265,101.13,0.042462845010613,IBM
2022-10-12,101.38,102.19,100.58,100.95,3338754,101.18,-0.19524617996605,IBM
2022-10-13,99.48,105.53,98.925,105.17,5837645,100.95,3.5893510249213,IBM
2022-10-14,105.18,105.92,103.22,103.42,3763840,105.17,-1.4368995812464,IBM
2022-10-17,105.18,106.255,104.81,104.9,5458585,103.42,1.2329223592136,IBM
2022-10-18,106.38,107.32,105.2,106.32,5120336,104.9,1.1685319289006,IBM
2022-10-19,105.74,107.32,105.368,105.89,5906576,106.32,-0.34976411257523,IBM
2022-10-20,109.63,112.34,108.53,111.68,13623115,105.89,4.7261448045058,IBM
2022-10-21,111.77,114.225,110.97,113.28,7201256,111.68,1.2470771628994,IBM
2022-10-24,114.28,116.49,113.23,116.07,5610914,113.28,2.1478060046189,IBM
2022-10-25,115.38,116.68,114.68,116.31,5957623,116.07,0.18087271082976,IBM
2022-10-26,117.1,119.243,116.19,118.39,5140023,116.31,1.5647333182878,IBM
2022-10-27,118.93,119.78,117.825,118.15,3993168,118.39,-0.17776461002887,IBM
2022-10-28,118.94,122.242,118.6,121.89,5965457,118.15,2.7750983156489,IBM
2022-10-31,121.44,122.15,119.975,121.67,4915270,121.89,-0.15883329723486,IBM
2022-11-01,121.63,122.03,120.08,121.58,3590607,121.67,-0.0650806276665,IBM
2022-11-02,121.13,123.55,120.18,120.21,5365264,121.58,-0.99131693198262,IBM
2022-11-03,119.8,119.86,117.35,117.85,4442443,120.21,-1.7247679602426,IBM
2022-11-04,119.03,121.11,118.32,120.34,4177972,117.85,1.8517141369822,IBM
2022-11-07,120.02,122.08,119.89,121.72,4043062,120.34,1.0075934579439,IBM
2022-11-08,122.38,124.31,122.1,123.42,5042756,121.72,1.2288564406535,IBM
2022-11-09,122.98,123.93,121.97,122.42,4720007,123.42,-1.8923164810054,IBM
2022-11-10,125.29,126.4,123.32,126.26,5389025,122.42,2.7949632433219,IBM
2022-11-11,126.53,129.16,125.99,128.2,5871264,126.26,1.3736458259577,IBM
2022-11-14,127.66,131.11,127.21,129.23,5245624,128.2,0.71942446043166,IBM
2022-11-15,129.11,131.191,127.03,129.37,4727107,129.23,0.097087378640787,IBM
2022-11-16,129.16,129.98,129.038,129.55,3445302,129.37,0.12470555632535,IBM
2022-11-17,128.44,131.21,128.28,131.12,3955162,129.55,1.0863548297813,IBM
2022-11-18,131.59,133.34,130.97,132.67,4661735,131.12,1.0609898008077,IBM
2022-11-21,132.58,132.958,131.48,131.71,3476208,132.67,-0.65023028989432,IBM
2022-11-22,132.63,134.38,132.05,134.13,7062060,131.71,1.6498500136351,IBM
2022-11-23,134.13,135.49,133.33,133.78,3658459,134.13,-0.23474178403755,IBM
2022-11-25,133.3,134.52,133.131,133.4,2075156,133.78,-0.25546218487395,IBM
2022-11-28,133.01,133.27,130.965,131.21,3538696,133.4,-1.4760396306531,IBM
2022-11-29,130.94,132.197,130.73,131.52,2754744,131.21,0.21206731427008,IBM
2022-11-30,131.22,134.67,130.7,133.93,6377582,131.52,1.6451634923886,IBM
2022-12-01,135.01,135.04,132.37,134.19,4495924,133.93,0.17461383478844,IBM
2022-12-02,133.16,134.19,132.76,133.7,2899995,134.19,-0.32850630195764,IBM
2022-12-05,132.97,133.96,131.83,132.44,2784767,133.7,-0.84751462971682,IBM
2022-12-06,132.33,132.83,131.73,132.53,2847610,132.44,0.061054202564279,IBM
2022-12-07,132.36,133.135,131.32,132.3,3971285,132.53,-0.15593220338982,IBM
2022-12-08,132.93,134.183,132.395,132.81,2665687,132.3,0.34630270930943,IBM
2022-12-09,132.43,133.37,132.0,132.08,3047581,132.81,-0.49397753417241,IBM
2022-12-12,132.85,134.24,131.973,134.24,4032780,132.08,1.468888133288,IBM
2022-12-13,135.4,138.24,134.98,135.6,8811553,134.24,0.91146705984853,IBM
2022-12-14,135.5,136.94,133.48,134.89,4205878,135.6,-0.47154147572556,IBM
2022-12-15,133.55,134.01,126.61,127.39,6687744,134.89,-5.0046710262912,IBM
2022-12-16,126.28,126.945,124.0,125.19,9834427,127.39,-1.5453779151447,IBM
2022-12-19,125.19,125.47,122.225,123.9,5282860,125.19,-0.92037671232876,IBM
2022-12-20,123.87,126.455,123.37,126.31,5156450,123.9,1.7354360192986,IBM
2022-12-21,126.87,128.12,126.005,127.17,3793700,126.31,0.60872027180067,IBM
2022-12-22,125.98,126.47,123.65,125.91,3337851,127.17,-0.88644997889404,IBM
2022-12-23,125.62,126.887,124.63,126.68,2092715,125.91,0.54656445201591,IBM
2022-12-27,126.76,127.75,126.26,127.45,2742525,126.68,0.54359336392515,IBM
2022-12-28,127.43,127.84,124.98,125.05,2539577,127.45,-1.6851565791321,IBM
2022-12-29,125.61,127.29,125.48,126.09,2337207,125.05,0.74275103556634,IBM
2022-12-30,125.57,125.93,124.48,125.92,2858110,126.09,-0.12051609244294,IBM
2023-01-03,126.13,126.93,125.51,126.58,3338829,125.92,0.46845056427002,IBM
2023-01-04,127.1,128.645,126.398,127.63,3869236,126.58,0.74178735429176,IBM
2023-01-05,127.47,127.528,125.04,126.14,2866648,127.63,-1.0448807854137,IBM
2023-01-06,127.41,129.28,126.61,128.73,3574042,126.14,1.8354475232088,IBM
2023-01-09,129.11,130.5,128.43,128.58,3987782,128.73,-0.10438413361168,IBM
2023-01-10,128.64,129.88,127.93,129.83,2152172,128.58,0.8707767328457,IBM
2023-01-11,130.03,130.56,128.48,130.29,3268738,129.83,0.31767955801104,IBM
2023-01-12,129.91,131.69,129.55,130.58,2716118,130.29,0.19964202120337,IBM
2023-01-13,129.09,131.13,129.04,130.92,2455786,130.58,0.23359670216419,IBM
2023-01-17,131.45,132.21,130.04,130.22,2986461,130.92,-0.47981355816025,IBM
2023-01-18,129.43,129.708,125.255,125.44,6445642,130.22,-3.2922377574213,IBM
2023-01-19,125.03,127.26,124.78,125.65,4833924,125.44,0.14956199700877,IBM
2023-01-20,126.7,126.89,125.54,126.23,7153341,125.65,0.41245910965722,IBM
2023-01-23,126.43,128.015,126.09,126.89,5898436,126.23,0.4674220963173,IBM
2023-01-24,126.28,127.78,125.03,126.52,4407622,126.89,-0.26082052728042,IBM
2023-01-25,125.5,126.06,124.39,125.79,7347453,126.52,-0.51593752208638,IBM
2023-01-26,122.56,123.3,118.01,119.48,17548483,125.79,-4.4828076157999,IBM
2023-01-27,119.47,120.518,118.8,119.42,8143146,119.48,-0.044626255113427,IBM
2023-01-30,119.35,121.14,119.01,120.33,5375712,119.42,0.67713371530622,IBM
2023-01-31,120.53,120.68,118.79,119.76,7206448,120.33,-0.42128603104214,IBM
2023-02-01,119.52,120.82,117.83,120.12,5428898,119.76,0.26720106880429,IBM
2023-02-02,120.99,121.75,119.88,121.42,6107793,120.12,0.96232141535272,IBM
2023-02-03,121.38,121.98,120.56,121.97,3755720,121.42,0.40325537062835,IBM
2023-02-06,120.86,121.35,119.98,121.21,4841300,121.97,-0.554987585804,IBM
2023-02-07,120.7,121.43,119.48,120.87,3737553,121.21,-0.24966955500074,IBM
2023-02-08,120.74,121.77,120.19,121.01,4593748,120.87,0.10306242638397,IBM
2023-02-09,121.67,122.41,120.02,120.43,3918817,121.01,-1.6399470510369,IBM
2023-02-10,120.46,122.45,120.18,122.28,5049571,120.43,1.3831775700935,IBM
2023-02-13,122.68,124.07,122.53,124.03,4403015,122.28,1.2905604719764,IBM
2023-02-14,123.73,123.92,121.73,122.69,3202172,124.03,-0.97560975609756,IBM
2023-02-15,121.88,123.125,121.75,123.08,2507004,122.69,0.28674362179253,IBM
2023-02-16,122.25,122.647,121.27,121.68,2965495,123.08,-1.0263929618768,IBM
2023-02-17,121.18,122.26,120.57,121.7,3466184,121.68,0.014814814814822,IBM
2023-02-21,120.68,121.065,118.34,118.39,4257210,121.7,-2.4514886683454,IBM
2023-02-22,118.58,118.67,116.97,117.65,3200185,118.39,-0.56184040695468,IBM
2023-02-23,118.18,118.38,115.54,117.47,3725648,117.65,-0.13743605405819,IBM
2023-02-24,116.3,117.35,115.9,117.25,3015907,117.47,-0.16820857863751,IBM
2023-02-27,118.1,118.55,116.81,117.17,2761326,117.25,-0.06126981695641,IBM
2023-02-28,117.23,117.29,115.82,115.98,5143133,117.17,-0.91194727565331,IBM
2023-03-01,115.58,116.153,114.42,114.87,3760678,115.98,-0.85846867749421,IBM
2023-03-02,115.07,115.9,114.39,115.61,3340254,114.87,0.57726811763789,IBM
2023-03-03,116.03,116.585,115.45,116.32,2860286,115.61,0.55068641898703,IBM
2023-03-06,116.32,117.54,116.27,116.87,2982980,116.32,0.42425177414379,IBM
2023-03-07,116.96,117.1,114.87,114.93,3530439,116.87,-1.4901298102773,IBM
2023-03-08,115.16,115.42,114.225,114.73,2778798,114.93,-0.1559454191033,IBM
2023-03-09,114.98,115.21,112.66,112.84,5478317,114.73,-1.475985942991,IBM
2023-03-10,112.8,113.97,111.81,112.13,5990867,112.84,-0.56277742549143,IBM
2023-03-13,111.83,114.87,111.53,112.26,8188369,112.13,0.10362694300518,IBM
2023-03-14,113.17,113.32,109.88,111.33,8114792,112.26,-0.74056378404204,IBM
2023-03-15,109.67,110.03,108.39,109.96,5989339,111.33,-1.099077416767,IBM
2023-03-16,109.64,111.5,108.6,111.38,6440023,109.96,1.1518494484101,IBM
2023-03-17,110.76,111.2,109.61,110.37,37400167,111.38,-0.80994386527667,IBM
2023-03-20,110.99,112.84,110.87,112.62,4588304,110.37,1.8190637885035,IBM
2023-03-21,113.58,113.83,112.34,113.25,3856345,112.62,0.50023820867079,IBM
2023-03-22,113.68,113.895,110.69,110.73,3549024,113.25,-1.9909931263333,IBM
2023-03-23,110.49,111.61,109.28,110.05,4651936,110.73,-0.54816606207174,IBM
2023-03-24,110.04,112.08,109.56,111.97,3812644,110.05,1.5562940747345,IBM
2023-03-27,113.15,116.935,113.15,115.99,6524113,111.97,3.2085561497326,IBM
2023-03-28,115.86,116.34,115.48,116.02,2889115,115.99,0.023200061866833,IBM
2023-03-29,116.8,117.03,115.86,116.39,3279846,116.02,0.28606772846761,IBM
2023-03-30,116.84,118.16,115.78,115.9,3561762,116.39,-0.37776578521317,IBM
2023-03-31,116.15,117.91,116.1,117.77,4524686,115.9,1.4471444048909,IBM
2023-04-03,117.65,119.29,117.45,118.74,3840139,117.77,0.73994965291021,IBM
2023-04-04,118.67,118.83,117.57,118.28,3382783,118.74,-0.34832651824929,IBM
2023-04-05,118.05,119.29,118.05,118.82,2898759,118.28,0.41033434650455,IBM
2023-04-06,118.84,119.28,116.995,117.18,3050581,118.82,-1.2411079158468,IBM
2023-04-10,116.51,117.76,115.92,117.71,2614402,117.18,0.40613026819923,IBM
2023-04-11,117.26,117.785,116.86,117.1,3132430,117.71,-0.46554224223461,IBM
2023-04-12,117.08,117.566,114.85,115.22,3957542,117.1,-1.4414967029597,IBM
2023-04-13,114.69,115.07,112.68,114.58,5621512,115.22,-0.49789948654114,IBM
2023-04-14,115.14,116.52,113.99,114.82,4180614,114.58,0.18764659890538,IBM
2023-04-17,114.98,115.4,113.48,114.5,3662666,114.82,-0.24972686124551,IBM
2023-04-18,114.82,115.36,114.03,114.46,3193787,114.5,-0.031294007197615,IBM
2023-04-19,113.18,113.66,111.98,113.0,7014368,114.46,-1.1425888245422,IBM
2023-04-20,116.83,117.66,112.52,113.04,9749618,113.0,0.0316656111463,IBM
2023-04-21,112.68,113.38,111.95,112.41,6725426,113.04,-0.49857549857549,IBM
2023-04-24,112.23,112.73,111.24,112.08,4043892,112.41,-0.26246719160105,IBM
2023-04-25,111.58,112.87,111.44,112.57,4275396,112.08,0.39074960127591,IBM
2023-04-26,112.49,113.225,111.8,112.53,4070168,112.57,-0.031773770752249,IBM
2023-04-27,113.05,113.7,112.135,113.65,3204889,112.53,0.88994835121176,IBM
2023-04-28,113.26,113.93,112.32,113.09,5061247,113.65,-0.44104906670867,IBM
2023-05-01,113.03,113.43,112.74,112.77,2724992,113.09,-0.25314452970492,IBM
2023-05-02,112.98,113.13,109.95,111.84,4445283,112.77,-0.7375684035213,IBM
2023-05-03,112.14,112.25,109.94,110.13,4554212,111.84,-1.366251198466,IBM
2023-05-04,109.71,110.2,108.436,109.25,4468237,110.13,-0.71283920615635,IBM
2023-05-05,109.79,110.78,109.485,110.33,4971936,109.25,0.88112915068941,IBM
2023-05-08,110.44,110.6,109.23,110.08,3663818,110.33,-0.20218358269309,IBM
2023-05-09,110.24,110.31,109.0,109.51,4540047,110.08,-1.807131280389,IBM
2023-05-10,110.33,110.83,109.44,110.36,4189222,109.51,0.70149376908475,IBM
2023-05-11,110.36,110.58,108.89,109.24,3446452,110.36,-0.91788231437468,IBM
2023-05-12,109.75,111.2,109.45,111.18,4564825,109.24,1.6046319272126,IBM
2023-05-15,111.34,112.028,110.68,111.7,2915725,111.18,0.4233148811462,IBM
2023-05-16,111.69,112.2,110.79,111.8,2749125,111.7,0.081063553826195,IBM
2023-05-17,112.28,114.19,111.81,114.05,4515134,111.8,1.822452616232,IBM
2023-05-18,113.64,114.85,113.529,114.49,3797883,114.05,0.35001193222497,IBM
2023-05-19,115.13,116.63,114.89,115.6,4306657,114.49,0.87990487514863,IBM
2023-05-22,115.84,116.53,115.49,115.84,2806770,115.6,0.18859028760018,IBM
2023-05-23,115.58,117.43,115.47,116.52,4592280,115.84,0.53333333333334,IBM
2023-05-24,116.16,116.24,113.81,114.02,3915505,116.52,-1.9503822749259,IBM
2023-05-25,113.95,115.57,113.35,115.1,4102854,114.02,0.85932527052832,IBM
2023-05-26,115.4,118.0,115.15,117.23,5612570,115.1,1.6803408015147,IBM
2023-05-30,117.9,118.41,116.6,117.82,3741050,117.23,0.45775467452867,IBM
2023-05-31,116.85,117.78,115.8,116.93,11590211,117.82,-0.68736484399134,IBM
2023-06-01,116.78,118.485,116.12,118.16,4136086,116.93,0.95652850143867,IBM
2023-06-02,118.72,121.46,118.49,120.76,5375796,118.16,2.0027730704052,IBM
2023-06-05,121.46,121.92,120.61,120.98,3993516,120.76,0.16613804561244,IBM
2023-06-06,120.77,121.28,120.22,121.03,3297951,120.98,0.03769601930037,IBM
2023-06-07,120.84,122.78,120.53,122.72,5772024,121.03,1.2736453387595,IBM
2023-06-08,123.03,124.32,122.35,122.75,4128939,122.72,0.022324750706951,IBM
2023-06-09,122.7,124.44,122.51,123.64,3981748,122.75,0.66215311360763,IBM
2023-06-12,124.34,124.96,124.162,124.76,4500120,123.64,0.82779009608276,IBM
2023-06-13,124.85,126.51,124.34,125.94,3927331,124.76,0.86497580999854,IBM
2023-06-14,126.14,127.27,125.28,125.54,4514888,125.94,-0.29069767441861,IBM
2023-06-15,125.61,127.14,125.515,126.74,3812582,125.54,0.87463556851313,IBM
2023-06-16,127.57,127.809,125.81,125.82,7473676,126.74,-0.66473988439308,IBM
2023-06-20,124.7,125.57,124.23,124.3,4272511,125.82,-1.1056153622345,IBM
2023-06-21,123.45,123.73,121.63,122.03,5501272,124.3,-1.6696087084437,IBM
2023-06-22,120.02,121.3,119.02,119.51,6013021,122.03,-1.8849577380507,IBM
2023-06-23,118.74,118.96,117.52,117.77,11324705,119.51,-1.3265228329648,IBM
2023-06-26,117.73,119.75,117.65,119.68,4845649,117.77,1.4757011512014,IBM
2023-06-27,119.64,121.29,119.17,120.68,3219909,119.68,0.76138267093041,IBM
2023-06-28,120.4,120.51,119.25,120.1,2753779,120.68,-0.43826507480732,IBM
2023-06-29,120.09,122.69,120.03,122.4,3639836,120.1,1.7455980570735,IBM
2023-06-30,123.03,123.37,121.765,122.15,4236677,122.4,-0.18648366403103,IBM
2023-07-03,121.76,122.69,121.21,122.01,1477149,122.15,-0.1046259621852,IBM
2023-07-05,121.66,122.65,120.93,122.58,2955870,122.01,0.42642328121495,IBM
2023-07-06,121.575,122.24,119.89,120.5,3508083,122.58,-1.5494636471991,IBM
2023-07-07,120.12,122.195,120.09,120.42,2982738,120.5,-0.06053268765132,IBM
2023-07-10,120.1,121.39,120.035,121.24,2369425,120.42,0.62083585705632,IBM
2023-07-11,122.0,122.9,121.57,122.78,2925238,121.24,1.1587659894658,IBM
2023-07-12,123.41,123.67,120.915,121.18,3732189,122.78,-1.1901219875037,IBM
2023-07-13,121.85,123.41,121.7,122.26,3221422,121.18,0.81300813008129,IBM
2023-07-14,122.25,122.26,121.28,121.74,2861496,122.26,-0.38829151732376,IBM
2023-07-17,121.6,122.95,121.44,122.58,3168419,121.74,0.62968515742129,IBM
2023-07-18,123.05,124.29,122.63,123.7,3852058,122.58,0.83432657926103,IBM
2023-07-19,123.87,124.79,123.53,123.82,5519992,123.7,0.088652482269486,IBM
2023-07-20,125.53,128.66,124.9,126.72,10896330,123.82,2.1405373486862,IBM
2023-07-21,126.55,128.12,126.1,127.28,5858741,126.72,0.40468275762394,IBM
2023-07-24,127.69,128.46,127.119,127.88,3475442,127.28,0.43184108248164,IBM
2023-07-25,127.76,128.77,127.38,128.67,3770813,127.88,0.56614590798339,IBM
2023-07-26,128.78,129.59,128.22,129.41,4046441,128.67,0.52732844010545,IBM
2023-07-27,130.64,131.72,130.24,131.31,6331563,129.41,1.346849082016,IBM
2023-07-28,131.78,132.29,131.19,131.79,6686627,131.31,0.33573476953206,IBM
2023-07-31,132.15,132.945,131.87,132.52,6138902,131.79,0.50888811432556,IBM
2023-08-01,132.59,132.82,130.51,131.67,4798703,132.52,-0.58954085171313,IBM
2023-08-02,131.12,132.64,130.65,132.51,4959381,131.67,0.58606014093349,IBM
2023-08-03,132.12,133.56,131.652,132.79,3952640,132.51,0.1942151626552,IBM
2023-08-04,133.43,134.43,132.33,132.58,4223204,132.79,-0.14537902388368,IBM
2023-08-07,133.34,134.84,133.27,134.52,3438654,132.58,1.344980587909,IBM
2023-08-08,134.04,134.49,132.45,134.25,4654582,134.52,-0.18470378984814,IBM
2023-08-09,134.94,134.94,132.3,132.49,4073038,134.25,-2.3439106298403,IBM
2023-08-10,133.04,134.58,132.69,133.25,4735763,132.49,0.53337076286055,IBM
2023-08-11,133.12,133.45,132.205,133.12,2526433,133.25,-0.090750436300171,IBM
2023-08-14,133.05,133.365,131.802,131.91,4226563,133.12,-0.84544438233651,IBM
2023-08-15,131.5,132.31,131.2,131.87,3656559,131.91,-0.028186879007816,IBM
2023-08-16,131.7,132.09,130.56,130.64,3285347,131.87,-0.86699090716855,IBM
2023-08-17,131.01,132.66,130.6,130.66,3742058,130.64,0.014220705346992,IBM
2023-08-18,130.0,131.83,129.76,131.41,3915480,130.66,0.53320062562207,IBM
2023-08-21,131.42,132.39,131.11,132.28,2937781,131.41,0.61523230323174,IBM
2023-08-22,132.66,133.225,131.3,131.49,3557734,132.28,-0.55524318245712,IBM
2023-08-23,131.72,133.475,131.58,133.41,2559083,131.49,1.35698635946,IBM
2023-08-24,133.505,134.47,133.22,133.55,2900244,133.41,0.097622202077969,IBM
2023-08-25,134.18,135.47,133.5,135.35,3660147,133.55,1.2539184952978,IBM
2023-08-28,135.41,136.74,135.21,136.02,3561347,135.35,0.46095631234951,IBM
2023-08-29,136.3,136.73,135.62,136.45,2778113,136.02,0.29448020819064,IBM
2023-08-30,136.42,136.92,135.745,136.86,2245402,136.45,0.27995903038581,IBM
2023-08-31,136.94,137.728,136.54,136.83,3885949,136.86,-0.020427618139726,IBM
2023-09-01,137.26,138.1,136.92,137.94,2727796,136.83,0.75597629912142,IBM
2023-09-05,137.91,139.0,137.572,138.13,3731281,137.94,0.12843044477491,IBM
2023-09-06,137.66,138.33,137.12,138.06,2932203,138.13,-0.047255788834128,IBM
2023-09-07,138.13,138.78,137.4,137.52,3333040,138.06,-0.36471700661893,IBM
2023-09-08,137.35,138.59,137.26,137.68,3722927,137.52,0.10845986984815,IBM
2023-09-11,138.57,138.78,137.58,138.38,3273720,137.68,0.47399783315276,IBM
2023-09-12,137.92,138.0,135.8,136.3,4457695,138.38,-1.4018061733387,IBM
2023-09-13,135.95,136.98,135.92,136.55,2627999,136.3,0.17088174982912,IBM
2023-09-14,137.38,137.73,136.48,137.35,2723200,136.55,0.54588877516205,IBM
2023-09-15,137.11,137.85,135.53,135.99,6234033,137.35,-0.92297251442144,IBM
2023-09-18,135.77,136.48,135.06,135.09,2508062,135.99,-0.61648058086171,IBM
2023-09-19,135.0,136.72,134.66,136.52,3945423,135.09,0.98559514783928,IBM
2023-09-20,138.36,141.93,138.13,139.83,9636681,136.52,2.2590772590773,IBM
2023-09-21,139.0,139.25,137.31,137.38,4944786,139.83,-1.6351865447507,IBM
2023-09-22,137.41,138.1,136.82,136.91,2562216,137.38,-0.31890351472384,IBM
2023-09-25,136.57,137.43,136.25,136.48,2694245,136.91,-0.29269620856307,IBM
2023-09-26,135.51,136.17,133.02,133.24,4824654,136.48,-2.211906062261,IBM
2023-09-27,133.67,133.82,131.76,133.17,4439121,133.24,-0.048869030996943,IBM
2023-09-28,132.14,132.282,130.205,131.58,5783422,133.17,-1.1105678563945,IBM
2023-09-29,132.0,132.13,129.61,130.3,5703983,131.58,-0.9040824975279,IBM
2023-10-02,130.04,131.45,129.86,130.8,3275461,130.3,0.35637918745545,IBM
2023-10-03,130.87,131.64,130.0,130.39,3284421,130.8,-0.2911931818182,IBM
2023-10-04,130.37,131.2,129.99,131.07,2637779,130.39,0.48436498326092,IBM
2023-10-05,130.9,131.7,130.19,131.52,3223910,131.07,0.31899057205644,IBM
2023-10-06,131.4,132.94,130.11,132.03,3511347,131.52,0.36037309214245,IBM
2023-10-09,132.3,132.4,130.68,132.2,2354396,132.03,0.11969302260085,IBM
2023-10-10,132.6,133.415,131.72,132.11,3015784,132.2,-0.063291139240489,IBM
2023-10-11,132.51,133.34,132.14,133.23,2511459,132.11,0.78812187741888,IBM
2023-10-12,132.51,132.93,130.95,131.24,3921142,133.23,-1.3893737345528,IBM
2023-10-13,129.77,130.12,128.27,128.46,4583553,131.24,-1.9682809402436,IBM
2023-10-16,129.28,129.78,128.52,129.21,3361468,128.46,0.54167268525206,IBM
2023-10-17,127.12,130.62,126.31,130.32,4172822,129.21,0.79735651174484,IBM
2023-10-18,130.0,130.43,129.58,129.97,3329985,130.32,-0.2494298745724,IBM
2023-10-19,128.64,129.405,127.93,128.01,5314159,129.97,-1.4003000642995,IBM
2023-10-20,128.15,129.27,127.12,127.16,4865615,128.01,-0.61589739873922,IBM
2023-10-23,126.63,127.68,125.87,126.38,3457527,127.16,-0.56867891513561,IBM
2023-10-24,126.74,127.98,126.05,127.79,3697975,126.38,1.0338759348878,IBM
2023-10-25,127.5,128.49,126.33,127.08,6472549,127.79,-0.51527687060017,IBM
2023-10-26,132.2,134.41,131.58,133.76,11130170,127.08,4.8730668222935,IBM
2023-10-27,133.62,134.7,131.71,132.52,5469227,133.76,-0.86254869226487,IBM
2023-10-30,133.19,134.5,132.58,132.63,4204190,132.52,0.077182149873692,IBM
2023-10-31,133.0,134.76,132.59,134.64,6592041,132.63,1.4092406927014,IBM
2023-11-01,135.0,136.51,134.45,135.4,4750081,134.64,0.52544247787612,IBM
2023-11-02,135.77,137.1,134.84,137.01,3902657,135.4,1.1072902338377,IBM
2023-11-03,137.45,138.445,137.28,137.9,3510495,137.01,0.60540099312973,IBM
2023-11-06,137.89,139.225,137.85,138.97,4597249,137.9,0.7234617985125,IBM
2023-11-07,139.03,139.28,138.03,138.83,3549853,138.97,-0.093978653420143,IBM
2023-11-08,139.25,139.68,137.585,138.03,3618588,138.83,-0.5375260364174,IBM
2023-11-09,138.21,138.65,136.94,138.28,3412713,138.03,-0.95250962642707,IBM
2023-11-10,139.1,140.83,138.51,140.68,3179541,138.28,1.6368844632383,IBM
2023-11-13,140.12,140.15,139.01,139.76,2647288,140.68,-0.61736679640318,IBM
2023-11-14,141.11,142.466,140.71,142.07,4321940,139.76,1.5597569209993,IBM
2023-11-15,142.06,144.88,142.06,144.24,4632519,142.07,1.44272322319,IBM
2023-11-16,144.66,145.01,143.79,144.72,3519172,144.24,0.31458906802988,IBM
2023-11-17,144.95,145.16,144.12,144.55,4426676,144.72,-0.11106755520712,IBM
2023-11-20,144.17,146.34,144.01,146.01,3658936,144.55,0.95493492053111,IBM
2023-11-21,146.26,146.32,145.17,145.57,2859508,146.01,-0.28506640751539,IBM
2023-11-22,146.16,147.365,145.82,146.79,3045091,145.57,0.79267104151777,IBM
2023-11-24,146.79,147.06,145.58,146.84,1799161,146.79,0.032231032037653,IBM
2023-11-27,146.65,147.795,146.41,147.23,4053093,146.84,0.25132104652661,IBM
2023-11-28,147.1,147.405,146.52,147.31,2666182,147.23,0.051423796361774,IBM
2023-11-29,147.81,149.17,147.68,148.07,3568887,147.31,0.48827497590748,IBM
2023-11-30,148.61,150.26,148.55,150.22,6740622,148.07,1.3745924173646,IBM
2023-12-01,150.07,152.25,149.66,152.21,4871860,150.22,1.2550454086781,IBM
2023-12-04,151.95,154.45,151.95,152.76,5779017,152.21,0.34257240734972,IBM
2023-12-05,152.42,154.13,152.38,153.05,4556668,152.76,0.18001241464928,IBM
2023-12-06,153.25,154.015,151.67,151.94,3555863,153.05,-0.68777495507775,IBM
2023-12-07,152.66,153.125,151.63,151.88,3665498,151.94,-0.037434489643126,IBM
2023-12-08,151.66,153.7,151.66,153.62,4561342,151.88,1.0860067407315,IBM
2023-12-11,154.34,155.31,153.61,155.17,6077207,153.62,0.95702642627808,IBM
2023-12-12,154.93,158.0,154.58,156.37,5292290,155.17,0.73390006727418,IBM
2023-12-13,156.03,156.625,154.395,155.28,4989141,156.37,-0.66176917005646,IBM
2023-12-14,154.59,155.159,151.809,154.57,6129804,155.28,-0.43393228211711,IBM
2023-12-15,153.96,155.75,153.7,153.89,11016108,154.57,-0.41740838499786,IBM
2023-12-18,153.89,154.99,153.237,154.4,3677533,153.89,0.31436848918204,IBM
2023-12-19,153.46,153.94,152.98,153.22,3766591,154.4,-0.7250829544058,IBM
2023-12-20,152.95,153.46,151.67,151.71,4865797,153.22,-0.93463728645704,IBM
2023-12-21,152.25,152.74,151.19,152.44,2982924,151.71,0.45610746641674,IBM
2023-12-22,152.76,154.07,152.66,153.8,2442715,152.44,0.84587635278019,IBM
2023-12-26,153.89,154.97,153.71,154.87,1772443,153.8,0.65992352288147,IBM
2023-12-27,154.8,155.3,154.34,155.12,3234550,154.87,0.15317688867104,IBM
2023-12-28,155.62,155.62,155.06,155.41,2071313,155.12,0.17741343447938,IBM
2023-12-29,155.41,155.84,154.49,155.21,2526169,155.41,-0.12213740458015,IBM
2024-01-02,154.49,154.95,152.12,153.16,3825044,155.21,-1.2534393151941,IBM
2024-01-03,152.66,153.39,151.74,151.76,4086065,153.16,-0.86687306501548,IBM
2024-01-04,151.88,153.47,151.83,152.52,3212004,151.76,0.47470331043099,IBM
2024-01-05,151.57,152.21,150.33,150.82,4199504,152.52,-1.0568195946786,IBM
2024-01-08,150.35,152.876,149.545,152.8,3321698,150.82,1.2440311636089,IBM
2024-01-09,151.66,152.144,151.17,151.74,2617186,152.8,-0.65781308179221,IBM
2024-01-10,151.94,153.0,151.4,152.89,2967852,151.74,0.71839080459769,IBM
2024-01-11,152.68,153.89,151.95,153.82,3778395,152.89,0.57681572908268,IBM
2024-01-12,154.63,157.64,154.015,157.46,4958261,153.82,2.2446965959546,IBM
2024-01-16,157.46,158.91,157.0,158.62,4869635,157.46,0.69963811821471,IBM
2024-01-17,158.45,159.48,157.155,157.74,4288604,158.62,-0.52707235265932,IBM
2024-01-18,158.15,158.65,156.7,158.5,3776990,157.74,0.45761078998073,IBM
2024-01-19,162.25,163.239,160.84,163.14,6929079,158.5,2.781107648046,IBM
2024-01-22,164.48,166.11,164.06,164.49,4925964,163.14,0.78726382085376,IBM
2024-01-23,164.56,165.68,164.14,165.6,3983461,164.49,0.6422496094428,IBM
2024-01-24,166.42,166.52,164.56,165.59,9097827,165.6,-0.0057491088881171,IBM
2024-01-25,176.62,188.56,176.49,182.09,29596239,165.59,9.4865750589318,IBM
2024-01-26,182.97,184.05,177.82,179.08,9895941,182.09,-1.5806333035761,IBM
2024-01-29,179.12,181.12,177.71,178.8,6107908,179.08,-0.1493970760858,IBM
2024-01-30,179.37,180.31,178.43,179.53,4575058,178.8,0.3900822913327,IBM
2024-01-31,178.71,179.31,174.8,175.32,8876055,179.53,-2.2409112684303,IBM
2024-02-01,175.29,179.17,174.37,178.56,4669444,175.32,1.7641293694871,IBM
2024-02-02,178.76,179.05,177.275,177.45,4055411,178.56,-0.59390048154094,IBM
2024-02-05,177.17,177.44,174.915,175.08,4379602,177.45,-1.2756337800743,IBM
2024-02-06,175.21,176.34,174.7,175.07,3338196,175.08,-0.005451968160501,IBM
2024-02-07,175.0,175.68,174.285,175.4,4841188,175.07,0.17992475873726,IBM
2024-02-08,175.95,177.87,174.81,177.68,5161185,175.4,0.33743332970502,IBM
2024-02-09,177.76,180.5,177.17,179.66,5064641,177.68,1.0739856801909,IBM
2024-02-12,179.22,179.8,177.35,179.48,4724021,179.66,-0.096597617258778,IBM
2024-02-13,177.6,178.09,175.68,177.02,4290453,179.48,-1.3214439192093,IBM
2024-02-14,178.32,178.32,175.58,176.89,3173391,177.02,-0.070767555797493,IBM
2024-02-15,176.94,180.3,176.94,180.19,4714301,176.89,1.7976793593725,IBM
2024-02-16,179.95,182.27,179.265,180.96,4842840,180.19,0.41205115855942,IBM
2024-02-20,180.96,182.09,176.38,176.76,4247181,180.96,-2.2383287145598,IBM
2024-02-21,175.88,176.35,172.07,173.02,4728473,176.76,-2.0388137810728,IBM
2024-02-22,175.77,177.87,175.25,177.53,5078398,173.02,2.5097384529772,IBM
2024-02-23,178.22,179.775,177.89,179.04,3433800,177.53,0.81971662776179,IBM
2024-02-26,178.92,179.445,177.38,177.45,4620815,179.04,-0.85612750376912,IBM
2024-02-27,177.48,178.45,175.94,178.19,3641378,177.45,0.40188996904362,IBM
2024-02-28,177.95,178.69,176.87,178.62,3216345,178.19,0.23259587818467,IBM
2024-02-29,179.47,180.17,178.01,178.35,6458487,178.62,-0.1457096600108,IBM
2024-03-01,178.81,181.7,178.5,181.52,4018354,178.35,1.7132356915095,IBM
2024-03-04,181.08,187.218,180.92,186.38,7938266,181.52,2.5823591923486,IBM
2024-03-05,185.32,187.26,183.89,185.27,5653641,186.38,-0.57495079249975,IBM
2024-03-06,186.82,191.45,186.28,189.48,6945818,185.27,2.1932794998698,IBM
2024-03-07,190.9,192.05,189.46,189.86,4604458,189.48,0.1937194127243,IBM
2024-03-08,189.38,191.09,187.7,189.27,3943113,189.86,-0.30019334486619,IBM
2024-03-11,188.41,188.698,184.2,185.05,4725057,189.27,-2.1536106149528,IBM
2024-03-12,185.78,192.5,185.47,191.1,5880075,185.05,3.1554790590935,IBM
2024-03-13,190.87,191.42,188.64,190.02,3993258,191.1,-0.54606128021034,IBM
2024-03-14,190.27,191.068,185.44,186.75,4109636,190.02,-1.6624300965938,IBM
2024-03-15,185.31,186.377,184.02,184.39,8828184,186.75,-1.2200796153647,IBM
2024-03-18,185.02,186.55,183.64,185.01,5410562,184.39,0.32448840738996,IBM
2024-03-19,184.81,186.9,183.6,186.66,5317341,185.01,0.860764776462,IBM
2024-03-20,186.19,187.3,184.63,187.28,3238643,186.66,0.32067859728975,IBM
2024-03-21,186.32,186.69,183.33,185.22,6013561,187.28,-1.062074654568,IBM
2024-03-22,185.32,186.305,183.83,184.16,3988398,185.22,-0.55237102657634,IBM
2024-03-25,183.58,184.14,182.07,182.11,3718289,184.16,-1.0741982812828,IBM
2024-03-26,182.34,183.32,181.82,181.82,4229535,182.11,-0.15360983102918,IBM
2024-03-27,182.92,184.28,181.92,184.12,3693305,181.82,1.2201591511936,IBM
2024-03-28,184.26,185.25,183.66,184.28,3742169,184.12,0.083857442348007,IBM
2024-04-01,183.32,183.78,181.84,183.15,2364320,184.28,-0.5917469627147,IBM
2024-04-02,182.46,183.12,180.92,182.2,2693455,183.15,-0.50044776905653,IBM
2024-04-03,181.92,184.67,181.805,184.22,2826193,182.2,1.0694620923338,IBM
2024-04-04,185.32,186.6,180.66,181.26,2983853,184.22,-1.5505500261917,IBM
2024-04-05,181.91,183.64,181.34,182.46,2014264,181.26,0.63850164946259,IBM
2024-04-08,182.56,183.56,182.232,183.14,2678284,182.46,0.35952204716084,IBM
2024-04-09,183.86,184.57,179.98,182.63,2794381,183.14,-0.26867558739858,IBM
2024-04-10,180.74,181.235,178.84,179.36,3081915,182.63,-1.7273255506841,IBM
2024-04-11,179.36,180.115,177.9,179.22,2861736,179.36,-0.075252633842177,IBM
2024-04-12,177.32,178.49,175.005,175.59,3547378,179.22,-1.9526627218935,IBM
2024-04-15,178.89,180.8,174.2,174.57,3528140,175.59,-0.55960937071378,IBM
2024-04-16,178.91,179.03,176.18,177.07,4473654,174.57,1.3793103448276,IBM
2024-04-17,177.48,177.99,175.1,176.42,3003033,177.07,-0.35374149659864,IBM
2024-04-18,175.67,176.78,173.49,174.79,2886733,176.42,-0.89022392135445,IBM
2024-04-19,175.75,176.12,173.89,174.9,3037990,174.79,0.060616079792811,IBM
2024-04-22,175.77,176.635,173.77,175.22,3076451,174.9,0.17623086242978,IBM
2024-04-23,176.05,178.0,172.32,175.51,5950229,175.22,0.15942825728422,IBM
2024-04-24,176.49,177.61,174.72,177.42,7616643,175.51,1.0483561117515,IBM
2024-04-25,161.52,165.77,158.98,162.23,16702150,177.42,-8.2509505703422,IBM
2024-04-26,160.82,161.19,159.05,160.45,8983796,162.23,-1.0538156414659,IBM
2024-04-29,160.72,161.54,159.545,160.75,5263342,160.45,0.17950098725544,IBM
2024-04-30,159.81,160.08,158.581,159.52,6011634,160.75,-0.73463537000539,IBM
2024-05-01,159.01,159.59,157.62,157.75,4030960,159.52,-1.0649819494585,IBM
2024-05-02,157.67,158.2,155.94,158.01,3829853,157.75,0.15812199720245,IBM
2024-05-03,158.32,159.93,158.24,159.03,3400405,158.01,0.61934543688142,IBM
2024-05-06,159.82,161.99,159.7,161.93,4222266,159.03,1.7500452597912,IBM
2024-05-07,162.32,162.61,161.26,161.7,3155260,161.93,-0.13640946563076,IBM
2024-05-08,161.33,163.58,161.22,163.22,3522011,161.7,0.90272003800927,IBM
2024-05-09,162.49,162.54,160.87,161.26,4266616,163.22,-2.1365509123014,IBM
2024-05-10,162.12,163.06,161.31,162.14,2255370,161.26,0.52925963793829,IBM
2024-05-13,162.49,163.05,161.75,162.55,2414859,162.14,0.24528866287765,IBM
2024-05-14,162.85,163.12,161.47,162.35,2600967,162.55,-0.11936022917163,IBM
2024-05-15,162.93,163.34,162.33,163.25,4468823,162.35,0.53776290630974,IBM
2024-05-16,163.25,164.62,162.78,163.96,3492267,163.25,0.42196600499228,IBM
2024-05-17,163.96,164.1,162.32,164.02,2956387,163.96,0.035509261999173,IBM
2024-05-20,163.99,165.15,163.37,164.91,2726261,164.02,0.52653375140507,IBM
2024-05-21,164.93,169.96,164.93,168.46,6459800,164.91,2.0892184557439,IBM
2024-05-22,168.38,169.98,167.75,168.68,3294900,168.46,0.12682308180089,IBM
2024-05-23,170.38,170.45,165.425,165.66,3341335,168.68,-1.7387299211238,IBM
2024-05-24,166.47,167.0,165.2,165.88,2587829,165.66,0.12890373234898,IBM
2024-05-28,165.43,166.075,163.64,164.65,2629645,165.88,-0.71976124992685,IBM
2024-05-29,162.99,163.62,161.2,162.04,4206576,164.65,-1.5383708593658,IBM
2024-05-30,160.55,161.72,159.22,160.62,3852963,162.04,-0.85004489673751,IBM
2024-05-31,160.69,161.96,158.83,161.84,4905002,160.62,0.73658153716114,IBM
2024-06-03,161.53,161.77,158.52,160.27,2776058,161.84,-0.94096493856757,IBM
2024-06-04,159.59,161.39,158.87,160.8,2594203,160.27,0.32066795740562,IBM
2024-06-05,161.4,162.78,160.77,162.37,3049377,160.8,0.94686689584464,IBM
2024-06-06,162.37,163.43,161.79,163.19,2207263,162.37,0.48990321424304,IBM
2024-06-07,163.17,166.295,163.05,165.0,3475495,163.19,1.0760998810939,IBM
2024-06-10,164.54,165.75,163.87,165.37,3444684,165.0,0.21763425680843,IBM
2024-06-11,164.97,164.99,161.8,164.31,2951251,165.37,-0.62213874867942,IBM
2024-06-12,166.34,167.46,163.091,163.99,3522698,164.31,-0.18899125915426,IBM
2024-06-13,164.0,164.58,163.325,164.11,3525717,163.99,0.071005917159766,IBM
2024-06-14,163.28,164.46,162.22,164.2,2777717,164.11,0.053216650898772,IBM
2024-06-17,163.75,164.71,162.49,164.49,3239815,164.2,0.17138466993676,IBM
2024-06-18,164.99,165.74,163.37,165.54,3386442,164.49,0.61946902654868,IBM
2024-06-20,169.07,169.27,166.21,168.91,4723078,165.54,1.9759601289944,IBM
2024-06-21,168.96,169.95,166.39,167.45,10182025,168.91,-0.83946642134313,IBM
2024-06-24,169.99,173.45,169.14,170.0,4864735,167.45,1.4786037341992,IBM
2024-06-25,170.13,170.743,166.41,167.59,4119267,170.0,-1.3770641677618,IBM
2024-06-26,166.27,167.67,165.4,166.86,2779016,167.59,-0.42294322132097,IBM
2024-06-27,166.11,167.49,165.47,165.84,2894001,166.86,-0.59347181008903,IBM
2024-06-28,165.84,168.45,165.52,167.94,4193459,165.84,1.2291483757682,IBM
2024-07-01,168.44,171.45,168.37,170.09,3320961,167.94,1.2431338537149,IBM
2024-07-02,169.83,172.475,169.31,172.29,2883275,170.09,1.2564249000571,IBM
2024-07-03,172.87,172.97,170.16,170.72,1649049,172.29,-0.88550479413425,IBM
2024-07-05,170.73,171.08,168.94,171.01,2085970,170.72,0.16502589199341,IBM
2024-07-08,171.4,173.58,171.0,172.63,2503038,171.01,0.92034996023178,IBM
2024-07-09,172.59,172.69,170.57,171.47,2513305,172.63,-0.65300607971177,IBM
2024-07-10,171.59,173.21,169.44,172.83,3462182,171.47,0.77062556663645,IBM
2024-07-11,172.64,174.43,171.61,173.3,2807145,172.83,0.26428250112461,IBM
2024-07-12,173.55,179.15,173.49,177.82,4785565,173.3,2.5349111098648,IBM
2024-07-15,178.37,179.89,177.59,177.87,2925794,177.82,0.027347809440454,IBM
2024-07-16,179.66,181.59,179.51,180.8,3374526,177.87,1.6021434820647,IBM
2024-07-17,180.43,182.93,180.06,182.44,4225302,180.8,0.88262203325977,IBM
2024-07-18,181.63,184.46,180.09,180.21,3487808,182.44,-1.1896505734863,IBM
2024-07-19,181.32,181.99,176.94,178.24,3816039,180.21,-1.0636000431919,IBM
2024-07-22,178.39,179.96,177.85,179.14,2488525,178.24,0.49113233287858,IBM
2024-07-23,179.35,180.37,178.0,179.09,2180225,179.14,-0.027151778441494,IBM
2024-07-24,179.13,180.061,178.135,179.01,6962071,179.09,-0.043454644215092,IBM
2024-07-25,181.79,191.25,180.29,186.97,9532802,179.01,4.3256167807847,IBM
2024-07-26,185.5,188.56,184.612,186.74,4294875,186.97,-0.11980414626523,IBM
2024-07-29,188.17,188.28,184.17,186.49,3336806,186.74,-0.13037809647979,IBM
2024-07-30,186.47,187.76,184.08,186.03,3064978,186.49,-0.2402088772846,IBM
2024-07-31,185.99,189.54,184.98,187.13,5558405,186.03,0.57579564489112,IBM
2024-08-01,187.8,188.625,183.28,184.65,4085354,187.13,-1.290725512647,IBM
2024-08-02,183.77,184.25,180.69,184.11,4548824,184.65,-0.28472002530844,IBM
2024-08-05,179.54,180.245,176.8,178.3,4975002,184.11,-3.0721235194585,IBM
2024-08-06,179.69,183.89,178.63,181.79,3632517,178.3,1.9038786754678,IBM
2024-08-07,183.07,184.86,181.69,181.79,3801942,181.79,0.0,IBM
2024-08-08,182.49,187.87,181.99,187.6,3712698,181.79,3.110278372591,IBM
2024-08-09,187.84,189.29,185.7,188.11,2773706,187.6,-0.60225325787863,IBM
2024-08-12,187.91,188.236,185.66,186.14,2290421,188.11,-1.0289892922434,IBM
2024-08-13,186.95,187.97,185.87,187.65,2178862,186.14,0.7969178805151,IBM
2024-08-14,187.81,189.75,187.39,188.98,1895114,187.65,0.69637153777684,IBM
2024-08-15,190.17,190.91,189.94,190.61,2471985,188.98,0.84754575707155,IBM
2024-08-16,190.24,191.01,189.52,190.44,2494472,190.61,-0.087651456560963,IBM
2024-08-19,190.5,192.185,190.375,191.39,2361378,190.44,0.49024667148312,IBM
2024-08-20,191.25,192.87,190.41,192.69,1790371,191.39,0.6675910234684,IBM
2024-08-21,192.63,193.99,190.775,193.87,2579343,192.69,0.60194868132429,IBM
2024-08-22,193.91,194.58,192.23,192.62,1969496,193.87,-0.63384209725673,IBM
2024-08-23,193.45,194.04,191.05,192.76,2321961,192.62,0.071443151663598,IBM
2024-08-26,192.66,195.005,192.56,194.64,2567217,192.76,0.9586945436002,IBM
2024-08-27,194.1,196.06,193.63,195.39,2617229,194.64,0.37882614405496,IBM
2024-08-28,195.66,196.66,194.15,195.12,2645244,195.39,-0.13586272832485,IBM
2024-08-29,195.96,197.78,194.93,195.56,2989594,195.12,0.22170714501663,IBM
2024-08-30,195.77,198.83,195.39,198.79,4750999,195.56,1.6239316239316,IBM
2024-09-03,198.57,201.38,196.87,197.94,3874697,198.79,-0.42052144659377,IBM
2024-09-04,197.42,201.02,197.16,200.77,3142476,197.94,1.4060015898251,IBM
2024-09-05,200.74,202.61,197.62,199.25,3229345,200.77,-0.74469648718829,IBM
2024-09-06,199.04,200.76,195.995,197.4,3304491,199.25,-0.91317439162841,IBM
2024-09-09,198.6,201.71,198.09,200.19,3705004,197.4,1.3898575271495,IBM
2024-09-10,200.86,202.49,199.53,201.98,3070644,200.19,0.87947722694443,IBM
2024-09-11,204.42,206.78,199.7,206.55,5554309,201.98,2.2257938827197,IBM
2024-09-12,206.66,209.31,204.925,208.27,4616446,206.55,0.81947686883607,IBM
2024-09-13,209.14,212.75,208.79,211.45,4572344,208.27,1.5027645196352,IBM
2024-09-16,212.54,214.56,212.18,213.82,4176257,211.45,1.1034033241771,IBM
2024-09-17,213.91,215.5,209.66,210.79,5635210,213.82,-1.3952845827961,IBM
2024-09-18,210.79,213.52,210.25,211.6,3482764,210.79,0.37827487974595,IBM
2024-09-19,214.67,215.14,207.03,210.55,5279559,211.6,-0.48850842095469,IBM
2024-09-20,210.99,214.51,210.4,214.36,9958980,210.55,1.781289447847,IBM
2024-09-23,214.66,217.28,213.93,217.16,4074755,214.36,1.2861736334405,IBM
2024-09-24,216.44,217.85,214.82,217.63,3184114,217.16,0.21315192743764,IBM
2024-09-25,217.83,218.51,216.82,217.89,2537751,217.63,0.1176630311807,IBM
2024-09-26,218.77,220.66,218.015,220.09,2673210,217.89,0.99444017538309,IBM
2024-09-27,219.66,220.81,217.43,217.5,3830335,220.09,-1.1591997493622,IBM
2024-09-30,217.31,217.98,215.68,217.74,3544264,217.5,0.10867596449919,IBM
2024-10-01,217.29,217.76,212.56,216.01,3548374,217.74,-0.78252216392257,IBM
2024-10-02,214.97,216.86,212.458,216.39,3343399,216.01,0.17323911556872,IBM
2024-10-03,216.16,219.49,215.93,219.38,3788265,216.39,1.3607609338734,IBM
2024-10-04,220.41,222.74,219.93,222.66,3554328,219.38,1.4727011494253,IBM
2024-10-07,222.04,224.33,221.68,223.78,3457952,222.66,0.49557522123894,IBM
2024-10-08,224.77,226.005,223.7001,225.28,3245342,223.78,0.66044381824586,IBM
2024-10-09,225.86,231.61,225.16,230.96,5083566,225.28,2.4844720496894,IBM
2024-10-10,231.76,232.49,228.47,229.68,3142031,230.96,-0.54630815194196,IBM
2024-10-11,229.91,230.1,227.12,229.92,3469322,229.68,0.10299545103424,IBM
2024-10-14,230.23,232.78,229.83,231.92,2524389,229.92,0.8574123295893,IBM
2024-10-15,233.06,234.03,229.37,229.62,3350556,231.92,-0.97764175805491,IBM
2024-10-16,228.77,230.54,227.78,230.33,2846669,229.62,0.30477335164834,IBM
2024-10-17,228.66,229.805,227.315,229.54,5040092,230.33,-0.33808362220225,IBM
2024-10-18,228.58,229.31,226.83,228.86,4715688,229.54,-0.29199587770526,IBM
2024-10-21,227.87,229.08,226.92,228.41,2733336,228.86,-0.1937984496124,IBM
2024-10-22,228.65,229.63,227.33,228.91,3180807,228.41,0.21574973031284,IBM
2024-10-23,227.07,230.0,226.92,229.41,5791002,228.91,0.21528525296017,IBM
2024-10-24,217.46,217.98,212.82,215.05,11193440,229.41,-6.1697099892589,IBM
2024-10-25,213.46,215.31,211.045,211.33,8482235,215.05,-1.7033746966436,IBM
2024-10-28,212.16,212.91,209.36,209.57,4993343,211.33,-0.81986304560488,IBM
2024-10-29,208.65,210.0,206.51,207.09,5258366,209.57,-1.1648114226668,IBM
2024-10-30,206.14,207.78,200.92,201.56,6956624,207.09,-2.6279522881718,IBM
2024-10-31,200.79,204.79,200.17,203.38,5925250,201.56,0.88823816495851,IBM
2024-11-01,204.43,206.5,204.07,204.91,3334308,203.38,0.74013157894737,IBM
2024-11-04,204.31,204.36,202.46,202.98,2594119,204.91,-0.92677070828332,IBM
2024-11-05,202.83,204.775,202.23,204.23,2441535,202.98,0.60585498255138,IBM
2024-11-06,210.14,210.99,207.03,210.26,3934386,204.23,2.9050440815147,IBM
2024-11-07,210.3,211.1799,208.59,210.35,3675812,210.26,0.042134831460676,IBM
2024-11-08,210.82,213.36,209.4409,210.38,3201038,210.35,0.014039028499228,IBM
2024-11-11,211.06,212.07,210.14,210.23,3012987,210.38,-0.070185289163394,IBM
2024-11-12,210.23,211.36,207.39,209.19,2818216,210.23,-1.2689048087278,IBM
2024-11-13,207.83,209.74,207.4001,209.25,3247830,209.19,0.028454898985096,IBM
2024-11-14,208.33,208.8299,204.68,207.32,6372853,209.25,-0.91503887729944,IBM
2024-11-15,205.79,206.82,202.4,203.32,3986460,207.32,-1.9139671754629,IBM
2024-11-18,205.33,206.745,203.7001,206.42,3406045,203.32,1.5122688911654,IBM
2024-11-19,204.83,208.66,204.52,208.58,2860746,206.42,1.0380123984814,IBM
2024-11-20,209.33,213.29,208.1025,212.93,4562901,208.58,2.0689655172414,IBM
2024-11-21,214.14,220.96,213.6001,220.73,5236434,212.93,3.6346691519105,IBM
2024-11-22,221.68,225.53,219.22,221.3,5320740,220.73,0.25629496402877,IBM
2024-11-25,221.68,224.75,220.98,224.46,7189260,221.3,1.4172310176257,IBM
2024-11-26,224.905,227.31,223.8415,227.16,4449543,224.46,1.1940034493433,IBM
2024-11-27,227.16,227.52,222.6,225.25,2995121,227.16,-0.83468076738191,IBM
2024-11-29,226.08,228.69,225.52,225.74,2640253,225.25,0.21593513132382,IBM
2024-12-02,225.785,226.71,223.84,225.72,2656181,225.74,-0.0087946880084474,IBM
2024-12-03,225.57,227.44,225.0,227.33,3163815,225.72,0.70803465411848,IBM
2024-12-04,228.33,232.07,227.68,231.82,4104195,227.33,1.9606986899563,IBM
2024-12-05,231.88,234.85,231.79,233.08,4791116,231.82,0.5396376718489,IBM
2024-12-06,232.76,236.71,232.55,236.37,4028430,233.08,1.4014909478168,IBM
2024-12-09,236.33,237.68,227.24,228.33,4970449,236.37,-3.3775835993951,IBM
2024-12-10,226.73,232.72,226.13,230.05,4769531,228.33,0.74782608695652,IBM
2024-12-11,231.02,231.33,227.46,228.45,3872680,230.05,-0.69048852062834,IBM
2024-12-12,228.99,232.22,228.71,230.59,4515741,228.45,0.92994959151746,IBM
2024-12-13,230.58,232.105,228.59,229.15,2757683,230.59,-0.61999483337639,IBM
2024-12-16,229.13,229.36,225.21,227.66,3610257,229.15,-0.64552465124338,IBM
2024-12-17,227.07,228.53,225.95,227.3,3651346,227.66,-0.15697902585794,IBM
2024-12-18,227.365,227.365,218.36,218.5,4152517,227.3,-3.8432982486789,IBM
2024-12-19,222.75,224.53,221.31,222.25,4430120,218.5,1.703229322796,IBM
2024-12-20,221.06,226.0147,220.01,221.69,12423200,222.25,-0.25008931761342,IBM
2024-12-23,221.14,222.07,219.41,220.26,2988137,221.69,-0.64022206303725,IBM
2024-12-24,220.6,222.7746,219.8728,222.74,1186216,220.26,1.1174694723561,IBM
2024-12-26,221.64,223.73,220.88,223.22,3287238,222.74,0.2138942114879,IBM
2024-12-27,221.47,222.75,219.7354,221.11,1810760,223.22,-0.93823647116367,IBM
2024-12-30,218.87,219.9242,215.9823,218.58,2095565,221.11,-1.1356495197055,IBM
2024-12-31,219.05,219.3793,216.77,218.16,2270512,218.58,-0.19069239500567,IBM
2025-01-02,220.15,220.82,215.93,218.27,2579498,218.16,0.050038666242089,IBM
2025-01-03,218.88,221.99,218.88,220.98,3873578,218.27,1.2321542238792,IBM
2025-01-06,221.33,222.68,219.08,221.0,2847128,220.98,0.0089827082865402,IBM
2025-01-07,221.68,225.041,221.16,222.29,3299701,221.0,0.5793326447209,IBM
2025-01-08,222.24,223.23,219.16,221.51,2619768,222.29,-0.34827647794249,IBM
2025-01-10,220.33,220.76,215.13,218.08,3570497,221.51,-1.5368760641635,IBM
2025-01-13,216.22,217.92,213.08,215.73,3716816,218.08,-1.0693970420933,IBM
2025-01-14,216.33,216.455,212.94,216.08,3485829,215.73,0.16099356025759,IBM
2025-01-15,219.2,220.0061,216.34,218.36,2951825,216.08,1.0470723306544,IBM
2025-01-16,218.02,221.01,215.71,220.99,3329060,218.36,1.1952915511521,IBM
2025-01-17,224.285,224.285,221.97,223.12,5506837,220.99,0.95661546752897,IBM
2025-01-21,223.32,225.78,221.1602,222.59,3982203,223.12,-0.23577561279416,IBM
2025-01-22,220.31,222.73,218.68,221.59,4759490,222.59,-0.44591099616517,IBM
2025-01-23,222.27,224.37,221.48,224.37,3619651,221.59,1.2451849861148,IBM
2025-01-24,223.6,225.1404,222.13,223.13,3233293,224.37,-0.54857547336754,IBM
2025-01-27,220.52,222.63,218.17,222.46,4898355,223.13,-0.29804270462634,IBM
2025-01-28,222.65,224.1,220.1,223.99,4485429,222.46,0.68263953955294,IBM
2025-01-29,223.95,227.8,222.06,226.96,7079804,223.99,1.3161393246477,IBM
2025-01-30,248.33,260.13,245.34,256.6,15381890,226.96,12.964177929406,IBM
2025-01-31,254.38,255.565,250.22,254.03,7203519,256.6,-0.99508266542765,IBM
2025-02-03,250.73,260.39,250.17,259.06,8408523,254.03,1.9671490027376,IBM
2025-02-04,258.33,263.58,256.4533,262.79,6077652,259.06,1.4305987036398,IBM
2025-02-05,264.04,264.05,259.51,261.63,6165096,262.79,-0.43862966044013,IBM
2025-02-06,261.31,261.71,251.06,251.77,6128293,261.63,-3.7447778199772,IBM
2025-02-07,253.61,255.26,250.35,250.67,3370284,251.77,-0.43402777777778,IBM
2025-02-10,250.86,251.95,246.87,249.27,3564400,252.34,-1.2166125069351,IBM
2025-02-11,251.1,256.75,250.58,254.7,4801550,249.27,2.1783608135756,IBM
2025-02-12,252.72,256.4,252.02,255.81,3075308,254.7,0.43580683156655,IBM
2025-02-13,255.66,259.28,254.41,259.19,4531538,255.81,1.3212931472577,IBM
2025-02-14,259.0,261.94,257.91,261.28,3925277,259.19,0.80635826999497,IBM
2025-02-18,261.93,263.965,259.83,263.07,4262812,261.28,0.68508879363136,IBM
2025-02-19,262.0,264.36,260.09,264.32,3718678,263.07,0.4751587030068,IBM
2025-02-20,263.65,265.09,262.15,264.74,4884805,264.32,0.15889830508475,IBM
2025-02-21,263.845,264.83,261.1,261.48,5667874,264.74,-1.2313968421848,IBM
2025-02-24,261.5,263.845,259.58,261.87,4398107,261.48,0.14915098669114,IBM
2025-02-25,261.08,263.48,256.77,257.75,6292487,261.87,-1.5732997288731,IBM
2025-02-26,258.1,258.325,254.4104,255.84,3460124,257.75,-0.74102812803104,IBM
2025-02-27,255.22,257.63,253.05,253.23,3402234,255.84,-1.0201688555347,IBM
2025-02-28,250.855,252.8099,246.54,252.44,7988809,253.23,-0.31196935592149,IBM
2025-03-03,254.735,255.99,248.245,250.19,2977699,252.44,-0.89130090318492,IBM
2025-03-04,248.75,255.48,248.1,253.21,5342106,250.19,1.2070826172109,IBM
2025-03-05,251.58,252.74,247.0146,251.35,4009813,253.21,-0.73456814501797,IBM
2025-03-06,249.75,252.1,246.8019,248.69,3254358,251.35,-1.0582852595982,IBM
2025-03-07,245.95,261.96,245.1823,261.54,6700184,248.69,5.1670754754916,IBM
2025-03-10,261.56,266.45,254.7474,256.9,8165503,261.54,-1.7741072111341,IBM
2025-03-11,255.99,256.7,245.86,248.95,5630570,256.9,-3.0945893343713,IBM
2025-03-12,250.35,253.1272,245.53,249.63,3849206,248.95,0.27314721831693,IBM
2025-03-13,248.8,249.27,243.04,245.8,3862416,249.63,-1.5342707206666,IBM
2025-03-14,242.745,248.9499,241.68,248.35,4045284,245.8,1.0374288039056,IBM
2025-03-17,249.25,254.63,249.0,252.97,3234149,248.35,1.8602778337024,IBM
2025-03-18,252.51,252.57,245.12,246.95,4172239,252.97,-2.3797288215994,IBM
2025-03-19,248.33,253.66,246.64,252.29,3853598,246.95,2.1623810487953,IBM
2025-03-20,244.24,246.8,237.224,243.32,7026796,252.29,-3.5554322406754,IBM
2025-03-21,241.69,245.205,238.5,243.87,9580084,243.32,0.22603978300181,IBM
2025-03-24,247.31,248.82,245.965,248.45,4753331,243.87,1.8780497806208,IBM
2025-03-25,248.36,250.9,248.2,249.9,3133809,248.45,0.58361843429262,IBM
2025-03-26,251.25,254.32,249.53,250.34,4452220,249.9,0.17607042817127,IBM
2025-03-27,249.71,250.3,245.725,246.21,2889328,250.34,-1.6497563313893,IBM
2025-03-28,246.27,247.57,242.07,244.0,3125594,246.21,-0.89760773323586,IBM
2025-03-31,242.74,250.89,242.49,248.66,6794972,244.0,1.9098360655738,IBM
2025-04-01,248.03,250.62,243.49,250.34,4413139,248.66,0.67562133033057,IBM
2025-04-02,248.22,252.79,247.23,249.98,4080832,250.34,-0.14380442598067,IBM
2025-04-03,242.71,250.61,242.53,243.49,5309626,249.98,-2.5962076966157,IBM
2025-04-04,238.0,240.16,226.88,227.48,7407096,243.49,-6.5752186948129,IBM
2025-04-07,219.24,232.29,214.5,225.78,7797889,227.48,-0.74731844557763,IBM
2025-04-08,232.56,233.05,217.28,221.03,6849996,225.78,-2.1038178758083,IBM
2025-04-09,217.12,236.3,215.1636,235.31,7302808,221.03,6.4606614486721,IBM
2025-04-10,231.0,232.57,222.02,229.55,5656108,235.31,-2.4478347711529,IBM
2025-04-11,229.72,237.58,227.51,235.48,4325895,229.55,2.5833151818776,IBM
2025-04-14,239.77,241.77,236.73,239.06,3321717,235.48,1.5202989638186,IBM
2025-04-15,239.55,241.53,238.27,240.7,3363708,239.06,0.68602024596335,IBM
2025-04-16,240.28,243.2999,235.89,238.57,4870299,240.7,-0.88491898628999,IBM
2025-04-17,239.68,241.775,237.4,238.81,4635204,238.57,0.10059940478686,IBM
2025-04-21,238.065,240.805,232.93,236.22,4908923,238.81,-1.0845441983167,IBM
