date,open,high,low,close,volume,preClose,changeRatio,thscode
2000-01-03,23.9826,26.0376,23.9726,25.8476,28854500,23.5026,5.6979710849228,INTC
2000-01-04,25.0676,26.2876,23.4726,23.8176,25506700,25.8476,-4.6666666666667,INTC
2000-01-05,23.8476,25.2876,22.5976,24.1626,26194500,23.8176,0.83192669399566,INTC
2000-01-06,23.2226,24.0376,21.4426,21.7226,27587200,24.1626,-5.8352265933277,INTC
2000-01-07,21.0976,23.3476,21.0376,23.3476,20548200,21.7226,4.1269841269841,INTC
2000-01-10,25.2226,25.9726,24.4126,25.2226,26811500,23.3476,4.5731707317073,INTC
2000-01-11,26.6276,28.5376,26.4876,27.1926,52752700,25.2226,4.5947521865889,INTC
2000-01-12,27.7876,29.7226,26.9726,27.9726,48666000,27.1926,1.7393243393912,INTC
2000-01-13,28.6926,28.8476,27.0026,27.8776,38052100,27.9726,-0.20821917808219,INTC
2000-01-14,31.5976,35.6626,31.4726,33.8776,92202600,27.8776,13.178124313639,INTC
2000-01-18,32.4976,35.2226,32.4726,33.4126,51050300,33.8776,-0.90238695905299,INTC
2000-01-19,32.8476,33.4126,32.2876,32.3776,22784000,33.4126,-2.0268285518457,INTC
2000-01-20,32.2226,32.7526,30.0676,30.1626,35001000,32.3776,-4.4273435938437,INTC
2000-01-21,30.3476,31.4726,30.1626,31.3176,27779100,30.1626,2.4155599707205,INTC
2000-01-24,33.4626,34.7876,31.4726,31.7526,37419100,31.3176,0.88829895854605,INTC
2000-01-25,32.0376,33.2526,31.0676,33.1276,25692200,31.7526,2.7831191174982,INTC
2000-01-26,32.7226,32.9426,30.5376,30.5976,24653100,33.1276,-4.9822764868058,INTC
2000-01-27,32.0376,32.9126,30.0976,31.4126,30739600,30.5976,1.6891191709845,INTC
2000-01-28,30.9726,31.7226,28.8776,29.3476,26961600,31.4126,-4.2087027412616,INTC
2000-01-31,29.1626,31.8776,28.7876,31.8176,34226600,29.3476,5.2553191489362,INTC
2000-02-01,31.5376,33.0976,30.6626,33.0676,24025700,31.8176,2.5267839094401,INTC
2000-02-02,32.8476,33.8176,32.1926,32.3776,26040300,33.0676,-1.3604100946372,INTC
2000-02-03,33.2076,34.6776,32.7376,34.4576,28063000,32.3776,4.1275234859085,INTC
2000-02-04,34.5526,36.4876,34.4876,34.7376,27976900,34.4576,0.53747960456858,INTC
2000-02-07,34.8326,36.4276,34.4276,36.3326,21399500,34.7376,3.0453460620525,INTC
2000-02-08,36.7676,37.3926,36.3626,36.7676,19017300,36.3326,0.80600333518622,INTC
2000-02-09,36.4276,36.8026,34.6126,34.6776,19307600,36.7676,-3.8415586802684,INTC
2000-02-10,34.5526,36.4276,33.9576,36.1776,21769700,34.6776,2.8672464876231,INTC
2000-02-11,35.9876,36.7376,34.9876,35.3026,18878000,36.1776,-1.6259407228468,INTC
2000-02-14,35.5176,37.3326,35.1826,37.3026,17187100,35.3026,3.7778617302607,INTC
2000-02-15,37.3326,38.8026,34.9876,38.3626,31385700,37.3026,1.9293775027303,INTC
2000-02-16,38.0526,38.8026,35.8626,35.9576,23025000,38.3626,-4.2946428571429,INTC
2000-02-17,36.8026,38.5526,36.3026,37.3626,24334800,35.9576,2.6215132008583,INTC
2000-02-18,37.3626,37.6126,34.9576,35.0526,25185000,37.3626,-4.2,INTC
2000-02-22,34.8026,35.7676,33.1426,35.7376,22896800,35.0526,1.3000569368002,INTC
2000-02-23,35.0176,37.9276,34.5176,36.8926,20421000,35.7376,2.1639344262295,INTC
2000-02-24,38.5826,40.6126,37.4876,39.4876,42675100,36.8926,4.7588483403631,INTC
2000-02-25,39.3026,40.0526,38.7676,38.9876,23149500,39.4876,-0.87527352297593,INTC
2000-02-28,38.1776,39.6426,36.4876,38.5526,23711100,38.9876,-0.76821192052981,INTC
2000-02-29,38.9576,40.1776,38.0176,38.8626,22207100,38.5526,0.5516995906745,INTC
2000-03-01,38.8026,40.8026,38.6126,40.3026,20406500,38.8626,2.5486725663717,INTC
2000-03-02,40.0526,40.8926,39.4276,40.2376,18234900,40.3026,-0.11218501898515,INTC
2000-03-03,40.8626,42.2376,40.1776,41.9876,17142500,40.2376,3.0237580993521,INTC
2000-03-06,41.3626,41.8026,40.7076,41.0526,14016000,41.9876,-1.5681341719078,INTC
2000-03-07,41.2676,42.3626,39.9576,40.2376,19962100,41.0526,-1.3886522405861,INTC
2000-03-08,40.4276,40.5826,38.4876,39.8326,23195600,40.2376,-0.69978401727862,INTC
2000-03-09,39.2076,41.6126,38.3626,41.5526,19187900,39.8326,2.9928658430485,INTC
2000-03-10,41.3026,42.6776,41.0526,42.4576,21749400,41.5526,1.5289744889339,INTC
2000-03-13,41.7676,45.1126,41.7376,43.4276,33719600,42.4576,1.614110990931,INTC
2000-03-14,44.4876,45.1776,41.2676,41.3026,28392500,43.4276,-3.4798984688447,INTC
2000-03-15,41.8926,43.9276,41.7076,42.4576,24447800,41.3026,1.9596199524941,INTC
2000-03-16,43.9876,45.0526,42.1776,44.8926,27487400,42.4576,4.0519177968217,INTC
2000-03-17,44.51885,47.3626,44.3626,47.3001,30425500,44.8926,3.850151927075,INTC
2000-03-20,47.3326,51.0526,47.3326,49.8626,32581800,44.8926,7.9481848712618,INTC
2000-03-21,49.8626,51.8026,49.4276,51.5826,25615500,49.8626,2.5481481481481,INTC
2000-03-22,52.5526,55.0526,52.1126,54.3926,26846600,51.5826,4.0595203698353,INTC
2000-03-23,53.5526,54.2076,52.0826,53.6776,22796900,54.3926,-0.99264195474108,INTC
2000-03-24,52.4276,54.6126,51.1776,51.8926,23449000,53.6776,-2.5029797377831,INTC
2000-03-27,52.1776,54.2376,51.8926,53.7076,17883100,51.8926,2.6103840069035,INTC
2000-03-28,52.6776,53.6426,49.9276,50.2076,22428900,53.7076,-4.9057397154671,INTC
2000-03-29,50.6126,51.2076,48.1126,48.3026,30681100,50.2076,-2.8078708821579,INTC
2000-03-30,47.2376,49.0526,43.8926,45.8626,35823400,48.3026,-3.7003336366394,INTC
2000-03-31,47.1776,49.8026,46.4876,48.3326,29221100,45.8626,3.8897637795276,INTC
2000-04-03,48.0526,48.8626,45.2376,47.6776,25012100,48.3326,-0.9928755494922,INTC
2000-04-04,48.1126,49.3626,41.8626,48.7376,43676000,47.6776,1.622904386435,INTC
2000-04-05,47.3026,49.3626,46.2376,47.3026,31050700,48.7376,-2.1619585687382,INTC
2000-04-06,46.9876,48.1776,45.8626,47.2676,27565300,47.3026,-0.053895903911297,INTC
2000-04-07,48.0526,50.8626,48.0176,50.7676,25679900,47.2676,5.3924967259841,INTC
2000-04-10,51.1126,51.8926,47.8026,47.9276,22424500,50.7676,-4.1517432936189,INTC
2000-04-11,47.3626,49.4876,46.1026,47.7376,26535600,47.9276,-0.28978875924655,INTC
2000-04-12,47.3326,48.3026,43.2376,43.3026,30088400,47.7376,-6.7839388145316,INTC
2000-04-13,44.0526,46.9876,42.7376,42.9276,34707300,43.3026,-0.61535936987201,INTC
2000-04-14,41.9576,42.7376,36.5526,37.6126,46400800,42.9276,-8.7756955337241,INTC
2000-04-17,37.3626,43.9876,37.1426,43.8626,44436700,37.6126,11.31221719457,INTC
2000-04-18,45.6776,47.8626,44.9876,46.8626,49279000,43.8626,4.8780487804878,INTC
2000-04-19,45.1676,45.2376,41.8326,41.8926,43688900,46.8626,-7.7054263565891,INTC
2000-04-20,41.3326,42.0526,39.8626,40.0526,22899500,41.8926,-3.0908785486309,INTC
2000-04-24,37.8626,40.6126,37.5526,40.4276,29160100,40.0526,0.65002600104004,INTC
2000-04-25,42.2276,44.9876,42.1126,44.8626,25671200,40.4276,7.637991905623,INTC
2000-04-26,44.4876,44.8626,42.6776,42.7676,23786000,44.8626,-3.352,INTC
2000-04-27,41.1426,45.6426,40.8626,45.0176,30544200,42.7676,3.7248572138068,INTC
2000-04-28,46.3626,46.8926,45.3026,45.7676,22168200,45.0176,1.1970313622217,INTC
2000-05-01,46.3326,47.8626,45.4876,45.9276,21194900,45.7676,0.25234602949294,INTC
2000-05-02,45.3026,46.1776,42.8026,42.9576,21935700,45.9276,-4.6723826004877,INTC
2000-05-03,42.4426,42.6926,40.3176,41.9076,29494300,42.9576,-1.7575707566631,INTC
2000-05-04,41.7526,42.6926,40.9076,42.1576,20492400,41.9076,0.41995632454225,INTC
2000-05-05,41.8776,44.3176,41.8776,44.0676,17108700,42.1576,3.1950485112078,INTC
2000-05-08,43.5026,43.7226,41.1276,41.1926,20468900,44.0676,-4.6603987680337,INTC
2000-05-09,41.5676,42.0026,39.8776,40.8476,21527000,41.1926,-0.58658505483295,INTC
2000-05-10,39.6276,40.6276,34.9426,35.4076,48601700,40.8476,-9.3039165383958,INTC
2000-05-11,35.9426,40.3776,35.5676,40.1576,35133800,35.4076,8.9571940411088,INTC
2000-05-12,40.6926,42.1276,39.7526,39.8776,19214700,40.1576,-0.48459674627899,INTC
2000-05-15,39.6576,41.5026,38.7526,41.4426,20552700,39.8776,2.7217391304348,INTC
2000-05-16,42.2526,43.8176,41.7226,43.3176,22234200,41.4426,3.1744688055532,INTC
2000-05-17,43.5676,45.0976,42.5676,43.9726,32771600,43.3176,1.0748276993764,INTC
2000-05-18,44.3176,45.6276,43.9426,44.3476,25070700,43.9726,0.60881565062099,INTC
2000-05-19,43.3176,44.1926,40.5326,41.3176,35984000,44.3476,-4.8894626432145,INTC
2000-05-22,41.1276,41.6576,38.0676,41.5676,29639500,41.3176,0.4241601628775,INTC
2000-05-23,41.2526,42.3176,37.2826,37.3176,25192900,41.5676,-7.1802669369826,INTC
2000-05-24,37.1926,41.4626,37.1276,41.0676,37741100,37.3176,6.8256279577721,INTC
2000-05-25,41.7226,43.5026,39.1576,39.9726,25244400,41.0676,-1.865735218947,INTC
2000-05-26,39.8776,42.3176,39.5676,41.1576,15425500,39.9726,2.0574702665162,INTC
2000-05-30,42.0026,45.3176,41.9426,45.2526,20884000,41.1576,6.9666553249405,INTC
2000-05-31,45.5026,46.3476,44.6276,44.7226,27044800,45.2526,-0.84294234592446,INTC
2000-06-01,45.4726,47.3776,45.4426,47.2226,22989200,44.7226,4.0099446627637,INTC
2000-06-02,48.7826,49.6576,48.3776,49.4726,21328700,47.2226,3.469812630118,INTC
2000-06-05,48.6926,49.8776,47.9726,48.6576,19588000,49.4726,-1.2146955808928,INTC
2000-06-06,48.0326,49.9076,47.1276,47.1576,23712600,48.6576,-2.2631261315631,INTC
2000-06-07,47.0026,47.0676,45.2226,46.8476,19876700,47.1576,-0.47854276011115,INTC
2000-06-08,47.1926,48.1276,45.3776,45.4726,17197000,46.8476,-2.1327749340779,INTC
2000-06-09,46.3476,46.3776,45.1276,45.9076,13759600,45.4726,0.68943656391157,INTC
2000-06-12,46.2826,46.3776,44.6926,44.9076,12973500,45.9076,-1.5740594994491,INTC
2000-06-13,44.6276,48.3076,44.4426,48.1276,19563300,44.9076,5.1495282264513,INTC
2000-06-14,47.8176,48.0326,45.3776,45.5976,18504400,48.1276,-3.8479087452472,INTC
2000-06-15,45.7426,47.4076,45.6276,46.5026,16705500,45.5976,1.4315090161341,INTC
2000-06-16,47.0026,47.2226,45.3176,45.4076,22043100,46.5026,-1.7076023391813,INTC
2000-06-19,46.5976,50.7226,46.5676,50.6276,30610600,45.4076,8.2817705854355,INTC
2000-06-20,50.3476,52.5026,50.3476,51.5326,29289700,50.6276,1.3260073260073,INTC
2000-06-21,50.5676,52.0026,50.3776,51.8776,16445700,51.5326,0.49887932904345,INTC
2000-06-22,51.3776,51.5676,49.3776,49.4076,14848100,51.8776,-3.5539568345324,INTC
2000-06-23,50.0026,51.1276,49.4426,49.5676,15160800,49.4076,0.23869908995971,INTC
2000-06-26,50.2826,50.9776,48.6926,49.4726,14952400,49.5676,-0.14139008781068,INTC
2000-06-27,49.3476,50.6276,48.0026,48.0676,16685200,49.4726,-2.0940457560176,INTC
2000-06-28,48.3476,50.2226,47.8776,48.5676,15315900,48.0676,0.76115086010047,INTC
2000-06-29,47.9076,49.5676,47.6276,48.2526,23568100,48.5676,-0.475902704336,INTC
2000-06-30,47.8176,49.4426,47.1926,49.2226,20715600,48.2526,1.4724857685009,INTC
2000-07-03,49.4426,50.8176,49.2376,50.8176,7541900,49.2226,2.3861171366594,INTC
2000-07-05,48.9426,49.6276,48.0676,48.1926,21002600,50.8176,-3.8354763296318,INTC
2000-07-06,48.1276,50.7826,47.6576,50.6926,22453100,48.1926,3.7985261718453,INTC
2000-07-07,51.2526,52.3176,50.4426,52.0326,18643400,50.6926,1.9615018663544,INTC
2000-07-10,51.2526,52.3776,50.8776,51.2826,15674700,52.0326,-1.0767353384538,INTC
2000-07-11,51.5026,53.0026,50.9426,51.7826,21391000,51.2826,0.72563674624483,INTC
2000-07-12,52.5026,53.5026,51.7526,52.9726,14912100,51.7826,1.7145738779627,INTC
2000-07-13,52.5676,54.8776,52.5026,53.9726,22588000,52.9726,1.4165309157872,INTC
2000-07-14,54.3776,55.9076,53.9076,55.7226,18735900,53.9726,2.4443047698862,INTC
2000-07-17,55.6926,56.1276,54.5676,55.5326,23290000,55.7226,-0.25904969663917,INTC
2000-07-18,54.7826,54.7926,53.0976,53.8776,25341800,55.5326,-2.2623197320757,INTC
2000-07-19,54.8476,55.4426,51.3776,51.4426,36094200,53.8776,-3.4055944055944,INTC
2000-07-20,51.8476,54.0026,51.3176,53.7226,30244200,51.4426,3.3012379642366,INTC
2000-07-21,53.4426,53.5026,51.4076,51.4726,16043300,53.7226,-3.153689817086,INTC
2000-07-24,51.4726,53.3776,51.1926,51.3776,19917700,51.4726,-0.13749185903466,INTC
2000-07-25,51.7426,53.3476,51.2226,52.8176,14811600,51.3776,2.0869565217391,INTC
2000-07-26,51.8776,52.4426,50.6576,51.8776,23319900,52.8176,-1.3344690516752,INTC
2000-07-27,51.6276,52.5676,50.3776,50.8776,19611900,51.8776,-1.4388489208633,INTC
2000-07-28,51.3776,52.0676,46.7526,46.9426,27718200,50.8776,-5.7445255474453,INTC
2000-07-31,47.8176,49.9376,46.8776,49.1276,30470700,46.9426,-48.307906760629,INTC
2000-08-01,49.4376,49.7576,46.6276,47.0076,25001100,49.1276,-3.1760299625468,INTC
2000-08-02,47.6276,48.5076,45.5676,45.6876,33226800,47.0076,-2.0423951725205,INTC
2000-08-03,44.2076,47.7776,42.8376,47.4576,34941100,45.6876,2.7641762754699,INTC
2000-08-04,48.6176,48.6476,43.8376,44.9576,34939700,47.4576,-3.8426068244697,INTC
2000-08-07,45.0276,46.7776,43.5276,45.3376,30634400,44.9576,0.60741687979539,INTC
2000-08-08,45.1476,45.7776,43.8976,44.0276,24900100,45.3376,-2.0813473149031,INTC
2000-08-09,45.2776,47.2776,45.2376,45.9576,30071900,44.0276,3.1315917572611,INTC
2000-08-10,45.5876,47.2076,44.3976,44.3976,16678400,45.9576,-2.4543738200126,INTC
2000-08-11,44.2776,46.5276,43.2076,46.2076,22509600,44.3976,2.9193548387097,INTC
2000-08-14,46.8376,49.3976,46.0276,49.3376,25665000,46.2076,4.9051872747218,INTC
2000-08-15,49.2076,51.1476,48.3976,50.2776,34464300,49.3376,1.4042426053182,INTC
2000-08-16,51.0276,51.8976,49.9576,50.4576,24609500,50.2776,0.26517383618151,INTC
2000-08-17,50.8976,53.8976,50.8376,52.4576,40496100,50.4576,2.9385836027035,INTC
2000-08-18,53.3976,55.3376,52.6476,52.9576,35797000,52.4576,0.71367399371967,INTC
2000-08-21,55.0676,56.4576,52.9576,54.4576,46042200,52.9576,2.1258503401361,INTC
2000-08-22,54.8676,56.0276,54.5276,54.5276,31693500,54.4576,0.09714127116291,INTC
2000-08-23,53.8376,57.2776,53.0876,57.0276,36159900,54.5276,3.4659642312491,INTC
2000-08-24,56.9576,57.0276,55.3976,56.6476,23352900,57.0276,-0.50917861449819,INTC
2000-08-25,56.2776,56.8376,55.0276,55.3376,20844200,56.6476,-1.7643097643098,INTC
2000-08-28,55.6476,58.2076,55.3976,56.2776,42760500,55.3376,1.2887304633946,INTC
2000-08-29,55.7076,57.3376,55.5276,56.4576,23023100,56.2776,0.24363833243098,INTC
2000-08-30,56.1476,56.7776,55.1476,55.8976,21770400,56.4576,-0.75614366729679,INTC
2000-08-31,56.2776,58.0276,56.0276,57.2776,28525900,55.8976,1.8775510204082,INTC
2000-09-01,58.0276,58.0876,55.8376,56.3376,18322000,57.2776,-1.2553418803419,INTC
2000-09-05,53.4576,53.7776,50.6476,51.6476,58396000,56.3376,-6.3429807952394,INTC
2000-09-06,50.4576,50.8976,47.5676,48.0976,62344900,51.6476,-5.1263537906137,INTC
2000-09-07,49.0076,51.0876,48.6476,49.8376,34716400,48.0976,2.648401826484,INTC
2000-09-08,49.5876,49.8376,47.3376,47.7776,29681800,49.8376,-3.0545670225386,INTC
2000-09-11,47.9576,49.2776,46.3376,47.0876,30507800,47.7776,-1.0553686142551,INTC
2000-09-12,47.4576,49.3376,46.9576,47.3376,28997300,47.0876,0.38645849435771,INTC
2000-09-13,44.0876,45.7076,42.8976,43.6476,70068400,47.3376,-5.6821681552202,INTC
2000-09-14,44.8976,45.2776,41.6476,42.0276,50489200,43.6476,-2.6448979591837,INTC
2000-09-15,42.0876,42.2776,39.0276,39.9176,75675900,42.0276,-3.538487338588,INTC
2000-09-18,40.7776,41.6476,37.8976,38.2076,50767100,39.9176,-2.9728789986092,INTC
2000-09-19,39.5876,42.8976,39.2076,42.7776,59305000,38.2076,8.1884966851819,INTC
2000-09-20,43.6476,45.8976,42.8376,45.4576,70335900,42.7776,4.4385558131832,INTC
2000-09-21,44.4576,45.3376,42.7776,43.8776,57112300,45.4576,-2.5055502695845,INTC
2000-09-22,29.1476,31.8976,28.8976,30.3376,308734500,43.8776,-22.023422251139,INTC
2000-09-25,32.4576,32.5976,27.1476,27.7776,130214700,30.3376,-5.340008343763,INTC
2000-09-26,28.8376,28.8976,25.2076,25.7076,112681600,27.7776,-4.5614808285588,INTC
2000-09-27,27.0276,28.0876,25.8376,26.2776,80365100,25.7076,1.3160932809975,INTC
2000-09-28,26.5276,27.1476,25.8776,26.8376,66739000,26.2776,1.2762078395624,INTC
2000-09-29,26.2076,26.2776,23.7776,23.9576,72985600,26.8376,-6.4806480648065,INTC
2000-10-02,25.3376,25.3376,22.2776,22.5276,66785700,23.9576,-3.4408084696824,INTC
2000-10-03,24.1676,24.8976,22.5276,22.7076,81206500,22.5276,0.44854223772739,INTC
2000-10-04,23.3976,25.1476,23.0876,24.3976,63730500,22.7076,4.1925080625155,INTC
2000-10-05,24.5276,24.7776,22.8976,23.3976,52072400,24.3976,-2.3809523809524,INTC
2000-10-06,23.7776,24.6476,21.6476,22.3376,69734700,23.3976,-2.5853658536585,INTC
2000-10-09,22.8376,22.9276,20.3976,21.4576,56545200,22.3376,-2.2033049574361,INTC
2000-10-10,21.5876,22.5876,19.8376,19.9576,68882800,21.4576,-3.8402457757296,INTC
2000-10-11,19.3976,20.5276,17.3976,17.7776,122056500,19.9576,-5.80404685836,INTC
2000-10-12,19.5276,20.8976,17.3976,19.5276,100222300,17.7776,4.9462973431317,INTC
2000-10-13,19.5076,23.1476,19.3376,22.7776,80918800,19.5276,8.7530298949636,INTC
2000-10-16,21.5276,21.5876,17.7776,18.0876,92057900,22.7776,-11.61466072313,INTC
2000-10-17,18.7776,19.0276,17.3976,18.5876,78642100,18.0876,1.4009526478005,INTC
2000-10-18,18.6476,22.2076,17.6476,20.5876,121648000,18.5876,5.5263885051119,INTC
2000-10-19,24.4176,24.7076,23.2776,24.3376,64250700,20.5876,9.8193244304792,INTC
2000-10-20,24.0276,26.7776,23.7776,25.4576,59899600,24.3376,2.6704816404387,INTC
2000-10-23,26.0876,27.3976,24.7776,25.7076,43746200,25.4576,0.58058522991175,INTC
2000-10-24,26.0276,26.8976,24.0276,24.3976,46937000,25.7076,-3.0247056107135,INTC
2000-10-25,24.8376,25.9576,23.5376,23.7076,53225900,24.3976,-1.6428571428571,INTC
2000-10-26,24.3976,27.3976,24.0876,27.0876,50813200,23.7076,8.1820382473977,INTC
2000-10-27,28.2776,29.3976,27.2376,28.7776,50198800,27.0876,3.7816066234057,INTC
2000-10-30,28.3476,28.5276,26.2776,27.3976,49111200,28.7776,-2.9754204398448,INTC
2000-10-31,28.0876,29.3376,27.0876,27.3976,55796200,27.3976,0.0,INTC
2000-11-01,26.7076,28.9576,26.5876,27.2776,47654600,27.3976,-0.26666666666666,INTC
2000-11-02,28.8976,30.2776,28.7776,29.0876,65511800,27.2776,4.0329768270945,INTC
2000-11-03,29.5476,29.6676,27.9176,28.3576,31103600,29.0876,-1.6063396872992,INTC
2000-11-06,29.0476,29.7976,28.7976,28.9776,24583500,28.3576,1.3495864170657,INTC
2000-11-07,29.1676,29.2276,27.7276,28.6076,21043400,28.9776,-0.79467353951891,INTC
2000-11-08,28.6676,28.7276,24.8576,25.1076,38074100,28.6076,-7.577397705131,INTC
2000-11-09,24.7276,24.7976,22.3576,23.7976,48864700,25.1076,-3.068634340595,INTC
2000-11-10,20.4176,21.4176,19.4176,19.4176,94076700,23.7976,-10.584823586274,INTC
2000-11-13,19.4176,22.1676,18.4176,20.6076,81394900,19.4176,3.2162162162162,INTC
2000-11-14,22.9176,23.6676,21.8576,23.3576,48677100,20.6076,7.2008379156847,INTC
2000-11-15,24.1076,25.2976,23.1676,23.9176,41961500,23.3576,1.3678553981436,INTC
2000-11-16,23.6676,25.3576,22.1876,22.4176,39523700,23.9176,-3.6144578313253,INTC
2000-11-17,22.5476,24.1676,21.9176,23.9176,40986100,22.4176,3.75,INTC
2000-11-20,23.4176,25.3576,23.0476,23.5476,37495900,23.9176,-0.89156626506023,INTC
2000-11-21,24.8576,25.7976,23.8576,25.0476,36760300,23.5476,3.6469730123997,INTC
2000-11-22,24.6676,26.2976,23.4776,23.6076,36703200,25.0476,-3.3779028852921,INTC
2000-11-24,25.2276,26.4176,24.4176,26.3576,20684000,23.6076,6.6763777615926,INTC
2000-11-27,27.8576,29.1676,26.1676,26.3576,52923300,26.3576,0.0,INTC
2000-11-28,25.6076,27.0476,24.4176,24.4476,49701800,26.3576,-4.3468365953573,INTC
2000-11-29,24.7976,25.9176,23.3576,25.1676,61435100,24.4476,1.7130620985011,INTC
2000-11-30,20.9176,21.3576,19.2276,20.4776,78955800,25.1676,-10.970760233918,INTC
2000-12-01,20.9176,20.9176,16.2276,16.5476,106013200,20.4776,-10.325801366264,INTC
2000-12-04,17.5476,17.7576,14.4776,15.3576,82755800,16.5476,-3.4866686199824,INTC
2000-12-05,17.0476,18.9176,16.4176,18.4176,75069400,15.3576,9.2896174863388,INTC
2000-12-06,17.7276,17.7276,13.6676,14.1676,102012000,18.4176,-11.805555555556,INTC
2000-12-07,14.8576,15.6676,13.8576,14.7276,68263600,14.1676,1.7637795275591,INTC
2000-12-08,17.1676,17.2976,15.4176,16.4176,87975500,14.7276,5.2305787681832,INTC
2000-12-11,17.5476,20.6076,16.7276,19.8576,73069600,16.4176,10.117647058824,INTC
2000-12-12,19.3576,20.3376,18.7976,18.9176,48167200,19.8576,-2.5106837606838,INTC
2000-12-13,20.1676,20.2976,17.6076,17.9176,48719800,18.9176,-2.7397260273973,INTC
2000-12-14,17.9776,19.0476,16.9176,17.5476,33709400,17.9176,-1.0422535211268,INTC
2000-12-15,16.9776,17.1676,14.7276,14.8576,80843900,17.5476,-7.6572729860518,INTC
2000-12-18,16.6076,16.9176,14.8376,15.6676,38556100,14.8576,2.4969173859433,INTC
2000-12-19,16.1676,18.6676,15.7276,15.8576,54740300,15.6676,0.57142857142856,INTC
2000-12-20,15.3576,16.5476,13.9176,14.3576,63150800,15.8576,-4.4856459330143,INTC
2000-12-21,14.4176,16.8676,14.0476,15.5476,51591300,14.3576,3.7257357545398,INTC
2000-12-22,16.0476,17.4176,14.4176,15.3576,45430600,15.5476,-0.57349833987324,INTC
2000-12-26,15.5476,16.2976,14.4176,15.2976,28436800,15.3576,-0.18214936247722,INTC
2000-12-27,15.1076,16.1076,14.7276,14.9776,33621500,15.2976,-0.97323600973236,INTC
2000-12-28,14.5476,15.1076,12.4776,13.3576,49339700,14.9776,-4.97542997543,INTC
2000-12-29,13.3576,13.8576,12.2276,12.4776,54132500,13.3576,-2.8442146089205,INTC
2001-01-02,13.1076,14.2976,12.6676,13.4776,50342900,12.4776,3.3266799733866,INTC
2001-01-03,12.5476,17.0476,12.5476,16.6476,78290400,13.4776,10.20605280103,INTC
2001-01-04,16.4176,17.7976,15.1076,16.2176,68769000,16.6476,-1.2562080046743,INTC
2001-01-05,16.4776,17.0476,14.1676,14.4776,44975400,16.2176,-5.1479289940828,INTC
2001-01-08,13.9176,14.7276,13.0476,14.3576,45061300,14.4776,-0.37429819089208,INTC
2001-01-09,14.9476,15.3576,14.2976,14.6676,40814400,14.3576,0.97056981840951,INTC
2001-01-10,14.0476,15.7976,13.5476,15.4176,51496300,14.6676,2.3255813953488,INTC
2001-01-11,14.7976,16.6676,14.4176,15.7976,64970200,15.4176,1.1515151515152,INTC
2001-01-12,15.9776,16.2276,14.2276,14.5476,51377800,15.7976,-3.7447573397244,INTC
2001-01-16,14.6076,14.7976,13.4176,13.7976,60301100,14.5476,-2.3342670401494,INTC
2001-01-17,15.4176,15.4776,12.5476,12.9176,112290400,13.7976,-2.804333970682,INTC
2001-01-18,13.3576,14.7276,12.4176,14.6076,86633300,12.9176,5.5409836065574,INTC
2001-01-19,15.7976,17.0476,14.7276,15.9776,81348900,14.6076,4.2559801180491,INTC
2001-01-22,15.1076,16.2976,14.9176,15.7976,45756900,15.9776,-0.53635280095352,INTC
2001-01-23,15.8576,18.3076,15.1676,17.7976,84596700,15.7976,5.991611743559,INTC
2001-01-24,18.1076,19.4776,17.6076,18.6676,73581200,17.7976,2.4590163934426,INTC
2001-01-25,18.2276,18.4776,16.7276,16.9176,45900200,18.6676,-4.8275862068966,INTC
2001-01-26,16.5476,18.4776,14.9776,18.2976,47862400,16.9176,4.0,INTC
2001-01-29,17.6676,19.7976,17.1676,19.4776,49092800,18.2976,3.288740245262,INTC
2001-01-30,19.7976,20.6076,19.2276,19.4176,60806400,19.4776,-0.16189962223422,INTC
2001-01-31,19.7276,21.0076,18.9176,19.4176,71895100,19.4176,0.0,INTC
2001-02-01,19.4776,20.3576,18.9176,20.2276,50299300,19.4176,2.1891891891892,INTC
2001-02-02,20.0876,20.6476,17.9176,18.1076,47151200,20.2276,-5.6069822798202,INTC
2001-02-05,17.4976,17.7476,16.0676,17.1276,45158200,18.1076,-2.801905295601,INTC
2001-02-06,16.9976,18.3776,16.9176,17.8776,40329200,17.1276,2.1620063418853,INTC
2001-02-07,17.4376,18.4976,16.3176,17.3776,53148000,17.8776,-1.410835214447,INTC
2001-02-08,17.8176,18.5676,16.9976,17.0676,42899000,17.3776,-0.88723526044647,INTC
2001-02-09,16.7476,17.9976,15.8776,15.9376,40914600,17.0676,-3.2630667051689,INTC
2001-02-12,16.1276,17.6276,16.0676,16.9976,30483400,15.9376,3.1641791044776,INTC
2001-02-13,16.5676,17.6876,14.8176,14.8776,41910800,16.9976,-6.1342592592593,INTC
2001-02-14,14.9976,16.9876,14.3776,16.5676,47442300,14.8776,5.209617755857,INTC
2001-02-15,17.8776,18.9376,17.5676,18.2476,58334500,16.5676,4.9223556987987,INTC
2001-02-16,17.1876,17.7476,16.0676,16.8176,41543900,18.2476,-3.9932979614633,INTC
2001-02-20,16.4976,16.5676,13.8176,13.8776,52398200,16.8176,-8.5514834205934,INTC
2001-02-21,13.4376,15.1876,12.9376,13.1876,51585000,13.8776,-2.1946564885496,INTC
2001-02-22,13.3776,14.1276,12.0676,12.4376,58524000,13.1876,-2.4390243902439,INTC
2001-02-23,12.8176,13.1876,10.9376,12.3776,63558500,12.4376,-0.2,INTC
2001-02-26,12.9976,13.1376,10.8776,11.9376,60349600,12.3776,-1.4696058784235,INTC
2001-02-27,11.9376,13.3176,11.4376,11.4376,40788800,11.9376,-1.6949152542373,INTC
2001-02-28,11.8176,12.6276,10.4376,10.9976,48642400,11.4376,-1.5172413793103,INTC
2001-03-01,10.6876,11.6876,9.4976,11.5676,56268300,10.9976,1.9957983193277,INTC
2001-03-02,10.9376,13.5676,10.6876,11.7476,54626200,11.5676,0.61791967044284,INTC
2001-03-05,12.3176,13.1876,11.9376,12.8176,33275700,11.7476,3.6506311838963,INTC
2001-03-06,14.0676,15.3176,13.8776,13.9376,59734200,12.8176,3.6866359447005,INTC
2001-03-07,15.1876,16.1276,14.9376,15.3776,77826100,13.9376,4.5714285714286,INTC
2001-03-08,15.3776,16.1276,15.1276,15.6876,64903100,15.3776,0.9411050394657,INTC
2001-03-09,12.6276,13.0276,11.4376,11.8776,95273400,15.6876,-11.458646616541,INTC
2001-03-12,10.9376,11.8176,9.9976,10.1876,59606500,11.8776,-5.7404891304348,INTC
2001-03-13,10.6876,12.0676,10.1876,11.8176,52029400,10.1876,5.8738738738739,INTC
2001-03-14,10.8176,12.3176,10.4376,11.4976,57451700,11.8176,-1.0891763104152,INTC
2001-03-15,12.1876,12.3776,10.8776,10.9376,40752100,11.4976,-1.9270474879559,INTC
2001-03-16,10.8776,11.3576,10.1276,10.3176,59069300,10.9376,-2.1754385964912,INTC
2001-03-19,9.9376,10.1876,7.8176,9.4976,76658300,10.3176,-2.9411764705882,INTC
2001-03-20,9.8176,9.8776,6.9976,7.0676,64447400,9.4976,-8.980044345898,INTC
2001-03-21,7.1876,9.1876,7.0676,7.9976,68769700,7.0676,3.7758830694275,INTC
2001-03-22,8.5676,11.2476,8.4376,11.1276,94035500,7.9976,12.245696400626,INTC
2001-03-23,12.1276,12.1876,10.1276,11.2476,84798400,11.1276,0.41826420355524,INTC
2001-03-26,11.9376,11.9976,10.3176,10.7476,64434700,11.2476,-1.7355085039917,INTC
2001-03-27,10.8176,12.1376,10.4976,11.8176,72663100,10.7476,3.7795831861533,INTC
2001-03-28,11.1276,11.7476,9.2476,9.3776,72981400,11.8176,-8.3049693669163,INTC
2001-03-29,9.3176,9.9976,8.1876,8.9976,64860100,9.3776,-1.4105419450631,INTC
2001-03-30,9.0676,9.1876,7.7476,8.7476,47407900,8.9976,-0.94126506024096,INTC
2001-04-02,8.4976,9.3176,7.4976,8.2376,44926400,8.7476,-1.9384264538198,INTC
2001-04-03,7.7476,8.8176,7.2776,7.4376,57243500,8.2376,-3.1007751937985,INTC
2001-04-04,7.1276,7.5276,4.8776,5.0676,84598500,7.4376,-9.48,INTC
2001-04-05,6.6876,8.2476,6.5276,8.0676,67723800,5.0676,13.256738842245,INTC
2001-04-06,7.4976,7.6676,5.4376,6.0676,73966500,8.0676,-7.8033554428404,INTC
2001-04-09,6.1276,6.6376,4.6876,5.6376,60546000,6.0676,-1.819720694033,INTC
2001-04-10,5.9176,7.5476,5.7876,7.2076,55860400,5.6376,6.7672413793103,INTC
2001-04-11,10.3376,10.7276,9.6076,9.9576,91353300,7.2076,11.102139685103,INTC
2001-04-12,9.8976,10.9476,8.7476,10.5576,54030800,9.9576,2.1802325581395,INTC
2001-04-16,9.2076,9.4376,7.9676,8.7376,59350300,10.5576,-6.4722617354196,INTC
2001-04-17,7.6876,9.1676,7.6176,8.4976,63847700,8.7376,-0.91254752851712,INTC
2001-04-18,11.6576,14.6276,11.0376,13.7176,154867500,8.4976,20.030698388335,INTC
2001-04-19,13.2276,14.9576,12.8876,14.9276,86104300,13.7176,3.8682864450128,INTC
2001-04-20,14.4076,15.0076,13.6976,14.8676,62663300,14.9276,-0.18467220683288,INTC
2001-04-23,13.5076,13.7376,12.0876,12.7576,58505600,14.8676,-6.5063213074314,INTC
2001-04-24,12.3776,13.4776,11.3376,11.5776,50139500,12.7576,-3.8918205804749,INTC
2001-04-25,11.4376,11.7976,9.9376,11.4676,64643200,11.5776,-0.37748798901853,INTC
2001-04-26,12.6676,12.7976,11.0376,11.0776,53735800,11.4676,-1.3434378229418,INTC
2001-04-27,12.0376,12.6676,11.4876,12.6176,42818100,11.0776,5.377094972067,INTC
2001-04-30,13.2876,14.0876,12.9676,13.3476,41267000,12.6176,2.4188204108681,INTC
2001-05-01,13.2076,13.8476,12.5576,13.6176,37212100,13.3476,0.87350372047881,INTC
2001-05-02,14.3276,14.9376,13.6376,14.3776,45024300,13.6176,2.4374599101989,INTC
2001-05-03,13.5976,13.6576,12.5676,12.8576,37081700,14.3776,-4.8215403882279,INTC
2001-05-04,12.3576,13.5076,11.7576,13.3376,35393600,12.8576,1.5789473684211,INTC
2001-05-07,13.5076,14.1376,12.7976,13.6176,33649600,13.3376,0.90673575129534,INTC
2001-05-08,13.9476,14.2576,13.3576,13.9376,41516100,13.6176,1.0269576379974,INTC
2001-05-09,13.4476,13.4476,11.7576,12.3876,61625100,13.9376,-4.9237611181703,INTC
2001-05-10,12.9376,13.0076,11.3576,11.4676,49126700,12.3876,-3.0738389575677,INTC
2001-05-11,11.4876,11.6976,10.2476,10.3976,47538400,11.4676,-3.6883833160979,INTC
2001-05-14,10.5076,10.6076,9.1676,9.8676,42030400,10.3976,-1.8969219756621,INTC
2001-05-15,10.0776,10.5576,9.3876,9.6576,47320400,9.8676,-0.76614374315943,INTC
2001-05-16,9.4576,10.9576,8.9576,10.8176,59912100,9.6576,4.2647058823529,INTC
2001-05-17,11.2376,11.6476,10.4576,11.0576,56388800,10.8176,0.84626234132582,INTC
2001-05-18,10.9876,11.5976,10.4476,11.2176,34849900,11.0576,0.55944055944056,INTC
2001-05-21,10.8276,12.4676,10.6476,12.3576,44441500,11.2176,3.9638386648122,INTC
2001-05-22,12.6476,12.8876,11.8576,11.9876,39668600,12.3576,-1.2374581939799,INTC
2001-05-23,11.8276,12.7076,11.0176,11.2576,53506500,11.9876,-2.4720623095157,INTC
2001-05-24,11.2976,11.8576,10.5776,11.6676,47219800,11.2576,1.4236111111111,INTC
2001-05-25,11.8976,12.0176,11.1376,11.5576,29599600,11.6676,-0.37658336186237,INTC
2001-05-29,11.4176,11.4776,10.2376,10.3076,37800000,11.5576,-4.2955326460481,INTC
2001-05-30,9.7976,10.1576,8.8576,9.0576,47279100,10.3076,-4.4883303411131,INTC
2001-05-31,9.4876,10.0376,9.2976,9.4676,38765000,9.0576,1.5413533834586,INTC
2001-06-01,9.7176,11.5276,9.6476,11.1976,60607700,9.4676,6.4050351721584,INTC
2001-06-04,11.5776,11.6576,10.5176,10.9576,37911200,11.1976,-0.83507306889352,INTC
2001-06-05,11.3176,12.4076,11.3076,12.1876,51634700,10.9576,4.3157894736842,INTC
2001-06-06,11.9076,13.1476,11.5076,12.2776,72674500,12.1876,0.30272452068618,INTC
2001-06-07,12.1776,13.6876,12.1276,13.5976,75898100,12.2776,4.4265593561368,INTC
2001-06-08,14.3476,14.4576,12.4576,13.1276,68338500,13.5976,-1.5093127809891,INTC
2001-06-11,12.6276,12.9676,11.8776,12.7876,41179700,13.1276,-1.1085751548745,INTC
2001-06-12,12.1576,12.6676,11.4576,12.5876,54092400,12.7876,-0.65941312232113,INTC
2001-06-13,12.3376,12.5876,11.4576,11.5176,41041800,12.5876,-3.5512777962164,INTC
2001-06-14,11.0176,11.5576,10.0176,10.0676,41928000,11.5176,-4.9896765313145,INTC
2001-06-15,9.7976,10.7576,9.5676,10.1376,54988000,10.0676,0.25353132922854,INTC
2001-06-18,10.3276,10.9976,9.8976,10.0076,27884300,10.1376,-0.46965317919075,INTC
2001-06-19,10.9876,11.2476,8.6076,9.1276,60445400,10.0076,-3.1941923774955,INTC
2001-06-20,8.7676,10.1176,8.7176,9.9476,43075100,9.1276,3.0746156730409,INTC
2001-06-21,9.8076,10.5476,9.4076,9.7276,45924400,9.9476,-0.80029101491451,INTC
2001-06-22,9.9276,10.7576,9.7276,9.9676,30370800,9.7276,0.88008800880089,INTC
2001-06-25,10.4576,11.1476,9.9276,11.0376,28370300,9.9676,3.8894947291894,INTC
2001-06-26,10.5476,11.5276,10.4876,11.4276,34784400,11.0376,1.3645906228132,INTC
2001-06-27,11.4576,11.6676,10.8076,11.1076,33732800,11.4276,-1.1045909561615,INTC
2001-06-28,11.6876,12.9576,11.6576,12.0976,54526800,11.1076,3.455497382199,INTC
2001-06-29,12.2676,13.2276,11.2076,11.7076,50528100,12.0976,-1.3157894736842,INTC
2001-07-02,12.0376,12.9976,11.6176,12.5176,38618100,11.7076,2.7692307692308,INTC
2001-07-03,12.3976,13.1476,12.1076,12.9176,22125300,12.5176,1.3306719893546,INTC
2001-07-05,12.5376,13.4576,12.2576,12.2976,35646100,12.9176,-2.0354563361786,INTC
2001-07-06,11.5976,12.3076,10.7576,10.8876,37433400,12.2976,-4.7252010723861,INTC
2001-07-09,10.9876,11.8876,10.5676,11.3576,30142200,10.8876,1.6531832571228,INTC
2001-07-10,11.6876,11.8576,9.9176,10.2476,41262500,11.3576,-3.840830449827,INTC
2001-07-11,10.1076,10.9576,9.4576,10.5176,50500000,10.2476,0.97157250809644,INTC
2001-07-12,11.8076,12.6476,11.5076,12.5576,49245000,10.5176,7.2701354240912,INTC
2001-07-13,12.4676,12.8376,11.7076,12.6476,42797400,12.5576,0.29900332225914,INTC
2001-07-16,12.4876,13.2076,11.2276,11.5876,65745900,12.6476,-3.511096389533,INTC
2001-07-17,11.0276,12.4576,10.5376,12.3576,104794800,11.5876,2.6433230346722,INTC
2001-07-18,11.3276,12.6076,10.9776,11.3476,71681500,12.3576,-3.3779264214047,INTC
2001-07-19,12.0476,12.6776,11.8876,12.4176,54696100,11.3476,3.7037037037037,INTC
2001-07-20,11.8676,12.4876,11.3876,12.3876,50445900,12.4176,-0.10013351134847,INTC
2001-07-23,12.4276,12.6876,11.3676,11.4576,35058000,12.3876,-3.1072502505847,INTC
2001-07-24,11.1676,12.0476,10.8876,11.3376,38043200,11.4576,-0.41379310344828,INTC
2001-07-25,11.4276,11.9376,10.6476,11.8776,35546500,11.3376,1.8698060941828,INTC
2001-07-26,11.5576,12.3576,11.2576,12.2376,46259200,11.8776,1.2236573759347,INTC
2001-07-27,12.0676,12.3076,11.4676,11.6776,35491700,12.2376,-1.8804566823371,INTC
2001-07-30,11.9676,12.1976,11.2576,11.4976,30516100,11.6776,-0.61601642710472,INTC
2001-07-31,11.6176,12.8776,11.4876,12.2676,50205500,11.4976,2.6515151515152,INTC
2001-08-01,13.0776,13.4376,12.7376,13.2076,45032400,12.2676,3.1533042603153,INTC
2001-08-02,13.8676,14.6876,13.7876,14.5676,74146100,13.2076,4.4227642276423,INTC
2001-08-03,14.5276,14.5576,13.7276,14.1576,35673800,14.5676,-1.3391466832762,INTC
2001-08-06,12.9076,13.1576,12.5176,12.7576,54185900,14.1576,-4.4191919191919,INTC
2001-08-07,12.4276,13.4776,12.2476,13.0976,44104200,12.7576,1.1228533685601,INTC
2001-08-08,12.8676,13.6676,11.8676,12.0876,49099600,13.0976,-3.2984977139125,INTC
2001-08-09,11.9776,12.5076,11.6576,12.1276,35740300,12.0876,0.13508949679162,INTC
2001-08-10,11.9976,12.6676,11.4676,12.4276,33802800,12.1276,1.0118043844857,INTC
2001-08-13,13.1476,13.1976,12.5576,13.0376,30835300,12.4276,2.0367278797997,INTC
2001-08-14,13.1876,13.3276,12.7176,12.8276,27573500,13.0376,-0.6871727748691,INTC
2001-08-15,12.7576,13.2276,12.1776,12.2576,33350900,12.8276,-1.8780889621087,INTC
2001-08-16,11.8876,12.6576,11.5576,12.6376,38746200,12.2576,1.2760241773002,INTC
2001-08-17,11.6476,11.8576,10.2676,10.5476,60333100,12.6376,-6.9297082228117,INTC
2001-08-20,10.5476,11.1576,10.3776,10.6776,36549900,10.5476,0.46312789454934,INTC
2001-08-21,10.8076,10.9876,9.5276,9.5476,34874100,10.6776,-4.0070921985816,INTC
2001-08-22,10.0676,10.4776,9.4776,10.4376,42352900,9.5476,3.2877724418175,INTC
2001-08-23,10.3676,10.8476,10.0976,10.1476,30429300,10.4376,-1.0371959942775,INTC
2001-08-24,10.5276,11.6176,10.3276,11.5576,38868400,10.1476,5.0957715937839,INTC
2001-08-27,11.4976,12.3776,11.0776,11.6276,28004700,11.5576,0.24071526822559,INTC
2001-08-28,11.6976,12.1376,10.9076,10.9876,55261100,11.6276,-2.1955403087478,INTC
2001-08-29,11.3376,11.3976,10.2176,10.5776,37925700,10.9876,-1.4380918975798,INTC
2001-08-30,9.9776,10.3076,9.3576,9.6076,44816500,10.5776,-3.4519572953737,INTC
2001-08-31,9.4976,10.6076,9.4876,10.4376,38184200,9.6076,3.059343899742,INTC
2001-09-04,10.0376,10.5676,9.3276,9.3276,54417200,10.4376,-3.9699570815451,INTC
2001-09-05,9.4176,10.1676,8.8176,9.9476,71250500,9.3276,2.3091247672253,INTC
2001-09-06,9.2376,10.1076,8.2776,8.5776,82299700,9.9476,-4.9872588278121,INTC
2001-09-07,8.6376,9.4576,8.2076,8.3676,72762000,8.5776,-0.80459770114943,INTC
2001-09-10,8.0076,8.8076,7.9376,8.5476,51666200,8.3676,0.69524913093859,INTC
2001-09-17,6.7376,7.4776,5.9776,6.0676,82324000,8.5476,-9.5128500191791,INTC
2001-09-18,6.3576,6.9576,5.6776,5.9476,56158800,6.0676,-0.50869012293345,INTC
2001-09-19,6.0376,6.1676,3.3176,4.7576,86258700,5.9476,-5.0703025138475,INTC
2001-09-20,3.9376,4.7476,2.9776,3.1476,70391200,4.7576,-7.2262118491921,INTC
2001-09-21,1.4876,3.2276,1.4376,1.7776,116397800,3.1476,-6.6279632317368,INTC
2001-09-24,2.4776,4.1976,1.9776,3.7876,79145100,1.7776,10.414507772021,INTC
2001-09-25,4.0376,4.4376,3.2776,4.1576,65921600,3.7876,1.7362740497419,INTC
2001-09-26,4.2676,4.3276,3.1976,3.3776,48086200,4.1576,-3.5977859778598,INTC
2001-09-27,3.3876,3.8376,2.0476,3.0276,58795800,3.3776,-1.6746411483253,INTC
2001-09-28,3.2176,3.4576,2.5776,2.9176,72652500,3.0276,-0.5352798053528,INTC
2001-10-01,2.6876,2.7576,2.1776,2.4876,44629300,2.9176,-2.1037181996086,INTC
2001-10-02,2.4776,2.5576,1.8476,2.0176,52211400,2.4876,-2.3488255872064,INTC
2001-10-03,1.7776,4.1276,1.5576,3.7076,75609100,2.0176,8.6489252814739,INTC
2001-10-04,4.2076,5.0576,3.4776,4.0276,67199800,3.7076,1.5073009891663,INTC
2001-10-05,3.9876,4.5276,3.0276,4.4376,49144800,4.0276,1.9025522041763,INTC
2001-10-08,3.8576,4.9976,3.7476,4.7176,36857900,4.4376,1.2750455373406,INTC
2001-10-09,4.5176,4.7076,3.5776,3.9276,42529600,4.7176,-3.5521582733813,INTC
2001-10-10,3.9076,5.6776,3.8476,5.5376,52544400,3.9276,7.5058275058275,INTC
2001-10-11,5.8676,7.1576,5.8276,6.9876,76388000,5.5376,6.2879444926279,INTC
2001-10-12,6.7876,7.6076,6.5876,7.4976,64759500,6.9876,2.0807833537332,INTC
2001-10-15,6.9676,6.9976,6.1076,6.8576,44407500,7.4976,-2.5579536370903,INTC
2001-10-16,7.0076,7.5776,6.6476,7.4376,54140900,6.8576,2.3789991796555,INTC
2001-10-17,8.6176,8.7076,6.9776,7.0476,91476800,7.4376,-1.5625,INTC
2001-10-18,7.0776,7.2276,6.1776,6.5276,49945300,7.0476,-2.1164021164021,INTC
2001-10-19,6.4676,7.0376,6.0876,6.6276,42200200,6.5276,0.41580041580041,INTC
2001-10-22,6.5976,7.8476,6.2376,7.7776,46028400,6.6276,4.7619047619048,INTC
2001-10-23,7.8976,8.4776,7.3676,7.4776,41883700,7.7776,-1.1857707509881,INTC
2001-10-24,7.6676,8.4076,7.4076,7.9576,41107100,7.4776,1.92,INTC
2001-10-25,7.4776,8.6976,6.7876,8.5776,56328100,7.9576,2.4332810047096,INTC
2001-10-26,8.4876,8.9776,8.0276,8.3376,45507200,8.5776,-0.91954022988507,INTC
2001-10-29,8.0776,8.3676,6.6476,6.6576,46344500,8.3376,-6.4965197215777,INTC
2001-10-30,6.2476,6.9876,5.7176,6.0176,52532700,6.6576,-2.6468155500414,INTC
2001-10-31,6.4076,7.7676,5.9176,6.8976,64502900,6.0176,3.7383177570094,INTC
2001-11-01,7.0076,8.4476,6.7276,8.4176,54534200,6.8976,6.2244062244062,INTC
2001-11-02,8.4276,9.2076,7.9776,8.7776,49878100,8.4176,1.3878180416345,INTC
2001-11-05,9.2476,9.7776,9.1476,9.4576,42259600,8.7776,2.5095057034221,INTC
2001-11-06,9.2876,10.7776,9.1976,10.7476,63151000,9.4576,4.7848664688427,INTC
2001-11-07,10.4076,11.5776,10.2476,10.7876,59715700,10.7476,0.14159292035398,INTC
2001-11-08,11.3676,12.0176,10.4276,10.7776,64844400,10.7876,-0.035348179568745,INTC
2001-11-09,10.6776,10.7976,10.0976,10.3776,40853300,10.7776,-1.4144271570014,INTC
2001-11-12,10.1076,11.2676,9.2676,10.8776,47860400,10.3776,1.793400286944,INTC
2001-11-13,11.5576,12.5576,11.4476,12.5476,68021800,10.8776,5.8844256518675,INTC
2001-11-14,12.9676,14.0876,12.3976,13.8176,78496500,12.5476,4.2262895174709,INTC
2001-11-15,13.3176,13.9776,12.9586,13.2776,58194200,13.8176,-1.7241379310345,INTC
2001-11-16,13.1276,13.4476,12.6476,13.1276,39647000,13.2776,-0.48732943469786,INTC
2001-11-19,13.3076,13.7976,12.4076,13.4876,47857200,13.1276,1.1753183153771,INTC
2001-11-20,13.2076,13.2876,12.3276,12.4476,41295400,13.4876,-3.3559212649242,INTC
2001-11-21,12.0376,13.3376,11.9776,13.3076,55275700,12.4476,2.8714524207012,INTC
2001-11-23,13.0776,13.7476,12.8176,13.5576,17593600,13.3076,0.81142486205777,INTC
2001-11-26,13.9276,14.6176,13.8076,14.3676,53245900,13.5576,2.6078557630393,INTC
2001-11-27,14.0076,15.4876,13.3976,14.8076,80780900,14.3676,1.3806087229369,INTC
2001-11-28,14.4176,15.0476,14.1076,14.2576,61294700,14.8076,-1.7022593624265,INTC
2001-11-29,14.4876,14.9176,13.6576,14.8176,45959100,14.2576,1.7632241813602,INTC
2001-11-30,14.7286,15.4076,14.1866,15.1576,42402700,14.8176,1.0519801980198,INTC
2001-12-03,14.7876,15.3776,14.4676,14.5376,43007300,15.1576,-1.8983466013472,INTC
2001-12-04,14.6976,15.3976,14.3376,15.3576,44357900,14.5376,2.5593008739076,INTC
2001-12-05,15.5576,17.3476,15.5376,17.1076,75427000,15.3576,5.3256238587949,INTC
2001-12-06,16.9976,17.2776,16.2476,16.6576,58314700,17.1076,-1.3002022536839,INTC
2001-12-07,16.6576,16.9976,15.2476,15.7376,59276500,16.6576,-2.6932084309133,INTC
2001-12-10,15.3876,16.1186,15.3476,15.4476,41528400,15.7376,-0.87244283995186,INTC
2001-12-11,15.8476,16.6376,15.5476,15.6876,46746100,15.4476,0.72837632776933,INTC
2001-12-12,15.7886,16.6376,15.6076,16.5776,50047800,15.6876,2.6815305815005,INTC
2001-12-13,15.7776,16.2176,14.9976,15.0676,50999300,16.5776,-4.4307511737089,INTC
2001-12-14,15.0876,16.2776,14.7676,15.7676,46141100,15.0676,2.1492170709242,INTC
2001-12-17,15.5976,16.5876,15.4976,16.4676,39107500,15.7676,2.1039975954313,INTC
2001-12-18,16.6476,16.8976,15.8576,16.3076,39749700,16.4676,-0.47100382690608,INTC
2001-12-19,15.8276,16.4576,15.5376,15.5476,39957400,16.3076,-2.2478556640047,INTC
2001-12-20,15.3566,15.6976,14.3266,14.4776,49423400,15.5476,-3.2375189107413,INTC
2001-12-21,14.7176,15.2376,14.4676,14.9076,57861400,14.4776,1.3445903689806,INTC
2001-12-24,14.6576,14.8976,14.4976,14.5176,8673800,14.9076,-1.2033323048442,INTC
2001-12-26,14.5476,15.6176,14.5176,14.7876,23233100,14.5176,0.84322298563397,INTC
2001-12-27,14.9076,15.4776,14.8576,15.1676,22443900,14.7876,1.1768349334159,INTC
2001-12-28,15.4376,15.8076,14.6176,14.7376,27585200,15.1676,-1.3161922252831,INTC
2001-12-31,14.6476,14.9076,13.9076,13.9476,27981300,14.7376,-2.4503722084367,INTC
2002-01-02,14.3976,15.4976,14.2276,15.4976,42329800,13.9476,4.9284578696343,INTC
2002-01-03,15.9976,18.1186,15.8976,18.0176,91340900,15.4976,7.6363636363636,INTC
2002-01-04,18.6976,18.8476,17.8176,18.2876,65031900,18.0176,0.76013513513512,INTC
2002-01-07,18.5176,18.7476,17.5176,17.7676,48780300,18.2876,-1.4529198100028,INTC
2002-01-08,17.8376,18.4676,17.4476,18.0776,35630100,17.7676,0.87893393819108,INTC
2002-01-09,18.4576,19.2776,17.5276,17.8576,59079000,18.0776,-0.61832490163013,INTC
2002-01-10,17.9276,17.9676,16.9976,17.1476,51678600,17.8576,-2.0079185520362,INTC
2002-01-11,17.3176,17.6076,16.7576,17.0476,39581600,17.1476,-0.28860028860029,INTC
2002-01-14,16.7976,17.6876,16.5976,17.3376,58637700,17.0476,0.83936324167874,INTC
2002-01-15,17.4376,17.4776,16.5966,17.1776,56947000,17.3376,-0.45924225028704,INTC
2002-01-16,16.4576,17.0876,16.1776,16.2076,76423400,17.1776,-2.7970011534025,INTC
2002-01-17,16.5476,17.2476,16.0976,17.0276,50486700,16.2076,2.4325126075349,INTC
2002-01-18,16.0476,16.7976,15.6576,15.9776,51643400,17.0276,-3.0408340573415,INTC
2002-01-22,16.0476,16.0886,14.0576,14.1976,52946000,15.9776,-5.3166069295101,INTC
2002-01-23,14.1576,15.1076,14.1176,14.9476,47893500,14.1976,2.3659305993691,INTC
2002-01-24,15.4176,16.0976,15.0616,15.6976,53902000,14.9476,2.3112480739599,INTC
2002-01-25,15.3676,16.6576,15.2476,16.1776,35831900,15.6976,1.4457831325301,INTC
2002-01-28,16.3276,16.8076,15.8176,16.4176,29904700,16.1776,0.71258907363421,INTC
2002-01-29,16.3876,16.7976,14.9976,15.1776,44725100,16.4176,-3.6556603773585,INTC
2002-01-30,15.3676,16.3876,14.9576,16.3576,47006900,15.1776,3.6107711138311,INTC
2002-01-31,17.1076,17.6476,16.8176,17.5376,63030600,16.3576,3.4849379799173,INTC
2002-02-01,17.3176,17.5676,16.5576,17.1676,39369800,17.5376,-1.0559360730594,INTC
2002-02-04,17.1276,17.1276,16.1576,16.4776,38592100,17.1676,-1.990193250649,INTC
2002-02-05,16.3176,16.9076,15.9176,16.3176,40969200,16.4776,-0.52972336668629,INTC
2002-02-06,16.2876,16.3176,15.0476,15.4376,51592900,16.3176,-2.603550295858,INTC
2002-02-07,15.3176,16.0076,14.6176,14.8276,46596000,15.4376,-1.8529769137303,INTC
2002-02-08,15.0276,15.1176,13.8976,15.0376,60717000,14.8276,0.64995357474466,INTC
2002-02-11,14.7576,16.1476,14.6376,16.0876,37651700,15.0376,3.2287822878229,INTC
2002-02-12,15.6276,15.9976,15.1576,15.4876,37593400,16.0876,-1.7873100983021,INTC
2002-02-13,15.7176,16.2176,15.5776,15.8976,36676300,15.4876,1.2435547467395,INTC
2002-02-14,16.1476,16.8676,15.8276,15.8576,44869400,15.8976,-0.11983223487118,INTC
2002-02-15,15.9376,16.1876,14.4676,14.8076,47567600,15.8576,-3.1493701259748,INTC
2002-02-19,14.2576,14.6876,13.6976,13.8576,44223000,14.8076,-2.9420873335398,INTC
2002-02-20,14.0176,14.1076,12.4676,13.9576,63397100,13.8576,0.31908104658584,INTC
2002-02-21,12.8576,13.1976,11.9976,11.9976,76406800,13.9576,-6.234096692112,INTC
2002-02-22,12.0276,12.6186,11.6876,12.0476,56059600,11.9976,0.1696065128901,INTC
2002-02-25,12.2776,14.0276,12.1476,13.5376,52381100,12.0476,5.0457162207924,INTC
2002-02-26,13.7676,13.9576,12.2676,12.5376,61575500,13.5376,-3.2237266279819,INTC
2002-02-27,13.0676,13.5876,11.7976,12.4076,57694600,12.5376,-0.43304463690872,INTC
2002-02-28,12.6276,12.6676,11.0176,11.0676,64454100,12.4076,-4.4831047172968,INTC
2002-03-01,11.6076,13.5276,11.5126,13.4976,58370200,11.0676,8.5113835376532,INTC
2002-03-04,13.4676,14.3976,12.3976,14.3676,57658300,13.4976,2.8082633957392,INTC
2002-03-05,15.0276,15.8076,14.9176,15.2176,68027700,14.3676,2.668759811617,INTC
2002-03-06,15.3576,15.5976,14.6476,15.4776,44841500,15.2176,0.79510703363914,INTC
2002-03-07,16.0276,16.1276,14.5576,15.4976,55092400,15.4776,0.060679611650473,INTC
2002-03-08,16.4876,16.7676,15.3576,16.6876,70020500,15.4976,3.6082474226804,INTC
2002-03-11,16.3376,16.5976,15.6776,15.9376,40275000,16.6876,-2.1949078138718,INTC
2002-03-12,14.9876,15.5376,14.8276,15.5076,37671900,15.9376,-1.2866546977858,INTC
2002-03-13,14.5276,14.5776,13.5676,13.8576,56552400,15.5076,-5.0015156107912,INTC
2002-03-14,13.7776,14.1676,13.3176,13.4876,39858500,13.8576,-1.1805998723676,INTC
2002-03-15,13.3876,14.3676,13.3176,14.2576,49691800,13.4876,2.486277042299,INTC
2002-03-18,14.4476,14.7676,13.7576,14.1376,32829200,14.2576,-0.37807183364839,INTC
2002-03-19,14.2276,14.6776,13.7776,14.2376,33497800,14.1376,0.31625553447185,INTC
2002-03-20,13.0986,13.2276,12.5376,13.0476,51104600,14.2376,-3.7515762925599,INTC
2002-03-21,13.1076,14.0076,12.9776,13.9176,36907600,13.0476,2.8496560759908,INTC
2002-03-22,13.6176,13.7276,12.9776,13.1076,33575900,13.9176,-2.5796178343949,INTC
2002-03-25,12.7076,13.4876,12.4776,12.5176,42929100,13.1076,-1.92873488068,INTC
2002-03-26,12.5276,13.5576,12.4676,13.2876,37561800,12.5176,2.5666666666667,INTC
2002-03-27,12.9876,13.0176,12.4676,12.9276,38028600,13.2876,-1.1699707507312,INTC
2002-03-28,13.3276,13.7676,12.8976,12.9276,32630100,12.9276,0.0,INTC
2002-04-01,12.6576,13.9676,12.5466,13.6876,32579800,12.9276,2.4991779020059,INTC
2002-04-02,13.0976,13.4176,12.5376,12.5476,37408100,13.6876,-3.6573628488932,INTC
2002-04-03,12.5976,12.8076,11.8976,12.3876,42759800,12.5476,-0.53280053280053,INTC
2002-04-04,12.5676,13.1976,12.4676,13.1076,43744800,12.3876,2.4104452628055,INTC
2002-04-05,13.1976,13.2176,12.3176,12.5676,32648100,13.1076,-1.7652827721478,INTC
2002-04-08,11.5576,12.5576,11.0176,12.4476,45076000,12.5676,-0.39933444259568,INTC
2002-04-09,12.4276,12.7576,10.9276,10.9776,61982600,12.4476,-4.9114600735048,INTC
2002-04-10,11.1676,11.9076,10.5276,11.7776,60561300,10.9776,2.8109627547435,INTC
2002-04-11,11.3476,11.9576,11.0176,11.4576,41970000,11.7776,-1.0936431989064,INTC
2002-04-12,11.6676,11.6676,10.5876,10.9076,40680200,11.4576,-1.9004837595024,INTC
2002-04-15,10.7276,11.2376,10.2776,10.6276,42890600,10.9076,-0.98626276858049,INTC
2002-04-16,11.5976,12.3176,11.4976,12.0276,60326000,10.6276,4.9804340092494,INTC
2002-04-17,13.7176,13.7976,12.8276,13.1576,63775700,12.0276,3.8292104371399,INTC
2002-04-18,13.0576,13.4566,12.3776,12.9676,45448200,13.1576,-0.6201044386423,INTC
2002-04-19,13.3376,13.3676,12.5776,12.6176,35203800,12.9676,-1.1494252873563,INTC
2002-04-22,12.4576,12.7386,12.0476,12.5776,34143700,12.6176,-0.13289036544851,INTC
2002-04-23,12.6876,12.8576,11.8846,12.0576,42581400,12.5776,-1.729873586161,INTC
2002-04-24,12.1776,12.5076,11.3976,11.4276,38215200,12.0576,-2.1327014218009,INTC
2002-04-25,11.1776,11.9976,10.6876,11.6076,49871800,11.4276,0.62262193012798,INTC
2002-04-26,11.9476,11.9776,10.6176,10.6376,39332500,11.6076,-3.3344792024751,INTC
2002-04-29,10.6876,10.9676,10.0276,10.5576,40651000,10.6376,-0.28449502133713,INTC
2002-04-30,10.5276,11.7676,10.4176,11.1276,45051800,10.5576,2.0328102710414,INTC
2002-05-01,11.0876,11.5676,10.0576,11.1476,46014700,11.1276,0.069905627403004,INTC
2002-05-02,11.0276,11.7396,10.2876,10.3876,41814000,11.1476,-2.6545581557806,INTC
2002-05-03,10.3876,10.4876,9.0276,9.0976,50943800,10.3876,-4.7003946896304,INTC
2002-05-06,9.0376,9.5376,8.2876,8.3176,44269200,9.0976,-2.9367469879518,INTC
2002-05-07,8.6876,9.5176,8.0976,8.6876,55862900,8.3176,1.4352211016292,INTC
2002-05-08,9.7776,11.5976,9.6076,11.5176,58149500,8.6876,10.822179732314,INTC
2002-05-09,11.1876,11.3876,10.3376,10.7776,41394900,11.5176,-2.5534851621808,INTC
2002-05-10,10.9976,11.1476,9.4576,9.5476,44068600,10.7776,-4.3555240793201,INTC
2002-05-13,9.7376,11.1016,9.6476,11.0576,40677900,9.5476,5.5905220288782,INTC
2002-05-14,12.4576,12.8896,11.9076,12.6876,57081400,11.0576,5.7152875175316,INTC
2002-05-15,12.2176,13.5376,12.0376,12.7776,53419600,12.6876,0.29850746268657,INTC
2002-05-16,12.7576,13.3276,12.4516,13.3076,37283000,12.7776,1.7526455026455,INTC
2002-05-17,13.5376,13.8976,13.1356,13.7376,53172200,13.3076,1.3974650633734,INTC
2002-05-20,13.1376,13.3376,12.4576,12.7276,37234800,13.7376,-3.2371794871795,INTC
2002-05-21,12.7376,12.8776,11.5036,11.6076,48062600,12.7276,-3.7098376946009,INTC
2002-05-22,11.4476,12.2076,11.2476,12.1276,41212700,11.6076,1.7887856897145,INTC
2002-05-23,12.1876,12.3376,10.9776,11.9276,42331700,12.1276,-0.67590402162893,INTC
2002-05-24,11.3276,11.5376,10.9376,11.1976,25786900,11.9276,-2.4838380401497,INTC
2002-05-28,11.0976,11.1576,10.2076,10.8876,42887300,11.1976,-1.0816468946267,INTC
2002-05-29,10.4176,10.5276,9.7876,9.8076,35345700,10.8876,-3.8095238095238,INTC
2002-05-30,9.5476,10.2476,9.1376,9.9576,40982400,9.8076,0.55005500550056,INTC
2002-05-31,10.4576,10.9676,9.9476,10.1576,38515500,9.9576,0.72939460247994,INTC
2002-06-03,9.9676,10.2576,8.9776,9.1576,34868300,10.1576,-3.6205648081101,INTC
2002-06-04,8.7676,10.0576,8.7576,10.0376,49300100,9.1576,3.3057851239669,INTC
2002-06-05,10.1376,10.7376,9.4276,10.7176,41650700,10.0376,2.4727272727273,INTC
2002-06-06,10.0376,10.1176,9.2376,9.5376,53643100,10.7176,-4.1873669268985,INTC
2002-06-07,4.8776,5.2876,4.2376,4.5376,151674200,9.5376,-18.518518518519,INTC
2002-06-10,4.8176,4.8276,3.5356,3.6076,67915600,4.5376,-4.2272727272727,INTC
2002-06-11,3.9776,4.4276,2.7176,2.7576,69805500,3.6076,-4.0341718082582,INTC
2002-06-12,2.6476,4.1376,2.5376,4.1176,76851400,2.7576,6.7260138476756,INTC
2002-06-13,4.1476,4.5076,3.5376,3.6476,49372700,4.1176,-2.1779425393883,INTC
2002-06-14,3.0876,3.9176,2.5976,3.8176,50405500,3.6476,0.80530554239698,INTC
2002-06-17,4.1976,5.1076,3.8876,5.0976,53048700,3.8176,6.015037593985,INTC
2002-06-18,4.6776,5.5276,4.5476,4.5576,51923400,5.0976,-2.3936170212766,INTC
2002-06-19,3.4976,3.7476,2.5576,2.6276,65484600,4.5576,-8.7647593097184,INTC
2002-06-20,2.6576,3.1396,1.7576,1.7776,76651800,2.6276,-4.2309606769537,INTC
2002-06-21,1.6176,2.1776,0.93759999999999,1.2676,80815200,1.7776,-2.6507276507276,INTC
2002-06-24,0.95759999999999,2.4976,0.92759999999999,1.8676,70349100,1.2676,3.20341697811,INTC
2002-06-25,2.3276,2.5176,0.83759999999999,0.85759999999999,68250300,1.8676,-5.2250387997931,INTC
2002-06-26,0.037599999999994,1.4286,-0.012400000000007,1.1476,84985100,0.85759999999999,1.5829694323144,INTC
2002-06-27,1.4376,1.4976,0.40759999999999,1.1876,72618400,1.1476,0.21493820526598,INTC
2002-06-28,1.2476,1.8576,0.65159999999999,0.80759999999999,64255300,1.1876,-2.0375335120643,INTC
2002-07-01,0.88759999999999,1.3076,0.027599999999993,0.077599999999993,48731900,0.80759999999999,-3.9956212370005,INTC
2002-07-02,-0.0024000000000051,0.34759999999999,-1.0024,-0.8924,77796700,0.077599999999993,-5.5302166476625,INTC
2002-07-03,-1.1924,0.31759999999999,-1.2024,0.28759999999999,63570600,-0.8924,7.1213035606518,INTC
2002-07-05,1.2376,2.1476,1.1376,2.0776,34130900,0.28759999999999,10.084507042254,INTC
2002-07-08,1.7976,2.1176,0.60759999999999,1.0376,57649700,2.0776,-5.3224155578301,INTC
2002-07-09,0.81759999999999,0.98759999999999,0.29459999999999,0.49759999999999,53491000,1.0376,-2.9189189189189,INTC
2002-07-10,0.79759999999999,0.81759999999999,-0.6924,-0.6524,73845700,0.49759999999999,-6.4031180400891,INTC
2002-07-11,-0.7224,0.83759999999999,-0.9434,0.78759999999999,90068900,-0.6524,8.5663295657347,INTC
2002-07-12,1.3376,1.4253,0.24759999999999,0.52759999999999,74887900,0.78759999999999,-1.4246575342466,INTC
2002-07-15,0.57759999999999,1.6876,-0.032400000000005,1.6576,79880300,0.52759999999999,6.2812673707615,INTC
2002-07-16,1.0976,1.9876,0.67759999999999,0.89759999999999,98488000,1.6576,-3.9748953974895,INTC
2002-07-17,1.8376,2.4176,1.3476,1.9776,96548500,0.89759999999999,5.8823529411765,INTC
2002-07-18,1.7976,2.2876,1.5376,1.7276,56650400,1.9776,-1.2860082304527,INTC
2002-07-19,1.6776,1.9976,1.0376,1.1876,62033200,1.7276,-2.813965607087,INTC
2002-07-22,1.0076,1.7376,0.78759999999999,0.79759999999999,77558960,1.1876,-2.0911528150134,INTC
2002-07-23,0.93759999999999,1.2776,0.29759999999999,0.34759999999999,71104240,0.79759999999999,-2.4644030668127,INTC
2002-07-24,-0.2124,1.2576,-0.4324,1.2376,83232700,0.34759999999999,4.9971925884335,INTC
2002-07-25,0.79759999999999,1.2576,-0.3624,0.017599999999995,80355400,1.2376,-6.524064171123,INTC
2002-07-26,0.21759999999999,0.73759999999999,-0.4424,0.34759999999999,57124100,0.017599999999995,1.8878718535469,INTC
2002-07-29,0.86759999999999,1.4376,0.53759999999999,1.4276,55167720,0.34759999999999,6.064008983717,INTC
2002-07-30,1.1076,1.6476,0.78759999999999,1.5076,60517690,1.4276,0.4235044997353,INTC
2002-07-31,1.4576,1.5076,0.54759999999999,1.3276,54115610,1.5076,-0.94886663152346,INTC
2002-08-01,1.2576,1.3876,-0.0024000000000051,0.097599999999993,55177970,1.3276,-6.5460351250665,INTC
2002-08-02,0.087599999999995,0.24259999999999,-0.9424,-0.7524,55664360,0.097599999999993,-4.8405466970387,INTC
2002-08-05,-0.7624,-0.4324,-1.6224,-1.5624,59721790,-0.7524,-4.9670855774985,INTC
2002-08-06,-1.1124,0.48759999999999,-1.2724,-0.31240000000001,83363840,-1.5624,7.8715365239295,INTC
2002-08-07,0.54759999999999,0.70759999999999,-0.8124,0.27759999999999,71355240,-0.31240000000001,3.4442498540572,INTC
2002-08-08,0.14759999999999,0.97759999999999,-0.4124,0.93759999999999,61007790,0.27759999999999,3.72460496614,INTC
2002-08-09,0.47759999999999,0.81759999999999,0.17759999999999,0.41759999999999,45652070,0.93759999999999,-2.829162132753,INTC
2002-08-12,-0.24240000000001,0.16759999999999,-0.4424,0.087599999999995,35524600,0.41759999999999,-1.8477043673012,INTC
2002-08-13,-0.042400000000007,0.54759999999999,-0.7524,-0.7424,48822530,0.087599999999995,-4.7347404449515,INTC
2002-08-14,-0.5224,0.87759999999999,-0.7224,0.84759999999999,55110550,-0.7424,9.5209580838323,INTC
2002-08-15,0.90259999999999,1.3576,0.57759999999999,1.1676,51652890,0.84759999999999,1.7495899398578,INTC
2002-08-16,0.61759999999999,1.5776,0.53759999999999,1.3076,54939930,1.1676,0.75228371843095,INTC
2002-08-19,1.1676,2.1876,0.99759999999999,2.0176,51867110,1.3076,3.7866666666667,INTC
2002-08-20,1.7376,1.8776,1.3076,1.5276,45414050,2.0176,-2.5179856115108,INTC
2002-08-21,1.7806,2.2276,1.3576,2.1476,57826880,1.5276,3.2683183974697,INTC
2002-08-22,1.9876,2.0576,1.4476,1.7076,55815760,2.1476,-2.246043899949,INTC
2002-08-23,1.3976,1.3976,0.44759999999999,0.51759999999999,48439200,1.7076,-6.2140992167102,INTC
2002-08-26,0.65759999999999,0.77759999999999,0.16759999999999,0.68759999999999,46131550,0.51759999999999,0.94654788418707,INTC
2002-08-27,0.46759999999999,0.51759999999999,-0.29240000000001,-0.26240000000001,60692140,0.68759999999999,-5.2399338113624,INTC
2002-08-28,-0.3324,-0.0024000000000051,-0.6724,-0.6024,55731460,-0.26240000000001,-1.9790454016298,INTC
2002-08-29,-0.8624,0.0075999999999929,-0.9324,-0.3024,50591060,-0.6024,1.7814726840855,INTC
2002-08-30,-0.5524,-0.36240000000001,-0.7924,-0.7724,32897710,-0.3024,-2.7421236872812,INTC
2002-09-03,-0.9724,-0.9424,-1.5924,-1.5824,58219790,-0.7724,-4.8590281943611,INTC
2002-09-04,-1.6324,-1.2724,-1.8624,-1.3324,66812250,-1.5824,1.5762925598991,INTC
2002-09-05,-1.6324,-1.6124,-2.4124,-2.3324,87022820,-1.3324,-6.2073246430788,INTC
2002-09-06,-1.0424,-0.8924,-1.3324,-1.2224,77963380,-2.3324,7.3461283917935,INTC
2002-09-09,-1.4124,-1.1024,-1.7524,-1.3624,51498780,-1.2224,-0.86313193588163,INTC
2002-09-10,-1.2524,-0.8024,-1.3424,-0.9724,57357130,-1.3624,2.4253731343284,INTC
2002-09-11,-0.7124,-0.40240000000001,-0.8624,-0.8224,45915210,-0.9724,0.91074681238617,INTC
2002-09-12,-1.0824,-1.0624,-1.7724,-1.7424,48810640,-0.8224,-5.5354993983153,INTC
2002-09-13,-1.7424,-1.2424,-1.8024,-1.4124,44727290,-1.7424,2.1019108280255,INTC
2002-09-16,-1.4524,-1.3024,-1.9024,-1.7424,41258020,-1.4124,-2.0586400499064,INTC
2002-09-17,-1.2824,-1.0924,-1.9424,-1.8724,55804690,-1.7424,-0.828025477707,INTC
2002-09-18,-2.2224,-1.7924,-2.4424,-2.1624,51959140,-1.8724,-1.8625561978163,INTC
2002-09-19,-2.4224,-1.8924,-2.5424,-2.4624,56342470,-2.1624,-1.9633507853403,INTC
2002-09-20,-2.3324,-2.2624,-2.6224,-2.5424,76723720,-2.4624,-0.53404539385848,INTC
2002-09-23,-2.7224,-2.7124,-3.3424,-3.3104,62904710,-2.5424,-5.1543624161074,INTC
2002-09-24,-3.4424,-2.4424,-3.5424,-3.1024,84185220,-3.3104,1.4718369657515,INTC
2002-09-25,-2.8824,-1.9524,-3.4424,-2.2424,72796020,-3.1024,5.9972105997211,INTC
2002-09-26,-1.8024,-1.7524,-2.7124,-2.2924,72398550,-2.2424,-0.32894736842105,INTC
2002-09-27,-2.4524,-2.1524,-2.9524,-2.8224,65268960,-2.2924,-3.4983498349835,INTC
2002-09-30,-3.1924,-3.1524,-3.7724,-3.5524,76232510,-2.8224,-4.9931600547196,INTC
2002-10-01,-3.3924,-2.7424,-3.5924,-2.7724,68144310,-3.5524,5.6155507559395,INTC
2002-10-02,-2.6724,-2.2324,-3.2024,-3.1424,78483760,-2.7724,-2.5221540558964,INTC
2002-10-03,-3.1524,-2.8524,-3.6424,-3.6024,61472050,-3.1424,-3.2167832167832,INTC
2002-10-04,-3.2924,-3.1124,-3.8514,-3.7324,65539210,-3.6024,-0.9393063583815,INTC
2002-10-07,-3.7124,-3.1824,-3.8024,-3.6224,57041660,-3.7324,0.80233406272793,INTC
2002-10-08,-3.4024,-3.3524,-4.3524,-4.2224,85376240,-3.6224,-4.3415340086831,INTC
2002-10-09,-4.4424,-3.6324,-4.4924,-3.9824,81864750,-4.2224,1.8154311649017,INTC
2002-10-10,-3.9524,-3.0224,-4.1924,-3.2624,83559220,-3.9824,5.3491827637444,INTC
2002-10-11,-3.0524,-2.1924,-3.2924,-2.2224,77854680,-3.2624,7.3342736248237,INTC
2002-10-14,-2.5324,-2.2524,-2.8424,-2.3424,48298380,-2.2224,-0.78843626806834,INTC
2002-10-15,-1.5024,-0.8924,-2.3224,-0.9224,108056800,-2.3424,9.4039735099338,INTC
2002-10-16,-3.9124,-3.3224,-4.0224,-3.9024,154950100,-0.9224,-18.038740920097,INTC
2002-10-17,-3.2224,-3.1424,-3.5324,-3.2124,103319100,-3.9024,5.096011816839,INTC
2002-10-18,-3.2024,-2.9424,-3.7524,-2.9824,73399320,-3.2124,1.6163035839775,INTC
2002-10-21,-3.2224,-1.9124,-3.2924,-1.9924,88025750,-2.9824,6.8464730290456,INTC
2002-10-22,-2.5924,-1.9704,-2.7024,-2.3224,74267580,-1.9924,-2.1359223300971,INTC
2002-10-23,-2.3724,-1.1624,-2.4224,-1.2824,91914440,-2.3224,6.8783068783069,INTC
2002-10-24,-1.1034,-0.7824,-1.8724,-1.8124,86479190,-1.2824,-3.279702970297,INTC
2002-10-25,-1.7634,-0.8424,-1.8524,-0.8524,69881950,-1.8124,6.1420345489443,INTC
2002-10-28,-0.3034,-0.1624,-0.9024,-0.6324,86094830,-0.8524,1.3261000602773,INTC
2002-10-29,-0.7424,-0.5124,-1.3924,-1.0424,79124040,-0.6324,-2.4390243902439,INTC
2002-10-30,-0.8624,-0.062400000000006,-1.0524,-0.45240000000001,80839660,-1.0424,3.5975609756098,INTC
2002-10-31,-0.3324,0.067599999999995,-0.6174,-0.1424,77272350,-0.45240000000001,1.824602707475,INTC
2002-11-01,-0.3424,1.0376,-0.5324,0.85759999999999,85115720,-0.1424,5.7803468208092,INTC
2002-11-04,1.4276,1.7876,0.98759999999999,1.3276,81561200,0.85759999999999,2.568306010929,INTC
2002-11-05,0.93759999999999,1.3476,0.28759999999999,0.92759999999999,72033110,1.3276,-2.2376132125732,INTC
2002-11-06,1.0676,1.8076,0.81759999999999,1.7276,81484090,0.92759999999999,4.3596730245231,INTC
2002-11-07,1.2576,1.6576,0.77759999999999,1.0176,66573320,1.7276,-3.7075718015666,INTC
2002-11-08,0.94759999999999,1.4576,0.62759999999999,0.72759999999999,50971730,1.0176,-1.5726681127983,INTC
2002-11-11,0.53759999999999,0.73759999999999,-0.15240000000001,-0.082400000000006,40947130,0.72759999999999,-4.4628099173554,INTC
2002-11-12,0.097599999999993,0.88759999999999,0.077599999999993,0.36759999999999,54714470,-0.082400000000006,2.5951557093426,INTC
2002-11-13,0.19759999999999,0.80759999999999,0.10759999999999,0.69759999999999,66172130,0.36759999999999,1.8549747048904,INTC
2002-11-14,1.4476,1.8676,1.1776,1.7876,65045570,0.69759999999999,6.0154525386313,INTC
2002-11-15,0.99759999999999,1.4976,0.67759999999999,1.3776,73566560,1.7876,-2.1343050494534,INTC
2002-11-18,1.6576,1.7576,1.0576,1.1276,52801250,1.3776,-1.3297872340426,INTC
2002-11-19,0.88759999999999,1.1576,0.58759999999999,0.72759999999999,51399010,1.1276,-2.1563342318059,INTC
2002-11-20,0.81759999999999,1.7476,0.66459999999999,1.7276,65076790,0.72759999999999,5.5096418732782,INTC
2002-11-21,1.9776,2.9476,1.9276,2.7876,90985940,1.7276,5.5352480417755,INTC
2002-11-22,2.3876,2.9676,2.1876,2.6276,59631080,2.7876,-0.79168728352301,INTC
2002-11-25,2.6276,3.1376,2.4776,3.0576,53769020,2.6276,2.14463840399,INTC
2002-11-26,3.0876,3.2776,2.5776,2.7776,71236420,3.0576,-1.3671875,INTC
2002-11-27,3.1476,3.6776,2.9776,3.4776,50996560,2.7776,3.4653465346535,INTC
2002-11-29,3.7676,3.8776,3.1776,3.4576,20717110,3.4776,-0.095693779904304,INTC
2002-12-02,4.4576,4.6676,3.3476,3.6276,83087450,3.4576,0.81417624521074,INTC
2002-12-03,3.4776,3.4876,2.7276,2.8876,53740690,3.6276,-3.5154394299288,INTC
2002-12-04,1.9776,2.6276,1.8776,2.3176,75163730,2.8876,-2.8064992614476,INTC
2002-12-05,2.6476,2.7296,1.4576,1.5376,88173450,2.3176,-3.951367781155,INTC
2002-12-06,1.1876,1.5976,0.95759999999999,1.2876,71751130,1.5376,-1.3185654008439,INTC
2002-12-09,1.0276,1.0776,0.21759999999999,0.25759999999999,72038530,1.2876,-5.5050774986638,INTC
2002-12-10,0.40759999999999,1.0776,0.29759999999999,0.70759999999999,58696780,0.25759999999999,2.5452488687783,INTC
2002-12-11,0.51759999999999,0.98759999999999,0.33759999999999,0.73759999999999,55682720,0.70759999999999,0.16547159404303,INTC
2002-12-12,0.98759999999999,1.1586,0.52759999999999,0.76759999999999,54385360,0.73759999999999,0.16519823788547,INTC
2002-12-13,0.42759999999999,0.57759999999999,0.13759999999999,0.15759999999999,53550470,0.76759999999999,-3.3534909290819,INTC
2002-12-16,0.26759999999999,0.81759999999999,0.17759999999999,0.79759999999999,51340490,0.15759999999999,3.6405005688282,INTC
2002-12-17,0.76759999999999,0.88759999999999,0.32759999999999,0.46759999999999,52376590,0.79759999999999,-1.8111964873765,INTC
2002-12-18,0.11759999999999,0.17759999999999,-0.3934,-0.29240000000001,54154060,0.46759999999999,-4.2481833426495,INTC
2002-12-19,-0.4424,0.057599999999994,-0.7724,-0.4224,59164670,-0.29240000000001,-0.75890251021599,INTC
2002-12-20,-0.26240000000001,-0.012400000000007,-0.6724,-0.4124,69166730,-0.4224,0.058823529411774,INTC
2002-12-23,-0.5624,-0.022400000000007,-0.5924,-0.2124,35504860,-0.4124,1.1757789535567,INTC
2002-12-24,-0.40240000000001,-0.27240000000001,-0.6424,-0.6424,21556470,-0.2124,-2.4985473561883,INTC
2002-12-26,-0.5324,-0.18240000000001,-0.7924,-0.7324,30061490,-0.6424,-0.53635280095352,INTC
2002-12-27,-0.8414,-0.5824,-1.1324,-1.0224,31314850,-0.7324,-1.7375674056321,INTC
2002-12-30,-0.9824,-0.8724,-1.6734,-1.6624,56905010,-1.0224,-3.9024390243902,INTC
2002-12-31,-1.7124,-1.6024,-2.0024,-1.8524,50096080,-1.6624,-1.2055837563452,INTC
2003-01-02,-1.4024,-0.6924,-1.7624,-0.7324,57236360,-1.8524,7.1933204881182,INTC
2003-01-03,-0.7524,-0.5724,-1.0824,-0.8824,50413290,-0.7324,-0.89874176153387,INTC
2003-01-06,-0.7224,0.037599999999994,-0.8224,-0.24240000000001,57238880,-0.8824,3.869407496977,INTC
2003-01-07,0.087599999999995,0.22759999999999,-0.4134,-0.062400000000006,63986930,-0.24240000000001,1.0477299185099,INTC
2003-01-08,-0.24540000000001,-0.12240000000001,-0.8324,-0.7424,55857740,-0.062400000000006,-3.9170506912442,INTC
2003-01-09,-0.5424,-0.042400000000007,-0.5624,-0.36240000000001,58785380,-0.7424,2.2781774580336,INTC
2003-01-10,-0.38240000000001,0.077599999999993,-0.5624,-0.0024000000000051,55118550,-0.36240000000001,2.1101992966003,INTC
2003-01-13,0.42759999999999,0.55759999999999,-0.19240000000001,-0.042400000000007,66995790,-0.0024000000000051,-0.22962112514353,INTC
2003-01-14,0.13759999999999,0.42259999999999,-0.082400000000006,0.36759999999999,81088940,-0.042400000000007,2.3590333716916,INTC
2003-01-15,0.51759999999999,0.58759999999999,-0.082400000000006,-0.072400000000004,99994000,0.36759999999999,-2.4732996065205,INTC
2003-01-16,0.027599999999993,0.10759999999999,-0.31240000000001,-0.22240000000001,54516410,-0.072400000000004,-0.86455331412105,INTC
2003-01-17,-0.5324,-0.4724,-1.1424,-1.0824,68204590,-0.22240000000001,-5.0,INTC
2003-01-21,-1.1524,-0.8324,-1.1924,-1.1324,57498900,-1.0824,-0.30599755201959,INTC
2003-01-22,-1.2124,-0.7324,-1.2724,-1.1724,60279570,-1.1324,-0.24554941682013,INTC
2003-01-23,-0.8824,-0.6424,-1.2324,-0.7524,52052680,-1.1724,2.5846153846154,INTC
2003-01-24,-0.9824,-0.9284,-1.6724,-1.5724,60947320,-0.7524,-4.9190161967607,INTC
2003-01-27,-1.9324,-1.2924,-1.9424,-1.5424,56661720,-1.5724,0.18927444794953,INTC
2003-01-28,-1.3224,-1.1424,-1.6224,-1.3924,58520930,-1.5424,0.94458438287154,INTC
2003-01-29,-1.4824,-0.7324,-1.7024,-0.7624,63231540,-1.3924,3.9301310043668,INTC
2003-01-30,-0.7924,-0.7224,-1.6624,-1.6324,55653760,-0.7624,-5.2220888355342,INTC
2003-01-31,-2.0234,-1.5724,-2.2824,-1.7224,65767500,-1.6324,-0.56998100063331,INTC
2003-02-03,-1.7724,-1.4424,-1.9224,-1.6524,44024390,-1.7224,0.44585987261147,INTC
2003-02-04,-1.8524,-1.6424,-2.0924,-1.7824,41164860,-1.6524,-0.82435003170576,INTC
2003-02-05,-1.6324,-1.2524,-1.9024,-1.8224,50999910,-1.7824,-0.38363171355499,INTC
2003-02-06,-1.9124,-1.6924,-2.1424,-2.0224,47454830,-1.8224,-1.2836970474968,INTC
2003-02-07,-1.8634,-1.7724,-2.5124,-2.3524,49649340,-2.0224,-2.1456436931079,INTC
2003-02-10,-2.3324,-1.9524,-2.5224,-2.1324,53090040,-2.3524,1.4617940199335,INTC
2003-02-11,-2.0124,-1.8724,-2.3424,-2.0624,47381480,-2.1324,0.45841519318926,INTC
2003-02-12,-2.1224,-1.9744,-2.2924,-2.2524,38480390,-2.0624,-1.238591916558,INTC
2003-02-13,-2.0724,-1.8024,-2.3024,-1.8724,54847940,-2.2524,2.5082508250825,INTC
2003-02-14,-1.7224,-1.2024,-1.8724,-1.2524,54904130,-1.8724,3.9922730199614,INTC
2003-02-18,-0.9924,-0.6524,-1.2224,-0.6924,50625400,-1.2524,3.4674922600619,INTC
2003-02-19,-0.41240000000001,-0.34240000000001,-0.9024,-0.6024,51956210,-0.6924,0.53859964093357,INTC
2003-02-20,-0.32240000000001,-0.3024,-0.5824,-0.38240000000001,52224360,-0.6024,1.3095238095238,INTC
2003-02-21,-0.36240000000001,-0.3524,-0.9824,-0.6224,61426450,-0.38240000000001,-1.4101057579318,INTC
2003-02-24,-0.7224,-0.3024,-0.8824,-0.8624,49194690,-0.6224,-1.4302741358761,INTC
2003-02-25,-1.1124,-0.6124,-1.4024,-0.6724,58609880,-0.8624,1.1487303506651,INTC
2003-02-26,-0.8824,-0.5524,-1.2924,-1.1624,53498730,-0.6724,-2.928870292887,INTC
2003-02-27,-1.0224,-0.6324,-1.1024,-0.7024,50401400,-1.1624,2.8325123152709,INTC
2003-02-28,-0.4224,-0.11240000000001,-0.5924,-0.1424,65376820,-0.7024,3.3532934131737,INTC
2003-03-03,-0.27240000000001,-0.092400000000008,-0.8144,-0.7424,58381430,-0.1424,-3.4762456546929,INTC
2003-03-04,-0.7124,-0.4924,-0.9224,-0.7824,50890720,-0.7424,-0.24009603841536,INTC
2003-03-05,-0.7424,-0.31240000000001,-0.8024,-0.4224,49459310,-0.7824,2.1660649819495,INTC
2003-03-06,-0.5424,-0.41240000000001,-0.8324,-0.7024,56153150,-0.4224,-1.6489988221437,INTC
2003-03-07,-1.5424,-1.2104,-1.6824,-1.3924,91286580,-0.7024,-4.1317365269461,INTC
2003-03-10,-1.4824,-1.3024,-1.6924,-1.5024,57648440,-1.3924,-0.68707058088695,INTC
2003-03-11,-1.4324,-1.3024,-1.5924,-1.5524,49766210,-1.5024,-0.31446540880504,INTC
2003-03-12,-1.5924,-1.1874,-1.8124,-1.2024,62007440,-1.5524,2.2082018927445,INTC
2003-03-13,-0.7734,-0.042400000000007,-1.0024,-0.052400000000005,78230770,-1.2024,7.0987654320988,INTC
2003-03-14,0.0075999999999929,0.039599999999993,-0.5224,-0.2324,73212740,-0.052400000000005,-1.0374639769452,INTC
2003-03-17,-0.40240000000001,0.77759999999999,-0.4624,0.65759999999999,77847640,-0.2324,5.1834595224228,INTC
2003-03-18,0.76759999999999,0.88759999999999,0.37759999999999,0.84759999999999,62328000,0.65759999999999,1.0520487264673,INTC
2003-03-19,0.68759999999999,0.79759999999999,0.26759999999999,0.57759999999999,64742950,0.84759999999999,-1.4794520547945,INTC
2003-03-20,0.46759999999999,1.2076,0.39759999999999,0.86759999999999,68900440,0.57759999999999,1.6129032258064,INTC
2003-03-21,1.2876,1.6076,1.0976,1.4976,73618570,0.86759999999999,3.448275862069,INTC
2003-03-24,0.68559999999999,0.91959999999999,0.40759999999999,0.42759999999999,64731540,1.4976,-5.6613756613757,INTC
2003-03-25,0.52759999999999,0.83859999999999,0.24759999999999,0.63759999999999,60596690,0.42759999999999,1.1777902411666,INTC
2003-03-26,0.58759999999999,0.65159999999999,0.39759999999999,0.48759999999999,44323230,0.63759999999999,-0.83148558758314,INTC
2003-03-27,0.20759999999999,0.41759999999999,0.017599999999995,0.17759999999999,46433350,0.48759999999999,-1.7328116266071,INTC
2003-03-28,0.017599999999995,0.24759999999999,-0.20240000000001,-0.18240000000001,37285740,0.17759999999999,-2.0477815699659,INTC
2003-03-31,-0.7524,-0.5824,-1.1424,-1.1224,66446080,-0.18240000000001,-5.458768873403,INTC
2003-04-01,-1.0224,-0.7524,-1.1224,-0.9824,45831230,-1.1224,0.85995085995086,INTC
2003-04-02,-0.40240000000001,0.19759999999999,-0.40240000000001,0.11759999999999,56822370,-0.9824,6.6991473812424,INTC
2003-04-03,0.21759999999999,0.59759999999999,0.047599999999992,0.16759999999999,55180410,0.11759999999999,0.28538812785389,INTC
2003-04-04,0.22759999999999,0.27759999999999,-0.5524,-0.3524,56633760,0.16759999999999,-2.9595902105862,INTC
2003-04-07,0.64759999999999,0.68759999999999,-0.052400000000005,-0.052400000000005,59292950,-0.3524,1.7595307917889,INTC
2003-04-08,-0.012400000000007,0.077599999999993,-0.4624,-0.3024,48790940,-0.052400000000005,-1.4409221902017,INTC
2003-04-09,-0.25240000000001,0.027599999999993,-0.7524,-0.7224,56529380,-0.3024,-2.4561403508772,INTC
2003-04-10,-0.5424,-0.4224,-0.8424,-0.5224,44911580,-0.7224,1.1990407673861,INTC
2003-04-11,-0.15240000000001,-0.022400000000007,-0.7624,-0.6424,41865300,-0.5224,-0.71090047393363,INTC
2003-04-14,-0.5824,-0.20240000000001,-0.7524,-0.24240000000001,41868850,-0.6424,2.3866348448687,INTC
2003-04-15,-0.27240000000001,-0.062400000000006,-0.4824,-0.27240000000001,62815160,-0.24240000000001,-0.17482517482518,INTC
2003-04-16,0.55759999999999,0.91759999999999,0.39759999999999,0.75759999999999,106459900,-0.27240000000001,6.0128429655575,INTC
2003-04-17,0.58759999999999,1.2876,0.48759999999999,1.2576,69139860,0.75759999999999,2.7533039647577,INTC
2003-04-21,1.1476,1.3876,0.88759999999999,1.2476,50475960,1.2576,-0.05359056806003,INTC
2003-04-22,0.88759999999999,1.6176,0.83759999999999,1.5976,60762170,1.2476,1.8766756032172,INTC
2003-04-23,1.6476,2.1576,1.4876,2.0776,63338510,1.5976,2.5263157894737,INTC
2003-04-24,1.9476,1.9476,1.2876,1.5476,65593470,2.0776,-2.7207392197125,INTC
2003-04-25,1.1476,1.1966,0.66659999999999,0.87759999999999,60952480,1.5476,-3.5356200527704,INTC
2003-04-28,0.93759999999999,1.4776,0.77759999999999,1.3476,51263710,0.87759999999999,2.5711159737418,INTC
2003-04-29,1.5676,1.8685,1.2976,1.5176,60971770,1.3476,0.90666666666668,INTC
2003-04-30,1.4376,1.5086,0.95759999999999,0.96759999999999,64718550,1.5176,-2.906976744186,INTC
2003-05-01,0.96759999999999,1.3576,0.89759999999999,1.1476,53039000,0.96759999999999,0.9798584648884,INTC
2003-05-02,1.1476,1.6776,0.98759999999999,1.6476,59670130,1.1476,2.6954177897574,INTC
2003-05-05,1.8576,2.0476,1.5976,1.6376,55410820,1.6476,-0.15748031496064,INTC
2003-05-06,1.5976,2.3026,1.5476,2.1576,62222370,1.6376,2.7339642481598,INTC
2003-05-07,1.8976,2.1576,1.6776,1.7776,53621810,2.1576,-1.9447287615148,INTC
2003-05-08,1.5376,1.8916,1.4666,1.4876,54189250,1.7776,-1.5135699373695,INTC
2003-05-09,1.9476,2.2046,1.7876,2.1976,51960550,1.4876,3.7625861155273,INTC
2003-05-12,2.0976,2.6496,2.0476,2.6076,68908800,2.1976,2.093973442288,INTC
2003-05-13,2.4076,2.5796,2.2676,2.4376,46520680,2.6076,-0.85042521260629,INTC
2003-05-14,2.5366,2.5876,1.9176,2.2776,57798520,2.4376,-0.80726538849647,INTC
2003-05-15,2.4676,2.7276,2.2276,2.6176,71961500,2.2776,1.7293997965412,INTC
2003-05-16,2.3176,2.6176,2.0676,2.1176,56697570,2.6176,-2.5,INTC
2003-05-19,1.7676,1.9276,1.2476,1.2876,59167420,2.1176,-4.2564102564102,INTC
2003-05-20,1.2876,1.4676,1.1276,1.2776,56878230,1.2876,-0.053561863952874,INTC
2003-05-21,1.4076,1.5076,1.1876,1.4576,49602270,1.2776,0.96463022508038,INTC
2003-05-22,1.5476,1.6776,1.3476,1.3876,61076470,1.4576,-0.37154989384289,INTC
2003-05-23,1.3876,1.6076,1.3376,1.4276,36945040,1.3876,0.21310602024507,INTC
2003-05-27,1.3076,2.4076,1.2876,2.3976,71371540,1.4276,5.156831472621,INTC
2003-05-28,2.4676,2.7176,2.2276,2.3576,69177630,2.3976,-0.20222446916078,INTC
2003-05-29,2.4176,3.5876,2.3976,3.4476,122283700,2.3576,5.5217831813576,INTC
2003-05-30,3.4876,3.6276,3.0576,3.4376,69246060,3.4476,-0.048007681228987,INTC
2003-06-02,3.6176,3.7776,2.9176,2.9976,73472450,3.4376,-2.1133525456292,INTC
2003-06-03,2.9776,3.7376,2.7976,3.7176,67911190,2.9976,3.5328753680079,INTC
2003-06-04,3.6476,4.1176,3.4676,3.9986,78897420,3.7176,1.3317535545024,INTC
2003-06-05,3.7076,4.5676,3.4176,4.4576,88236890,3.9986,2.1467658201207,INTC
2003-06-06,5.0776,5.5366,4.3576,4.3776,106016800,4.4576,-0.36630036630036,INTC
2003-06-09,4.2076,4.3976,3.7576,4.2876,50303520,4.3776,-0.41360294117647,INTC
2003-06-10,4.5276,4.5976,4.0876,4.5866,52447810,4.2876,1.3797877249654,INTC
2003-06-11,4.1476,4.5776,4.0176,4.5076,54229850,4.5866,-0.35959761482089,INTC
2003-06-12,4.6276,4.9576,4.4936,4.7576,59487980,4.5076,1.1420740063956,INTC
2003-06-13,4.5776,4.6796,3.8176,3.9766,58834920,4.7576,-3.5275519421861,INTC
2003-06-16,4.1176,4.5576,3.9376,4.4876,51999340,3.9766,2.3924341027202,INTC
2003-06-17,4.5876,4.6276,3.9976,4.0676,50766730,4.4876,-1.920438957476,INTC
2003-06-18,3.9176,4.5876,3.7526,4.3686,62487560,4.0676,1.4032634032634,INTC
2003-06-19,4.2776,4.5376,3.7376,3.7376,69562500,4.3686,-2.9010160452393,INTC
2003-06-20,3.9576,4.0376,3.2575,3.2876,78448120,3.7376,-2.1306818181818,INTC
2003-06-23,3.3176,3.5876,2.6676,2.9776,59650520,3.2876,-1.4997581035317,INTC
2003-06-24,2.7276,3.3576,2.6576,3.0676,63932200,2.9776,0.44204322200393,INTC
2003-06-25,3.1476,3.4476,2.6076,2.6576,61250670,3.0676,-2.0048899755501,INTC
2003-06-26,2.9176,3.3776,2.7676,3.2476,52730040,2.6576,2.9441117764471,INTC
2003-06-27,3.3176,3.7476,3.1476,3.1876,63348180,3.2476,-0.29083858458555,INTC
2003-06-30,3.7576,3.9176,3.2033,3.4276,57247840,3.1876,1.1667476908119,INTC
2003-07-01,3.4876,4.1176,3.1276,4.0276,64583460,3.4276,2.8832292167227,INTC
2003-07-02,4.2776,4.9376,4.0876,4.8276,75027070,4.0276,3.7365716954694,INTC
2003-07-03,4.5876,4.9276,4.3276,4.3376,40502410,4.8276,-2.2062134173796,INTC
2003-07-07,4.8576,5.5976,4.7876,5.5266,56555300,4.3376,5.4742173112339,INTC
2003-07-08,5.4476,6.0176,5.2876,5.7676,65013480,5.5266,1.0519883015409,INTC
2003-07-09,5.9176,6.6076,5.8676,6.0976,78527160,5.7676,1.4254859611231,INTC
2003-07-10,5.6876,5.9176,5.2276,5.5276,63321040,6.0976,-2.427597955707,INTC
2003-07-11,5.9076,6.1176,5.6876,5.9546,46534650,5.5276,1.863814927979,INTC
2003-07-14,6.8876,7.1976,6.4686,6.6376,76952580,5.9546,2.9266829498222,INTC
2003-07-15,7.0576,7.3876,6.2876,6.7176,102312400,6.6376,0.3330557868443,INTC
2003-07-16,7.8576,8.1176,7.4376,7.9276,128972100,6.7176,5.0207468879668,INTC
2003-07-17,7.3076,7.7176,7.2176,7.5476,71741760,7.9276,-1.5013828526274,INTC
2003-07-18,7.7176,7.7676,6.7676,7.2776,65296180,7.5476,-1.0830324909747,INTC
2003-07-21,7.2176,7.2476,6.5676,6.6776,52797460,7.2776,-2.4330900243309,INTC
2003-07-22,7.0076,7.1476,6.6676,7.0376,61013040,6.6776,1.496259351621,INTC
2003-07-23,6.9876,7.5176,6.8776,7.4276,49053780,7.0376,1.5970515970516,INTC
2003-07-24,7.7676,7.7876,6.5676,6.5876,58112210,7.4276,-3.3857315598549,INTC
2003-07-25,6.7876,7.5576,6.3476,7.5276,52625840,6.5876,3.921568627451,INTC
2003-07-28,7.5376,7.7476,7.2276,7.3776,45464740,7.5276,-0.60216780409474,INTC
2003-07-29,7.4286,7.8476,7.3176,7.5176,68222990,7.3776,0.56542810985459,INTC
2003-07-30,7.4776,7.4876,6.8976,7.1076,40788020,7.5176,-1.6465863453815,INTC
2003-07-31,7.4176,7.9676,7.2976,7.5076,68673430,7.1076,1.6333197223357,INTC
2003-08-01,7.3976,7.6906,7.3476,7.6376,48833940,7.5076,0.52229811169144,INTC
2003-08-04,7.5276,7.8476,7.0076,7.7476,53570210,7.6376,0.4396482813749,INTC
2003-08-05,7.7576,7.7576,6.8676,6.9076,51987940,7.7476,-3.4222045364107,INTC
2003-08-06,6.7376,7.1876,6.4476,6.7776,57799160,6.9076,-0.53564070869386,INTC
2003-08-07,6.5776,6.9376,6.4988,6.6276,48591500,6.7776,-0.62137531068766,INTC
2003-08-08,6.7876,6.8576,5.9676,6.2176,57454310,6.6276,-1.7090454355982,INTC
2003-08-11,6.2576,6.7676,6.2176,6.5376,41624670,6.2176,1.3570822731128,INTC
2003-08-12,6.7276,7.0376,6.4576,7.0076,48475180,6.5376,1.9665271966527,INTC
2003-08-13,7.1376,7.6376,6.9376,7.3476,51972750,7.0076,1.3951579811243,INTC
2003-08-14,7.4376,7.8076,7.1876,7.7776,51883380,7.3476,1.7401861594496,INTC
2003-08-15,7.7276,7.8886,7.4476,7.6876,21631800,7.7776,-0.35799522673031,INTC
2003-08-18,7.7376,8.8676,7.6876,8.8276,59080550,7.6876,4.5508982035928,INTC
2003-08-19,9.0076,9.1776,8.5576,9.1076,55973300,8.8276,1.0691103474609,INTC
2003-08-20,8.7776,9.3776,8.7676,8.9976,47246660,9.1076,-0.41556479032867,INTC
2003-08-21,9.3276,9.4176,8.6476,9.0276,66609880,8.9976,0.11380880121396,INTC
2003-08-22,10.7976,11.6776,9.9576,10.0276,120605500,9.0276,3.7893141341417,INTC
2003-08-25,10.1976,10.3976,9.7076,9.8776,52050450,10.0276,-0.54764512595839,INTC
2003-08-26,9.5976,10.3776,9.3176,10.3476,65217800,9.8776,1.7254038179148,INTC
2003-08-27,10.2476,10.7176,10.0576,10.6576,58218290,10.3476,1.1187297004691,INTC
2003-08-28,10.7376,10.9876,10.4876,10.9376,48638230,10.6576,0.99928622412563,INTC
2003-08-29,10.8176,11.2876,10.6776,11.2276,42160130,10.9376,1.0247349823322,INTC
2003-09-02,11.4076,11.4776,10.8076,11.3776,58841240,11.2276,0.52465897166841,INTC
2003-09-03,11.5776,11.6076,10.6776,10.8576,60715220,11.3776,-1.8093249826026,INTC
2003-09-04,10.9576,11.3776,10.6776,11.2376,63939620,10.8576,1.3465627214741,INTC
2003-09-05,11.4676,11.7376,11.0076,11.3476,68439270,11.2376,0.38461538461538,INTC
2003-09-08,11.5176,11.8376,11.4376,11.8176,52197800,11.3476,1.6370602577499,INTC
2003-09-09,11.6376,11.7676,11.2976,11.4276,49804480,11.8176,-1.3365318711446,INTC
2003-09-10,11.0776,11.1276,10.2676,10.2976,57998610,11.4276,-3.9249739492879,INTC
2003-09-11,10.2576,10.9876,9.9276,10.6676,56708780,10.2976,1.3376717281273,INTC
2003-09-12,10.4476,11.0276,10.1876,10.9776,51934680,10.6676,1.1059579022476,INTC
2003-09-15,10.9676,11.0876,10.5476,10.6276,36356700,10.9776,-1.2350035285815,INTC
2003-09-16,10.7176,11.6276,10.6576,11.5476,48755380,10.6276,3.286888174348,INTC
2003-09-17,11.5776,12.0176,11.4076,11.5176,52834020,11.5476,-0.103770321688,INTC
2003-09-18,11.3276,11.9176,11.0976,11.7976,46623600,11.5176,0.96952908587258,INTC
2003-09-19,11.9376,11.9976,11.4666,11.8076,53595680,11.7976,0.034293552812077,INTC
2003-09-22,11.2376,11.4076,10.8376,11.1576,48520420,11.8076,-2.2283167637984,INTC
2003-09-23,11.1476,11.6376,11.0576,11.5766,43949240,11.1576,1.4691444600281,INTC
2003-09-24,11.5376,11.6376,10.3736,10.4176,59775590,11.5766,-4.0049759839663,INTC
2003-09-25,10.5776,10.9876,10.0376,10.0876,57576090,10.4176,-1.1879049676026,INTC
2003-09-26,10.1376,10.4776,9.8576,9.9076,68691090,10.0876,-0.65573770491803,INTC
2003-09-29,10.1876,11.0376,10.1076,11.0076,65801870,9.9076,4.033736707004,INTC
2003-09-30,10.8076,10.8076,10.0776,10.1576,63378180,11.0076,-2.9961226647868,INTC
2003-10-01,10.4576,11.3676,10.4476,11.2676,59519900,10.1576,4.0334302325581,INTC
2003-10-02,11.2176,11.5876,11.0476,11.2576,42392730,11.2676,-0.034928396786581,INTC
2003-10-03,11.9076,12.4406,11.8376,12.2476,66642710,11.2576,3.4591194968553,INTC
2003-10-06,12.3176,12.4376,12.0176,12.1976,28961680,12.2476,-0.16886187098953,INTC
2003-10-07,11.9176,12.6276,11.7876,12.5876,47953060,12.1976,1.319350473613,INTC
2003-10-08,12.5576,12.6376,12.1376,12.3076,41148530,12.5876,-0.93489148580967,INTC
2003-10-09,12.6276,13.0276,12.1176,12.4076,76078900,12.3076,0.33704078193461,INTC
2003-10-10,12.7976,13.1276,12.7276,13.0676,46206740,12.4076,2.2169969768223,INTC
2003-10-13,13.3476,13.5776,13.1176,13.4376,41702520,13.0676,1.215905356556,INTC
2003-10-14,13.4276,13.7376,13.1676,13.7176,67450080,13.4376,0.9090909090909,INTC
2003-10-15,15.4076,15.4176,14.2576,14.3976,110900100,13.7176,2.1879021879022,INTC
2003-10-16,14.1376,14.8976,14.0376,14.8676,55239550,14.3976,1.4798488664987,INTC
2003-10-17,14.3576,15.0276,14.2076,14.2976,52540270,14.8676,-1.7685386286069,INTC
2003-10-20,14.2476,14.8476,14.1976,14.7976,43094530,14.2976,1.5792798483891,INTC
2003-10-21,14.9176,14.9676,14.6476,14.7596,50316980,14.7976,-0.11815920398009,INTC
2003-10-22,14.3476,15.1376,14.0476,14.1576,49943470,14.7596,-1.8741049747836,INTC
2003-10-23,13.5576,14.0286,13.5276,13.8576,48178790,14.1576,-0.9517766497462,INTC
2003-10-24,13.5976,13.8176,12.9976,13.7176,55933020,13.8576,-0.44843049327354,INTC
2003-10-27,13.8876,14.1876,13.8776,14.0576,37237310,13.7176,1.0939510939511,INTC
2003-10-28,14.2776,15.3776,14.1976,15.3076,57043710,14.0576,3.9783577339274,INTC
2003-10-29,15.1476,15.5576,15.0676,15.4376,47725630,15.3076,0.39791857973675,INTC
2003-10-30,15.7176,15.9176,15.4676,15.5276,55581680,15.4376,0.27439024390245,INTC
2003-10-31,15.5676,15.7676,15.4076,15.5876,39561710,15.5276,0.1824262693828,INTC
2003-11-03,15.9676,16.7476,15.7876,16.6776,53324090,15.5876,3.3080424886191,INTC
2003-11-04,16.5476,16.6386,16.2076,16.3176,42009270,16.6776,-1.0575793184489,INTC
2003-11-05,16.3276,16.5376,15.8956,16.3976,45644420,16.3176,0.17814726840856,INTC
2003-11-06,16.5576,16.8776,16.0976,16.7776,42144940,16.3976,1.1262596324837,INTC
2003-11-07,17.0776,17.1676,16.3976,16.5276,48484380,16.7776,-0.7327080890973,INTC
2003-11-10,16.6676,16.7976,15.8876,16.0476,54425310,16.5276,-1.4171833480957,INTC
2003-11-11,15.9076,16.0976,15.7676,16.0676,41187000,16.0476,0.059898173105708,INTC
2003-11-12,16.2276,16.9476,16.1676,16.7576,49322770,16.0676,2.0652499251721,INTC
2003-11-13,16.5576,16.6476,16.0876,16.4376,52570090,16.7576,-0.93841642228739,INTC
2003-11-14,16.4976,16.6376,15.3576,15.4576,59433440,16.4376,-2.9011249259917,INTC
2003-11-17,15.0576,15.2376,14.3176,14.8876,64928960,15.4576,-1.7378048780488,INTC
2003-11-18,15.1576,15.2876,14.4676,14.4976,57353630,14.8876,-1.2100527458889,INTC
2003-11-19,14.5676,15.2676,14.3776,15.1776,47997230,14.4976,2.1356783919598,INTC
2003-11-20,14.9076,15.4476,14.4176,14.4876,59531250,15.1776,-2.1217712177122,INTC
2003-11-21,14.8376,15.0276,14.5876,14.9776,45729890,14.4876,1.5394282123783,INTC
2003-11-24,15.1576,16.1476,15.1576,16.1176,45796180,14.9776,3.5272277227723,INTC
2003-11-25,16.0876,16.3976,15.7076,15.7276,38884650,16.1176,-1.1655708308428,INTC
2003-11-26,16.0576,16.2576,15.5476,16.0076,42781660,15.7276,0.84668884185062,INTC
2003-11-28,15.7976,16.2876,15.7876,16.1976,13255160,16.0076,0.56971514242878,INTC
2003-12-01,16.4776,16.7976,16.1776,16.6976,47063170,16.1976,1.4907573047108,INTC
2003-12-02,16.8476,17.0576,16.4176,16.5076,45852800,16.6976,-0.55816686251468,INTC
2003-12-03,16.7276,16.9976,15.9076,15.9976,50046160,16.5076,-1.506646971935,INTC
2003-12-04,16.1476,16.3676,15.5076,16.1976,61341910,15.9976,0.59988002399519,INTC
2003-12-05,15.1176,15.3876,14.6575,14.7576,66216000,16.1976,-4.2933810375671,INTC
2003-12-08,14.5876,14.9476,13.9876,14.2976,67030750,14.7576,-1.4330218068536,INTC
2003-12-09,14.5176,14.5876,12.7676,12.9076,81634980,14.2976,-4.3931731984829,INTC
2003-12-10,12.9576,13.1476,12.3176,13.0776,81153660,12.9076,0.56198347107439,INTC
2003-12-11,13.1576,13.6476,12.9876,13.5676,56879530,13.0776,1.6107823800131,INTC
2003-12-12,13.7876,13.8376,13.1476,13.5176,48084320,13.5676,-0.16175994823682,INTC
2003-12-15,14.1576,14.1876,12.7576,12.8976,60873120,13.5176,-2.0090732339598,INTC
2003-12-16,12.8876,13.1076,12.3676,12.9176,56367880,12.8976,0.066137566137576,INTC
2003-12-17,12.9476,13.2276,12.6176,12.8276,57924060,12.9176,-0.29742233972241,INTC
2003-12-18,12.9676,13.6476,12.9476,13.5576,52707170,12.8276,2.4196221411999,INTC
2003-12-19,13.6476,13.8026,13.0176,13.2276,55237390,13.5576,-1.0679611650485,INTC
2003-12-22,13.0476,13.4476,12.8276,13.0776,33895640,13.2276,-0.49067713444553,INTC
2003-12-23,13.1576,13.7976,13.0276,13.7676,37285180,13.0776,2.2682445759369,INTC
2003-12-24,13.7276,13.9176,13.5576,13.7376,15596450,13.7676,-0.096432015429126,INTC
2003-12-26,13.8376,14.1976,13.7976,14.0176,11868850,13.7376,0.9009009009009,INTC
2003-12-29,14.1976,14.8676,14.1676,14.8076,36515210,14.0176,2.5191326530612,INTC
2003-12-30,14.8876,15.0276,14.5976,14.6976,31563060,14.8076,-0.34214618973561,INTC
2003-12-31,14.8976,15.1476,14.5676,14.7076,32097520,14.6976,0.03121098626716,INTC
2004-01-02,15.0176,15.2576,14.6876,14.8176,37341420,14.7076,0.34321372854914,INTC
2004-01-05,15.1776,15.6276,15.0576,15.5676,42611830,14.8176,2.3320895522388,INTC
2004-01-06,15.5776,15.6576,15.2776,15.5576,38007520,15.5676,-0.030385900941957,INTC
2004-01-07,15.9876,16.6576,15.8776,16.6476,63653930,15.5576,3.3130699088146,INTC
2004-01-08,16.9076,17.0066,16.5576,16.8976,50592850,16.6476,0.73551044424831,INTC
2004-01-09,16.4876,17.2576,16.4576,16.6276,56833020,16.8976,-0.78855140186917,INTC
2004-01-12,16.9276,16.9876,16.5176,16.8076,50662810,16.6276,0.52987930526935,INTC
2004-01-13,16.9876,17.0476,15.9176,16.2476,68192890,16.8076,-1.6398243045388,INTC
2004-01-14,16.4676,16.5076,15.7976,16.0476,75410960,16.2476,-0.59541530217327,INTC
2004-01-15,15.4576,16.0676,15.3276,15.7176,82544400,16.0476,-0.98831985624438,INTC
2004-01-16,16.0076,16.0376,15.3376,15.5476,54500460,15.7176,-0.51421657592257,INTC
2004-01-20,15.6776,15.7176,14.9376,15.2676,47726410,15.5476,-0.85132259045303,INTC
2004-01-21,14.8776,14.9576,14.4776,14.8576,56230860,15.2676,-1.2572830420116,INTC
2004-01-22,14.9276,15.0176,14.2476,14.2876,51966650,14.8576,-1.7701863354037,INTC
2004-01-23,14.5476,14.6676,14.1376,14.4076,45845790,14.2876,0.37938665823586,INTC
2004-01-26,14.3976,15.1476,14.3576,15.0876,41319740,14.4076,2.1417322834646,INTC
2004-01-27,14.9576,15.0076,14.2576,14.2876,51436850,15.0876,-2.4668516805427,INTC
2004-01-28,14.5076,14.8576,13.8276,14.0376,61500650,14.2876,-0.79038887132469,INTC
2004-01-29,14.1176,14.2186,13.1776,13.5476,84928810,14.0376,-1.5615041427661,INTC
2004-01-30,13.6076,13.6476,13.0076,13.1776,64195860,13.5476,-1.1977986403367,INTC
2004-02-02,13.5376,13.6076,12.8676,12.9776,65039440,13.1776,-0.65530799475753,INTC
2004-02-03,13.0676,14.0876,12.9776,14.0576,62381790,12.9776,3.5620052770448,INTC
2004-02-04,13.6676,13.6976,12.7076,12.7176,79376980,14.0576,-4.3949044585987,INTC
2004-02-05,13.0376,13.1376,12.4476,12.6176,74642940,12.7176,-0.33311125916055,INTC
2004-02-06,12.7976,13.6376,12.6876,13.5776,55399740,12.6176,3.2085561497326,INTC
2004-02-09,13.6976,13.7976,13.1776,13.2676,36540200,13.5776,-1.0038860103627,INTC
2004-02-10,13.3726,13.6076,13.0276,13.2376,36333350,13.2676,-0.098135426889111,INTC
2004-02-11,13.5676,13.8576,13.2276,13.6876,52150080,13.2376,1.4734774066798,INTC
2004-02-12,13.6876,14.0776,13.4176,13.4376,38205450,13.6876,-0.80671184252985,INTC
2004-02-13,13.7176,13.8876,12.5576,12.8376,63287150,13.4376,-1.9518542615485,INTC
2004-02-17,13.0976,13.5876,12.9076,13.5076,40220800,12.8376,2.2229595222296,INTC
2004-02-18,13.5376,13.6576,13.2376,13.2976,42231440,13.5076,-0.68159688412852,INTC
2004-02-19,13.5876,13.7976,12.5476,12.5876,60100690,13.2976,-2.3202614379085,INTC
2004-02-20,12.7876,12.7976,12.1976,12.6976,70620130,12.5876,0.36801605888257,INTC
2004-02-23,12.7276,12.7276,11.3476,11.6976,92103530,12.6976,-3.3333333333333,INTC
2004-02-24,11.4876,12.1276,11.4676,11.8976,68422390,11.6976,0.68965517241379,INTC
2004-02-25,12.1476,12.4676,11.9976,12.3176,54662010,11.8976,1.4383561643836,INTC
2004-02-26,12.2576,12.5676,12.0476,12.1976,45907290,12.3176,-0.40513166779204,INTC
2004-02-27,12.3976,12.4276,11.7976,11.8976,58991280,12.1976,-1.0169491525424,INTC
2004-03-01,11.7076,12.4476,11.5476,12.3876,65378340,11.8976,1.6780821917808,INTC
2004-03-02,12.4476,12.8376,12.2576,12.2976,65224640,12.3876,-0.30313236780061,INTC
2004-03-03,12.2476,12.3576,11.5376,11.7376,68250560,12.2976,-1.8918918918919,INTC
2004-03-04,11.7676,12.3976,11.7476,12.3476,60135620,11.7376,2.1005509641873,INTC
2004-03-05,11.6376,12.0776,11.4676,11.6476,118682300,12.3476,-2.3608768971332,INTC
2004-03-08,11.7776,11.7976,10.3176,10.3976,105762500,11.6476,-4.3177892918826,INTC
2004-03-09,10.3876,10.7976,10.2176,10.6776,92538860,10.3976,1.0108303249098,INTC
2004-03-10,10.8076,10.9476,9.8676,10.0076,88039420,10.6776,-2.3945675482488,INTC
2004-03-11,9.8376,10.4876,9.7376,9.7776,97967310,10.0076,-0.84218235078726,INTC
2004-03-12,10.1776,10.4276,10.0576,10.3876,56526680,9.7776,2.2525849335303,INTC
2004-03-15,10.2576,10.2876,9.7276,9.7976,54856980,10.3876,-2.1307331166486,INTC
2004-03-16,10.0276,10.2076,9.4176,9.8576,67072650,9.7976,0.22140221402214,INTC
2004-03-17,10.0976,10.5976,10.0276,10.4876,55548280,9.8576,2.319587628866,INTC
2004-03-18,10.4476,10.5076,9.8076,9.8976,70686010,10.4876,-2.1230658510255,INTC
2004-03-19,9.7776,10.0676,9.0776,9.1876,83741460,9.8976,-2.6102941176471,INTC
2004-03-22,8.9676,9.1876,8.7276,8.9276,73043440,9.1876,-0.98150245375613,INTC
2004-03-23,9.1676,9.3976,8.7976,8.8576,70217670,8.9276,-0.26686999618757,INTC
2004-03-24,8.8976,9.5676,8.8576,9.2276,69496610,8.8576,1.414373088685,INTC
2004-03-25,9.5776,10.4976,9.5576,10.4876,84749210,9.2276,4.7493403693931,INTC
2004-03-26,10.4376,10.5476,9.3476,10.0776,65643290,10.4876,-1.4753508456279,INTC
2004-03-29,10.3176,10.6476,10.1976,10.3876,66249290,10.0776,1.1322132943755,INTC
2004-03-30,10.0676,10.2376,9.7976,10.1276,62190940,10.3876,-0.93896713615024,INTC
2004-03-31,10.1176,10.1676,9.7176,9.8976,57809050,10.1276,-0.8384979948961,INTC
2004-04-01,10.0676,10.4776,9.9776,10.0776,55050130,9.8976,0.66176470588235,INTC
2004-04-02,10.7176,10.8176,10.3476,10.8176,78671900,10.0776,2.7027027027027,INTC
2004-04-05,10.9676,11.2576,10.8176,11.2476,47529720,10.8176,1.5291607396871,INTC
2004-04-06,10.9276,11.1476,10.7376,10.9676,70147750,11.2476,-0.98073555166375,INTC
2004-04-07,10.7676,10.8276,10.1776,10.3176,72692780,10.9676,-2.2992571630704,INTC
2004-04-08,10.7376,10.8376,9.8976,10.0676,71790260,10.3176,-0.90514120202752,INTC
2004-04-12,10.3986,10.4676,9.9276,10.2976,51016830,10.0676,0.84033613445378,INTC
2004-04-13,10.5376,10.5776,10.1376,10.3676,83169940,10.2976,0.2536231884058,INTC
2004-04-14,9.9176,10.3076,9.8276,10.0676,79211420,10.3676,-1.0842067220817,INTC
2004-04-15,10.1076,10.1176,9.2676,9.3576,90480810,10.0676,-2.5940811107052,INTC
2004-04-16,9.3076,9.5176,8.9576,9.1476,63904920,9.3576,-0.78769692423106,INTC
2004-04-19,9.1676,9.4376,8.9976,9.3776,51522140,9.1476,0.86956521739131,INTC
2004-04-20,9.4176,9.6076,8.7276,8.7676,50610110,9.3776,-2.2863568215892,INTC
2004-04-21,8.8376,9.1976,8.5276,8.9721,62003220,8.7676,0.78442654392021,INTC
2004-04-22,8.7176,9.4476,8.5476,9.2176,65165270,8.9721,0.93436602028583,INTC
2004-04-23,9.4376,10.2676,9.3476,10.2276,65204670,9.2176,3.8084464555053,INTC
2004-04-26,10.2376,10.2776,9.6066,9.8476,56759640,10.2276,-1.3803123864875,INTC
2004-04-27,9.9776,9.9876,9.5676,9.5776,53607000,9.8476,-0.99447513812155,INTC
2004-04-28,9.3276,9.7576,8.9776,9.0476,61435040,9.5776,-1.9717261904762,INTC
2004-04-29,9.1176,9.4276,8.5076,8.8276,76356710,9.0476,-0.8349146110057,INTC
2004-04-30,8.9476,9.0476,8.4176,8.4276,71321930,8.8276,-1.5308075009567,INTC
2004-05-03,8.7076,9.0476,8.3076,8.7376,61588640,8.4276,1.2048192771084,INTC
2004-05-04,8.9776,9.3276,8.6476,8.9776,60992350,8.7376,0.92165898617512,INTC
2004-05-05,9.1676,9.3165,8.7476,8.9376,41486740,8.9776,-0.30441400304415,INTC
2004-05-06,8.6876,8.8676,8.5176,8.7176,54137440,8.9376,-0.83969465648855,INTC
2004-05-07,8.6976,9.5676,8.6646,9.2076,69606990,8.7176,1.8860662047729,INTC
2004-05-10,9.0876,9.4076,8.8776,9.2876,71539620,9.2076,0.30222893842086,INTC
2004-05-11,9.5876,10.5176,9.5276,10.5076,82352930,9.2876,4.5951035781544,INTC
2004-05-12,10.3076,10.5076,9.5576,10.3076,81082290,10.5076,-0.72020165646381,INTC
2004-05-13,10.1776,10.3476,9.8376,10.1776,59947070,10.3076,-0.4715270221255,INTC
2004-05-14,10.0876,10.2276,9.6476,9.7776,51872490,10.1776,-1.4577259475219,INTC
2004-05-17,9.2476,10.0376,9.1776,9.5776,65009560,9.7776,-0.7396449704142,INTC
2004-05-18,9.8976,10.2076,9.7976,9.8876,55284000,9.5776,1.1549925484352,INTC
2004-05-19,10.3576,10.6876,9.8476,9.8476,77032570,9.8876,-0.14732965009208,INTC
2004-05-20,10.0376,10.3576,9.9676,10.1476,52363100,9.8476,1.1066027296201,INTC
2004-05-21,10.4176,10.4876,10.0876,10.2876,46798370,10.1476,0.51076249543962,INTC
2004-05-24,10.5676,10.6576,10.2976,10.4776,45724090,10.2876,0.68965517241378,INTC
2004-05-25,10.3676,11.0476,10.2176,10.8376,65512320,10.4776,1.2977649603461,INTC
2004-05-26,10.8376,11.2176,10.7276,11.1076,50431600,10.8376,0.96085409252669,INTC
2004-05-27,11.2276,11.2776,10.9176,11.1876,55435630,11.1076,0.28198801550933,INTC
2004-05-28,11.2576,11.7176,11.2276,11.2876,48045110,11.1876,0.35149384885765,INTC
2004-06-01,11.1376,11.4576,10.8176,11.0676,51168210,11.2876,-0.7705779334501,INTC
2004-06-02,11.1176,11.1576,10.6276,10.7476,49707180,11.0676,-1.129544652312,INTC
2004-06-03,10.6176,10.6376,10.0976,10.1476,56322630,10.7476,-2.1420921099607,INTC
2004-06-04,11.1676,11.2376,10.7676,10.8776,62253140,10.1476,2.6632615833637,INTC
2004-06-07,11.1376,11.5076,10.9676,11.4876,37487620,10.8776,2.1677327647477,INTC
2004-06-08,11.2376,11.7476,11.1676,11.7276,48232090,11.4876,0.83478260869565,INTC
2004-06-09,11.4976,11.5876,11.1176,11.1376,46163930,11.7276,-2.0351845463953,INTC
2004-06-10,11.2376,11.4176,11.0976,11.3776,42508990,11.1376,0.84507042253522,INTC
2004-06-14,11.0376,11.0876,10.5876,10.7276,37836850,11.3776,-2.2695530726257,INTC
2004-06-15,11.0276,11.3876,10.8976,11.1676,47001660,10.7276,1.5719899964273,INTC
2004-06-16,11.0776,11.1276,10.8376,10.8576,34034930,11.1676,-1.0903974674639,INTC
2004-06-17,10.7776,10.7776,10.3276,10.3676,38966440,10.8576,-1.7425320056899,INTC
2004-06-18,10.2276,10.6376,10.0776,10.3776,52430340,10.3676,0.036192544335872,INTC
2004-06-21,10.5376,10.9476,10.2376,10.2576,43529570,10.3776,-0.43415340086831,INTC
2004-06-22,10.3776,10.8276,10.1976,10.7776,46901960,10.2576,1.8895348837209,INTC
2004-06-23,10.7876,11.2976,10.5976,11.2576,51715900,10.7776,1.7118402282454,INTC
2004-06-24,11.2076,11.3376,10.6176,10.6876,55046640,11.2576,-1.9985974754558,INTC
2004-06-25,10.5276,10.8376,9.8626,10.5176,70585450,10.6876,-0.608228980322,INTC
2004-06-28,10.6376,10.7076,9.9676,10.1176,51716460,10.5176,-1.4398848092153,INTC
2004-06-29,9.9176,10.3576,9.8876,10.3376,52664860,10.1176,0.80350620891162,INTC
2004-06-30,10.4276,10.6376,10.0576,10.3376,50588110,10.3376,0.0,INTC
2004-07-01,10.1276,10.2176,9.4276,9.7576,69067770,10.3376,-2.1014492753623,INTC
2004-07-02,9.5876,9.5976,8.9876,9.0676,46760820,9.7576,-2.5536639526277,INTC
2004-07-06,8.8076,9.0186,8.4176,8.8476,60479530,9.0676,-0.83554880364603,INTC
2004-07-07,8.7976,9.3176,8.7976,9.0776,45913910,8.8476,0.88088854844887,INTC
2004-07-08,9.0176,9.2876,8.8676,8.9576,47125150,9.0776,-0.45558086560365,INTC
2004-07-09,9.1476,9.4676,9.1276,9.3076,38193160,8.9576,1.3348588863463,INTC
2004-07-12,8.7976,9.0576,8.4176,8.9776,59667500,9.3076,-1.2420022581859,INTC
2004-07-13,9.0876,9.2276,8.7876,8.8776,77906410,8.9776,-0.3810975609756,INTC
2004-07-14,6.9076,6.9076,5.9876,6.1176,283544000,8.8776,-10.558530986993,INTC
2004-07-15,6.2376,6.3076,5.8776,5.8876,95340100,6.1176,-0.98374679213003,INTC
2004-07-16,6.1676,6.2076,5.3876,5.4676,85363070,5.8876,-1.8142548596112,INTC
2004-07-19,5.5776,5.9876,5.4976,5.6476,58998760,5.4676,0.79190497140343,INTC
2004-07-20,5.7376,6.0076,5.6976,5.9776,60248980,5.6476,1.4404190309908,INTC
2004-07-21,6.1676,6.2576,5.2476,5.2976,72078390,5.9776,-2.9259896729776,INTC
2004-07-22,5.2076,6.2276,5.1976,6.0076,75532730,5.2976,3.1471631205674,INTC
2004-07-23,5.7276,5.8976,5.3676,5.4076,75640660,6.0076,-2.5784271594327,INTC
2004-07-26,5.5876,5.8276,5.3976,5.7076,81014720,5.4076,1.3233348037053,INTC
2004-07-27,5.8676,6.1776,5.7176,6.0076,87137540,5.7076,1.3060513713539,INTC
2004-07-28,5.9076,6.2976,5.5576,6.1976,78531710,6.0076,0.81650193382038,INTC
2004-07-29,6.4176,7.1876,6.3576,6.9786,104091400,6.1976,3.3290707587383,INTC
2004-07-30,6.6476,7.3776,6.5876,7.1176,83598380,6.9786,0.5734086877604,INTC
2004-08-02,6.7576,7.6776,6.6776,7.6376,67142590,7.1176,2.1328958162428,INTC
2004-08-03,7.4876,7.7276,6.8476,6.9076,59299220,7.6376,-2.9317269076305,INTC
2004-08-04,6.8276,7.0476,6.4776,6.7476,56203030,6.9076,-0.82747207281755,INTC
2004-08-05,6.8076,6.9886,6.0276,6.4476,55752760,6.7476,-1.2515644555695,INTC
2004-08-06,6.0376,6.2476,5.4675,5.5476,55989250,6.4476,-3.8022813688213,INTC
2004-08-09,5.6976,5.7676,5.3076,5.3476,44138590,5.5476,-0.87834870443566,INTC
2004-08-10,5.4076,5.5076,4.9776,5.3176,56673120,5.3476,-0.13291980505096,INTC
2004-08-11,4.9376,5.0376,4.5876,4.9376,60898370,5.3176,-1.6858917480035,INTC
2004-08-12,4.7176,4.8276,3.9676,4.0176,70248500,4.9376,-4.1516245487365,INTC
2004-08-13,4.2776,4.4386,3.8075,4.3376,71215210,4.0176,1.5065913370998,INTC
2004-08-16,4.3076,4.6976,4.1176,4.1976,59710660,4.3376,-0.64935064935064,INTC
2004-08-17,4.4576,4.6376,4.2676,4.2866,57633320,4.1976,0.41549953314659,INTC
2004-08-18,4.1876,5.0176,4.1476,4.9976,61341070,4.2866,3.3055930075782,INTC
2004-08-19,4.9476,5.0476,4.5176,4.7876,57325130,4.9976,-0.94509450945093,INTC
2004-08-20,4.7276,4.7276,4.3876,4.3976,58082490,4.7876,-1.7719218537029,INTC
2004-08-23,4.5976,4.8776,4.5376,4.6676,50438290,4.3976,1.2488436632747,INTC
2004-08-24,4.9476,4.9776,4.3376,4.4476,52272030,4.6676,-1.0050251256281,INTC
2004-08-25,4.4676,4.9076,4.3076,4.7276,60591430,4.4476,1.2921089063221,INTC
2004-08-26,4.6176,4.6876,4.4776,4.5476,44170450,4.7276,-0.82004555808656,INTC
2004-08-27,4.6376,5.0476,4.5976,4.7976,47385240,4.5476,1.1483693155719,INTC
2004-08-30,4.7776,4.8176,4.3476,4.3776,43042950,4.7976,-1.9073569482289,INTC
2004-08-31,4.1876,4.2676,3.6376,4.0676,79105510,4.3776,-1.4351851851852,INTC
2004-09-01,3.8576,4.4776,3.8076,4.2076,61732120,4.0676,0.65758572099578,INTC
2004-09-02,4.2176,4.4976,4.0376,4.4076,71723220,4.2076,0.93327111525898,INTC
2004-09-03,2.7276,2.9576,2.6276,2.8276,172220400,4.4076,-7.3046694405918,INTC
2004-09-07,3.0176,3.0276,2.5076,2.6676,77890020,2.8276,-0.79800498753117,INTC
2004-09-08,2.6876,2.8376,2.4682,2.4976,75496830,2.6676,-0.85470085470086,INTC
2004-09-09,2.6776,3.1076,2.4876,2.9476,95652310,2.4976,2.2819472616633,INTC
2004-09-10,2.9776,3.4776,2.7576,3.3476,67274790,2.9476,1.9831432821021,INTC
2004-09-13,3.5476,3.9576,3.3776,3.5776,82054550,3.3476,1.1181332036947,INTC
2004-09-14,3.6076,3.7376,3.3276,3.5476,52879390,3.5776,-0.14423076923077,INTC
2004-09-15,3.3876,3.3976,2.9776,3.1976,59765430,3.5476,-1.6851227732306,INTC
2004-09-16,3.2476,3.3776,2.8476,2.8876,57764190,3.1976,-1.5181194906954,INTC
2004-09-17,3.0676,3.3976,2.6776,3.3676,93827190,2.8876,2.3868722028841,INTC
2004-09-20,3.2376,4.0276,3.2262,3.6976,74928140,3.3676,1.6027197668771,INTC
2004-09-21,3.9176,4.1276,3.7576,3.8576,59349680,3.6976,0.76481835564052,INTC
2004-09-22,3.7576,3.8276,3.1976,3.1976,62613400,3.8576,-3.1309297912713,INTC
2004-09-23,3.2276,3.3876,3.0476,3.1576,68334050,3.1976,-0.19588638589619,INTC
2004-09-24,3.2276,3.4776,2.8476,2.9076,62105060,3.1576,-1.2266928361138,INTC
2004-09-27,2.7776,3.1976,2.6276,2.6976,56513560,2.9076,-1.0432190760059,INTC
2004-09-28,2.8676,3.1276,2.4176,2.4576,78075110,2.6976,-1.2048192771084,INTC
2004-09-29,2.5576,3.0376,2.4976,2.8476,63586910,2.4576,1.9817073170732,INTC
2004-09-30,2.9376,3.1576,2.6076,2.8376,72532400,2.8476,-0.049825610363735,INTC
2004-10-01,3.0776,3.6976,3.0076,3.6276,73831800,2.8376,3.938185443669,INTC
2004-10-04,3.9476,4.1276,3.6276,3.9076,74354650,3.6276,1.3429256594724,INTC
2004-10-05,3.8176,4.2576,3.7576,4.0976,72056620,3.9076,0.89919545669665,INTC
2004-10-06,3.9576,4.0776,3.7175,3.9076,57722980,4.0976,-0.89118198874297,INTC
2004-10-07,3.8776,4.3476,3.8676,4.0176,74734640,3.9076,0.52058684335068,INTC
2004-10-08,3.8276,4.0476,3.2676,3.3276,67222020,4.0176,-3.2485875706215,INTC
2004-10-11,3.4476,3.6186,3.0876,3.3876,49611390,3.3276,0.2919708029197,INTC
2004-10-12,3.0876,3.2976,2.9976,3.0576,78508330,3.3876,-1.6011644832605,INTC
2004-10-13,4.1376,4.3076,3.6376,3.7676,149018500,3.0576,3.5009861932939,INTC
2004-10-14,3.7576,3.8263,3.2276,3.2876,83636890,3.7676,-2.2868032396379,INTC
2004-10-15,3.4476,3.6076,3.1576,3.3876,69497460,3.2876,0.48756704046805,INTC
2004-10-18,3.3376,3.5776,3.1276,3.5676,60419860,3.3876,0.87336244541485,INTC
2004-10-19,3.8376,4.0876,3.5376,3.5776,84825990,3.5676,0.048100048100056,INTC
2004-10-20,3.5176,4.2376,3.5076,4.2276,81474020,3.5776,3.125,INTC
2004-10-21,4.4176,4.6876,4.1876,4.4676,76576500,4.2276,1.1188811188811,INTC
2004-10-22,4.4276,4.5476,4.0376,4.0776,58226500,4.4676,-1.7980636237898,INTC
2004-10-25,3.9976,4.3276,3.9976,4.0876,60219850,4.0776,0.046948356807502,INTC
2004-10-26,4.1776,4.2376,3.9776,4.1776,58929670,4.0876,0.4223369310183,INTC
2004-10-27,4.1476,4.9976,4.0876,4.7776,63939080,4.1776,2.803738317757,INTC
2004-10-28,4.7476,5.3876,4.7176,5.0476,66703060,4.7776,1.2272727272727,INTC
2004-10-29,5.1076,5.2776,4.9476,5.0376,62360040,5.0476,-0.044903457566224,INTC
2004-11-01,4.9676,5.2676,4.9276,5.2176,49834300,5.0376,0.80862533692722,INTC
2004-11-02,5.1376,5.6076,5.0376,5.3876,70826220,5.2176,0.75757575757575,INTC
2004-11-03,5.8276,5.9376,5.2276,5.4876,85206270,5.3876,0.26536930561699,INTC
2004-11-04,5.3476,5.6976,5.2976,5.6976,61190540,5.4876,0.92633436259372,INTC
2004-11-05,6.0076,6.1976,5.9376,6.1776,73267670,5.6976,2.0979020979021,INTC
2004-11-08,6.0376,6.2276,5.9375,6.0476,51253920,6.1776,-0.55650684931506,INTC
2004-11-09,6.0176,6.0676,5.7976,5.8976,47602980,6.0476,-0.64571674558761,INTC
2004-11-10,5.7376,5.8576,5.3576,5.6776,88274540,5.8976,-0.95320623916811,INTC
2004-11-11,5.8476,6.0876,5.7076,5.9876,67614580,5.6776,1.3560804899388,INTC
2004-11-12,6.1376,6.5776,5.6976,6.5076,92811530,5.9876,2.2442813983599,INTC
2004-11-15,6.3776,6.6076,6.2276,6.5876,66717650,6.5076,0.33769523005487,INTC
2004-11-16,6.4476,6.6976,6.2776,6.6576,61439870,6.5876,0.29448885149348,INTC
2004-11-17,6.7876,7.3576,6.7776,7.1376,80957250,6.6576,2.0134228187919,INTC
2004-11-18,7.0676,7.8076,7.0276,7.6176,67119250,7.1376,1.9736842105263,INTC
2004-11-19,7.4976,7.5476,6.9276,6.9776,80383980,7.6176,-2.5806451612903,INTC
2004-11-22,6.7776,6.9376,6.6376,6.9176,58672090,6.9776,-0.24834437086092,INTC
2004-11-23,6.5576,6.7476,5.9676,6.1876,92008400,6.9176,-3.0290456431535,INTC
2004-11-24,6.3476,6.4976,6.1276,6.4276,52011590,6.1876,1.0269576379974,INTC
2004-11-26,6.2076,6.4376,5.9976,6.0276,23067820,6.4276,-1.6941973739941,INTC
2004-11-29,6.1176,6.4176,5.5876,5.8776,66808740,6.0276,-0.64627315812151,INTC
2004-11-30,5.8676,5.9076,5.1676,5.1976,89245090,5.8776,-2.9488291413703,INTC
2004-12-01,5.3176,5.9176,5.2676,5.9176,84187730,5.1976,3.2171581769437,INTC
2004-12-02,5.9276,6.2176,5.4476,5.5276,110234000,5.9176,-1.6883116883117,INTC
2004-12-03,7.2476,7.3186,6.7176,6.7276,142375900,5.5276,5.2840158520476,INTC
2004-12-06,6.7376,7.0076,6.5276,6.8276,63414240,6.7276,0.41823504809704,INTC
2004-12-07,6.7876,7.0676,6.2775,6.2976,68957710,6.8276,-2.207413577676,INTC
2004-12-08,6.3076,6.3376,5.8166,5.8276,78960230,6.2976,-2.0017035775128,INTC
2004-12-09,5.6376,5.9276,5.3676,5.5776,112091000,5.8276,-1.0864841373316,INTC
2004-12-10,5.4876,5.7176,5.3176,5.3776,73507330,5.5776,-0.87873462214412,INTC
2004-12-13,5.4776,5.6276,5.2576,5.4476,57220300,5.3776,0.31028368794326,INTC
2004-12-14,5.7376,6.1176,5.6676,6.0576,76405820,5.4476,2.6955368979231,INTC
2004-12-15,6.0876,6.2776,5.8676,5.9576,64373740,6.0576,-0.43029259896729,INTC
2004-12-16,5.8376,6.1976,5.6376,5.6876,64001200,5.9576,-1.1668107173725,INTC
2004-12-17,5.5676,5.9176,5.3276,5.5876,96947990,5.6876,-0.43725404459992,INTC
2004-12-20,5.6176,5.9001,5.4766,5.5176,50720550,5.5876,-0.30742204655248,INTC
2004-12-21,5.8676,6.3176,5.7976,6.3076,67201190,5.5176,3.4801762114537,INTC
2004-12-22,6.2776,6.6276,6.1976,6.2676,55931200,6.3076,-0.17028522775649,INTC
2004-12-23,6.2076,6.4176,6.1676,6.3576,35032490,6.2676,0.38379530916844,INTC
2004-12-27,6.4676,6.5176,6.0676,6.1876,38900500,6.3576,-0.72217502124043,INTC
2004-12-28,6.1776,6.3576,6.0676,6.0976,41486150,6.1876,-0.38510911424904,INTC
2004-12-29,5.9476,6.3576,5.9476,6.0676,48521490,6.0976,-0.12886597938145,INTC
2004-12-30,6.0476,6.2476,5.9876,6.0676,32580860,6.0676,0.0,INTC
2004-12-31,6.1676,6.3076,6.0576,6.2076,31953790,6.0676,0.60215053763441,INTC
2005-01-03,6.4476,6.6076,5.8676,5.8876,64518180,6.2076,-1.3681060282172,INTC
2005-01-04,6.0176,6.0276,5.1666,5.4276,93812100,5.8876,-1.9939315127872,INTC
2005-01-05,5.2876,5.5976,5.1876,5.2076,73871730,5.4276,-0.97302078726227,INTC
2005-01-06,5.3876,5.5476,5.2276,5.2776,63442570,5.2076,0.31263957123716,INTC
2005-01-07,5.5376,5.7476,5.2876,5.6176,82616430,5.2776,1.5138023152271,INTC
2005-01-10,5.7276,5.8376,5.5676,5.6976,65804970,5.6176,0.35087719298245,INTC
2005-01-11,5.5276,5.5976,5.2176,5.3576,116415800,5.6976,-1.486013986014,INTC
2005-01-12,6.0376,6.1476,5.6876,5.9776,144966900,5.3576,2.7506654835847,INTC
2005-01-13,5.9276,6.0276,5.5676,5.6376,73960360,5.9776,-1.4680483592401,INTC
2005-01-14,5.7676,5.9476,5.7175,5.8376,65150970,5.6376,0.87642418930762,INTC
2005-01-18,5.6876,5.7676,5.4576,5.7576,63879470,5.8376,-0.34752389226759,INTC
2005-01-19,5.7776,5.7876,5.3676,5.4176,71781040,5.7576,-1.4821272885789,INTC
2005-01-20,5.3376,5.6476,5.2176,5.3976,68551550,5.4176,-0.088495575221253,INTC
2005-01-21,5.3976,5.5276,5.1976,5.2376,80986580,5.3976,-0.70859167404781,INTC
2005-01-24,5.2976,5.3576,4.7076,4.8076,83759810,5.2376,-1.9179304192685,INTC
2005-01-25,5.0276,5.3576,4.9875,5.0776,94965200,4.8076,1.2278308321965,INTC
2005-01-26,5.3076,5.4076,5.1176,5.2376,72547200,5.0776,0.71877807726864,INTC
2005-01-27,5.1976,5.3376,4.9876,5.1276,79022370,5.2376,-0.4906333630687,INTC
2005-01-28,5.1676,5.3876,4.8976,5.0576,76584960,5.1276,-0.31376064545047,INTC
2005-01-31,5.3076,5.3676,5.0876,5.2676,61232460,5.0576,0.94424460431655,INTC
2005-02-01,5.3076,5.5686,5.2076,5.4474,67047550,5.2676,0.80089086859688,INTC
2005-02-02,5.4876,5.5776,5.3176,5.3976,73569340,5.4474,-0.2200638096669,INTC
2005-02-03,5.3876,5.5376,5.0675,5.2776,60836430,5.3976,-0.88573959255978,INTC
2005-02-04,5.2776,5.9176,5.2676,5.8976,67621450,5.2776,2.7703306523682,INTC
2005-02-07,5.8276,6.0776,5.7776,5.8076,53788970,5.8976,-0.39130434782609,INTC
2005-02-08,5.8576,6.3976,5.8276,6.3076,85256420,5.8076,2.1824530772588,INTC
2005-02-09,6.3176,6.3776,6.0576,6.1976,70232220,6.3076,-0.46988466467321,INTC
2005-02-10,6.3176,6.4876,6.1176,6.3976,74167890,6.1976,0.85836909871244,INTC
2005-02-11,6.1376,7.2376,6.0776,7.0676,101995400,6.3976,2.8510638297872,INTC
2005-02-14,6.9276,7.2876,6.8976,7.2076,59211290,7.0676,0.57923045097227,INTC
2005-02-15,7.0876,7.5276,7.0576,7.3676,80900880,7.2076,0.65816536404772,INTC
2005-02-16,7.2176,7.2976,7.0276,7.0376,85122500,7.3676,-1.3485901103392,INTC
2005-02-17,7.0876,7.2176,6.4476,6.5276,80234810,7.0376,-2.112676056338,INTC
2005-02-18,6.5576,6.9776,6.5376,6.9176,58127200,6.5276,1.650444350402,INTC
2005-02-22,6.6476,7.3076,6.5376,6.6576,80059670,6.9176,-1.082431307244,INTC
2005-02-23,6.8176,6.8276,5.9476,6.2076,92058700,6.6576,-1.8939393939394,INTC
2005-02-24,6.2076,6.6176,6.0476,6.5976,78703380,6.2076,1.6731016731017,INTC
2005-02-25,6.5576,7.0176,6.4675,6.9876,73557390,6.5976,1.6455696202532,INTC
2005-02-28,7.0576,7.3876,6.7576,6.8876,78973760,6.9876,-0.41511000415111,INTC
2005-03-01,7.2576,7.6576,7.2276,7.5176,84558500,6.8876,2.6260942059191,INTC
2005-03-02,7.2976,7.6976,7.2476,7.4176,78909090,7.5176,-0.40617384240455,INTC
2005-03-03,7.3976,7.4976,7.1276,7.3976,85790470,7.4176,-0.081566068515496,INTC
2005-03-04,7.5876,7.9076,7.3876,7.5776,65826510,7.3976,0.73469387755102,INTC
2005-03-07,7.5776,8.3676,7.4476,8.0076,88516070,7.5776,1.742301458671,INTC
2005-03-08,7.8476,8.3276,7.6775,7.6976,55790410,8.0076,-1.2345679012346,INTC
2005-03-09,7.7676,8.1276,7.6476,7.7376,64148180,7.6976,0.16129032258064,INTC
2005-03-10,7.8276,8.0176,7.2376,7.7476,80706620,7.7376,0.040257648953307,INTC
2005-03-11,7.9676,7.9966,6.8976,7.0976,113907600,7.7476,-2.6156941649899,INTC
2005-03-14,7.1276,7.3276,7.0076,7.1676,45814570,7.0976,0.28925619834711,INTC
2005-03-15,7.2476,7.3176,6.7276,6.7776,47106820,7.1676,-1.6069221260816,INTC
2005-03-16,6.4776,6.9376,6.4076,6.4376,59820120,6.7776,-1.4237855946399,INTC
2005-03-17,6.3876,6.5677,6.2476,6.3076,49101420,6.4376,-0.55225148683092,INTC
2005-03-18,6.4876,6.5576,6.2666,6.3076,63435510,6.3076,0.0,INTC
2005-03-21,6.3576,6.5576,6.1476,6.3976,39627390,6.3076,0.38445108927809,INTC
2005-03-22,6.4676,6.5586,5.8976,5.9176,49100110,6.3976,-2.0425531914894,INTC
2005-03-23,5.9076,6.4076,5.8576,6.2876,54293530,5.9176,1.6072980017376,INTC
2005-03-24,6.4376,6.5076,6.0776,6.0776,34688970,6.2876,-0.89781958101753,INTC
2005-03-28,6.2376,6.5476,6.1676,6.1976,43229480,6.0776,0.5176876617774,INTC
2005-03-29,6.2276,6.2976,5.9476,6.0476,54002930,6.1976,-0.64377682403434,INTC
2005-03-30,6.1876,6.4376,5.8976,6.3876,62427100,6.0476,1.4686825053996,INTC
2005-03-31,6.3976,6.4376,6.0276,6.1276,41561620,6.3876,-1.1068539804172,INTC
2005-04-01,6.2476,6.3376,5.7976,5.9076,68398180,6.1276,-0.94705122686181,INTC
2005-04-04,5.9976,6.0076,5.5476,5.8276,60427400,5.9076,-0.34767492394612,INTC
2005-04-05,5.8976,6.1476,5.8676,6.0276,48116060,5.8276,0.87221979938944,INTC
2005-04-06,6.1076,6.2076,5.8976,5.9476,53942180,6.0276,-0.34587116299178,INTC
2005-04-07,5.9176,6.3176,5.9176,6.3076,53332660,5.9476,1.5618221258134,INTC
2005-04-08,6.2776,6.5977,6.1476,6.1876,45966160,6.3076,-0.51260145237079,INTC
2005-04-11,6.1976,6.2376,5.9475,6.0176,41998740,6.1876,-0.72992700729926,INTC
2005-04-12,6.0176,6.1476,5.5376,6.1176,84645920,6.0176,0.43252595155708,INTC
2005-04-13,6.0276,6.0776,5.5976,5.7176,54103920,6.1176,-1.7226528854436,INTC
2005-04-14,5.6576,5.6976,5.3676,5.3876,68312330,5.7176,-1.4460999123576,INTC
2005-04-15,5.1276,5.3976,4.8376,5.0176,92608910,5.3876,-1.6451756336149,INTC
2005-04-18,5.1276,5.3876,4.9976,5.1076,53780680,5.0176,0.40687160940325,INTC
2005-04-19,5.4076,5.5876,5.1976,5.5276,85209210,5.1076,1.8910400720396,INTC
2005-04-20,6.2676,6.3376,5.5276,5.5576,110494500,5.5276,0.13256738842245,INTC
2005-04-21,5.8776,6.2876,5.8276,6.2576,87186940,5.5576,3.0891438658429,INTC
2005-04-22,6.1776,6.2076,5.9576,6.1376,65456620,6.2576,-0.51369863013699,INTC
2005-04-25,6.2176,6.4477,6.1076,6.3076,53894500,6.1376,0.73149741824441,INTC
2005-04-26,6.1276,6.7976,6.0876,6.2176,71568330,6.3076,-0.38445108927809,INTC
2005-04-27,6.0776,6.5176,5.9975,6.4076,57315710,6.2176,0.81475128644941,INTC
2005-04-28,6.2376,6.5176,6.0175,6.0876,57499470,6.4076,-1.3611229264143,INTC
2005-04-29,6.3176,6.4876,5.9575,6.4176,55099590,6.0876,1.4230271668823,INTC
2005-05-02,6.3976,6.4676,6.2475,6.4476,41215490,6.4176,0.12755102040817,INTC
2005-05-03,6.3576,6.8076,6.3176,6.7276,67750590,6.4476,1.1889596602972,INTC
2005-05-04,6.8076,7.1776,6.6475,7.0876,62121360,6.7276,1.1749895090222,INTC
2005-05-05,7.1176,7.4576,7.0776,7.2376,64298860,7.0876,0.62214848610536,INTC
2005-05-06,7.4176,7.4786,7.2876,7.4676,54836420,7.2376,0.94806265457542,INTC
2005-05-09,7.3876,7.7776,7.3176,7.7776,57775270,7.4676,1.2658227848101,INTC
2005-05-10,7.5676,7.8076,7.1776,7.6476,59908220,7.7776,-0.52419354838709,INTC
2005-05-11,7.6976,7.7786,7.3376,7.7476,58837490,7.6476,0.40535062829347,INTC
2005-05-12,7.7776,8.0276,7.0276,7.8176,82061020,7.7476,0.28259991925717,INTC
2005-05-13,7.9776,8.2786,7.8776,8.0976,67927460,7.8176,1.1272141706924,INTC
2005-05-16,8.0376,8.3276,7.9776,8.3076,45574140,8.0976,0.83598726114649,INTC
2005-05-17,8.1676,8.6976,8.1276,8.6776,62441060,8.3076,1.4607185155942,INTC
2005-05-18,8.7076,9.0076,8.5776,8.9076,68765010,8.6776,0.89494163424125,INTC
2005-05-19,8.9176,9.0376,8.7876,8.9876,52036410,8.9076,0.30852294639415,INTC
2005-05-20,8.8776,9.3676,8.8276,9.3276,54018650,8.9876,1.3071895424837,INTC
2005-05-23,9.4376,9.6176,9.1876,9.4776,65572380,9.3276,0.56925996204933,INTC
2005-05-24,9.3576,9.9576,9.3276,9.9376,77751880,9.4776,1.7358490566038,INTC
2005-05-25,9.7976,10.0276,9.6776,9.9776,81911730,9.9376,0.14836795252225,INTC
2005-05-26,10.0776,10.3676,10.0476,10.3476,59781560,9.9776,1.3703703703704,INTC
2005-05-27,10.1776,10.3776,10.0376,10.3676,49834130,10.3476,0.073072707343806,INTC
2005-05-31,10.2376,10.3576,9.8776,9.9376,62898940,10.3676,-1.5699160277474,INTC
2005-06-01,9.7876,10.4976,9.7576,10.2676,77690930,9.9376,1.2240356083086,INTC
2005-06-02,10.1476,10.9776,10.1476,10.5676,54387280,10.2676,1.0993037742763,INTC
2005-06-03,10.6176,10.7276,10.2276,10.3076,55459580,10.5676,-0.9423704240667,INTC
2005-06-06,10.3576,10.4176,9.9276,10.1476,47260130,10.3076,-0.58543724844492,INTC
2005-06-07,10.2776,10.4276,9.8376,9.8376,60697140,10.1476,-1.140964298859,INTC
2005-06-08,10.0676,10.1777,9.9276,10.0776,42594570,9.8376,0.89352196574833,INTC
2005-06-09,10.1976,10.7176,10.0276,10.6776,76239710,10.0776,2.2140221402214,INTC
2005-06-10,10.4876,10.4876,9.7676,9.9576,74847640,10.6776,-2.5992779783393,INTC
2005-06-13,9.9376,10.1176,9.7176,9.9776,49866440,9.9576,0.074128984432912,INTC
2005-06-14,9.8976,10.1276,9.6676,9.6776,38075730,9.9776,-1.1111111111111,INTC
2005-06-15,9.8276,9.9576,9.2276,9.9176,60015070,9.6776,0.89887640449439,INTC
2005-06-16,9.9576,10.2776,9.7876,10.0976,52378970,9.9176,0.66815144766147,INTC
2005-06-17,10.3676,10.5876,10.0376,10.0976,60083320,10.0976,0.0,INTC
2005-06-20,9.9276,10.1455,9.6776,9.8776,35520420,10.0976,-0.81120943952803,INTC
2005-06-21,9.8876,10.2376,9.8476,10.1576,48481260,9.8776,1.0408921933086,INTC
2005-06-22,10.2876,10.3876,10.0276,10.0876,33010170,10.1576,-0.25754231052244,INTC
2005-06-23,10.1276,10.5076,9.7476,9.7476,61743780,10.0876,-1.2541497602361,INTC
2005-06-24,9.8276,9.8676,9.0276,9.0776,64459420,9.7476,-2.5028016436309,INTC
2005-06-27,9.1276,9.2376,8.7976,8.8376,47473480,9.0776,-0.91954022988507,INTC
2005-06-28,8.7476,9.4176,8.7076,9.3076,55763680,8.8376,1.8174787316319,INTC
2005-06-29,9.2376,9.4076,9.0776,9.2276,33917380,9.3076,-0.30383592859855,INTC
2005-06-30,9.3676,9.4676,8.9876,8.9976,45137420,9.2276,-0.87619047619048,INTC
2005-07-01,9.2076,9.3476,9.0776,9.1876,30458710,8.9976,0.73020753266718,INTC
2005-07-05,9.1076,9.7376,9.0576,9.6576,42739040,9.1876,1.7932086989699,INTC
2005-07-06,9.6776,9.9676,9.4376,9.4776,45681570,9.6576,-0.67466266866567,INTC
2005-07-07,9.2676,9.5409,9.1276,9.5376,45627980,9.4776,0.22641509433962,INTC
2005-07-08,9.6176,10.2576,9.5576,10.2576,45837670,9.5376,2.710843373494,INTC
2005-07-11,10.3476,10.6776,10.3176,10.6776,45657560,10.2576,1.5395894428152,INTC
2005-07-12,10.6176,10.8376,10.4076,10.7276,40898520,10.6776,0.18050541516246,INTC
2005-07-13,10.6676,10.7776,10.5176,10.5676,44289150,10.7276,-0.57657657657658,INTC
2005-07-14,10.8676,11.1076,10.7076,10.8576,68554180,10.5676,1.0511054729975,INTC
2005-07-15,10.9376,11.3076,10.7876,11.2776,43585550,10.8576,1.506456241033,INTC
2005-07-18,11.1776,11.2976,10.9776,11.2076,36803000,11.2776,-0.24734982332156,INTC
2005-07-19,11.4776,11.8176,11.3876,11.6876,91260780,11.2076,1.7003188097768,INTC
2005-07-20,10.0776,10.4276,9.8276,10.4176,126525600,11.6876,-4.4235458028561,INTC
2005-07-21,10.4876,10.5176,9.9576,10.0076,62368370,10.4176,-1.4941690962099,INTC
2005-07-22,10.1476,10.2176,9.7276,9.7276,54909480,10.0076,-1.0358860525342,INTC
2005-07-25,9.8576,9.8876,9.4076,9.4975,49869790,9.7276,-0.86018691588785,INTC
2005-07-26,9.5976,9.9776,9.5076,9.8676,52411140,9.4975,1.3955557901802,INTC
2005-07-27,9.8176,10.1076,9.5976,10.0376,48358910,9.8676,0.63220528077351,INTC
2005-07-28,10.0476,10.4076,9.9376,10.3176,54637160,10.0376,1.0347376201035,INTC
2005-07-29,10.2676,10.3186,10.1175,10.1176,41426690,10.3176,-0.73152889539137,INTC
2005-08-01,10.2176,10.3576,10.0776,10.0886,34772500,10.1176,-0.10685335298452,INTC
2005-08-02,10.1676,10.6076,10.1276,10.5376,40911220,10.0886,1.6561543285013,INTC
2005-08-03,10.5376,10.7176,10.5076,10.6976,33336270,10.5376,0.29027576197388,INTC
2005-08-04,10.5376,10.6076,10.0676,10.0676,45320110,10.6976,-2.2793053545586,INTC
2005-08-05,10.0676,10.1476,9.6876,9.8276,46904210,10.0676,-0.88855979266939,INTC
2005-08-08,9.9276,10.0376,9.0576,9.7676,27982080,9.8276,-0.22413149047441,INTC
2005-08-09,9.8576,10.2476,9.7976,9.9576,46985180,9.7676,0.71134406589292,INTC
2005-08-10,10.0476,10.4776,9.8476,9.9376,61102780,9.9576,-0.074349442379181,INTC
2005-08-11,9.5776,9.8776,9.4176,9.8776,58837660,9.9376,-0.22321428571428,INTC
2005-08-12,9.4876,9.6076,9.2376,9.3676,64161380,9.8776,-1.9015659955257,INTC
2005-08-15,9.3176,9.7276,9.2876,9.5876,34052440,9.3676,0.83618396047131,INTC
2005-08-16,9.2476,9.3376,9.0266,9.0576,57366150,9.5876,-1.9977384093479,INTC
2005-08-17,9.0976,9.2376,9.0076,9.1476,46857810,9.0576,0.34615384615385,INTC
2005-08-18,9.0476,9.1576,8.8676,8.9376,37990630,9.1476,-0.804906094289,INTC
2005-08-19,8.9976,9.0376,8.6676,8.7076,38403980,8.9376,-0.8887171561051,INTC
2005-08-22,8.8076,9.2876,8.7976,9.1176,39836340,8.7076,1.598440545809,INTC
2005-08-23,9.2676,9.3376,8.7676,8.7776,46013580,9.1176,-1.304681504221,INTC
2005-08-24,8.7276,9.1476,8.5676,8.5876,47562200,8.7776,-0.73872472783825,INTC
2005-08-25,8.5276,8.7176,8.4766,8.5176,31633980,8.5876,-0.27418723070897,INTC
2005-08-26,8.5376,8.6576,8.3676,8.4676,37205110,8.5176,-0.19638648860959,INTC
2005-08-29,8.4276,8.8876,8.3776,8.7876,37621090,8.4676,1.2593467138922,INTC
2005-08-30,8.7076,8.7576,8.4475,8.6276,41529140,8.7876,-0.62184220753984,INTC
2005-08-31,8.5976,8.8376,8.5176,8.7776,41493300,8.6276,0.58662495111458,INTC
2005-09-01,8.6076,8.6876,8.2976,8.3176,49470240,8.7776,-1.7884914463452,INTC
2005-09-02,8.4076,8.4776,8.2576,8.3376,33333090,8.3176,0.079176563737132,INTC
2005-09-06,8.5376,8.7976,8.4876,8.7576,37034860,8.3376,1.6613924050633,INTC
2005-09-07,8.6876,8.8076,8.5276,8.7176,35802540,8.7576,-0.1556420233463,INTC
2005-09-08,8.7276,9.1776,8.6876,9.1476,55307900,8.7176,1.6757599376461,INTC
2005-09-09,8.9076,8.9276,8.2466,8.3076,99711890,9.1476,-3.219624377156,INTC
2005-09-12,8.3476,8.3776,7.9566,8.0476,50460230,8.3076,-1.029702970297,INTC
2005-09-13,7.9176,8.2276,7.9075,7.9576,57187730,8.0476,-0.36014405762305,INTC
2005-09-14,7.9676,8.0976,7.4976,7.5476,59082170,7.9576,-1.6465863453815,INTC
2005-09-15,7.6676,7.7676,7.3876,7.6076,51436510,7.5476,0.24499795835036,INTC
2005-09-16,7.8076,7.9776,7.7376,7.8676,71846410,7.6076,1.0590631364562,INTC
2005-09-19,7.8576,7.9276,7.5076,7.7376,37777900,7.8676,-0.52398226521563,INTC
2005-09-20,7.8276,8.1076,7.5276,7.5376,42444540,7.7376,-0.81037277147488,INTC
2005-09-21,7.8776,7.8976,7.5376,7.5576,48960600,7.5376,0.081699346405227,INTC
2005-09-22,7.5476,7.7976,7.3675,7.6176,42367880,7.5576,0.24489795918367,INTC
2005-09-23,7.5976,7.6176,7.4076,7.4376,41373360,7.6176,-0.7328990228013,INTC
2005-09-26,7.5276,7.5576,7.2176,7.2776,52171830,7.4376,-0.65627563576702,INTC
2005-09-27,7.2976,7.4776,6.8576,6.8876,57293090,7.2776,-1.6102394715112,INTC
2005-09-28,6.9976,7.2276,6.9275,7.0076,68717060,6.8876,0.50356693243811,INTC
2005-09-29,7.0376,7.5776,6.9776,7.5376,55900460,7.0076,2.2129436325679,INTC
2005-09-30,7.5276,7.7376,7.4876,7.7076,37532390,7.5376,0.69444444444444,INTC
2005-10-03,7.8176,8.0176,7.6376,7.6576,49058520,7.7076,-0.20283975659228,INTC
2005-10-04,7.7076,7.9776,7.4676,7.5576,52842940,7.6576,-0.40650406504066,INTC
2005-10-05,7.5976,7.6476,7.1276,7.1276,45655790,7.5576,-1.7551020408163,INTC
2005-10-06,7.1676,7.2976,6.5566,6.8176,61490670,7.1276,-1.2879102617366,INTC
2005-10-07,6.9076,7.0176,6.7975,6.8776,30716810,6.8176,0.25252525252525,INTC
2005-10-10,6.9076,6.9476,6.3876,6.4776,38493170,6.8776,-1.6792611251049,INTC
2005-10-11,6.5776,6.6376,6.3476,6.4776,41628560,6.4776,0.0,INTC
2005-10-12,6.1376,6.3476,5.8476,6.2976,77056210,6.4776,-0.76857386848849,INTC
2005-10-13,6.3876,6.5276,5.9676,6.2576,68053720,6.2976,-0.17211703958692,INTC
2005-10-14,6.2576,6.3476,6.0576,6.2876,44209550,6.2576,0.12931034482759,INTC
2005-10-17,6.2376,6.5376,6.1776,6.5176,45283040,6.2876,0.99009900990099,INTC
2005-10-18,6.6376,7.0476,6.5376,6.7776,78156540,6.5176,1.1082693947144,INTC
2005-10-19,6.0476,6.7676,5.8076,6.7476,91421700,6.7776,-0.1264755480607,INTC
2005-10-20,6.6476,6.8376,6.5076,6.6776,62460960,6.7476,-0.29548332629802,INTC
2005-10-21,6.8176,6.9076,6.1876,6.2076,62685780,6.6776,-1.9898391193904,INTC
2005-10-24,6.3176,6.3776,5.9576,6.1576,53365550,6.2076,-0.21598272138228,INTC
2005-10-25,5.9976,6.3577,5.8876,6.1676,54667880,6.1576,0.043290043290035,INTC
2005-10-26,6.1076,6.3576,6.0476,6.1276,51625650,6.1676,-0.1730852444829,INTC
2005-10-27,6.0876,6.2476,5.8876,5.8976,41769040,6.1276,-0.99696575639359,INTC
2005-10-28,6.0276,6.4276,5.8375,6.3876,55371520,5.8976,2.1453590192644,INTC
2005-10-31,6.4876,6.7476,6.4776,6.5576,58753690,6.3876,0.72867552507502,INTC
2005-11-01,6.2576,6.3276,5.5876,5.7076,85007890,6.5576,-3.6170212765958,INTC
2005-11-02,5.8176,6.4576,5.7576,6.4276,63827600,5.7076,3.1788079470199,INTC
2005-11-03,6.6776,7.1176,6.6676,7.0276,63945020,6.4276,2.2250748823278,INTC
2005-11-04,7.1376,7.1476,6.7976,7.1276,37057540,7.0276,0.41858518208455,INTC
2005-11-07,7.1976,7.6876,7.0876,7.6376,49929560,7.1276,2.1258857857441,INTC
2005-11-08,7.5176,7.7976,7.3476,7.6876,39955330,7.6376,0.20408163265306,INTC
2005-11-09,7.6376,7.9976,7.5976,7.9376,38264780,7.6876,1.0183299389002,INTC
2005-11-10,8.3376,8.4577,8.0576,8.3776,82194200,7.9376,1.7741935483871,INTC
2005-11-11,8.5376,8.5876,8.1976,8.2676,40301040,8.3776,-0.43581616481775,INTC
2005-11-14,8.3376,8.5476,8.3076,8.5076,30851230,8.2676,0.95503382411461,INTC
2005-11-15,8.3076,8.4977,8.1776,8.2176,37514750,8.5076,-1.1430823807647,INTC
2005-11-16,8.2376,8.2876,7.7476,8.0076,49397650,8.2176,-0.83732057416267,INTC
2005-11-17,8.2776,8.3877,8.0476,8.2476,39385620,8.0076,0.96501809408926,INTC
2005-11-18,8.4576,8.5476,7.6376,8.4376,38910830,8.2476,0.75667064914377,INTC
2005-11-21,8.4776,8.6377,8.2076,8.3876,34521690,8.4376,-0.19762845849803,INTC
2005-11-22,8.2176,9.3976,8.1976,9.2976,86033370,8.3876,3.6039603960396,INTC
2005-11-23,9.2776,10.0576,9.2176,9.7776,80669790,9.2976,1.8348623853211,INTC
2005-11-25,9.7176,10.2876,9.6776,9.9476,45653750,9.7776,0.63813813813813,INTC
2005-11-28,10.0976,10.2386,9.8776,9.9976,78702530,9.9476,0.18649757553152,INTC
2005-11-29,10.0876,10.2676,9.8576,9.9176,56352340,9.9976,-0.29784065524944,INTC
2005-11-30,9.8576,9.9977,9.7576,9.8176,49548680,9.9176,-0.37341299477222,INTC
2005-12-01,10.0776,10.4276,9.9276,10.3176,49839990,9.8176,1.8740629685157,INTC
2005-12-02,10.2676,10.6277,10.2476,10.5676,51710950,10.3176,0.91979396615158,INTC
2005-12-05,10.4176,10.4176,9.9276,10.0376,47751930,10.5676,-1.9321910317171,INTC
2005-12-06,10.1776,10.2676,9.7576,9.8076,50776870,10.0376,-0.85501858736058,INTC
2005-12-07,9.7976,9.8276,9.1676,9.2876,65288330,9.8076,-1.949756280465,INTC
2005-12-08,9.4276,9.4576,8.4776,8.8376,104145300,9.2876,-1.7208413001912,INTC
2005-12-09,8.4376,9.2576,8.3076,9.2176,80046410,8.8376,1.4785992217899,INTC
2005-12-12,9.3376,9.9576,9.2576,9.7576,75533470,9.2176,2.0705521472393,INTC
2005-12-13,9.4976,10.0276,9.4476,9.8576,46363720,9.7576,0.37565740045078,INTC
2005-12-14,9.8076,9.9877,9.6276,9.7676,107658500,9.8576,-0.33682634730539,INTC
2005-12-15,9.7276,10.0377,9.6576,9.7176,69629180,9.7676,-0.18775816748029,INTC
2005-12-16,9.7176,9.8176,9.5176,9.5176,71383850,9.7176,-0.75244544770504,INTC
2005-12-19,9.5676,9.5876,8.9176,8.9176,45259600,9.5176,-2.2744503411675,INTC
2005-12-20,8.9276,9.2376,8.8076,8.9476,45877680,8.9176,0.11636927851046,INTC
2005-12-21,8.9776,9.3276,8.7376,9.0176,34249050,8.9476,0.27121270825262,INTC
2005-12-22,9.0576,9.2176,8.9276,9.1076,26452120,9.0176,0.34775888717156,INTC
2005-12-23,9.1576,9.2876,9.0176,9.1076,16614630,9.1076,0.0,INTC
2005-12-27,9.1776,9.2377,8.5676,8.5976,28965400,9.1076,-1.9638043896804,INTC
2005-12-28,8.7076,8.7776,8.4976,8.5776,26511010,8.5976,-0.078554595443832,INTC
2005-12-29,8.5576,8.6876,8.1476,8.2076,26745720,8.5776,-1.4544025157233,INTC
2005-12-30,8.1376,8.2876,8.0076,8.0976,31684800,8.2076,-0.43877143996809,INTC
2006-01-03,8.3276,8.7776,8.0376,8.7076,56399370,8.0976,2.4439102564103,INTC
2006-01-04,8.7276,9.0776,8.7276,9.0475,46172010,8.7076,1.3292921392257,INTC
2006-01-05,9.0576,9.6076,9.0476,9.4076,54844250,9.0475,1.3898162478435,INTC
2006-01-06,9.6176,9.7676,9.3476,9.4476,45701400,9.4076,0.15226494099733,INTC
2006-01-09,9.5476,9.6476,9.2276,9.6076,39447880,9.4476,0.60813378943368,INTC
2006-01-10,9.4176,9.5476,9.0576,9.2575,47029440,9.6076,-1.3226293917643,INTC
2006-01-11,9.2676,9.4676,9.0376,9.2776,52775860,9.2575,0.076952821412024,INTC
2006-01-12,9.2176,9.6576,9.0076,9.1076,53665600,9.2776,-0.6503442999235,INTC
2006-01-13,9.0976,9.3176,8.6777,8.9276,46308180,9.1076,-0.6931074316519,INTC
2006-01-17,8.7376,8.8876,8.4576,8.6576,86804410,8.9276,-1.0469174098488,INTC
2006-01-18,6.0076,6.1976,5.4976,5.7366,282104800,8.6576,-11.44592476489,INTC
2006-01-19,5.9076,6.0076,5.5275,5.5376,196285500,5.7366,-0.88056993672287,INTC
2006-01-20,5.5576,5.6076,4.8866,4.8975,155226600,5.5376,-2.8575892857143,INTC
2006-01-23,5.0576,5.0676,4.2376,4.4876,155062100,4.8975,-1.8837402745417,INTC
2006-01-24,4.6676,4.7276,4.3776,4.4176,105587400,4.4876,-0.32786885245902,INTC
2006-01-25,4.5276,4.5576,4.2366,4.3476,110290800,4.4176,-0.32894736842105,INTC
2006-01-26,4.5076,4.8876,4.4076,4.6276,101924700,4.3476,1.3201320132013,INTC
2006-01-27,4.9376,5.0376,4.6876,4.8076,75187290,4.6276,0.8375988832015,INTC
2006-01-30,4.9776,5.0677,4.7276,4.7876,59835660,4.8076,-0.092293493308736,INTC
2006-01-31,4.7976,4.8476,4.3875,4.3926,78018310,4.7876,-1.824480369515,INTC
2006-02-01,4.3876,4.7276,4.3675,4.6876,71651120,4.3926,1.3879087273583,INTC
2006-02-02,4.6876,4.8176,4.3175,4.3377,87455180,4.6876,-1.6236658932715,INTC
2006-02-03,4.3576,4.4076,3.9676,3.9776,101379300,4.3377,-2.1702727817322,INTC
2006-02-06,4.0676,4.0876,3.7376,3.8476,66851630,3.9776,-0.62680810028929,INTC
2006-02-07,3.8176,4.1776,3.7576,3.9076,95279080,3.8476,0.29112081513829,INTC
2006-02-08,3.9976,4.0777,3.7776,3.9076,77593160,3.9076,0.0,INTC
2006-02-09,4.0176,4.4876,3.9576,4.2376,81762040,3.9076,1.5965166908563,INTC
2006-02-10,4.2576,4.5776,4.0476,4.5276,83016870,4.2376,1.3809523809524,INTC
2006-02-13,4.3976,4.6776,4.3076,4.3676,65889530,4.5276,-0.75152653828088,INTC
2006-02-14,4.4076,4.7077,4.3715,4.6076,60121030,4.3676,1.1358258400379,INTC
2006-02-15,4.5776,4.7076,4.4476,4.5876,66262300,4.6076,-0.093589143659334,INTC
2006-02-16,4.5876,4.6876,4.4176,4.5876,70604380,4.5876,0.0,INTC
2006-02-17,4.2476,4.2776,3.7976,3.8476,116596400,4.5876,-3.4660421545668,INTC
2006-02-21,3.8776,3.9826,3.7366,3.8576,67212620,3.8476,0.048520135856388,INTC
2006-02-22,3.6176,3.6876,3.1376,3.3856,138555000,3.8576,-2.2890397672163,INTC
2006-02-23,3.4176,3.7276,3.1176,3.5276,84970840,3.3856,0.70478459400436,INTC
2006-02-24,3.4276,3.7676,3.3676,3.5976,73146560,3.5276,0.34499753573189,INTC
2006-02-27,3.7376,4.0276,3.6676,3.7576,87190140,3.5976,0.78585461689587,INTC
2006-02-28,3.7976,4.2476,3.7376,3.8376,93026030,3.7576,0.38986354775829,INTC
2006-03-01,3.9676,4.2376,3.9076,4.0376,80704020,3.8376,0.97087378640776,INTC
2006-03-02,3.9176,4.0776,3.6176,3.7276,86224680,4.0376,-1.4903846153846,INTC
2006-03-03,3.1876,3.7177,3.0976,3.5576,202800000,3.7276,-0.82967301122498,INTC
2006-03-06,3.6676,3.7976,3.4675,3.5376,81723140,3.5576,-0.098425196850392,INTC
2006-03-07,3.3876,3.4376,3.0676,3.2976,90690740,3.5376,-1.1822660098522,INTC
2006-03-08,3.2626,3.4276,3.0576,3.2476,82782030,3.2976,-0.24925224327018,INTC
2006-03-09,3.2826,3.3976,2.9676,2.9876,69701360,3.2476,-1.2993503248376,INTC
2006-03-10,3.0676,3.2577,3.0176,3.0876,61500170,2.9876,0.50632911392406,INTC
2006-03-13,3.1876,3.7376,2.9276,2.9676,80518800,3.0876,-0.60453400503779,INTC
2006-03-14,2.9676,3.1376,2.8776,2.9976,69312850,2.9676,0.1520527116067,INTC
2006-03-15,3.0276,3.2076,2.9676,3.1576,69788590,2.9976,0.80971659919028,INTC
2006-03-16,3.2876,3.3176,2.8776,2.8876,65952410,3.1576,-1.355421686747,INTC
2006-03-17,2.9976,3.0076,2.6366,2.7776,110813800,2.8876,-0.55979643765903,INTC
2006-03-20,2.6876,3.1876,2.6876,2.8576,58646980,2.7776,0.40941658137156,INTC
2006-03-21,3.0276,3.5576,2.8376,3.0176,122537300,2.8576,0.81549439347605,INTC
2006-03-22,2.8926,3.2776,2.8376,3.2176,84909740,3.0176,1.0111223458038,INTC
2006-03-23,3.2176,3.3976,2.9275,2.9376,84308360,3.2176,-1.4014014014014,INTC
2006-03-24,2.9876,3.0576,2.5476,2.8376,60422850,2.9376,-0.50761421319796,INTC
2006-03-27,2.8576,3.1586,2.8576,2.9876,59948770,2.8376,0.76530612244897,INTC
2006-03-28,2.9826,3.0976,2.7976,2.8176,72630370,2.9876,-0.86075949367089,INTC
2006-03-29,2.8476,3.1976,2.7476,3.0576,78975930,2.8176,1.2257405515833,INTC
2006-03-30,3.1376,3.2676,2.8876,2.9376,70603950,3.0576,-0.60544904137236,INTC
2006-03-31,3.0126,3.1176,2.5876,2.6976,86880270,2.9376,-1.2182741116751,INTC
2006-04-03,2.9226,2.9376,2.5776,2.5876,73325230,2.6976,-0.56526207605344,INTC
2006-04-04,2.6276,2.7377,2.4876,2.5376,67088220,2.5876,-0.25839793281654,INTC
2006-04-05,2.5776,2.7676,2.5176,2.7176,73016370,2.5376,0.93264248704663,INTC
2006-04-06,2.7276,2.8376,2.5676,2.6176,51696250,2.7176,-0.51334702258728,INTC
2006-04-07,2.6976,2.7976,2.4776,2.4776,54515840,2.6176,-0.72239422084624,INTC
2006-04-10,2.5376,2.7076,2.4876,2.5976,51981050,2.4776,0.62370062370063,INTC
2006-04-11,2.6626,2.6976,2.3576,2.3976,60104950,2.5976,-1.0330578512397,INTC
2006-04-12,2.3726,2.5076,2.3376,2.3576,44024370,2.3976,-0.20876826722338,INTC
2006-04-13,2.4276,2.8276,2.4076,2.6876,77374310,2.3576,1.7259414225941,INTC
2006-04-17,2.6526,3.2376,2.2276,2.4276,76268050,2.6876,-1.3367609254499,INTC
2006-04-18,2.4926,2.7177,1.8376,2.6276,77086750,2.4276,1.0422094841063,INTC
2006-04-19,2.5576,2.8376,2.4376,2.7976,103374100,2.6276,0.87674058793191,INTC
2006-04-20,3.0226,3.1776,2.6376,2.6876,127026200,2.7976,-0.56237218813906,INTC
2006-04-21,2.7526,3.2376,2.2576,2.2976,92177090,2.6876,-2.0051413881748,INTC
2006-04-24,2.1676,2.4876,2.1376,2.1476,67580380,2.2976,-0.78698845750262,INTC
2006-04-25,2.1776,2.4376,1.9876,2.3876,90228660,2.1476,1.2691697514542,INTC
2006-04-26,2.3876,2.8176,2.3576,2.7276,85340800,2.3876,1.7754569190601,INTC
2006-04-27,2.6176,3.4376,2.4376,3.3176,134443900,2.7276,3.0271934325295,INTC
2006-04-28,3.2326,3.5076,3.1476,3.2176,89751900,3.3176,-0.49800796812748,INTC
2006-05-01,3.1376,3.3976,2.6976,2.7276,75857560,3.2176,-2.4524524524525,INTC
2006-05-02,2.8826,2.9596,2.7476,2.8276,52798320,2.7276,0.51308363263213,INTC
2006-05-03,2.8626,3.2076,2.4576,2.4976,67176260,2.8276,-2.1949974476774,INTC
2006-05-04,2.6176,2.7876,2.5476,2.6776,42439780,2.4976,0.93945720250522,INTC
2006-05-05,2.7626,2.9877,2.7076,2.8476,50839220,2.6776,0.87900723888315,INTC
2006-05-08,2.9776,3.5576,2.9776,3.4476,102749300,2.8476,3.0753459764223,INTC
2006-05-09,3.2826,4.3376,3.1276,3.2376,66282440,3.4476,-1.0442565887618,INTC
2006-05-10,3.1876,3.3176,2.8376,2.9176,60507490,3.2376,-1.608040201005,INTC
2006-05-11,2.9176,2.9376,2.5476,2.6976,56829160,2.9176,-1.123595505618,INTC
2006-05-12,2.6176,2.8576,2.3676,2.3776,66528050,2.6976,-1.6528925619835,INTC
2006-05-15,2.3976,2.6877,2.3376,2.6576,62449590,2.3776,1.4705882352941,INTC
2006-05-16,2.5976,2.6876,2.2676,2.3976,67068610,2.6576,-1.3457556935818,INTC
2006-05-17,2.2976,2.3576,1.9876,1.9976,83383610,2.3976,-2.0986358866737,INTC
2006-05-18,2.0676,2.2276,1.8276,1.9876,75297250,1.9976,-0.05359056806003,INTC
2006-05-19,1.3376,1.8176,1.2776,1.6976,189158300,1.9876,-1.5549597855228,INTC
2006-05-22,1.4676,1.7876,1.3076,1.3476,84164950,1.6976,-1.9063180827887,INTC
2006-05-23,1.4576,1.6076,1.2276,1.2876,89343420,1.3476,-0.33314825097169,INTC
2006-05-24,1.3476,1.3977,1.0976,1.2276,108891100,1.2876,-0.3342618384401,INTC
2006-05-25,1.3076,1.3976,1.0775,1.3876,68212490,1.2276,0.89435438792622,INTC
2006-05-26,1.4776,1.6476,1.3476,1.5576,60783890,1.3876,0.94182825484764,INTC
2006-05-30,1.5476,1.5576,1.1063,1.1476,65548380,1.5576,-2.2502744237102,INTC
2006-05-31,1.2276,1.5276,1.1076,1.3576,76005950,1.1476,1.179112857945,INTC
2006-06-01,1.3726,1.4876,1.1276,1.3776,76995680,1.3576,0.11098779134295,INTC
2006-06-02,1.4076,1.6476,1.2975,1.5676,71249270,1.3776,1.0532150776053,INTC
2006-06-05,1.6026,1.6876,1.2276,1.3176,63913140,1.5676,-1.3713658804169,INTC
2006-06-06,1.3876,1.3976,1.0076,1.1276,82266060,1.3176,-1.0567296996663,INTC
2006-06-07,1.1176,1.1276,0.66759999999998,0.72759999999998,108996100,1.1276,-2.2484541877459,INTC
2006-06-08,0.57759999999998,0.69759999999998,0.38759999999998,0.44759999999998,114356700,0.72759999999998,-1.6101207590569,INTC
2006-06-09,0.44759999999998,0.59759999999998,0.43259999999998,0.49759999999998,83418340,0.44759999999998,0.29222676797195,INTC
2006-06-12,0.59259999999998,0.68759999999998,0.087599999999984,0.19759999999998,64650310,0.49759999999998,-1.7482517482518,INTC
2006-06-13,0.12759999999998,0.62759999999998,0.087599999999984,0.45759999999998,115851700,0.19759999999998,1.5421115065243,INTC
2006-06-14,0.83759999999998,1.1876,0.82759999999998,1.0676,117587500,0.45759999999998,3.5630841121495,INTC
2006-06-15,1.1376,1.5076,1.1076,1.4576,71506070,1.0676,2.1996615905245,INTC
2006-06-16,1.3926,1.8076,1.3776,1.6376,83515430,1.4576,0.99337748344371,INTC
2006-06-19,1.8476,1.9776,1.5376,1.5776,60502810,1.6376,-0.32786885245903,INTC
2006-06-20,1.6176,1.7476,1.4076,1.4876,50679090,1.5776,-0.49342105263158,INTC
2006-06-21,1.5576,1.9376,1.5376,1.7376,53899320,1.4876,1.3774104683196,INTC
2006-06-22,1.7826,1.8776,1.4876,1.5876,45423430,1.7376,-0.81521739130434,INTC
2006-06-23,1.5876,1.6276,1.3376,1.3376,48889940,1.5876,-1.3698630136986,INTC
2006-06-26,1.4876,1.6686,1.4576,1.6176,36162810,1.3376,1.5555555555556,INTC
2006-06-27,1.9876,2.0376,1.3876,1.3876,60954980,1.6176,-1.2582056892779,INTC
2006-06-28,1.4376,2.0476,1.4076,1.9976,65675060,1.3876,3.3795013850415,INTC
2006-06-29,2.0976,2.6976,2.0076,2.6575,76636500,1.9976,3.5364415862808,INTC
2006-06-30,2.6176,2.6576,2.2776,2.3376,52134810,2.6575,-1.655805671872,INTC
2006-07-03,2.6076,2.7276,2.4776,2.6976,25048160,2.3376,1.8947368421053,INTC
2006-07-05,2.5376,2.5976,2.0776,2.0876,51617550,2.6976,-3.150826446281,INTC
2006-07-06,2.1476,2.2776,2.0876,2.1876,35005490,2.0876,0.53333333333334,INTC
2006-07-07,2.0476,2.2877,1.8376,1.8976,57540190,2.1876,-1.5384615384616,INTC
2006-07-10,1.9776,2.0576,1.4476,1.5176,43053950,1.8976,-2.0474137931034,INTC
2006-07-11,1.3976,2.0076,1.3376,2.0076,76610760,1.5176,2.6952695269527,INTC
2006-07-12,1.9076,1.9176,1.2033,1.2176,76702370,2.0076,-4.2313872522764,INTC
2006-07-13,1.1476,1.4176,1.0276,1.0576,78515960,1.2176,-0.89485458612975,INTC
2006-07-14,1.0576,1.4376,1.0176,1.2176,65413350,1.0576,0.90293453724605,INTC
2006-07-17,1.1776,1.4577,1.0076,1.1776,63855410,1.2176,-0.22371364653243,INTC
2006-07-18,1.2826,1.6076,0.96759999999998,1.5476,69019180,1.1776,2.0739910313901,INTC
2006-07-19,1.6026,1.9776,1.3876,1.8276,84627750,1.5476,1.5376166941241,INTC
2006-07-20,1.3076,1.3376,0.40759999999998,0.44159999999998,135605200,1.8276,-7.4959437533802,INTC
2006-07-21,0.33759999999998,0.73759999999998,0.17759999999998,0.48759999999998,82575990,0.44159999999998,0.2689429373246,INTC
2006-07-24,0.51759999999998,0.99759999999998,0.48759999999998,0.81759999999998,54783260,0.48759999999998,1.9241982507289,INTC
2006-07-25,0.81759999999998,1.1076,0.64759999999998,0.87759999999998,47359280,0.81759999999998,0.34324942791761,INTC
2006-07-26,0.92759999999998,1.0776,0.58759999999998,0.83759999999998,58187900,0.87759999999998,-0.22805017103762,INTC
2006-07-27,1.0776,1.2176,0.75759999999998,0.80759999999998,54382770,0.83759999999998,-0.17142857142858,INTC
2006-07-28,0.93759999999998,1.5976,0.91759999999998,1.5176,67297770,0.80759999999998,4.0641099026903,INTC
2006-07-31,1.4176,1.4976,1.3176,1.3376,42799150,1.5176,-0.99009900990099,INTC
2006-08-01,1.2276,1.2276,0.83759999999998,0.99759999999998,39573290,1.3376,-1.8888888888889,INTC
2006-08-02,0.99759999999998,1.1276,0.89759999999998,0.92759999999998,41662590,0.99759999999998,-0.39637599093998,INTC
2006-08-03,0.92759999999998,0.93759999999998,0.65759999999998,0.76759999999998,58429940,0.92759999999998,-1.4781125639568,INTC
2006-08-04,1.0376,1.1076,0.69759999999998,0.92759999999998,52987240,0.76759999999998,0.92325447201385,INTC
2006-08-07,0.81759999999998,0.92759999999998,0.69759999999998,0.75759999999998,32852700,0.92759999999998,-0.9719839908519,INTC
2006-08-08,0.88759999999998,1.0876,0.72759999999998,0.79759999999998,45367790,0.75759999999998,0.23094688221709,INTC
2006-08-09,1.0476,1.2676,0.77759999999998,0.83759999999998,56847420,0.79759999999998,0.23041474654377,INTC
2006-08-10,0.80759999999998,1.2576,0.73749999999998,1.1876,56524160,0.83759999999998,2.0114942528736,INTC
2006-08-11,1.0976,1.2276,0.79759999999998,0.84759999999998,41420060,1.1876,-1.9154929577465,INTC
2006-08-14,0.97759999999998,1.4776,0.96759999999998,1.3076,61388410,0.84759999999998,2.6421596783458,INTC
2006-08-15,1.3776,1.6176,1.3775,1.5676,49972300,1.3076,1.4549524342473,INTC
2006-08-16,1.7076,2.1276,1.5676,2.0476,68399310,1.5676,2.6475455046884,INTC
2006-08-17,2.1176,2.1377,1.7776,1.9976,63881170,2.0476,-0.26867275658249,INTC
2006-08-18,1.8376,1.9676,1.7676,1.8376,61895610,1.9976,-0.86206896551724,INTC
2006-08-21,1.7226,1.7876,1.5176,1.6876,55181890,1.8376,-0.81521739130434,INTC
2006-08-22,1.6076,1.8476,1.5126,1.7776,67376170,1.6876,0.49315068493151,INTC
2006-08-23,1.9176,1.9976,1.6775,1.8176,58381300,1.7776,0.21810250817884,INTC
2006-08-24,1.8176,2.0113,1.7476,1.9976,48170690,1.8176,0.97932535364527,INTC
2006-08-25,1.8876,2.4376,1.8676,2.3376,67054260,1.9976,1.8318965517241,INTC
2006-08-28,2.4976,2.8876,2.4576,2.8176,68403030,2.3376,2.5396825396825,INTC
2006-08-29,2.8976,3.1376,2.6476,3.1176,74622090,2.8176,1.5479876160991,INTC
2006-08-30,3.0926,3.4376,2.9976,3.2776,70853310,3.1176,0.8130081300813,INTC
2006-08-31,3.2576,3.2776,2.9676,3.0076,46126830,3.2776,-1.3608870967742,INTC
2006-09-01,3.3326,3.3876,2.9849,3.3176,68288710,3.0076,1.5840572304548,INTC
2006-09-05,3.3876,3.4576,3.0775,3.4276,80168240,3.3176,0.5533199195171,INTC
2006-09-06,3.0676,3.2576,2.7076,2.7476,76623530,3.4276,-3.4017008504252,INTC
2006-09-07,2.6676,2.9376,2.4976,2.6576,76343240,2.7476,-0.46607975142413,INTC
2006-09-08,2.6976,2.9777,2.6376,2.8876,49934640,2.6576,1.1966701352758,INTC
2006-09-11,2.6926,2.9976,2.5576,2.8376,57206170,2.8876,-0.25706940874036,INTC
2006-09-12,2.8126,3.3076,2.7576,3.1876,58582050,2.8376,1.8041237113402,INTC
2006-09-13,3.2126,3.4276,3.0376,3.2676,63944330,3.1876,0.40506329113923,INTC
2006-09-14,3.1926,3.2576,2.9376,3.2176,53450820,3.2676,-0.25214321734744,INTC
2006-09-15,3.3576,3.3976,2.9276,2.9476,71406140,3.2176,-1.3650151668352,INTC
2006-09-18,2.8976,3.1876,2.8776,3.0876,54073070,2.9476,0.71758072783187,INTC
2006-09-19,3.0876,3.1376,2.6776,2.8576,61995430,3.0876,-1.1704834605598,INTC
2006-09-20,2.9476,3.1276,2.8776,2.9276,60819780,2.8576,0.36045314109164,INTC
2006-09-21,2.8876,3.0976,2.5776,2.6276,59108590,2.9276,-1.5392508978963,INTC
2006-09-22,2.6176,2.7976,2.4676,2.5076,48765590,2.6276,-0.62532569046379,INTC
2006-09-25,2.6076,2.9477,2.4675,2.8476,55959740,2.5076,1.7829050865233,INTC
2006-09-26,2.8276,3.4176,2.7576,3.3976,95986020,2.8476,2.833590932509,INTC
2006-09-27,3.4976,4.1876,3.4876,3.8276,131816900,3.3976,2.1543086172345,INTC
2006-09-28,3.8976,4.2677,3.8876,4.2076,98031750,3.8276,1.863658656204,INTC
2006-09-29,4.3476,4.3876,3.9576,4.0076,73308460,4.2076,-0.96292729898892,INTC
2006-10-02,3.9976,4.1876,3.8376,3.8776,51732940,4.0076,-0.63198833252309,INTC
2006-10-03,3.8376,4.2276,3.6076,4.0076,80565440,3.8776,0.63600782778864,INTC
2006-10-04,3.9376,4.3176,3.9276,4.2576,78880640,4.0076,1.215362177929,INTC
2006-10-05,4.2376,4.4176,4.0976,4.2176,53662260,4.2576,-0.19212295869356,INTC
2006-10-06,4.0476,4.1377,3.8475,4.0676,63553360,4.2176,-0.72184793070261,INTC
2006-10-09,3.9576,4.2276,3.8976,4.0576,46476140,4.0676,-0.048473097430916,INTC
2006-10-10,3.9676,4.4576,3.8576,4.3276,73960150,4.0576,1.3094083414161,INTC
2006-10-11,4.1976,4.7176,4.1776,4.3276,106872100,4.3276,0.0,INTC
2006-10-12,4.5476,4.9876,4.3876,4.9276,81887290,4.3276,2.8721876495931,INTC
2006-10-13,4.8376,5.2876,4.8176,5.0376,78933630,4.9276,0.5118659841787,INTC
2006-10-16,5.3676,5.4676,4.9975,5.0476,93621270,5.0376,0.046296296296287,INTC
2006-10-17,4.6276,4.6676,4.2676,4.3376,117049000,5.0476,-3.2855159648311,INTC
2006-10-18,5.0226,5.0676,4.4676,4.5476,114725300,4.3376,1.0047846889952,INTC
2006-10-19,4.4376,4.6276,4.0676,4.4676,73668820,4.5476,-0.37896731406915,INTC
2006-10-20,4.6276,4.8876,4.4876,4.7676,61146250,4.4676,1.4265335235378,INTC
2006-10-23,4.7176,5.0376,4.5576,4.8876,53072870,4.7676,0.56258790436006,INTC
2006-10-24,4.8976,5.2776,4.8876,5.0576,62834020,4.8876,0.7925407925408,INTC
2006-10-25,5.0326,5.2776,4.9676,5.1576,53160550,5.0576,0.46253469010175,INTC
2006-10-26,5.1876,5.2676,5.0476,5.2076,44018940,5.1576,0.23020257826888,INTC
2006-10-27,5.1176,5.2076,4.3375,4.5376,99878670,5.2076,-3.0776297657327,INTC
2006-10-30,4.4576,4.7676,4.3976,4.6976,40934150,4.5376,0.75829383886256,INTC
2006-10-31,4.7526,4.8676,4.6276,4.7776,55460470,4.6976,0.37629350893696,INTC
2006-11-01,4.8076,4.8576,4.3976,4.4576,57883200,4.7776,-1.4995313964386,INTC
2006-11-02,4.0876,4.3576,4.0076,4.1176,68204310,4.4576,-1.6175071360609,INTC
2006-11-03,4.1976,4.2276,3.8876,4.0476,47920000,4.1176,-0.82205029013539,INTC
2006-11-06,3.9576,4.4476,3.8576,4.3551,47828440,4.0476,1.4992686494393,INTC
2006-11-07,4.3176,4.7076,4.2676,4.3376,48474870,4.3551,-0.084063888555294,INTC
2006-11-08,4.2626,4.4376,4.0376,4.2476,52936030,4.3376,-0.43269230769231,INTC
2006-11-09,4.3576,4.5076,3.9176,3.9576,52796140,4.2476,-1.4002897151135,INTC
2006-11-10,4.0176,4.1776,3.9576,4.1176,31844160,3.9576,0.7835455435847,INTC
2006-11-13,4.1476,4.6076,4.1176,4.5376,45827220,4.1176,2.0408163265306,INTC
2006-11-14,4.7126,5.4676,4.6476,5.4176,74367770,4.5376,4.1904761904762,INTC
2006-11-15,5.4576,5.9076,5.2976,5.8606,104268500,5.4176,2.0246800731261,INTC
2006-11-16,5.8676,5.9476,5.5976,5.8676,65550400,5.8606,0.031357792411405,INTC
2006-11-17,5.7276,6.0376,5.3776,5.6376,56660910,5.8676,-1.0300044782803,INTC
2006-11-20,5.4076,5.8876,5.0376,5.8076,65789000,5.6376,0.76923076923076,INTC
2006-11-21,5.7126,5.8076,4.9176,5.1076,87512560,5.8076,-3.1432420296363,INTC
2006-11-22,5.3476,5.3776,5.0776,5.2676,41636540,5.1076,0.74177097821048,INTC
2006-11-24,4.9976,5.2876,4.9576,5.1276,23098210,5.2676,-0.64427059364934,INTC
2006-11-27,5.0076,5.0276,4.4876,4.5576,52606330,5.1276,-2.6401111625753,INTC
2006-11-28,4.4476,4.6676,4.2976,4.5176,53888470,4.5576,-0.19029495718363,INTC
2006-11-29,4.7476,4.9876,4.6376,4.7776,55208320,4.5176,1.2392755004766,INTC
2006-11-30,4.7776,5.0276,4.6075,4.9326,47436310,4.7776,0.72975517890773,INTC
2006-12-01,4.8576,4.9376,4.1376,4.4676,65097570,4.9326,-2.1734050011685,INTC
2006-12-04,4.6276,4.9876,4.3476,4.7576,62659240,4.4676,1.3855709507883,INTC
2006-12-05,4.7426,4.9376,4.6476,4.6576,33732980,4.7576,-0.4712535344015,INTC
2006-12-06,4.6826,4.7476,4.3676,4.4376,46890950,4.6576,-1.0416666666667,INTC
2006-12-07,4.5476,4.7876,4.1776,4.1876,55809560,4.4376,-1.1961722488038,INTC
2006-12-08,4.1976,4.3876,4.0776,4.2176,41710410,4.1876,0.1452784503632,INTC
2006-12-11,4.1776,4.4576,4.1326,4.2376,37693240,4.2176,0.096711798839456,INTC
2006-12-12,4.2176,4.3776,4.0076,4.2676,46223350,4.2376,0.14492753623189,INTC
2006-12-13,4.4176,4.4276,4.1976,4.2376,47740570,4.2676,-0.14471780028944,INTC
2006-12-14,4.2676,4.6776,3.9476,4.3076,49469390,4.2376,0.33816425120773,INTC
2006-12-15,4.5226,4.7376,4.3976,4.4976,81260790,4.3076,0.91478093403949,INTC
2006-12-18,4.5876,4.8377,4.1976,4.3776,48963820,4.4976,-0.57251908396947,INTC
2006-12-19,4.2026,4.2576,3.9976,4.1976,47122260,4.3776,-0.8637236084453,INTC
2006-12-20,4.2426,4.4776,4.1076,4.1376,31048750,4.1976,-0.29041626331074,INTC
2006-12-21,4.1376,4.2076,3.7476,3.9076,48909460,4.1376,-1.1165048543689,INTC
2006-12-22,3.8976,3.9676,3.6141,3.6176,35329880,3.9076,-1.4236622484045,INTC
2006-12-26,3.5676,3.8276,3.5676,3.6876,30534910,3.6176,0.34860557768924,INTC
2006-12-27,3.8176,4.0376,3.7576,3.9376,31867980,3.6876,1.2406947890819,INTC
2006-12-28,3.9376,4.0176,3.8676,3.9576,29663400,3.9376,0.09803921568629,INTC
2006-12-29,3.8776,4.0676,3.7676,3.7876,9999999,3.9576,-0.83251714005877,INTC
2007-01-03,3.9926,4.4176,3.6776,3.8876,68983290,3.7876,0.49382716049383,INTC
2007-01-04,4.1676,4.8676,4.0976,4.7076,88703140,3.8876,4.029484029484,INTC
2007-01-05,4.6176,4.6876,4.2976,4.6376,64432550,4.7076,-0.33065658951346,INTC
2007-01-08,4.7876,4.8776,4.4876,4.5476,52782880,4.6376,-0.42654028436019,INTC
2007-01-09,4.7176,4.7476,4.3976,4.5676,54354540,4.5476,0.095192765349831,INTC
2007-01-10,4.6276,5.1576,4.5676,5.0576,76329860,4.5676,2.3300047551117,INTC
2007-01-11,5.1526,5.5876,4.5676,5.4576,99211350,5.0576,1.8587360594796,INTC
2007-01-12,5.3276,5.6876,5.1575,5.6676,90697110,5.4576,0.95802919708028,INTC
2007-01-16,5.6426,5.8376,5.3176,5.8376,131310500,5.6676,0.7681879801175,INTC
2007-01-17,4.7876,5.0376,4.3176,4.5776,192445500,5.8376,-5.6502242152466,INTC
2007-01-18,4.4226,4.4376,4.0376,4.1876,101257100,4.5776,-1.8536121673004,INTC
2007-01-19,4.1726,4.4077,4.1376,4.3576,64444440,4.1876,0.82324455205812,INTC
2007-01-22,4.4726,4.5576,4.1876,4.3276,76920000,4.3576,-0.14409221902018,INTC
2007-01-23,4.3826,4.4176,3.9976,4.0876,66782270,4.3276,-1.1544011544011,INTC
2007-01-24,4.1376,4.4167,4.1076,4.3776,55931780,4.0876,1.4111922141119,INTC
2007-01-25,4.3726,4.5776,4.1376,4.1376,57195050,4.3776,-1.1516314779271,INTC
2007-01-26,4.2276,4.4376,4.0476,4.0676,62115860,4.1376,-0.33980582524272,INTC
2007-01-29,4.3376,4.6776,4.2376,4.4276,99673710,4.0676,1.7535314174379,INTC
2007-01-30,4.6476,4.6676,4.3576,4.4676,61667950,4.4276,0.19147917663954,INTC
2007-01-31,4.4976,4.5576,4.2276,4.4976,47822860,4.4676,0.14333492594363,INTC
2007-02-01,4.5176,4.6776,4.4076,4.6476,50355540,4.4976,0.71564885496183,INTC
2007-02-02,4.6776,4.7876,4.5676,4.7676,55291070,4.6476,0.56845097110375,INTC
2007-02-05,4.8701,5.0602,4.82,4.9301,63234840,4.7676,0.23551577955723,INTC
2007-02-06,5.0201,5.1401,4.7301,4.9601,55889630,4.9301,0.14097744360901,INTC
2007-02-07,5.0301,5.3201,4.8901,5.1601,57644570,4.9601,0.93852651337402,INTC
2007-02-08,4.9551,5.0701,4.8301,5.0101,40220310,5.1601,-0.69735006973502,INTC
2007-02-09,5.0701,5.1901,4.5701,4.6801,80398250,5.0101,-1.5449438202247,INTC
2007-02-12,4.5801,4.6301,4.4001,4.4501,47877070,4.6801,-1.093675701379,INTC
2007-02-13,4.5401,4.6001,4.3501,4.5201,55315120,4.4501,0.33653846153846,INTC
2007-02-14,4.6201,4.9501,4.5901,4.7901,56567770,4.5201,1.2937230474365,INTC
2007-02-15,4.8401,5.0001,4.7801,4.9601,44392550,4.7901,0.80416272469252,INTC
2007-02-16,4.9151,5.0501,4.8001,4.8801,47504800,4.9601,-0.37541060534959,INTC
2007-02-20,4.7151,4.9701,4.5501,4.8301,47931240,4.8801,-0.23551577955723,INTC
2007-02-21,4.6201,4.6401,4.3801,4.5301,69350220,4.8301,-1.4164305949009,INTC
2007-02-22,4.6501,4.7201,4.4301,4.6201,52426460,4.5301,0.43103448275862,INTC
2007-02-23,4.4801,4.6501,4.4001,4.4101,75753770,4.6201,-1.0014306151645,INTC
2007-02-26,4.4601,4.6501,4.1701,4.5001,72251620,4.4101,0.43352601156069,INTC
2007-02-27,4.1401,4.2501,3.6601,3.6801,98992020,4.5001,-3.9328537170264,INTC
2007-02-28,3.7001,3.8501,3.4501,3.5101,101998200,3.6801,-0.84872690963556,INTC
2007-03-01,3.1701,3.4501,2.9901,3.2401,108276600,3.5101,-1.3595166163142,INTC
2007-03-02,3.1601,3.2501,2.8501,2.8701,95598530,3.2401,-1.888718734048,INTC
2007-03-05,2.6301,3.1101,2.5501,2.76,87697710,2.8701,-0.57284079084287,INTC
2007-03-06,2.9901,3.0501,2.8001,3.0501,66824710,2.76,1.5180613190022,INTC
2007-03-07,3.0101,3.1001,2.7301,2.7701,68304630,3.0501,-1.4432989690722,INTC
2007-03-08,2.9301,2.9701,2.8101,2.8801,46465090,2.7701,0.57531380753138,INTC
2007-03-09,3.0101,3.0701,2.7001,2.7501,50971240,2.8801,-0.67602704108164,INTC
2007-03-12,2.7601,3.2901,2.7401,3.1301,68213860,2.7501,1.9895287958115,INTC
2007-03-13,2.9401,3.1401,2.7701,2.7701,66205020,3.1301,-1.8480492813142,INTC
2007-03-14,2.8401,2.8901,2.61,2.8801,69880930,2.7701,0.57531380753138,INTC
2007-03-15,2.8601,2.9501,2.6601,2.7901,52018210,2.8801,-0.46801872074883,INTC
2007-03-16,2.8001,2.8701,2.7,2.8001,56459230,2.7901,0.052246603970732,INTC
2007-03-19,2.8501,2.9301,2.6001,2.7601,59138390,2.8001,-0.2088772845953,INTC
2007-03-20,2.6901,2.7801,2.5701,2.6401,62857980,2.7601,-0.62794348508635,INTC
2007-03-21,2.7001,3.0101,2.5601,2.9901,61536580,2.6401,1.843075302791,INTC
2007-03-22,2.8901,2.9601,2.7601,2.8101,50898370,2.9901,-0.93071354705274,INTC
2007-03-23,2.8401,3.0101,2.8101,2.9201,37565790,2.8101,0.5741127348643,INTC
2007-03-26,2.9101,2.9901,2.7,2.9401,39198940,2.9201,0.10378827192527,INTC
2007-03-27,2.9001,2.9201,2.6901,2.7101,50245470,2.9401,-1.1923276308968,INTC
2007-03-28,2.6301,2.7001,2.5101,2.5101,51247730,2.7101,-1.0493179433368,INTC
2007-03-29,2.6601,2.7501,2.4001,2.7401,70990160,2.5101,1.219512195122,INTC
2007-03-30,2.7301,2.8301,2.5501,2.7801,60162400,2.7401,0.2095337873232,INTC
2007-04-02,2.8001,2.8901,2.6801,2.7801,54061910,2.7801,0.0,INTC
2007-04-03,2.8701,3.0501,2.8401,2.9601,53224650,2.7801,0.94093047569263,INTC
2007-04-04,3.0001,3.0901,2.8801,3.0301,47700740,2.9601,0.36250647332988,INTC
2007-04-05,2.9401,3.2301,2.9101,3.2301,36681580,3.0301,1.031991744066,INTC
2007-04-09,3.5301,3.8901,3.5001,3.7501,117589800,3.2301,2.6557711950971,INTC
2007-04-10,3.7501,4.3901,3.7201,4.3301,94790950,3.7501,2.8855721393035,INTC
2007-04-11,4.2401,4.3801,4.0701,4.1201,90708710,4.3301,-1.0154738878143,INTC
2007-04-12,4.0301,4.2001,3.9001,4.1501,63681050,4.1201,0.14655593551539,INTC
2007-04-13,4.0601,4.1301,3.9001,4.1101,44004100,4.1501,-0.19512195121951,INTC
2007-04-16,4.0601,4.3801,4.0351,4.3401,56645630,4.1101,1.1241446725318,INTC
2007-04-17,4.3201,4.6501,4.3101,4.6301,103163700,4.3401,1.4016433059449,INTC
2007-04-18,4.9701,5.1301,4.6501,5.0001,112595700,4.6301,1.7635843660629,INTC
2007-04-19,4.8101,5.5501,4.7901,5.4601,97601660,5.0001,2.1545667447307,INTC
2007-04-20,5.7001,5.8501,5.3101,5.8101,120381400,5.4601,1.6047684548372,INTC
2007-04-23,5.6801,5.7801,5.4401,5.5601,55767550,5.8101,-1.1281588447653,INTC
2007-04-24,5.6001,5.7401,5.3901,5.5901,85219170,5.5601,0.13692377909631,INTC
2007-04-25,5.6401,5.9501,5.4501,5.9081,68887090,5.5901,1.4494074749316,INTC
2007-04-26,5.7801,5.8701,5.6501,5.7401,62582660,5.9081,-0.75478479647767,INTC
2007-04-27,5.5701,5.7401,5.4701,5.5201,48819320,5.7401,-0.99592575826165,INTC
2007-04-30,5.4301,5.5001,5.1301,5.1501,60426210,5.5201,-1.6918152720622,INTC
2007-05-01,5.2101,5.4801,5.1001,5.2901,60720910,5.1501,0.65116279069768,INTC
2007-05-02,5.4601,5.7201,5.4001,5.5801,68653840,5.2901,1.3401109057301,INTC
2007-05-03,5.8726,5.8926,5.4726,5.5026,71126740,5.5801,-0.86639306885546,INTC
2007-05-04,5.7126,5.7826,5.5726,5.6626,53037560,5.5026,0.73597056117755,INTC
2007-05-07,5.6826,5.8926,5.6126,5.7226,36974690,5.6626,0.27397260273974,INTC
2007-05-08,5.7426,5.9626,5.5626,5.9126,49522110,5.7226,0.86520947176684,INTC
2007-05-09,5.8026,6.2726,5.7126,6.2326,72637630,5.9126,1.4446952595937,INTC
2007-05-10,6.1226,6.4626,5.8126,5.9726,65520340,6.2326,-1.15709835336,INTC
2007-05-11,6.0806,6.1626,5.9026,6.0426,46241850,5.9726,0.31517334533994,INTC
2007-05-14,6.1226,6.2026,5.7526,5.8826,50199190,6.0426,-0.7181328545781,INTC
2007-05-15,5.8426,6.1226,5.6626,5.7726,57406920,5.8826,-0.49728752260398,INTC
2007-05-16,5.8126,6.0026,5.6726,5.9426,60775990,5.7726,0.7723761926397,INTC
2007-05-17,6.0626,6.2226,5.9426,5.9926,58022610,5.9426,0.22542831379622,INTC
2007-05-18,6.4526,6.5126,6.2726,6.4626,68201380,5.9926,2.1142600089968,INTC
2007-05-21,6.4626,6.6526,6.2926,6.3926,51142620,6.4626,-0.30837004405286,INTC
2007-05-22,6.6526,6.8426,6.4526,6.7526,66447020,6.3926,1.5908086610694,INTC
2007-05-23,6.7526,6.9026,6.4126,6.4326,63572720,6.7526,-1.3919095258808,INTC
2007-05-24,6.4776,6.5126,5.5826,5.7326,86982770,6.4326,-3.0877812086458,INTC
2007-05-25,5.8826,6.0626,5.8026,5.9226,38032020,5.7326,0.86481565771507,INTC
2007-05-29,5.9276,6.1926,5.8826,6.0626,48164690,5.9226,0.63176895306859,INTC
2007-05-30,5.8276,6.0626,5.6126,5.8426,58281950,6.0626,-0.9865470852018,INTC
2007-05-31,5.9026,5.9526,5.6826,5.9425,49300130,5.8426,0.45244565217392,INTC
2007-06-01,6.1026,6.3626,6.0825,6.1226,48544180,5.9425,0.81199644723375,INTC
2007-06-04,6.0026,6.3026,5.8826,5.9226,47931390,6.1226,-0.89445438282647,INTC
2007-06-05,5.8826,6.0026,5.6226,5.7226,55919050,5.9226,-0.90252707581227,INTC
2007-06-06,5.6426,5.7326,5.2226,5.2526,69027590,5.7226,-2.1402550091075,INTC
2007-06-07,5.0826,5.3926,5.0526,5.0726,65426380,5.2526,-0.83759888320149,INTC
2007-06-08,5.2126,5.6426,5.1126,5.5926,60977930,5.0726,2.4401689347724,INTC
2007-06-11,5.5126,5.8426,5.4526,5.6926,42094170,5.5926,0.45808520384792,INTC
2007-06-12,5.6226,6.2626,5.6026,5.9626,59703440,5.6926,1.2311901504788,INTC
2007-06-13,6.0326,6.6426,5.9627,6.4346,75612310,5.9626,2.1261261261261,INTC
2007-06-14,6.4026,7.2926,6.3926,6.9926,85670820,6.4346,2.4611856033874,INTC
2007-06-15,7.7426,8.0126,7.5653,8.0026,159207600,6.9926,4.3478260869565,INTC
2007-06-18,7.9426,8.0726,7.5753,7.9326,57121430,8.0026,-0.28877887788778,INTC
2007-06-19,7.8026,8.2126,7.7226,7.8626,67153840,7.9326,-0.28961522548614,INTC
2007-06-20,7.9826,8.1126,7.6626,7.7026,62999510,7.8626,-0.66390041493776,INTC
2007-06-21,7.6326,8.1426,7.5526,8.0526,56127190,7.7026,1.4619883040936,INTC
2007-06-22,7.9526,7.9926,7.4526,7.4626,70389990,8.0526,-2.4289831206258,INTC
2007-06-25,7.5126,7.6526,7.0625,7.2426,50087240,7.4626,-0.92827004219409,INTC
2007-06-26,7.3426,7.4826,7.1026,7.1426,48715800,7.2426,-0.42589437819421,INTC
2007-06-27,7.0526,7.6126,7.0426,7.5526,50784500,7.1426,1.7536355859709,INTC
2007-06-28,7.8926,7.9326,7.6226,7.6826,47659950,7.5526,0.5464480874317,INTC
2007-06-29,7.7226,7.9776,7.3126,7.5025,50620500,7.6826,-0.75292642140469,INTC
2007-07-02,7.6426,8.0626,7.6226,8.0326,48790590,7.5025,2.2329495911946,INTC
2007-07-03,8.0726,8.3626,8.0226,8.3526,29192650,8.0326,1.3185002060157,INTC
2007-07-05,8.2426,8.4526,8.1926,8.3626,35793480,8.3526,0.040666937779592,INTC
2007-07-06,8.2826,8.6126,8.2726,8.4426,47656410,8.3626,0.32520325203251,INTC
2007-07-09,8.5726,8.7826,8.5526,8.7225,76234930,8.4426,1.1341166936791,INTC
2007-07-10,8.5426,8.9426,8.5126,8.7326,64897190,8.7225,0.040464905708748,INTC
2007-07-11,8.5826,8.6626,8.2126,8.3326,56027060,8.7326,-1.6019223067681,INTC
2007-07-12,8.5126,9.7626,8.3326,9.7626,134680400,8.3326,5.8201058201058,INTC
2007-07-13,9.5576,9.7626,9.4426,9.7326,64156250,9.7626,-0.11538461538462,INTC
2007-07-16,9.6926,9.8026,9.5926,9.7126,50010890,9.7326,-0.07701193685021,INTC
2007-07-17,9.8226,10.2826,9.7426,10.0925,120925300,9.7126,1.4639691714836,INTC
2007-07-18,8.7226,9.1026,8.5726,8.8226,134384800,10.0925,-4.8230338892286,INTC
2007-07-19,8.8926,9.0826,8.8526,9.0226,62017780,8.8226,0.79808459696729,INTC
2007-07-20,9.0426,9.0626,8.2426,8.3126,95467400,9.0226,-2.8107680126683,INTC
2007-07-23,8.3826,8.7326,8.3326,8.4826,56400110,8.3126,0.69246435845213,INTC
2007-07-24,8.1726,8.6626,8.1726,8.2916,68539210,8.4826,-0.77265372168284,INTC
2007-07-25,8.4426,8.4826,8.1326,8.2626,50711940,8.2916,-0.11822740429695,INTC
2007-07-26,8.1026,8.2026,7.3926,7.7626,86324890,8.2626,-2.0408163265306,INTC
2007-07-27,7.6526,7.8126,7.2926,7.3026,79012810,7.7626,-1.9166666666667,INTC
2007-07-30,7.3826,7.9126,7.3126,7.6126,69452730,7.3026,1.3169073916738,INTC
2007-07-31,7.8626,7.9426,7.3526,7.3826,61621420,7.6126,-0.9643605870021,INTC
2007-08-01,7.3226,7.7226,6.9826,7.5626,92705240,7.3826,0.76206604572396,INTC
2007-08-02,7.5326,8.1926,7.3526,8.0626,74858990,7.5626,2.1008403361345,INTC
2007-08-03,8.1451,8.3651,7.7551,7.7852,77175300,8.0626,-1.6045267489712,INTC
2007-08-06,7.9251,8.0751,7.6551,8.0051,63818020,7.7852,0.91969502427844,INTC
2007-08-07,7.9151,8.1951,7.6251,8.005,59824690,8.0051,-0.0004144218814743,INTC
2007-08-08,8.2051,8.6451,8.0551,8.5551,75674270,8.005,2.2797442177547,INTC
2007-08-09,8.1951,8.6151,7.7951,7.7951,71273420,8.5551,-3.0794165316045,INTC
2007-08-10,7.7251,8.2151,7.3751,7.8551,68599740,7.7951,0.25083612040133,INTC
2007-08-13,8.0651,8.1951,7.8351,7.8951,50452940,7.8551,0.16680567139282,INTC
2007-08-14,7.9351,8.2551,7.6551,7.6751,55119170,7.8951,-0.91590341382181,INTC
2007-08-15,7.6551,7.8651,7.0851,7.0951,63234610,7.6751,-2.436974789916,INTC
2007-08-16,7.1051,7.4651,5.9651,6.9751,117979400,7.0951,-0.51679586563306,INTC
2007-08-17,7.7751,7.8751,7.2151,7.5751,94341460,6.9751,2.5974025974026,INTC
2007-08-20,7.6751,8.1651,7.5351,7.9851,57343520,7.5751,1.7299578059072,INTC
2007-08-21,7.7851,7.9251,7.5851,7.7651,57380140,7.9851,-0.91248444628784,INTC
2007-08-22,7.9751,8.0751,7.8151,8.0251,51017960,7.7651,1.0883214734198,INTC
2007-08-23,8.1651,8.1951,7.8751,8.1051,38606740,8.0251,0.3312629399586,INTC
2007-08-24,8.0651,8.7551,7.9451,8.6651,51687850,8.1051,2.311184482047,INTC
2007-08-27,8.5851,8.5851,8.2451,8.3251,45769090,8.6651,-1.3715207745058,INTC
2007-08-28,8.1251,8.3851,7.8051,7.8351,56168490,8.3251,-2.0040899795501,INTC
2007-08-29,8.1651,9.0751,8.0951,8.9651,82110120,7.8351,4.7161936560935,INTC
2007-08-30,8.7851,9.4951,8.7651,9.1551,68809050,8.9651,0.75727381426864,INTC
2007-08-31,9.4351,9.6751,9.4051,9.6251,56838570,9.1551,1.8591772151899,INTC
2007-09-04,9.6951,10.3051,9.6251,10.0551,77551980,9.6251,1.6699029126214,INTC
2007-09-05,9.8651,10.0751,9.6651,9.8651,59595570,10.0551,-0.72574484339191,INTC
2007-09-06,9.8951,10.1051,9.7551,10.0251,49491310,9.8651,0.6156213928434,INTC
2007-09-07,9.5651,9.6151,9.1351,9.3451,65322360,10.0251,-2.6003824091778,INTC
2007-09-10,9.7951,10.0951,9.1151,9.2251,107293400,9.3451,-0.47114252061248,INTC
2007-09-11,9.3851,9.7651,9.1351,9.5351,61720520,9.2251,1.2228796844181,INTC
2007-09-12,9.3851,9.7251,9.2051,9.3351,60782910,9.5351,-0.77942322681216,INTC
2007-09-13,9.4451,9.5151,9.1251,9.2251,64989500,9.3351,-0.43205027494108,INTC
2007-09-14,8.8151,9.0651,8.4751,8.8051,66555680,9.2251,-1.6568047337278,INTC
2007-09-17,8.7451,8.9551,8.6351,8.7251,46267860,8.8051,-0.32089851584436,INTC
2007-09-18,8.8251,9.3651,8.7651,9.2851,72024790,8.7251,2.2535211267606,INTC
2007-09-19,9.5051,9.6561,9.3051,9.5551,69106130,9.2851,1.0625737898465,INTC
2007-09-20,9.3851,9.8351,9.3551,9.6851,51403540,9.5551,0.50623052959501,INTC
2007-09-21,9.8851,9.9251,9.6351,9.7451,70385410,9.6851,0.23246803564511,INTC
2007-09-24,9.8551,10.1151,9.6951,9.8551,50279670,9.7451,0.42520293776575,INTC
2007-09-25,9.7051,10.0451,9.6351,9.7652,50174310,9.8551,-0.34603541185527,INTC
2007-09-26,9.8551,10.2351,9.6751,9.7851,68579300,9.7652,0.076863357036086,INTC
2007-09-27,9.9651,9.9751,9.5751,9.6351,47442320,9.7851,-0.57892705519104,INTC
2007-09-28,9.5951,11.5851,9.5451,9.7351,42901430,9.6351,0.38819875776397,INTC
2007-10-01,9.9151,10.4251,9.7351,10.2461,54323530,9.7351,1.9760247486466,INTC
2007-10-02,10.1551,10.4551,10.0351,10.2551,45606880,10.2461,0.034128398619697,INTC
2007-10-03,9.7651,9.9251,9.4451,9.6851,76074850,10.2551,-2.1607278241092,INTC
2007-10-04,9.6751,9.7051,9.2451,9.4751,44327870,9.6851,-0.81363812475784,INTC
2007-10-05,9.6751,9.8151,9.3651,9.4151,72199020,9.4751,-0.23437500000001,INTC
2007-10-08,9.3751,9.6351,9.3451,9.5351,34544830,9.4151,0.46985121378231,INTC
2007-10-09,9.5551,9.7351,9.4251,9.715,43635990,9.5351,0.70109119251754,INTC
2007-10-10,9.7551,9.8051,9.5051,9.7551,38297690,9.715,0.15518635908033,INTC
2007-10-11,9.7451,10.0551,9.0351,9.3051,89715370,9.7551,-1.7387944358578,INTC
2007-10-12,9.4751,9.5551,9.2051,9.4251,48635490,9.3051,0.47188360204483,INTC
2007-10-15,9.5151,9.9451,9.4451,9.6251,74277830,9.4251,0.78277886497064,INTC
2007-10-16,9.5951,9.8551,9.1451,9.3551,105772700,9.6251,-1.0485436893204,INTC
2007-10-17,10.6651,10.8551,10.1251,10.5951,186888200,9.3551,4.8665620094191,INTC
2007-10-18,10.3851,10.8551,10.3451,10.8451,65709050,10.5951,0.93562874251497,INTC
2007-10-19,10.7151,10.7251,10.1451,10.1751,80734210,10.8451,-2.4842417500927,INTC
2007-10-22,9.8251,10.5651,9.7251,10.5151,62788170,10.1751,1.2927756653992,INTC
2007-10-23,10.4951,10.6951,10.0351,10.6751,67029100,10.5151,0.6006006006006,INTC
2007-10-24,10.2051,10.2651,9.3351,9.8851,89682830,10.6751,-2.9477611940298,INTC
2007-10-25,10.0551,10.1251,9.4051,9.7651,57435200,9.8851,-0.46136101499424,INTC
2007-10-26,10.1351,10.3251,9.6551,9.8151,61613000,9.7651,0.19312475859405,INTC
2007-10-29,9.9251,10.2251,9.8751,10.1351,53194790,9.8151,1.2336160370085,INTC
2007-10-30,9.9851,10.2451,9.9751,10.1451,41432760,10.1351,0.038080731150031,INTC
2007-10-31,10.2451,10.7751,10.2251,10.7751,64773530,10.1451,2.398172820708,INTC
2007-11-01,10.5751,10.9551,10.3751,10.3751,86559760,10.7751,-1.4869888475836,INTC
2007-11-02,10.6251,10.8351,10.2751,10.6751,57928870,10.3751,1.1320754716981,INTC
2007-11-05,10.5676,11.0176,10.4276,10.8276,54865480,10.6751,0.14925373134328,INTC
2007-11-06,10.9476,11.5076,10.9476,11.4776,69319820,10.8276,2.4217585692995,INTC
2007-11-07,11.2276,11.5276,10.8576,10.8876,71443270,11.4776,-2.1462349945435,INTC
2007-11-08,10.8776,10.9575,9.2776,9.9206,91356620,10.8876,-3.5947955390335,INTC
2007-11-09,9.3476,9.6358,8.9876,9.1376,71669170,9.9206,-3.0193190143832,INTC
2007-11-12,9.3976,9.5576,9.0876,9.2776,72908050,9.1376,0.55666003976143,INTC
2007-11-13,9.5776,10.1276,9.2776,10.1276,62108220,9.2776,3.3610122578094,INTC
2007-11-14,10.4876,10.5076,9.7576,9.8376,63176290,10.1276,-1.1094108645754,INTC
2007-11-15,9.8276,10.0476,9.2676,9.5176,67001730,9.8376,-1.2379110251451,INTC
2007-11-16,9.5176,9.7676,9.1576,9.4976,80439950,9.5176,-0.07833920877399,INTC
2007-11-19,9.4376,9.5876,9.0876,9.1576,52309960,9.4976,-1.3328106624853,INTC
2007-11-20,9.3376,9.7376,8.8976,9.5076,74677380,9.1576,1.3905442987684,INTC
2007-11-21,9.2176,9.2776,8.5276,8.6176,69550590,9.5076,-3.487460815047,INTC
2007-11-23,8.7676,9.0876,8.5376,9.0576,36584040,8.6176,1.7864393016646,INTC
2007-11-26,9.0276,9.3091,8.3076,8.3577,53138230,9.0576,-2.7917830075788,INTC
2007-11-27,8.7376,9.1476,8.4776,9.0976,62879420,8.3577,3.0360975129359,INTC
2007-11-28,9.5276,10.2976,9.4876,10.1776,59647370,9.0976,4.3010752688172,INTC
2007-11-29,10.0576,10.4576,9.9976,10.3276,43239070,10.1776,0.57273768613974,INTC
2007-11-30,10.6476,10.6476,9.7076,10.0676,65494190,10.3276,-0.98709187547457,INTC
2007-12-03,10.0176,10.7676,9.9976,10.2376,56067280,10.0676,0.65184049079755,INTC
2007-12-04,9.8276,10.5076,9.8176,10.2976,44505350,10.2376,0.22857142857142,INTC
2007-12-05,10.8776,11.4476,10.8776,11.2076,68479910,10.2976,3.458760927404,INTC
2007-12-06,11.2076,11.9776,11.1576,11.9676,60492580,11.2076,2.7920646583395,INTC
2007-12-07,11.7576,11.8876,11.5576,11.7176,47276100,11.9676,-0.89349535382416,INTC
2007-12-10,11.5476,11.8676,11.2376,11.7676,45457230,11.7176,0.1803101334295,INTC
2007-12-11,11.7776,11.8076,10.8976,10.9176,67405340,11.7676,-3.0597552195824,INTC
2007-12-12,11.4176,11.7076,10.8776,11.2676,56568830,10.9176,1.2996658002228,INTC
2007-12-13,10.9676,11.4876,10.7976,11.1476,53458010,11.2676,-0.43988269794722,INTC
2007-12-14,10.8076,10.8276,10.1776,10.2776,68731480,11.1476,-3.2032400589102,INTC
2007-12-17,10.2176,10.2676,9.3676,9.7076,62793900,10.2776,-2.168124762267,INTC
2007-12-18,9.9076,10.1276,9.5776,9.8976,44699280,9.7076,0.73872472783826,INTC
2007-12-19,9.8376,10.2376,9.8076,10.1776,33544870,9.8976,1.0806638363566,INTC
2007-12-20,10.5176,10.5176,9.9976,10.3976,40068570,10.1776,0.84001527300496,INTC
2007-12-21,10.7476,10.9501,10.5676,10.9476,58620590,10.3976,2.0825444907232,INTC
2007-12-24,10.8076,11.3576,10.7376,11.2976,22486350,10.9476,1.2982195845697,INTC
2007-12-26,11.1876,11.4576,11.1176,11.4376,21277410,11.2976,0.51263273526181,INTC
2007-12-27,11.3476,11.4076,10.7576,10.8176,29575930,11.4376,-2.2586520947177,INTC
2007-12-28,11.0976,11.2576,10.6376,10.7476,34954680,10.8176,-0.26090197540066,INTC
2007-12-31,10.6176,10.9876,10.5776,10.6476,23317120,10.7476,-0.37369207772796,INTC
2008-01-02,10.2676,10.3276,8.9376,9.3376,84212950,10.6476,-4.913728432108,INTC
2008-01-03,9.3576,9.3876,8.3676,8.6576,85133400,9.3376,-2.6824457593688,INTC
2008-01-04,7.4476,7.5876,6.3376,6.6576,174015500,8.6576,-8.1070125658695,INTC
2008-01-07,6.7876,7.0176,6.3476,6.8676,111447000,6.6576,0.92633436259372,INTC
2008-01-08,6.9076,7.1176,6.2176,6.2476,80359760,6.8676,-2.7097902097902,INTC
2008-01-09,6.3876,6.8576,6.2476,6.7376,73226130,6.2476,2.2012578616352,INTC
2008-01-10,6.5576,6.6876,6.1876,6.5276,81130830,6.7376,-0.92307692307693,INTC
2008-01-11,6.2376,6.3476,5.7576,5.9776,75841990,6.5276,-2.4401064773736,INTC
2008-01-14,6.8776,7.1876,6.3976,7.0676,84877560,5.9776,4.9567985447931,INTC
2008-01-15,6.9876,7.1876,6.4976,6.6776,126847700,7.0676,-1.6897746967071,INTC
2008-01-16,4.0176,4.3776,3.6876,3.8676,309310600,6.6776,-12.384310268841,INTC
2008-01-17,4.0076,4.0376,3.1976,3.3176,172145000,3.8676,-2.7665995975855,INTC
2008-01-18,3.3776,3.6376,2.9376,2.9876,143439600,3.3176,-1.7071908949819,INTC
2008-01-22,2.1876,2.9876,2.0376,2.6176,146907400,2.9876,-1.9473684210526,INTC
2008-01-23,2.3176,4.1976,2.2276,3.9676,173486500,2.6176,7.2463768115942,INTC
2008-01-24,4.1406,4.7276,4.0576,4.6776,90178250,3.9676,3.5535535535536,INTC
2008-01-25,5.2576,5.2676,3.9871,3.9876,104365700,4.6776,-3.334944417593,INTC
2008-01-28,3.8676,4.2876,3.6076,4.2776,68618640,3.9876,1.45,INTC
2008-01-29,4.4276,4.5976,4.2376,4.4876,78250730,4.2776,1.0349926071957,INTC
2008-01-30,4.3476,5.2076,4.2776,4.6776,95820880,4.4876,0.92682926829269,INTC
2008-01-31,4.4276,5.3276,4.3476,5.0876,100252200,4.6776,1.9816336394393,INTC
2008-02-01,5.3876,5.8076,5.2076,5.7575,65740810,5.0876,3.1748815165877,INTC
2008-02-04,5.7276,5.7376,5.1476,5.1876,65724170,5.7575,-2.6178347167419,INTC
2008-02-05,4.8051,4.9851,4.2151,4.2366,85569580,5.1876,-5.0872641509434,INTC
2008-02-06,4.2551,4.5451,4.0151,4.035,73212530,4.2366,-1.0019133762394,INTC
2008-02-07,3.7751,4.4751,3.6151,4.1651,76920950,4.035,0.65311572849262,INTC
2008-02-08,4.0751,4.4451,4.0651,4.3851,54168310,4.1651,1.0972568578554,INTC
2008-02-11,4.5151,4.9351,4.2651,4.7951,53771260,4.3851,2.0226936359151,INTC
2008-02-12,4.8151,5.1051,4.6751,5.0151,57722210,4.7951,1.063829787234,INTC
2008-02-13,5.1751,5.3951,4.9751,5.3251,49714470,5.0151,1.4832535885168,INTC
2008-02-14,5.0751,5.1051,4.5751,4.5751,71265180,5.3251,-3.5360678925035,INTC
2008-02-15,4.4251,4.6551,4.0951,4.2251,75920270,4.5751,-1.7106549364614,INTC
2008-02-19,4.5151,4.7951,4.1651,4.2751,65695480,4.2251,0.24863252113377,INTC
2008-02-20,4.2951,4.6251,4.2751,4.4951,71726820,4.2751,1.0912698412698,INTC
2008-02-21,4.7251,5.1051,4.2451,4.4151,78286520,4.4951,-0.39254170755642,INTC
2008-02-22,4.5851,4.6151,3.6251,3.9351,134248800,4.4151,-2.3645320197044,INTC
2008-02-25,3.8651,4.0951,3.6326,4.0551,82080160,3.9351,0.60544904137236,INTC
2008-02-26,3.9151,4.9851,3.8851,4.8051,78807710,4.0551,3.7612838515547,INTC
2008-02-27,4.3551,5.0051,4.3451,4.8851,80886530,4.8051,0.38666022232962,INTC
2008-02-28,4.6551,4.8351,4.4351,4.6051,56102150,4.8851,-1.3480982185845,INTC
2008-02-29,4.4451,4.5051,4.0551,4.085,76407140,4.6051,-2.5383113714007,INTC
2008-03-03,4.1751,4.4951,4.0451,4.1251,75503560,4.085,0.20080220732203,INTC
2008-03-04,3.7651,4.1651,3.5551,4.1151,124096600,4.1251,-0.049975012493761,INTC
2008-03-05,4.1551,4.3451,3.9551,4.315,62223970,4.1151,0.9995,INTC
2008-03-06,4.2151,4.3351,3.9451,3.9851,65541650,4.315,-1.6331764018634,INTC
2008-03-07,3.9251,4.5051,3.8651,4.1851,73701880,3.9851,1.0065425264217,INTC
2008-03-10,4.2251,4.6151,4.0851,4.2351,66979880,4.1851,0.24912805181864,INTC
2008-03-11,4.5951,5.3353,4.5651,5.3152,77045000,4.2351,5.3682902584493,INTC
2008-03-12,5.2851,5.6051,5.0951,5.2351,53034790,5.3152,-0.37782840646977,INTC
2008-03-13,4.9351,5.6051,4.8551,5.3951,66623940,5.2351,0.75757575757576,INTC
2008-03-14,5.3551,5.5551,4.6451,4.7751,79943650,5.3951,-2.9135338345865,INTC
2008-03-17,4.2851,5.2651,4.2651,4.9651,67257190,4.7751,0.91965150048403,INTC
2008-03-18,5.4151,5.8666,5.3051,5.8651,72247870,4.9651,4.3165467625899,INTC
2008-03-19,5.6451,5.8451,5.1951,5.205,69223850,5.8651,-3.0349425287356,INTC
2008-03-20,5.5851,5.8751,5.2051,5.8651,67349880,5.205,3.1299342339224,INTC
2008-03-24,5.8751,6.5651,5.8651,6.2451,53230840,5.8651,1.7471264367816,INTC
2008-03-25,6.4351,6.5151,6.1451,6.3851,48233290,6.2451,0.63262539539087,INTC
2008-03-26,6.1451,6.1851,5.8251,5.9751,51443560,6.3851,-1.8410417602155,INTC
2008-03-27,5.9951,6.0251,5.2034,5.2051,71407360,5.9751,-3.5224153705398,INTC
2008-03-28,5.3151,5.5451,4.8451,4.9051,59406110,5.2051,-1.4224751066856,INTC
2008-03-31,4.8251,5.4451,4.7851,5.2951,47962750,4.9051,1.8759018759019,INTC
2008-04-01,5.6251,6.1151,5.5151,6.0851,55476950,5.2951,3.7299338999056,INTC
2008-04-02,6.1451,6.1451,5.7651,5.9651,43772500,6.0851,-0.5461993627674,INTC
2008-04-03,5.8151,6.2151,5.6451,6.0451,45050390,5.9651,0.36613272311212,INTC
2008-04-04,6.0551,6.2951,5.7851,5.9851,41282630,6.0451,-0.2735978112175,INTC
2008-04-07,6.0351,6.2051,5.7751,5.8651,39644610,5.9851,-0.54869684499315,INTC
2008-04-08,5.5051,5.6551,5.1551,5.1951,55221980,5.8651,-3.080459770115,INTC
2008-04-09,5.1751,5.5451,4.8851,5.5351,63407230,5.1951,1.6129032258065,INTC
2008-04-10,5.6851,6.5551,5.6651,6.1951,72024490,5.5351,3.0812324929972,INTC
2008-04-11,5.9251,6.0251,5.2251,5.3551,61891650,6.1951,-3.804347826087,INTC
2008-04-14,5.2351,5.4151,4.7551,4.8051,60037240,5.3551,-2.5894538606403,INTC
2008-04-15,5.0251,5.0551,4.6151,5.0251,91529160,4.8051,1.0633156114065,INTC
2008-04-16,6.5451,6.5951,5.9751,6.2451,109005000,5.0251,5.8345289335246,INTC
2008-04-17,6.2851,6.4151,6.0351,6.2251,57721330,6.2451,-0.090375056484408,INTC
2008-04-18,6.6851,6.7451,6.3451,6.6651,68280100,6.2251,1.9900497512438,INTC
2008-04-21,6.6151,6.6951,6.4451,6.5751,47793720,6.6651,-0.39911308203991,INTC
2008-04-22,6.3951,6.5251,5.9851,6.1051,56267930,6.5751,-2.0926090828139,INTC
2008-04-23,6.3051,6.6851,6.1151,6.6751,61944100,6.1051,2.5920873124147,INTC
2008-04-24,6.6951,7.1351,6.4551,6.8051,51297170,6.6751,0.57624113475178,INTC
2008-04-25,6.7451,6.7551,6.1751,6.6751,47577970,6.8051,-0.57293962097842,INTC
2008-04-28,6.5451,6.9551,6.4451,6.8251,47058680,6.6751,0.66489361702129,INTC
2008-04-29,6.7451,6.9151,6.5651,6.7351,40663230,6.8251,-0.39630118890357,INTC
2008-04-30,6.8451,6.8751,6.2551,6.3751,56464430,6.7351,-1.5915119363395,INTC
2008-05-01,6.4751,7.5251,6.4751,7.4051,71486920,6.3751,4.6271338724169,INTC
2008-05-02,7.7251,7.7751,7.2451,7.6951,58876610,7.4051,1.245169600687,INTC
2008-05-05,7.6351,8.1451,7.4351,7.5051,38629720,7.6951,-1.3994910941476,INTC
2008-05-06,7.3351,7.9651,7.3351,7.8351,45780170,7.5051,1.4193548387097,INTC
2008-05-07,7.8551,7.9951,7.3951,7.4251,54224620,7.8351,-1.7387616624258,INTC
2008-05-08,7.6351,7.8651,7.3651,7.6551,50076960,7.4251,0.99266292619766,INTC
2008-05-09,7.3951,7.8251,7.3851,7.6251,40044570,7.6551,-0.12820512820512,INTC
2008-05-12,7.6151,7.9651,7.4551,7.8951,34425080,7.6251,1.1553273427471,INTC
2008-05-13,7.8951,8.1851,7.8551,8.0151,39224310,7.8951,0.50761421319797,INTC
2008-05-14,8.1051,8.5451,8.0151,8.0951,58972680,8.0151,0.33670033670033,INTC
2008-05-15,8.1751,9.2451,8.1051,9.2251,77441400,8.0951,4.739932885906,INTC
2008-05-16,9.2451,9.2551,8.7751,9.2551,59981330,9.2251,0.12014417300761,INTC
2008-05-19,9.4551,9.5451,9.0451,9.1351,61244050,9.2551,-0.48,INTC
2008-05-20,8.8051,8.8751,8.0551,8.3451,73815260,9.1351,-3.1752411575563,INTC
2008-05-21,8.1351,8.4551,7.7751,7.9151,64441650,8.3451,-1.7849730178497,INTC
2008-05-22,8.0751,8.3851,7.9851,8.1351,41068340,7.9151,0.92983939137785,INTC
2008-05-23,7.9951,8.0751,7.3351,7.6651,59072000,8.1351,-1.9681742043551,INTC
2008-05-27,7.5451,7.9751,7.5251,7.8551,52807180,7.6651,0.81161896625374,INTC
2008-05-28,8.0551,8.0651,7.3951,7.7251,50287680,7.8551,-0.55084745762713,INTC
2008-05-29,7.5251,7.5751,7.0551,7.3951,54868730,7.7251,-1.4060502769493,INTC
2008-05-30,7.5351,7.8051,7.3251,7.4351,55187400,7.3951,0.17286084701815,INTC
2008-06-02,7.3051,7.6351,7.0751,7.4551,50558570,7.4351,0.086281276962897,INTC
2008-06-03,7.5551,7.9451,7.1051,7.1951,65481440,7.4551,-1.1206896551724,INTC
2008-06-04,7.0651,7.9351,7.0651,7.7351,57510020,7.1951,2.3539668700959,INTC
2008-06-05,7.8751,8.2551,7.6051,8.1251,51835350,7.7351,1.6609880749574,INTC
2008-06-06,7.9151,7.9551,7.1551,7.1571,69752120,8.1251,-4.0552995391705,INTC
2008-06-09,7.3351,7.3551,6.5951,7.0151,57218040,7.1571,-0.62003318487468,INTC
2008-06-10,6.5651,7.1551,6.5651,6.9351,56553830,7.0151,-0.35149384885765,INTC
2008-06-11,6.7951,6.8951,6.0451,6.0651,59793520,6.9351,-3.8359788359788,INTC
2008-06-12,6.3051,6.8651,6.1351,6.3051,60230670,6.0651,1.1004126547455,INTC
2008-06-13,6.4951,6.9551,6.4451,6.9151,43002960,6.3051,2.766439909297,INTC
2008-06-16,6.7051,7.3351,6.6651,7.1151,44771940,6.9151,0.88261253309797,INTC
2008-06-17,7.1951,7.2651,6.8251,6.8351,43990310,7.1151,-1.2248468941382,INTC
2008-06-18,6.6051,6.9351,6.4651,6.5351,41534120,6.8351,-1.3286093888397,INTC
2008-06-19,6.4651,7.3551,6.3951,7.1051,48519820,6.5351,2.5583482944345,INTC
2008-06-20,6.9851,6.9951,6.5651,6.6251,71017360,7.1051,-2.1006564551422,INTC
2008-06-23,6.7551,6.9651,6.5651,6.6151,46238510,6.6251,-0.044702726866346,INTC
2008-06-24,6.4551,7.0651,6.4351,6.6651,46124980,6.6151,0.22361359570662,INTC
2008-06-25,6.6851,7.2551,6.6751,6.9051,54665150,6.6651,1.0709504685408,INTC
2008-06-26,6.6151,6.7751,5.8401,5.8451,56470230,6.9051,-4.6799116997792,INTC
2008-06-27,5.8551,6.0951,5.4751,5.7451,59497910,5.8451,-0.46317739694304,INTC
2008-06-30,5.6651,6.1551,5.5951,5.7351,50149710,5.7451,-0.046533271288962,INTC
2008-07-01,5.5451,6.0851,5.3751,5.8251,66857340,5.7351,0.41899441340782,INTC
2008-07-02,5.8851,6.0651,5.1251,5.1851,47761730,5.8251,-2.9670839128419,INTC
2008-07-03,4.8751,5.0551,4.5151,4.9151,41364950,5.1851,-1.2900143334926,INTC
2008-07-07,5.0351,5.5151,4.5451,4.9651,47294120,4.9151,0.24201355275896,INTC
2008-07-08,4.9551,5.3851,4.5651,5.1751,58443270,4.9651,1.0140028971511,INTC
2008-07-09,5.1151,5.1551,4.0151,4.0651,67850010,5.1751,-5.3059273422562,INTC
2008-07-10,4.1051,5.0251,3.9651,4.8751,93458910,4.0651,4.0888440181727,INTC
2008-07-11,4.5351,5.4351,4.2451,4.8951,74310390,4.8751,0.096993210475265,INTC
2008-07-14,5.2751,5.4051,4.5751,4.7251,49069470,4.8951,-0.82364341085272,INTC
2008-07-15,4.5051,5.4351,4.4751,4.9651,99315390,4.7251,1.1724474841231,INTC
2008-07-16,5.2851,5.4051,4.4851,5.1651,87289800,4.9651,0.96571704490584,INTC
2008-07-17,5.5051,6.6551,5.2951,6.2451,94005160,5.1651,5.1649928263988,INTC
2008-07-18,6.1451,6.4251,5.7251,6.3451,54730810,6.2451,0.45475216007277,INTC
2008-07-21,6.4551,6.5051,6.2051,6.3451,48609930,6.3451,0.0,INTC
2008-07-22,5.9751,6.3751,5.8851,6.3451,68319150,6.3451,0.0,INTC
2008-07-23,6.4551,6.8751,6.2751,6.5551,56597740,6.3451,0.9506564056134,INTC
2008-07-24,6.3051,6.3951,5.8751,5.9251,61171290,6.5551,-2.8251121076233,INTC
2008-07-25,6.0551,6.3351,5.8151,6.2651,40085540,5.9251,1.5689893862483,INTC
2008-07-28,6.1251,6.2551,5.8651,5.9251,49859310,6.2651,-1.5447523852794,INTC
2008-07-29,5.9251,6.5051,5.8951,6.4851,47379480,5.9251,2.5842178126442,INTC
2008-07-30,6.5551,6.7051,5.5351,6.4851,52614100,6.4851,0.0,INTC
2008-07-31,6.2451,6.8551,6.1751,6.4451,65264580,6.4851,-0.17993702204228,INTC
2008-08-01,6.6751,6.7751,6.2351,6.6051,39543250,6.4451,0.7210455159982,INTC
2008-08-04,6.6551,6.9051,6.4251,6.7751,41482240,6.6051,0.76062639821028,INTC
2008-08-05,7.1451,7.4451,6.8551,7.4151,54548320,6.7751,2.2202486678508,INTC
2008-08-06,7.3381,7.4251,6.8551,7.1951,49926950,7.4151,-0.95569070373588,INTC
2008-08-07,7.1151,8.4451,7.0951,8.0651,113322000,7.1951,3.8157894736842,INTC
2008-08-08,8.1351,8.6951,7.9951,8.6251,59453640,8.0651,2.3658639628221,INTC
2008-08-11,8.4951,9.1351,8.3251,8.7751,51510910,8.6251,0.61906727197688,INTC
2008-08-12,8.6951,8.9851,8.4451,8.9151,51899030,8.7751,0.57424118129615,INTC
2008-08-13,8.6851,9.1451,8.4239,8.5151,46249810,8.9151,-1.6313213703099,INTC
2008-08-14,8.3071,8.8851,8.1551,8.7551,50424980,8.5151,0.99502487562188,INTC
2008-08-15,8.7451,8.8951,8.5751,8.6551,43069290,8.7551,-0.41050903119868,INTC
2008-08-18,8.6951,8.7751,8.2751,8.4051,45652760,8.6551,-1.0305028854081,INTC
2008-08-19,8.2051,8.4751,7.8751,7.9851,66154110,8.4051,-1.7492711370262,INTC
2008-08-20,8.1351,8.1951,7.5401,7.7851,54003400,7.9851,-0.84781687155574,INTC
2008-08-21,7.5251,7.6651,7.1951,7.4451,54991940,7.7851,-1.4536126549808,INTC
2008-08-22,7.5951,7.9151,7.3151,7.8851,44972970,7.4451,1.9088937093275,INTC
2008-08-25,7.6651,7.7551,7.3251,7.3651,42326390,7.8851,-2.2137079608344,INTC
2008-08-26,7.3251,7.5751,7.0451,7.5451,39515830,7.3651,0.78363082281236,INTC
2008-08-27,7.4951,7.9751,7.4151,7.8051,38968430,7.5451,1.1231101511879,INTC
2008-08-28,7.9851,8.1051,7.8551,7.9851,30301830,7.8051,0.76890217855617,INTC
2008-08-29,7.6751,7.7951,7.2451,7.2651,53543590,7.9851,-3.0521407376007,INTC
2008-09-02,7.6651,7.8751,6.8651,6.9751,44054570,7.2651,-1.2680367293398,INTC
2008-09-03,6.9801,6.9851,5.9051,5.9351,73805370,6.9751,-4.6058458813109,INTC
2008-09-04,5.8601,5.9051,4.8951,4.9151,87858530,5.9351,-4.7353760445682,INTC
2008-09-05,4.7451,5.2376,4.5451,5.0051,67324890,4.9151,0.43859649122807,INTC
2008-09-08,5.3751,5.4951,4.9151,5.3651,63278500,5.0051,1.7467248908297,INTC
2008-09-09,5.2051,5.2951,4.6151,4.7251,71212020,5.3651,-3.0519790176443,INTC
2008-09-10,5.1051,5.1151,4.5351,4.5551,66170340,4.7251,-0.83620265617313,INTC
2008-09-11,4.3651,4.5951,4.0651,4.5851,85555460,4.5551,0.14880952380953,INTC
2008-09-12,4.2551,4.6051,3.9751,4.5551,61073700,4.5851,-0.14858841010402,INTC
2008-09-15,3.8551,4.5751,3.7251,3.7551,75497030,4.5551,-3.968253968254,INTC
2008-09-16,3.1851,4.2451,2.9451,3.8751,103739000,3.7551,0.61983471074381,INTC
2008-09-17,3.6551,3.8951,2.9451,2.9451,92173360,3.8751,-4.7741273100616,INTC
2008-09-18,3.1751,4.0851,2.3051,3.6551,126479200,2.9451,3.8274932614555,INTC
2008-09-19,4.5551,4.6151,2.7551,3.6251,107661600,3.6551,-0.1557632398754,INTC
2008-09-22,3.5351,3.9051,2.8651,2.8951,48870470,3.6251,-3.7961518460738,INTC
2008-09-23,3.0351,3.6051,2.8951,3.0251,64635370,2.8951,0.7027027027027,INTC
2008-09-24,3.1651,3.4151,2.9151,3.0951,67869840,3.0251,0.37573805689748,INTC
2008-09-25,3.3351,3.3951,2.9151,2.9651,69628870,3.0951,-0.6951871657754,INTC
2008-09-26,2.6151,3.7969,2.5851,3.5951,68310860,2.9651,3.3925686591276,INTC
2008-09-29,3.1551,3.3951,1.664,1.6651,93022030,3.5951,-10.052083333333,INTC
2008-09-30,2.4751,3.1951,2.1951,3.1251,84119950,1.6651,8.4539664157499,INTC
2008-10-01,2.8951,3.0851,2.4551,2.9151,74400830,3.1251,-1.1211959423385,INTC
2008-10-02,2.6351,2.6551,1.5251,1.5951,80621720,2.9151,-7.1274298056156,INTC
2008-10-03,1.8951,2.3051,1.5951,1.7051,83398130,1.5951,0.63953488372093,INTC
2008-10-06,1.3651,1.8151,0.58509999999999,1.3251,111107000,1.7051,-2.1952628538417,INTC
2008-10-07,1.4751,1.7951,0.39509999999999,0.41509999999999,90071880,1.3251,-5.3750738334318,INTC
2008-10-08,0.0050999999999899,1.2251,-0.11490000000001,0.64509999999999,124215400,0.41509999999999,1.4357053682896,INTC
2008-10-09,1.1051,1.4451,-0.06490000000001,-0.0049000000000099,105907400,0.64509999999999,-4.0,INTC
2008-10-10,-0.59490000000001,0.28509999999999,-1.3449,-0.41490000000001,166771700,-0.0049000000000099,-2.6282051282051,INTC
2008-10-13,0.57509999999999,1.4751,0.08509999999999,1.3851,99223260,-0.41490000000001,11.849901250823,INTC
2008-10-14,1.8251,1.8551,0.025099999999991,0.32509999999999,124113400,1.3851,-6.2389640965274,INTC
2008-10-15,0.53509999999999,0.81509999999999,-0.62490000000001,-0.61490000000001,141040200,0.32509999999999,-5.9008160703076,INTC
2008-10-16,-0.37490000000001,0.36509999999999,-1.1249,0.27509999999999,120818600,-0.61490000000001,5.9372915276851,INTC
2008-10-17,-0.24490000000001,0.70509999999999,-0.33490000000001,-0.10490000000001,93865320,0.27509999999999,-2.3929471032746,INTC
2008-10-20,-0.10490000000001,0.50509999999999,-0.16490000000001,0.43509999999999,74030480,-0.10490000000001,3.4838709677419,INTC
2008-10-21,0.10009999999999,0.28509999999999,-0.39490000000001,-0.35490000000001,78518540,0.43509999999999,-4.9251870324189,INTC
2008-10-22,-0.41490000000001,-0.41490000000001,-1.3549,-1.0249,78409180,-0.35490000000001,-4.3934426229508,INTC
2008-10-23,-1.0049,-0.65490000000001,-1.7049,-1.0949,85012950,-1.0249,-0.480109739369,INTC
2008-10-24,-2.2149,-0.75490000000001,-2.2349,-1.3249,95982700,-1.0949,-1.5851137146795,INTC
2008-10-27,-1.5449,-0.74490000000001,-1.7449,-1.3549,80525950,-1.3249,-0.21008403361344,INTC
2008-10-28,-1.0249,0.30509999999999,-1.2449,0.25509999999999,102349000,-1.3549,11.298245614035,INTC
2008-10-29,-0.0049000000000099,0.16509999999999,-0.69490000000001,-0.66490000000001,99433700,0.25509999999999,-5.8007566204288,INTC
2008-10-30,-0.11490000000001,0.82509999999999,-0.32490000000001,0.56509999999999,134806300,-0.66490000000001,8.2329317269076,INTC
2008-10-31,0.36509999999999,0.88509999999999,0.01509999999999,0.42609999999999,94660300,0.56509999999999,-0.85961657390231,INTC
2008-11-03,0.52509999999999,0.73509999999999,-0.0049000000000099,0.035099999999991,54063720,0.42609999999999,-2.4390243902439,INTC
2008-11-04,0.57509999999999,0.78509999999999,0.20509999999999,0.65509999999999,71337700,0.035099999999991,3.9641943734015,INTC
2008-11-05,0.57509999999999,0.65509999999999,-0.51490000000001,-0.40490000000001,68907390,0.65509999999999,-7.380073800738,INTC
2008-11-06,-0.86490000000001,-0.68490000000001,-1.6849,-1.5949,108644400,-0.40490000000001,-7.9017264276229,INTC
2008-11-07,-1.3849,-0.70490000000001,-1.4449,-0.83490000000001,73414140,-1.5949,5.4794520547945,INTC
2008-11-10,-0.45490000000001,-0.40490000000001,-1.2349,-1.1149,52846500,-0.83490000000001,-1.9138755980861,INTC
2008-11-11,-1.4349,-1.2849,-2.0049,-1.5349,84832760,-1.1149,-2.9268292682927,INTC
2008-11-12,-1.9149,-1.4978,-1.9549,-1.9449,71244390,-1.5349,-2.943287867911,INTC
2008-11-13,-2.4249,-1.0249,-2.5949,-1.0349,143439900,-1.9449,6.7307692307692,INTC
2008-11-14,-1.3949,-1.3449,-2.2249,-2.1449,74756900,-1.0349,-7.6923076923077,INTC
2008-11-17,-2.2549,-1.9849,-2.4649,-2.4649,60202550,-2.1449,-2.4024024024024,INTC
2008-11-18,-2.3449,-2.2349,-2.9549,-2.3549,96838880,-2.4649,0.84615384615384,INTC
2008-11-19,-2.4549,-2.2049,-2.9949,-2.9749,73694840,-2.3549,-4.7292143401983,INTC
2008-11-20,-3.1849,-2.3149,-3.2949,-3.2349,113974100,-2.9749,-2.0816653322658,INTC
2008-11-21,-3.0149,-2.2949,-3.4049,-2.3549,104098200,-3.2349,7.1954210956664,INTC
2008-11-24,-2.1349,-1.7649,-2.3449,-1.9049,98121130,-2.3549,3.4324942791762,INTC
2008-11-25,-1.6849,-1.6149,-2.3549,-2.3349,84201140,-1.9049,-3.1710914454277,INTC
2008-11-26,-2.4249,-1.4749,-2.4549,-1.4949,71461660,-2.3349,6.3975628332064,INTC
2008-11-28,-1.6749,-1.4349,-1.7849,-1.6649,28359810,-1.4949,-1.2168933428776,INTC
2008-12-01,-2.0049,-1.8949,-2.9119,-2.9049,60824350,-1.6649,-8.9855072463768,INTC
2008-12-02,-2.5449,-2.1349,-2.8449,-2.1849,63833570,-2.9049,5.7324840764331,INTC
2008-12-03,-2.7249,-1.7949,-2.7449,-1.8049,77240320,-2.1849,2.8614457831325,INTC
2008-12-04,-2.1049,-1.9749,-2.7449,-2.6949,78382890,-1.8049,-6.5153733528551,INTC
2008-12-05,-2.7549,-2.1149,-3.0849,-2.1749,85171630,-2.6949,4.0720438527799,INTC
2008-12-08,-1.9049,-1.4549,-2.0149,-1.5249,77975030,-2.1749,4.8908954100828,INTC
2008-12-09,-1.8249,-0.77490000000001,-1.9774,-1.1649,88118310,-1.5249,2.5824964131994,INTC
2008-12-10,-1.2049,-0.66490000000001,-1.7149,-1.1949,74880250,-1.1649,-0.20979020979022,INTC
2008-12-11,-1.2249,-0.86490000000001,-1.4849,-1.4549,72534730,-1.1949,-1.8220042046251,INTC
2008-12-12,-1.7649,-0.63240000000001,-1.7749,-0.71490000000001,69870140,-1.4549,5.2819414703783,INTC
2008-12-15,-0.71490000000001,-0.52490000000001,-1.1449,-0.87490000000001,59504270,-0.71490000000001,-1.0847457627119,INTC
2008-12-16,-0.74490000000001,0.21509999999999,-0.84490000000001,0.17509999999999,100434300,-0.87490000000001,7.1967100753941,INTC
2008-12-17,-0.054900000000008,0.055099999999991,-0.44490000000001,-0.20490000000001,66505290,0.17509999999999,-2.4296675191816,INTC
2008-12-18,-0.40490000000001,-0.27490000000001,-1.3749,-1.2049,74109820,-0.20490000000001,-6.5530799475754,INTC
2008-12-19,-1.0449,-0.64490000000001,-1.2049,-1.0249,72408130,-1.2049,1.2622720897616,INTC
2008-12-22,-0.98490000000001,-0.88490000000001,-1.4649,-1.1249,42388150,-1.0249,-0.69252077562327,INTC
2008-12-23,-1.0249,-0.97490000000001,-1.4449,-1.3949,33804830,-1.1249,-1.8828451882845,INTC
2008-12-24,-1.3999,-1.1349,-1.4149,-1.2349,11420670,-1.3949,1.137171286425,INTC
2008-12-26,-1.2549,-1.1549,-1.4049,-1.2849,14813090,-1.2349,-0.35137034434294,INTC
2008-12-29,-1.2249,-1.1149,-1.5549,-1.3349,31939010,-1.2849,-0.35260930888575,INTC
2008-12-30,-1.1449,-0.66490000000001,-1.1549,-0.77490000000001,37072240,-1.3349,3.9631988676575,INTC
2008-12-31,-0.75490000000001,-0.54490000000001,-0.90490000000001,-0.80490000000001,34062930,-0.77490000000001,-0.20422055820285,INTC
2009-01-02,-0.77490000000001,-0.21490000000001,-0.99490000000001,-0.26490000000001,52208100,-0.80490000000001,3.6834924965894,INTC
2009-01-05,-0.39490000000001,-0.17490000000001,-0.65490000000001,-0.55490000000001,57318160,-0.26490000000001,-1.9078947368421,INTC
2009-01-06,-0.37490000000001,0.045099999999991,-0.38490000000001,-0.094900000000009,61625900,-0.55490000000001,3.0851777330651,INTC
2009-01-07,-0.67490000000001,-0.40490000000001,-1.1249,-1.0249,131384100,-0.094900000000009,-6.0507482108003,INTC
2009-01-08,-1.0149,-0.89490000000001,-1.2149,-0.91490000000001,62722870,-1.0249,0.7617728531856,INTC
2009-01-09,-0.87490000000001,-0.86490000000001,-1.4449,-1.3149,45550230,-0.91490000000001,-2.7491408934708,INTC
2009-01-12,-1.3049,-1.1649,-1.8449,-1.6749,54025540,-1.3149,-2.5441696113074,INTC
2009-01-13,-1.8749,-1.2849,-2.0149,-1.7949,65560110,-1.6749,-0.87019579405366,INTC
2009-01-14,-2.0049,-1.8349,-2.4949,-2.3849,69548290,-1.7949,-4.3160204828091,INTC
2009-01-15,-2.4549,-2.0149,-2.7549,-2.1749,72960950,-2.3849,1.605504587156,INTC
2009-01-16,-1.5849,-1.5049,-2.1949,-1.7249,83978270,-2.1749,3.3860045146727,INTC
2009-01-20,-1.9049,-1.7249,-2.6549,-2.6049,70418150,-1.7249,-6.4046579330422,INTC
2009-01-21,-2.4549,-2.2049,-2.9649,-2.2049,56071370,-2.6049,3.1104199066874,INTC
2009-01-22,-2.6349,-2.3949,-2.9149,-2.6449,72528590,-2.2049,-3.3182503770739,INTC
2009-01-23,-2.6149,-2.0749,-2.8849,-2.3449,63028460,-2.6449,2.3400936037441,INTC
2009-01-26,-2.3849,-1.8849,-2.4349,-2.0849,49553160,-2.3449,1.9817073170732,INTC
2009-01-27,-1.9549,-1.5149,-1.9649,-1.6549,45586530,-2.0849,3.2137518684604,INTC
2009-01-28,-1.3349,-1.1949,-1.6749,-1.4549,56661630,-1.6549,1.448225923244,INTC
2009-01-29,-1.6149,-1.6149,-2.1549,-2.0949,51331810,-1.4549,-4.5681655960029,INTC
2009-01-30,-2.0149,-1.9649,-2.5649,-2.5649,46410360,-2.0949,-3.5153328347046,INTC
2009-02-02,-2.6449,-1.7549,-2.7149,-1.8349,69846850,-2.5649,5.6589147286822,INTC
2009-02-03,-1.7949,-1.6749,-2.1749,-1.7349,56644100,-1.8349,0.73367571533382,INTC
2009-02-04,-1.5449,-0.76490000000001,-1.6149,-1.4449,77637940,-1.7349,1.0924981791697,INTC
2009-02-05,-1.6749,-0.92490000000001,-1.7949,-1.0749,61017740,-1.4449,2.6657060518732,INTC
2009-02-06,-0.88490000000001,-0.44490000000001,-1.1149,-0.59490000000001,62632800,-1.0749,3.3684210526316,INTC
2009-02-09,-0.68990000000001,-0.27490000000001,-0.78490000000001,-0.41490000000001,64696660,-0.59490000000001,1.2219959266802,INTC
2009-02-10,-0.54490000000001,-0.17490000000001,-1.2849,-1.2449,93949860,-0.41490000000001,-5.5667337357478,INTC
2009-02-11,-1.0649,-1.0049,-1.5949,-1.2449,57378660,-1.2449,0.0,INTC
2009-02-12,-1.5149,-1.3249,-1.8349,-1.3249,76361160,-1.2449,-0.56818181818182,INTC
2009-02-13,-1.4149,-1.0649,-1.4749,-1.4449,55943500,-1.3249,-0.85714285714285,INTC
2009-02-17,-1.7649,-1.5949,-2.1149,-2.1149,60647400,-1.4449,-4.8270893371758,INTC
2009-02-18,-2.0049,-1.6249,-2.2349,-1.9649,51288090,-2.1149,1.1355034065102,INTC
2009-02-19,-1.9949,-1.9449,-2.6531,-2.6449,56129020,-1.9649,-5.0898203592814,INTC
2009-02-20,-2.7949,-2.3049,-2.7949,-2.5449,73587210,-2.6449,0.78864353312303,INTC
2009-02-23,-2.4249,-2.4149,-3.2749,-3.2449,87673900,-2.5449,-5.4773082942097,INTC
2009-02-24,-3.1549,-2.5149,-3.2349,-2.5949,74599040,-3.2449,5.3807947019868,INTC
2009-02-25,-2.6049,-1.8449,-2.7449,-2.2949,108129100,-2.5949,2.356637863315,INTC
2009-02-26,-2.0049,-1.7249,-2.6649,-2.6149,69006100,-2.2949,-2.455871066769,INTC
2009-02-27,-2.8249,-2.1849,-2.8349,-2.5849,69754280,-2.6149,0.2360346184107,INTC
2009-03-02,-2.8149,-2.3049,-3.0149,-3.0149,64478120,-2.5849,-3.3751962323391,INTC
2009-03-03,-2.8449,-2.6949,-3.1849,-3.0449,76489160,-3.0149,-0.24370430544274,INTC
2009-03-04,-2.6249,-2.2749,-2.9649,-2.5649,84406910,-3.0449,3.9087947882736,INTC
2009-03-05,-2.7649,-2.4649,-3.0249,-3.0149,75987420,-2.5649,-3.5266457680251,INTC
2009-03-06,-2.8999,-2.4049,-3.2549,-2.9149,79153230,-3.0149,0.8123476848091,INTC
2009-03-09,-2.9949,-2.3249,-3.0249,-2.7749,87027000,-2.9149,1.1281224818695,INTC
2009-03-10,-2.5249,-1.3749,-2.5749,-1.4049,92433180,-2.7749,10.916334661355,INTC
2009-03-11,-1.2799,-1.2249,-1.6849,-1.3649,82083940,-1.4049,0.28735632183909,INTC
2009-03-12,-1.0849,-0.72490000000001,-1.4449,-0.80490000000001,84841350,-1.3649,4.0114613180516,INTC
2009-03-13,-0.75490000000001,-0.62490000000001,-1.1149,-0.62490000000001,66619580,-0.80490000000001,1.2396694214876,INTC
2009-03-16,-0.53490000000001,-0.47490000000001,-1.1849,-1.0749,72648070,-0.62490000000001,-3.0612244897959,INTC
2009-03-17,-1.0049,-0.42490000000001,-1.0749,-0.42490000000001,64900530,-1.0749,4.5614035087719,INTC
2009-03-18,-0.42490000000001,0.085099999999992,-0.60490000000001,-0.084900000000007,91358730,-0.42490000000001,2.2818791946309,INTC
2009-03-19,0.065099999999992,0.065099999999992,-0.60490000000001,-0.17490000000001,66400050,-0.084900000000007,-0.59055118110236,INTC
2009-03-20,-0.13490000000001,0.075099999999992,-0.97490000000001,-0.67490000000001,84639020,-0.17490000000001,-3.3003300330033,INTC
2009-03-23,-0.30490000000001,0.21509999999999,-0.38490000000001,0.19509999999999,64156310,-0.67490000000001,5.938566552901,INTC
2009-03-24,-0.064900000000008,0.087599999999991,-0.32490000000001,-0.32490000000001,59474750,0.19509999999999,-3.3505154639175,INTC
2009-03-25,-0.24490000000001,0.38509999999999,-0.61490000000001,-0.38490000000001,94120470,-0.32490000000001,-0.4,INTC
2009-03-26,-0.094900000000007,0.56509999999999,-0.14260000000001,0.49509999999999,77436860,-0.38490000000001,5.8902275769746,INTC
2009-03-27,0.16509999999999,0.33509999999999,-0.064900000000008,0.095099999999992,45662000,0.49509999999999,-2.5284450063211,INTC
2009-03-30,-0.23490000000001,-0.22490000000001,-0.84490000000001,-0.60490000000001,55354860,0.095099999999992,-4.5395590142672,INTC
2009-03-31,-0.41490000000001,0.045099999999991,-0.42490000000001,-0.29490000000001,62031800,-0.60490000000001,2.1059782608696,INTC
2009-04-01,-0.55490000000001,-0.0049000000000081,-0.70490000000001,-0.29490000000001,75043590,-0.29490000000001,0.0,INTC
2009-04-02,0.055099999999992,0.67509999999999,-0.064900000000008,0.37509999999999,77627980,-0.29490000000001,4.457751164338,INTC
2009-04-03,0.30509999999999,0.63509999999999,0.025099999999991,0.62509999999999,51133720,0.37509999999999,1.5923566878981,INTC
2009-04-06,0.32509999999999,0.54509999999999,0.12509999999999,0.53509999999999,47629000,0.62509999999999,-0.56426332288401,INTC
2009-04-07,0.27509999999999,0.45509999999999,-0.064900000000008,0.12509999999999,52650780,0.53509999999999,-2.5851197982346,INTC
2009-04-08,0.025099999999991,0.40509999999999,-0.17490000000001,-0.054900000000008,68290050,0.12509999999999,-1.1650485436893,INTC
2009-04-09,0.29509999999999,0.74509999999999,0.27509999999999,0.65509999999999,58501440,-0.054900000000008,4.6496398166339,INTC
2009-04-13,0.48509999999999,0.76509999999999,0.23509999999999,0.65509999999999,45326290,0.65509999999999,0.0,INTC
2009-04-14,0.65509999999999,1.0651,0.47509999999999,0.68509999999999,90344360,0.65509999999999,0.18773466833543,INTC
2009-04-15,0.035099999999991,0.35509999999999,-0.21490000000001,0.29509999999999,152652300,0.68509999999999,-2.4359775140537,INTC
2009-04-16,0.51509999999999,0.60509999999999,0.075099999999992,0.56509999999999,68755590,0.29509999999999,1.7285531370039,INTC
2009-04-17,0.55509999999999,0.56509999999999,0.12509999999999,0.27509999999999,67283000,0.56509999999999,-1.8250471994965,INTC
2009-04-20,0.035099999999991,0.045099999999991,-0.32490000000001,-0.32490000000001,66463550,0.27509999999999,-3.8461538461538,INTC
2009-04-21,-0.34490000000001,0.19509999999999,-0.36490000000001,0.035099999999991,84997750,-0.32490000000001,2.4,INTC
2009-04-22,-0.13490000000001,0.78509999999999,-0.24490000000001,0.34509999999999,95173550,0.035099999999991,2.0182291666667,INTC
2009-04-23,0.35509999999999,0.46509999999999,-0.22490000000001,0.20509999999999,74222070,0.34509999999999,-0.89342693044034,INTC
2009-04-24,0.28509999999999,0.41509999999999,-0.024900000000007,0.29509999999999,67620730,0.20509999999999,0.57952350289762,INTC
2009-04-27,-0.014900000000008,0.30509999999999,-0.11490000000001,-0.044900000000008,64351390,0.29509999999999,-2.1766965428937,INTC
2009-04-28,-0.20490000000001,0.085099999999992,-0.28490000000001,-0.27490000000001,55475260,-0.044900000000008,-1.5052356020942,INTC
2009-04-29,-0.12490000000001,0.22509999999999,-0.25490000000001,0.025099999999991,60731220,-0.27490000000001,1.9933554817276,INTC
2009-04-30,0.28509999999999,0.83509999999999,0.17509999999999,0.45509999999999,77711130,0.025099999999991,2.8013029315961,INTC
2009-05-01,0.43509999999999,0.52509999999999,0.15509999999999,0.48509999999999,50843810,0.45509999999999,0.19011406844107,INTC
2009-05-04,0.96509999999999,1.4151,0.81509999999999,1.3351,82348220,0.48509999999999,5.3763440860215,INTC
2009-05-05,1.3451,1.3451,0.74509999999999,0.97509999999999,62181000,1.3351,-3.0012004801921,INTC
2009-05-06,1.2451,1.2551,0.78509999999999,0.93509999999999,66132180,0.97509999999999,-0.24752475247524,INTC
2009-05-07,1.1251,1.1851,0.29509999999999,0.58509999999999,90268570,0.93509999999999,-2.1712158808933,INTC
2009-05-08,0.68509999999999,0.74509999999999,0.015099999999991,0.10509999999999,94036570,0.58509999999999,-3.0437539632213,INTC
2009-05-11,-0.094900000000007,0.44759999999999,-0.18490000000001,0.18509999999999,69475430,0.10509999999999,0.52321778940484,INTC
2009-05-12,0.30509999999999,0.34509999999999,-0.18490000000001,0.025099999999993,73258040,0.18509999999999,-1.0409889394925,INTC
2009-05-13,0.17509999999999,0.28509999999999,-0.094900000000007,-0.054900000000006,75821470,0.025099999999993,-0.52596975673899,INTC
2009-05-14,-0.024900000000007,0.50009999999999,-0.034900000000007,0.35509999999999,71182780,-0.054900000000006,2.7098479841375,INTC
2009-05-15,0.35509999999999,0.42509999999999,-0.034900000000007,0.0050999999999917,61791430,0.35509999999999,-2.2522522522523,INTC
2009-05-18,0.13509999999999,0.36509999999999,-0.0049000000000081,0.33509999999999,44674240,0.0050999999999917,2.1724818959842,INTC
2009-05-19,0.28509999999999,0.72509999999999,0.080899999999993,0.46509999999999,59016970,0.33509999999999,0.83762886597939,INTC
2009-05-20,0.62009999999999,0.86509999999999,0.30509999999999,0.39509999999999,58895540,0.46509999999999,-0.44728434504793,INTC
2009-05-21,0.17509999999999,0.24519999999999,-0.13490000000001,-0.0049000000000081,58494040,0.39509999999999,-2.5673940949936,INTC
2009-05-22,0.045099999999993,0.075099999999992,-0.17490000000001,-0.13490000000001,44280440,-0.0049000000000081,-0.85638998682476,INTC
2009-05-26,-0.17490000000001,0.32509999999999,-0.18490000000001,0.29509999999999,64257060,-0.13490000000001,2.8571428571429,INTC
2009-05-27,0.31509999999999,0.67509999999999,0.15509999999999,0.27509999999999,60482740,0.29509999999999,-0.12919896640827,INTC
2009-05-28,0.37509999999999,0.53829999999999,-0.034900000000007,0.53509999999999,59070640,0.27509999999999,1.6817593790427,INTC
2009-05-29,0.56509999999999,0.60509999999999,0.056099999999992,0.53509999999999,77268800,0.53509999999999,0.0,INTC
2009-06-01,0.84509999999999,1.4051,0.78509999999999,1.3151,75350780,0.53509999999999,4.9618320610687,INTC
2009-06-02,1.0651,1.3551,0.86509999999999,1.0051,58369680,1.3151,-1.8787878787879,INTC
2009-06-03,0.78509999999999,0.85509999999999,0.53609999999999,0.75509999999999,49781240,1.0051,-1.5441630636195,INTC
2009-06-04,0.79509999999999,1.0651,0.69609999999999,0.94509999999999,49066480,0.75509999999999,1.1919698870765,INTC
2009-06-05,1.1151,1.2651,0.60509999999999,0.73509999999999,62791350,0.94509999999999,-1.3019218846869,INTC
2009-06-08,0.67509999999999,0.91509999999999,0.42509999999999,0.73509999999999,43981970,0.73509999999999,0.0,INTC
2009-06-09,1.0251,1.4251,0.94509999999999,1.2351,63956790,0.73509999999999,3.140703517588,INTC
2009-06-10,1.3951,1.4251,0.96509999999999,1.2751,48779260,1.2351,0.2436053593179,INTC
2009-06-11,1.3051,1.5151,1.1151,1.1651,53216450,1.2751,-0.66828675577156,INTC
2009-06-12,1.0551,1.1251,0.83509999999999,1.1251,47587200,1.1651,-0.24464831804283,INTC
2009-06-15,0.86509999999999,0.98509999999999,0.53509999999999,0.79509999999999,60362060,1.1251,-2.0232985898222,INTC
2009-06-16,0.86509999999999,1.0051,0.61509999999999,0.67509999999999,54065400,0.79509999999999,-0.75093867334168,INTC
2009-06-17,0.64509999999999,1.1051,0.62509999999999,0.95509999999999,59290230,0.67509999999999,1.765447667087,INTC
2009-06-18,0.97509999999999,1.0351,0.65509999999999,0.68509999999999,57887100,0.95509999999999,-1.6728624535316,INTC
2009-06-19,0.86509999999999,0.99509999999999,0.66509999999999,0.82509999999999,71465890,0.68509999999999,0.88216761184627,INTC
2009-06-22,0.71509999999999,0.98509999999999,0.44509999999999,0.49509999999999,70793260,0.82509999999999,-2.0612117426608,INTC
2009-06-23,0.69509999999999,0.80509999999999,0.42509999999999,0.62509999999999,70607630,0.49509999999999,0.82908163265307,INTC
2009-06-24,0.85509999999999,1.1303,0.80509999999999,0.91509999999999,53283190,0.62509999999999,1.8342820999368,INTC
2009-06-25,0.86509999999999,1.1651,0.72509999999999,1.1251,55476020,0.91509999999999,1.3043478260869,INTC
2009-06-26,0.99509999999999,1.2451,0.95509999999999,1.1051,70245580,1.1251,-0.12262415695892,INTC
2009-06-29,1.2651,1.4751,1.0851,1.1951,59305380,1.1051,0.5524861878453,INTC
2009-06-30,1.1951,1.4551,1.0551,1.3651,67447080,1.1951,1.037851037851,INTC
2009-07-01,1.4851,2.1251,1.4851,1.8551,92453820,1.3651,2.9607250755287,INTC
2009-07-02,1.6851,1.7651,1.4951,1.5351,54879560,1.8551,-1.8779342723005,INTC
2009-07-06,1.4251,1.6551,1.1851,1.3551,47309620,1.5351,-1.0765550239234,INTC
2009-07-07,1.6451,1.7451,1.0151,1.0651,69157940,1.3551,-1.7533252720677,INTC
2009-07-08,1.1251,1.1751,0.59509999999999,0.75509999999999,80827260,1.0651,-1.9076923076923,INTC
2009-07-09,0.90509999999999,1.0951,0.77509999999999,0.83509999999999,65609080,0.75509999999999,0.50188205771644,INTC
2009-07-10,0.79509999999999,1.0351,0.67509999999999,0.85509999999999,51126110,0.83509999999999,0.12484394506866,INTC
2009-07-13,0.96509999999999,1.3551,0.71509999999999,1.3051,61726190,0.85509999999999,2.8054862842893,INTC
2009-07-14,1.3151,1.7051,1.2751,1.6451,93513930,1.3051,2.0618556701031,INTC
2009-07-15,2.8051,3.0051,2.5351,2.8651,186001400,1.6451,7.2489601901367,INTC
2009-07-16,2.7551,3.4051,2.7551,3.3151,89985180,2.8651,2.4930747922438,INTC
2009-07-17,3.3151,3.6251,3.0651,3.6051,84193890,3.3151,1.5675675675676,INTC
2009-07-20,3.6751,3.7451,3.3351,3.7151,77813770,3.6051,0.58541777541245,INTC
2009-07-21,3.7151,3.7351,3.3251,3.7151,63708350,3.7151,0.0,INTC
2009-07-22,3.6851,4.0951,3.6551,3.9551,141062100,3.7151,1.2698412698413,INTC
2009-07-23,3.9051,4.3951,3.8051,4.2951,86970010,3.9551,1.7763845350052,INTC
2009-07-24,3.9451,4.2151,3.8251,4.1751,51682750,4.2951,-0.61601642710473,INTC
2009-07-27,4.1051,4.3051,3.9651,4.2851,42311280,4.1751,0.56818181818182,INTC
2009-07-28,4.1051,4.2751,3.8651,4.1851,59990150,4.2851,-0.5136106831022,INTC
2009-07-29,4.1051,4.2551,3.9251,4.2151,50327940,4.1851,0.1548786783686,INTC
2009-07-30,4.3851,4.6151,4.1151,4.1451,60540970,4.2151,-0.36082474226804,INTC
2009-07-31,4.1551,4.3751,4.0651,4.0651,47505360,4.1451,-0.41386445938954,INTC
2009-08-03,4.2951,4.3751,3.9951,4.1851,44243550,4.0651,0.62337662337663,INTC
2009-08-04,4.0251,4.1951,3.9651,4.1351,46853760,4.1851,-0.25813113061436,INTC
2009-08-05,4.2251,4.2551,3.8151,3.8151,59945800,4.1351,-2.3809523809524,INTC
2009-08-06,3.8851,4.1351,3.5151,3.6551,66773710,3.8151,-0.84835630965005,INTC
2009-08-07,3.8651,3.9551,3.4551,3.4551,59408530,3.6551,-1.0695187165775,INTC
2009-08-10,3.5551,3.7801,3.5151,3.7151,46864580,3.4551,1.4054054054054,INTC
2009-08-11,3.6551,3.9051,3.5751,3.5951,32772360,3.7151,-0.63965884861408,INTC
2009-08-12,3.6451,4.0451,3.6151,3.7651,52938770,3.5951,0.91201716738196,INTC
2009-08-13,3.9251,4.0351,3.7351,4.0051,44055940,3.7651,1.2759170653908,INTC
2009-08-14,3.9251,3.9551,3.5351,3.7251,43571990,4.0051,-1.4698162729659,INTC
2009-08-17,3.3851,3.5351,3.3651,3.4051,48301620,3.7251,-1.7048481619606,INTC
2009-08-18,3.4551,3.8251,3.4151,3.7271,42441470,3.4051,1.7452574525745,INTC
2009-08-19,3.5051,3.8451,3.4651,3.7551,48164420,3.7271,0.14915832090349,INTC
2009-08-20,3.6851,3.7651,3.5152,3.6651,44845970,3.7551,-0.47872340425532,INTC
2009-08-21,3.8451,3.8751,3.5051,3.8452,55143050,3.6651,0.96258685195083,INTC
2009-08-24,3.9251,3.9551,3.6151,3.7151,38688440,3.8452,-0.68872054674141,INTC
2009-08-25,3.7151,4.2051,3.6951,4.0551,62016710,3.7151,1.8123667377399,INTC
2009-08-26,4.1651,4.4451,4.0851,4.3851,61456990,4.0551,1.7277486910995,INTC
2009-08-27,4.3051,4.4851,4.1151,4.4251,51365160,4.3851,0.2058672156459,INTC
2009-08-28,5.2151,5.6051,5.1251,5.2051,105086500,4.4251,4.0061633281972,INTC
2009-08-31,5.0451,5.3351,4.9251,5.2751,53378800,5.2051,0.34567901234568,INTC
2009-09-01,5.1751,5.5351,4.6151,4.6751,74414920,5.2751,-2.9527559055118,INTC
2009-09-02,4.5751,4.7851,4.4251,4.4251,41548510,4.6751,-1.2677484787018,INTC
2009-09-03,4.5651,4.5851,4.1851,4.3751,47443680,4.4251,-0.25680534155109,INTC
2009-09-04,4.3851,4.6451,4.2351,4.5951,47249270,4.3751,1.1328527291452,INTC
2009-09-08,4.8351,4.9451,4.5051,4.7551,45568970,4.5951,0.81466395112016,INTC
2009-09-09,4.7551,5.1051,4.5651,4.8851,48753980,4.7551,0.65656565656565,INTC
2009-09-10,4.8351,5.0351,4.6051,4.7151,49459760,4.8851,-0.85298544907174,INTC
2009-09-11,4.8551,4.8951,4.3251,4.4651,59376170,4.7151,-1.2651821862348,INTC
2009-09-14,4.2651,4.4451,4.2351,4.3151,52350290,4.4651,-0.7688364941056,INTC
2009-09-15,4.4951,4.6601,4.3151,4.5051,48160310,4.3151,0.98140495867769,INTC
2009-09-16,4.6551,4.7051,4.3951,4.6051,49174950,4.5051,0.51150895140664,INTC
2009-09-17,4.5851,4.8451,4.1751,4.3651,64571770,4.6051,-1.2213740458015,INTC
2009-09-18,4.4751,4.6551,4.3251,4.5151,53480660,4.3651,0.77279752704791,INTC
2009-09-21,4.4251,4.7101,4.3751,4.4951,36086890,4.5151,-0.10224948875255,INTC
2009-09-22,4.5851,4.6852,4.4051,4.4851,38148680,4.4951,-0.051177072671433,INTC
2009-09-23,4.5851,5.1951,4.5551,4.8351,72116610,4.4851,1.7921146953405,INTC
2009-09-24,4.8551,4.9551,4.4051,4.4951,52285300,4.8351,-1.7102615694165,INTC
2009-09-25,4.4051,4.5451,4.2551,4.3251,39457860,4.4951,-0.87001023541452,INTC
2009-09-28,4.3651,4.8851,4.3551,4.6951,37799290,4.3251,1.9101703665462,INTC
2009-09-29,4.6251,4.7351,4.3951,4.4351,42009200,4.6951,-1.3171225937183,INTC
2009-09-30,4.5651,4.7451,4.2051,4.5251,64713080,4.4351,0.46201232032854,INTC
2009-10-01,4.4451,4.4851,3.8451,3.8551,70559690,4.5251,-3.4236075625958,INTC
2009-10-02,3.9051,4.1751,3.9051,3.9251,58181120,3.8551,0.37037037037037,INTC
2009-10-05,4.0751,4.2251,3.9051,4.0551,56601200,3.9251,0.6852925672114,INTC
2009-10-06,4.2551,4.7351,4.2351,4.5851,74145340,4.0551,2.7748691099476,INTC
2009-10-07,4.5851,4.8251,4.4251,4.7051,49497630,4.5851,0.61130922058075,INTC
2009-10-08,4.6951,4.9351,4.4551,4.8351,74173590,4.7051,0.65822784810126,INTC
2009-10-09,4.7951,5.2751,4.7651,5.1251,55877800,4.8351,1.4587525150906,INTC
2009-10-12,5.3351,5.6051,5.1951,5.3551,64956880,5.1251,1.1403073872087,INTC
2009-10-13,5.4651,5.6451,5.3051,5.4451,113980600,5.3551,0.44117647058823,INTC
2009-10-14,6.2151,6.2251,5.7351,5.7861,164488800,5.4451,1.6642264519278,INTC
2009-10-15,5.7651,5.8851,5.4951,5.6251,80407290,5.7861,-0.77288656329508,INTC
2009-10-16,5.4251,5.5251,4.9751,5.1351,75703510,5.6251,-2.3705853894533,INTC
2009-10-19,5.2451,5.4351,5.0001,5.3651,68014720,5.1351,1.1397423191279,INTC
2009-10-20,5.4251,5.5351,5.0651,5.1351,67760060,5.3651,-1.1268985791279,INTC
2009-10-21,5.1251,5.3751,4.6151,4.8141,88109720,5.1351,-1.5906838453915,INTC
2009-10-22,4.8251,5.1351,4.5751,5.0751,66585130,4.8141,1.3142655722846,INTC
2009-10-23,5.3551,5.3551,4.5651,4.7351,82615840,5.0751,-1.6898608349901,INTC
2009-10-26,4.7351,4.9951,4.5151,4.7851,62982850,4.7351,0.25278058645095,INTC
2009-10-27,4.9651,5.0851,4.6251,4.6951,68031560,4.7851,-0.45385779122542,INTC
2009-10-28,4.5551,4.7051,3.9751,3.9851,87488090,4.6951,-3.596757852077,INTC
2009-10-29,4.1251,4.3651,4.0551,4.1751,77214430,3.9851,0.99842354177613,INTC
2009-10-30,4.2651,4.2951,3.6987,4.0651,92166940,4.1751,-0.57232049947971,INTC
2009-11-02,4.0051,4.1051,3.7051,3.9651,63610310,4.0651,-0.52328623757194,INTC
2009-11-03,3.5851,3.6051,3.2651,3.4551,101540600,3.9651,-2.682798527091,INTC
2009-11-04,3.7051,3.9251,3.5951,3.6851,85787000,3.4551,0.48648648648649,INTC
2009-11-05,3.8151,4.2001,3.7151,3.9851,66085790,3.6851,1.6137708445401,INTC
2009-11-06,3.9051,4.2051,3.8351,4.0251,44122470,3.9851,0.21175224986765,INTC
2009-11-09,4.2451,4.5551,4.2151,4.5551,51307750,4.0251,2.7997886951928,INTC
2009-11-10,4.5251,4.7851,4.5151,4.5951,59480740,4.5551,0.20554984583761,INTC
2009-11-11,4.7451,4.9951,4.7351,4.9351,61330370,4.5951,1.7435897435897,INTC
2009-11-12,5.3041,5.5951,4.7251,4.7751,76758040,4.9351,-0.80645161290323,INTC
2009-11-13,4.8151,5.0451,4.6751,4.9151,43720730,4.7751,0.71138211382114,INTC
2009-11-16,5.2051,5.4151,5.1051,5.3251,64765220,4.9151,2.0686175580222,INTC
2009-11-17,5.1951,5.4451,5.0951,5.4151,37559220,5.3251,0.4448838358873,INTC
2009-11-18,5.3351,5.3751,5.0951,5.2151,43021770,5.4151,-0.98425196850393,INTC
2009-11-19,4.4951,4.4951,4.0451,4.3951,108594500,5.2151,-4.0755467196819,INTC
2009-11-20,4.2551,4.4051,4.1751,4.3351,49122230,4.3951,-0.31088082901556,INTC
2009-11-23,4.5751,4.5951,4.4151,4.4951,42989470,4.3351,0.83160083160083,INTC
2009-11-24,4.5351,4.5951,4.3451,4.4851,52428420,4.4951,-0.051546391752567,INTC
2009-11-25,4.5851,4.5951,4.3751,4.4351,46687860,4.4851,-0.25786487880351,INTC
2009-11-27,4.0051,4.3451,3.9151,4.2051,35747630,4.4351,-1.1892450879007,INTC
2009-11-30,4.2051,4.3551,4.0951,4.2951,48582090,4.2051,0.47095761381476,INTC
2009-12-01,4.5551,4.7851,4.5451,4.7551,47223470,4.2951,2.3958333333333,INTC
2009-12-02,4.7951,4.9351,4.6451,4.8151,35749850,4.7551,0.30518819938962,INTC
2009-12-03,4.8551,5.1751,4.7951,4.9651,49734300,4.8151,0.76064908722111,INTC
2009-12-04,5.2851,5.6851,5.2451,5.5551,86288520,4.9651,2.9693004529441,INTC
2009-12-07,5.3051,5.6051,5.2851,5.4651,47052720,5.5551,-0.43988269794721,INTC
2009-12-08,5.3451,5.3751,4.8951,5.0851,63976110,5.4651,-1.8654884634266,INTC
2009-12-09,5.0851,5.1751,4.8051,5.1051,53606430,5.0851,0.10005002501252,INTC
2009-12-10,5.2551,6.2306,5.1251,5.2451,43206070,5.1051,0.69965017491253,INTC
2009-12-11,5.2951,5.3251,4.9051,4.9951,39121870,5.2451,-1.2406947890819,INTC
2009-12-14,5.1151,5.2051,4.9951,5.0751,35683620,4.9951,0.40201005025127,INTC
2009-12-15,4.9351,5.1551,4.7751,4.8951,43119470,5.0751,-0.9009009009009,INTC
2009-12-16,4.5951,4.8951,4.3751,4.4751,96601580,4.8951,-2.1212121212121,INTC
2009-12-17,4.3351,4.3851,4.1651,4.1651,52247480,4.4751,-1.5995872033024,INTC
2009-12-18,4.3051,4.8051,4.1951,4.7251,98793600,4.1651,2.9365495542737,INTC
2009-12-21,5.0751,5.4251,4.0951,5.1851,56856600,4.7251,2.3433520122262,INTC
2009-12-22,5.2451,5.3951,5.0451,5.1351,36020220,5.1851,-0.24888003982081,INTC
2009-12-23,5.1551,5.3351,5.1251,5.1951,30530830,5.1351,0.2994011976048,INTC
2009-12-24,5.2951,5.4451,5.2751,5.4251,12189150,5.1951,1.1442786069652,INTC
2009-12-28,5.5051,5.5951,5.2551,5.3951,27361110,5.4251,-0.14756517461878,INTC
2009-12-29,5.5051,5.5701,5.3251,5.4971,29308950,5.3951,0.50246305418719,INTC
2009-12-30,5.3451,5.6951,5.3451,5.6851,26245320,5.4971,0.9214782864425,INTC
2009-12-31,5.6951,5.8151,5.4951,5.4951,26402940,5.6851,-0.92277804759593,INTC
2010-01-04,5.8851,6.1251,5.8251,5.9751,47690080,5.4951,2.3529411764706,INTC
2010-01-05,6.0351,6.0851,5.6951,5.9651,52173810,5.9751,-0.047892720306504,INTC
2010-01-06,5.9051,6.0251,5.7651,5.8951,40020170,5.9651,-0.33540967896502,INTC
2010-01-07,5.8251,5.8551,5.4351,5.6951,53999600,5.8951,-0.96153846153846,INTC
2010-01-08,5.6351,5.9851,5.4951,5.9251,48126250,5.6951,1.1165048543689,INTC
2010-01-11,6.2051,6.2451,5.9151,6.0451,51037860,5.9251,0.57609217474796,INTC
2010-01-12,5.9651,5.9951,5.4751,5.7031,69909120,6.0451,-1.6324582338902,INTC
2010-01-13,5.8151,6.1751,5.5351,6.0551,71319720,5.7031,1.7080745341615,INTC
2010-01-14,6.2051,6.6451,6.1451,6.5751,148109100,6.0551,2.4809160305343,INTC
2010-01-15,6.4851,6.4951,5.8651,5.8951,197925600,6.5751,-3.1657355679702,INTC
2010-01-19,5.9951,6.2651,5.9451,6.1451,82206390,5.8951,1.2019230769231,INTC
2010-01-20,6.0851,6.2351,5.9451,6.1751,65605440,6.1451,0.14251781472683,INTC
2010-01-21,6.2451,6.4051,5.7751,5.9351,73473560,6.1751,-1.1385199240987,INTC
2010-01-22,5.8651,5.8851,4.9051,5.0051,116228000,5.9351,-4.4625719769674,INTC
2010-01-25,5.3351,5.672,5.2351,5.4151,71187560,5.0051,2.0592667001507,INTC
2010-01-26,5.2751,5.4751,5.0451,5.0951,65248690,5.4151,-1.5748031496063,INTC
2010-01-27,5.0951,5.4251,4.9151,5.3351,74901960,5.0951,1.2,INTC
2010-01-28,5.3951,5.4851,4.7751,5.0151,76908250,5.3351,-1.5810276679842,INTC
2010-01-29,5.2251,5.3258,4.3951,4.4951,95685830,5.0151,-2.6104417670683,INTC
2010-02-01,4.5651,4.8451,4.5351,4.7051,50151930,4.4951,1.0824742268041,INTC
2010-02-02,4.7751,5.1351,4.6551,5.0051,61904180,4.7051,1.529831718511,INTC
2010-02-03,5.0326,5.1326,4.7226,4.9326,45492730,5.0051,-1.1551983927675,INTC
2010-02-04,4.8226,4.8326,4.2026,4.2726,90852190,4.9326,-3.3536585365854,INTC
2010-02-05,4.3526,4.8326,4.2526,4.7226,88686400,4.2726,2.3659305993691,INTC
2010-02-08,4.7326,5.0426,4.5526,4.6026,62496200,4.7226,-0.61633281972264,INTC
2010-02-09,4.8926,5.1426,4.6926,4.9026,69182060,4.6026,1.5503875968992,INTC
2010-02-10,4.8426,5.1226,4.7026,4.9426,56226590,4.9026,0.20356234096693,INTC
2010-02-11,4.8826,5.4526,4.8026,5.3126,58802670,4.9426,1.879126460132,INTC
2010-02-12,5.2126,5.9276,5.0376,5.6826,88558430,5.3126,1.8444666001994,INTC
2010-02-16,5.8726,6.1026,5.8026,5.9726,68771900,5.6826,1.419481155164,INTC
2010-02-17,6.1126,6.1126,5.7826,5.9126,47008110,5.9726,-0.28957528957528,INTC
2010-02-18,5.8926,6.1026,5.7976,6.0926,42526220,5.9126,0.87124878993223,INTC
2010-02-19,5.9726,6.2226,5.8326,6.0726,40756850,6.0926,-0.095969289827253,INTC
2010-02-22,6.2026,6.2126,5.9026,6.1226,38716100,6.0726,0.24015369836696,INTC
2010-02-23,6.0926,6.2026,5.5426,5.6406,62210670,6.1226,-2.3095352180163,INTC
2010-02-24,5.7726,6.0626,5.7526,5.9526,51054250,5.6406,1.5303119482048,INTC
2010-02-25,5.6226,5.9126,5.4726,5.8826,48508110,5.9526,-0.33816425120773,INTC
2010-02-26,5.8526,5.9326,5.6826,5.7826,47738450,5.8826,-0.48473097430925,INTC
2010-03-01,5.9326,6.1926,5.8726,6.1226,51071560,5.7826,1.656113005358,INTC
2010-03-02,6.2426,6.3426,5.8326,5.9501,59300770,6.1226,-0.82654528030666,INTC
2010-03-03,6.0126,6.0726,5.6926,5.7726,49834680,5.9501,-0.85759149655756,INTC
2010-03-04,5.8526,5.8626,5.5126,5.7826,62741670,5.7726,0.048732943469793,INTC
2010-03-05,5.9126,6.0926,5.7026,6.0426,45854950,5.7826,1.2664393570385,INTC
2010-03-08,6.0626,6.1326,5.9526,6.0226,35709770,6.0426,-0.096200096200094,INTC
2010-03-09,5.9326,6.4526,5.9126,6.1926,83157430,6.0226,0.8184882041406,INTC
2010-03-10,6.2026,6.5426,6.1626,6.4426,58433750,6.1926,1.1938872970392,INTC
2010-03-11,6.3926,6.5226,6.2426,6.5026,53765530,6.4426,0.28315243039169,INTC
2010-03-12,6.5626,6.6226,6.4326,6.5226,39581120,6.5026,0.094117647058822,INTC
2010-03-15,6.4126,6.5726,6.3026,6.4226,34338050,6.5226,-0.470145745181,INTC
2010-03-16,6.4826,7.2926,6.4526,7.2626,122957300,6.4226,3.9678790741615,INTC
2010-03-17,7.3126,7.6026,7.1626,7.4951,77764310,7.2626,1.056338028169,INTC
2010-03-18,7.4426,7.6026,7.2626,7.4526,54403800,7.4951,-0.19107564347533,INTC
2010-03-19,7.5026,7.6426,7.0626,7.2451,77936390,7.4526,-0.93468468468468,INTC
2010-03-22,7.1226,7.5526,7.0926,7.4926,47308430,7.2451,1.1253836535182,INTC
2010-03-23,7.6426,8.0026,7.6126,7.9251,64656540,7.4926,1.9446942446043,INTC
2010-03-24,7.7826,7.9226,7.5726,7.6826,54722220,7.9251,-1.0695776822141,INTC
2010-03-25,7.9426,7.9826,7.5626,7.6026,52407710,7.6826,-0.35666518056174,INTC
2010-03-26,7.6826,7.8426,7.3226,7.4926,45628650,7.6026,-0.49217002237138,INTC
2010-03-29,7.6676,7.7426,7.5126,7.5826,34435020,7.4926,0.40467625899281,INTC
2010-03-30,7.6526,7.7926,7.4326,7.5926,37719090,7.5826,0.0447828034035,INTC
2010-03-31,7.5726,7.7526,7.4556,7.5426,45983730,7.5926,-0.22381378692928,INTC
2010-04-01,7.6526,7.8926,7.4526,7.6426,45483980,7.5426,0.44863167339615,INTC
2010-04-05,7.7326,7.9026,7.5926,7.8426,34939280,7.6426,0.89325591782045,INTC
2010-04-06,7.6826,7.7326,7.5126,7.6526,46829610,7.8426,-0.84108012394866,INTC
2010-04-07,7.6826,7.9327,7.5026,7.7026,62520070,7.6526,0.22321428571429,INTC
2010-04-08,7.6276,7.6626,7.4126,7.5626,40360210,7.7026,-0.62360801781737,INTC
2010-04-09,7.6526,7.8226,7.6126,7.8026,45495980,7.5626,1.0757507844016,INTC
2010-04-12,7.9426,7.9826,7.6926,7.7916,49203020,7.8026,-0.048780487804875,INTC
2010-04-13,7.9026,8.0726,7.7226,8.0225,120771000,7.7916,1.0244465149297,INTC
2010-04-14,8.8226,8.9427,8.5226,8.7726,158900000,8.0225,3.2942612835366,INTC
2010-04-15,9.0826,9.6193,9.0526,9.4736,110631500,8.7726,2.9804421768708,INTC
2010-04-16,9.3126,9.4126,9.0226,9.1726,102933200,9.4736,-1.2427232566781,INTC
2010-04-19,9.1626,9.2926,8.7926,9.2526,71235840,9.1726,0.33444816053511,INTC
2010-04-20,9.4526,9.5026,9.1526,9.3726,65906770,9.2526,0.5,INTC
2010-04-21,9.3526,9.3826,8.7926,9.0526,73737220,9.3726,-1.3266998341625,INTC
2010-04-22,8.8026,9.3126,8.5676,9.2426,73636050,9.0526,0.79831932773108,INTC
2010-04-23,9.2026,9.3126,8.9826,9.2926,56959630,9.2426,0.20842017507295,INTC
2010-04-26,9.3326,9.3826,9.0626,9.0726,57681300,9.2926,-0.91514143094841,INTC
2010-04-27,8.9826,9.1276,8.5526,8.6026,78917130,9.0726,-1.9731318219983,INTC
2010-04-28,8.6626,8.7126,8.1626,8.5126,109009300,8.6026,-0.38543897216274,INTC
2010-04-29,8.5826,8.7626,8.5526,8.7426,58935250,8.5126,0.98882201203782,INTC
2010-04-30,8.7026,8.7126,8.0626,8.0926,81810080,8.7426,-2.767134951043,INTC
2010-05-03,8.2326,8.6946,8.1526,8.5126,55436360,8.0926,1.8388791593695,INTC
2010-05-04,8.1826,8.2026,7.6526,7.8126,90659070,8.5126,-3.0094582975065,INTC
2010-05-05,7.5101,7.7901,7.3101,7.5826,96774110,7.8126,-1.7176418439716,INTC
2010-05-06,7.5601,7.7901,5.3101,6.9201,160560300,7.5826,-2.987935505694,INTC
2010-05-07,6.6701,7.1101,5.8701,6.7201,139331300,6.9201,-0.92980009298002,INTC
2010-05-10,7.7001,7.9701,7.5701,7.9601,112540900,6.7201,5.8188643829188,INTC
2010-05-11,7.7301,8.2701,7.5101,7.6901,102668700,7.9601,-1.1973392461197,INTC
2010-05-12,8.0101,8.5501,7.9001,8.5001,83269920,7.6901,3.6355475763016,INTC
2010-05-13,8.4401,8.5801,7.7701,7.9101,62060850,8.5001,-2.555218709398,INTC
2010-05-14,7.6001,7.6201,6.9401,7.3001,83489440,7.9101,-2.7111111111111,INTC
2010-05-17,7.1601,7.4601,6.8201,7.4301,64600420,7.3001,0.59387848332572,INTC
2010-05-18,7.5501,7.6401,6.7401,6.8401,76487970,7.4301,-2.6793823796549,INTC
2010-05-19,6.9301,7.1201,6.4101,7.0101,89492700,6.8401,0.79328044797014,INTC
2010-05-20,6.4301,6.6526,6.0401,6.2001,106386500,7.0101,-3.75,INTC
2010-05-21,5.8201,6.5801,5.5901,6.3176,111731700,6.2001,0.56517556517556,INTC
2010-05-24,6.3601,6.6275,6.0201,6.0801,56390760,6.3176,-1.1359559966519,INTC
2010-05-25,5.5301,6.2801,5.4401,6.2601,95873770,6.0801,0.87082728592162,INTC
2010-05-26,6.5101,6.9101,6.1069,6.1101,85470870,6.2601,-0.71942446043166,INTC
2010-05-27,6.5701,7.2101,6.5301,7.1701,83144210,6.1101,5.1207729468599,INTC
2010-05-28,7.0901,7.1601,6.6401,6.8301,72689700,7.1701,-1.5625,INTC
2010-06-01,6.7101,7.1451,6.5401,6.5901,57147730,6.8301,-1.1204481792717,INTC
2010-06-02,6.8001,7.2401,6.5701,7.2201,61286350,6.5901,2.9745042492918,INTC
2010-06-03,7.3681,7.4101,6.8821,7.3101,54603660,7.2201,0.41265474552957,INTC
2010-06-04,6.9501,7.0101,6.2001,6.3551,67696220,7.3101,-4.3607305936073,INTC
2010-06-07,6.3501,6.4401,5.6501,5.7176,65304430,6.3551,-3.0436858438768,INTC
2010-06-08,5.6301,5.6401,5.1501,5.5901,91338720,5.7176,-0.62784685461037,INTC
2010-06-09,5.8001,6.0101,5.2701,5.3401,58945930,5.5901,-1.2388503468781,INTC
2010-06-10,5.7601,6.0101,5.6601,5.9601,57038110,5.3401,3.1108881083793,INTC
2010-06-11,5.7201,6.1601,5.6901,6.0501,49488090,5.9601,0.43795620437956,INTC
2010-06-14,6.3601,6.5501,6.2301,6.3001,68829690,6.0501,1.2112403100775,INTC
2010-06-15,6.5201,6.9701,6.4201,6.8901,62028500,6.3001,2.8243178554332,INTC
2010-06-16,6.8201,7.0601,6.6201,6.8991,43542830,6.8901,0.041899441340784,INTC
2010-06-17,7.0001,7.1001,6.6101,6.9301,37256070,6.8991,0.14425985387872,INTC
2010-06-18,6.9701,7.0601,6.5901,6.8101,64646630,6.9301,-0.55762081784387,INTC
2010-06-21,7.0801,7.1001,6.4701,6.6001,48712340,6.8101,-0.98130841121494,INTC
2010-06-22,6.5401,6.7401,6.2701,6.3901,58586800,6.6001,-0.99103350637093,INTC
2010-06-23,6.3501,6.4301,6.0701,6.2201,61345190,6.3901,-0.81029551954243,INTC
2010-06-24,6.0301,6.2001,5.6101,5.7301,61951730,6.2201,-2.3546371936569,INTC
2010-06-25,5.8101,5.8201,5.3001,5.4426,92823000,5.7301,-1.4148622047244,INTC
2010-06-28,5.5201,6.0001,5.3201,5.7701,54418980,5.4426,1.6348433795083,INTC
2010-06-29,5.4101,5.4601,5.0601,5.2001,78713880,5.7701,-2.7996070726916,INTC
2010-06-30,5.1101,5.4401,4.8101,4.8601,64248180,5.2001,-1.7180394138454,INTC
2010-07-01,4.8401,5.0251,4.4101,4.6601,88289110,4.8601,-1.0282776349614,INTC
2010-07-02,4.6201,4.7801,4.3701,4.6101,58044940,4.6601,-0.25974025974026,INTC
2010-07-06,4.9601,5.1701,4.6601,4.8911,60645200,4.6101,1.4635416666667,INTC
2010-07-07,4.8701,5.5801,4.8001,5.5526,71660760,4.8911,3.395616241466,INTC
2010-07-08,5.7501,5.7701,5.2401,5.5101,65401380,5.5526,-0.21099664887674,INTC
2010-07-09,5.4701,5.6901,5.3701,5.6501,52781840,5.5101,0.69651741293531,INTC
2010-07-12,5.7201,6.0601,5.7101,5.9801,56298310,5.6501,1.6304347826087,INTC
2010-07-13,6.3801,7.6901,6.2301,6.4201,99672500,5.9801,2.1390374331551,INTC
2010-07-14,7.4701,7.6601,6.6901,6.7701,198872100,6.4201,1.6658733936221,INTC
2010-07-15,6.7501,7.0001,6.4201,6.9201,118470200,6.7701,0.70224719101125,INTC
2010-07-16,6.8401,6.8901,6.4101,6.4301,80328050,6.9201,-2.278010227801,INTC
2010-07-19,6.5801,7.0201,6.5696,7.0001,63309450,6.4301,2.7117031398668,INTC
2010-07-20,6.5701,7.1401,6.5101,7.0601,72317120,7.0001,0.27790643816581,INTC
2010-07-21,6.9801,7.0601,6.5901,6.6701,72310680,7.0601,-1.8013856812933,INTC
2010-07-22,6.7601,7.3901,6.7501,7.1901,74430820,6.6701,2.4459078080903,INTC
2010-07-23,7.0501,7.1301,6.7401,7.1001,62079650,7.1901,-0.41322314049587,INTC
2010-07-26,7.0901,7.1451,6.8201,7.1201,50870870,7.1001,0.092208390963576,INTC
2010-07-27,7.0901,7.1501,6.8001,6.9901,53972380,7.1201,-0.59880239520959,INTC
2010-07-28,7.0501,7.1001,6.7001,6.7401,51451750,6.9901,-1.1584800741427,INTC
2010-07-29,6.8001,6.8901,6.1701,6.4401,83761240,6.7401,-1.4064697609001,INTC
2010-07-30,6.1801,6.3301,5.9901,6.0101,67314270,6.4401,-2.0446980504042,INTC
2010-08-02,6.3101,6.6901,6.1401,6.5601,50160650,6.0101,2.6699029126213,INTC
2010-08-03,6.4201,6.4401,6.1201,6.2801,60835660,6.5601,-1.3238770685579,INTC
2010-08-04,6.3776,6.4276,6.0176,6.2976,85581150,6.2801,-0.67081935793005,INTC
2010-08-05,6.2076,6.3576,6.0276,6.2376,44659870,6.2976,-0.28943560057887,INTC
2010-08-06,6.0176,6.3776,5.9776,6.2176,50794470,6.2376,-0.09675858732464,INTC
2010-08-09,6.3576,6.3576,5.9776,6.2176,46048800,6.2176,0.0,INTC
2010-08-10,5.6776,5.7376,5.2676,5.3876,136169000,6.2176,-4.0193704600484,INTC
2010-08-11,5.0976,5.1476,4.8676,4.9926,98811520,5.3876,-1.9929364278507,INTC
2010-08-12,4.7376,5.2976,4.6476,5.0176,86534650,4.9926,0.12870012870012,INTC
2010-08-13,4.8976,5.0576,4.7176,4.7176,57320250,5.0176,-1.5424164524422,INTC
2010-08-16,4.7076,5.1276,4.6776,5.0376,48642380,4.7176,1.6710182767624,INTC
2010-08-17,5.2876,5.4376,5.0676,5.0976,60751340,5.0376,0.30816640986134,INTC
2010-08-18,5.0976,5.3476,5.0376,5.1576,56300740,5.0976,0.30721966205837,INTC
2010-08-19,4.5376,4.6976,4.3776,4.4676,159633900,5.1576,-3.5222052067381,INTC
2010-08-20,4.4876,4.5676,4.3276,4.4776,94697520,4.4676,0.052910052910061,INTC
2010-08-23,4.4876,4.5476,4.1676,4.2676,71906340,4.4776,-1.1105235325225,INTC
2010-08-24,4.1276,4.2476,3.9576,3.9726,74971080,4.2676,-1.5775401069519,INTC
2010-08-25,3.8276,4.1576,3.7476,4.0476,62659220,3.9726,0.40749796251018,INTC
2010-08-26,4.1676,4.1776,3.6876,3.7476,69497890,4.0476,-1.6233766233766,INTC
2010-08-27,3.7976,4.0876,3.3776,3.9376,135056300,3.7476,1.0451045104511,INTC
2010-08-30,3.8176,3.8776,3.5076,3.5276,73536020,3.9376,-2.2318998366903,INTC
2010-08-31,3.4476,3.4876,3.1676,3.2326,111529600,3.5276,-1.6425389755011,INTC
2010-09-01,3.5076,3.8376,3.4576,3.7076,73395890,3.2326,2.6889329181998,INTC
2010-09-02,3.7976,3.8976,3.6476,3.8476,53144830,3.7076,0.77177508269019,INTC
2010-09-03,4.0876,4.1576,3.7676,3.9976,59099800,3.8476,0.82056892778993,INTC
2010-09-07,3.9276,3.9776,3.6176,3.6876,58471650,3.9976,-1.6820401519262,INTC
2010-09-08,3.6076,3.6176,3.3176,3.4676,101618500,3.6876,-1.2141280353201,INTC
2010-09-09,3.6176,3.6476,3.4976,3.5676,64942090,3.4676,0.5586592178771,INTC
2010-09-10,3.5176,3.6676,3.4076,3.5376,68783600,3.5676,-0.16666666666667,INTC
2010-09-13,3.7876,4.1276,3.7676,4.1251,73402660,3.5376,3.2693377851976,INTC
2010-09-14,4.0976,4.3676,3.9076,4.3076,64418810,4.1251,0.98342988010237,INTC
2010-09-15,4.2976,4.3376,4.1076,4.2876,56061470,4.3076,-0.10672358591248,INTC
2010-09-16,4.2676,4.5476,4.1476,4.5376,69054360,4.2876,1.3354700854701,INTC
2010-09-17,4.5976,4.6476,4.2376,4.3776,70373790,4.5376,-0.84343700579863,INTC
2010-09-20,4.4576,4.5276,4.2576,4.4977,44841420,4.3776,0.63849016480596,INTC
2010-09-21,4.4476,4.8376,4.4076,4.7076,69128110,4.4977,1.1088161182456,INTC
2010-09-22,4.6076,4.8176,4.4576,4.5776,61473400,4.7076,-0.67920585161964,INTC
2010-09-23,4.4176,4.8776,4.3176,4.5476,51914370,4.5776,-0.15781167806418,INTC
2010-09-24,4.7976,5.0176,4.7476,4.9901,55668200,4.5476,2.3314014752371,INTC
2010-09-27,4.9676,4.9976,4.7476,4.8026,51026640,4.9901,-0.96537520916463,INTC
2010-09-28,4.8776,5.1376,4.6676,5.0726,61009610,4.8026,1.4036911879387,INTC
2010-09-29,5.0476,5.1876,4.6876,4.8076,62445240,5.0726,-1.358625993335,INTC
2010-09-30,4.9076,5.1651,4.6776,4.7676,75193770,4.8076,-0.2079002079002,INTC
2010-10-01,5.0376,5.9176,4.4509,4.8876,41251430,4.7676,0.62500000000001,INTC
2010-10-04,4.8176,4.8676,4.3376,4.4376,67008770,4.8876,-2.3291925465838,INTC
2010-10-05,4.6476,4.8576,4.5976,4.7176,60877420,4.4376,1.4838367779544,INTC
2010-10-06,4.7776,4.9376,4.6976,4.8776,54925280,4.7176,0.8355091383812,INTC
2010-10-07,4.9376,5.1076,4.7776,4.9676,51740390,4.8776,0.46607975142413,INTC
2010-10-08,4.9676,5.1476,4.7776,5.0876,46463110,4.9676,0.61855670103093,INTC
2010-10-11,5.1576,5.3176,5.0976,5.1276,52653890,5.0876,0.20491803278688,INTC
2010-10-12,5.2176,5.3676,5.0076,5.3376,93308690,5.1276,1.0736196319018,INTC
2010-10-13,5.5476,5.5976,4.7276,4.8076,171588300,5.3376,-2.6808295397066,INTC
2010-10-14,4.8776,5.0276,4.7676,4.8876,59123680,4.8076,0.41580041580043,INTC
2010-10-15,5.0076,5.0376,4.7676,4.8876,64023770,4.8876,0.0,INTC
2010-10-18,4.8276,4.8876,4.5376,4.7576,54889960,4.8876,-0.67287784679089,INTC
2010-10-19,4.5776,4.9576,4.4676,4.7776,85309530,4.7576,0.10422094841063,INTC
2010-10-20,4.8676,5.3476,4.8576,5.2076,84836340,4.7776,2.2384174908902,INTC
2010-10-21,5.3176,5.4276,5.1376,5.3276,74140640,5.2076,0.61099796334013,INTC
2010-10-22,5.3576,5.4976,5.3176,5.4026,50110020,5.3276,0.37955465587044,INTC
2010-10-25,5.5176,5.5676,5.3676,5.4376,45730040,5.4026,0.17645576002017,INTC
2010-10-26,5.3576,5.6776,5.2976,5.6076,56325440,5.4376,0.85556114745847,INTC
2010-10-27,5.4976,5.7676,5.3776,5.7576,48062000,5.6076,0.74850299401199,INTC
2010-10-28,5.8576,6.0976,5.5876,6.0376,71128690,5.7576,1.3868251609708,INTC
2010-10-29,6.0176,6.1276,5.5776,5.6176,60737490,6.0376,-2.0517830972154,INTC
2010-11-01,5.9176,6.2376,5.9076,6.1376,51571130,5.6176,2.5935162094763,INTC
2010-11-02,6.2076,6.2626,5.8576,5.9076,60920430,6.1376,-1.1181332036947,INTC
2010-11-03,6.0651,6.2451,5.9451,6.2051,52961680,5.9076,0.68829891838742,INTC
2010-11-04,6.3851,6.7451,6.2851,6.6951,65767730,6.2051,2.392578125,INTC
2010-11-05,6.7351,7.0151,6.6951,6.9651,55900340,6.6951,1.2875536480687,INTC
2010-11-08,7.0651,7.2251,6.8951,6.9551,52903720,6.9651,-0.04708097928436,INTC
2010-11-09,6.9251,7.0751,6.7551,6.8851,46547720,6.9551,-0.32972209138012,INTC
2010-11-10,6.8751,6.8951,6.5451,6.7651,47965210,6.8851,-0.56710775047259,INTC
2010-11-11,6.4151,6.9551,6.2751,6.9351,69400470,6.7651,0.80798479087453,INTC
2010-11-12,7.1651,7.5351,7.0551,7.2551,100306200,6.9351,1.5087223008015,INTC
2010-11-15,7.3751,7.3851,6.9851,7.0201,50041080,7.2551,-1.0915002322341,INTC
2010-11-16,6.8551,6.9951,6.6051,6.7951,62430590,7.0201,-1.0565860530641,INTC
2010-11-17,6.7451,6.9451,6.6551,6.8051,44246390,6.7951,0.047460844803028,INTC
2010-11-18,6.7751,6.9651,6.6451,6.7401,68489060,6.8051,-0.30834914611005,INTC
2010-11-19,6.6951,6.9251,6.6051,6.8601,48636870,6.7401,0.57102069950036,INTC
2010-11-22,6.6451,7.0051,6.6051,6.9751,40198030,6.8601,0.54412112609415,INTC
2010-11-23,6.7654,6.9451,6.5351,6.8126,44615640,6.9751,-0.76470588235295,INTC
2010-11-24,6.9551,7.2951,6.8951,7.1126,42449240,6.8126,1.4226437462952,INTC
2010-11-26,6.9651,7.1501,6.8251,7.0651,19148970,7.1126,-0.22209234365868,INTC
2010-11-29,6.8751,7.1751,6.8451,7.0551,46720400,7.0651,-0.046860356138714,INTC
2010-11-30,6.9051,7.0251,6.7951,6.8826,52346490,7.0551,-0.80872011251758,INTC
2010-12-01,7.1851,7.3251,7.1451,7.2051,52465450,6.8826,1.5242821694435,INTC
2010-12-02,7.2251,7.4951,7.2051,7.4251,48095360,7.2051,1.024208566108,INTC
2010-12-03,7.3551,7.5051,7.3451,7.4151,43199080,7.4251,-0.046082949308747,INTC
2010-12-06,7.3351,7.4851,7.2751,7.4251,31217530,7.4151,0.04610419548178,INTC
2010-12-07,7.5651,7.5851,7.3051,7.3051,46257100,7.4251,-0.55299539170507,INTC
2010-12-08,7.4151,7.6251,7.3851,7.5451,68657560,7.3051,1.112140871177,INTC
2010-12-09,7.7351,7.7951,7.4451,7.5351,79662350,7.5451,-0.045829514207157,INTC
2010-12-10,7.6351,7.7051,7.5251,7.6351,52028220,7.5351,0.45850527281064,INTC
2010-12-13,7.7351,7.7451,7.0651,7.2251,78027010,7.6351,-1.8712916476495,INTC
2010-12-14,7.1251,7.2851,7.0251,7.1951,41684350,7.2251,-0.13953488372094,INTC
2010-12-15,7.0751,7.2251,7.0051,7.0051,42566610,7.1951,-0.88495575221238,INTC
2010-12-16,7.0751,7.1101,6.9751,7.0251,34734060,7.0051,0.093984962406013,INTC
2010-12-17,7.0351,7.2151,6.9951,7.1851,56372160,7.0251,0.75117370892019,INTC
2010-12-20,7.1151,7.1551,6.9251,6.9551,34159490,7.1851,-1.071761416589,INTC
2010-12-21,6.9951,6.9951,6.8051,6.8251,34009930,6.9551,-0.61234102684879,INTC
2010-12-22,6.6751,6.7451,6.5351,6.6151,49190050,6.8251,-0.99526066350711,INTC
2010-12-23,6.5651,6.6451,6.4251,6.5651,27952440,6.6151,-0.23934897079943,INTC
2010-12-27,6.4751,6.5851,6.3751,6.5651,18593310,6.5651,0.0,INTC
2010-12-28,6.5351,6.6551,6.4851,6.6051,21165760,6.5651,0.19193857965451,INTC
2010-12-29,6.6651,6.7851,6.6051,6.6651,20834710,6.6051,0.28735632183909,INTC
2010-12-30,6.6751,6.8051,6.6551,6.7451,18873290,6.6651,0.38204393505252,INTC
2010-12-31,6.7581,6.7851,6.6651,6.7551,15739310,6.7451,0.047573739295916,INTC
2011-01-03,6.7351,6.7751,6.5051,6.5751,57857960,6.7551,-0.85592011412268,INTC
2011-01-04,6.8451,6.9251,6.7751,6.8751,75171700,6.5751,1.4388489208633,INTC
2011-01-05,6.9151,6.9351,6.6251,6.6651,61436120,6.8751,-0.99290780141843,INTC
2011-01-06,6.3951,6.5451,6.2751,6.4951,116577300,6.6651,-0.81184336198664,INTC
2011-01-07,6.4351,6.4951,5.9951,6.3851,74763440,6.4951,-0.52961001444391,INTC
2011-01-10,6.4351,6.4951,6.2951,6.4151,51404280,6.3851,0.14520813165538,INTC
2011-01-11,6.5551,6.8451,6.4651,6.7751,64412740,6.4151,1.7399710004833,INTC
2011-01-12,6.9951,7.0551,6.7951,7.0276,53287140,6.7751,1.1995249406176,INTC
2011-01-13,6.9851,7.0451,6.8051,7.0151,102422500,7.0276,-0.058678558854591,INTC
2011-01-14,7.0751,7.1451,6.6951,6.8051,154800000,7.0151,-0.98637858149366,INTC
2011-01-18,6.7551,6.9251,6.6651,6.8076,55143140,6.8051,0.011859582542701,INTC
2011-01-19,6.7951,6.8551,6.6751,6.7351,43276140,6.8076,-0.34388711016245,INTC
2011-01-20,6.6651,6.6751,6.3451,6.6751,56145650,6.7351,-0.28557829604951,INTC
2011-01-21,6.6751,6.7651,6.5351,6.5451,63627970,6.6751,-0.62052505966587,INTC
2011-01-24,6.7551,6.9651,6.6551,6.9651,82158710,6.5451,2.0172910662824,INTC
2011-01-25,7.0051,7.2951,6.8951,7.2751,72324790,6.9651,1.4595103578155,INTC
2011-01-26,7.4951,7.6201,7.3851,7.4751,57164480,7.2751,0.92807424593967,INTC
2011-01-27,7.4851,7.6651,7.3751,7.4751,58036920,7.4751,0.0,INTC
2011-01-28,7.4871,7.6151,7.0751,7.1851,55136090,7.4751,-1.3333333333333,INTC
2011-01-31,7.2751,7.3651,6.7551,7.1851,90806890,7.1851,0.0,INTC
2011-02-01,7.2151,7.4251,7.0051,7.2051,60885660,7.1851,0.093196644920781,INTC
2011-02-02,7.2051,7.4351,7.1951,7.2851,46913270,7.2051,0.37243947858472,INTC
2011-02-03,7.3163,7.5563,7.2063,7.4763,39820470,7.2851,0.046382189239339,INTC
2011-02-04,7.3763,7.6063,7.3363,7.5863,39330280,7.4763,0.5099675475197,INTC
2011-02-07,7.6463,7.7663,7.5363,7.5963,43632990,7.5863,0.04612546125462,INTC
2011-02-08,7.5563,7.5813,7.3063,7.5413,48167670,7.5963,-0.25357307514984,INTC
2011-02-09,7.4363,7.5063,7.3263,7.3663,44557390,7.5413,-0.80887450889762,INTC
2011-02-10,7.3363,7.7463,7.2563,7.7063,56624300,7.3663,1.5843429636533,INTC
2011-02-11,7.5363,7.7563,7.4263,7.6663,43699810,7.7063,-0.18348623853211,INTC
2011-02-14,7.5363,7.7063,7.4063,7.4763,45107560,7.6663,-0.87316176470589,INTC
2011-02-15,7.3863,7.4563,7.1863,7.3563,50627700,7.4763,-0.55632823365786,INTC
2011-02-16,7.4763,7.7863,7.3363,7.6563,55174360,7.3563,1.3986013986014,INTC
2011-02-17,7.5863,7.9663,7.5763,7.8763,50148750,7.6563,1.0114942528736,INTC
2011-02-18,7.9963,8.1163,7.9163,8.0463,55036930,7.8763,0.77378243058717,INTC
2011-02-22,7.8563,8.0963,7.6363,7.7163,64394270,8.0463,-1.4905149051491,INTC
2011-02-23,7.6063,7.6263,6.9163,7.0563,83497550,7.7163,-3.0261348005502,INTC
2011-02-24,7.0063,7.3163,6.9363,7.1913,54471340,7.0563,0.63829787234043,INTC
2011-02-25,7.4263,7.9063,7.3663,7.7663,53320830,7.1913,2.7014329339911,INTC
2011-02-28,7.6563,7.7463,7.2763,7.3763,66281630,7.7663,-1.7840805123513,INTC
2011-03-01,7.5163,7.5963,7.2563,7.2963,57306850,7.3763,-0.37261294829995,INTC
2011-03-02,7.3263,7.6063,7.3063,7.3963,52165010,7.2963,0.46750818139316,INTC
2011-03-03,7.5663,7.7863,7.5563,7.6963,50438040,7.3963,1.3959981386692,INTC
2011-03-04,7.7863,7.9863,7.3063,7.4663,64597010,7.6963,-1.0555300596604,INTC
2011-03-07,7.5963,7.6463,6.9863,7.1163,57511780,7.4663,-1.6233766233766,INTC
2011-03-08,7.1663,7.1663,6.9263,7.0363,57007450,7.1163,-0.37718057520039,INTC
2011-03-09,6.9863,7.2463,6.8463,7.1063,60468930,7.0363,0.33128253667771,INTC
2011-03-10,6.8463,6.9263,6.6263,6.6963,69115390,7.1063,-1.9339622641509,INTC
2011-03-11,6.5363,6.8663,6.5163,6.7763,45612590,6.6963,0.38480038480039,INTC
2011-03-14,6.5663,6.7863,6.5263,6.7463,48940520,6.7763,-0.14374700527073,INTC
2011-03-15,6.1363,6.2363,5.9163,6.0863,80570640,6.7463,-3.1669865642994,INTC
2011-03-16,5.9363,6.2763,5.6163,5.7138,84755660,6.0863,-1.8458870168484,INTC
2011-03-17,5.9263,5.9663,5.7063,5.8063,59044530,5.7138,0.46699482519247,INTC
2011-03-18,5.8863,6.0529,5.7863,5.8363,73961720,5.8063,0.15075376884423,INTC
2011-03-21,5.8063,6.2963,5.7863,6.0963,43356070,5.8363,1.3045659809333,INTC
2011-03-22,6.0863,6.1163,5.8863,6.0513,45960940,6.0963,-0.22288261515603,INTC
2011-03-23,5.9963,6.2663,5.9163,6.1963,37913280,6.0513,0.71978158351948,INTC
2011-03-24,6.4163,6.4163,6.1863,6.2863,49335770,6.1963,0.44356826022671,INTC
2011-03-25,6.2063,6.5063,6.1163,6.2763,52439890,6.2863,-0.049067713444544,INTC
2011-03-28,6.3463,6.5663,6.2363,6.2463,37082310,6.2763,-0.14727540500737,INTC
2011-03-29,6.1763,6.1963,5.8863,6.1863,59526410,6.2463,-0.29498525073746,INTC
2011-03-30,6.3263,6.3663,6.0187,6.3663,54539420,6.1863,0.88757396449704,INTC
2011-03-31,6.1963,6.2763,5.8463,6.0863,87521090,6.3663,-1.3685239491691,INTC
2011-04-01,6.2863,6.2863,5.4663,5.6263,82557890,6.0863,-2.2794846382557,INTC
2011-04-04,5.6963,5.7063,5.2663,5.3963,69308700,5.6263,-1.1663286004057,INTC
2011-04-05,5.4963,5.7863,5.4563,5.6163,62584930,5.3963,1.1287839917907,INTC
2011-04-06,5.7663,5.8563,5.6163,5.8563,56245910,5.6163,1.2176560121766,INTC
2011-04-07,5.8263,5.9963,5.7263,5.9363,51579290,5.8563,0.40100250626567,INTC
2011-04-08,5.9463,6.1063,5.8563,5.9263,46424100,5.9363,-0.049925112331511,INTC
2011-04-11,5.9763,6.1063,5.9163,6.0263,43165150,5.9263,0.49950049950051,INTC
2011-04-12,5.9163,5.9763,5.5963,5.6663,52031390,6.0263,-1.7892644135189,INTC
2011-04-13,5.7863,5.8563,5.6263,5.6863,38940630,5.6663,0.10121457489878,INTC
2011-04-14,5.5463,5.5663,5.3163,5.4863,52787210,5.6863,-1.0111223458039,INTC
2011-04-15,5.5063,5.6563,5.4363,5.6563,44311970,5.4863,0.86823289070481,INTC
2011-04-18,5.4363,5.6463,5.3563,5.5263,46445730,5.6563,-0.65822784810126,INTC
2011-04-19,5.5763,5.8863,5.5263,5.7663,79480020,5.5263,1.2232415902141,INTC
2011-04-20,7.1163,7.3463,6.8463,7.3163,174412300,5.7663,7.8046324269889,INTC
2011-04-21,7.2963,7.3963,7.0963,7.3663,77598680,7.3163,0.23353573096684,INTC
2011-04-25,7.2763,7.9163,7.2363,7.8463,81743110,7.3663,2.2367194780988,INTC
2011-04-26,7.7263,8.4363,7.7163,8.3863,105346400,7.8463,2.461257976299,INTC
2011-04-27,8.4463,8.5863,8.2363,8.5363,68511290,8.3863,0.66725978647686,INTC
2011-04-28,8.3563,8.7763,8.3563,8.7063,54822780,8.5363,0.75121520106055,INTC
2011-04-29,8.7063,9.0963,8.5363,9.0563,124266400,8.7063,1.5350877192982,INTC
2011-05-02,8.9263,9.0863,8.7163,8.8163,71946620,9.0563,-1.036717062635,INTC
2011-05-03,8.7163,9.3663,8.5763,9.1363,110363900,8.8163,1.3967699694457,INTC
2011-05-04,9.1375,9.6475,8.8075,9.5875,137028800,9.1363,1.1622901420577,INTC
2011-05-05,9.5175,9.9475,9.2575,9.6975,94182670,9.5875,0.46808510638298,INTC
2011-05-06,9.5475,9.6775,9.2175,9.3375,99985060,9.6975,-1.5247776365947,INTC
2011-05-09,9.2175,9.2875,8.7375,8.8475,73338680,9.3375,-2.1075268817204,INTC
2011-05-10,8.9375,9.2875,8.9075,9.1175,66331250,8.8475,1.1862917398945,INTC
2011-05-11,9.3775,9.7175,9.2875,9.4975,85643440,9.1175,1.650021710812,INTC
2011-05-12,9.3375,9.9175,9.3175,9.7925,66235740,9.4975,1.2601452370782,INTC
2011-05-13,9.7475,9.8875,9.4475,9.4975,53073890,9.7925,-1.2444631934191,INTC
2011-05-16,9.4075,10.0375,9.3545,9.7275,74421000,9.4975,0.982486117044,INTC
2011-05-17,9.4575,9.6575,9.1675,9.6375,86073330,9.7275,-0.38071065989848,INTC
2011-05-18,9.6875,10.0475,9.6075,9.9675,65463970,9.6375,1.4012738853503,INTC
2011-05-19,9.4075,9.9575,9.2875,9.6275,98264300,9.9675,-1.4237855946399,INTC
2011-05-20,9.5475,9.6275,9.2375,9.3075,63066940,9.6275,-1.3593882752761,INTC
2011-05-23,9.0075,9.1175,8.8475,8.9475,64861590,9.3075,-1.5503875968992,INTC
2011-05-24,8.9775,8.9975,8.6775,8.6975,51729520,8.9475,-1.0936132983377,INTC
2011-05-25,8.6075,8.9175,8.4975,8.7675,49353020,8.6975,0.30959752321982,INTC
2011-05-26,8.7075,8.7275,8.5375,8.5875,44421590,8.7675,-0.79365079365079,INTC
2011-05-27,8.5475,8.6075,8.1975,8.2975,67109330,8.5875,-1.2888888888889,INTC
2011-05-31,8.5375,8.7275,8.4075,8.5975,59398010,8.2975,1.3507429085997,INTC
2011-06-01,8.5375,8.5675,8.0675,8.0875,55835440,8.5975,-2.265659706797,INTC
2011-06-02,8.0975,8.4175,7.9475,8.1725,53430990,8.0875,0.38636363636364,INTC
2011-06-03,7.8775,8.1875,7.7575,7.8175,53628840,8.1725,-1.6074258546525,INTC
2011-06-06,7.8265,8.0375,7.7475,7.9165,49670700,7.8175,0.45559134836631,INTC
2011-06-07,8.1275,8.5275,8.0875,8.1475,60261460,7.9165,1.0582252966237,INTC
2011-06-08,8.0475,8.2175,7.8175,7.9075,49463620,8.1475,-1.0879419764279,INTC
2011-06-09,7.9575,8.0975,7.7875,7.8475,36976560,7.9075,-0.27497708524289,INTC
2011-06-10,7.8175,7.8875,7.3475,7.4675,53197920,7.8475,-1.7463235294118,INTC
2011-06-13,7.5175,7.6876,7.3675,7.4725,43546090,7.4675,0.023386342376064,INTC
2011-06-14,7.6875,8.0075,7.6375,7.9075,51910070,7.4725,2.0341360766893,INTC
2011-06-15,7.7675,7.9175,7.4875,7.5075,48498340,7.9075,-1.833180568286,INTC
2011-06-16,7.5475,7.8775,7.3575,7.5075,53582730,7.5075,0.0,INTC
2011-06-17,7.7675,7.7675,7.1575,7.2775,96503750,7.5075,-1.0737628384687,INTC
2011-06-20,7.2775,7.5075,7.2575,7.4125,37348860,7.2775,0.6370929683813,INTC
2011-06-21,7.5475,7.7775,7.3075,7.7375,55319010,7.4125,1.5240328253224,INTC
2011-06-22,7.6275,7.6975,7.4675,7.4825,37652310,7.7375,-1.1778290993072,INTC
2011-06-23,7.2875,7.8075,7.1475,7.7975,54143730,7.4825,1.4723066136948,INTC
2011-06-24,7.6975,7.8275,7.268,7.2875,123894100,7.7975,-2.3491478581299,INTC
2011-06-27,7.2575,7.5675,7.0875,7.4275,45166000,7.2875,0.66037735849057,INTC
2011-06-28,7.5075,7.6275,7.3475,7.5775,36500930,7.4275,0.70290534208059,INTC
2011-06-29,7.6175,7.6575,7.3975,7.4775,31631440,7.5775,-0.46533271288971,INTC
2011-06-30,7.5675,8.3075,7.5675,8.2475,53859160,7.4775,3.5998129967274,INTC
2011-07-01,8.2975,8.6675,8.1875,8.6175,35745280,8.2475,1.6696750902527,INTC
2011-07-05,8.7775,8.7775,8.4475,8.5275,33351550,8.6175,-0.39946737683089,INTC
2011-07-06,8.5375,8.9075,8.5275,8.8375,43225170,8.5275,1.3814616755793,INTC
2011-07-07,8.9775,9.4775,8.9475,9.3175,52981140,8.8375,2.1098901098901,INTC
2011-07-08,9.0475,9.2875,8.8975,9.1775,35665560,9.3175,-0.60266896254843,INTC
2011-07-11,8.9275,9.0675,8.8175,8.9375,34441090,9.1775,-1.0394110004331,INTC
2011-07-12,8.7075,8.8075,8.3275,8.5375,50982960,8.9375,-1.7505470459519,INTC
2011-07-13,8.6575,8.8175,8.4075,8.5675,43202790,8.5375,0.1336302895323,INTC
2011-07-14,8.6475,8.7875,8.2975,8.3575,47624560,8.5675,-0.93416370106762,INTC
2011-07-15,8.3575,8.6475,8.2875,8.4575,49936270,8.3575,0.44903457566233,INTC
2011-07-18,8.3775,8.5175,8.1675,8.3675,45156410,8.4575,-0.40232454179705,INTC
2011-07-19,8.5275,9.1875,8.5275,9.1475,55374770,8.3675,3.5008976660682,INTC
2011-07-20,9.1875,9.3075,8.9875,9.0775,56486020,9.1475,-0.30355594102342,INTC
2011-07-21,8.4375,8.9675,8.2575,8.8975,80109000,9.0775,-0.78294910830796,INTC
2011-07-22,9.0275,9.3375,8.8675,9.2175,45008000,8.8975,1.4028934677773,INTC
2011-07-25,9.0275,9.3675,8.8875,9.1175,40685370,9.2175,-0.43233895373972,INTC
2011-07-26,9.1175,9.2375,8.9175,8.9825,45552490,9.1175,-0.58619192357795,INTC
2011-07-27,8.7375,8.8375,8.4375,8.6175,59160300,8.9825,-1.5942345490282,INTC
2011-07-28,8.5575,8.9675,8.4175,8.6375,36720300,8.6175,0.088770528184641,INTC
2011-07-29,8.4375,8.7075,8.3075,8.4175,51865470,8.6375,-0.97560975609757,INTC
2011-08-01,8.6575,8.7775,7.9875,8.3275,51561720,8.4175,-0.40304523063144,INTC
2011-08-02,8.0975,8.2775,7.7975,7.8075,56514500,8.3275,-2.3381294964029,INTC
2011-08-03,7.8975,8.2675,7.6475,8.1075,67415800,7.8075,0.41436464088398,INTC
2011-08-04,7.7675,8.1075,7.1375,7.1475,86637790,8.1075,-4.4016506189821,INTC
2011-08-05,7.2975,7.4975,6.5075,7.0875,101658300,7.1475,-0.28776978417267,INTC
2011-08-08,6.5375,7.1675,6.3775,6.4075,137224400,7.0875,-3.2708032708033,INTC
2011-08-09,6.5775,6.9175,5.8175,6.8975,116574700,6.4075,2.4365987071109,INTC
2011-08-10,6.5675,6.8075,6.0675,6.2275,95368390,6.8975,-3.252427184466,INTC
2011-08-11,6.4375,7.2975,6.3675,7.0575,75083120,6.2275,4.1645760160562,INTC
2011-08-12,7.0775,7.2075,6.8575,6.9475,54159130,7.0575,-0.52986512524086,INTC
2011-08-15,7.0475,7.2275,6.9275,7.1875,46249790,6.9475,1.1622276029056,INTC
2011-08-16,7.0375,7.3675,6.7975,7.0875,44737120,7.1875,-0.47869794159886,INTC
2011-08-17,6.8775,7.2775,6.6975,6.9675,50472950,7.0875,-0.57720057720056,INTC
2011-08-18,6.4475,6.4775,5.8475,6.0675,92110770,6.9675,-4.3541364296081,INTC
2011-08-19,5.9075,6.2575,5.4575,5.4875,79118470,6.0675,-2.9337379868488,INTC
2011-08-22,5.8475,5.9775,5.5575,5.6775,48637210,5.4875,0.99009900990098,INTC
2011-08-23,5.6575,6.0075,5.5975,6.0075,54187990,5.6775,1.702786377709,INTC
2011-08-24,5.8775,6.1775,5.6675,6.0975,53490680,6.0075,0.45662100456621,INTC
2011-08-25,6.1275,6.1775,5.6975,5.7175,51436680,6.0975,-1.9191919191919,INTC
2011-08-26,5.7275,6.2675,5.5675,6.0675,53694290,5.7175,1.8022657054583,INTC
2011-08-29,6.2375,6.6075,6.1275,6.5925,40614660,6.0675,2.6555386949924,INTC
2011-08-30,6.4875,6.6475,6.2174,6.5375,39087960,6.5925,-0.27100271002712,INTC
2011-08-31,6.5275,6.7075,6.3175,6.4275,55224300,6.5375,-0.54347826086956,INTC
2011-09-01,6.5775,6.6475,6.2875,6.2875,40514060,6.4275,-0.69547938400398,INTC
2011-09-02,6.0975,6.2275,5.8675,5.9375,42773720,6.2875,-1.7508754377188,INTC
2011-09-06,5.5475,5.8775,5.4575,5.8375,44243780,5.9375,-0.50916496945011,INTC
2011-09-07,6.3175,6.4375,6.1575,6.3775,46031870,5.8375,2.7635619242579,INTC
2011-09-08,6.3475,6.5925,6.1075,6.1925,42975910,6.3775,-0.92131474103585,INTC
2011-09-09,6.0475,6.5175,5.9575,5.9975,61394760,6.1925,-0.98014576526766,INTC
2011-09-12,5.8275,6.5875,5.8175,6.5775,53258480,5.9975,2.9441624365482,INTC
2011-09-13,6.6175,7.1975,6.5075,7.0575,60056150,6.5775,2.3668639053254,INTC
2011-09-14,7.1875,7.6975,7.0075,7.4125,58288720,7.0575,1.7100192678227,INTC
2011-09-15,7.6075,7.9625,7.5176,7.8375,53212020,7.4125,2.0127871181624,INTC
2011-09-16,7.9475,8.3875,7.7275,8.2675,90091120,7.8375,1.9962859795729,INTC
2011-09-19,8.0675,8.3575,7.9275,8.2275,57502350,8.2675,-0.1820664542558,INTC
2011-09-20,8.2875,8.7675,8.1575,8.4975,71459770,8.2275,1.2311901504788,INTC
2011-09-21,8.4775,8.7975,8.1975,8.2375,66572630,8.4975,-1.1711711711712,INTC
2011-09-22,7.8475,8.1975,7.6375,7.9125,93983010,8.2375,-1.4813126709207,INTC
2011-09-23,7.6875,8.5675,7.5175,8.4575,74101540,7.9125,2.5213971778857,INTC
2011-09-26,8.4575,8.7375,8.0875,8.5375,64516960,8.4575,0.3610108303249,INTC
2011-09-27,8.7975,9.2775,8.6675,8.8375,87919340,8.5375,1.3489208633094,INTC
2011-09-28,8.9075,9.0075,8.5975,8.6075,74690800,8.8375,-1.0204081632653,INTC
2011-09-29,8.6775,8.8975,8.1675,8.5075,85345590,8.6075,-0.44822949350066,INTC
2011-09-30,8.2275,8.3675,7.6275,7.6325,64448630,8.5075,-3.9396668167492,INTC
2011-10-03,7.4775,7.6975,6.8675,6.9175,95658240,7.6325,-3.3513006796344,INTC
2011-10-04,6.7475,7.5675,6.6975,7.5175,77846320,6.9175,2.909796314258,INTC
2011-10-05,7.5475,8.2675,7.3575,8.1475,70612760,7.5175,2.9688972667295,INTC
2011-10-06,8.2175,8.3475,7.9675,8.3275,58454550,8.1475,0.82379862700229,INTC
2011-10-07,8.3675,8.7975,8.2075,8.5875,58415930,8.3275,1.1802088061734,INTC
2011-10-10,8.7815,9.1875,8.7675,9.1775,40110070,8.5875,2.6469268730372,INTC
2011-10-11,9.0575,9.2975,8.9075,9.2875,50585480,9.1775,0.48076923076923,INTC
2011-10-12,9.2975,9.5775,9.2775,9.4175,59879090,9.2875,0.56546324488909,INTC
2011-10-13,9.3175,9.7575,9.2575,9.6875,51272950,9.4175,1.1678200692042,INTC
2011-10-14,9.7375,9.7975,9.5475,9.7975,44879200,9.6875,0.47028644719966,INTC
2011-10-17,9.6175,9.8975,9.4375,9.5775,47893840,9.7975,-0.93617021276595,INTC
2011-10-18,9.4675,9.7825,9.3625,9.6975,84701740,9.5775,0.51546391752576,INTC
2011-10-19,10.3075,10.7975,10.1575,10.5375,139739900,9.6975,3.5897435897436,INTC
2011-10-20,10.1725,10.1725,9.6475,9.9075,88633590,10.5375,-2.5990099009901,INTC
2011-10-21,10.1575,10.5475,10.0975,10.3275,123250200,9.9075,1.7789072426938,INTC
2011-10-24,10.3475,11.0875,10.3175,10.8875,138256500,10.3275,2.3304203079484,INTC
2011-10-25,10.7675,11.1475,10.6875,10.9275,60887240,10.8875,0.16266775111834,INTC
2011-10-26,11.0975,11.1375,10.6375,10.9975,58221590,10.9275,0.28420625253756,INTC
2011-10-27,11.2275,11.4975,11.1485,11.4275,84517930,10.9975,1.7408906882591,INTC
2011-10-28,11.1675,11.3275,11.0275,11.2775,44863190,11.4275,-0.59689614007162,INTC
2011-10-31,10.8675,11.2175,10.7875,10.8375,43087620,11.2775,-1.7614091273018,INTC
2011-11-01,10.4075,10.6475,10.1175,10.1975,67949230,10.8375,-2.6079869600652,INTC
2011-11-02,10.3175,10.3575,9.8475,10.1475,56617760,10.1975,-0.20920502092049,INTC
2011-11-03,10.2975,10.7375,9.7875,10.7075,58268060,10.1475,1.4675052410901,INTC
2011-11-04,10.5475,10.5775,10.1675,10.2475,46447250,10.7075,-1.900826446281,INTC
2011-11-07,10.2075,10.8175,10.1375,10.7875,51107090,10.2475,2.2746419545072,INTC
2011-11-08,10.9875,11.2775,10.7675,11.2575,55924640,10.7875,1.9357495881384,INTC
2011-11-09,10.7475,10.8275,10.3075,10.3475,56805800,11.2575,-3.6767676767677,INTC
2011-11-10,10.6475,10.7575,10.2475,10.5675,45500580,10.3475,0.9228187919463,INTC
2011-11-11,10.8175,11.4075,10.8075,11.3575,43867192,10.5675,3.2834580216126,INTC
2011-11-14,11.2875,11.4075,10.9875,11.1375,49418044,11.3575,-0.88531187122737,INTC
2011-11-15,11.1675,11.9675,11.1275,11.8475,77353911,11.1375,2.8826634185952,INTC
2011-11-16,11.6375,12.0025,11.3875,11.4475,74231668,11.8475,-1.5785319652723,INTC
2011-11-17,11.4075,11.4575,10.6275,10.8475,62063420,11.4475,-2.4057738572574,INTC
2011-11-18,10.6775,10.9375,10.5275,10.7975,45688560,10.8475,-0.20542317173377,INTC
2011-11-21,10.5375,10.6575,9.8575,10.0775,58542820,10.7975,-2.9641827912721,INTC
2011-11-22,9.8875,10.0375,9.5975,9.7475,48455450,10.0775,-1.4000848536275,INTC
2011-11-23,9.5475,9.6475,9.1975,9.2075,52699344,9.7475,-2.3235800344234,INTC
2011-11-25,9.0575,9.7275,9.0175,9.2375,28346830,9.2075,0.13215859030838,INTC
2011-11-28,9.7875,10.0775,9.7575,9.9675,39736870,9.2375,3.2116146062473,INTC
2011-11-29,9.9975,10.4075,9.9275,10.0875,44172600,9.9675,0.51150895140664,INTC
2011-11-30,10.7875,11.4475,10.7375,11.4175,73325840,10.0875,5.6403731976251,INTC
2011-12-01,11.3775,11.4775,10.9075,11.4275,51786330,11.4175,0.040144520272989,INTC
2011-12-02,11.5175,11.6425,11.1075,11.1475,41488925,11.4275,-1.123595505618,INTC
2011-12-05,11.5375,11.7075,11.2975,11.5175,42489720,11.1475,1.5016233766234,INTC
2011-12-06,11.5975,11.9875,11.5075,11.8575,49499600,11.5175,1.359456217513,INTC
2011-12-07,11.8375,12.2875,11.6375,12.1675,54783260,11.8575,1.2228796844181,INTC
2011-12-08,11.9575,12.0375,11.1375,11.2175,57718500,12.1675,-3.7022603273578,INTC
2011-12-09,10.9175,11.6075,10.8875,11.5175,44073143,11.2175,1.2140833670579,INTC
2011-12-12,10.6875,10.7985,10.1175,10.5075,94738200,11.5175,-4.0383846461415,INTC
2011-12-13,10.5575,10.5675,9.9275,10.0675,78415000,10.5075,-1.8333333333333,INTC
2011-12-14,9.9875,10.0675,9.6475,9.8175,56240320,10.0675,-1.0611205432937,INTC
2011-12-15,10.0875,10.1775,9.7575,9.8175,38667260,9.8175,0.0,INTC
2011-12-16,9.9775,10.3975,9.7325,9.7375,94569797,9.8175,-0.34320034320034,INTC
2011-12-19,9.8975,9.9875,9.5575,9.6025,42234690,9.7375,-0.58114507102885,INTC
2011-12-20,9.9975,10.4875,9.9475,10.3475,45488080,9.6025,3.2258064516129,INTC
2011-12-21,10.4575,10.5975,9.9375,10.1875,45206420,10.3475,-0.67114093959732,INTC
2011-12-22,10.5275,10.6075,10.2675,10.5275,31999790,10.1875,1.4358108108108,INTC
2011-12-23,10.9075,10.9075,10.5475,10.9075,24823050,10.5275,1.5820149875104,INTC
2011-12-27,10.9575,11.2075,10.9075,11.0675,24120410,10.9075,0.65573770491803,INTC
2011-12-28,11.0275,11.0675,10.6875,10.7325,23693470,11.0675,-1.364006514658,INTC
2011-12-29,10.8675,11.0875,10.7875,11.0575,22228670,10.7325,1.3415892672859,INTC
2011-12-30,10.9375,11.1275,10.7575,10.7575,21689610,11.0575,-1.2219959266802,INTC
2012-01-03,11.1275,11.3975,10.8975,11.0475,44826490,10.7575,1.1958762886598,INTC
2012-01-04,11.0775,11.6375,11.0375,11.6175,47320830,11.0475,2.3227383863081,INTC
2012-01-05,11.5675,11.9575,11.4875,11.9075,49411850,11.6175,1.1549183592194,INTC
2012-01-06,11.7175,11.9075,11.5175,11.7575,36258700,11.9075,-0.59055118110236,INTC
2012-01-09,11.9075,12.0675,11.7275,11.9725,47450260,11.7575,0.85148514851485,INTC
2012-01-10,12.2175,12.4275,12.0175,12.0975,41027980,11.9725,0.49086982132339,INTC
2012-01-11,11.9375,12.3975,11.8475,12.3075,57156270,12.0975,0.82063305978898,INTC
2012-01-12,12.3575,12.4075,12.0475,12.2575,44411640,12.3075,-0.19379844961241,INTC
2012-01-13,12.1975,12.2275,11.6075,11.6475,63295840,12.2575,-2.3689320388349,INTC
2012-01-17,11.6875,11.9075,11.4775,11.5475,60424290,11.6475,-0.39777247414479,INTC
2012-01-18,11.6375,11.9875,11.5175,11.8975,62677980,11.5475,1.3977635782748,INTC
2012-01-19,12.0275,12.1875,11.8775,12.1375,64793020,11.8975,0.94525403702244,INTC
2012-01-20,12.3775,12.9775,12.0075,12.8875,101251400,12.1375,2.9262582910652,INTC
2012-01-23,12.8575,13.3975,12.8475,13.2175,69659160,12.8875,1.2509476876422,INTC
2012-01-24,13.2075,13.4875,13.1175,13.4025,56170370,13.2175,0.69262448521153,INTC
2012-01-25,13.3475,13.4575,13.0075,13.4075,54744410,13.4025,0.018590816136825,INTC
2012-01-26,13.4575,13.5075,13.1075,13.2575,61657880,13.4075,-0.55762081784386,INTC
2012-01-27,13.1675,13.3475,13.0975,13.2375,50580740,13.2575,-0.074766355140185,INTC
2012-01-30,13.0175,13.3075,12.7775,13.2475,60631970,13.2375,0.037411148522252,INTC
2012-01-31,13.2975,13.3075,12.7875,12.9275,45436010,13.2475,-1.1967090501122,INTC
2012-02-01,13.2475,13.3475,13.0175,13.0575,46305080,12.9275,0.49205147615442,INTC
2012-02-02,12.9975,13.2475,12.9675,12.9975,34754150,13.0575,-0.22598870056498,INTC
2012-02-03,13.3825,13.6645,13.2975,13.4575,42189650,12.9975,0.9437523593809,INTC
2012-02-06,13.2675,13.4425,13.0775,13.4375,36770750,13.4575,-0.07479431563201,INTC
2012-02-07,13.3475,13.4575,13.1425,13.3575,33100070,13.4375,-0.29940119760478,INTC
2012-02-08,13.3775,13.7075,13.3275,13.5675,37050380,13.3575,0.78828828828829,INTC
2012-02-09,13.6275,13.7175,13.5025,13.5775,35752920,13.5675,0.037243947858466,INTC
2012-02-10,13.4575,13.5075,13.1675,13.4125,33615990,13.5775,-0.61429635145197,INTC
2012-02-13,13.5475,13.5575,13.2375,13.4175,24721040,13.4125,0.018730099269522,INTC
2012-02-14,13.2875,13.4975,13.2175,13.4975,25391320,13.4175,0.2996254681648,INTC
2012-02-15,13.5975,13.5975,13.2175,13.2975,35794190,13.4975,-0.74682598954445,INTC
2012-02-16,13.1175,13.6675,13.0675,13.5425,42432120,13.2975,0.92174567343868,INTC
2012-02-17,13.5775,14.2175,13.5375,14.0875,74217340,13.5425,2.0316868592731,INTC
2012-02-21,14.0575,14.0875,13.7275,13.8775,34906650,14.0875,-0.76726342710998,INTC
2012-02-22,13.7795,14.0675,13.2275,13.4475,51971930,13.8775,-1.5832106038292,INTC
2012-02-23,13.2775,13.5775,13.0675,13.3775,33794360,13.4475,-0.26187803965582,INTC
2012-02-24,13.4375,13.5175,13.1675,13.4175,39300270,13.3775,0.15003750937734,INTC
2012-02-27,13.2375,13.9175,13.1675,13.6075,45957480,13.4175,0.71161048689139,INTC
2012-02-28,13.6475,14.0175,13.5375,13.9575,32814710,13.6075,1.3015991074749,INTC
2012-02-29,13.9675,14.0175,13.5575,13.5975,41840170,13.9575,-1.3215859030837,INTC
2012-03-01,13.7775,13.8575,13.4275,13.5775,39371810,13.5975,-0.07440476190476,INTC
2012-03-02,13.6175,13.7475,13.4875,13.6325,29631670,13.5775,0.20476545048399,INTC
2012-03-05,13.6275,13.6275,13.0775,13.2575,32326790,13.6325,-1.3932751253948,INTC
2012-03-06,12.9675,13.3475,12.9175,13.3225,37181220,13.2575,0.2449133383572,INTC
2012-03-07,13.2975,13.7175,13.2375,13.6275,32720510,13.3225,1.1464010524338,INTC
2012-03-08,13.7175,13.7575,13.4675,13.5575,37258660,13.6275,-0.26012634708287,INTC
2012-03-09,13.6575,13.8825,13.5875,13.7875,29395220,13.5575,0.85692995529061,INTC
2012-03-12,13.7175,13.7975,13.6275,13.7025,23976090,13.7875,-0.31400073882527,INTC
2012-03-13,13.8375,14.2175,13.8375,14.2075,33759330,13.7025,1.8714100426163,INTC
2012-03-14,14.1675,14.6175,14.0575,14.1775,46728980,14.2075,-0.10913059294288,INTC
2012-03-15,14.2175,14.5675,14.1475,14.4675,34183860,14.1775,1.0560815731974,INTC
2012-03-16,14.5375,14.6775,14.4175,14.4475,54650670,14.4675,-0.072072072072071,INTC
2012-03-19,14.3775,14.6175,14.2575,14.4575,26936550,14.4475,0.036062026685893,INTC
2012-03-20,14.3675,14.6175,14.2775,14.4675,22680310,14.4575,0.036049026676285,INTC
2012-03-21,14.5075,14.6075,14.4175,14.4925,22211440,14.4675,0.090090090090085,INTC
2012-03-22,14.4475,14.6675,14.3275,14.6125,23394350,14.4925,0.43204320432044,INTC
2012-03-23,14.6575,14.7075,14.3975,14.5925,24899470,14.6125,-0.071697436816632,INTC
2012-03-26,14.7275,14.9775,14.6775,14.9075,32791800,14.5925,1.1300448430493,INTC
2012-03-27,14.9575,14.9975,14.7875,14.9075,24365070,14.9075,0.0,INTC
2012-03-28,14.8475,14.9675,14.5175,14.5175,35149040,14.9075,-1.3834693153601,INTC
2012-03-29,14.4675,14.8975,14.3875,14.8775,39613980,14.5175,1.294964028777,INTC
2012-03-30,15.1075,15.1675,14.7375,14.8325,43009840,14.8775,-0.15980113636364,INTC
2012-04-02,14.7575,15.1675,14.7075,15.0975,28853080,14.8325,0.94255735372577,INTC
2012-04-03,15.0275,15.0875,14.6625,14.8275,34124590,15.0975,-0.95137420718816,INTC
2012-04-04,14.5875,14.7508,14.3175,14.6475,30828760,14.8275,-0.64034151547492,INTC
2012-04-05,14.5875,14.8175,14.5175,14.7875,22020720,14.6475,0.50125313283208,INTC
2012-04-09,14.4475,14.6175,14.3075,14.4775,22914820,14.7875,-1.1043819023869,INTC
2012-04-10,14.4175,14.5775,14.1275,14.1675,36257930,14.4775,-1.1167146974063,INTC
2012-04-11,14.3975,14.7175,14.3475,14.5675,26667400,14.1675,1.4571948998179,INTC
2012-04-12,14.6875,15.2375,14.6475,15.1975,37051070,14.5675,2.262118491921,INTC
2012-04-13,15.0675,15.1075,14.7975,14.8075,34480090,15.1975,-1.3693820224719,INTC
2012-04-16,14.9775,15.2675,14.8575,15.1225,37442220,14.8075,1.1213955144179,INTC
2012-04-17,15.1675,15.4975,15.1275,15.1875,60914230,15.1225,0.22883295194507,INTC
2012-04-18,14.6675,14.8275,14.1775,14.6675,72245950,15.1875,-1.8264840182648,INTC
2012-04-19,14.4075,14.8075,14.1575,14.4075,43032070,14.6675,-0.93023255813953,INTC
2012-04-20,14.4375,14.6875,14.2875,14.3175,38054430,14.4075,-0.32502708559047,INTC
2012-04-23,14.0475,14.2875,13.9598,14.1675,37757960,14.3175,-0.54347826086957,INTC
2012-04-24,14.0675,14.3175,13.9575,14.0275,34989000,14.1675,-0.51001821493625,INTC
2012-04-25,14.1475,14.6275,14.0675,14.5775,40853950,14.0275,2.0139143171,INTC
2012-04-26,14.5175,15.0175,14.4675,14.9375,46630940,14.5775,1.2921751615219,INTC
2012-04-27,14.8275,15.2475,14.8175,15.0975,33025850,14.9375,0.56697377746279,INTC
2012-04-30,15.1375,15.2575,15.0075,15.1125,28807990,15.0975,0.052854122621566,INTC
2012-05-01,15.1875,15.7675,15.0875,15.6675,43313290,15.1125,1.9545694664554,INTC
2012-05-02,15.5375,15.9875,15.4375,15.8975,40236300,15.6675,0.79447322970639,INTC
2012-05-03,16.1875,16.1975,15.3475,15.4875,41209430,15.8975,-2.1247429746402,INTC
2012-05-04,15.2475,15.3075,14.7675,14.8275,34567870,15.4875,-2.3109243697479,INTC
2012-05-07,14.7575,14.9075,14.5775,14.6875,37365080,14.8275,-0.50179211469533,INTC
2012-05-08,14.4075,14.5275,13.9375,14.2975,53086260,14.6875,-1.4048991354467,INTC
2012-05-09,14.0075,14.2775,13.6775,14.1175,40592180,14.2975,-0.65765436609426,INTC
2012-05-10,14.2675,14.3875,13.8825,14.1675,36211540,14.1175,0.18389113644721,INTC
2012-05-11,14.1875,14.8775,14.1275,14.5575,34937000,14.1675,1.431718061674,INTC
2012-05-14,14.2775,14.3275,13.8075,13.9425,39434310,14.5575,-2.2258414766558,INTC
2012-05-15,13.9775,14.1775,13.7475,13.8075,35694390,13.9425,-0.49972237645753,INTC
2012-05-16,13.8375,13.9175,13.4175,13.4225,44605910,13.8075,-1.4322916666667,INTC
2012-05-17,13.3975,13.5875,13.1175,13.1175,31501660,13.4225,-1.1511605963389,INTC
2012-05-18,12.9975,13.4975,12.9775,12.9975,43424250,13.1175,-0.4581901489118,INTC
2012-05-21,13.0775,13.1175,12.6075,13.0775,41386390,12.9975,0.30686612965093,INTC
2012-05-22,12.9575,13.2075,12.7025,12.9575,46011290,13.0775,-0.45889101338431,INTC
2012-05-23,12.3675,12.4375,11.8475,12.3675,61952290,12.9575,-2.2666154437188,INTC
2012-05-24,12.4975,12.7075,12.2375,12.5775,37126780,12.3675,0.8254716981132,INTC
2012-05-25,12.6475,12.7775,12.4975,12.6675,19118590,12.5775,0.35087719298246,INTC
2012-05-29,12.9675,13.2475,12.7875,13.0175,35007930,12.6675,1.3597513597514,INTC
2012-05-30,12.8275,13.1175,12.7275,13.0575,33081590,13.0175,0.15331544653123,INTC
2012-05-31,12.7075,12.9975,12.6275,12.7675,42169410,13.0575,-1.1098354381936,INTC
2012-06-01,12.3275,12.6375,12.0475,12.0675,40239110,12.7675,-2.7089783281734,INTC
2012-06-04,11.9675,12.2875,11.7675,11.9675,39896580,12.0675,-0.39777247414479,INTC
2012-06-05,11.9675,12.4975,11.9275,12.3575,29478790,11.9675,1.5575079872204,INTC
2012-06-06,12.4375,13.0375,12.3575,12.9975,33529480,12.3575,2.5167125442391,INTC
2012-06-07,13.2975,13.3575,12.8175,12.8675,29531660,12.9975,-0.49865746068277,INTC
2012-06-08,12.8075,13.4075,12.7775,13.3375,26749830,12.8675,1.8118735543562,INTC
2012-06-11,13.4775,13.5575,12.8875,12.9125,28039870,13.3375,-1.6092389246498,INTC
2012-06-12,13.0475,13.4675,12.9775,13.4475,29131020,12.9125,2.058880123148,INTC
2012-06-13,13.3875,13.7925,13.2675,13.4675,30518390,13.4475,0.075414781297133,INTC
2012-06-14,13.5075,13.9875,13.3475,13.9075,38287220,13.4675,1.6578749058026,INTC
2012-06-15,13.9475,14.3675,13.8075,14.2675,51831500,13.9075,1.3343217197924,INTC
2012-06-18,14.2175,14.5375,14.1475,14.3475,30429820,14.2675,0.29261155815655,INTC
2012-06-19,14.5175,14.5575,14.1775,14.4375,30059020,14.3475,0.32822757111597,INTC
2012-06-20,14.4075,14.6775,14.3075,14.5675,28160220,14.4375,0.47255543438749,INTC
2012-06-21,14.4375,14.5175,13.5375,13.6375,47563440,14.5675,-3.3646888567294,INTC
2012-06-22,13.8075,13.8875,13.5975,13.8625,97805470,13.6375,0.84238113066267,INTC
2012-06-25,13.5275,13.5775,12.8075,12.9775,41750950,13.8625,-3.2856877668461,INTC
2012-06-26,13.0875,13.2075,12.6675,12.9325,34933510,12.9775,-0.17274472168907,INTC
2012-06-27,13.0375,13.2675,12.9875,13.1475,23628890,12.9325,0.82676408383003,INTC
2012-06-28,12.9275,12.9575,12.3775,12.7575,40165150,13.1475,-1.487414187643,INTC
2012-06-29,13.2075,13.5775,13.1375,13.5775,35040640,12.7575,3.1746031746032,INTC
2012-07-02,13.4375,13.6575,13.3175,13.5925,21731970,13.5775,0.0562851782364,INTC
2012-07-03,13.6475,13.7875,13.4875,13.7875,12519340,13.5925,0.73129570598162,INTC
2012-07-05,13.7375,13.7675,13.2975,13.4775,20322610,13.7875,-1.1541325390916,INTC
2012-07-06,13.3675,13.4275,12.8575,13.0825,32514890,13.4775,-1.4877589453861,INTC
2012-07-09,12.9775,13.1375,12.7375,13.0975,27891470,13.0825,0.057350411011281,INTC
2012-07-10,12.7775,13.3475,12.3675,12.4875,47227920,13.0975,-2.3309132594574,INTC
2012-07-11,12.4975,12.5475,12.1475,12.3175,34801640,12.4875,-0.66510172143974,INTC
2012-07-12,12.0875,12.0975,11.6075,11.6675,53132080,12.3175,-2.5600630169358,INTC
2012-07-13,11.7275,12.3175,11.6875,12.1775,35971680,11.6675,2.0614389652385,INTC
2012-07-16,12.1535,12.2375,11.9275,12.0575,36982150,12.1775,-0.47524752475248,INTC
2012-07-17,12.2575,12.5875,11.7775,12.3075,63256430,12.0575,0.99482690011938,INTC
2012-07-18,12.1225,13.3475,11.9775,13.1375,67478030,12.3075,3.2702915681639,INTC
2012-07-19,13.2775,13.2775,12.7475,12.9875,36551900,13.1375,-0.57230064860741,INTC
2012-07-20,12.7975,12.9275,12.4275,12.4475,48843590,12.9875,-2.0721412125863,INTC
2012-07-23,11.9775,12.2875,11.7275,12.1875,36369340,12.4475,-1.0188087774295,INTC
2012-07-24,12.1175,12.1475,11.7175,11.9325,33618080,12.1875,-1.0095011876485,INTC
2012-07-25,11.9475,12.4525,11.9275,12.0575,34402780,11.9325,0.499900019996,INTC
2012-07-26,12.5175,12.7625,12.2675,12.4275,37805070,12.0575,1.4723438121767,INTC
2012-07-27,12.6075,12.9975,12.3975,12.9475,33343950,12.4275,2.0392156862745,INTC
2012-07-30,12.9075,13.1275,12.6075,12.6875,25848180,12.9475,-0.99923136049192,INTC
2012-07-31,12.6875,12.9675,12.6275,12.6275,26559460,12.6875,-0.23291925465839,INTC
2012-08-01,12.7575,12.9275,12.5975,12.8575,29206080,12.6275,0.89494163424125,INTC
2012-08-02,12.6675,13.1875,12.6075,12.8375,34309480,12.8575,-0.077130736598533,INTC
2012-08-03,13.4025,13.5025,13.1325,13.3825,30616780,12.8375,1.2350443844076,INTC
2012-08-06,13.3725,13.7125,13.3525,13.4625,24609920,13.3825,0.30499428135722,INTC
2012-08-07,13.6125,13.7925,13.5025,13.6525,27062480,13.4625,0.72215887495249,INTC
2012-08-08,13.6325,13.8925,13.4525,13.7525,27034320,13.6525,0.37735849056604,INTC
2012-08-09,13.7925,14.0425,13.7225,13.8525,26220040,13.7525,0.37593984962405,INTC
2012-08-10,13.8525,14.0525,13.6837,14.0325,24929680,13.8525,0.67415730337079,INTC
2012-08-13,13.9125,13.9825,13.5625,13.8425,23616920,14.0325,-0.70684523809523,INTC
2012-08-14,13.9525,13.9625,13.5325,13.6325,27452170,13.8425,-0.78681153990259,INTC
2012-08-15,13.3825,13.6225,13.3425,13.4225,26074450,13.6325,-0.79305135951662,INTC
2012-08-16,13.5925,13.8025,13.4925,13.7425,25696650,13.4225,1.2181195279787,INTC
2012-08-17,13.7225,13.7825,13.3625,13.4825,30376800,13.7425,-0.97781120722077,INTC
2012-08-20,13.3725,13.4825,13.2525,13.3825,25600750,13.4825,-0.37979491074819,INTC
2012-08-21,13.4825,13.4925,13.1425,13.2625,31657320,13.3825,-0.45749142203584,INTC
2012-08-22,13.0425,13.1625,12.8125,12.8825,33600950,13.2625,-1.455381080046,INTC
2012-08-23,12.7325,12.7375,12.0825,12.1925,51385280,12.8825,-2.6816945200156,INTC
2012-08-24,12.2025,12.2225,11.8525,12.0625,45170360,12.1925,-0.51916932907348,INTC
2012-08-27,12.0125,12.0925,11.9025,11.9925,34418910,12.0625,-0.28101164191088,INTC
2012-08-28,11.9425,12.1625,11.8325,12.1525,33116130,11.9925,0.64412238325282,INTC
2012-08-29,12.0825,12.1125,11.6925,11.8205,60457170,12.1525,-1.328,INTC
2012-08-30,11.7225,11.7925,11.3025,11.4225,37182040,11.8205,-1.613426301281,INTC
2012-08-31,11.6525,12.1525,11.6325,11.9825,43425510,11.4225,2.3073753605274,INTC
2012-09-04,12.1825,12.2125,11.4225,11.5675,40687300,11.9825,-1.6713652839307,INTC
2012-09-05,11.5525,11.9325,11.3425,11.5425,38593830,11.5675,-0.10239606799098,INTC
2012-09-06,11.6225,12.2525,11.6125,12.2475,40181660,11.5425,2.890528905289,INTC
2012-09-07,11.2825,11.8525,11.1625,11.3425,86275790,12.2475,-3.6062960749153,INTC
2012-09-10,11.1025,11.7525,10.3225,10.4125,80545570,11.3425,-3.8445638693675,INTC
2012-09-11,10.4525,10.8025,10.3525,10.4925,54234250,10.4125,0.34393809114359,INTC
2012-09-12,10.5425,10.7325,10.2125,10.3425,44860670,10.4925,-0.64267352185089,INTC
2012-09-13,10.1625,10.5625,9.9825,10.5075,52980740,10.3425,0.71151358344113,INTC
2012-09-14,10.6025,10.6925,10.3825,10.5225,47983420,10.5075,0.064226075786772,INTC
2012-09-17,10.4425,10.5925,10.3125,10.4625,33830540,10.5225,-0.25673940949937,INTC
2012-09-18,10.4625,10.6725,10.2925,10.5225,41945950,10.4625,0.25740025740027,INTC
2012-09-19,10.6525,10.6625,10.2925,10.3025,39384000,10.5225,-0.94137783483099,INTC
2012-09-20,10.2425,10.3325,10.1425,10.3313,33080430,10.3025,0.1244060475162,INTC
2012-09-21,10.3725,10.4225,10.1625,10.2775,56204200,10.3313,-0.23210865100868,INTC
2012-09-24,10.0825,10.1025,9.6725,9.9475,48816080,10.2775,-1.427027027027,INTC
2012-09-25,10.1025,10.1175,9.6625,9.6875,49499150,9.9475,-1.1406010089932,INTC
2012-09-26,9.7225,9.9025,9.6325,9.7975,49703500,9.6875,0.48812957621477,INTC
2012-09-27,9.9125,10.2925,9.8025,10.2375,43855290,9.7975,1.9430337822919,INTC
2012-09-28,10.2125,10.2125,9.7425,9.8075,47911130,10.2375,-1.8626813948451,INTC
2012-10-01,9.9025,10.3225,9.8325,9.9075,55260640,9.8075,0.4414036636504,INTC
2012-10-02,10.0425,10.1525,9.8125,9.9925,35999690,9.9075,0.3735442759833,INTC
2012-10-03,10.0125,10.1225,9.6425,9.7025,49766230,9.9925,-1.2697022767075,INTC
2012-10-04,9.7325,9.7725,9.4225,9.6175,52971330,9.7025,-0.3769401330377,INTC
2012-10-05,9.8125,10.0475,9.7325,9.8325,38343980,9.6175,0.95704429111952,INTC
2012-10-08,9.7725,9.7725,9.5525,9.6625,29679940,9.8325,-0.74955908289241,INTC
2012-10-09,9.3125,9.3425,9.0025,9.0525,66298780,9.6625,-2.7099067081297,INTC
2012-10-10,9.0525,9.1525,8.8525,8.9125,47111580,9.0525,-0.63926940639268,INTC
2012-10-11,9.0225,9.0325,8.6725,8.8325,36779220,8.9125,-0.36764705882354,INTC
2012-10-12,8.7325,9.0025,8.5525,8.6328,46272110,8.8325,-0.92112546125461,INTC
2012-10-15,8.6825,9.0525,8.6525,8.8825,49495930,8.6328,1.1624604870509,INTC
2012-10-16,9.1425,9.6225,9.1025,9.5025,79594090,8.8825,2.8531983433042,INTC
2012-10-17,8.4225,9.1325,8.4175,8.9425,99046680,9.5025,-2.5055928411633,INTC
2012-10-18,8.9725,9.0075,8.7525,8.8225,42901910,8.9425,-0.55071133547498,INTC
2012-10-19,8.8225,8.8425,8.3725,8.4175,55602630,8.8225,-1.8689432395016,INTC
2012-10-22,8.5525,8.7175,8.4525,8.6125,36499140,8.4175,0.91699976487186,INTC
2012-10-23,8.4725,8.9225,8.4525,8.7425,47192530,8.6125,0.60577819198508,INTC
2012-10-24,8.8825,8.8925,8.5625,8.6125,33217170,8.7425,-0.60213061602593,INTC
2012-10-25,8.7325,8.9025,8.6625,8.8425,79225830,8.6125,1.071761416589,INTC
2012-10-26,8.9125,9.1725,8.7525,9.1025,92417424,8.8425,1.1987090825265,INTC
2012-10-31,9.1625,9.2425,8.7425,8.7825,40610000,9.1025,-1.4578587699317,INTC
2012-11-01,8.9125,9.5625,8.8725,9.4125,50357390,8.7825,2.9126213592233,INTC
2012-11-02,9.5425,9.6925,9.1725,9.2125,51717730,9.4125,-0.89847259658582,INTC
2012-11-05,9.3975,9.4875,9.0975,9.2166,48775010,9.2125,-1.0013599274705,INTC
2012-11-06,9.1075,9.3775,9.0075,9.1075,49856730,9.2166,-0.49956271091757,INTC
2012-11-07,8.9175,8.9275,8.2775,8.2875,70801170,9.1075,-3.7735849056604,INTC
2012-11-08,8.2775,8.5075,8.1975,8.2075,38067120,8.2875,-0.38259206121474,INTC
2012-11-09,8.1875,8.5175,8.1775,8.1775,35010130,8.2075,-0.14402304368698,INTC
2012-11-12,8.2575,8.2875,8.0275,8.1425,27265610,8.1775,-0.16826923076923,INTC
2012-11-13,7.9475,8.1975,7.5575,7.6575,56362410,8.1425,-2.335660967975,INTC
2012-11-14,7.7975,7.8775,7.3275,7.3375,58929220,7.6575,-1.577909270217,INTC
2012-11-15,7.3875,7.6675,7.3575,7.4075,45727110,7.3375,0.35070140280561,INTC
2012-11-16,7.4475,7.6375,7.1475,7.5675,50853300,7.4075,0.79880179730404,INTC
2012-11-19,7.3675,7.8275,7.1075,7.6275,69386940,7.5675,0.29717682020802,INTC
2012-11-20,7.2575,7.2575,6.7275,6.8907,85711750,7.6275,-3.6385185185185,INTC
2012-11-21,6.8975,6.9275,6.6075,6.7375,95598480,6.8907,-0.78510956685732,INTC
2012-11-23,6.9075,7.2175,6.8875,7.0975,51711400,6.7375,1.8595041322314,INTC
2012-11-26,7.0675,7.2975,6.9975,7.2625,67017690,7.0975,0.83671399594322,INTC
2012-11-27,7.3275,7.5675,7.2975,7.3075,44879600,7.2625,0.22630123208448,INTC
2012-11-28,7.2675,7.4875,7.0175,7.4675,43180120,7.3075,0.80280983442047,INTC
2012-11-29,7.2075,7.4125,6.8375,6.9075,64881050,7.4675,-2.787456445993,INTC
2012-11-30,7.0075,7.1475,6.7975,6.9425,51421080,6.9075,0.17921146953405,INTC
2012-12-03,7.2575,7.2931,6.8775,6.9175,50613000,6.9425,-0.12777919754665,INTC
2012-12-04,7.0075,7.4275,6.9875,7.3469,57940690,6.9175,2.1975435005118,INTC
2012-12-05,7.3175,7.3975,7.1175,7.2275,45833910,7.3469,-0.59791480965877,INTC
2012-12-06,7.3675,7.6675,7.3475,7.5375,46270440,7.2275,1.5617128463476,INTC
2012-12-07,7.7075,7.7375,7.4075,7.5325,41679330,7.5375,-0.024801587301582,INTC
2012-12-10,7.5275,7.5475,7.3575,7.4575,27273080,7.5325,-0.37211610022328,INTC
2012-12-11,7.5375,8.1175,7.5275,8.0275,51035070,7.4575,2.8386454183267,INTC
2012-12-12,8.2375,8.3675,7.9175,8.0475,48350300,8.0275,0.096852300242146,INTC
2012-12-13,8.0075,8.2975,7.8175,7.8675,41607570,8.0475,-0.87082728592164,INTC
2012-12-14,7.8975,8.1175,7.7275,7.9042,34145330,7.8675,0.17911176183506,INTC
2012-12-17,7.9275,8.0675,7.7375,7.9475,34867110,7.9042,0.21094476949533,INTC
2012-12-18,8.0575,8.3675,7.9475,8.3375,41596050,7.9475,1.8959649975693,INTC
2012-12-19,8.4475,8.6875,8.2375,8.4775,52804570,8.3375,0.66793893129771,INTC
2012-12-20,8.5875,8.6175,8.2575,8.4068,33988130,8.4775,-0.3350710900474,INTC
2012-12-21,8.0375,8.2275,7.8575,8.1425,61979810,8.4068,-1.2568178684027,INTC
2012-12-24,8.0275,8.1074,7.8875,8.0175,14200790,8.1425,-0.60197447628221,INTC
2012-12-26,8.1175,8.3075,8.0175,8.0275,22485310,8.0175,0.048449612403091,INTC
2012-12-27,8.0775,8.1375,7.6875,7.8875,31703010,8.0275,-0.6779661016949,INTC
2012-12-28,7.7275,7.8675,7.5875,7.6075,25854640,7.8875,-1.3651877133106,INTC
2012-12-31,7.6225,8.0375,7.5375,7.9975,41135580,7.6075,1.9278299555116,INTC
2013-01-02,8.5275,8.7575,8.4275,8.7575,47621910,7.9975,3.6857419980601,INTC
2013-01-03,8.7775,8.8575,8.5175,8.6975,41052050,8.7575,-0.28063610851262,INTC
2013-01-04,8.7375,8.7675,8.4275,8.5375,30137890,8.6975,-0.75046904315197,INTC
2013-01-07,8.6575,8.8275,8.5575,8.6275,36347920,8.5375,0.42533081285444,INTC
2013-01-08,8.6075,8.9375,8.3975,8.4675,48654530,8.6275,-0.75294117647059,INTC
2013-01-09,8.5975,8.8475,8.5775,8.8275,34288070,8.4675,1.7069701280228,INTC
2013-01-10,8.9875,9.1975,8.9075,9.1775,44619790,8.8275,1.6317016317016,INTC
2013-01-11,9.1775,9.4475,9.1475,9.3775,44941590,9.1775,0.91743119266055,INTC
2013-01-14,9.3575,9.5075,9.1275,9.3765,35696700,9.3775,-0.0045454545454601,INTC
2013-01-15,9.3275,9.5075,9.1575,9.2575,33988560,9.3765,-0.54093367880358,INTC
2013-01-16,9.2875,9.5775,9.2275,9.4875,36756270,9.2575,1.0511882998172,INTC
2013-01-17,9.4975,10.4375,9.4875,10.0575,99163830,9.4875,2.5780189959294,INTC
2013-01-18,8.7375,8.8175,8.4075,8.6275,142507900,10.0575,-6.305114638448,INTC
2013-01-22,8.6575,8.6675,8.4075,8.5475,51089550,8.6275,-0.37647058823529,INTC
2013-01-23,8.5775,8.5975,8.4175,8.4875,42357070,8.5475,-0.28341993386869,INTC
2013-01-24,8.4775,8.5575,8.3075,8.3275,58387820,8.4875,-0.75793462813832,INTC
2013-01-25,8.4175,8.4475,8.2575,8.3375,107602400,8.3275,0.047732696897382,INTC
2013-01-28,8.3875,8.4675,8.3675,8.4275,105396800,8.3375,0.4293893129771,INTC
2013-01-29,8.4675,8.6775,8.3875,8.6575,105696400,8.4275,1.0926365795724,INTC
2013-01-30,8.6675,8.8375,8.5975,8.7475,34140430,8.6575,0.42293233082707,INTC
2013-01-31,8.6775,8.6975,8.3975,8.4175,36502500,8.7475,-1.544220870379,INTC
2013-02-01,8.5675,8.7375,8.4675,8.7325,31864400,8.4175,1.4971482889734,INTC
2013-02-04,8.6775,8.7575,8.5275,8.5375,38316240,8.7325,-0.91313509716694,INTC
2013-02-05,8.7424,8.9325,8.6625,8.7809,30071460,8.5375,0.086956521739129,INTC
2013-02-06,8.7624,8.8025,8.5125,8.5925,32359030,8.7809,-0.88958561553281,INTC
2013-02-07,8.5725,8.5725,8.3025,8.4125,40921250,8.5925,-0.85755121486422,INTC
2013-02-08,8.5025,8.6925,8.4825,8.6025,28147810,8.4125,0.91302258529554,INTC
2013-02-11,8.6025,8.6625,8.5225,8.6325,18895730,8.6025,0.14285714285715,INTC
2013-02-12,8.6325,8.8525,8.5925,8.7925,28387910,8.6325,0.76081787922016,INTC
2013-02-13,8.8225,8.9025,8.7475,8.8525,21262870,8.7925,0.28315243039169,INTC
2013-02-14,8.7325,8.8825,8.6625,8.8325,35260770,8.8525,-0.094117647058822,INTC
2013-02-15,8.8325,8.9025,8.5925,8.7175,33807580,8.8325,-0.54168629298164,INTC
2013-02-19,8.7825,8.8125,8.6625,8.6875,31066010,8.7175,-0.14207909069381,INTC
2013-02-20,8.6925,8.7025,8.3025,8.3325,46097660,8.6875,-1.6836613706426,INTC
2013-02-21,8.3565,8.3625,7.7225,7.8525,60657640,8.3325,-2.315484804631,INTC
2013-02-22,7.9225,8.0925,7.7025,8.0225,34537678,7.8525,0.83950617283951,INTC
2013-02-25,8.1725,8.2525,7.8325,7.8325,41524324,8.0225,-0.93046033300686,INTC
2013-02-26,8.1225,8.4525,8.0125,8.1825,67248599,7.8325,1.7301038062284,INTC
2013-02-27,8.2025,8.6425,8.1125,8.5325,46970239,8.1825,1.7006802721089,INTC
2013-02-28,8.5325,8.6825,8.4225,8.4825,34811131,8.5325,-0.23889154323937,INTC
2013-03-01,8.3825,8.7925,8.2625,8.6325,45699184,8.4825,0.71839080459771,INTC
2013-03-04,8.7625,8.8925,8.5625,8.8725,47379247,8.6325,1.1412268188302,INTC
2013-03-05,8.9525,9.1925,8.9025,9.1125,38800917,8.8725,1.1283497884344,INTC
2013-03-06,9.1125,9.3875,9.1125,9.3525,37190642,9.1125,1.115760111576,INTC
2013-03-07,9.3925,9.5925,9.3525,9.4925,42379932,9.3525,0.64367816091954,INTC
2013-03-08,9.5725,9.6425,9.0675,9.1825,44997953,9.4925,-1.4161717679306,INTC
2013-03-11,9.1825,9.3425,8.8825,9.2925,42151975,9.1825,0.50973123262281,INTC
2013-03-12,9.3025,9.3325,9.0525,9.2425,28618678,9.2925,-0.23052097740895,INTC
2013-03-13,9.1625,9.3025,9.0575,9.2575,24617820,9.2425,0.069316081330871,INTC
2013-03-14,9.3725,9.4525,9.1125,9.2525,28837853,9.2575,-0.023089355806985,INTC
2013-03-15,9.1825,9.3025,8.8725,8.9775,52955004,9.2525,-1.270207852194,INTC
2013-03-18,8.8425,9.0925,8.7925,8.8625,35188245,8.9775,-0.53801169590643,INTC
2013-03-19,8.8825,8.9625,8.6125,8.7425,42549194,8.8625,-0.56444026340546,INTC
2013-03-20,8.9225,8.9625,8.7125,8.7825,29917304,8.7425,0.18921475875118,INTC
2013-03-21,8.6125,8.7425,8.5025,8.6425,32607512,8.7825,-0.66100094428707,INTC
2013-03-22,8.7725,8.9425,8.6825,8.8625,24732820,8.6425,1.0456273764259,INTC
2013-03-25,8.9925,9.0225,8.6825,8.7525,32741027,8.8625,-0.51740357478835,INTC
2013-03-26,8.9025,9.3725,8.8525,9.3675,39553689,8.7525,2.9078014184397,INTC
2013-03-27,9.1825,9.5775,9.1125,9.4325,45378436,9.3675,0.29864461291063,INTC
2013-03-28,9.4625,9.5125,9.1975,9.4375,33338697,9.4325,0.022904260192408,INTC
2013-04-01,9.2725,9.3025,8.9225,9.0325,33721066,9.4375,-1.8548202427296,INTC
2013-04-02,9.1425,9.1825,8.9225,9.0575,28168028,9.0325,0.11665888940737,INTC
2013-04-03,9.0425,9.1025,8.6125,8.6525,36617526,9.0575,-1.8876718713586,INTC
2013-04-04,8.6525,8.7925,8.5625,8.7375,28703623,8.6525,0.40380047505939,INTC
2013-04-05,8.5725,8.5725,8.3525,8.5425,36724443,8.7375,-0.92264017033357,INTC
2013-04-08,8.4925,8.6925,8.4025,8.6925,34214691,8.5425,0.71633237822349,INTC
2013-04-09,8.7225,9.4925,8.6625,9.3525,61522140,8.6925,3.1294452347084,INTC
2013-04-10,9.3225,10.0225,9.3125,9.8625,67102818,9.3525,2.3448275862069,INTC
2013-04-11,9.3325,9.5125,9.0925,9.4275,59299768,9.8625,-1.9541778975741,INTC
2013-04-12,9.3425,9.4025,9.0725,9.2775,34034793,9.4275,-0.68728522336769,INTC
2013-04-15,9.1025,9.3125,8.9625,8.9825,38452875,9.2775,-1.361014994233,INTC
2013-04-16,9.0825,9.5325,9.0225,9.5175,64766913,8.9825,2.5023386342376,INTC
2013-04-17,9.3825,9.7425,9.1725,9.5325,79463639,9.5175,0.068446269678305,INTC
2013-04-18,9.6025,10.0025,9.5025,9.8425,76236038,9.5325,1.4135886912905,INTC
2013-04-19,9.8825,10.0525,9.8125,10.0425,49098713,9.8425,0.89928057553958,INTC
2013-04-22,10.1025,10.5425,9.9525,10.4825,52819796,10.0425,1.9607843137255,INTC
2013-04-23,10.5625,11.0525,10.5325,10.9775,62494015,10.4825,2.1634615384615,INTC
2013-04-24,10.9025,11.3925,10.8475,11.2625,54287639,10.9775,1.2192513368984,INTC
2013-04-25,11.2225,11.4725,10.9225,10.9825,109181732,11.2625,-1.1834319526627,INTC
2013-04-26,10.8825,11.1625,10.7425,11.0025,101379072,10.9825,0.085543199315653,INTC
2013-04-29,11.0225,11.4325,11.0025,11.3625,102145799,11.0025,1.5384615384616,INTC
2013-04-30,11.3225,11.6025,11.2425,11.5525,41471153,11.3625,0.79966329966329,INTC
2013-05-01,11.4225,11.7725,11.4125,11.5925,38373731,11.5525,0.1670146137787,INTC
2013-05-02,11.3425,11.7525,11.2725,11.7125,33494273,11.5925,0.50020842017508,INTC
2013-05-03,12.0275,12.0475,11.7775,11.7875,30086351,11.7125,-0.62214848610534,INTC
2013-05-06,11.9875,12.0375,11.6775,11.7375,31009084,11.7875,-0.20868113522538,INTC
2013-05-07,11.8275,12.0775,11.7675,11.9775,38604623,11.7375,1.0037641154329,INTC
2013-05-08,11.8675,12.1175,11.7876,12.0775,24903239,11.9775,0.41407867494825,INTC
2013-05-09,12.0175,12.3975,11.9275,12.1875,31335569,12.0775,0.45360824742268,INTC
2013-05-10,12.2275,12.3675,12.1775,12.3275,22559539,12.1875,0.57471264367816,INTC
2013-05-13,12.2375,12.3175,11.8575,11.9075,28520990,12.3275,-1.7142857142857,INTC
2013-05-14,11.9075,11.9975,11.6075,11.6675,36621540,11.9075,-0.99667774086378,INTC
2013-05-15,11.7175,12.0275,11.6375,12.0275,33568630,11.6675,1.510067114094,INTC
2013-05-16,11.8875,12.2275,11.7575,11.7675,29743630,12.0275,-1.0743801652892,INTC
2013-05-17,11.9475,12.0475,11.7275,11.8675,36273680,11.7675,0.41771094402672,INTC
2013-05-20,11.9075,12.0775,11.8275,11.9075,31321560,11.8675,0.16638935108153,INTC
2013-05-21,11.9275,12.0775,11.8275,11.9775,37905360,11.9075,0.29069767441861,INTC
2013-05-22,11.9575,12.3575,11.7675,11.8975,49603790,11.9775,-0.33126293995859,INTC
2013-05-23,11.7075,11.9475,11.6675,11.8775,38131900,11.8975,-0.083090984628166,INTC
2013-05-24,11.7475,11.8675,11.4075,11.7505,30802710,11.8775,-0.52806652806654,INTC
2013-05-28,11.9875,12.2275,11.8275,11.9075,31084570,11.7505,0.65627220666304,INTC
2013-05-29,11.7875,12.2075,11.7175,12.0975,31637080,11.9075,0.7890365448505,INTC
2013-05-30,12.1075,12.3275,12.0375,12.0375,26293370,12.0975,-0.24721878862793,INTC
2013-05-31,12.0575,12.5375,11.9575,12.1075,47774360,12.0375,0.28913672036349,INTC
2013-06-03,12.7075,13.2775,12.6575,13.0675,76362310,12.1075,3.9538714991763,INTC
2013-06-04,13.3825,13.8075,13.1775,13.1875,68510260,13.0675,0.47543581616482,INTC
2013-06-05,12.9375,13.1075,12.4775,12.5275,53334610,13.1875,-2.602523659306,INTC
2013-06-06,12.5775,12.7675,12.0975,12.4775,39919780,12.5275,-0.20242914979757,INTC
2013-06-07,12.2275,12.5275,12.0425,12.4175,35537900,12.4775,-0.24340770791075,INTC
2013-06-10,12.5375,12.9175,12.4675,12.8375,29777170,12.4175,1.7080113867426,INTC
2013-06-11,12.6575,12.9075,12.4575,12.5375,27076000,12.8375,-1.1995201919232,INTC
2013-06-12,12.7875,12.8275,12.2375,12.2875,24532560,12.5375,-1.0117361392149,INTC
2013-06-13,12.2875,12.8375,12.2275,12.8175,27706400,12.2875,2.1668029435813,INTC
2013-06-14,12.8475,12.9675,12.6675,12.7475,24734320,12.8175,-0.28011204481791,INTC
2013-06-17,12.9375,13.1775,12.7375,12.9275,42636930,12.7475,0.7223113964687,INTC
2013-06-18,12.8975,13.4775,12.8975,13.2925,36395250,12.9275,1.4541832669323,INTC
2013-06-19,13.3175,13.5075,12.8275,12.8275,28837560,13.2925,-1.826035735323,INTC
2013-06-20,12.5575,12.5775,11.9275,12.0125,63561430,12.8275,-3.26,INTC
2013-06-21,12.1375,12.1775,11.9175,12.0225,67747360,12.0125,0.041347942939845,INTC
2013-06-24,11.9075,12.0475,11.2375,11.4075,49138090,12.0225,-2.5418474891507,INTC
2013-06-25,11.6575,11.7675,11.3975,11.7075,34568630,11.4075,1.2722646310433,INTC
2013-06-26,12.0275,12.0625,11.7175,11.8325,33643480,11.7075,0.52345058626466,INTC
2013-06-27,11.9275,12.1775,11.8375,11.8775,25560420,11.8325,0.18746094563633,INTC
2013-06-28,11.7575,12.2375,11.5575,12.0575,80413420,11.8775,0.74844074844075,INTC
2013-07-01,12.1775,12.2475,11.6675,11.7135,29697540,12.0575,-1.4197276104003,INTC
2013-07-02,11.6975,11.8675,11.3675,11.5475,28284470,11.7135,-0.6949677635435,INTC
2013-07-03,11.5275,11.7275,11.2775,11.5895,18167160,11.5475,0.177065767285,INTC
2013-07-05,11.7775,11.9075,11.5025,11.8875,17829270,11.5895,1.2541031899672,INTC
2013-07-08,11.6875,11.7375,10.8575,11.0125,68804550,11.8875,-3.6367414796342,INTC
2013-07-09,11.1275,11.2475,10.9375,10.9625,34730290,11.0125,-0.21565667457407,INTC
2013-07-10,10.9675,11.1245,10.4675,11.0775,50071930,10.9625,0.49708234277069,INTC
2013-07-11,11.3875,11.8275,11.2975,11.8175,41308260,11.0775,3.1827956989247,INTC
2013-07-12,11.7775,11.8275,11.4775,11.7275,34560510,11.8175,-0.3751563151313,INTC
2013-07-15,11.6675,11.7975,11.5875,11.7675,25649670,11.7275,0.16736401673641,INTC
2013-07-16,11.8275,12.1275,11.7275,12.0775,34489580,11.7675,1.2949039264829,INTC
2013-07-17,12.1275,12.2575,11.8675,11.9775,43254340,12.0775,-0.41237113402062,INTC
2013-07-18,11.2975,11.4375,10.9875,11.0715,77782560,11.9775,-3.7515527950311,INTC
2013-07-19,10.9375,10.9775,10.6375,10.8675,45865890,11.0715,-0.8776458440888,INTC
2013-07-22,10.9475,10.9475,10.5575,10.5975,35879080,10.8675,-1.171875,INTC
2013-07-23,10.6775,10.8175,10.4675,10.5775,28515660,10.5975,-0.087834870443564,INTC
2013-07-24,10.7575,10.8275,10.4575,10.7575,33406900,10.5775,0.79120879120879,INTC
2013-07-25,10.6775,10.8875,10.6475,10.8875,114553900,10.7575,0.56694286960314,INTC
2013-07-26,10.7675,11.0875,10.7275,11.0875,110469000,10.8875,0.86730268863835,INTC
2013-07-29,10.9975,11.1275,10.8975,11.0675,85540870,11.0875,-0.085984522785912,INTC
2013-07-30,11.1275,11.3275,11.1075,11.2075,28855220,11.0675,0.60240963855422,INTC
2013-07-31,11.1975,11.2875,11.0875,11.1625,27679210,11.2075,-0.19247219846021,INTC
2013-08-01,11.2375,11.3175,10.8475,11.0275,37792290,11.1625,-0.57853010499251,INTC
2013-08-02,11.0075,11.0475,10.8275,11.0475,36116610,11.0275,0.086206896551722,INTC
2013-08-05,11.0525,11.0725,10.9025,10.9765,20867720,11.0475,-1.2747631352282,INTC
2013-08-06,10.9325,10.9825,10.7625,10.8525,28832310,10.9765,-0.54091781538998,INTC
2013-08-07,10.7425,10.8395,10.6025,10.7525,23334640,10.8525,-0.43859649122808,INTC
2013-08-08,10.8025,10.8325,10.4625,10.5025,34790370,10.7525,-1.1013215859031,INTC
2013-08-09,10.4625,10.6025,10.3625,10.5625,25145370,10.5025,0.2672605790646,INTC
2013-08-12,10.5525,10.7525,10.5025,10.6925,23518860,10.5625,0.57752110173256,INTC
2013-08-13,10.7425,10.7525,10.4425,10.5725,26099050,10.6925,-0.53003533568905,INTC
2013-08-14,10.4525,10.7925,10.4025,10.6225,23187070,10.5725,0.22202486678508,INTC
2013-08-15,10.3325,10.4625,10.0225,10.0825,40440170,10.6225,-2.3925564909171,INTC
2013-08-16,10.1125,10.2425,9.9425,9.9675,30079020,10.0825,-0.52201543349978,INTC
2013-08-19,10.1325,10.7525,10.1025,10.3325,43412200,9.9675,1.6655258955054,INTC
2013-08-20,10.3625,10.7325,10.3525,10.5755,32080980,10.3325,1.0906642728905,INTC
2013-08-21,10.5925,10.6325,10.1125,10.2225,32371350,10.5755,-1.5672867735204,INTC
2013-08-22,10.3125,10.4425,10.2225,10.3125,17314120,10.2225,0.40595399188092,INTC
2013-08-23,10.3925,10.6225,10.3825,10.4925,23081880,10.3125,0.80862533692722,INTC
2013-08-26,10.4525,10.5725,10.2825,10.3275,22196890,10.4925,-0.73529411764707,INTC
2013-08-27,10.1725,10.2725,10.0525,10.2435,37629640,10.3275,-0.37710437710438,INTC
2013-08-28,10.2525,10.4625,10.1825,10.3375,28089960,10.2435,0.42359515118742,INTC
2013-08-29,10.2925,10.4875,10.0975,10.1125,28193980,10.3375,-1.00964774512,INTC
2013-08-30,10.2825,10.3025,9.9525,10.0325,33875250,10.1125,-0.36264732547597,INTC
2013-09-03,10.2625,10.2925,10.0225,10.1195,26427270,10.0325,0.3958143767061,INTC
2013-09-04,10.3825,10.8325,10.3325,10.6875,37931677,10.1195,2.5739792450265,INTC
2013-09-05,10.7725,10.7825,10.5425,10.6525,22532750,10.6875,-0.15462778882262,INTC
2013-09-06,10.7925,10.8725,10.4525,10.7225,27607492,10.6525,0.30973451327434,INTC
2013-09-09,10.7625,11.0825,10.7525,10.9625,27765085,10.7225,1.0586678429643,INTC
2013-09-10,11.1425,11.1825,10.9825,11.0375,31706500,10.9625,0.32736796158882,INTC
2013-09-11,10.9825,11.0325,10.7625,10.8625,45816008,11.0375,-0.76136610833152,INTC
2013-09-12,10.8625,10.8925,10.6525,10.6825,29513096,10.8625,-0.78912757562472,INTC
2013-09-13,11.1325,11.5125,11.0925,11.4925,61125539,10.6825,3.5793194874061,INTC
2013-09-16,11.6525,11.7625,11.4025,11.4425,30241722,11.4925,-0.21331058020478,INTC
2013-09-17,11.7225,11.9425,11.7225,11.7925,37536193,11.4425,1.4963659683625,INTC
2013-09-18,11.8625,11.9725,11.6125,11.9525,31975410,11.7925,0.67396798652064,INTC
2013-09-19,12.0025,12.1375,11.8925,11.9675,28258042,11.9525,0.062761506276153,INTC
2013-09-20,11.9925,12.0125,11.6229,11.8215,47218188,11.9675,-0.61049550491324,INTC
2013-09-23,11.7525,11.9025,11.6625,11.6725,22439614,11.8215,-0.62686692751061,INTC
2013-09-24,11.6325,11.9025,11.6325,11.7575,24114293,11.6725,0.35986452159186,INTC
2013-09-25,11.8225,11.8625,11.6325,11.7525,19874761,11.7575,-0.021092596498625,INTC
2013-09-26,11.7925,11.8525,11.2525,11.4625,31994999,11.7525,-1.2236286919831,INTC
2013-09-27,11.2725,11.4425,10.9325,11.0325,28925880,11.4625,-1.8368218709953,INTC
2013-09-30,10.8025,11.2225,10.6525,10.9735,32487665,11.0325,-0.25674499564839,INTC
2013-10-01,10.9925,11.0925,10.7525,10.8825,25879311,10.9735,-0.39701583700537,INTC
2013-10-02,10.7725,10.9525,10.7225,10.9375,23202920,10.8825,0.24091108190978,INTC
2013-10-03,10.8725,10.8925,10.5525,10.6525,34887686,10.9375,-1.245357220887,INTC
2013-10-04,10.7225,10.9025,10.6525,10.8625,22550592,10.6525,0.929203539823,INTC
2013-10-07,10.7625,11.0525,10.6225,10.8825,21318722,10.8625,0.087680841736079,INTC
2013-10-08,10.8825,10.9325,10.5325,10.5325,36088948,10.8825,-1.533070521244,INTC
2013-10-09,10.5925,11.0125,10.5325,10.6425,40412507,10.5325,0.48932384341637,INTC
2013-10-10,11.0325,11.2725,10.9725,11.1525,39178587,10.6425,2.257636122178,INTC
2013-10-11,10.9125,11.3125,10.8725,11.3075,24549817,11.1525,0.67099567099566,INTC
2013-10-14,11.1425,11.5425,11.0825,11.5025,27172886,11.3075,0.8385293485272,INTC
2013-10-15,11.4525,11.6425,11.3725,11.4425,42595630,11.5025,-0.25586353944562,INTC
2013-10-16,11.3425,11.7925,11.2725,11.7475,47513690,11.4425,1.3039760581445,INTC
2013-10-17,11.6525,11.9925,11.5425,11.9725,28651950,11.7475,0.94956741928678,INTC
2013-10-18,11.9125,12.0325,11.7325,11.9275,29037920,11.9725,-0.18812709030101,INTC
2013-10-21,12.0025,12.2225,11.8675,12.1875,35199060,11.9275,1.0890052356021,INTC
2013-10-22,12.2425,12.2525,12.0625,12.1235,28957110,12.1875,-0.2651750569712,INTC
2013-10-23,11.9825,12.1025,11.6125,11.7875,31519770,12.1235,-1.395870549624,INTC
2013-10-24,11.9125,12.0225,11.8325,11.8325,47503750,11.7875,0.18959342742786,INTC
2013-10-25,12.1325,12.2925,12.0725,12.2875,59588980,11.8325,1.9133725820017,INTC
2013-10-28,12.2225,12.5425,12.2225,12.4125,65441920,12.2875,0.51578295853105,INTC
2013-10-29,12.4525,12.7225,12.4015,12.5755,29947210,12.4125,0.66912972085386,INTC
2013-10-30,12.5825,12.7275,12.4525,12.5475,24091760,12.5755,-0.11417852628144,INTC
2013-10-31,12.5725,12.7825,12.4825,12.5225,30895330,12.5475,-0.10206164523373,INTC
2013-11-01,12.5525,12.7025,12.2725,12.3775,28301980,12.5225,-0.59256232120964,INTC
2013-11-04,12.3825,12.4525,12.2025,12.3075,26624370,12.3775,-0.28776978417266,INTC
2013-11-05,12.1975,12.3875,12.0475,12.3075,22838860,12.3075,-0.92764378478663,INTC
2013-11-06,12.3375,12.5875,12.1675,12.5225,25516360,12.3075,0.89471493965876,INTC
2013-11-07,12.6075,12.6575,12.2775,12.3365,25631060,12.5225,-0.76716848834811,INTC
2013-11-08,12.3175,12.3925,12.1175,12.3675,31486250,12.3365,0.12884991063635,INTC
2013-11-11,12.3175,12.5675,12.2075,12.4465,19236450,12.3675,0.32793690327937,INTC
2013-11-12,12.2675,12.7775,12.2575,12.7075,37813510,12.4465,1.079895734205,INTC
2013-11-13,12.5575,12.8975,12.4775,12.8775,22813050,12.7075,0.69586573884569,INTC
2013-11-14,12.7175,12.7775,12.6275,12.6625,19907670,12.8775,-0.8739837398374,INTC
2013-11-15,12.6775,12.8275,12.5275,12.7975,22804560,12.6625,0.55361902809103,INTC
2013-11-18,12.8275,12.9775,12.7575,12.8775,24655820,12.7975,0.326264274062,INTC
2013-11-19,13.0275,13.1475,12.8875,12.9775,24856410,12.8775,0.40650406504064,INTC
2013-11-20,12.9775,13.0975,12.7375,12.8375,20284010,12.9775,-0.5668016194332,INTC
2013-11-21,12.8775,13.5675,12.7975,13.5075,43975020,12.8375,2.728013029316,INTC
2013-11-22,12.7475,12.7875,12.1175,12.1475,77395980,13.5075,-5.3904082441538,INTC
2013-11-25,12.2975,12.2975,11.7775,12.0275,43342810,12.1475,-0.50272308336825,INTC
2013-11-26,12.0675,12.1125,11.7975,11.9275,30600810,12.0275,-0.42105263157895,INTC
2013-11-27,11.8975,12.1975,11.7975,12.1775,28410990,11.9275,1.0570824524313,INTC
2013-11-29,12.1775,12.2675,12.0375,12.1175,13802870,12.1775,-0.2510460251046,INTC
2013-12-02,12.2675,12.2775,11.9275,11.9775,25684510,12.1175,-0.58724832214765,INTC
2013-12-03,11.9875,12.0075,11.6775,11.8275,35066000,11.9775,-0.63291139240506,INTC
2013-12-04,11.7975,12.1275,11.7975,12.0175,43452820,11.8275,0.80679405520169,INTC
2013-12-05,12.1375,12.6275,12.0275,12.5375,45398120,12.0175,2.1903959561921,INTC
2013-12-06,13.2275,13.5275,13.0275,13.0975,53871440,12.5375,2.3083264633141,INTC
2013-12-09,13.0975,13.3575,12.9575,13.2075,29614700,13.0975,0.44319097502014,INTC
2013-12-10,13.1175,13.2475,12.9375,13.0975,18187970,13.2075,-0.441235459286,INTC
2013-12-11,13.0175,13.1575,12.6775,12.6975,24665740,13.0975,-1.6116035455278,INTC
2013-12-12,12.9975,13.1675,12.6975,12.7475,21809040,12.6975,0.20475020475019,INTC
2013-12-13,12.4825,12.7675,12.4325,12.5675,20631240,12.7475,-0.73559460563956,INTC
2013-12-16,12.6075,12.9875,12.6075,12.7275,25058670,12.5675,0.65870728694936,INTC
2013-12-17,12.6975,13.0475,12.6575,12.9325,28158500,12.7275,0.83844580777097,INTC
2013-12-18,12.9875,13.4775,12.8075,13.4275,42680540,12.9325,2.0077063475968,INTC
2013-12-19,13.3775,13.5175,13.1675,13.4175,31880550,13.4275,-0.039761431411523,INTC
2013-12-20,13.3875,13.6275,13.3175,13.3325,55066210,13.4175,-0.33810660302307,INTC
2013-12-23,13.5475,13.7075,13.4575,13.5975,28068050,13.3325,1.0576731191379,INTC
2013-12-24,13.6775,13.8975,13.6275,13.7075,12157880,13.5975,0.43443917851501,INTC
2013-12-26,13.7375,13.9775,13.7075,13.9775,16956460,13.7075,1.0617381046009,INTC
2013-12-27,14.0275,14.0775,13.7575,13.8775,12968190,13.9775,-0.38910505836575,INTC
2013-12-30,13.9475,14.1275,13.8775,14.1275,19787080,13.8775,0.9765625,INTC
2013-12-31,14.0475,14.3175,14.0475,14.2325,22807260,14.1275,0.40618955512571,INTC
2014-01-02,14.0775,14.0975,13.7475,14.0675,31833240,14.2325,-0.63571566172221,INTC
2014-01-03,14.1375,14.1775,13.8775,14.0575,27796750,14.0675,-0.03877471888328,INTC
2014-01-06,14.0575,14.0675,13.7275,13.7375,28681270,14.0575,-1.2412723041117,INTC
2014-01-07,13.8175,14.0075,13.7425,13.8625,19665090,13.7375,0.49096622152396,INTC
2014-01-08,13.9675,13.9875,13.5775,13.7075,29612220,13.8625,-0.60582372483878,INTC
2014-01-09,13.7275,13.8275,13.5275,13.5875,20874530,13.7075,-0.47188360204483,INTC
2014-01-10,13.7875,14.1275,13.7775,13.8075,30588760,13.5875,0.86922165152115,INTC
2014-01-13,13.8875,14.2675,13.6975,13.7775,40271470,13.8075,-0.11750881316099,INTC
2014-01-14,14.2775,14.8275,14.1775,14.7875,74112780,13.7775,3.9607843137255,INTC
2014-01-15,15.0175,15.3958,14.8875,14.9475,58266790,14.7875,0.6035458317616,INTC
2014-01-16,14.9575,15.0175,14.6025,14.8175,48635390,14.9475,-0.48743907011625,INTC
2014-01-17,13.6575,14.1375,13.5275,14.1275,111755800,14.8175,-2.5998492840995,INTC
2014-01-21,14.0675,14.0775,13.5475,13.8675,42208040,14.1275,-1.0058027079304,INTC
2014-01-22,13.6675,13.8175,13.4275,13.5875,48749670,13.8675,-1.094177413052,INTC
2014-01-23,13.4475,13.5275,13.1775,13.4075,40239270,13.5875,-0.71118135124457,INTC
2014-01-24,13.1775,13.4685,13.0675,13.0875,35167470,13.4075,-1.2733784321528,INTC
2014-01-27,13.0375,13.2675,12.9375,12.9975,32563820,13.0875,-0.3627569528416,INTC
2014-01-28,13.0375,13.3225,12.8475,13.1775,32453770,12.9975,0.72815533980582,INTC
2014-01-29,13.0575,13.2375,12.9075,12.9575,27145670,13.1775,-0.88353413654618,INTC
2014-01-30,13.0075,13.1675,12.8175,13.0175,24608990,12.9575,0.24311183144246,INTC
2014-01-31,12.7275,12.9275,12.6775,12.8175,28622790,13.0175,-0.80840743734842,INTC
2014-02-03,12.7375,12.7875,12.1675,12.2275,52867560,12.8175,-2.4042379788101,INTC
2014-02-04,12.2475,12.3125,11.8575,12.0975,50815450,12.2275,-0.54279749478079,INTC
2014-02-05,12.2325,12.2625,12.0025,12.0225,32475290,12.0975,-1.2594458438287,INTC
2014-02-06,12.1225,12.5825,12.0525,12.4925,28008350,12.0225,1.9982993197279,INTC
2014-02-07,12.6825,12.7625,12.2725,12.7075,30870030,12.4925,0.89620675281367,INTC
2014-02-10,12.6125,12.8725,12.5625,12.7925,24552780,12.7075,0.3511671142326,INTC
2014-02-11,12.8625,13.0175,12.8325,12.9725,17907820,12.7925,0.74104569781803,INTC
2014-02-12,13.0625,13.1925,12.8725,13.0525,25871680,12.9725,0.32693093583981,INTC
2014-02-13,12.9325,13.2425,12.8125,13.2025,22921430,13.0525,0.61099796334012,INTC
2014-02-14,13.0775,13.2625,12.9125,13.2575,20591290,13.2025,0.22267206477733,INTC
2014-02-18,13.1725,13.2825,13.0525,13.2625,17738100,13.2575,0.02019793981015,INTC
2014-02-19,13.1525,13.2225,12.9225,13.0025,25685990,13.2625,-1.0500807754443,INTC
2014-02-20,13.0425,13.3525,13.0025,13.2425,20193610,13.0025,0.97959183673469,INTC
2014-02-21,13.4525,13.4625,12.8525,12.9225,30579270,13.2425,-1.2934518997575,INTC
2014-02-24,13.0125,13.3825,12.9125,13.1325,24145470,12.9225,0.85995085995085,INTC
2014-02-25,13.1725,13.2125,12.9625,13.1225,21538580,13.1325,-0.040600893219643,INTC
2014-02-26,13.2425,13.4825,13.1125,13.3025,19814900,13.1225,0.73111291632819,INTC
2014-02-27,13.3025,13.3025,13.0125,13.2625,20863860,13.3025,-0.16129032258064,INTC
2014-02-28,13.2925,13.3475,13.0725,13.2625,23482730,13.2625,0.0,INTC
2014-03-03,13.0525,13.0925,12.8025,13.0025,25727230,13.2625,-1.0500807754443,INTC
2014-03-04,13.2225,13.2825,13.0025,13.1125,23661170,13.0025,0.44897959183673,INTC
2014-03-05,13.2025,13.2125,12.9025,13.0025,21034140,13.1125,-0.44697277529459,INTC
2014-03-06,13.0725,13.1525,12.8825,13.1325,22371250,13.0025,0.53061224489796,INTC
2014-03-07,13.2025,13.3526,13.0725,13.1425,25373130,13.1325,0.040600893219657,INTC
2014-03-10,13.1125,13.3925,13.0825,13.3425,24907840,13.1425,0.81168831168831,INTC
2014-03-11,13.2825,13.3535,13.1125,13.2325,26656640,13.3425,-0.44283413848631,INTC
2014-03-12,13.1525,13.3825,13.1125,13.2625,21244800,13.2325,0.12131014961586,INTC
2014-03-13,13.3025,13.4975,12.9325,13.0725,26239930,13.2625,-0.76736672051697,INTC
2014-03-14,12.9825,13.1475,12.9025,13.0025,21563230,13.0725,-0.28490028490029,INTC
2014-03-17,13.1425,13.3225,12.9925,13.2025,18462570,13.0025,0.81632653061224,INTC
2014-03-18,13.1825,13.4025,13.0525,13.3225,26288330,13.2025,0.48582995951417,INTC
2014-03-19,13.3525,13.7525,13.2773,13.5225,33961570,13.3225,0.8058017727639,INTC
2014-03-20,13.5025,14.0925,13.4425,13.9275,36919820,13.5225,1.6187050359712,INTC
2014-03-21,14.1125,14.1825,13.6625,13.6725,55585020,13.9275,-1.0029498525074,INTC
2014-03-24,13.7125,13.8825,13.4225,13.6225,36950520,13.6725,-0.19864918553834,INTC
2014-03-25,13.6925,14.1725,13.6725,13.9625,32138170,13.6225,1.3535031847134,INTC
2014-03-26,14.0925,14.2425,13.8225,13.8797,26335270,13.9625,-0.32521602513748,INTC
2014-03-27,13.8625,14.2525,13.7925,13.8125,27096720,13.8797,-0.26480462777611,INTC
2014-03-28,13.9125,14.3125,13.8225,14.1225,22771490,13.8125,1.2248123271434,INTC
2014-03-31,14.1525,14.5625,14.1225,14.3165,29241860,14.1225,0.75722092115534,INTC
2014-04-01,14.3025,14.5025,14.1425,14.4925,23778450,14.3165,0.68180057333229,INTC
2014-04-02,14.4625,14.5525,14.1425,14.3925,22374400,14.4925,-0.38476337052712,INTC
2014-04-03,14.6525,14.9625,14.6425,14.9125,38394360,14.3925,2.0084974893781,INTC
2014-04-04,14.9925,15.2325,14.6075,14.6625,47829470,14.9125,-0.94661113214691,INTC
2014-04-07,14.8025,15.2425,14.7025,14.9875,49693490,14.6625,1.2423547400612,INTC
2014-04-08,14.8625,15.4825,14.8525,15.4125,56564370,14.9875,1.6046818954125,INTC
2014-04-09,15.4325,15.5225,15.2325,15.4825,34467000,15.4125,0.26012634708287,INTC
2014-04-10,15.5125,15.5925,14.8625,14.9275,40390460,15.4825,-2.0570793180133,INTC
2014-04-11,14.7725,15.0925,14.6725,14.6824,36120620,14.9275,-0.9275307473983,INTC
2014-04-14,14.8125,15.1525,14.6425,15.0625,26847410,14.6824,1.4518772035034,INTC
2014-04-15,15.0225,15.3325,14.8625,15.2725,44819130,15.0625,0.79066265060241,INTC
2014-04-16,15.4825,15.7425,15.0975,15.4325,53065350,15.2725,0.59768397459843,INTC
2014-04-17,15.3825,15.6575,15.2925,15.5425,38107750,15.4325,0.40846639435574,INTC
2014-04-21,15.5525,15.5525,15.2325,15.4525,20364470,15.5425,-0.33284023668639,INTC
2014-04-22,15.4125,15.4825,15.1625,15.3425,29600840,15.4525,-0.40816326530612,INTC
2014-04-23,15.3025,15.4725,15.2225,15.2525,25563600,15.3425,-0.33532041728763,INTC
2014-04-24,15.3125,15.4625,15.1425,15.2525,25376930,15.2525,0.0,INTC
2014-04-25,15.1525,15.2225,14.6875,14.7625,33612160,15.2525,-1.8317757009346,INTC
2014-04-28,14.6725,14.8925,14.5125,14.8325,33461380,14.7625,0.26656511805025,INTC
2014-04-29,14.8625,15.1575,14.8525,14.9825,22041780,14.8325,0.5696923661223,INTC
2014-04-30,14.8225,15.2025,14.7225,15.1925,25710410,14.9825,0.79305135951662,INTC
2014-05-01,15.0125,15.1725,14.8925,14.9525,19704440,15.1925,-0.8992131884601,INTC
2014-05-02,15.0625,15.1425,14.9025,14.9125,24235040,14.9525,-0.15122873345935,INTC
2014-05-05,14.8875,14.9875,14.7175,14.8975,20691530,14.9125,-0.90874668686103,INTC
2014-05-06,14.8875,15.1075,14.7275,14.9275,21804940,14.8975,0.11463507833396,INTC
2014-05-07,14.9875,15.1775,14.9475,15.0975,24575210,14.9275,0.64885496183207,INTC
2014-05-08,15.0575,15.2575,14.9475,15.0675,24062190,15.0975,-0.11376564277589,INTC
2014-05-09,15.1375,15.1375,14.9475,15.0275,20287000,15.0675,-0.15186028853454,INTC
2014-05-12,15.1275,15.2675,15.0275,15.0975,20607580,15.0275,0.26615969581749,INTC
2014-05-13,15.2475,15.2675,15.0575,15.1775,20504230,15.0975,0.30337504740234,INTC
2014-05-14,15.2275,15.2475,15.0575,15.0575,17795400,15.1775,-0.45368620037808,INTC
2014-05-15,15.0575,15.2275,14.7375,14.7375,31682830,15.0575,-1.2153437143942,INTC
2014-05-16,14.7775,14.7975,14.4675,14.5475,30017180,14.7375,-0.73048827374087,INTC
2014-05-19,14.4775,14.8175,14.4775,14.7675,22674620,14.5475,0.85205267234701,INTC
2014-05-20,14.7475,14.8975,14.6025,14.7675,22291560,14.7675,0.0,INTC
2014-05-21,14.8275,14.9775,14.7275,14.9275,18701610,14.7675,0.61443932411674,INTC
2014-05-22,14.9375,14.9975,14.8075,14.8775,15925920,14.9275,-0.19083969465649,INTC
2014-05-23,14.8775,15.0275,14.8675,15.0165,17172240,14.8775,0.53154875717018,INTC
2014-05-27,15.0575,15.4675,14.9075,15.4375,27249820,15.0165,1.6014302560006,INTC
2014-05-28,15.4275,15.6675,15.3875,15.6075,27150100,15.4375,0.63646574316735,INTC
2014-05-29,15.6375,15.6895,15.4487,15.6875,20635870,15.6075,0.29761904761905,INTC
2014-05-30,15.6675,16.0475,15.6575,16.0475,43612490,15.6875,1.3353115727003,INTC
2014-06-02,16.0375,16.0775,15.8475,15.9875,20264850,16.0475,-0.21961932650073,INTC
2014-06-03,15.9475,16.4275,15.8475,16.3875,33254630,15.9875,1.4673514306676,INTC
2014-06-04,16.2375,16.4875,16.2275,16.3275,21611970,16.3875,-0.21691973969631,INTC
2014-06-05,16.2875,16.3875,16.1575,16.3875,26545750,16.3275,0.21739130434782,INTC
2014-06-06,16.5075,16.9375,16.4575,16.8975,34779200,16.3875,1.8438177874187,INTC
2014-06-09,16.8275,17.1475,16.5575,16.6375,39932840,16.8975,-0.92296769613064,INTC
2014-06-10,16.5775,17.0575,16.4475,16.9675,34006530,16.6375,1.1823719097098,INTC
2014-06-11,16.8675,16.9375,16.5275,16.6575,27747710,16.9675,-1.0977337110482,INTC
2014-06-12,16.5475,16.8275,16.4975,16.6875,30662940,16.6575,0.10741138560688,INTC
2014-06-13,18.4775,18.7875,18.2875,18.5975,122128000,16.6875,6.8311874105866,INTC
2014-06-16,18.4475,18.8775,18.3975,18.7375,36258080,18.5975,0.46869768998996,INTC
2014-06-17,18.6075,18.8275,18.5675,18.6775,28440610,18.7375,-0.19993335554816,INTC
2014-06-18,18.5975,18.7075,18.3975,18.6575,34411300,18.6775,-0.066777963272119,INTC
2014-06-19,18.6875,18.8175,18.6175,18.8175,27166630,18.6575,0.53458068827264,INTC
2014-06-20,18.8075,18.9275,18.7575,18.9275,39547760,18.8175,0.36556995679628,INTC
2014-06-23,18.8275,19.0375,18.5775,18.9575,26528790,18.9275,0.099337748344375,INTC
2014-06-24,18.8875,19.5575,18.8175,19.2275,53396230,18.9575,0.89315249751902,INTC
2014-06-25,19.2075,19.7275,19.1725,19.6075,44290970,19.2275,1.2459016393443,INTC
2014-06-26,19.5375,19.6275,19.3375,19.5075,26721650,19.6075,-0.32383419689118,INTC
2014-06-27,19.5975,19.7275,19.4275,19.6575,30538350,19.5075,0.48732943469785,INTC
2014-06-30,19.5975,19.7275,19.3875,19.6275,21547920,19.6575,-0.09699321047527,INTC
2014-07-01,19.7175,19.8175,19.5975,19.7075,28239790,19.6275,0.25889967637541,INTC
2014-07-02,19.7175,19.7775,19.5275,19.7075,16779120,19.7075,0.0,INTC
2014-07-03,19.8075,20.0874,19.7475,19.8675,20437630,19.7075,0.51646223369916,INTC
2014-07-07,19.8175,19.9275,19.6475,19.7575,22202140,19.8675,-0.35324341682723,INTC
2014-07-08,19.7275,19.8075,19.4275,19.5175,37608170,19.7575,-0.77344505317435,INTC
2014-07-09,19.5675,19.7075,19.4175,19.6175,28302350,19.5175,0.32478077297824,INTC
2014-07-10,19.3275,20.0575,19.1675,19.9875,32436920,19.6175,1.1977986403367,INTC
2014-07-11,19.9875,20.1775,19.7675,19.9775,20044540,19.9875,-0.031989763275757,INTC
2014-07-14,20.1375,20.3025,20.0675,20.2175,24230500,19.9775,0.768,INTC
2014-07-15,20.3075,20.5275,19.8875,20.4375,60478020,20.2175,0.69863448713878,INTC
2014-07-16,22.0375,23.4675,21.9375,23.3775,135788800,20.4375,9.2715231788079,INTC
2014-07-17,22.9275,23.0875,22.3575,22.4275,70518580,23.3775,-2.7417027417027,INTC
2014-07-18,22.5275,22.5675,22.1175,22.4275,46528600,22.4275,0.0,INTC
2014-07-21,22.2775,22.9575,22.2675,22.7875,32080880,22.4275,1.0682492581602,INTC
2014-07-22,22.8875,23.5575,22.7975,23.5176,42889930,22.7875,2.1435701702877,INTC
2014-07-23,23.4075,23.4375,23.0275,23.2275,26041650,23.5176,-0.8338579078531,INTC
2014-07-24,23.1075,23.4025,22.8325,22.9775,32657320,23.2275,-0.72463768115942,INTC
2014-07-25,22.8775,23.0975,22.6575,22.9775,31597150,22.9775,0.0,INTC
2014-07-28,22.9575,23.0475,22.6075,22.9575,30967230,22.9775,-0.058394160583951,INTC
2014-07-29,22.9975,23.0975,22.8175,22.9175,25945840,22.9575,-0.11685655857435,INTC
2014-07-30,23.0375,23.2975,22.7675,23.0775,32782660,22.9175,0.46797309154725,INTC
2014-07-31,22.8175,22.9775,22.5375,22.6175,35415250,23.0775,-1.3391557496361,INTC
2014-08-01,22.4775,22.7575,22.3375,22.4725,32814990,22.6175,-0.427854824432,INTC
2014-08-04,22.5175,22.8175,22.2775,22.7775,27219350,22.4725,0.90383760557119,INTC
2014-08-05,22.7125,22.7325,21.5475,21.7725,49828340,22.7775,-3.6123348017621,INTC
2014-08-06,21.5525,22.1425,21.3425,21.7975,27918730,21.7725,0.076173065204139,INTC
2014-08-07,21.8825,22.1025,21.4925,21.6325,27775030,21.7975,-0.50235956766631,INTC
2014-08-08,21.7325,21.9525,21.4925,21.5525,35483940,21.6325,-0.24479804161566,INTC
2014-08-11,21.7725,22.1925,21.7625,21.9725,27672240,21.5525,1.2883435582822,INTC
2014-08-12,21.8625,22.1025,21.6325,22.0825,24805100,21.9725,0.33313143549364,INTC
2014-08-13,22.1925,23.1025,22.1825,23.0525,36253060,22.0825,2.9278599456686,INTC
2014-08-14,23.0025,23.1825,22.6925,22.8925,25452390,23.0525,-0.46920821114371,INTC
2014-08-15,23.0525,23.1625,22.6674,23.1225,28551870,22.8925,0.67766647024161,INTC
2014-08-18,23.2125,23.4225,22.9275,23.3625,27212570,23.1225,0.70237050043897,INTC
2014-08-19,23.4525,23.4525,23.2025,23.2925,29264420,23.3625,-0.20342923568728,INTC
2014-08-20,23.1825,23.4625,23.1325,23.4525,27138550,23.2925,0.46592894583575,INTC
2014-08-21,23.4125,24.1425,23.4025,24.1025,37008580,23.4525,1.8840579710145,INTC
2014-08-22,24.1525,24.1525,23.8625,23.8925,21195660,24.1025,-0.59743954480797,INTC
2014-08-25,24.0425,24.1025,23.6025,23.7625,18585790,23.8925,-0.37206639954206,INTC
2014-08-26,23.7425,24.0025,23.6425,23.7525,19584550,23.7625,-0.028727377190477,INTC
2014-08-27,23.8425,23.8925,23.5825,23.7425,16785140,23.7525,-0.028735632183902,INTC
2014-08-28,23.5625,23.7625,23.5625,23.6025,18908860,23.7425,-0.40241448692153,INTC
2014-08-29,23.7625,23.8875,23.6225,23.8725,32299820,23.6025,0.77922077922079,INTC
2014-09-02,23.7125,23.8625,23.3835,23.5225,32049400,23.8725,-1.0022909507446,INTC
2014-09-03,23.7725,23.8325,23.4025,23.5225,26668120,23.5225,0.0,INTC
2014-09-04,23.4825,24.0425,23.4725,23.8575,27632130,23.5225,0.96904830778132,INTC
2014-09-05,23.8725,24.0725,23.7825,23.9525,20841310,23.8575,0.27216731127345,INTC
2014-09-08,23.9125,24.5125,23.8325,24.2825,24816740,23.9525,0.94285714285714,INTC
2014-09-09,24.2425,24.2425,23.8025,23.8625,22332010,24.2825,-1.1887913954147,INTC
2014-09-10,23.8025,24.0825,23.6225,23.9725,19953880,23.8625,0.3150959610427,INTC
2014-09-11,23.7425,23.9725,23.4825,23.9725,21948520,23.9725,0.0,INTC
2014-09-12,23.8525,23.8625,23.4525,23.5725,26730420,23.9725,-1.1422044545974,INTC
2014-09-15,23.6625,23.7225,23.1825,23.4925,22402100,23.5725,-0.23108030040439,INTC
2014-09-16,23.4225,24.0325,23.4225,23.8825,20850520,23.4925,1.1291256514186,INTC
2014-09-17,23.8625,24.1525,23.6925,23.9325,26278910,23.8825,0.14314342971657,INTC
2014-09-18,24.0725,24.1225,23.8125,24.1225,23393590,23.9325,0.54316752429961,INTC
2014-09-19,24.1125,24.1725,23.7725,23.7725,46816670,24.1225,-0.99516633494456,INTC
2014-09-22,23.7325,23.9825,23.5025,23.6625,25447420,23.7725,-0.31591039632395,INTC
2014-09-23,23.6625,23.6625,23.3325,23.3725,25681030,23.6625,-0.83549409392106,INTC
2014-09-24,23.3475,23.8025,23.3225,23.7025,18826710,23.3725,0.95874491574665,INTC
2014-09-25,23.6325,23.7425,22.8325,23.0925,34556760,23.7025,-1.7553956834532,INTC
2014-09-26,23.2125,23.3125,22.5825,23.2125,25881820,23.0925,0.35149384885764,INTC
2014-09-29,23.0125,23.9425,22.8925,23.8525,28966130,23.2125,1.8680677174548,INTC
2014-09-30,23.8525,23.9525,23.3625,23.7725,35086670,23.8525,-0.22922636103151,INTC
2014-10-01,23.5625,23.7325,22.7925,22.9425,35086580,23.7725,-2.3836875358989,INTC
2014-10-02,22.9125,22.9525,22.2125,22.4725,33018050,22.9425,-1.3827596351868,INTC
2014-10-03,22.6125,23.1325,22.4225,22.9825,25798640,22.4725,1.5214797136038,INTC
2014-10-06,23.1025,23.4325,22.8225,23.0625,24314210,22.9825,0.23508668821627,INTC
2014-10-07,22.9925,23.0025,22.3675,22.4225,25856310,23.0625,-1.8762826150689,INTC
2014-10-08,22.4425,23.3225,22.0925,23.2225,34956200,22.4225,2.390200179265,INTC
2014-10-09,23.1025,23.3865,22.5325,22.5725,28165210,23.2225,-1.8967026553837,INTC
2014-10-10,21.5725,21.8125,19.4525,20.8625,80818280,22.5725,-5.086258179655,INTC
2014-10-13,20.6725,21.3225,20.4225,20.4225,42101870,20.8625,-1.3788780946412,INTC
2014-10-14,20.9425,21.6175,20.6625,21.0925,68305670,20.4225,2.1290117572291,INTC
2014-10-15,19.4875,20.6025,18.6025,20.2275,91935110,21.0925,-2.6913503422527,INTC
2014-10-16,19.8425,20.4625,19.7025,19.8025,47444500,20.2275,-1.3589128697042,INTC
2014-10-17,20.1525,20.6625,19.9225,20.3325,36657510,19.8025,1.7179902755267,INTC
2014-10-20,19.9925,20.6525,19.8525,20.5325,30498700,20.3325,0.63734862970044,INTC
2014-10-21,20.6225,21.5725,20.5325,21.5625,33278170,20.5325,3.2615579480684,INTC
2014-10-22,21.6125,21.8225,21.1725,21.2225,26700230,21.5625,-1.0426249616682,INTC
2014-10-23,21.6725,21.8625,21.5525,21.6425,22250720,21.2225,1.3015184381779,INTC
2014-10-24,21.6725,22.2825,21.5225,22.1325,27801870,21.6425,1.4989293361884,INTC
2014-10-27,22.0325,22.2475,21.7225,22.1525,23726570,22.1325,0.060277275467158,INTC
2014-10-28,22.1825,22.7025,22.1825,22.6925,21812460,22.1525,1.6265060240964,INTC
2014-10-29,22.7125,22.9225,22.4625,22.8725,24613000,22.6925,0.5334914048607,INTC
2014-10-30,22.5325,22.5625,21.3525,21.5325,54905910,22.8725,-3.9504716981132,INTC
2014-10-31,22.6925,22.9625,22.1325,22.9625,52067870,21.5325,4.3891958256599,INTC
2014-11-03,22.7625,23.4325,22.7425,23.2625,28617710,22.9625,0.88209350191122,INTC
2014-11-04,23.2025,23.7325,23.1575,23.4925,34663660,23.2625,0.67035849606528,INTC
2014-11-05,23.2275,23.2775,22.7775,22.9375,34702000,23.4925,-2.2582513028373,INTC
2014-11-06,22.8685,23.4075,22.5875,22.9975,25239860,22.9375,0.17772511848342,INTC
2014-11-07,23.1575,23.1775,22.3675,22.7575,27603150,22.9975,-0.7096392667061,INTC
2014-11-10,22.6075,22.6675,22.2575,22.4375,30605800,22.7575,-0.95294818344253,INTC
2014-11-11,22.5375,22.7175,22.3725,22.4875,19641370,22.4375,0.15033072760073,INTC
2014-11-12,22.4075,22.5975,22.1775,22.5575,22848030,22.4875,0.21014710297208,INTC
2014-11-13,22.5275,23.0375,22.5175,22.8575,26445360,22.5575,0.89874176153384,INTC
2014-11-14,22.9275,23.1475,22.5275,23.1275,18100580,22.8575,0.80166270783849,INTC
2014-11-17,22.9975,23.4275,22.9375,23.4175,17640160,23.1275,0.85419734904271,INTC
2014-11-18,23.3675,24.0775,23.3375,23.8875,30672920,23.4175,1.3726635514019,INTC
2014-11-19,23.8675,23.9675,23.4275,23.5275,21280760,23.8875,-1.0371650821089,INTC
2014-11-20,23.3175,25.1475,23.1775,25.1275,61970150,23.5275,4.6579330422125,INTC
2014-11-21,25.1575,25.6375,24.6775,24.7675,55321080,25.1275,-1.0013908205841,INTC
2014-11-24,25.0675,25.6074,25.0175,25.4275,33258880,24.7675,1.8544534981736,INTC
2014-11-25,25.5375,25.6575,25.3275,25.4975,29059980,25.4275,0.19310344827586,INTC
2014-11-26,25.5475,26.1675,25.4575,26.0775,24059640,25.4975,1.5969162995595,INTC
2014-11-28,26.2175,26.8675,26.1175,26.4275,19128510,26.0775,0.94850948509485,INTC
2014-12-01,26.3875,26.7975,26.0775,26.3475,30890260,26.4275,-0.21476510067114,INTC
2014-12-02,26.3575,26.7775,26.3575,26.7775,28355380,26.3475,1.1568469195588,INTC
2014-12-03,26.8575,27.0635,26.5875,26.6075,30652250,26.7775,-0.45212765957447,INTC
2014-12-04,26.5775,26.6375,26.2175,26.6375,23396100,26.6075,0.080149612610209,INTC
2014-12-05,26.7475,27.0775,26.6975,26.8475,20523780,26.6375,0.56059797116925,INTC
2014-12-08,26.6375,26.9075,26.1125,26.3775,28132920,26.8475,-1.2476771967083,INTC
2014-12-09,25.8475,26.2675,25.4775,26.0675,28472500,26.3775,-0.83333333333334,INTC
2014-12-10,26.1075,26.1975,25.4775,25.5975,27485040,26.0675,-1.2740580103009,INTC
2014-12-11,25.6775,26.3875,25.6175,25.8775,25088160,25.5975,0.76880834706206,INTC
2014-12-12,25.6275,25.9975,25.3975,25.4025,29295780,25.8775,-1.2942779291553,INTC
2014-12-15,25.5675,25.9605,25.0775,25.0975,30599620,25.4025,-0.84195997239475,INTC
2014-12-16,25.0375,25.6775,24.7375,24.7375,30978640,25.0975,-1.0022271714922,INTC
2014-12-17,24.7975,25.5075,24.5075,25.4175,31596790,24.7375,1.9122609673791,INTC
2014-12-18,25.9275,26.1975,25.6075,26.1975,32069660,25.4175,2.1523178807947,INTC
2014-12-19,26.1975,26.3375,25.4075,25.5475,76721940,26.1975,-1.7558076715289,INTC
2014-12-22,25.5675,26.4375,25.5675,26.3875,29193180,25.5475,2.3095958207314,INTC
2014-12-23,26.5775,26.8775,26.4775,26.6075,22169110,26.3875,0.59123891427035,INTC
2014-12-24,26.6475,26.7775,26.3575,26.6175,12109120,26.6075,0.02671653753673,INTC
2014-12-26,26.6975,26.9193,26.6975,26.7275,14031880,26.6175,0.29380341880342,INTC
2014-12-29,26.6275,26.6975,26.3475,26.3575,12182100,26.7275,-0.98535286284953,INTC
2014-12-30,26.2575,26.3675,25.9375,25.9375,15200480,26.3575,-1.1296395911781,INTC
2014-12-31,25.8075,26.2175,25.4675,25.4675,20372670,25.9375,-1.278563656148,INTC
2015-01-02,25.8475,26.3375,25.2875,25.5375,23600790,25.4675,0.19289060347203,INTC
2015-01-05,25.3775,25.6275,25.1175,25.1275,32624380,25.5375,-1.1276127612761,INTC
2015-01-06,25.2575,25.4075,24.4375,24.4575,30783840,25.1275,-1.8636995827538,INTC
2015-01-07,24.8175,25.2475,24.4475,25.1975,27680270,24.4575,2.0975056689342,INTC
2015-01-08,25.5475,26.1775,25.4375,25.8675,31743470,25.1975,1.8600777345919,INTC
2015-01-09,25.9475,26.2875,25.5775,25.9375,22846060,25.8675,0.19078768056691,INTC
2015-01-12,26.0775,26.1775,25.4075,25.7775,29391740,25.9375,-0.43525571273122,INTC
2015-01-13,26.0475,26.6665,25.4675,25.6775,31404100,25.7775,-0.27322404371585,INTC
2015-01-14,25.5075,26.0875,25.0875,25.5275,34243300,25.6775,-0.41095890410959,INTC
2015-01-15,25.7025,26.0575,25.2075,25.3675,46721140,25.5275,-0.44016506189822,INTC
2015-01-16,25.2975,25.8375,24.6875,25.6275,62794320,25.3675,0.71843050566456,INTC
2015-01-20,25.2775,25.6375,24.7425,25.2675,35895910,25.6275,-0.98765432098765,INTC
2015-01-21,25.0275,25.8575,24.9475,25.6575,27428740,25.2675,1.0806317539484,INTC
2015-01-22,25.7375,26.1775,25.3175,26.0875,31794170,25.6575,1.1787280701754,INTC
2015-01-23,26.1375,26.2075,25.5575,25.6225,27425680,26.0875,-1.2598211866703,INTC
2015-01-26,25.3625,25.4775,24.7475,24.9825,30844460,25.6225,-1.7560707916038,INTC
2015-01-27,23.5775,23.8975,22.7275,23.3625,58445100,24.9825,-4.5245077503142,INTC
2015-01-28,23.6475,23.8775,22.8975,22.9525,34876320,23.3625,-1.1993564428843,INTC
2015-01-29,23.0175,23.4575,22.6375,23.3875,29539210,22.9525,1.2879348630644,INTC
2015-01-30,22.8775,23.1625,22.1775,22.2175,38653900,23.3875,-3.4200526161941,INTC
2015-02-02,22.2375,22.9275,21.8275,22.8275,38702580,22.2175,1.8462469733656,INTC
2015-02-03,22.9575,23.2275,21.7895,22.8775,36032220,22.8275,0.14858841010402,INTC
2015-02-04,23.0875,23.2527,22.7175,23.0175,25051020,22.8775,-0.29673590504451,INTC
2015-02-05,23.0975,23.4075,22.8674,23.3575,20478440,23.0175,1.0119047619048,INTC
2015-02-06,23.3375,23.4175,22.5575,22.7125,29310840,23.3575,-1.900412492634,INTC
2015-02-09,22.4175,22.6575,22.0875,22.3475,28704480,22.7125,-1.0962606998048,INTC
2015-02-10,22.6175,23.1475,22.4676,23.1175,20196360,22.3475,2.3382933495293,INTC
2015-02-11,23.0875,23.1775,22.7375,22.9675,18358140,23.1175,-0.44510385756678,INTC
2015-02-12,23.3975,23.5475,23.1775,23.5425,20042550,22.9675,1.7138599105812,INTC
2015-02-13,23.6675,23.7825,23.3625,23.7775,18035930,23.5425,0.68864468864469,INTC
2015-02-17,23.8175,24.1675,23.6775,24.1525,19357940,23.7775,1.0913853317811,INTC
2015-02-18,24.0675,24.1275,23.6075,23.6825,19991660,24.1525,-1.3531020584425,INTC
2015-02-19,23.6675,23.8375,23.4675,23.6275,11017540,23.6825,-0.16051364365971,INTC
2015-02-20,23.5675,23.9875,23.3275,23.8275,20953600,23.6275,0.58462437883659,INTC
2015-02-23,23.8175,23.9175,22.9975,23.1775,25411150,23.8275,-1.8889857599535,INTC
2015-02-24,23.0275,23.9074,22.9275,23.8275,29568720,23.1775,1.925355450237,INTC
2015-02-25,23.4475,23.5675,23.1502,23.3625,24685930,23.8275,-1.3513513513513,INTC
2015-02-26,23.0375,23.2975,22.8475,23.0675,25926600,23.3625,-0.86905287965828,INTC
2015-02-27,23.0475,23.0575,22.6275,22.6675,24412370,23.0675,-1.1887072808321,INTC
2015-03-02,22.7075,23.5425,22.5375,23.4775,25295340,22.6675,2.4360902255639,INTC
2015-03-03,23.3675,23.7975,23.3275,23.5125,27280800,23.4775,0.10275983558425,INTC
2015-03-04,23.2775,23.8275,23.1375,23.5375,22968350,23.5125,0.073324534389202,INTC
2015-03-05,23.6775,23.9175,23.0075,23.1475,21197550,23.5375,-1.1430246189918,INTC
2015-03-06,22.9575,23.0975,22.4975,22.6075,32371060,23.1475,-1.6009487103469,INTC
2015-03-09,22.6175,22.6875,21.8975,22.1375,33055880,22.6075,-1.416089183489,INTC
2015-03-10,21.6575,21.8275,20.9175,21.1175,50258030,22.1375,-3.1173594132029,INTC
2015-03-11,21.3875,22.3775,21.3675,21.7475,49643550,21.1175,1.98738170347,INTC
2015-03-12,20.4275,21.0175,19.9975,20.2175,107365900,21.7475,-4.7324466439839,INTC
2015-03-13,20.0475,20.3975,19.7775,20.3475,47951390,20.2175,0.42207792207792,INTC
2015-03-16,20.3475,20.5275,20.0675,20.2475,33057530,20.3475,-0.32331070158423,INTC
2015-03-17,19.9975,20.1475,19.8275,20.0075,29223770,20.2475,-0.77846253649043,INTC
2015-03-18,19.8275,20.6175,19.7175,20.3075,39832510,20.0075,0.9807126511932,INTC
2015-03-19,20.1975,20.5175,20.1075,20.1575,27385670,20.3075,-0.48559404337974,INTC
2015-03-20,20.4075,21.0375,20.3475,20.7275,64275480,20.1575,1.854261548471,INTC
2015-03-23,20.7075,21.2075,20.6175,20.6175,29560050,20.7275,-0.35132545512616,INTC
2015-03-24,20.5775,20.7375,20.1575,20.2075,28280650,20.6175,-1.3141025641026,INTC
2015-03-25,20.2275,20.3025,19.2775,19.3075,37673750,20.2075,-2.9230269568042,INTC
2015-03-26,18.9175,19.8175,18.7275,19.4975,45436010,19.3075,0.63566410170625,INTC
2015-03-27,19.4275,22.4175,19.2675,21.4175,73569920,19.4975,6.3829787234043,INTC
2015-03-30,21.0775,21.5175,20.7175,20.8775,51359390,21.4175,-1.6875,INTC
2015-03-31,20.8475,21.3475,20.6175,20.6875,32095410,20.8775,-0.60394151303243,INTC
2015-04-01,20.5475,20.7325,20.0675,20.2275,31467380,20.6875,-1.4710585225456,INTC
2015-04-02,20.2175,20.6475,20.0875,20.2275,20908280,20.2275,0.0,INTC
2015-04-06,20.2275,20.6625,19.8675,20.4575,21490510,20.2275,0.74651087309315,INTC
2015-04-07,20.4875,21.0025,20.4175,20.6775,23256910,20.4575,0.70876288659795,INTC
2015-04-08,20.6475,20.9775,20.4775,20.7275,18233040,20.6775,0.15994881637875,INTC
2015-04-09,20.0975,21.0375,19.9875,20.6575,34126220,20.7275,-0.22357074417119,INTC
2015-04-10,20.7475,21.3575,20.7475,21.3475,27983630,20.6575,2.2087067861716,INTC
2015-04-13,21.2275,21.4675,21.1275,21.1475,23469280,21.3475,-0.6263701847792,INTC
2015-04-14,21.0975,21.3575,20.6875,20.9075,39083910,21.1475,-0.75638197289632,INTC
2015-04-15,21.6775,22.4075,21.4825,22.2475,61045920,20.9075,4.2553191489362,INTC
2015-04-16,22.2675,22.4075,22.1125,22.2875,28831100,22.2475,0.12183978068839,INTC
2015-04-17,21.9275,22.1175,21.6375,21.8875,29786920,22.2875,-1.2169151201704,INTC
2015-04-20,22.0275,22.2051,21.9475,22.1475,20572910,21.8875,0.80073914382506,INTC
2015-04-21,22.3475,22.3875,21.7025,21.8475,19002730,22.1475,-0.91659028414298,INTC
2015-04-22,21.8275,22.1375,21.4525,22.1175,21110390,21.8475,0.83256244218317,INTC
2015-04-23,21.4575,21.8275,21.4275,21.7675,23739440,22.1175,-1.0703363914373,INTC
2015-04-24,21.8275,21.8975,21.4375,21.4975,22758110,21.7675,-0.83462132921176,INTC
2015-04-27,21.4975,22.1075,21.4975,21.9175,25864350,21.4975,1.3092269326683,INTC
2015-04-28,21.7175,22.4575,21.6475,22.4375,29535630,21.9175,1.6,INTC
2015-04-29,21.9775,22.4175,21.9675,22.3025,21794130,22.4375,-0.40884312537857,INTC
2015-04-30,22.1275,22.2675,21.7125,21.9675,21207670,22.3025,-1.0187015356546,INTC
2015-05-01,22.0475,22.9075,22.0375,22.8375,27052040,21.9675,2.6728110599078,INTC
2015-05-04,22.6875,22.9175,22.6375,22.8475,21349110,22.8375,0.029922202274081,INTC
2015-05-05,22.6575,22.7575,22.2225,22.2975,29757750,22.8475,-2.3631468740652,INTC
2015-05-06,22.1575,22.4475,21.5875,21.8775,31965460,22.2975,-1.2867647058824,INTC
2015-05-07,21.9275,22.2875,21.8375,21.9025,21457470,21.8775,0.077591558038481,INTC
2015-05-08,22.1675,22.5375,21.9975,22.4575,26924390,21.9025,1.7211970848194,INTC
2015-05-11,22.3375,22.3675,22.0875,22.3475,18358140,22.4575,-0.33536585365853,INTC
2015-05-12,22.0975,22.1575,21.6575,21.9075,24513590,22.3475,-1.345977363108,INTC
2015-05-13,21.9275,22.5575,21.9275,22.2975,20468810,21.9075,1.2093023255814,INTC
2015-05-14,22.5175,22.7875,22.4275,22.6275,21090710,22.2975,1.0110294117647,INTC
2015-05-15,22.7475,22.7775,22.4075,22.6475,17132691,22.6275,0.060661207158032,INTC
2015-05-18,22.6375,23.0675,22.5075,23.0675,23678740,22.6475,1.273113064565,INTC
2015-05-19,23.0175,23.0375,22.6475,22.8075,21769620,23.0675,-0.77821011673151,INTC
2015-05-20,22.7175,23.1575,22.6675,23.0275,21355900,22.8075,0.66365007541478,INTC
2015-05-21,22.8675,23.2175,22.7275,23.2075,21255470,23.0275,0.53940665268205,INTC
2015-05-22,23.1275,23.1675,22.9775,23.1075,20834080,23.2075,-0.29806259314454,INTC
2015-05-26,22.9275,22.9475,22.4975,22.7625,28578770,23.1075,-1.0313901345292,INTC
2015-05-27,22.8575,23.5075,22.7875,23.3675,30169050,22.7625,1.8275185017369,INTC
2015-05-28,23.3975,23.8075,23.3375,23.6675,27053680,23.3675,0.88994363690299,INTC
2015-05-29,23.8975,24.4075,23.8675,24.1175,43344720,23.6675,1.3231402528668,INTC
2015-06-01,24.0275,24.2475,23.3375,23.5625,46720470,24.1175,-1.6105629715612,INTC
2015-06-02,23.2975,23.4075,22.7975,22.9275,36305480,23.5625,-1.872880106179,INTC
2015-06-03,22.8275,22.8975,22.2475,22.3875,38124340,22.9275,-1.6230838593328,INTC
2015-06-04,22.1675,22.3775,21.8575,21.9675,33597670,22.3875,-1.2832263978002,INTC
2015-06-05,21.9375,21.9525,21.4875,21.4975,27688230,21.9675,-1.454658000619,INTC
2015-06-08,21.4675,21.6075,20.8675,20.9575,38101730,21.4975,-1.6959798994975,INTC
2015-06-09,20.9875,21.3175,20.8075,20.9075,33954140,20.9575,-0.15974440894569,INTC
2015-06-10,21.1175,21.8125,21.0275,21.4775,33336270,20.9075,1.824,INTC
2015-06-11,21.6075,21.7575,21.4975,21.5075,24268430,21.4775,0.09428032683847,INTC
2015-06-12,21.3775,21.7575,20.8575,20.9775,31601230,21.5075,-1.6640502354788,INTC
2015-06-15,20.7775,21.1675,20.5975,21.0475,23157160,20.9775,0.2234993614304,INTC
2015-06-16,20.9175,21.4125,20.7875,21.2925,20253490,21.0475,0.78050334501434,INTC
2015-06-17,21.4075,21.7475,21.3475,21.6075,28192680,21.2925,0.99573257467994,INTC
2015-06-18,21.7375,22.1535,21.6575,22.0375,27652650,21.6075,1.3458528951487,INTC
2015-06-19,22.0575,22.2275,21.6195,21.7275,38812000,22.0375,-0.95738109944411,INTC
2015-06-22,21.9175,22.0425,21.7375,21.9175,23593360,21.7275,0.59245400685999,INTC
2015-06-23,21.9625,21.9975,21.5875,21.7425,17991000,21.9175,-0.54246745195287,INTC
2015-06-24,21.8075,21.8075,21.5375,21.5675,23271480,21.7425,-0.54542621162537,INTC
2015-06-25,21.6775,21.9775,21.6475,21.6475,22691420,21.5675,0.25070510811657,INTC
2015-06-26,21.1675,21.1875,20.4175,20.6775,62127280,21.6475,-3.032197561738,INTC
2015-06-29,20.3575,20.6375,19.9625,20.0475,35178410,20.6775,-2.0309477756286,INTC
2015-06-30,20.2875,20.3475,19.8075,20.0725,34098730,20.0475,0.082263902599535,INTC
2015-07-01,20.1475,20.2075,19.6675,19.8375,27178670,20.0725,-0.77264507644254,INTC
2015-07-02,19.8375,20.5775,19.7575,20.2125,27105223,19.8375,1.2425447316103,INTC
2015-07-06,19.8975,20.1075,19.4975,19.6975,32451940,20.2125,-1.6854851906398,INTC
2015-07-07,19.5275,19.5875,18.7475,19.5575,43500540,19.6975,-0.46604527296938,INTC
2015-07-08,19.0575,19.3246,18.8075,19.1575,45210870,19.5575,-1.3377926421405,INTC
2015-07-09,19.3775,19.5475,18.4775,18.5875,47138520,19.1575,-1.9322033898305,INTC
2015-07-10,18.8975,19.0075,18.5975,18.8275,31298084,18.5875,0.82958866228829,INTC
2015-07-13,18.9275,19.4775,18.8475,19.3875,26391020,18.8275,1.9197805965033,INTC
2015-07-14,19.3175,19.7675,19.0975,19.3075,39450560,19.3875,-0.26908846283216,INTC
2015-07-15,19.3075,19.6475,19.1225,19.3475,46800710,19.3075,0.13490725126476,INTC
2015-07-16,20.1275,20.1375,18.7575,19.5575,81114050,19.3475,0.70730885820141,INTC
2015-07-17,19.3275,19.4575,18.7575,19.1275,43682567,19.5575,-1.438127090301,INTC
2015-07-20,19.2775,19.2775,18.7225,18.7575,33688510,19.1275,-1.2555140821174,INTC
2015-07-21,18.6175,18.9175,18.3275,18.3775,44894430,18.7575,-1.3058419243986,INTC
2015-07-22,18.2275,18.5075,18.0875,18.2625,36362760,18.3775,-0.40041782729804,INTC
2015-07-23,18.3175,18.6275,18.0875,18.2525,33264100,18.2625,-0.034958923265169,INTC
2015-07-24,18.2975,18.2975,17.7175,17.7175,31581164,18.2525,-1.8709564609197,INTC
2015-07-27,17.7275,18.0725,17.2775,18.0075,42110320,17.7175,1.0334996436208,INTC
2015-07-28,18.1675,18.8375,18.0975,18.6175,33156470,18.0075,2.1516754850088,INTC
2015-07-29,18.6075,18.7875,18.4475,18.6675,26458030,18.6175,0.17265193370166,INTC
2015-07-30,18.7575,19.1075,18.5075,18.5675,26543750,18.6675,-0.34470872113065,INTC
2015-07-31,18.7475,18.7775,18.4275,18.6075,27158763,18.5675,0.13836042891733,INTC
2015-08-03,18.6575,19.0075,18.5575,18.7075,26151450,18.6075,0.34542314335061,INTC
2015-08-04,18.6375,18.8075,18.5175,18.7875,25034080,18.7075,0.27538726333906,INTC
2015-08-05,19.0875,19.2875,18.9175,19.0175,23576030,18.7875,-0.034328870580151,INTC
2015-08-06,19.0575,19.1275,18.7425,18.9075,27946490,19.0175,-0.37774725274725,INTC
2015-08-07,18.6975,18.8575,18.5875,18.7775,24308682,18.9075,-0.44812133746985,INTC
2015-08-10,18.9675,19.5775,18.9575,19.5375,22781250,18.7775,2.6315789473684,INTC
2015-08-11,19.3675,19.3775,18.8575,18.8675,23714160,19.5375,-2.2604588394062,INTC
2015-08-12,18.5575,19.4675,18.5575,19.3575,33591580,18.8675,1.6914049016224,INTC
2015-08-13,19.2975,19.3475,18.7675,18.7675,18783610,19.3575,-2.0027155465037,INTC
2015-08-14,18.7475,18.9375,18.7175,18.9175,14283129,18.7675,0.51957048839625,INTC
2015-08-17,18.7275,19.0975,18.6075,18.9775,15548220,18.9175,0.20675396278428,INTC
2015-08-18,18.8475,18.9475,18.6975,18.8075,19176890,18.9775,-0.58459422283356,INTC
2015-08-19,18.5475,18.6939,18.1775,18.2575,30507410,18.8075,-1.9024558976133,INTC
2015-08-20,17.9275,18.1375,17.4275,17.4275,31813610,18.2575,-2.9266572637518,INTC
2015-08-21,17.1475,17.5275,16.4575,16.4575,51906236,17.4275,-3.5234289865601,INTC
2015-08-24,15.0975,17.5275,14.7675,16.1475,83141430,16.4575,-1.1671686746988,INTC
2015-08-25,16.9375,17.0475,15.7675,15.7675,59237080,16.1475,-1.447619047619,INTC
2015-08-26,16.4075,17.2375,15.9775,17.1975,47353980,15.7675,5.5276381909548,INTC
2015-08-27,17.6175,17.8075,16.9075,17.6175,38560890,17.1975,1.5384615384615,INTC
2015-08-28,17.5275,18.5075,17.3475,18.3175,43452360,17.6175,2.5252525252525,INTC
2015-08-31,18.2275,19.0275,18.0575,18.4375,42383910,18.3175,0.4222378606615,INTC
2015-09-01,17.8075,18.0675,17.5575,17.7175,44120660,18.4375,-2.5227750525578,INTC
2015-09-02,18.2475,18.4975,18.0375,18.4975,34580310,17.7175,2.803738317757,INTC
2015-09-03,18.6975,19.3175,18.5875,18.9775,38624390,18.4975,1.6783216783217,INTC
2015-09-04,18.4875,18.7975,18.3075,18.4175,29117537,18.9775,-1.9257221458047,INTC
2015-09-08,18.8775,19.3975,18.8475,19.3975,27784980,18.4175,3.4361851332398,INTC
2015-09-09,19.6175,20.0175,19.0675,19.1375,30745320,19.3975,-0.8813559322034,INTC
2015-09-10,19.0775,19.5575,18.7925,19.1675,25168780,19.1375,0.10259917920657,INTC
2015-09-11,19.0575,19.4175,18.9375,19.3675,21739876,19.1675,0.68329347454732,INTC
2015-09-14,19.3675,19.4275,18.9875,19.2875,24063820,19.3675,-0.2714625042416,INTC
2015-09-15,19.4575,19.8325,19.3775,19.6275,29782190,19.2875,1.1568560734944,INTC
2015-09-16,19.5175,19.6875,19.2975,19.6675,25942820,19.6275,0.13454423141608,INTC
2015-09-17,19.5175,20.0975,19.4475,19.6075,29560160,19.6675,-0.20154517971111,INTC
2015-09-18,19.2175,19.3175,18.7025,18.9175,60641537,19.6075,-2.3224503534164,INTC
2015-09-21,18.9875,19.2325,18.8375,19.0575,24197490,18.9175,0.48242591316334,INTC
2015-09-22,18.5675,18.7975,18.3775,18.5675,28286250,19.0575,-1.6803840877915,INTC
2015-09-23,18.9175,18.9875,18.4875,18.6375,25816710,18.5675,0.24415765608649,INTC
2015-09-24,18.2775,18.5675,17.7675,18.3775,32613360,18.6375,-0.90466249130132,INTC
2015-09-25,18.8375,19.0125,18.5275,18.7075,29166220,18.3775,1.1587078651685,INTC
2015-09-28,18.5775,19.2575,18.5375,18.6575,42059270,18.7075,-0.17355085039916,INTC
2015-09-29,18.7275,19.2475,18.6575,19.1375,34067010,18.6575,1.6689847009736,INTC
2015-09-30,19.4575,20.2175,19.4375,20.0375,41051110,19.1375,3.077975376197,INTC
2015-10-01,20.1075,20.1775,19.3575,19.8975,29780020,20.0375,-0.46449900464499,INTC
2015-10-02,19.5675,20.4225,19.4275,20.4075,27794970,19.8975,1.7,INTC
2015-10-05,20.6275,21.2725,20.4575,21.1075,34815670,20.4075,2.294329727958,INTC
2015-10-06,21.0575,21.7475,21.0075,21.6375,35484310,21.1075,1.6981736622877,INTC
2015-10-07,21.8975,22.3175,21.6175,22.2125,36927050,21.6375,1.8115942028985,INTC
2015-10-08,22.1275,22.4975,21.8775,22.4175,27721680,22.2125,0.63438031873745,INTC
2015-10-09,22.2675,22.4475,21.8375,22.0375,24196880,22.4175,-1.1685116851169,INTC
2015-10-12,22.0575,22.2175,21.8975,22.1075,18773610,22.0375,0.21779713752334,INTC
2015-10-13,21.9225,22.3775,21.8775,21.9375,35183170,22.1075,-0.5277864017386,INTC
2015-10-14,21.2875,22.8275,20.7475,22.6975,75931040,21.9375,2.3720349563046,INTC
2015-10-15,22.7375,22.9575,22.3575,22.6475,37506410,22.6975,-0.15243902439024,INTC
2015-10-16,22.6475,23.0975,22.3775,22.9375,28745790,22.6475,0.8854961832061,INTC
2015-10-19,22.7775,23.5175,22.7675,23.4875,37561160,22.9375,1.6646489104116,INTC
2015-10-20,23.2975,23.5925,23.2075,23.3375,24400760,23.4875,-0.44656147662997,INTC
2015-10-21,23.5675,23.9475,23.2175,23.2675,31983440,23.3375,-0.20933014354067,INTC
2015-10-22,23.5975,24.3975,23.4875,24.2975,39468820,23.2675,3.0866047347917,INTC
2015-10-23,24.4375,24.9275,24.2975,24.7975,42793420,24.2975,1.453488372093,INTC
2015-10-26,24.6675,24.8575,24.4475,24.4875,22605040,24.7975,-0.88825214899712,INTC
2015-10-27,24.3075,24.4475,24.2075,24.3675,22628650,24.4875,-0.34692107545535,INTC
2015-10-28,24.3675,24.6075,24.0175,24.6075,21871220,24.3675,0.69625761531767,INTC
2015-10-29,24.0975,24.1875,23.6675,23.9275,21312690,24.6075,-1.959089599539,INTC
2015-10-30,23.9975,24.1875,23.7575,23.7575,24684270,23.9275,-0.4995592124596,INTC
2015-11-02,23.6275,24.1775,23.5375,24.0075,21709550,23.7575,0.73833431777909,INTC
2015-11-03,23.8975,24.3075,23.8775,24.2075,18125930,24.0075,0.58633831720904,INTC
2015-11-04,24.4075,24.4075,24.0375,24.2875,20761920,24.2075,-0.46633634508891,INTC
2015-11-05,24.2375,24.3375,23.8675,24.1375,16485760,24.2875,-0.43923865300146,INTC
2015-11-06,24.0675,24.1075,23.5475,23.9775,23699620,24.1375,-0.47058823529411,INTC
2015-11-09,23.7375,23.9675,23.2175,23.4875,24168220,23.9775,-1.4479905437352,INTC
2015-11-10,23.3075,23.4075,22.9475,23.3475,22451670,23.4875,-0.41979010494753,INTC
2015-11-11,23.2975,23.5175,22.9375,22.9975,19825140,23.3475,-1.0538994278832,INTC
2015-11-12,22.8475,23.0575,22.5275,22.5375,23230460,22.9975,-1.3998782714547,INTC
2015-11-13,22.4075,22.5175,22.0975,22.2475,23653970,22.5375,-0.89506172839506,INTC
2015-11-16,22.2275,22.3925,22.0675,22.2375,29603460,22.2475,-0.031142946122697,INTC
2015-11-17,22.2875,23.0175,22.1475,22.7775,22633640,22.2375,1.6822429906542,INTC
2015-11-18,22.8675,23.378,22.7575,23.2975,18525640,22.7775,1.5931372549019,INTC
2015-11-19,23.3575,24.8675,23.2675,24.4375,45365810,23.2975,3.437876960193,INTC
2015-11-20,24.7875,25.4275,24.6175,24.7975,41081533,24.4375,1.0495626822157,INTC
2015-11-23,24.7975,24.9875,24.5475,24.6175,20139230,24.7975,-0.51933064050779,INTC
2015-11-24,24.4675,24.5775,24.0375,24.4975,21398690,24.6175,-0.34802784222737,INTC
2015-11-25,24.3975,24.8775,24.2775,24.5875,17939410,24.4975,0.26193247962748,INTC
2015-11-27,24.6775,24.8175,24.5375,24.5975,6620857,24.5875,0.029027576197382,INTC
2015-11-30,24.6875,25.0375,24.5675,24.9075,21110220,24.5975,0.89959373186304,INTC
2015-12-01,25.1375,25.3375,24.8475,25.2275,23541030,24.9075,0.92033362093759,INTC
2015-12-02,25.2275,25.5475,24.9425,24.9675,18655080,25.2275,-0.74095183813054,INTC
2015-12-03,25.1075,25.1275,24.1375,24.1775,30114040,24.9675,-2.2681596325007,INTC
2015-12-04,24.1375,25.1625,24.1375,25.0725,22614121,24.1775,2.6292596944771,INTC
2015-12-07,24.9275,25.3075,24.8875,25.1225,17728890,25.0725,0.14312294260769,INTC
2015-12-08,24.8075,25.0875,24.5575,24.8875,13380030,25.1225,-0.6717164499071,INTC
2015-12-09,25.0175,25.3575,24.6475,24.9475,22537710,24.8875,0.1726618705036,INTC
2015-12-10,24.9875,25.2025,24.7975,24.9075,17400610,24.9475,-0.11490950876185,INTC
2015-12-11,24.4875,24.7875,24.3375,24.4075,21228194,24.9075,-1.438021282715,INTC
2015-12-14,24.5175,24.6175,24.0175,24.6075,19501970,24.4075,0.58360081704113,INTC
2015-12-15,24.7875,25.4875,24.7725,25.3175,24193370,24.6075,2.0597621119814,INTC
2015-12-16,25.4975,25.6075,24.9075,25.4375,23232500,25.3175,0.34110289937464,INTC
2015-12-17,25.4575,25.5075,24.8975,25.0475,24939910,25.4375,-1.1048158640227,INTC
2015-12-18,24.7975,24.8875,23.9975,24.0025,41336631,25.0475,-2.9934116299055,INTC
2015-12-21,24.2475,24.4375,23.9525,24.3775,17957570,24.0025,1.1073379595453,INTC
2015-12-22,24.4975,24.9125,24.4075,24.8675,18399460,24.3775,1.4310747663551,INTC
2015-12-23,25.0875,25.1875,24.9175,25.1375,12510920,24.8675,0.77742585660813,INTC
2015-12-24,25.2075,25.3975,25.0975,25.1175,5893789,25.1375,-0.057142857142866,INTC
2015-12-28,25.0875,25.1375,24.7075,25.0675,9449390,25.1175,-0.1429388221841,INTC
2015-12-29,25.1475,25.7275,25.1475,25.5775,14187780,25.0675,1.4600629831091,INTC
2015-12-30,25.5175,25.5875,25.0825,25.1275,11564780,25.5775,-1.2697516930022,INTC
2015-12-31,25.0375,25.0975,24.5775,24.5875,14581845,25.1275,-1.5432980851672,INTC
2016-01-04,24.0175,24.1475,23.5975,24.1275,27769720,24.5875,-1.3352685050798,INTC
2016-01-05,24.0975,24.1375,23.6675,23.9675,16686970,24.1275,-0.47072668431893,INTC
2016-01-06,23.3875,23.6575,22.9375,23.2175,25314490,23.9675,-2.2169671888856,INTC
2016-01-07,22.4175,23.1452,21.9775,21.9775,37661380,23.2175,-3.7484885126965,INTC
2016-01-08,22.1375,22.3575,21.5675,21.6475,29700424,21.9775,-1.036432160804,INTC
2016-01-11,21.9475,22.3575,21.8175,22.1975,27711480,21.6475,1.7454776261504,INTC
2016-01-12,22.8975,23.0275,22.4075,22.8175,28584550,22.1975,1.9338739862757,INTC
2016-01-13,22.8975,23.0675,21.9675,22.0475,34345610,22.8175,-2.3561811505508,INTC
2016-01-14,22.1075,23.0075,21.9375,22.8775,48098670,22.0475,2.6010654967095,INTC
2016-01-15,19.8675,20.6375,19.5875,19.8975,76079460,22.8775,-9.1020158827123,INTC
2016-01-19,20.1175,20.1975,19.6175,19.9375,28815330,19.8975,0.13440860215053,INTC
2016-01-20,19.4875,20.0075,19.3475,19.7275,39593200,19.9375,-0.70469798657718,INTC
2016-01-21,19.7775,20.1675,19.3775,19.7975,30052362,19.7275,0.23656640757013,INTC
2016-01-22,20.3675,20.3775,19.6475,20.0625,25326490,19.7975,0.89345920431558,INTC
2016-01-25,20.1275,20.3525,19.7075,19.7375,26390620,20.0625,-1.0860484544695,INTC
2016-01-26,19.7475,20.1875,19.7475,20.0775,24751060,19.7375,1.1486486486486,INTC
2016-01-27,20.0175,20.3575,19.7775,19.9475,26367610,20.0775,-0.43420173680696,INTC
2016-01-28,20.1575,20.3175,19.8875,20.1075,22028030,19.9475,0.53673264005367,INTC
2016-01-29,20.4175,21.1675,20.2375,21.1575,38311356,20.1075,3.5035035035035,INTC
2016-02-01,20.8575,21.2575,20.7775,20.9575,19009910,21.1575,-0.64474532559639,INTC
2016-02-02,20.5875,20.6275,19.7675,19.9375,24985670,20.9575,-3.3095392602206,INTC
2016-02-03,20.1175,20.1175,18.9175,19.7375,44658070,19.9375,-1.5436241610738,INTC
2016-02-04,19.5375,20.2775,19.5075,20.1675,29252090,19.7375,1.4655760054533,INTC
2016-02-05,19.9775,20.1575,19.3075,19.4375,27552091,20.1675,-2.4521330198186,INTC
2016-02-08,19.1375,19.3775,18.6975,19.2175,28725100,19.4375,-0.75757575757575,INTC
2016-02-09,18.8875,19.5425,18.8075,19.2075,22883820,19.2175,-0.034698126301185,INTC
2016-02-10,19.2775,19.3975,18.5875,18.6275,27231660,19.2075,-2.0131898646303,INTC
2016-02-11,18.2275,18.8075,18.0775,18.6175,28445120,18.6275,-0.035423308537023,INTC
2016-02-12,18.9675,19.0925,18.5375,19.0375,19698998,18.6175,1.4883061658398,INTC
2016-02-16,19.1475,19.3475,18.7575,19.1775,30697320,19.0375,0.48882681564246,INTC
2016-02-17,19.2575,20.0174,19.1275,19.8675,27688490,19.1775,2.3974982626824,INTC
2016-02-18,19.9275,20.1575,19.7775,19.8175,20601170,19.8675,-0.16966406515099,INTC
2016-02-19,19.5975,19.7275,19.1075,19.1075,42056701,19.8175,-2.4133242692046,INTC
2016-02-22,19.5075,19.9375,19.3975,19.7475,23891030,19.1075,2.229188436085,INTC
2016-02-23,19.6975,19.7425,18.9975,19.1975,26634750,19.7475,-1.8739352640545,INTC
2016-02-24,18.9175,19.6975,18.7725,19.5875,21574190,19.1975,1.3541666666667,INTC
2016-02-25,19.7175,20.0175,19.3475,20.0175,17568990,19.5875,1.4731072285029,INTC
2016-02-26,20.2775,20.4775,20.0975,20.1975,19902219,20.0175,0.60769750168805,INTC
2016-02-29,20.1175,20.5375,19.9775,19.9875,22885050,20.1975,-0.70469798657718,INTC
2016-03-01,20.3275,20.9275,20.1475,20.7675,25498620,19.9875,2.6360256843528,INTC
2016-03-02,20.6975,21.2675,20.5175,20.9375,23783110,20.7675,0.55976292393809,INTC
2016-03-03,21.5275,21.7475,20.9375,20.9775,25618150,20.9375,0.13097576948264,INTC
2016-03-04,20.9275,21.2575,20.4475,21.0275,20231056,20.9775,0.16350555918901,INTC
2016-03-07,20.9875,21.5175,20.8975,21.3375,18879460,21.0275,1.0120796604636,INTC
2016-03-08,21.2275,21.2775,20.7775,20.9575,19076200,21.3375,-1.2281835811248,INTC
2016-03-09,21.2275,21.4375,21.0675,21.2625,14675220,20.9575,0.99803664921466,INTC
2016-03-10,21.5375,21.7975,20.7775,21.6475,29580370,21.2625,1.2473675684432,INTC
2016-03-11,22.0475,22.1875,21.9275,22.1575,22811232,21.6475,1.632,INTC
2016-03-14,22.0575,22.0875,21.6975,21.8275,17432270,22.1575,-1.0390428211587,INTC
2016-03-15,21.7375,22.0475,21.4575,22.0475,16924520,21.8275,0.69996818326439,INTC
2016-03-16,21.8875,22.1925,21.5675,22.0875,26261740,22.0475,0.1263823064771,INTC
2016-03-17,22.1575,22.5675,22.0975,22.3775,22830690,22.0875,0.91511517828968,INTC
2016-03-18,22.6075,23.0875,22.4575,23.0775,49934246,22.3775,2.1888680425266,INTC
2016-03-21,22.6275,22.8175,22.3475,22.7375,21717550,23.0775,-1.0403916768666,INTC
2016-03-22,22.5575,22.8575,22.3475,22.7175,22200250,22.7375,-0.061842918985786,INTC
2016-03-23,22.8675,22.8675,22.3775,22.3975,18763300,22.7175,-0.99009900990099,INTC
2016-03-24,22.2675,22.3475,22.0976,22.2775,14200930,22.3975,-0.375,INTC
2016-03-28,22.2675,22.3975,22.0175,22.2975,11432280,22.2775,0.062735257214553,INTC
2016-03-29,22.3275,22.8375,22.1244,22.7775,15300110,22.2975,1.5047021943574,INTC
2016-03-30,22.8475,23.1475,22.6865,23.1075,16584920,22.7775,1.0191476219889,INTC
2016-03-31,22.9275,23.0575,22.7125,22.7475,17878950,23.1075,-1.1005808621217,INTC
2016-04-01,22.6675,22.8675,22.4975,22.8475,18047940,22.7475,0.30911901081917,INTC
2016-04-04,22.5975,22.7775,22.1375,22.3975,21507040,22.8475,-1.386748844376,INTC
2016-04-05,22.2875,22.5175,22.1175,22.2975,20032530,22.3975,-0.3125,INTC
2016-04-06,22.3675,22.6275,22.1675,22.4775,15694850,22.2975,0.56426332288401,INTC
2016-04-07,22.2875,22.2975,21.7475,21.9475,23712670,22.4775,-1.6521197007481,INTC
2016-04-08,22.1575,22.4175,21.8775,22.0275,16374880,21.9475,0.25356576862123,INTC
2016-04-11,22.2975,22.7375,22.0575,22.0675,19673940,22.0275,0.12646221941196,INTC
2016-04-12,22.2775,22.3375,21.7775,22.2575,16689840,22.0675,0.59993684875276,INTC
2016-04-13,22.3675,22.5775,22.3475,22.5275,19948560,22.2575,0.84745762711865,INTC
2016-04-14,22.1775,22.2825,21.9475,22.1975,21606670,22.5275,-1.0270774976657,INTC
2016-04-15,22.1875,22.2825,21.7775,21.8575,28782769,22.1975,-1.0691823899371,INTC
2016-04-18,21.8275,22.1175,21.7775,22.0475,21537870,21.8575,0.60394151303241,INTC
2016-04-19,22.0975,22.2075,21.7975,21.9975,33197850,22.0475,-0.15797788309636,INTC
2016-04-20,21.7175,22.6575,21.6475,22.3975,57499610,21.9975,1.2658227848101,INTC
2016-04-21,22.3375,22.4575,22.2075,22.3675,28344930,22.3975,-0.093750000000004,INTC
2016-04-22,22.1375,22.2575,21.6175,22.0375,29597520,22.3675,-1.0322177040976,INTC
2016-04-25,21.7575,21.8975,21.5925,21.7875,19273940,22.0375,-0.79013906447535,INTC
2016-04-26,21.7875,22.0975,21.5675,21.7975,20915640,21.7875,0.031857279388334,INTC
2016-04-27,21.6475,22.1975,21.5875,22.1475,19974730,21.7975,1.1146496815287,INTC
2016-04-28,21.8475,22.1075,21.4275,21.5075,25127230,22.1475,-2.0157480314961,INTC
2016-04-29,21.2575,21.2675,20.4975,20.6775,36365420,21.5075,-2.6679524268724,INTC
2016-05-02,20.8475,21.0875,20.7575,21.0075,21065470,20.6775,1.0898282694848,INTC
2016-05-03,20.8075,20.9575,20.4875,20.7575,27077520,21.0075,-0.81672655994773,INTC
2016-05-04,20.8275,20.8675,20.3575,20.5075,23262530,20.7575,-1.6798418972332,INTC
2016-05-05,20.5275,20.6775,20.4075,20.5575,23392920,20.5075,0.16750418760468,INTC
2016-05-06,20.2675,20.7675,20.1775,20.6975,19619700,20.5575,0.46822742474917,INTC
2016-05-09,20.7375,20.8275,20.4175,20.4575,16841940,20.6975,-0.79893475366178,INTC
2016-05-10,20.6575,20.8375,20.4775,20.7975,16993550,20.4575,1.1409395973154,INTC
2016-05-11,20.8175,20.9025,20.6275,20.7175,15737800,20.7975,-0.26542800265429,INTC
2016-05-12,20.7675,20.8975,20.2275,20.4175,20809120,20.7175,-0.99800399201596,INTC
2016-05-13,20.5175,20.8575,20.4975,20.5675,19999591,20.4175,0.50403225806451,INTC
2016-05-16,20.5575,21.2175,20.5375,21.0475,21768070,20.5675,1.60481444333,INTC
2016-05-17,21.2275,21.2275,20.5175,20.6375,25670930,21.0475,-1.3491280026324,INTC
2016-05-18,20.6875,20.9075,20.4375,20.6475,22447170,20.6375,0.033355570380247,INTC
2016-05-19,20.4275,20.5875,20.1575,20.2875,21694080,20.6475,-1.2004001333778,INTC
2016-05-20,20.3875,21.0375,20.3575,20.8075,22728020,20.2875,1.7549780627742,INTC
2016-05-23,20.8875,21.14,20.7875,20.8875,20882300,20.8075,0.26533996683251,INTC
2016-05-24,21.1575,21.7775,21.1075,21.7175,23619440,20.8875,2.7456169368177,INTC
2016-05-25,21.8575,22.2275,21.8075,22.0475,18400610,21.7175,1.0624597553123,INTC
2016-05-26,22.1475,22.2875,22.0575,22.1475,12692270,22.0475,0.3185727938834,INTC
2016-05-27,22.2575,22.3075,22.1075,22.2275,13304590,22.1475,0.25404890441411,INTC
2016-05-31,22.1675,22.3075,21.9675,22.2475,23007140,22.2275,0.063351282863477,INTC
2016-06-01,22.2775,22.3775,22.1275,22.3175,17696200,22.2475,0.221589110478,INTC
2016-06-02,22.2175,22.4175,22.1075,22.4175,14121490,22.3175,0.31585596967783,INTC
2016-06-03,22.3975,22.3975,22.0525,22.2775,15771350,22.4175,-0.44080604534005,INTC
2016-06-06,22.2975,22.4775,22.2375,22.3375,15138760,22.2775,0.18975332068311,INTC
2016-06-07,22.4075,22.6775,22.3575,22.5375,19291370,22.3375,0.63131313131313,INTC
2016-06-08,22.4575,22.6575,22.4475,22.5475,12731590,22.5375,0.031367628607282,INTC
2016-06-09,22.3375,22.6575,22.3375,22.5975,11261280,22.5475,0.15678896205707,INTC
2016-06-10,22.3575,22.8975,22.3075,22.6975,35747510,22.5975,0.31308703819661,INTC
2016-06-13,22.7075,23.1575,22.6975,22.8275,22978990,22.6975,0.40574282147317,INTC
2016-06-14,22.6675,22.8975,22.4475,22.7975,18742200,22.8275,-0.0932545850171,INTC
2016-06-15,22.9075,22.9175,22.2475,22.2675,23681700,22.7975,-1.6490354698195,INTC
2016-06-16,22.0975,22.4275,21.8775,22.3475,18449580,22.2675,0.25308446694085,INTC
2016-06-17,22.3875,22.4675,22.1275,22.4175,27026330,22.3475,0.22088987062165,INTC
2016-06-20,22.7275,23.0975,22.6675,22.8275,21933280,22.4175,1.2909319899244,INTC
2016-06-21,22.9175,23.0325,22.7475,22.9775,15328840,22.8275,0.46627292508548,INTC
2016-06-22,22.9575,23.2875,22.9075,22.9475,18280410,22.9775,-0.092821782178221,INTC
2016-06-23,23.2375,23.6575,23.1586,23.6475,22003140,22.9475,2.1678538247135,INTC
2016-06-24,22.4575,22.9775,22.0575,22.2075,38094301,23.6475,-4.3649590785086,INTC
2016-06-27,22.0675,22.0675,21.0975,21.3775,35060720,22.2075,-2.6307448494453,INTC
2016-06-28,21.6275,21.8575,21.4675,21.8475,23667550,21.3775,1.5299479166667,INTC
2016-06-29,22.0075,22.6375,21.9675,22.5875,22768330,21.8475,2.3725553061879,INTC
2016-06-30,22.6575,23.5375,22.6275,23.4575,34519620,22.5875,2.7247103037895,INTC
2016-07-01,23.2975,23.5425,23.1275,23.4075,15862656,23.4575,-0.15243902439024,INTC
2016-07-05,23.1575,23.3875,23.1125,23.3375,20077350,23.4075,-0.21374045801527,INTC
2016-07-06,23.4575,23.6575,23.0375,23.6275,21056280,23.3375,0.88739290085679,INTC
2016-07-07,23.6175,24.2075,23.6175,23.8575,26105990,23.6275,0.69760388231727,INTC
2016-07-08,24.3375,24.6575,24.1575,24.6575,23341870,23.8575,2.4096385542169,INTC
2016-07-11,24.6975,25.1575,24.6975,25.0375,23563250,24.6575,1.1176470588235,INTC
2016-07-12,25.1675,25.6275,25.1375,25.5975,28011150,25.0375,1.6288539848749,INTC
2016-07-13,25.6975,25.9075,25.5375,25.6675,29092790,25.5975,0.20034344590727,INTC
2016-07-14,25.7875,25.9575,25.6175,25.8575,25294120,25.6675,0.54270208511855,INTC
2016-07-15,25.9175,25.9475,25.5575,25.7275,23648736,25.8575,-0.36931818181819,INTC
2016-07-18,25.8375,25.8575,25.6075,25.7075,19343640,25.7275,-0.057028799543779,INTC
2016-07-19,25.5475,25.8175,25.5075,25.8075,20345970,25.7075,0.28530670470756,INTC
2016-07-20,25.9575,26.5875,25.7175,26.3475,42182170,25.8075,1.5362731152205,INTC
2016-07-21,24.9875,25.1475,24.5175,24.9275,63683040,26.3475,-3.9787055197534,INTC
2016-07-22,25.0375,25.3575,24.9175,25.3175,33033653,24.9275,1.1380215932302,INTC
2016-07-25,25.2775,25.4125,25.2275,25.3475,19875550,25.3175,0.086555106751302,INTC
2016-07-26,25.4075,25.8875,25.3575,25.7475,29546010,25.3475,1.1530700490055,INTC
2016-07-27,25.6575,25.9375,25.2875,25.4875,23598610,25.7475,-0.74095183813054,INTC
2016-07-28,25.4875,25.4875,25.1775,25.4275,21666230,25.4875,-0.17226528854434,INTC
2016-07-29,25.4275,25.5725,25.2625,25.5175,18171090,25.4275,0.25884383088869,INTC
2016-08-01,25.4775,25.5675,25.2175,25.5075,18759470,25.5175,-0.028686173264481,INTC
2016-08-02,25.4675,25.5275,24.9825,25.2175,20054480,25.5075,-0.83213773314203,INTC
2016-08-03,25.0175,25.1975,24.9075,25.1675,18388760,25.2175,-0.89699074074075,INTC
2016-08-04,25.2075,25.5375,25.1375,25.4975,16269520,25.1675,0.96350364963503,INTC
2016-08-05,25.7175,26.0475,25.6175,25.8975,20046211,25.4975,1.1567379988433,INTC
2016-08-08,25.8175,26.0875,25.7775,25.9575,19470710,25.8975,0.17152658662093,INTC
2016-08-09,25.9575,26.0775,25.7575,25.8375,12566830,25.9575,-0.34246575342465,INTC
2016-08-10,25.9175,25.9175,25.4175,25.4475,19541100,25.8375,-1.1168384879725,INTC
2016-08-11,25.5775,25.6575,25.4075,25.5975,16340510,25.4475,0.43440486533449,INTC
2016-08-12,25.4375,25.6775,25.3575,25.4875,15707110,25.5975,-0.31718569780853,INTC
2016-08-15,25.6175,26.0775,25.5475,25.8275,18899370,25.4875,0.98351171536013,INTC
2016-08-16,25.6875,26.1275,25.6875,26.1275,16282320,25.8275,0.85935262102551,INTC
2016-08-17,26.0875,26.1275,25.6875,25.9375,18210270,26.1275,-0.53961942629934,INTC
2016-08-18,25.8775,26.0075,25.6675,25.8875,16078560,25.9375,-0.14277555682468,INTC
2016-08-19,25.7575,26.1875,25.6525,26.1575,16417640,25.8875,0.77209036316844,INTC
2016-08-22,26.1175,26.3675,26.0375,26.2775,14930450,26.1575,0.3405221339387,INTC
2016-08-23,26.4175,26.6075,26.2175,26.3175,18314840,26.2775,0.1131221719457,INTC
2016-08-24,26.2375,26.3275,25.9375,26.0675,16343030,26.3175,-0.70621468926554,INTC
2016-08-25,25.9675,26.1375,25.8135,26.0075,12426330,26.0675,-0.17069701280226,INTC
2016-08-26,26.0275,26.4975,25.9675,26.1775,14469924,26.0075,0.48446850954686,INTC
2016-08-29,26.3975,26.5875,26.0675,26.4675,15066690,26.1775,0.82246171298922,INTC
2016-08-30,26.5075,26.6575,26.4375,26.6175,15149220,26.4675,0.42194092827006,INTC
2016-08-31,26.5375,26.8175,26.4975,26.8075,20550610,26.6175,0.53221288515406,INTC
2016-09-01,26.9075,26.9575,26.4975,26.9375,18912750,26.8075,0.36221788799109,INTC
2016-09-02,27.1275,27.2475,26.8675,26.9975,16726630,26.9375,0.16657412548583,INTC
2016-09-06,27.2975,27.5175,27.0875,27.4875,22312980,26.9975,1.3580931263858,INTC
2016-09-07,27.5675,27.5675,27.2975,27.3775,18485600,27.4875,-0.30079299972655,INTC
2016-09-08,27.2675,27.5075,27.0375,27.3575,20330360,27.3775,-0.054854635216684,INTC
2016-09-09,27.0175,27.3075,26.3575,26.3575,29411050,27.3575,-2.7442371020856,INTC
2016-09-12,26.1075,27.0375,25.9815,26.9975,22732810,26.3575,1.8058690744921,INTC
2016-09-13,26.6675,26.7975,26.2375,26.5275,23571880,26.9975,-1.3026607538803,INTC
2016-09-14,26.4275,26.7325,26.3125,26.5375,14110090,26.5275,0.028081999438354,INTC
2016-09-15,26.6575,27.5675,26.4575,27.4775,24347340,26.5375,2.6389668725435,INTC
2016-09-16,28.6175,28.9675,28.1675,28.5875,66979869,27.4775,3.0361050328228,INTC
2016-09-19,28.6675,28.9375,28.0075,28.0775,30531708,28.5875,-1.3538624900451,INTC
2016-09-20,28.3375,28.3475,27.8575,28.0575,24796555,28.0775,-0.053821313240032,INTC
2016-09-21,28.1275,28.3775,27.7776,28.3675,21233698,28.0575,0.83467959073776,INTC
2016-09-22,28.5175,28.7475,28.3575,28.4675,17010410,28.3675,0.26702269692922,INTC
2016-09-23,28.5175,28.5675,28.0375,28.1075,16740876,28.4675,-0.95872170439414,INTC
2016-09-26,27.8375,27.8575,27.5175,27.5675,25469396,28.1075,-1.4520032266738,INTC
2016-09-27,27.6575,28.1375,27.5475,28.0975,22391576,27.5675,1.4461118690314,INTC
2016-09-28,28.2275,28.4175,28.0675,28.3575,19020799,28.0975,0.69930069930069,INTC
2016-09-29,28.4075,28.4475,27.9175,28.2375,17577098,28.3575,-0.32051282051281,INTC
2016-09-30,28.4675,28.8375,28.3575,28.6675,24279306,28.2375,1.1521972132905,INTC
2016-10-03,28.6475,28.8675,28.4475,28.5775,14113578,28.6675,-0.2384105960265,INTC
2016-10-04,28.6875,28.8575,28.2475,28.4575,14393109,28.5775,-0.31864046733935,INTC
2016-10-05,28.6675,29.2275,28.5575,28.9075,22420804,28.4575,1.1987213638785,INTC
2016-10-06,28.8175,29.0775,28.4925,28.9875,15171434,28.9075,0.21058173203474,INTC
2016-10-07,29.0875,29.1375,28.6975,29.0175,16942539,28.9875,0.078802206461784,INTC
2016-10-10,29.1675,29.2775,28.8175,28.9425,14111395,29.0175,-0.19685039370079,INTC
2016-10-11,28.8475,28.9175,27.7385,28.1875,27611260,28.9425,-1.9855358316897,INTC
2016-10-12,28.1175,28.1675,27.7275,28.0475,14021109,28.1875,-0.3756372417494,INTC
2016-10-13,27.7675,28.0475,27.3775,27.8875,16936015,28.0475,-0.43091839482899,INTC
2016-10-14,28.1075,28.6175,28.0725,28.3675,19119812,27.8875,1.2983500135245,INTC
2016-10-17,28.3575,28.6337,28.1625,28.2075,14413527,28.3675,-0.42723631508679,INTC
2016-10-18,28.6775,28.9675,28.4475,28.6675,42907753,28.2075,1.2335746849021,INTC
2016-10-19,26.9675,27.0075,26.1475,26.4275,75229016,28.6675,-5.9337748344371,INTC
2016-10-20,26.3275,26.5875,26.0175,26.3475,25645679,26.4275,-0.2252886510842,INTC
2016-10-21,26.1275,26.3175,25.7275,26.0675,20809048,26.3475,-0.79029071408411,INTC
2016-10-24,26.3475,26.4075,26.0275,26.1775,21524741,26.0675,0.31294452347084,INTC
2016-10-25,26.1075,26.1675,25.9275,26.0175,17753361,26.1775,-0.45377197958025,INTC
2016-10-26,25.9575,26.1225,25.6575,25.8375,19853132,26.0175,-0.51282051282051,INTC
2016-10-27,26.0175,26.1475,25.6675,25.7275,14634685,25.8375,-0.31500572737686,INTC
2016-10-28,25.7875,26.0875,25.6275,25.6575,18753480,25.7275,-0.20109164033324,INTC
2016-10-31,25.8375,25.9975,25.7575,25.7875,19109080,25.6575,0.37420840529648,INTC
2016-11-01,25.8175,26.0775,25.1875,25.4375,25110734,25.7875,-1.0037281330657,INTC
2016-11-02,25.5175,25.8175,25.3875,25.5175,21325700,25.4375,0.23174971031286,INTC
2016-11-03,25.6275,25.6975,25.0475,25.1075,19400032,25.5175,-1.9364161849711,INTC
2016-11-04,24.5975,25.1075,24.5975,24.7875,21914746,25.1075,-0.9431181844975,INTC
2016-11-07,25.4175,25.9275,25.3275,25.8675,18969611,24.7875,3.21332936626,INTC
2016-11-08,25.9075,26.1275,25.6675,25.9175,14826448,25.8675,0.1441337561257,INTC
2016-11-09,25.0275,26.0275,24.8475,25.9275,25997104,25.9175,0.028785261945878,INTC
2016-11-10,25.9975,26.1275,25.2025,25.6775,28250229,25.9275,-0.71942446043165,INTC
2016-11-11,25.6775,26.0475,25.5175,25.7875,22437469,25.6775,0.31884057971014,INTC
2016-11-14,25.7875,25.9075,25.3775,25.6775,21332678,25.7875,-0.31782721756718,INTC
2016-11-15,25.8075,26.4675,25.7875,26.0875,18673218,25.6775,1.1884057971014,INTC
2016-11-16,26.0775,26.0975,25.7175,26.0175,18565450,26.0875,-0.2005156115726,INTC
2016-11-17,26.0975,26.1975,25.8075,26.1975,15748521,26.0175,0.5166475315729,INTC
2016-11-18,26.0775,26.1775,25.8175,26.1275,16806853,26.1975,-0.19988577955454,INTC
2016-11-21,26.2775,26.3775,26.0175,26.1575,14259526,26.1275,0.085836909871228,INTC
2016-11-22,26.3575,26.6775,26.2875,26.6575,22327447,26.1575,1.4293882218411,INTC
2016-11-23,26.6575,26.6975,26.2775,26.3775,15843618,26.6575,-0.78917700112738,INTC
2016-11-25,26.2875,26.6275,26.2875,26.6175,6372836,26.3775,0.68181818181817,INTC
2016-11-28,26.6075,26.8375,26.3875,26.6875,13549048,26.6175,0.19751693002257,INTC
2016-11-29,26.8175,26.8175,26.4475,26.4875,19581040,26.6875,-0.56322162771049,INTC
2016-11-30,26.3775,26.4775,25.8775,25.8775,27016070,26.4875,-1.7275559331634,INTC
2016-12-01,26.0375,26.1075,24.7375,24.9375,29618687,25.8775,-2.7089337175793,INTC
2016-12-02,24.8975,25.4375,24.7775,25.3375,21492534,24.9375,1.1848341232227,INTC
2016-12-05,25.4875,25.5975,25.1425,25.5675,14461972,25.3375,0.67330210772835,INTC
2016-12-06,25.5675,25.9275,25.4775,25.8975,15297703,25.5675,0.95958127362605,INTC
2016-12-07,25.8475,26.7475,25.6275,26.6775,21710273,25.8975,2.2465437788018,INTC
2016-12-08,26.6575,27.2075,26.3975,26.8775,19966537,26.6775,0.56338028169015,INTC
2016-12-09,26.9275,27.0775,26.7675,26.9375,16326925,26.8775,0.16806722689074,INTC
2016-12-12,26.9575,27.2675,26.8475,27.1475,21985830,26.9375,0.58724832214765,INTC
2016-12-13,27.1875,28.0675,27.1075,27.9775,35773592,27.1475,2.3074784542674,INTC
2016-12-14,27.8775,28.0675,27.6375,27.7275,30819365,27.9775,-0.67934782608696,INTC
2016-12-15,27.9175,28.3375,27.7075,27.9675,23721538,27.7275,0.65663474692203,INTC
2016-12-16,27.8975,28.0475,27.2625,27.4875,38212824,27.9675,-1.304702364773,INTC
2016-12-19,27.5175,28.1275,27.4475,28.0675,18744306,27.4875,1.5973561002479,INTC
2016-12-20,28.1275,28.4175,28.0675,28.3875,18551844,28.0675,0.86744375169423,INTC
2016-12-21,28.4275,28.5225,28.0875,28.1575,14323574,28.3875,-0.61811341037357,INTC
2016-12-22,28.4075,28.4175,27.9875,28.1075,10793879,28.1575,-0.13520822065981,INTC
2016-12-23,28.1075,28.1575,27.9475,28.1475,6287281,28.1075,0.10831302464121,INTC
2016-12-27,28.0875,28.5075,28.0875,28.2475,9033706,28.1475,0.27048958615094,INTC
2016-12-28,28.2775,28.3775,27.7575,27.8075,12868584,28.2475,-1.186943620178,INTC
2016-12-29,27.6875,27.8975,27.6075,27.8375,8447998,27.8075,0.081900081900066,INTC
2016-12-30,27.9675,27.9775,27.3775,27.4475,17467984,27.8375,-1.063829787234,INTC
2017-01-03,27.7875,28.1075,27.4475,27.7775,20196466,27.4475,0.90984284532671,INTC
2017-01-04,27.8875,27.9475,27.5175,27.5875,15915729,27.7775,-0.51912568306012,INTC
2017-01-05,27.6275,27.8975,27.4825,27.5275,13986002,27.5875,-0.16478989288656,INTC
2017-01-06,27.6375,27.8575,27.3675,27.6575,15113998,27.5275,0.35763411279228,INTC
2017-01-09,27.6575,28.0625,27.6545,27.7875,19461422,27.6575,0.35635964912281,INTC
2017-01-10,27.7275,28.1075,27.7075,27.7175,15918766,27.7875,-0.19120458891013,INTC
2017-01-11,27.6875,28.1775,27.6875,28.1275,22398426,27.7175,1.1220580186098,INTC
2017-01-12,28.0075,28.0075,27.4975,27.8875,20391946,28.1275,-0.64952638700948,INTC
2017-01-13,27.8875,28.0375,27.7975,27.9675,15072235,27.8875,0.21792427131571,INTC
2017-01-17,27.8475,28.0075,27.7675,27.9775,20195202,27.9675,0.0271812992661,INTC
2017-01-18,28.0675,28.1875,27.7875,27.9375,15382452,27.9775,-0.10869565217391,INTC
2017-01-19,27.6875,28.0875,27.6875,27.7475,13654522,27.9375,-0.51686615886833,INTC
2017-01-20,27.9375,28.2075,27.7575,28.1175,23950936,27.7475,1.0117582718075,INTC
2017-01-23,28.2475,28.3875,27.7275,27.9475,27752565,28.1175,-0.46020573903626,INTC
2017-01-24,28.0175,28.9175,27.9875,28.7975,35140871,27.9475,2.3116671199347,INTC
2017-01-25,29.0475,29.1775,28.6925,28.9775,32357313,28.7975,0.47846889952153,INTC
2017-01-26,28.9975,29.1025,28.5975,28.7375,34144843,28.9775,-0.63492063492062,INTC
2017-01-27,29.1775,29.6275,28.9875,29.1575,44368566,28.7375,1.1182108626198,INTC
2017-01-30,28.9175,29.0175,28.5075,28.5975,23954716,29.1575,-1.4744602422327,INTC
2017-01-31,28.3975,28.5475,27.8175,27.9975,27059084,28.5975,-1.6034206306788,INTC
2017-02-01,27.9975,28.1275,27.1975,27.6975,28380640,27.9975,-0.81477457903313,INTC
2017-02-02,27.4375,27.8775,27.3775,27.8575,31916939,27.6975,0.43811610076669,INTC
2017-02-03,28.1275,28.2575,27.8875,27.9575,21038146,27.8575,-0.43620501635768,INTC
2017-02-06,27.9475,27.9475,27.5875,27.7075,21426961,27.9575,-0.68455640744797,INTC
2017-02-07,27.8875,27.9575,27.6775,27.7875,18581866,27.7075,0.22056796250344,INTC
2017-02-08,27.7775,28.0875,27.5775,27.8175,20807358,27.7875,0.082530949105918,INTC
2017-02-09,27.9375,27.9375,26.8375,26.8975,47802687,27.8175,-2.5288620120946,INTC
2017-02-10,26.6975,26.8675,26.2775,26.7775,44106523,26.8975,-0.33840947546531,INTC
2017-02-13,27.0075,27.2875,26.7775,27.2375,28180550,26.7775,1.3016411997736,INTC
2017-02-14,27.2775,27.3975,26.9675,27.3675,25734801,27.2375,0.36312849162012,INTC
2017-02-15,27.4175,27.4975,27.1075,27.4875,18452197,27.3675,0.33398274422487,INTC
2017-02-16,27.6175,27.9975,27.5375,27.8475,21317455,27.4875,0.99861303744799,INTC
2017-02-17,27.7575,27.9175,27.5375,27.9175,18909888,27.8475,0.19225487503433,INTC
2017-02-21,27.9675,28.0875,27.7675,27.9575,20556017,27.9175,0.10964912280703,INTC
2017-02-22,27.7775,27.8335,27.2275,27.5075,29904370,27.9575,-1.2322015334064,INTC
2017-02-23,27.6775,27.7375,27.3375,27.6175,22774979,27.5075,0.30496257277516,INTC
2017-02-24,27.5775,27.9675,27.3875,27.9675,18617592,27.6175,0.96738529574351,INTC
2017-02-27,27.8575,28.1175,27.7075,27.9475,14065236,27.9675,-0.0547495209417,INTC
2017-02-28,27.8575,27.8975,27.4375,27.6375,24977011,27.9475,-0.84908244316624,INTC
2017-03-01,27.2875,27.5375,26.8775,27.3675,34085869,27.6375,-0.74585635359117,INTC
2017-03-02,27.3675,27.4575,27.0875,27.3475,23602100,27.3675,-0.055663790704156,INTC
2017-03-03,27.3775,27.5225,27.1075,27.3375,17539388,27.3475,-0.027847396268443,INTC
2017-03-06,27.2275,27.2375,26.8575,27.0075,24416732,27.3375,-0.9192200557103,INTC
2017-03-07,26.9775,27.2375,26.8225,27.2375,23434893,27.0075,0.64661231374753,INTC
2017-03-08,27.1075,27.3375,26.9625,27.0575,20920148,27.2375,-0.50279329608938,INTC
2017-03-09,27.0375,27.3775,26.9375,27.2575,23616786,27.0575,0.56148231330714,INTC
2017-03-10,27.5575,27.7325,27.2175,27.3475,25402348,27.2575,0.25125628140702,INTC
2017-03-13,27.1175,27.4775,26.3775,26.5975,53582931,27.3475,-2.0885547201337,INTC
2017-03-14,26.4975,26.6675,26.0975,26.6175,28586871,26.5975,0.05688282138795,INTC
2017-03-15,26.3775,26.6075,26.1175,26.5375,27996095,26.6175,-0.22740193291642,INTC
2017-03-16,26.6075,26.7975,26.5075,26.5775,19616053,26.5375,0.11396011396011,INTC
2017-03-17,26.7475,26.7675,26.5375,26.7075,30778867,26.5775,0.36994877632329,INTC
2017-03-20,26.8075,27.0675,26.6975,26.8675,17322274,26.7075,0.45364332293733,INTC
2017-03-21,27.0275,27.0375,26.4375,26.4775,22814547,26.8675,-1.1007620660457,INTC
2017-03-22,26.6575,26.8975,26.4375,26.8075,19144498,26.4775,0.9417808219178,INTC
2017-03-23,26.9275,26.9275,26.4575,26.7075,20640352,26.8075,-0.28272547356515,INTC
2017-03-24,27.0875,27.1675,26.5575,26.5975,22187960,26.7075,-0.31187978451944,INTC
2017-03-27,26.5075,26.9375,26.3775,26.8275,16992235,26.5975,0.65415244596133,INTC
2017-03-28,26.7775,27.1475,26.6475,27.0375,18398148,26.8275,0.59338796270133,INTC
2017-03-29,26.9575,27.1375,26.8725,27.0075,17202642,27.0375,-0.084269662921352,INTC
2017-03-30,27.0175,27.3275,26.9575,27.1875,16432950,27.0075,0.5060444194546,INTC
2017-03-31,27.1875,27.6875,27.1775,27.5075,21438385,27.1875,0.8951048951049,INTC
2017-04-03,27.6275,28.1775,27.5575,27.5975,32013641,27.5075,0.24951483227057,INTC
2017-04-04,27.5575,27.8125,27.4275,27.7175,18918045,27.5975,0.33185840707966,INTC
2017-04-05,27.8675,28.1975,27.6075,27.6575,22455525,27.7175,-0.16538037486219,INTC
2017-04-06,27.5675,27.7225,27.4675,27.4675,20198223,27.6575,-0.52457205963555,INTC
2017-04-07,27.5075,27.7575,27.4225,27.4675,15689513,27.4675,0.0,INTC
2017-04-10,27.4575,27.5275,27.0475,27.2375,19973723,27.4675,-0.63835692478491,INTC
2017-04-11,27.2075,27.2275,26.6475,27.1775,22711830,27.2375,-0.16759776536311,INTC
2017-04-12,27.3075,27.4475,26.9375,27.0675,19289787,27.1775,-0.30777839955232,INTC
2017-04-13,26.9875,27.1975,26.6875,26.6875,15763996,27.0675,-1.066516980073,INTC
2017-04-17,26.8775,27.0275,26.7675,26.9175,12560746,26.6875,0.65248226950354,INTC
2017-04-18,26.8675,27.2475,26.7325,27.2025,12321050,26.9175,0.80326944757611,INTC
2017-04-19,27.4075,27.6575,27.3275,27.3475,16594635,27.2025,0.40542429749754,INTC
2017-04-20,27.6175,27.7025,27.2975,27.6175,22968262,27.3475,0.75187969924813,INTC
2017-04-21,27.6375,27.8575,27.2875,27.7575,20390513,27.6175,0.3869541182974,INTC
2017-04-24,28.1075,28.2875,27.8975,28.1875,26305762,27.7575,1.1839207048458,INTC
2017-04-25,28.2075,28.4375,28.0975,28.3075,22066776,28.1875,0.32653061224489,INTC
2017-04-26,28.2175,28.6675,28.2175,28.3675,27240993,28.3075,0.16273393002442,INTC
2017-04-27,28.3075,28.9375,28.2175,28.8675,39889967,28.3675,1.3539128080152,INTC
2017-04-28,27.5375,27.9225,27.3175,27.5875,56769258,28.8675,-3.4197168047021,INTC
2017-05-01,27.5475,27.8375,27.3775,27.7475,24825614,27.5875,0.44260027662518,INTC
2017-05-02,27.8075,28.4675,27.7875,28.4075,35813021,27.7475,1.8176810795924,INTC
2017-05-03,28.43,28.88,28.33,28.69,22040256,28.4075,0.027048958615088,INTC
2017-05-04,28.7,28.82,28.35,28.56,16437088,28.69,-0.35154137371551,INTC
2017-05-05,28.57,28.64,28.21,28.53,18119243,28.56,-0.081411126187249,INTC
2017-05-08,28.44,28.56,28.19,28.25,17660214,28.53,-0.76045627376426,INTC
2017-05-09,28.19,28.46,27.99,28.08,17819144,28.25,-0.46524356869185,INTC
2017-05-10,27.98,28.09,27.64,27.72,25133822,28.08,-0.98982678031344,INTC
2017-05-11,27.62,27.71,27.164,27.4,21508923,27.72,-0.8886420438767,INTC
2017-05-12,27.43,27.45,27.11,27.24,19730842,27.4,-0.44830484729615,INTC
2017-05-15,27.245,27.425,27.13,27.34,22120137,27.24,0.2814522938362,INTC
2017-05-16,27.46,27.6,27.13,27.53,22291843,27.34,0.53325849003648,INTC
2017-05-17,27.38,27.699,26.73,26.75,26670188,27.53,-2.177554438861,INTC
2017-05-18,26.9,27.18,26.79,26.93,17171872,26.75,0.51369863013699,INTC
2017-05-19,26.86,27.26,26.84,27.11,18340127,26.93,0.51107325383305,INTC
2017-05-22,27.19,27.82,27.09,27.48,14638066,27.11,1.045197740113,INTC
2017-05-23,27.58,27.7,27.27,27.57,16903704,27.48,0.25160749231198,INTC
2017-05-24,27.69,27.89,27.6,27.83,20860257,27.57,0.7250418293363,INTC
2017-05-25,27.83,28.1,27.77,27.97,13148542,27.83,0.38759689922481,INTC
2017-05-26,27.97,28.04,27.84,27.97,11145523,27.97,0.0,INTC
2017-05-30,27.98,28.15,27.8,27.89,13026915,27.97,-0.22062879205736,INTC
2017-05-31,28.02,28.09,27.58,27.82,17741896,27.89,-0.1934770591487,INTC
2017-06-01,27.83,27.84,27.51,27.83,17510915,27.82,0.027693159789526,INTC
2017-06-02,27.98,28.04,27.71,28.03,19127420,27.83,0.55370985603545,INTC
2017-06-05,28.01,28.21,27.91,28.05,11685699,28.03,0.055066079295163,INTC
2017-06-06,27.87,28.16,27.69,27.84,18420926,28.05,-0.57787561915245,INTC
2017-06-07,27.84,28.28,27.81,27.97,17191983,27.84,0.35981179075559,INTC
2017-06-08,28.05,28.24,27.87,28.19,17154167,27.97,0.60672917815775,INTC
2017-06-09,28.21,28.27,27.02,27.42,33322053,28.19,-2.1107456140351,INTC
2017-06-12,27.3,27.72,27.12,27.44,28488290,27.42,0.056006720806486,INTC
2017-06-13,27.39,27.66,27.24,27.59,20588247,27.44,0.41981528127625,INTC
2017-06-14,27.7,27.76,26.93,27.24,19149017,27.59,-0.97547380156076,INTC
2017-06-15,26.92,27.19,26.85,27.02,20410009,27.24,-0.61919504643963,INTC
2017-06-16,26.99,27.04,26.72,26.92,30762781,27.02,-0.28320589068253,INTC
2017-06-19,27.32,27.32,27.03,27.22,21583752,26.92,0.85203067310422,INTC
2017-06-20,27.16,27.16,26.55,26.57,21536505,27.22,-1.8304702900591,INTC
2017-06-21,26.04,26.31,25.8,26.29,27138493,26.57,-0.80321285140563,INTC
2017-06-22,26.27,26.34,26.0,26.07,24602910,26.29,-0.63620589936379,INTC
2017-06-23,25.92,26.26,25.805,25.9,29260888,26.07,-0.49476135040746,INTC
2017-06-26,25.97,26.22,25.74,25.78,18854766,25.9,-0.35097981866042,INTC
2017-06-27,25.71,25.855,25.36,25.36,27078918,25.78,-1.2327560904021,INTC
2017-06-28,25.48,25.95,25.45,25.91,25940057,25.36,1.6344725111441,INTC
2017-06-29,25.63,25.81,25.05,25.25,25215664,25.91,-1.9298245614035,INTC
2017-06-30,25.58,25.64,25.245,25.45,24432020,25.25,0.59630292188433,INTC
2017-07-03,25.22,25.74,25.14,25.17,12676894,25.45,-0.8298755186722,INTC
2017-07-05,25.23,26.14,25.195,26.05,30010803,25.17,2.6300059772863,INTC
2017-07-06,25.83,26.0,25.27,25.34,20733189,26.05,-2.0675596971462,INTC
2017-07-07,25.41,25.83,25.41,25.59,18304460,25.34,0.74338388343741,INTC
2017-07-10,24.96,25.45,24.94,25.36,29918436,25.59,-0.67886658795751,INTC
2017-07-11,25.35,25.64,25.141,25.63,25737540,25.36,0.80237741456167,INTC
2017-07-12,25.99,26.1,25.65,25.96,23768337,25.63,0.97287735849056,INTC
2017-07-13,26.04,26.11,25.83,25.95,15046199,25.96,-0.029197080291965,INTC
2017-07-14,26.19,26.42,25.975,26.39,16316353,25.95,1.285046728972,INTC
2017-07-17,26.45,26.45,26.07,26.18,21044407,26.39,-0.60553633217993,INTC
2017-07-18,26.14,26.29,25.96,26.24,14362330,26.18,0.17406440382942,INTC
2017-07-19,26.39,26.39,26.17,26.27,17036197,26.24,0.086880973066902,INTC
2017-07-20,26.25,26.55,26.185,26.46,17506216,26.27,0.54976851851851,INTC
2017-07-21,26.25,26.53,26.105,26.44,22245041,26.46,-0.057553956834541,INTC
2017-07-24,26.44,26.51,26.09,26.21,16146284,26.44,-0.66225165562913,INTC
2017-07-25,26.26,26.445,26.11,26.38,18096682,26.21,0.49275362318841,INTC
2017-07-26,26.41,26.68,26.3,26.46,15499322,26.38,0.2307470435535,INTC
2017-07-27,26.49,26.96,26.38,26.68,43062842,26.46,0.63309352517985,INTC
2017-07-28,26.84,27.57,26.71,27.02,36291484,26.68,0.9722619388047,INTC
2017-07-31,27.18,27.45,27.03,27.18,27056989,27.02,0.45312942509203,INTC
2017-08-01,27.37,28.14,27.28,28.06,38710244,27.18,2.4809698336623,INTC
2017-08-02,28.04,28.38,27.765,28.35,35004283,28.06,0.79779917469051,INTC
2017-08-03,28.5325,28.5725,28.1325,28.4725,26611347,28.35,-0.40938864628821,INTC
2017-08-04,28.4325,28.5425,28.0825,28.2825,20520301,28.4725,-0.52069060016444,INTC
2017-08-07,28.3725,28.5325,28.2025,28.4125,18169335,28.2825,0.35812672176309,INTC
2017-08-08,28.3525,28.6825,28.2825,28.3925,22819871,28.4125,-0.054899807850681,INTC
2017-08-09,28.2625,28.6425,28.0025,28.5725,22796797,28.3925,0.49436967865973,INTC
2017-08-10,28.3825,28.5425,28.0925,28.1225,22693316,28.5725,-1.2298442197322,INTC
2017-08-11,28.2425,28.3825,27.7725,27.8525,19275060,28.1225,-0.74709463198673,INTC
2017-08-14,28.1025,28.4525,28.0625,28.3225,18469448,27.8525,1.3102871480346,INTC
2017-08-15,28.2825,28.3025,27.7975,27.9825,21706563,28.3225,-0.93560814529445,INTC
2017-08-16,27.9625,28.0525,27.5425,27.7925,22013991,27.9825,-0.52777777777777,INTC
2017-08-17,27.5825,27.6625,27.1525,27.1525,19524961,27.7925,-1.7872102764591,INTC
2017-08-18,27.2725,27.2925,26.9725,26.9925,16231408,27.1525,-0.45493318168895,INTC
2017-08-21,27.0725,27.2625,26.6825,26.9025,26493271,26.9925,-0.25706940874035,INTC
2017-08-22,27.0025,27.1725,26.6025,26.6325,26097551,26.9025,-0.77319587628867,INTC
2017-08-23,26.5225,26.7925,26.3625,26.6425,19648134,26.6325,0.028860028860023,INTC
2017-08-24,26.6825,26.8725,26.5325,26.6925,14301892,26.6425,0.14425851125218,INTC
2017-08-25,26.8025,26.9125,26.5625,26.6525,14726829,26.6925,-0.11524056467876,INTC
2017-08-28,26.7625,26.7825,26.5725,26.6325,20712876,26.6525,-0.057686760888385,INTC
2017-08-29,26.4925,26.7325,26.4375,26.7125,15843668,26.6325,0.23088023088023,INTC
2017-08-30,26.7325,26.9425,26.6125,26.8725,18565007,26.7125,0.46069680391593,INTC
2017-08-31,26.9225,27.1625,26.8525,27.0525,16366772,26.8725,0.51590713671539,INTC
2017-09-01,27.2225,27.3725,27.0525,27.0725,12821972,27.0525,0.057028799543779,INTC
2017-09-05,27.0025,27.3125,26.9125,27.0025,19300594,27.0725,-0.19948703334283,INTC
2017-09-06,27.2025,27.9225,27.0925,27.7425,28076438,27.0025,2.1130782410051,INTC
2017-09-07,27.8625,27.9325,27.3125,27.5225,16297077,27.7425,-0.6152125279642,INTC
2017-09-08,27.4025,27.5225,27.0625,27.1725,14125018,27.5225,-0.9848058525605,INTC
2017-09-11,27.4725,27.9825,27.1225,27.7525,20037575,27.1725,1.6481955100881,INTC
2017-09-12,27.8625,28.3225,27.7225,28.0725,19489892,27.7525,0.89460441710931,INTC
2017-09-13,27.9825,28.3825,27.9525,28.3125,15509787,28.0725,0.66500415627596,INTC
2017-09-14,28.1725,28.6775,28.1425,28.4625,18093946,28.3125,0.41288191577209,INTC
2017-09-15,28.5325,29.0625,28.2025,28.9825,33596072,28.4625,1.4254385964912,INTC
2017-09-18,28.9825,29.3125,28.7825,28.9825,19393834,28.9825,0.0,INTC
2017-09-19,29.1825,29.2775,29.0025,29.2125,23850525,28.9825,0.62162162162161,INTC
2017-09-20,29.2125,29.2725,28.6375,29.0525,23957476,29.2125,-0.42976094547407,INTC
2017-09-21,28.9725,29.2525,28.8325,29.1825,22954158,29.0525,0.35068788777988,INTC
2017-09-22,28.9325,29.2025,28.9325,29.1625,21631754,29.1825,-0.053763440860223,INTC
2017-09-25,29.0325,29.2125,28.8325,29.1425,23180838,29.1625,-0.053792361484678,INTC
2017-09-26,29.1925,29.6225,28.9825,29.4525,29790369,29.1425,0.83423035522067,INTC
2017-09-27,29.6025,29.6725,29.0825,29.5225,25981384,29.4525,0.18681611956232,INTC
2017-09-28,29.3025,29.8625,29.2725,29.8125,21171441,29.5225,0.77250932338838,INTC
2017-09-29,29.8225,30.1325,29.6825,30.0625,23217336,29.8125,0.66085117631509,INTC
2017-10-02,30.1025,31.0725,30.0625,31.0225,37394514,30.0625,2.5210084033613,INTC
2017-10-03,30.9325,31.6825,30.9325,31.3625,34002193,31.0225,0.87090163934427,INTC
2017-10-04,31.3725,31.3825,30.8435,31.3225,28368824,31.3625,-0.10157440325038,INTC
2017-10-05,31.4825,31.6325,31.1925,31.5125,17710277,31.3225,0.48296898830706,INTC
2017-10-06,31.5825,31.8725,31.4025,31.6125,18887536,31.5125,0.25297242600557,INTC
2017-10-09,31.6625,31.8625,31.5025,31.8425,18494080,31.6125,0.58036840777188,INTC
2017-10-10,31.9125,31.9325,31.3625,31.6325,29890017,31.8425,-0.52684395383844,INTC
2017-10-11,31.4625,31.6525,31.0425,31.2825,30754708,31.6325,-0.88272383354351,INTC
2017-10-12,31.3325,31.3725,30.9625,31.1725,18286944,31.2825,-0.27989821882952,INTC
2017-10-13,31.4225,31.7925,31.2625,31.6525,16829366,31.1725,1.2248022454708,INTC
2017-10-16,31.6925,31.7725,31.4225,31.7425,12489135,31.6525,0.22687169145449,INTC
2017-10-17,31.5425,31.8475,31.3525,31.7725,15532818,31.7425,0.07545271629779,INTC
2017-10-18,31.7825,32.2725,31.5825,32.2325,21424554,31.7725,1.1560693641619,INTC
2017-10-19,31.8625,32.3125,31.8125,32.0725,19222705,32.2325,-0.3975155279503,INTC
2017-10-20,32.3125,32.4325,32.0825,32.4125,18335672,32.0725,0.8480917934647,INTC
2017-10-23,32.5325,33.0225,32.3775,32.8125,28646966,32.4125,0.98936433341578,INTC
2017-10-24,32.9825,33.0325,32.7025,32.9325,19652417,32.8125,0.29390154298311,INTC
2017-10-25,32.8725,33.0375,32.4725,32.7625,24031660,32.9325,-0.41514041514042,INTC
2017-10-26,32.8925,33.5575,32.6925,33.3325,38247395,32.7625,1.397743992153,INTC
2017-10-27,35.2825,36.9825,35.0825,36.3825,90028300,33.3325,7.3760580411124,INTC
2017-10-30,36.4625,37.1725,35.8625,36.3525,48161518,36.3825,-0.06756756756757,INTC
2017-10-31,37.1825,37.7825,36.6325,37.4725,47000920,36.3525,2.5242280820374,INTC
2017-11-01,37.9525,38.6925,37.5725,38.6925,47813724,37.4725,2.6819081116729,INTC
2017-11-02,38.5925,39.2125,38.1955,39.0825,44602250,38.6925,0.834938985228,INTC
2017-11-03,39.1825,39.2825,37.5825,38.3225,39298110,39.0825,-1.6135881104034,INTC
2017-11-06,38.855,38.995,38.345,38.955,34034971,38.3225,0.77686663789383,INTC
2017-11-07,38.955,39.345,38.645,39.035,24461371,38.955,0.1713062098501,INTC
2017-11-08,38.875,38.955,38.535,38.955,21565759,39.035,-0.17101325352714,INTC
2017-11-09,38.305,38.645,37.905,38.555,25570358,38.955,-0.85653104925055,INTC
2017-11-10,38.295,38.345,37.635,37.835,24095354,38.555,-1.5550755939525,INTC
2017-11-13,37.515,38.195,37.505,38.005,18999002,37.835,0.37297060114086,INTC
2017-11-14,37.955,38.175,37.575,38.115,22201170,38.005,0.24043715846994,INTC
2017-11-15,37.645,38.06,37.428,37.715,17157204,38.115,-0.87221979938944,INTC
2017-11-16,37.885,38.325,37.715,37.905,26439406,37.715,0.41794984601847,INTC
2017-11-17,37.755,37.875,36.875,36.885,63798040,37.905,-2.2343921139102,INTC
2017-11-20,36.985,37.37,36.755,36.875,22420003,36.885,-0.022406453058492,INTC
2017-11-21,36.975,37.475,36.965,37.195,21871027,36.875,0.71716718960108,INTC
2017-11-22,37.195,37.205,36.79,36.905,19538331,37.195,-0.64530485091233,INTC
2017-11-24,36.805,37.03,36.685,37.005,6465815,36.905,0.22396416573349,INTC
2017-11-27,36.675,36.865,36.529,36.745,18202115,37.005,-0.58100558659217,INTC
2017-11-28,36.905,37.095,36.575,36.985,20194062,36.745,0.53944706675656,INTC
2017-11-29,37.105,37.345,36.025,36.205,27036870,36.985,-1.7437961099933,INTC
2017-11-30,36.615,37.455,36.585,37.095,34145303,36.205,2.0250284414107,INTC
2017-12-01,36.985,37.095,35.785,36.935,26656272,37.095,-0.35682426404996,INTC
2017-12-04,37.275,37.555,36.585,36.745,28000791,36.935,-0.42524619516562,INTC
2017-12-05,36.855,37.155,35.485,35.695,30626850,36.745,-2.36008091706,INTC
2017-12-06,35.395,35.975,34.925,35.705,27710812,35.695,0.023020257826899,INTC
2017-12-07,35.715,35.855,35.035,35.335,32708441,35.705,-0.85155350978137,INTC
2017-12-08,35.605,35.835,35.365,35.605,23154749,35.335,0.62674094707522,INTC
2017-12-11,35.535,36.035,35.505,35.915,20425900,35.605,0.71510957324105,INTC
2017-12-12,35.725,35.875,35.335,35.585,16557398,35.915,-0.75584058634906,INTC
2017-12-13,35.905,35.915,35.495,35.595,21399460,35.585,0.023078698361424,INTC
2017-12-14,35.685,35.825,35.27,35.515,19644917,35.595,-0.18458698661746,INTC
2017-12-15,35.655,37.095,35.325,36.815,47476952,35.515,3.0050855293574,INTC
2017-12-18,37.405,38.605,37.295,38.515,50369327,36.815,3.8150807899461,INTC
2017-12-19,38.555,39.515,38.145,39.295,41421116,38.515,1.686121919585,INTC
2017-12-20,39.725,39.895,38.915,39.815,40933056,39.295,1.1054421768708,INTC
2017-12-21,39.795,39.845,38.815,39.015,42963451,39.815,-1.6820857863751,INTC
2017-12-22,38.585,39.275,38.275,38.955,33913537,39.015,-0.12831479897347,INTC
2017-12-26,38.535,38.725,38.205,38.335,15533328,38.955,-1.3276231263383,INTC
2017-12-27,38.365,38.615,38.255,38.365,13359671,38.335,0.065104166666669,INTC
2017-12-28,38.615,38.615,38.205,38.475,9504372,38.365,0.23855996530037,INTC
2017-12-29,38.465,38.745,38.345,38.415,17394491,38.475,-0.12981393336219,INTC
2018-01-02,38.635,39.155,38.465,39.105,23370791,38.415,1.4948006932409,INTC
2018-01-03,37.725,38.465,35.905,37.515,116478986,39.105,-3.3938100320171,INTC
2018-01-04,35.775,36.905,34.945,36.685,89209119,37.515,-1.8338488731772,INTC
2018-01-05,36.685,37.405,36.155,36.995,41824006,36.685,0.69772676119739,INTC
2018-01-08,36.525,37.095,36.215,36.995,33733769,36.995,0.0,INTC
2018-01-09,36.955,37.095,35.745,35.875,44282311,36.995,-2.503352704515,INTC
2018-01-10,35.585,35.855,34.695,34.755,45734951,35.875,-2.5676295277396,INTC
2018-01-11,35.055,35.835,34.705,35.665,35371519,34.755,2.1411764705882,INTC
2018-01-12,35.705,35.855,35.265,35.495,29973553,35.665,-0.3916148352914,INTC
2018-01-16,35.805,36.045,35.14,35.395,38367181,35.495,-0.23126734505088,INTC
2018-01-17,35.8,36.705,35.765,36.645,32368612,35.395,2.8975428836347,INTC
2018-01-18,36.655,36.99,36.425,36.735,26826529,36.645,0.20274836674926,INTC
2018-01-19,36.875,37.145,36.505,37.075,25780217,36.735,0.76438848920864,INTC
2018-01-22,37.055,38.045,37.045,38.005,27706762,37.075,2.0749665327979,INTC
2018-01-23,38.065,38.345,37.885,38.315,22135103,38.005,0.67759562841531,INTC
2018-01-24,38.155,38.385,37.215,37.765,32464221,38.315,-1.1940946591403,INTC
2018-01-25,38.135,38.625,37.425,37.555,36758746,37.765,-0.4614370468029,INTC
2018-01-26,40.635,42.405,40.375,42.335,86916079,37.555,10.551876379691,INTC
2018-01-29,41.855,43.105,41.625,42.235,46304040,42.335,-0.19968051118211,INTC
2018-01-30,41.735,42.315,40.995,41.045,32814590,42.235,-2.3809523809524,INTC
2018-01-31,41.485,41.505,39.815,40.395,41619914,41.045,-1.3322402131584,INTC
2018-02-01,39.95,40.725,39.705,39.905,28840380,40.395,-1.0178645616951,INTC
2018-02-02,39.575,40.045,38.355,38.405,28663029,39.905,-3.1479538300105,INTC
2018-02-05,38.605,39.515,36.755,36.775,47869041,38.405,-3.5319609967497,INTC
2018-02-06,36.575,37.485,35.585,37.465,58145381,36.775,0.87601078167114,INTC
2018-02-07,37.135,38.855,36.895,37.755,37508414,37.465,0.64573591627701,INTC
2018-02-08,37.835,37.975,35.295,35.305,43151330,37.755,-5.4203539823009,INTC
2018-02-09,36.055,36.835,34.595,36.505,49301141,35.305,2.8070175438597,INTC
2018-02-12,36.705,37.715,36.645,37.385,28379521,36.505,2.0022753128555,INTC
2018-02-13,37.145,37.33,36.81,37.015,19517609,37.385,-0.82534017399063,INTC
2018-02-14,36.625,38.065,36.595,37.935,19922010,37.015,2.0692757534863,INTC
2018-02-15,38.435,38.545,37.505,38.475,23536793,37.935,1.1899515204936,INTC
2018-02-16,38.37,39.145,38.065,38.115,21475207,38.475,-0.78397212543554,INTC
2018-02-20,38.015,39.265,37.945,38.875,25511962,38.115,1.6681299385426,INTC
2018-02-21,39.225,39.615,38.475,38.495,27527487,38.875,-0.82037996545769,INTC
2018-02-22,38.695,39.115,38.175,38.355,16946353,38.495,-0.30474531998259,INTC
2018-02-23,38.895,40.345,38.86,40.285,26040911,38.355,4.2139737991266,INTC
2018-02-26,40.755,41.685,40.655,41.665,26992306,40.285,2.8912633563796,INTC
2018-02-27,41.925,43.455,41.865,42.465,43624077,41.665,1.6289961311342,INTC
2018-02-28,42.735,42.895,41.835,41.845,35541183,42.465,-1.2422360248447,INTC
2018-03-01,42.055,42.27,40.025,40.395,36326639,41.845,-2.9417731791438,INTC
2018-03-02,39.755,41.605,39.515,41.535,33310592,40.395,2.3829431438127,INTC
2018-03-05,41.125,42.35,40.596,42.305,30826521,41.535,1.5720702327481,INTC
2018-03-06,42.715,43.885,42.705,43.265,39132300,42.305,1.929648241206,INTC
2018-03-07,42.735,44.04,42.655,43.875,31801943,43.265,1.2029185564977,INTC
2018-03-08,44.345,44.635,43.025,43.295,29481157,43.875,-1.1301636788776,INTC
2018-03-09,43.825,44.855,43.555,44.745,32727914,43.295,2.8577059519117,INTC
2018-03-12,44.415,44.505,43.055,44.075,32044382,44.745,-1.2837708373251,INTC
2018-03-13,45.075,46.335,43.945,44.335,45573922,44.075,0.50465838509316,INTC
2018-03-14,44.615,44.73,43.865,44.415,24993502,44.335,0.15449980687524,INTC
2018-03-15,44.785,44.855,43.435,43.435,25631228,44.415,-1.8897030466641,INTC
2018-03-16,43.725,44.255,43.545,43.725,42559810,43.435,0.56996855345912,INTC
2018-03-19,43.295,43.785,42.485,43.385,31114023,43.725,-0.66445182724253,INTC
2018-03-20,43.435,44.365,43.405,44.105,22214951,43.385,1.4164863269723,INTC
2018-03-21,44.105,44.725,43.725,44.115,23234546,44.105,0.019398642095063,INTC
2018-03-22,43.295,44.515,43.155,43.385,30915970,44.115,-1.4158262218774,INTC
2018-03-23,43.145,43.545,41.915,41.915,37683871,43.385,-2.8919929175684,INTC
2018-03-26,43.295,45.045,42.875,45.035,39306227,41.915,6.320907617504,INTC
2018-03-27,45.565,45.805,43.335,43.745,38777042,45.035,-2.4580792682927,INTC
2018-03-28,43.055,43.255,41.565,42.155,37970859,43.745,-3.1060754053526,INTC
2018-03-29,42.535,44.635,42.425,44.635,45265805,42.155,5.0,INTC
2018-04-02,44.245,44.595,39.845,41.475,67187824,44.635,-6.0675883256528,INTC
2018-04-03,41.555,42.515,40.965,42.305,39432360,41.475,1.6966475878986,INTC
2018-04-04,40.655,42.715,40.565,42.545,30370046,42.305,0.48241206030151,INTC
2018-04-05,42.565,43.275,42.525,42.935,25115351,42.545,0.78015603120624,INTC
2018-04-06,42.345,42.955,41.055,41.345,28215164,42.935,-3.1560142913855,INTC
2018-04-09,41.715,43.665,41.715,42.105,31436989,41.345,1.5576962492314,INTC
2018-04-10,43.675,44.045,42.895,43.825,26417762,42.105,3.4712411705348,INTC
2018-04-11,43.545,44.285,43.375,43.655,17568432,43.825,-0.33157792081139,INTC
2018-04-12,44.045,45.824,44.005,45.275,29781357,43.655,3.1702544031311,INTC
2018-04-13,45.615,45.765,44.155,44.415,20884874,45.275,-1.6312594840668,INTC
2018-04-16,44.845,45.085,44.345,44.955,18855458,44.415,1.0412649440802,INTC
2018-04-17,45.465,46.255,45.445,46.095,21228696,44.955,2.175572519084,INTC
2018-04-18,46.075,46.91,45.895,46.165,22163606,46.095,0.13074336944341,INTC
2018-04-19,45.505,45.515,44.165,44.775,25422376,46.165,-2.5927998507741,INTC
2018-04-20,44.725,44.835,43.435,44.085,26910093,44.775,-1.3213328226733,INTC
2018-04-23,44.244,44.445,43.405,43.655,21706733,44.085,-0.83446535998447,INTC
2018-04-24,44.425,46.195,43.695,44.005,42494668,43.655,0.68493150684932,INTC
2018-04-25,44.415,44.655,43.155,43.935,25752805,44.005,-0.13605442176871,INTC
2018-04-26,44.815,45.825,44.625,45.605,39575029,43.935,3.25029194239,INTC
2018-04-27,47.995,48.345,44.785,45.285,69888148,45.605,-0.60320452403393,INTC
2018-04-30,45.115,45.925,43.765,44.175,36385929,45.285,-2.1050635311967,INTC
2018-05-01,44.195,45.975,43.995,45.885,27600758,44.175,3.3126695079427,INTC
2018-05-02,45.645,45.755,44.705,44.865,25778328,45.885,-1.9126195387212,INTC
2018-05-03,44.445,45.115,43.765,44.835,28560967,44.865,-0.057350411011281,INTC
2018-05-04,44.475,45.695,43.855,45.635,25642474,44.835,0.95638867635807,INTC
2018-05-07,45.715,46.435,45.685,46.185,20285746,45.635,1.042061386889,INTC
2018-05-08,46.15,46.485,45.655,46.485,21026793,46.185,0.56253515844741,INTC
2018-05-09,46.615,47.225,46.045,47.195,19827532,46.485,1.323885884766,INTC
2018-05-10,47.405,47.855,46.955,47.835,18715910,47.195,1.1777695988222,INTC
2018-05-11,47.475,48.045,47.285,47.525,15405004,47.835,-0.56384139687158,INTC
2018-05-14,47.625,48.095,47.595,47.755,21878199,47.525,0.42070605450887,INTC
2018-05-15,47.435,47.605,46.415,46.775,21712649,47.755,-1.7850637522769,INTC
2018-05-16,47.025,47.555,46.81,47.495,16260459,46.775,1.3353115727003,INTC
2018-05-17,47.405,48.295,47.275,47.665,16872598,47.495,0.31112737920937,INTC
2018-05-18,47.385,47.395,46.325,46.355,23679944,47.665,-2.3900748038679,INTC
2018-05-21,47.215,48.075,46.715,47.175,25367377,46.355,1.5327102803738,INTC
2018-05-22,47.585,47.905,46.905,47.305,19009588,47.175,0.23932253313697,INTC
2018-05-23,46.855,48.085,46.695,48.065,20555425,47.305,1.3957759412305,INTC
2018-05-24,48.035,48.155,46.985,47.605,19667095,48.065,-0.83318239449375,INTC
2018-05-25,47.655,48.355,47.395,48.295,18549989,47.605,1.2602739726027,INTC
2018-05-29,47.975,48.665,47.665,48.175,24253509,48.295,-0.21645021645021,INTC
2018-05-30,48.745,49.055,48.47,48.535,24711519,48.175,0.65075921908894,INTC
2018-05-31,48.525,48.715,47.915,48.055,30962105,48.535,-0.86206896551724,INTC
2018-06-01,48.695,49.955,48.655,49.935,31183166,48.055,3.4057971014493,INTC
2018-06-04,49.865,50.455,49.63,49.685,22538053,49.935,-0.43798177995795,INTC
2018-06-05,49.755,49.975,49.07,49.385,21687019,49.685,-0.52789019883864,INTC
2018-06-06,49.385,49.915,48.935,49.885,22955355,49.385,0.88448611356802,INTC
2018-06-07,49.775,49.855,48.475,48.735,27596110,49.885,-2.0164825530423,INTC
2018-06-08,48.415,48.555,47.515,47.905,30822854,48.735,-1.4853256979241,INTC
2018-06-11,47.655,47.945,47.115,47.375,25752361,47.905,-0.96276112624885,INTC
2018-06-12,47.725,47.885,47.075,47.675,23294943,47.375,0.55025678650036,INTC
2018-06-13,47.835,48.555,47.765,47.885,22631436,47.675,0.38307187157972,INTC
2018-06-14,48.305,48.715,48.035,48.395,23419829,47.885,0.92676721788115,INTC
2018-06-15,48.025,48.235,47.435,47.965,39194688,48.395,-0.7742167806986,INTC
2018-06-18,47.155,47.155,45.195,46.075,40764444,47.965,-3.4295046271094,INTC
2018-06-19,44.995,45.805,44.735,45.785,31780850,46.075,-0.54490792934987,INTC
2018-06-20,46.045,46.6,45.545,46.315,21403035,45.785,1.001322501417,INTC
2018-06-21,47.235,47.385,44.795,45.045,44435555,46.315,-2.3756079311635,INTC
2018-06-22,45.475,45.945,45.155,45.355,34682074,45.045,0.59398352174747,INTC
2018-06-25,44.025,44.605,42.765,43.565,45356466,45.355,-3.4095238095238,INTC
2018-06-26,42.805,43.265,42.215,42.525,37543003,43.565,-2.050877538947,INTC
2018-06-27,42.195,42.915,41.605,41.615,33338795,42.525,-1.8320918059191,INTC
2018-06-28,41.435,42.345,41.355,42.105,29055690,41.615,1.0049220672683,INTC
2018-06-29,42.385,42.965,42.355,42.565,28906523,42.105,0.93401015228427,INTC
2018-07-02,41.895,43.125,41.685,43.055,23755548,42.565,0.98571715952525,INTC
2018-07-03,43.435,43.715,42.285,42.325,16327904,43.055,-1.4541832669323,INTC
2018-07-05,42.835,43.815,42.605,43.605,26163528,42.325,2.5874267232666,INTC
2018-07-06,43.625,44.355,43.255,44.225,19968048,43.605,1.2216748768473,INTC
2018-07-09,44.495,44.745,43.855,44.715,21361609,44.225,0.95386412302901,INTC
2018-07-10,44.955,45.115,44.695,45.015,17362901,44.715,0.578480524489,INTC
2018-07-11,44.545,44.725,44.045,44.055,18665554,45.015,-1.840490797546,INTC
2018-07-12,44.905,45.335,44.585,45.205,20292712,44.055,2.24609375,INTC
2018-07-13,45.255,45.275,44.615,45.075,13750255,45.205,-0.24832855778415,INTC
2018-07-16,45.005,45.175,44.725,44.865,15951549,45.075,-0.40214477211796,INTC
2018-07-17,43.905,44.734,43.865,44.605,15754472,44.865,-0.49990386464141,INTC
2018-07-18,44.725,44.825,44.32,44.575,14649019,44.605,-0.057971014492756,INTC
2018-07-19,44.455,44.865,43.905,44.835,15954636,44.575,0.50270688321732,INTC
2018-07-20,44.685,44.925,44.185,44.765,17387554,44.835,-0.13466717968449,INTC
2018-07-23,44.625,45.35,44.185,45.165,15945470,44.765,0.77056443845118,INTC
2018-07-24,45.615,46.155,44.93,44.965,17788677,45.165,-0.38233607340853,INTC
2018-07-25,45.065,45.305,43.945,45.285,19892991,44.965,0.61408558817885,INTC
2018-07-26,45.305,46.035,44.725,45.015,28282484,45.285,-0.51497234407782,INTC
2018-07-27,41.615,42.055,40.335,40.535,67816656,45.015,-8.5889570552147,INTC
2018-07-30,40.485,40.845,39.285,40.545,35696572,40.535,0.020973154362412,INTC
2018-07-31,41.095,41.531,40.545,40.955,36581201,40.545,0.8597190186622,INTC
2018-08-01,40.91,41.765,40.855,41.665,28060679,40.955,1.4760914760915,INTC
2018-08-02,41.355,42.375,41.055,42.335,26452493,41.665,1.3726695349314,INTC
2018-08-03,42.355,42.635,42.025,42.485,22008160,42.335,0.30315278900567,INTC
2018-08-06,41.925,42.465,41.475,42.455,26669005,42.485,-0.66492041104172,INTC
2018-08-07,42.585,42.985,42.565,42.855,28322714,42.455,0.81135902636918,INTC
2018-08-08,42.755,43.285,42.595,43.115,21997841,42.855,0.52313883299798,INTC
2018-08-09,43.015,43.755,42.875,43.295,23795628,43.115,0.36028823058447,INTC
2018-08-10,41.665,42.325,41.455,42.005,28712389,43.295,-2.572796170722,INTC
2018-08-13,42.075,42.395,41.535,41.605,17070585,42.005,-0.81883316274309,INTC
2018-08-14,41.825,41.915,40.805,41.275,23061591,41.605,-0.6811145510836,INTC
2018-08-15,40.935,41.155,40.055,40.615,26739870,41.275,-1.3715710723192,INTC
2018-08-16,40.905,41.105,40.205,40.325,24358040,40.615,-0.6110408765276,INTC
2018-08-17,40.155,40.545,39.485,40.255,26381992,40.325,-0.14839940640237,INTC
2018-08-20,40.205,40.275,39.345,39.655,24334042,40.255,-1.2738853503185,INTC
2018-08-21,39.815,41.005,39.795,40.775,19254336,39.655,2.4086021505376,INTC
2018-08-22,40.405,40.505,40.075,40.205,23182485,40.775,-1.1969760604788,INTC
2018-08-23,40.015,40.325,39.865,40.135,31343206,40.205,-0.14877789585547,INTC
2018-08-24,40.445,41.045,40.235,40.815,18214708,40.135,1.4474244359302,INTC
2018-08-27,41.155,41.545,40.785,41.505,17170257,40.815,1.4477549307596,INTC
2018-08-28,41.705,41.945,41.465,41.725,13472427,41.505,0.45501551189245,INTC
2018-08-29,41.855,42.015,41.555,41.905,13479099,41.725,0.37059913526868,INTC
2018-08-30,41.675,41.985,41.245,41.395,16418812,41.905,-1.0461538461538,INTC
2018-08-31,41.115,41.715,41.075,41.585,16483981,41.395,0.39386401326699,INTC
2018-09-04,41.535,41.582,40.715,41.115,15682894,41.585,-0.97047284740863,INTC
2018-09-05,40.905,41.275,40.625,40.875,20857150,41.115,-0.50041701417849,INTC
2018-09-06,40.915,41.115,40.365,40.415,19318129,40.875,-0.9639564124057,INTC
2018-09-07,40.065,40.635,39.515,39.605,25958345,40.415,-1.7139229792636,INTC
2018-09-10,39.715,39.915,39.385,39.455,21522362,39.605,-0.32292787944027,INTC
2018-09-11,39.155,39.185,38.045,38.085,32455320,39.455,-2.9589632829374,INTC
2018-09-12,37.715,38.135,37.215,38.085,29778722,38.085,0.0,INTC
2018-09-13,38.835,39.005,38.265,38.725,18657116,38.085,1.4244380146895,INTC
2018-09-14,38.935,39.12,38.505,38.695,22998666,38.725,-0.065832784726796,INTC
2018-09-17,38.445,39.055,38.345,38.575,17603171,38.695,-0.26350461133069,INTC
2018-09-18,38.735,39.685,38.565,39.255,20528084,38.575,1.4971378247468,INTC
2018-09-19,39.245,39.595,39.045,39.305,15918914,39.255,0.10845986984815,INTC
2018-09-20,39.935,40.515,39.675,40.355,21999267,39.305,2.2751895991333,INTC
2018-09-21,40.275,40.574,39.525,39.815,52650601,40.355,-1.1440677966102,INTC
2018-09-24,39.465,40.155,39.305,40.065,17846994,39.815,0.53579082726104,INTC
2018-09-25,39.375,39.545,38.955,39.065,23389874,40.065,-2.1317416329141,INTC
2018-09-26,39.195,39.455,38.735,38.855,23957663,39.065,-0.45741668481811,INTC
2018-09-27,39.065,39.32,38.885,39.035,15415535,38.855,0.39387308533917,INTC
2018-09-28,38.775,40.905,38.615,40.445,46223464,39.035,3.0732345248474,INTC
2018-10-01,39.945,40.375,39.355,39.605,23797630,40.445,-1.7762740537111,INTC
2018-10-02,40.665,42.035,40.475,41.255,42121090,39.605,3.5522066738428,INTC
2018-10-03,41.775,42.875,41.715,41.915,39211946,41.255,1.3721413721414,INTC
2018-10-04,41.995,42.015,40.775,41.285,30108253,41.915,-1.2920426579163,INTC
2018-10-05,41.385,41.495,39.815,40.185,28901448,41.285,-2.2854768335757,INTC
2018-10-08,40.115,40.505,39.675,40.185,19376820,40.185,0.0,INTC
2018-10-09,40.335,40.775,39.695,39.705,23285714,40.185,-1.0206251328939,INTC
2018-10-10,39.215,39.275,37.955,37.955,43109488,39.705,-3.7593984962406,INTC
2018-10-11,38.305,38.765,36.885,37.385,43648820,37.955,-1.2723214285714,INTC
2018-10-12,38.425,38.498,37.385,38.035,32087385,37.385,1.4695907754918,INTC
2018-10-15,37.785,38.295,37.595,37.685,21632953,38.035,-0.77985739750446,INTC
2018-10-16,38.055,39.165,37.98,39.095,21471984,37.685,3.1664046710083,INTC
2018-10-17,39.155,39.485,38.695,39.045,23124370,39.095,-0.10883761427949,INTC
2018-10-18,38.805,38.905,37.985,38.125,26638830,39.045,-2.0047940727827,INTC
2018-10-19,38.175,38.335,37.015,37.155,28368505,38.125,-2.1569935512564,INTC
2018-10-22,37.655,38.495,37.255,38.165,34508833,37.155,2.2954545454545,INTC
2018-10-23,37.335,38.245,37.065,37.655,38590347,38.165,-1.1330815374361,INTC
2018-10-24,37.315,37.515,35.515,35.575,33631803,37.655,-4.6741573033708,INTC
2018-10-25,36.695,38.095,36.435,37.465,48255281,35.575,4.4554455445545,INTC
2018-10-26,38.745,39.595,37.855,38.845,67280359,37.465,3.1144211238998,INTC
2018-10-29,39.655,39.905,37.595,38.555,35732223,38.845,-0.63471219085139,INTC
2018-10-30,38.685,41.035,38.615,40.915,43975214,38.555,5.1982378854626,INTC
2018-10-31,41.445,41.715,39.985,40.035,33369091,40.915,-1.8425460636516,INTC
2018-11-01,40.105,41.625,40.015,41.375,28335329,40.035,2.858361774744,INTC
2018-11-02,41.285,41.405,39.905,40.265,30759786,41.375,-2.3019493985898,INTC
2018-11-05,40.495,41.405,40.075,41.125,23751221,40.265,1.8255147527064,INTC
2018-11-06,41.255,41.375,40.485,40.705,23839582,41.125,-1.5009380863039,INTC
2018-11-07,41.085,42.205,41.045,42.175,29913193,40.705,3.1111111111111,INTC
2018-11-08,41.945,42.745,41.915,42.445,26581744,42.175,0.55418719211823,INTC
2018-11-09,42.245,42.48,41.325,41.565,21761447,42.445,-1.7962849561135,INTC
2018-11-12,41.165,41.255,40.055,40.105,24412843,41.565,-3.0347121180628,INTC
2018-11-13,40.445,41.705,40.445,40.845,29315924,40.105,1.5862808145766,INTC
2018-11-14,41.305,41.42,40.345,40.545,25632731,40.845,-0.63304494619117,INTC
2018-11-15,40.465,41.695,40.175,41.565,29580992,40.545,2.1660649819494,INTC
2018-11-16,41.225,42.505,41.145,42.285,31670572,41.565,1.4965703595926,INTC
2018-11-19,42.065,42.605,41.235,41.455,26859030,42.285,-1.6997747286504,INTC
2018-11-20,40.855,41.575,40.545,40.845,29200847,41.455,-1.2708333333333,INTC
2018-11-21,41.305,41.335,40.475,40.485,19011435,40.845,-0.75965393542941,INTC
2018-11-23,40.145,40.525,39.975,39.995,8906879,40.485,-1.0418881564959,INTC
2018-11-26,40.725,40.915,40.155,40.905,20723037,39.995,1.9553072625698,INTC
2018-11-27,40.395,41.675,40.045,41.525,27621025,40.905,1.3066385669125,INTC
2018-11-28,41.39,42.335,41.105,42.315,28003222,41.525,1.6434366548783,INTC
2018-11-29,41.945,42.015,41.085,41.155,23592512,42.315,-2.3741301678264,INTC
2018-11-30,41.405,42.775,41.015,42.765,43312603,41.155,3.3752620545073,INTC
2018-12-03,43.455,43.95,42.985,43.585,30866818,42.765,1.6629486919489,INTC
2018-12-04,42.975,43.055,41.13,41.205,35397722,43.585,-4.7476560941552,INTC
2018-12-06,40.255,41.845,39.975,41.825,31661749,41.205,1.2984293193717,INTC
2018-12-07,41.395,41.515,39.685,39.695,34016375,41.825,-4.4035559230928,INTC
2018-12-10,39.735,40.915,39.465,40.665,23289000,39.695,2.0977508650519,INTC
2018-12-11,41.355,42.045,40.585,40.835,23850962,40.665,0.3600932005931,INTC
2018-12-12,42.035,42.095,40.865,41.285,31305045,40.835,0.94976783452933,INTC
2018-12-13,41.715,42.035,41.31,41.745,19525963,41.285,0.9617394940414,INTC
2018-12-14,41.345,42.215,41.305,41.315,26372077,41.745,-0.89045351004349,INTC
2018-12-17,41.315,41.865,40.115,40.535,26598676,41.315,-1.6297534475554,INTC
2018-12-18,40.925,41.905,40.815,41.195,29014290,40.535,1.4018691588785,INTC
2018-12-19,40.945,41.185,38.835,39.025,39717559,41.195,-4.5454545454545,INTC
2018-12-20,38.865,39.765,38.465,38.995,37750948,39.025,-0.065832784726796,INTC
2018-12-21,39.205,40.105,38.255,38.295,52767741,38.995,-1.5371102327624,INTC
2018-12-24,38.085,38.625,36.995,37.045,19241563,38.295,-2.7876895628903,INTC
2018-12-26,37.455,39.655,36.965,39.645,28677632,37.045,5.9646707960541,INTC
2018-12-27,39.075,39.835,38.125,39.815,29970725,39.645,0.36804503139208,INTC
2018-12-28,39.965,41.195,39.755,40.205,24729695,39.815,0.84124245038827,INTC
2018-12-31,40.545,40.935,40.005,40.385,20490405,40.205,0.38502673796791,INTC
2019-01-02,39.415,40.925,39.225,40.535,18774573,40.385,0.31962497336458,INTC
2019-01-03,39.605,39.735,37.845,37.945,32267297,40.535,-5.5012744265081,INTC
2019-01-04,39.29,41.025,38.995,40.675,35447286,37.945,6.136210384356,INTC
2019-01-07,40.555,41.45,40.205,40.895,22736796,40.675,0.46590427784837,INTC
2019-01-08,41.255,41.485,40.235,41.195,22749206,40.895,0.63237774030355,INTC
2019-01-09,41.415,42.025,41.235,41.465,22554525,41.195,0.56556346878927,INTC
2019-01-10,41.205,42.105,40.865,42.015,27202575,41.465,1.1455946677776,INTC
2019-01-11,41.555,42.746,41.505,42.385,21751291,42.015,0.76194398682042,INTC
2019-01-14,41.915,42.285,41.755,41.805,19193910,42.385,-1.1853668506029,INTC
2019-01-15,42.165,42.585,41.895,42.055,22480820,41.805,0.51706308169597,INTC
2019-01-16,42.055,42.345,41.535,41.585,19057707,42.055,-0.96707818930041,INTC
2019-01-17,41.455,42.295,41.36,41.925,17448657,41.585,0.70642011219613,INTC
2019-01-18,42.565,42.835,42.145,42.645,29874317,41.925,1.4854549205694,INTC
2019-01-22,42.415,42.435,41.325,41.725,25940722,42.645,-1.8702988412279,INTC
2019-01-23,41.865,42.255,40.975,41.395,18960709,41.725,-0.6836544437539,INTC
2019-01-24,42.155,43.49,42.055,43.215,50578269,41.395,3.796412181894,INTC
2019-01-25,40.305,40.885,39.205,40.495,86471848,43.215,-5.4662379421222,INTC
2019-01-28,39.585,40.185,39.505,40.165,35928704,40.495,-0.70153061224489,INTC
2019-01-29,40.235,40.425,39.785,39.995,20988342,40.165,-0.3639477627917,INTC
2019-01-30,40.135,41.135,39.905,40.995,26931676,39.995,2.1486892995273,INTC
2019-01-31,40.155,40.635,39.555,40.575,43051306,40.995,-0.88346655448044,INTC
2019-02-01,40.515,42.505,40.465,42.185,37442926,40.575,3.4168081494058,INTC
2019-02-04,42.075,42.695,41.695,42.675,20905010,42.185,1.0055407346604,INTC
2019-02-05,42.635,44.171,42.635,43.465,31641570,42.675,1.6050386021942,INTC
2019-02-06,43.72,44.41,43.59,43.67,21647843,43.465,-0.21995600879824,INTC
2019-02-07,43.27,43.62,42.45,43.0,27825875,43.67,-1.3426853707415,INTC
2019-02-08,42.54,42.79,41.78,42.61,18851208,43.0,-0.79219987812308,INTC
2019-02-11,42.79,43.09,42.35,42.54,18004088,42.61,-0.14332514332514,INTC
2019-02-12,43.13,43.91,43.04,43.78,18050058,42.54,2.5425466475292,INTC
2019-02-13,43.9,44.58,43.77,44.24,17712782,43.78,0.91981603679264,INTC
2019-02-14,44.18,44.81,44.12,44.58,17545365,44.24,0.67366752526254,INTC
2019-02-15,45.02,45.44,44.86,45.43,22520361,44.58,1.6728990356229,INTC
2019-02-19,45.12,45.48,45.11,45.17,15611772,45.43,-0.50329074719318,INTC
2019-02-20,45.4,45.5,44.83,45.16,21607726,45.17,-0.019455252918284,INTC
2019-02-21,45.09,45.61,44.98,45.18,16162142,45.16,0.038918077446966,INTC
2019-02-22,46.47,46.745,45.825,46.26,31934146,45.18,2.1007586072749,INTC
2019-02-25,46.83,47.38,46.63,46.87,20711750,46.26,1.1621261192608,INTC
2019-02-26,46.78,47.14,46.68,47.0,16082213,46.87,0.24482109227871,INTC
2019-02-27,46.53,47.15,46.28,47.01,17590309,47.0,0.018786398647389,INTC
2019-02-28,46.69,46.95,46.58,46.73,18388820,47.01,-0.52592036063111,INTC
2019-03-01,47.21,47.45,46.66,47.07,18359325,46.73,0.64199395770392,INTC
2019-03-04,47.52,47.87,46.975,47.71,21706135,47.07,1.2007504690432,INTC
2019-03-05,47.62,47.76,46.88,47.45,21057745,47.71,-0.48201705598813,INTC
2019-03-06,47.4,47.42,46.71,46.72,14740525,47.45,-1.3599105812221,INTC
2019-03-07,46.54,46.755,46.13,46.37,17803407,46.72,-0.66100094428707,INTC
2019-03-08,45.74,46.33,45.47,46.25,16793891,46.37,-0.22813688212929,INTC
2019-03-11,46.65,47.42,46.34,47.12,18962954,46.25,1.6577743902439,INTC
2019-03-12,47.11,47.73,46.945,47.34,20782077,47.12,0.41237113402062,INTC
2019-03-13,47.77,48.34,47.42,48.14,25522312,47.34,1.4933731566175,INTC
2019-03-14,48.07,48.22,47.1,47.21,26647060,48.14,-1.710502115137,INTC
2019-03-15,47.45,48.46,47.45,48.1,46485239,47.21,1.6654191616766,INTC
2019-03-18,48.19,48.275,47.64,47.87,16273986,48.1,-0.42333885514448,INTC
2019-03-19,48.24,48.415,47.77,47.94,18274766,47.87,0.12939001848429,INTC
2019-03-20,47.83,48.17,47.38,47.59,24325283,47.94,-0.64611408528706,INTC
2019-03-21,47.69,48.76,47.61,48.41,19127216,47.59,1.5235971757711,INTC
2019-03-22,48.17,48.385,46.98,47.03,21438435,48.41,-2.5256222547584,INTC
2019-03-25,46.74,47.315,46.145,46.55,16971406,47.03,-0.90123920390536,INTC
2019-03-26,47.09,47.54,46.81,47.21,17724346,46.55,1.2504736642668,INTC
2019-03-27,47.36,47.63,46.71,46.93,19655973,47.21,-0.52395209580839,INTC
2019-03-28,47.02,47.21,46.54,46.88,13607888,46.93,-0.094055680963125,INTC
2019-03-29,47.57,47.81,47.25,47.47,18736074,46.88,1.1109019017134,INTC
2019-04-01,48.11,48.34,47.87,48.28,17830437,47.47,1.5083798882681,INTC
2019-04-02,48.33,48.57,47.995,48.13,13704511,48.28,-0.27517886626307,INTC
2019-04-03,48.8,49.76,48.66,49.25,24552838,48.13,2.0603384841795,INTC
2019-04-04,49.04,49.91,49.04,49.69,16520453,49.25,0.79307858687816,INTC
2019-04-05,49.52,49.72,48.64,49.37,19268396,49.69,-0.5722460658083,INTC
2019-04-08,49.05,49.51,48.97,49.45,11758823,49.37,0.14388489208633,INTC
2019-04-09,49.12,49.2,48.67,49.09,13339677,49.45,-0.64655172413793,INTC
2019-04-10,49.09,49.63,49.09,49.52,13084042,49.09,0.77729573391179,INTC
2019-04-11,49.53,49.84,49.4,49.57,10845819,49.52,0.089686098654703,INTC
2019-04-12,49.98,50.26,49.61,50.19,12910185,49.57,1.1111111111111,INTC
2019-04-15,50.23,50.325,49.69,50.05,11676910,50.19,-0.24813895781638,INTC
2019-04-16,50.43,51.24,49.84,50.48,30301933,50.05,0.76403695806681,INTC
2019-04-17,52.21,53.36,51.89,52.33,38788448,50.48,3.2622112502204,INTC
2019-04-18,52.48,52.65,51.894,52.26,20464197,52.33,-0.11953551912568,INTC
2019-04-22,51.92,52.6,51.65,52.59,12327484,52.26,0.5641990083775,INTC
2019-04-23,52.66,52.75,52.27,52.55,17739929,52.59,-0.068004080244813,INTC
2019-04-24,52.29,53.06,51.91,52.49,17723745,52.55,-0.10207553589657,INTC
2019-04-25,52.07,52.15,51.0,51.38,27949926,52.49,-1.8903269754768,INTC
2019-04-26,46.51,46.86,45.29,46.2,72364512,51.38,-8.9914945321993,INTC
2019-04-29,45.94,46.2,44.77,44.88,42142301,46.2,-2.5176425710471,INTC
2019-04-30,44.77,45.2,44.64,44.81,27130855,44.88,-0.13695949911955,INTC
2019-05-01,44.87,45.37,44.51,44.53,20467582,44.81,-0.54858934169279,INTC
2019-05-02,44.57,45.095,43.89,44.32,22655397,44.53,-0.41371158392435,INTC
2019-05-03,44.85,45.59,44.5,45.52,25656641,44.32,2.3738872403561,INTC
2019-05-06,44.335,45.365,44.275,45.305,26245240,45.52,-1.024154589372,INTC
2019-05-07,44.685,44.965,44.015,44.565,29713382,45.305,-1.4447481452558,INTC
2019-05-08,44.285,44.875,43.155,43.325,36812429,44.565,-2.4564183835182,INTC
2019-05-09,41.985,42.375,40.135,40.705,59642160,43.325,-5.3208773354996,INTC
2019-05-10,40.525,40.885,39.185,40.285,42522778,40.705,-0.90090090090089,INTC
2019-05-13,39.415,39.725,38.785,38.845,39091928,40.285,-3.1168831168831,INTC
2019-05-14,39.265,39.57,38.955,39.255,24706458,38.845,0.91599642537981,INTC
2019-05-15,39.005,39.835,38.845,39.705,23407893,39.255,0.99623644011511,INTC
2019-05-16,39.555,40.035,39.505,39.615,19954653,39.705,-0.19728189390617,INTC
2019-05-17,39.265,39.815,38.849,38.975,22500360,39.615,-1.4056665934549,INTC
2019-05-20,38.085,38.605,37.539,37.645,28674965,38.975,-2.9627979505458,INTC
2019-05-21,38.425,38.865,38.26,38.545,25543371,37.645,2.0661157024793,INTC
2019-05-22,38.235,38.545,37.93,38.085,16932520,38.545,-1.0346378767431,INTC
2019-05-23,37.455,38.825,36.945,38.615,35783928,38.085,1.2045454545455,INTC
2019-05-24,38.675,39.135,38.575,38.655,27168066,38.615,0.089827082865482,INTC
2019-05-28,38.745,38.775,37.385,37.655,34779863,38.655,-2.2436616558223,INTC
2019-05-29,37.435,38.615,37.418,38.315,28450341,37.655,1.5148037640578,INTC
2019-05-30,38.385,39.115,38.315,38.815,21618859,38.315,1.130454442686,INTC
2019-05-31,38.265,38.875,38.015,38.125,25532529,38.815,-1.5425888665325,INTC
2019-06-03,38.335,38.67,37.285,37.545,31155678,38.125,-1.3169845594914,INTC
2019-06-04,38.245,38.94,37.855,38.875,28094917,37.545,3.0602853198343,INTC
2019-06-05,39.195,39.265,38.275,38.635,20802012,38.875,-0.53583389149364,INTC
2019-06-06,38.835,39.255,38.59,39.185,19076170,38.635,1.2345679012346,INTC
2019-06-07,39.335,40.205,39.185,40.115,24370253,39.185,2.0620842572062,INTC
2019-06-10,40.315,41.275,40.285,40.885,20806083,40.115,1.6728220725614,INTC
2019-06-11,41.345,41.405,40.605,40.935,18415495,40.885,0.10683760683762,INTC
2019-06-12,40.755,40.755,40.335,40.405,15900569,40.935,-1.1312700106724,INTC
2019-06-13,40.685,41.04,40.615,40.785,12267633,40.405,0.82037996545769,INTC
2019-06-14,39.915,40.505,39.631,40.275,15381077,40.785,-1.0920770877944,INTC
2019-06-17,40.225,40.615,39.885,40.215,12643343,40.275,-0.12989824637366,INTC
2019-06-18,40.835,42.085,40.685,41.455,25732293,40.215,2.6880554953392,INTC
2019-06-19,41.565,41.665,41.085,41.155,17436381,41.455,-0.6333122229259,INTC
2019-06-20,41.955,42.135,40.955,41.275,20126780,41.155,0.25493945188017,INTC
2019-06-21,41.035,41.815,40.885,41.545,31096251,41.275,0.57215511760967,INTC
2019-06-24,41.485,41.931,41.255,41.715,14479942,41.545,0.35819637589549,INTC
2019-06-25,41.645,41.765,40.885,40.935,16665577,41.715,-1.6376233466303,INTC
2019-06-26,41.735,42.565,41.645,42.275,21886309,40.935,2.8601921024546,INTC
2019-06-27,42.235,42.505,41.325,41.545,23062947,42.275,-1.5148371031334,INTC
2019-06-28,41.855,42.285,41.765,41.955,26646183,41.545,0.86388537715971,INTC
2019-07-01,43.375,43.535,41.83,42.135,27505447,41.955,0.37601838312095,INTC
2019-07-02,41.995,42.305,41.775,42.205,15384686,42.135,0.14568158168574,INTC
2019-07-03,42.265,42.645,42.08,42.605,10739100,42.205,0.83125519534498,INTC
2019-07-05,42.115,42.26,41.525,42.165,14339228,42.605,-0.90684253915912,INTC
2019-07-08,41.705,42.035,41.155,41.905,16564291,42.165,-0.54076539101497,INTC
2019-07-09,41.445,41.885,41.215,41.835,17853185,41.905,-0.14638226683396,INTC
2019-07-10,42.005,42.695,41.985,42.295,16032269,41.835,0.96335078534032,INTC
2019-07-11,42.645,42.865,42.395,42.685,16615082,42.295,0.80896079651525,INTC
2019-07-12,43.085,44.015,42.895,44.005,20148730,42.685,2.716049382716,INTC
2019-07-15,44.085,44.335,43.854,44.205,14345082,44.005,0.40064102564102,INTC
2019-07-16,43.995,44.085,43.045,43.255,17131368,44.205,-1.8954509177973,INTC
2019-07-17,43.585,43.785,43.325,43.475,11928605,43.255,0.44742729306487,INTC
2019-07-18,43.365,44.075,42.975,44.025,15679636,43.475,1.1135857461024,INTC
2019-07-19,44.045,44.745,43.995,44.355,29141087,44.025,0.66079295154186,INTC
2019-07-22,44.09,45.6,43.975,45.435,21686529,44.355,2.1483986473046,INTC
2019-07-23,46.085,46.085,45.385,45.835,18413520,45.435,0.77896786757546,INTC
2019-07-24,46.065,47.055,45.885,47.005,20896369,45.835,2.2608695652174,INTC
2019-07-25,46.595,46.685,45.965,46.245,27765432,47.005,-1.4361300075586,INTC
2019-07-26,46.775,47.585,45.615,45.675,36401545,46.245,-1.0927914110429,INTC
2019-07-29,45.615,46.645,44.865,46.595,21897455,45.675,1.7832913355301,INTC
2019-07-30,45.795,46.395,45.645,45.785,16487692,46.595,-1.5425633212721,INTC
2019-07-31,45.595,45.805,44.135,44.635,24169751,45.785,-2.2243713733076,INTC
2019-08-01,44.605,45.975,43.555,43.585,34020779,44.635,-2.0771513353116,INTC
2019-08-02,43.175,43.445,42.585,42.765,27881620,43.585,-1.6565656565657,INTC
2019-08-05,41.845,42.045,40.655,41.055,38936649,42.765,-3.5127362366475,INTC
2019-08-06,41.55,41.96,41.165,41.36,26119563,41.055,-0.021290185224607,INTC
2019-08-07,40.7,41.28,40.37,41.13,29440393,41.36,-0.48977853492335,INTC
2019-08-08,40.56,41.765,40.31,41.57,30643740,41.13,0.94157928525573,INTC
2019-08-09,41.34,41.4,40.18,40.38,24975455,41.57,-2.5227899088404,INTC
2019-08-12,40.16,40.47,39.84,40.0,18494298,40.38,-0.82644628099173,INTC
2019-08-13,39.89,41.445,39.76,41.24,29374656,40.0,2.719298245614,INTC
2019-08-14,40.46,41.025,40.05,40.27,25650218,41.24,-2.0708795900939,INTC
2019-08-15,40.5,40.58,39.835,40.1,21992683,40.27,-0.37061260082842,INTC
2019-08-16,40.74,41.08,40.46,40.9,23335693,40.1,1.7505470459519,INTC
2019-08-19,41.86,42.0,41.44,41.63,21404916,40.9,1.5698924731183,INTC
2019-08-20,41.43,41.52,40.86,41.0,23115324,41.63,-1.3338979462206,INTC
2019-08-21,41.51,41.69,41.29,41.55,15915801,41.0,1.1802575107296,INTC
2019-08-22,41.68,41.83,41.09,41.18,19785890,41.55,-0.78472958642629,INTC
2019-08-23,40.75,41.03,39.2,39.36,32817083,41.18,-3.8905515177426,INTC
2019-08-26,40.22,40.22,39.65,39.96,22086633,39.36,1.3345195729537,INTC
2019-08-27,40.27,40.52,39.9,40.19,16927568,39.96,0.50482879719051,INTC
2019-08-28,40.1,40.31,39.77,40.19,14895346,40.19,0.0,INTC
2019-08-29,40.86,41.62,40.8,41.27,17806113,40.19,2.3585935793841,INTC
2019-08-30,41.64,42.19,41.56,41.81,16923146,41.27,1.1521228931086,INTC
2019-09-03,41.52,41.62,40.895,41.38,15010268,41.81,-0.90698164944105,INTC
2019-09-04,41.96,43.35,41.94,43.32,23472112,41.38,4.1294167730949,INTC
2019-09-05,44.325,45.57,44.27,44.5,30023117,43.32,2.4121013900245,INTC
2019-09-06,44.65,45.39,44.47,45.32,17067940,44.5,1.6367265469062,INTC
2019-09-09,45.46,46.43,45.42,45.99,20749659,45.32,1.3157894736842,INTC
2019-09-10,45.73,46.24,45.225,46.22,18532029,45.99,0.44582283388253,INTC
2019-09-11,46.0,47.19,45.78,47.19,18968942,46.22,1.8718641451177,INTC
2019-09-12,47.4,47.73,46.465,47.41,23308710,47.19,0.41674559575677,INTC
2019-09-13,47.16,47.4,46.635,46.94,18010814,47.41,-0.88662516506319,INTC
2019-09-16,46.3,46.685,46.101,46.6,13354588,46.94,-0.64712599923867,INTC
2019-09-17,46.45,46.544,45.75,46.35,19888219,46.6,-0.47892720306513,INTC
2019-09-18,46.53,46.53,45.56,46.14,15029864,46.35,-0.40423484119346,INTC
2019-09-19,46.1,46.39,45.9,45.97,11849919,46.14,-0.32856590645536,INTC
2019-09-20,46.0,46.28,44.96,45.12,38632498,45.97,-1.6482451037425,INTC
2019-09-23,45.23,45.625,44.79,45.3,21574149,45.12,0.35488958990536,INTC
2019-09-24,45.5,45.58,44.04,44.22,28472934,45.3,-2.1218074656189,INTC
2019-09-25,44.15,45.61,43.82,45.42,20120838,44.22,2.408671216379,INTC
2019-09-26,45.38,45.545,44.74,45.32,11482105,45.42,-0.19600156801255,INTC
2019-09-27,45.03,45.62,44.74,45.18,14846405,45.32,-0.27494108405342,INTC
2019-09-30,45.59,45.995,45.338,45.93,14059201,45.18,1.4769594328476,INTC
2019-10-01,46.37,46.64,44.83,45.16,18487336,45.93,-1.4942751795071,INTC
2019-10-02,44.71,44.77,43.38,43.79,21436998,45.16,-2.698975571316,INTC
2019-10-03,43.9,44.47,42.932,44.43,17235566,43.79,1.2958088681919,INTC
2019-10-04,44.75,45.37,44.43,45.32,12748071,44.43,1.7789326404158,INTC
2019-10-07,45.1,45.63,44.96,45.02,12722054,45.32,-0.58915946582876,INTC
2019-10-08,44.56,44.88,44.01,44.125,17884433,45.02,-1.7680758593441,INTC
2019-10-09,44.87,45.19,44.55,44.88,12189955,44.125,1.5183509301156,INTC
2019-10-10,44.81,46.175,44.8,45.51,14611658,44.88,1.2480190174327,INTC
2019-10-11,46.4,47.19,46.22,46.49,24167112,45.51,1.9174329876737,INTC
2019-10-14,46.3,46.35,45.84,46.04,16425533,46.49,-0.86388942215397,INTC
2019-10-15,46.33,47.47,46.23,47.05,18970764,46.04,1.9558481797057,INTC
2019-10-16,46.75,46.96,46.52,46.845,15173069,47.05,-0.38936372269705,INTC
2019-10-17,47.035,47.24,45.78,46.26,16918323,46.845,-1.1154542854419,INTC
2019-10-18,46.15,46.22,45.429,45.76,16975159,46.26,-0.96413420748168,INTC
2019-10-21,45.92,46.57,45.74,46.53,13120652,45.76,1.4992211838006,INTC
2019-10-22,46.3,46.72,46.29,46.41,13347316,46.53,-0.23019374640323,INTC
2019-10-23,45.77,46.36,45.6,46.12,15961603,46.41,-0.55758507979235,INTC
2019-10-24,46.49,46.83,45.83,46.63,25654058,46.12,0.9860788863109,INTC
2019-10-25,48.59,51.01,48.32,50.86,59767680,46.63,8.0987937966686,INTC
2019-10-28,50.78,51.21,50.46,51.16,32307512,50.86,0.53134962805526,INTC
2019-10-29,50.77,51.64,50.64,50.74,18155771,51.16,-0.73995771670189,INTC
2019-10-30,50.72,51.03,50.015,51.0,15247999,50.74,0.46148384806531,INTC
2019-10-31,50.73,51.0,50.02,50.93,19249679,51.0,-0.12367491166078,INTC
2019-11-01,50.34,51.047,50.02,50.91,17953467,50.93,-0.035379444542726,INTC
2019-11-04,51.33,52.2,51.25,52.01,19067981,50.91,1.9465581313042,INTC
2019-11-05,51.87,52.75,51.61,51.95,20865354,52.01,-0.10414858531505,INTC
2019-11-06,52.205,52.425,51.695,52.315,17720996,51.95,0.086880973066906,INTC
2019-11-07,52.715,53.265,52.57,52.765,16962846,52.315,0.78124999999999,INTC
2019-11-08,52.565,53.015,52.025,52.985,11890273,52.765,0.3789836347976,INTC
2019-11-11,52.685,53.215,52.615,53.065,11236365,52.985,0.13729191693839,INTC
2019-11-12,53.115,53.515,52.745,52.915,11954038,53.065,-0.25706940874036,INTC
2019-11-13,52.585,52.685,52.065,52.605,15409832,52.915,-0.53264604810997,INTC
2019-11-14,52.325,52.755,52.285,52.525,12141218,52.605,-0.13819312489203,INTC
2019-11-15,52.885,53.415,52.335,52.675,16112991,52.525,0.25947067981318,INTC
2019-11-18,52.415,53.195,52.285,52.965,16101282,52.675,0.50034506556246,INTC
2019-11-19,53.195,53.365,52.465,53.065,17062825,52.965,0.17167381974249,INTC
2019-11-20,52.975,53.075,52.081,52.615,18559091,53.065,-0.77120822622108,INTC
2019-11-21,52.205,53.015,52.125,52.935,16139031,52.615,0.55267702936097,INTC
2019-11-22,53.055,53.365,52.205,52.325,15690160,52.935,-1.0477499141189,INTC
2019-11-25,52.715,53.555,52.715,53.525,15012416,52.325,2.082971706301,INTC
2019-11-26,53.665,53.845,53.165,53.615,22381498,53.525,0.15303519809556,INTC
2019-11-27,53.245,53.305,52.62,53.225,18185512,53.615,-0.66213921901528,INTC
2019-11-29,52.865,53.01,52.505,52.765,9481129,53.225,-0.78619039480431,INTC
2019-12-02,53.265,53.405,52.185,52.375,19166768,52.765,-0.671834625323,INTC
2019-12-03,51.575,51.575,50.465,50.785,26613647,52.375,-2.7575442247659,INTC
2019-12-04,51.375,51.375,50.575,50.735,18882730,50.785,-0.089174246477612,INTC
2019-12-05,51.125,51.125,50.475,50.795,17675582,50.735,0.10710460549803,INTC
2019-12-06,51.375,51.705,51.135,51.525,16477405,50.795,1.3017118402283,INTC
2019-12-09,51.255,51.675,51.215,51.245,14467822,51.525,-0.49287097342017,INTC
2019-12-10,51.425,51.545,51.155,51.305,16157977,51.245,0.10613833362817,INTC
2019-12-11,51.625,51.885,51.295,51.785,20051865,51.305,0.8482063968899,INTC
2019-12-12,51.465,52.765,51.325,52.265,27896156,51.785,0.84107236726826,INTC
2019-12-13,52.265,53.055,52.095,52.505,22795852,52.265,0.41702867072112,INTC
2019-12-16,52.925,53.285,52.365,52.415,19135285,52.505,-0.15573628655476,INTC
2019-12-17,52.715,52.815,51.845,52.015,21656376,52.415,-0.69324090121318,INTC
2019-12-18,52.105,52.17,51.655,51.885,28273062,52.015,-0.22687609075043,INTC
2019-12-19,51.885,52.705,51.68,52.675,18869002,51.885,1.3818436242785,INTC
2019-12-20,53.035,53.765,52.605,53.665,49970823,52.675,1.7080745341615,INTC
2019-12-23,53.775,54.495,53.755,53.945,23593186,53.665,0.47497879558947,INTC
2019-12-24,53.965,54.195,53.875,54.125,6313179,53.945,0.30390005065001,INTC
2019-12-26,54.125,54.565,54.065,54.535,11486640,54.125,0.69011950850026,INTC
2019-12-27,54.625,55.195,54.615,54.795,14086147,54.535,0.43463724506854,INTC
2019-12-30,54.705,54.765,54.095,54.335,12751111,54.795,-0.76564580559254,INTC
2019-12-31,54.335,54.645,54.075,54.565,14435832,54.335,0.38577658503858,INTC
2020-01-02,54.955,55.685,54.935,55.555,17713404,54.565,1.6541353383459,INTC
2020-01-03,54.525,55.415,54.525,54.815,15298577,55.555,-1.2163050624589,INTC
2020-01-06,54.305,54.91,54.045,54.645,17759137,54.815,-0.28286189683861,INTC
2020-01-07,54.495,54.515,53.605,53.645,21960524,54.645,-1.6686133822793,INTC
2020-01-08,53.605,54.035,53.235,53.685,23138274,53.645,0.067877142372305,INTC
2020-01-09,53.765,54.225,53.545,54.015,18818492,53.685,0.55960657961675,INTC
2020-01-10,54.285,54.79,53.585,53.655,15201929,54.015,-0.6070826306914,INTC
2020-01-13,53.885,54.49,53.795,54.305,16455825,53.655,1.1028164234815,INTC
2020-01-14,54.205,54.455,53.9,54.145,17092446,54.305,-0.26850142641383,INTC
2020-01-15,54.015,54.365,53.465,53.655,18498803,54.145,-0.82449941107185,INTC
2020-01-16,53.975,54.555,53.785,54.375,21365530,53.655,1.2215812690872,INTC
2020-01-17,54.695,54.715,53.955,54.315,21803446,54.375,-0.10056989607777,INTC
2020-01-21,54.525,55.965,54.505,55.265,28358468,54.315,1.5939597315436,INTC
2020-01-22,55.755,57.565,55.685,57.445,29475122,55.265,3.6003303055326,INTC
2020-01-23,57.575,58.42,57.525,58.035,42778737,57.445,0.94053881715288,INTC
2020-01-24,61.285,64.005,61.175,63.185,84711037,58.035,8.133291219204,INTC
2020-01-27,61.435,62.135,60.315,60.405,30764002,63.185,-4.0601723382503,INTC
2020-01-28,61.215,62.295,60.655,62.025,30915394,60.405,2.4661287867255,INTC
2020-01-29,62.345,62.775,60.885,61.045,18076688,62.025,-1.4559500817115,INTC
2020-01-30,60.355,61.215,59.645,61.185,18522360,61.045,0.21106588270767,INTC
2020-01-31,60.515,60.695,58.385,58.645,25268428,61.185,-3.8212727546261,INTC
2020-02-03,59.17,59.755,59.015,59.135,16654563,58.645,0.76646331925544,INTC
2020-02-04,60.485,60.775,59.635,60.175,20970754,59.135,1.6144054641416,INTC
2020-02-05,61.405,62.315,60.845,62.055,23401417,60.175,2.8719828903147,INTC
2020-02-06,62.345,62.445,61.815,62.135,17408038,62.055,-0.37125037125037,INTC
2020-02-07,61.905,62.345,61.055,61.065,18134646,62.135,-1.5948725592488,INTC
2020-02-10,60.605,61.445,60.485,61.435,22299288,61.065,0.56043623144502,INTC
2020-02-11,61.875,62.755,61.615,62.455,17975623,61.435,1.536375960235,INTC
2020-02-12,62.645,63.135,62.355,62.505,15586600,62.455,0.074172971369229,INTC
2020-02-13,62.035,62.695,61.784,62.485,11602733,62.505,-0.029647198339751,INTC
2020-02-14,62.565,62.91,61.865,62.315,13405451,62.485,-0.25207591933571,INTC
2020-02-18,61.705,61.735,60.925,61.185,12766566,62.315,-1.6797978296417,INTC
2020-02-19,61.435,62.245,61.225,62.155,13551202,61.185,1.4665860296341,INTC
2020-02-20,62.085,62.335,59.605,60.495,26452594,62.155,-2.4735508866041,INTC
2020-02-21,60.225,60.295,59.085,59.385,20780465,60.495,-1.6959511077158,INTC
2020-02-24,56.659,57.815,56.365,56.805,26903117,59.385,-4.0099471557352,INTC
2020-02-25,57.035,57.325,54.505,54.775,34495728,56.805,-3.2869170984456,INTC
2020-02-26,55.155,55.865,54.315,54.695,26217740,54.775,-0.13393604553825,INTC
2020-02-27,52.975,53.555,50.845,50.875,42226859,54.695,-6.4040234702431,INTC
2020-02-28,49.345,51.425,48.645,50.565,60727999,50.875,-0.55525703027046,INTC
2020-03-02,50.835,53.265,49.565,53.225,43140304,50.565,4.7910662824207,INTC
2020-03-03,53.075,54.065,50.445,51.015,49740276,53.225,-3.7985562048814,INTC
2020-03-04,52.055,53.755,51.205,53.725,29223071,51.015,4.8418795783455,INTC
2020-03-05,52.105,53.705,51.655,52.005,29099163,53.725,-2.9311520109066,INTC
2020-03-06,50.225,51.055,49.585,50.815,36259158,52.005,-2.0891853932584,INTC
2020-03-09,46.965,47.755,45.045,45.895,56196983,50.815,-8.8219472834857,INTC
2020-03-10,47.805,49.045,45.475,49.025,36568951,45.895,6.1553588987217,INTC
2020-03-11,47.435,48.585,46.055,46.705,38573961,49.025,-4.2978881067062,INTC
2020-03-12,43.035,45.136,40.415,40.585,50661745,46.705,-11.84668989547,INTC
2020-03-13,43.305,50.045,42.785,49.475,48805059,40.585,19.521299956083,INTC
2020-03-16,42.555,47.295,38.675,39.655,53878939,49.475,-18.041521219915,INTC
2020-03-17,40.8,46.675,40.245,45.125,52085162,39.655,12.261824702981,INTC
2020-03-18,41.755,45.095,40.245,42.655,49309879,45.125,-4.9321086261981,INTC
2020-03-19,42.885,44.275,40.205,40.985,44538030,42.655,-3.5076664566268,INTC
2020-03-20,41.555,44.465,40.515,40.875,52344045,40.985,-0.23944275141489,INTC
2020-03-23,41.065,45.535,40.958,44.625,46698478,40.875,8.1824132664194,INTC
2020-03-24,48.185,49.685,46.395,47.445,50019753,44.625,5.6877773295684,INTC
2020-03-25,47.525,48.83,44.955,46.305,41106063,47.445,-2.175572519084,INTC
2020-03-26,46.785,50.995,46.705,50.585,41475406,46.305,8.3495903238393,INTC
2020-03-27,48.465,49.685,47.11,47.415,31633487,50.585,-5.7075981274757,INTC
2020-03-30,48.035,51.145,47.875,50.535,31628610,47.415,5.957609318312,INTC
2020-03-31,50.105,50.84,48.265,49.165,48081861,50.535,-2.4689133177149,INTC
2020-04-01,47.545,49.735,46.475,46.925,29586562,49.165,-4.1389504804139,INTC
2020-04-02,46.335,49.605,46.265,49.395,27809987,46.925,4.7609868928296,INTC
2020-04-03,48.895,50.175,47.775,49.175,23906062,49.395,-0.40478380864765,INTC
2020-04-06,51.675,53.815,51.165,53.475,32323387,49.175,7.9438389063366,INTC
2020-04-07,54.985,56.535,53.255,53.445,41410012,53.475,-0.051343487934282,INTC
2020-04-08,54.035,54.555,52.955,54.025,26719500,53.445,0.9931506849315,INTC
2020-04-09,54.405,54.765,51.105,52.185,40515419,54.025,-3.1197015937606,INTC
2020-04-13,51.615,53.815,51.615,53.745,23251938,52.185,2.7301365068253,INTC
2020-04-14,55.083,55.945,54.555,55.705,25673992,53.745,3.3390119250426,INTC
2020-04-15,54.785,54.875,53.43,53.915,22841552,55.705,-2.9508737223871,INTC
2020-04-16,54.655,56.005,53.855,55.835,24433516,53.915,3.2614234754544,INTC
2020-04-17,57.065,57.175,54.87,55.405,27385636,55.835,-0.70735318308932,INTC
2020-04-20,54.324,55.085,53.935,54.225,26420309,55.405,-1.9549370444003,INTC
2020-04-21,53.155,53.645,50.975,51.405,25248033,54.225,-4.7651233524839,INTC
2020-04-22,53.315,55.545,52.855,55.145,23443745,51.405,6.6359119943222,INTC
2020-04-23,54.719,55.145,53.855,54.085,35091952,55.145,-1.7637271214642,INTC
2020-04-24,51.245,54.445,51.145,54.305,50220505,54.085,0.37262872628726,INTC
2020-04-27,54.765,54.875,53.43,54.515,25902236,54.305,0.35437057036787,INTC
2020-04-28,55.035,55.265,53.305,53.795,28784707,54.515,-1.2106944677989,INTC
2020-04-29,54.485,57.075,54.365,56.845,30451541,53.795,5.1914893617021,INTC
2020-04-30,56.412,56.585,54.795,55.025,26279877,56.845,-2.9449838187702,INTC
2020-05-01,53.875,54.365,52.355,52.515,21194802,55.025,-4.1847282427476,INTC
2020-05-04,52.165,53.115,51.355,53.035,18957227,52.515,0.90481990603794,INTC
2020-05-05,53.835,54.345,53.395,53.795,17252063,53.035,1.3105707880669,INTC
2020-05-06,54.415,55.325,54.315,54.555,17848655,53.795,0.73191489361702,INTC
2020-05-07,55.305,55.472,54.295,54.545,14733519,54.555,-0.01689760054072,INTC
2020-05-08,55.044,55.155,54.425,55.045,20391091,54.545,0.84502281561602,INTC
2020-05-11,55.115,56.215,55.085,55.505,18684439,55.045,0.7709066532596,INTC
2020-05-12,55.595,56.015,53.635,53.765,16754898,55.505,-2.8937302511226,INTC
2020-05-13,53.825,54.605,52.275,53.115,21064971,53.765,-1.1132043158075,INTC
2020-05-14,52.695,54.525,51.475,54.455,21569352,53.115,2.3207481815033,INTC
2020-05-15,52.775,53.745,52.335,53.655,21373268,54.455,-1.354096140826,INTC
2020-05-18,55.116,55.655,54.735,55.295,20443708,53.655,2.8140013726836,INTC
2020-05-19,55.505,57.145,55.225,55.665,21865009,55.295,0.61748998664886,INTC
2020-05-20,56.535,58.864,56.395,58.475,30583988,55.665,4.6608061038315,INTC
2020-05-21,58.47,59.175,57.195,57.355,20987740,58.475,-1.7749603803487,INTC
2020-05-22,57.355,57.695,56.795,57.63,14103013,57.355,0.44369151339143,INTC
2020-05-26,59.055,59.515,57.495,57.715,20933556,57.63,0.13653521805478,INTC
2020-05-27,57.695,58.965,56.445,58.935,19886271,57.715,1.9570099454604,INTC
2020-05-28,58.375,58.825,56.865,57.075,17264131,58.935,-2.9263687853996,INTC
2020-05-29,57.275,59.035,56.995,58.305,33395738,57.075,1.9935170178282,INTC
2020-06-01,57.86,58.035,57.035,57.235,14329044,58.305,-1.7003019227713,INTC
2020-06-02,57.075,57.545,56.2,57.495,20702353,57.235,0.42030391205949,INTC
2020-06-03,57.825,57.915,56.905,57.305,16737271,57.495,-0.30585962652929,INTC
2020-06-04,57.115,58.845,56.719,58.345,22010142,57.305,1.6793153560471,INTC
2020-06-05,58.735,60.485,58.535,59.715,26813098,58.345,2.1756391932666,INTC
2020-06-08,59.345,59.525,58.315,59.045,21546178,59.715,-1.0413428660242,INTC
2020-06-09,58.369,59.085,58.275,58.415,23594133,59.045,-0.98947699073347,INTC
2020-06-10,58.165,59.664,58.125,59.245,21367845,58.415,1.3166243654822,INTC
2020-06-11,58.445,58.675,54.895,55.075,26998242,59.245,-6.5288868013152,INTC
2020-06-12,55.485,56.335,53.496,54.705,30419768,55.075,-0.61976549413736,INTC
2020-06-15,54.705,55.735,53.955,55.475,29651719,54.705,1.2978257205461,INTC
2020-06-16,56.865,57.025,54.865,55.775,23226634,55.475,0.49916805324459,INTC
2020-06-17,56.115,56.655,55.435,55.865,20454771,55.775,0.14900662251656,INTC
2020-06-18,55.725,55.885,54.695,55.455,24899699,55.865,-0.67779798313771,INTC
2020-06-19,56.025,56.265,54.475,54.995,60324579,55.455,-0.76564580559254,INTC
2020-06-22,55.105,55.92,54.205,55.465,22846013,54.995,0.78832606507884,INTC
2020-06-23,55.565,55.845,55.236,55.295,22809579,55.465,-0.28290896987852,INTC
2020-06-24,55.015,55.18,54.045,54.465,27764482,55.295,-1.3851802403204,INTC
2020-06-25,54.355,54.465,52.855,53.885,21906941,54.465,-0.98155356236251,INTC
2020-06-26,53.865,54.105,52.445,52.875,38477509,53.885,-1.7262006494616,INTC
2020-06-29,52.845,53.725,52.135,53.645,22150266,52.875,1.3391304347826,INTC
2020-06-30,54.085,55.355,53.915,55.205,31542056,53.645,2.6771923802986,INTC
2020-07-01,55.285,55.405,54.135,54.185,14748072,55.205,-1.7048303526659,INTC
2020-07-02,54.565,55.185,54.345,54.505,15578580,54.185,0.54412514878422,INTC
2020-07-06,54.095,54.995,53.975,54.915,20536717,54.505,0.69338745137831,INTC
2020-07-07,54.445,54.945,53.515,53.685,15996487,54.915,-2.065838092039,INTC
2020-07-08,53.825,54.07,53.305,53.985,13277868,53.685,0.51449151089007,INTC
2020-07-09,53.575,54.12,53.075,53.795,20683689,53.985,-0.32417676164477,INTC
2020-07-10,53.325,55.065,53.205,54.905,17742324,53.795,1.9000342348511,INTC
2020-07-13,55.215,55.995,53.765,53.955,19082943,54.905,-1.5958340332605,INTC
2020-07-14,53.249,54.625,52.72,54.355,24190866,53.955,0.68282690337999,INTC
2020-07-15,54.405,54.715,53.795,54.405,19986312,54.355,0.084774499830458,INTC
2020-07-16,53.915,54.735,53.775,54.515,12425873,54.405,0.18634592580044,INTC
2020-07-17,54.795,55.835,54.655,55.375,16322814,54.515,1.4541765302672,INTC
2020-07-20,55.455,56.755,54.715,56.525,16868660,55.375,1.9166666666667,INTC
2020-07-21,56.89,57.303,55.815,56.075,19830305,56.525,-0.73589533932951,INTC
2020-07-22,56.685,57.14,55.995,56.425,18959921,56.075,0.57660626029653,INTC
2020-07-23,56.63,57.115,55.355,55.775,43518551,56.425,-1.0647010647011,INTC
2020-07-24,47.525,47.555,44.875,45.965,182269900,55.775,-16.241721854305,INTC
2020-07-27,46.405,46.515,44.84,44.945,107526547,45.965,-2.0162087369045,INTC
2020-07-28,44.855,45.605,44.515,44.615,62362611,44.945,-0.66572523703853,INTC
2020-07-29,44.865,44.875,43.275,43.445,60500806,44.615,-2.3761169780666,INTC
2020-07-30,43.205,43.875,42.965,43.365,39735185,43.445,-0.16642396505096,INTC
2020-07-31,43.505,43.697,42.345,43.105,46569883,43.365,-0.54177953740364,INTC
2020-08-03,43.645,44.002,43.115,43.675,31767139,43.105,1.1942174732872,INTC
2020-08-04,43.975,44.515,43.875,44.505,29045836,43.675,1.7184265010352,INTC
2020-08-05,45.095,45.095,44.035,44.295,29471066,44.505,-0.42743741095054,INTC
2020-08-06,44.495,44.525,43.805,44.275,23795529,44.295,-0.71545380212592,INTC
2020-08-07,44.235,44.355,43.405,43.735,36765228,44.275,-1.1117974058061,INTC
2020-08-10,43.905,45.095,43.765,44.925,37442609,43.735,2.4776181553196,INTC
2020-08-11,45.335,45.435,43.765,43.895,35348092,44.925,-2.092645266152,INTC
2020-08-12,44.375,44.965,43.945,44.895,30687169,43.895,2.0751193193609,INTC
2020-08-13,44.965,45.035,44.09,44.265,24774512,44.895,-1.2807481195365,INTC
2020-08-14,44.435,44.915,44.355,44.595,22321168,44.265,0.67957166392092,INTC
2020-08-17,44.815,45.01,44.435,44.635,20018273,44.595,0.081816322356308,INTC
2020-08-18,44.965,45.275,44.325,44.355,19251395,44.635,-0.5722460658083,INTC
2020-08-19,44.49,44.685,43.955,44.035,27774975,44.355,-0.65775950668037,INTC
2020-08-20,45.515,45.905,44.705,44.875,55081342,44.035,1.7380509000621,INTC
2020-08-21,44.725,45.015,44.355,44.985,34316470,44.875,0.22371364653244,INTC
2020-08-24,44.965,45.105,44.525,44.845,36295307,44.985,-0.28409090909091,INTC
2020-08-25,45.055,45.585,44.915,45.135,38384329,44.845,0.59015059015059,INTC
2020-08-26,45.095,45.375,44.935,45.255,28616620,45.135,0.2427675500708,INTC
2020-08-27,45.495,45.635,44.875,45.105,24420613,45.255,-0.30272452068617,INTC
2020-08-28,45.275,46.505,45.165,46.135,35384684,45.105,2.085020242915,INTC
2020-08-31,46.705,47.205,46.025,46.655,46114133,46.135,1.0311322625421,INTC
2020-09-01,46.615,46.705,45.925,46.495,30522707,46.655,-0.31403336604515,INTC
2020-09-02,46.915,48.385,46.795,47.955,53000730,46.495,2.8745816105533,INTC
2020-09-03,48.205,48.325,45.84,46.095,47394340,47.955,-3.5598086124402,INTC
2020-09-04,46.235,46.935,45.195,45.785,43318369,46.095,-0.61520142885494,INTC
2020-09-08,44.965,45.605,44.555,44.615,39752694,45.785,-2.3362619808307,INTC
2020-09-09,45.235,45.673,44.745,45.325,33437273,44.615,1.4516458801881,INTC
2020-09-10,45.705,45.795,44.415,44.665,32649149,45.325,-1.3301088270858,INTC
2020-09-11,44.969,45.755,44.655,44.985,29333570,44.665,0.65359477124183,INTC
2020-09-14,44.555,45.425,44.555,45.115,27212491,44.985,0.26379870129869,INTC
2020-09-15,45.495,46.305,45.435,45.705,27598263,45.115,1.1940902651285,INTC
2020-09-16,46.215,46.735,45.87,46.075,26555283,45.705,0.73999999999999,INTC
2020-09-17,45.075,46.19,45.005,46.025,26959934,46.075,-0.099265435775257,INTC
2020-09-18,46.035,46.205,44.745,45.595,50123495,46.025,-0.85453100158982,INTC
2020-09-21,45.095,45.45,44.535,45.425,27377117,45.595,-0.34074964922831,INTC
2020-09-22,45.595,45.915,45.175,45.655,22290855,45.425,0.4625905068383,INTC
2020-09-23,45.535,45.85,44.365,44.525,30078801,45.655,-2.2622622622623,INTC
2020-09-24,44.235,45.345,44.125,44.865,29343397,44.525,0.69643588693158,INTC
2020-09-25,44.665,45.985,44.455,45.645,26633411,44.865,1.586655817738,INTC
2020-09-28,46.215,47.165,45.865,47.135,29652247,45.645,2.9835802963556,INTC
2020-09-29,47.01,47.44,46.655,46.895,19687447,47.135,-0.46665370406378,INTC
2020-09-30,46.945,48.085,46.855,47.485,27711346,46.895,1.1525688611057,INTC
2020-10-01,48.105,48.425,47.695,47.945,22127580,47.485,0.88837388953264,INTC
2020-10-02,47.205,47.684,46.695,46.715,25811766,47.945,-2.354517611026,INTC
2020-10-05,47.005,47.515,46.975,47.395,20883245,46.715,1.3330719466771,INTC
2020-10-06,47.415,48.405,46.935,47.075,25642790,47.395,-0.61907525633585,INTC
2020-10-07,47.555,48.605,47.495,48.375,21978673,47.075,2.5306599182402,INTC
2020-10-08,48.615,49.285,48.375,49.075,22369537,48.375,1.32902980824,INTC
2020-10-09,49.255,49.555,48.375,48.525,24343898,49.075,-1.0305415027169,INTC
2020-10-12,49.255,49.905,48.915,49.585,27303474,48.525,2.0068156001515,INTC
2020-10-13,49.975,49.995,49.325,49.535,20005769,49.585,-0.092798812175212,INTC
2020-10-14,49.715,50.105,49.215,49.255,21885105,49.535,-0.52015604681405,INTC
2020-10-15,48.455,49.685,48.325,49.555,18272865,49.255,0.56022408963586,INTC
2020-10-16,49.605,50.405,49.605,49.865,23421388,49.555,0.57567316620241,INTC
2020-10-19,50.175,51.935,49.545,50.285,43537219,49.865,0.7754800590842,INTC
2020-10-20,50.305,50.405,48.975,49.135,27224899,50.285,-2.1069989006962,INTC
2020-10-21,48.845,49.775,48.525,49.205,21866025,49.135,0.13101253977166,INTC
2020-10-22,48.825,49.925,48.775,49.605,41522739,49.205,0.74766355140187,INTC
2020-10-23,44.055,44.37,43.365,43.905,97322490,49.605,-10.575139146568,INTC
2020-10-26,43.555,43.565,41.955,42.425,54161291,43.905,-3.0705394190871,INTC
2020-10-27,41.685,42.115,41.065,41.345,50130518,42.425,-2.3116438356164,INTC
2020-10-28,40.595,40.99,39.905,39.955,45066011,41.345,-3.045574057844,INTC
2020-10-29,39.945,40.175,39.625,39.815,36796801,39.955,-0.31638418079096,INTC
2020-10-30,39.805,40.5,39.315,39.985,46794171,39.815,0.38540013602358,INTC
2020-11-02,40.665,40.76,39.945,40.165,33856742,39.985,0.40650406504065,INTC
2020-11-03,40.435,41.165,40.405,40.555,33587541,40.165,0.87719298245614,INTC
2020-11-04,40.815,41.855,40.485,41.405,34748153,40.555,1.8952062430323,INTC
2020-11-05,42.185,42.415,41.56,41.715,31103209,41.405,-0.043763676148803,INTC
2020-11-06,41.575,41.83,40.935,41.425,36233675,41.715,-0.63485113835376,INTC
2020-11-09,42.675,43.385,41.575,41.635,48481729,41.425,0.46265697290152,INTC
2020-11-10,41.435,42.515,41.285,41.475,39224462,41.635,-0.35087719298246,INTC
2020-11-11,41.935,42.49,41.895,42.385,31496938,41.475,2.0026408450704,INTC
2020-11-12,42.165,42.225,40.585,40.985,42909915,42.385,-3.0204962243797,INTC
2020-11-13,41.025,41.615,41.005,41.495,30898107,40.985,1.1345939933259,INTC
2020-11-16,42.075,42.785,41.825,42.225,36306293,41.495,1.6058073031236,INTC
2020-11-17,41.785,42.155,41.44,41.565,31072061,42.225,-1.4288807101104,INTC
2020-11-18,41.585,41.72,41.075,41.095,32817918,41.565,-1.0322864045684,INTC
2020-11-19,40.955,41.705,40.735,41.655,29469084,41.095,1.242787394585,INTC
2020-11-20,41.695,41.915,41.365,41.425,24199278,41.655,-0.50416483998246,INTC
2020-11-23,41.515,42.245,41.485,42.095,35489638,41.425,1.4760960564001,INTC
2020-11-24,42.325,43.335,42.045,43.045,33882656,42.095,2.062527138515,INTC
2020-11-25,43.065,43.215,42.605,43.085,28126887,43.045,0.085088279089554,INTC
2020-11-27,43.395,44.135,43.395,43.485,15921420,43.085,0.85015940488843,INTC
2020-11-30,43.455,44.535,43.3,44.385,46332671,43.485,1.8967334035827,INTC
2020-12-01,44.785,46.26,44.745,45.595,57778192,44.385,2.5025853154085,INTC
2020-12-02,45.255,46.095,45.215,45.935,33753518,45.595,0.68603712671509,INTC
2020-12-03,45.955,47.145,45.815,47.025,50261151,45.935,2.184368737475,INTC
2020-12-04,47.095,48.685,47.035,48.02,39767719,47.025,1.9513630123554,INTC
2020-12-07,47.035,47.325,45.595,46.235,51040300,48.02,-3.4336827931134,INTC
2020-12-08,45.865,46.755,45.845,46.725,28956507,46.235,0.97609561752987,INTC
2020-12-09,46.315,46.873,45.765,46.105,34068390,46.725,-1.2231209311501,INTC
2020-12-10,45.695,46.755,45.625,46.295,33705981,46.105,0.37946874375873,INTC
2020-12-11,46.175,46.175,45.15,45.765,29398840,46.295,-1.0545165141265,INTC
2020-12-14,45.855,47.375,45.775,46.505,33436404,45.765,1.488035391112,INTC
2020-12-15,47.015,47.045,46.245,46.7,25472993,46.505,0.38636813948881,INTC
2020-12-16,46.745,47.495,46.715,47.155,28350977,46.7,0.89805585710056,INTC
2020-12-17,47.185,47.355,46.255,46.685,26399017,47.155,-0.91940532081377,INTC
2020-12-18,46.605,46.715,43.145,43.495,119298410,46.685,-6.2981243830207,INTC
2020-12-21,42.355,42.485,41.275,42.395,53775701,43.495,-2.3177412557944,INTC
2020-12-22,42.285,42.375,41.8,42.205,32188769,42.395,-0.40983606557377,INTC
2020-12-23,42.2,43.065,42.105,42.605,22564228,42.205,0.86636343946285,INTC
2020-12-24,42.635,43.125,42.375,43.105,11865642,42.605,1.0736525660296,INTC
2020-12-28,43.225,43.67,42.895,43.105,21269166,43.105,0.0,INTC
2020-12-29,43.255,46.702,42.525,45.425,84531388,43.105,4.9288294030168,INTC
2020-12-30,45.145,45.225,44.595,44.785,37385409,45.425,-1.2958088681919,INTC
2020-12-31,44.785,46.225,44.755,45.855,28576790,44.785,2.1948717948718,INTC
2021-01-04,45.925,47.425,45.437,45.705,46102459,45.855,-0.30108390204737,INTC
2021-01-05,45.48,46.865,45.365,46.645,24866563,45.705,1.8924904368834,INTC
2021-01-06,46.47,48.185,46.235,47.135,36809644,46.645,0.96818810511757,INTC
2021-01-07,47.525,48.725,47.335,48.225,32092336,47.135,2.133072407045,INTC
2021-01-08,48.485,48.565,47.305,47.685,34625379,48.225,-1.0346809733665,INTC
2021-01-11,47.325,48.275,47.285,47.575,32933279,47.685,-0.21297192642788,INTC
2021-01-12,47.935,49.885,47.595,49.275,39883888,47.575,3.2984090027163,INTC
2021-01-13,55.535,56.285,52.935,52.985,124070671,49.275,6.9684447783621,INTC
2021-01-14,54.485,56.175,53.875,55.285,74680892,52.985,4.0386303775241,INTC
2021-01-15,54.885,55.685,53.535,53.615,50265363,55.285,-2.8185654008439,INTC
2021-01-19,53.975,54.375,53.135,54.025,35647144,53.615,0.71205279610977,INTC
2021-01-20,54.275,55.255,54.125,54.705,28701263,54.025,1.1726159682704,INTC
2021-01-21,55.073,59.985,54.258,58.495,87156464,54.705,6.4598602352139,INTC
2021-01-22,54.885,55.655,52.685,52.695,85729315,58.495,-9.2859430035223,INTC
2021-01-25,52.415,52.535,50.095,51.475,61968547,52.695,-2.1531944934698,INTC
2021-01-26,51.31,52.235,50.885,51.245,31485880,51.475,-0.41486291486291,INTC
2021-01-27,50.645,50.883,49.335,49.625,49722945,51.245,-2.934251041478,INTC
2021-01-28,50.825,53.435,50.735,52.1,49202558,49.625,4.6183989550289,INTC
2021-01-29,52.015,53.195,51.39,51.545,37256225,52.1,-0.98992241148667,INTC
2021-02-01,51.985,53.425,51.745,52.725,26926638,51.545,2.1257431093497,INTC
2021-02-02,53.225,54.315,52.915,54.035,23580890,52.725,2.3108131945669,INTC
2021-02-03,53.929,54.365,53.415,53.715,21893188,54.035,-0.55172413793103,INTC
2021-02-04,53.9925,55.2625,53.5725,55.1725,29853778,53.715,1.9244105409154,INTC
2021-02-05,55.3825,55.4625,54.5025,54.5625,23432611,55.1725,-1.0375914271135,INTC
2021-02-08,54.7575,55.6025,54.3325,55.5425,34358295,54.5625,1.6844276383637,INTC
2021-02-09,55.1525,55.6925,54.3175,55.1625,28754075,55.5425,-0.64232589587558,INTC
2021-02-10,55.6825,55.8025,54.5025,55.2425,16325147,55.1625,0.13610071452875,INTC
2021-02-11,55.4775,57.3725,55.2425,57.0425,27539121,55.2425,3.0581039755352,INTC
2021-02-12,56.9825,58.8925,56.8125,58.1925,26214175,57.0425,1.8958127266733,INTC
2021-02-16,58.3825,59.2525,58.0825,58.8525,26326297,58.1925,1.0677883837567,INTC
2021-02-17,57.8725,58.5675,57.5925,58.2325,21065334,58.8525,-0.99247638866656,INTC
2021-02-18,57.0275,58.3625,57.0225,57.9925,17846142,58.2325,-0.38803556992725,INTC
2021-02-19,58.2925,59.6425,58.2325,59.3925,28290116,57.9925,2.2723583833793,INTC
2021-02-22,58.2625,59.0825,57.0425,57.0925,32288182,59.3925,-3.6502142517061,INTC
2021-02-23,56.8625,57.8775,55.5525,57.5025,27374594,57.0925,0.67534178883215,INTC
2021-02-24,56.9125,59.6625,56.7625,59.5725,24669870,57.5025,3.386780104712,INTC
2021-02-25,58.7875,59.9225,56.5125,56.7825,36393952,59.5725,-4.4152555784143,INTC
2021-02-26,57.2725,58.0725,56.0625,57.1625,38216774,56.7825,0.62913907284769,INTC
2021-03-01,58.1025,59.4625,58.0325,59.2625,28503500,57.1625,3.4550839091807,INTC
2021-03-02,59.1825,59.5225,57.4925,57.6225,23320016,59.2625,-2.6081424936387,INTC
2021-03-03,57.0225,57.9025,56.0825,56.2825,28740357,57.6225,-2.1881123448726,INTC
2021-03-04,56.2125,56.6175,54.2875,54.7125,40210352,56.2825,-2.6210350584307,INTC
2021-03-05,55.6525,57.5575,54.8925,57.1225,39511670,54.7125,4.1316646665524,INTC
2021-03-08,56.8505,58.0775,56.1025,56.2325,33112387,57.1225,-1.465261771485,INTC
2021-03-09,57.5625,59.5475,57.2225,59.0525,36387479,56.2325,4.7117794486216,INTC
2021-03-10,59.6025,60.5025,58.5125,58.6325,27160323,59.0525,-0.67017711823839,INTC
2021-03-11,59.3225,60.4725,58.7725,59.6925,30701765,58.6325,1.7028112449799,INTC
2021-03-12,59.0325,59.6825,58.6225,59.2825,20172961,59.6925,-0.6476070131101,INTC
2021-03-15,59.9925,60.2575,58.8625,60.1725,21251484,59.2825,1.4149443561208,INTC
2021-03-16,60.5325,62.1125,60.4625,61.1625,30186635,60.1725,1.5519673930083,INTC
2021-03-17,60.6065,62.6725,60.0925,62.1625,32394652,61.1625,1.5436863229392,INTC
2021-03-18,62.0125,62.0825,60.0325,60.1075,30107865,62.1625,-3.1240498631803,INTC
2021-03-19,59.5625,61.3725,59.3025,60.1425,54951650,60.1075,0.054923499411529,INTC
2021-03-22,61.2025,62.7625,60.9425,62.0125,34380148,60.1425,2.9328732747804,INTC
2021-03-23,62.3825,62.4325,59.5525,59.8625,35159952,62.0125,-3.2759408806948,INTC
2021-03-24,62.9625,63.8225,58.3725,58.4225,74584670,59.8625,-2.2684310018904,INTC
2021-03-25,58.0375,58.8225,57.3575,58.4025,35401428,58.4225,-0.032237266279813,INTC
2021-03-26,58.1825,61.3525,58.1525,61.2525,34705755,58.4025,4.5952918413415,INTC
2021-03-29,60.3935,61.5075,59.9925,60.8825,26161610,61.2525,-0.57037151225529,INTC
2021-03-30,60.1525,60.3825,59.5325,60.1525,20709487,60.8825,-1.1317829457364,INTC
2021-03-31,60.3925,60.8725,59.9625,60.3825,33013231,60.1525,0.36067116198839,INTC
2021-04-01,61.1075,61.2725,59.9575,60.9325,31416250,60.3825,0.859375,INTC
2021-04-05,61.3325,63.1225,61.0825,62.9225,27947521,60.9325,3.0828814872192,INTC
2021-04-06,62.4445,62.9575,61.6725,61.9425,28771404,62.9225,-1.4727983168019,INTC
2021-04-07,62.0525,62.9525,61.7425,62.6325,17793257,61.9425,1.052471018914,INTC
2021-04-08,63.3525,63.6725,62.7425,63.4325,22224223,62.6325,1.2075471698113,INTC
2021-04-09,63.1805,64.7825,63.0125,64.6425,27177096,63.4325,1.8046234153617,INTC
2021-04-12,64.5825,64.8725,61.0925,61.7875,51266884,64.6425,-4.1825373571638,INTC
2021-04-13,61.9925,62.0175,60.5925,61.6025,26821990,61.7875,-0.28285299289046,INTC
2021-04-14,61.6925,61.7625,60.2225,60.5725,25768415,61.6025,-1.5792701625268,INTC
2021-04-15,60.3525,61.5975,60.0625,61.4025,24927676,60.5725,1.2930362984889,INTC
2021-04-16,61.7125,61.9025,60.9525,61.1325,24625458,61.4025,-0.41525684404798,INTC
2021-04-19,61.0825,61.1225,59.4525,60.0125,23997675,61.1325,-1.7297297297297,INTC
2021-04-20,60.0225,60.1425,58.7925,59.0825,19872123,60.0125,-1.4615747289015,INTC
2021-04-21,59.1725,60.1575,58.6825,60.0825,24364209,59.0825,1.5948963317384,INTC
2021-04-22,59.7325,60.2925,58.6625,58.9525,38257616,60.0825,-1.7739403453689,INTC
2021-04-23,55.5425,56.3825,54.2825,55.6225,77519832,58.9525,-5.3220393159661,INTC
2021-04-26,55.4825,55.9025,54.8425,55.1425,39645910,55.6225,-0.81026333558407,INTC
2021-04-27,54.9375,55.0125,54.1525,54.3525,38167700,55.1425,-1.3444520081688,INTC
2021-04-28,53.9025,54.5425,53.5325,54.0025,30387352,54.3525,-0.6037605658099,INTC
2021-04-29,54.2625,54.6825,53.8525,54.6625,23290618,54.0025,1.1454356126345,INTC
2021-04-30,53.9925,54.8125,53.4525,53.9125,30731840,54.6625,-1.2868908716541,INTC
2021-05-03,54.2375,54.2595,53.2225,53.6425,22281701,53.9125,-0.46932035459761,INTC
2021-05-04,53.2625,53.3625,52.1925,53.2825,35323622,53.6425,-0.62871114215857,INTC
2021-05-05,53.3425,53.6825,52.8425,53.2325,21001931,53.2825,-0.087873462214406,INTC
2021-05-06,53.345,53.98,52.975,53.92,25529252,53.2325,0.5980650835532,INTC
2021-05-07,54.43,54.74,53.97,54.4,19959041,53.92,0.83930757125372,INTC
2021-05-10,53.877,53.96,52.61,52.7,35046472,54.4,-2.9478064851743,INTC
2021-05-11,51.78,52.36,51.03,51.77,35968053,52.7,-1.6616044309451,INTC
2021-05-12,51.12,51.38,50.15,50.35,30232253,51.77,-2.5799418604651,INTC
2021-05-13,50.77,51.12,50.19,50.74,29192470,50.35,0.72734054457292,INTC
2021-05-14,51.335,52.577,50.985,52.08,28158312,50.74,2.4810220329569,INTC
2021-05-17,52.02,52.62,51.49,52.06,20010191,52.08,-0.036133694670286,INTC
2021-05-18,52.68,52.87,51.53,51.57,18703385,52.06,-0.88559551780227,INTC
2021-05-19,50.8,52.16,50.572,52.09,23769652,51.57,0.94821298322392,INTC
2021-05-20,52.3,52.97,52.09,52.68,23145167,52.09,1.0657514450867,INTC
2021-05-21,53.15,53.44,52.71,52.81,17723087,52.68,0.23235031277926,INTC
2021-05-24,53.378,54.12,53.13,53.69,19164350,52.81,1.5691868758916,INTC
2021-05-25,54.29,54.29,53.15,53.6,22309872,53.69,-0.15800561797753,INTC
2021-05-26,53.78,53.96,53.315,53.65,15173599,53.6,0.087919817126788,INTC
2021-05-27,53.84,54.61,53.73,54.46,32387637,53.65,1.4230498945889,INTC
2021-05-28,54.28,54.38,53.67,53.85,20309599,54.46,-1.0566429932444,INTC
2021-06-01,54.34,54.55,53.32,53.62,20326366,53.85,-0.40266106442576,INTC
2021-06-02,53.64,54.42,53.485,54.21,18483588,53.62,1.0370891193531,INTC
2021-06-03,53.71,53.83,52.815,52.97,21831303,54.21,-2.1572720946416,INTC
2021-06-04,53.28,54.48,53.27,54.1,21493760,52.97,2.0092460881934,INTC
2021-06-07,54.14,54.17,53.505,53.82,17364399,54.1,-0.48805996165242,INTC
2021-06-08,54.18,54.37,53.33,53.73,33254482,53.82,-0.15764582238571,INTC
2021-06-09,54.09,54.205,53.7,53.73,13904793,53.73,0.0,INTC
2021-06-10,53.88,54.76,53.655,54.11,26738082,53.73,0.66666666666667,INTC
2021-06-11,54.2,54.67,53.68,54.58,18119736,54.11,0.81910073196235,INTC
2021-06-14,54.75,54.93,53.96,54.92,21784523,54.58,0.5877268798617,INTC
2021-06-15,54.94,55.145,54.53,54.72,20806538,54.92,-0.34370166695308,INTC
2021-06-16,54.88,55.1,53.495,53.95,21879679,54.72,-1.3278151405415,INTC
2021-06-17,53.78,54.63,53.43,53.91,21498755,53.95,-0.069905627403004,INTC
2021-06-18,53.41,53.48,51.83,52.4,55118305,53.91,-2.640783490731,INTC
2021-06-21,52.48,52.77,52.1,52.6,19254640,52.4,0.35925992455541,INTC
2021-06-22,52.67,53.01,52.235,52.6,18682808,52.6,0.0,INTC
2021-06-23,52.6,52.704,51.96,51.99,20287879,52.6,-1.0918202971183,INTC
2021-06-24,52.22,52.83,52.07,52.8,21209732,51.99,1.4657980456026,INTC
2021-06-25,52.75,53.135,52.475,52.64,21101239,52.8,-0.28535758872838,INTC
2021-06-28,53.09,54.455,53.07,54.21,22480879,52.64,2.8080844213915,INTC
2021-06-29,54.28,54.56,52.61,53.48,26359992,54.21,-1.2700069589422,INTC
2021-06-30,53.07,53.105,52.12,52.87,29891584,53.48,-1.0748898678414,INTC
2021-07-01,52.86,53.37,52.6,52.74,24871591,52.87,-0.23156394727468,INTC
2021-07-02,53.28,53.72,53.05,53.49,17223577,52.74,1.3390465988216,INTC
2021-07-06,53.65,53.74,52.43,52.82,26186595,53.49,-1.1804087385483,INTC
2021-07-07,53.1,53.18,52.435,52.69,14857388,52.82,-0.23177036904975,INTC
2021-07-08,52.04,52.45,51.52,52.12,19161963,52.69,-1.0185847033595,INTC
2021-07-09,52.24,52.835,52.04,52.72,18708003,52.12,1.0832280194981,INTC
2021-07-12,52.99,53.485,52.84,53.46,15392759,52.72,1.3216645829612,INTC
2021-07-13,53.35,54.03,53.07,53.6,15715983,53.46,0.24678300722722,INTC
2021-07-14,53.9,54.185,53.064,53.25,16263611,53.6,-0.61543871988745,INTC
2021-07-15,53.13,53.13,52.3,52.54,18917047,53.25,-1.2561924982307,INTC
2021-07-16,52.78,53.66,51.63,51.7,25263792,52.54,-1.5051066117183,INTC
2021-07-19,51.14,51.535,50.7,51.37,27007665,51.7,-0.60032745133709,INTC
2021-07-20,51.645,52.29,50.998,51.97,19866965,51.37,1.0980966325037,INTC
2021-07-21,51.91,53.01,51.74,52.96,18497169,51.97,1.7921795800145,INTC
2021-07-22,52.79,53.27,52.41,52.69,36690982,52.96,-0.48017072736972,INTC
2021-07-23,51.31,51.44,49.05,49.73,67742254,52.69,-5.289492494639,INTC
2021-07-26,49.54,51.27,49.49,51.04,32881174,49.73,2.4716981132076,INTC
2021-07-27,49.85,49.93,49.04,49.91,39878025,51.04,-2.0806481310992,INTC
2021-07-28,49.76,50.65,49.67,49.8,28478845,49.91,-0.20684467845054,INTC
2021-07-29,50.21,50.83,50.05,50.43,16886626,49.8,1.1871113623516,INTC
2021-07-30,50.38,50.63,49.98,50.45,16465689,50.43,0.037243947858466,INTC
2021-08-02,50.72,51.2,50.265,50.41,18098082,50.45,-0.074460163812359,INTC
2021-08-03,50.62,50.89,49.99,50.79,16375928,50.41,0.70789865871834,INTC
2021-08-04,50.98,51.17,50.43,50.63,17612708,50.79,-0.29596744358121,INTC
2021-08-05,51.0675,51.0975,50.6575,50.9675,15310009,50.63,-0.018552875695729,INTC
2021-08-06,50.9375,51.2075,50.8075,50.9975,19256023,50.9675,0.055668955279275,INTC
2021-08-09,51.1575,51.4875,50.9075,51.1275,14670135,50.9975,0.24109792284866,INTC
2021-08-10,51.3175,51.4625,50.5875,51.0175,16215714,51.1275,-0.20351526364477,INTC
2021-08-11,51.3375,51.4375,50.9175,51.2175,18590798,51.0175,0.37078235076011,INTC
2021-08-12,51.2475,51.2575,50.3325,50.6175,15073693,51.2175,-1.1082379017362,INTC
2021-08-13,50.5775,50.6325,50.1325,50.5675,15281066,50.6175,-0.093388121031,INTC
2021-08-16,50.3075,50.5675,50.0775,50.5475,17692907,50.5675,-0.037390166386246,INTC
2021-08-17,50.2475,50.2555,49.2975,49.7675,22014903,50.5475,-1.4587619225734,INTC
2021-08-18,49.6775,50.1075,49.1875,49.2675,15061736,49.7675,-0.94894666919719,INTC
2021-08-19,49.1315,49.7475,48.6575,49.5175,22999394,49.2675,0.47901896915118,INTC
2021-08-20,49.2375,49.4575,48.4975,49.0875,25728334,49.5175,-0.81998474446987,INTC
2021-08-23,49.6675,50.6125,49.5575,50.3075,23976255,49.0875,2.3457027494713,INTC
2021-08-24,50.6325,51.0475,50.3875,50.8875,20348797,50.3075,1.089611121548,INTC
2021-08-25,51.1575,51.3075,50.8085,50.8875,15048388,50.8875,0.0,INTC
2021-08-26,50.8225,50.8225,50.0505,50.2075,19569984,50.8875,-1.2637056309236,INTC
2021-08-27,50.4375,51.0175,49.9975,50.9675,16524991,50.2075,1.4304536043666,INTC
2021-08-30,51.3375,51.9475,50.8375,51.0175,14581326,50.9675,0.092781592132116,INTC
2021-08-31,51.5175,51.5775,50.7375,51.1375,22350100,51.0175,0.22246941045607,INTC
2021-09-01,51.1875,51.2325,50.6075,50.7475,18615029,51.1375,-0.72142064372919,INTC
2021-09-02,50.8775,50.9675,50.4275,50.8075,15880063,50.7475,0.11179429849077,INTC
2021-09-03,50.5175,51.1575,50.3965,50.5875,13472750,50.8075,-0.40945468081146,INTC
2021-09-07,50.6475,51.0275,50.5175,50.7275,13914972,50.5875,0.2616333395627,INTC
2021-09-08,50.8075,50.9975,50.0675,50.6475,18235078,50.7275,-0.14911463187325,INTC
2021-09-09,50.7375,50.9675,50.4175,50.4775,13495797,50.6475,-0.31734179578122,INTC
2021-09-10,50.9275,52.0575,50.8875,50.9175,20324696,50.4775,0.82397003745319,INTC
2021-09-13,51.6875,52.5625,51.4875,52.0675,22639242,50.9175,2.1359583952452,INTC
2021-09-14,52.4475,52.5175,51.3475,51.5975,22072717,52.0675,-0.85470085470085,INTC
2021-09-15,51.7475,52.2275,51.4975,52.1975,18796181,51.5975,1.1005135730007,INTC
2021-09-16,51.9375,52.0275,51.3175,51.9075,19863089,52.1975,-0.52612481857765,INTC
2021-09-17,51.6675,51.6675,50.7425,51.3375,35359233,51.9075,-1.0395768739741,INTC
2021-09-20,50.2915,50.5775,49.3975,50.0575,35051904,51.3375,-2.3590121636565,INTC
2021-09-21,50.2775,50.5275,49.9075,49.9475,17968925,50.0575,-0.2076255190638,INTC
2021-09-22,50.4775,50.9475,50.0775,50.5775,18594117,49.9475,1.1916020427464,INTC
2021-09-23,50.8275,51.3775,50.6775,51.1075,16474334,50.5775,0.99065420560748,INTC
2021-09-24,50.8525,51.5005,50.8075,51.2975,12976200,51.1075,0.35165648713677,INTC
2021-09-27,51.0175,51.9475,50.8975,51.7375,13899911,51.2975,0.81150866838804,INTC
2021-09-28,51.2575,51.6675,51.0375,51.0775,24691319,51.7375,-1.2074643249177,INTC
2021-09-29,51.0775,51.1275,50.2575,50.5675,20514308,51.0775,-0.94444444444444,INTC
2021-09-30,50.8375,51.0575,50.3375,50.3575,20534072,50.5675,-0.39259674705553,INTC
2021-10-01,50.7225,51.1825,50.1275,50.9375,19895101,50.3575,1.0885885885886,INTC
2021-10-04,51.0075,51.4075,50.1575,50.5475,27353323,50.9375,-0.72409951726699,INTC
2021-10-05,50.6275,51.4175,50.5525,51.0275,18129360,50.5475,0.89769964466056,INTC
2021-10-06,50.5575,51.1475,50.1475,51.0575,20059578,51.0275,0.05560704355884,INTC
2021-10-07,51.3965,52.0625,51.1975,51.2575,20704443,51.0575,0.37050759540571,INTC
2021-10-08,51.6275,51.6575,50.7775,50.8875,16068031,51.2575,-0.6829088224437,INTC
2021-10-11,50.8875,51.4875,50.4975,50.5175,14398758,50.8875,-0.68760453447315,INTC
2021-10-12,50.6475,50.7975,49.0875,49.2475,32784309,50.5175,-2.376497005988,INTC
2021-10-13,49.4575,49.6555,48.9425,49.3375,18533956,49.2475,0.17251293847038,INTC
2021-10-14,49.9725,51.0775,49.8075,50.9775,26586650,49.3375,3.1381553769613,INTC
2021-10-15,51.2775,51.5675,50.8875,51.5375,25231140,50.9775,1.038961038961,INTC
2021-10-18,51.2625,51.6375,50.7975,51.5475,22407571,51.5375,0.018362100624308,INTC
2021-10-19,51.7035,52.2975,51.4475,52.2875,18392879,51.5475,1.3585459886176,INTC
2021-10-20,52.3275,52.5625,52.1575,52.4475,16850266,52.2875,0.28980257199782,INTC
2021-10-21,52.0025,53.1475,51.9075,53.0775,38390855,52.4475,1.1378002528445,INTC
2021-10-22,47.4675,47.6275,46.2175,46.5375,109971887,53.0775,-11.678571428571,INTC
2021-10-25,46.9025,47.1475,46.3875,46.4875,43178773,46.5375,-0.10109179134655,INTC
2021-10-26,46.4775,46.5175,45.0075,45.3575,68405390,46.4875,-2.2869864399919,INTC
2021-10-27,45.5975,45.8935,44.9475,44.9675,41081464,45.3575,-0.80778790389395,INTC
2021-10-28,45.2175,45.4375,44.9575,45.1575,31317178,44.9675,0.39674253497598,INTC
2021-10-29,45.1775,46.3575,44.9975,46.0775,42300965,45.1575,1.9134775374376,INTC
2021-11-01,46.4775,46.6775,46.0775,46.6275,28013741,46.0775,1.1224489795918,INTC
2021-11-02,46.6875,46.9725,46.3075,46.9375,27193263,46.6275,0.62563067608477,INTC
2021-11-03,47.0085,47.5275,46.7875,47.4675,23962115,46.9375,1.0629763337345,INTC
2021-11-04,47.665,47.775,47.155,47.735,24805961,47.4675,-0.15876165905933,INTC
2021-11-05,47.975,49.005,47.965,48.345,36816156,47.735,1.2124826078314,INTC
2021-11-08,48.885,49.415,48.485,48.975,31647844,48.345,1.2372348782404,INTC
2021-11-09,48.965,49.195,48.19,48.625,22508422,48.975,-0.67895247332686,INTC
2021-11-10,48.4,48.812,48.135,48.185,25040834,48.625,-0.85937500000001,INTC
2021-11-11,48.435,48.495,47.835,47.955,25419988,48.185,-0.45311268715523,INTC
2021-11-12,48.02,48.325,47.605,47.735,23884837,47.955,-0.43538491984959,INTC
2021-11-15,47.835,48.055,47.545,47.745,24695780,47.735,0.019876764062807,INTC
2021-11-16,47.795,48.575,47.765,48.035,30927765,47.745,0.57631160572337,INTC
2021-11-17,48.025,48.365,47.405,47.655,23546918,48.035,-0.75083975498914,INTC
2021-11-18,47.665,47.665,46.395,47.105,30667661,47.655,-1.0949631694207,INTC
2021-11-19,47.025,47.155,46.665,46.945,27607603,47.105,-0.3220611916264,INTC
2021-11-22,46.975,48.275,46.835,47.255,33389634,46.945,0.6260096930533,INTC
2021-11-23,47.585,47.875,46.065,46.525,44713339,47.255,-1.4649809351796,INTC
2021-11-24,46.28,47.205,46.055,47.185,26035780,46.525,1.3441955193483,INTC
2021-11-26,46.325,46.6,45.54,46.205,25268977,47.185,-1.9694533762058,INTC
2021-11-29,46.725,47.555,46.145,47.425,31478896,46.205,2.5010250102501,INTC
2021-11-30,46.925,47.825,46.105,46.625,49460840,47.425,-1.6,INTC
2021-12-01,47.265,47.731,45.945,46.025,35133403,46.625,-1.219512195122,INTC
2021-12-02,46.035,47.22,45.755,46.925,37240777,46.025,1.8518518518518,INTC
2021-12-03,47.1,47.485,46.185,46.675,32224930,46.925,-0.50505050505051,INTC
2021-12-06,46.905,48.635,46.605,48.415,40335981,46.675,3.5329949238579,INTC
2021-12-07,52.085,52.425,49.635,49.995,91731468,48.415,3.0986467934889,INTC
2021-12-08,49.995,50.305,48.809,49.175,37143437,49.995,-1.5598249952444,INTC
2021-12-09,48.725,49.01,47.855,47.905,31694241,49.175,-2.4541062801932,INTC
2021-12-10,48.265,48.495,47.475,48.015,23783632,47.905,0.21790808240889,INTC
2021-12-13,48.275,48.445,47.375,47.425,35726895,48.015,-1.166238387033,INTC
2021-12-14,47.245,47.695,46.745,47.125,34120382,47.425,-0.59999999999999,INTC
2021-12-15,47.295,48.205,46.75,48.095,32590323,47.125,1.9517102615694,INTC
2021-12-16,48.165,48.825,48.0,48.255,33132254,48.095,0.31576869942766,INTC
2021-12-17,48.015,48.445,47.435,48.045,50190417,48.255,-0.41314184536691,INTC
2021-12-20,47.335,47.555,46.385,47.025,30140276,48.045,-2.0150138285263,INTC
2021-12-21,47.365,48.265,47.365,48.195,31956292,47.025,2.3588709677419,INTC
2021-12-22,48.065,48.445,47.635,48.395,23307948,48.195,0.39393342525112,INTC
2021-12-23,48.505,49.155,48.475,48.735,25198249,48.395,0.6670590543457,INTC
2021-12-27,48.775,49.485,48.727,49.365,20990716,48.735,1.2278308321964,INTC
2021-12-28,49.355,49.545,49.055,49.185,19290438,49.365,-0.34655371582595,INTC
2021-12-29,49.235,49.565,49.085,49.255,14174781,49.185,0.13523956723339,INTC
2021-12-30,49.345,49.565,49.075,49.165,18359360,49.255,-0.17364460737024,INTC
2021-12-31,49.315,49.584,48.885,48.925,16318965,49.165,-0.46385775028991,INTC
2022-01-03,49.075,50.655,49.025,50.635,33892932,48.925,3.3203883495146,INTC
2022-01-04,50.995,51.36,50.075,50.565,45681384,50.635,-0.13155421913174,INTC
2022-01-05,51.613,53.595,51.255,51.295,59109324,50.565,1.3737297704178,INTC
2022-01-06,52.035,52.095,50.84,51.435,35757881,51.295,0.25988490811212,INTC
2022-01-07,51.615,51.815,50.575,50.865,30717218,51.435,-1.0553601184966,INTC
2022-01-10,51.395,52.735,50.735,52.635,49260830,50.865,3.312125748503,INTC
2022-01-11,52.925,53.505,52.155,53.335,39795188,52.635,1.2678862524905,INTC
2022-01-12,53.561,53.705,52.235,53.165,29136787,53.335,-0.30406009658379,INTC
2022-01-13,53.425,53.635,52.195,52.365,29605351,53.165,-1.4352350197345,INTC
2022-01-14,52.275,53.195,51.955,53.125,30151532,52.365,1.3833272661085,INTC
2022-01-18,52.735,53.075,52.105,52.185,35332588,53.125,-1.6876122082585,INTC
2022-01-19,52.055,52.275,50.985,51.045,30595113,52.185,-2.081811541271,INTC
2022-01-20,51.285,51.51,49.365,49.465,28582607,51.045,-2.946661693398,INTC
2022-01-21,49.505,50.555,49.375,49.465,46372373,49.465,0.0,INTC
2022-01-24,48.905,49.554,47.305,49.365,64273633,49.465,-0.19215987701768,INTC
2022-01-25,48.435,49.045,47.675,48.425,44095360,49.365,-1.80978051598,INTC
2022-01-26,48.555,50.145,48.175,49.115,54895393,48.425,1.3529411764706,INTC
2022-01-27,47.405,47.485,45.205,45.475,89642770,49.115,-7.0419810408203,INTC
2022-01-28,45.135,45.625,43.725,45.155,61945408,45.475,-0.66597294484912,INTC
2022-01-31,45.105,46.295,44.73,46.245,51828446,45.155,2.2836790278651,INTC
2022-02-01,46.2,46.455,45.785,46.375,35386062,46.245,0.26628430970914,INTC
2022-02-02,45.67,47.005,45.515,46.935,37962659,46.375,1.144024514811,INTC
2022-02-03,46.675,47.11,45.675,45.705,42145836,46.935,-2.4843465966471,INTC
2022-02-04,45.65,46.03,44.92,45.8,32431494,45.705,-0.5592377796189,INTC
2022-02-07,45.92,46.45,45.75,45.97,27558469,45.8,0.35409289731306,INTC
2022-02-08,45.77,46.73,45.69,46.6,28051185,45.97,1.307596513076,INTC
2022-02-09,47.12,47.76,46.615,47.7,35217300,46.6,2.2536365498873,INTC
2022-02-10,46.97,47.723,46.55,46.65,32762682,47.7,-2.1037868162693,INTC
2022-02-11,46.74,46.9,45.29,45.42,37208227,46.65,-2.5173966434711,INTC
2022-02-14,45.71,45.967,44.9,45.37,28456926,45.42,-0.10497585555323,INTC
2022-02-15,45.49,46.25,44.98,46.23,35857524,45.37,1.807482135351,INTC
2022-02-16,45.85,46.28,45.39,46.02,26022941,46.23,-0.4335260115607,INTC
2022-02-17,45.65,46.05,45.17,45.36,32030624,46.02,-1.3684428778768,INTC
2022-02-18,43.98,44.0,42.3,42.83,76520104,45.36,-5.3184780323733,INTC
2022-02-22,42.48,43.195,41.64,42.48,57093316,42.83,-0.77708703374778,INTC
2022-02-23,42.96,43.5,42.341,42.44,38176736,42.48,-0.089505482210784,INTC
2022-02-24,41.69,44.58,41.415,44.51,72740052,42.44,4.6360582306831,INTC
2022-02-25,44.72,45.58,44.04,45.5,39266331,44.51,2.1190068493151,INTC
2022-02-28,44.79,45.61,44.64,45.49,41946114,45.5,-0.020959966464049,INTC
2022-03-01,45.33,45.69,44.01,44.61,53852979,45.49,-1.8448637316562,INTC
2022-03-02,45.31,46.78,45.27,46.66,46936509,44.61,4.3784707390004,INTC
2022-03-03,45.97,46.34,45.414,45.72,36389883,46.66,-1.9234704317577,INTC
2022-03-04,45.16,46.055,45.16,45.86,38324991,45.72,0.29209263509284,INTC
2022-03-07,45.795,46.33,45.39,45.47,43813747,45.86,-0.81131682962347,INTC
2022-03-08,45.48,46.51,44.68,45.29,44813947,45.47,-0.37751677852349,INTC
2022-03-09,46.2,46.25,44.675,45.42,36076458,45.29,0.27368421052632,INTC
2022-03-10,45.08,45.1,43.945,44.45,36455953,45.42,-2.0365315977325,INTC
2022-03-11,44.94,45.065,43.555,43.62,27082085,44.45,-1.7788255465066,INTC
2022-03-14,43.69,43.77,42.09,42.19,35993898,43.62,-3.1202269255946,INTC
2022-03-15,42.29,42.69,41.86,42.6,34448890,42.19,0.92342342342343,INTC
2022-03-16,43.09,44.42,43.06,44.42,38885498,42.6,4.0615933943316,INTC
2022-03-17,44.11,45.077,43.52,44.93,28554988,44.42,1.0937164915291,INTC
2022-03-18,44.61,45.39,44.14,45.24,46237117,44.93,0.65761561306746,INTC
2022-03-21,45.25,45.68,44.855,45.18,32910943,45.24,-0.12644889357219,INTC
2022-03-22,45.29,46.26,45.19,46.18,27923323,45.18,2.1101498206373,INTC
2022-03-23,46.25,47.37,45.85,46.06,37126378,46.18,-0.24798512089274,INTC
2022-03-24,46.45,49.44,46.38,49.41,51677908,46.06,6.9401284441682,INTC
2022-03-25,48.48,49.768,48.24,49.62,33249492,49.41,0.40681906237892,INTC
2022-03-28,49.15,49.36,48.35,49.3,22932366,49.62,-0.61740304842755,INTC
2022-03-29,49.79,50.08,49.065,50.04,27303707,49.3,1.4366142496603,INTC
2022-03-30,50.04,50.3,49.01,49.22,24623262,50.04,-1.5693779904306,INTC
2022-03-31,48.99,49.05,47.3,47.35,43698250,49.22,-3.6360101108302,INTC
2022-04-01,47.62,47.69,45.115,45.9,46598563,47.35,-2.9257465698144,INTC
2022-04-04,45.96,47.02,45.705,46.99,23811324,45.9,2.2656412388277,INTC
2022-04-05,46.62,46.77,45.81,45.92,25779171,46.99,-2.1747967479675,INTC
2022-04-06,45.23,45.96,45.03,45.33,31518748,45.92,-1.2258466652815,INTC
2022-04-07,45.215,45.7,44.56,45.35,24116972,45.33,0.042069835927646,INTC
2022-04-08,45.07,45.37,44.635,44.81,22167256,45.35,-1.1354079058032,INTC
2022-04-11,44.69,45.085,44.32,44.36,30352478,44.81,-0.95703955763505,INTC
2022-04-12,45.11,45.7,44.2,44.29,29861379,44.36,-0.15031135924415,INTC
2022-04-13,44.54,45.059,44.34,44.8,22171270,44.29,1.0967741935484,INTC
2022-04-14,44.535,44.54,43.41,43.46,36181843,44.8,-2.8504573495001,INTC
2022-04-18,43.32,44.68,43.31,44.43,25593058,43.46,2.1239325596672,INTC
2022-04-19,44.39,45.79,44.13,45.72,31483102,44.43,2.7658662092624,INTC
2022-04-20,46.15,46.54,45.765,45.9,22787142,45.72,0.3755476736908,INTC
2022-04-21,46.41,46.69,45.19,45.29,27316886,45.9,-1.267927665766,INTC
2022-04-22,45.24,45.44,44.29,44.33,28219860,45.29,-2.0210526315789,INTC
2022-04-25,44.0,44.93,43.97,44.85,35999251,44.33,1.1173184357542,INTC
2022-04-26,44.48,44.63,43.3,43.31,35356573,44.85,-3.2724181895453,INTC
2022-04-27,43.27,43.85,42.8,43.01,28320904,43.31,-0.65905096660809,INTC
2022-04-28,43.575,45.06,43.331,44.63,41097044,43.01,3.5824856258293,INTC
2022-04-29,42.78,43.15,41.29,41.38,70765887,44.63,-6.9385140905209,INTC
2022-05-02,41.51,42.78,41.3,42.75,45446472,41.38,3.1429226886901,INTC
2022-05-03,42.58,43.28,42.02,42.85,40158387,42.75,0.22241992882563,INTC
2022-05-04,42.85,44.43,42.2,44.33,44625615,42.85,3.2845095428318,INTC
2022-05-05,43.755,44.065,42.285,42.755,52996677,44.33,-4.1684572410829,INTC
2022-05-06,42.645,43.305,41.995,42.455,40916578,42.755,-0.67264573991032,INTC
2022-05-09,41.965,42.355,41.025,41.225,44925770,42.455,-2.7765237020316,INTC
2022-05-10,42.505,42.89,41.655,42.165,42770024,41.225,2.1824936150453,INTC
2022-05-11,42.175,42.445,40.935,40.985,40351666,42.165,-2.6812088161781,INTC
2022-05-12,40.885,41.06,40.165,40.995,42329642,40.985,0.023348120476314,INTC
2022-05-13,41.575,41.995,41.125,41.755,32034142,40.995,1.7740429505135,INTC
2022-05-16,41.575,41.765,40.94,41.235,25071905,41.755,-1.1926605504587,INTC
2022-05-17,41.975,42.575,41.805,42.555,28596629,41.235,3.0640668523677,INTC
2022-05-18,42.135,42.135,40.375,40.505,35218393,42.555,-4.6171171171171,INTC
2022-05-19,40.475,40.855,39.875,40.165,29181007,40.505,-0.80283353010627,INTC
2022-05-20,40.4,40.445,38.465,39.805,44802286,40.165,-0.8569388240895,INTC
2022-05-23,39.845,40.405,39.48,40.155,27199487,39.805,0.84033613445378,INTC
2022-05-24,39.853,40.045,39.255,39.825,29837489,40.155,-0.78571428571428,INTC
2022-05-25,39.595,40.67,39.545,40.355,26283081,39.825,1.2718982481402,INTC
2022-05-26,40.325,41.835,40.235,41.635,28826682,40.355,3.0331753554502,INTC
2022-05-27,41.745,42.705,41.705,42.705,30553321,41.635,2.4609015639374,INTC
2022-05-31,42.405,42.905,41.8,42.575,41111478,42.705,-0.29180695847361,INTC
2022-06-01,42.925,43.085,41.68,42.265,29885543,42.575,-0.69788383610987,INTC
2022-06-02,42.345,43.035,42.095,42.995,28727637,42.265,1.6549535252777,INTC
2022-06-03,42.26,42.401,41.495,41.545,33174656,42.995,-3.2337198929527,INTC
2022-06-06,41.965,42.195,41.235,41.495,25437061,41.545,-0.11523392486747,INTC
2022-06-07,41.215,41.745,40.815,41.685,25168689,41.495,0.43839409321642,INTC
2022-06-08,40.405,40.415,39.185,39.385,59649874,41.685,-5.2837123822651,INTC
2022-06-09,39.165,39.505,38.165,38.165,39047182,39.385,-2.9590104292991,INTC
2022-06-10,38.005,38.235,37.335,37.335,43084434,38.165,-2.0744813796551,INTC
2022-06-13,36.705,36.965,35.825,35.925,50335922,37.335,-3.5987748851455,INTC
2022-06-14,36.165,36.355,35.695,36.085,31351683,35.925,0.4236166269526,INTC
2022-06-15,36.715,37.325,36.075,36.805,37652256,36.085,1.8982335881888,INTC
2022-06-16,35.85,35.945,35.085,35.495,45576545,36.805,-3.3893919793014,INTC
2022-06-17,35.635,36.275,34.755,35.125,71393194,35.495,-0.99089448312802,INTC
2022-06-21,35.515,36.18,35.48,35.885,34004880,35.125,2.0557208547471,INTC
2022-06-22,35.485,35.925,35.375,35.535,32591524,35.885,-0.92764378478663,INTC
2022-06-23,35.765,35.775,35.065,35.565,30162971,35.535,0.08025682182984,INTC
2022-06-24,36.0,36.795,35.895,36.765,38159913,35.565,3.2076984763432,INTC
2022-06-27,37.025,37.215,36.625,36.785,29585325,36.765,0.05180005180006,INTC
2022-06-28,36.735,37.175,35.895,35.935,37842731,36.785,-2.2003624126327,INTC
2022-06-29,35.695,35.75,35.175,35.445,25437197,35.935,-1.2969825304394,INTC
2022-06-30,35.365,36.155,34.88,35.565,35141045,35.445,0.32180209171359,INTC
2022-07-01,35.245,35.355,34.035,34.495,40596289,35.565,-2.8601978080727,INTC
2022-07-05,34.085,34.895,33.695,34.845,33225868,34.495,0.96312603192073,INTC
2022-07-06,34.975,35.58,34.615,35.145,26258324,34.845,0.81766148814392,INTC
2022-07-07,36.045,36.485,35.885,36.295,33165410,35.145,3.1089483644228,INTC
2022-07-08,35.815,36.295,35.545,36.145,22566348,36.295,-0.39328788673308,INTC
2022-07-11,35.815,35.83,35.185,35.355,25946879,36.145,-2.0794946038431,INTC
2022-07-12,35.805,35.855,35.145,35.365,30546281,35.355,0.026881720430102,INTC
2022-07-13,34.835,35.585,34.775,35.365,27059156,35.365,0.0,INTC
2022-07-14,35.145,36.31,34.445,35.865,36690674,35.365,1.3437248051599,INTC
2022-07-15,36.425,36.825,35.885,36.775,32892293,35.865,2.4131530098117,INTC
2022-07-18,37.255,37.495,36.68,36.865,30814369,36.775,0.23303987571208,INTC
2022-07-19,37.475,38.885,37.395,38.375,53095319,36.865,3.9008008266598,INTC
2022-07-20,38.365,38.825,37.715,38.715,36387873,38.375,0.84535057185481,INTC
2022-07-21,38.665,38.8,37.975,38.765,29661198,38.715,0.12327416173569,INTC
2022-07-22,38.525,38.665,37.095,37.355,41349965,38.765,-3.4720512189116,INTC
2022-07-25,37.44,37.565,36.705,37.315,32263404,37.355,-0.10204081632655,INTC
2022-07-26,37.255,37.72,37.035,37.115,35925485,37.315,-0.51072522982634,INTC
2022-07-27,37.425,38.58,37.385,38.335,42571580,37.115,3.1314168377823,INTC
2022-07-28,38.245,38.275,37.195,37.865,56662303,38.335,-1.1697361871578,INTC
2022-07-29,33.76,34.775,33.395,34.465,125292383,37.865,-8.5620750440695,INTC
2022-08-01,34.205,35.845,34.205,35.115,52513446,34.465,1.7901404571743,INTC
2022-08-02,34.745,34.815,34.155,34.165,53929371,35.115,-2.5703463203463,INTC
2022-08-03,34.245,34.745,33.415,34.675,59513858,34.165,1.4162732574285,INTC
2022-08-04,34.532,34.62,33.88,34.18,54046258,34.675,-2.354874041621,INTC
2022-08-05,33.865,34.21,33.7,33.91,40205089,34.18,-0.75715086932136,INTC
2022-08-08,33.88,34.48,33.72,33.9,41601566,33.91,-0.028256569652439,INTC
2022-08-09,33.74,33.82,32.92,33.04,48202280,33.9,-2.4307518371962,INTC
2022-08-10,33.51,33.92,33.11,33.89,42243304,33.04,2.4623406720741,INTC
2022-08-11,34.16,34.81,34.005,34.11,35569724,33.89,0.62199604184339,INTC
2022-08-12,34.32,34.66,34.19,34.63,37675228,34.11,1.4610845743186,INTC
2022-08-15,34.62,34.95,34.23,34.86,25400551,34.63,0.63694267515925,INTC
2022-08-16,34.68,35.095,34.22,34.71,25000240,34.86,-0.41276829939462,INTC
2022-08-17,34.33,34.595,33.79,34.3,29176062,34.71,-1.1329096435479,INTC
2022-08-18,34.2,34.85,34.09,34.72,24598225,34.3,1.1738401341532,INTC
2022-08-19,34.32,34.545,33.71,33.9,31425530,34.72,-2.2651933701657,INTC
2022-08-22,33.52,33.58,32.25,32.36,51006127,33.9,-4.3527416619559,INTC
2022-08-23,32.5,32.91,32.43,32.47,30687098,32.36,0.32505910165484,INTC
2022-08-24,32.49,32.51,32.12,32.38,25105652,32.47,-0.26509572901326,INTC
2022-08-25,32.39,33.45,32.34,33.41,29799148,32.38,3.0419373892499,INTC
2022-08-26,33.47,33.545,31.87,31.88,44851477,33.41,-4.3852106620808,INTC
2022-08-29,31.745,31.93,31.33,31.46,32976762,31.88,-1.2589928057554,INTC
2022-08-30,31.56,31.59,30.67,30.78,40182452,31.46,-2.0643594414086,INTC
2022-08-31,30.905,30.905,30.29,30.44,44074488,30.78,-1.0539367637942,INTC
2022-09-01,30.092,30.345,29.65,30.28,36440681,30.44,-0.50125313283208,INTC
2022-09-02,30.73,30.895,29.58,29.74,34893283,30.28,-1.7002518891688,INTC
2022-09-06,29.91,29.91,28.85,28.88,46989603,29.74,-2.7546444586803,INTC
2022-09-07,28.94,29.305,28.57,29.17,37329544,28.88,0.95520421607378,INTC
2022-09-08,28.89,29.367,28.43,29.27,37359472,29.17,0.32626427406199,INTC
2022-09-09,29.71,30.02,29.595,29.98,34081212,29.27,2.3089430894309,INTC
2022-09-12,30.255,30.38,29.62,30.08,38305494,29.98,0.31786395422758,INTC
2022-09-13,29.35,29.45,27.77,27.81,71417851,30.08,-7.1926489226869,INTC
2022-09-14,28.07,28.285,27.53,27.7,40767169,27.81,-0.37555479685899,INTC
2022-09-15,27.67,27.93,27.23,27.36,39919105,27.7,-1.1651816312543,INTC
2022-09-16,27.22,27.84,26.94,27.76,72747992,27.36,1.3869625520111,INTC
2022-09-19,27.54,28.02,27.42,27.96,33151882,27.76,0.68399452804379,INTC
2022-09-20,27.585,27.685,27.23,27.48,31129028,27.96,-1.6304347826087,INTC
2022-09-21,27.67,28.11,26.98,26.99,39977313,27.48,-1.6919889502762,INTC
2022-09-22,26.92,27.02,26.56,26.59,36092669,26.99,-1.4049877063576,INTC
2022-09-23,26.42,26.42,25.71,26.04,43491060,26.59,-1.9593872461703,INTC
2022-09-26,26.08,26.22,25.38,25.49,44786413,26.04,-1.9985465116279,INTC
2022-09-27,25.92,26.115,25.14,25.41,44121431,25.49,-0.29662588060808,INTC
2022-09-28,25.38,25.8,25.12,25.65,40433354,25.41,0.8925251022685,INTC
2022-09-29,25.3,25.3,24.705,24.9,41831294,25.65,-2.7644673792849,INTC
2022-09-30,24.82,25.09,24.26,24.29,43820964,24.9,-2.3123578468537,INTC
2022-10-03,24.85,25.77,24.585,25.49,44096180,24.29,4.6565774155995,INTC
2022-10-04,25.945,26.315,25.61,26.22,42427480,25.49,2.7067111605488,INTC
2022-10-05,25.885,26.36,25.41,26.16,30119962,26.22,-0.21660649819494,INTC
2022-10-06,25.96,26.28,25.52,25.7,33985131,26.16,-1.6642547033285,INTC
2022-10-07,24.69,24.795,24.171,24.24,57215513,25.7,-5.3715967623252,INTC
2022-10-10,24.46,24.51,23.61,23.72,43409338,24.24,-2.0217729393468,INTC
2022-10-11,23.53,24.0,23.21,23.56,48134930,23.72,-0.63492063492064,INTC
2022-10-12,23.57,24.04,23.18,23.85,39634056,23.56,1.1581469648562,INTC
2022-10-13,23.245,25.355,23.11,24.94,62447044,23.85,4.3031977891828,INTC
2022-10-14,24.98,25.15,24.28,24.43,48185367,24.94,-1.9303557910674,INTC
2022-10-17,24.83,25.27,24.691,24.94,39416474,24.43,1.9683519876496,INTC
2022-10-18,25.26,25.475,24.06,24.39,51126851,24.94,-2.0817562452687,INTC
2022-10-19,24.255,24.77,24.21,24.52,33882274,24.39,0.50251256281407,INTC
2022-10-20,24.67,25.47,24.465,24.6,33247689,24.52,0.3076923076923,INTC
2022-10-21,24.37,25.57,24.31,25.49,53058711,24.6,3.4125766871166,INTC
2022-10-24,25.27,26.0,25.04,25.7,43831588,25.49,0.77864293659622,INTC
2022-10-25,25.7,26.075,25.52,25.93,32205300,25.7,0.84621044885946,INTC
2022-10-26,25.71,26.32,25.51,25.73,37153931,25.93,-0.72966070777088,INTC
2022-10-27,25.97,26.11,24.65,24.79,56305125,25.73,-3.4546122748989,INTC
2022-10-28,26.695,27.739,26.38,27.59,91695696,24.79,10.658545869813,INTC
2022-10-31,27.6,27.7,26.57,26.95,59507744,27.59,-2.2015823873409,INTC
2022-11-01,27.32,27.37,26.41,26.82,44418730,26.95,-0.45726345409778,INTC
2022-11-02,26.79,27.37,25.93,25.94,51956099,26.82,-3.1095406360424,INTC
2022-11-03,25.97,26.4,25.69,25.91,39678189,25.94,-0.109409190372,INTC
2022-11-04,26.455,27.12,26.295,27.085,43051927,25.91,2.9572836801752,INTC
2022-11-07,27.245,27.35,26.775,27.295,34389783,27.085,0.74468085106383,INTC
2022-11-08,27.64,27.835,26.815,27.365,36257963,27.295,0.24639211545231,INTC
2022-11-09,27.105,27.185,26.405,26.405,30544782,27.365,-3.3707865168539,INTC
2022-11-10,27.765,28.715,27.53,28.645,62943924,26.405,8.1395348837209,INTC
2022-11-11,27.81,29.515,27.755,29.315,49826517,28.645,2.2513440860215,INTC
2022-11-14,29.225,29.875,29.065,29.235,39395339,29.315,-0.26289845547157,INTC
2022-11-15,29.98,30.22,29.05,29.595,40933223,29.235,1.1861614497529,INTC
2022-11-16,28.995,29.115,28.325,28.415,35582751,29.595,-3.8423966134809,INTC
2022-11-17,27.95,28.835,27.885,28.775,31992738,28.415,1.2190992211311,INTC
2022-11-18,29.145,29.145,28.495,28.755,27122210,28.775,-0.06691201070592,INTC
2022-11-21,28.545,28.6,27.795,27.825,36086768,28.755,-3.1134917977904,INTC
2022-11-22,28.02,28.745,27.941,28.705,25584062,27.825,3.0407740152039,INTC
2022-11-23,28.615,28.965,28.375,28.555,23143868,28.705,-0.50301810865191,INTC
2022-11-25,28.565,28.565,28.22,28.225,11314878,28.555,-1.1122345803842,INTC
2022-11-28,27.985,28.075,27.425,27.61,28282116,28.225,-2.0961145194274,INTC
2022-11-29,27.735,28.065,27.625,27.785,24361493,27.61,0.60922541340295,INTC
2022-11-30,27.655,28.965,27.105,28.955,72072532,27.785,4.0484429065744,INTC
2022-12-01,29.125,29.365,28.405,28.715,38896309,28.955,-0.79813767874959,INTC
2022-12-02,28.055,28.315,27.595,28.295,31545955,28.715,-1.4079785450888,INTC
2022-12-05,28.305,28.635,27.775,28.055,34040384,28.295,-0.81604896293777,INTC
2022-12-06,28.075,28.195,27.229,27.485,27701186,28.055,-1.9540623928694,INTC
2022-12-07,27.165,27.435,27.035,27.215,28239933,27.485,-0.94405594405596,INTC
2022-12-08,27.205,27.485,26.95,27.325,28486091,27.215,0.38828097423227,INTC
2022-12-09,27.275,27.665,27.075,27.125,25641349,27.325,-0.70323488045008,INTC
2022-12-12,27.015,27.595,26.744,27.575,35117866,27.125,1.5934844192635,INTC
2022-12-13,28.675,28.975,27.255,27.615,58546839,27.575,0.13942140118508,INTC
2022-12-14,27.395,28.005,26.895,27.145,37141077,27.615,-1.6359206404455,INTC
2022-12-15,26.825,26.885,26.005,26.035,45682654,27.145,-3.927813163482,INTC
2022-12-16,25.885,26.02,25.337,25.805,81104229,26.035,-0.84714548802945,INTC
2022-12-19,25.785,25.855,25.385,25.675,37662461,25.805,-0.48291233283805,INTC
2022-12-20,25.42,25.755,25.305,25.325,31863274,25.675,-1.3064576334453,INTC
2022-12-21,25.475,25.855,25.465,25.715,28100906,25.325,1.4750378214826,INTC
2022-12-22,25.335,25.337,24.235,24.855,47478307,25.715,-3.2053671263511,INTC
2022-12-23,24.805,25.075,24.569,24.975,23600916,24.855,0.46207162110127,INTC
2022-12-27,24.73,24.985,24.535,24.825,29548058,24.975,-0.57493292449214,INTC
2022-12-28,24.725,25.0,24.385,24.425,26176917,24.825,-1.5420200462606,INTC
2022-12-29,24.655,25.175,24.635,25.095,30944829,24.425,2.6233359436179,INTC
2022-12-30,24.787,25.345,24.685,25.315,31030094,25.095,0.83937428462418,INTC
2023-01-03,25.93,25.955,25.255,25.615,31307955,25.315,1.1350737797957,INTC
2023-01-04,26.295,26.805,26.045,26.565,37665199,25.615,3.5540591096147,INTC
2023-01-05,26.32,26.664,26.265,26.445,33552552,26.565,-0.4335260115607,INTC
2023-01-06,26.815,27.715,26.265,27.615,31788634,26.445,4.2452830188679,INTC
2023-01-09,27.725,28.75,27.725,28.195,37493157,27.615,2.018795683954,INTC
2023-01-10,28.12,28.395,27.8,28.325,23008080,28.195,0.44353462981918,INTC
2023-01-11,28.565,28.765,27.885,28.735,30375377,28.325,1.3926630434783,INTC
2023-01-12,28.865,29.265,28.355,29.175,28963879,28.735,1.4740368509213,INTC
2023-01-13,28.855,29.055,28.695,28.995,31361937,29.175,-0.59425552987785,INTC
2023-01-17,29.065,29.141,28.405,28.485,34759080,28.995,-1.6937894387247,INTC
2023-01-18,28.685,28.705,27.515,27.695,44199580,28.485,-2.6689189189189,INTC
2023-01-19,27.495,27.64,27.125,27.305,36886615,27.695,-1.3536966331135,INTC
2023-01-20,27.305,28.115,27.135,28.105,35158497,27.305,2.8149190710767,INTC
2023-01-23,28.21,29.375,28.065,29.155,38795838,28.105,3.5934291581109,INTC
2023-01-24,28.825,29.075,28.615,28.805,24855130,29.155,-1.1562603237529,INTC
2023-01-25,28.405,28.77,28.055,28.585,28268023,28.805,-0.73529411764707,INTC
2023-01-26,28.945,28.995,28.215,28.975,56088080,28.585,1.3131313131313,INTC
2023-01-27,25.955,27.125,25.665,27.045,148548190,28.975,-6.4140910601529,INTC
2023-01-30,26.6,27.395,26.555,26.835,55145771,27.045,-0.74573863636364,INTC
2023-01-31,26.665,27.175,26.415,27.145,52621578,26.835,1.1091234347048,INTC
2023-02-01,26.775,28.315,26.565,27.955,63330567,27.145,2.8662420382166,INTC
2023-02-02,28.135,29.185,27.68,29.075,62230659,27.955,3.8527691778466,INTC
2023-02-03,28.505,30.055,28.415,29.205,57603100,29.075,0.43060616098045,INTC
2023-02-06,28.8,28.9,27.86,27.94,48726359,29.205,-5.3759894459103,INTC
2023-02-07,27.9,28.52,27.68,28.3,50780776,27.94,1.2547926106657,INTC
2023-02-08,28.2,28.37,27.46,27.49,36479123,28.3,-2.7882960413081,INTC
2023-02-09,27.93,28.07,26.815,26.98,43906378,27.49,-1.8059490084986,INTC
2023-02-10,26.88,27.24,26.585,27.05,31232544,26.98,0.2524341868013,INTC
2023-02-13,27.12,27.8,26.965,27.8,32347470,27.05,2.6978417266187,INTC
2023-02-14,27.63,27.97,27.24,27.89,27928929,27.8,0.31523642732049,INTC
2023-02-15,27.61,28.13,27.41,28.1,23387676,27.89,0.73324022346369,INTC
2023-02-16,27.75,28.075,27.38,27.45,28972476,28.1,-2.2530329289428,INTC
2023-02-17,27.25,27.32,26.63,26.86,32086218,27.45,-2.0921985815603,INTC
2023-02-21,26.36,26.52,25.29,25.31,63668362,26.86,-5.6139080043463,INTC
2023-02-22,25.16,26.15,24.55,24.72,89195317,25.31,-2.2640061396777,INTC
2023-02-23,25.03,25.33,24.57,24.86,56473237,24.72,0.5496662740479,INTC
2023-02-24,24.47,24.6,24.17,24.39,44089879,24.86,-1.8352206169465,INTC
2023-02-27,24.8,24.83,24.13,24.15,37656956,24.39,-0.9546539379475,INTC
2023-02-28,24.19,24.37,23.98,24.18,50255301,24.15,0.12048192771085,INTC
2023-03-01,24.28,25.17,24.22,24.58,47823397,24.18,1.6044925792218,INTC
2023-03-02,24.461,25.55,24.37,25.45,48381068,24.58,3.4346624555863,INTC
2023-03-03,25.45,25.725,25.26,25.65,36744858,25.45,0.76335877862595,INTC
2023-03-06,25.72,25.79,25.18,25.24,37879835,25.65,-1.5530303030303,INTC
2023-03-07,25.09,25.24,24.75,24.78,43164607,25.24,-1.7699115044248,INTC
2023-03-08,24.81,25.26,24.7,25.23,36071934,24.78,1.7626321974148,INTC
2023-03-09,25.23,26.227,25.22,25.69,54886084,25.23,1.7705927636644,INTC
2023-03-10,25.8,26.77,25.565,26.47,65187031,25.69,2.9500756429652,INTC
2023-03-13,25.99,26.56,25.86,26.2,50976996,26.47,-0.99191770756796,INTC
2023-03-14,26.6,27.35,26.5,27.26,47689837,26.2,3.9332096474954,INTC
2023-03-15,26.98,27.745,26.91,27.66,49322838,27.26,1.4280614066405,INTC
2023-03-16,27.64,29.52,27.64,29.43,75804234,27.66,6.2302006335797,INTC
2023-03-17,29.17,30.25,28.69,29.06,80628498,29.43,-1.2259774685222,INTC
2023-03-20,29.05,29.15,27.88,28.41,38780054,29.06,-2.180476350218,INTC
2023-03-21,28.25,28.415,27.225,27.71,55650832,28.41,-2.400548696845,INTC
2023-03-22,27.73,28.37,27.35,27.38,37415539,27.71,-1.1595221363317,INTC
2023-03-23,27.63,28.41,27.47,28.28,43785479,27.38,3.1994312122289,INTC
2023-03-24,28.29,29.06,28.175,28.61,55931606,28.28,1.1367550809507,INTC
2023-03-27,28.62,28.98,28.33,28.43,34758156,28.61,-0.61307901907357,INTC
2023-03-28,28.325,28.58,27.88,28.54,37407874,28.43,0.37697052775874,INTC
2023-03-29,29.02,31.14,29.005,30.77,85556189,28.54,7.6135199726869,INTC
2023-03-30,31.1,31.83,31.06,31.34,70077598,30.77,1.8083756345178,INTC
2023-03-31,31.05,32.15,30.98,31.92,59764991,31.34,1.807416640698,INTC
2023-04-03,32.19,32.81,31.79,32.14,57038344,31.92,0.67340067340067,INTC
2023-04-04,32.1,33.09,32.09,32.35,55714058,32.14,0.63849194283977,INTC
2023-04-05,32.045,32.24,31.585,32.08,39615735,32.35,-0.81570996978853,INTC
2023-04-06,31.85,32.25,31.71,32.06,28551916,32.08,-0.060919890344185,INTC
2023-04-10,31.85,32.01,31.45,31.77,30534439,32.06,-0.8838768668089,INTC
2023-04-11,31.91,32.36,31.57,31.6,27059106,31.77,-0.52275522755228,INTC
2023-04-12,32.02,32.14,31.21,31.27,37070786,31.6,-1.0200927357032,INTC
2023-04-13,31.07,31.68,30.9,31.38,29722344,31.27,0.34353529044347,INTC
2023-04-14,31.25,31.485,30.94,31.14,24623633,31.38,-0.74696545284781,INTC
2023-04-17,31.2,31.89,31.02,31.39,29601148,31.14,0.78394481028536,INTC
2023-04-18,31.68,31.71,31.03,31.08,26041380,31.39,-0.96453018046049,INTC
2023-04-19,30.35,30.77,30.33,30.4,25746574,31.08,-2.1363493559535,INTC
2023-04-20,30.01,30.5,29.96,30.11,30255069,30.4,-0.93097913322632,INTC
2023-04-21,30.09,30.09,29.475,29.55,28655762,30.11,-1.8146467919637,INTC
2023-04-24,29.38,29.62,28.86,28.91,38732452,29.55,-2.1122112211221,INTC
2023-04-25,28.69,28.82,28.12,28.13,38289873,28.91,-2.6298044504383,INTC
2023-04-26,28.45,29.06,28.085,28.3,41218805,28.13,0.58864265927978,INTC
2023-04-27,28.0,29.195,27.76,29.11,60186244,28.3,2.7882960413081,INTC
2023-04-28,31.225,31.82,30.06,30.31,80252444,29.11,4.0187541862023,INTC
2023-05-01,30.36,30.49,29.53,29.55,36918529,30.31,-2.4468770122344,INTC
2023-05-02,29.55,29.825,29.0,29.02,33463356,29.55,-1.7491749174918,INTC
2023-05-03,29.89,30.36,29.495,29.9,45554489,29.02,2.9559959690964,INTC
2023-05-04,29.81,31.095,29.755,30.615,46104019,29.9,1.9249592169657,INTC
2023-05-05,30.755,30.785,30.105,30.365,35024562,30.615,-0.80025608194622,INTC
2023-05-08,30.075,30.215,29.765,30.145,30882801,30.365,-0.70990642142626,INTC
2023-05-09,29.755,29.955,29.285,29.475,30706515,30.145,-2.1774455638609,INTC
2023-05-10,29.665,29.771,28.865,29.345,40526521,29.475,-0.43189368770765,INTC
2023-05-11,28.975,29.055,28.195,28.235,47144359,29.345,-3.7037037037037,INTC
2023-05-12,28.4,28.475,28.095,28.325,24153820,28.235,0.31185031185031,INTC
2023-05-15,28.275,29.2,28.255,29.175,28717475,28.325,2.9360967184801,INTC
2023-05-16,28.995,29.275,28.585,28.595,22812040,29.175,-1.9463087248322,INTC
2023-05-17,28.895,28.935,28.055,28.245,41667261,28.595,-1.1978097193703,INTC
2023-05-18,28.375,29.135,28.245,29.055,36529193,28.245,2.8056806373398,INTC
2023-05-19,28.975,29.615,28.875,29.305,40682998,29.055,0.84231805929919,INTC
2023-05-22,29.225,29.825,29.19,29.655,28693438,29.305,1.1693952555964,INTC
2023-05-23,29.425,29.57,28.865,28.885,29400851,29.655,-2.5429326287979,INTC
2023-05-24,28.685,28.865,28.195,28.375,28045840,28.885,-1.7282277194172,INTC
2023-05-25,27.665,27.665,26.23,26.775,78009435,28.375,-5.5172413793103,INTC
2023-05-26,26.815,28.465,26.475,28.375,71910621,26.775,5.8394160583942,INTC
2023-05-30,29.075,29.415,28.37,29.365,54874794,28.375,3.4137931034483,INTC
2023-05-31,29.075,31.665,29.045,30.815,136243760,29.365,4.8349449816606,INTC
2023-06-01,31.175,31.315,30.395,30.505,52667368,30.815,-0.98600508905853,INTC
2023-06-02,30.773,30.965,30.2,30.685,36520957,30.505,0.57822036620623,INTC
2023-06-05,30.685,30.775,29.205,29.235,48244128,30.685,-4.6311082721175,INTC
2023-06-06,29.145,30.825,29.07,30.335,42295293,29.235,3.6838580040188,INTC
2023-06-07,30.405,30.745,30.305,30.655,39097992,30.335,1.0335917312662,INTC
2023-06-08,30.805,31.225,30.435,31.195,35198952,30.655,1.7263427109974,INTC
2023-06-09,31.305,31.365,30.055,30.715,40227073,31.195,-1.5084852294155,INTC
2023-06-12,30.775,32.675,30.735,32.445,59926114,30.715,5.5201021059349,INTC
2023-06-13,33.145,33.325,32.445,33.285,51990041,32.445,2.5400665255518,INTC
2023-06-14,33.245,34.975,33.175,34.955,74404291,33.285,4.9248009436744,INTC
2023-06-15,34.655,35.795,34.59,35.195,67676296,34.955,0.67453625632378,INTC
2023-06-16,35.735,36.17,34.97,35.745,110240279,35.195,1.535455053043,INTC
2023-06-20,36.145,36.485,34.09,34.375,65970238,35.745,-3.7668408028595,INTC
2023-06-21,34.29,34.425,32.205,32.275,70973521,34.375,-6.0,INTC
2023-06-22,32.065,32.615,31.5,32.085,45740308,32.275,-0.57750759878419,INTC
2023-06-23,31.585,32.825,31.405,32.375,46327140,32.085,0.88657902782024,INTC
2023-06-26,32.565,33.365,32.47,32.715,38952369,32.375,1.030303030303,INTC
2023-06-27,32.595,33.605,32.385,33.475,33038923,32.715,2.2795440911818,INTC
2023-06-28,32.985,33.185,32.41,32.945,33906877,33.475,-1.5542521994135,INTC
2023-06-29,32.715,32.715,31.865,32.285,38312970,32.945,-1.9660411081323,INTC
2023-06-30,32.734,32.935,32.535,32.815,33811252,32.285,1.610452749924,INTC
2023-07-03,32.915,33.265,32.515,32.995,15752979,32.815,0.53827751196172,INTC
2023-07-05,32.685,32.705,31.875,31.885,37664722,32.995,-3.3016061867936,INTC
2023-07-06,31.275,31.415,30.755,31.345,41711442,31.885,-1.6610273761919,INTC
2023-07-07,31.375,31.785,31.195,31.225,28356250,31.345,-0.37535189239912,INTC
2023-07-10,31.245,32.205,31.145,32.115,36305658,31.225,2.7943485086342,INTC
2023-07-11,32.195,32.735,31.875,32.675,28148832,32.115,1.7104459376909,INTC
2023-07-12,33.065,33.455,32.435,33.355,37762215,32.675,2.042042042042,INTC
2023-07-13,33.525,33.675,32.995,33.245,32745752,33.355,-0.32371983519717,INTC
2023-07-14,33.155,33.245,32.375,32.525,30438659,33.245,-2.1257750221435,INTC
2023-07-17,32.535,33.975,32.445,33.745,34111173,32.525,3.6802413273001,INTC
2023-07-18,33.655,34.075,33.205,33.875,29679514,33.745,0.37823683444865,INTC
2023-07-19,33.775,34.21,33.705,33.835,26486676,33.875,-0.1159420289855,INTC
2023-07-20,33.079,33.58,32.605,32.745,37877996,33.835,-3.163087637841,INTC
2023-07-21,33.1,33.625,32.795,33.395,79736956,32.745,1.9478573569074,INTC
2023-07-24,33.215,33.835,32.935,33.005,25283783,33.395,-1.1463844797178,INTC
2023-07-25,33.075,33.715,32.775,33.475,31771091,33.005,1.3975617008623,INTC
2023-07-26,33.095,33.9,33.075,33.735,32643239,33.475,0.7624633431085,INTC
2023-07-27,34.195,34.405,33.485,33.925,58890821,33.735,0.55296856810244,INTC
2023-07-28,36.125,36.365,34.885,36.205,90863013,33.925,6.5991316931983,INTC
2023-07-31,36.245,36.565,35.05,35.145,55630700,36.205,-2.8780885147977,INTC
2023-08-01,35.195,35.395,34.655,35.175,24743393,35.145,0.083869164103981,INTC
2023-08-02,34.525,34.555,33.656,33.765,39051971,35.175,-3.9385474860335,INTC
2023-08-03,33.665,34.405,33.505,34.245,24864381,33.765,1.3957545798197,INTC
2023-08-04,33.98,35.06,33.98,34.64,26674897,34.245,0.77430455979353,INTC
2023-08-07,34.91,35.05,34.25,34.73,22486870,34.64,0.25611838360841,INTC
2023-08-08,34.17,34.6,33.36,34.52,34753598,34.73,-0.59608288390574,INTC
2023-08-09,34.5,34.6,33.73,33.78,28720157,34.52,-2.1130782410051,INTC
2023-08-10,34.2,34.59,33.98,34.18,30957295,33.78,1.1668611435239,INTC
2023-08-11,33.96,34.445,33.86,34.39,28783730,34.18,0.60553633217993,INTC
2023-08-14,34.17,35.21,33.97,35.18,36896056,34.39,2.2642591000287,INTC
2023-08-15,34.91,35.125,34.25,34.27,27420309,35.18,-2.5504484304933,INTC
2023-08-16,34.02,34.13,32.96,33.03,35757254,34.27,-3.5662927811332,INTC
2023-08-17,33.06,33.09,31.85,32.08,39906739,33.03,-2.8332836266031,INTC
2023-08-18,31.73,32.41,31.68,32.25,23701056,32.08,0.52179251074279,INTC
2023-08-21,32.1,32.67,31.52,32.64,43718249,32.25,1.1908396946565,INTC
2023-08-22,32.72,33.3,32.33,32.39,23434190,32.64,-0.75437537718769,INTC
2023-08-23,32.38,33.65,32.3,33.48,32324309,32.39,3.3140772271207,INTC
2023-08-24,33.22,33.59,31.99,32.09,37930960,33.48,-4.0906415538552,INTC
2023-08-25,32.03,32.895,31.85,32.75,27324810,32.09,2.0251610923596,INTC
2023-08-28,33.0,33.28,32.71,33.12,22341778,32.75,1.1127819548872,INTC
2023-08-29,32.99,33.98,32.97,33.81,29943629,33.12,2.0523497917906,INTC
2023-08-30,33.56,34.16,33.275,34.03,26279156,33.81,0.64121247449723,INTC
2023-08-31,33.82,35.06,33.8,34.64,48157583,34.03,1.7665797856936,INTC
2023-09-01,35.29,36.25,35.23,36.11,43808478,34.64,4.1832669322709,INTC
2023-09-05,36.08,36.91,35.96,36.21,43379356,36.11,0.27314941272877,INTC
2023-09-06,36.06,36.54,35.53,36.48,39643390,36.21,0.73549441569054,INTC
2023-09-07,36.33,37.84,36.25,37.68,67659683,36.48,3.2449972958356,INTC
2023-09-08,37.62,38.33,37.213,37.51,44265054,37.68,-0.44525929806182,INTC
2023-09-11,37.74,38.24,37.34,38.09,36349291,37.51,1.5259142330966,INTC
2023-09-12,38.15,39.568,38.15,38.36,55326564,38.09,0.69966312516195,INTC
2023-09-13,38.3,38.65,37.75,38.21,35407780,38.36,-0.38600102933607,INTC
2023-09-14,38.31,38.4,37.795,38.17,30616490,38.21,-0.1033324722294,INTC
2023-09-15,37.92,38.02,37.12,37.38,68881240,38.17,-2.0429273338505,INTC
2023-09-18,37.12,37.89,37.01,37.49,29322150,37.38,0.29039070749736,INTC
2023-09-19,37.54,37.6,35.52,35.84,53288070,37.49,-4.3432482232166,INTC
2023-09-20,35.72,35.75,34.13,34.19,57660829,35.84,-4.5404512933407,INTC
2023-09-21,34.07,34.75,33.96,34.15,45240625,34.19,-0.11530700490055,INTC
2023-09-22,34.31,34.385,33.64,33.68,29241605,34.15,-1.3564213564214,INTC
2023-09-25,33.5,33.87,33.265,33.79,21729418,33.68,0.32182562902282,INTC
2023-09-26,33.64,34.28,33.14,33.33,34198291,33.79,-1.3414989792943,INTC
2023-09-27,33.42,34.325,33.38,34.11,44369070,33.33,2.305645876441,INTC
2023-09-28,34.15,35.156,33.88,34.68,32265276,34.11,1.6469228546663,INTC
2023-09-29,35.148,35.41,34.655,35.05,28763712,34.68,1.0517339397385,INTC
2023-10-02,35.11,35.475,34.48,34.96,26086163,35.05,-0.25316455696201,INTC
2023-10-03,34.765,36.04,34.765,35.19,45292632,34.96,0.64861816130851,INTC
2023-10-04,36.02,36.02,34.825,35.43,39842200,35.19,0.67245727094425,INTC
2023-10-05,35.47,35.6,35.1,35.39,25771233,35.43,-0.11132758140829,INTC
2023-10-06,35.37,35.96,34.68,35.69,33262158,35.39,0.83588743382557,INTC
2023-10-09,35.2,35.67,35.0,35.56,19376144,35.69,-0.35921525283226,INTC
2023-10-10,35.64,36.24,35.305,35.93,24044104,35.56,1.0260676650028,INTC
2023-10-11,36.12,36.53,35.88,36.38,19262602,35.93,1.2352456766401,INTC
2023-10-12,36.3,36.72,35.89,36.34,23639229,36.38,-0.10845986984815,INTC
2023-10-13,36.24,36.29,35.36,35.47,28408435,36.34,-2.3615635179153,INTC
2023-10-16,35.64,36.44,35.58,36.06,29555783,35.47,1.6402557686961,INTC
2023-10-17,35.42,35.85,34.57,35.56,24993561,36.06,-1.3676148796499,INTC
2023-10-18,35.024,35.52,34.95,35.14,22085950,35.56,-1.1647254575707,INTC
2023-10-19,35.46,35.86,35.02,35.17,29201848,35.14,0.084175084175087,INTC
2023-10-20,35.15,35.78,34.37,34.42,32303325,35.17,-2.1026072329689,INTC
2023-10-23,34.1,34.69,32.89,33.35,53924661,34.42,-3.0641466208477,INTC
2023-10-24,33.14,34.21,33.14,34.09,52673857,33.35,2.1861152141802,INTC
2023-10-25,33.68,33.95,32.05,32.33,44658462,34.09,-5.0881757733449,INTC
2023-10-26,32.39,32.72,31.645,32.02,59142509,32.33,-0.94425830033504,INTC
2023-10-27,34.16,35.88,34.1,35.04,84128212,32.02,9.2865928659286,INTC
2023-10-30,34.965,35.46,34.42,35.19,36656267,35.04,0.42205965109735,INTC
2023-10-31,35.16,36.07,35.12,36.0,41185207,35.19,2.2695432894368,INTC
2023-11-01,36.0,36.815,35.78,36.79,41710705,36.0,2.1643835616438,INTC
2023-11-02,37.08,37.32,36.41,37.2,35439964,36.79,1.0994904800215,INTC
2023-11-03,37.5,37.82,37.165,37.64,30502744,37.2,1.1671087533156,INTC
2023-11-06,37.645,37.825,37.48,37.575,23877203,37.64,-0.49816465652857,INTC
2023-11-07,37.865,38.525,37.605,38.395,32052041,37.575,2.1607378129117,INTC
2023-11-08,38.475,38.515,37.374,37.545,33483360,38.395,-2.1924168171266,INTC
2023-11-09,37.675,38.14,37.395,37.425,48955771,37.545,-0.31645569620254,INTC
2023-11-10,37.865,38.615,37.865,38.485,38871279,37.425,2.8042328042328,INTC
2023-11-13,37.975,38.19,37.765,37.855,24558261,38.485,-1.6212043232115,INTC
2023-11-14,38.425,39.115,37.695,39.035,45457362,37.855,3.086581218938,INTC
2023-11-15,39.21,40.465,39.205,40.235,47392143,39.035,3.0449124587668,INTC
2023-11-16,40.625,43.02,40.445,42.975,86405694,40.235,6.7471066239842,INTC
2023-11-17,42.535,43.435,42.185,43.435,49749721,42.975,1.0611303344867,INTC
2023-11-20,43.405,44.555,43.405,44.365,44596396,43.435,2.1228030130107,INTC
2023-11-21,44.125,44.286,42.925,43.265,37252056,44.365,-2.4586499776486,INTC
2023-11-22,43.655,44.255,43.165,43.295,31490545,43.265,0.068744271310727,INTC
2023-11-24,43.305,43.625,43.235,43.585,13037105,43.295,0.66407144492787,INTC
2023-11-27,43.275,44.17,43.275,43.705,33339937,43.585,0.2729754322111,INTC
2023-11-28,43.315,44.008,43.285,43.855,24548874,43.705,0.34029038112522,INTC
2023-11-29,44.225,44.965,44.225,44.565,38982026,43.855,1.6052453086141,INTC
2023-11-30,44.275,44.715,44.035,44.325,46262971,44.565,-0.53404539385847,INTC
2023-12-01,43.985,43.985,42.485,43.365,43928371,44.325,-2.1476510067114,INTC
2023-12-04,42.925,42.935,41.31,41.975,50417587,43.365,-3.1778692272519,INTC
2023-12-05,41.535,41.915,41.235,41.545,31859318,41.975,-1.0153482880756,INTC
2023-12-06,42.105,42.215,40.795,40.895,31992262,41.545,-1.550572519084,INTC
2023-12-07,41.375,42.06,40.805,41.775,29118697,40.895,2.1322994911558,INTC
2023-12-08,41.465,42.58,41.435,42.325,42814959,41.775,1.3048635824437,INTC
2023-12-11,42.785,44.355,42.705,44.165,48288156,42.325,4.3091334894613,INTC
2023-12-12,43.985,44.065,43.255,43.665,31452163,44.165,-1.1225864391558,INTC
2023-12-13,43.705,44.345,42.955,44.195,35216050,43.665,1.2034514078111,INTC
2023-12-14,44.635,46.695,44.275,44.805,70620765,44.195,1.3686336100516,INTC
2023-12-15,45.565,46.895,45.295,45.785,84583405,44.805,2.1691013722886,INTC
2023-12-18,45.775,45.855,45.025,45.315,27895652,45.785,-1.0181975736568,INTC
2023-12-19,45.225,46.305,45.135,46.285,35358771,45.315,2.1230028452615,INTC
2023-12-20,46.265,46.575,45.325,45.385,38159137,46.285,-1.9288469781397,INTC
2023-12-21,46.105,46.745,45.645,46.705,28320463,45.385,2.8846153846154,INTC
2023-12-22,46.875,47.781,46.825,47.625,30095727,46.705,1.9541206457094,INTC
2023-12-26,48.545,50.14,48.335,50.125,60287408,47.625,5.2083333333333,INTC
2023-12-27,50.255,50.905,49.815,50.385,52148041,50.125,0.51485148514851,INTC
2023-12-28,50.435,50.495,49.785,50.015,27705233,50.385,-0.72892040977147,INTC
2023-12-29,49.925,50.195,49.395,49.875,29288707,50.015,-0.27783290335384,INTC
2024-01-02,48.825,49.005,47.078,47.425,45905728,49.875,-4.8756218905473,INTC
2024-01-03,46.725,47.435,46.425,46.675,35858434,47.425,-1.5690376569038,INTC
2024-01-04,45.34,46.785,44.865,46.495,47797812,46.675,-0.38257173219979,INTC
2024-01-05,46.655,47.455,46.26,46.515,34344031,46.495,0.042671218263288,INTC
2024-01-08,46.695,48.385,46.595,48.075,42135127,46.515,3.3269353806782,INTC
2024-01-09,47.635,48.185,47.42,47.675,30097005,48.075,-0.82559339525285,INTC
2024-01-10,47.865,47.925,46.565,47.095,31480186,47.675,-1.207075962539,INTC
2024-01-11,47.065,47.465,46.355,47.265,31707881,47.095,0.35812091847483,INTC
2024-01-12,47.225,47.295,46.235,46.745,27587902,47.265,-1.0915197313182,INTC
2024-01-16,46.605,46.845,46.005,46.685,43720666,46.745,-0.12733446519524,INTC
2024-01-17,46.04,46.04,45.275,45.685,33488015,46.685,-2.1249468763281,INTC
2024-01-18,46.655,47.195,45.795,46.365,46681348,45.685,1.476335214937,INTC
2024-01-19,46.625,48.385,46.065,47.775,55979796,46.365,3.0166880616175,INTC
2024-01-22,48.475,48.795,47.265,47.845,45639521,47.775,0.1453790238837,INTC
2024-01-23,47.745,48.565,46.945,48.515,37224140,47.845,1.389464952302,INTC
2024-01-24,48.795,49.395,47.89,48.715,49375834,48.515,0.40908161178156,INTC
2024-01-25,49.625,49.925,48.595,49.175,84845086,48.715,0.9370543898961,INTC
2024-01-26,43.805,45.035,42.975,43.275,127665287,49.175,-11.907164480323,INTC
2024-01-29,43.335,43.615,42.435,43.465,51790863,43.275,0.43528064146622,INTC
2024-01-30,43.295,43.445,42.515,42.545,47958762,43.465,-2.0985401459854,INTC
2024-01-31,42.195,43.41,41.985,42.705,51584247,42.545,0.37278657968312,INTC
2024-02-01,42.775,43.195,42.11,42.985,38819855,42.705,0.64995357474466,INTC
2024-02-02,42.625,42.765,41.225,42.225,53683500,42.985,-1.7527675276753,INTC
2024-02-05,42.245,42.775,42.05,42.395,28890264,42.225,0.39906103286385,INTC
2024-02-06,42.45,42.53,41.89,42.49,34068216,42.395,-0.070142623334115,INTC
2024-02-07,42.64,42.845,42.3,42.53,34269246,42.49,0.093589143659334,INTC
2024-02-08,42.47,42.72,42.08,42.25,33206470,42.53,-0.65451145395045,INTC
2024-02-09,42.3,43.27,42.145,43.06,51192958,42.25,1.9058823529412,INTC
2024-02-12,43.14,44.79,43.07,43.78,51107349,43.06,1.6624336181021,INTC
2024-02-13,42.75,43.38,42.51,42.91,36622233,43.78,-1.9759255053373,INTC
2024-02-14,43.57,44.04,43.14,43.94,36186233,42.91,2.386468952734,INTC
2024-02-15,44.505,45.02,43.77,43.8,44024507,43.94,-0.31681375876895,INTC
2024-02-16,43.78,43.97,42.87,43.26,29975301,43.8,-1.2258796821793,INTC
2024-02-20,44.01,44.92,43.17,44.27,61514136,43.26,2.3213054470237,INTC
2024-02-21,44.23,44.44,42.83,43.22,57714970,44.27,-2.3584905660377,INTC
2024-02-22,44.43,44.43,42.28,42.73,62809318,43.22,-1.1272141706924,INTC
2024-02-23,42.875,43.26,42.41,42.74,33810714,42.73,0.023266635644498,INTC
2024-02-26,43.25,43.43,42.57,42.74,27035379,42.74,0.0,INTC
2024-02-27,43.0,43.015,42.26,42.48,25126372,42.74,-0.60479181204933,INTC
2024-02-28,42.19,42.2,41.66,41.74,26928470,42.48,-1.7318043529136,INTC
2024-02-29,42.12,42.9,42.105,42.8,48875120,41.74,2.5244105739462,INTC
2024-03-01,43.16,44.02,42.88,43.57,41426072,42.8,1.7886178861789,INTC
2024-03-04,44.02,46.36,43.6,45.36,59990811,43.57,4.0848927430397,INTC
2024-03-05,44.31,44.618,42.44,42.91,56655135,45.36,-5.3716290287218,INTC
2024-03-06,43.68,45.255,43.305,44.26,52652045,42.91,3.1278962001854,INTC
2024-03-07,45.3,46.17,44.93,45.9,50378153,44.26,3.6845652662323,INTC
2024-03-08,46.19,46.378,43.75,43.75,54916599,45.9,-4.65872156013,INTC
2024-03-11,43.62,44.68,43.41,44.61,35050986,43.75,1.9545454545455,INTC
2024-03-12,44.81,45.015,44.21,44.99,31795832,44.61,0.84707980383416,INTC
2024-03-13,44.26,44.73,42.95,42.98,53195932,44.99,-4.4429708222812,INTC
2024-03-14,42.98,43.1,42.26,42.5,38100016,42.98,-1.1103400416377,INTC
2024-03-15,42.2,42.9,42.1,42.39,66952857,42.5,-0.25730994152047,INTC
2024-03-18,42.84,43.13,42.345,42.46,27668282,42.39,0.16416510318949,INTC
2024-03-19,42.0,42.04,41.19,41.8,34672950,42.46,-1.5453055490518,INTC
2024-03-20,42.74,42.76,41.16,41.95,74864992,41.8,0.35671819262784,INTC
2024-03-21,42.74,43.35,42.07,42.17,50807592,41.95,0.52132701421801,INTC
2024-03-22,42.0,42.55,41.84,42.32,28503057,42.17,0.35360678925035,INTC
2024-03-25,40.64,41.965,40.32,41.58,47276531,42.32,-1.7383133662203,INTC
2024-03-26,41.7,42.015,41.405,41.74,39109651,41.58,0.38250059765719,INTC
2024-03-27,42.29,43.58,42.25,43.52,51017828,41.74,4.2391045487021,INTC
2024-03-28,43.51,44.35,43.46,43.92,54204194,43.52,0.91386794608179,INTC
2024-04-01,44.04,45.16,43.93,44.27,31712593,43.92,0.79239302694137,INTC
2024-04-02,43.675,43.83,43.25,43.69,32748360,44.27,-1.3027852650494,INTC
2024-04-03,41.15,41.4,39.97,40.08,83717976,43.69,-8.2157487482931,INTC
2024-04-04,40.34,40.53,39.45,39.48,57307233,40.08,-1.4877262583685,INTC
2024-04-05,39.1,39.21,38.26,38.46,67263035,39.48,-2.5673294739491,INTC
2024-04-08,38.39,38.61,37.66,37.73,56967788,38.46,-1.8858176181865,INTC
2024-04-09,37.8,38.33,37.075,38.08,78782981,37.73,0.92153765139548,INTC
2024-04-10,37.77,37.971,36.77,36.95,51108380,38.08,-2.9480824419515,INTC
2024-04-11,37.18,37.42,36.83,37.38,41909086,36.95,1.1559139784946,INTC
2024-04-12,36.44,36.45,35.355,35.44,80254789,37.38,-5.1554610682966,INTC
2024-04-15,35.79,36.45,35.64,36.06,50751563,35.44,1.7371812832726,INTC
2024-04-16,36.02,36.26,35.514,36.01,30607502,36.06,-0.13770311209034,INTC
2024-04-17,35.85,35.88,35.12,35.43,41173345,36.01,-1.5995587424159,INTC
2024-04-18,35.17,35.41,34.52,34.79,42334395,35.43,-1.7937219730942,INTC
2024-04-19,34.88,34.88,33.93,33.95,59070310,34.79,-2.3972602739726,INTC
2024-04-22,34.165,34.32,33.825,34.16,39909927,33.95,0.61403508771928,INTC
2024-04-23,34.085,34.35,33.93,34.03,46834042,34.16,-0.37779715199069,INTC
2024-04-24,34.61,34.93,34.09,34.25,53261096,34.03,0.64177362893815,INTC
2024-04-25,34.31,35.045,34.25,34.86,66549403,34.25,1.768115942029,INTC
2024-04-26,31.53,31.99,30.39,31.63,119742494,34.86,-9.1996582170322,INTC
2024-04-29,31.61,31.66,30.82,31.11,58533264,31.63,-1.6311166875784,INTC
2024-04-30,30.79,30.925,30.17,30.22,72346359,31.11,-2.8380102040816,INTC
2024-05-01,29.92,30.785,29.77,30.12,60654760,30.22,-0.32819166393173,INTC
2024-05-02,30.34,30.42,29.94,30.26,50899442,30.12,0.46098123147843,INTC
2024-05-03,30.73,30.805,30.45,30.65,36794828,30.26,1.2782694198623,INTC
2024-05-06,30.99,31.075,30.605,30.845,36185572,30.65,0.22653721682848,INTC
2024-05-07,30.965,31.325,30.485,30.555,44683401,30.845,-0.93639005489183,INTC
2024-05-08,29.875,30.025,29.605,29.875,63734597,30.555,-2.2164276401565,INTC
2024-05-09,29.805,30.26,29.68,29.965,45003402,29.875,0.3,INTC
2024-05-10,30.205,30.33,29.715,29.725,42931290,29.965,-0.7976071784646,INTC
2024-05-13,29.905,31.005,29.875,30.385,51459143,29.725,2.2110552763819,INTC
2024-05-14,30.495,30.985,30.485,30.925,47759855,30.385,1.7699115044248,INTC
2024-05-15,31.255,31.275,30.685,31.145,36992927,30.925,0.7085346215781,INTC
2024-05-16,31.505,32.135,31.395,31.905,47752828,31.145,2.4304445155101,INTC
2024-05-17,31.935,31.985,31.465,31.705,41449777,31.905,-0.62441461130191,INTC
2024-05-20,31.725,32.295,31.635,31.975,31989000,31.705,0.84825636192272,INTC
2024-05-21,31.855,32.115,31.495,31.615,42975363,31.975,-1.1214953271028,INTC
2024-05-22,31.785,31.941,30.97,31.295,36706435,31.615,-1.0081915563957,INTC
2024-05-23,31.32,31.445,29.745,29.955,62014547,31.295,-4.2647994907702,INTC
2024-05-24,30.165,30.895,30.005,30.595,42434488,29.955,2.1276595744681,INTC
2024-05-28,30.815,31.245,30.53,30.935,36799147,30.595,1.1067708333333,INTC
2024-05-29,30.34,30.545,29.98,30.005,35848611,30.935,-2.994204764971,INTC
2024-05-30,30.085,30.375,29.935,30.065,33382756,30.005,0.19913707268504,INTC
2024-05-31,30.095,30.835,29.815,30.725,95797529,30.065,2.1861543557469,INTC
2024-06-03,30.905,30.94,29.925,30.165,35544896,30.725,-1.8152350081037,INTC
2024-06-04,30.625,30.625,29.815,29.905,51027179,30.165,-0.85836909871244,INTC
2024-06-05,30.144,30.71,29.885,30.655,44161657,29.905,2.4975024975025,INTC
2024-06-06,30.427,30.465,30.035,30.295,34248118,30.655,-1.1695906432749,INTC
2024-06-07,30.125,30.655,30.08,30.615,34085530,30.295,1.051939513478,INTC
2024-06-10,30.425,30.825,30.16,30.785,37445807,30.615,0.55302537410541,INTC
2024-06-11,30.645,30.905,30.405,30.795,25326850,30.785,0.032351989647368,INTC
2024-06-12,31.33,31.355,30.265,30.635,51323936,30.795,-0.51746442432083,INTC
2024-06-13,30.255,30.455,30.015,30.335,33787162,30.635,-0.97529258777634,INTC
2024-06-14,30.16,30.435,30.085,30.325,28125886,30.335,-0.032829940906112,INTC
2024-06-17,30.215,30.875,30.055,30.855,36235315,30.325,1.7405582922824,INTC
2024-06-18,30.865,31.345,30.375,30.505,33294749,30.855,-1.1297611362169,INTC
2024-06-20,30.43,30.985,30.325,30.495,43826322,30.505,-0.03264773098269,INTC
2024-06-21,30.725,31.235,30.545,30.965,92549024,30.495,1.5349444807315,INTC
2024-06-24,31.015,31.295,30.405,30.445,40611793,30.965,-1.6725635252493,INTC
2024-06-25,30.575,30.705,30.165,30.615,29498583,30.445,0.5561007523716,INTC
2024-06-26,30.515,30.555,30.148,30.415,30742984,30.615,-0.65061808718282,INTC
2024-06-27,30.295,30.533,30.16,30.465,30184278,30.415,0.16371971185331,INTC
2024-06-28,30.625,31.185,30.595,30.845,41467675,30.465,1.2422360248447,INTC
2024-07-01,30.785,30.895,30.485,30.715,32401760,30.845,-0.41976105908944,INTC
2024-07-02,30.73,31.185,30.46,30.945,35999280,30.715,0.74578469520104,INTC
2024-07-03,30.995,31.215,30.785,31.105,24065673,30.945,0.51496620534277,INTC
2024-07-05,31.275,32.215,31.186,31.895,45309446,31.105,2.5296189561319,INTC
2024-07-08,32.905,33.965,32.695,33.865,82315937,31.895,6.1524047470331,INTC
2024-07-09,34.89,35.095,33.595,34.465,97788840,33.865,1.7652250661959,INTC
2024-07-10,34.315,34.845,34.005,34.745,52256195,34.465,0.80948250939576,INTC
2024-07-11,34.906,35.025,33.185,33.375,55213668,34.745,-3.9288786922856,INTC
2024-07-12,33.645,35.35,33.645,34.365,62792646,33.375,2.955223880597,INTC
2024-07-15,34.575,35.1,34.185,34.335,39847917,34.365,-0.086981733835898,INTC
2024-07-16,34.235,34.325,33.71,34.215,28409906,34.335,-0.34822983168891,INTC
2024-07-17,35.955,37.035,34.275,34.335,112304214,34.215,0.34944670937681,INTC
2024-07-18,34.835,36.175,34.405,34.745,84188608,34.335,1.1897852582704,INTC
2024-07-19,34.44,34.455,32.725,32.855,69628654,34.745,-5.4201319185546,INTC
2024-07-22,33.155,33.285,32.635,33.245,48503749,32.855,1.182534869618,INTC
2024-07-23,32.835,33.105,32.705,32.825,29466374,33.245,-1.2586155229248,INTC
2024-07-24,32.41,32.675,31.535,31.575,62216669,32.825,-3.793626707132,INTC
2024-07-25,31.247,31.86,30.825,30.975,49774032,31.575,-1.8927444794953,INTC
2024-07-26,31.305,31.435,30.895,31.225,38352543,30.975,0.80385852090032,INTC
2024-07-29,31.295,31.345,30.665,30.705,32342201,31.225,-1.658692185008,INTC
2024-07-30,30.72,30.785,29.88,30.005,48256628,30.705,-2.2705157314304,INTC
2024-07-31,30.415,30.745,30.155,30.615,56110610,30.005,2.0245602389645,INTC
2024-08-01,30.305,30.585,28.765,28.925,107672516,30.615,-5.4977228366949,INTC
2024-08-02,21.815,21.855,20.295,21.355,300895920,28.925,-26.05851979346,INTC
2024-08-05,20.075,20.26,19.168,19.985,147385700,21.355,-6.3780260707635,INTC
2024-08-06,20.195,20.505,19.625,19.705,106670372,19.985,-1.3923421183491,INTC
2024-08-07,19.92,20.25,18.95,18.99,97972290,19.83,-4.2360060514372,INTC
2024-08-08,19.1,20.55,18.84,20.49,96836821,18.99,7.8988941548183,INTC
2024-08-09,20.08,20.15,19.5,19.71,76394546,20.49,-3.8067349926793,INTC
2024-08-12,19.87,19.97,19.0,19.36,54677578,19.71,-1.7757483510908,INTC
2024-08-13,19.48,20.48,19.47,20.47,77511346,19.36,5.7334710743802,INTC
2024-08-14,20.485,20.5,19.785,19.92,56758181,20.47,-2.6868588177821,INTC
2024-08-15,20.32,21.06,20.23,20.69,84814880,19.92,3.8654618473896,INTC
2024-08-16,20.53,20.895,20.41,20.87,48582663,20.69,0.86998550024166,INTC
2024-08-19,20.885,21.86,20.835,21.52,65956303,20.87,3.1145184475323,INTC
2024-08-20,21.21,21.23,20.82,20.99,84161270,21.52,-2.4628252788104,INTC
2024-08-21,21.072,21.44,21.07,21.41,57028870,20.99,2.0009528346832,INTC
2024-08-22,21.39,21.4,20.04,20.1,81444673,21.41,-6.1186361513311,INTC
2024-08-23,20.32,20.93,20.26,20.54,73398430,20.1,2.1890547263681,INTC
2024-08-26,20.53,20.56,19.95,20.13,58534794,20.54,-1.9961051606621,INTC
2024-08-27,20.13,20.26,19.84,20.07,43862017,20.13,-0.29806259314455,INTC
2024-08-28,19.98,20.105,19.51,19.61,50144885,20.07,-2.2919780767314,INTC
2024-08-29,19.76,20.6,19.75,20.13,64529661,19.61,2.6517083120857,INTC
2024-08-30,21.25,22.12,21.0,22.04,177785380,20.13,9.4883258817685,INTC
2024-09-03,21.54,21.69,19.99,20.1,115305533,22.04,-8.8021778584392,INTC
2024-09-04,19.76,20.045,19.28,19.43,85871887,20.1,-3.3333333333333,INTC
2024-09-05,19.28,19.9,19.24,19.4,65388789,19.43,-0.15440041173444,INTC
2024-09-06,19.44,19.49,18.64,18.89,92686460,19.4,-2.6288659793814,INTC
2024-09-09,19.0,19.54,18.95,19.07,64244126,18.89,0.95288512440445,INTC
2024-09-10,19.03,19.11,18.51,18.98,55621273,19.07,-0.47194546407971,INTC
2024-09-11,19.01,19.69,18.52,19.64,71403141,18.98,3.477344573235,INTC
2024-09-12,19.43,19.54,19.04,19.36,51602918,19.64,-1.4256619144603,INTC
2024-09-13,19.49,19.8,19.49,19.66,44236271,19.36,1.5495867768595,INTC
2024-09-16,20.03,21.07,19.76,20.91,149337030,19.66,6.3580874872838,INTC
2024-09-17,21.71,22.58,21.24,21.47,196249780,20.91,2.6781444285031,INTC
2024-09-18,21.36,21.74,20.715,20.77,118727940,21.47,-3.2603632976246,INTC
2024-09-19,21.28,21.69,21.03,21.14,99829168,20.77,1.7814155031295,INTC
2024-09-20,20.89,23.14,20.35,21.84,260377910,21.14,3.3112582781457,INTC
2024-09-23,22.43,22.82,22.03,22.56,184439130,21.84,3.2967032967033,INTC
2024-09-24,22.53,23.105,22.285,22.81,113082534,22.56,1.1081560283688,INTC
2024-09-25,22.8,24.055,22.73,23.54,117013357,22.81,3.2003507233669,INTC
2024-09-26,24.28,24.42,23.25,23.92,95416939,23.54,1.6142735768904,INTC
2024-09-27,24.16,24.66,23.7034,23.91,85883278,23.92,-0.041806020066896,INTC
2024-09-30,23.74,23.95,23.09,23.46,66460225,23.91,-1.8820577164366,INTC
2024-10-01,23.46,23.72,22.255,22.69,86344357,23.46,-3.2821824381927,INTC
2024-10-02,22.67,23.0668,22.35,22.39,59033896,22.69,-1.322168356104,INTC
2024-10-03,22.14,22.73,21.65,22.26,49565931,22.39,-0.58061634658329,INTC
2024-10-04,22.7,22.91,22.3,22.59,49966930,22.26,1.4824797843666,INTC
2024-10-07,22.4,22.65,22.0209,22.38,54928674,22.59,-0.92961487383799,INTC
2024-10-08,22.25,23.42,22.045,23.32,58650461,22.38,4.2001787310098,INTC
2024-10-09,23.25,23.48,23.06,23.46,44759018,23.32,0.60034305317324,INTC
2024-10-10,23.19,23.53,22.96,23.22,44874580,23.46,-1.0230179028133,INTC
2024-10-11,23.05,23.82,22.98,23.56,43585252,23.22,1.464254952627,INTC
2024-10-14,23.58,23.77,23.27,23.44,35403646,23.56,-0.50933786078097,INTC
2024-10-15,23.41,23.72,22.47,22.66,68900556,23.44,-3.3276450511945,INTC
2024-10-16,22.38,22.54,21.74,22.31,62151767,22.66,-1.5445719329215,INTC
2024-10-17,22.72,22.82,22.4,22.44,43807577,22.31,0.58269834155089,INTC
2024-10-18,22.61,22.82,22.5,22.77,39971695,22.44,1.4705882352941,INTC
2024-10-21,22.61,22.88,22.25,22.84,39726985,22.77,0.30742204655248,INTC
2024-10-22,22.73,22.82,22.17,22.4,50160378,22.84,-1.9264448336252,INTC
2024-10-23,22.3,22.425,21.575,21.98,45799051,22.4,-1.875,INTC
2024-10-24,22.09,22.365,21.97,22.34,40554417,21.98,1.6378525932666,INTC
2024-10-25,22.42,23.34,22.41,22.68,67502984,22.34,1.5219337511191,INTC
2024-10-28,22.67,23.27,22.56,22.92,41914966,22.68,1.0582010582011,INTC
2024-10-29,22.87,23.14,22.41,22.9,83422242,22.92,-0.087260034904028,INTC
2024-10-30,22.415,22.93,22.26,22.3,50941231,22.9,-2.6200873362445,INTC
2024-10-31,22.15,22.25,21.47,21.52,112485547,22.3,-3.4977578475336,INTC
2024-11-01,23.0,23.58,21.91,23.2,173471120,21.52,7.8066914498141,INTC
2024-11-04,22.96,23.0,22.0,22.52,84616300,23.2,-2.9310344827586,INTC
2024-11-05,22.58,23.58,22.4,23.32,59153326,22.52,3.5523978685613,INTC
2024-11-06,24.3,25.12,24.05,25.05,116760537,23.32,7.4185248713551,INTC
2024-11-07,25.43,26.3799,25.19,26.23,101489302,25.05,4.7105788423154,INTC
2024-11-08,26.0,26.43,25.83,26.2,76427983,26.23,-0.11437285550896,INTC
2024-11-11,25.96,26.2863,24.83,25.05,80185321,26.2,-4.3893129770992,INTC
2024-11-12,24.66,24.96,23.89,24.16,62539733,25.05,-3.5528942115768,INTC
2024-11-13,24.06,25.14,24.02,24.92,58201972,24.16,3.1456953642384,INTC
2024-11-14,25.12,25.61,24.9346,25.03,49252121,24.92,0.4414125200642,INTC
2024-11-15,24.81,24.82,24.23,24.35,55104875,25.03,-2.7167399121055,INTC
2024-11-18,24.33,25.02,24.16,24.84,59667333,24.35,2.0123203285421,INTC
2024-11-19,24.5,24.54,24.095,24.2,61190859,24.84,-2.5764895330113,INTC
2024-11-20,24.07,24.21,23.55,24.01,50191510,24.2,-0.78512396694214,INTC
2024-11-21,24.08,24.77,23.83,24.44,58928410,24.01,1.7909204498126,INTC
2024-11-22,24.35,24.68,24.14,24.5,36784715,24.44,0.24549918166939,INTC
2024-11-25,25.04,25.565,24.76,24.87,91128387,24.5,1.5102040816327,INTC
2024-11-26,24.95,24.985,23.81,24.05,69613557,24.87,-3.297145154805,INTC
2024-11-27,23.83,23.93,23.06,23.65,53992319,24.05,-1.6632016632017,INTC
2024-11-29,23.72,24.28,23.6,24.05,36616750,23.65,1.6913319238901,INTC
2024-12-02,24.84,25.48,23.44,23.93,150497880,24.05,-0.4989604989605,INTC
2024-12-03,23.68,23.75,22.44,22.47,138160490,23.93,-6.1011282908483,INTC
2024-12-04,22.53,22.54,21.81,21.96,104648976,22.47,-2.2696929238985,INTC
2024-12-05,22.04,22.19,20.66,20.8,167993480,21.96,-5.2823315118397,INTC
2024-12-06,20.95,21.05,20.66,20.92,78539132,20.8,0.57692307692308,INTC
2024-12-09,20.92,21.06,20.73,20.81,68818217,20.92,-0.52581261950288,INTC
2024-12-10,20.83,20.86,19.96,20.16,90004833,20.81,-3.1234983181163,INTC
2024-12-11,20.14,20.25,19.87,20.12,75209342,20.16,-0.19841269841269,INTC
2024-12-12,20.02,20.9,19.92,20.78,77695010,20.12,3.2803180914513,INTC
2024-12-13,20.6,20.8,20.25,20.34,55104079,20.78,-2.1174205967276,INTC
2024-12-16,20.17,21.1,20.0,20.83,73832891,20.34,2.4090462143559,INTC
2024-12-17,20.64,20.77,20.2925,20.44,51767153,20.83,-1.8722995679309,INTC
2024-12-18,20.48,20.58,19.21,19.3,86041243,20.44,-5.5772994129159,INTC
2024-12-19,19.53,19.69,19.03,19.06,69117805,19.3,-1.2435233160622,INTC
2024-12-20,18.97,19.76,18.9,19.52,108453667,19.06,2.4134312696747,INTC
2024-12-23,19.58,20.23,19.52,20.2,57988375,19.52,3.483606557377,INTC
2024-12-24,20.22,20.4,19.96,20.4,29884026,20.2,0.99009900990099,INTC
2024-12-26,20.23,20.665,20.08,20.44,39950380,20.4,0.19607843137256,INTC
2024-12-27,20.21,20.605,20.09,20.3,48260830,20.44,-0.68493150684932,INTC
2024-12-30,20.01,20.115,19.73,19.82,59608126,20.3,-2.3645320197044,INTC
2024-12-31,19.99,20.4,19.88,20.05,49846656,19.82,1.1604439959637,INTC
2025-01-02,20.23,20.43,20.0,20.22,46438529,20.05,0.84788029925186,INTC
2025-01-03,20.39,20.665,20.06,20.56,48983942,20.22,1.6815034619189,INTC
2025-01-06,20.83,20.98,19.78,19.87,83270990,20.56,-3.3560311284047,INTC
2025-01-07,20.02,20.34,19.9,20.01,61726060,19.87,0.70457976849522,INTC
2025-01-08,19.825,20.12,19.71,19.88,47897071,20.01,-0.6496751624188,INTC
2025-01-10,19.66,19.66,18.91,19.15,71244581,19.88,-3.672032193159,INTC
2025-01-13,18.92,19.249,18.73,19.2,50668970,19.15,0.26109660574413,INTC
2025-01-14,19.36,19.52,18.82,19.2,47147526,19.2,0.0,INTC
2025-01-15,19.4,19.77,19.171,19.72,56305989,19.2,2.7083333333333,INTC
2025-01-16,19.75,19.95,19.4,19.67,44898059,19.72,-0.25354969574035,INTC
2025-01-17,21.26,21.62,20.79,21.49,166483914,19.67,9.2526690391459,INTC
2025-01-21,22.03,22.41,21.75,21.77,96262179,21.49,1.3029315960912,INTC
2025-01-22,21.725,22.285,21.57,21.86,60972578,21.77,0.41341295360588,INTC
2025-01-23,21.69,21.75,21.35,21.57,55778156,21.86,-1.3266239707228,INTC
2025-01-24,21.36,21.41,20.75,20.83,66300614,21.57,-3.4306907742235,INTC
2025-01-27,20.81,21.06,20.14,20.29,83582097,20.83,-2.5924147863658,INTC
2025-01-28,20.34,20.342,19.74,19.8,73411385,20.29,-2.4149827501232,INTC
2025-01-29,19.87,20.08,19.66,19.75,86506821,19.8,-0.25252525252526,INTC
2025-01-30,19.72,20.1,19.43,20.01,108166983,19.75,1.3164556962025,INTC
2025-01-31,20.1,20.33,19.38,19.43,117474899,20.01,-2.8985507246377,INTC
2025-02-03,18.97,19.75,18.78,19.38,77523142,19.43,-0.25733401955739,INTC
2025-02-04,19.1,19.53,19.02,19.29,54098200,19.38,-0.46439628482972,INTC
2025-02-05,19.19,19.77,18.91,19.65,66250254,19.29,1.8662519440124,INTC
2025-02-06,19.51,19.7,19.22,19.38,45553771,19.65,-1.3740458015267,INTC
2025-02-07,19.35,19.36,19.03,19.1,58277917,19.38,-1.4447884416925,INTC
2025-02-10,19.25,20.08,19.24,19.77,73007266,19.1,3.5078534031414,INTC
2025-02-11,19.87,21.88,19.8618,20.97,150960704,19.77,6.0698027314112,INTC
2025-02-12,21.98,22.56,20.93,22.48,162631182,20.97,7.2007629947544,INTC
2025-02-13,22.84,24.83,22.79,24.13,248661333,22.48,7.3398576512455,INTC
2025-02-14,24.36,25.19,22.86,23.6,230254092,24.13,-2.1964359718193,INTC
2025-02-18,24.6,27.55,24.49,27.39,284292210,23.6,16.059322033898,INTC
2025-02-19,25.98,26.33,25.46,25.72,151881727,27.39,-6.09711573567,INTC
2025-02-20,25.56,26.12,24.48,26.09,144939566,25.72,1.4385692068429,INTC
2025-02-21,25.96,26.29,24.84,24.87,111630859,26.09,-4.6761211192028,INTC
2025-02-24,24.55,24.8,23.62,24.27,91358071,24.87,-2.4125452352232,INTC
2025-02-25,24.21,24.28,22.7701,22.99,88886469,24.27,-5.2740008240626,INTC
2025-02-26,23.245,23.82,23.21,23.52,67449304,22.99,2.3053501522401,INTC
2025-02-27,23.7,24.4,23.07,23.09,97871945,23.52,-1.828231292517,INTC
2025-02-28,23.02,24.44,22.64,23.73,104133777,23.09,2.7717626678216,INTC
2025-03-03,25.0,25.04,22.52,22.74,141348692,23.73,-4.1719342604298,INTC
2025-03-04,22.54,22.63,20.76,21.33,152182200,22.74,-6.2005277044855,INTC
2025-03-05,21.33,21.36,20.18,20.81,127219259,21.33,-2.4378809188936,INTC
2025-03-06,20.26,21.13,20.0,20.75,96466381,20.81,-0.28832292167227,INTC
2025-03-07,20.27,21.2,20.11,20.64,81099646,20.75,-0.53012048192771,INTC
2025-03-10,20.24,20.51,19.65,19.93,82760577,20.64,-3.4399224806202,INTC
2025-03-11,19.965,20.06,19.29,19.78,80788985,19.93,-0.75263421976919,INTC
2025-03-12,20.79,21.17,20.21,20.68,128671089,19.78,4.5500505561173,INTC
2025-03-13,23.5,24.53,23.13,23.7,243260993,20.68,14.603481624758,INTC
2025-03-14,23.675,24.37,23.52,24.05,116901643,23.7,1.4767932489452,INTC
2025-03-17,24.42,26.145,24.37,25.69,160723633,24.05,6.8191268191268,INTC
2025-03-18,25.55,26.41,25.39,25.92,132488822,25.69,0.89528999610744,INTC
2025-03-19,24.9,25.2299,24.03,24.12,135491427,25.92,-6.9444444444444,INTC
2025-03-20,23.77,24.31,23.73,23.96,68937584,24.12,-0.66334991708126,INTC
2025-03-21,23.6,24.7,23.49,24.26,94110710,23.96,1.2520868113523,INTC
2025-03-24,24.715,24.99,24.13,24.22,69169028,24.26,-0.1648804616653,INTC
2025-03-25,24.175,24.75,24.11,24.2,51743281,24.22,-0.082576383154416,INTC
2025-03-26,24.25,24.4194,23.25,23.42,59678008,24.2,-3.2231404958678,INTC
2025-03-27,23.285,23.76,22.855,23.62,57720584,23.42,0.85397096498719,INTC
2025-03-28,23.35,23.58,22.56,22.71,58365257,23.62,-3.85266723116,INTC
2025-03-31,22.38,22.745,21.75,22.71,65832019,22.71,0.0,INTC
2025-04-01,22.56,22.62,21.66,22.05,64060355,22.71,-2.9062087186262,INTC
2025-04-02,21.89,22.38,21.7,21.98,58878848,22.05,-0.31746031746032,INTC
2025-04-03,21.4,23.9,20.86,22.43,242972129,21.98,2.0473157415833,INTC
2025-04-04,21.7,22.2,19.7,19.85,175014739,22.43,-11.502452073116,INTC
2025-04-07,19.14,20.67,18.56,19.57,142491152,19.85,-1.4105793450882,INTC
2025-04-08,20.06,20.39,17.665,18.13,163982681,19.57,-7.3582013285641,INTC
2025-04-09,18.07,21.73,17.975,21.53,224183490,18.13,18.753447324876,INTC
2025-04-10,20.675,20.82,19.16,19.88,129064855,21.53,-7.6637250348351,INTC
2025-04-11,19.245,19.795,18.175,19.74,128425810,19.88,-0.70422535211268,INTC
2025-04-14,20.59,21.05,19.9801,20.31,101964371,19.74,2.887537993921,INTC
2025-04-15,20.2,20.47,19.81,19.85,64056895,20.31,-2.2648941408173,INTC
2025-04-16,19.34,19.43,18.72,19.23,89469703,19.85,-3.1234256926952,INTC
2025-04-17,18.91,19.1,18.56,18.93,85646667,19.23,-1.5600624024961,INTC
2025-04-21,18.93,18.985,18.25,18.84,72409946,18.93,-0.47543581616482,INTC
