date,open,high,low,close,volume,preClose,changeRatio,thscode
2000-01-03,-2.0399996666667,-1.6199996666667,-3.7866663333334,-3.2866663333334,8013100,-0.079999666666729,-6.1912730081092,JPM
2000-01-04,-4.5133333333334,-4.1400000000001,-5.4733333333334,-4.3466666666667,7815600,-3.2866663333334,-2.7442371020856,JPM
2000-01-05,-4.7666666666667,-3.2266666666667,-5.6000000000001,-4.6400000000001,5809700,-4.3466666666667,-0.62076749435666,JPM
2000-01-06,-4.8466666666667,-2.9733333333334,-5.1000000000001,-3.9733333333334,5579500,-4.6400000000001,1.419647927314,JPM
2000-01-07,-3.1800000000001,-2.6000000000001,-4.2666666666667,-3.1000000000001,4381300,-3.9733333333334,1.8337066069429,JPM
2000-01-10,-3.1000000000001,-2.6800000000001,-3.9333333333334,-3.9333333333334,3149000,-3.1000000000001,-1.7182130584192,JPM
2000-01-11,-4.9333333333334,-4.6400000000001,-6.1000000000001,-5.0600000000001,5604000,-3.9333333333334,-2.3636363636364,JPM
2000-01-12,-5.1400000000001,-4.3466666666667,-5.2666666666667,-4.7666666666667,4847900,-5.0600000000001,0.630282194528,JPM
2000-01-13,-4.1800000000001,-3.2666666666667,-4.5600000000001,-4.0600000000001,4612600,-4.7666666666667,1.508896797153,JPM
2000-01-14,-2.3066666666667,-1.1000000000001,-3.0600000000001,-2.3466666666667,6487900,-4.0600000000001,3.6039826111345,JPM
2000-01-18,-2.3066666666667,-1.9333333333334,-4.7666666666667,-4.2666666666667,3711100,-2.3466666666667,-3.8982133188955,JPM
2000-01-19,-3.4333333333334,-1.3466666666667,-3.4333333333334,-2.1800000000001,10489800,-4.2666666666667,4.4084507042253,JPM
2000-01-20,-1.3466666666667,-0.9333333333334,-3.1000000000001,-2.9333333333334,5172200,-2.1800000000001,-1.5243491164171,JPM
2000-01-21,-2.3466666666667,-2.2666666666667,-3.1800000000001,-2.9733333333334,3440400,-2.9333333333334,-0.082191780821921,JPM
2000-01-24,-2.0133333333334,-1.8933333333334,-3.4733333333334,-2.9333333333334,4306100,-2.9733333333334,0.082259391280508,JPM
2000-01-25,-2.9333333333334,-1.1000000000001,-2.9333333333334,-1.8466666666667,5053300,-2.9333333333334,2.2328767123288,JPM
2000-01-26,-1.3466666666667,1.0666666666666,-1.6000000000001,0.69333333333328,5591100,-1.8466666666667,5.1051855822056,JPM
2000-01-27,1.3599999999999,2.7333333333333,0.77333333333328,2.1933333333333,5444000,0.69333333333328,2.8684344722081,JPM
2000-01-28,1.44,1.44,-0.5133333333334,-0.4733333333334,5000000,2.1933333333333,-4.9572437724625,JPM
2000-01-31,-0.3933333333334,2.7333333333333,-0.3933333333334,2.1933333333333,4773500,-0.4733333333334,5.2158038857739,JPM
2000-02-01,3.36,4.7333333333333,2.6066666666666,4.2333333333333,6434000,2.1933333333333,3.7922914859338,JPM
2000-02-02,3.7333333333333,4.5266666666666,2.6533333333333,3.32,4750800,4.2333333333333,-1.6358208955224,JPM
2000-02-03,4.0666666666666,4.9866666666666,1.9,3.8599999999999,6133500,3.32,0.98324836125273,JPM
2000-02-04,3.4,3.94,2.7733333333333,2.9,3410100,3.8599999999999,-1.7309772809232,JPM
2000-02-07,3.1933333333333,3.9866666666666,2.9,3.1933333333333,3122800,2.9,0.53822629969419,JPM
2000-02-08,4.4399999999999,5.8199999999999,4.4,5.1066666666666,4212400,3.1933333333333,3.4919089913615,JPM
2000-02-09,5.0266666666666,5.9866666666666,3.36,3.6533333333333,6545700,5.1066666666666,-2.5628967787444,JPM
2000-02-10,3.8199999999999,4.2333333333333,2.6533333333333,3.8199999999999,4587000,3.6533333333333,0.30164092664093,JPM
2000-02-11,3.9,5.0666666666666,3.0666666666666,3.4866666666666,4701700,3.8199999999999,-0.60146758089739,JPM
2000-02-14,3.2333333333333,4.0266666666666,1.1066666666666,1.1066666666666,3936500,3.4866666666666,-4.3204647222558,JPM
2000-02-15,1.7733333333333,3.4,1.4866666666666,2.44,5977000,1.1066666666666,2.5297242600557,JPM
2000-02-16,2.4,3.1933333333333,1.0666666666666,1.4,3219800,2.44,-1.9245003700962,JPM
2000-02-17,2.1533333333333,2.7333333333333,0.27333333333328,0.65333333333328,3810800,1.4,-1.4088050314465,JPM
2000-02-18,0.43999999999994,0.77333333333328,-1.8933333333334,-1.7666666666667,5414200,0.65333333333328,-4.6312834906864,JPM
2000-02-22,-0.9333333333334,0.98666666666661,-1.5133333333334,-0.10000000000006,4712400,-1.7666666666667,3.3444816053512,JPM
2000-02-23,-0.013333333333398,1.1933333333333,-0.56000000000006,-0.013333333333398,2968600,-0.10000000000006,0.16828478964401,JPM
2000-02-24,-0.10000000000006,0.10666666666661,-1.8466666666667,-0.9333333333334,3466600,-0.013333333333398,-1.7834065650039,JPM
2000-02-25,-0.5133333333334,0.89999999999995,-1.6800000000001,-1.0133333333334,3096200,-0.9333333333334,-0.15789473684211,JPM
2000-02-28,-0.4333333333334,1.9,-0.68000000000007,0.35999999999994,4034000,-1.0133333333334,2.7148128624143,JPM
2000-02-29,0.19333333333328,2.4,0.19333333333328,1.4866666666666,4111300,0.35999999999994,2.1683346163716,JPM
2000-03-01,1.6533333333333,3.0666666666666,0.98666666666661,3.0666666666666,3244200,1.4866666666666,2.9762652266734,JPM
2000-03-02,2.0666666666666,2.4866666666666,1.5666666666666,2.1066666666666,2389200,3.0666666666666,-1.7560975609756,JPM
2000-03-03,3.0666666666666,3.32,1.3199999999999,2.4866666666666,3987600,2.1066666666666,0.70754716981131,JPM
2000-03-06,3.6933333333333,4.6533333333333,3.2333333333333,4.0266666666666,3794300,2.4866666666666,2.8472821397757,JPM
2000-03-07,4.0266666666666,4.5266666666666,2.4,2.94,3044600,4.0266666666666,-1.9534995206136,JPM
2000-03-08,2.2333333333333,2.6933333333333,0.81999999999994,1.0666666666666,3498500,2.94,-3.4347879232368,JPM
2000-03-09,0.89999999999995,2.5666666666666,0.43999999999994,2.4866666666666,2653000,1.0666666666666,2.6962025316456,JPM
2000-03-10,1.7333333333333,2.7733333333333,0.23333333333327,0.85999999999994,3540900,2.4866666666666,-3.0075187969925,JPM
2000-03-13,0.15333333333327,2.5266666666666,-0.18000000000006,1.7733333333333,3148900,0.85999999999994,1.7410090227475,JPM
2000-03-14,2.0666666666666,2.36,0.73333333333328,1.0666666666666,2753100,1.7733333333333,-1.3240069947539,JPM
2000-03-15,0.31999999999994,4.5266666666666,-0.14000000000006,3.8199999999999,5907800,1.0666666666666,5.2278481012658,JPM
2000-03-16,5.0266666666666,8.6533333333333,4.5266666666666,8.4866666666666,10423300,3.8199999999999,8.4205461325635,JPM
2000-03-17,7.9,9.9,7.4,9.0666666666666,7926100,8.4866666666666,0.96527238433375,JPM
2000-03-20,8.4,8.7333333333333,4.7333333333333,6.1066666666666,5384100,8.4866666666666,-3.9609453012315,JPM
2000-03-21,6.0266666666666,10.066666666667,5.3999999999999,9.7333333333333,5563700,6.1066666666666,6.2846580406654,JPM
2000-03-22,8.82,9.82,7.5666666666666,9.44,5736100,9.7333333333333,-0.47826086956521,JPM
2000-03-23,9.0666666666666,14.526666666667,9.0266666666666,14.066666666667,6954300,9.44,7.5797291393622,JPM
2000-03-24,13.066666666667,15.566666666667,12.4,12.526666666667,6326000,14.066666666667,-2.3451776649746,JPM
2000-03-27,12.4,12.986666666667,10.773333333333,11.526666666667,3219300,12.526666666667,-1.5594136604637,JPM
2000-03-28,10.9,12.233333333333,10.486666666667,11.233333333333,4883800,11.526666666667,-0.46467420002112,JPM
2000-03-29,11.233333333333,11.4,7.94,8.6533333333333,6058900,11.233333333333,-4.106100795756,JPM
2000-03-30,8.0266666666666,8.9,5.6933333333333,6.3999999999999,5344800,8.6533333333333,-3.7397654348307,JPM
2000-03-31,7.0666666666666,7.3199999999999,5.7333333333333,6.5266666666666,4536700,6.3999999999999,0.2183908045977,JPM
2000-04-03,7.0266666666666,10.4,6.9399999999999,10.066666666667,5673000,6.5266666666666,6.0901479527469,JPM
2000-04-04,9.72,9.9733333333333,4.0533333333333,6.5533333333333,8425800,10.066666666667,-6.2162162162162,JPM
2000-04-05,4.8866666666666,6.6799999999999,4.8866666666666,6.3066666666666,4743700,6.5533333333333,-0.42651296829972,JPM
2000-04-06,6.7199999999999,7.5533333333333,6.5933333333333,7.0133333333333,3235600,6.3066666666666,1.2271359110905,JPM
2000-04-07,7.5533333333333,7.5533333333333,6.0533333333333,6.3066666666666,3276100,7.0133333333333,-1.2122598353156,JPM
2000-04-10,5.7199999999999,8.0933333333333,5.4733333333333,7.4733333333333,5243300,6.3066666666666,2.0259319286872,JPM
2000-04-11,6.7199999999999,7.3066666666666,5.3866666666666,6.0533333333333,5478100,7.4733333333333,-2.4168841484171,JPM
2000-04-12,7.3466666666666,9.3466666666666,6.3866666666666,6.5933333333333,6093000,6.0533333333333,0.94186046511628,JPM
2000-04-13,6.0533333333333,6.5533333333333,4.8866666666666,5.0533333333333,4520700,6.5933333333333,-2.6609837576316,JPM
2000-04-14,3.3866666666666,3.6399999999999,-0.78000000000007,1.3066666666666,8723000,5.0533333333333,-6.6508875739645,JPM
2000-04-17,0.38666666666661,1.68,-1.3200000000001,1.1399999999999,5805800,1.3066666666666,-0.31693711967546,JPM
2000-04-18,0.88666666666661,2.68,0.75999999999995,2.3866666666666,4555600,1.1399999999999,2.3782271397685,JPM
2000-04-19,2.5533333333333,2.72,-0.86000000000007,0.71999999999995,6038100,2.3866666666666,-3.1055900621118,JPM
2000-04-20,0.80666666666662,0.84666666666661,-0.44666666666673,0.25999999999995,3027100,0.71999999999995,-0.88461538461538,JPM
2000-04-24,-0.6133333333334,-0.32000000000006,-1.6533333333334,-1.4466666666667,5195200,0.25999999999995,-3.3113439399819,JPM
2000-04-25,-0.78000000000007,1.0933333333333,-1.1133333333334,0.75999999999995,4218100,-1.4466666666667,4.428093645485,JPM
2000-04-26,1.22,1.22,-0.48666666666673,-0.32000000000006,3667000,0.75999999999995,-2.0753266717909,JPM
2000-04-27,-1.1933333333334,-0.94666666666673,-2.4066666666667,-2.0266666666667,6198800,-0.32000000000006,-3.3490319204605,JPM
2000-04-28,-1.7800000000001,-1.4866666666667,-3.4466666666667,-3.1933333333334,5735500,-2.0266666666667,-2.3687060097455,JPM
2000-05-01,-2.9466666666667,-1.0266666666667,-3.5733333333334,-2.1133333333334,5626500,-3.1933333333334,2.2459448218494,JPM
2000-05-02,-2.0733333333334,0.053333333333279,-2.3600000000001,-0.52666666666673,5607500,-2.1133333333334,3.2271186440678,JPM
2000-05-03,-1.1533333333334,-0.11333333333339,-1.7800000000001,-1.7800000000001,6213700,-0.52666666666673,-2.4694601339813,JPM
2000-05-04,-1.1933333333334,-0.98666666666674,-2.6933333333334,-2.4466666666667,4114800,-1.7800000000001,-1.3468013468013,JPM
2000-05-05,-3.2800000000001,-2.7800000000001,-4.2800000000001,-3.1533333333334,9670100,-2.4466666666667,-1.4470989761092,JPM
2000-05-08,-3.5266666666667,-2.4866666666667,-3.7400000000001,-3.2800000000001,3665100,-3.1533333333334,-0.26319434824768,JPM
2000-05-09,-3.1133333333334,-2.8200000000001,-4.0266666666667,-4.0266666666667,4252000,-3.2800000000001,-1.5555555555556,JPM
2000-05-10,-4.1533333333334,-4.1533333333334,-5.4466666666667,-5.4466666666667,4410700,-4.0266666666667,-3.005079006772,JPM
2000-05-11,-4.5733333333334,-4.1533333333334,-5.6133333333334,-4.6133333333334,5235400,-5.4466666666667,1.8181818181818,JPM
2000-05-12,-5.1933333333334,-2.6933333333334,-5.8600000000001,-3.5266666666667,8147900,-4.6133333333334,2.3285714285714,JPM
2000-05-15,-2.7800000000001,-1.1533333333334,-3.2400000000001,-1.5266666666667,4468800,-3.5266666666667,4.1881893061566,JPM
2000-05-16,-0.19333333333339,-0.15333333333339,-2.1533333333334,-1.7800000000001,5283400,-1.5266666666667,-0.50917861449819,JPM
2000-05-17,-2.4466666666667,-1.3200000000001,-2.5733333333334,-1.9466666666667,2900400,-1.7800000000001,-0.33670033670034,JPM
2000-05-18,-2.1133333333334,-0.36000000000007,-2.1133333333334,-1.1933333333334,3437500,-1.9466666666667,1.527027027027,JPM
2000-05-19,-1.5266666666667,-1.3200000000001,-3.1133333333334,-2.9466666666667,3409700,-1.1933333333334,-3.5005989617995,JPM
2000-05-22,-2.4466666666667,-2.4466666666667,-4.2800000000001,-3.1533333333334,2776400,-2.9466666666667,-0.42758620689655,JPM
2000-05-23,-3.3200000000001,-1.5733333333334,-3.3200000000001,-2.5266666666667,3472500,-3.1533333333334,1.3021194071201,JPM
2000-05-24,-2.9466666666667,-2.3200000000001,-4.2800000000001,-3.5266666666667,5715400,-2.5266666666667,-2.0511418022699,JPM
2000-05-25,-3.2800000000001,-2.1133333333334,-4.7800000000001,-4.4466666666667,5147600,-3.5266666666667,-1.926567080832,JPM
2000-05-26,-4.3600000000001,-3.7800000000001,-5.0266666666667,-4.2800000000001,4109300,-4.4466666666667,0.355871886121,JPM
2000-05-30,-3.5266666666667,-2.2800000000001,-3.8600000000001,-2.2800000000001,2798500,-4.2800000000001,4.2553191489362,JPM
2000-05-31,-2.6133333333334,-1.0266666666667,-2.6133333333334,-1.4866666666667,3322100,-2.2800000000001,1.6190476190476,JPM
2000-06-01,-0.6933333333334,0.88666666666661,-0.98666666666674,0.13999999999994,5853100,-1.4866666666667,3.266836256527,JPM
2000-06-02,3.6399999999999,3.6399999999999,2.0533333333333,2.5133333333333,5911600,0.13999999999994,4.615584078828,JPM
2000-06-05,2.3866666666666,2.8066666666666,1.5533333333333,1.64,3260300,2.5133333333333,-1.6234973354815,JPM
2000-06-06,1.64,1.64,-0.28000000000006,0.053333333333279,3697900,1.64,-2.9982363315697,JPM
2000-06-07,0.34666666666661,1.0133333333333,-0.19333333333339,-0.026666666666727,3934100,0.053333333333279,-0.15584415584416,JPM
2000-06-08,0.51333333333328,0.51333333333328,-1.0266666666667,-0.28000000000006,2650100,-0.026666666666727,-0.4942767950052,JPM
2000-06-09,0.053333333333279,1.1399999999999,-3.6933333333334,-2.4066666666667,6863300,-0.28000000000006,-4.1699346405229,JPM
2000-06-12,78.282,80.47,77.907,78.345,728300,-2.4066666666667,76.817623789388,JPM
2000-06-13,76.47,78.845,75.908,78.282,894600,78.345,-0.048601735776269,JPM
2000-06-14,78.282,81.095,78.282,80.033,1174300,78.282,1.3514765131751,JPM
2000-06-15,78.72,78.72,73.345,75.22,1516400,80.033,-3.6652882806729,JPM
2000-06-16,75.345,75.408,65.345,66.658,3847600,75.22,-6.7683794466403,JPM
2000-06-19,67.22,71.095,67.095,69.283,1821500,66.658,2.2257457308077,JPM
2000-06-20,68.033,70.72,66.345,68.783,1464200,69.283,-0.41472093428332,JPM
2000-06-21,67.72,68.47,65.72,67.408,1403600,68.783,-1.1452320864879,JPM
2000-06-22,66.408,67.72,63.72,64.783,1344600,67.408,-2.2116810461041,JPM
2000-06-23,66.22,67.97,65.158,65.97,963600,64.783,1.0227204190827,JPM
2000-06-26,65.47,68.345,65.47,67.408,1024600,65.97,1.2264392324094,JPM
2000-06-27,67.658,70.47,67.47,67.47,1263300,67.408,0.052237799946075,JPM
2000-06-28,67.72,68.408,65.095,65.345,1638800,67.47,-1.7894736842105,JPM
2000-06-29,62.72,63.658,61.095,61.22,1383500,65.345,-3.5369774919614,JPM
2000-06-30,61.22,62.22,58.845,58.845,1405700,61.22,-2.1111111111111,JPM
2000-07-03,59.04,64.79,59.04,64.79,1270700,58.845,5.1078320090806,JPM
2000-07-05,64.29,67.853,63.603,64.353,1209500,64.79,-0.37753779697624,JPM
2000-07-06,64.165,66.853,61.04,65.978,1332500,64.353,1.409207981754,JPM
2000-07-07,65.978,68.415,65.165,67.165,1432300,65.978,1.0150678137132,JPM
2000-07-10,67.853,68.353,66.04,66.04,810800,67.165,-0.95238095238095,JPM
2000-07-11,66.978,69.915,66.04,66.04,1816700,66.04,0.0,JPM
2000-07-12,70.04,73.415,69.915,71.603,2290200,66.04,4.7547008547009,JPM
2000-07-13,74.79,76.228,72.29,73.165,2152100,71.603,1.2744466111306,JPM
2000-07-14,77.54,79.54,76.603,77.54,2187600,73.165,3.5246727089627,JPM
2000-07-17,80.29,83.165,77.79,81.04,2267300,77.54,2.7237354085603,JPM
2000-07-18,81.915,81.915,78.415,79.602,1108000,81.04,-1.0893939393939,JPM
2000-07-19,79.852,81.978,79.352,79.352,1097100,79.602,-0.19147990992785,JPM
2000-07-20,79.977,84.978,79.915,83.54,1240000,79.352,3.2138252808644,JPM
2000-07-21,84.728,85.478,80.978,81.29,1134100,83.54,-1.6728624535316,JPM
2000-07-24,81.04,84.415,79.852,84.103,1075500,81.29,2.1270321361059,JPM
2000-07-25,84.478,85.79,82.103,85.228,955600,84.103,0.83294462584127,JPM
2000-07-26,85.04,85.04,79.54,80.228,1602600,85.228,-3.6713954239727,JPM
2000-07-27,80.228,82.54,79.665,81.228,1026500,80.228,0.76226484129646,JPM
2000-07-28,81.228,81.29,78.04,79.477,845700,81.228,-1.3246285593246,JPM
2000-07-31,79.29,83.853,77.852,82.54,1092200,79.477,2.3482600795786,JPM
2000-08-01,82.54,82.79,80.29,82.29,814200,82.54,-0.187265917603,JPM
2000-08-02,81.54,84.353,80.79,81.04,1418600,82.29,-0.93808630393996,JPM
2000-08-03,81.04,84.79,79.915,84.04,1183200,81.04,2.2727272727273,JPM
2000-08-04,85.79,92.29,84.915,92.29,2229200,84.04,6.1111111111111,JPM
2000-08-07,92.29,93.04,89.353,91.478,1718200,92.29,-0.56684118673648,JPM
2000-08-08,90.728,92.665,88.665,91.853,1081700,91.478,0.2632724413429,JPM
2000-08-09,90.54,93.79,87.29,91.04,1332900,91.853,-0.56927590625502,JPM
2000-08-10,89.103,93.04,89.103,91.04,1245600,91.04,0.0,JPM
2000-08-11,91.54,93.853,90.665,92.915,984500,91.04,1.3204225352113,JPM
2000-08-14,93.415,96.978,90.04,96.978,1239100,92.915,2.8239791485665,JPM
2000-08-15,95.665,96.228,94.79,95.728,1203100,96.978,-0.8449485595317,JPM
2000-08-16,95.54,95.978,91.29,91.478,1002300,95.728,-2.8973058464223,JPM
2000-08-17,93.415,96.415,93.165,94.04,1445300,91.478,1.7986773192547,JPM
2000-08-18,95.04,95.415,91.915,92.728,767700,94.04,-0.9048275862069,JPM
2000-08-21,92.228,94.29,92.228,93.978,726500,92.728,0.86994042647959,JPM
2000-08-22,94.04,99.415,93.353,97.54,1593700,93.978,2.4576025610951,JPM
2000-08-23,96.603,97.728,94.29,95.353,1095600,97.54,-1.4727272727273,JPM
2000-08-24,94.603,96.228,91.54,93.165,828600,95.353,-1.4954241933389,JPM
2000-08-25,93.228,95.04,92.103,93.165,508000,93.165,0.0,JPM
2000-08-28,92.29,96.165,92.29,94.165,740200,93.165,0.69384215091067,JPM
2000-08-29,93.665,99.29,92.415,98.04,1684400,94.165,2.6701119724376,JPM
2000-08-30,101.29,104.29,100.04,100.103,2889400,98.04,1.3845637583893,JPM
2000-08-31,100.665,117.978,100.665,116.228,5373500,100.103,10.674354408426,JPM
2000-09-01,114.04,114.228,108.603,108.603,2659500,116.228,-4.560734023973,JPM
2000-09-05,107.228,111.415,106.603,108.978,1417700,108.603,0.23501688988049,JPM
2000-09-06,119.29,120.665,113.603,116.79,3506300,108.978,4.8843927021721,JPM
2000-09-07,114.853,115.54,110.04,112.04,2251500,116.79,-2.8315946348733,JPM
2000-09-08,110.165,115.978,110.165,113.04,1935500,112.04,0.61349693251534,JPM
2000-09-11,113.103,120.478,113.103,118.04,1874700,113.04,3.0487804878049,JPM
2000-09-12,116.04,129.04,114.29,126.79,7108600,118.04,5.1775147928994,JPM
2000-09-13,125.915,131.54,125.04,130.54,8559300,126.79,2.1097046413502,JPM
2000-09-14,131.978,132.79,127.415,128.353,4671600,130.54,-1.204958677686,JPM
2000-09-15,128.353,128.353,121.853,122.29,3803200,128.353,-3.3812383932007,JPM
2000-09-18,123.29,123.29,114.165,114.478,3168900,122.29,-4.5090909090909,JPM
2000-09-19,115.29,118.29,113.79,114.478,2644600,114.478,0.0,JPM
2000-09-20,114.478,116.353,111.54,114.79,2369000,114.478,0.1885902876002,JPM
2000-09-21,113.79,113.978,109.29,110.04,2417100,114.79,-2.8657616892911,JPM
2000-09-22,108.978,117.54,107.415,115.478,1990800,110.04,3.3776397515528,JPM
2000-09-25,116.54,121.79,115.915,116.79,1900000,115.478,0.78828152224853,JPM
2000-09-26,116.54,118.978,112.478,113.103,1402300,116.79,-2.197913561848,JPM
2000-09-27,115.04,115.915,109.79,110.415,1713500,113.103,-1.6383950067962,JPM
2000-09-28,110.353,116.228,109.165,115.478,1941100,110.415,3.1374128582494,JPM
2000-09-29,115.478,118.728,112.415,112.415,1385000,115.478,-1.8403249257982,JPM
2000-10-02,112.915,118.54,112.915,117.54,1556300,112.415,3.1369548584545,JPM
2000-10-03,118.978,120.665,115.353,116.29,1844900,117.54,-0.74183976261128,JPM
2000-10-04,116.36,117.048,112.798,113.36,1430100,116.29,-1.9431988041854,JPM
2000-10-05,114.36,116.86,108.36,108.36,1950600,113.36,-3.0487804878049,JPM
2000-10-06,109.11,111.298,98.86,102.36,3337500,108.36,-3.7735849056604,JPM
2000-10-09,102.36,104.985,100.298,101.235,1160100,102.36,-0.73529411764706,JPM
2000-10-10,101.235,102.235,94.985,96.11,1698300,101.235,-3.3744855967078,JPM
2000-10-11,94.61,97.36,89.548,96.173,2706600,96.11,0.042930153321968,JPM
2000-10-12,94.36,94.61,84.86,85.36,2647500,96.173,-7.3651515873935,JPM
2000-10-13,85.36,94.173,85.36,92.485,2121500,85.36,5.2389705882353,JPM
2000-10-16,92.985,95.798,89.173,92.36,2117900,92.485,-0.087336244541485,JPM
2000-10-17,93.61,95.298,85.923,86.985,1523400,92.36,-3.7587412587413,JPM
2000-10-18,67.36,87.173,67.36,83.61,4718500,86.985,-2.4523160762943,JPM
2000-10-19,89.36,94.61,88.36,91.61,2164300,83.61,5.9590316573557,JPM
2000-10-20,88.86,92.173,88.298,88.298,1428600,91.61,-2.328295254833,JPM
2000-10-23,88.36,89.673,86.86,87.86,1353600,88.298,-0.31524852812045,JPM
2000-10-24,87.86,95.985,87.86,94.485,2493000,87.86,4.7833935018051,JPM
2000-10-25,94.485,99.86,94.485,95.86,1713500,94.485,0.94745908699397,JPM
2000-10-26,96.86,98.61,91.11,95.048,2050400,95.86,-0.5542662116041,JPM
2000-10-27,96.86,107.86,95.985,107.86,2371100,95.048,8.7941354126627,JPM
2000-10-30,106.36,109.485,105.36,108.735,1752400,107.86,0.55205047318612,JPM
2000-10-31,112.36,116.673,109.735,114.86,2090000,108.735,3.843137254902,JPM
2000-11-01,111.923,115.61,110.923,114.298,1724300,114.86,-0.33957703927493,JPM
2000-11-02,115.36,118.235,114.298,114.298,1609700,114.298,0.0,JPM
2000-11-03,114.11,114.173,109.86,110.86,1431000,114.298,-2.0844196000921,JPM
2000-11-06,112.36,115.923,111.673,115.673,1064800,110.86,2.9801857585139,JPM
2000-11-07,114.735,115.235,112.423,112.423,749000,115.673,-1.9541466992959,JPM
2000-11-08,112.798,112.798,107.86,109.048,1356000,112.423,-2.0697521816721,JPM
2000-11-09,109.048,111.61,105.36,110.36,1752500,109.048,0.82160212414208,JPM
2000-11-10,109.485,112.235,106.235,106.36,1261300,110.36,-2.4844720496894,JPM
2000-11-13,104.36,106.235,99.11,102.61,1535700,106.36,-2.3885350318471,JPM
2000-11-14,105.36,107.798,102.985,104.923,1424000,102.61,1.5092985318108,JPM
2000-11-15,104.36,106.173,98.86,99.985,2113000,104.923,-3.174276659617,JPM
2000-11-16,98.485,102.36,98.485,99.36,1295800,99.985,-0.4149377593361,JPM
2000-11-17,100.235,100.235,93.11,95.485,1338000,99.36,-2.5833333333333,JPM
2000-11-20,95.485,96.298,88.298,91.423,1334600,95.485,-2.7798118049615,JPM
2000-11-21,91.36,93.548,87.985,90.798,1246900,91.423,-0.43994565791233,JPM
2000-11-22,88.985,90.298,84.86,87.36,1388500,90.798,-2.4307470411063,JPM
2000-11-24,88.235,93.235,88.235,91.548,675600,87.36,3.0347826086956,JPM
2000-11-27,93.36,96.735,93.298,93.485,1221300,91.548,1.3622809238473,JPM
2000-11-28,93.735,96.86,87.298,89.86,2621100,93.485,-2.5151777970512,JPM
2000-11-29,88.235,91.485,86.11,89.673,1580000,89.86,-0.13309608540926,JPM
2000-11-30,87.298,89.86,80.11,84.173,2903800,89.673,-3.9198078581457,JPM
2000-12-01,85.61,91.798,85.548,86.86,1938600,84.173,1.9931312262171,JPM
2000-12-04,87.11,90.548,85.423,87.86,1562000,86.86,0.72727272727273,JPM
2000-12-05,90.86,101.798,89.548,100.985,2860400,87.86,9.4765342960289,JPM
2000-12-06,102.36,107.985,93.86,98.235,3723700,100.985,-1.8136850783182,JPM
2000-12-07,96.235,98.61,90.735,94.36,2037500,98.235,-2.6028547439127,JPM
2000-12-08,97.86,99.11,95.173,96.61,1615400,94.36,1.551724137931,JPM
2000-12-11,97.423,106.798,97.423,106.11,1676300,96.61,6.4516129032258,JPM
2000-12-12,106.11,110.36,103.985,107.798,1550900,106.11,1.0768740031898,JPM
2000-12-13,111.798,114.235,110.798,113.61,1897600,107.798,3.6683118948737,JPM
2000-12-14,105.86,108.735,102.36,107.298,3277600,113.61,-3.8429223744292,JPM
2000-12-15,106.11,110.048,103.735,109.36,2450600,107.298,1.3055756056174,JPM
2000-12-18,111.298,116.36,110.985,115.985,2681700,109.36,4.140625,JPM
2000-12-19,113.61,118.485,113.36,113.548,2562900,115.985,-1.4625656414104,JPM
2000-12-20,113.798,114.36,108.485,108.485,1901800,113.548,-3.0836601944113,JPM
2000-12-21,109.485,118.11,109.485,116.735,1889600,108.485,5.184603299293,JPM
2000-12-22,116.735,120.86,115.423,117.235,1549800,116.735,0.29873039581777,JPM
2000-12-26,117.798,119.923,116.673,118.36,899400,117.235,0.67014147431124,JPM
2000-12-27,115.86,120.985,115.11,120.985,1449000,118.36,1.5532544378698,JPM
2000-12-28,119.36,124.673,119.235,122.36,1210900,120.985,0.80116533139111,JPM
2000-12-29,121.86,124.86,113.36,114.86,4518800,122.36,-4.3352601156069,JPM
2001-01-02,-6.0150000000001,-5.8270000000001,-7.3270000000001,-6.6400000000001,7803200,114.86,-73.413897280967,JPM
2001-01-03,-6.8820000000001,0.55499999999995,-7.1320000000001,0.30499999999995,21252300,-6.6400000000001,15.056818181818,JPM
2001-01-04,1.18,3.68,0.61799999999995,1.68,26409800,0.30499999999995,2.716049382716,JPM
2001-01-05,0.42999999999995,0.67999999999995,-1.9450000000001,-1.3820000000001,16215700,1.68,-5.8884615384615,JPM
2001-01-08,-1.3200000000001,-0.19500000000006,-2.0070000000001,-1.0700000000001,9938300,-1.3820000000001,0.63754137888757,JPM
2001-01-09,-0.44500000000006,-0.32000000000006,-2.4450000000001,-1.6320000000001,7285100,-1.0700000000001,-1.141116751269,JPM
2001-01-10,-0.82000000000007,1.368,-1.3200000000001,0.61799999999995,10867100,-1.6320000000001,4.6212619125863,JPM
2001-01-11,0.80499999999995,3.93,0.80499999999995,3.805,16078700,0.61799999999995,6.2566257018336,JPM
2001-01-12,3.68,3.743,2.055,2.993,8946800,3.805,-1.5002309468822,JPM
2001-01-16,3.18,4.368,2.18,2.868,10508500,2.993,-0.23446438954852,JPM
2001-01-17,2.618,3.743,1.805,2.68,10317300,2.868,-0.35346318718508,JPM
2001-01-18,1.18,1.555,0.24299999999995,1.118,13565600,2.68,-2.9471698113208,JPM
2001-01-19,0.42999999999995,1.305,-0.50700000000006,0.24299999999995,10789100,1.118,-1.7010770247677,JPM
2001-01-22,0.24299999999995,1.868,-0.25700000000005,0.55499999999995,10581500,0.24299999999995,0.61705199454146,JPM
2001-01-23,-0.19500000000006,1.68,-0.19500000000006,1.368,8794600,0.55499999999995,1.5980343980344,JPM
2001-01-24,2.368,3.18,1.93,2.93,9316500,1.368,3.021978021978,JPM
2001-01-25,2.68,3.555,1.43,2.743,8349100,2.93,-0.35117370892018,JPM
2001-01-26,3.118,4.118,2.43,3.868,7967800,2.743,2.1201213651697,JPM
2001-01-29,3.87,5.5799999999999,3.87,4.7999999999999,9494400,3.868,1.7199379936517,JPM
2001-01-30,4.7799999999999,5.8299999999999,4.33,5.6599999999999,9452800,4.7999999999999,1.5602322206096,JPM
2001-01-31,6.17,6.9799999999999,4.18,4.67,13105800,5.6599999999999,-1.7684887459807,JPM
2001-02-01,4.67,5.5299999999999,3.19,5.5299999999999,9175000,4.67,1.5639207128569,JPM
2001-02-02,4.68,5.0099999999999,3.98,4.33,7075200,5.5299999999999,-2.148612354521,JPM
2001-02-05,4.1899999999999,4.63,3.38,4.28,5273700,4.33,-0.091491308325704,JPM
2001-02-06,3.69,4.12,1.68,1.96,7560200,4.28,-4.2490842490842,JPM
2001-02-07,2.03,3.17,1.58,2.01,7988800,1.96,0.095638867635802,JPM
2001-02-08,2.01,2.73,1.21,1.36,5730800,2.01,-1.2421173323142,JPM
2001-02-09,1.37,2.28,0.73999999999995,1.63,5462200,1.36,0.52244582043344,JPM
2001-02-12,2.15,2.78,1.73,2.23,5246700,1.63,1.1549566891241,JPM
2001-02-13,2.22,3.38,0.77999999999995,0.81999999999995,7334700,2.23,-2.6831588962892,JPM
2001-02-14,1.43,1.56,0.57999999999995,0.86999999999995,6835100,0.81999999999995,0.097770825185759,JPM
2001-02-15,1.06,2.43,0.59999999999995,0.78999999999995,7408400,0.86999999999995,-0.15628052353975,JPM
2001-02-16,0.079999999999942,1.68,-0.070000000000056,1.67,7364800,0.78999999999995,1.72177656036,JPM
2001-02-20,1.67,2.28,-0.67000000000006,-0.37000000000006,9075200,1.67,-3.9238315060589,JPM
2001-02-21,-1.3700000000001,-0.22000000000005,-3.2200000000001,-2.9700000000001,9835100,-0.37000000000006,-5.2052052052052,JPM
2001-02-22,-2.5700000000001,-2.0200000000001,-4.9200000000001,-2.0200000000001,12409800,-2.9700000000001,2.0063357972545,JPM
2001-02-23,-3.2700000000001,-2.0700000000001,-4.1200000000001,-3.2700000000001,9708400,-2.0200000000001,-2.5879917184265,JPM
2001-02-26,-2.3200000000001,-1.0200000000001,-3.5100000000001,-1.7700000000001,8783500,-3.2700000000001,3.1880977683316,JPM
2001-02-27,-1.3700000000001,-0.56000000000006,-3.4700000000001,-2.7200000000001,11742300,-1.7700000000001,-1.956745623069,JPM
2001-02-28,-2.4300000000001,-2.3500000000001,-5.0200000000001,-3.6600000000001,10510600,-2.7200000000001,-1.9747899159664,JPM
2001-03-01,-4.7200000000001,-4.0700000000001,-5.5400000000001,-4.2200000000001,10551800,-3.6600000000001,-1.2001714530647,JPM
2001-03-02,-4.7200000000001,-2.7200000000001,-5.1200000000001,-4.5200000000001,7567300,-4.2200000000001,-0.65075921908895,JPM
2001-03-05,-4.3200000000001,-3.3700000000001,-5.0200000000001,-3.5600000000001,5988200,-4.5200000000001,2.0960698689956,JPM
2001-03-06,-2.0700000000001,-1.3700000000001,-2.8200000000001,-2.3600000000001,6844500,-3.5600000000001,2.5662959794696,JPM
2001-03-07,-1.9200000000001,0.12999999999995,-2.3000000000001,-0.070000000000056,7296600,-2.3600000000001,4.7748123436197,JPM
2001-03-08,-0.070000000000056,0.84999999999995,-0.52000000000006,-0.080000000000054,7064400,-0.070000000000056,-0.019900497512434,JPM
2001-03-09,-0.72000000000006,-0.52000000000006,-2.4200000000001,-1.3700000000001,6377600,-0.080000000000054,-2.5676751592357,JPM
2001-03-12,-2.8200000000001,-2.4700000000001,-4.8300000000001,-4.8300000000001,8549500,-1.3700000000001,-7.0684371807967,JPM
2001-03-13,-3.5700000000001,-2.5200000000001,-4.7200000000001,-2.9200000000001,7065900,-4.8300000000001,4.1987249945043,JPM
2001-03-14,-5.3200000000001,-4.3500000000001,-6.9200000000001,-6.5700000000001,16150200,-2.9200000000001,-7.7004219409283,JPM
2001-03-15,-5.4200000000001,-4.3700000000001,-5.5700000000001,-5.0600000000001,8561300,-6.5700000000001,3.4514285714286,JPM
2001-03-16,-5.0600000000001,-4.4200000000001,-6.2000000000001,-5.7400000000001,10739500,-5.0600000000001,-1.5024304021211,JPM
2001-03-19,-5.9200000000001,-4.9200000000001,-7.6700000000001,-5.1700000000001,9742500,-5.7400000000001,1.278600269179,JPM
2001-03-20,-4.8600000000001,-4.8600000000001,-7.7700000000001,-7.7300000000001,10186500,-5.1700000000001,-5.6699889258029,JPM
2001-03-21,-7.5300000000001,-7.2200000000001,-10.22,-10.12,12028900,-7.7300000000001,-5.6116459262738,JPM
2001-03-22,-10.27,-10.26,-12.72,-11.41,15677400,-10.12,-3.2089552238806,JPM
2001-03-23,-10.02,-8.4200000000001,-10.42,-8.6100000000001,10763200,-11.41,7.1960935492162,JPM
2001-03-26,-8.1700000000001,-7.3300000000001,-8.6400000000001,-8.2100000000001,8319900,-8.6100000000001,0.95900263725725,JPM
2001-03-27,-8.2100000000001,-6.9200000000001,-9.2200000000001,-6.9600000000001,12254000,-8.2100000000001,2.968416053194,JPM
2001-03-28,-7.6200000000001,-7.2600000000001,-8.3700000000001,-7.7700000000001,7315300,-6.9600000000001,-1.8680811808118,JPM
2001-03-29,-7.5200000000001,-7.0700000000001,-8.3000000000001,-7.3200000000001,6688200,-7.7700000000001,1.0575793184489,JPM
2001-03-30,-7.1700000000001,-5.4200000000001,-7.4200000000001,-5.4200000000001,8444000,-7.3200000000001,4.4186046511628,JPM
2001-04-02,-5.8200000000001,-4.9200000000001,-6.6700000000001,-5.7200000000001,8743100,-5.4200000000001,-0.66815144766146,JPM
2001-04-03,-6.2000000000001,-6.1700000000001,-8.8200000000001,-8.7200000000001,9050600,-5.7200000000001,-6.7264573991031,JPM
2001-04-04,-8.5800000000001,-8.2300000000001,-10.74,-9.4900000000001,11634200,-8.7200000000001,-2.6682692307692,JPM
2001-04-05,-8.6800000000001,-7.0200000000001,-8.7200000000001,-7.4800000000001,8645100,-9.4900000000001,4.9641886885651,JPM
2001-04-06,-8.3800000000001,-7.5500000000001,-10.38,-9.5900000000001,9790600,-7.4800000000001,-4.9647058823529,JPM
2001-04-09,-10.08,-8.4000000000001,-10.08,-9.5600000000001,7380500,-9.5900000000001,0.074275810844271,JPM
2001-04-10,-8.5800000000001,-6.6800000000001,-8.7500000000001,-6.6800000000001,7962300,-9.5600000000001,7.1251855517071,JPM
2001-04-11,-5.7300000000001,-4.1800000000001,-5.9300000000001,-5.2400000000001,9898000,-6.6800000000001,3.3256351039261,JPM
2001-04-12,-5.7300000000001,-4.2300000000001,-5.9800000000001,-4.6100000000001,6740700,-5.2400000000001,1.4081358962897,JPM
2001-04-16,-4.6100000000001,-3.6300000000001,-4.9600000000001,-4.4800000000001,6377000,-4.6100000000001,0.2865329512894,JPM
2001-04-17,-4.9300000000001,-4.0000000000001,-5.1800000000001,-4.6100000000001,5116100,-4.4800000000001,-0.28571428571429,JPM
2001-04-18,-3.0300000000001,0.13999999999994,-3.2800000000001,-0.88000000000006,15214300,-4.6100000000001,8.2212916023804,JPM
2001-04-19,-0.98000000000006,-0.49000000000006,-1.7300000000001,-1.1800000000001,11595900,-0.88000000000006,-0.61099796334013,JPM
2001-04-20,-1.1900000000001,-1.1900000000001,-2.6800000000001,-2.1800000000001,8496200,-1.1800000000001,-2.0491803278689,JPM
2001-04-23,-2.0300000000001,-1.8300000000001,-3.2300000000001,-2.6800000000001,5135800,-2.1800000000001,-1.0460251046025,JPM
2001-04-24,-2.1800000000001,-1.5800000000001,-2.4800000000001,-2.4800000000001,6179300,-2.6800000000001,0.42283298097252,JPM
2001-04-25,-2.4700000000001,-2.3800000000001,-3.9500000000001,-2.5000000000001,8079600,-2.4800000000001,-0.042105263157901,JPM
2001-04-26,-2.2300000000001,-1.0800000000001,-2.7300000000001,-1.4800000000001,7012500,-2.5000000000001,2.1482729570345,JPM
2001-04-27,-0.51000000000006,0.089999999999947,-0.93000000000006,-0.13000000000005,6479900,-1.4800000000001,2.7835051546392,JPM
2001-04-30,0.059999999999946,0.41999999999995,-2.2300000000001,-2.0000000000001,7737700,-0.13000000000005,-3.7512537612839,JPM
2001-05-01,-1.4900000000001,-1.2500000000001,-2.4300000000001,-1.2500000000001,8051200,-2.0000000000001,1.5631513130471,JPM
2001-05-02,-0.73000000000006,-0.11000000000006,-1.6800000000001,-0.41000000000006,6753000,-1.2500000000001,1.7237841165606,JPM
2001-05-03,-1.3800000000001,-0.84000000000006,-1.6700000000001,-0.98000000000006,7494000,-0.41000000000006,-1.1498890457938,JPM
2001-05-04,-1.7300000000001,0.61999999999995,-1.7900000000001,0.61999999999995,8223200,-0.98000000000006,3.265306122449,JPM
2001-05-07,-0.93000000000006,-0.040000000000055,-1.3300000000001,-0.78000000000006,10132000,0.61999999999995,-2.7667984189723,JPM
2001-05-08,-1.2300000000001,-1.0000000000001,-2.4800000000001,-2.2300000000001,8695500,-0.78000000000006,-2.9471544715447,JPM
2001-05-09,-2.7300000000001,-2.3700000000001,-2.9800000000001,-2.6800000000001,6490800,-2.2300000000001,-0.94240837696336,JPM
2001-05-10,-1.9800000000001,-1.8300000000001,-2.7200000000001,-2.4700000000001,5905800,-2.6800000000001,0.44397463002114,JPM
2001-05-11,-2.4600000000001,-2.1800000000001,-3.6300000000001,-3.5400000000001,5675600,-2.4700000000001,-2.2521574405388,JPM
2001-05-14,-3.5800000000001,-2.2300000000001,-3.6300000000001,-2.3400000000001,5469800,-3.5400000000001,2.5839793281654,JPM
2001-05-15,-2.5800000000001,-2.0500000000001,-2.9600000000001,-2.5900000000001,5821600,-2.3400000000001,-0.5247691015953,JPM
2001-05-16,-2.5900000000001,-1.3300000000001,-3.3800000000001,-1.6700000000001,9348000,-2.5900000000001,1.9413378349863,JPM
2001-05-17,-1.9200000000001,-1.2400000000001,-2.1200000000001,-1.7900000000001,7818200,-1.6700000000001,-0.2483957772718,JPM
2001-05-18,-1.1800000000001,-1.1800000000001,-2.0900000000001,-1.8200000000001,5556700,-1.7900000000001,-0.062253579580828,JPM
2001-05-21,-1.5000000000001,-0.48000000000006,-2.2700000000001,-0.55000000000006,6910100,-1.8200000000001,2.6370431893688,JPM
2001-05-22,-0.13000000000005,0.61999999999995,-0.27000000000006,0.03999999999995,8750800,-0.55000000000006,1.1936071211815,JPM
2001-05-23,-0.18000000000006,-0.17000000000005,-1.5900000000001,-1.0600000000001,6283400,0.03999999999995,-2.1991203518593,JPM
2001-05-24,-1.0300000000001,-0.080000000000054,-1.0300000000001,-0.64000000000005,5421700,-1.0600000000001,0.85854456255111,JPM
2001-05-25,-0.73000000000006,-0.30000000000006,-1.3800000000001,-1.2800000000001,3857900,-0.64000000000005,-1.2971220105391,JPM
2001-05-29,-0.98000000000006,-0.53000000000006,-1.8800000000001,-0.65000000000006,5391800,-1.2800000000001,1.2936344969199,JPM
2001-05-30,-0.65000000000006,-0.080000000000054,-1.5900000000001,-1.3600000000001,5402700,-0.65000000000006,-1.4392864382729,JPM
2001-05-31,-1.4300000000001,-0.80000000000006,-2.1200000000001,-0.83000000000006,5875300,-1.3600000000001,1.090086384204,JPM
2001-06-01,-0.73000000000006,-0.73000000000006,-1.5800000000001,-1.0900000000001,6006400,-0.83000000000006,-0.52899287894201,JPM
2001-06-04,-1.2300000000001,-0.48000000000006,-1.5900000000001,-0.48000000000006,4271200,-1.0900000000001,1.2476989159337,JPM
2001-06-05,-0.48000000000006,-0.070000000000056,-1.4800000000001,-1.4800000000001,6758900,-0.48000000000006,-2.020202020202,JPM
2001-06-06,-2.4300000000001,-2.4300000000001,-3.7100000000001,-3.1400000000001,12690500,-1.4800000000001,-3.4226804123711,JPM
2001-06-07,-3.9800000000001,-3.89,-5.4700000000001,-4.3500000000001,11970100,-3.1400000000001,-2.5832621690863,JPM
2001-06-08,-4.8300000000001,-4.8300000000001,-6.1800000000001,-5.7800000000001,7355600,-4.3500000000001,-3.1339031339031,JPM
2001-06-11,-5.7300000000001,-5.2200000000001,-5.9700000000001,-5.8000000000001,6247800,-5.7800000000001,-0.045248868778288,JPM
2001-06-12,-6.3800000000001,-6.3300000000001,-7.4800000000001,-6.4900000000001,8116400,-5.8000000000001,-1.5617926663649,JPM
2001-06-13,-6.1300000000001,-5.3800000000001,-6.7300000000001,-6.0800000000001,7347500,-6.4900000000001,0.94274545872614,JPM
2001-06-14,-6.3300000000001,-5.6400000000001,-6.5800000000001,-6.3900000000001,6765500,-6.0800000000001,-0.70615034168564,JPM
2001-06-15,-6.0800000000001,-4.9400000000001,-6.6300000000001,-5.0800000000001,16099300,-6.3900000000001,3.0052764395503,JPM
2001-06-18,-5.4800000000001,-5.0900000000001,-6.1300000000001,-5.6700000000001,7115000,-5.0800000000001,-1.3140311804009,JPM
2001-06-19,-5.0800000000001,-4.5800000000001,-5.8300000000001,-5.4600000000001,5717600,-5.6700000000001,0.4739336492891,JPM
2001-06-20,-5.4300000000001,-3.9800000000001,-5.4800000000001,-4.3800000000001,7645800,-5.4600000000001,2.4258760107817,JPM
2001-06-21,-4.2800000000001,-2.7500000000001,-4.7600000000001,-2.8600000000001,7181900,-4.3800000000001,3.3333333333333,JPM
2001-06-22,-3.3800000000001,-3.3700000000001,-4.2300000000001,-4.0800000000001,7293900,-2.8600000000001,-2.5891341256367,JPM
2001-06-25,-3.9800000000001,-3.6800000000001,-4.9300000000001,-4.1600000000001,4647300,-4.0800000000001,-0.17429193899782,JPM
2001-06-26,-5.9300000000001,-4.9300000000001,-5.9800000000001,-5.2800000000001,6831100,-4.1600000000001,-2.4443474465299,JPM
2001-06-27,-5.7800000000001,-5.1300000000001,-5.9800000000001,-5.9600000000001,6571400,-5.2800000000001,-1.5212527964206,JPM
2001-06-28,-5.5800000000001,-4.6500000000001,-5.6300000000001,-4.9800000000001,4914000,-5.9600000000001,2.2262607905497,JPM
2001-06-29,-5.2300000000001,-5.0300000000001,-5.9800000000001,-5.3800000000001,6180700,-4.9800000000001,-0.88888888888889,JPM
2001-07-02,-5.1800000000001,-4.0800000000001,-5.8900000000001,-4.1800000000001,5128300,-5.3800000000001,2.6905829596412,JPM
2001-07-03,-3.89,-3.6300000000001,-4.2900000000001,-4.04,3057900,-4.1800000000001,-0.43668122270741,JPM
2001-07-05,-3.8400000000001,-3.6400000000001,-4.6900000000001,-4.11,4379000,-4.04,-0.15350877192983,JPM
2001-07-06,-4.3600000000001,-4.3600000000001,-5.7300000000001,-5.1300000000001,5037300,-4.11,-2.2402811333187,JPM
2001-07-09,-5.2400000000001,-5.2400000000001,-6.2800000000001,-5.6500000000001,4892200,-5.1300000000001,-1.1682767917322,JPM
2001-07-10,-6.1400000000001,-6.0900000000001,-7.6900000000001,-7.6300000000001,8433400,-5.6500000000001,-4.5010229597636,JPM
2001-07-11,-7.6800000000001,-7.4500000000001,-8.9300000000001,-7.5900000000001,8240300,-7.6300000000001,0.095215424898832,JPM
2001-07-12,-7.1900000000001,-6.3200000000001,-7.4800000000001,-7.1000000000001,7200400,-7.5900000000001,1.1652794292509,JPM
2001-07-13,-7.3500000000001,-6.7400000000001,-7.4300000000001,-7.0900000000001,5728800,-7.1000000000001,0.023507287259046,JPM
2001-07-16,-6.7400000000001,-6.6500000000001,-8.7400000000001,-8.4400000000001,7292100,-7.0900000000001,-3.1727379553466,JPM
2001-07-17,-8.2500000000001,-6.9200000000001,-9.0400000000001,-7.3400000000001,6459800,-8.4400000000001,2.6699029126213,JPM
2001-07-18,-8.6400000000001,-6.0600000000001,-8.8900000000001,-6.0600000000001,10179800,-7.3400000000001,3.0260047281324,JPM
2001-07-19,-5.8100000000001,-5.3900000000001,-6.6900000000001,-5.9400000000001,8137100,-6.0600000000001,0.2753556677375,JPM
2001-07-20,-6.1900000000001,-6.0600000000001,-6.6900000000001,-6.2400000000001,4094700,-5.9400000000001,-0.68649885583525,JPM
2001-07-23,-6.2400000000001,-5.9400000000001,-6.6400000000001,-6.6300000000001,4128000,-6.2400000000001,-0.89861751152074,JPM
2001-07-24,-6.8800000000001,-6.3500000000001,-7.0900000000001,-6.9600000000001,5781600,-6.6300000000001,-0.76726342710997,JPM
2001-07-25,-6.4900000000001,-6.4900000000001,-7.9000000000001,-6.7400000000001,7438000,-6.9600000000001,0.51546391752577,JPM
2001-07-26,-6.9400000000001,-6.1500000000001,-7.3900000000001,-6.4000000000001,5522800,-6.7400000000001,0.7925407925408,JPM
2001-07-27,-6.8400000000001,-5.4100000000001,-6.8600000000001,-5.4300000000001,6060000,-6.4000000000001,2.2432932469935,JPM
2001-07-30,-6.0400000000001,-5.5500000000001,-6.0900000000001,-5.8300000000001,6203600,-5.4300000000001,-0.90477267586519,JPM
2001-07-31,-6.1400000000001,-5.5400000000001,-6.5900000000001,-6.3400000000001,8469900,-5.8300000000001,-1.1641177813285,JPM
2001-08-01,-6.4400000000001,-5.7900000000001,-6.6400000000001,-6.1400000000001,8843900,-6.3400000000001,0.46189376443419,JPM
2001-08-02,-6.0900000000001,-5.3900000000001,-6.1400000000001,-6.1400000000001,4944500,-6.1400000000001,0.0,JPM
2001-08-03,-6.1300000000001,-5.8900000000001,-6.6000000000001,-6.3200000000001,5896700,-6.1400000000001,-0.41379310344828,JPM
2001-08-06,-6.3200000000001,-6.0700000000001,-7.0700000000001,-6.8800000000001,5036000,-6.3200000000001,-1.2927054478301,JPM
2001-08-07,-7.0200000000001,-6.6100000000001,-7.3300000000001,-6.8700000000001,4686600,-6.8800000000001,0.023386342376064,JPM
2001-08-08,-7.2900000000001,-6.9000000000001,-7.8200000000001,-7.5600000000001,5489800,-6.8700000000001,-1.6132803366846,JPM
2001-08-09,-7.5900000000001,-7.5000000000001,-8.4200000000001,-7.7400000000001,5501900,-7.5600000000001,-0.42775665399239,JPM
2001-08-10,-7.7400000000001,-7.2600000000001,-8.5100000000001,-7.3900000000001,4708300,-7.7400000000001,0.83532219570406,JPM
2001-08-13,-7.8300000000001,-7.2600000000001,-8.0900000000001,-7.5200000000001,4209300,-7.3900000000001,-0.30769230769231,JPM
2001-08-14,-7.5200000000001,-7.0600000000001,-7.6400000000001,-7.3900000000001,4620700,-7.5200000000001,0.30864197530865,JPM
2001-08-15,-7.5700000000001,-7.2900000000001,-7.6300000000001,-7.4900000000001,4808900,-7.3900000000001,-0.23668639053255,JPM
2001-08-16,-7.4400000000001,-7.3900000000001,-8.3600000000001,-7.4600000000001,6343100,-7.4900000000001,0.071174377224202,JPM
2001-08-17,-7.7900000000001,-7.7000000000001,-8.6200000000001,-8.1600000000001,4967800,-7.4600000000001,-1.6595542911332,JPM
2001-08-20,-8.3400000000001,-7.9900000000001,-8.8200000000001,-8.5500000000001,5850000,-8.1600000000001,-0.94021215043393,JPM
2001-08-21,-8.7400000000001,-8.1900000000001,-9.2300000000001,-9.2300000000001,7091100,-8.5500000000001,-1.6549038695547,JPM
2001-08-22,-8.9400000000001,-8.4000000000001,-9.0400000000001,-8.4900000000001,5342200,-9.2300000000001,1.8312298935907,JPM
2001-08-23,-8.7300000000001,-8.6000000000001,-9.0200000000001,-8.9200000000001,4558100,-8.4900000000001,-1.044957472661,JPM
2001-08-24,-9.3400000000001,-8.4900000000001,-9.7900000000001,-8.7100000000001,11913100,-8.9200000000001,0.51571709233792,JPM
2001-08-27,-8.8600000000001,-8.1400000000001,-9.1000000000001,-8.5400000000001,5481500,-8.7100000000001,0.41534326899585,JPM
2001-08-28,-8.7400000000001,-8.4400000000001,-9.4900000000001,-9.1500000000001,6436800,-8.5400000000001,-1.4841849148418,JPM
2001-08-29,-9.3600000000001,-9.1700000000001,-10.22,-10.07,6178300,-9.1500000000001,-2.2721659669054,JPM
2001-08-30,-10.39,-10.14,-10.52,-10.4,7395300,-10.07,-0.83396512509476,JPM
2001-08-31,-10.53,-9.6400000000001,-10.53,-10.24,4915600,-10.4,0.40774719673801,JPM
2001-09-04,-10.14,-8.9600000000001,-10.57,-9.8100000000001,6377800,-10.24,1.0913705583756,JPM
2001-09-05,-9.6400000000001,-9.6400000000001,-11.55,-11.29,10440300,-9.8100000000001,-3.7157921164951,JPM
2001-09-06,-11.64,-11.64,-13.14,-12.7,11279200,-11.29,-3.6766623207301,JPM
2001-09-07,-13.64,-12.44,-13.68,-12.64,8777400,-12.7,0.16242555495399,JPM
2001-09-10,-13.34,-12.29,-13.74,-12.38,9263700,-12.64,0.7027027027027,JPM
2001-09-17,-14.64,-13.85,-15.64,-14.39,20456200,-12.38,-5.3945249597423,JPM
2001-09-18,-14.54,-13.89,-15.24,-14.8,13190400,-14.39,-1.1631205673759,JPM
2001-09-19,-14.64,-14.14,-16.63,-15.53,13598200,-14.8,-2.0952927669346,JPM
2001-09-20,-16.49,-15.9,-18.33,-18.08,12567300,-15.53,-7.4758135444151,JPM
2001-09-21,-20.39,-17.79,-20.59,-18.82,19319400,-18.08,-2.3447401774398,JPM
2001-09-24,-17.99,-16.94,-18.04,-17.06,13583500,-18.82,5.7105775470474,JPM
2001-09-25,-17.091,-16.01,-17.49,-16.39,11070700,-17.06,2.0564763658686,JPM
2001-09-26,-15.91,-15.89,-17.58,-17.14,8319900,-16.39,-2.2556390977444,JPM
2001-09-27,-17.14,-16.24,-17.94,-16.52,6552000,-17.14,1.9076923076923,JPM
2001-09-28,-16.04,-14.64,-16.35,-15.49,10302300,-16.52,3.1099033816425,JPM
2001-10-01,-15.34,-15.01,-16.04,-15.64,8583800,-15.49,-0.43923865300146,JPM
2001-10-02,-15.24,-14.39,-15.82,-14.65,10114000,-15.64,2.9117647058824,JPM
2001-10-03,-14.78,-14.03,-15.0,-14.63,15753100,-14.65,-0.91454701343241,JPM
2001-10-04,-14.15,-14.1,-15.25,-15.14,11926300,-14.63,-1.4710124026536,JPM
2001-10-05,-14.8,-14.76,-16.24,-15.89,9256400,-15.14,-2.1955503512881,JPM
2001-10-08,-16.8,-16.2,-17.251,-16.861,7810600,-15.89,-2.9063154744088,JPM
2001-10-09,-17.1,-16.1,-17.23,-16.4,7750900,-16.861,1.4211288880668,JPM
2001-10-10,-16.6,-15.43,-16.751,-15.91,8522700,-16.4,1.4893617021277,JPM
2001-10-11,-15.75,-14.85,-16.36,-15.88,10668100,-15.91,0.089847259658584,JPM
2001-10-12,-16.31,-16.21,-17.291,-16.41,8256300,-15.88,-1.5858767205266,JPM
2001-10-15,-17.2,-15.45,-17.45,-15.75,8377000,-16.41,2.0066889632107,JPM
2001-10-16,-15.3,-14.81,-15.85,-15.36,8870300,-15.75,1.1624441132638,JPM
2001-10-17,-13.8,-13.05,-14.72,-14.7,14314000,-15.36,1.9446081319977,JPM
2001-10-18,-14.65,-14.3,-15.3,-15.16,6970300,-14.7,-1.3294797687861,JPM
2001-10-19,-15.15,-15.13,-16.3,-15.43,7393000,-15.16,-0.79086115992971,JPM
2001-10-22,-15.42,-13.7,-15.42,-13.99,7557100,-15.43,4.251550044287,JPM
2001-10-23,-13.4,-12.9,-13.78,-13.54,8313200,-13.99,1.2744265080714,JPM
2001-10-24,-13.35,-12.9,-13.57,-13.08,7723800,-13.54,1.2863534675615,JPM
2001-10-25,-13.15,-11.79,-13.7,-11.82,7579000,-13.08,3.4787410270569,JPM
2001-10-26,-11.82,-11.22,-12.3,-11.75,6616600,-11.82,0.18676627534685,JPM
2001-10-29,-12.2,-11.92,-13.65,-13.59,7740000,-11.75,-4.9001331557923,JPM
2001-10-30,-14.0,-13.23,-14.75,-13.79,9263400,-13.59,-0.56006720806498,JPM
2001-10-31,-13.29,-12.94,-14.05,-13.94,6379000,-13.79,-0.42241622078287,JPM
2001-11-01,-13.21,-12.71,-14.14,-12.96,8193300,-13.94,2.7714932126697,JPM
2001-11-02,-13.21,-12.82,-13.5,-13.26,6018900,-12.96,-0.82553659878922,JPM
2001-11-05,-12.8,-12.22,-13.03,-12.94,6616000,-13.26,0.88790233074362,JPM
2001-11-06,-12.69,-11.4,-12.87,-11.76,9947800,-12.94,3.2453245324532,JPM
2001-11-07,-11.58,-10.35,-11.76,-10.71,8817300,-11.76,2.7970165157166,JPM
2001-11-08,-10.65,-9.6610000000001,-10.7,-10.5,6771400,-10.71,0.54418243068151,JPM
2001-11-09,-10.5,-10.0,-11.28,-10.25,4529500,-10.5,0.64432989690722,JPM
2001-11-12,-10.54,-10.3,-12.05,-10.5,5311200,-10.25,-0.64020486555698,JPM
2001-11-13,-9.4500000000001,-9.3100000000001,-10.33,-9.9500000000001,7900400,-10.5,1.4175257731959,JPM
2001-11-14,-9.4000000000001,-9.3000000000001,-10.55,-9.6500000000001,5773200,-9.9500000000001,0.76238881829732,JPM
2001-11-15,-9.6900000000001,-9.5100000000001,-10.15,-9.7500000000001,5273100,-9.6500000000001,-0.25220680958386,JPM
2001-11-16,-9.7500000000001,-9.7500000000001,-10.49,-9.8900000000001,5616600,-9.7500000000001,-0.35398230088496,JPM
2001-11-19,-9.7000000000001,-9.0600000000001,-9.7300000000001,-9.2000000000001,4777500,-9.8900000000001,1.7508246637909,JPM
2001-11-20,-9.4500000000001,-9.3200000000001,-10.02,-9.9000000000001,5442300,-9.2000000000001,-1.7456359102244,JPM
2001-11-21,-9.9000000000001,-9.7100000000001,-10.85,-10.46,4915600,-9.9000000000001,-1.4213197969543,JPM
2001-11-23,-10.7,-9.9100000000001,-10.7,-9.9100000000001,3129700,-10.46,1.4160659114315,JPM
2001-11-26,-9.9100000000001,-9.7800000000001,-10.34,-9.8100000000001,6817800,-9.9100000000001,0.25387154100026,JPM
2001-11-27,-9.6500000000001,-9.0000000000001,-10.04,-9.5000000000001,7612900,-9.8100000000001,0.78500886300328,JPM
2001-11-28,-9.8100000000001,-9.6600000000001,-12.1,-11.8,18051800,-9.5000000000001,-5.7788944723618,JPM
2001-11-29,-11.9,-11.21,-12.8,-11.24,11981900,-11.8,1.4933333333333,JPM
2001-11-30,-10.99,-10.95,-11.69,-11.58,7271300,-11.24,-0.89332632685235,JPM
2001-12-03,-12.4,-12.22,-13.17,-12.75,11064200,-11.58,-3.101802757158,JPM
2001-12-04,-12.3,-11.84,-13.04,-12.08,8180500,-12.75,1.8331053351573,JPM
2001-12-05,-11.6,-9.7900000000001,-11.67,-10.28,9551300,-12.08,4.8361096184847,JPM
2001-12-06,-10.05,-8.3500000000001,-10.15,-8.9200000000001,10875900,-10.28,3.485392106612,JPM
2001-12-07,-9.0500000000001,-9.0500000000001,-9.6000000000001,-9.5300000000001,5675700,-8.9200000000001,-1.5106488360575,JPM
2001-12-10,-9.5300000000001,-9.5300000000001,-10.89,-10.62,6631800,-9.5300000000001,-2.7407593663566,JPM
2001-12-11,-10.54,-9.8500000000001,-11.04,-10.8,6604900,-10.62,-0.46535677352637,JPM
2001-12-12,-10.55,-10.55,-11.63,-10.93,6770500,-10.8,-0.33766233766234,JPM
2001-12-13,-11.9,-11.4,-12.5,-12.21,8901400,-10.93,-3.3359395360959,JPM
2001-12-14,-12.7,-12.31,-13.9,-13.26,14057500,-12.21,-2.8309517390132,JPM
2001-12-17,-13.2,-12.2,-13.49,-12.6,8059400,-13.26,1.8312985571587,JPM
2001-12-18,-12.35,-11.95,-12.58,-12.11,8069500,-12.6,1.3351498637602,JPM
2001-12-19,-12.1,-10.35,-12.45,-11.3,10367100,-12.11,2.1780048400108,JPM
2001-12-20,-12.45,-11.84,-13.15,-12.78,19306500,-11.3,-3.8947368421053,JPM
2001-12-21,-12.78,-12.721,-14.28,-13.55,18511200,-12.78,-2.1084337349398,JPM
2001-12-24,-13.54,-13.25,-13.7,-13.26,3508600,-13.55,0.81118881118881,JPM
2001-12-26,-13.26,-12.55,-13.3,-12.99,5315700,-13.26,0.74916759156494,JPM
2001-12-27,-13.05,-12.46,-13.31,-12.98,6687800,-12.99,0.027540622418061,JPM
2001-12-28,-12.75,-12.47,-12.95,-12.75,5924900,-12.98,0.63325991189426,JPM
2001-12-31,-12.85,-12.77,-13.14,-12.95,6306500,-12.75,-0.54719562243501,JPM
2002-01-02,-12.47,-12.47,-13.28,-12.61,7929300,-12.95,0.0,JPM
2002-01-03,-12.46,-11.46,-12.62,-11.64,10348200,-12.61,2.6685006877579,JPM
2002-01-04,-10.94,-9.8600000000001,-10.94,-9.9600000000001,10432900,-11.64,4.5016077170418,JPM
2002-01-07,-9.9100000000001,-9.2800000000001,-10.06,-10.06,9453000,-9.9600000000001,-0.25641025641026,JPM
2002-01-08,-9.9600000000001,-9.9100000000001,-10.68,-10.36,7604000,-10.06,-0.77120822622107,JPM
2002-01-09,-10.11,-9.3600000000001,-10.57,-10.25,6189600,-10.36,0.28497409326425,JPM
2002-01-10,-10.56,-9.7700000000001,-10.6,-9.8200000000001,6870400,-10.25,1.110824076466,JPM
2002-01-11,-9.7100000000001,-9.6700000000001,-11.24,-10.62,7788900,-9.8200000000001,-2.04394481349,JPM
2002-01-14,-11.31,-11.16,-11.91,-11.65,7333000,-10.62,-2.6864893062076,JPM
2002-01-15,-11.65,-10.67,-11.65,-11.09,8392200,-11.65,1.5009380863039,JPM
2002-01-16,-11.46,-11.45,-12.86,-12.45,15076200,-11.09,-3.5912331660945,JPM
2002-01-17,-11.96,-11.76,-12.46,-12.11,11502800,-12.45,0.93125171185977,JPM
2002-01-18,-12.81,-12.46,-13.46,-13.05,11283800,-12.11,-2.550881953867,JPM
2002-01-22,-12.96,-12.78,-13.34,-13.2,7824300,-13.05,-0.41771094402673,JPM
2002-01-23,-13.61,-12.61,-13.97,-13.21,8665800,-13.2,-0.027964205816549,JPM
2002-01-24,-12.71,-12.47,-13.06,-13.06,7715600,-13.21,0.41958041958042,JPM
2002-01-25,-13.51,-12.94,-14.21,-13.97,13942200,-13.06,-2.5348189415042,JPM
2002-01-28,-13.81,-13.73,-15.51,-14.65,13716200,-13.97,-1.9434124035439,JPM
2002-01-29,-14.9,-14.31,-17.26,-16.91,17856800,-14.65,-6.5870008743807,JPM
2002-01-30,-17.44,-15.46,-18.56,-15.9,22844200,-16.91,3.1513260530421,JPM
2002-01-31,-15.85,-14.86,-15.94,-14.91,12247600,-15.9,2.994555353902,JPM
2002-02-01,-14.91,-14.91,-16.91,-16.8,13705300,-14.91,-5.5506607929515,JPM
2002-02-04,-16.79,-16.61,-18.41,-18.4,12660000,-16.8,-4.9751243781094,JPM
2002-02-05,-18.39,-18.39,-20.66,-19.94,28714700,-18.4,-5.0392670157068,JPM
2002-02-06,-19.69,-18.91,-20.06,-19.52,19559500,-19.94,1.44727773949,JPM
2002-02-07,-18.96,-18.09,-19.41,-18.89,17090600,-19.52,2.1399456521739,JPM
2002-02-08,-18.72,-17.56,-18.72,-17.84,15541300,-18.89,3.4918523445294,JPM
2002-02-11,-17.74,-17.01,-18.22,-17.12,12952700,-17.84,2.3136246786632,JPM
2002-02-12,-17.36,-17.27,-17.91,-17.47,7807600,-17.12,-1.0992462311558,JPM
2002-02-13,-17.46,-16.77,-18.96,-18.71,20457300,-17.47,-3.9377580184185,JPM
2002-02-14,-18.96,-18.17,-19.559,-18.75,17209400,-18.71,-0.13223140495867,JPM
2002-02-15,-18.75,-18.56,-19.66,-18.91,16684300,-18.75,-0.52962595167163,JPM
2002-02-19,-19.66,-19.21,-20.01,-19.93,13378200,-18.91,-3.3943427620632,JPM
2002-02-20,-19.16,-19.06,-20.57,-19.55,14369200,-19.93,1.3089906992766,JPM
2002-02-21,-19.68,-18.81,-20.06,-19.82,9659900,-19.55,-0.918055083305,JPM
2002-02-22,-20.51,-20.51,-22.26,-20.77,25756400,-19.82,-3.2601235415237,JPM
2002-02-25,-21.16,-19.91,-21.21,-19.96,11513000,-20.77,2.8733593472863,JPM
2002-02-26,-19.96,-19.73,-20.45,-20.0,10028100,-19.96,-0.13793103448276,JPM
2002-02-27,-19.77,-19.41,-20.46,-20.0,10123500,-20.0,0.0,JPM
2002-02-28,-19.95,-19.46,-20.09,-19.71,8056800,-20.0,1.0013812154696,JPM
2002-03-01,-19.36,-19.21,-19.91,-19.3,9530300,-19.71,1.4017094017094,JPM
2002-03-04,-18.71,-16.31,-18.96,-16.46,16655100,-19.3,9.5751854349292,JPM
2002-03-05,-16.44,-15.08,-16.65,-16.45,16768700,-16.46,0.030769230769225,JPM
2002-03-06,-15.46,-14.54,-15.79,-14.91,15044900,-16.45,4.7370039987696,JPM
2002-03-07,-14.51,-14.11,-15.26,-14.91,12092200,-14.91,0.0,JPM
2002-03-08,-14.21,-13.98,-14.79,-14.22,11721000,-14.91,2.0264317180617,JPM
2002-03-11,-13.46,-12.47,-13.93,-12.66,16507800,-14.22,4.4905008635578,JPM
2002-03-12,-12.96,-12.51,-13.6,-12.71,13336300,-12.66,-0.13774104683195,JPM
2002-03-13,-12.96,-12.61,-14.02,-13.59,10128600,-12.71,-2.4275862068966,JPM
2002-03-14,-13.95,-13.52,-14.26,-13.85,8074400,-13.59,-0.73508623126943,JPM
2002-03-15,-13.84,-12.89,-14.11,-12.95,11627800,-13.85,2.5633722586158,JPM
2002-03-18,-12.95,-12.56,-13.89,-13.62,8641300,-12.95,-1.8605942793668,JPM
2002-03-19,-13.21,-12.87,-13.4,-12.87,7615100,-13.62,2.1222410865874,JPM
2002-03-20,-13.26,-13.25,-13.81,-13.77,8460200,-12.87,-2.4937655860349,JPM
2002-03-21,-13.77,-13.7,-14.76,-14.17,7176300,-13.77,-1.1366865586814,JPM
2002-03-22,-14.16,-13.42,-14.46,-13.76,7176700,-14.17,1.1784995688416,JPM
2002-03-25,-13.76,-12.84,-14.01,-14.01,8446300,-13.76,-0.71022727272727,JPM
2002-03-26,-13.76,-12.88,-13.86,-13.81,9780000,-14.01,0.57224606580829,JPM
2002-03-27,-13.76,-12.97,-13.81,-13.46,6541200,-13.81,0.99573257467995,JPM
2002-03-28,-13.11,-12.74,-13.7,-13.31,6425000,-13.46,0.4225352112676,JPM
2002-04-01,-13.31,-13.01,-13.96,-13.35,4588500,-13.31,-0.11220196353436,JPM
2002-04-02,-13.58,-13.26,-13.76,-13.65,5126800,-13.35,-0.84245998315079,JPM
2002-04-03,-13.43,-13.26,-14.04,-13.61,5978700,-13.65,-0.84961767204759,JPM
2002-04-04,-13.77,-13.42,-14.5,-14.18,6825900,-13.61,-1.6281062553556,JPM
2002-04-05,-14.0,-13.35,-14.0,-13.76,5999500,-14.18,1.219512195122,JPM
2002-04-08,-14.08,-13.43,-14.37,-13.64,5735300,-13.76,0.34423407917383,JPM
2002-04-09,-13.62,-13.17,-13.77,-13.43,5537600,-13.64,0.60034305317324,JPM
2002-04-10,-13.43,-13.23,-14.12,-13.58,9663300,-13.43,-0.42625745950554,JPM
2002-04-11,-13.82,-13.64,-15.52,-15.16,12118300,-13.58,-4.5091324200913,JPM
2002-04-12,-14.92,-14.26,-15.02,-14.34,6738500,-15.16,2.4506873879259,JPM
2002-04-15,-13.12,-13.02,-14.37,-14.22,11163000,-14.34,0.35005834305717,JPM
2002-04-16,-13.67,-13.12,-14.29,-13.24,14282300,-14.22,2.8488372093023,JPM
2002-04-17,-12.67,-11.04,-12.86,-11.35,19356200,-13.24,5.3420011305823,JPM
2002-04-18,-11.61,-10.95,-12.25,-11.36,10163900,-11.35,-0.026831231553542,JPM
2002-04-19,-11.12,-10.67,-11.32,-10.86,6677300,-11.36,1.3419216317767,JPM
2002-04-22,-11.35,-11.23,-12.2,-12.02,8053500,-10.86,-3.0720338983051,JPM
2002-04-23,-11.94,-11.77,-12.42,-12.02,7377600,-12.02,0.0,JPM
2002-04-24,-11.92,-11.92,-12.75,-12.73,7348000,-12.02,-1.9398907103825,JPM
2002-04-25,-13.22,-13.07,-14.23,-13.59,10939400,-12.73,-2.3962106436333,JPM
2002-04-26,-12.87,-12.77,-13.85,-13.63,7525800,-13.59,-0.11418783899514,JPM
2002-04-29,-13.22,-13.17,-14.62,-14.28,8569000,-13.63,-1.8576736210346,JPM
2002-04-30,-13.92,-12.67,-14.27,-13.52,9882893,-14.28,2.2131624927199,JPM
2002-05-01,-13.18,-12.77,-14.22,-13.12,6543700,-13.52,1.1396011396011,JPM
2002-05-02,-13.12,-12.34,-13.13,-12.37,7680200,-13.12,2.112676056338,JPM
2002-05-03,-12.32,-12.21,-13.6,-12.94,7106700,-12.37,-1.5724137931034,JPM
2002-05-06,-12.67,-12.67,-14.38,-14.22,6321700,-12.94,-3.5874439461883,JPM
2002-05-07,-13.68,-13.08,-13.99,-13.99,8673800,-14.22,0.6686046511628,JPM
2002-05-08,-12.12,-11.47,-12.62,-11.71,10199300,-13.99,6.5838868033497,JPM
2002-05-09,-12.37,-12.04,-13.12,-12.85,8214200,-11.71,-3.0885938769981,JPM
2002-05-10,-12.68,-12.62,-13.62,-13.54,5472400,-12.85,-1.928990774392,JPM
2002-05-13,-13.27,-12.18,-13.52,-12.28,5811000,-13.54,3.5917901938427,JPM
2002-05-14,-11.72,-10.89,-11.89,-11.03,8404300,-12.28,3.4397358282884,JPM
2002-05-15,-11.38,-10.68,-11.72,-11.66,8716400,-11.03,-1.6759776536313,JPM
2002-05-16,-11.57,-10.62,-11.79,-10.79,5798700,-11.66,2.3538961038961,JPM
2002-05-17,-10.62,-9.8700000000001,-11.02,-10.52,7433100,-10.79,0.71371927042031,JPM
2002-05-20,-10.82,-10.69,-11.34,-11.16,4149000,-10.52,-1.6797900262467,JPM
2002-05-21,-10.7,-9.9700000000001,-11.32,-11.1,6318700,-11.16,0.16017084890551,JPM
2002-05-22,-11.1,-10.93,-11.78,-11.06,5234100,-11.1,0.10660980810234,JPM
2002-05-23,-11.06,-9.9600000000001,-11.08,-10.25,6222500,-11.06,2.1565495207668,JPM
2002-05-24,-10.62,-9.9100000000001,-11.11,-10.82,4945900,-10.25,-1.4855355746677,JPM
2002-05-28,-10.87,-10.72,-11.67,-11.42,4890600,-10.82,-1.5873015873016,JPM
2002-05-29,-11.52,-11.12,-11.92,-11.65,5388600,-11.42,-0.61827956989248,JPM
2002-05-30,-12.12,-11.84,-13.57,-12.61,9332200,-11.65,-2.596700027049,JPM
2002-05-31,-12.61,-11.87,-12.75,-12.67,7764000,-12.61,-0.16662038322687,JPM
2002-06-03,-12.62,-12.37,-14.05,-13.96,7325800,-12.67,-3.5883171070932,JPM
2002-06-04,-13.71,-12.97,-14.54,-13.97,9396200,-13.96,-0.028851702250427,JPM
2002-06-05,-13.97,-13.47,-14.4,-13.92,7262200,-13.97,0.14430014430016,JPM
2002-06-06,-13.75,-13.72,-15.22,-14.93,7494700,-13.92,-2.9106628242075,JPM
2002-06-07,-15.87,-14.63,-16.12,-14.93,9275100,-14.93,0.0,JPM
2002-06-10,-14.97,-14.52,-15.44,-14.74,5536800,-14.93,0.56396556841794,JPM
2002-06-11,-14.64,-14.04,-15.83,-15.69,6525300,-14.74,-2.8040141676505,JPM
2002-06-12,-15.77,-15.31,-16.89,-15.45,9581500,-15.69,0.7288187063468,JPM
2002-06-13,-15.5,-15.17,-16.12,-15.96,6041300,-15.45,-1.5375339161893,JPM
2002-06-14,-16.27,-15.13,-17.37,-15.62,9795700,-15.96,1.041028781384,JPM
2002-06-17,-15.02,-13.13,-15.05,-13.14,10245100,-15.62,7.5151515151515,JPM
2002-06-18,-13.14,-12.93,-13.84,-13.6,7572900,-13.14,-1.2965050732807,JPM
2002-06-19,-13.92,-13.47,-14.37,-14.01,6437800,-13.6,-1.1707595659623,JPM
2002-06-20,-14.02,-14.02,-15.61,-15.24,8557700,-14.01,-3.5538861600693,JPM
2002-06-21,-15.82,-14.97,-15.83,-15.63,12353700,-15.24,-1.168364289994,JPM
2002-06-24,-16.37,-14.72,-16.97,-15.44,10176300,-15.63,0.57593210063655,JPM
2002-06-25,-15.32,-14.27,-15.92,-15.69,6963000,-15.44,-0.75346594333936,JPM
2002-06-26,-17.87,-16.64,-18.47,-17.13,19122800,-15.69,-4.3729122380808,JPM
2002-06-27,-16.57,-15.62,-17.22,-15.9,9726800,-17.13,3.9060019053668,JPM
2002-06-28,-15.97,-14.7,-16.07,-14.7,7830000,-15.9,3.6674816625917,JPM
2002-07-01,-15.03,-14.94,-17.27,-17.26,10085400,-14.7,-7.5471698113208,JPM
2002-07-02,-17.26,-16.74,-18.28,-17.05,12179600,-17.26,-0.41454081632653,JPM
2002-07-03,-17.57,-17.13,-18.28,-17.33,8979400,-17.05,-0.89657380723663,JPM
2002-07-05,-16.78,-15.58,-17.13,-15.69,4612400,-17.33,5.2988691437803,JPM
2002-07-08,-15.69,-15.33,-16.48,-16.0,7585700,-15.69,-0.95121202822953,JPM
2002-07-09,-16.02,-15.53,-17.03,-17.01,7100300,-16.0,-3.1288723667906,JPM
2002-07-10,-16.68,-16.53,-18.22,-18.13,8858000,-17.01,-3.5817077070675,JPM
2002-07-11,-18.28,-17.38,-19.03,-17.71,11589300,-18.13,1.3930348258707,JPM
2002-07-12,-17.53,-17.33,-18.6,-18.07,7531200,-17.71,-1.1776251226693,JPM
2002-07-15,-18.68,-18.19,-19.84,-18.2,11558500,-18.07,-0.43032108573321,JPM
2002-07-16,-19.38,-14.55,-21.08,-19.78,14880700,-18.2,-5.2526595744681,JPM
2002-07-17,-19.27,-18.43,-20.75,-20.14,16035100,-19.78,-1.2631578947368,JPM
2002-07-18,-20.68,-20.08,-21.37,-21.08,9790100,-20.14,-3.3404406538735,JPM
2002-07-19,-21.73,-21.08,-22.43,-22.18,12270500,-21.08,-4.0441176470588,JPM
2002-07-22,-22.32,-21.63,-23.86,-23.76,16705900,-22.18,-6.0536398467433,JPM
2002-07-23,-24.63,-24.26,-28.48,-28.2,44903600,-23.76,-18.10766721044,JPM
2002-07-24,-29.27,-24.58,-30.06,-24.98,46819400,-28.2,16.035856573705,JPM
2002-07-25,-24.53,-22.78,-27.28,-25.93,33168200,-24.98,-4.0772532188841,JPM
2002-07-26,-25.08,-24.98,-27.23,-26.03,18050300,-25.93,-0.44742729306488,JPM
2002-07-29,-24.53,-23.06,-25.029,-23.18,18354100,-26.03,12.808988764045,JPM
2002-07-30,-23.68,-22.78,-24.48,-23.39,16049500,-23.18,-0.83665338645419,JPM
2002-07-31,-23.48,-23.18,-24.17,-23.32,13790800,-23.39,0.28123744475693,JPM
2002-08-01,-23.32,-23.0,-24.03,-23.26,12536300,-23.32,0.24038461538461,JPM
2002-08-02,-23.75,-23.38,-24.999,-24.43,13448400,-23.26,-4.6762589928057,JPM
2002-08-05,-25.4,-24.88,-26.18,-25.93,14479200,-24.43,-6.2893081761006,JPM
2002-08-06,-24.78,-23.65,-25.03,-24.63,14503900,-25.93,5.8165548098434,JPM
2002-08-07,-23.86,-23.73,-25.1,-24.24,10715900,-24.63,1.6490486257928,JPM
2002-08-08,-22.98,-21.88,-23.46,-21.9,16995300,-24.24,9.7337770382696,JPM
2002-08-09,-22.68,-21.48,-23.01,-21.93,12011100,-21.9,-0.11372251705837,JPM
2002-08-12,-22.48,-22.47,-23.27,-22.82,9748200,-21.93,-3.3776091081594,JPM
2002-08-13,-23.33,-22.5,-23.98,-23.88,10957100,-22.82,-4.1633935585232,JPM
2002-08-14,-23.88,-23.14,-24.91,-23.14,15345800,-23.88,3.0327868852459,JPM
2002-08-15,-23.16,-22.7,-24.17,-23.49,13568000,-23.14,-1.3922036595068,JPM
2002-08-16,-23.49,-23.22,-24.09,-23.42,9678900,-23.49,0.28237192416297,JPM
2002-08-19,-23.3,-20.93,-23.44,-21.07,13035600,-23.42,9.4529364440869,JPM
2002-08-20,-21.27,-21.17,-21.98,-21.74,9419200,-21.07,-2.4623300257258,JPM
2002-08-21,-21.78,-21.27,-22.3,-21.4,9144800,-21.74,1.2810851544838,JPM
2002-08-22,-21.88,-21.33,-22.62,-21.59,11966500,-21.4,-0.70684523809523,JPM
2002-08-23,-21.98,-21.85,-22.88,-22.57,9148500,-21.59,-3.6717871862121,JPM
2002-08-26,-22.53,-21.53,-22.63,-21.79,8705300,-22.57,3.0338389731622,JPM
2002-08-27,-21.28,-20.873,-22.08,-21.53,9691100,-21.79,0.98150245375614,JPM
2002-08-28,-21.88,-21.53,-22.24,-22.0,7982600,-21.53,-1.7570093457944,JPM
2002-08-29,-22.38,-21.49,-22.62,-21.68,6940000,-22.0,1.2176560121766,JPM
2002-08-30,-22.03,-21.04,-22.18,-21.88,7594200,-21.68,-0.75187969924813,JPM
2002-09-03,-22.63,-22.62,-23.53,-23.53,11010900,-21.88,-6.25,JPM
2002-09-04,-23.52,-22.526,-24.03,-22.89,9968900,-23.53,2.5858585858586,JPM
2002-09-05,-23.65,-23.34,-24.29,-24.18,11126100,-22.89,-5.0807404489957,JPM
2002-09-06,-23.24,-23.15,-24.38,-24.37,11131400,-24.18,-0.78838174273859,JPM
2002-09-09,-25.08,-24.38,-26.2,-24.69,23679300,-24.37,-1.3383521539105,JPM
2002-09-10,-24.38,-24.35,-25.54,-25.13,11271200,-24.69,-1.8651971174226,JPM
2002-09-11,-24.27,-24.27,-25.38,-25.3,6951000,-25.13,-0.73434125269978,JPM
2002-09-12,-25.4,-25.38,-26.42,-26.27,11703100,-25.3,-4.2210617928634,JPM
2002-09-13,-26.27,-25.78,-26.53,-26.24,10825700,-26.27,0.13630168105406,JPM
2002-09-16,-26.68,-26.38,-27.02,-26.57,10109200,-26.24,-1.497277676951,JPM
2002-09-17,-26.08,-25.88,-26.94,-26.73,10282700,-26.57,-0.73698756333487,JPM
2002-09-18,-29.22,-27.69,-29.48,-27.84,46142400,-26.73,-5.1508120649652,JPM
2002-09-19,-28.28,-27.94,-28.78,-28.41,18650500,-27.84,-2.7886497064579,JPM
2002-09-20,-28.16,-27.78,-28.38,-28.1,16576500,-28.41,1.5601409159537,JPM
2002-09-23,-28.72,-28.48,-29.27,-29.03,13813500,-28.1,-4.6085232903865,JPM
2002-09-24,-29.02,-28.98,-29.78,-29.64,18935000,-29.03,-3.1688311688312,JPM
2002-09-25,-29.25,-28.98,-29.96,-29.39,16290900,-29.64,1.3412017167382,JPM
2002-09-26,-29.39,-28.56,-29.48,-29.01,16468700,-29.39,2.0116463737427,JPM
2002-09-27,-29.01,-28.53,-30.02,-29.94,14082200,-29.01,-4.8261546445252,JPM
2002-09-30,-29.93,-28.78,-30.42,-29.29,19837400,-29.94,3.5441657579062,JPM
2002-10-01,-29.13,-28.18,-29.5,-28.54,15849200,-29.29,3.9494470774092,JPM
2002-10-02,-28.8,-28.15,-29.841,-29.69,15141200,-28.54,-7.548125633232,JPM
2002-10-03,-29.68,-29.28,-30.34,-30.32,21175900,-29.69,-3.4520547945205,JPM
2002-10-04,-30.31,-29.81,-31.4,-31.4,21502400,-30.32,-6.1293984108967,JPM
2002-10-07,-31.39,-30.69,-31.79,-31.17,19884300,-31.4,1.3905683192261,JPM
2002-10-08,-30.69,-30.531,-32.1,-31.34,22978300,-31.17,-1.0137149672033,JPM
2002-10-09,-31.89,-31.33,-32.68,-32.49,27852000,-31.34,-6.9277108433735,JPM
2002-10-10,-32.48,-31.59,-32.6,-31.99,22442200,-32.49,3.2362459546926,JPM
2002-10-11,-31.5,-30.09,-31.54,-30.75,19016500,-31.99,7.7742946708464,JPM
2002-10-14,-30.93,-30.41,-31.14,-31.06,10441300,-30.75,-1.803374054683,JPM
2002-10-15,-29.64,-29.22,-29.93,-29.33,20045700,-31.06,10.248815165877,JPM
2002-10-16,-29.79,-29.46,-29.94,-29.65,15243000,-29.33,-1.7195056421279,JPM
2002-10-17,-28.34,-28.19,-29.42,-29.15,13722500,-29.65,2.7337342810279,JPM
2002-10-18,-29.16,-28.45,-29.65,-28.97,10523600,-29.15,0.95795635976583,JPM
2002-10-21,-29.26,-27.3,-29.39,-27.67,18428200,-28.97,6.8529256721139,JPM
2002-10-22,-27.96,-27.57,-28.12,-28.03,11168400,-27.67,-1.7760236803157,JPM
2002-10-23,-28.24,-28.08,-29.03,-28.17,13324900,-28.03,-0.70316423907584,JPM
2002-10-24,-27.7,-27.06,-28.29,-28.24,15614000,-28.17,-0.35407182599899,JPM
2002-10-25,-28.42,-27.54,-28.43,-27.57,9827700,-28.24,3.4010152284264,JPM
2002-10-28,-26.94,-26.33,-26.99,-26.69,15491700,-27.57,4.3200785468827,JPM
2002-10-29,-27.14,-26.94,-28.04,-27.48,13296100,-26.69,-3.7176470588235,JPM
2002-10-30,-27.44,-26.74,-27.6,-26.89,9994100,-27.48,2.8836754643206,JPM
2002-10-31,-26.89,-26.76,-27.52,-27.19,9821000,-26.89,-1.4251781472684,JPM
2002-11-01,-27.19,-26.16,-27.43,-26.42,9145700,-27.19,3.710843373494,JPM
2002-11-04,-25.59,-24.88,-25.94,-25.93,13636400,-26.42,2.2769516728625,JPM
2002-11-05,-26.12,-25.35,-26.15,-25.47,10929200,-25.93,2.0899591094957,JPM
2002-11-06,-24.99,-24.96,-26.7,-25.88,17198900,-25.47,-1.8246550956831,JPM
2002-11-07,-26.74,-26.63,-27.93,-27.34,19726200,-25.88,-6.6183136899365,JPM
2002-11-08,-27.34,-26.81,-27.94,-27.74,12928700,-27.34,-1.9417475728155,JPM
2002-11-11,-27.72,-27.14,-27.94,-27.52,8165400,-27.74,1.0891089108911,JPM
2002-11-12,-27.63,-27.04,-27.64,-27.4,9326300,-27.52,0.58765915768853,JPM
2002-11-13,-27.44,-26.84,-27.84,-26.99,10768000,-27.4,1.9961051606621,JPM
2002-11-14,-26.52,-25.99,-26.52,-26.02,10599200,-26.99,4.6300715990454,JPM
2002-11-15,-26.01,-25.581,-26.48,-25.85,12307900,-26.02,0.77554744525547,JPM
2002-11-18,-25.7,-25.54,-26.24,-26.05,9986300,-25.85,-0.90538705296514,JPM
2002-11-19,-26.28,-25.84,-26.31,-25.99,8207300,-26.05,0.27409776153494,JPM
2002-11-20,-25.64,-24.14,-25.79,-24.22,19719200,-25.99,8.0637813211845,JPM
2002-11-21,-23.89,-23.05,-24.18,-23.05,20578700,-24.22,4.9325463743676,JPM
2002-11-22,-23.63,-22.66,-23.63,-22.95,14654500,-23.05,0.40176777822418,JPM
2002-11-25,-22.94,-22.72,-23.43,-22.99,10104600,-22.95,-0.16006402561024,JPM
2002-11-26,-23.04,-22.98,-23.84,-23.75,9449000,-22.99,-3.0460921843687,JPM
2002-11-27,-23.39,-22.74,-23.54,-22.75,11766600,-23.75,4.1339396444812,JPM
2002-11-29,-22.54,-22.24,-22.83,-22.77,4637500,-22.75,-0.079396585946803,JPM
2002-12-02,-21.95,-21.8,-23.14,-22.72,12493900,-22.77,0.19864918553833,JPM
2002-12-03,-22.84,-22.83,-23.54,-23.33,12677900,-22.72,-2.4187153053132,JPM
2002-12-04,-23.32,-22.74,-23.89,-23.24,9266800,-23.33,0.3657049979683,JPM
2002-12-05,-23.24,-23.23,-24.4,-24.33,11522600,-23.24,-4.412955465587,JPM
2002-12-06,-24.98,-23.24,-25.14,-23.51,13236200,-24.33,3.4731046166878,JPM
2002-12-09,-24.08,-23.94,-24.841,-24.68,9414800,-23.51,-4.7891936144085,JPM
2002-12-10,-24.67,-23.74,-24.67,-23.79,8975700,-24.68,3.8263112639725,JPM
2002-12-11,-24.08,-23.64,-24.24,-23.85,6803600,-23.79,-0.24844720496894,JPM
2002-12-12,-23.85,-23.19,-24.07,-23.79,8396500,-23.85,0.24906600249065,JPM
2002-12-13,-23.99,-23.89,-24.43,-24.32,8218200,-23.79,-2.1946169772257,JPM
2002-12-16,-24.14,-23.11,-24.39,-23.14,7944200,-24.32,4.995766299746,JPM
2002-12-17,-23.14,-22.35,-23.28,-22.92,11437100,-23.14,0.88709677419354,JPM
2002-12-18,-23.49,-23.36,-24.04,-23.94,14182700,-22.92,-4.0767386091127,JPM
2002-12-19,-23.93,-23.75,-25.08,-24.61,13923400,-23.94,-2.7916666666667,JPM
2002-12-20,-24.14,-23.07,-24.28,-23.07,15517500,-24.61,6.600942991856,JPM
2002-12-23,-23.54,-22.95,-23.64,-23.23,9285700,-23.07,-0.64334539605951,JPM
2002-12-24,-23.34,-23.33,-23.91,-23.74,3772400,-23.23,-2.0639417239984,JPM
2002-12-26,-23.74,-23.06,-23.75,-23.49,5838500,-23.74,1.0330578512397,JPM
2002-12-27,-23.49,-23.48,-24.27,-24.14,7220200,-23.49,-2.6584867075665,JPM
2002-12-30,-23.93,-23.84,-24.33,-23.95,7389700,-24.14,0.79831932773108,JPM
2002-12-31,-23.95,-23.79,-24.25,-23.94,6215500,-23.95,0.041684035014596,JPM
2003-01-02,-22.35,-22.1,-22.8,-22.16,16743600,-23.94,6.0,JPM
2003-01-03,-22.1,-21.61,-22.4,-21.66,12525700,-22.16,1.9654088050314,JPM
2003-01-06,-21.6,-19.5,-21.64,-19.62,22932700,-21.66,7.8643022359291,JPM
2003-01-07,-19.62,-19.31,-19.98,-19.76,17840300,-19.62,-0.50035739814153,JPM
2003-01-08,-20.35,-20.35,-21.09,-20.83,15857400,-19.76,-3.8433908045977,JPM
2003-01-09,-20.75,-20.21,-20.75,-20.3,11205600,-20.83,1.9798281658573,JPM
2003-01-10,-20.75,-19.91,-20.85,-20.51,8735400,-20.3,-0.76923076923077,JPM
2003-01-13,-20.2,-19.91,-20.39,-20.32,9290600,-20.51,0.70136581764489,JPM
2003-01-14,-20.1,-19.85,-20.46,-20.01,8216900,-20.32,1.1363636363636,JPM
2003-01-15,-20.05,-19.96,-20.78,-20.52,8147800,-20.01,-1.8484958318231,JPM
2003-01-16,-20.52,-20.28,-21.09,-20.82,7734500,-20.52,-1.1078286558346,JPM
2003-01-17,-21.25,-20.76,-21.57,-21.41,9809500,-20.82,-2.2031366691561,JPM
2003-01-21,-21.08,-21.0,-22.33,-22.18,10367800,-21.41,-2.9400534555174,JPM
2003-01-22,-22.1799,-22.1799,-23.0,-22.9,16066300,-22.18,-2.8324154209284,JPM
2003-01-23,-22.5,-22.34,-23.1,-22.47,8020000,-22.9,1.7408906882591,JPM
2003-01-24,-22.75,-22.47,-24.04,-23.79,11709500,-22.47,-5.2526860326303,JPM
2003-01-27,-23.85,-23.5,-24.54,-24.31,8787500,-23.79,-2.1839563208736,JPM
2003-01-28,-24.0,-23.65,-24.359,-24.09,10567800,-24.31,0.94461142121083,JPM
2003-01-29,-24.4,-23.94,-24.84,-24.1,9989200,-24.09,-0.042535091450453,JPM
2003-01-30,-24.1,-23.75,-24.77,-24.56,9122100,-24.1,-1.9574468085106,JPM
2003-01-31,-24.85,-24.11,-24.9,-24.26,9560900,-24.56,1.3020833333333,JPM
2003-02-03,-24.1,-23.73,-24.26,-24.02,7833000,-24.26,1.0282776349614,JPM
2003-02-04,-24.01,-24.01,-24.85,-24.55,8152200,-24.02,-2.2476675148431,JPM
2003-02-05,-24.35,-23.91,-24.82,-24.66,8414600,-24.55,-0.47722342733188,JPM
2003-02-06,-24.93,-24.87,-25.4,-25.29,8906400,-24.66,-2.7462946817786,JPM
2003-02-07,-25.0,-24.96,-25.8,-25.62,9526700,-25.29,-1.4791573285522,JPM
2003-02-10,-25.6,-25.3,-25.84,-25.5,9080900,-25.62,0.54595086442221,JPM
2003-02-11,-25.15,-25.15,-25.66,-25.6,12582400,-25.5,-0.45248868778281,JPM
2003-02-12,-25.6,-25.38,-26.09,-26.09,9567800,-25.6,-2.2272727272727,JPM
2003-02-13,-26.1,-26.07,-26.74,-26.31,10873500,-26.09,-1.022780102278,JPM
2003-02-14,-26.3,-25.65,-26.43,-25.75,8881000,-26.31,2.6303428839831,JPM
2003-02-18,-25.52,-24.74,-25.53,-25.1,9225300,-25.75,2.974828375286,JPM
2003-02-19,-25.1,-24.95,-25.3,-25.1,8086000,-25.1,0.0,JPM
2003-02-20,-25.0,-24.8,-25.22,-24.91,7140000,-25.1,0.84444444444445,JPM
2003-02-21,-25.01,-24.5,-25.45,-24.72,8532800,-24.91,0.8373732921992,JPM
2003-02-24,-24.71,-24.71,-25.41,-25.3,7695700,-24.72,-2.534965034965,JPM
2003-02-25,-25.6,-25.05,-25.878,-25.05,10674500,-25.3,1.1210762331839,JPM
2003-02-26,-25.25,-24.998,-25.5,-25.26,6608100,-25.05,-0.93126385809313,JPM
2003-02-27,-25.2,-24.6,-25.39,-24.94,8760600,-25.26,1.4324082363474,JPM
2003-02-28,-24.96,-24.6,-25.09,-24.92,7646100,-24.94,0.088261253309795,JPM
2003-03-03,-24.45,-24.27,-24.94,-24.75,8083200,-24.92,0.74955908289242,JPM
2003-03-04,-24.75,-24.7,-25.2,-25.2,7707900,-24.75,-1.9693654266959,JPM
2003-03-05,-25.19,-24.79,-25.25,-24.79,7670600,-25.2,1.8303571428571,JPM
2003-03-06,-25.18,-25.07,-25.64,-25.6,10613700,-24.79,-3.5510740903113,JPM
2003-03-07,-25.91,-24.8,-26.03,-25.31,9272100,-25.6,1.3181818181818,JPM
2003-03-10,-25.73,-25.41,-26.25,-26.16,8585100,-25.31,-3.8133692238672,JPM
2003-03-11,-26.05,-25.8,-26.93,-26.85,12572200,-26.16,-3.2182835820896,JPM
2003-03-12,-27.1,-26.6,-27.47,-26.85,16406000,-26.85,0.0,JPM
2003-03-13,-26.35,-25.83,-26.53,-25.88,12988100,-26.85,4.6746987951807,JPM
2003-03-14,-25.83,-25.5,-26.44,-26.34,13848700,-25.88,-2.1178637200737,JPM
2003-03-17,-26.35,-24.93,-26.59,-25.04,15267800,-26.34,6.1147695202258,JPM
2003-03-18,-24.72,-24.6,-25.15,-24.79,9193900,-25.04,1.1081560283688,JPM
2003-03-19,-24.75,-24.25,-24.9,-24.27,11398700,-24.79,2.2797018851381,JPM
2003-03-20,-24.82,-23.94,-24.85,-24.07,10698200,-24.27,0.85726532361767,JPM
2003-03-21,-23.71,-22.7,-23.84,-22.95,18488200,-24.07,4.7598810029749,JPM
2003-03-24,-23.85,-23.56,-24.15,-23.97,10964200,-22.95,-4.1379310344828,JPM
2003-03-25,-24.03,-23.14,-24.03,-23.46,9397300,-23.97,2.158273381295,JPM
2003-03-26,-23.7,-23.25,-23.72,-23.43,6461300,-23.46,0.12427506213754,JPM
2003-03-27,-23.59,-23.18,-23.92,-23.48,7552700,-23.43,-0.20686801820439,JPM
2003-03-28,-23.48,-23.01,-23.72,-23.15,7736700,-23.48,1.3681592039801,JPM
2003-03-31,-23.85,-23.5,-23.95,-23.89,9252400,-23.15,-3.0265848670757,JPM
2003-04-01,-23.45,-23.2,-23.85,-23.37,9688900,-23.89,2.1931674398988,JPM
2003-04-02,-22.46,-21.94,-22.64,-22.15,13884500,-23.37,3.6318613289311,JPM
2003-04-03,-21.86,-21.77,-22.36,-22.32,10314700,-22.15,-0.67702110712863,JPM
2003-04-04,-21.92,-21.61,-22.17,-21.68,10113600,-22.32,2.5661587810746,JPM
2003-04-07,-20.8,-20.53,-21.66,-21.62,12796300,-21.68,0.23455824863175,JPM
2003-04-08,-21.41,-21.16,-21.81,-21.27,8949700,-21.62,1.3650546021841,JPM
2003-04-09,-21.21,-20.85,-21.677,-21.53,10138500,-21.27,-1.0003847633705,JPM
2003-04-10,-21.53,-21.36,-21.85,-21.54,7215900,-21.53,-0.038865137971246,JPM
2003-04-11,-21.26,-21.0,-21.84,-21.67,7997100,-21.54,-0.5054432348367,JPM
2003-04-14,-21.28,-20.66,-21.38,-20.72,10093500,-21.67,3.7123876514263,JPM
2003-04-15,-20.75,-19.86,-20.98,-20.39,13327300,-20.72,1.2434061793519,JPM
2003-04-16,-19.72,-19.56,-21.01,-20.76,18636400,-20.39,-1.3770003721623,JPM
2003-04-17,-20.76,-19.79,-20.76,-19.95,11055300,-20.76,3.0566037735849,JPM
2003-04-21,-19.95,-19.52,-20.1,-19.81,8337900,-19.95,0.51263273526181,JPM
2003-04-22,-19.94,-18.46,-20.09,-18.58,13909200,-19.81,4.4808743169399,JPM
2003-04-23,-18.51,-17.57,-18.61,-17.82,15108200,-18.58,2.649930264993,JPM
2003-04-24,-18.53,-18.41,-18.95,-18.7,12140500,-17.82,-2.9891304347826,JPM
2003-04-25,-18.51,-18.5,-19.61,-19.3,11300700,-18.7,-2.1008403361344,JPM
2003-04-28,-19.26,-18.35,-19.26,-18.45,9484400,-19.3,3.0400572246066,JPM
2003-04-29,-18.57,-18.01,-18.63,-18.12,12243100,-18.45,1.1454356126345,JPM
2003-04-30,-18.12,-17.61,-18.45,-17.91,14748400,-18.12,0.72065888812629,JPM
2003-05-01,-17.91,-17.7,-18.57,-17.98,10261400,-17.91,-0.23850085178876,JPM
2003-05-02,-18.11,-17.21,-18.17,-17.4,10634900,-17.98,1.9808743169399,JPM
2003-05-05,-17.26,-16.31,-17.26,-16.9,13997400,-17.4,1.6744809109176,JPM
2003-05-06,-17.01,-16.21,-17.29,-16.55,12208100,-16.9,1.1528326745718,JPM
2003-05-07,-16.81,-16.27,-17.1,-16.44,10721500,-16.55,0.35818951481602,JPM
2003-05-08,-16.81,-16.73,-17.44,-17.3,10890100,-16.44,-2.7903958468527,JPM
2003-05-09,-17.18,-17.08,-17.68,-17.18,8820500,-17.3,0.40053404539385,JPM
2003-05-12,-17.18,-16.27,-17.49,-16.32,8801900,-17.18,2.8590425531915,JPM
2003-05-13,-16.32,-16.21,-16.9,-16.54,7477600,-16.32,-0.71105365223013,JPM
2003-05-14,-16.53,-16.29,-16.98,-16.77,7515000,-16.54,-0.74869791666667,JPM
2003-05-15,-16.46,-15.91,-16.5,-16.22,10648700,-16.77,1.8038701213513,JPM
2003-05-16,-16.22,-15.76,-16.36,-16.01,9273900,-16.22,0.67654639175258,JPM
2003-05-19,-16.01,-16.01,-17.03,-16.84,8307200,-16.01,-2.656,JPM
2003-05-20,-16.84,-16.47,-17.21,-16.83,8688400,-16.84,0.03287310979618,JPM
2003-05-21,-17.16,-16.66,-17.33,-16.71,8389500,-16.83,0.39434768320736,JPM
2003-05-22,-16.86,-16.57,-16.99,-16.77,8651800,-16.71,-0.19639934533552,JPM
2003-05-23,-16.71,-16.25,-16.89,-16.36,5753700,-16.77,1.3447031813709,JPM
2003-05-27,-16.56,-15.12,-16.76,-15.21,11224800,-16.36,3.7216828478964,JPM
2003-05-28,-15.06,-14.43,-15.19,-14.71,12017300,-15.21,1.5600624024961,JPM
2003-05-29,-14.51,-14.37,-15.07,-14.99,9551100,-14.71,-0.86021505376342,JPM
2003-05-30,-14.67,-14.19,-14.84,-14.4,10683100,-14.99,1.8283235202975,JPM
2003-06-02,-13.91,-12.68,-13.94,-13.34,13337100,-14.4,3.2258064516129,JPM
2003-06-03,-13.34,-12.88,-13.52,-13.44,11582400,-13.34,-0.29481132075472,JPM
2003-06-04,-13.61,-12.43,-13.86,-12.57,13171500,-13.44,2.5724423418096,JPM
2003-06-05,-12.57,-11.97,-12.85,-12.16,10380700,-12.57,1.1818968002306,JPM
2003-06-06,-11.49,-10.74,-12.25,-12.13,11835900,-12.16,0.085470085470089,JPM
2003-06-09,-12.66,-12.48,-13.66,-13.5,10274000,-12.13,-3.8998007401082,JPM
2003-06-10,-13.26,-12.92,-13.39,-13.18,10879300,-13.5,0.9478672985782,JPM
2003-06-11,-12.96,-12.47,-13.35,-12.72,9252300,-13.18,1.349765258216,JPM
2003-06-12,-12.27,-12.14,-13.03,-12.56,9632500,-12.72,0.46323103647945,JPM
2003-06-13,-12.41,-12.21,-12.92,-12.56,6746500,-12.56,0.0,JPM
2003-06-16,-12.31,-11.31,-12.41,-11.31,9417400,-12.56,3.6023054755043,JPM
2003-06-17,-11.27,-11.06,-11.63,-11.17,9515500,-11.31,0.3894297635605,JPM
2003-06-18,-11.66,-11.43,-12.46,-12.19,11336300,-11.17,-2.8262676641729,JPM
2003-06-19,-12.01,-11.96,-13.21,-12.81,10874200,-12.19,-1.7678927858569,JPM
2003-06-20,-12.41,-12.09,-12.68,-12.46,14995800,-12.81,1.0159651669085,JPM
2003-06-23,-12.71,-12.51,-13.65,-13.41,9876500,-12.46,-2.7298850574713,JPM
2003-06-24,-13.51,-12.83,-13.76,-12.96,8236100,-13.41,1.3293943870015,JPM
2003-06-25,-12.96,-12.44,-13.47,-13.27,8978200,-12.96,-0.90379008746354,JPM
2003-06-26,-13.26,-12.86,-13.76,-12.86,6316400,-13.27,1.2062371285672,JPM
2003-06-27,-12.86,-12.82,-13.46,-13.36,6674600,-12.86,-1.453488372093,JPM
2003-06-30,-13.01,-12.79,-13.62,-13.08,8997700,-13.36,0.8259587020649,JPM
2003-07-01,-13.08,-12.71,-13.87,-12.71,10439900,-13.08,0.087770626097136,JPM
2003-07-02,-12.68,-12.41,-12.88,-12.55,7459300,-12.71,0.46769950306927,JPM
2003-07-03,-13.12,-12.58,-13.22,-12.79,4376600,-12.55,-0.69828338667441,JPM
2003-07-07,-12.44,-11.68,-12.52,-11.85,9685900,-12.79,2.7541752124231,JPM
2003-07-08,-11.85,-11.48,-12.02,-11.52,6165600,-11.85,0.94097519247219,JPM
2003-07-09,-11.44,-10.8,-11.52,-11.26,9640900,-11.52,0.73446327683615,JPM
2003-07-10,-11.47,-11.29,-12.2,-11.91,7622500,-11.26,-1.8227706113292,JPM
2003-07-11,-11.71,-10.95,-11.74,-11.16,6973600,-11.91,2.1422450728363,JPM
2003-07-14,-10.44,-9.3600000000001,-11.14,-9.6200000000001,12088000,-11.16,4.3064876957494,JPM
2003-07-15,-9.3800000000001,-9.0400000000001,-9.91,-9.6300000000001,11553500,-9.6200000000001,-0.026809651474525,JPM
2003-07-16,-8.6600000000001,-8.6600000000001,-10.92,-10.67,14436000,-9.6300000000001,-2.7889514615178,JPM
2003-07-17,-10.67,-10.67,-12.1,-11.88,11777100,-10.67,-3.3379310344828,JPM
2003-07-18,-11.69,-11.42,-12.07,-11.59,7596800,-11.88,0.82762557077625,JPM
2003-07-21,-11.82,-11.81,-13.42,-12.49,11938000,-11.59,-2.5474101330314,JPM
2003-07-22,-12.42,-11.86,-12.66,-11.98,9538500,-12.49,1.4812663374964,JPM
2003-07-23,-11.82,-11.79,-12.32,-12.06,7764200,-11.98,-0.22896393817973,JPM
2003-07-24,-11.57,-11.56,-12.4,-12.34,8596000,-12.06,-0.80321285140563,JPM
2003-07-25,-12.17,-11.41,-12.45,-11.45,8693400,-12.34,2.5737420474263,JPM
2003-07-28,-11.45,-11.1,-11.76,-11.43,8228700,-11.45,0.056385678037787,JPM
2003-07-29,-11.34,-11.33,-12.17,-11.68,9207500,-11.43,-0.70442378134686,JPM
2003-07-30,-11.42,-11.34,-11.89,-11.86,5860400,-11.68,-0.51078320090806,JPM
2003-07-31,-11.27,-11.11,-11.94,-11.87,8761600,-11.86,-0.028522532800927,JPM
2003-08-01,-11.84,-11.83,-13.69,-13.56,20439700,-11.87,-4.8216833095578,JPM
2003-08-04,-13.56,-13.12,-14.52,-13.19,15745300,-13.56,1.1091127098321,JPM
2003-08-05,-13.27,-13.22,-14.19,-14.16,12309700,-13.19,-2.8757782389564,JPM
2003-08-06,-13.92,-13.65,-14.42,-13.93,12232200,-14.16,0.70207570207571,JPM
2003-08-07,-14.16,-13.84,-14.4,-14.07,9221000,-13.93,-0.42437102152167,JPM
2003-08-08,-13.7,-13.68,-14.26,-13.93,6312100,-14.07,0.4261796042618,JPM
2003-08-11,-13.93,-13.24,-13.98,-13.7,6982100,-13.93,0.69718096392845,JPM
2003-08-12,-13.45,-13.14,-13.62,-13.28,8519300,-13.7,1.264298615292,JPM
2003-08-13,-13.12,-13.09,-13.79,-13.49,6716000,-13.28,-0.62425683709869,JPM
2003-08-14,-13.49,-12.97,-13.71,-13.02,6993400,-13.49,1.4059228238109,JPM
2003-08-15,-12.92,-12.92,-13.44,-13.26,3542600,-13.02,-0.70796460176992,JPM
2003-08-18,-12.82,-12.82,-13.26,-12.87,7126400,-13.26,1.1586452762923,JPM
2003-08-19,-12.77,-12.51,-13.09,-12.73,8275100,-12.87,0.41116005873715,JPM
2003-08-20,-12.24,-11.89,-12.87,-12.09,9319700,-12.73,1.8718923661889,JPM
2003-08-21,-11.87,-11.49,-12.54,-12.32,8676100,-12.09,-0.66035027275336,JPM
2003-08-22,-12.09,-11.92,-13.1,-13.0,8131500,-12.32,-1.9653179190751,JPM
2003-08-25,-13.2,-13.04,-13.65,-13.18,6126400,-13.0,-0.53066037735849,JPM
2003-08-26,-13.42,-12.36,-13.92,-13.54,9840600,-13.18,-1.0669828097214,JPM
2003-08-27,-13.77,-13.52,-13.86,-13.66,5923800,-13.54,-0.35949670461355,JPM
2003-08-28,-13.66,-12.85,-13.8,-13.01,5600000,-13.66,1.9542994588094,JPM
2003-08-29,-12.96,-12.62,-13.14,-12.7,5862800,-13.01,0.91418460631083,JPM
2003-09-02,-12.5,-11.89,-12.84,-12.22,8424200,-12.7,1.4026884862654,JPM
2003-09-03,-12.22,-11.88,-12.37,-12.06,7478400,-12.22,0.46109510086454,JPM
2003-09-04,-12.05,-11.97,-12.35,-12.24,6256100,-12.06,-0.51635111876076,JPM
2003-09-05,-12.49,-12.23,-12.76,-12.73,6752900,-12.24,-1.4129181084198,JPM
2003-09-08,-12.58,-12.12,-12.665,-12.27,5752300,-12.73,1.3454226381983,JPM
2003-09-09,-12.42,-12.26,-12.71,-12.66,5257900,-12.27,-1.1255411255411,JPM
2003-09-10,-13.0,-12.65,-13.76,-13.54,9825500,-12.66,-2.5685931115003,JPM
2003-09-11,-13.17,-12.77,-13.4,-13.24,6725900,-13.54,0.89874176153384,JPM
2003-09-12,-13.4,-12.79,-13.48,-12.92,6251300,-13.24,0.95011876484561,JPM
2003-09-15,-12.92,-12.712,-13.2,-12.95,5058200,-12.92,-0.08823529411765,JPM
2003-09-16,-13.03,-12.24,-13.05,-12.32,6877000,-12.95,1.8545775684428,JPM
2003-09-17,-12.32,-12.08,-12.4,-12.26,7692500,-12.32,0.17341040462426,JPM
2003-09-18,-12.05,-11.05,-12.3,-11.18,14753000,-12.26,3.1159838430468,JPM
2003-09-19,-11.42,-11.12,-11.81,-11.43,12217800,-11.18,-0.69949636261891,JPM
2003-09-22,-11.91,-11.865,-12.36,-11.93,9198200,-11.43,-1.4088475626937,JPM
2003-09-23,-11.93,-11.46,-12.31,-11.47,8598200,-11.93,1.3146613318091,JPM
2003-09-24,-11.42,-11.17,-12.13,-12.05,11445800,-11.47,-1.6361071932299,JPM
2003-09-25,-11.92,-11.68,-12.49,-12.44,8682300,-12.05,-1.1184399197018,JPM
2003-09-26,-12.4,-12.21,-12.98,-12.73,10334800,-12.44,-0.84106728538283,JPM
2003-09-29,-12.52,-12.12,-12.8,-12.27,6481500,-12.73,1.3454226381983,JPM
2003-09-30,-12.32,-12.22,-13.06,-12.59,9573200,-12.27,-0.92352092352092,JPM
2003-10-01,-12.22,-11.44,-12.36,-11.54,11368400,-12.59,3.0585493737256,JPM
2003-10-02,-11.43,-11.33,-11.8,-11.56,7330900,-11.54,-1.0175240248728,JPM
2003-10-03,-10.9,-10.78,-11.579,-11.41,11020900,-11.56,0.42832667047401,JPM
2003-10-06,-11.38,-10.87,-11.459,-11.03,7477500,-11.41,1.0804663065112,JPM
2003-10-07,-11.03,-10.42,-11.41,-10.49,11345300,-11.03,1.5189873417722,JPM
2003-10-08,-10.38,-10.37,-11.024,-10.97,9122800,-10.49,-1.330008312552,JPM
2003-10-09,-10.53,-10.43,-11.09,-10.88,9138000,-10.97,0.25273799494525,JPM
2003-10-10,-10.88,-10.74,-11.15,-11.06,5649300,-10.88,-0.50420168067227,JPM
2003-10-13,-11.02,-10.111,-11.02,-10.14,7584400,-11.06,2.5900900900901,JPM
2003-10-14,-10.08,-9.8,-10.43,-9.8,7276000,-10.14,0.93304061470912,JPM
2003-10-15,-9.6400000000001,-9.6000000000001,-10.32,-9.98,7431300,-9.8,-0.48939641109298,JPM
2003-10-16,-10.03,-9.59,-10.08,-9.74,6902200,-9.98,0.65573770491804,JPM
2003-10-17,-9.96,-9.66,-10.42,-10.24,5894800,-9.74,-1.357220412595,JPM
2003-10-20,-10.43,-9.98,-10.61,-9.98,7403400,-10.24,0.71546505228398,JPM
2003-10-21,-9.98,-9.68,-10.23,-9.91,7526300,-9.98,0.19125683060109,JPM
2003-10-22,-11.48,-11.17,-11.89,-11.6,19398900,-9.91,-4.6086719389147,JPM
2003-10-23,-11.88,-11.18,-11.88,-11.58,10030800,-11.6,0.057175528873651,JPM
2003-10-24,-11.58,-11.48,-11.95,-11.81,7686400,-11.58,-0.65714285714285,JPM
2003-10-27,-11.33,-11.3,-11.789,-11.63,9827700,-11.81,0.51768766177739,JPM
2003-10-28,-11.58,-10.89,-11.59,-11.03,11745200,-11.63,1.7167381974249,JPM
2003-10-29,-11.03,-10.53,-11.22,-10.65,7608300,-11.03,1.0689170182841,JPM
2003-10-30,-10.43,-10.38,-10.85,-10.74,6897700,-10.65,-0.25048705816865,JPM
2003-10-31,-10.68,-10.41,-10.77,-10.68,6287600,-10.74,0.1674107142857,JPM
2003-11-03,-10.36,-9.83,-10.53,-9.87,8157128,-10.68,2.2562674094708,JPM
2003-11-04,-10.28,-9.82,-10.3,-9.98,6485493,-9.87,-0.29964587305911,JPM
2003-11-05,-10.02,-9.84,-10.276,-10.05,5912600,-9.98,-0.19125683060109,JPM
2003-11-06,-10.04,-10.04,-10.47,-10.27,9049600,-10.05,-0.60224473035861,JPM
2003-11-07,-10.24,-10.1,-10.56,-10.54,6347700,-10.27,-0.74359680528781,JPM
2003-11-10,-10.57,-10.48,-10.93,-10.69,4639500,-10.54,-0.41620421753607,JPM
2003-11-11,-11.03,-10.41,-11.05,-10.54,4123200,-10.69,0.41794371691279,JPM
2003-11-12,-10.48,-10.31,-10.82,-10.69,7194900,-10.54,-0.41620421753607,JPM
2003-11-13,-10.77,-10.58,-10.97,-10.72,4597500,-10.69,-0.083588743382561,JPM
2003-11-14,-10.88,-10.61,-11.478,-11.12,7224900,-10.72,-1.1154489682097,JPM
2003-11-17,-11.38,-11.03,-11.51,-11.17,5762000,-11.12,-0.14100394811056,JPM
2003-11-18,-11.16,-11.03,-11.77,-11.69,6955200,-11.17,-1.4685117198531,JPM
2003-11-19,-11.69,-11.44,-11.88,-11.82,9797800,-11.69,-0.3725995987389,JPM
2003-11-20,-11.84,-11.37,-12.13,-11.95,7517200,-11.82,-0.37399309551207,JPM
2003-11-21,-11.73,-11.44,-11.83,-11.58,6834400,-11.95,1.068437770719,JPM
2003-11-24,-11.41,-11.22,-11.59,-11.31,7258700,-11.58,0.77142857142858,JPM
2003-11-25,-11.43,-10.94,-11.48,-11.05,5541700,-11.31,0.73717039977317,JPM
2003-11-26,-11.28,-10.93,-11.38,-11.07,3922400,-11.05,-0.056290458767248,JPM
2003-11-28,-11.28,-11.09,-11.33,-11.18,2447600,-11.07,-0.30977189524078,JPM
2003-12-01,-10.97,-10.88,-11.22,-10.92,6957000,-11.18,0.73446327683615,JPM
2003-12-02,-10.88,-10.68,-11.0,-10.77,6301200,-10.92,0.42063937184522,JPM
2003-12-03,-10.77,-10.59,-10.95,-10.76,7618600,-10.77,0.027925160569668,JPM
2003-12-04,-10.93,-10.88,-11.35,-11.19,6089700,-10.76,-1.2004466778336,JPM
2003-12-05,-11.41,-11.25,-11.73,-11.62,6769400,-11.19,-1.2150324950551,JPM
2003-12-08,-11.85,-11.11,-11.85,-11.12,6070400,-11.62,1.4302059496568,JPM
2003-12-09,-11.12,-11.08,-11.88,-11.75,7684400,-11.12,-1.7766497461929,JPM
2003-12-10,-11.82,-11.53,-12.08,-11.91,6405900,-11.75,-0.45937410278495,JPM
2003-12-11,-11.76,-11.45,-12.03,-11.6,7651000,-11.91,0.89414479376982,JPM
2003-12-12,-11.42,-11.41,-11.68,-11.49,5457900,-11.6,0.31446540880505,JPM
2003-12-15,-11.08,-11.02,-11.47,-11.32,8140900,-11.49,0.48446850954686,JPM
2003-12-16,-11.18,-10.84,-11.26,-10.86,7273600,-11.32,1.3045944412933,JPM
2003-12-17,-10.85,-10.83,-11.3,-10.92,7449800,-10.86,-0.16797312430012,JPM
2003-12-18,-10.84,-10.84,-11.39,-10.93,7733400,-10.92,-0.028042624789675,JPM
2003-12-19,-10.83,-10.8,-11.24,-10.8,12023200,-10.93,0.36465638148668,JPM
2003-12-22,-10.81,-10.47,-10.93,-10.48,8872000,-10.8,0.89435438792622,JPM
2003-12-23,-10.52,-10.29,-10.59,-10.41,7059300,-10.48,0.19390581717452,JPM
2003-12-24,-10.4,-10.33,-10.55,-10.45,2007000,-10.41,-0.11058888581697,JPM
2003-12-26,-10.31,-10.27,-10.46,-10.36,1347300,-10.45,0.2491004705231,JPM
2003-12-29,-10.31,-10.04,-10.35,-10.05,5532300,-10.36,0.85588072887908,JPM
2003-12-30,-10.04,-9.9,-10.06,-9.98,5358700,-10.05,0.19162332329592,JPM
2003-12-31,-9.7800000000001,-9.74,-9.98,-9.85,6141100,-9.98,0.35519125683059,JPM
2004-01-02,-9.68,-9.17,-9.71,-9.62,9280500,-9.85,-0.29948271167982,JPM
2004-01-05,-9.58,-9.38,-9.94,-9.69,9715400,-9.62,-0.19115237575096,JPM
2004-01-06,-9.09,-8.6700000000001,-9.15,-8.7700000000001,21209900,-9.69,2.5170998632011,JPM
2004-01-07,-8.7400000000001,-8.1500000000001,-8.75,-8.2200000000001,14472600,-8.7700000000001,1.4678409394182,JPM
2004-01-08,-8.1400000000001,-7.4700000000001,-8.1800000000001,-7.5700000000001,11991000,-8.2200000000001,1.7096265123619,JPM
2004-01-09,-7.8400000000001,-7.1000000000001,-7.8900000000001,-7.4800000000001,10569000,-7.5700000000001,0.23273855702094,JPM
2004-01-12,-7.7400000000001,-7.0900000000001,-7.8200000000001,-7.4500000000001,7044400,-7.4800000000001,0.077399380804956,JPM
2004-01-13,-7.4400000000001,-7.2900000000001,-7.7900000000001,-7.3400000000001,7205200,-7.4500000000001,0.2835782418149,JPM
2004-01-14,-7.1600000000001,-6.9100000000001,-7.3100000000001,-7.0200000000001,8676300,-7.3400000000001,0.82262210796915,JPM
2004-01-15,-6.39,-6.29,-7.5400000000001,-7.3200000000001,50329900,-7.0200000000001,-0.76491585925547,JPM
2004-01-16,-7.2400000000001,-6.9600000000001,-7.2900000000001,-6.9700000000001,18767300,-7.3200000000001,0.89928057553957,JPM
2004-01-20,-6.84,-6.72,-7.3600000000001,-7.1500000000001,18914100,-6.9700000000001,-0.45836516424752,JPM
2004-01-21,-7.1500000000001,-6.14,-7.2700000000001,-6.14,20679900,-7.1500000000001,2.5837810181632,JPM
2004-01-22,-6.2,-5.71,-6.49,-6.3,15683600,-6.14,-0.3990024937656,JPM
2004-01-23,-6.3,-5.95,-6.8700000000001,-6.64,10503800,-6.3,-0.85127691537305,JPM
2004-01-26,-6.79,-5.958,-6.9100000000001,-5.98,12289900,-6.64,1.6666666666667,JPM
2004-01-27,-6.09,-6.02,-6.35,-6.21,9141000,-5.98,-0.5712866368604,JPM
2004-01-28,-6.24,-6.06,-7.3000000000001,-7.1200000000001,14578500,-6.21,-2.2732950287285,JPM
2004-01-29,-7.0700000000001,-6.84,-7.8400000000001,-7.1900000000001,12887900,-7.1200000000001,-0.17893660531697,JPM
2004-01-30,-7.1900000000001,-7.1100000000001,-7.5000000000001,-7.3500000000001,8622300,-7.1900000000001,-0.40973111395646,JPM
2004-02-02,-7.1400000000001,-6.84,-7.3800000000001,-7.2300000000001,8810200,-7.3500000000001,0.30856261249678,JPM
2004-02-03,-7.1400000000001,-7.0800000000001,-7.4800000000001,-7.1100000000001,6921800,-7.2300000000001,0.30761343245323,JPM
2004-02-04,-7.1200000000001,-7.0100000000001,-7.3900000000001,-7.3200000000001,7851100,-7.1100000000001,-0.53667262969589,JPM
2004-02-05,-7.1300000000001,-7.0400000000001,-7.6300000000001,-7.2800000000001,6487100,-7.3200000000001,0.10277492291881,JPM
2004-02-06,-7.2400000000001,-6.42,-7.3300000000001,-6.51,7312300,-7.2800000000001,1.976386036961,JPM
2004-02-09,-6.39,-6.34,-6.73,-6.73,6090000,-6.51,-0.55373772967531,JPM
2004-02-10,-6.81,-6.53,-6.9200000000001,-6.76,7191800,-6.73,-0.075930144267277,JPM
2004-02-11,-6.66,-5.85,-6.72,-5.97,11688200,-6.76,2.001013171226,JPM
2004-02-12,-6.02,-5.84,-6.26,-5.88,8121300,-5.97,0.2234914328284,JPM
2004-02-13,-5.77,-5.59,-6.24,-6.08,6907200,-5.88,-0.49554013875125,JPM
2004-02-17,-5.82,-5.431,-5.99,-5.58,8309400,-6.08,1.2450199203187,JPM
2004-02-18,-5.57,-5.5,-5.892,-5.76,7170700,-5.58,-0.44269552385637,JPM
2004-02-19,-5.51,-5.12,-5.77,-5.42,14877400,-5.76,0.83992094861661,JPM
2004-02-20,-5.42,-5.37,-5.9,-5.67,9572100,-5.42,-0.6124448799608,JPM
2004-02-23,-5.66,-5.57,-6.07,-5.93,8355200,-5.67,-0.64086763618437,JPM
2004-02-24,-6.14,-5.65,-6.21,-6.04,10759400,-5.93,-0.27288514016373,JPM
2004-02-25,-5.84,-5.79,-6.29,-5.89,9655500,-6.04,0.37313432835821,JPM
2004-02-26,-5.89,-5.58,-6.09,-5.68,6612000,-5.89,0.52044609665428,JPM
2004-02-27,-5.58,-5.04,-5.68,-5.22,9295700,-5.68,1.1341222879684,JPM
2004-03-01,-5.01,-4.63,-5.12,-4.71,10655400,-5.22,1.2432959531936,JPM
2004-03-02,-4.82,-4.26,-4.84,-4.57,8806600,-4.71,0.33710570671804,JPM
2004-03-03,-4.56,-4.09,-4.74,-4.14,7990900,-4.57,1.0319174466043,JPM
2004-03-04,-4.24,-3.59,-4.24,-3.64,9311600,-4.14,1.187648456057,JPM
2004-03-05,-3.64,-2.4,-3.89,-3.23,16242100,-3.64,0.96244131455398,JPM
2004-03-08,-3.2,-2.75,-3.32,-3.3,8789600,-3.23,-0.16275284817484,JPM
2004-03-09,-3.3,-3.3,-3.95,-3.77,9037000,-3.3,-1.0945505356311,JPM
2004-03-10,-3.75,-3.75,-4.44,-4.21,10364600,-3.77,-1.0360254297151,JPM
2004-03-11,-4.49,-3.9,-5.04,-4.93,11924500,-4.21,-1.7130620985011,JPM
2004-03-12,-4.89,-4.6,-5.11,-4.72,10816600,-4.93,0.50835148874365,JPM
2004-03-15,-4.96,-4.92,-5.49,-5.31,7970000,-4.72,-1.4210019267823,JPM
2004-03-16,-5.09,-4.74,-5.24,-4.91,7489500,-5.31,0.97727827999022,JPM
2004-03-17,-4.55,-3.79,-4.55,-3.96,8745600,-4.91,2.2985724655214,JPM
2004-03-18,-4.44,-4.12,-4.54,-4.22,10220600,-3.96,-0.61494796594134,JPM
2004-03-19,-4.22,-3.89,-5.09,-4.91,9468900,-4.22,-1.6420752022846,JPM
2004-03-22,-4.99,-4.99,-5.8,-5.44,9690300,-4.91,-1.2823614807646,JPM
2004-03-23,-5.09,-4.84,-5.39,-5.26,10830000,-5.44,0.44117647058823,JPM
2004-03-24,-5.25,-5.18,-5.7,-5.5,7835100,-5.26,-0.58565153733527,JPM
2004-03-25,-5.39,-4.62,-5.54,-4.74,8173900,-5.5,1.8654884634266,JPM
2004-03-26,-4.94,-4.56,-5.04,-4.99,6019400,-4.74,-0.60240963855422,JPM
2004-03-29,-4.77,-4.07,-4.77,-4.18,7544300,-4.99,1.9636363636364,JPM
2004-03-30,-4.18,-4.03,-4.39,-4.26,7785300,-4.18,-0.19020446980505,JPM
2004-03-31,-4.15,-4.0,-4.5,-4.29,7842600,-4.26,-0.071462601238671,JPM
2004-04-01,-4.29,-3.84,-4.3,-3.98,10295200,-4.29,0.73897497020261,JPM
2004-04-02,-3.4,-3.33,-4.8,-4.37,12807100,-3.98,-1.7274017983909,JPM
2004-04-05,-4.62,-4.15,-4.77,-4.15,10003200,-4.37,0.52973753912834,JPM
2004-04-06,-4.3,-4.3,-4.55,-4.4,7845200,-4.15,-0.59880239520958,JPM
2004-04-07,-4.4,-4.33,-4.679,-4.53,7224700,-4.4,-0.3132530120482,JPM
2004-04-08,-4.15,-4.13,-4.9,-4.75,4961800,-4.53,-0.53178631858835,JPM
2004-04-12,-4.74,-4.33,-4.79,-4.34,4989800,-4.75,0.99635479951398,JPM
2004-04-13,-4.26,-4.26,-5.9,-5.86,11592900,-4.34,-3.6573628488932,JPM
2004-04-14,-6.24,-5.87,-6.8900000000001,-6.63,12888200,-5.86,-1.9230769230769,JPM
2004-04-15,-6.56,-6.33,-7.6600000000001,-7.1300000000001,15835000,-6.63,-1.2732365673542,JPM
2004-04-16,-6.88,-6.34,-6.9900000000001,-6.64,9741200,-7.1300000000001,1.2638638122259,JPM
2004-04-19,-6.65,-6.45,-7.0300000000001,-6.54,7395300,-6.64,0.25471217524198,JPM
2004-04-20,-6.48,-6.41,-7.4000000000001,-7.3600000000001,9028300,-6.54,-2.0833333333333,JPM
2004-04-21,-7.3600000000001,-7.3600000000001,-8.45,-8.2200000000001,18611600,-7.3600000000001,-2.2314478463934,JPM
2004-04-22,-8.2000000000001,-7.2200000000001,-8.38,-7.5200000000001,14094200,-8.2200000000001,1.8577494692144,JPM
2004-04-23,-7.5000000000001,-7.4500000000001,-7.9800000000001,-7.6000000000001,7214500,-7.5200000000001,-0.20844189682128,JPM
2004-04-26,-7.5900000000001,-6.32,-7.6400000000001,-7.3500000000001,7071300,-7.6000000000001,0.65274151436031,JPM
2004-04-27,-7.3400000000001,-6.95,-7.5300000000001,-7.2800000000001,8743600,-7.3500000000001,0.18158236057069,JPM
2004-04-28,-7.3500000000001,-7.3500000000001,-8.0100000000001,-7.9700000000001,7048500,-7.2800000000001,-1.7866390471258,JPM
2004-04-29,-7.9300000000001,-7.4800000000001,-8.4400000000001,-8.2500000000001,10451500,-7.9700000000001,-0.7382019509623,JPM
2004-04-30,-8.1000000000001,-7.9000000000001,-8.3500000000001,-8.3000000000001,7720300,-8.2500000000001,-0.13280212483399,JPM
2004-05-03,-7.8900000000001,-7.8900000000001,-8.4300000000001,-8.0400000000001,8119800,-8.3000000000001,0.69148936170212,JPM
2004-05-04,-7.9700000000001,-7.1500000000001,-8.0900000000001,-7.5900000000001,9740200,-8.0400000000001,1.1885895404121,JPM
2004-05-05,-7.5900000000001,-7.4500000000001,-8.0000000000001,-7.8500000000001,8968500,-7.5900000000001,-0.67867397546334,JPM
2004-05-06,-8.1000000000001,-7.8500000000001,-8.5800000000001,-8.3000000000001,7717600,-7.8500000000001,-1.1826544021025,JPM
2004-05-07,-8.41,-8.1900000000001,-9.43,-9.42,11997100,-8.3000000000001,-2.9787234042553,JPM
2004-05-10,-9.95,-9.9,-11.28,-10.49,21494000,-9.42,-2.9331140350877,JPM
2004-05-11,-10.0,-10.0,-10.97,-10.71,16614000,-10.49,-0.62129341993787,JPM
2004-05-12,-10.6,-10.12,-11.14,-10.13,16881000,-10.71,1.6481955100881,JPM
2004-05-13,-10.35,-9.51,-10.42,-10.15,11896100,-10.13,-0.055912776069341,JPM
2004-05-14,-10.17,-9.66,-10.57,-10.24,9251400,-10.15,-0.25174825174826,JPM
2004-05-17,-10.84,-10.43,-11.15,-10.59,10312200,-10.24,-0.9814918676388,JPM
2004-05-18,-10.22,-9.93,-10.41,-10.33,8825600,-10.59,0.73633531577456,JPM
2004-05-19,-9.9,-9.6,-10.19,-10.16,10945700,-10.33,0.47793084059601,JPM
2004-05-20,-10.15,-9.6,-10.15,-9.99,7384700,-10.16,0.47565752658085,JPM
2004-05-21,-10.02,-9.66,-10.03,-9.82,7116500,-9.99,0.47340573656364,JPM
2004-05-24,-9.63,-9.43,-10.0,-9.82,6079600,-9.82,0.0,JPM
2004-05-25,-9.81,-9.0,-10.1,-9.06,8244100,-9.82,2.1064301552107,JPM
2004-05-26,-9.05,-8.88,-9.4,-9.07,6715700,-9.06,-0.027144408251914,JPM
2004-05-27,-8.91,-8.8,-9.39,-8.95,8163000,-9.07,0.32582134129787,JPM
2004-05-28,-9.0300000000001,-8.94,-9.24,-9.06,4311000,-8.95,-0.29769959404601,JPM
2004-06-01,-9.06,-8.8500000000001,-9.4,-9.05,5619300,-9.06,0.027144408251895,JPM
2004-06-02,-8.8500000000001,-8.5100000000001,-9.15,-8.6000000000001,6267600,-9.05,1.2211668928087,JPM
2004-06-03,-8.75,-8.7,-9.06,-8.94,7280700,-8.6000000000001,-0.91152815013404,JPM
2004-06-04,-8.6000000000001,-8.41,-8.75,-8.6200000000001,5832100,-8.94,0.86580086580087,JPM
2004-06-07,-8.3700000000001,-7.7500000000001,-8.38,-7.7600000000001,7368400,-8.6200000000001,2.3068669527897,JPM
2004-06-08,-7.8500000000001,-7.7100000000001,-8.1200000000001,-7.8400000000001,7042800,-7.7600000000001,-0.20975353959098,JPM
2004-06-09,-7.9100000000001,-7.8600000000001,-8.3000000000001,-8.2200000000001,6053000,-7.8400000000001,-0.99842354177615,JPM
2004-06-10,-8.1900000000001,-8.1000000000001,-8.4200000000001,-8.1000000000001,5198600,-8.2200000000001,0.31847133757961,JPM
2004-06-14,-8.1700000000001,-8.1700000000001,-8.88,-8.7400000000001,6317600,-8.1000000000001,-1.6931216931217,JPM
2004-06-15,-8.3000000000001,-8.2400000000001,-8.7100000000001,-8.6500000000001,8166300,-8.7400000000001,0.2421959095802,JPM
2004-06-16,-8.6200000000001,-8.4200000000001,-8.81,-8.5800000000001,5895200,-8.6500000000001,0.18791946308725,JPM
2004-06-17,-8.6200000000001,-8.31,-8.77,-8.5800000000001,5747200,-8.5800000000001,0.0,JPM
2004-06-18,-8.4900000000001,-8.2400000000001,-8.77,-8.6700000000001,12953300,-8.5800000000001,-0.24115755627011,JPM
2004-06-21,-8.7,-8.5100000000001,-9.0,-8.9,5511700,-8.6700000000001,-0.61778135911898,JPM
2004-06-22,-8.9,-8.88,-9.2,-8.94,9628200,-8.9,-0.10810810810811,JPM
2004-06-23,-8.8,-8.2800000000001,-8.83,-8.2800000000001,9303600,-8.94,1.7857142857143,JPM
2004-06-24,-8.2800000000001,-7.9700000000001,-8.3200000000001,-8.1300000000001,10092200,-8.2800000000001,0.39872408293462,JPM
2004-06-25,-8.1200000000001,-7.3900000000001,-8.1300000000001,-7.9100000000001,12538100,-8.1300000000001,0.58247286205983,JPM
2004-06-28,-7.8100000000001,-7.3200000000001,-8.0500000000001,-7.9500000000001,11802300,-7.9100000000001,-0.10529086601737,JPM
2004-06-29,-7.9500000000001,-7.5200000000001,-8.1000000000001,-7.6100000000001,9783000,-7.9500000000001,0.89591567852436,JPM
2004-06-30,-7.5200000000001,-7.0500000000001,-7.7000000000001,-7.1300000000001,16628700,-7.6100000000001,1.2535910159311,JPM
2004-07-01,-6.9800000000001,-6.92,-7.8600000000001,-7.3900000000001,15371800,-7.1300000000001,-1.5475883415012,JPM
2004-07-02,-7.3800000000001,-7.0700000000001,-7.6100000000001,-7.4800000000001,8373200,-7.3900000000001,-0.23578726748756,JPM
2004-07-06,-7.5600000000001,-7.5400000000001,-8.34,-8.31,15088300,-7.4800000000001,-2.1796218487395,JPM
2004-07-07,-8.3000000000001,-8.1900000000001,-8.91,-8.7,13643800,-8.31,-1.0469798657718,JPM
2004-07-08,-8.64,-8.3300000000001,-8.9,-8.81,9624200,-8.7,-0.29842647856755,JPM
2004-07-09,-8.52,-8.5,-8.93,-8.73,7199600,-8.81,0.21768707482993,JPM
2004-07-12,-8.56,-8.41,-8.84,-8.66,9447300,-8.73,0.19006244909042,JPM
2004-07-13,-8.86,-8.29,-8.86,-8.42,9596200,-8.66,0.65040650406505,JPM
2004-07-14,-8.69,-8.2800000000001,-9.27,-9.11,10905200,-8.42,-1.8578352180937,JPM
2004-07-15,-9.02,-8.92,-9.65,-9.56,12141900,-9.11,-1.2345679012346,JPM
2004-07-16,-9.31,-9.26,-9.8,-9.69,10179400,-9.56,-0.36111111111112,JPM
2004-07-19,-9.61,-9.33,-9.85,-9.56,9112000,-9.69,0.36241984945638,JPM
2004-07-20,-9.63,-8.94,-10.064,-9.16,11568700,-9.56,1.1111111111111,JPM
2004-07-21,-8.31,-7.7600000000001,-8.86,-8.74,18145600,-9.16,1.1538461538462,JPM
2004-07-22,-9.03,-8.57,-9.44,-8.78,12868900,-8.74,-0.10863661053775,JPM
2004-07-23,-8.96,-8.63,-9.19,-9.03,10259500,-8.78,-0.67971723762915,JPM
2004-07-26,-9.12,-8.93,-9.4,-9.09,8089000,-9.03,-0.16424856282508,JPM
2004-07-27,-8.93,-8.42,-9.08,-8.6500000000001,8491200,-9.09,1.2064710721141,JPM
2004-07-28,-8.56,-8.2100000000001,-9.2,-8.49,8535900,-8.6500000000001,0.43348685992957,JPM
2004-07-29,-8.31,-8.0700000000001,-8.76,-8.42,8556300,-8.49,0.18883193957378,JPM
2004-07-30,-8.56,-8.1700000000001,-8.68,-8.2300000000001,7910500,-8.42,0.51157781367797,JPM
2004-08-02,-8.3300000000001,-8.0800000000001,-8.6500000000001,-8.1500000000001,8075700,-8.2300000000001,0.2143048486472,JPM
2004-08-03,-8.11,-8.0500000000001,-8.64,-8.49,9070900,-8.1500000000001,-0.90884790163057,JPM
2004-08-04,-8.56,-8.1900000000001,-8.92,-8.35,6808800,-8.49,0.37766387914756,JPM
2004-08-05,-8.32,-8.2700000000001,-9.41,-9.28,8439300,-8.35,-2.4993281375974,JPM
2004-08-06,-9.41,-8.9,-9.66,-9.47,9666200,-9.28,-0.52370452039691,JPM
2004-08-09,-9.5,-9.3,-9.61,-9.49,7355900,-9.47,-0.055417013023007,JPM
2004-08-10,-9.36,-8.56,-9.36,-8.57,9031400,-9.49,2.5505960632104,JPM
2004-08-11,-8.74,-8.54,-9.06,-8.66,7241100,-8.57,-0.2433090024331,JPM
2004-08-12,-8.66,-8.5800000000001,-8.81,-8.7,7234600,-8.66,-0.10840108401084,JPM
2004-08-13,-8.74,-8.63,-9.06,-8.69,6165000,-8.7,0.027129679869772,JPM
2004-08-16,-8.61,-7.7600000000001,-8.63,-7.8200000000001,9070700,-8.69,2.359641985354,JPM
2004-08-17,-7.6100000000001,-7.3100000000001,-7.7000000000001,-7.6300000000001,10501300,-7.8200000000001,0.50344462109167,JPM
2004-08-18,-7.6600000000001,-7.1900000000001,-7.7300000000001,-7.2400000000001,9658000,-7.6300000000001,1.0282098602689,JPM
2004-08-19,-7.2400000000001,-7.2400000000001,-7.7100000000001,-7.5600000000001,7859600,-7.2400000000001,-0.83507306889353,JPM
2004-08-20,-7.5900000000001,-6.76,-7.6400000000001,-6.91,9293600,-7.5600000000001,1.7105263157895,JPM
2004-08-23,-6.81,-6.68,-7.0900000000001,-7.0100000000001,8000900,-6.91,-0.25873221216042,JPM
2004-08-24,-6.81,-6.71,-7.2200000000001,-6.97,6038500,-7.0100000000001,0.10376134889755,JPM
2004-08-25,-6.9600000000001,-5.93,-6.9600000000001,-6.12,11953600,-6.97,2.2026431718062,JPM
2004-08-26,-6.24,-5.91,-6.46,-6.11,8500300,-6.12,0.025354969574049,JPM
2004-08-27,-6.01,-5.76,-6.06,-5.84,6590800,-6.11,0.68441064638782,JPM
2004-08-30,-5.89,-5.87,-6.46,-6.46,5918800,-5.84,-1.5609264853978,JPM
2004-08-31,-6.45,-5.98,-6.65,-5.98,6823500,-6.46,1.227621483376,JPM
2004-09-01,-6.04,-5.91,-6.57,-6.3,8253400,-5.98,-0.80848913592724,JPM
2004-09-02,-6.11,-5.57,-6.29,-5.72,7881400,-6.3,1.4773306164035,JPM
2004-09-03,-5.81,-5.56,-5.86,-5.71,6939300,-5.72,0.025100401606421,JPM
2004-09-07,-5.71,-5.46,-5.85,-5.69,10492500,-5.71,0.050188205771634,JPM
2004-09-08,-5.94,-5.67,-6.21,-6.19,11362400,-5.69,-1.2540757461751,JPM
2004-09-09,-6.05,-5.74,-6.21,-5.82,7663900,-6.19,0.93980187960377,JPM
2004-09-10,-5.94,-5.64,-6.09,-5.76,6536900,-5.82,0.15098137896325,JPM
2004-09-13,-5.87,-5.68,-6.4,-6.4,8152600,-5.76,-1.608040201005,JPM
2004-09-14,-6.26,-5.89,-6.27,-6.07,7749300,-6.4,0.8426966292135,JPM
2004-09-15,-6.19,-6.11,-6.48,-6.48,7142200,-6.07,-1.0382375284882,JPM
2004-09-16,-6.25,-5.72,-6.41,-5.98,10947400,-6.48,1.2794268167861,JPM
2004-09-17,-5.88,-5.76,-6.05,-5.91,9749500,-5.98,0.17685699848408,JPM
2004-09-20,-5.9,-5.9,-6.26,-6.18,7806700,-5.91,-0.68095838587641,JPM
2004-09-21,-6.06,-5.31,-6.06,-5.46,10298200,-6.18,1.8283392585069,JPM
2004-09-22,-6.06,-5.62,-6.21,-5.71,12767500,-5.46,-0.62344139650873,JPM
2004-09-23,-5.81,-5.8,-6.15,-6.1,9352100,-5.71,-0.97867001254705,JPM
2004-09-24,-6.09,-5.63,-6.14,-5.81,8932600,-6.1,0.73492143943233,JPM
2004-09-27,-5.94,-5.93,-6.5,-6.43,10374800,-5.81,-1.5597484276729,JPM
2004-09-28,-6.42,-6.09,-6.61,-6.18,8002100,-6.43,0.6388959877332,JPM
2004-09-29,-6.18,-5.88,-6.52,-5.88,7726300,-6.18,0.76180802437785,JPM
2004-09-30,-5.91,-5.77,-6.14,-5.83,8422700,-5.88,0.12600806451612,JPM
2004-10-01,-5.66,-5.16,-5.7,-5.22,11389100,-5.83,1.5353637050088,JPM
2004-10-04,-4.89,-4.77,-5.47,-5.46,12622200,-5.22,-1.4377788795241,JPM
2004-10-05,-5.52,-5.41,-6.16,-5.76,12012800,-5.46,-0.75452716297786,JPM
2004-10-06,-5.91,-5.69,-6.06,-5.73,7631200,-5.76,0.076026355803348,JPM
2004-10-07,-5.7,-5.33,-5.81,-5.69,7055000,-5.73,0.10129146619397,JPM
2004-10-08,-5.68,-5.45,-5.96,-5.57,6542800,-5.69,0.30356691120667,JPM
2004-10-11,-5.72,-5.53,-5.84,-5.84,3363700,-5.57,-0.68095838587641,JPM
2004-10-12,-6.17,-5.58,-6.21,-5.71,8410800,-5.84,0.33011681056373,JPM
2004-10-13,-5.62,-5.53,-6.27,-5.98,7605200,-5.71,-0.68337129840546,JPM
2004-10-14,-5.98,-5.98,-7.02,-6.69,11762400,-5.98,-1.809378185525,JPM
2004-10-15,-6.69,-6.12,-6.7,-6.48,8060700,-6.69,0.54502984687257,JPM
2004-10-18,-6.67,-6.11,-6.69,-6.22,5916200,-6.48,0.67114093959731,JPM
2004-10-19,-6.47,-5.84,-7.4300000000001,-7.2400000000001,16571100,-6.22,-2.6153846153846,JPM
2004-10-20,-8.52,-7.77,-8.899,-7.97,23141100,-7.2400000000001,-1.9220642443391,JPM
2004-10-21,-8.1400000000001,-7.3700000000001,-8.1700000000001,-7.5200000000001,11577900,-7.97,1.2080536912752,JPM
2004-10-22,-7.4200000000001,-7.3424000000001,-7.8200000000001,-7.7500000000001,9002300,-7.5200000000001,-0.61007957559683,JPM
2004-10-25,-7.7500000000001,-7.6900000000001,-8.32,-8.2,11971100,-7.7500000000001,-1.2009607686149,JPM
2004-10-26,-8.2,-7.6200000000001,-8.27,-7.7300000000001,10566300,-8.2,1.269584008644,JPM
2004-10-27,-7.8700000000001,-7.0400000000001,-8.19,-7.2000000000001,11518800,-7.7300000000001,1.4137103227527,JPM
2004-10-28,-7.3700000000001,-6.67,-7.5500000000001,-6.74,8766200,-7.2000000000001,1.2098895318253,JPM
2004-10-29,-6.8,-6.6,-7.2000000000001,-6.62,11215900,-6.74,0.31185031185032,JPM
2004-11-01,-6.45,-6.28,-6.79,-6.72,10154500,-6.62,-0.25906735751296,JPM
2004-11-02,-6.72,-6.05,-6.81,-6.67,10176100,-6.72,0.12987012987012,JPM
2004-11-03,-5.87,-5.79,-6.59,-6.37,11107800,-6.67,0.77821011673153,JPM
2004-11-04,-6.47,-5.56,-6.72,-5.58,12159000,-6.37,2.033462033462,JPM
2004-11-05,-5.58,-5.31,-6.22,-5.87,13418700,-5.58,-0.73158425832492,JPM
2004-11-08,-5.9,-5.77,-6.11,-5.94,8000900,-5.87,-0.17789072426938,JPM
2004-11-09,-5.89,-5.73,-6.16,-6.11,7005800,-5.94,-0.43279022403259,JPM
2004-11-10,-6.04,-6.03,-6.37,-6.27,7633400,-6.11,-0.4091025313219,JPM
2004-11-11,-6.02,-5.8,-6.35,-6.04,8004300,-6.27,0.59050064184852,JPM
2004-11-12,-6.29,-5.93,-6.32,-6.05,11168800,-6.04,-0.025523226135778,JPM
2004-11-15,-6.22,-6.06,-6.27,-6.06,8794300,-6.05,-0.025529742149617,JPM
2004-11-16,-6.72,-6.46,-6.82,-6.75,14141300,-6.06,-1.7620020429009,JPM
2004-11-17,-6.72,-6.39,-7.1000000000001,-6.95,14438700,-6.75,-0.51988562516245,JPM
2004-11-18,-7.02,-6.88,-7.4300000000001,-7.4000000000001,14942900,-6.95,-1.1758557616932,JPM
2004-11-19,-7.3200000000001,-7.2400000000001,-7.95,-7.8000000000001,14347100,-7.4000000000001,-1.0576414595452,JPM
2004-11-22,-7.8000000000001,-7.3700000000001,-8.0700000000001,-7.6700000000001,13075500,-7.8000000000001,0.34740780331372,JPM
2004-11-23,-7.5700000000001,-7.5200000000001,-7.9600000000001,-7.66,10883200,-7.6700000000001,0.026631158455406,JPM
2004-11-24,-7.4400000000001,-7.4200000000001,-7.6700000000001,-7.5200000000001,6854700,-7.66,0.3727369542066,JPM
2004-11-26,-7.5200000000001,-7.4300000000001,-7.6200000000001,-7.5300000000001,3143500,-7.5200000000001,-0.026525198939006,JPM
2004-11-29,-7.5300000000001,-7.3600000000001,-8.11,-7.91,10747600,-7.5300000000001,-1.0082249933669,JPM
2004-11-30,-8.04,-7.5200000000001,-8.16,-7.5700000000001,13070800,-7.91,0.9112838381131,JPM
2004-12-01,-7.4200000000001,-6.94,-7.4500000000001,-6.94,11137500,-7.5700000000001,1.6733067729084,JPM
2004-12-02,-6.97,-6.6,-7.02,-6.78,8303200,-6.94,0.41797283176593,JPM
2004-12-03,-6.84,-6.7,-7.2300000000001,-7.1600000000001,10918400,-6.78,-0.98855359001039,JPM
2004-12-06,-7.2700000000001,-6.8,-7.4484000000001,-7.1000000000001,10706400,-7.1600000000001,0.15764582238569,JPM
2004-12-07,-7.02,-6.92,-7.4200000000001,-7.4100000000001,8779000,-7.1000000000001,-0.81322140608603,JPM
2004-12-08,-7.4100000000001,-7.3900000000001,-7.6900000000001,-7.6700000000001,11421600,-7.4100000000001,-0.68764877016664,JPM
2004-12-09,-7.97,-7.3300000000001,-7.97,-7.5300000000001,10360900,-7.6700000000001,0.3728362183755,JPM
2004-12-10,-7.5300000000001,-7.3600000000001,-7.7300000000001,-7.59,8579100,-7.5300000000001,-0.15919342000529,JPM
2004-12-13,-7.2200000000001,-6.82,-7.3000000000001,-6.97,14880300,-7.59,1.6476215785278,JPM
2004-12-14,-6.9,-6.42,-6.92,-6.48,12084600,-6.97,1.281045751634,JPM
2004-12-15,-6.42,-5.97,-6.46,-6.19,13420900,-6.48,0.74858027878162,JPM
2004-12-16,-6.42,-6.22,-6.59,-6.29,11644400,-6.19,-0.25621316935691,JPM
2004-12-17,-7.02,-6.4,-7.0300000000001,-6.7,14184100,-6.29,-1.0531723606473,JPM
2004-12-20,-6.62,-6.34,-6.7,-6.62,8837800,-6.7,0.20768431983385,JPM
2004-12-21,-6.57,-5.97,-6.58,-6.15,8695000,-6.62,1.2176165803109,JPM
2004-12-22,-6.27,-5.99,-6.42,-6.19,9282900,-6.15,-0.10238034297415,JPM
2004-12-23,-6.1,-5.74,-6.12,-6.06,8556100,-6.19,0.33307712016396,JPM
2004-12-27,-6.02,-5.93,-6.295,-6.21,5639800,-6.06,-0.38304392236976,JPM
2004-12-28,-6.25,-5.92,-6.275,-6.01,5420000,-6.21,0.5126890540887,JPM
2004-12-29,-6.21,-6.06,-6.28,-6.06,6014300,-6.01,-0.12751849018109,JPM
2004-12-30,-6.06,-5.9,-6.17,-6.14,4745700,-6.06,-0.20429009193054,JPM
2004-12-31,-6.14,-6.05,-6.27,-6.21,5754000,-6.14,-0.17911975435005,JPM
2005-01-03,-5.74,-5.53,-6.21,-6.07,14964400,-6.21,0.35888233786209,JPM
2005-01-04,-5.9,-5.82,-6.56,-6.47,11360900,-6.07,-1.8901660280971,JPM
2005-01-05,-6.28,-5.96,-6.49,-6.39,9770200,-6.47,0.20827909398596,JPM
2005-01-06,-6.11,-5.9,-6.24,-6.17,9115900,-6.39,0.57157703299558,JPM
2005-01-07,-6.19,-6.01,-6.49,-6.48,9971200,-6.17,-0.80082665977784,JPM
2005-01-10,-6.61,-6.37,-6.83,-6.61,9285800,-6.48,-0.33854166666665,JPM
2005-01-11,-6.78,-6.63,-6.98,-6.98,8963800,-6.61,-0.96681473739223,JPM
2005-01-12,-6.88,-6.85,-7.3100000000001,-6.89,9075900,-6.98,0.23746701846967,JPM
2005-01-13,-6.88,-6.5,-7.1700000000001,-7.1100000000001,9646600,-6.89,-0.57909976309555,JPM
2005-01-14,-7.1000000000001,-6.9,-7.2300000000001,-7.0700000000001,7346500,-7.1100000000001,0.10590415673815,JPM
2005-01-18,-7.1700000000001,-6.39,-7.3580000000001,-6.48,9729100,-7.0700000000001,1.5604337476858,JPM
2005-01-19,-6.87,-6.43,-7.0500000000001,-7.04,15845900,-6.48,-1.4583333333333,JPM
2005-01-20,-7.0800000000001,-7.0500000000001,-7.77,-7.63,15240300,-7.04,-1.5591966173362,JPM
2005-01-21,-7.63,-7.3900000000001,-8.03,-8.03,14175000,-7.63,-1.0738255033557,JPM
2005-01-24,-8.02,-7.66,-8.12,-8.0,12870700,-8.03,0.081411126187249,JPM
2005-01-25,-7.89,-7.67,-8.05,-8.02,9986100,-8.0,-0.054229934924087,JPM
2005-01-26,-8.08,-7.88,-8.12,-8.05,13742600,-8.02,-0.081389039609336,JPM
2005-01-27,-8.26,-7.98,-8.37,-8.13,9791100,-8.05,-0.2172142275319,JPM
2005-01-28,-8.0,-7.88,-8.25,-7.88,15282000,-8.13,0.68027210884354,JPM
2005-01-31,-7.6,-7.4800000000001,-7.64,-7.5500000000001,14112700,-7.88,0.89189189189189,JPM
2005-02-01,-7.3800000000001,-7.2400000000001,-7.5800000000001,-7.3800000000001,14015400,-7.5500000000001,0.45539780337531,JPM
2005-02-02,-7.3800000000001,-7.3400000000001,-7.5,-7.36,13150300,-7.3800000000001,0.053333333333342,JPM
2005-02-03,-7.3500000000001,-7.3500000000001,-7.5300000000001,-7.4900000000001,10737700,-7.36,-0.34648187633263,JPM
2005-02-04,-7.4400000000001,-7.1400000000001,-7.4800000000001,-7.1900000000001,10662400,-7.4900000000001,0.80235357047338,JPM
2005-02-07,-7.18,-6.81,-7.2800000000001,-6.91,9438000,-7.1900000000001,0.74290262669143,JPM
2005-02-08,-6.96,-6.89,-7.1900000000001,-7.1200000000001,7579200,-6.91,-0.55306821174612,JPM
2005-02-09,-7.2700000000001,-7.1400000000001,-7.43,-7.3800000000001,7095100,-7.1200000000001,-0.68855932203389,JPM
2005-02-10,-7.3200000000001,-7.2200000000001,-7.4900000000001,-7.43,8873000,-7.3800000000001,-0.13333333333333,JPM
2005-02-11,-7.5800000000001,-7.3000000000001,-7.74,-7.4000000000001,10676700,-7.43,0.080106809078756,JPM
2005-02-14,-7.3100000000001,-7.3100000000001,-7.61,-7.3800000000001,6686100,-7.4000000000001,0.053361792956252,JPM
2005-02-15,-7.2100000000001,-7.1300000000001,-7.43,-7.3300000000001,8153900,-7.3800000000001,0.13333333333333,JPM
2005-02-16,-7.54,-7.4500000000001,-7.7,-7.5500000000001,9595300,-7.3300000000001,-0.58588548601864,JPM
2005-02-17,-7.6,-7.5100000000001,-8.1,-8.1,12160800,-7.5500000000001,-1.4733458344495,JPM
2005-02-18,-8.23,-8.12,-8.58,-8.37,17866000,-8.1,-0.73409461663949,JPM
2005-02-22,-8.37,-8.25,-8.98,-8.95,14897900,-8.37,-1.5886058614078,JPM
2005-02-23,-8.7,-8.3,-8.88,-8.4,12550200,-8.95,1.530754244364,JPM
2005-02-24,-8.36,-7.99,-8.43,-8.2,9123400,-8.4,0.5482456140351,JPM
2005-02-25,-8.2,-7.8000000000001,-8.23,-7.91,8781900,-8.2,0.79062159214831,JPM
2005-02-28,-7.91,-7.86,-8.36,-8.33,11415300,-7.91,-1.1360562618339,JPM
2005-03-01,-7.88,-7.54,-8.0,-7.79,10180300,-8.33,1.4774281805746,JPM
2005-03-02,-7.88,-7.4600000000001,-8.01,-7.89,9473000,-7.79,-0.2696144513346,JPM
2005-03-03,-7.7300000000001,-7.7,-8.18,-7.8700000000001,8372400,-7.89,0.054068667207343,JPM
2005-03-04,-7.63,-7.0900000000001,-7.7600000000001,-7.3700000000001,12698300,-7.8700000000001,1.3509862199406,JPM
2005-03-07,-7.3700000000001,-7.3300000000001,-7.57,-7.54,11271500,-7.3700000000001,-0.45321247667287,JPM
2005-03-08,-7.6500000000001,-7.6,-7.97,-7.94,9935000,-7.54,-1.0712372790573,JPM
2005-03-09,-8.15,-8.06,-8.536,-8.41,17659300,-7.94,-1.2723335138062,JPM
2005-03-10,-8.4,-8.28,-8.59,-8.52,11903100,-8.41,-0.30161776802852,JPM
2005-03-11,-8.62,-8.5,-8.88,-8.77,9297300,-8.52,-0.68756875687569,JPM
2005-03-14,-8.77,-8.39,-9.02,-8.43,13097500,-8.77,0.9415674328441,JPM
2005-03-15,-8.37,-8.21,-8.69,-8.63,8637500,-8.43,-0.54869684499315,JPM
2005-03-16,-8.63,-8.48,-8.83,-8.63,13584300,-8.63,0.0,JPM
2005-03-17,-8.66,-8.6,-8.98,-8.73,9034600,-8.63,-0.27586206896552,JPM
2005-03-18,-8.72,-8.63,-9.06,-8.87,18189400,-8.73,-0.38727524204703,JPM
2005-03-21,-9.0,-8.93,-9.38,-9.09,11448100,-8.87,-0.61094140516523,JPM
2005-03-22,-8.88,-8.88,-9.92,-9.82,14834300,-9.09,-2.0396758871193,JPM
2005-03-23,-9.82,-9.59,-10.0,-9.95,17494500,-9.82,-0.37079292641187,JPM
2005-03-24,-9.78,-9.73,-10.01,-9.95,11994200,-9.95,0.0,JPM
2005-03-28,-9.95,-9.8,-10.15,-10.03,8805000,-9.95,-0.22902948754652,JPM
2005-03-29,-10.23,-9.78,-10.56,-10.3,14723700,-10.03,-0.77474892395984,JPM
2005-03-30,-10.36,-9.9,-10.41,-9.93,11324900,-10.3,1.06998264893,JPM
2005-03-31,-9.98,-9.95,-10.35,-10.28,13319800,-9.93,-1.0014306151645,JPM
2005-04-01,-10.09,-9.77,-11.04,-10.63,20154900,-10.28,-1.0115606936416,JPM
2005-04-04,-10.87,-10.59,-11.19,-10.77,15642600,-10.63,-1.4014598540146,JPM
2005-04-05,-10.44,-9.78,-10.57,-9.96,15302900,-10.77,2.398578620077,JPM
2005-04-06,-9.79,-9.63,-9.92,-9.86,10676000,-9.96,0.28918449971082,JPM
2005-04-07,-9.79,-9.44,-9.87,-9.74,8335200,-9.86,0.34602076124567,JPM
2005-04-08,-9.68,-9.59,-10.04,-10.04,6363100,-9.74,-0.86206896551723,JPM
2005-04-11,-9.87,-9.73,-9.97,-9.92,7174200,-10.04,0.34782608695651,JPM
2005-04-12,-9.92,-9.34,-10.29,-9.5,14588900,-9.92,1.2131715771231,JPM
2005-04-13,-9.49,-9.45,-10.04,-9.97,11505400,-9.5,-1.3413242009132,JPM
2005-04-14,-9.97,-9.93,-10.35,-10.35,11024900,-9.97,-1.0992189759908,JPM
2005-04-15,-10.29,-9.84,-10.65,-10.61,15125300,-10.35,-0.76045627376425,JPM
2005-04-18,-10.29,-9.62,-10.33,-9.9,16011300,-10.61,2.0925434718538,JPM
2005-04-19,-9.81,-9.38,-9.86,-9.59,10985400,-9.9,0.89491916859123,JPM
2005-04-20,-8.97,-8.66,-9.81,-9.78,25477500,-9.59,-0.5436337625179,JPM
2005-04-21,-9.52,-9.37,-10.22,-9.5,16609700,-9.78,0.80552359033372,JPM
2005-04-22,-9.77,-9.36,-9.98,-9.67,13476600,-9.5,-0.4851598173516,JPM
2005-04-25,-9.56,-9.34,-9.65,-9.37,9175400,-9.67,0.86033839977059,JPM
2005-04-26,-9.36,-9.11,-9.5,-9.46,8431900,-9.37,-0.25589991470004,JPM
2005-04-27,-9.46,-8.79,-9.57,-9.04,11469800,-9.46,1.1972633979476,JPM
2005-04-28,-9.24,-9.03,-9.54,-9.52,13012100,-9.04,-1.3521126760563,JPM
2005-04-29,-9.51,-9.04,-9.62,-9.05,14210400,-9.52,1.3420902341519,JPM
2005-05-02,-8.96,-8.94,-9.42,-8.97,10253500,-9.05,0.22541561003099,JPM
2005-05-03,-8.96,-8.72,-9.27,-9.04,12771500,-8.97,-0.19679505201012,JPM
2005-05-04,-9.03,-8.37,-9.092,-8.44,12905400,-9.04,1.6901408450704,JPM
2005-05-05,-8.39,-8.35,-9.02,-8.64,8289500,-8.44,-0.55401662049862,JPM
2005-05-06,-8.54,-8.49,-9.04,-8.93,7318200,-8.64,-0.80779944289693,JPM
2005-05-09,-8.98,-8.54,-9.0,-8.58,6858100,-8.93,0.9828699803426,JPM
2005-05-10,-8.94,-8.92,-9.54,-9.4,13797900,-8.58,-2.2803114571746,JPM
2005-05-11,-9.4,-9.1,-9.68,-9.24,9100900,-9.4,0.45532157085941,JPM
2005-05-12,-9.19,-9.15,-9.91,-9.71,11279000,-9.24,-1.3314447592068,JPM
2005-05-13,-9.71,-9.71,-10.43,-10.08,13914900,-9.71,-1.0623026126902,JPM
2005-05-16,-9.95,-9.62,-10.01,-9.8,10447100,-10.08,0.8125362739408,JPM
2005-05-17,-10.03,-9.28,-10.04,-9.33,11670000,-9.8,1.3529073114565,JPM
2005-05-18,-8.94,-8.44,-9.08,-8.49,14821200,-9.33,2.3856858846918,JPM
2005-05-19,-8.71,-8.24,-8.73,-8.35,10299000,-8.49,0.38834951456311,JPM
2005-05-20,-8.35,-8.28,-9.18,-8.48,7525900,-8.35,-0.35921525283226,JPM
2005-05-23,-8.64,-8.54,-8.82,-8.63,7941300,-8.48,-0.41597337770384,JPM
2005-05-24,-8.57,-8.54,-8.88,-8.65,6298700,-8.63,-0.055694792536887,JPM
2005-05-25,-8.75,-8.54,-8.84,-8.63,5072600,-8.65,0.055725828921694,JPM
2005-05-26,-8.5,-8.45,-8.82,-8.6,5880300,-8.63,0.08354218880535,JPM
2005-05-27,-8.59,-8.5,-8.83,-8.74,6011100,-8.6,-0.38953811908737,JPM
2005-05-31,-8.71,-8.54,-8.9,-8.79,7616300,-8.74,-0.13966480446927,JPM
2005-06-01,-8.98,-8.04,-8.98,-8.78,12313000,-8.79,0.027972027972022,JPM
2005-06-02,-9.29,-8.76,-9.53,-8.8,15583200,-8.78,-0.055928411633098,JPM
2005-06-03,-8.92,-8.69,-9.13,-8.99,8628400,-8.8,-0.53161723559039,JPM
2005-06-06,-9.07,-8.95,-9.34,-9.03,5937000,-8.99,-0.11251758087201,JPM
2005-06-07,-9.02,-8.6,-9.09,-9.06,8610000,-9.03,-0.084483244156579,JPM
2005-06-08,-8.99,-8.73,-9.06,-8.87,7723400,-9.06,0.53551296505075,JPM
2005-06-09,-9.02,-8.84,-9.23,-9.04,7090400,-8.87,-0.47659097280628,JPM
2005-06-10,-8.94,-8.9,-9.3,-9.11,6504700,-9.04,-0.19718309859155,JPM
2005-06-13,-9.25,-8.78,-9.27,-9.04,7128500,-9.11,0.19757267852103,JPM
2005-06-14,-9.09,-8.81,-9.15,-8.94,6275300,-9.04,0.28169014084507,JPM
2005-06-15,-8.8,-8.64,-8.93,-8.83,9128300,-8.94,0.30898876404494,JPM
2005-06-16,-8.88,-8.49,-8.93,-8.64,9781700,-8.83,0.53206384766171,JPM
2005-06-17,-8.35,-8.34,-8.66,-8.46,15434900,-8.64,0.50139275766017,JPM
2005-06-20,-8.64,-8.35,-8.74,-8.49,8380800,-8.46,-0.083148558758318,JPM
2005-06-21,-8.49,-8.4,-8.645,-8.5,5802100,-8.49,-0.027739251040216,JPM
2005-06-22,-8.48,-8.11,-8.48,-8.28,9318700,-8.5,0.61043285238623,JPM
2005-06-23,-8.24,-8.11,-8.62,-8.61,10726100,-8.28,-0.91009376723662,JPM
2005-06-24,-9.04,-8.51,-9.14,-8.97,12346200,-8.61,-1.0019482326746,JPM
2005-06-27,-8.96,-8.77,-9.02,-8.95,8687200,-8.97,0.056227157717186,JPM
2005-06-28,-8.77,-8.62,-8.92,-8.62,5957000,-8.95,0.92722674908682,JPM
2005-06-29,-8.56,-8.44,-8.66,-8.58,6207100,-8.62,0.11135857461024,JPM
2005-06-30,-8.83,-8.54,-9.22,-9.22,10854300,-8.58,-1.7797552836485,JPM
2005-07-01,-8.98,-8.9,-9.19,-9.14,10768000,-9.22,-0.7361268403171,JPM
2005-07-05,-9.2,-8.92,-9.39,-9.23,7921200,-9.14,-0.25670279520822,JPM
2005-07-06,-9.2,-9.05,-9.77,-9.6,10773000,-9.23,-1.0580497569345,JPM
2005-07-07,-9.6,-9.6,-9.9,-9.74,10650300,-9.6,-0.40462427745665,JPM
2005-07-08,-9.59,-9.17,-9.7,-9.39,9594400,-9.74,1.015670342426,JPM
2005-07-11,-9.39,-8.87,-9.45,-9.24,8455100,-9.39,0.43091065785693,JPM
2005-07-12,-9.24,-8.85,-9.34,-8.95,14462200,-9.24,0.82951945080091,JPM
2005-07-13,-8.95,-8.63,-9.03,-8.71,11108900,-8.95,0.68085106382979,JPM
2005-07-14,-8.55,-8.34,-8.72,-8.51,8773400,-8.71,0.56353902507747,JPM
2005-07-15,-8.51,-8.25,-8.6,-8.34,7631300,-8.51,0.47632390025218,JPM
2005-07-18,-8.53,-8.51,-8.82,-8.69,8386200,-8.34,-0.9760178471835,JPM
2005-07-19,-8.69,-8.49,-9.1,-8.99,12573900,-8.69,-0.84483244156575,JPM
2005-07-20,-8.98,-8.67,-9.36,-9.04,13308800,-8.99,-0.14200511218405,JPM
2005-07-21,-8.5,-8.5,-9.14,-8.8,9322000,-9.04,0.6825938566553,JPM
2005-07-22,-8.8,-8.6,-8.88,-8.6,7105900,-8.8,0.56497175141244,JPM
2005-07-25,-8.65,-8.6,-8.96,-8.76,5979400,-8.6,-0.4494382022472,JPM
2005-07-26,-8.56,-8.55,-8.89,-8.83,6473500,-8.76,-0.19751693002257,JPM
2005-07-27,-8.68,-8.67,-9.13,-8.85,8414600,-8.83,-0.056545094713022,JPM
2005-07-28,-8.84,-8.71,-9.02,-8.74,7518400,-8.85,0.31117397454031,JPM
2005-07-29,-8.75,-8.75,-9.09,-9.06,8494900,-8.74,-0.9024252679075,JPM
2005-08-01,-8.88,-8.76,-9.05,-8.9,7263000,-9.06,0.45532157085941,JPM
2005-08-02,-8.73,-8.56,-8.9,-8.65,6646600,-8.9,0.70821529745042,JPM
2005-08-03,-8.64,-8.55,-8.78,-8.59,9789000,-8.65,0.16877637130802,JPM
2005-08-04,-8.78,-8.68,-8.85,-8.74,9565300,-8.59,-0.4212299915754,JPM
2005-08-05,-8.85,-8.7,-8.99,-8.95,9288400,-8.74,-0.5922165820643,JPM
2005-08-08,-8.89,-8.77,-9.26,-9.21,5770300,-8.95,-0.73758865248226,JPM
2005-08-09,-9.13,-8.88,-9.29,-9.17,5923500,-9.21,0.11431837667905,JPM
2005-08-10,-8.94,-8.84,-9.57,-9.4,9726700,-9.17,-0.65658007422211,JPM
2005-08-11,-9.4,-9.23,-9.74,-9.39,9607500,-9.4,0.028735632183923,JPM
2005-08-12,-9.56,-9.5,-9.91,-9.89,8674400,-9.39,-1.4363688595231,JPM
2005-08-15,-9.93,-9.41,-9.95,-9.55,7604000,-9.89,0.99096473331389,JPM
2005-08-16,-9.54,-9.21,-9.68,-9.62,8656700,-9.55,-0.2020202020202,JPM
2005-08-17,-9.55,-9.49,-9.8,-9.74,11001100,-9.62,-0.34702139965297,JPM
2005-08-18,-9.74,-9.43,-9.82,-9.54,6676500,-9.74,0.58038305281485,JPM
2005-08-19,-9.4,-9.4,-9.68,-9.66,6186900,-9.54,-0.34622042700519,JPM
2005-08-22,-9.61,-9.42,-9.79,-9.69,6593100,-9.66,-0.086855819339899,JPM
2005-08-23,-9.69,-9.54,-9.89,-9.85,7901800,-9.69,-0.4636337293538,JPM
2005-08-24,-9.89,-9.61,-10.38,-10.35,13530100,-9.85,-1.4556040756914,JPM
2005-08-25,-10.21,-10.02,-10.34,-10.08,6982100,-10.35,0.79763663220087,JPM
2005-08-26,-10.06,-10.01,-10.57,-10.55,9644200,-10.08,-1.3774912075029,JPM
2005-08-29,-10.77,-10.11,-10.82,-10.29,7483200,-10.55,0.77265973254086,JPM
2005-08-30,-10.48,-10.47,-10.89,-10.62,8907800,-10.29,-0.97316425833087,JPM
2005-08-31,-10.61,-10.28,-10.84,-10.31,10076800,-10.62,0.92316855270995,JPM
2005-09-01,-10.45,-9.92,-10.48,-10.14,9768700,-10.31,0.50162289760992,JPM
2005-09-02,-9.92,-9.78,-10.13,-10.09,7100200,-10.14,0.14679976512037,JPM
2005-09-06,-9.95,-9.6,-9.95,-9.63,7291700,-10.09,1.3485781295808,JPM
2005-09-07,-9.3,-9.29,-9.57,-9.31,10212600,-9.63,0.92565808504484,JPM
2005-09-08,-9.26,-9.26,-9.69,-9.56,9160300,-9.31,-0.71653768988249,JPM
2005-09-09,-9.57,-9.3,-9.59,-9.38,9112100,-9.56,0.51963048498845,JPM
2005-09-12,-9.41,-9.31,-9.7,-9.63,9714100,-9.38,-0.71797817346353,JPM
2005-09-13,-9.8,-9.71,-10.05,-10.05,13029900,-9.63,-1.2149262366214,JPM
2005-09-14,-9.8,-9.7144,-10.02,-9.96,8136800,-10.05,0.26354319180089,JPM
2005-09-15,-9.85,-9.77,-10.15,-10.07,8574400,-9.96,-0.32126168224299,JPM
2005-09-16,-9.97,-9.2,-9.98,-9.21,19557400,-10.07,2.5197773220041,JPM
2005-09-19,-9.32,-9.25,-9.78,-9.61,10208500,-9.21,-1.1431837667905,JPM
2005-09-20,-9.68,-9.25,-9.75,-9.67,12550500,-9.61,-0.17346053772767,JPM
2005-09-21,-9.91,-9.85,-10.28,-10.19,10551200,-9.67,-1.5059368664929,JPM
2005-09-22,-10.3,-9.81,-10.41,-9.95,8108600,-10.19,0.70567480152897,JPM
2005-09-23,-9.98,-9.92,-10.29,-10.13,9615200,-9.95,-0.52554744525547,JPM
2005-09-26,-9.95,-9.95,-10.31,-10.28,9849000,-10.13,-0.44027003228646,JPM
2005-09-27,-10.15,-10.06,-10.46,-10.32,8734800,-10.28,-0.11792452830188,JPM
2005-09-28,-10.31,-9.94,-10.44,-10.28,8838600,-10.32,0.11806375442739,JPM
2005-09-29,-10.35,-9.82,-10.7,-9.85,10601800,-10.28,1.2676886792453,JPM
2005-09-30,-9.97,-9.9,-10.42,-10.27,10534300,-9.85,-1.2227074235808,JPM
2005-10-03,-10.01,-9.77,-10.45,-10.08,14619200,-10.27,0.55997642204538,JPM
2005-10-04,-9.74,-9.58,-10.3,-10.26,14992300,-10.08,-1.5240328253224,JPM
2005-10-05,-10.13,-10.01,-10.42,-10.41,11654700,-10.26,-0.44642857142857,JPM
2005-10-06,-10.35,-9.88,-10.44,-10.2,12651600,-10.41,0.62780269058294,JPM
2005-10-07,-9.98,-9.79,-10.12,-9.96,9923000,-10.2,0.71301247771837,JPM
2005-10-10,-9.86,-9.81,-10.35,-10.34,6499600,-9.96,-1.1209439528023,JPM
2005-10-11,-10.37,-10.19,-10.75,-10.55,10172900,-10.34,-0.62649164677805,JPM
2005-10-12,-10.71,-10.34,-10.8513,-10.59,15446600,-10.55,-0.12008405884119,JPM
2005-10-13,-10.88,-10.08,-10.94,-10.11,13003500,-10.59,1.4427412082958,JPM
2005-10-14,-9.88,-9.67,-10.1,-9.78,11165800,-10.11,0.97777777777777,JPM
2005-10-17,-9.65,-9.53,-10.08,-9.86,8470000,-9.78,-0.23474178403755,JPM
2005-10-18,-9.88,-9.71,-10.12,-10.09,8777600,-9.86,-0.67647058823528,JPM
2005-10-19,-9.71,-9.11,-9.95,-9.13,19375500,-10.09,2.8427598460172,JPM
2005-10-20,-8.97,-8.76,-9.41,-9.11,18561300,-9.13,0.057587100489499,JPM
2005-10-21,-9.09,-8.67,-9.09,-8.73,15313700,-9.11,1.0935251798561,JPM
2005-10-24,-8.6,-8.07,-8.61,-8.1,14396800,-8.73,1.7933390264731,JPM
2005-10-25,-8.16,-7.95,-8.35,-8.14,10891200,-8.1,-0.11185682326622,JPM
2005-10-26,-8.15,-7.48,-8.23,-7.76,16154500,-8.14,1.063829787234,JPM
2005-10-27,-7.76,-7.55,-7.92,-7.83,10122700,-7.76,-0.19390581717452,JPM
2005-10-28,-7.64,-7.38,-7.86,-7.42,12350600,-7.83,1.1379406050513,JPM
2005-10-31,-7.36,-7.06,-7.46,-7.24,15562800,-7.42,0.49396267837541,JPM
2005-11-01,-7.07,-6.87,-7.28,-7.01,19222000,-7.24,0.62807209175315,JPM
2005-11-02,-7.15,-6.37,-7.16,-6.66,12955400,-7.01,0.94979647218454,JPM
2005-11-03,-6.6,-6.37,-6.88,-6.77,10366900,-6.66,-0.29569892473118,JPM
2005-11-04,-6.76,-6.52,-6.8,-6.55,11277400,-6.77,0.5931517929361,JPM
2005-11-07,-6.4,-6.13,-6.48,-6.18,8644600,-6.55,0.99169123559367,JPM
2005-11-08,-6.42,-6.28,-6.61,-6.52,7802400,-6.18,-0.90233545647557,JPM
2005-11-09,-6.51,-6.13,-6.65,-6.14,11322000,-6.52,1.0176754151044,JPM
2005-11-10,-6.11,-5.45,-6.18,-5.54,16663600,-6.14,1.5906680805939,JPM
2005-11-11,-5.69,-5.48,-5.87,-5.6,8195900,-5.54,-0.15657620041754,JPM
2005-11-14,-5.88,-5.64,-5.88,-5.73,8725900,-5.6,-0.33978044955566,JPM
2005-11-15,-5.84,-5.61,-6.21,-6.13,10027700,-5.73,-1.049042748492,JPM
2005-11-16,-5.95,-5.91,-6.41,-6.05,10959700,-6.13,0.2120328650941,JPM
2005-11-17,-6.16,-5.86,-6.16,-5.93,9583900,-6.05,0.31737635546151,JPM
2005-11-18,-5.86,-5.73,-6.24,-5.83,14885900,-5.93,0.26364355391511,JPM
2005-11-21,-5.86,-5.8,-6.09,-6.04,10634100,-5.83,-0.55219563502498,JPM
2005-11-22,-6.19,-5.6,-6.34,-5.66,11501000,-6.04,1.004759386568,JPM
2005-11-23,-5.65,-4.87,-5.72,-5.08,11983100,-5.66,1.5183246073298,JPM
2005-11-25,-4.88,-4.87,-5.11,-5.0,3775300,-5.08,0.2062919030428,JPM
2005-11-28,-4.86,-4.71,-5.11,-4.96,11353900,-5.0,0.10293360782295,JPM
2005-11-29,-5.0,-4.68,-5.06,-4.9,14806000,-4.96,0.15424164524422,JPM
2005-11-30,-4.84,-4.75,-5.64,-5.61,12819200,-4.9,-1.8223819301848,JPM
2005-12-01,-5.34,-5.08,-5.46,-5.29,12194100,-5.61,0.83660130718954,JPM
2005-12-02,-5.47,-4.7899,-5.47,-4.87,9823600,-5.29,1.0889292196007,JPM
2005-12-05,-5.03,-4.98,-5.29,-5.01,6701200,-4.87,-0.35906642728905,JPM
2005-12-06,-4.71,-4.58,-5.07,-5.01,12369500,-5.01,0.0,JPM
2005-12-07,-5.01,-4.97,-5.54,-5.39,9663000,-5.01,-0.97812097812098,JPM
2005-12-08,-5.39,-4.97,-5.44,-5.21,8592900,-5.39,0.46789706264622,JPM
2005-12-09,-5.2,-4.56,-5.21,-4.74,8497100,-5.21,1.2160413971539,JPM
2005-12-12,-4.72,-4.58,-4.97,-4.71,8013600,-4.74,0.07668711656442,JPM
2005-12-13,-4.84,-4.27,-4.86,-4.45,10624700,-4.71,0.66411238825031,JPM
2005-12-14,-4.45,-4.14,-4.6,-4.31,8511200,-4.45,0.35523978685613,JPM
2005-12-15,-4.3,-4.11,-4.45,-4.28,8737000,-4.31,0.075853350189636,JPM
2005-12-16,-4.13,-3.98,-4.22,-4.07,12066300,-4.28,0.53057099545225,JPM
2005-12-19,-4.15,-3.95,-4.37,-4.26,15603200,-4.07,-0.47750691128424,JPM
2005-12-20,-4.17,-4.08,-4.44,-4.26,7655500,-4.26,0.0,JPM
2005-12-21,-4.2,-3.88,-4.26,-4.03,11624300,-4.26,0.58080808080807,JPM
2005-12-22,-3.92,-3.75,-4.0,-3.81,10147300,-4.03,0.5523474767763,JPM
2005-12-23,-3.74,-3.44,-3.85,-3.66,7005900,-3.81,0.37453183520601,JPM
2005-12-27,-3.46,-3.3,-3.89,-3.76,7752400,-3.66,-0.24875621890548,JPM
2005-12-28,-3.75,-3.63,-4.04,-3.95,9526900,-3.76,-0.47381546134665,JPM
2005-12-29,-4.0,-3.81,-4.06,-4.0,7390000,-3.95,-0.12528188423953,JPM
2005-12-30,-4.15,-4.07,-4.38,-4.17,8567800,-4.0,-0.42649272453588,JPM
2006-01-03,-4.03,-3.5,-4.56,-3.67,12839200,-4.17,1.2597631645251,JPM
2006-01-04,-3.74,-3.38,-4.1,-3.9,13491500,-3.67,-1.4182632495646,JPM
2006-01-05,-3.91,-3.71,-4.02,-3.78,8109400,-3.9,0.30287733467947,JPM
2006-01-06,-3.6,-3.28,-3.97,-3.5,7966900,-3.78,0.70457976849522,JPM
2006-01-09,-3.64,-2.8,-3.64,-2.85,16575200,-3.5,1.624187906047,JPM
2006-01-10,-3.02,-2.77,-3.45,-2.79,16614900,-2.85,0.14752889107449,JPM
2006-01-11,-2.79,-2.65,-2.91,-2.82,12333100,-2.79,-0.073655781978871,JPM
2006-01-12,-3.27,-3.1,-3.62,-3.57,12230000,-2.82,-1.8427518427518,JPM
2006-01-13,-3.74,-3.49,-3.87,-3.6,10961200,-3.57,-0.075093867334171,JPM
2006-01-17,-4.04,-3.7,-4.11,-3.81,9941100,-3.6,-0.52605210420842,JPM
2006-01-18,-4.41,-3.81,-4.57,-4.24,17813000,-3.81,-1.0828506673382,JPM
2006-01-19,-4.18,-4.05,-4.72,-4.46,12091800,-4.24,-0.56008146639511,JPM
2006-01-20,-4.71,-4.7,-5.64,-5.47,20907200,-4.46,-2.5857654889913,JPM
2006-01-23,-5.38,-4.82,-5.55,-5.25,13172300,-5.47,0.57818659658346,JPM
2006-01-24,-5.25,-4.99,-5.43,-5.41,9781500,-5.25,-0.41808204860205,JPM
2006-01-25,-5.36,-4.84,-5.46,-5.04,14248700,-5.41,0.97087378640776,JPM
2006-01-26,-4.81,-3.71,-4.81,-3.93,16187900,-5.04,2.8846153846154,JPM
2006-01-27,-4.27,-3.48,-4.35,-3.77,12929400,-3.93,0.40414246021722,JPM
2006-01-30,-4.0,-3.55,-4.1,-3.67,8701700,-3.77,0.25157232704403,JPM
2006-01-31,-3.49,-3.33,-3.78,-3.77,15582100,-3.67,-0.25094102885822,JPM
2006-02-01,-3.64,-3.3,-3.85,-3.64,11429800,-3.77,0.32704402515724,JPM
2006-02-02,-3.64,-3.36,-3.93,-3.53,10309100,-3.64,0.27582748244734,JPM
2006-02-03,-4.07,-3.42,-4.12,-3.99,10440700,-3.53,-1.150287571893,JPM
2006-02-06,-4.12,-3.92,-4.21,-4.08,6591800,-3.99,-0.22767518340502,JPM
2006-02-07,-4.32,-3.92,-4.47,-4.26,8592600,-4.08,-0.45638945233266,JPM
2006-02-08,-4.24,-3.9,-4.27,-3.92,10065200,-4.26,0.86602139582273,JPM
2006-02-09,-3.99,-3.49,-4.08,-3.75,8496300,-3.92,0.42929292929293,JPM
2006-02-10,-3.9,-3.54,-4.23,-3.6,8790500,-3.75,0.37716872014081,JPM
2006-02-13,-3.75,-3.21,-3.91,-3.75,7791600,-3.6,-0.37575150300601,JPM
2006-02-14,-3.86,-3.19,-3.87,-3.42,12904100,-3.75,0.82977118430978,JPM
2006-02-15,-3.55,-3.02,-3.55,-3.2,12664300,-3.42,0.54862842892768,JPM
2006-02-16,-3.07,-2.7,-3.28,-2.7,11571000,-3.2,1.2400793650794,JPM
2006-02-17,-2.86,-2.7,-3.12,-2.74,11517600,-2.7,-0.097991180793726,JPM
2006-02-21,-2.89,-2.57,-2.97,-2.82,7324500,-2.74,-0.19617459538989,JPM
2006-02-22,-2.63,-1.97,-2.78,-2.11,13151400,-2.82,1.7444717444717,JPM
2006-02-23,-2.26,-1.95,-2.52,-2.41,8739500,-2.11,-0.72446269017145,JPM
2006-02-24,-2.58,-1.69,-2.65,-1.86,9294300,-2.41,1.3378739965945,JPM
2006-02-27,-1.97,-1.57,-1.97,-1.94,8541900,-1.86,-0.19203072491598,JPM
2006-02-28,-1.93,-1.92,-2.55,-2.38,11691600,-1.94,-1.0582010582011,JPM
2006-03-01,-2.36,-1.58,-2.39,-1.89,10527700,-2.38,1.1910549343704,JPM
2006-03-02,-1.89,-1.68,-2.15,-1.86,10939800,-1.89,0.072063415805895,JPM
2006-03-03,-2.02,-1.43,-2.09,-1.93,12290600,-1.86,-0.16802688430147,JPM
2006-03-06,-2.04,-1.71,-2.38,-2.09,9777700,-1.93,-0.38470786246695,JPM
2006-03-07,-2.5,-1.86,-2.5,-2.04,9441100,-2.09,0.12068549360366,JPM
2006-03-08,-2.03,-1.78,-2.32,-1.92,9147100,-2.04,0.28929604628738,JPM
2006-03-09,-2.02,-1.78,-2.56,-2.47,9767500,-1.92,-1.3221153846154,JPM
2006-03-10,-2.46,-2.12,-2.65,-2.39,11175200,-2.47,0.19488428745434,JPM
2006-03-13,-2.07,-2.04,-2.54,-2.46,10626100,-2.39,-0.17019207391199,JPM
2006-03-14,-2.26,-2.02,-2.27,-2.14,16221500,-2.46,0.77934729663907,JPM
2006-03-15,-2.36,-2.18,-2.53,-2.3,14011200,-2.14,-0.38666022232964,JPM
2006-03-16,-2.1,-1.99,-2.26,-2.2,10045600,-2.3,0.24260067928191,JPM
2006-03-17,-2.17,-2.02,-2.27,-2.12,13042300,-2.2,0.19361084220716,JPM
2006-03-20,-2.21,-1.97,-2.37,-2.07,9418000,-2.12,0.12077294685991,JPM
2006-03-21,-2.25,-1.81,-2.48,-2.32,13473600,-2.07,-0.60313630880579,JPM
2006-03-22,-2.33,-1.32,-2.52,-1.47,13516100,-2.32,2.0631067961165,JPM
2006-03-23,-1.47,-1.32,-1.7,-1.48,12986800,-1.47,-0.02378121284185,JPM
2006-03-24,-1.53,-1.09,-1.61,-1.42,7201300,-1.48,0.14272121788773,JPM
2006-03-27,-1.66,-1.32,-1.74,-1.41,7836200,-1.42,0.023752969121135,JPM
2006-03-28,-1.59,-1.31,-2.02,-1.96,15551200,-1.41,-1.3061030634054,JPM
2006-03-29,-1.79,-1.44,-2.21,-1.84,7822900,-1.96,0.28873917228103,JPM
2006-03-30,-1.98,-1.48,-2.4,-1.99,9323500,-1.84,-0.3598848368522,JPM
2006-03-31,-1.74,-1.58,-2.02,-1.88,10371300,-1.99,0.26486876956417,JPM
2006-04-03,-1.57,-1.06,-1.64,-1.59,10872600,-1.88,0.69644572526417,JPM
2006-04-04,-1.58,-0.71999999999999,-1.68,-0.90999999999999,14008500,-1.59,0.81087526830432,JPM
2006-04-05,-1.01,-0.51999999999999,-1.14,-0.63999999999999,9494600,-0.90999999999999,0.638750887154,JPM
2006-04-06,-0.78999999999999,-0.70999999999999,-1.16,-0.88999999999999,6226600,-0.63999999999999,-0.58768218147626,JPM
2006-04-07,-0.92999999999999,-0.74,-1.55,-1.48,10753900,-0.88999999999999,-1.3951288720738,JPM
2006-04-10,-1.25,-0.92,-1.49,-1.3,7409300,-1.48,0.43165467625899,JPM
2006-04-11,-1.18,-0.82999999999999,-1.7,-1.57,8828400,-1.3,-0.64469914040115,JPM
2006-04-12,-1.35,-1.2,-1.48,-1.28,5873800,-1.57,0.69694784907474,JPM
2006-04-13,-1.22,-0.75999999999999,-1.27,-0.99,6553100,-1.28,0.69212410501193,JPM
2006-04-17,-0.89999999999999,-0.79999999999999,-1.35,-1.18,7986200,-0.99,-0.45034368333728,JPM
2006-04-18,-0.95999999999999,-0.42999999999999,-1.11,-0.57999999999999,10979200,-1.18,1.4285714285714,JPM
2006-04-19,-0.77999999999999,-0.18999999999998,-0.88,-0.55999999999999,9448100,-0.57999999999999,0.046948356807502,JPM
2006-04-20,-0.67999999999999,-0.22999999999998,-0.79999999999999,-0.57999999999999,8435900,-0.55999999999999,-0.046926325668691,JPM
2006-04-21,-0.29999999999999,-0.29999999999999,-0.77999999999999,-0.67999999999999,13732000,-0.57999999999999,-0.23474178403756,JPM
2006-04-24,-0.66999999999999,-0.39999999999999,-1.02,-0.49999999999999,9475900,-0.67999999999999,0.42352941176471,JPM
2006-04-25,-0.64999999999999,-0.35999999999999,-1.07,-0.95999999999999,11632000,-0.49999999999999,-1.0777881911903,JPM
2006-04-26,-0.78999999999999,-0.43999999999999,-1.02,-0.51999999999999,10647800,-0.95999999999999,1.0421601136902,JPM
2006-04-27,-0.51999999999999,0.88000000000002,-0.64999999999999,0.77000000000002,17465000,-0.51999999999999,3.0239099859353,JPM
2006-04-28,0.92000000000002,2.72,0.92000000000002,2.2,28234900,0.77000000000002,3.2536973833902,JPM
2006-05-01,2.2,2.41,1.55,1.6,16234700,2.2,-1.322168356104,JPM
2006-05-02,1.82,2.33,1.73,2.32,12899500,1.6,1.6078606520768,JPM
2006-05-03,2.41,2.52,2.04,2.28,15589600,2.32,-0.087912087912086,JPM
2006-05-04,2.33,2.63,2.32,2.51,10550700,2.28,0.50593928728552,JPM
2006-05-05,2.73,3.62,2.51,3.47,17151300,2.51,2.1011162179908,JPM
2006-05-08,3.42,3.47,2.86,2.92,10283900,3.47,-1.1789924973205,JPM
2006-05-09,2.76,3.17,2.67,2.84,7931000,2.92,-0.17353579175705,JPM
2006-05-10,2.56,2.94,2.33,2.74,7213500,2.84,-0.21729682746632,JPM
2006-05-11,2.74,2.78,1.78,1.97,10532900,2.74,-1.6768292682927,JPM
2006-05-12,1.77,1.78,1.08,1.14,18204900,1.97,-1.8383167220376,JPM
2006-05-15,1.15,1.57,1.07,1.36,11196900,1.14,0.49638989169675,JPM
2006-05-16,1.42,1.62,0.95000000000002,1.14,8263600,1.36,-0.49393803322856,JPM
2006-05-17,0.62000000000002,0.87000000000002,-0.089999999999981,0.070000000000015,12645200,1.14,-2.4142599277978,JPM
2006-05-18,0.11000000000001,0.23000000000002,-0.48999999999999,-0.43999999999999,10904600,0.070000000000015,-1.1791907514451,JPM
2006-05-19,-0.27999999999999,-0.12999999999999,-0.67989999999999,-0.42999999999999,13332600,-0.43999999999999,0.023397285914829,JPM
2006-05-22,-0.42999999999999,-0.22999999999998,-0.83999999999999,-0.53999999999999,14742200,-0.42999999999999,-0.25730994152047,JPM
2006-05-23,-0.43999999999999,-0.28999999999999,-1.06,-1.01,13249400,-0.53999999999999,-1.1022514071295,JPM
2006-05-24,-1.08,-0.7,-1.59,-1.03,12944000,-1.01,-0.04742708086318,JPM
2006-05-25,-0.52999999999999,-0.27999999999999,-0.85999999999999,-0.32999999999999,9902100,-1.03,1.6607354685647,JPM
2006-05-26,-0.079999999999983,0.20000000000002,-0.22999999999998,0.050000000000012,7918100,-0.32999999999999,0.88681446907817,JPM
2006-05-30,-0.27999999999999,-0.18999999999998,-0.74,-0.74,8680900,0.050000000000012,-1.8274346518621,JPM
2006-05-31,-0.51999999999999,-0.20999999999999,-1.01,-0.53999999999999,11347600,-0.74,0.47125353440151,JPM
2006-06-01,-0.42999999999999,0.49990000000002,-0.44499999999999,0.40000000000002,9034900,-0.53999999999999,2.2045028142589,JPM
2006-06-02,0.62000000000002,1.02,0.35000000000002,0.63000000000002,9637700,0.40000000000002,0.52776502983021,JPM
2006-06-05,0.48000000000002,0.75000000000002,-0.26999999999999,-0.20999999999999,7866800,0.63000000000002,-1.9173704633645,JPM
2006-06-06,-0.20999999999999,1.5099033134902e-14,-1.17,-0.79999999999999,12679200,-0.20999999999999,-1.3730509657901,JPM
2006-06-07,-0.81,-0.40999999999999,-1.05,-0.92999999999999,9958000,-0.79999999999999,-0.30674846625767,JPM
2006-06-08,-1.18,-0.67999999999999,-1.93,-0.82999999999999,14401500,-0.92999999999999,0.23668639053255,JPM
2006-06-09,-0.82999999999999,-0.58999999999999,-1.16,-1.08,8106100,-0.82999999999999,-0.59031877213695,JPM
2006-06-12,-1.08,-0.95,-1.59,-1.58,9059600,-1.08,-1.187648456057,JPM
2006-06-13,-1.83,-1.2998,-2.84,-2.65,16398100,-1.58,-2.5721153846154,JPM
2006-06-14,-2.54,-2.33,-3.85,-3.21,16879100,-2.65,-1.3816925734024,JPM
2006-06-15,-3.08,-2.36,-3.18,-2.58,18481200,-3.21,1.5761821366025,JPM
2006-06-16,-2.58,-2.48,-3.17,-3.02,15754500,-2.58,-1.0837438423645,JPM
2006-06-19,-3.01,-2.72,-3.43,-3.23,9087100,-3.02,-0.52290836653385,JPM
2006-06-20,-3.04,-2.4,-3.14,-2.69,11176100,-3.23,1.351689612015,JPM
2006-06-21,-3.05,-1.72,-3.0799,-1.97,15242300,-2.69,1.7782168436651,JPM
2006-06-22,-2.06,-1.51,-2.18,-2.11,10466900,-1.97,-0.33972336811454,JPM
2006-06-23,-2.35,-1.88,-3.33,-2.31,9954300,-2.11,-0.48697345994644,JPM
2006-06-26,-2.51,-1.68,-2.57,-1.68,11183300,-2.31,1.5414729630536,JPM
2006-06-27,-2.49,-1.61,-2.49,-2.34,14116000,-1.68,-1.5903614457831,JPM
2006-06-28,-2.01,-1.87,-2.24,-1.91,8540100,-2.34,1.052889324192,JPM
2006-06-29,-1.5,-0.31999999999999,-1.57,-0.49999999999999,17320000,-1.91,3.4165253210564,JPM
2006-06-30,-0.24999999999998,-0.18999999999998,-1.18,-1.18,16247700,-0.49999999999999,-1.593252108716,JPM
2006-07-03,-0.78999999999999,0.030000000000016,-0.83999999999999,0.030000000000016,6828300,-1.18,2.0714285714286,JPM
2006-07-05,0.030000000000016,0.030000000000016,-0.79999999999999,-0.42999999999999,10451000,0.030000000000016,-1.0730114299044,JPM
2006-07-06,-0.43999999999999,-0.16999999999998,-0.56999999999998,-0.38999999999998,10831500,-0.42999999999999,0.094317377976907,JPM
2006-07-07,-0.38999999999998,-0.089999999999981,-0.54999999999999,-0.42999999999999,6736400,-0.38999999999998,-0.094228504122512,JPM
2006-07-10,-0.29999999999999,-0.14999999999998,-0.40999999999999,-0.25999999999998,5332100,-0.42999999999999,0.4008488564018,JPM
2006-07-11,-0.47999999999999,0.15000000000002,-0.68999999999999,0.030000000000016,8814000,-0.25999999999998,0.68107092531705,JPM
2006-07-12,0.040000000000021,0.39000000000002,-0.62379999999999,-0.58999999999999,7025300,0.030000000000016,-1.4462327968276,JPM
2006-07-13,-0.88999999999999,-0.87999999999999,-1.63,-1.45,11099000,-0.58999999999999,-2.0355029585799,JPM
2006-07-14,-1.59,-1.33,-2.23,-1.95,10439300,-1.45,-1.2080212611742,JPM
2006-07-17,-2.03,-1.9,-2.44,-2.11,10806600,-1.95,-0.39129371484471,JPM
2006-07-18,-1.89,-1.73,-2.32,-2.13,10760800,-2.11,-0.04910385465258,JPM
2006-07-19,-0.93999999999999,0.22000000000002,-1.1,0.21000000000002,27046400,-2.13,5.7479734708917,JPM
2006-07-20,0.21000000000002,0.53000000000002,-0.089999999999981,0.14000000000002,16367900,0.21000000000002,-0.16260162601626,JPM
2006-07-21,0.33000000000002,0.63000000000002,-0.049999999999982,0.31000000000002,15203300,0.14000000000002,0.39553280595626,JPM
2006-07-24,0.56000000000002,1.51,0.51000000000002,1.36,12629100,0.31000000000002,2.4333719582851,JPM
2006-07-25,1.31,2.02,1.17,1.79,12469300,1.36,0.97285067873303,JPM
2006-07-26,1.66,2.002,1.53,1.81,14170000,1.79,0.044812906116953,JPM
2006-07-27,1.84,2.13,1.36,1.86,13840800,1.81,0.11198208286675,JPM
2006-07-28,2.04,2.7,1.96,2.64,14010900,1.86,1.744966442953,JPM
2006-07-31,2.26,2.87,2.2,2.78,14618500,2.64,0.30782761653474,JPM
2006-08-01,2.95,2.95,2.41,2.67,13400900,2.78,-0.24112231477422,JPM
2006-08-02,3.06,3.07,2.36,2.65,11051900,2.67,-0.043946385409791,JPM
2006-08-03,2.31,2.96,2.26,2.82,9045400,2.65,0.37370850736424,JPM
2006-08-04,3.12,3.26,1.28,2.28,14113100,2.82,-1.1826544021025,JPM
2006-08-07,2.16,2.49,2.0,2.43,5913800,2.28,0.33244680851065,JPM
2006-08-08,2.64,2.88,2.1,2.15,11025800,2.43,-0.61851115529048,JPM
2006-08-09,2.28,2.54,1.49,1.51,10452800,2.15,-1.4225383418537,JPM
2006-08-10,1.41,1.51,0.83000000000003,1.21,10392300,1.51,-0.67643742953778,JPM
2006-08-11,1.21,1.31,0.66000000000003,1.09,6868600,1.21,-0.27241770715096,JPM
2006-08-14,1.46,1.66,0.87000000000003,1.05,6985600,1.09,-0.091053949465056,JPM
2006-08-15,1.31,2.27,1.31,2.2,11078300,1.05,2.6201868307131,JPM
2006-08-16,2.6,2.81,2.28,2.63,8814800,2.2,0.95470692717584,JPM
2006-08-17,2.44,2.84,2.41,2.62,6163700,2.63,-0.021992522542331,JPM
2006-08-18,2.84,2.87,2.43,2.87,9213600,2.62,0.54993400791905,JPM
2006-08-21,2.57,2.76,2.49,2.62,5649000,2.87,-0.54692627433822,JPM
2006-08-22,2.43,2.75,2.27,2.51,6252400,2.62,-0.24197096348438,JPM
2006-08-23,2.36,2.8,2.32,2.68,8729300,2.51,0.37486218302095,JPM
2006-08-24,2.86,3.13,2.79,2.84,8682800,2.68,0.35149384885764,JPM
2006-08-25,2.84,2.85,2.46,2.68,4450900,2.84,-0.35026269702276,JPM
2006-08-28,2.56,3.2,2.47,3.18,7324900,2.68,1.0984182776801,JPM
2006-08-29,3.04,3.18,2.584,3.13,8050800,3.18,-0.10864841373317,JPM
2006-08-30,3.05,3.23,2.86,2.89,8600600,3.13,-0.52207961714162,JPM
2006-08-31,2.86,3.03,2.74,2.82,6245400,2.89,-0.15307238136891,JPM
2006-09-01,3.01,3.06,2.48,2.89,6703300,2.82,0.1533070521244,JPM
2006-09-05,2.8,3.1,2.6,2.96,6134000,2.89,0.15307238136891,JPM
2006-09-06,2.81,3.21,2.64,3.04,7126400,2.96,0.17467248908298,JPM
2006-09-07,3.05,3.07,2.29,2.36,7278400,3.04,-1.4821272885789,JPM
2006-09-08,2.16,2.5964,1.84,2.42,7728200,2.36,0.13274336283185,JPM
2006-09-11,2.75,2.75,2.28,2.55,7173200,2.42,0.28722934158198,JPM
2006-09-12,2.55,3.18,2.45,3.17,11555700,2.55,1.3659396342807,JPM
2006-09-13,3.17,3.89,2.89,3.56,11745700,3.17,0.84764181699631,JPM
2006-09-14,3.57,3.72,3.26,3.66,7622400,3.56,0.21551724137931,JPM
2006-09-15,4.02,4.51,3.92,4.11,15421000,3.66,0.96774193548388,JPM
2006-09-18,3.86,4.11,3.63,3.74,11125300,4.11,-0.7880724174654,JPM
2006-09-19,3.89,4.01,3.38,3.96,6768700,3.74,0.47230571060541,JPM
2006-09-20,4.11,4.65,4.11,4.38,9084200,3.96,0.8974358974359,JPM
2006-09-21,4.24,4.51,3.83,3.97,7782700,4.38,-0.86827615417195,JPM
2006-09-22,3.86,4.1,3.67,3.98,6046700,3.97,0.021362956633194,JPM
2006-09-25,4.27,4.46,3.91,4.07,15329800,3.98,0.19222554463904,JPM
2006-09-26,4.07,4.11,3.55,4.06,12381400,4.07,-0.021317416329137,JPM
2006-09-27,3.95,4.37,3.78,4.0,8884200,4.06,-0.1279317697228,JPM
2006-09-28,4.16,4.48,4.06,4.31,6165100,4.0,0.66182749786506,JPM
2006-09-29,4.31,4.62,4.0,4.12,10115300,4.31,-0.40296924708377,JPM
2006-10-02,4.12,4.49,3.9,4.03,7382800,4.12,-0.1916524701874,JPM
2006-10-03,4.11,5.08,4.1,4.91,11801200,4.03,1.8775336035844,JPM
2006-10-04,4.55,5.04,4.45,4.99,20650500,4.91,-0.54450261780104,JPM
2006-10-05,4.79,4.96,4.5,4.91,12915100,4.99,-0.16845651716152,JPM
2006-10-06,4.6,4.7,4.28,4.36,10744400,4.91,-1.1600928074246,JPM
2006-10-09,4.36,4.71,4.19,4.61,7252800,4.36,0.53350405463082,JPM
2006-10-10,4.79,5.16,4.59,5.03,14164100,4.61,0.89153046062407,JPM
2006-10-11,4.8,5.2,4.67,5.14,10288100,5.03,0.23143277929728,JPM
2006-10-12,5.2,6.07,5.05,5.76,14979300,5.14,1.3014273719563,JPM
2006-10-13,5.52,5.96,5.24,5.66,7298000,5.76,-0.20721094073767,JPM
2006-10-16,5.48,5.6,5.0,5.23,7330200,5.66,-0.89285714285714,JPM
2006-10-17,4.55,5.71,4.5,5.49,8880400,5.23,0.54473077728893,JPM
2006-10-18,5.34,5.5,4.11,4.71,21490000,5.49,-1.6253386122109,JPM
2006-10-19,4.71,4.71,3.87,4.37,11988900,4.71,-0.7201864011862,JPM
2006-10-20,4.38,4.63,4.04,4.62,10979200,4.37,0.53339022829102,JPM
2006-10-23,4.33,4.97,4.32,4.89,8838300,4.62,0.57300509337861,JPM
2006-10-24,4.57,4.71,4.25,4.64,13431500,4.89,-0.52753745515932,JPM
2006-10-25,4.8,5.0,4.4216,4.77,9021700,4.64,0.27577428935088,JPM
2006-10-26,4.85,5.45,4.81,5.27,7631700,4.77,1.057753331923,JPM
2006-10-27,5.07,5.21,4.66,4.79,7112500,5.27,-1.0048147372828,JPM
2006-10-30,4.84,5.17,4.58,4.95,10222600,4.79,0.33833791499261,JPM
2006-10-31,5.28,5.58,4.93,4.94,12564200,4.95,-0.021074815595374,JPM
2006-11-01,5.25,5.319,4.21,4.43,11490200,4.94,-1.075042158516,JPM
2006-11-02,4.43,4.58,4.19,4.4,7059000,4.43,-0.06392499467292,JPM
2006-11-03,4.65,4.75,4.0,4.39,7984100,4.4,-0.021321961620465,JPM
2006-11-06,4.68,5.22,4.55,5.15,8633700,4.39,1.6208146726381,JPM
2006-11-07,5.0,5.5,4.97,4.99,8521700,5.15,-0.33578174186778,JPM
2006-11-08,4.99,5.4,4.7,5.14,7511200,4.99,0.31585596967782,JPM
2006-11-09,5.15,5.25,4.68,4.74,6836700,5.14,-0.83963056255247,JPM
2006-11-10,4.95,5.11,4.81,5.11,5849900,4.74,0.78323454699407,JPM
2006-11-13,4.9,5.39,4.86,5.16,7664600,5.11,0.10501995379121,JPM
2006-11-14,4.99,5.31,4.5616,5.25,8276800,5.16,0.1888375996643,JPM
2006-11-15,5.07,5.17,4.49,4.95,11340700,5.25,-0.62827225130889,JPM
2006-11-16,5.0,5.48,4.87,5.35,8192500,4.95,0.84299262381454,JPM
2006-11-17,5.49,5.49,5.09,5.16,12991600,5.35,-0.39707419017765,JPM
2006-11-20,5.16,5.55,5.05,5.4,8614500,5.16,0.50356693243811,JPM
2006-11-21,5.28,5.44,4.9,5.25,7423800,5.4,-0.31315240083507,JPM
2006-11-22,5.1,5.39,4.88,5.09,5916100,5.25,-0.33507853403141,JPM
2006-11-24,4.72,5.03,4.68,4.77,2927000,5.09,-0.67241017020382,JPM
2006-11-27,4.64,4.76,3.95,4.13,11109800,4.77,-1.3539242648614,JPM
2006-11-28,3.96,4.09,3.28,3.7,13415600,4.13,-0.92215312030881,JPM
2006-11-29,3.71,4.37,3.71,4.17,9414400,3.7,1.017316017316,JPM
2006-11-30,4.22,4.24,3.55,3.78,13058500,4.17,-0.83565459610028,JPM
2006-12-01,4.0,4.01,3.01,3.51,14728700,3.78,-0.58340535868626,JPM
2006-12-04,3.78,4.63,3.66,4.34,13148100,3.51,1.8039556618127,JPM
2006-12-05,4.4,5.0,4.27,4.7,10747700,4.34,0.76857386848847,JPM
2006-12-06,4.57,4.75,4.26,4.33,14162400,4.7,-0.78389830508476,JPM
2006-12-07,4.58,4.58,4.06,4.13,7394600,4.33,-0.42707666026051,JPM
2006-12-08,4.16,4.64,3.85,4.26,9120100,4.13,0.27879047823289,JPM
2006-12-11,4.2,5.34,4.2,5.05,11220600,4.26,1.6894781864842,JPM
2006-12-12,5.06,5.47,4.85,5.13,16021000,5.05,0.16824395373292,JPM
2006-12-13,5.28,5.4,5.0,5.1,11299300,5.13,-0.062985513331936,JPM
2006-12-14,5.11,5.54,4.8,5.45,10052600,5.1,0.73529411764706,JPM
2006-12-15,5.7,6.15,5.5,5.8,16172100,5.45,0.72992700729926,JPM
2006-12-18,5.8,6.1,5.53,5.73,8538200,5.8,-0.14492753623188,JPM
2006-12-19,5.53,5.98,5.45,5.77,9291400,5.73,0.082935931992549,JPM
2006-12-20,5.83,5.87,5.64,5.72,6037100,5.77,-0.10358400662939,JPM
2006-12-21,5.92,6.47,5.83,6.15,10782200,5.72,0.89174616341767,JPM
2006-12-22,6.14,6.3,5.12,5.39,8342000,6.15,-1.5621788283659,JPM
2006-12-26,5.48,5.87,5.45,5.81,4101200,5.39,0.87700981415745,JPM
2006-12-27,6.04,6.5,5.32,6.45,7716200,5.81,1.3247774787829,JPM
2006-12-28,6.3,6.5,6.14,6.42,6525200,6.45,-0.061287027579165,JPM
2006-12-29,6.25,6.41,5.77,5.8,9601100,6.42,-1.2673753066231,JPM
2007-01-03,5.84,6.21,5.43,5.91,14244700,5.8,-0.47619047619047,JPM
2007-01-04,5.89,6.39,5.59,6.03,9471500,5.91,0.24963594757645,JPM
2007-01-05,6.01,6.09,5.47,5.63,10760500,6.03,-0.83004772774434,JPM
2007-01-08,5.41,5.9,5.16,5.79,8165600,5.63,0.33479807491108,JPM
2007-01-09,5.74,5.95,5.2,5.59,9276700,5.79,-0.41710114702816,JPM
2007-01-10,5.31,5.96,5.28,5.94,15597000,5.59,0.73298429319372,JPM
2007-01-11,5.84,6.26,5.78,6.15,8049200,5.94,0.43659043659044,JPM
2007-01-12,5.94,6.1,5.74,5.83,10646600,6.15,-0.66238873939143,JPM
2007-01-16,6.0,6.3,5.94,6.23,8696400,5.83,0.83350698062096,JPM
2007-01-17,6.49,6.73,5.96,6.27,16291000,6.23,0.082661706964247,JPM
2007-01-18,5.89,6.42,5.76,5.99,12653900,6.27,-0.57815403675408,JPM
2007-01-19,6.14,6.67,5.98,6.6,14649200,5.99,1.2668743509865,JPM
2007-01-22,6.71,7.7,6.54,7.5,18325500,6.6,1.8457752255947,JPM
2007-01-23,7.41,7.7,7.12,7.67,12845300,7.5,0.34232782923883,JPM
2007-01-24,7.52,8.24,7.35,8.2,13857500,7.67,1.0636162954044,JPM
2007-01-25,8.08,8.52,7.77,8.05,14855900,8.2,-0.29785544082605,JPM
2007-01-26,7.84,8.09,7.34,7.54,13990100,8.05,-1.0157339175463,JPM
2007-01-29,7.41,7.49,6.95,7.31,12085000,7.54,-0.46277665995977,JPM
2007-01-30,7.54,8.09,7.21,8.02,12325700,7.31,1.435213260562,JPM
2007-01-31,7.91,9.0,7.69,8.77,18459500,8.02,1.494619370267,JPM
2007-02-01,8.8,9.08,8.7,9.05,13420400,8.77,0.54977419988219,JPM
2007-02-02,9.06,9.17,8.57,8.77,15443400,9.05,-0.54676820933412,JPM
2007-02-05,8.65,8.99,8.38,8.8,8079900,8.77,0.058904378558808,JPM
2007-02-06,8.69,9.16,8.6,8.84,9849100,8.8,0.078492935635791,JPM
2007-02-07,8.68,9.06,8.64,9.05,7537400,8.84,0.41176470588235,JPM
2007-02-08,8.9,8.9,8.36,8.77,10312300,9.05,-0.54676820933412,JPM
2007-02-09,8.86,9.03,7.92,8.26,9489000,8.77,-1.0013744354997,JPM
2007-02-12,8.43,8.49,8.09,8.28,7861466,8.26,0.039666798889322,JPM
2007-02-13,8.19,8.86,8.17,8.79,8374110,8.28,1.0111022997621,JPM
2007-02-14,8.93,9.39,8.84,9.26,10745970,8.79,0.9224730127576,JPM
2007-02-15,8.89,9.31,8.73,9.05,13339600,9.26,-0.40840140023337,JPM
2007-02-16,9.0,9.19,8.85,9.09,11291900,9.05,0.078109744190586,JPM
2007-02-20,8.99,9.59,8.96,9.47,9171500,9.09,0.74146341463415,JPM
2007-02-21,9.29,9.69,9.11,9.49,9337100,9.47,0.038737168312989,JPM
2007-02-22,9.64,9.79,9.22,9.48,9111600,9.49,-0.019361084220713,JPM
2007-02-23,9.39,9.59,8.56,8.87,10042600,9.48,-1.1812548412084,JPM
2007-02-26,9.01,9.255,8.27,8.65,13342780,8.87,-0.43111894963747,JPM
2007-02-27,8.45,8.45,5.44,7.06,21115300,8.65,-3.1293052548711,JPM
2007-02-28,6.91,7.73,6.73,7.23,19180400,7.06,0.34538805363674,JPM
2007-03-01,6.82,7.28,6.14,7.04,22631550,7.23,-0.38469325774448,JPM
2007-03-02,6.79,6.84,5.95,6.03,16922100,7.04,-2.0528455284553,JPM
2007-03-05,5.44,6.0,5.04,5.38,20197150,6.03,-1.3488275575846,JPM
2007-03-06,5.81,6.52,5.27,6.36,17751940,5.38,2.0614219604544,JPM
2007-03-07,6.53,6.71,6.1,6.2,13664500,6.36,-0.32976092333059,JPM
2007-03-08,6.63,7.19,6.46,6.58,11976000,6.2,0.78577336641853,JPM
2007-03-09,6.96,7.19,6.37,6.66,9452000,6.58,0.16413623307345,JPM
2007-03-12,6.48,6.82,6.44,6.68,10445600,6.66,0.040966816878335,JPM
2007-03-13,6.29,6.34,4.4,4.54,25291500,6.68,-4.3816543816544,JPM
2007-03-14,4.56,5.39,3.75,5.14,25042400,4.54,1.2847965738758,JPM
2007-03-15,4.98,6.03,4.98,5.54,15828300,5.14,0.84566596194504,JPM
2007-03-16,5.46,5.67,4.82,4.87,24746130,5.54,-1.4046121593291,JPM
2007-03-19,5.04,5.64,5.0,5.42,14448200,4.87,1.1694662981076,JPM
2007-03-20,5.35,5.72,5.17,5.59,14507370,5.42,0.3572929802438,JPM
2007-03-21,5.65,7.49,5.65,6.89,20747590,5.59,2.7225130890052,JPM
2007-03-22,6.9,6.94,6.2,6.31,18906610,6.89,-1.1824668705403,JPM
2007-03-23,6.43,6.73,6.27,6.36,11748200,6.31,0.10315659170622,JPM
2007-03-26,6.39,6.62,5.78,6.54,11851000,6.36,0.37098103874691,JPM
2007-03-27,6.43,6.66,6.19,6.41,11183470,6.54,-0.26694045174539,JPM
2007-03-28,6.13,6.32,5.63,5.83,13176650,6.41,-1.1941527691991,JPM
2007-03-29,6.08,6.48,5.86,6.34,10836500,5.83,1.0627214002917,JPM
2007-03-30,6.45,6.86,5.79,6.22,12665020,6.34,-0.24742268041237,JPM
2007-04-02,6.22,6.33,5.54,6.08,13834480,6.22,-0.28937577511368,JPM
2007-04-03,6.43,6.77,6.27,6.74,13572160,6.08,0.66334991708126,JPM
2007-04-04,6.74,6.89,6.45,6.74,9165227,6.74,0.0,JPM
2007-04-05,6.53,7.07,6.52,6.95,7990939,6.74,0.43245469522241,JPM
2007-04-09,6.96,7.31,6.84,7.18,7508961,6.95,0.47160139429977,JPM
2007-04-10,7.19,7.52,7.16,7.42,8200099,7.18,0.48979591836735,JPM
2007-04-11,7.28,7.52,7.16,7.33,12046120,7.42,-0.18277822908205,JPM
2007-04-12,7.7,7.7,6.91,7.38,9472304,7.33,0.10172939979655,JPM
2007-04-13,7.63,7.63,6.84,7.27,11266220,7.38,-0.22357723577236,JPM
2007-04-16,7.65,8.43,7.5,8.15,15764980,7.27,1.7926257893665,JPM
2007-04-17,8.15,8.6,7.89,8.36,12238490,8.15,0.42025215129078,JPM
2007-04-18,9.75,10.85,9.61,10.25,39197930,8.36,3.7664408130729,JPM
2007-04-19,10.21,10.41,9.53,10.27,20708640,10.25,0.038409832917233,JPM
2007-04-20,10.83,10.89,10.28,10.72,21166720,10.27,0.86388942215396,JPM
2007-04-23,10.53,10.88,10.23,10.46,12675510,10.72,-0.49486105824134,JPM
2007-04-24,10.24,10.46,9.83,10.34,10316950,10.46,-0.22953328232595,JPM
2007-04-25,10.42,11.12,10.36,11.0,18088040,10.34,1.2653374233129,JPM
2007-04-26,10.95,11.18,10.74,11.12,14440460,11.0,0.22718667171525,JPM
2007-04-27,10.95,10.98,10.32,10.73,14428560,11.12,-0.73668303740083,JPM
2007-04-30,10.64,11.24,10.17,10.28,29899960,10.73,-0.85632730732635,JPM
2007-05-01,10.58,10.68,9.78,10.44,13858920,10.28,0.30710172744721,JPM
2007-05-02,10.18,10.95,10.18,10.73,12968540,10.44,0.55491771909682,JPM
2007-05-03,11.01,11.1,10.551,10.88,9755189,10.73,0.28544243577546,JPM
2007-05-04,10.98,11.23,10.77,10.81,11974600,10.88,-0.13282732447818,JPM
2007-05-07,10.99,11.13,10.73,10.91,7375343,10.81,0.19000570017099,JPM
2007-05-08,10.66,10.83,10.41,10.63,9028148,10.91,-0.53100701687843,JPM
2007-05-09,10.73,11.43,10.61,11.38,12560950,10.63,1.4299332697807,JPM
2007-05-10,10.97,11.21,10.13,10.18,13478360,11.38,-2.2556390977444,JPM
2007-05-11,10.3,10.56,9.9,10.33,12419350,10.18,0.28846153846154,JPM
2007-05-14,10.18,10.34,9.73,10.01,9328227,10.33,-0.61361457334612,JPM
2007-05-15,10.27,10.89,10.18,10.21,11104500,10.01,0.38587690526723,JPM
2007-05-16,10.55,11.25,10.38,11.16,12925010,10.21,1.8258696905631,JPM
2007-05-17,10.96,11.18,10.68,10.74,9049968,11.16,-0.79275198187994,JPM
2007-05-18,10.8,11.11,10.63,10.72,11056520,10.74,-0.038051750380523,JPM
2007-05-21,10.56,10.99,10.49,10.74,10408220,10.72,0.03806623524934,JPM
2007-05-22,10.74,10.86,10.27,10.47,9665750,10.74,-0.51369863013699,JPM
2007-05-23,10.51,10.82,10.11,10.17,11239240,10.47,-0.57372346528972,JPM
2007-05-24,10.18,10.42,9.63,9.77,13105750,10.17,-0.7693787266782,JPM
2007-05-25,9.71,10.03,9.44,9.82,10760920,9.77,0.096918007365763,JPM
2007-05-29,9.83,10.1,9.63,10.0,9552263,9.82,0.34856700232378,JPM
2007-05-30,9.61,10.24,9.53,10.24,10235880,10.0,0.46314164415284,JPM
2007-05-31,10.43,10.49,9.85,10.01,11022060,10.24,-0.44179792547062,JPM
2007-06-01,10.1,10.26,9.84,10.08,12089050,10.01,0.13505691684353,JPM
2007-06-04,9.74,9.98,9.72,9.75,11095480,10.08,-0.63583815028901,JPM
2007-06-05,9.42,9.67,9.37,9.4,13615680,9.75,-0.67868916036456,JPM
2007-06-06,9.41,9.41,8.44,8.74,13877370,9.4,-1.2885591565795,JPM
2007-06-07,8.48,8.83,7.92,8.0,17412670,8.74,-1.4636075949367,JPM
2007-06-08,8.01,8.66,7.72,8.59,13519980,8.0,1.184263348053,JPM
2007-06-11,8.59,9.02,8.21,8.61,11251980,8.59,0.039674667724664,JPM
2007-06-12,8.4,8.58,7.52,7.53,15388280,8.61,-2.1415823914337,JPM
2007-06-13,7.81,8.57,7.7,8.47,14507600,7.53,1.9047619047619,JPM
2007-06-14,8.11,9.01,8.11,8.5,12440640,8.47,0.05965400676079,JPM
2007-06-15,8.82,9.17,8.6,8.74,18351900,8.5,0.47694753577107,JPM
2007-06-18,9.01,9.03,8.51,8.61,9292261,8.74,-0.25712025316456,JPM
2007-06-19,8.62,9.06,8.47,9.03,12251870,8.61,0.83283759666865,JPM
2007-06-20,9.09,9.17,7.6,7.64,14920650,9.03,-2.7335299901672,JPM
2007-06-21,7.87,8.06,6.86,8.02,19429420,7.64,0.76829761423373,JPM
2007-06-22,7.74,7.93,6.76,6.9,25110360,8.02,-2.247191011236,JPM
2007-06-25,6.9,7.39,6.24,6.54,17240150,6.9,-0.73891625615763,JPM
2007-06-26,6.63,7.23,6.48,6.78,18963180,6.54,0.49627791563276,JPM
2007-06-27,6.44,7.48,6.26,7.42,16354110,6.78,1.3168724279835,JPM
2007-06-28,7.43,7.66,6.7419,7.14,14430870,7.42,-0.56864337936637,JPM
2007-06-29,7.41,7.48,6.28,6.63,21764660,7.14,-1.0416666666667,JPM
2007-07-02,7.08,7.43,6.75,7.33,15718410,6.63,1.4447884416925,JPM
2007-07-03,7.75,8.14,7.6,7.9,7443990,7.33,0.38657171922687,JPM
2007-07-05,7.66,7.91,7.21,7.35,11602920,7.9,-1.1147142278071,JPM
2007-07-06,7.18,7.72,7.01,7.53,10792300,7.35,0.36892805902849,JPM
2007-07-09,7.77,7.84,7.09,7.35,10576690,7.53,-0.36757198284664,JPM
2007-07-10,6.86,7.13,6.02,6.07,21881720,7.35,-2.6234884197581,JPM
2007-07-11,6.08,7.0,5.68,6.69,27232440,6.07,1.3049884234898,JPM
2007-07-12,7.25,8.19,6.69,8.09,19172720,6.69,2.9087886972782,JPM
2007-07-13,8.24,8.78,7.83,8.61,16393660,8.09,1.0498687664042,JPM
2007-07-16,8.47,9.02,8.29,8.39,12263840,8.61,-0.43956043956044,JPM
2007-07-17,8.51,9.04,8.39,8.48,18263940,8.39,0.18061408789886,JPM
2007-07-18,7.37,7.85,6.39,7.3,35535600,8.48,-2.3637820512821,JPM
2007-07-19,8.06,8.25,6.4,7.18,26199900,7.3,-0.24620434961019,JPM
2007-07-20,7.37,7.37,5.94,6.12,30677800,7.18,-2.1801727684081,JPM
2007-07-23,6.31,6.43,5.62,5.71,20520200,6.12,-0.86206896551725,JPM
2007-07-24,5.19,5.51,3.68,3.9,35706200,5.71,-3.8388123011665,JPM
2007-07-25,4.23,4.77,2.85,3.83,40175100,3.9,-0.15438906043229,JPM
2007-07-26,2.86,3.11,2.06,2.64,51201930,3.83,-2.6286724099845,JPM
2007-07-27,2.6500000000001,3.8,2.26,2.79,39681600,2.64,0.34029038112522,JPM
2007-07-30,3.31,3.7,2.17,3.31,32315500,2.79,1.1756726203934,JPM
2007-07-31,3.63,4.53,2.5,2.57,34080840,3.31,-1.6536312849162,JPM
2007-08-01,2.26,3.0,1.76,2.94,44473880,2.57,0.84071801863214,JPM
2007-08-02,2.97,3.32,2.56,3.1500000000001,28297300,2.94,0.47318611987382,JPM
2007-08-03,3.16,3.51,1.95,2.21,36585300,3.1500000000001,-2.108095985647,JPM
2007-08-06,2.32,3.67,1.84,3.67,34199500,2.21,3.3447880870561,JPM
2007-08-07,3.55,4.61,2.71,3.9,30556500,3.67,0.50986477499447,JPM
2007-08-08,4.31,5.79,3.83,5.07,27443700,3.9,2.5805028672254,JPM
2007-08-09,3.6,4.5,2.73,2.73,39212600,5.07,-5.0311760911632,JPM
2007-08-10,1.92,3.36,1.07,2.81,32396100,2.73,0.18111840615802,JPM
2007-08-13,3.79,3.99,2.24,2.39,21324200,2.81,-0.94915254237289,JPM
2007-08-14,2.5,2.5800000000001,1.69,1.86,25214300,2.39,-1.2092174309833,JPM
2007-08-15,1.69,2.98,1.37,1.56,27697200,1.86,-0.69284064665126,JPM
2007-08-16,1.31,4.46,0.72000000000003,4.03,51362800,1.56,5.7441860465116,JPM
2007-08-17,6.64,6.85,4.71,5.57,57869820,4.03,3.3868484715197,JPM
2007-08-20,5.73,6.07,3.63,5.05,32690200,5.57,-1.1061476281642,JPM
2007-08-21,4.68,5.64,4.31,4.76,23374500,5.05,-0.623790062379,JPM
2007-08-22,5.23,5.39,3.59,4.56,30780700,4.76,-0.43290043290044,JPM
2007-08-23,5.01,5.14,3.71,4.23,21476600,4.56,-0.71739130434782,JPM
2007-08-24,4.06,4.56,3.59,4.51,13248000,4.23,0.61309393474929,JPM
2007-08-27,4.31,4.46,3.45,3.47,13525100,4.51,-2.2633297062024,JPM
2007-08-28,3.04,3.04,2.02,2.16,23489400,3.47,-2.9169450011133,JPM
2007-08-29,2.44,2.79,1.71,2.69,21604700,2.16,1.2155963302752,JPM
2007-08-30,2.2,2.92,1.9,2.53,15519600,2.69,-0.36256514842512,JPM
2007-08-31,3.56,3.69,2.8300000000001,3.0800000000001,16937800,2.53,1.2508528542188,JPM
2007-09-04,2.96,4.18,2.82,3.86,15336420,3.0800000000001,1.7520215633423,JPM
2007-09-05,3.39,3.53,2.63,2.73,15556600,3.86,-2.4944812362031,JPM
2007-09-06,2.8,3.11,2.39,2.77,18971400,2.73,0.090559203079011,JPM
2007-09-07,1.83,2.55,1.76,2.0800000000001,21509900,2.77,-1.5607328658674,JPM
2007-09-10,2.31,3.01,1.91,2.49,17174800,2.0800000000001,0.94209558823529,JPM
2007-09-11,2.52,3.4000000000001,2.23,3.1,15137600,2.49,1.3885727293421,JPM
2007-09-12,3.06,3.3,2.71,3.03,13903010,3.1,-0.15716210148181,JPM
2007-09-13,2.98,4.34,2.94,4.16,20232830,3.03,2.541038902631,JPM
2007-09-14,3.79,4.2,3.57,4.1,12482270,4.16,-0.13157894736843,JPM
2007-09-17,3.95,4.19,3.45,3.85,17953600,4.1,-0.54896794027229,JPM
2007-09-18,4.24,6.42,3.68,6.38,26963120,3.85,5.5862221240892,JPM
2007-09-19,6.53,6.62,5.73,6.13,31669040,6.38,-0.52279381012129,JPM
2007-09-20,6.18,6.31,5.29,5.52,19515600,6.13,-1.2823207904141,JPM
2007-09-21,6.06,6.1,5.19,5.69,20535000,5.52,0.36201022146508,JPM
2007-09-24,5.76,5.76,4.73,4.9,17089500,5.69,-1.6762147252281,JPM
2007-09-25,4.81,4.81,4.21,4.66,16365750,4.9,-0.51791109192922,JPM
2007-09-26,4.82,5.25,4.3,4.69,17428600,4.66,0.065075921908896,JPM
2007-09-27,4.76,4.84,4.24,4.77,12840300,4.69,0.17342293518317,JPM
2007-09-28,4.61,4.77,4.14,4.38,15127800,4.77,-0.84397316598139,JPM
2007-10-01,4.03,5.6,3.98,5.37,17256400,4.38,2.1606285464863,JPM
2007-10-02,5.55,5.91,5.38,5.72,15992700,5.37,0.74770348216192,JPM
2007-10-03,5.65,6.4,5.59,5.94,12490200,5.72,-0.33927056827819,JPM
2007-10-04,6.14,6.37,5.92,6.19,11132400,5.94,0.53191489361702,JPM
2007-10-05,6.39,6.82,6.22,6.52,13435600,6.19,0.69841269841269,JPM
2007-10-08,6.25,6.52,5.99,6.38,8305500,6.52,-0.29424127784784,JPM
2007-10-09,6.53,6.64,5.93,6.51,12967410,6.38,0.27403035413154,JPM
2007-10-10,6.41,6.41,5.49,5.85,18825900,6.51,-1.3874290519235,JPM
2007-10-11,5.95,6.56,5.47,5.6,27764900,5.85,-0.53293540822852,JPM
2007-10-12,5.61,6.04,5.48,5.76,12496200,5.6,0.34290612944707,JPM
2007-10-15,5.71,5.76,4.73,5.21,16553400,5.76,-1.174711661683,JPM
2007-10-16,4.94,5.34,3.5400000000001,4.05,22505000,5.21,-2.5070239896261,JPM
2007-10-17,5.98,6.06,4.69,5.31,34658900,4.05,2.7931722456218,JPM
2007-10-18,5.04,5.07,4.39,4.84,19385360,5.31,-1.0135863704982,JPM
2007-10-19,4.73,5.54,3.9,3.96,29500400,4.84,-1.917211328976,JPM
2007-10-22,3.84,4.87,3.6,4.31,18093720,3.96,0.77743225233228,JPM
2007-10-23,4.86,4.93,4.07,4.88,13519050,4.31,1.2563367864227,JPM
2007-10-24,4.67,5.38,3.68,5.21,27352730,4.88,0.71832825424468,JPM
2007-10-25,5.04,5.49,4.09,4.99,20076380,5.21,-0.47547006699807,JPM
2007-10-26,5.9,6.39,4.87,6.26,18851650,4.99,2.7578718783931,JPM
2007-10-29,6.33,6.44,5.45,5.61,18861900,6.26,-1.3736263736264,JPM
2007-10-30,5.34,5.83,4.99,5.5,13103500,5.61,-0.23569745018213,JPM
2007-10-31,5.89,6.49,4.98,5.94,23868200,5.5,0.94501718213058,JPM
2007-11-01,4.59,5.26,3.1400000000001,3.26,31730000,5.94,-5.7021276595745,JPM
2007-11-02,3.3900000000001,3.42,1.0,2.09,39554200,3.26,-2.6398916967509,JPM
2007-11-05,1.63,2.1400000000001,0.61000000000004,1.7100000000001,28715920,2.09,-0.88064889918887,JPM
2007-11-06,1.63,3.2800000000001,1.63,3.05,28756370,1.7100000000001,3.1330371755904,JPM
2007-11-07,1.87,2.7500000000001,1.09,1.18,28976630,3.05,-4.2394014962593,JPM
2007-11-08,1.45,1.86,-0.37999999999997,1.55,37341760,1.18,0.87594696969696,JPM
2007-11-09,0.34000000000004,2.23,0.11000000000004,1.25,43572030,1.55,-0.70406007979347,JPM
2007-11-12,1.05,2.62,0.80000000000004,1.33,27691780,1.25,0.18908059560387,JPM
2007-11-13,2.24,4.44,1.57,3.99,35966130,1.33,6.275064873791,JPM
2007-11-14,4.84,4.96,3.38,4.09,25351180,3.99,0.22197558268591,JPM
2007-11-15,3.5400000000001,4.13,2.02,2.4700000000001,23434160,4.09,-3.5880398671096,JPM
2007-11-16,2.6800000000001,3.05,1.42,2.03,29021750,2.4700000000001,-1.0107971513898,JPM
2007-11-19,1.6400000000001,1.7800000000001,0.13000000000003,0.31000000000003,29626450,2.03,-3.9916453933627,JPM
2007-11-20,0.31000000000003,1.29,-0.77999999999997,0.57000000000004,33228250,0.31000000000003,0.62847474014988,JPM
2007-11-21,-0.24999999999996,0.94000000000004,-0.90999999999998,-0.37999999999997,26759280,0.57000000000004,-2.2820081671871,JPM
2007-11-23,0.44000000000004,1.14,-0.099999999999965,0.89000000000004,10808360,-0.37999999999997,3.1219272369715,JPM
2007-11-26,0.81000000000004,1.43,-0.72999999999998,-0.59999999999997,27098950,0.89000000000004,-3.5518474374255,JPM
2007-11-27,-0.13999999999996,1.42,-0.48999999999997,1.29,28499040,-0.59999999999997,4.6712802768166,JPM
2007-11-28,1.67,3.0700000000001,1.5,2.9000000000001,32057380,1.29,3.801652892562,JPM
2007-11-29,2.3200000000001,3.0300000000001,1.95,2.59,23553530,2.9000000000001,-0.70518653321202,JPM
2007-11-30,4.32,5.03,3.95,4.56,39909640,2.59,4.5131729667812,JPM
2007-12-03,4.84,4.86,3.8925,4.15,21417100,4.56,-0.89872862779482,JPM
2007-12-04,3.26,4.03,2.94,3.09,19315160,4.15,-2.3446140234461,JPM
2007-12-05,3.48,4.13,2.87,3.84,20627860,3.09,1.6987542468856,JPM
2007-12-06,3.82,5.19,3.4700000000001,5.15,19130180,3.84,2.9175946547884,JPM
2007-12-07,5.15,5.75,4.79,5.02,15285950,5.15,-0.28132438866047,JPM
2007-12-10,5.74,6.81,5.49,6.36,23388390,5.02,2.9079861111111,JPM
2007-12-11,6.05,6.96,4.44,4.88,38455670,6.36,-3.1210459721637,JPM
2007-12-12,5.97,6.73,4.12,5.09,44363290,4.88,0.45711797997388,JPM
2007-12-13,4.77,5.2,3.67,4.7,41273000,5.09,-0.84507042253521,JPM
2007-12-14,4.18,4.73,3.62,4.14,27651550,4.7,-1.2237762237762,JPM
2007-12-17,3.76,4.44,3.3,3.4700000000001,19839150,4.14,-1.4823008849558,JPM
2007-12-18,3.71,3.89,2.0700000000001,2.84,25224880,3.4700000000001,-1.4147765551314,JPM
2007-12-19,2.84,4.04,2.6,2.92,21293690,2.84,0.18223234624145,JPM
2007-12-20,3.27,3.48,1.99,2.27,27147430,2.92,-1.4779445202365,JPM
2007-12-21,2.8600000000001,3.12,2.27,3.05,26362590,2.27,1.8001384721902,JPM
2007-12-24,3.0800000000001,4.05,3.0800000000001,3.77,7677221,3.05,1.632282929041,JPM
2007-12-26,3.66,3.93,3.1800000000001,3.88,14578600,3.77,0.24537140307829,JPM
2007-12-27,3.5400000000001,3.64,2.45,2.5800000000001,16529960,3.88,-2.8927458834001,JPM
2007-12-28,3.13,3.2100000000001,1.76,2.2,16827060,2.5800000000001,-0.87076076993584,JPM
2007-12-31,2.01,3.0800000000001,1.73,2.59,16114430,2.2,0.90152565880721,JPM
2008-01-02,2.87,3.1100000000001,1.32,1.49,22122270,2.59,-3.3906071019473,JPM
2008-01-03,1.6600000000001,1.97,1.08,1.2,17150620,1.49,-0.687692672516,JPM
2008-01-04,0.73000000000004,1.12,-0.049999999999961,0.25000000000004,25873710,1.2,-2.2683858643744,JPM
2008-01-07,0.42000000000004,0.90000000000004,-0.51999999999997,0.66000000000005,25643960,0.25000000000004,1.00171023699,JPM
2008-01-08,0.78000000000004,0.90000000000004,-1.26,-0.97999999999997,33645950,0.66000000000005,-3.9671020803096,JPM
2008-01-09,-1.09,-0.33999999999997,-2.14,-0.41999999999997,33546030,-0.97999999999997,1.4105793450881,JPM
2008-01-10,-0.90999999999997,1.46,-1.38,0.65000000000004,41863570,-0.41999999999997,2.6577247888723,JPM
2008-01-11,0.20000000000004,1.42,-0.28999999999997,0.18000000000004,37520430,0.65000000000004,-1.1371884829422,JPM
2008-01-14,0.59000000000004,1.07,-0.079999999999962,0.68000000000004,22814920,0.18000000000004,1.2236906510034,JPM
2008-01-15,0.050000000000034,0.050000000000034,-1.83,-1.51,45238790,0.68000000000004,-5.2949709864603,JPM
2008-01-16,-0.21999999999996,1.97,-0.46999999999997,0.75000000000004,63183050,-1.51,5.7697217258106,JPM
2008-01-17,0.89000000000004,1.0,-0.87999999999998,-0.63999999999997,39641110,0.75000000000004,-3.355056722182,JPM
2008-01-18,-0.43999999999997,-0.0099999999999616,-2.16,-1.09,51919060,-0.63999999999997,-1.1238761238761,JPM
2008-01-22,-3.02,1.32,-3.02,0.18000000000004,56900810,-1.09,3.2078807779742,JPM
2008-01-23,-0.27999999999997,5.47,-0.67999999999997,5.04,77126600,0.18000000000004,11.894273127753,JPM
2008-01-24,5.15,5.33,3.5800000000001,4.28,52062570,5.04,-1.6622922134733,JPM
2008-01-25,4.99,5.16,2.5300000000001,2.9600000000001,38223990,4.28,-2.9359430604982,JPM
2008-01-28,3.1100000000001,4.9265,2.7200000000001,4.89,29658810,2.9600000000001,4.4225481209899,JPM
2008-01-29,5.26,7.12,4.07,6.77,56111450,4.89,4.1255211762124,JPM
2008-01-30,6.42,8.6100000000001,5.64,6.67,68341590,6.77,-0.21074815595364,JPM
2008-01-31,5.73,7.51,5.17,6.72,55499530,6.67,0.10559662090812,JPM
2008-02-01,6.58,8.0200000000001,6.22,7.57,48830210,6.72,1.7932489451477,JPM
2008-02-04,7.15,7.46,5.35,5.54,28310180,7.57,-4.2072538860104,JPM
2008-02-05,4.37,4.8,3.1700000000001,3.2100000000001,39045080,5.54,-5.0411077455647,JPM
2008-02-06,3.5900000000001,4.0600000000001,2.5900000000001,3.0400000000001,27231580,3.2100000000001,-0.38733196627934,JPM
2008-02-07,2.7100000000001,4.9,2.5700000000001,4.43,36817620,3.0400000000001,3.1793229643184,JPM
2008-02-08,4.28,4.28,2.5800000000001,3.1400000000001,26058230,4.43,-2.859676346708,JPM
2008-02-11,3.2100000000001,3.3200000000001,2.1400000000001,2.6700000000001,25873840,3.1400000000001,-1.072569602921,JPM
2008-02-12,2.98,3.7700000000001,2.0700000000001,2.6300000000001,27193380,2.6700000000001,-0.092272202998845,JPM
2008-02-13,2.87,3.4900000000001,2.3300000000001,3.4200000000001,26533360,2.6300000000001,1.8240591087509,JPM
2008-02-14,3.37,3.4200000000001,1.79,1.93,31179950,3.4200000000001,-3.3786848072562,JPM
2008-02-15,1.73,2.5700000000001,1.33,2.5700000000001,29023210,1.93,1.5019948368927,JPM
2008-02-19,2.8600000000001,3.37,1.49,2.1500000000001,25811850,2.5700000000001,-0.97109826589596,JPM
2008-02-20,1.69,2.6600000000001,1.17,2.4700000000001,30149620,2.1500000000001,0.74713985524165,JPM
2008-02-21,2.4600000000001,3.01,1.54,2.3900000000001,32878130,2.4700000000001,-0.18539976825029,JPM
2008-02-22,2.3800000000001,3.3400000000001,1.23,3.2500000000001,30452260,2.3900000000001,1.9967494775946,JPM
2008-02-25,2.7500000000001,3.775,2.0800000000001,3.3500000000001,27914360,3.2500000000001,0.22763487366265,JPM
2008-02-26,3.05,3.86,2.73,3.0400000000001,24989230,3.3500000000001,-0.70406540994777,JPM
2008-02-27,2.3900000000001,3.8100000000001,1.94,3.73,38565640,3.0400000000001,1.5782250686185,JPM
2008-02-28,3.3200000000001,3.3400000000001,1.7100000000001,1.76,36603290,3.73,-4.4359378518352,JPM
2008-02-29,1.2,1.29,-0.29999999999996,-0.029999999999965,36606570,1.76,-4.2177191328935,JPM
2008-03-03,-0.12999999999997,-0.049999999999961,-1.25,-0.85999999999997,31481840,-0.029999999999965,-2.0418204182042,JPM
2008-03-04,-1.31,-1.1,-2.46,-1.49,56427690,-0.85999999999997,-1.5821195379206,JPM
2008-03-05,-1.32,-1.1,-2.57,-1.9386,36314810,-1.49,-1.1446797652462,JPM
2008-03-06,-2.5,-2.45,-3.53,-3.31,44356880,-1.9386,-3.5398823997068,JPM
2008-03-07,-3.79,-1.6,-4.07,-3.12,43258650,-3.31,0.50842922130052,JPM
2008-03-10,-2.95,-2.42,-4.37,-4.2,41279410,-3.12,-2.8753993610224,JPM
2008-03-11,-2.2,-1.42,-3.52,-1.84,58401120,-4.2,6.4692982456141,JPM
2008-03-12,-1.83,-0.44999999999997,-2.28,-2.07,44572340,-1.84,-0.59217301750773,JPM
2008-03-13,-2.84,-1.73,-4.05,-2.57,45537890,-2.07,-1.2950012950013,JPM
2008-03-14,-1.88,-1.88,-4.67,-4.14,77773820,-2.57,-4.1196536342167,JPM
2008-03-17,-3.68,0.41000000000004,-3.68,-0.36999999999997,125296500,-4.14,10.31746031746,JPM
2008-03-18,1.51,2.2000000000001,0.57000000000004,2.03,76886040,-0.36999999999997,5.9538576035723,JPM
2008-03-19,2.5800000000001,4.21,1.76,1.79,70592440,2.03,-0.56192929056428,JPM
2008-03-20,2.23,5.77,1.79,5.29,72771240,1.79,8.2411113727337,JPM
2008-03-24,4.74,7.48,4.34,5.87,65995620,5.29,1.2616924080922,JPM
2008-03-25,5.34,5.97,4.23,5.38,54454020,5.87,-1.0526315789474,JPM
2008-03-26,4.59,4.69,3.2900000000001,3.4300000000001,41121780,5.38,-4.2336083369518,JPM
2008-03-27,3.5400000000001,3.8100000000001,2.1800000000001,2.1800000000001,32153990,3.4300000000001,-2.8338245295851,JPM
2008-03-28,2.5200000000001,3.1600000000001,1.97,2.03,28998300,2.1800000000001,-0.34997666822212,JPM
2008-03-31,2.03,3.5700000000001,1.93,2.2700000000001,28914880,2.03,0.56192929056428,JPM
2008-04-01,4.45,6.32,3.98,6.32,54540800,2.2700000000001,9.4295692665891,JPM
2008-04-02,6.78,7.26,5.64,5.94,36597860,6.32,-1.6170212765957,JPM
2008-04-03,5.07,6.73,5.02,5.98,30313510,5.94,0.086505190311417,JPM
2008-04-04,5.55,6.14,4.82,5.27,29875830,5.98,-1.5341400172861,JPM
2008-04-07,6.13,6.44,4.7568,5.24,24068800,5.27,-0.065832784726796,JPM
2008-04-08,4.94,5.31,4.1300000000001,4.56,29180620,5.24,-1.4931927975406,JPM
2008-04-09,4.88,4.88,3.78,4.0,28476320,4.56,-1.2483281319661,JPM
2008-04-10,3.9000000000001,4.51,3.2800000000001,3.5600000000001,30230060,4.0,-0.99322799097065,JPM
2008-04-11,3.0200000000001,3.6000000000001,2.1300000000001,2.2300000000001,41959840,3.5600000000001,-3.0323757409941,JPM
2008-04-14,2.1000000000001,2.5000000000001,0.87000000000005,1.2,31917670,2.2300000000001,-2.4218198918411,JPM
2008-04-15,1.8800000000001,2.4000000000001,0.98000000000005,1.82,35438240,1.2,1.4939759036145,JPM
2008-04-16,3.2300000000001,4.66,2.8000000000001,4.66,52568330,1.82,6.7426400759734,JPM
2008-04-17,4.0400000000001,5.02,3.8700000000001,4.82,30302160,4.66,0.35587188612099,JPM
2008-04-18,6.03,6.56,5.12,5.46,31395940,4.82,1.4184397163121,JPM
2008-04-21,4.99,5.18,4.3,4.93,23513310,5.46,-1.1582167832168,JPM
2008-04-22,4.66,5.5,4.45,5.35,23703730,4.93,0.92858722087111,JPM
2008-04-23,5.11,5.74,4.39,4.85,23260290,5.35,-1.0952902519168,JPM
2008-04-24,5.07,7.0400000000001,5.04,6.67,37769290,4.85,4.031007751938,JPM
2008-04-25,6.99,7.57,6.24,7.49,24264560,6.67,1.7457951884181,JPM
2008-04-28,7.37,7.7900000000001,6.51,7.0400000000001,27174990,7.49,-0.94161958568737,JPM
2008-04-29,7.0400000000001,7.44,6.32,6.78,20738690,7.0400000000001,-0.54921841994086,JPM
2008-04-30,6.95,8.3400000000001,6.43,7.35,36280730,6.78,1.2107051826678,JPM
2008-05-01,7.38,9.1800000000001,7.38,8.9500000000001,31723660,7.35,3.3578174186779,JPM
2008-05-02,9.6000000000001,9.6500000000001,7.7300000000001,8.36,27941460,8.9500000000001,-1.1979695431472,JPM
2008-05-05,8.0200000000001,8.3400000000001,7.55,7.7000000000001,19276010,8.36,-1.3563501849568,JPM
2008-05-06,7.0400000000001,8.4000000000001,6.95,7.9000000000001,25441320,7.7000000000001,0.41666666666667,JPM
2008-05-07,7.92,8.1300000000001,6.09,6.27,27635900,7.9000000000001,-3.3817427385892,JPM
2008-05-08,6.68,6.7,5.01,5.75,26105550,6.27,-1.1165986686708,JPM
2008-05-09,5.45,6.63,5.22,6.27,21730340,5.75,1.1292073832791,JPM
2008-05-12,6.52,6.99,6.21,6.94,20295590,6.27,1.4386944384797,JPM
2008-05-13,6.74,6.94,4.92,5.18,27485210,6.94,-3.7256562235394,JPM
2008-05-14,5.7,6.07,5.0,5.61,24138110,5.18,0.94547053649956,JPM
2008-05-15,5.75,6.74,5.28,6.72,27288560,5.61,2.4177739054672,JPM
2008-05-16,7.02,7.02,5.75,6.23,20871340,6.72,-1.0421097405359,JPM
2008-05-19,6.25,6.92,5.57,5.69,19402150,6.23,-1.1605415860735,JPM
2008-05-20,5.36,5.36,3.2000000000001,3.4000000000001,48995110,5.69,-4.9793433355077,JPM
2008-05-21,3.5000000000001,3.75,2.03,2.1200000000001,40610360,3.4000000000001,-2.929061784897,JPM
2008-05-22,2.1000000000001,3.4300000000001,1.8000000000001,2.7500000000001,28883260,2.1200000000001,1.4851485148515,JPM
2008-05-23,2.4200000000001,2.6000000000001,1.82,2.0200000000001,21440810,2.7500000000001,-1.6957026713124,JPM
2008-05-27,2.1000000000001,3.1000000000001,2.0,2.7100000000001,28457710,2.0200000000001,1.6304347826087,JPM
2008-05-28,3.0900000000001,3.1300000000001,1.6000000000001,2.5600000000001,31688660,2.7100000000001,-0.3487561032318,JPM
2008-05-29,2.3900000000001,3.7600000000001,1.9900000000001,3.2700000000001,22788980,2.5600000000001,1.6565562295847,JPM
2008-05-30,3.6600000000001,3.6900000000001,2.5700000000001,2.7000000000001,21391580,3.2700000000001,-1.3082396144136,JPM
2008-06-02,2.3300000000001,2.4700000000001,1.36,1.85,30620470,2.7000000000001,-1.9767441860465,JPM
2008-06-03,2.2300000000001,2.3900000000001,0.89000000000004,1.5900000000001,28503020,1.85,-0.61684460260972,JPM
2008-06-04,1.4400000000001,2.0500000000001,0.86000000000004,1.3300000000001,30788950,1.5900000000001,-0.62067319169252,JPM
2008-06-05,1.6000000000001,2.0200000000001,1.1,1.8000000000001,27754700,1.3300000000001,1.1289935142926,JPM
2008-06-06,1.49,1.49,-0.34999999999996,-0.20999999999996,39887830,1.8000000000001,-4.7743467933492,JPM
2008-06-09,0.02000000000004,0.030000000000038,-3.88,-2.79,74535570,-0.20999999999996,-6.4355200798204,JPM
2008-06-10,-3.07,-1.07,-3.14,-2.01,54410800,-2.79,2.079445481205,JPM
2008-06-11,-1.8,-1.55,-3.23,-3.17,50966910,-2.01,-3.0295116218334,JPM
2008-06-12,-2.59,-1.55,-2.67,-2.29,53247640,-3.17,2.3700511715594,JPM
2008-06-13,-1.91,-0.70999999999997,-2.5,-0.71999999999997,40465560,-2.29,4.1304919757958,JPM
2008-06-16,-0.81999999999997,0.35000000000004,-1.2,-0.35999999999997,34829740,-0.71999999999997,0.90955027791814,JPM
2008-06-17,0.060000000000039,0.45000000000004,-1.35,-1.26,32510160,-0.35999999999997,-2.2533800701052,JPM
2008-06-18,-1.77,-1.05,-2.37,-1.56,35513670,-1.26,-0.76844262295081,JPM
2008-06-19,-1.51,-1.27,-3.48,-1.65,59944300,-1.56,-0.23231801755293,JPM
2008-06-20,-2.61,-1.11,-3.35,-2.44,55366560,-1.65,-2.0439844760673,JPM
2008-06-23,-2.31,-2.31,-3.79,-3.43,37738150,-2.44,-2.6148969889065,JPM
2008-06-24,-3.49,-2.04,-4.05,-2.58,43525220,-3.43,2.3053973420125,JPM
2008-06-25,-2.36,-0.98009999999997,-2.8,-2.39,42317830,-2.58,0.50371155885471,JPM
2008-06-26,-3.14,-2.72,-4.1,-3.98,45706550,-2.39,-4.1941440253231,JPM
2008-06-27,-3.85,-3.41,-6.1,-5.25,68986110,-3.98,-3.4966960352423,JPM
2008-06-30,-5.44,-4.8,-6.34,-5.99,50776500,-5.25,-2.1112696148359,JPM
2008-07-01,-6.23,-5.58,-7.59,-5.9,74620060,-5.99,-0.84523462547362,JPM
2008-07-02,-5.56,-4.1726,-5.69,-5.32,51750140,-5.9,1.7048794826573,JPM
2008-07-03,-4.8,-3.83,-5.43,-4.61,33060200,-5.32,2.0520231213873,JPM
2008-07-07,-4.42,-3.97,-6.36,-5.88,48883380,-4.61,-3.5967148116681,JPM
2008-07-08,-5.62,-3.87,-6.5,-4.15,62285090,-5.88,5.0822561692127,JPM
2008-07-09,-4.18,-3.175,-5.83,-5.64,50921420,-4.15,-4.1655018171652,JPM
2008-07-10,-5.92,-4.12,-6.37,-5.41,45807740,-5.64,0.67094515752625,JPM
2008-07-11,-6.54,-5.47,-7.83,-6.76,71279900,-5.41,-3.9119095914228,JPM
2008-07-14,-5.73,-5.57,-8.24,-8.23,50351850,-6.76,-4.4330518697225,JPM
2008-07-15,-9.19,-7.1,-10.68,-8.9,88685690,-8.23,-2.1142316188072,JPM
2008-07-16,-7.62,-3.98,-8.42,-3.98,79910550,-8.9,15.860735009671,JPM
2008-07-17,-1.87,1.0700000000001,-2.12,0.88000000000005,131897200,-3.98,13.522537562604,JPM
2008-07-18,1.2800000000001,1.4000000000001,-0.71999999999996,0.10000000000004,65409110,0.88000000000005,-1.9117647058823,JPM
2008-07-21,0.42000000000005,1.0300000000001,-1.57,-1.27,41331820,0.10000000000004,-3.4232883558221,JPM
2008-07-22,-1.76,1.1200000000001,-2.31,0.94000000000005,50036680,-1.27,5.7179818887452,JPM
2008-07-23,0.99000000000005,3.0800000000001,-0.54999999999997,2.0400000000001,59310610,0.94000000000005,2.6921194322075,JPM
2008-07-24,2.1400000000001,2.3600000000001,-0.87999999999997,-0.77999999999997,47385150,2.0400000000001,-6.7206863679695,JPM
2008-07-25,-0.74999999999997,0.52000000000004,-1.44,-0.39999999999996,35173700,-0.77999999999997,0.97087378640777,JPM
2008-07-28,-0.50999999999997,0.73000000000005,-2.51,-2.26,41664420,-0.39999999999996,-4.7064777327935,JPM
2008-07-29,-1.98,0.83000000000005,-2.74,0.83000000000005,50429680,-2.26,8.2049920339883,JPM
2008-07-30,1.49,2.1500000000001,0.050000000000041,1.6500000000001,47883200,0.83000000000005,2.0122699386503,JPM
2008-07-31,0.71000000000005,2.0400000000001,0.38000000000004,0.71000000000005,37392330,1.6500000000001,-2.261246090931,JPM
2008-08-01,1.1900000000001,1.8300000000001,-0.14999999999996,0.84000000000005,30773230,0.71000000000005,0.31996062023134,JPM
2008-08-04,0.22000000000005,0.97000000000005,-1.01,0.22000000000005,27729990,0.84000000000005,-1.5210991167812,JPM
2008-08-05,1.3500000000001,2.0800000000001,0.29000000000005,1.9700000000001,35762460,0.22000000000005,4.3597409068261,JPM
2008-08-06,1.4300000000001,2.3500000000001,0.42000000000005,1.4700000000001,33008300,1.9700000000001,-1.1936022917164,JPM
2008-08-07,0.76000000000005,1.6300000000001,-0.43999999999997,-0.10999999999996,42659670,1.4700000000001,-3.8173471853105,JPM
2008-08-08,-0.40999999999997,1.7300000000001,-0.51999999999996,1.1500000000001,37173240,-0.10999999999996,3.1650339110776,JPM
2008-08-11,0.87000000000005,2.9300000000001,0.45000000000004,1.9700000000001,34581450,1.1500000000001,1.9965911857804,JPM
2008-08-12,1.0700000000001,1.09,-2.9,-2.0,65116230,1.9700000000001,-9.4772021962282,JPM
2008-08-13,-2.28,-2.27,-3.77,-3.01,48546820,-2.0,-2.6635021097047,JPM
2008-08-14,-3.33,-1.49,-3.5,-2.11,41132550,-3.01,2.4383635871038,JPM
2008-08-15,-1.87,-1.21,-2.55,-1.85,36642910,-2.11,0.68764877016662,JPM
2008-08-18,-2.0,-1.89,-3.27,-3.18,32146350,-1.85,-3.4935644864723,JPM
2008-08-19,-3.91,-3.52,-4.92,-4.34,41422490,-3.18,-3.157321720196,JPM
2008-08-20,-4.4,-2.85,-4.9,-2.92,39023000,-4.34,3.991006183249,JPM
2008-08-21,-3.74,-3.32,-4.13,-3.66,30564440,-2.92,-2.0,JPM
2008-08-22,-2.7,-1.67,-3.06,-2.25,36022670,-3.66,3.888582460011,JPM
2008-08-25,-2.52,-2.47,-3.84,-3.79,27079790,-2.25,-4.0881337934696,JPM
2008-08-26,-3.75,-2.8,-4.02,-3.31,28210770,-3.79,1.3285358427899,JPM
2008-08-27,-3.37,-2.7,-4.05,-2.78,23810910,-3.31,1.4476918874624,JPM
2008-08-28,-2.26,-1.04,-2.69,-1.04,34722730,-2.78,4.6849757673667,JPM
2008-08-29,-1.41,-0.97999999999997,-1.83,-1.43,23326340,-1.04,-1.0030864197531,JPM
2008-09-02,-0.35999999999996,0.10000000000004,-1.42,-0.92999999999997,33267560,-1.43,1.2990387113536,JPM
2008-09-03,-1.01,-0.16999999999996,-1.48,-0.20999999999996,28771170,-0.92999999999997,1.8466273403437,JPM
2008-09-04,-0.61999999999997,-0.13999999999996,-2.09,-2.01,41499610,-0.20999999999996,-4.532863258625,JPM
2008-09-05,-2.42,-0.16999999999996,-2.57,-0.31999999999996,42071140,-2.01,4.4579266684252,JPM
2008-09-08,2.4700000000001,3.7400000000001,0.080000000000042,1.6300000000001,84870670,-0.31999999999996,4.9242424242424,JPM
2008-09-09,0.89000000000005,2.0200000000001,-0.46999999999996,-0.44999999999996,56434100,1.6300000000001,-5.0060168471721,JPM
2008-09-10,0.070000000000044,0.52000000000004,-1.13,-0.51999999999996,46087960,-0.44999999999996,-0.17734988598936,JPM
2008-09-11,-1.67,1.7700000000001,-2.0,1.7300000000001,56918240,-0.51999999999996,5.7106598984772,JPM
2008-09-12,0.92000000000005,2.0400000000001,0.27000000000004,1.2500000000001,51416440,1.7300000000001,-1.1524609843937,JPM
2008-09-15,-1.53,1.9300000000001,-2.92,-2.92,92425340,1.2500000000001,-10.128734515424,JPM
2008-09-16,-4.34,1.0300000000001,-4.9,0.82000000000005,89328830,-2.92,10.108108108108,JPM
2008-09-17,-0.83999999999997,0.76000000000005,-4.42,-4.15,104281700,0.82000000000005,-12.199312714777,JPM
2008-09-18,-3.39,1.13,-5.88,0.38000000000004,132881900,-4.15,12.664243779704,JPM
2008-09-19,7.08,8.0800000000001,2.6300000000001,7.13,88526330,0.38000000000004,16.749379652605,JPM
2008-09-22,5.77,5.98,0.83000000000005,0.88000000000005,44910220,7.13,-13.283740701382,JPM
2008-09-23,0.63000000000005,2.2600000000001,0.14000000000004,0.64000000000005,32327430,0.88000000000005,-0.58823529411763,JPM
2008-09-24,1.5800000000001,2.5800000000001,0.30000000000004,0.58000000000004,27179290,0.64000000000005,-0.14792899408285,JPM
2008-09-25,2.3300000000001,5.08,1.38,3.5400000000001,36634040,0.58000000000004,7.3086419753086,JPM
2008-09-26,0.63000000000005,9.0800000000001,0.56000000000004,8.3200000000001,147857200,3.5400000000001,10.998619420156,JPM
2008-09-29,6.66,7.58,1.0789,1.08,77830740,8.3200000000001,-15.008291873964,JPM
2008-09-30,4.7100000000001,7.4700000000001,3.8500000000001,6.78,66997920,1.08,13.90243902439,JPM
2008-10-01,6.99,10.08,6.38,9.7100000000001,59400840,6.78,6.2740899357602,JPM
2008-10-02,9.7100000000001,10.31,7.1800000000001,10.31,53937560,9.7100000000001,0.4432802740278,JPM
2008-10-03,10.77,11.09,5.69,6.36,68636090,10.31,-7.9237713139418,JPM
2008-10-06,3.9500000000001,5.61,2.1600000000001,4.4600000000001,63046220,6.36,-4.1394335511983,JPM
2008-10-07,5.89,6.2000000000001,-0.22999999999995,-0.21999999999996,62394570,4.4600000000001,-10.636363636364,JPM
2008-10-08,-0.60999999999996,4.0100000000001,-1.04,-0.23999999999996,75671510,-0.21999999999996,-0.050864699898279,JPM
2008-10-09,1.4900000000001,3.1500000000001,-2.91,-2.86,88777410,-0.23999999999996,-6.6666666666667,JPM
2008-10-10,-4.51,2.4600000000001,-4.52,2.1000000000001,112968200,-2.86,13.522355507088,JPM
2008-10-13,4.37,4.5400000000001,0.12000000000004,2.4500000000001,81589970,2.1000000000001,0.84053794428435,JPM
2008-10-14,3.7900000000001,4.0100000000001,0.12000000000004,1.1700000000001,95284000,2.4500000000001,-3.0483448440105,JPM
2008-10-15,-0.20999999999996,2.2500000000001,-1.54,-1.05,84710150,1.1700000000001,-5.4532056005895,JPM
2008-10-16,-0.51999999999996,1.4600000000001,-3.23,0.95000000000005,75098510,-1.05,5.1961548454144,JPM
2008-10-17,0.090000000000047,1.8500000000001,-0.47999999999996,-0.20999999999996,60987970,0.95000000000005,-2.8649049147938,JPM
2008-10-20,0.47000000000005,1.1600000000001,-0.73999999999997,1.1200000000001,44730280,-0.20999999999996,3.3816425120773,JPM
2008-10-21,0.38000000000005,1.7300000000001,0.060000000000046,0.20000000000005,41763750,1.1200000000001,-2.2626660108214,JPM
2008-10-22,-0.38999999999996,0.51000000000004,-3.53,-2.37,60774420,0.20000000000005,-6.4670357322597,JPM
2008-10-23,-2.18,-0.78999999999996,-3.72,-1.69,63914000,-2.37,1.8294323379069,JPM
2008-10-24,-4.42,-1.81,-5.03,-4.11,61967720,-1.69,-6.3936591809775,JPM
2008-10-27,-4.44,-3.64,-6.21,-5.54,62708930,-4.11,-4.036127575501,JPM
2008-10-28,-4.59,-1.82,-7.02,-1.94,73079320,-5.54,10.588235294118,JPM
2008-10-29,-2.43,-1.16,-4.03,-3.83,60319080,-1.94,-5.0265957446809,JPM
2008-10-30,-2.65,-1.54,-3.51,-1.92,47355130,-3.83,5.3486418370204,JPM
2008-10-31,-2.25,1.7100000000001,-2.26,1.7100000000001,86944870,-1.92,9.6491228070176,JPM
2008-11-03,1.7100000000001,1.7100000000001,0.66000000000005,1.1900000000001,45059880,1.7100000000001,-1.2606060606061,JPM
2008-11-04,1.7100000000001,2.8800000000001,1.3400000000001,2.6300000000001,48916240,1.1900000000001,3.5354775349865,JPM
2008-11-05,2.1900000000001,2.9600000000001,-0.91999999999997,-0.31999999999996,53523480,2.6300000000001,-6.995494427318,JPM
2008-11-06,-0.57999999999996,0.22000000000005,-1.68,-1.28,56438960,-0.31999999999996,-2.4477307496175,JPM
2008-11-07,-1.31,-1.02,-3.07,-1.79,50210380,-1.28,-1.3329848405646,JPM
2008-11-10,-1.26,-1.06,-3.89,-3.13,41557450,-1.79,-3.5496688741722,JPM
2008-11-11,-3.72,-2.09,-4.27,-3.19,61575920,-3.13,-0.16478989288656,JPM
2008-11-12,-4.12,-3.24,-5.23,-4.97,56719580,-3.19,-4.8968363136176,JPM
2008-11-13,-4.89,-2.04,-6.04,-2.35,74523090,-4.97,7.5788255713046,JPM
2008-11-14,-3.21,-2.63,-5.38,-5.07,55906960,-2.35,-7.3137940306534,JPM
2008-11-17,-5.72,-4.67,-7.04,-6.77,57561880,-5.07,-4.9318247751668,JPM
2008-11-18,-6.78,-6.44,-9.18,-7.4,67802980,-6.77,-1.9224900823924,JPM
2008-11-19,-7.85,-7.52,-11.26,-11.07,90209380,-7.4,-11.418792781581,JPM
2008-11-20,-11.8,-10.83,-17.22,-16.16,160709400,-11.07,-17.8784685634,JPM
2008-11-21,-15.8,-15.12,-19.85,-16.82,193447300,-16.16,-2.8229255774166,JPM
2008-11-24,-15.62,-11.2,-17.04,-11.96,137379700,-16.82,21.390845070423,JPM
2008-11-25,-9.91,-8.83,-11.04,-9.77,105430800,-11.96,7.9405366207397,JPM
2008-11-26,-10.78,-8.79,-11.37,-8.92,55640830,-9.77,2.8552233792409,JPM
2008-11-28,-9.18,-7.61,-9.41,-7.88,23159140,-8.92,3.3964728935336,JPM
2008-12-01,-8.87,-8.84,-13.52,-13.42,70978010,-7.88,-17.498420720152,JPM
2008-12-02,-13.0,-10.64,-14.93,-11.01,81315200,-13.42,9.2266462480858,JPM
2008-12-03,-12.1,-8.8,-12.5,-9.29,64912280,-11.01,6.0287416754294,JPM
2008-12-04,-9.7,-6.64,-9.79,-8.46,80718220,-9.29,2.7438016528926,JPM
2008-12-05,-9.13,-5.54,-9.81,-6.19,73589950,-8.46,7.3037323037323,JPM
2008-12-08,-5.57,-1.84,-5.94,-3.05,84529880,-6.19,9.4152923538231,JPM
2008-12-09,-3.87,-3.84,-5.88,-5.58,65826350,-3.05,-6.9334064127158,JPM
2008-12-10,-5.14,-4.58,-6.46,-6.02,47918060,-5.58,-1.2956419316843,JPM
2008-12-11,-6.94,-6.78,-9.8,-9.6,70741960,-6.02,-10.680190930788,JPM
2008-12-12,-11.1,-8.32,-11.53,-8.6,59938500,-9.6,3.3400133600534,JPM
2008-12-15,-10.2,-9.76,-11.37,-10.91,51504860,-8.6,-7.4660633484163,JPM
2008-12-16,-10.53,-6.79,-10.7,-7.19,75816570,-10.91,12.993363604611,JPM
2008-12-17,-8.04,-6.65,-8.49,-7.68,46724600,-7.19,-1.5146831530139,JPM
2008-12-18,-7.38,-6.95,-9.42,-9.33,57405300,-7.68,-5.1789077212806,JPM
2008-12-19,-9.43,-8.29,-9.76,-9.22,55696690,-9.33,0.36411784177425,JPM
2008-12-22,-8.9,-8.35,-10.03,-9.72,36378300,-9.22,-1.6490765171504,JPM
2008-12-23,-9.31,-9.14,-10.43,-10.43,26935570,-9.72,-2.3809523809524,JPM
2008-12-24,-10.89,-9.66,-10.89,-9.69,12350120,-10.43,2.5420817588458,JPM
2008-12-26,-9.49,-9.28,-10.29,-9.74,12630420,-9.69,-0.16750418760469,JPM
2008-12-29,-9.55,-9.52,-10.74,-9.76,22317940,-9.74,-0.06711409395973,JPM
2008-12-30,-9.65,-8.49,-9.66,-8.53,29803530,-9.76,4.1302887844191,JPM
2008-12-31,-8.84,-7.6,-9.1,-8.01,25891650,-8.53,1.6768784263141,JPM
2009-01-02,-7.97,-7.52,-8.69,-7.81,32494840,-8.01,-0.5708848715509,JPM
2009-01-05,-8.43,-8.39,-10.08,-9.91,44068310,-7.81,-6.6985645933014,JPM
2009-01-06,-9.37,-8.74,-9.65,-9.28,44217360,-9.91,2.1538461538462,JPM
2009-01-07,-10.01,-9.76,-11.16,-11.07,42150930,-9.28,-5.9906291834003,JPM
2009-01-08,-11.26,-11.21,-12.3,-11.94,52035160,-11.07,-3.0971876112496,JPM
2009-01-09,-11.61,-11.61,-13.35,-13.19,42595660,-11.94,-4.5922116091109,JPM
2009-01-12,-13.24,-13.01,-14.66,-14.25,59307730,-13.19,-4.0816326530612,JPM
2009-01-13,-13.95,-12.57,-14.89,-12.81,73389670,-14.25,5.7808109193095,JPM
2009-01-14,-13.57,-12.88,-14.4,-13.25,73904880,-12.81,-1.6698292220114,JPM
2009-01-15,-12.62,-12.11,-15.4,-14.82,136756100,-13.25,-6.0594365109996,JPM
2009-01-16,-14.33,-14.16,-18.63,-16.34,156813500,-14.82,-6.2448644207067,JPM
2009-01-20,-18.16,-17.89,-21.46,-21.07,141780400,-16.34,-20.727432077125,JPM
2009-01-21,-19.87,-16.32,-20.28,-16.53,136260400,-21.07,25.096738529574,JPM
2009-01-22,-16.8,-15.33,-17.95,-16.06,110226100,-16.53,2.076889085285,JPM
2009-01-23,-17.24,-14.58,-17.35,-14.88,74333810,-16.06,5.1082251082251,JPM
2009-01-26,-14.16,-13.41,-15.42,-14.66,74277640,-14.88,0.90609555189456,JPM
2009-01-27,-14.04,-13.99,-15.1,-14.1,50693450,-14.66,2.2857142857143,JPM
2009-01-28,-11.97,-11.39,-12.82,-11.5,91310030,-14.1,10.375099760575,JPM
2009-01-29,-12.42,-11.98,-13.91,-13.73,58604630,-11.5,-8.0621836587129,JPM
2009-01-30,-13.35,-12.18,-14.56,-13.65,74322800,-13.73,0.31458906802989,JPM
2009-02-02,-14.16,-13.48,-14.81,-13.96,51308070,-13.65,-1.2152097216778,JPM
2009-02-03,-14.13,-13.71,-15.46,-15.11,66110220,-13.96,-4.5634920634921,JPM
2009-02-04,-14.91,-13.66,-15.42,-15.12,55314610,-15.11,-0.041580041580048,JPM
2009-02-05,-15.42,-13.84,-16.67,-14.62,79768240,-15.12,2.0798668885191,JPM
2009-02-06,-13.65,-11.36,-13.86,-11.53,76690840,-14.62,12.591687041565,JPM
2009-02-09,-12.51,-11.19,-12.86,-11.88,54350380,-11.53,-1.2667390517553,JPM
2009-02-10,-12.3,-11.55,-14.86,-14.54,91820580,-11.88,-9.7507331378299,JPM
2009-02-11,-13.91,-12.54,-14.02,-13.07,64687870,-14.54,5.9707554833469,JPM
2009-02-12,-13.81,-12.94,-14.99,-12.97,80498270,-13.07,0.3832886163281,JPM
2009-02-13,-13.91,-13.27,-14.5,-14.47,58192960,-12.97,-5.7273768613975,JPM
2009-02-17,-16.36,-15.96,-17.51,-17.51,91307420,-14.47,-12.312677197246,JPM
2009-02-18,-16.98,-16.86,-18.16,-17.65,82799360,-17.51,-0.64665127020784,JPM
2009-02-19,-17.09,-16.86,-18.62,-18.56,66441010,-17.65,-4.230590423059,JPM
2009-02-20,-19.45,-18.16,-20.41,-19.26,135757500,-18.56,-3.3980582524272,JPM
2009-02-23,-18.26,-17.6,-19.68,-19.65,101160000,-19.26,-1.9597989949749,JPM
2009-02-24,-19.03,-18.06,-20.2,-18.14,186273500,-19.65,7.7396207073296,JPM
2009-02-25,-18.33,-15.94,-19.04,-17.43,135655500,-18.14,3.3777354900095,JPM
2009-02-26,-15.84,-14.98,-16.36,-16.11,124952800,-17.43,6.0745513115509,JPM
2009-02-27,-17.53,-15.56,-17.61,-16.31,109848500,-16.11,-0.86767895878525,JPM
2009-03-02,-17.46,-16.73,-18.09,-18.0,94932400,-16.31,-7.3960612691466,JPM
2009-03-03,-17.48,-17.26,-18.5591,-18.15,85292290,-18.0,-0.70888468809073,JPM
2009-03-04,-17.42,-17.42,-20.36,-19.86,144898100,-18.15,-8.1389814374108,JPM
2009-03-05,-20.66,-20.16,-23.12,-22.56,153665900,-19.86,-13.989637305699,JPM
2009-03-06,-21.97,-21.49,-24.2,-23.23,155083500,-22.56,-4.0361445783133,JPM
2009-03-09,-23.79,-21.87,-24.14,-23.26,132823000,-23.23,-0.18832391713747,JPM
2009-03-10,-21.81,-19.66,-22.03,-19.66,148814300,-23.26,22.641509433962,JPM
2009-03-11,-18.81,-18.25,-20.04,-18.76,155407000,-19.66,4.6153846153846,JPM
2009-03-12,-19.01,-15.83,-19.16,-15.96,151839300,-18.76,13.725490196078,JPM
2009-03-13,-15.57,-14.83,-16.25,-15.41,120403900,-15.96,2.3706896551724,JPM
2009-03-16,-14.85,-13.89,-16.2,-16.07,124945500,-15.41,-2.7789473684211,JPM
2009-03-17,-15.86,-13.94,-16.89,-14.02,99818550,-16.07,8.878302295366,JPM
2009-03-18,-14.34,-11.83,-14.98,-12.05,142044800,-14.02,7.8361177406523,JPM
2009-03-19,-11.91,-11.75,-14.57,-14.21,124406900,-12.05,-7.9675396532645,JPM
2009-03-20,-14.5,-14.38,-16.01,-16.01,108915900,-14.21,-7.2144288577154,JPM
2009-03-23,-13.86,-9.99,-14.03,-10.3,146638200,-16.01,24.665226781857,JPM
2009-03-24,-11.11,-9.86,-12.96,-12.76,133156100,-10.3,-8.5239085239085,JPM
2009-03-25,-11.97,-10.45,-13.23,-10.6,149353200,-12.76,8.1818181818182,JPM
2009-03-26,-10.11,-9.56,-11.51,-10.06,133654700,-10.6,1.890756302521,JPM
2009-03-27,-10.89,-9.96,-11.88,-11.76,108552200,-10.06,-5.8419243986254,JPM
2009-03-30,-13.49,-12.79,-14.38,-14.31,104756500,-11.76,-9.3065693430657,JPM
2009-03-31,-13.43,-12.06,-14.31,-12.58,84207590,-14.31,6.9617706237424,JPM
2009-04-01,-13.87,-10.88,-13.87,-11.02,105927700,-12.58,5.8690744920993,JPM
2009-04-02,-9.53,-9.44,-11.7,-10.95,131770500,-11.02,0.071073205401562,JPM
2009-04-03,-11.13,-9.83,-11.61,-9.83,80886280,-10.95,3.9772727272727,JPM
2009-04-06,-10.84,-10.21,-11.43,-10.91,72115160,-9.83,-3.6885245901639,JPM
2009-04-07,-11.83,-11.06,-12.1,-11.86,73594670,-10.91,-3.3687943262411,JPM
2009-04-08,-11.66,-11.28,-12.6,-11.68,66494960,-11.86,0.6605504587156,JPM
2009-04-09,-8.67,-6.02,-8.91,-6.36,147813400,-11.68,19.394823186292,JPM
2009-04-13,-7.1,-4.96,-7.3,-5.41,110091700,-6.36,2.9007633587786,JPM
2009-04-14,-6.07,-5.86,-8.46,-8.41,109461000,-5.41,-8.9020771513353,JPM
2009-04-15,-8.49,-6.14,-8.84,-6.55,107846700,-8.41,6.0586319218241,JPM
2009-04-16,-5.1,-5.1,-6.75,-5.87,132866000,-6.55,2.0884520884521,JPM
2009-04-17,-5.76,-5.13,-6.58,-5.85,104947800,-5.87,0.060168471720806,JPM
2009-04-20,-7.33,-6.69,-9.47,-9.42,109238100,-5.85,-10.733613950692,JPM
2009-04-21,-10.04,-6.2,-10.24,-6.58,115596500,-9.42,9.5655102728191,JPM
2009-04-22,-7.47,-4.9744,-7.79,-7.21,124031000,-6.58,-1.9366738395327,JPM
2009-04-23,-6.88,-5.36,-7.45,-5.9,89334810,-7.21,4.1065830721003,JPM
2009-04-24,-5.45,-4.61,-6.86,-5.73,117083200,-5.9,0.51189400782897,JPM
2009-04-27,-6.58,-5.34,-6.71,-6.33,67832770,-5.73,-1.7974835230677,JPM
2009-04-28,-6.76,-5.39,-6.83,-6.32,65778600,-6.33,0.030506406345326,JPM
2009-04-29,-5.67,-4.55,-5.86,-4.63,84584520,-6.32,5.1540103690149,JPM
2009-04-30,-4.1,-3.9,-6.36,-6.11,94452380,-4.63,-4.292343387471,JPM
2009-05-01,-6.26,-5.34,-7.05,-6.62,68207770,-6.11,-1.5454545454545,JPM
2009-05-04,-6.05,-3.13,-6.21,-3.32,100867300,-6.62,10.156971375808,JPM
2009-05-05,-3.66,-3.16,-4.65,-4.29,63480330,-3.32,-2.7102542609667,JPM
2009-05-06,-3.29,-1.76,-3.55,-1.89,102469800,-4.29,6.8925904652499,JPM
2009-05-07,-0.60999999999996,-0.38999999999996,-4.38,-3.87,112841100,-1.89,-5.3197205803331,JPM
2009-05-08,-2.31,-0.16999999999996,-2.91,-0.16999999999996,109961700,-3.87,10.49943246311,JPM
2009-05-11,-1.76,-0.92999999999997,-3.28,-3.28,86744610,-0.16999999999996,-7.9866461222393,JPM
2009-05-12,-2.87,-2.85,-5.05,-3.75,94128220,-3.28,-1.3117499302261,JPM
2009-05-13,-4.41,-3.84,-5.43,-5.06,82103160,-3.75,-3.7047511312217,JPM
2009-05-14,-4.99,-3.49,-5.29,-3.57,68750070,-5.06,4.3759177679883,JPM
2009-05-15,-3.66,-3.43,-4.71,-4.2,68280930,-3.57,-1.7726505346089,JPM
2009-05-18,-3.4,-1.76,-3.91,-1.85,71679510,-4.2,6.7315955313664,JPM
2009-05-19,-1.81,-1.43,-3.34,-3.3,59755710,-1.85,-3.8915727321524,JPM
2009-05-20,-2.5,-2.35,-4.85,-4.56,77069730,-3.3,-3.5185702317788,JPM
2009-05-21,-4.92,-3.75,-5.44,-4.21,65031430,-4.56,1.0130246020261,JPM
2009-05-22,-3.85,-3.81,-4.7,-4.7,39222770,-4.21,-1.4040114613181,JPM
2009-05-26,-4.99,-2.55,-4.99,-2.57,65420810,-4.7,6.1900610287707,JPM
2009-05-27,-2.61,-2.39,-4.45,-4.45,76358030,-2.57,-5.1450465243569,JPM
2009-05-28,-3.97,-2.44,-4.51,-2.46,66045800,-4.45,5.7414887478361,JPM
2009-05-29,-2.76,-2.04,-3.43,-2.21,61899550,-2.46,0.68212824010914,JPM
2009-06-01,-1.71,-1.38,-3.34,-3.0,89760380,-2.21,-2.1409214092141,JPM
2009-06-02,-4.04,-3.59,-4.66,-4.61,159279000,-3.0,-4.4585987261146,JPM
2009-06-03,-4.71,-4.14,-5.46,-5.13,72067650,-4.61,-1.5072463768116,JPM
2009-06-04,-4.71,-3.67,-4.88,-3.76,70896380,-5.13,4.0317834020012,JPM
2009-06-05,-3.39,-3.35,-4.61,-4.56,61526860,-3.76,-2.2630834512023,JPM
2009-06-08,-4.56,-3.38,-4.56,-3.72,61593480,-4.56,2.4312590448625,JPM
2009-06-09,-3.39,-3.33,-4.02,-3.85,58936350,-3.72,-0.36733540548178,JPM
2009-06-10,-3.54,-3.44,-4.74,-4.27,60151280,-3.85,-1.1911514463982,JPM
2009-06-11,-4.04,-3.24,-4.57,-4.17,66515780,-4.27,0.28702640642938,JPM
2009-06-12,-4.25,-3.67,-4.31,-3.98,41143530,-4.17,0.54378935317689,JPM
2009-06-15,-4.23,-4.07,-5.18,-5.11,55345020,-3.98,-3.2166239681184,JPM
2009-06-16,-4.84,-4.72,-5.73,-5.61,56307430,-5.11,-1.4705882352941,JPM
2009-06-17,-5.68,-5.59,-6.93,-6.38,65445570,-5.61,-2.2985074626866,JPM
2009-06-18,-6.26,-4.8,-6.27,-4.94,63713590,-6.38,4.3996333638864,JPM
2009-06-19,-4.46,-3.99,-5.32,-4.11,76958330,-4.94,2.4290313140181,JPM
2009-06-22,-4.42,-4.11,-6.25,-6.24,70323000,-4.11,-6.0857142857143,JPM
2009-06-23,-6.0,-5.02,-6.185,-5.54,58285180,-6.24,2.1296014602982,JPM
2009-06-24,-5.33,-5.18,-6.04,-5.65,50407110,-5.54,-0.32767351802204,JPM
2009-06-25,-5.63,-4.93,-6.3,-4.97,57143890,-5.65,2.0322773460849,JPM
2009-06-26,-5.23,-4.37,-5.63,-4.66,46691500,-4.97,0.90802577621559,JPM
2009-06-29,-4.56,-4.41,-5.07,-4.51,34876140,-4.66,0.43541364296081,JPM
2009-06-30,-4.51,-4.32,-5.24,-5.0,39421080,-4.51,-1.4161849710983,JPM
2009-07-01,-4.79,-4.49,-5.41,-5.29,36441290,-5.0,-0.99677513925534,JPM
2009-07-02,-5.7,-5.29,-6.79,-6.79,38330410,-5.29,-4.4418122594018,JPM
2009-07-06,-7.03,-6.46,-7.47,-6.46,60646880,-6.79,1.0226216299969,JPM
2009-07-07,-6.43,-5.66,-6.93,-6.25,56671040,-6.46,0.64417177914111,JPM
2009-07-08,-6.13,-5.57,-7.27,-6.35,71774410,-6.25,-0.30478512648583,JPM
2009-07-09,-6.17,-5.31,-6.19,-5.44,41590040,-6.35,2.7820238459187,JPM
2009-07-10,-5.75,-5.39,-6.85,-6.72,50959410,-5.44,-3.807257584771,JPM
2009-07-13,-6.19,-4.35,-6.63,-4.35,70329610,-6.72,7.3283858998145,JPM
2009-07-14,-4.53,-3.97,-5.0,-4.36,52796590,-4.35,-0.028810141169686,JPM
2009-07-15,-3.95,-2.295,-4.05,-2.8,83746550,-4.36,4.4956772334294,JPM
2009-07-16,-3.56,-2.65,-3.84,-2.93,71404340,-2.8,-0.3585217870932,JPM
2009-07-17,-2.64,-1.86,-2.88,-2.17,61724710,-2.93,2.1035150844174,JPM
2009-07-20,-2.04,-1.62,-2.47,-2.08,43494140,-2.17,0.24396855516399,JPM
2009-07-21,-1.86,-1.75,-2.46,-2.12,43500600,-2.08,-0.10816657652785,JPM
2009-07-22,-2.66,-1.73,-2.85,-2.23,40136700,-2.12,-0.29778018408229,JPM
2009-07-23,-2.11,-0.58999999999997,-2.49,-0.90999999999997,56416920,-2.23,3.5840347542764,JPM
2009-07-24,-1.01,-0.80999999999997,-1.66,-1.14,35322980,-0.90999999999997,-0.60288335517693,JPM
2009-07-27,-1.09,0.41000000000004,-1.49,-0.92999999999997,30442150,-1.14,0.55379746835443,JPM
2009-07-28,-1.32,-0.85999999999996,-1.41,-0.97999999999997,29019440,-0.92999999999997,-0.13113034356151,JPM
2009-07-29,-1.27,-0.81999999999997,-1.62,-1.29,29909790,-0.97999999999997,-0.81407563025209,JPM
2009-07-30,-0.92999999999997,0.22000000000005,-1.16,-0.58999999999997,38449620,-1.29,1.8533227429176,JPM
2009-07-31,-0.67999999999996,-0.40999999999997,-1.13,-0.40999999999997,39081840,-0.58999999999997,0.46789706264622,JPM
2009-08-03,0.060000000000039,0.69000000000005,-0.071999999999959,0.54000000000005,42866590,-0.40999999999997,2.4579560155239,JPM
2009-08-04,0.21000000000005,1.4400000000001,0.11000000000004,1.1500000000001,43270310,0.54000000000005,1.540404040404,JPM
2009-08-05,1.2800000000001,3.1400000000001,1.2,2.7200000000001,63235880,1.1500000000001,3.904501367819,JPM
2009-08-06,3.2200000000001,3.4000000000001,1.1600000000001,1.6900000000001,54131290,2.7200000000001,-2.4652943992341,JPM
2009-08-07,2.2200000000001,4.0700000000001,2.1200000000001,3.3000000000001,65629130,1.6900000000001,3.9509202453988,JPM
2009-08-10,2.9700000000001,4.1600000000001,2.9500000000001,3.6300000000001,43675290,3.3000000000001,0.77903682719546,JPM
2009-08-11,3.2200000000001,3.4500000000001,1.8800000000001,2.1800000000001,50601270,3.6300000000001,-3.3965799953151,JPM
2009-08-12,2.1300000000001,3.3900000000001,1.9700000000001,3.1500000000001,43019670,2.1800000000001,2.3520853540252,JPM
2009-08-13,3.6700000000001,3.9400000000001,2.7500000000001,3.8400000000001,40341510,3.1500000000001,1.634683724236,JPM
2009-08-14,3.5700000000001,3.7900000000001,2.7400000000001,3.3900000000001,38410810,3.8400000000001,-1.048951048951,JPM
2009-08-17,2.1500000000001,2.5200000000001,1.6500000000001,1.6700000000001,39064000,3.3900000000001,-4.0518256772674,JPM
2009-08-18,2.0400000000001,2.8200000000001,2.0000000000001,2.6400000000001,28976430,1.6700000000001,2.3815369506506,JPM
2009-08-19,2.0900000000001,2.8400000000001,1.9400000000001,2.3500000000001,29355740,2.6400000000001,-0.69544364508395,JPM
2009-08-20,2.4700000000001,3.5700000000001,2.4200000000001,3.3600000000001,29592860,2.3500000000001,2.4390243902439,JPM
2009-08-21,3.8000000000001,4.75,3.4700000000001,4.6,42807240,3.3600000000001,2.9231494578029,JPM
2009-08-24,4.8,5.18,3.8900000000001,3.9500000000001,40220660,4.6,-1.4887769125057,JPM
2009-08-25,4.33,5.08,4.24,4.52,34788990,3.9500000000001,1.3252731922809,JPM
2009-08-26,4.33,4.7200000000001,3.8600000000001,4.24,31885670,4.52,-0.64249655805416,JPM
2009-08-27,3.9900000000001,4.5700000000001,3.4800000000001,4.3900000000001,28951740,4.24,0.34642032332565,JPM
2009-08-28,4.75,4.8,3.4500000000001,3.8600000000001,27231820,4.3900000000001,-1.2197928653625,JPM
2009-08-31,3.3800000000001,4.5400000000001,3.0000000000001,4.4000000000001,31936100,3.8600000000001,1.2581547064306,JPM
2009-09-01,4.0200000000001,4.76,2.5000000000001,2.6100000000001,51362480,4.4000000000001,-4.1187298665439,JPM
2009-09-02,2.4500000000001,3.0500000000001,1.6900000000001,1.8000000000001,35812980,2.6100000000001,-1.9438444924406,JPM
2009-09-03,2.1700000000001,3.1900000000001,2.0500000000001,3.0500000000001,34974180,1.8000000000001,3.0592266275086,JPM
2009-09-04,3.2700000000001,3.4300000000001,2.7300000000001,3.2800000000001,21868620,3.0500000000001,0.54618855378771,JPM
2009-09-08,3.7300000000001,3.9800000000001,2.7900000000001,3.4800000000001,28073810,3.2800000000001,0.47236655644779,JPM
2009-09-09,3.5400000000001,4.0100000000001,3.3300000000001,3.8000000000001,29018230,3.4800000000001,0.75223319228961,JPM
2009-09-10,3.6700000000001,4.0900000000001,3.1400000000001,3.9600000000001,25095030,3.8000000000001,0.3733084461036,JPM
2009-09-11,4.0700000000001,4.33,3.4200000000001,3.4400000000001,27271740,3.9600000000001,-1.208740120874,JPM
2009-09-14,3.0200000000001,4.79,2.9500000000001,4.69,28885820,3.4400000000001,2.9411764705882,JPM
2009-09-15,4.55,5.135,3.4900000000001,4.1300000000001,49966500,4.69,-1.28,JPM
2009-09-16,4.2900000000001,5.62,4.1500000000001,5.59,38519320,4.1300000000001,3.3804121324381,JPM
2009-09-17,5.23,6.05,5.14,5.9,35649070,5.59,0.6942889137738,JPM
2009-09-18,6.18,6.28,5.64,5.89,39485410,5.9,-0.022241992882558,JPM
2009-09-21,5.48,5.74,5.16,5.49,24012450,5.89,-0.88987764182426,JPM
2009-09-22,5.75,7.4300000000001,5.42,7.41,41046120,5.49,4.3097643097643,JPM
2009-09-23,7.34,7.44,5.92,6.0,34371920,7.41,-3.0342156229826,JPM
2009-09-24,6.15,6.74,5.2,5.31,42160760,6.0,-1.5312916111851,JPM
2009-09-25,5.09,5.22,4.2800000000001,4.59,30986940,5.31,-1.6227180527383,JPM
2009-09-28,4.91,5.77,4.63,5.75,24196500,4.59,2.6575028636884,JPM
2009-09-29,5.83,6.14,5.37,5.82,23892770,5.75,0.15621513055122,JPM
2009-09-30,5.74,5.83,4.37,4.76,40799420,5.82,-2.3618538324421,JPM
2009-10-01,4.34,4.5000000000001,2.3000000000001,2.3100000000001,50411040,4.76,-5.591054313099,JPM
2009-10-02,1.8100000000001,3.3900000000001,1.52,2.8500000000001,43031070,2.3100000000001,1.1844331641286,JPM
2009-10-05,3.4700000000001,4.92,3.3400000000001,4.79,34376760,2.8500000000001,4.6344959388438,JPM
2009-10-06,5.35,5.99,5.06,5.9,41622740,4.79,2.5342465753425,JPM
2009-10-07,5.59,6.81,5.45,6.69,36084180,5.9,1.7590737029615,JPM
2009-10-08,7.03,7.43,6.04,6.29,36578530,6.69,-0.87527352297594,JPM
2009-10-09,6.45,6.93,6.07,6.84,25922040,6.29,1.2141280353201,JPM
2009-10-12,7.36,7.41,6.34,7.07,24168600,6.84,0.50163576881133,JPM
2009-10-13,6.64,7.02,5.52,6.65,45597850,7.07,-0.91145833333334,JPM
2009-10-14,8.18,8.46,7.62,8.15,70294970,6.65,3.2851511169514,JPM
2009-10-15,7.35,8.3100000000001,7.35,8.15,36070080,8.15,0.0,JPM
2009-10-16,7.69,7.8700000000001,6.99,7.05,37439240,8.15,-2.3324851569126,JPM
2009-10-19,7.41,7.42,6.44,6.97,30399200,7.05,-0.17368649587496,JPM
2009-10-20,6.8,7.58,6.76,7.02,30609850,6.97,0.10874293170945,JPM
2009-10-21,7.01,7.41,5.64,5.64,32977500,7.02,-2.9980447534217,JPM
2009-10-22,5.91,6.86,5.82,6.7,32192580,5.64,2.3740201567749,JPM
2009-10-23,6.69,7.185,5.95,6.22,27630750,6.7,-1.0500984467294,JPM
2009-10-26,6.11,6.2,4.54,4.81,42064560,6.22,-3.1173999557816,JPM
2009-10-27,4.98,5.65,4.66,4.89,38062240,4.81,0.18256503879507,JPM
2009-10-28,4.72,4.8,3.4900000000001,3.6700000000001,45638650,4.89,-2.7790432801822,JPM
2009-10-29,4.21,5.39,3.75,5.34,35866700,3.6700000000001,3.912839737582,JPM
2009-10-30,4.94,4.96,2.7200000000001,2.7600000000001,58774540,5.34,-5.8173618940248,JPM
2009-11-02,3.1700000000001,3.8400000000001,2.5100000000001,3.5700000000001,44567500,2.7600000000001,1.9391908067991,JPM
2009-11-03,3.0800000000001,3.9500000000001,2.9700000000001,3.6900000000001,29370340,3.5700000000001,0.28182245185534,JPM
2009-11-04,4.2,4.68,3.1100000000001,3.2000000000001,42518940,3.6900000000001,-1.1475409836066,JPM
2009-11-05,3.5900000000001,4.92,3.3900000000001,4.86,32859520,3.2000000000001,3.9327173655532,JPM
2009-11-06,4.1300000000001,4.68,3.9,4.47,27114980,4.86,-0.8889901983132,JPM
2009-11-09,4.92,5.38,4.29,5.34,38802190,4.47,2.0009199632015,JPM
2009-11-10,5.13,5.31,4.54,5.16,30956150,5.34,-0.40586245772266,JPM
2009-11-11,5.33,5.98,4.77,5.31,32656470,5.16,0.3395970115463,JPM
2009-11-12,5.07,5.64,3.9900000000001,4.29,34458810,5.31,-2.3014440433213,JPM
2009-11-13,4.15,4.28,3.3500000000001,3.89,36638420,4.29,-0.92378752886836,JPM
2009-11-16,4.24,4.5989,3.75,4.03,43460040,3.89,0.32634032634033,JPM
2009-11-17,3.9100000000001,4.18,3.5300000000001,4.15,25818160,4.03,0.27881040892193,JPM
2009-11-18,4.1300000000001,4.49,3.93,4.37,20416750,4.15,0.50973123262281,JPM
2009-11-19,4.0900000000001,4.17,3.2500000000001,3.5400000000001,26848030,4.37,-1.9133241124942,JPM
2009-11-20,3.4600000000001,3.7300000000001,3.1400000000001,3.4500000000001,25325950,3.5400000000001,-0.21151586368977,JPM
2009-11-23,3.9400000000001,4.63,3.6900000000001,4.27,29775410,3.4500000000001,1.9312293923693,JPM
2009-11-24,4.25,4.27,3.2300000000001,3.4700000000001,31850690,4.27,-1.8484288354898,JPM
2009-11-25,3.6600000000001,3.6600000000001,2.9300000000001,3.1500000000001,26123760,3.4700000000001,-0.75329566854991,JPM
2009-11-27,1.97,2.8900000000001,1.7400000000001,2.3200000000001,26230030,3.1500000000001,-1.9686907020873,JPM
2009-11-30,2.5500000000001,3.64,2.4800000000001,3.4800000000001,38223030,2.3200000000001,2.8066779578998,JPM
2009-12-01,3.6000000000001,3.7000000000001,2.6100000000001,3.2100000000001,39208880,3.4800000000001,-0.63544363379619,JPM
2009-12-02,3.1400000000001,3.1400000000001,2.4600000000001,2.9200000000001,32380250,3.2100000000001,-0.68687825675035,JPM
2009-12-03,3.2900000000001,4.0800000000001,2.3000000000001,2.3900000000001,53287280,2.9200000000001,-1.2640114476508,JPM
2009-12-04,3.2400000000001,3.5000000000001,2.2100000000001,2.7300000000001,61480990,2.3900000000001,0.82125603864735,JPM
2009-12-07,2.6200000000001,2.9500000000001,2.0500000000001,2.2400000000001,32926720,2.7300000000001,-1.1739338763776,JPM
2009-12-08,2.0,2.3900000000001,1.6150000000001,2.2000000000001,41845590,2.2400000000001,-0.096969696969695,JPM
2009-12-09,2.2400000000001,2.5000000000001,1.5900000000001,2.1800000000001,42464230,2.2000000000001,-0.048531909730655,JPM
2009-12-10,2.3500000000001,2.5500000000001,1.6475000000001,2.2600000000001,36366680,2.1800000000001,0.19422189851907,JPM
2009-12-11,1.9800000000001,2.2400000000001,1.7400000000001,1.9500000000001,46603700,2.2600000000001,-0.75115095711171,JPM
2009-12-14,2.0,2.9200000000001,1.6900000000001,2.7600000000001,35322030,1.9500000000001,1.9775390625,JPM
2009-12-15,2.4900000000001,2.6900000000001,1.61,1.85,40219360,2.7600000000001,-2.1785970792435,JPM
2009-12-16,2.1600000000001,2.6900000000001,1.8700000000001,2.3500000000001,43550380,1.85,1.2236906510034,JPM
2009-12-17,2.0500000000001,2.1100000000001,1.18,1.2600000000001,44237970,2.3500000000001,-2.6353965183752,JPM
2009-12-18,1.52,2.1800000000001,1.0273,1.9400000000001,48125860,1.2600000000001,1.6886019369258,JPM
2009-12-21,2.5400000000001,3.2300000000001,2.4900000000001,2.8900000000001,35826590,1.9400000000001,2.3199023199023,JPM
2009-12-22,2.9900000000001,3.0900000000001,2.6800000000001,2.9300000000001,24664210,2.8900000000001,0.095465393794747,JPM
2009-12-23,2.8300000000001,2.9300000000001,2.4400000000001,2.5500000000001,24457760,2.9300000000001,-0.90605627086313,JPM
2009-12-24,2.6700000000001,2.8800000000001,2.5000000000001,2.8800000000001,7956428,2.5500000000001,0.79403272377285,JPM
2009-12-28,2.8400000000001,3.1200000000001,2.5500000000001,2.7100000000001,13033180,2.8800000000001,-0.40582477918358,JPM
2009-12-29,2.7200000000001,2.7900000000001,2.4500000000001,2.4800000000001,15591470,2.7100000000001,-0.55129434324064,JPM
2009-12-30,2.2600000000001,2.6100000000001,2.2200000000001,2.5200000000001,15501790,2.4800000000001,0.096408773198359,JPM
2009-12-31,2.6100000000001,3.1200000000001,2.4400000000001,2.6600000000001,20129260,2.5200000000001,0.33710570671804,JPM
2010-01-04,2.8300000000001,4.03,2.7100000000001,3.89,35392400,2.6600000000001,2.8317734581233,JPM
2010-01-05,3.83,4.88,3.82,4.72,41172190,3.89,1.9369894982497,JPM
2010-01-06,4.49,5.13,4.35,4.96,27718870,4.72,0.54945054945055,JPM
2010-01-07,4.83,6.16,4.65,5.83,44847750,4.96,1.9808743169399,JPM
2010-01-08,5.41,5.74,5.12,5.72,33030560,5.83,-0.24559053360125,JPM
2010-01-11,6.16,6.23,5.35,5.57,31856920,5.72,-0.33572068039391,JPM
2010-01-12,5.03,5.19,3.98,4.53,47078480,5.57,-2.3355041545026,JPM
2010-01-13,4.59,5.57,3.91,5.29,39564320,4.53,1.7475281673948,JPM
2010-01-14,5.24,5.83,5.14,5.73,37898210,5.29,0.99435028248587,JPM
2010-01-15,5.34,5.47,4.38,4.72,69712900,5.73,-2.2600134258223,JPM
2010-01-19,4.44,4.79,3.94,4.32,41710940,4.72,-0.91575091575091,JPM
2010-01-20,4.05,4.72,3.75,4.44,39934150,4.32,0.27726432532347,JPM
2010-01-21,4.08,4.19,1.36,1.58,137456400,4.44,-6.5898617511521,JPM
2010-01-22,1.69,2.2350000000001,-0.13999999999996,0.20000000000004,106549900,1.58,-3.4040453872718,JPM
2010-01-25,0.80000000000004,0.93000000000004,-0.11949999999997,0.25000000000004,56560420,0.20000000000004,0.1276813074566,JPM
2010-01-26,0.040000000000036,0.87500000000004,-0.67999999999997,-0.51999999999997,52915200,0.25000000000004,-1.9637847487886,JPM
2010-01-27,-0.60999999999997,0.53000000000004,-0.88999999999997,0.37000000000004,66299120,-0.51999999999997,2.315296566077,JPM
2010-01-28,0.72000000000004,1.08,-0.23999999999997,0.52000000000004,65029750,0.37000000000004,0.3813882532418,JPM
2010-01-29,0.69000000000004,0.89000000000004,-0.15999999999997,-0.019999999999967,53592030,0.52000000000004,-1.3677811550152,JPM
2010-02-01,0.14000000000004,0.97000000000004,-0.0099999999999616,0.67000000000004,37364680,-0.019999999999967,1.7719568567026,JPM
2010-02-02,0.84000000000004,1.72,0.74000000000005,1.59,45913550,0.67000000000004,2.3214736310875,JPM
2010-02-03,1.62,2.1400000000001,1.21,1.33,37365570,1.59,-0.64118372379778,JPM
2010-02-04,0.83000000000004,0.96000000000004,-0.60999999999997,-0.60999999999997,57111640,1.33,-4.8150905931993,JPM
2010-02-05,-0.31999999999997,-0.079999999999962,-1.935,-0.65999999999997,75197140,-0.60999999999997,-0.1303780964798,JPM
2010-02-08,-0.66999999999997,-0.66999999999997,-1.64,-1.26,58259060,-0.65999999999997,-1.5665796344647,JPM
2010-02-09,-0.76999999999998,-0.25999999999996,-1.1201,-0.56999999999997,45173450,-1.26,1.8302387267904,JPM
2010-02-10,-0.31999999999997,0.54000000000004,-0.43999999999997,-0.089999999999967,39312010,-0.56999999999997,1.2503256056265,JPM
2010-02-11,-0.11999999999996,0.41000000000004,-0.59999999999997,0.060000000000039,33810750,-0.089999999999967,0.38590172369438,JPM
2010-02-12,-0.28999999999997,0.22000000000004,-0.59999999999997,-0.0099999999999616,38049770,0.060000000000039,-0.17939518195797,JPM
2010-02-16,0.37000000000004,1.18,-0.20999999999996,1.11,46188600,-0.0099999999999616,2.8754813863928,JPM
2010-02-17,1.3,1.49,0.80000000000004,1.08,34384620,1.11,-0.074868979286252,JPM
2010-02-18,0.98000000000004,1.55,0.81000000000005,1.45,31767080,1.08,0.92407592407592,JPM
2010-02-19,1.15,1.7400000000001,0.94000000000004,1.07,40289810,1.45,-0.94036129670872,JPM
2010-02-22,1.44,2.34,1.29,1.89,43864130,1.07,2.0484636522608,JPM
2010-02-23,1.94,2.2900000000001,0.80000000000004,0.92000000000004,52194190,1.89,-2.374541003672,JPM
2010-02-24,1.09,2.01,1.04,1.89,44621340,0.92000000000004,2.432296890672,JPM
2010-02-25,1.2,1.73,0.74000000000005,1.68,46488600,1.89,-0.5140758873929,JPM
2010-02-26,1.73,3.3450000000001,1.6400000000001,3.01,67221790,1.68,3.2726377952756,JPM
2010-03-01,3.0700000000001,3.2200000000001,2.45,2.87,34183140,3.01,-0.33357159876102,JPM
2010-03-02,3.02,3.44,2.4015000000001,2.66,33879770,2.87,-0.50203203442506,JPM
2010-03-03,2.69,3.1000000000001,2.3800000000001,2.5700000000001,27543750,2.66,-0.2162421912542,JPM
2010-03-04,2.95,3.12,2.7,2.9600000000001,25443890,2.5700000000001,0.93908018300024,JPM
2010-03-05,3.3600000000001,3.91,3.23,3.85,34648060,2.9600000000001,2.1230916030534,JPM
2010-03-08,3.89,4.07,3.51,3.6300000000001,28413580,3.85,-0.51389862181733,JPM
2010-03-09,3.4300000000001,3.86,3.09,3.4600000000001,36979730,3.6300000000001,-0.39915473115755,JPM
2010-03-10,3.91,4.53,3.85,3.97,40848010,3.4600000000001,1.2022630834512,JPM
2010-03-11,3.95,4.24,3.84,4.22,30112820,3.97,0.58234334963895,JPM
2010-03-12,4.38,4.58,3.89,4.19,31363490,4.22,-0.069476609541457,JPM
2010-03-15,3.96,4.25,3.64,4.11,29121950,4.19,-0.18539976825029,JPM
2010-03-16,4.39,4.42,3.73,4.28,28531890,4.11,0.39470629208266,JPM
2010-03-17,4.35,5.15,4.305,4.83,32889880,4.28,1.2719703977798,JPM
2010-03-18,4.79,4.83,4.19,4.68,25955330,4.83,-0.34254395980817,JPM
2010-03-19,4.76,4.93,4.17,4.49,36994620,4.68,-0.43538038496791,JPM
2010-03-22,4.11,4.83,4.08,4.78,23182150,4.49,0.66743383199079,JPM
2010-03-23,4.89,5.78,4.82,5.62,33611590,4.78,1.920438957476,JPM
2010-03-24,5.48,6.01,5.24,5.98,35848000,5.62,0.80753701211305,JPM
2010-03-25,6.02,7.09,5.93,5.98,44993710,5.98,0.0,JPM
2010-03-26,6.08,6.93,5.835,6.06,39707450,5.98,0.17801513128617,JPM
2010-03-29,6.29,6.42,5.5,5.9,30602850,6.06,-0.3553976010662,JPM
2010-03-30,5.94,6.09,5.3975,5.62,30294360,5.9,-0.62416406598306,JPM
2010-03-31,5.35,6.04,5.29,5.79,39039860,5.62,0.38133692238672,JPM
2010-04-01,6.12,6.4,6.08,6.27,23893560,5.79,0.9608938547486,JPM
2010-04-05,6.37,6.49,5.88,6.43,21341130,6.27,0.35413899955733,JPM
2010-04-06,6.32,7.03,6.24,6.93,27965930,6.43,1.1027790030878,JPM
2010-04-07,6.92,7.1367,6.11,6.41,28873370,6.93,-1.1343804537522,JPM
2010-04-08,6.25,7.06,5.9,6.85,28864360,6.41,0.97087378640776,JPM
2010-04-09,6.97,7.31,6.54,7.07,22830980,6.85,0.48076923076923,JPM
2010-04-12,7.12,7.56,6.99,7.23,24624350,7.07,0.34797738147021,JPM
2010-04-13,7.13,7.47,6.94,6.96,27900250,7.23,-0.58517555266581,JPM
2010-04-14,8.49,9.02,7.87,8.82,72476360,6.96,4.0549378678875,JPM
2010-04-15,8.74,9.2900000000001,8.58,8.9000000000001,45396280,8.82,0.16760946993506,JPM
2010-04-16,8.76,8.84,6.23,6.64,121131100,8.9000000000001,-4.7270445513491,JPM
2010-04-19,6.32,6.79,5.68,6.48,72097390,6.64,-0.35126234906695,JPM
2010-04-20,6.86,7.24,6.65,6.97,39298530,6.48,1.0795329367702,JPM
2010-04-21,7.13,7.48,6.09,6.44,46191690,6.97,-1.15518744551,JPM
2010-04-22,6.0,6.2125,5.12,5.83,63152410,6.44,-1.3450937155458,JPM
2010-04-23,5.82,6.16,5.34,6.03,32478560,5.83,0.44702726866338,JPM
2010-04-26,5.87,5.9,4.82,4.98,42833890,6.03,-2.3364485981308,JPM
2010-04-27,4.57,5.46,3.39,3.5,66247800,4.98,-3.3720665299613,JPM
2010-04-28,3.93,4.7999,3.87,4.55,48550950,3.5,2.4758311718934,JPM
2010-04-29,4.98,5.42,4.685,5.09,36481980,4.55,1.2425218591809,JPM
2010-04-30,5.11,5.14,3.32,3.67,54061720,5.09,-3.2272727272727,JPM
2010-05-03,4.06,4.82,3.98,4.62,31185750,3.67,2.2310944105214,JPM
2010-05-04,4.06,4.45,3.34,3.56,48947220,4.62,-2.4351022283483,JPM
2010-05-05,3.2,4.46,2.71,3.72,43057230,3.56,0.37673651989641,JPM
2010-05-06,3.72,3.87,0.38000000000003,1.9,78119470,3.72,-4.2692939244663,JPM
2010-05-07,2.12,2.9300000000001,0.87000000000004,1.85,72866000,1.9,-0.12251899044353,JPM
2010-05-10,3.41,4.39,2.51,3.0400000000001,66494690,1.85,2.9195289499509,JPM
2010-05-11,2.55,3.64,2.24,2.64,50697460,3.0400000000001,-0.95351609058404,JPM
2010-05-12,2.8300000000001,2.88,1.9,2.78,47670950,2.64,0.33694344163658,JPM
2010-05-13,2.53,2.69,1.87,1.9,35299790,2.78,-2.1108179419525,JPM
2010-05-14,1.19,1.19,0.30000000000004,0.98000000000004,60659130,1.9,-2.2543494241607,JPM
2010-05-17,1.02,1.13,-0.13999999999996,0.93000000000004,56439620,0.98000000000004,-0.12534469791927,JPM
2010-05-18,1.71,1.71,-0.35999999999998,0.11000000000004,61717560,0.93000000000004,-2.0582329317269,JPM
2010-05-19,-0.36999999999997,0.75000000000004,-0.38999999999997,0.47000000000004,64597150,0.11000000000004,0.9226037929267,JPM
2010-05-20,-0.35999999999998,0.34000000000004,-1.6,-1.08,76437690,0.47000000000004,-3.9360081259523,JPM
2010-05-21,-1.89,1.25,-1.89,1.14,89471310,-1.08,5.868358445678,JPM
2010-05-24,1.25,1.34,-0.40999999999997,-0.28999999999997,49138100,1.14,-3.5705368289638,JPM
2010-05-25,-1.24,0.10000000000003,-1.56,0.03000000000003,66530320,-0.28999999999997,0.82858622475401,JPM
2010-05-26,0.28000000000003,0.59000000000004,-0.43999999999997,-0.12999999999997,50697330,0.03000000000003,-0.41088854648176,JPM
2010-05-27,0.67000000000004,1.58,0.49000000000003,1.51,44796140,-0.12999999999997,4.2289840123775,JPM
2010-05-28,1.42,1.44,0.45000000000004,0.67000000000004,40995600,1.51,-2.0781791192479,JPM
2010-06-01,0.41000000000004,1.05,-0.40999999999997,-0.36999999999997,37824200,0.67000000000004,-2.6275896917635,JPM
2010-06-02,0.26000000000004,0.71000000000004,-0.23999999999997,0.64000000000004,39553250,-0.36999999999997,2.6206538661131,JPM
2010-06-03,0.95000000000004,1.03,-0.28999999999997,0.19000000000004,30918080,0.64000000000004,-1.1378002528445,JPM
2010-06-04,-0.41999999999997,-0.20999999999996,-1.41,-1.29,52729830,0.19000000000004,-3.7851662404092,JPM
2010-06-07,-1.12,-0.77999999999997,-2.25,-2.19,44476120,-1.29,-2.3923444976077,JPM
2010-06-08,-2.05,-1.11,-2.36,-1.13,50958190,-2.19,2.8867102396514,JPM
2010-06-09,-0.75999999999998,-0.74999999999998,-1.9,-1.79,42500840,-1.13,-1.7469560614082,JPM
2010-06-10,-1.23,-0.53999999999998,-1.5,-0.61999999999997,44182200,-1.79,3.1519396551724,JPM
2010-06-11,-1.12,-0.73999999999997,-1.39,-0.81999999999997,31078570,-0.61999999999997,-0.52232958997126,JPM
2010-06-14,-0.93999999999998,-0.63999999999997,-1.68,-1.58,48560190,-0.81999999999997,-1.9952743502232,JPM
2010-06-15,-1.36,-0.63499999999997,-1.65,-0.65999999999997,45278050,-1.58,2.4645057594428,JPM
2010-06-16,-0.88999999999997,-0.029999999999965,-0.91999999999997,-0.38999999999997,37113010,-0.65999999999997,0.70588235294118,JPM
2010-06-17,-0.30999999999997,-0.0099999999999687,-0.98999999999997,-0.46999999999997,34721670,-0.38999999999997,-0.20768431983387,JPM
2010-06-18,-0.30999999999997,0.36000000000004,-0.52999999999997,0.27000000000004,36991640,-0.46999999999997,1.9250780437045,JPM
2010-06-21,0.64000000000004,0.87000000000004,-0.24999999999997,-0.03999999999997,33377890,0.27000000000004,-0.7912200102093,JPM
2010-06-22,0.020000000000032,0.67000000000004,-0.68999999999997,-0.57999999999997,42222110,-0.03999999999997,-1.3892462052997,JPM
2010-06-23,-0.61999999999997,0.19830000000004,-0.88999999999997,-0.019999999999967,45004870,-0.57999999999997,1.4609966084007,JPM
2010-06-24,-0.35999999999998,-0.20999999999996,-1.49,-0.87999999999998,73802510,-0.019999999999967,-2.2113653895603,JPM
2010-06-25,-0.12999999999997,0.69000000000004,-0.63499999999997,0.53000000000003,70451260,-0.87999999999998,3.7075992637391,JPM
2010-06-28,0.64000000000004,0.73000000000004,-0.43999999999997,-0.36999999999997,39870620,0.53000000000003,-2.2819472616633,JPM
2010-06-29,-0.99999999999998,-0.99999999999998,-2.03,-1.85,56580610,-0.36999999999997,-3.8401660612351,JPM
2010-06-30,-1.89,-1.42,-2.4,-2.3,35327770,-1.85,-1.2142471667566,JPM
2010-07-01,-2.32,-2.17,-3.7,-2.78,56611590,-2.3,-1.4476918874624,JPM
2010-07-02,-2.55,-2.17,-3.5201,-3.03,36781010,-2.78,-0.69290465631929,JPM
2010-07-06,-2.17,-1.975,-3.0,-2.53,35911170,-3.03,1.3954786491767,JPM
2010-07-07,-2.22,-0.61999999999997,-2.45,-0.70999999999998,44538730,-2.53,5.009633911368,JPM
2010-07-08,-0.079999999999969,-0.03999999999997,-1.71,-0.69999999999998,41461440,-0.70999999999998,0.026212319790296,JPM
2010-07-09,-1.11,0.03000000000003,-1.18,-0.0099999999999687,30387470,-0.69999999999998,1.8081761006289,JPM
2010-07-12,2.9309887850104e-14,0.48000000000004,-0.25999999999997,0.33000000000003,24933300,-0.0099999999999687,0.87516087516087,JPM
2010-07-13,0.95000000000004,1.83,0.88000000000004,1.62,48353690,0.33000000000003,3.2916560347027,JPM
2010-07-14,1.29,1.52,0.98000000000004,1.49,37051690,1.62,-0.32114624505928,JPM
2010-07-15,1.86,1.98,0.45000000000004,1.6,81792310,1.49,0.272614622057,JPM
2010-07-16,1.42,1.49,2.9309887850104e-14,0.14000000000003,58412220,1.6,-3.6085022244192,JPM
2010-07-19,0.17000000000003,0.50000000000003,-0.73999999999998,0.18000000000003,35388700,0.14000000000003,0.1025641025641,JPM
2010-07-20,-0.53999999999998,0.78000000000004,-0.57999999999997,0.77000000000004,43509840,0.18000000000003,1.5112704918033,JPM
2010-07-21,1.39,1.39,-0.51999999999997,-0.43999999999997,41050900,0.77000000000004,-3.0532424930608,JPM
2010-07-22,0.10000000000003,0.74000000000004,-0.12999999999997,0.49000000000003,35454330,-0.43999999999997,2.4206142634045,JPM
2010-07-23,0.31000000000003,1.1,0.11000000000003,0.97000000000003,28202310,0.49000000000003,1.2198221092757,JPM
2010-07-26,0.94000000000003,1.5,0.64000000000004,1.47,27172290,0.97000000000003,1.2553351744916,JPM
2010-07-27,1.88,2.38,1.75,1.83,44798490,1.47,0.89263575502107,JPM
2010-07-28,1.58,2.04,1.29,1.46,23863680,1.83,-0.90931432784467,JPM
2010-07-29,1.85,1.97,1.05,1.35,28993710,1.46,-0.27281746031746,JPM
2010-07-30,0.86000000000004,1.83,0.86000000000004,1.42,26406450,1.35,0.17408604824671,JPM
2010-08-02,2.12,2.84,1.87,2.78,35495110,1.42,3.3763654419067,JPM
2010-08-03,2.64,2.79,2.01,2.22,29854120,2.78,-1.344860710855,JPM
2010-08-04,2.36,2.545,2.0,2.43,23055900,2.22,0.5111976630964,JPM
2010-08-05,2.11,2.57,2.08,2.41,19802830,2.43,-0.048437878420916,JPM
2010-08-06,1.88,2.09,1.11,1.58,34868570,2.41,-2.0111461109765,JPM
2010-08-09,1.69,1.6982,0.80000000000003,0.96000000000004,37757140,1.58,-1.5331355093966,JPM
2010-08-10,0.81000000000004,0.87000000000003,0.30000000000003,0.31000000000003,34133090,0.96000000000004,-1.6323455549975,JPM
2010-08-11,-0.20999999999997,-0.079999999999969,-1.11,-1.09,46106580,0.31000000000003,-3.5741639009446,JPM
2010-08-12,-1.5,-0.86899999999998,-1.64,-1.05,35351030,-1.09,0.10590415673815,JPM
2010-08-13,-1.06,-0.81999999999998,-1.36,-1.36,24533230,-1.05,-0.81988891827559,JPM
2010-08-16,-1.54,-1.04,-1.58,-1.17,28311970,-1.36,0.50666666666666,JPM
2010-08-17,-0.88999999999998,-0.78999999999998,-1.46,-1.38,33838240,-1.17,-0.55717697001857,JPM
2010-08-18,-1.47,-0.66999999999998,-1.47,-0.96999999999998,26977340,-1.38,1.093916755603,JPM
2010-08-19,-1.2,-0.88999999999998,-1.86,-1.79,35312600,-0.96999999999998,-2.164159408815,JPM
2010-08-20,-1.75,-1.5,-2.05,-1.72,30854550,-1.79,0.18883193957378,JPM
2010-08-23,-1.65,-1.45,-2.02,-1.98,29134780,-1.72,-0.70005385029617,JPM
2010-08-24,-2.27,-2.165,-2.94,-2.65,48615220,-1.98,-1.8167028199566,JPM
2010-08-25,-2.91,-2.42,-3.19,-2.63,36052630,-2.65,0.055233360950003,JPM
2010-08-26,-2.5,-2.24,-3.24,-3.23,29265970,-2.63,-1.656086116478,JPM
2010-08-27,-2.99,-2.17,-3.31,-2.26,38394410,-3.23,2.7224249228178,JPM
2010-08-30,-2.46,-2.26,-3.03,-3.01,27192740,-2.26,-2.0491803278689,JPM
2010-08-31,-2.92,-2.22,-3.13,-2.5,34781260,-3.01,1.4225941422594,JPM
2010-09-01,-2.12,-1.06,-2.2,-1.12,36682680,-2.5,3.7953795379538,JPM
2010-09-02,-1.02,-0.65999999999997,-1.37,-0.69999999999998,31230390,-1.12,1.1128775834658,JPM
2010-09-03,-0.38999999999998,0.31000000000003,-0.38999999999998,0.31000000000003,34073760,-0.69999999999998,2.646750524109,JPM
2010-09-07,-0.12999999999997,-0.019999999999967,-0.63999999999998,-0.57999999999997,31871440,0.31000000000003,-2.2721470513148,JPM
2010-09-08,-0.51999999999997,0.57000000000003,-0.51999999999997,0.26000000000003,30643840,-0.57999999999997,2.1943573667712,JPM
2010-09-09,1.07,1.46,0.26000000000003,1.24,33390450,0.26000000000003,2.5051124744376,JPM
2010-09-10,1.06,1.39,0.81000000000004,0.90000000000003,21879870,1.24,-0.84788029925188,JPM
2010-09-13,1.78,2.61,1.78,2.26,41525900,0.90000000000003,3.420523138833,JPM
2010-09-14,2.11,2.37,1.6,1.86,42724750,2.26,-0.97276264591439,JPM
2010-09-15,1.65,2.28,1.48,2.12,25379980,1.86,0.63850687622789,JPM
2010-09-16,1.86,2.24,1.69,2.13,25182310,2.12,0.024402147388983,JPM
2010-09-17,2.17,2.22,1.13,1.2,45893410,2.13,-2.2688460600146,JPM
2010-09-20,1.38,2.45,1.17,2.33,33304670,1.2,2.8207688467299,JPM
2010-09-21,2.45,2.64,1.61,1.73,33517100,2.33,-1.4566642388929,JPM
2010-09-22,1.57,1.98,0.89000000000004,1.08,34474630,1.73,-1.6013796501602,JPM
2010-09-23,0.77000000000004,0.84000000000004,0.13000000000003,0.24000000000003,33386890,1.08,-2.1031547320981,JPM
2010-09-24,0.65000000000003,0.94000000000003,0.44000000000003,0.89250000000003,28810650,0.24000000000003,1.6687979539642,JPM
2010-09-27,0.68000000000004,0.81000000000004,0.15000000000003,0.22000000000003,25627760,0.89250000000003,-1.6917175020439,JPM
2010-09-28,0.50000000000003,0.54000000000003,-0.24999999999997,0.090000000000033,31384600,0.22000000000003,-0.33265097236437,JPM
2010-09-29,-0.069999999999971,0.020000000000032,-0.79999999999998,-0.44999999999998,40175800,0.090000000000033,-1.3863928112966,JPM
2010-09-30,-0.36999999999997,0.090000000000033,-0.89999999999998,-0.79999999999998,54835300,-0.44999999999998,-0.91122103618848,JPM
2010-10-01,-0.51999999999997,0.23000000000004,-0.56999999999998,-0.049999999999968,38923150,-0.79999999999998,1.9705727798213,JPM
2010-10-04,0.17000000000002,0.73000000000003,-0.099999999999972,0.14000000000003,38827360,-0.049999999999968,0.36073177016233,JPM
2010-10-05,0.55000000000003,1.01,0.26000000000003,0.83000000000003,42294100,0.14000000000003,1.7715019255456,JPM
2010-10-06,0.75000000000004,1.26,0.61000000000003,1.09,31537400,0.83000000000003,0.65590312815338,JPM
2010-10-07,1.3,1.51,0.39000000000003,0.71000000000004,26892610,1.09,-0.95238095238094,JPM
2010-10-08,0.86000000000004,0.97000000000003,0.32000000000003,0.50000000000003,28154840,0.71000000000004,-0.53137651821863,JPM
2010-10-11,0.71000000000004,1.1,0.59000000000003,0.92000000000003,24562990,0.50000000000003,1.0684304248283,JPM
2010-10-12,0.66000000000003,1.68,0.66000000000003,1.59,38678450,0.92000000000003,1.6863830858294,JPM
2010-10-13,1.85,1.91,0.77000000000003,1.03,69516370,1.59,-1.3861386138614,JPM
2010-10-14,0.44000000000003,0.57000000000003,-0.70999999999998,-0.089999999999974,76404280,1.03,-2.8112449799197,JPM
2010-10-15,0.060000000000024,0.13000000000002,-2.27,-1.66,141807800,-0.089999999999974,-4.0547520661157,JPM
2010-10-18,-1.66,-0.54999999999998,-1.8,-0.60999999999998,55057550,-1.66,2.8263795423957,JPM
2010-10-19,-0.90999999999998,-0.15999999999997,-1.31,-1.12,70561640,-0.60999999999998,-1.3350785340314,JPM
2010-10-20,-0.80999999999998,-0.50999999999998,-1.35,-0.70999999999998,43463910,-1.12,1.0878217033696,JPM
2010-10-21,-0.61999999999998,-0.40999999999998,-2.6,-1.11,38249760,-0.70999999999998,-1.0498687664042,JPM
2010-10-22,-1.31,-1.025,-1.49,-1.11,24852930,-1.11,0.0,JPM
2010-10-25,-0.83999999999998,-0.73999999999998,-1.81,-1.74,37843450,-1.11,-1.6710875331565,JPM
2010-10-26,-1.83,-1.55,-2.03,-1.61,39187400,-1.74,0.35068788777988,JPM
2010-10-27,-1.75,-1.18,-1.81,-1.27,30690210,-1.61,0.91397849462365,JPM
2010-10-28,-1.11,-0.84999999999998,-1.48,-1.3,30584840,-1.27,-0.079914757591905,JPM
2010-10-29,-1.36,-1.07,-1.49,-1.18,19731800,-1.3,0.31991468941617,JPM
2010-11-01,-1.2,-0.80999999999998,-1.71,-1.39,36913960,-1.18,-0.55806537337231,JPM
2010-11-02,-1.28,-1.24,-1.98,-1.85,39811610,-1.39,-1.2292891501871,JPM
2010-11-03,-1.83,-0.97999999999998,-1.85,-1.09,35247410,-1.85,2.0562770562771,JPM
2010-11-04,-0.66999999999998,1.04,-0.94999999999998,0.99000000000003,77390550,-1.09,5.5143160127253,JPM
2010-11-05,1.08,2.53,0.97000000000003,2.13,75596670,0.99000000000003,2.8643216080402,JPM
2010-11-08,2.05,2.39,1.4,1.7,32909810,2.13,-1.0503175378603,JPM
2010-11-09,1.62,1.8701,0.92000000000003,1.09,32731210,1.7,-1.505801036781,JPM
2010-11-10,1.06,1.83,0.78000000000004,1.81,35518020,1.09,1.8045112781955,JPM
2010-11-11,1.46,1.63,1.04,1.21,25449270,1.81,-1.4771048744461,JPM
2010-11-12,1.05,1.45,0.57000000000003,0.80000000000003,33451480,1.21,-1.0244877561219,JPM
2010-11-15,1.01,1.83,0.90000000000003,1.27,28723950,0.80000000000003,1.1865690482201,JPM
2010-11-16,0.93000000000004,1.16,0.23000000000003,0.80000000000003,45600880,1.27,-1.1726546906188,JPM
2010-11-17,0.77000000000003,0.87000000000003,0.17000000000002,0.37000000000003,31979010,0.80000000000003,-1.0855844483716,JPM
2010-11-18,0.76000000000003,1.19,0.55000000000003,0.85000000000003,30979130,0.37000000000003,1.2251148545176,JPM
2010-11-19,0.60000000000003,0.83000000000003,0.45000000000003,0.60000000000003,26461640,0.85000000000003,-0.63035804336863,JPM
2010-11-22,0.25000000000003,0.29000000000003,-0.59999999999998,-0.29999999999998,33072820,0.60000000000003,-2.2836843440751,JPM
2010-11-23,-0.79999999999998,-0.58999999999998,-1.21,-1.18,35263920,-0.29999999999998,-2.2851207478577,JPM
2010-11-24,-0.97999999999998,-0.56999999999998,-1.22,-0.64999999999998,24248030,-1.18,1.4084507042253,JPM
2010-11-26,-1.1,-0.82999999999998,-1.31,-1.31,12819130,-0.64999999999998,-1.7295597484277,JPM
2010-11-29,-1.34,-0.71999999999998,-1.7,-0.89999999999999,30891110,-1.31,1.0933333333333,JPM
2010-11-30,-1.32,-1.02,-1.57,-1.41,33698130,-0.89999999999999,-1.3452914798206,JPM
2010-12-01,-0.85999999999998,-0.61999999999998,-1.16,-0.65999999999998,33108490,-1.41,2.0053475935829,JPM
2010-12-02,-0.37999999999998,0.57000000000003,-0.47999999999998,0.50000000000003,41393960,-0.65999999999998,3.040629095675,JPM
2010-12-03,0.26000000000003,0.86000000000004,-0.10999999999997,0.80000000000003,30048910,0.50000000000003,0.76316458916306,JPM
2010-12-06,0.67000000000003,1.24,0.49000000000003,1.095,25314580,0.80000000000003,0.74476142388286,JPM
2010-12-07,1.54,1.65,0.43000000000003,0.44000000000003,40816460,1.095,-1.6413983210124,JPM
2010-12-08,0.55000000000003,1.52,0.25000000000003,1.45,37979110,0.44000000000003,2.5732484076433,JPM
2010-12-09,1.86,2.29,1.76,2.0,42932570,1.45,1.3661202185792,JPM
2010-12-10,2.08,2.69,1.96,2.62,28386170,2.0,1.5192354814996,JPM
2010-12-13,2.76,3.18,2.35,2.7,35709390,2.62,0.19309678976587,JPM
2010-12-14,2.63,2.69,1.66,1.98,33954670,2.7,-1.7345218019754,JPM
2010-12-15,1.92,2.19,1.25,1.4,30174100,1.98,-1.4219171365531,JPM
2010-12-16,1.61,1.87,1.01,1.2025,37089160,1.4,-0.49117135041034,JPM
2010-12-17,1.25,1.26,0.72000000000003,0.86000000000004,51935780,1.2025,-0.85598250546704,JPM
2010-12-20,1.02,1.46,0.88000000000003,1.14,22933220,0.86000000000004,0.70582304008067,JPM
2010-12-21,1.35,2.43,1.17,2.19,30680880,1.14,2.6282853566959,JPM
2010-12-22,2.36,3.73,2.35,3.35,47222380,2.19,2.8292682926829,JPM
2010-12-23,3.34,3.46,3.01,3.27,18927210,3.35,-0.18975332068311,JPM
2010-12-27,3.01,3.87,2.99,3.86,17189550,3.27,1.4020912547529,JPM
2010-12-28,3.89,4.3101,3.66,3.8,20368040,3.86,-0.14061401453012,JPM
2010-12-29,3.77,3.96,3.49,3.55,13616770,3.8,-0.58671673316123,JPM
2010-12-30,3.5,3.66,3.2415,3.42,12889560,3.55,-0.30689329556186,JPM
2010-12-31,3.3,3.64,3.23,3.61,12169810,3.42,0.44991712053044,JPM
2011-01-03,4.19,5.225,4.15,4.77,43170320,3.61,2.7345591702027,JPM
2011-01-04,5.02,5.54,4.5797,5.4,40010880,4.77,1.3308857273979,JPM
2011-01-05,5.16,6.19,5.14,5.94,49995150,5.4,1.2228260869565,JPM
2011-01-06,5.64,6.04,5.49,5.72,31594110,5.94,-0.49217002237138,JPM
2011-01-07,5.78,5.83,3.885,4.88,69526140,5.72,-1.8884892086331,JPM
2011-01-10,4.51,5.005,4.24,4.64,30068830,4.88,-0.5499541704858,JPM
2011-01-11,4.94,5.26,4.66,4.84,27985030,4.64,0.46082949308756,JPM
2011-01-12,5.68,6.14,5.49,5.95,39620690,4.84,2.545871559633,JPM
2011-01-13,6.18,6.21,5.41,5.69,42068320,5.95,-0.58152538581972,JPM
2011-01-14,5.75,7.18,5.69,6.15,86900870,5.69,1.0348706411698,JPM
2011-01-18,6.26,6.66,5.74,5.99,45933300,6.15,-0.35626809173903,JPM
2011-01-19,5.79,6.21,4.84,4.95,44849110,5.99,-2.3240223463687,JPM
2011-01-20,5.07,6.23,4.85,5.99,46836320,4.95,2.3793182338138,JPM
2011-01-21,6.29,6.78,6.09,6.53,44741340,5.99,1.2067039106145,JPM
2011-01-24,6.45,6.72,6.1,6.26,27503330,6.53,-0.5961580922941,JPM
2011-01-25,6.06,6.67,5.5,6.11,35847680,6.26,-0.33318525099957,JPM
2011-01-26,6.44,6.72,6.11,6.22,25609690,6.11,0.24515266324939,JPM
2011-01-27,6.22,6.62,5.93,6.34,26728870,6.22,0.26678523788351,JPM
2011-01-28,6.29,7.12,5.64,5.78,38571000,6.34,-1.2416851441242,JPM
2011-01-31,5.65,6.34,5.64,6.18,23559080,5.78,0.89806915132465,JPM
2011-02-01,6.44,7.24,6.4,7.17,28202700,6.18,2.2029372496662,JPM
2011-02-02,7.03,7.22,6.58,6.69,24092000,7.17,-1.0450685826257,JPM
2011-02-03,6.72,6.99,6.08,6.7,23294060,6.69,0.022002200220018,JPM
2011-02-04,6.24,6.41,5.54,5.83,38068980,6.7,-1.9137703475583,JPM
2011-02-07,5.99,6.99,5.89,6.74,36719680,5.83,2.0408163265306,JPM
2011-02-08,6.73,7.06,6.55,6.98,28621210,6.74,0.52747252747253,JPM
2011-02-09,6.6,6.74,5.89,6.35,33464540,6.98,-1.3773502404897,JPM
2011-02-10,6.34,6.78,6.19,6.77,22672920,6.35,0.93105741520727,JPM
2011-02-11,6.64,8.13,6.64,7.81,40742680,6.77,2.2842082143642,JPM
2011-02-14,7.84,8.135,7.71,7.78,28683610,7.81,-0.06441915396178,JPM
2011-02-15,7.8,8.58,7.78,8.06,35948440,7.78,0.60163300386764,JPM
2011-02-16,8.39,9.6,8.34,9.18,44278500,8.06,2.3921401110636,JPM
2011-02-17,9.01,9.23,8.74,9.06,22924220,9.18,-0.25031289111389,JPM
2011-02-18,9.06,9.37,8.79,9.24,23827220,9.06,0.37641154328733,JPM
2011-02-22,8.44,8.51,7.09,7.25,44464070,9.24,-4.1458333333333,JPM
2011-02-23,7.28,7.74,6.53,7.2,36237930,7.25,-0.10867202782003,JPM
2011-02-24,6.87,7.3,6.45,7.15,31903430,7.2,-0.10879025239339,JPM
2011-02-25,7.49,8.1,7.36,7.92,26750100,7.15,1.6771945109998,JPM
2011-02-28,8.05,8.42,7.66,7.93,25952250,7.92,0.021422450728359,JPM
2011-03-01,7.71,7.93,6.83,6.84,33616110,7.93,-2.3345470122082,JPM
2011-03-02,6.63,7.21,6.3067,6.45,28578490,6.84,-0.85526315789474,JPM
2011-03-03,6.96,7.57,6.95,7.32,22997390,6.45,1.9243530192435,JPM
2011-03-04,7.22,7.275,6.34,6.76,27705140,7.32,-1.2152777777778,JPM
2011-03-07,6.86,6.89,6.0,6.43,28114030,6.76,-0.7249560632689,JPM
2011-03-08,6.62,7.93,6.54,7.64,32876550,6.43,2.6775835361806,JPM
2011-03-09,7.57,8.34,7.26,7.8,25172510,7.64,0.3448275862069,JPM
2011-03-10,7.32,7.49,6.5,6.77,33788000,7.8,-2.2121993127148,JPM
2011-03-11,6.52,7.08,6.49,6.98,20365310,6.77,0.46123435097738,JPM
2011-03-14,6.66,6.78,5.87,6.54,24509350,6.98,-0.96195889811982,JPM
2011-03-15,5.79,6.23,5.09,5.85,35669250,6.54,-1.523178807947,JPM
2011-03-16,5.88,6.02,4.9,5.05,42013160,5.85,-1.7933198834342,JPM
2011-03-17,5.7,5.85,4.64,5.8,46673080,5.05,1.7119379137183,JPM
2011-03-18,6.485,7.42,5.99,6.98,77390730,5.8,2.6481149012567,JPM
2011-03-21,7.52,7.56,6.56,6.87,28949340,6.98,-0.24048972452995,JPM
2011-03-22,6.9,6.95,6.59,6.71,19764320,6.87,-0.35064650449267,JPM
2011-03-23,6.53,6.93,6.01,6.84,26681580,6.71,0.28590279305037,JPM
2011-03-24,6.94,7.08,6.33,6.97,21748970,6.84,0.28508771929824,JPM
2011-03-25,6.94,7.62,6.91,7.1,20713450,6.97,0.28427727968511,JPM
2011-03-28,7.34,7.74,7.19,7.2,19031030,7.1,0.21805494984736,JPM
2011-03-29,7.07,7.275,6.755,7.26,17845910,7.2,0.13054830287207,JPM
2011-03-30,7.77,8.09,7.455,7.69,26812930,7.26,0.93437635810517,JPM
2011-03-31,7.29,7.58,7.195,7.34,23343080,7.69,-0.75349838536061,JPM
2011-04-01,7.79,8.12,7.42,7.59,25264550,7.34,0.54229934924078,JPM
2011-04-04,7.61,8.01,7.54,7.83,15693890,7.59,-0.021574973031279,JPM
2011-04-05,7.66,8.26,7.54,8.07,21075970,7.83,0.51791109192921,JPM
2011-04-06,8.3,9.22,8.12,9.13,31171520,8.07,2.2756547874624,JPM
2011-04-07,9.13,9.29,8.45,8.89,29861290,9.13,-0.50377833753149,JPM
2011-04-08,9.01,9.15,8.12,8.33,23773190,8.89,-1.1814345991561,JPM
2011-04-11,8.49,8.76,8.24,8.35,25628630,8.33,0.042698548249351,JPM
2011-04-12,8.04,8.6,7.74,8.13,27172770,8.35,-0.46948356807511,JPM
2011-04-13,8.73,8.86,7.37,7.74,55318340,8.13,-0.83619210977702,JPM
2011-04-14,7.17,7.24,6.4,6.46,45198890,7.74,-2.7675675675676,JPM
2011-04-15,6.73,6.86,6.32,6.38,32474670,6.46,-0.17789637536135,JPM
2011-04-18,5.76,5.84,5.02,5.45,51940970,6.38,-2.0717308977501,JPM
2011-04-19,5.75,6.2,5.25,6.1401,26709830,5.45,1.5698362147407,JPM
2011-04-20,6.39,6.46,5.43,6.05,35552260,6.1401,-0.20179126138575,JPM
2011-04-21,6.17,6.33,5.61,6.17,24371600,6.05,0.26929982046678,JPM
2011-04-25,6.14,6.51,5.87,6.1,17356340,6.17,-0.15666965085049,JPM
2011-04-26,6.34,6.92,6.1,6.61,25844860,6.1,1.1432414256893,JPM
2011-04-27,6.79,7.12,6.54,6.99,20838600,6.61,0.84219858156029,JPM
2011-04-28,7.1,7.42,6.9,7.34,19847230,6.99,0.76923076923077,JPM
2011-04-29,7.3,7.51,6.89,7.12,23352710,7.34,-0.47982551799345,JPM
2011-05-02,7.43,7.48,6.6,6.67,25851500,7.12,-0.98619329388561,JPM
2011-05-03,6.44,7.56,6.35,7.41,30028770,6.67,1.6378928729526,JPM
2011-05-04,7.47,7.53,6.77,6.99,22712630,7.41,-0.91463414634147,JPM
2011-05-05,6.73,7.2,6.48,6.66,26134780,6.99,-0.72527472527472,JPM
2011-05-06,6.96,7.2,6.25,6.53,26351710,6.66,-0.28780163825548,JPM
2011-05-09,6.24,6.6,5.81,6.45,22588440,6.53,-0.17761989342806,JPM
2011-05-10,6.55,6.99,6.47,6.65,22549080,6.45,0.44483985765124,JPM
2011-05-11,6.505,6.525,5.6,5.72,31541310,6.65,-2.0593445527015,JPM
2011-05-12,5.59,5.82,5.04,5.58,29481180,5.72,-0.31652724395205,JPM
2011-05-13,5.55,5.5901,4.47,4.64,32835620,5.58,-2.1320027217056,JPM
2011-05-16,4.46,4.97,4.21,4.37,34909390,4.64,-0.62572421784472,JPM
2011-05-17,4.17,5.51,4.14,5.3,36294050,4.37,2.1688432835821,JPM
2011-05-18,5.21,5.73,4.9,5.57,24373010,5.3,0.61629764893859,JPM
2011-05-19,5.81,5.84,5.24,5.49,19473520,5.57,-0.18148820326678,JPM
2011-05-20,5.32,5.58,4.58,4.62,29900460,5.49,-1.9772727272727,JPM
2011-05-23,3.89,4.39,3.79,4.04,31711640,4.62,-1.3447716206817,JPM
2011-05-24,4.26,4.41,3.18,3.83,39787020,4.04,-0.49353701527613,JPM
2011-05-25,3.6,4.24,3.59,3.76,26491950,3.83,-0.16532829475673,JPM
2011-05-26,3.61,4.08,3.59,3.94,21623240,3.76,0.42583392476934,JPM
2011-05-27,4.19,4.64,4.03,4.28,24716170,3.94,0.80094228504122,JPM
2011-05-31,4.73,4.87,4.26,4.73,28719740,4.28,1.0516475812106,JPM
2011-06-01,4.36,4.48,3.22,3.25,38445290,4.73,-3.422756706753,JPM
2011-06-02,3.42,3.69,2.32,3.1,45457690,3.25,-0.35919540229885,JPM
2011-06-03,2.58,3.74,2.505,3.06,31830920,3.1,-0.096130737803411,JPM
2011-06-06,2.59,2.73,1.86,2.02,40852410,3.06,-2.5018041857108,JPM
2011-06-07,2.41,2.8,2.14,2.21,36311620,2.02,0.4687885516901,JPM
2011-06-08,2.07,2.56,1.69,1.88,38856750,2.21,-0.81041257367387,JPM
2011-06-09,2.08,2.73,2.03,2.47,30039690,1.88,1.4607576132706,JPM
2011-06-10,2.08,2.99,1.59,2.54,48527820,2.47,0.17081503172279,JPM
2011-06-13,2.78,3.31,2.21,3.16,31739260,2.54,1.510353227771,JPM
2011-06-14,3.62,3.93,2.97,3.095,32079740,3.16,-0.15598752099833,JPM
2011-06-15,2.51,2.89,1.74,2.17,37217060,3.095,-2.2232904698954,JPM
2011-06-16,2.12,2.2,1.19,1.85,50228110,2.17,-0.7866273352999,JPM
2011-06-17,2.34,2.55,2.03,2.29,31999170,1.85,1.0901883052527,JPM
2011-06-20,1.99,2.3,1.61,1.97,21351170,2.29,-0.7843137254902,JPM
2011-06-21,2.17,2.72,1.74,2.4,34007470,1.97,1.0622529644269,JPM
2011-06-22,2.16,3.02,1.97,2.18,27304570,2.4,-0.53776582742605,JPM
2011-06-23,1.61,1.74,1.11,1.56,48245740,2.18,-1.5237159007127,JPM
2011-06-24,1.54,1.67,0.93000000000003,0.98000000000003,36077290,1.56,-1.4474669328675,JPM
2011-06-27,0.89000000000003,1.6,0.82000000000003,1.37,30593030,0.98000000000003,0.98759179539124,JPM
2011-06-28,1.56,1.56,0.73000000000003,1.03,41454690,1.37,-0.85255767301907,JPM
2011-06-29,1.53,2.05,1.41,1.94,44705150,1.03,2.3014668689934,JPM
2011-06-30,2.21,2.56,1.86,2.43,27958800,1.94,1.2113720642769,JPM
2011-07-01,2.55,3.46,2.51,3.32,32045700,2.43,1.5632633121641,JPM
2011-07-05,3.25,3.25,2.71,2.77,23771110,3.32,-1.3227513227513,JPM
2011-07-06,2.33,2.39,1.92,2.3,23827120,2.77,-1.1455032902754,JPM
2011-07-07,2.93,3.53,2.84,3.06,28480130,2.3,1.8737672583826,JPM
2011-07-08,2.44,2.71,2.3,2.48,20643920,3.06,-1.4036786060019,JPM
2011-07-11,1.93,1.955,1.03,1.17,38192460,2.48,-3.2155130093274,JPM
2011-07-12,0.98000000000003,1.86,0.98000000000003,1.13,33778160,1.17,-0.10144559979711,JPM
2011-07-13,1.41,2.11,1.15,1.36,33964730,1.13,0.58390454430058,JPM
2011-07-14,2.92,2.98,2.03,2.09,65252380,1.36,1.8425037859667,JPM
2011-07-15,2.35,2.49,1.24,1.72,46522900,2.09,-0.91697645600992,JPM
2011-07-18,1.53,1.74,0.67000000000003,1.57,47570900,1.72,-0.37518759379689,JPM
2011-07-19,1.66,2.23,1.45,2.13,34790960,1.57,1.4059753954306,JPM
2011-07-20,2.43,3.095,2.36,2.7,31210700,2.13,1.4112404060411,JPM
2011-07-21,3.31,4.29,2.97,4.03,45516080,2.7,3.2470703125,JPM
2011-07-22,4.01,4.06,3.5,3.93,19902070,4.03,-0.23646252069047,JPM
2011-07-25,3.26,3.65,3.03,3.43,22500840,3.93,-1.1851149561507,JPM
2011-07-26,3.24,3.53,3.03,3.18,24328140,3.43,-0.59966418805469,JPM
2011-07-27,2.94,3.14,2.33,2.41,32281810,3.18,-1.8581081081081,JPM
2011-07-28,2.43,2.98,2.36,2.42,23361010,2.41,0.024588148512412,JPM
2011-07-29,1.98,2.49,1.64,2.19,37778660,2.42,-0.5653883972468,JPM
2011-08-01,2.9,3.11,1.7,2.18,34026910,2.19,-0.024721878862806,JPM
2011-08-02,1.84,2.12,1.58,1.58,43892100,2.18,-1.4836795252225,JPM
2011-08-03,1.5,1.76,1.085,1.64,41604600,1.58,0.15060240963854,JPM
2011-08-04,1.05,1.33,-0.43999999999998,-0.33999999999998,59770070,1.64,-4.9624060150376,JPM
2011-08-05,0.040000000000021,0.49000000000003,-1.54,-0.65999999999998,85460350,-0.33999999999998,-0.84388185654009,JPM
2011-08-08,-2.03,-0.53999999999998,-4.57,-4.2,107226500,-0.65999999999998,-9.4148936170213,JPM
2011-08-09,-2.88,-1.6699,-4.57,-1.86,78867450,-4.2,6.8702290076336,JPM
2011-08-10,-2.74,-2.41,-4.2754,-3.89,83802320,-1.86,-5.5769230769231,JPM
2011-08-11,-3.63,-0.95999999999999,-3.63,-1.57,69415700,-3.89,6.7500727378528,JPM
2011-08-12,-1.13,-0.40999999999998,-2.68,-2.35,44009880,-1.57,-2.1259198691742,JPM
2011-08-15,-1.73,-1.12,-1.87,-1.38,34744970,-2.35,2.7011974380396,JPM
2011-08-16,-1.99,-1.69,-2.49,-2.23,42185730,-1.38,-2.3047722342733,JPM
2011-08-17,-1.8,-0.99999999999999,-1.94,-1.69,29635740,-2.23,1.4987510407993,JPM
2011-08-18,-2.99,-2.79,-3.76,-3.07,56943720,-1.69,-3.7735849056604,JPM
2011-08-19,-3.5,-2.76,-4.0,-3.91,52883340,-3.07,-2.387041773231,JPM
2011-08-22,-3.14,-3.08,-4.91,-4.85,50897770,-3.91,-2.7365356622999,JPM
2011-08-23,-4.97,-3.46,-5.95,-3.48,55684420,-4.85,4.1005686920084,JPM
2011-08-24,-3.44,-2.25,-3.58,-2.43,41893860,-3.48,3.0189764232317,JPM
2011-08-25,-0.46999999999998,0.31000000000003,-2.84,-2.54,55299440,-2.43,-0.30700530281887,JPM
2011-08-26,-2.98,-1.78,-3.44,-2.05,35014040,-2.54,1.3717805151176,JPM
2011-08-29,-1.44,-0.61999999999998,-1.79,-0.61999999999998,27858960,-2.05,3.949185307926,JPM
2011-08-30,-0.85999999999999,-0.53999999999998,-1.51,-1.2,28804800,-0.61999999999998,-1.5409139213603,JPM
2011-08-31,-0.83999999999998,-0.22999999999997,-1.045,-0.69999999999998,30036830,-1.2,1.3491635186185,JPM
2011-09-01,-0.63999999999998,-0.43999999999998,-1.97,-1.96,36804660,-0.69999999999998,-3.3546325878594,JPM
2011-09-02,-3.2,-3.01,-3.75,-3.63,41577200,-1.96,-4.6005509641873,JPM
2011-09-06,-5.15,-4.76,-5.48,-4.82,56967610,-3.63,-3.4363268842045,JPM
2011-09-07,-4.16,-3.28,-4.39,-3.44,36029740,-4.82,4.1267942583732,JPM
2011-09-08,-3.82,-3.35,-4.82,-4.75,44710400,-3.44,-3.7622056289489,JPM
2011-09-09,-5.18,-5.06,-6.33,-6.18,67077040,-4.75,-4.2673828707848,JPM
2011-09-12,-6.91,-5.84,-7.05,-5.84,53346150,-6.18,1.0598503740648,JPM
2011-09-13,-5.45,-4.85,-6.09,-5.77,50092160,-5.84,0.21591610117212,JPM
2011-09-14,-5.53,-5.07,-6.4,-5.46,44394910,-5.77,0.95413973530316,JPM
2011-09-15,-4.89,-4.44,-5.13,-4.45,35768990,-5.46,3.0792682926829,JPM
2011-09-16,-4.21,-3.99,-5.24,-4.83,52677580,-4.45,-1.1239278320024,JPM
2011-09-19,-5.57,-5.37,-6.13,-5.77,33136370,-4.83,-2.8118456476219,JPM
2011-09-20,-5.49,-5.46,-6.02,-6.01,33452220,-5.77,-0.73868882733149,JPM
2011-09-21,-6.03,-5.81,-8.0,-7.92,57335310,-6.01,-5.922480620155,JPM
2011-09-22,-8.91,-8.63,-9.73,-8.99,86257360,-7.92,-3.5266974291365,JPM
2011-09-23,-9.3,-8.46,-9.399,-8.67,51689720,-8.99,1.0932695592757,JPM
2011-09-26,-8.2,-6.45,-8.3,-6.61,58619150,-8.67,6.961811422778,JPM
2011-09-27,-5.64,-5.13,-7.01,-6.69,58198920,-6.61,-0.25276461295418,JPM
2011-09-28,-6.64,-6.26,-7.84,-7.79,38578080,-6.69,-3.4843205574913,JPM
2011-09-29,-6.68,-6.15,-7.82,-6.87,50990680,-7.79,3.019363308172,JPM
2011-09-30,-7.52,-7.31,-8.15,-8.14,42418880,-6.87,-4.0458744823192,JPM
2011-10-03,-8.23,-7.56,-9.62,-9.61,50848000,-8.14,-4.8804780876494,JPM
2011-10-04,-9.76,-7.58,-10.16,-7.75,69758650,-9.61,5.6195462478185,JPM
2011-10-05,-7.78,-6.84,-8.61,-7.17,51070360,-7.75,1.9167217448777,JPM
2011-10-06,-7.3,-5.55,-7.59,-5.63,53184160,-7.17,4.9935149156939,JPM
2011-10-07,-5.43,-5.4,-7.36,-7.31,49311710,-5.63,-5.1883878937616,JPM
2011-10-10,-6.41,-5.69,-6.43,-5.71,37301880,-7.31,5.2117263843648,JPM
2011-10-11,-6.03,-5.33,-6.6,-5.71,38146010,-5.71,0.0,JPM
2011-10-12,-5.25,-4.14,-5.32,-4.81,55381210,-5.71,2.7863777089783,JPM
2011-10-13,-5.56,-5.52,-7.09,-6.41,78782520,-4.81,-4.8192771084337,JPM
2011-10-14,-6.14,-5.69,-6.61,-6.12,51893950,-6.41,0.91772151898734,JPM
2011-10-17,-6.37,-5.92,-7.04,-6.97,40849890,-6.12,-2.6654123549702,JPM
2011-10-18,-6.65,-4.59,-6.87,-5.14,64365210,-6.97,5.895618556701,JPM
2011-10-19,-5.24,-4.0,-5.98,-5.76,50112400,-5.14,-1.8862184362641,JPM
2011-10-20,-5.69,-4.82,-6.34,-4.88,41652850,-5.76,2.7286821705426,JPM
2011-10-21,-4.53,-3.97,-5.0,-4.59,48424620,-4.88,0.87533957138545,JPM
2011-10-24,-4.4,-3.32,-4.44,-3.44,44661510,-4.59,3.44105326152,JPM
2011-10-25,-3.83,-3.7601,-4.65,-4.52,37638530,-3.44,-3.1240960370263,JPM
2011-10-26,-3.9,-3.6,-4.51,-3.83,36323630,-4.52,2.0603165123918,JPM
2011-10-27,-1.45,-0.46999999999998,-2.31,-0.98999999999998,76154990,-3.83,8.3089526038619,JPM
2011-10-28,-1.4,-1.03,-1.82,-1.32,39879940,-0.98999999999998,-0.89141004862238,JPM
2011-10-31,-2.08,-2.01,-3.28,-3.25,46398200,-1.32,-5.2602889070591,JPM
2011-11-01,-5.54,-4.37,-6.17,-5.3,73937460,-3.25,-5.897583429229,JPM
2011-11-02,-4.3,-4.27,-4.95,-4.37,34322450,-5.3,2.8431672271477,JPM
2011-11-03,-3.89,-3.49,-5.17,-3.63,40063430,-4.37,2.1997621878716,JPM
2011-11-04,-4.02,-3.95,-4.56,-4.04,30836050,-3.63,-1.1925538103549,JPM
2011-11-07,-3.98,-3.67,-4.3,-3.77,25917200,-4.04,0.79481895790404,JPM
2011-11-08,-3.48,-2.83,-3.99,-2.99,30184410,-3.77,2.2780373831776,JPM
2011-11-09,-4.17,-4.025,-5.63,-5.47,52969710,-2.99,-7.0816676185037,JPM
2011-11-10,-5.09,-4.78,-5.73,-5.27,30431490,-5.47,0.61462814996928,JPM
2011-11-11,-4.73,-4.16,-4.99,-4.73,29989577,-5.27,1.6493585827734,JPM
2011-11-14,-5.06,-5.03,-5.79,-5.46,27596216,-4.73,-2.1935096153846,JPM
2011-11-15,-5.92,-4.9,-5.93,-5.31,31260405,-5.46,0.46082949308758,JPM
2011-11-16,-5.67,-5.522,-6.61,-6.54,40699105,-5.31,-3.7614678899083,JPM
2011-11-17,-6.61,-6.51,-7.67,-7.52,55087480,-6.54,-3.1140768986336,JPM
2011-11-18,-7.34,-7.165,-7.68,-7.39,39033896,-7.52,0.42636930141031,JPM
2011-11-21,-7.99,-7.82,-8.41,-8.1,39613330,-7.39,-2.3187459177009,JPM
2011-11-22,-8.11,-7.91,-8.63,-8.6,36442390,-8.1,-1.6716817118021,JPM
2011-11-23,-8.9,-8.86,-9.68,-9.63,44473051,-8.6,-3.502210132608,JPM
2011-11-25,-9.73,-8.84,-9.73,-9.53,21423180,-9.63,0.3523608174771,JPM
2011-11-28,-8.3,-7.94,-9.19,-8.85,45273580,-9.53,2.3876404494382,JPM
2011-11-29,-9.03,-8.88,-9.53,-9.45,45063190,-8.85,-2.0576131687243,JPM
2011-11-30,-7.86,-7.01,-8.21,-7.04,61345980,-9.45,8.4383753501401,JPM
2011-12-01,-7.15,-7.04,-7.98,-7.55,33148970,-7.04,-1.6467549241201,JPM
2011-12-02,-7.13,-4.74,-7.2,-5.68,90519608,-7.55,6.1391989494419,JPM
2011-12-05,-4.37,-3.91,-4.79,-4.5,52191880,-5.68,3.6498608103928,JPM
2011-12-06,-4.75,-4.43,-5.33,-4.78,38778770,-4.5,-0.83557147120263,JPM
2011-12-07,-5.19,-3.82,-5.29,-4.01,44675340,-4.78,2.3171832681312,JPM
2011-12-08,-4.46,-4.31,-5.93,-5.79,47757000,-4.01,-5.2352941176471,JPM
2011-12-09,-5.65,-4.7,-5.65,-4.83,39106916,-5.79,2.9795158286778,JPM
2011-12-12,-5.46,-5.41,-6.25,-5.97,35960360,-4.83,-3.4358047016275,JPM
2011-12-13,-5.64,-5.38,-7.14,-6.72,49449740,-5.97,-2.3408239700375,JPM
2011-12-14,-7.13,-6.07,-7.18,-6.5,41117800,-6.72,0.7031000319591,JPM
2011-12-15,-5.91,-5.73,-6.44,-6.25,33392480,-6.5,0.79339892097747,JPM
2011-12-16,-5.85,-5.41,-6.2009,-6.12,52598292,-6.25,0.40931989924433,JPM
2011-12-19,-6.14,-6.11,-7.59,-7.31,47187840,-6.12,-3.7315772969583,JPM
2011-12-20,-6.61,-5.57,-6.77,-5.8,48656910,-7.31,4.9185667752443,JPM
2011-12-21,-6.01,-5.6,-6.11,-5.69,30670540,-5.8,0.34150884818379,JPM
2011-12-22,-4.56,-4.46,-5.4699,-4.56,35538850,-5.69,3.4962871287129,JPM
2011-12-23,-4.44,-4.31,-4.88,-4.44,21880570,-4.56,0.35874439461883,JPM
2011-12-27,-4.79,-4.32,-4.98,-4.98,16803830,-4.44,-1.6085790884718,JPM
2011-12-28,-5.02,-4.92,-5.4362,-5.36,19141610,-4.98,-1.1504692703603,JPM
2011-12-29,-5.3,-4.49,-5.3,-4.59,19713960,-5.36,2.3583460949464,JPM
2011-12-30,-4.9,-4.59,-4.95,-4.76,18165240,-4.59,-0.50867743865949,JPM
2012-01-03,-3.95,-2.82,-4.0,-3.03,43994670,-4.76,5.203007518797,JPM
2012-01-04,-3.32,-2.61,-3.43,-2.81,36436730,-3.03,-0.085763293310446,JPM
2012-01-05,-3.05,-1.84,-3.355,-2.08,38296200,-2.81,2.0886981402003,JPM
2012-01-06,-2.07,-1.99,-2.62,-2.4,33031870,-2.08,-0.89686098654709,JPM
2012-01-09,-2.32,-2.08,-2.77,-2.46,22946140,-2.4,-0.16968325791856,JPM
2012-01-10,-1.69,-1.41,-2.0,-1.71,35811330,-2.46,2.1246458923513,JPM
2012-01-11,-1.96,-1.02,-2.1,-1.1,29815470,-1.71,1.6920943134535,JPM
2012-01-12,-0.93999999999998,-0.70999999999999,-1.59,-0.90999999999998,39225760,-1.1,0.51827605019096,JPM
2012-01-13,-2.5,-1.84,-2.63,-1.84,61549960,-0.90999999999998,-2.5237449118046,JPM
2012-01-17,-2.91,-2.08,-3.26,-2.85,55058410,-1.84,-2.8118040089087,JPM
2012-01-18,-3.22,-1.08,-3.23,-1.22,55386460,-2.85,4.6691492409052,JPM
2012-01-19,-0.91999999999998,-0.60999999999998,-1.05,-0.82999999999998,36958100,-1.22,1.0673234811166,JPM
2012-01-20,-0.97999999999998,-0.35999999999998,-1.14,-0.39999999999998,34648230,-0.82999999999998,1.164365014893,JPM
2012-01-23,-0.44999999999998,0.18000000000003,-0.48999999999998,-0.099999999999979,27498690,-0.39999999999998,0.80299785867237,JPM
2012-01-24,-0.57999999999998,0.12870000000002,-0.95999999999999,-0.099999999999979,25366590,-0.099999999999979,0.0,JPM
2012-01-25,-0.39999999999998,0.060000000000024,-0.63999999999998,-0.15999999999997,29860610,-0.099999999999979,-0.15932023366966,JPM
2012-01-26,0.12000000000003,0.34000000000003,-0.50999999999998,-0.26999999999998,33180000,-0.15999999999997,-0.29255319148936,JPM
2012-01-27,-0.52999999999998,-0.099999999999979,-0.60999999999998,-0.54999999999998,27560910,-0.26999999999998,-0.74686583088824,JPM
2012-01-30,-1.1,-0.58999999999998,-1.4,-0.74999999999999,24365910,-0.54999999999998,-0.53748992206397,JPM
2012-01-31,-0.22999999999997,-0.21499999999997,-0.82999999999998,-0.45999999999998,29561750,-0.74999999999999,0.78357200756552,JPM
2012-02-01,0.13000000000002,0.27000000000003,-0.25999999999998,-0.15999999999997,41933270,-0.45999999999998,0.80428954423594,JPM
2012-02-02,-0.069999999999978,0.40000000000002,-0.33999999999998,-0.20999999999998,26699960,-0.15999999999997,-0.13297872340427,JPM
2012-02-03,0.51000000000003,0.74000000000003,0.29000000000002,0.52000000000003,41012730,-0.20999999999998,1.9440745672437,JPM
2012-02-06,0.30000000000003,0.56000000000003,0.045000000000024,0.38000000000003,23082940,0.52000000000003,-0.36572622779519,JPM
2012-02-07,0.10000000000002,0.36000000000002,-0.059999999999973,0.11000000000002,21016290,0.38000000000003,-0.70791819611957,JPM
2012-02-08,0.29000000000002,0.59000000000003,0.21000000000003,0.54000000000002,23189000,0.11000000000002,1.1354634275152,JPM
2012-02-09,0.84000000000003,0.92000000000003,0.080000000000028,0.10000000000002,28566040,0.54000000000002,-1.1488250652741,JPM
2012-02-10,-0.53999999999998,0.010000000000027,-0.64999999999998,-0.14999999999998,22599170,0.10000000000002,-0.66032752245114,JPM
2012-02-13,0.32000000000003,0.58000000000003,0.017000000000025,0.54000000000002,24760230,-0.14999999999998,1.8346184525392,JPM
2012-02-14,0.47000000000002,0.50000000000003,-0.31999999999998,0.16000000000003,27027490,0.54000000000002,-0.99216710182766,JPM
2012-02-15,0.32000000000003,0.64000000000003,-0.44999999999998,-0.35999999999998,26465410,0.16000000000003,-1.3713080168776,JPM
2012-02-16,-0.60999999999998,0.36000000000002,-0.70999999999999,0.24000000000003,22100110,-0.35999999999998,1.6042780748663,JPM
2012-02-17,0.84000000000003,0.88000000000003,0.47000000000002,0.71000000000003,27970770,0.24000000000003,1.2368421052632,JPM
2012-02-21,0.89000000000003,1.215,0.65000000000003,0.70000000000003,22777710,0.71000000000003,-0.025994281258118,JPM
2012-02-22,0.54000000000002,0.63000000000003,0.14000000000002,0.31000000000003,23316010,0.70000000000003,-1.0140405616225,JPM
2012-02-23,0.30000000000003,0.76000000000003,-0.0099999999999758,0.73000000000003,31275900,0.31000000000003,1.1032308904649,JPM
2012-02-24,0.90000000000003,0.92000000000003,0.43000000000003,0.52000000000003,17484360,0.73000000000003,-0.54559625876851,JPM
2012-02-27,1.3,1.47,0.030000000000023,1.3,33894880,0.52000000000003,2.0376175548589,JPM
2012-02-28,1.45,1.79,1.0882,1.45,37825710,1.3,0.38402457757296,JPM
2012-02-29,1.48,2.175,1.26,1.48,41122310,1.45,0.076511094108649,JPM
2012-03-01,2.61,2.69,1.71,2.61,44297150,1.48,2.8797145769623,JPM
2012-03-02,2.67,3.12,2.47,2.87,34764230,2.61,0.64404260589548,JPM
2012-03-05,2.94,2.95,2.24,2.64,30794940,2.87,-0.56608417425549,JPM
2012-03-06,1.69,2.11,1.36,1.56,33841180,2.64,-2.6732673267327,JPM
2012-03-07,2.19,2.3,1.62,2.19,22871680,1.56,1.6022380467955,JPM
2012-03-08,2.68,2.99,2.46,2.68,22000920,2.19,1.2265331664581,JPM
2012-03-09,2.99,3.68,2.74,3.27,33489400,2.68,1.4589515331355,JPM
2012-03-12,3.1,3.22,2.44,2.78,30725380,3.27,-1.1942481111382,JPM
2012-03-13,3.26,5.97,3.06,5.63,76931800,2.78,7.0300937345831,JPM
2012-03-14,5.86,6.24,5.31,5.82,67902300,5.63,0.43788891449642,JPM
2012-03-15,5.88,7.16,5.17,6.94,57109250,5.82,2.5699862322166,JPM
2012-03-16,7.11,7.16,6.46,6.81,48798630,6.94,-0.29082774049218,JPM
2012-03-19,6.68,7.59,6.45,7.24,41508700,6.81,0.96477451200359,JPM
2012-03-20,6.77,7.84,6.61,7.62,34777910,7.24,0.84444444444445,JPM
2012-03-21,7.77,7.91,7.1,7.36,27242450,7.62,-0.57293962097842,JPM
2012-03-22,6.96,7.335,6.65,6.89,27426020,7.36,-1.0416666666667,JPM
2012-03-23,6.69,7.49,6.68,7.4,30635610,6.89,1.1422172452408,JPM
2012-03-26,7.72,8.41,7.64,8.41,33526170,7.4,2.2364924712135,JPM
2012-03-27,8.16,8.73,8.07,8.13,33014560,8.41,-0.606454407624,JPM
2012-03-28,8.0,8.55,7.6,8.51,29736860,8.13,0.82806711701896,JPM
2012-03-29,8.16,8.26,7.51,7.91,32173210,8.51,-1.2967365463583,JPM
2012-03-30,8.32,8.37,7.74,8.22,25910460,7.91,0.67878257061527,JPM
2012-04-02,7.99,8.59,7.7,8.37,27896190,8.22,0.32622879512833,JPM
2012-04-03,8.28,8.525,7.51,7.96,30944070,8.37,-1.5391285497507,JPM
2012-04-04,7.22,7.4,6.5,6.95,41214300,7.96,-2.2236900044034,JPM
2012-04-05,6.67,7.27,6.35,6.88,28749790,6.95,-0.15762215717179,JPM
2012-04-09,5.73,6.82,5.61,6.43,29343340,6.88,-1.0148849797023,JPM
2012-04-10,6.42,6.55,5.2,5.5,38793790,6.43,-2.1189336978811,JPM
2012-04-11,6.13,6.75,6.11,6.55,32097540,5.5,2.4441340782123,JPM
2012-04-12,6.66,7.53,6.54,7.38,33475880,6.55,1.8859350147694,JPM
2012-04-13,7.49,7.49,5.6,5.75,58129020,7.38,-3.6351471900089,JPM
2012-04-16,5.92,6.34,5.38,5.87,40363940,5.75,0.27771349224716,JPM
2012-04-17,6.23,6.54,5.7,6.44,26728510,5.87,1.3154858066005,JPM
2012-04-18,6.16,6.45,5.81,5.83,20222110,6.44,-1.3895216400911,JPM
2012-04-19,5.98,6.23,5.31,5.76,25946670,5.83,-0.16170016170016,JPM
2012-04-20,6.05,6.12,5.25,5.26,26164270,5.76,-1.1568718186025,JPM
2012-04-23,4.46,5.5,4.34,5.39,25522370,5.26,0.30430711610487,JPM
2012-04-24,5.52,5.85,5.35,5.82,21406540,5.39,1.0035005834306,JPM
2012-04-25,6.19,6.43,5.52,5.7,31676120,5.82,-0.27726432532349,JPM
2012-04-26,5.76,6.43,5.5999,6.34,28076710,5.7,1.4828544949027,JPM
2012-04-27,6.48,6.53,5.77,5.88,24233590,6.34,-1.0502283105023,JPM
2012-04-30,5.87,5.91,5.08,5.52,23505670,5.88,-0.83064143977851,JPM
2012-05-01,5.54,6.78,5.5,6.33,26339550,5.52,1.8845974872034,JPM
2012-05-02,6.0,6.07,5.38,5.74,22459150,6.33,-1.3473395752455,JPM
2012-05-03,5.92,5.93,5.21,5.55,19493180,5.74,-0.43981481481483,JPM
2012-05-04,4.87,5.22,4.25,4.29,31278590,5.55,-2.9295512671472,JPM
2012-05-07,3.97,4.935,3.91,4.32,25814490,4.29,0.071856287425152,JPM
2012-05-08,4.04,4.38,3.49,3.92,27991710,4.32,-0.9573958831977,JPM
2012-05-09,3.26,3.56,2.66,3.18,38730470,3.92,-1.7883035282745,JPM
2012-05-10,3.77,3.94,3.08,3.28,32445440,3.18,0.24606299212599,JPM
2012-05-11,-0.31999999999998,0.53000000000003,-0.83999999999999,-0.49999999999998,216833500,3.28,-9.2783505154639,JPM
2012-05-14,-1.36,-0.98999999999999,-1.7,-1.67,96347720,-0.49999999999998,-3.1655844155844,JPM
2012-05-15,-1.27,-0.18999999999998,-1.34,-1.22,89659210,-1.67,1.257334450964,JPM
2012-05-16,-0.66999999999998,-0.47999999999999,-2.0,-2.0,68532550,-1.22,-2.1523178807947,JPM
2012-05-17,-2.42,-2.36,-3.58,-3.53,95296220,-2.0,-4.3147208121827,JPM
2012-05-18,-3.97,-3.47,-4.49,-3.97,82618140,-3.53,-1.296787503684,JPM
2012-05-21,-3.94,-3.75,-5.2,-4.95,99508490,-3.97,-2.9262466407883,JPM
2012-05-22,-4.14,-2.88,-4.47,-3.45,84693880,-4.95,4.6139649338665,JPM
2012-05-23,-3.84,-3.04,-4.25,-3.2,52185490,-3.45,0.73507791825934,JPM
2012-05-24,-3.02,-2.98,-3.84,-3.49,37786440,-3.2,-0.84646818447168,JPM
2012-05-25,-3.46,-3.33,-4.17,-3.96,28786420,-3.49,-1.3835737415366,JPM
2012-05-29,-3.48,-3.46,-4.1,-3.83,35785900,-3.96,0.38805970149254,JPM
2012-05-30,-4.16,-4.02,-4.51,-4.5,34139180,-3.83,-1.9922688076123,JPM
2012-05-31,-4.5,-3.99,-4.55,-4.31,42098230,-4.5,0.5764563106796,JPM
2012-06-01,-5.05,-4.81,-5.69,-5.53,50423930,-4.31,-3.6802413273001,JPM
2012-06-04,-5.3,-5.29,-6.63,-6.46,60391170,-5.53,-2.9126213592233,JPM
2012-06-05,-6.57,-5.33,-6.6,-5.47,46348170,-6.46,3.1935483870968,JPM
2012-06-06,-4.75,-4.15,-5.19,-4.39,47807240,-5.47,3.3760550171929,JPM
2012-06-07,-3.69,-3.63,-4.66,-4.65,53803310,-4.39,-0.78621106743271,JPM
2012-06-08,-4.69,-3.78,-4.91,-3.78,34231600,-4.65,2.6516306004267,JPM
2012-06-11,-3.09,-3.02,-4.68,-4.64,46380510,-3.78,-2.5534441805226,JPM
2012-06-12,-4.58,-3.68,-4.95,-3.69,43281090,-4.64,2.8945764777575,JPM
2012-06-13,-3.77,-2.39,-3.83,-3.16,72432790,-3.69,1.5694403316553,JPM
2012-06-14,-3.05,-2.57,-3.39,-2.81,44316870,-3.16,1.0204081632653,JPM
2012-06-15,-2.57,-2.39,-3.05,-2.43,40756040,-2.81,1.0966810966811,JPM
2012-06-18,-2.75,-2.16,-2.96,-2.84,31057180,-2.43,-1.1704253497003,JPM
2012-06-19,-2.47,-1.83,-2.73,-2.08,32461320,-2.84,2.1952628538417,JPM
2012-06-20,-1.43,-0.51999999999999,-1.63,-1.01,60983440,-2.08,3.024307518372,JPM
2012-06-21,-0.96999999999999,-0.42999999999998,-2.03,-1.95,95409090,-1.01,-2.5788751714678,JPM
2012-06-22,-1.44,-0.96999999999999,-1.5,-1.47,44085560,-1.95,1.3517319065052,JPM
2012-06-25,-2.2,-1.99,-2.82,-2.14,33070720,-1.47,-1.8616282300639,JPM
2012-06-26,-1.4,-1.34,-1.88,-1.75,34937460,-2.14,1.1041902604757,JPM
2012-06-27,-1.82,-0.63999999999998,-1.96,-0.67999999999998,34113640,-1.75,2.9963595631476,JPM
2012-06-28,-2.14,-1.53,-2.61,-1.58,69818520,-0.67999999999998,-2.4469820554649,JPM
2012-06-29,-0.75999999999998,-0.65999999999999,-2.21,-1.73,55977040,-1.58,-0.41806020066891,JPM
2012-07-02,-1.19,-1.1,-1.87,-1.18,34216770,-1.73,1.5393226980129,JPM
2012-07-03,-1.2,-1.02,-1.625,-1.28,26705920,-1.18,-1.1025358324145,JPM
2012-07-05,-1.55,-1.5,-2.94,-2.78,58511520,-1.28,-4.180602006689,JPM
2012-07-06,-3.24,-3.04,-3.43,-3.26,31972000,-2.78,-1.3961605584642,JPM
2012-07-09,-3.35,-3.04,-3.62,-3.2,30520580,-3.26,0.17699115044248,JPM
2012-07-10,-2.94,-2.71,-3.35,-2.91,33148850,-3.2,0.85394581861013,JPM
2012-07-11,-2.95,-2.36,-3.0396,-2.57,35112740,-2.91,0.99270072992702,JPM
2012-07-12,-2.83,-2.59,-3.22,-3.12,39183740,-2.57,-1.5900549291703,JPM
2012-07-13,-2.1,-0.95999999999999,-2.3,-1.09,82922740,-3.12,5.9635722679201,JPM
2012-07-16,-1.4,-1.31,-2.43,-2.07,52333970,-1.09,-2.7169392847241,JPM
2012-07-17,-1.72,-1.68,-2.8899,-2.17,43858620,-2.07,-0.28498147620405,JPM
2012-07-18,-2.41,-1.93,-2.51,-2.2,28936570,-2.17,-0.085738782509292,JPM
2012-07-19,-2.14,-1.99,-2.85,-2.7,34381160,-2.2,-1.4302059496568,JPM
2012-07-20,-3.11,-3.03,-3.26,-3.26,36237280,-2.7,-1.6250725478816,JPM
2012-07-23,-3.92,-2.66,-4.06,-2.72,41185060,-3.26,1.5929203539823,JPM
2012-07-24,-2.58,-2.27,-2.94,-2.43,29914580,-2.72,0.84204413472706,JPM
2012-07-25,-2.18,-1.71,-2.37,-1.99,32125300,-2.43,1.2669162107688,JPM
2012-07-26,-1.38,-1.22,-1.82,-1.35,28814100,-1.99,1.8197327267558,JPM
2012-07-27,-1.15,0.040000000000021,-1.65,-0.26999999999998,63632790,-1.35,3.0159173415247,JPM
2012-07-30,-0.65999999999999,-0.63999999999998,-1.22,-1.02,30696800,-0.26999999999998,-2.0330712930333,JPM
2012-07-31,-1.05,-0.82999999999999,-1.25,-1.16,19683270,-1.02,-0.38738240177089,JPM
2012-08-01,-0.96999999999999,-0.75999999999999,-1.34,-1.16,22181410,-1.16,0.0,JPM
2012-08-02,-1.54,-1.32,-2.4,-1.99,36598900,-1.16,-2.3055555555556,JPM
2012-08-03,-1.34,-0.86999999999999,-1.66,-1.07,24429190,-1.99,2.6158657947114,JPM
2012-08-06,-0.91999999999999,-0.35999999999999,-1.05,-0.85999999999999,18965420,-1.07,0.58187863674146,JPM
2012-08-07,-0.58999999999999,0.71000000000002,-0.58999999999999,-0.14999999999998,37071960,-0.85999999999999,1.9559228650138,JPM
2012-08-08,-0.30999999999999,0.32000000000002,-0.40999999999999,1.5099033134902e-14,18608630,-0.14999999999998,0.40529586598216,JPM
2012-08-09,-0.43999999999999,0.10000000000002,-0.56999999999998,-0.23999999999998,23190230,1.5099033134902e-14,-0.6458557588805,JPM
2012-08-10,-0.39999999999999,-0.15999999999998,-0.75999999999999,-0.18999999999998,15438490,-0.23999999999998,0.13542795232935,JPM
2012-08-13,-0.28999999999999,-0.069999999999978,-0.51499999999998,-0.16999999999998,14452740,-0.18999999999998,0.054097917230195,JPM
2012-08-14,0.26000000000002,0.48000000000002,-0.17999999999998,-0.05999999999998,18064200,-0.16999999999998,0.29737766964044,JPM
2012-08-15,-0.089999999999981,0.25000000000002,-0.20999999999998,-0.089999999999981,17475050,-0.05999999999998,-0.080862533692725,JPM
2012-08-16,0.020000000000018,0.19000000000002,-0.35999999999999,-0.05999999999998,15843270,-0.089999999999981,0.080927974103051,JPM
2012-08-17,0.040000000000021,0.040000000000021,-0.35999999999999,-0.17999999999998,17079760,-0.05999999999998,-0.3234501347709,JPM
2012-08-20,-0.23999999999998,0.34000000000002,-0.35999999999999,0.21000000000002,17919070,-0.17999999999998,1.0546241211466,JPM
2012-08-21,0.47000000000002,1.7,0.40000000000002,0.88000000000002,36777260,0.21000000000002,1.7928819909018,JPM
2012-08-22,0.72000000000003,1.02,0.40000000000002,0.67000000000002,16893300,0.88000000000002,-0.55205047318612,JPM
2012-08-23,0.65000000000003,0.73000000000003,0.040000000000021,0.070000000000015,16394160,0.67000000000002,-1.5860428231562,JPM
2012-08-24,-0.21999999999998,0.28000000000002,-0.48999999999999,0.01000000000002,20016510,0.070000000000015,-0.16116035455277,JPM
2012-08-27,0.15000000000002,0.28000000000002,-0.25999999999998,0.070000000000015,17617730,0.01000000000002,0.16142050040354,JPM
2012-08-28,-0.05999999999998,0.33100000000002,-0.25999999999998,-0.029999999999979,18050480,0.070000000000015,-0.26860059092128,JPM
2012-08-29,0.16000000000002,0.33000000000002,-0.099999999999979,0.14000000000002,13680460,-0.029999999999979,0.45785079450578,JPM
2012-08-30,-0.099999999999979,-0.029999999999979,-0.44999999999999,-0.25999999999998,13694820,0.14000000000002,-1.0723860589812,JPM
2012-08-31,-0.019999999999981,0.24000000000002,-0.29999999999999,-0.019999999999981,16769650,-0.25999999999998,0.65040650406505,JPM
2012-09-04,-0.17999999999998,0.08000000000002,-0.37999999999999,-0.14999999999998,13631390,-0.019999999999981,-0.3500269251481,JPM
2012-09-05,-0.079999999999983,0.13000000000002,-0.21999999999998,-0.049999999999982,13287590,-0.14999999999998,0.27019724398812,JPM
2012-09-06,0.42000000000002,1.71,0.34000000000002,1.53,41087420,-0.049999999999982,4.2576125033684,JPM
2012-09-07,1.88,2.37,1.84,2.14,28035620,1.53,1.5766347893513,JPM
2012-09-10,2.07,2.62,1.57,1.6,20848210,2.14,-1.3740458015267,JPM
2012-09-11,1.64,2.47,1.5699,2.44,22354690,1.6,2.1671826625387,JPM
2012-09-12,2.72,3.09,2.625,2.76,29828330,2.44,0.80808080808081,JPM
2012-09-13,2.68,4.42,2.43,4.24,46986690,2.76,3.7074148296593,JPM
2012-09-14,4.8,4.93,4.07,4.41,43434880,4.24,0.41062801932368,JPM
2012-09-17,3.84,4.28,3.79,4.03,19738210,4.41,-0.91412076016359,JPM
2012-09-18,3.89,4.17,3.5,4.1,25181710,4.03,0.16994416120418,JPM
2012-09-19,4.17,4.6,3.88,4.18,22845990,4.1,0.19389238972372,JPM
2012-09-20,3.8,4.12,3.39,4.09,20976240,4.18,-0.21770682148041,JPM
2012-09-21,4.37,4.54,3.61,3.72,28280880,4.09,-0.89696969696969,JPM
2012-09-24,3.45,4.31,3.43,4.07,20494070,3.72,0.85616438356163,JPM
2012-09-25,4.39,4.39,3.37,3.39,21950730,4.07,-1.6492845015765,JPM
2012-09-26,2.99,3.465,2.54,3.08,23781930,3.39,-0.76448828606657,JPM
2012-09-27,3.24,3.83,3.05,3.52,20818220,3.08,1.0934393638171,JPM
2012-09-28,3.26,3.47,3.0,3.32,21371070,3.52,-0.49164208456245,JPM
2012-10-01,3.72,4.34,3.64,3.81,21878530,3.32,1.2104743083004,JPM
2012-10-02,3.98,4.08,3.4,3.76,26631080,3.81,-0.12204051745179,JPM
2012-10-03,3.97,4.14,3.56,4.0,22364800,3.76,-0.14662756598241,JPM
2012-10-04,4.3,5.1271,4.05,4.96,24326170,4.0,2.3494860499266,JPM
2012-10-05,5.18,5.58,4.6,4.85,22772780,4.96,-0.26303204208513,JPM
2012-10-08,4.47,4.98,4.25,4.8,18628970,4.85,-0.11987532965717,JPM
2012-10-09,4.91,5.09,4.44,4.52,19947370,4.8,-0.67210753720594,JPM
2012-10-10,4.69,5.14,4.47,4.91,25787100,4.52,0.94248429192847,JPM
2012-10-11,5.51,5.78,4.99,5.24,27653790,4.91,0.79004069906631,JPM
2012-10-12,4.74,5.57,4.29,4.76,44563450,5.24,-1.1401425178147,JPM
2012-10-15,5.05,5.55,4.87,5.52,26255020,4.76,1.8260451705911,JPM
2012-10-16,5.93,6.25,5.41,5.97,28588410,5.52,1.0618216139688,JPM
2012-10-17,6.07,6.68,5.91,6.46,26176330,5.97,1.1440579033388,JPM
2012-10-18,6.23,6.49,5.89,6.15,23625850,6.46,-0.71560480147738,JPM
2012-10-19,5.94,5.96,5.2,5.46,29747640,6.15,-1.6042780748663,JPM
2012-10-22,5.39,5.66,4.64,5.23,27956150,5.46,-0.54347826086956,JPM
2012-10-23,4.61,4.88,4.19,4.47,22894740,5.23,-1.8056545497743,JPM
2012-10-24,4.82,5.015,4.48,4.85,18893910,4.47,0.91942898620857,JPM
2012-10-25,5.38,5.42,4.54,4.81,17249130,4.85,-0.095900263725723,JPM
2012-10-26,4.56,4.8024,4.01,4.3,9999999,4.81,-1.223902087833,JPM
2012-10-31,4.59,4.93,4.29,4.82,19400810,4.3,1.2633624878523,JPM
2012-11-01,4.84,6.04,4.72,5.98,23314610,4.82,2.7831094049904,JPM
2012-11-02,6.18,6.21,5.47,5.56,17002410,5.98,-0.98039215686275,JPM
2012-11-05,5.47,5.5,4.995,5.41,13248400,5.56,-0.35360678925035,JPM
2012-11-06,5.71,6.19,5.55,6.02,17190490,5.41,1.4431038561628,JPM
2012-11-07,5.15,5.15,3.45,3.62,47615580,6.02,-5.5970149253731,JPM
2012-11-08,4.42,4.64,3.54,3.54,27765210,3.62,-0.19762845849802,JPM
2012-11-09,3.45,4.37,3.0,3.76,27536000,3.54,0.54455445544554,JPM
2012-11-12,3.99,4.05,3.44,3.72,12796100,3.76,-0.098473658296404,JPM
2012-11-13,3.32,3.66,3.14,3.18,19760010,3.72,-1.3307047806801,JPM
2012-11-14,3.35,3.51,2.27,2.43,30933050,3.18,-1.8731268731269,JPM
2012-11-15,2.2,2.86,2.11,2.53,24796750,2.43,0.25451768897939,JPM
2012-11-16,2.57,2.81,1.97,2.67,32457950,2.53,0.35542015740036,JPM
2012-11-19,3.23,3.84,3.23,3.73,26781290,2.67,2.681507715659,JPM
2012-11-20,3.47,4.32,3.39,3.84,19371820,3.73,0.2710027100271,JPM
2012-11-21,4.08,4.12,3.49,3.87,13018190,3.84,0.073710073710059,JPM
2012-11-23,4.24,4.36,4.11,4.23,8316667,3.87,0.88386938374664,JPM
2012-11-26,3.93,4.02,3.23,4.02,20354460,4.23,-0.51107325383305,JPM
2012-11-27,4.01,4.34,3.78,3.89,19874680,4.02,-0.31800391389433,JPM
2012-11-28,3.63,4.02,3.02,3.97,26074030,3.89,0.1963190184049,JPM
2012-11-29,4.29,4.49,4.05,4.36,18900720,3.97,0.95518001469508,JPM
2012-11-30,4.13,4.48,3.99,4.22,20073740,4.36,-0.33964095099466,JPM
2012-12-03,4.41,4.51,3.89,3.95,18931510,4.22,-0.65725413826679,JPM
2012-12-04,3.92,4.06,3.34,3.71,24030570,3.95,-0.58809115412889,JPM
2012-12-05,3.83,4.63,3.64,4.34,25462170,3.71,1.5528715799852,JPM
2012-12-06,4.39,4.69,4.25,4.61,20472770,4.34,0.65533980582523,JPM
2012-12-07,4.98,5.71,4.87,5.7,34547490,4.61,2.6284060766819,JPM
2012-12-10,5.68,5.81,5.15,5.45,22393510,5.7,-0.58740601503759,JPM
2012-12-11,5.74,6.23,5.56,5.78,21853330,5.45,0.77995745686599,JPM
2012-12-12,6.14,6.515,5.84,5.91,23070030,5.78,0.30487804878049,JPM
2012-12-13,5.79,6.06,5.64,5.92,18456250,5.91,0.0233808744447,JPM
2012-12-14,5.91,6.25,5.85,5.95,16160750,5.92,0.070126227208979,JPM
2012-12-17,6.14,6.65,5.95,6.62,23830910,5.95,1.5650548937164,JPM
2012-12-18,6.97,7.08,6.45,7.01,33838040,6.62,0.89696412143514,JPM
2012-12-19,7.13,7.53,6.56,6.67,34344160,7.01,-0.77501709596534,JPM
2012-12-20,6.83,7.68,6.55,7.67,24973760,6.67,2.2972662531587,JPM
2012-12-21,6.96,7.34,6.48,7.14,38921830,7.67,-1.1902088479677,JPM
2012-12-24,6.86,7.16,6.85,7.06,8622420,7.14,-0.18181818181818,JPM
2012-12-26,7.09,7.32,6.86,7.1,11498060,7.06,0.091074681238614,JPM
2012-12-27,7.1,7.16,6.04,6.77,19542680,7.1,-0.75068243858052,JPM
2012-12-28,6.24,6.83,6.23,6.38,15398350,6.77,-0.89388035755214,JPM
2012-12-31,6.24,7.14,6.19,7.1091,23916360,6.38,1.6861702127659,JPM
2013-01-02,8.42,8.44,7.66,8.1,31413070,7.1091,1.5713307754764,JPM
2013-01-03,8.18,8.19,7.64,8.01,24225690,8.1,-0.20152261531571,JPM
2013-01-04,7.89,8.87,7.88,8.8,24484400,8.01,1.7724927080996,JPM
2013-01-07,8.53,8.925,8.46,8.85,24408330,8.8,0.11022927689594,JPM
2013-01-08,8.84,8.94,8.4,8.94,19556300,8.85,0.19819423034575,JPM
2013-01-09,9.0,9.64,8.58,8.91,25920090,8.94,-0.065934065934068,JPM
2013-01-10,9.33,9.6,8.97,9.59,23364190,8.91,1.4954915328788,JPM
2013-01-11,9.41,9.59,8.91,9.58,19707500,9.59,-0.021668472372693,JPM
2013-01-14,9.33,9.62,8.92,9.32,19052250,9.58,-0.56350238404854,JPM
2013-01-15,8.93,9.91,8.79,9.79,29838910,9.32,1.0244115082825,JPM
2013-01-16,9.35,10.27,9.01,10.26,43445230,9.79,1.0140237324703,JPM
2013-01-17,9.84,10.31,9.73,9.88,41092890,10.26,-0.81161896625374,JPM
2013-01-18,9.82,10.04,9.62,9.9,28642270,9.88,0.043066322136096,JPM
2013-01-22,9.69,9.99,9.57,9.98,24220140,9.9,0.17219113215669,JPM
2013-01-23,9.67,9.88,9.36,9.67,19094590,9.98,-0.66609368285346,JPM
2013-01-24,9.68,10.24,9.52,9.81,19971900,9.67,0.30283365779797,JPM
2013-01-25,10.18,10.6,10.045,10.6,26009630,9.81,1.7036877291352,JPM
2013-01-28,10.28,10.44,9.92,10.08,19704600,10.6,-1.1026293469041,JPM
2013-01-29,9.72,10.6,9.69,10.56,19906780,10.08,1.0291595197256,JPM
2013-01-30,10.48,10.79,10.4,10.57,18581810,10.56,0.021222410865885,JPM
2013-01-31,10.45,10.66,10.32,10.49,19505480,10.57,-0.16974326331425,JPM
2013-02-01,10.84,11.44,10.65,11.29,24521180,10.49,1.7003188097768,JPM
2013-02-04,10.98,11.25,10.82,11.12,20809860,11.29,-0.35527690700105,JPM
2013-02-05,11.38,12.24,11.37,12.23,28063270,11.12,2.3280201342282,JPM
2013-02-06,11.86,12.27,11.76,12.05,28282440,12.23,-0.36892805902849,JPM
2013-02-07,12.09,12.19,11.34,11.67,21428750,12.05,-0.78173215387781,JPM
2013-02-08,11.77,12.13,11.7,12.07,15215920,11.67,0.82935931992537,JPM
2013-02-11,11.95,12.34,11.82,12.1,13934130,12.07,0.061690314620592,JPM
2013-02-12,12.24,12.75,12.04,12.58,16383170,12.1,0.98643649815044,JPM
2013-02-13,12.79,12.89,11.94,12.12,21633600,12.58,-0.93610093610094,JPM
2013-02-14,11.84,12.7299,11.81,12.66,17979690,12.12,1.1092851273624,JPM
2013-02-15,12.79,12.9,12.01,12.32,20015180,12.66,-0.69077610727346,JPM
2013-02-19,12.56,13.12,12.56,12.89,20445200,12.32,1.1661211129296,JPM
2013-02-20,12.79,12.98,11.8,12.05,24786660,12.89,-1.6986855409505,JPM
2013-02-21,11.85,11.89,11.27,11.69,24378010,12.05,-0.74058835630529,JPM
2013-02-22,12.06,12.35,11.85,12.35,23586192,11.69,1.3678756476684,JPM
2013-02-25,12.57,12.64,11.09,11.14,32775085,12.35,-2.4739317113065,JPM
2013-02-26,11.65,11.7,10.29,11.04,39407782,11.14,-0.20964360587002,JPM
2013-02-27,11.28,12.84,11.2,12.72,31932152,11.04,3.5294117647059,JPM
2013-02-28,12.65,12.99,12.19,12.36,24718064,12.72,-0.73051948051948,JPM
2013-03-01,12.02,12.86,11.81,12.35,25925897,12.36,-0.020441537203608,JPM
2013-03-04,12.17,12.58,11.77,12.54,17639542,12.35,0.38846861582499,JPM
2013-03-05,12.92,13.55,12.75,12.93,25565033,12.54,0.79429735234216,JPM
2013-03-06,13.32,13.63,13.06,13.47,19611229,12.93,1.0911295211154,JPM
2013-03-07,13.45,14.3,13.45,14.07,24252643,13.47,1.199280431741,JPM
2013-03-08,14.13,14.29,13.05,13.64,32726854,14.07,-0.84929883468299,JPM
2013-03-11,13.67,14.21,13.35,13.92,19473159,13.64,0.55776892430278,JPM
2013-03-12,13.78,14.11,13.49,13.72,18006118,13.92,-0.39619651347067,JPM
2013-03-13,13.79,13.87,13.55,13.6,16686257,13.72,-0.23866348448688,JPM
2013-03-14,13.69,14.44,13.63,14.44,26380348,13.6,1.6746411483254,JPM
2013-03-15,13.36,13.73,12.59,13.46,60908739,14.44,-1.921568627451,JPM
2013-03-18,12.67,13.1,12.39,12.95,28017768,13.46,-1.0195921631348,JPM
2013-03-19,13.06,13.43,12.12,12.64,24418304,12.95,-0.62613613411431,JPM
2013-03-20,13.01,13.08,12.48,12.56,19388482,12.64,-0.16260162601627,JPM
2013-03-21,12.25,12.67,11.79,11.79,23543287,12.56,-1.5675895765472,JPM
2013-03-22,12.07,12.44,11.78,12.065,18182846,11.79,0.56876938986556,JPM
2013-03-25,12.38,12.76,11.6,11.96,23582710,12.065,-0.2159383033419,JPM
2013-03-26,12.17,12.41,11.76,12.08,16420085,11.96,0.24732069249793,JPM
2013-03-27,11.69,11.75,11.0,11.21,26534597,12.08,-1.7886513157895,JPM
2013-03-28,11.28,11.37,10.72,10.9,27519846,11.21,-0.64894285116182,JPM
2013-04-01,10.93,11.43,10.93,11.27,17448699,10.9,0.779603876949,JPM
2013-04-02,11.45,11.82,11.315,11.72,17276418,11.27,0.94083211373615,JPM
2013-04-03,11.75,11.81,10.27,10.59,33475005,11.72,-2.9618889809445,JPM
2013-04-04,10.7,11.2799,10.64,11.23,21516666,10.59,1.3660618996798,JPM
2013-04-05,10.53,11.78,10.49,11.65,22964186,11.23,0.8843967150979,JPM
2013-04-08,11.62,12.33,11.33,12.32,18675807,11.65,1.3984554372782,JPM
2013-04-09,12.47,12.7012,12.2,12.42,20066632,12.32,0.20584602717168,JPM
2013-04-10,12.66,13.3,12.62,12.99,20389881,12.42,1.1709120788825,JPM
2013-04-11,12.95,13.34,12.57,13.05,22584616,12.99,0.12182741116752,JPM
2013-04-12,12.64,13.32,12.19,12.75,37808388,13.05,-0.60839586290814,JPM
2013-04-15,12.2,13.08,11.64,11.67,31528338,12.75,-2.2036319118547,JPM
2013-04-16,12.18,12.26,11.33,12.23,23866838,11.67,1.1683705403714,JPM
2013-04-17,11.87,11.92,10.12,10.53,43473273,12.23,-3.5058775005156,JPM
2013-04-18,10.53,11.07,9.79,10.38,26106845,10.53,-0.32058132079504,JPM
2013-04-19,10.86,11.104,10.44,10.97,19751464,10.38,1.2650085763293,JPM
2013-04-22,11.1,11.23,10.61,11.09,15231843,10.97,0.25407579928013,JPM
2013-04-23,11.41,11.98,11.13,11.91,20567006,11.09,1.7317845828933,JPM
2013-04-24,12.06,12.66,11.9,12.46,16432295,11.91,1.1417894955366,JPM
2013-04-25,12.77,13.37,12.6299,12.74,19063807,12.46,0.57471264367816,JPM
2013-04-26,12.6,12.83,12.35,12.62,13931035,12.74,-0.24489795918367,JPM
2013-04-29,12.79,12.84,12.39,12.66,13497211,12.62,0.081833060556463,JPM
2013-04-30,12.7,12.99,12.46,12.75,13805540,12.66,0.18397383483237,JPM
2013-05-01,12.5,12.65,11.59,11.75,17687511,12.75,-2.040399918384,JPM
2013-05-02,11.99,11.99,11.45,11.82,15529736,11.75,0.14580295771714,JPM
2013-05-03,12.33,12.44,10.72,11.31,43273931,11.82,-1.0607321131448,JPM
2013-05-06,11.46,12.13,11.31,11.92,20830656,11.31,1.2823207904141,JPM
2013-05-07,12.26,13.13,12.0,12.88,24291602,11.92,1.9925280199253,JPM
2013-05-08,12.96,13.73,12.85,13.5,23565162,12.88,1.2617012617013,JPM
2013-05-09,13.44,13.55,12.66,12.78,18103144,13.5,-1.4469453376206,JPM
2013-05-10,12.81,12.97,12.38,12.7,16200456,12.78,-0.16313213703099,JPM
2013-05-13,12.58,13.44,12.35,13.41,23976810,12.7,1.4501633986928,JPM
2013-05-14,13.51,14.16,13.4,13.97,24142190,13.41,1.1274411113348,JPM
2013-05-15,13.94,15.17,13.89,14.83,27457160,13.97,1.7121242285487,JPM
2013-05-16,14.61,15.4,14.58,14.71,21326410,14.83,-0.23487962419261,JPM
2013-05-17,15.0,16.07,14.99,16.04,26036600,14.71,2.6093780655287,JPM
2013-05-20,16.02,16.37,15.65,16.03,22000590,16.04,-0.01912045889101,JPM
2013-05-21,16.27,17.41,16.19,16.76,37113540,16.03,1.396060432205,JPM
2013-05-22,17.17,18.7,17.03,17.37,46950190,16.76,1.1505092417955,JPM
2013-05-23,16.56,17.529,16.4,17.09,25297170,17.37,-0.52209584187955,JPM
2013-05-24,16.64,17.4,16.46,17.4,18318710,17.09,0.58106841611995,JPM
2013-05-28,18.3,18.3886,17.765,18.34,27164070,17.4,1.7517704062617,JPM
2013-05-29,17.83,18.7,17.65,18.41,20482110,18.34,0.12820512820513,JPM
2013-05-30,18.34,19.64,18.27,19.36,24871150,18.41,1.7376989207975,JPM
2013-05-31,19.45,19.57,18.33,18.33,24971000,19.36,-1.8518518518518,JPM
2013-06-03,18.34,18.6,16.775,18.23,28280140,18.33,-0.18318373328449,JPM
2013-06-04,18.28,19.13,17.61,17.78,22021870,18.23,-0.825839603597,JPM
2013-06-05,17.52,18.01,16.44,16.77,24325520,17.78,-1.8689859363434,JPM
2013-06-06,16.58,17.26,16.01,17.24,23940240,16.77,0.88629077880445,JPM
2013-06-07,17.51,18.22,17.15,18.01,21691280,17.24,1.4392523364486,JPM
2013-06-10,18.38,18.58,17.76,18.1,16007510,18.01,0.16583747927031,JPM
2013-06-11,17.2,17.79,16.85,17.23,17594120,18.1,-1.6004415011037,JPM
2013-06-12,17.64,17.84,16.7049,16.92,18475680,17.23,-0.57954757898673,JPM
2013-06-13,16.74,17.98,16.71,17.91,17086450,16.92,1.8616021060549,JPM
2013-06-14,17.78,17.87,16.65,16.87,17182350,17.91,-1.9198818534244,JPM
2013-06-17,17.44,17.995,17.28,17.59,16855350,16.87,1.3551665725579,JPM
2013-06-18,17.77,18.01,17.46,17.85,13251110,17.59,0.4828226555246,JPM
2013-06-19,17.73,18.25,17.26,17.29,20837750,17.85,-1.0349288486417,JPM
2013-06-20,16.82,16.92,16.01,16.22,31852500,17.29,-1.9981325863679,JPM
2013-06-21,16.7,16.72,15.43,15.7,44413900,16.22,-0.99085365853658,JPM
2013-06-24,14.62,15.19,13.85,14.66,30551360,15.7,-2.0015396458814,JPM
2013-06-25,15.25,16.3045,15.25,15.82,20805350,14.66,2.2780832678712,JPM
2013-06-26,16.39,16.54,15.618,16.24,19331620,15.82,0.80645161290323,JPM
2013-06-27,16.77,17.23,16.62,16.89,17094030,16.24,1.2380952380952,JPM
2013-06-28,16.86,16.87,16.32,16.53,18262490,16.89,-0.67732831608655,JPM
2013-07-01,16.96,17.37,16.17,16.23,23506410,16.53,-0.56828944875923,JPM
2013-07-02,16.69,17.65,16.24,16.92,23939660,16.23,0.59058868355876,JPM
2013-07-03,16.43,16.93,16.33,16.89,10443380,16.92,-0.056818181818171,JPM
2013-07-05,17.48,18.12,17.23,18.11,17070040,16.89,2.311919651317,JPM
2013-07-08,18.66,19.03,18.17,18.82,21786640,18.11,1.3150583441378,JPM
2013-07-09,19.19,19.29,18.31,19.01,20507970,18.82,0.34734917733089,JPM
2013-07-10,18.89,19.27,18.56,18.95,16930690,19.01,-0.10930952814721,JPM
2013-07-11,19.96,19.99,18.67,19.26,21282010,18.95,0.56538391391574,JPM
2013-07-12,19.63,19.97,18.87,19.09,32524130,19.26,-0.30830612985129,JPM
2013-07-15,19.61,19.62,18.72,19.01,28295690,19.09,-0.14553392759687,JPM
2013-07-16,19.02,19.53,18.9,19.13,19223290,19.01,0.2186190562944,JPM
2013-07-17,19.17,19.7,18.96,19.39,19166250,19.13,0.47264133793857,JPM
2013-07-18,19.63,20.65,19.61,20.49,24562460,19.39,1.9902297810747,JPM
2013-07-19,20.63,20.675,20.03,20.28,17760560,20.49,-0.37253858435338,JPM
2013-07-22,20.29,20.79,20.07,20.68,16001680,20.28,0.71225071225072,JPM
2013-07-23,20.84,21.01,20.595,20.79,10571550,20.68,0.19448373408769,JPM
2013-07-24,21.04,21.05,20.5,20.75,16664910,20.79,-0.070584083289217,JPM
2013-07-25,20.57,20.62,20.01,20.62,13860350,20.75,-0.22956030372594,JPM
2013-07-26,20.18,20.34,19.72,20.17,16762540,20.62,-0.79646017699116,JPM
2013-07-29,20.1,20.12,19.5,19.81,10044080,20.17,-0.64228367528992,JPM
2013-07-30,19.99,20.115,19.2,19.45,14207400,19.81,-0.6464356257856,JPM
2013-07-31,19.7,20.39,19.63,19.85,19404940,19.45,0.72293511657329,JPM
2013-08-01,20.48,20.9,20.32,20.66,15978710,19.85,1.4534362102997,JPM
2013-08-02,20.39,20.64,20.13,20.61,10932290,20.66,-0.088432967810395,JPM
2013-08-05,20.45,20.7,20.13,20.22,9370218,20.61,-0.69038767923526,JPM
2013-08-06,20.11,20.22,19.43,19.61,10588570,20.22,-1.0873440285205,JPM
2013-08-07,19.18,19.59,18.9,19.42,12798740,19.61,-0.34240403676339,JPM
2013-08-08,19.54,19.85,18.245,18.95,18587130,19.42,-0.8499095840868,JPM
2013-08-09,18.81,19.27,18.45,18.64,12652460,18.95,-0.56538391391573,JPM
2013-08-12,18.16,18.44,17.8,18.21,15132990,18.64,-0.78870139398386,JPM
2013-08-13,18.34,18.82,17.72,18.41,15078140,18.21,0.3697541135145,JPM
2013-08-14,18.45,18.9699,18.12,18.27,15785760,18.41,-0.25787437833855,JPM
2013-08-15,17.64,17.8,17.01,17.41,16892690,18.27,-1.5881809787627,JPM
2013-08-16,17.19,17.9,17.19,17.41,17139000,17.41,0.0,JPM
2013-08-19,17.01,17.07,15.92,15.95,22755690,17.41,-2.7397260273973,JPM
2013-08-20,15.9,16.48,14.78,16.24,18701030,15.95,0.55952151263747,JPM
2013-08-21,16.04,16.335,15.4,15.75,17136220,16.24,-0.9401381427475,JPM
2013-08-22,16.12,16.78,16.05,16.33,14658550,15.75,1.1233778810769,JPM
2013-08-23,16.39,16.545,16.02,16.44,11126060,16.33,0.21068760773798,JPM
2013-08-26,16.28,16.66,15.91,15.92,16480120,16.44,-0.99388379204894,JPM
2013-08-27,15.14,15.67,14.67,14.72,23576530,15.92,-2.3166023166023,JPM
2013-08-28,14.45,15.17,14.25,14.7,18748070,14.72,-0.039525691699611,JPM
2013-08-29,14.71,15.3,14.57,14.82,13576000,14.7,0.23724792408067,JPM
2013-08-30,14.94,14.95,14.41,14.65,15863150,14.82,-0.33530571992111,JPM
2013-09-03,15.37,15.84,14.95,15.25,15276570,14.65,1.1874134177716,JPM
2013-09-04,15.28,16.22,15.05,15.99,19921517,15.25,1.4472912184627,JPM
2013-09-05,16.15,16.64,16.03,16.23,13915486,15.99,0.46269519953731,JPM
2013-09-06,16.53,16.83,15.4,16.68,22338574,16.23,0.86355785837652,JPM
2013-09-09,16.9,17.31,16.64,16.98,19731783,16.68,0.57077625570776,JPM
2013-09-10,17.95,18.05,17.42,17.79,20121378,16.98,1.5323496027242,JPM
2013-09-11,17.49,17.88,17.18,17.38,16027978,17.79,-0.76392770635365,JPM
2013-09-12,17.55,17.83,16.2,16.36,21973939,17.38,-1.9151333082989,JPM
2013-09-13,16.41,16.92,16.35,16.71,11913691,16.36,0.66998468606432,JPM
2013-09-16,17.57,17.61,17.095,17.26,17121375,16.71,1.0458262027001,JPM
2013-09-17,17.31,17.44,16.995,17.21,13115991,17.26,-0.094091080165595,JPM
2013-09-18,16.81,17.99,16.68,17.53,20844469,17.21,0.60275004708983,JPM
2013-09-19,17.75,17.87,16.65,16.87,22426474,17.53,-1.2357236472571,JPM
2013-09-20,17.07,17.59,16.92,16.92,30757374,16.87,0.094786729857815,JPM
2013-09-23,16.19,16.5,15.51,15.58,28142162,16.92,-2.5378787878788,JPM
2013-09-24,15.13,15.395,14.42,14.44,34542782,15.58,-2.2153128643607,JPM
2013-09-25,14.34,16.02,14.18,15.82,39078868,14.44,2.7424483306836,JPM
2013-09-26,16.05,16.68,15.66,16.01,22298401,15.82,0.36750483558994,JPM
2013-09-27,15.62,16.52,15.51,16.36,23003644,16.01,0.67450375794951,JPM
2013-09-30,15.85,16.21,15.56,15.81,21299599,16.36,-1.0528330781011,JPM
2013-10-01,15.76,16.21,15.57,16.08,19158952,15.81,0.52234474753338,JPM
2013-10-02,15.82,16.95,15.79,16.59,23808792,16.08,0.25019245573519,JPM
2013-10-03,16.5,16.7,16.0,16.44,18585785,16.59,-0.287963140718,JPM
2013-10-04,16.57,17.18,16.51,17.17,17387537,16.44,1.4054678475164,JPM
2013-10-07,16.79,16.86,16.33,16.33,16114230,17.17,-1.594835769888,JPM
2013-10-08,16.33,16.46,15.34,15.37,19493552,16.33,-1.8522091452827,JPM
2013-10-09,15.67,15.84,14.75,15.25,24698033,15.37,-0.23589541969726,JPM
2013-10-10,16.34,17.06,15.88,17.02,24268218,15.25,3.487684729064,JPM
2013-10-11,17.46,17.85,16.66,17.01,32447802,17.02,-0.019040365575029,JPM
2013-10-14,16.44,17.34,16.26,17.21,18868894,17.01,0.38087983241288,JPM
2013-10-15,17.41,17.54,16.68,16.81,17514040,17.21,-0.7588692847657,JPM
2013-10-16,17.11,18.55,17.08,18.5,24780740,16.81,3.230739820302,JPM
2013-10-17,18.29,18.79,18.11,18.71,17780840,18.5,0.38888888888889,JPM
2013-10-18,18.76,19.08,18.3,18.8,24796620,18.71,0.16602102933038,JPM
2013-10-21,18.77,19.35,18.39,18.77,19430850,18.8,-0.055248618784519,JPM
2013-10-22,19.15,19.18,18.12,18.12,24771970,18.77,-1.1977151280634,JPM
2013-10-23,17.81,17.86,17.22,17.25,20990180,18.12,-1.6225289071242,JPM
2013-10-24,17.34,17.39,16.61,16.98,17743620,17.25,-0.51184834123223,JPM
2013-10-25,16.66,17.41,16.57,17.27,20871020,16.98,0.55259146341465,JPM
2013-10-28,17.35,17.59,17.0,17.18,14777710,17.27,-0.17055144968733,JPM
2013-10-29,17.32,17.49,16.75,17.23,23346050,17.18,0.094912680334087,JPM
2013-10-30,17.5,17.74,17.0,17.1,16124640,17.23,-0.24653897212212,JPM
2013-10-31,17.15,17.21,16.04,16.04,23685180,17.1,-2.0152091254753,JPM
2013-11-01,15.95,17.205,15.8,17.01,25794380,16.04,1.8820333721381,JPM
2013-11-04,17.24,17.26,16.4965,16.54,18891490,17.01,-0.89506760617025,JPM
2013-11-05,16.35,16.63,16.16,16.45,14335090,16.54,-0.1729438893159,JPM
2013-11-06,16.76,16.84,16.33,16.6,14009990,16.45,0.28873917228104,JPM
2013-11-07,16.63,16.84,16.08,16.15,17334530,16.6,-0.8637236084453,JPM
2013-11-08,16.33,18.47,16.3,18.46,31183110,16.15,4.4724104549855,JPM
2013-11-11,18.41,18.65,18.2,18.6,12062820,18.46,0.2594514455152,JPM
2013-11-12,18.43,18.58,18.1,18.47,15944010,18.6,-0.24029574861368,JPM
2013-11-13,18.02,18.7,17.65,18.64,22094900,18.47,0.31498980915324,JPM
2013-11-14,18.76,19.0,18.2,18.9,17617450,18.64,0.4802364240857,JPM
2013-11-15,18.77,19.46,18.69,19.37,20483710,18.9,0.86397058823529,JPM
2013-11-18,19.99,20.5,19.8,20.24,22207560,19.37,1.5855658829962,JPM
2013-11-19,20.47,21.14,20.28,20.65,22934310,20.24,0.73555794761392,JPM
2013-11-20,20.93,20.94,20.27,20.6,17682750,20.65,-0.089047195013352,JPM
2013-11-21,20.78,21.9,20.78,21.72,22825690,20.6,1.9964349376114,JPM
2013-11-22,21.75,22.02,21.56,21.96,16730610,21.72,0.41943376441804,JPM
2013-11-25,22.0,22.64,21.91,22.15,18649430,21.96,0.33066481030282,JPM
2013-11-26,22.13,22.46,21.67,21.67,16263320,22.15,-0.8326105810928,JPM
2013-11-27,22.08,22.33,21.83,21.98,11235830,21.67,0.54224243484344,JPM
2013-11-29,22.08,22.35,21.7,21.72,7128768,21.98,-0.45233124565066,JPM
2013-12-02,21.6,22.25,21.4,21.48,12465320,21.72,-0.41943376441804,JPM
2013-12-03,21.39,21.72,20.64,21.36,20426800,21.48,-0.21060021060021,JPM
2013-12-04,20.94,21.97,20.71,21.69,20287250,21.36,0.58037284558565,JPM
2013-12-05,21.21,21.237,20.25,20.32,21324850,21.69,-2.3955236929533,JPM
2013-12-06,21.07,21.26,20.12,20.56,18639140,20.32,0.42995342171265,JPM
2013-12-09,20.78,21.03,20.59,21.01,12671120,20.56,0.80271138066357,JPM
2013-12-10,21.07,21.57,20.85,21.2,14449960,21.01,0.33622367722528,JPM
2013-12-11,21.04,21.27,20.46,20.57,17833840,21.2,-1.1111111111111,JPM
2013-12-12,20.58,21.1,20.413,20.81,15309110,20.57,0.42803638309257,JPM
2013-12-13,20.87,21.06,20.535,20.67,11461340,20.81,-0.24862369028592,JPM
2013-12-16,20.84,21.4395,20.83,20.92,26346800,20.67,0.44507744347516,JPM
2013-12-17,21.16,21.16,20.16,20.22,18324940,20.92,-1.2406947890819,JPM
2013-12-18,20.34,21.77,19.9,21.74,27685880,20.22,2.7279253409907,JPM
2013-12-19,21.6,22.04,21.32,21.73,16789960,21.74,-0.017470300489177,JPM
2013-12-20,21.71,22.5,21.7,22.2,21915880,21.73,0.82124759741395,JPM
2013-12-23,22.47,22.89,22.3,22.74,13958900,22.2,0.93587521663778,JPM
2013-12-24,22.57,22.79,22.54,22.75,4532643,22.74,0.017170329670326,JPM
2013-12-26,22.85,22.96,22.42,22.7,6676990,22.75,-0.08583690987124,JPM
2013-12-27,22.67,22.85,22.56,22.64,8943717,22.7,-0.10309278350516,JPM
2013-12-30,22.64,22.7651,22.21,22.45,8805723,22.64,-0.32679738562091,JPM
2013-12-31,22.7,23.05,22.55,22.98,11017430,22.45,0.91458153580672,JPM
2014-01-02,23.19,23.38,22.8545,23.09,15625610,22.98,-0.46169630642954,JPM
2014-01-03,23.17,23.83,23.09,23.54,14214120,23.09,0.77306304758632,JPM
2014-01-06,24.04,24.345,23.71,23.88,17550720,23.54,0.57961131946813,JPM
2014-01-07,24.17,24.31,22.99,23.2,17851180,23.88,-1.1525423728814,JPM
2014-01-08,23.42,23.79,23.18,23.75,14678570,23.2,0.94307270233196,JPM
2014-01-09,23.86,23.88,23.21,23.64,13242480,23.75,-0.18685238661457,JPM
2014-01-10,23.55,23.64,23.055,23.37,12694860,23.64,-0.45949625595643,JPM
2014-01-13,23.39,23.55,22.41,22.58,20711410,23.37,-1.3506582321764,JPM
2014-01-14,23.18,23.46,22.44,22.62,30272420,22.58,0.069324090121316,JPM
2014-01-15,22.61,24.53,22.61,24.37,35186610,22.62,3.0308278489782,JPM
2014-01-16,23.67,24.7,23.62,23.87,21689440,24.37,-0.84047739115818,JPM
2014-01-17,24.09,24.11,22.91,22.99,20997820,23.87,-1.491778267503,JPM
2014-01-21,23.09,23.32,22.46,23.05,19548040,22.99,0.10325245224574,JPM
2014-01-22,23.21,23.21,22.3,22.47,15433450,23.05,-0.99707753137356,JPM
2014-01-23,21.97,21.98,21.09,21.35,26234590,22.47,-1.9447820802223,JPM
2014-01-24,20.88,21.24,19.97,19.97,27062440,21.35,-2.4437754559943,JPM
2014-01-27,19.96,20.675,19.572,19.97,23934010,19.97,0.0,JPM
2014-01-28,20.27,21.2167,20.12,20.62,18040970,19.97,1.1798874568887,JPM
2014-01-29,19.84,20.75,19.73,20.41,25458830,20.62,-0.3767491926803,JPM
2014-01-30,20.95,21.27,20.51,20.88,17031110,20.41,0.84638933909598,JPM
2014-01-31,20.38,20.99,20.06,20.24,18173980,20.88,-1.1428571428571,JPM
2014-02-03,20.38,20.83,19.08,19.19,28549640,20.24,-1.896676300578,JPM
2014-02-04,19.6,20.23,19.48,19.83,20709300,19.19,1.1784201804456,JPM
2014-02-05,19.98,20.33,19.46,20.09,19491560,19.83,0.47315741583257,JPM
2014-02-06,20.23,21.43,20.08,21.36,20881620,20.09,2.3003079152327,JPM
2014-02-07,21.53,21.81,21.135,21.5,25063310,21.36,0.24787535410765,JPM
2014-02-10,21.65,21.8,21.27,21.62,14715160,21.5,0.21193924408337,JPM
2014-02-11,21.49,22.45,21.46,22.31,18774130,21.62,1.216073316884,JPM
2014-02-12,22.22,22.59,22.04,22.4,13437930,22.31,0.15671251958907,JPM
2014-02-13,21.95,22.98,21.84,22.91,16605460,22.4,0.88664812239221,JPM
2014-02-14,22.77,23.11,22.63,23.03,13184600,22.91,0.20678959159055,JPM
2014-02-18,22.9,23.53,22.78,23.37,14983810,23.03,0.58469475494412,JPM
2014-02-19,23.24,23.42,22.1,22.14,18669870,23.37,-2.1029235766798,JPM
2014-02-20,22.41,22.851,22.1499,22.46,12457020,22.14,0.5588543485854,JPM
2014-02-21,22.47,22.72,22.25,22.49,16790100,22.46,0.052101424105594,JPM
2014-02-24,22.5,23.11,22.455,22.91,16151400,22.49,0.72904009720535,JPM
2014-02-25,22.78,22.86,21.8,21.91,17991820,22.91,-1.723246596588,JPM
2014-02-26,22.25,22.26,21.103,21.63,23661660,21.91,-0.49096966508855,JPM
2014-02-27,21.66,21.77,21.02,21.57,16277470,21.63,-0.1057268722467,JPM
2014-02-28,21.45,22.33,21.27,21.7,18599010,21.57,0.22931733991886,JPM
2014-03-03,21.18,21.3,20.57,21.09,19150950,21.7,-1.0735656458993,JPM
2014-03-04,21.83,22.24,21.52,22.14,17156980,21.09,1.8679950186799,JPM
2014-03-05,22.36,23.17,22.24,23.04,17761530,22.14,1.5717778553964,JPM
2014-03-06,23.39,23.9654,23.28,23.78,19420610,23.04,1.2723521320495,JPM
2014-03-07,24.23,24.68,23.95,24.28,18601590,23.78,0.84889643463497,JPM
2014-03-10,24.02,24.36,23.745,24.08,16945160,24.28,-0.33670033670033,JPM
2014-03-11,24.3,24.33,23.01,23.07,19419990,24.08,-1.7060810810811,JPM
2014-03-12,22.58,22.84,22.3,22.8,17932130,23.07,-0.46399725038666,JPM
2014-03-13,22.88,23.22,22.07,22.3,17187860,22.8,-0.86325966850829,JPM
2014-03-14,21.99,22.41,21.5,21.68,18608200,22.3,-1.0797631487287,JPM
2014-03-17,22.09,22.58,21.93,22.46,13581360,21.68,1.3732394366197,JPM
2014-03-18,22.7,23.04,22.5,22.94,12549160,22.46,0.83362278568948,JPM
2014-03-19,22.87,23.81,22.77,23.18,21450360,22.94,0.41336548398208,JPM
2014-03-20,23.24,25.37,23.01,24.99,33723030,23.18,3.1046312178388,JPM
2014-03-21,25.84,26.08,24.88,25.05,35144130,24.99,0.099817002162706,JPM
2014-03-24,25.25,26.07,25.23,25.95,25777100,25.05,1.495762007645,JPM
2014-03-25,25.99,26.36,25.44,25.81,24023850,25.95,-0.22924512854102,JPM
2014-03-26,26.12,26.28,24.77,24.78,22701340,25.81,-1.6904644674216,JPM
2014-03-27,24.82,25.43,23.9,24.8,24585120,24.78,0.033388981636065,JPM
2014-03-28,25.09,25.47,24.56,24.92,14681260,24.8,0.20026702269692,JPM
2014-03-31,25.71,25.895,25.48,25.59,15196970,24.92,1.1159227181879,JPM
2014-04-01,25.83,26.17,25.25,25.55,14584410,25.59,-0.065887003788501,JPM
2014-04-02,25.63,26.03,25.46,25.74,14010230,25.55,-0.31316960606561,JPM
2014-04-03,25.91,26.06,25.54,25.92,11913210,25.74,0.29761904761905,JPM
2014-04-04,26.28,26.32,25.06,25.07,16933780,25.92,-1.4012528849324,JPM
2014-04-07,24.95,25.26,24.1,24.26,18649710,25.07,-1.3542885805049,JPM
2014-04-08,24.06,24.28,23.51,24.11,16925470,24.26,-0.25423728813559,JPM
2014-04-09,24.36,24.71,23.755,24.53,15238720,24.11,0.71367884451997,JPM
2014-04-10,24.61,24.65,22.64,22.66,29906920,24.53,-3.1550531466172,JPM
2014-04-11,20.44,21.31,19.81,20.56,47241250,22.66,-3.6585365853659,JPM
2014-04-14,21.11,21.2,19.74,20.22,31035860,20.56,-0.61482820976491,JPM
2014-04-15,20.35,20.9,19.61,20.06,26691010,20.22,-0.29112081513829,JPM
2014-04-16,20.26,20.61,19.95,20.52,24819030,20.06,0.83941605839416,JPM
2014-04-17,20.6,20.83,20.273,20.48,17954230,20.52,-0.072385088671732,JPM
2014-04-21,20.52,20.67,20.25,20.29,12370040,20.48,-0.34407823252444,JPM
2014-04-22,20.3,21.34,20.2,21.07,16256770,20.29,1.4174086861712,JPM
2014-04-23,21.06,21.38,20.8207,21.31,11374900,21.07,0.43003046049094,JPM
2014-04-24,21.33,21.52,20.87,21.45,15360550,21.31,0.24977698483497,JPM
2014-04-25,21.57,21.61,20.9,20.96,15937620,21.45,-0.87204128848549,JPM
2014-04-28,20.89,20.96,19.94,20.75,21386120,20.96,-0.3770197486535,JPM
2014-04-29,20.99,21.565,20.83,21.36,13437510,20.75,1.0992971706614,JPM
2014-04-30,21.5,21.61,20.98,21.24,14364950,21.36,-0.21390374331552,JPM
2014-05-01,21.18,21.45,20.76,20.98,12732830,21.24,-0.46445158985352,JPM
2014-05-02,21.09,21.63,20.7,20.84,15128340,20.98,-0.25125628140704,JPM
2014-05-05,19.14,20.0,18.96,19.48,25210160,20.84,-2.4469233537244,JPM
2014-05-06,19.3,19.32,18.58,18.6,25306030,19.48,-1.6230173367761,JPM
2014-05-07,18.81,19.38,18.5,19.31,18488180,18.6,1.3310836145482,JPM
2014-05-08,19.46,19.79,19.315,19.62,16090700,19.31,0.57354301572618,JPM
2014-05-09,19.48,19.567,18.935,19.27,12364430,19.62,-0.64385577630611,JPM
2014-05-12,19.53,19.96,19.29,19.91,12824870,19.27,1.1849657470839,JPM
2014-05-13,20.0,20.09,19.76,19.88,12310680,19.91,-0.054894784995428,JPM
2014-05-14,19.9,19.96,19.56,19.62,10325810,19.88,-0.47601611131453,JPM
2014-05-15,19.46,19.46,18.61,18.77,19741650,19.62,-1.5636497424577,JPM
2014-05-16,18.68,18.77,18.23,18.57,19990990,18.77,-0.37376191366099,JPM
2014-05-19,18.34,19.17,18.32,19.09,12024020,18.57,0.97542674920277,JPM
2014-05-20,18.98,19.3,18.67,18.98,16854590,19.09,-0.20434701839123,JPM
2014-05-21,19.31,19.86,19.24,19.38,13204010,18.98,0.7446016381236,JPM
2014-05-22,19.43,19.86,19.28,19.81,11800090,19.38,0.79453067257945,JPM
2014-05-23,19.81,19.845,19.42,19.79,10876510,19.81,-0.036663611365712,JPM
2014-05-27,20.01,20.6856,19.95,20.4,14483410,19.79,1.1186502842472,JPM
2014-05-28,20.35,20.86,20.26,20.71,11374340,20.4,0.56220529561118,JPM
2014-05-29,21.01,21.18,20.65,20.98,11741020,20.71,0.48692515779981,JPM
2014-05-30,20.84,21.14,20.57,20.83,11993530,20.98,-0.26920315865039,JPM
2014-06-02,20.91,20.91,20.28,20.61,9401872,20.83,-0.39589706676264,JPM
2014-06-03,20.35,20.92,20.35,20.86,9131069,20.61,0.4516711833785,JPM
2014-06-04,20.78,20.985,20.51,20.94,9727813,20.86,0.14388489208633,JPM
2014-06-05,21.17,21.92,20.75,21.89,16803050,20.94,1.7061781609195,JPM
2014-06-06,22.02,22.39,21.91,22.23,15385650,21.89,0.60038848666784,JPM
2014-06-09,22.17,22.925,22.16,22.68,11999740,22.23,0.78988941548184,JPM
2014-06-10,22.73,23.2,22.65,23.16,11514190,22.68,0.83594566353186,JPM
2014-06-11,22.74,23.05,22.235,22.53,14220700,23.16,-1.0880829015544,JPM
2014-06-12,22.38,22.68,22.13,22.3,11670210,22.53,-0.40160642570282,JPM
2014-06-13,22.29,22.93,22.14,22.3,12040640,22.3,0.0,JPM
2014-06-16,22.11,22.21,21.59,22.13,11047970,22.3,-0.29803646563815,JPM
2014-06-17,22.05,22.85,21.94,22.68,11186680,22.13,0.96711798839459,JPM
2014-06-18,22.55,23.07,22.21,23.04,13728570,22.68,0.6269592476489,JPM
2014-06-19,22.93,22.95,22.47,22.56,11609180,23.04,-0.83073727933542,JPM
2014-06-20,22.84,23.03,22.61,22.81,17124810,22.56,0.43630017452007,JPM
2014-06-23,22.8,23.48,22.5,23.45,16007690,22.81,1.1120764552563,JPM
2014-06-24,23.14,23.38,22.56,22.68,12321210,23.45,-1.3232514177694,JPM
2014-06-25,22.48,23.0,22.13,22.79,14835530,22.68,0.19157088122605,JPM
2014-06-26,22.6,22.75,21.86,22.65,11853880,22.79,-0.24335129497653,JPM
2014-06-27,22.59,22.96,22.5,22.79,10178490,22.65,0.24394493814253,JPM
2014-06-30,22.7,23.04,22.64,22.88,11548960,22.79,0.15644011819919,JPM
2014-07-01,22.81,23.65,22.74,23.23,14439280,22.88,-0.086775425199579,JPM
2014-07-02,22.93,23.135,22.48,22.63,19188400,23.23,-1.0422094841063,JPM
2014-07-03,22.89,23.31,22.66,22.71,12599840,22.63,0.14042478497455,JPM
2014-07-07,22.55,22.65,22.061,22.33,13916140,22.71,-0.66608238387379,JPM
2014-07-08,22.01,22.13,21.29,21.42,18343360,22.33,-1.6057878948297,JPM
2014-07-09,21.54,21.78,21.27,21.68,10872740,21.42,0.46628407460546,JPM
2014-07-10,20.72,21.47,20.62,21.22,12433570,21.68,-0.82113530881828,JPM
2014-07-11,20.95,21.565,20.85,21.46,10230050,21.22,0.43196544276457,JPM
2014-07-14,22.19,22.5,21.86,21.95,13887690,21.46,0.87813620071685,JPM
2014-07-15,23.61,24.35,23.42,23.93,36177580,21.95,3.5174986676141,JPM
2014-07-16,24.17,24.64,23.97,24.37,20507240,23.93,0.75510554316114,JPM
2014-07-17,24.22,24.52,23.42,23.52,17012950,24.37,-1.4477942428888,JPM
2014-07-18,23.99,24.14,23.56,23.89,12803120,23.52,0.63947459384721,JPM
2014-07-21,23.78,24.07,23.56,23.9,9141364,23.89,0.017173278378851,JPM
2014-07-22,24.08,24.46,24.03,24.33,10368520,23.9,0.73832417582418,JPM
2014-07-23,24.42,24.85,24.18,24.66,11086030,24.33,0.56246804158854,JPM
2014-07-24,24.73,25.01,24.65,24.83,9843523,24.66,0.28813559322034,JPM
2014-07-25,24.58,24.93,24.5,24.67,10486990,24.83,-0.27040730099713,JPM
2014-07-28,24.6,24.92,24.33,24.85,12368940,24.67,0.30503304524657,JPM
2014-07-29,24.79,24.79,24.101,24.3,13482660,24.85,-0.92921101537421,JPM
2014-07-30,24.68,24.94,24.27,24.57,11815660,24.3,0.46043656207366,JPM
2014-07-31,24.31,24.34,23.32,23.33,15938570,24.57,-2.1049057884909,JPM
2014-08-01,23.05,23.15,21.63,22.14,23891910,23.33,-2.063464539622,JPM
2014-08-04,22.57,22.64,22.0,22.31,13515270,22.14,0.30099150141643,JPM
2014-08-05,22.09,22.26,21.26,21.72,16846700,22.31,-1.0414827890556,JPM
2014-08-06,21.55,22.35,21.49,21.89,12190630,21.72,0.30324652158401,JPM
2014-08-07,22.29,22.35,21.34,21.57,11731710,21.89,-0.5690912324382,JPM
2014-08-08,21.55,22.02,21.3,22.0,12180960,21.57,0.76909318547667,JPM
2014-08-11,22.2,22.24,21.83,21.98,8721117,22.0,-0.035498757543492,JPM
2014-08-12,21.89,22.21,21.79,22.01,11289580,21.98,0.053267045454547,JPM
2014-08-13,22.35,22.5,22.1665,22.38,7012613,22.01,0.65661047027506,JPM
2014-08-14,22.43,22.66,22.36,22.64,8275390,22.38,0.45839210155148,JPM
2014-08-15,22.9,23.16,22.05,22.41,12727380,22.64,-0.4036504036504,JPM
2014-08-18,22.52,23.09,22.42,22.89,8855618,22.41,0.84581497797356,JPM
2014-08-19,23.26,23.38,23.0,23.22,9019754,22.89,0.57662065350342,JPM
2014-08-20,23.08,23.51,23.05,23.3,8100891,23.22,0.13898540653231,JPM
2014-08-21,23.32,24.43,23.26,24.16,12721860,23.3,1.4920194309507,JPM
2014-08-22,24.1,24.74,23.99,24.15,10184300,24.16,-0.017094017094014,JPM
2014-08-25,24.64,25.49,24.52,25.0,13969280,24.15,1.4532398700633,JPM
2014-08-26,25.23,25.61,25.045,25.4,10227190,25.0,0.67408156386923,JPM
2014-08-27,25.51,25.61,25.19,25.25,11388860,25.4,-0.2510880482089,JPM
2014-08-28,24.91,25.03,24.47,24.82,9085398,25.25,-0.72159758348717,JPM
2014-08-29,25.0,25.31,24.89,25.11,8897299,24.82,0.49019607843138,JPM
2014-09-02,25.12,25.37,24.81,25.33,8671086,25.11,0.37005887300252,JPM
2014-09-03,25.68,26.03,25.12,25.36,11791810,25.33,0.050276520864758,JPM
2014-09-04,25.29,25.8,25.09,25.37,9786007,25.36,0.016750418760466,JPM
2014-09-05,25.28,25.57,24.88,25.57,9587882,25.37,0.33495226930162,JPM
2014-09-08,25.5,25.88,25.4,25.55,8089997,25.57,-0.033383408445996,JPM
2014-09-09,25.29,25.34,24.44,24.72,14846140,25.55,-1.3858741025213,JPM
2014-09-10,24.81,25.22,24.58,24.88,9153793,24.72,0.27091093802912,JPM
2014-09-11,24.84,25.5,24.63,25.42,11465340,24.88,0.91185410334346,JPM
2014-09-12,25.46,26.07,25.41,25.69,14359090,25.42,0.45180722891567,JPM
2014-09-15,25.44,25.65,25.11,25.6,10675500,25.69,-0.14992503748127,JPM
2014-09-16,25.37,25.86,25.28,25.65,10947880,25.6,0.083416750083424,JPM
2014-09-17,25.61,26.25,25.48,25.97,15052550,25.65,0.53342223703951,JPM
2014-09-18,26.2,27.06,26.2,26.98,16385800,25.97,1.6746808157851,JPM
2014-09-19,27.4,27.51,26.64,26.77,18737750,26.98,-0.34246575342466,JPM
2014-09-22,26.6,27.11,26.46,26.57,13202860,26.77,-0.32727867779415,JPM
2014-09-23,26.48,27.06,26.43,26.6,14322140,26.57,0.049252996223939,JPM
2014-09-24,26.84,27.3,26.68,27.29,13690750,26.6,1.1322612405645,JPM
2014-09-25,27.15,27.16,25.81,25.81,16340050,27.29,-2.4014278760344,JPM
2014-09-26,25.99,26.54,25.98,26.22,11938120,25.81,0.68162926018288,JPM
2014-09-29,25.69,26.16,25.39,25.99,10686460,26.22,-0.37978863936592,JPM
2014-09-30,26.06,26.4,25.79,25.9,14369400,25.99,-0.14917951268025,JPM
2014-10-01,25.9,26.06,25.39,25.43,18995810,25.9,-0.78021248339973,JPM
2014-10-02,25.21,25.55,24.67,24.9,24550630,25.43,-1.555964530701,JPM
2014-10-03,25.31,26.445,25.11,26.36,18304340,24.9,2.4813052345343,JPM
2014-10-06,26.84,26.86,26.06,26.24,11576480,26.36,-0.19900497512437,JPM
2014-10-07,25.98,25.98,25.245,25.33,14527470,26.24,-1.5121302758391,JPM
2014-10-08,25.42,26.49,25.24,26.46,15833880,25.33,1.9065294415387,JPM
2014-10-09,26.39,26.39,24.95,25.14,19189420,26.46,-2.1854304635762,JPM
2014-10-10,25.09,25.88,24.57,24.58,16689370,25.14,-0.94786729857819,JPM
2014-10-13,24.56,25.205,24.17,24.22,17135130,24.58,-0.61517429938484,JPM
2014-10-14,22.75,24.58,22.12,24.05,29073960,24.22,-0.29229711141677,JPM
2014-10-15,23.08,23.44,20.32,21.59,37783470,24.05,-4.2421107087429,JPM
2014-10-16,20.81,22.04,20.34,21.14,31932060,21.59,-0.81037277147488,JPM
2014-10-17,21.79,22.84,21.63,22.26,19541890,21.14,2.0334059549746,JPM
2014-10-20,22.16,22.8072,22.13,22.69,10807550,22.26,0.76512455516014,JPM
2014-10-21,23.29,24.07,23.14,23.99,14006810,22.69,2.2956030372594,JPM
2014-10-22,24.1,24.32,23.5,23.51,13728400,23.99,-0.82858622475401,JPM
2014-10-23,24.18,24.66,23.995,24.12,12631530,23.51,1.0617928633594,JPM
2014-10-24,24.06,24.835,24.06,24.8,13741100,24.12,1.1712022046159,JPM
2014-10-27,24.51,24.85,24.31,24.7,11087020,24.8,-0.17024174327545,JPM
2014-10-28,24.93,25.75,24.87,25.69,13597870,24.7,1.6882673942701,JPM
2014-10-29,25.68,25.84,24.82,25.35,16702510,25.69,-0.5701827938957,JPM
2014-10-30,25.0,25.74,24.98,25.45,14702250,25.35,0.16866250632485,JPM
2014-10-31,26.18,26.6,25.93,26.54,18347620,25.45,1.8353258124263,JPM
2014-11-03,26.85,27.21,26.42,26.94,11791660,26.54,0.66137566137567,JPM
2014-11-04,26.3,26.43,25.48,26.31,15288170,26.94,-1.0348226018397,JPM
2014-11-05,26.86,27.29,26.45,27.21,14062780,26.31,1.49377593361,JPM
2014-11-06,27.14,27.3701,26.69,27.29,10412780,27.21,0.13082583810302,JPM
2014-11-07,27.13,27.61,26.92,27.53,12378620,27.29,0.39196472317492,JPM
2014-11-10,27.31,27.99,27.26,27.99,10781530,27.53,0.74833251992842,JPM
2014-11-11,27.77,27.95,27.35,27.43,12514110,27.99,-0.90424673017924,JPM
2014-11-12,26.48,26.9,26.29,26.62,17195930,27.43,-1.3198631253055,JPM
2014-11-13,26.56,26.69,26.05,26.29,12224230,26.62,-0.54491413474241,JPM
2014-11-14,26.31,26.68,26.24,26.34,6793294,26.29,0.0830151087498,JPM
2014-11-17,26.06,26.59,25.95,26.44,9006031,26.34,0.16589250165893,JPM
2014-11-18,26.41,26.88,26.26,26.59,8897839,26.44,0.24842663133488,JPM
2014-11-19,26.51,26.85,26.21,26.66,9194064,26.59,0.11564513464398,JPM
2014-11-20,26.26,26.31,25.81,26.18,10916620,26.66,-0.7920792079208,JPM
2014-11-21,27.13,27.13,26.36,26.51,12319950,26.18,0.54890219560879,JPM
2014-11-24,26.76,27.365,26.76,27.02,8317459,26.51,0.84367245657568,JPM
2014-11-25,27.22,27.22,26.01,26.36,14790610,27.02,-1.0826771653543,JPM
2014-11-26,26.63,26.63,26.26,26.4,7626631,26.36,0.066334991708136,JPM
2014-11-28,26.46,26.62,26.09,26.22,6759646,26.4,-0.29830957905205,JPM
2014-12-01,26.04,26.27,25.61,26.06,12760460,26.22,-0.2659574468085,JPM
2014-12-02,26.07,27.25,26.06,27.14,12524070,26.06,1.8,JPM
2014-12-03,27.02,27.68,26.87,27.6,12109560,27.14,0.75311067452521,JPM
2014-12-04,27.16,27.63,26.9,27.44,11517270,27.6,-0.25999350016249,JPM
2014-12-05,28.07,29.12,27.94,28.76,20044570,27.44,2.1505376344086,JPM
2014-12-08,28.66,29.22,28.32,28.73,15528520,28.76,-0.047846889952155,JPM
2014-12-09,27.91,28.91,27.62,28.51,19648230,28.73,-0.35104515717249,JPM
2014-12-10,28.22,28.3,26.43,26.74,29616590,28.51,-2.8342674139311,JPM
2014-12-11,27.23,28.12,27.17,27.2,16884100,26.74,0.75807514831905,JPM
2014-12-12,26.59,27.28,26.02,26.1,17391300,27.2,-1.799149492967,JPM
2014-12-15,26.8,26.87,24.85,25.22,19106570,26.1,-1.4656895403065,JPM
2014-12-16,24.48,25.92,24.17,24.49,20670650,25.22,-1.2339418526031,JPM
2014-12-17,24.63,25.89,24.4,25.83,17824230,24.49,2.2933424610645,JPM
2014-12-18,26.7,27.54,26.5,27.54,18130220,25.83,2.8609670403212,JPM
2014-12-19,27.46,28.41,27.43,27.99,22750900,27.54,0.73194534808068,JPM
2014-12-22,28.22,28.39,27.67,28.0,17063860,27.99,0.016147263038912,JPM
2014-12-23,28.11,29.03,27.99,28.54,13552520,28.0,0.87181143041653,JPM
2014-12-24,28.8,28.93,28.33,28.54,7419342,28.54,0.0,JPM
2014-12-26,28.73,28.95,28.47,28.61,6086519,28.54,0.11203585147247,JPM
2014-12-29,28.48,29.4,28.31,29.02,10592010,28.61,0.6554756195044,JPM
2014-12-30,28.78,29.34,28.63,29.21,7513109,29.02,0.30177890724269,JPM
2014-12-31,29.36,29.55,28.64,28.64,18528920,29.21,-0.90261282660333,JPM
2015-01-02,29.08,29.42,28.53,28.95,12597290,28.64,-0.14381591562799,JPM
2015-01-05,28.52,28.74,26.69,27.01,20052990,28.95,-3.1044967194751,JPM
2015-01-06,27.1,27.21,24.81,25.44,29046090,27.01,-2.5928984310487,JPM
2015-01-07,26.35,26.35,25.125,25.53,23833890,25.44,0.15259409969482,JPM
2015-01-08,26.43,27.36,26.43,26.85,16955120,25.53,2.2346368715084,JPM
2015-01-09,27.18,27.25,25.75,25.8,15387500,26.85,-1.7386984600099,JPM
2015-01-12,25.74,25.86,24.73,25.29,15435470,25.8,-0.85945399393327,JPM
2015-01-13,25.72,26.16,24.83,25.3,21638210,25.29,0.016998130205686,JPM
2015-01-14,23.37,23.46,21.73,23.27,49422820,25.3,-3.4500339904827,JPM
2015-01-15,22.19,23.07,20.96,21.45,42392700,23.27,-3.2036613272311,JPM
2015-01-16,21.12,22.46,21.1,22.39,29366890,21.45,1.7094017094017,JPM
2015-01-20,22.5,22.85,21.8832,22.17,23359410,22.39,-0.39334882889326,JPM
2015-01-21,21.91,22.88,21.65,22.35,21761380,22.17,0.32310177705977,JPM
2015-01-22,22.84,24.19,22.415,24.05,31385970,22.35,3.0416890320272,JPM
2015-01-23,24.18,24.33,23.12,23.14,15456310,24.05,-1.5801354401806,JPM
2015-01-26,22.87,23.45,22.66,23.23,12572360,23.14,0.15878616796049,JPM
2015-01-27,22.51,23.07,22.215,22.66,15218900,23.23,-1.0040514356174,JPM
2015-01-28,23.08,23.14,21.21,21.21,23650700,22.66,-2.5800711743772,JPM
2015-01-29,21.73,22.35,21.14,22.13,20363380,21.21,1.6803652968037,JPM
2015-01-30,21.45,21.955,20.83,20.84,26896170,22.13,-2.3172265133824,JPM
2015-02-02,20.99,22.11,20.73,21.93,20300020,20.84,2.0044133872747,JPM
2015-02-03,22.37,23.24,22.33,23.18,18796480,21.93,2.2534703443303,JPM
2015-02-04,22.78,23.53,22.74,22.84,14925860,23.18,-0.59943582510578,JPM
2015-02-05,23.32,23.5,22.92,23.23,11284310,22.84,0.69173465768003,JPM
2015-02-06,24.21,25.19,24.0,24.35,25156520,23.23,1.9728729963009,JPM
2015-02-09,23.88,24.555,23.69,24.28,14356600,24.35,-0.12091898428053,JPM
2015-02-10,24.88,25.1682,24.51,24.92,16367230,24.28,1.1068834313386,JPM
2015-02-11,24.52,25.115,24.3,24.83,13055750,24.92,-0.15395141977421,JPM
2015-02-12,25.39,26.17,25.01,26.03,23189870,24.83,2.0558506081891,JPM
2015-02-13,25.92,26.68,25.8,26.13,16476960,26.03,0.16786973308713,JPM
2015-02-17,25.82,26.6,25.775,26.56,15282920,26.13,0.72063013239484,JPM
2015-02-18,26.25,26.2924,25.58,25.83,13399400,26.56,-1.2146422628952,JPM
2015-02-19,25.61,25.94,25.26,25.69,11248470,25.83,-0.23580933131211,JPM
2015-02-20,25.42,26.35,24.81,26.26,15365090,25.69,0.96235016039169,JPM
2015-02-23,25.96,25.99,25.26,25.81,16802220,26.26,-0.75250836120401,JPM
2015-02-24,26.71,27.71,26.54,27.28,22909860,25.81,2.4768323504634,JPM
2015-02-25,27.22,27.73,27.21,27.6,18295540,27.28,0.52614271621177,JPM
2015-02-26,27.49,28.16,27.37,28.04,15435030,27.6,0.71965979718678,JPM
2015-02-27,27.59,28.38,27.59,27.74,15222560,28.04,-0.48717115946735,JPM
2015-03-02,27.7,28.29,27.49,28.23,13013930,27.74,0.79960835509139,JPM
2015-03-03,28.11,28.45,27.96,28.43,13707160,28.23,0.32378177108628,JPM
2015-03-04,28.1,28.63,27.8125,28.59,16626030,28.43,0.25818944650638,JPM
2015-03-05,28.66,28.69,28.06,28.46,10929450,28.59,-0.20923869306294,JPM
2015-03-06,28.62,29.33,27.26,27.35,22718970,28.46,-1.7903225806452,JPM
2015-03-09,27.3,28.09,27.26,27.96,13001150,27.35,1.0018065363771,JPM
2015-03-10,27.22,27.47,26.42,26.42,16310860,27.96,-2.5040650406504,JPM
2015-03-11,26.59,27.11,26.415,26.7,12967030,26.42,0.46697798532355,JPM
2015-03-12,27.11,27.91,27.11,27.83,18158930,26.7,1.8758300132802,JPM
2015-03-13,27.86,28.32,26.8901,27.46,16474960,27.83,-0.60290043995437,JPM
2015-03-16,27.96,28.38,27.71,28.31,15182660,27.46,1.3934426229508,JPM
2015-03-17,27.8,28.12,27.38,28.07,11711550,28.31,-0.38803556992725,JPM
2015-03-18,27.85,28.51,27.545,28.21,15685360,28.07,0.22723583833793,JPM
2015-03-19,28.03,28.11,27.22,27.66,11503010,28.21,-0.89068825910931,JPM
2015-03-20,27.78,28.56,27.61,28.21,18368347,27.66,0.89869281045751,JPM
2015-03-23,28.21,28.54,27.58,27.6,15109340,28.21,-0.98785425101214,JPM
2015-03-24,27.43,27.7,26.91,26.92,12091180,27.6,-1.1122015047432,JPM
2015-03-25,26.99,27.1,26.05,26.07,14948890,26.92,-1.4058881905392,JPM
2015-03-26,25.92,26.25,25.33,26.0,14030560,26.07,-0.11742996141587,JPM
2015-03-27,25.95,26.24,25.46,26.01,11754390,26.0,0.01679543164259,JPM
2015-03-30,27.34,27.92,27.07,27.42,20640470,26.01,2.367758186398,JPM
2015-03-31,27.18,27.4,26.88,27.04,17326820,27.42,-0.6233595800525,JPM
2015-04-01,27.27,27.43,26.59,26.81,18082120,27.04,-1.0399471772862,JPM
2015-04-02,26.93,27.56,26.86,27.38,12696280,26.81,0.95079232693912,JPM
2015-04-06,26.78,27.61,26.51,27.33,12019120,27.38,-0.082617316589564,JPM
2015-04-07,28.01,28.36,27.71,27.71,11498710,27.33,0.62841078220606,JPM
2015-04-08,27.92,28.42,27.8,27.91,11726840,27.71,0.32867707477403,JPM
2015-04-09,28.13,28.435,27.69,28.33,11717830,27.91,0.68796068796069,JPM
2015-04-10,28.21,28.64,28.06,28.56,9852083,28.33,0.37416625996422,JPM
2015-04-13,28.5,29.13,28.36,28.93,15445130,28.56,0.59967585089141,JPM
2015-04-14,29.82,30.47,29.6,29.9,33756480,28.93,1.5627517319156,JPM
2015-04-15,29.94,31.34,29.87,31.07,28720530,29.9,1.8559644670051,JPM
2015-04-16,30.94,31.13,30.52,30.67,16631670,31.07,-0.62295592586823,JPM
2015-04-17,30.11,30.26,29.35,29.7,20202900,30.67,-1.5201379094186,JPM
2015-04-20,30.08,30.38,30.0,30.1,12750540,29.7,0.63653723742839,JPM
2015-04-21,30.19,30.46,28.99,29.17,14972030,30.1,-1.4705882352941,JPM
2015-04-22,29.51,30.01,28.89,29.8,14484480,29.17,1.0110736639384,JPM
2015-04-23,29.65,30.07,29.46,29.66,12832690,29.8,-0.22243406418812,JPM
2015-04-24,29.49,29.7,29.2,29.46,9596925,29.66,-0.31847133757961,JPM
2015-04-27,29.56,30.01,29.17,29.2,11129270,29.46,-0.41533546325878,JPM
2015-04-28,29.35,29.64,28.63,29.62,12270640,29.2,0.67372473532242,JPM
2015-04-29,29.42,30.75,29.32,30.46,17559670,29.62,1.3384321223709,JPM
2015-04-30,30.44,30.74,29.78,30.12,16827320,30.46,-0.53459119496856,JPM
2015-05-01,30.56,30.73,30.19,30.47,11640490,30.12,0.55327220992729,JPM
2015-05-04,30.54,31.73,30.5,31.58,14940670,30.47,1.7450086464392,JPM
2015-05-05,31.37,32.18,31.15,31.26,17692170,31.58,-0.49443757725586,JPM
2015-05-06,31.39,31.93,30.28,30.78,18084570,31.26,-0.74534161490684,JPM
2015-05-07,30.53,31.455,30.11,31.36,15036840,30.78,0.90738423028786,JPM
2015-05-08,31.83,32.51,31.46,32.35,16052450,31.36,1.5348837209302,JPM
2015-05-11,32.12,32.5,31.935,32.31,13799680,32.35,-0.06107802717971,JPM
2015-05-12,32.17,32.4,31.62,32.22,12762180,32.31,-0.13750954927426,JPM
2015-05-13,32.28,32.49,31.92,32.38,11874240,32.22,0.24479804161566,JPM
2015-05-14,32.69,33.04,32.57,32.91,11853990,32.38,0.80891330891331,JPM
2015-05-15,32.99,33.02,32.295,32.74,11143030,32.91,-0.25738077214232,JPM
2015-05-18,32.66,33.4,32.66,33.28,10510680,32.74,0.81967213114755,JPM
2015-05-19,33.63,34.0499,33.43,33.87,14282990,33.28,0.88828666064439,JPM
2015-05-20,33.81,33.89,33.26,33.34,12437930,33.87,-0.79092672735413,JPM
2015-05-21,33.0,33.54,32.87,33.51,12914490,33.34,0.25571600481348,JPM
2015-05-22,33.49,33.69,33.18,33.33,9295886,33.51,-0.27006751687923,JPM
2015-05-26,33.06,33.15,32.17,32.59,15562540,33.33,-1.1132841883556,JPM
2015-05-27,32.81,33.51,32.68,33.33,10963600,32.59,1.1258177392363,JPM
2015-05-28,33.22,33.26,32.6,33.06,11797340,33.33,-0.40619828494057,JPM
2015-05-29,33.04,33.08,32.22,32.64,14296830,33.06,-0.6344410876133,JPM
2015-06-01,32.85,33.52,32.83,32.94,11898460,32.64,0.45606567345697,JPM
2015-06-02,32.69,33.25,32.44,32.88,12776160,32.94,-0.090799031477001,JPM
2015-06-03,33.29,33.99,33.13,33.56,12920190,32.88,1.0299909118449,JPM
2015-06-04,33.17,33.91,32.87,33.19,13860270,33.56,-0.55472263868067,JPM
2015-06-05,34.23,34.7,33.87,34.28,20782890,33.19,1.643298658224,JPM
2015-06-08,34.32,34.41,33.67,33.75,14557460,34.28,-0.78611687926431,JPM
2015-06-09,33.81,34.13,33.33,34.04,13198780,33.75,0.43354761548812,JPM
2015-06-10,34.45,35.355,34.33,35.12,17448460,34.04,1.6076213158678,JPM
2015-06-11,35.22,35.54,35.01,35.38,13737560,35.12,0.38089657193084,JPM
2015-06-12,35.17,35.4,34.73,35.11,11783700,35.38,-0.39404553415061,JPM
2015-06-15,34.44,35.07,34.16,34.85,14078390,35.11,-0.38095238095239,JPM
2015-06-16,34.63,35.38,34.4801,35.23,11686920,34.85,0.55890572142964,JPM
2015-06-17,35.27,35.54,34.895,35.0,14521190,35.23,-0.33640485593097,JPM
2015-06-18,35.21,35.68,34.76,35.64,16759230,35.0,0.93924273554447,JPM
2015-06-19,35.32,35.53,34.78,34.94,21546010,35.64,-1.0177377144519,JPM
2015-06-22,35.73,36.15,35.61,35.82,13929370,34.94,1.2925969447709,JPM
2015-06-23,36.21,36.68,36.05,36.61,15727560,35.82,1.1455916473318,JPM
2015-06-24,36.37,36.63,35.77,35.88,16991210,36.61,-1.0465949820789,JPM
2015-06-25,36.18,36.335,35.495,35.51,13308300,35.88,-0.53607649956533,JPM
2015-06-26,35.8,36.15,35.625,35.81,14477270,35.51,0.43699927166788,JPM
2015-06-29,34.54,35.12,34.02,34.06,19866610,35.81,-2.5380710659898,JPM
2015-06-30,34.75,34.97,34.02,34.62,20653800,34.06,0.83333333333334,JPM
2015-07-01,35.42,35.69,35.08,35.37,13963790,34.62,0.45749704840612,JPM
2015-07-02,35.22,35.43,34.485,34.82,12782140,35.37,-0.80799177317467,JPM
2015-07-06,34.18,34.76,33.84,34.63,13484420,34.82,-0.2813981042654,JPM
2015-07-07,34.39,34.52,32.6,34.1,22418220,34.63,-0.7871676815684,JPM
2015-07-08,33.3,33.46,32.505,32.73,17705620,34.1,-2.0508982035928,JPM
2015-07-09,33.79,34.0034,33.29,33.41,14977960,32.73,1.0392786183708,JPM
2015-07-10,34.45,34.7,34.125,34.35,12356059,33.41,1.4218726365149,JPM
2015-07-13,35.19,35.44,34.98,35.39,16153420,34.35,1.5510812826249,JPM
2015-07-14,35.28,36.4,35.06,36.34,20169500,35.39,1.3952122191218,JPM
2015-07-15,36.53,36.73,36.15,36.49,16888580,36.34,0.2172653534183,JPM
2015-07-16,36.93,37.25,36.71,36.86,18027620,36.49,0.53475935828878,JPM
2015-07-17,36.71,36.79,36.22,36.51,14029626,36.86,-0.5031627372053,JPM
2015-07-20,36.8,37.066,36.48,36.56,11512640,36.51,0.072243895390856,JPM
2015-07-21,36.46,36.84,36.17,36.4,11643190,36.56,-0.23101357204737,JPM
2015-07-22,36.58,37.5901,36.5,37.38,15447100,36.4,1.4182344428365,JPM
2015-07-23,37.49,37.91,36.76,36.94,14320240,37.38,-0.62785388127854,JPM
2015-07-24,36.7,36.86,35.98,36.21,12390971,36.94,-1.0482481332568,JPM
2015-07-27,35.45,35.52,34.87,35.31,16783890,36.21,-1.3060513713539,JPM
2015-07-28,35.85,35.9,35.07,35.35,14931060,35.31,0.05881488016467,JPM
2015-07-29,35.62,36.4,35.46,36.24,13040970,35.35,1.3078618662748,JPM
2015-07-30,36.23,36.75,35.8399,36.34,10189330,36.24,0.14505366985786,JPM
2015-07-31,36.31,36.34,35.7001,35.83,11911818,36.34,-0.73870220162226,JPM
2015-08-03,35.89,36.14,35.3,35.83,9932926,35.83,0.0,JPM
2015-08-04,35.77,36.25,35.61,35.76,10948580,35.83,-0.10214504596528,JPM
2015-08-05,36.35,36.72,35.86,36.03,11287250,35.76,0.39439088518845,JPM
2015-08-06,36.05,36.24,35.3,35.55,10769780,36.03,-0.69838498472283,JPM
2015-08-07,35.63,36.04,34.85,35.35,11453310,35.55,-0.2930402930403,JPM
2015-08-10,35.52,36.305,35.52,36.19,12565200,35.35,1.234386480529,JPM
2015-08-11,35.53,35.7,35.15,35.53,14766400,36.19,-0.95804906372477,JPM
2015-08-12,34.71,34.85,33.37,34.54,21087230,35.53,-1.4509746445845,JPM
2015-08-13,34.55,35.1,34.27,34.85,11883620,34.54,0.46103509815586,JPM
2015-08-14,34.71,35.21,34.7,35.19,11248813,34.85,0.50333086602517,JPM
2015-08-17,34.92,35.54,34.7,35.37,10312050,35.19,0.26513477684489,JPM
2015-08-18,35.28,35.66,35.1399,35.51,10611520,35.37,0.20567063317174,JPM
2015-08-19,35.23,35.61,34.665,34.9,15193100,35.51,-0.89429702389679,JPM
2015-08-20,34.11,34.34,33.24,33.24,20925890,34.9,-2.4556213017751,JPM
2015-08-21,32.3,32.74,30.87,30.9,28235460,33.24,-3.5486806187443,JPM
2015-08-24,26.59,30.22,17.37,27.55,36324730,30.9,-5.2672955974843,JPM
2015-08-25,30.4,30.6203,27.03,27.21,31649440,27.55,-0.5643153526971,JPM
2015-08-26,29.1,30.28,27.845,30.21,33540150,27.21,5.0075112669004,JPM
2015-08-27,31.28,32.03,30.435,31.78,28966280,30.21,2.4956286758862,JPM
2015-08-28,31.44,31.76,30.9,31.43,16619348,31.78,-0.54280397022334,JPM
2015-08-31,30.91,31.65,30.77,31.4,14205710,31.43,-0.046779978169345,JPM
2015-09-01,30.15,30.15,28.29,28.75,23620640,31.4,-4.1341653666147,JPM
2015-09-02,29.92,30.2125,28.84,29.87,17725830,28.75,1.8226200162734,JPM
2015-09-03,30.18,30.96,29.75,29.98,17029950,29.87,0.17580310052741,JPM
2015-09-04,29.02,29.22,28.05,28.8,20188951,29.98,-1.8825781748564,JPM
2015-09-08,30.07,30.5,29.63,30.46,13368240,28.8,2.6991869918699,JPM
2015-09-09,31.24,31.64,29.3,29.48,13846800,30.46,-1.5516149461685,JPM
2015-09-10,29.16,30.295,28.75,29.96,15691160,29.48,0.77195239626889,JPM
2015-09-11,29.59,29.96,29.286,29.86,12732026,29.96,-0.15959144589849,JPM
2015-09-14,29.94,29.985,29.42,29.68,10182390,29.86,-0.28772378516624,JPM
2015-09-15,30.06,31.19,29.81,30.88,13978310,29.68,1.9236934915037,JPM
2015-09-16,31.19,31.59,30.51,31.44,12226650,30.88,0.88078011953445,JPM
2015-09-17,31.44,31.94,29.69,29.95,21076990,31.44,-2.3230433426879,JPM
2015-09-18,29.08,29.13,28.08,28.24,31008001,29.95,-2.7294493216281,JPM
2015-09-21,28.82,29.21,28.38,28.75,13129430,28.24,0.83688874302594,JPM
2015-09-22,27.9,28.385,27.72,28.21,14786470,28.75,-0.87876322213182,JPM
2015-09-23,28.1,28.45,27.62,27.94,11693790,28.21,-0.44327696601543,JPM
2015-09-24,27.31,27.68,26.76,27.52,17277130,27.94,-0.69261213720317,JPM
2015-09-25,28.57,29.16,28.17,28.77,18334010,27.52,2.0757223513783,JPM
2015-09-28,28.22,28.31,26.99,27.28,17433450,28.77,-2.4239466406377,JPM
2015-09-29,27.28,27.43,26.03,27.14,19334040,27.28,-0.23341113704567,JPM
2015-09-30,28.0,28.3,27.41,28.27,18737910,27.14,1.8883689839572,JPM
2015-10-01,28.42,29.17,27.84,28.72,16830010,28.27,0.73806790224701,JPM
2015-10-02,27.33,28.6,26.27,28.55,20434540,28.72,-0.99316183653533,JPM
2015-10-05,28.98,29.98,28.96,29.76,13456820,28.55,1.9898043085019,JPM
2015-10-06,29.85,30.1,29.355,29.79,12109890,29.76,0.048371493066743,JPM
2015-10-07,30.29,30.77,29.495,29.87,12791970,29.79,0.12892828364223,JPM
2015-10-08,29.59,29.99,29.17,29.87,13939530,29.87,0.0,JPM
2015-10-09,30.13,30.285,29.315,29.67,12099470,29.87,-0.32190568163529,JPM
2015-10-12,29.58,29.75,29.139,29.46,10840190,29.67,-0.33909252381721,JPM
2015-10-13,29.13,29.9,29.05,29.29,15532710,29.46,-0.27543745949449,JPM
2015-10-14,28.5,28.71,27.28,27.73,28970440,29.29,-2.5345247766044,JPM
2015-10-15,28.21,29.7,27.8434,29.63,18115600,27.73,3.1671945324221,JPM
2015-10-16,30.17,30.39,29.83,30.17,17453000,29.63,0.87251575375666,JPM
2015-10-19,29.74,30.505,29.65,29.96,14507990,30.17,-0.33637674195099,JPM
2015-10-20,30.1,30.555,29.82,30.26,11527320,29.96,0.48216007714562,JPM
2015-10-21,30.62,30.7,29.79,29.8,12133760,30.26,-0.73576455534229,JPM
2015-10-22,30.16,31.32,30.16,30.93,15272100,29.8,1.8208185626813,JPM
2015-10-23,31.37,31.925,31.24,31.61,16952790,30.93,1.0761196391834,JPM
2015-10-26,31.58,31.73,31.15,31.64,13860270,31.61,0.046970408642557,JPM
2015-10-27,31.27,31.6,31.0535,31.38,8814875,31.64,-0.40688575899843,JPM
2015-10-28,31.44,33.48,31.43,33.24,17945020,31.38,2.9226901319925,JPM
2015-10-29,33.0,33.57,32.62,32.95,12745950,33.24,-0.44274809160306,JPM
2015-10-30,33.04,33.08,31.87,31.99,15721600,32.95,-1.4721668455758,JPM
2015-11-02,32.19,33.49,32.13,33.28,15245500,31.99,2.0077821011673,JPM
2015-11-03,33.03,33.84,32.91,33.52,11518480,33.28,0.36618858712236,JPM
2015-11-04,33.75,33.89,33.37,33.59,11388190,33.52,0.10641532380662,JPM
2015-11-05,33.53,34.41,33.49,34.18,12698510,33.59,0.89597570235384,JPM
2015-11-06,36.11,36.77,35.84,36.2,23247740,34.18,3.0403371462974,JPM
2015-11-09,36.44,36.46,34.82,35.13,17130140,36.2,-1.5629564709319,JPM
2015-11-10,34.93,35.59,34.67,35.42,13224310,35.13,0.43033090963052,JPM
2015-11-11,35.84,35.91,34.99,35.09,8496162,35.42,-0.48758865248229,JPM
2015-11-12,34.6,34.64,33.69,33.74,13446240,35.09,-2.0044543429844,JPM
2015-11-13,33.58,33.91,32.97,33.3,11803740,33.74,-0.66666666666666,JPM
2015-11-16,33.2,34.32,32.91,34.25,11033050,33.3,1.4490543014033,JPM
2015-11-17,34.41,34.48,33.63,33.87,12322210,34.25,-0.57134265523983,JPM
2015-11-18,34.22,35.29,34.11,35.19,12883000,33.87,1.9960683502193,JPM
2015-11-19,35.32,35.56,34.78,35.4,12737850,35.19,0.31134173461823,JPM
2015-11-20,35.77,35.85,35.115,35.28,11157293,35.4,-0.17735737511083,JPM
2015-11-23,35.05,35.32,34.52,34.62,11338860,35.28,-0.97719869706842,JPM
2015-11-24,33.91,34.88,33.78,34.52,10889710,34.62,-0.14952153110047,JPM
2015-11-25,34.67,34.86,34.29,34.6,7754893,34.52,0.11979634621144,JPM
2015-11-27,34.74,35.0664,34.38,34.91,4052853,34.6,0.46365539934191,JPM
2015-11-30,35.02,35.26,34.42,34.42,15129760,34.91,-0.7294923328867,JPM
2015-12-01,35.08,35.57,34.73,35.35,12671640,34.42,1.3947210557888,JPM
2015-12-02,35.57,35.62,34.22,34.4,13407050,35.35,-1.4051175861559,JPM
2015-12-03,34.57,34.77,33.32,33.54,14619420,34.4,-1.2901290129013,JPM
2015-12-04,33.8,35.735,33.77,35.63,17751943,33.54,3.1762917933131,JPM
2015-12-07,35.4,35.49,34.14,34.74,11639230,35.63,-1.3109441743998,JPM
2015-12-08,33.99,34.7,33.44,33.7,13083180,34.74,-1.5522388059702,JPM
2015-12-09,33.35,34.325,32.78,33.2,16757020,33.7,-0.75803517283202,JPM
2015-12-10,33.28,34.235,32.82,33.35,12812510,33.2,0.22914757103576,JPM
2015-12-11,32.49,32.9,31.2502,31.81,17686678,33.35,-2.3472031702484,JPM
2015-12-14,31.967,32.495,31.34,32.01,17605940,31.81,0.3121585765569,JPM
2015-12-15,32.81,34.39,32.81,33.84,18091340,32.01,2.8473626886572,JPM
2015-12-16,34.65,35.48,33.65,35.27,21704910,33.84,2.1633888048412,JPM
2015-12-17,35.64,35.74,33.825,34.02,18118560,35.27,-1.8510291722198,JPM
2015-12-18,33.55,33.71,32.14,32.14,23819643,34.02,-2.8364514182257,JPM
2015-12-21,32.76,33.3,32.57,33.28,18852510,32.14,1.7701863354037,JPM
2015-12-22,33.66,33.74,32.72,33.42,12136940,33.28,0.21361000915472,JPM
2015-12-23,33.86,34.59,33.79,34.47,12510000,33.42,1.5986601705237,JPM
2015-12-24,34.36,34.63,34.06,34.34,4468242,34.47,-0.19481492582049,JPM
2015-12-28,34.03,34.19,33.45,34.12,6610446,34.34,-0.33033033033033,JPM
2015-12-29,34.58,35.04,34.48,34.81,9818585,34.12,1.0394697197951,JPM
2015-12-30,34.78,34.79,34.19,34.33,7185068,34.81,-0.71567019531831,JPM
2015-12-31,34.02,34.5201,33.74,33.77,14511826,34.33,-0.84096711217901,JPM
2016-01-04,32.13,32.24,31.19,31.8,25354250,33.77,-3.6498561260033,JPM
2016-01-05,31.88,32.31,31.22,31.91,16158610,31.8,0.17290160326941,JPM
2016-01-06,30.9,31.305,30.52,30.99,22954080,31.91,-1.4435901459281,JPM
2016-01-07,29.64,30.18,28.26,28.45,27601150,30.99,-4.0439420474447,JPM
2016-01-08,29.25,29.45,27.03,27.1,22137157,28.45,-2.2399203583873,JPM
2016-01-11,27.01,27.4,26.22,27.01,20903860,27.1,-0.15274949083504,JPM
2016-01-12,27.63,27.74,26.28,27.14,22939030,27.01,0.22097569267381,JPM
2016-01-13,27.64,27.855,25.09,25.52,28754970,27.14,-2.7476255088195,JPM
2016-01-14,26.34,27.56,25.47,26.38,31284710,25.52,1.4998256016742,JPM
2016-01-15,24.63,25.75,24.4,25.22,37682490,26.38,-1.9931271477663,JPM
2016-01-19,25.91,26.15,24.69,25.19,22798140,25.22,-0.052594670406734,JPM
2016-01-20,23.81,24.36,22.84,23.69,34633290,25.19,-2.6311173478337,JPM
2016-01-21,23.95,24.7,23.24,23.43,30960317,23.69,-0.46838407494145,JPM
2016-01-22,24.62,25.34,24.48,25.13,22732187,23.43,3.0769230769231,JPM
2016-01-25,24.66,25.03,23.78,23.84,21103410,25.13,-2.2651448639157,JPM
2016-01-26,24.03,25.33,23.99,25.26,17528090,23.84,2.5512037369745,JPM
2016-01-27,25.26,26.4499,24.74,25.22,20542320,25.26,-0.070077084793271,JPM
2016-01-28,25.7,26.15,24.81,25.46,15488790,25.22,0.42075736325386,JPM
2016-01-29,26.03,27.72,25.69,27.68,26762298,25.46,3.8756983240223,JPM
2016-02-01,27.34,27.83,26.62,27.04,16771680,27.68,-1.0756302521008,JPM
2016-02-02,26.06,26.16,24.93,25.21,22439780,27.04,-3.1090723751274,JPM
2016-02-03,25.55,25.975,23.195,25.59,31535490,25.21,0.66631597404874,JPM
2016-02-04,25.24,26.7,25.24,26.58,21650980,25.59,1.7244382511758,JPM
2016-02-05,26.86,27.32,25.6,25.93,21529610,26.58,-1.1130136986301,JPM
2016-02-08,24.87,25.1,23.715,24.72,28267480,25.93,-2.0952380952381,JPM
2016-02-09,23.47,24.87,23.31,24.38,26296410,24.72,-0.60134418111071,JPM
2016-02-10,24.75,25.59,23.65,23.7,22363530,24.38,-1.2099644128114,JPM
2016-02-11,22.08,22.09,20.68,21.25,44246490,23.7,-4.4128242074928,JPM
2016-02-12,23.83,25.75,23.35,25.67,36686246,21.25,8.3286225739589,JPM
2016-02-16,26.41,26.78,25.82,26.53,23707460,25.67,1.4959123325796,JPM
2016-02-17,27.03,27.43,26.5747,26.95,21559480,26.53,0.71979434447301,JPM
2016-02-18,27.02,27.04,25.43,25.99,17027270,26.95,-1.6334864726901,JPM
2016-02-19,25.58,26.35,25.255,26.0,15658190,25.99,0.017298045320875,JPM
2016-02-22,26.69,27.06,26.6,26.75,14881240,26.0,1.2971290211,JPM
2016-02-23,26.08,26.27,24.14,24.3,31710090,26.75,-4.1830288543623,JPM
2016-02-24,23.38,24.39,22.505,24.32,25533440,24.3,0.035637918745551,JPM
2016-02-25,24.31,25.21,24.22,25.19,14470510,24.32,1.5496971856074,JPM
2016-02-26,25.83,26.29,25.32,25.72,20947508,25.19,0.92966146290125,JPM
2016-02-29,25.59,25.785,24.47,24.48,19532680,25.72,-2.1550225929788,JPM
2016-03-01,24.94,27.38,24.85,27.38,23948070,24.48,5.1509769094139,JPM
2016-03-02,27.38,28.08,27.14,27.94,20929250,27.38,0.94594594594594,JPM
2016-03-03,27.76,28.14,27.283,28.14,15771410,27.94,0.33467202141901,JPM
2016-03-04,28.31,28.73,27.711,28.23,18459014,28.14,0.15010006671113,JPM
2016-03-07,27.72,28.23,27.5,28.12,12829810,28.23,-0.18318068276436,JPM
2016-03-08,27.39,27.68,26.86,26.96,14121770,28.12,-1.9352686019353,JPM
2016-03-09,27.33,27.72,26.86,27.3,13223840,26.96,0.57842803674719,JPM
2016-03-10,27.77,27.85,25.99,26.79,21132730,27.3,-0.86265223274695,JPM
2016-03-11,27.57,27.69,26.83,27.52,21054993,26.79,1.2455212421089,JPM
2016-03-14,27.33,27.49,26.78,27.3,13428210,27.52,-0.37074486012809,JPM
2016-03-15,26.72,27.39,26.61,27.38,10900840,27.3,0.13531799729365,JPM
2016-03-16,27.163,27.93,26.65,27.1,17423910,27.38,-0.47297297297297,JPM
2016-03-17,26.95,27.31,26.17,26.93,19386210,27.1,-0.28852681602173,JPM
2016-03-18,28.21,29.15,27.84,28.66,29471925,26.93,2.9446808510638,JPM
2016-03-21,28.4,28.999,28.1425,28.64,12677370,28.66,-0.033068783068776,JPM
2016-03-22,28.17,28.76,27.8,28.42,12023260,28.64,-0.36387694343367,JPM
2016-03-23,28.52,28.69,28.04,28.12,11646350,28.42,-0.4980079681275,JPM
2016-03-24,27.48,27.69,27.05,27.66,12898620,28.12,-0.76743410076744,JPM
2016-03-28,27.71,27.93,27.36,27.58,11159120,27.66,-0.13449899125756,JPM
2016-03-29,27.51,27.51,26.71,27.21,15927810,27.58,-0.62289562289562,JPM
2016-03-30,27.64,28.4072,27.56,27.89,13307090,27.21,1.1519566322209,JPM
2016-03-31,27.63,28.11,27.29,27.4,14904230,27.89,-0.82063305978898,JPM
2016-04-01,27.27,28.24,26.74,28.05,15417527,27.4,1.0976021614319,JPM
2016-04-04,28.06,28.185,27.58,27.82,12289480,28.05,-1.1190913646233,JPM
2016-04-05,27.21,27.45,26.83,26.98,12883750,27.82,-1.4189189189189,JPM
2016-04-06,26.8,27.5,26.57,27.43,12162690,26.98,0.77107607950652,JPM
2016-04-07,26.88,27.05,25.685,25.94,19224570,27.43,-2.5335827240265,JPM
2016-04-08,26.33,27.2,26.31,26.36,13539290,25.94,0.73272854152129,JPM
2016-04-11,26.53,27.5,26.53,26.82,17617230,26.36,0.79667474887427,JPM
2016-04-12,26.96,28.01,26.82,27.9,17742160,26.82,1.8556701030928,JPM
2016-04-13,29.1,30.78,29.0,30.41,37505290,27.9,4.2341430499325,JPM
2016-04-14,30.31,31.525,30.225,31.21,24246240,30.41,1.2947078815342,JPM
2016-04-15,31.5,31.52,30.07,30.49,19290707,31.21,-1.1503435053523,JPM
2016-04-18,30.26,31.2,30.15,30.89,13805730,30.49,0.64651689025377,JPM
2016-04-19,31.17,32.1,31.17,31.94,19252980,30.89,1.6862052352658,JPM
2016-04-20,32.1,32.93,31.765,32.86,14590240,31.94,1.452937460518,JPM
2016-04-21,32.88,33.28,31.96,32.22,15373530,32.86,-0.99626400996263,JPM
2016-04-22,32.26,33.0,32.26,32.59,12431060,32.22,0.5817610062893,JPM
2016-04-25,32.22,32.57,31.765,32.22,10683820,32.59,-0.57839612318274,JPM
2016-04-26,32.43,32.69,31.95,32.55,12032740,32.22,0.5188679245283,JPM
2016-04-27,32.48,33.26,32.22,32.73,15274610,32.55,0.2815579540122,JPM
2016-04-28,32.26,33.035,31.97,32.22,12852410,32.73,-0.79550772110435,JPM
2016-04-29,31.71,32.23,31.32,31.82,16371830,32.22,-0.62893081761006,JPM
2016-05-02,32.31,32.62,31.76,32.41,10236340,31.82,0.93354430379746,JPM
2016-05-03,31.52,31.53,30.42,31.18,19104810,32.41,-1.9282019125255,JPM
2016-05-04,30.37,30.88,29.89,30.19,17019140,31.18,-1.5824808184143,JPM
2016-05-05,30.22,30.615,29.68,29.86,14033800,30.19,-0.53597531265226,JPM
2016-05-06,29.32,30.3,29.21,30.22,11055230,29.86,0.58785107772697,JPM
2016-05-09,29.99,30.51,29.67,29.83,11192530,30.22,-0.63311688311688,JPM
2016-05-10,30.17,30.88,29.97,30.66,11895680,29.83,1.3559875837281,JPM
2016-05-11,30.59,31.22,30.43,30.43,11247770,30.66,-0.37072856221792,JPM
2016-05-12,30.89,31.18,29.99,30.39,10996180,30.43,-0.064714447500403,JPM
2016-05-13,30.32,31.0201,29.64,29.82,15120720,30.39,-0.92277804759592,JPM
2016-05-16,29.83,30.605,29.62,30.28,10944850,29.82,0.75163398692809,JPM
2016-05-17,30.05,30.78,29.77,30.28,12177230,30.28,0.0,JPM
2016-05-18,30.32,32.79,30.31,32.66,24041870,30.28,3.8598767434317,JPM
2016-05-19,32.15,32.84,31.52,32.01,16068960,32.66,-1.0149906308557,JPM
2016-05-20,32.48,32.81,31.99,32.13,11756340,32.01,0.18930430667297,JPM
2016-05-23,32.07,32.49,31.78,32.08,9331600,32.13,-0.078727759407963,JPM
2016-05-24,32.56,33.39,32.43,33.16,13816940,32.08,1.7018594390167,JPM
2016-05-25,33.56,34.82,33.54,34.14,18935200,33.16,1.5184381778742,JPM
2016-05-26,34.19,34.2,33.53,33.65,9422502,34.14,-0.74786324786324,JPM
2016-05-27,33.83,34.08,33.67,34.05,10115340,33.65,0.61510072274336,JPM
2016-05-31,34.35,34.44,33.58,33.89,15138970,34.05,-0.24453614549902,JPM
2016-06-01,33.38,34.54,32.88,34.31,13975410,33.89,0.64348092538686,JPM
2016-06-02,34.14,34.43,33.78,34.43,10625310,34.31,0.18267620642412,JPM
2016-06-03,32.87,33.48,32.17,33.26,20260540,34.43,-1.7778453122626,JPM
2016-06-06,33.26,34.38,33.22,33.9,13184080,33.26,0.99009900990099,JPM
2016-06-07,34.07,34.36,33.66,33.68,9905080,33.9,-0.33700980392157,JPM
2016-06-08,33.55,34.1,33.54,33.87,9403318,33.68,0.2920381186597,JPM
2016-06-09,33.41,33.52,32.89,33.37,10804170,33.87,-0.76628352490421,JPM
2016-06-10,32.55,32.69,32.2,32.46,16658480,33.37,-1.4054054054054,JPM
2016-06-13,32.1,32.96,31.88,31.89,14357510,32.46,-0.89285714285714,JPM
2016-06-14,31.3,32.09,30.3002,30.7,19493260,31.89,-1.8808281966177,JPM
2016-06-15,31.03,31.595,30.53,30.59,16974780,30.7,-0.17719072164948,JPM
2016-06-16,30.07,30.92,29.52,30.84,16778700,30.59,0.40342101016621,JPM
2016-06-17,30.92,31.33,30.55,30.9,15745380,30.84,0.096432015429126,JPM
2016-06-20,32.07,32.47,30.96,30.99,12211920,30.9,0.14450867052023,JPM
2016-06-21,31.35,31.62,30.76,31.57,11602540,30.99,0.92993426326761,JPM
2016-06-22,31.57,32.33,31.3,31.33,12626840,31.57,-0.38125496425735,JPM
2016-06-23,32.32,32.77,32.15,32.67,16574300,31.33,2.1368202838463,JPM
2016-06-24,29.1,30.32,27.96,28.22,44057430,32.67,-6.9476971116315,JPM
2016-06-27,27.33,27.37,25.67,26.23,37902660,28.22,-3.3389261744966,JPM
2016-06-28,27.81,28.17,26.88,28.14,29076080,26.23,3.3153966325291,JPM
2016-06-29,28.98,29.83,28.62,29.82,21455400,28.14,2.8225806451613,JPM
2016-06-30,30.25,30.81,29.64,30.76,21347070,29.82,1.5359477124183,JPM
2016-07-01,30.61,31.1115,30.26,30.36,14217796,30.76,-1.4161570646926,JPM
2016-07-05,29.55,29.7,28.2,28.65,23333870,30.36,-2.7913809990206,JPM
2016-07-06,28.11,29.39,27.86,29.29,20427990,28.65,1.0747271200672,JPM
2016-07-07,29.62,30.24,29.26,29.68,13769470,29.29,0.64794816414687,JPM
2016-07-08,30.43,31.27,30.43,30.93,16991360,29.68,2.0633872565203,JPM
2016-07-11,31.52,32.05,31.24,31.37,13143038,30.93,0.71162865922692,JPM
2016-07-12,32.13,32.66,31.99,32.3,16585680,31.37,1.4934960655211,JPM
2016-07-13,32.18,32.53,31.74,32.26,18401300,32.3,-0.063291139240516,JPM
2016-07-14,33.84,34.08,33.15,33.22,28975320,32.26,1.5199493350222,JPM
2016-07-15,33.85,33.9,32.71,33.28,17416830,33.22,0.093574547723023,JPM
2016-07-18,33.23,33.5,33.0,33.06,10820810,33.28,-0.34278591461515,JPM
2016-07-19,32.71,33.2,32.56,32.96,9728076,33.06,-0.15634771732333,JPM
2016-07-20,33.21,33.329,32.81,33.03,10404340,32.96,0.10961478233636,JPM
2016-07-21,33.1,33.28,32.73,32.79,9952550,33.03,-0.3754106053496,JPM
2016-07-22,33.0,33.19,32.7,33.14,8195331,32.79,0.54953681896688,JPM
2016-07-25,33.08,33.27,32.775,32.97,8010252,33.14,-0.26545908806997,JPM
2016-07-26,33.08,33.36,32.81,33.23,8062291,32.97,0.40707687490214,JPM
2016-07-27,33.18,33.785,33.16,33.43,11798080,33.23,0.31186652112896,JPM
2016-07-28,33.1,33.29,32.82,33.2,10007520,33.43,-0.35753147831494,JPM
2016-07-29,32.9,33.39,32.85,33.07,13210412,33.2,-0.20280811232449,JPM
2016-08-01,33.25,33.41,32.71,32.9,11421800,33.07,-0.26574957011099,JPM
2016-08-02,32.69,33.11,32.48,32.75,13544080,32.9,-0.23510971786834,JPM
2016-08-03,32.79,33.77,32.75,33.76,13100800,32.75,1.5868028279654,JPM
2016-08-04,33.59,33.915,33.37,33.66,9872821,33.76,-0.15465511908443,JPM
2016-08-05,34.17,35.47,34.17,35.4,20752730,33.66,2.6951672862453,JPM
2016-08-08,35.17,35.585,34.94,35.2,11346420,35.4,-0.30165912518854,JPM
2016-08-09,35.28,35.38,34.79,34.97,10038090,35.2,-0.34795763993947,JPM
2016-08-10,35.02,35.17,34.26,34.38,11512230,34.97,-0.89570365872173,JPM
2016-08-11,34.37,34.79,34.12,34.56,9585742,34.38,0.27573529411764,JPM
2016-08-12,34.07,34.45,33.96,34.42,7685383,34.56,-0.21387106630003,JPM
2016-08-15,34.66,34.93,34.56,34.82,8360301,34.42,0.61236987140234,JPM
2016-08-16,34.46,35.06,34.34,34.81,10118160,34.82,-0.015216068167993,JPM
2016-08-17,34.9,35.08,34.64,34.99,11866910,34.81,0.27393090853752,JPM
2016-08-18,34.72,35.09,34.63,35.05,9313586,34.99,0.09106085900744,JPM
2016-08-19,34.82,35.01,34.32,34.96,9084877,35.05,-0.13646702047006,JPM
2016-08-22,34.85,34.98,34.51,34.9,9055629,34.96,-0.091102338293353,JPM
2016-08-23,35.17,35.44,34.86,34.87,8942754,34.9,-0.045592705167175,JPM
2016-08-24,35.09,35.33,34.87,35.05,10158640,34.87,0.27368100957885,JPM
2016-08-25,35.01,35.24,34.89,35.17,9958527,35.05,0.18195602729339,JPM
2016-08-26,35.43,35.98,34.945,35.32,13984240,35.17,0.22703193582565,JPM
2016-08-29,35.59,36.2,35.56,36.05,14560460,35.32,1.1023859861069,JPM
2016-08-30,36.06,36.695,36.05,36.6,13790130,36.05,0.82150858849888,JPM
2016-08-31,36.56,36.87,35.955,36.6,14933460,36.6,0.0,JPM
2016-09-01,36.74,36.82,35.75,36.31,12223370,36.6,-0.42962962962964,JPM
2016-09-02,36.5,36.675,36.08,36.59,13663790,36.31,0.41660467192382,JPM
2016-09-06,36.6,36.65,35.81,36.54,16615410,36.59,-0.074085049636979,JPM
2016-09-07,36.26,36.6901,36.06,36.26,10043130,36.54,-0.41518386714116,JPM
2016-09-08,36.32,36.78,36.1,36.35,12203960,36.26,0.13400833829661,JPM
2016-09-09,36.13,36.53,35.74,35.75,19608900,36.35,-0.89219330855018,JPM
2016-09-12,35.24,36.4,34.86,36.16,16435820,35.75,0.61515378844711,JPM
2016-09-13,35.21,35.96,34.92,35.63,18818190,36.16,-0.79033701163138,JPM
2016-09-14,35.37,36.345,35.31,35.5,12632050,35.63,-0.19540057117089,JPM
2016-09-15,35.39,36.03,35.19,35.74,12612620,35.5,0.36144578313252,JPM
2016-09-16,35.19,35.36,34.54,34.92,25031403,35.74,-1.2304921968788,JPM
2016-09-19,35.38,35.74,34.95,35.29,13466874,34.92,0.56213916742632,JPM
2016-09-20,35.85,35.95,35.34,35.56,10092157,35.29,0.40791660371657,JPM
2016-09-21,35.94,36.23,35.4099,35.94,14116774,35.56,0.57177249473369,JPM
2016-09-22,36.2,36.52,35.94,36.49,12780744,35.94,0.8228605625374,JPM
2016-09-23,36.5,37.0,36.2766,36.35,13967357,36.49,-0.20774595637335,JPM
2016-09-26,35.7,35.9,34.64,34.88,16407728,36.35,-2.185873605948,JPM
2016-09-27,34.44,35.505,34.21,35.46,13711386,34.88,0.88172696868349,JPM
2016-09-28,35.68,35.87,35.093,35.81,11245625,35.46,0.52742616033754,JPM
2016-09-29,35.69,36.31,34.45,34.75,18727192,35.81,-1.5889671713386,JPM
2016-09-30,35.18,36.16,35.18,35.69,21680093,34.75,1.4318354912414,JPM
2016-10-03,35.45,36.02,35.36,35.61,14901651,35.69,-0.12013815888271,JPM
2016-10-04,35.78,36.76,35.68,36.18,17190681,35.61,0.13531799729362,JPM
2016-10-05,36.47,37.65,36.38,37.27,16279971,36.18,1.6366366366366,JPM
2016-10-06,37.31,37.55,36.63,37.45,17484978,37.27,0.26591815630079,JPM
2016-10-07,37.36,37.76,36.98,37.69,18497019,37.45,0.35361720937085,JPM
2016-10-10,37.97,38.64,37.81,38.22,13027466,37.69,0.77815298781383,JPM
2016-10-11,38.08,38.4,37.51,37.89,15655249,38.22,-0.48076923076923,JPM
2016-10-12,37.93,38.17,37.63,37.71,11899831,37.89,-0.26350461133071,JPM
2016-10-13,37.04,37.45,36.4,37.32,17890046,37.71,-0.57243505063849,JPM
2016-10-14,38.38,38.61,36.88,37.1,24159494,37.32,-0.32477118393859,JPM
2016-10-17,37.01,37.37,36.315,36.75,14928144,37.1,-0.51836492890994,JPM
2016-10-18,37.46,37.79,37.12,37.28,11870286,36.75,0.78904272740807,JPM
2016-10-19,37.51,38.08,37.39,37.93,12705774,37.28,0.96011816838994,JPM
2016-10-20,37.66,38.26,37.52,37.84,14067915,37.93,-0.13167520117043,JPM
2016-10-21,37.39,38.11,37.28,38.07,12175674,37.84,0.33694696747728,JPM
2016-10-24,38.55,38.63,38.075,38.45,10197123,38.07,0.55482552197403,JPM
2016-10-25,38.46,38.51,37.96,38.38,9945050,38.45,-0.10164077246988,JPM
2016-10-26,37.95,38.83,37.95,38.71,9741783,38.38,0.4796511627907,JPM
2016-10-27,39.07,39.35,38.68,38.81,14210699,38.71,0.14465499783019,JPM
2016-10-28,39.11,39.13,38.045,38.69,12710690,38.81,-0.17333525928067,JPM
2016-10-31,39.02,39.16,38.81,38.84,14326811,38.69,0.21704529011721,JPM
2016-11-01,39.06,39.36,37.91,38.55,15564491,38.84,-0.41871209933585,JPM
2016-11-02,38.22,38.43,37.59,38.26,12422404,38.55,-0.42047266927649,JPM
2016-11-03,38.44,38.77,37.8,37.96,10369670,38.26,-0.43680838672104,JPM
2016-11-04,38.07,38.14,37.22,37.34,13364053,37.96,-0.90669786487276,JPM
2016-11-07,38.66,39.55,38.58,39.46,16515137,37.34,3.1286894923258,JPM
2016-11-08,39.32,40.125,38.82,39.61,17531748,39.46,0.21465369204351,JPM
2016-11-09,41.07,43.73,40.9,42.83,50948378,39.61,4.5980294159646,JPM
2016-11-10,44.08,46.83,43.8,46.23,56122571,42.83,4.641638225256,JPM
2016-11-11,45.88,46.305,45.35,46.27,27497764,46.23,0.052185257664699,JPM
2016-11-14,47.08,50.02,46.83,49.09,46126946,46.27,3.6771417394706,JPM
2016-11-15,48.06,48.99,47.36,48.94,28125979,49.09,-0.18865551502956,JPM
2016-11-16,47.84,47.93,46.46,46.98,26038247,48.94,-2.4697580645161,JPM
2016-11-17,47.51,48.035,47.18,47.6,19305644,46.98,0.80103359173125,JPM
2016-11-18,47.54,48.0,47.13,47.29,19769565,47.6,-0.39733401691874,JPM
2016-11-21,47.58,47.75,46.87,47.63,11983439,47.29,0.43752412816884,JPM
2016-11-22,47.92,48.135,47.34,48.11,14409802,47.63,0.61499039077515,JPM
2016-11-23,48.45,48.82,47.47,48.44,13401187,48.11,0.420221571374,JPM
2016-11-25,48.68,49.03,48.05,48.41,6185719,48.44,-0.038042099923917,JPM
2016-11-28,47.76,48.45,47.6,47.9,13007042,48.41,-0.6469618165673,JPM
2016-11-29,47.97,48.74,47.97,48.5,14144062,47.9,0.76608784473954,JPM
2016-11-30,49.5,50.11,49.28,49.75,25351594,48.5,1.5838824125697,JPM
2016-12-01,50.23,51.859,50.23,51.37,23820902,49.75,2.0207059997505,JPM
2016-12-02,51.38,51.41,50.48,51.18,16931504,51.37,-0.23230223743735,JPM
2016-12-05,51.88,52.87,51.87,52.84,18522318,51.18,2.0343137254902,JPM
2016-12-06,53.18,53.39,52.01,53.27,16129892,52.84,0.51645447994234,JPM
2016-12-07,53.13,53.67,52.43,53.65,18994203,53.27,0.4540566375911,JPM
2016-12-08,53.81,55.08,53.52,54.7,20843253,53.65,1.2489592006661,JPM
2016-12-09,54.6,55.08,53.72,55.07,14566796,54.7,0.43468045112781,JPM
2016-12-12,54.94,55.37,53.87,54.31,14509170,55.07,-0.88899286466252,JPM
2016-12-13,54.56,55.25,53.4,54.34,16655173,54.31,0.035406585624928,JPM
2016-12-14,53.46,55.7,53.34,54.31,22621256,54.34,-0.035394053798963,JPM
2016-12-15,54.98,56.07,54.48,55.58,19438175,54.31,1.4988787914552,JPM
2016-12-16,55.87,55.87,54.47,54.52,22975690,55.58,-1.2325581395349,JPM
2016-12-19,54.38,55.02,53.77,55.01,21684743,54.52,0.57687779609137,JPM
2016-12-20,55.37,56.12,55.125,56.11,14585245,55.01,1.2876038862226,JPM
2016-12-21,56.01,56.39,55.61,56.33,11393850,56.11,0.2542470819369,JPM
2016-12-22,56.02,56.75,55.79,56.47,13923119,56.33,0.16138328530259,JPM
2016-12-23,56.58,56.73,55.98,56.63,10758133,56.47,0.18414086776384,JPM
2016-12-27,56.63,56.74,56.33,56.71,6945935,56.63,0.091901206203329,JPM
2016-12-28,56.74,56.97,55.93,56.08,9454539,56.71,-0.72305750028692,JPM
2016-12-29,56.16,56.25,54.62,55.47,14688466,56.08,-0.70520231213873,JPM
2016-12-30,55.68,56.0,55.24,55.87,13616146,55.47,0.46571195715451,JPM
2017-01-03,56.92,57.34,55.56,56.81,20547643,55.87,1.0893498667285,JPM
2017-01-04,57.02,57.24,56.46,56.97,15265665,56.81,-0.36684626848562,JPM
2017-01-05,56.87,57.17,55.318,56.17,14300788,56.97,-0.92049246346795,JPM
2017-01-06,56.45,56.68,56.0,56.18,12892593,56.17,0.011613053071658,JPM
2017-01-09,55.79,56.83,55.58,56.24,12795871,56.18,0.069670227589413,JPM
2017-01-10,56.13,56.96,55.78,56.49,13987421,56.24,0.29009050823857,JPM
2017-01-11,56.49,57.14,55.97,57.14,14702191,56.49,0.75205368506305,JPM
2017-01-12,56.82,57.33,56.08,56.3,21327862,57.14,-0.96463022508039,JPM
2017-01-13,57.17,58.23,56.16,56.76,28291875,56.3,0.53339517625233,JPM
2017-01-17,54.99,55.28,53.34,53.61,30020643,56.76,-3.6332179930796,JPM
2017-01-18,53.69,54.29,53.09,54.0,21267565,53.61,0.46678635547576,JPM
2017-01-19,54.12,54.73,53.18,53.36,16553669,54.0,-0.76244936859662,JPM
2017-01-20,53.49,53.89,53.345,53.73,18435934,53.36,0.44417767106843,JPM
2017-01-23,53.36,54.06,53.265,53.77,12175811,53.73,0.047806860284441,JPM
2017-01-24,53.98,55.06,53.62,54.78,15173234,53.77,1.2065464102258,JPM
2017-01-25,55.9,56.23,55.23,56.09,17545279,54.78,1.5462700661001,JPM
2017-01-26,56.01,57.01,56.01,56.81,15961010,56.09,0.83691735441125,JPM
2017-01-27,56.72,57.04,56.33,56.99,12534881,56.81,0.20749279538906,JPM
2017-01-30,56.25,56.56,55.38,56.09,13660634,56.99,-1.0353157713103,JPM
2017-01-31,55.66,56.21,54.15,54.69,15651836,56.09,-1.6273393002441,JPM
2017-02-01,55.6,56.16,54.74,55.01,15430713,54.69,0.37811650714877,JPM
2017-02-02,54.4,54.97,54.22,54.65,11080395,55.01,-0.42377869334903,JPM
2017-02-03,56.25,57.37,55.925,57.24,17879130,54.65,3.0618276392009,JPM
2017-02-06,56.85,57.51,56.67,56.83,11828391,57.24,-0.47029135122736,JPM
2017-02-07,57.2,57.46,56.54,56.78,9391232,56.83,-0.057623602627633,JPM
2017-02-08,56.24,56.37,55.43,56.02,13970478,56.78,-0.87638376383764,JPM
2017-02-09,56.48,57.39,56.19,57.26,13748175,56.02,1.4425314099581,JPM
2017-02-10,57.54,57.54,56.95,57.06,10992366,57.26,-0.22935779816514,JPM
2017-02-13,57.5,58.8,57.49,58.21,18738628,57.06,1.3218390804598,JPM
2017-02-14,58.36,59.76,58.166,59.62,17931178,58.21,1.5995462280204,JPM
2017-02-15,60.14,60.93,59.41,60.65,17380674,59.62,1.1500669941938,JPM
2017-02-16,60.46,61.1,59.83,60.59,17663974,60.65,-0.06623247599073,JPM
2017-02-17,59.88,60.525,59.75,60.29,15776589,60.59,-0.33138186236606,JPM
2017-02-21,60.57,61.21,60.52,61.07,14067806,60.29,0.86445749750637,JPM
2017-02-22,60.58,61.36,60.48,61.12,11838730,61.07,0.054939017690361,JPM
2017-02-23,61.24,61.4,60.58,61.19,11066599,61.12,0.076872391829555,JPM
2017-02-24,60.24,60.6,59.79,60.39,15061468,61.19,-0.87786678371557,JPM
2017-02-27,60.38,60.785,60.08,60.49,12360378,60.39,0.11070519207352,JPM
2017-02-28,59.905,60.88,59.645,60.68,15182470,60.49,0.21010726528807,JPM
2017-03-01,62.85,64.04,62.67,63.66,24450465,60.68,3.2884572941955,JPM
2017-03-02,63.93,63.98,62.09,62.2,16847601,63.66,-1.5598290598291,JPM
2017-03-03,62.29,63.17,62.25,62.86,12861531,62.2,0.71630128065986,JPM
2017-03-06,62.31,62.38,61.16,61.98,15058328,62.86,-0.94827586206896,JPM
2017-03-07,61.7,62.15,61.27,61.47,11156675,61.98,-0.55483028720627,JPM
2017-03-08,62.74,62.911,61.16,61.27,17375635,61.47,-0.21879444262116,JPM
2017-03-09,61.66,62.2,61.21,61.63,13722606,61.27,0.39469356430216,JPM
2017-03-10,62.01,62.06,60.59,61.34,13728948,61.63,-0.31669760838702,JPM
2017-03-13,61.37,61.84,60.991,61.42,10003237,61.34,0.087642418930761,JPM
2017-03-14,61.08,61.71,60.825,61.57,10236962,61.42,0.16418563922943,JPM
2017-03-15,61.86,62.61,61.19,61.79,16598742,61.57,0.24041088405639,JPM
2017-03-16,62.09,62.865,61.63,61.7,14490731,61.79,-0.098114030306338,JPM
2017-03-17,61.89,62.1,60.71,60.74,21733880,61.7,-1.0475774770842,JPM
2017-03-20,60.33,61.23,59.85,60.09,14622409,60.74,-0.71680635200706,JPM
2017-03-21,60.42,60.7,57.12,57.45,33082888,60.09,-2.9323558813729,JPM
2017-03-22,56.95,58.13,56.07,57.59,21739765,57.45,0.16020139604074,JPM
2017-03-23,57.27,58.56,57.15,57.45,16088677,57.59,-0.15994516165886,JPM
2017-03-24,57.85,58.15,56.83,57.35,16091387,57.45,-0.11442956860052,JPM
2017-03-27,55.59,57.461,55.29,57.3,16688590,57.35,-0.057280329934713,JPM
2017-03-28,57.08,59.08,57.04,58.66,16261933,57.3,1.5589179275562,JPM
2017-03-29,58.66,58.88,58.14,58.33,10207366,58.66,-0.37246049661399,JPM
2017-03-30,58.26,59.52,58.18,59.09,11629986,58.33,0.86099467542767,JPM
2017-03-31,58.77,58.799,57.81,57.9,16986068,59.09,-1.3366281028867,JPM
2017-04-03,58.05,58.23,56.66,57.58,19829340,57.9,-0.36429872495447,JPM
2017-04-04,57.45,58.23,57.275,57.87,14279332,57.58,-0.23994515539305,JPM
2017-04-05,58.98,59.1,56.69,56.75,17633832,57.87,-1.2827854770359,JPM
2017-04-06,56.54,57.47,55.81,57.04,14377588,56.75,0.33646594732568,JPM
2017-04-07,56.49,57.37,56.27,56.74,13092979,57.04,-0.34690101757631,JPM
2017-04-10,56.64,57.25,55.96,56.44,15080596,56.74,-0.3481086098863,JPM
2017-04-11,56.1,56.35,55.36,56.29,14687360,56.44,-0.17466231951559,JPM
2017-04-12,56.49,56.51,55.59,55.96,14720632,56.29,-0.38492942960457,JPM
2017-04-13,56.06,57.55,54.96,54.96,30526652,55.96,-1.1709601873536,JPM
2017-04-17,55.0,56.64,54.93,56.42,19069684,54.96,1.7298578199052,JPM
2017-04-18,55.92,56.19,55.3,55.72,14125799,56.42,-0.81528068949453,JPM
2017-04-19,56.06,56.48,54.92,55.02,17587154,55.72,-0.82198215124472,JPM
2017-04-20,55.54,56.34,55.11,56.11,15632865,55.02,1.2905517404689,JPM
2017-04-21,56.06,56.24,55.07,55.08,19819372,56.11,-1.2039742840444,JPM
2017-04-24,57.11,58.61,56.98,58.06,25467330,55.08,3.5257927117842,JPM
2017-04-25,59.11,59.69,58.82,58.82,18251982,58.06,0.86857142857143,JPM
2017-04-26,58.91,59.61,58.7,58.99,12831349,58.82,0.19261273510084,JPM
2017-04-27,58.93,58.93,57.57,58.17,13328365,58.99,-0.92728711975575,JPM
2017-04-28,58.16,58.41,57.51,57.56,10755509,58.17,-0.69626754936651,JPM
2017-05-01,57.92,58.3,57.12,57.62,15710840,57.56,0.068965517241382,JPM
2017-05-02,57.27,57.44,56.58,57.06,14414034,57.62,-0.64323455088445,JPM
2017-05-03,56.62,57.66,56.58,57.56,11539159,57.06,0.57803468208092,JPM
2017-05-04,58.25,58.29,57.13,57.66,11537773,57.56,0.11494252873563,JPM
2017-05-05,57.81,57.9,56.98,57.56,9435686,57.66,-0.11481056257175,JPM
2017-05-08,57.6,57.879,57.208,57.66,8162189,57.56,0.11494252873563,JPM
2017-05-09,57.82,58.4,57.06,57.31,10268967,57.66,-0.40183696900114,JPM
2017-05-10,57.088,58.04,57.03,57.99,8333764,57.31,0.78386167146975,JPM
2017-05-11,57.65,58.04,56.91,57.72,10906582,57.99,-0.30881848335813,JPM
2017-05-12,57.24,57.608,56.899,57.48,8737877,57.72,-0.27535566773749,JPM
2017-05-15,57.66,58.05,57.42,57.9,8789081,57.48,0.483202945237,JPM
2017-05-16,57.92,58.65,57.9,58.17,9792668,57.9,0.30913670712159,JPM
2017-05-17,56.67,56.95,54.53,54.83,24670739,58.17,-3.8123501883347,JPM
2017-05-18,54.63,55.36,53.92,54.52,23349286,54.83,-0.36786519520589,JPM
2017-05-19,54.77,55.9,54.71,55.34,13412121,54.52,0.97665555026204,JPM
2017-05-22,55.74,55.85,54.77,55.26,11632473,55.34,-0.094361877801366,JPM
2017-05-23,55.31,56.63,55.07,56.32,11752819,55.26,1.2514757969303,JPM
2017-05-24,56.44,56.53,55.8,56.27,9921832,56.32,-0.058302238805983,JPM
2017-05-25,56.55,56.64,55.64,55.91,12238408,56.27,-0.42002100105005,JPM
2017-05-26,55.67,56.12,55.58,55.92,8112533,55.91,0.011716461628594,JPM
2017-05-30,55.69,55.71,54.34,54.46,12601801,55.92,-1.7104029990628,JPM
2017-05-31,54.29,54.38,52.195,52.71,28324042,54.46,-2.0858164481526,JPM
2017-06-01,53.02,53.64,52.21,53.62,17121645,52.71,1.1077297626293,JPM
2017-06-02,52.85,53.55,52.54,53.2,14997739,53.62,-0.50565856007705,JPM
2017-06-05,53.2,54.07,53.14,53.35,9080004,53.2,0.18151016456922,JPM
2017-06-06,52.85,53.775,52.69,53.52,12196516,53.35,0.20533880903489,JPM
2017-06-07,53.87,54.665,53.66,54.47,13710970,53.52,1.1451301832208,JPM
2017-06-08,54.47,56.29,54.45,55.51,17949981,54.47,1.2394231915147,JPM
2017-06-09,56.07,57.61,55.95,57.52,19116785,55.51,2.3660977045321,JPM
2017-06-12,57.88,58.3,56.85,57.54,16052005,57.52,0.02299908003681,JPM
2017-06-13,58.11,58.41,57.54,57.83,12557225,57.54,0.33340997930558,JPM
2017-06-14,57.33,57.87,56.38,57.65,16169604,57.83,-0.20625644551391,JPM
2017-06-15,56.81,57.64,56.8,57.13,12509682,57.65,-0.59708347686303,JPM
2017-06-16,57.41,57.52,56.575,56.74,16936372,57.13,-0.45050248353932,JPM
2017-06-19,57.53,58.79,57.41,58.63,15971569,56.74,2.1930842422836,JPM
2017-06-20,58.31,58.48,57.93,58.08,11197579,58.63,-0.62450323606222,JPM
2017-06-21,58.04,58.105,57.32,57.68,10004941,58.08,-0.45703839122485,JPM
2017-06-22,57.49,57.92,57.21,57.58,12180029,57.68,-0.11478420569331,JPM
2017-06-23,58.22,58.56,57.17,57.42,18811057,57.58,-0.18386577798207,JPM
2017-06-26,57.57,58.23,57.175,57.8,10081655,57.42,0.43748560902601,JPM
2017-06-27,58.27,59.5,58.06,58.61,15414926,57.8,0.92847317744154,JPM
2017-06-28,59.16,60.63,59.16,60.38,17455663,58.61,2.0102214650767,JPM
2017-06-29,62.9,63.21,60.87,61.71,27693945,60.38,1.4807392562904,JPM
2017-06-30,62.52,62.56,61.72,61.96,16889868,61.71,0.27427317608338,JPM
2017-07-03,62.62,64.54,62.47,63.81,13208087,61.96,1.4770240700219,JPM
2017-07-05,64.18,64.85,63.67,64.74,17532502,63.81,1.0026954177898,JPM
2017-07-06,64.6,65.57,63.94,64.44,16594819,64.74,-0.32023911187021,JPM
2017-07-07,65.02,65.23,64.29,64.91,12816622,64.44,0.50331976868708,JPM
2017-07-10,64.56,64.74,64.15,64.25,13985891,64.91,-0.70324986680873,JPM
2017-07-11,64.39,64.39,63.34,63.89,13261812,64.25,-0.38630754372787,JPM
2017-07-12,63.67,63.89,63.13,63.57,13539874,63.89,-0.34471614779704,JPM
2017-07-13,63.75,64.44,63.4,64.16,12807236,63.57,0.63776888984973,JPM
2017-07-14,61.87,63.665,61.64,63.31,22233947,64.16,-0.91299677765843,JPM
2017-07-17,62.88,63.05,62.31,62.45,14371192,63.31,-0.93224932249322,JPM
2017-07-18,61.51,62.64,61.38,62.13,14717566,62.45,-0.35014771856878,JPM
2017-07-19,62.4,62.68,62.061,62.26,11650795,62.13,0.14274733721314,JPM
2017-07-20,62.21,62.78,61.96,62.26,11561600,62.26,0.0,JPM
2017-07-21,62.12,62.42,61.58,61.95,10970762,62.26,-0.33991228070176,JPM
2017-07-24,62.02,62.6,61.97,62.34,10724716,61.95,0.42909010892287,JPM
2017-07-25,63.43,64.58,63.33,63.86,16445677,62.34,1.6652059596845,JPM
2017-07-26,64.16,64.25,62.74,62.99,11814742,63.86,-0.93749999999999,JPM
2017-07-27,62.89,63.12,62.22,62.61,12328950,62.99,-0.41335798977484,JPM
2017-07-28,62.51,62.81,61.965,62.34,9351915,62.61,-0.29492080830147,JPM
2017-07-31,62.57,63.42,62.56,62.86,11520329,62.34,0.56967572304995,JPM
2017-08-01,63.55,64.2,63.34,64.09,12520908,62.86,1.3398692810458,JPM
2017-08-02,63.925,64.27,63.565,64.17,10165204,64.09,0.085993765452003,JPM
2017-08-03,63.76,64.19,63.295,63.56,11074804,64.17,-0.65513908280528,JPM
2017-08-04,64.56,65.46,64.531,64.72,14321764,63.56,1.2540540540541,JPM
2017-08-07,64.95,65.25,64.77,65.08,7978336,64.72,0.38436899423446,JPM
2017-08-08,65.01,66.279,64.66,64.74,13744791,65.08,-0.3616251861306,JPM
2017-08-09,64.04,64.74,63.89,64.59,11212846,64.74,-0.1601195559351,JPM
2017-08-10,63.96,64.13,63.13,63.25,13249787,64.59,-1.4326953918529,JPM
2017-08-11,63.19,63.73,62.3,62.48,10678627,63.25,-0.83523158694001,JPM
2017-08-14,63.43,63.96,63.39,63.55,10994668,62.48,1.1704222270838,JPM
2017-08-15,64.37,64.62,63.71,63.79,8812526,63.55,0.25948751216349,JPM
2017-08-16,64.1,64.29,62.94,63.15,11085201,63.79,-0.69017577914375,JPM
2017-08-17,62.82,63.02,61.56,61.71,13837160,63.15,-1.5636876968183,JPM
2017-08-18,61.37,62.6,61.25,61.8,13039540,61.71,0.099282956425802,JPM
2017-08-21,61.91,62.0,61.22,61.69,11501927,61.8,-0.12122547939167,JPM
2017-08-22,62.13,62.77,62.06,62.62,9211721,61.69,1.0261502813638,JPM
2017-08-23,61.93,63.4,61.9,62.73,8811019,62.62,0.12013979903888,JPM
2017-08-24,62.99,63.18,62.47,62.58,8623165,62.73,-0.16363041343952,JPM
2017-08-25,62.94,63.54,62.86,62.95,11786214,62.58,0.40428321678322,JPM
2017-08-28,63.22,63.25,62.19,62.66,7291546,62.95,-0.31559473283274,JPM
2017-08-29,61.51,62.37,61.37,62.16,10885225,62.66,-0.54585152838428,JPM
2017-08-30,62.31,62.935,62.25,62.37,9165272,62.16,0.2305159165752,JPM
2017-08-31,62.87,62.91,61.86,61.95,13215504,62.37,-0.45997152557223,JPM
2017-09-01,62.31,63.42,62.01,62.76,9814834,61.95,0.89118714930136,JPM
2017-09-05,62.08,62.165,60.084,60.57,17030923,62.76,-2.3882224645583,JPM
2017-09-06,61.06,61.577,60.7,61.17,11845663,60.57,0.67031616579153,JPM
2017-09-07,61.17,61.19,59.14,59.59,14591533,61.17,-1.7534124958384,JPM
2017-09-08,59.37,60.48,59.3,59.48,14241798,59.59,-0.12425166610189,JPM
2017-09-11,60.45,61.31,60.01,60.85,13219017,59.48,1.5494232074191,JPM
2017-09-12,61.23,62.31,61.16,61.95,14003411,60.85,1.2250807439581,JPM
2017-09-13,61.67,62.56,61.38,62.21,12484778,61.95,0.28606007261525,JPM
2017-09-14,62.26,62.59,61.8,62.03,10561026,62.21,-0.19747668678004,JPM
2017-09-15,62.14,62.77,61.82,62.68,18169845,62.03,0.7145212707486,JPM
2017-09-18,62.99,64.195,62.91,63.98,11317690,62.68,1.4189041693953,JPM
2017-09-19,63.77,65.42,63.58,65.0,12623659,63.98,1.0977184674989,JPM
2017-09-20,65.16,66.35,64.77,65.66,15311218,65.0,0.70257611241217,JPM
2017-09-21,65.52,66.43,65.25,66.09,10849779,65.66,0.45454545454546,JPM
2017-09-22,65.76,66.04,65.49,65.89,8358310,66.09,-0.2104598547827,JPM
2017-09-25,65.57,65.94,64.51,65.18,10463407,65.89,-0.74870821469998,JPM
2017-09-26,64.84,65.09,64.401,64.76,9355111,65.18,-0.4462388440289,JPM
2017-09-27,66.03,66.78,65.64,66.24,15088301,64.76,1.5795090715048,JPM
2017-09-28,66.65,66.94,65.97,66.44,10270373,66.24,0.21012817818868,JPM
2017-09-29,66.36,66.58,66.08,66.57,11438217,66.44,0.1362969175928,JPM
2017-10-02,66.83,67.94,66.52,67.9,13796875,66.57,1.3925243430007,JPM
2017-10-03,67.89,68.49,67.834,68.41,9632232,67.9,0.5266418835192,JPM
2017-10-04,68.36,68.5,67.34,67.42,12164773,68.41,-1.0169491525424,JPM
2017-10-05,67.62,69.02,67.17,68.71,14235619,67.42,0.75757575757576,JPM
2017-10-06,69.17,69.26,68.09,68.54,10228509,68.71,-0.17509527242765,JPM
2017-10-09,68.58,68.69,67.76,68.03,7765100,68.54,-0.52620718118036,JPM
2017-10-10,68.075,68.8,67.86,68.75,10631527,68.03,0.74681049683643,JPM
2017-10-11,68.45,68.63,67.76,68.46,14283617,68.75,-0.29856892824049,JPM
2017-10-12,68.92,69.12,67.24,67.61,18251616,68.46,-0.87773647253202,JPM
2017-10-13,67.1,68.33,66.58,67.48,13190576,67.61,-0.13543077403896,JPM
2017-10-16,67.96,69.57,67.96,69.46,12434009,67.48,2.0655122052994,JPM
2017-10-17,69.69,69.799,68.94,69.24,10335687,69.46,-0.22485690923957,JPM
2017-10-18,69.77,70.17,69.25,69.61,10158626,69.24,0.37902069248104,JPM
2017-10-19,68.81,69.82,68.71,69.73,9133863,69.61,0.12246147566079,JPM
2017-10-20,70.9,71.51,70.35,71.13,15326608,69.73,1.4269697278565,JPM
2017-10-23,71.13,71.61,70.86,70.96,9238624,71.13,-0.17083710179882,JPM
2017-10-24,71.5,72.81,71.38,72.54,13000801,70.96,1.5904972820616,JPM
2017-10-25,72.87,73.07,71.81,72.64,14632741,72.54,0.099088386841057,JPM
2017-10-26,72.97,74.04,72.94,73.36,13054361,72.64,0.71273015244506,JPM
2017-10-27,73.05,73.846,72.67,73.39,10400446,73.36,0.02948692746216,JPM
2017-10-30,72.75,73.55,72.49,73.03,8839456,73.39,-0.35373882283581,JPM
2017-10-31,72.99,73.32,72.19,72.23,8690197,73.03,-0.78887683660388,JPM
2017-11-01,72.72,73.32,72.35,72.54,8418239,72.23,0.30812046516251,JPM
2017-11-02,72.49,73.385,71.78,73.21,8731788,72.54,0.66389219183512,JPM
2017-11-03,72.72,73.145,72.35,73.03,7103513,73.21,-0.17718279358205,JPM
2017-11-06,72.96,73.307,72.28,72.4,8121544,73.03,-0.62124050882556,JPM
2017-11-07,72.18,72.37,69.87,70.37,18822583,72.4,-2.0142885493153,JPM
2017-11-08,69.89,69.99,68.77,69.26,18524671,70.37,-1.1240506329114,JPM
2017-11-09,68.74,69.835,68.43,69.25,13697785,69.26,-0.010241704219587,JPM
2017-11-10,69.43,69.96,69.12,69.13,9314009,69.25,-0.12291303902488,JPM
2017-11-13,68.31,69.67,68.24,69.48,9303072,69.13,0.35893754486719,JPM
2017-11-14,68.96,69.4,68.47,68.89,11043772,69.48,-0.60290210504803,JPM
2017-11-15,68.01,70.36,67.57,69.81,15384080,68.89,0.94582091086666,JPM
2017-11-16,70.15,70.68,69.93,70.09,9808033,69.81,0.28516142173338,JPM
2017-11-17,69.44,70.03,69.19,69.76,9017866,70.09,-0.33512744998477,JPM
2017-11-20,70.07,70.765,69.38,70.63,9483200,69.76,0.88648868962707,JPM
2017-11-21,71.12,71.17,70.53,70.55,13389407,70.63,-0.080799919200079,JPM
2017-11-22,70.65,71.144,70.21,70.26,7342248,70.55,-0.2931365612049,JPM
2017-11-24,70.45,70.52,69.88,69.94,3680043,70.26,-0.32441200324413,JPM
2017-11-27,69.93,70.75,69.55,69.55,13076207,69.94,-0.39666395443449,JPM
2017-11-28,69.83,73.32,69.59,72.98,16772956,69.55,3.5025017869907,JPM
2017-11-29,74.03,75.84,73.58,75.35,21105546,72.98,2.3382004735596,JPM
2017-11-30,76.36,78.28,75.66,76.14,23945890,75.35,0.76159259616311,JPM
2017-12-01,76.52,76.936,73.82,76.41,19683510,76.14,0.25832376578646,JPM
2017-12-04,79.35,80.02,78.39,78.57,23576608,76.41,2.0612653879187,JPM
2017-12-05,78.79,79.03,75.74,77.34,17193948,78.57,-1.1500701262272,JPM
2017-12-06,77.03,77.38,76.145,76.55,15476226,77.34,-0.74725690503215,JPM
2017-12-07,75.57,76.805,75.35,76.24,13371781,76.55,-0.29543505193939,JPM
2017-12-08,76.7,77.56,75.96,77.55,13506869,76.24,1.2521506404129,JPM
2017-12-11,77.34,77.68,76.93,77.24,10591228,77.55,-0.29264608703861,JPM
2017-12-12,77.54,78.99,77.16,78.47,15508840,77.24,1.16455216815,JPM
2017-12-13,78.32,78.73,77.1,77.13,15020293,78.47,-1.2540945250351,JPM
2017-12-14,77.74,78.07,76.26,76.28,13034232,77.13,-0.80561084257417,JPM
2017-12-15,77.41,78.14,76.82,77.76,29350598,76.28,1.4141028090961,JPM
2017-12-18,78.81,79.25,78.1,78.58,12713148,77.76,0.77256453740342,JPM
2017-12-19,78.97,79.11,78.06,78.13,12149937,78.58,-0.42071802543006,JPM
2017-12-20,79.22,79.351,77.71,77.76,13089983,78.13,-0.34738522204488,JPM
2017-12-21,78.21,79.69,78.18,79.45,12323670,77.76,1.592236668551,JPM
2017-12-22,79.82,80.08,78.425,79.07,14573385,79.45,-0.35240656589075,JPM
2017-12-26,78.82,79.61,78.02,78.64,7403739,79.07,-0.40018613308516,JPM
2017-12-27,78.29,78.91,78.29,78.84,9496548,78.64,0.1868809568305,JPM
2017-12-28,79.02,79.46,78.78,79.41,7440555,78.84,0.53161723559038,JPM
2017-12-29,79.71,79.9,78.56,78.56,8925701,79.41,-0.78857036830876,JPM
2018-01-02,79.25,79.64,78.426,79.57,13578835,78.56,0.94445483448663,JPM
2018-01-03,79.48,80.11,79.1,79.68,11901037,79.57,0.10189902732747,JPM
2018-01-04,80.54,82.21,80.38,81.22,12953656,79.68,0.90690357208958,JPM
2018-01-05,81.44,81.73,79.955,80.52,14154974,81.22,-0.6419662509171,JPM
2018-01-08,80.33,80.86,79.88,80.68,12466512,80.52,0.14768321949418,JPM
2018-01-09,80.9,81.81,80.67,81.23,13292310,80.68,0.50691244239631,JPM
2018-01-10,81.65,82.88,81.57,82.43,15834468,81.23,1.1004126547455,JPM
2018-01-11,82.85,83.109,82.231,83.02,13676788,82.43,0.53514739229025,JPM
2018-01-12,83.83,85.03,83.02,84.85,18884229,83.02,1.6510285095633,JPM
2018-01-16,83.69,85.61,83.25,84.45,22703336,84.85,-0.35501908227568,JPM
2018-01-17,84.07,85.476,83.49,85.17,14940266,84.45,0.6413111249666,JPM
2018-01-18,84.94,85.903,84.45,85.44,14572911,85.17,0.23895919992921,JPM
2018-01-19,86.12,86.52,84.984,85.19,18785468,85.44,-0.22073106127494,JPM
2018-01-22,84.84,86.57,84.68,86.51,12475654,85.19,1.1680382267056,JPM
2018-01-23,85.85,86.82,85.53,86.39,12320751,86.51,-0.1049593282603,JPM
2018-01-24,87.04,88.18,86.84,87.85,15904504,86.39,1.2783469048245,JPM
2018-01-25,88.22,88.35,87.255,87.88,13509957,87.85,0.025935851992739,JPM
2018-01-26,87.88,88.5,87.14,88.5,13883875,87.88,0.53586862575626,JPM
2018-01-29,88.2,89.533,88.2,88.38,11679919,88.5,-0.10316368638239,JPM
2018-01-30,87.71,88.78,87.16,87.29,14279124,88.38,-0.93803786574871,JPM
2018-01-31,87.83,88.84,87.34,87.85,13141423,87.29,0.48649118234732,JPM
2018-02-01,87.95,89.165,87.66,89.05,13800613,87.85,1.0374340797095,JPM
2018-02-02,88.67,89.1,86.27,86.46,16477307,89.05,-2.2161375887739,JPM
2018-02-05,85.18,86.77,76.16,80.98,30097591,86.46,-4.7952397619881,JPM
2018-02-06,79.03,84.66,78.79,84.29,33114833,80.98,3.0422794117647,JPM
2018-02-07,83.73,86.63,83.326,85.05,21878324,84.29,0.67790562840068,JPM
2018-02-08,85.29,85.29,80.02,80.06,27425837,85.05,-4.4210153273678,JPM
2018-02-09,81.28,83.23,78.41,82.22,28188027,80.06,2.0022246941046,JPM
2018-02-12,83.35,84.905,82.25,83.92,18043325,82.22,1.5448927662668,JPM
2018-02-13,83.5,85.23,82.98,84.61,16358181,83.92,0.61750492214069,JPM
2018-02-14,84.81,87.45,84.71,87.21,15186858,84.61,2.3125500311305,JPM
2018-02-15,87.92,88.165,86.4,87.69,12130197,87.21,0.41728244805703,JPM
2018-02-16,86.73,88.25,86.68,86.86,13214253,87.69,-0.71855250627651,JPM
2018-02-20,86.83,87.57,86.15,86.89,13461495,86.86,0.026159748866399,JPM
2018-02-21,87.18,89.63,86.85,87.37,14212461,86.89,0.41844651730451,JPM
2018-02-22,87.68,88.605,86.94,87.16,17070356,87.37,-0.18230749196978,JPM
2018-02-23,87.49,89.57,87.49,89.49,12162523,87.16,2.0264393807619,JPM
2018-02-26,90.32,91.08,89.5,90.95,16511229,89.49,1.2445656806751,JPM
2018-02-27,91.09,91.51,89.53,89.54,17563345,90.95,-1.1871684768881,JPM
2018-02-28,90.0,90.67,87.52,87.68,17735637,89.54,-1.5848670756646,JPM
2018-03-01,87.66,88.823,84.83,85.61,18690017,87.68,-1.7922077922078,JPM
2018-03-02,84.57,85.74,83.3,85.5,18353697,85.61,-0.096976108613254,JPM
2018-03-05,84.23,88.105,84.07,87.24,13933039,85.5,1.5354747617367,JPM
2018-03-06,87.82,88.0,86.5,87.34,10674360,87.24,0.086911176777329,JPM
2018-03-07,85.93,87.28,85.29,86.91,13006514,87.34,-0.3733935394234,JPM
2018-03-08,87.29,87.41,85.39,86.92,11173721,86.91,0.0087161160986585,JPM
2018-03-09,88.73,90.26,87.85,90.22,15366583,86.92,2.8760676311661,JPM
2018-03-12,90.18,90.93,89.43,89.84,12339295,90.22,-0.32192477126399,JPM
2018-03-13,90.38,90.65,88.01,88.43,13312340,89.84,-1.1983681795003,JPM
2018-03-14,88.74,88.77,86.78,87.13,12905124,88.43,-1.1182795698925,JPM
2018-03-15,88.05,88.18,87.01,87.42,8747977,87.13,0.25228360156589,JPM
2018-03-16,87.52,88.782,87.52,87.62,19888948,87.42,0.17355085039917,JPM
2018-03-19,87.28,87.63,85.48,86.71,13214919,87.62,-0.78828828828829,JPM
2018-03-20,87.05,87.625,86.625,86.82,9921175,86.71,0.09604470444425,JPM
2018-03-21,86.99,88.81,86.39,86.92,13631287,86.82,0.087229588276338,JPM
2018-03-22,85.38,85.78,81.72,82.13,22550426,86.92,-4.1746557434199,JPM
2018-03-23,82.45,83.1,78.94,79.19,23081509,82.13,-2.6739427012278,JPM
2018-03-26,81.37,83.34,80.825,82.49,20217469,79.19,3.0838239416877,JPM
2018-03-27,83.25,83.87,79.48,80.35,18039921,82.49,-1.9399873084942,JPM
2018-03-28,80.46,81.35,78.83,80.18,19189269,80.35,-0.15716002588518,JPM
2018-03-29,80.68,82.96,79.96,82.15,13274639,80.18,1.8240740740741,JPM
2018-04-02,82.14,82.91,78.26,80.03,18822525,82.15,-1.9277984904974,JPM
2018-04-03,80.54,81.683,79.44,81.51,14050737,80.03,1.3722763096894,JPM
2018-04-04,79.28,83.39,79.2,83.17,15302608,81.51,1.5183389737492,JPM
2018-04-05,84.37,85.57,84.13,84.62,16627035,83.17,0.80187404270655,JPM
2018-04-06,83.29,84.29,80.56,81.83,18906018,84.62,-2.493743296389,JPM
2018-04-09,82.75,85.72,82.63,83.14,15974349,81.83,1.2008433403612,JPM
2018-04-10,84.87,85.61,84.16,85.25,14003640,83.14,1.911231884058,JPM
2018-04-11,84.4,84.55,83.255,83.36,14503294,85.25,-1.6798506799396,JPM
2018-04-12,84.3,87.13,84.24,86.11,16435523,83.36,2.4859880672573,JPM
2018-04-13,87.76,87.89,81.79,83.04,39152760,86.11,-2.7079474287731,JPM
2018-04-16,83.68,84.21,82.53,82.95,16580538,83.04,-0.081595648232097,JPM
2018-04-17,84.11,84.66,82.73,82.95,15501350,82.95,0.0,JPM
2018-04-18,83.27,83.81,81.63,82.06,16080968,82.95,-0.80754922420833,JPM
2018-04-19,82.27,84.61,82.24,84.46,17910955,82.06,2.1953896816685,JPM
2018-04-20,85.04,85.48,83.62,84.21,15584384,84.46,-0.22377372001432,JPM
2018-04-23,84.31,84.69,83.37,83.67,11285831,84.21,-0.48443527406476,JPM
2018-04-24,84.49,85.64,82.33,83.15,16453112,83.67,-0.46876408545931,JPM
2018-04-25,83.01,83.27,81.34,82.73,13548246,83.15,-0.38040032605742,JPM
2018-04-26,82.71,83.56,82.08,82.84,10299488,82.73,0.10000909173561,JPM
2018-04-27,82.29,82.9,81.87,82.14,9383967,82.84,-0.63578564940962,JPM
2018-04-30,82.49,83.04,81.49,81.52,13744860,82.14,-0.56672760511883,JPM
2018-05-01,81.19,81.71,80.28,81.52,10503353,81.52,0.0,JPM
2018-05-02,80.85,82.23,80.47,80.66,12162086,81.52,-0.79058650487222,JPM
2018-05-03,80.33,80.51,77.921,79.98,15379091,80.66,-0.63009636767977,JPM
2018-05-04,79.17,81.48,78.72,81.17,11967906,79.98,1.1096605744125,JPM
2018-05-07,81.5,82.42,81.1,82.11,9356721,81.17,0.86691874942359,JPM
2018-05-08,82.27,84.08,82.02,83.73,12543228,82.11,1.481210569626,JPM
2018-05-09,84.18,86.38,83.77,86.15,11368094,83.73,2.1803766105055,JPM
2018-05-10,85.93,87.18,85.49,87.03,9159709,86.15,0.77594568380214,JPM
2018-05-11,87.23,87.47,86.41,86.6,10253045,87.03,-0.37623589115409,JPM
2018-05-14,86.85,87.44,86.48,86.64,8710654,86.6,0.035130862462679,JPM
2018-05-15,86.65,86.65,85.31,85.77,11536212,86.64,-0.7638279192274,JPM
2018-05-16,85.63,86.43,85.37,86.08,7571089,85.77,0.27426346987526,JPM
2018-05-17,85.94,86.15,84.94,85.7,8617204,86.08,-0.3352743956238,JPM
2018-05-18,85.49,85.54,83.58,83.87,11806349,85.7,-1.6200424929178,JPM
2018-05-21,84.79,85.28,84.66,84.89,9441931,83.87,0.9178439665257,JPM
2018-05-22,85.09,87.025,85.03,85.75,11507550,84.89,0.76683013820776,JPM
2018-05-23,85.25,85.51,83.86,85.23,11453916,85.75,-0.46013627112646,JPM
2018-05-24,84.88,84.89,82.855,83.97,14084769,85.23,-1.1200995644057,JPM
2018-05-25,83.2,83.82,82.935,83.4,8283548,83.97,-0.51245167670593,JPM
2018-05-29,81.92,81.94,77.695,78.67,30643840,83.4,-4.2743538767396,JPM
2018-05-30,80.38,81.34,79.39,81.09,17490845,78.67,2.2845275181724,JPM
2018-05-31,80.69,80.93,79.16,79.75,19808203,81.09,-1.2367328103369,JPM
2018-06-01,81.08,81.68,80.54,81.14,13594185,79.75,1.298944023923,JPM
2018-06-04,81.73,81.995,81.01,81.19,9415437,81.14,0.04612546125461,JPM
2018-06-05,80.98,81.05,79.81,80.58,10415231,81.19,-0.56247118487782,JPM
2018-06-06,81.4,83.48,81.22,83.1,15453563,80.58,2.3367952522255,JPM
2018-06-07,83.92,84.24,82.765,83.54,13444427,83.1,0.39869517941283,JPM
2018-06-08,83.36,83.88,82.8,83.85,10383168,83.54,0.27978339350181,JPM
2018-06-11,83.86,84.65,83.51,83.57,12642897,83.85,-0.2520025200252,JPM
2018-06-12,83.88,84.27,82.26,82.93,15294082,83.57,-0.57746097626996,JPM
2018-06-13,83.2,84.185,82.32,82.71,14979749,82.93,-0.19965514111988,JPM
2018-06-14,83.02,83.1,80.52,80.77,20487343,82.71,-1.7641174865872,JPM
2018-06-15,80.54,81.12,79.01,80.64,26028572,80.77,-0.12033694344163,JPM
2018-06-18,80.0,81.14,79.43,80.92,9786825,80.64,0.25949953660797,JPM
2018-06-19,79.64,80.62,79.34,80.29,12707154,80.92,-0.58236272878537,JPM
2018-06-20,80.92,81.38,80.18,80.28,8876903,80.29,-0.0092980009297916,JPM
2018-06-21,79.84,80.946,79.27,80.25,11048735,80.28,-0.027896596615214,JPM
2018-06-22,80.9,81.11,78.25,78.49,19938788,80.25,-1.6370570179518,JPM
2018-06-25,78.4,78.44,76.7,77.53,16907607,78.49,-0.90780141843971,JPM
2018-06-26,77.45,77.95,75.85,77.6,17086772,77.53,0.066800267201062,JPM
2018-06-27,77.42,78.66,75.97,75.98,16276833,77.6,-1.5449170322335,JPM
2018-06-28,76.42,78.2,76.25,77.67,14491252,75.98,1.6369624176676,JPM
2018-06-29,79.42,79.64,76.89,76.94,18972393,77.67,-0.69570189650243,JPM
2018-07-02,76.46,77.83,76.12,77.82,11130044,76.94,0.84452975047984,JPM
2018-07-03,78.15,78.515,76.26,76.35,8311680,77.82,-1.398934145413,JPM
2018-07-05,77.43,77.68,76.83,77.02,10723412,76.35,0.10616735836309,JPM
2018-07-06,76.42,77.8,75.5,77.36,12173700,77.02,0.32780563054377,JPM
2018-07-09,78.01,80.76,78.01,80.58,13900793,77.36,3.0943686334807,JPM
2018-07-10,81.32,81.7,79.83,79.92,14575873,80.58,-0.6152125279642,JPM
2018-07-11,79.61,80.36,79.51,79.69,10186482,79.92,-0.21571937722754,JPM
2018-07-12,80.72,80.86,79.27,80.15,12456754,79.69,0.4323714634834,JPM
2018-07-13,80.6,81.1,78.44,79.66,21303844,80.15,-0.45858680393074,JPM
2018-07-16,80.35,84.07,80.28,83.88,24662621,79.66,3.967657013915,JPM
2018-07-17,83.99,84.23,83.05,83.8,14821876,83.88,-0.072345812986072,JPM
2018-07-18,83.72,85.42,83.5,84.83,14244944,83.8,0.93212669683258,JPM
2018-07-19,84.36,84.39,83.03,83.19,16775305,84.83,-1.4704563794495,JPM
2018-07-20,83.3,85.04,83.08,84.58,13582631,83.19,1.2649012649013,JPM
2018-07-23,84.36,87.54,84.23,86.65,18140010,84.58,1.8601725377426,JPM
2018-07-24,86.85,88.08,86.72,87.45,14000419,86.65,0.70577856197619,JPM
2018-07-25,87.18,88.82,86.68,88.48,13331966,87.45,0.90232150678931,JPM
2018-07-26,88.72,88.885,87.881,88.15,11897769,88.48,-0.28650807431847,JPM
2018-07-27,88.48,89.6,88.11,89.33,12805930,88.15,1.0274270787984,JPM
2018-07-30,89.58,90.91,89.36,90.03,13411618,89.33,0.60329225200379,JPM
2018-07-31,90.38,90.38,88.12,88.25,15843763,90.03,-1.524886490191,JPM
2018-08-01,89.05,89.99,88.58,88.96,13531590,88.25,0.61765985210961,JPM
2018-08-02,87.87,89.55,87.63,89.45,11058108,88.96,0.42365554210618,JPM
2018-08-03,89.3,90.43,89.24,90.39,11016102,89.45,0.80929832113646,JPM
2018-08-06,90.09,90.83,89.48,90.42,9857351,90.39,0.025621316935691,JPM
2018-08-07,91.04,91.59,90.63,90.85,10562067,90.42,0.36714480874316,JPM
2018-08-08,90.63,91.569,90.58,91.09,8997220,90.85,0.20416843896215,JPM
2018-08-09,90.81,91.02,89.995,90.18,9694541,91.09,-0.77256133797437,JPM
2018-08-10,88.8,89.25,87.984,89.03,12630949,90.18,-0.98391512662559,JPM
2018-08-13,88.86,89.178,87.115,87.19,10340337,89.03,-1.58990754342,JPM
2018-08-14,87.57,88.34,86.95,87.95,10597611,87.19,0.66731056282378,JPM
2018-08-15,87.12,87.63,86.27,87.0,10152082,87.95,-0.82860880941998,JPM
2018-08-16,87.65,88.61,87.6,88.07,10118820,87.0,0.94107299912049,JPM
2018-08-17,87.94,88.37,87.6,88.07,8505111,88.07,0.0,JPM
2018-08-20,87.89,88.35,87.41,87.92,8618739,88.07,-0.13069617495861,JPM
2018-08-21,88.67,89.685,88.18,88.62,10976680,87.92,0.61071366253707,JPM
2018-08-22,88.61,88.71,88.08,88.27,8314901,88.62,-0.30350329517863,JPM
2018-08-23,88.26,88.45,87.73,88.03,9265593,88.27,-0.20875010872401,JPM
2018-08-24,88.28,88.52,87.751,87.98,8845718,88.03,-0.04358058049333,JPM
2018-08-27,88.52,90.58,88.47,90.01,13768021,87.98,1.7701430066271,JPM
2018-08-28,90.3,90.33,89.27,89.44,8302618,90.01,-0.48839002656156,JPM
2018-08-29,89.65,89.67,88.66,89.06,7221744,89.44,-0.3271913208197,JPM
2018-08-30,88.89,89.34,88.28,88.49,8991802,89.06,-0.492398064962,JPM
2018-08-31,88.13,88.14,87.119,87.88,13065719,88.49,-0.52955985762653,JPM
2018-09-04,87.64,88.54,86.93,88.45,10174177,87.88,0.49746901728051,JPM
2018-09-05,88.3,89.0,87.55,87.89,11462446,88.45,-0.48632218844985,JPM
2018-09-06,87.8,88.0,86.8,87.4,9877635,87.89,-0.42761148442273,JPM
2018-09-07,87.8,88.07,86.93,87.62,10955590,87.4,0.19281332164768,JPM
2018-09-10,88.15,88.27,86.96,87.01,8276936,87.62,-0.53358992302309,JPM
2018-09-11,86.84,87.875,86.48,87.73,9333781,87.01,0.6331896930789,JPM
2018-09-12,87.55,88.18,86.15,86.38,10800758,87.73,-1.1797605523027,JPM
2018-09-13,86.67,87.43,85.97,86.82,12470769,86.38,0.38910505836576,JPM
2018-09-14,87.11,87.79,86.53,86.8,10337948,86.82,-0.017618040873851,JPM
2018-09-17,87.09,87.73,86.6,87.14,9561297,86.8,0.29955947136564,JPM
2018-09-18,87.63,87.955,86.86,87.6,7944210,87.14,0.40407589599437,JPM
2018-09-19,87.74,91.36,87.74,90.92,16052776,87.6,2.904636920385,JPM
2018-09-20,91.8,92.54,91.38,91.93,15589976,90.92,0.85869750042509,JPM
2018-09-21,92.43,92.53,91.04,91.15,24788247,91.93,-0.65750653291748,JPM
2018-09-24,91.06,91.76,89.732,90.02,12492474,91.15,-0.9588459906661,JPM
2018-09-25,90.34,91.27,89.62,89.69,9308310,90.02,-0.28272789581905,JPM
2018-09-26,90.05,90.17,87.96,88.32,14023640,89.69,-1.1770770684767,JPM
2018-09-27,88.72,89.06,87.46,87.82,13282987,88.32,-0.43470700747696,JPM
2018-09-28,86.95,87.54,85.82,86.14,15815120,87.82,-1.4669926650367,JPM
2018-10-01,86.67,87.91,86.34,86.8,10147110,86.14,0.58489897199574,JPM
2018-10-02,86.66,87.42,86.113,87.28,13753074,86.8,0.42290748898679,JPM
2018-10-03,88.24,88.96,87.78,88.34,17141962,87.28,0.92998771714336,JPM
2018-10-04,88.65,90.91,88.31,89.37,16357406,88.34,0.19993045897078,JPM
2018-10-05,89.93,90.2,88.115,88.72,13777633,89.37,-0.56389346751105,JPM
2018-10-08,88.35,89.88,87.453,89.42,14370869,88.72,0.61071366253707,JPM
2018-10-09,88.77,89.13,87.77,88.62,14069477,89.42,-0.69372181755116,JPM
2018-10-10,88.8,89.05,85.57,85.57,23086389,88.62,-2.6632902549773,JPM
2018-10-11,85.07,85.57,81.48,82.23,33705616,85.57,-2.9963218803265,JPM
2018-10-12,84.47,84.93,79.7,81.05,32075740,82.23,-1.0912790159993,JPM
2018-10-15,81.3,82.95,80.42,80.44,18903216,81.05,-0.57035998129967,JPM
2018-10-16,81.26,82.88,80.83,82.72,19302764,80.44,2.1440662027459,JPM
2018-10-17,82.48,84.9,82.33,83.93,18794482,82.72,1.1139753268275,JPM
2018-10-18,83.12,83.94,81.91,82.19,17582467,83.93,-1.5842665938268,JPM
2018-10-19,81.75,83.32,81.37,82.01,15234549,82.19,-0.16652789342215,JPM
2018-10-22,82.25,82.44,80.213,80.46,16199139,82.01,-1.4363821703271,JPM
2018-10-23,78.3,80.26,77.8,79.35,21407548,80.46,-1.0436254230914,JPM
2018-10-24,78.86,79.13,77.007,77.39,23168916,79.35,-1.8622327790974,JPM
2018-10-25,78.28,80.0,77.82,78.96,17464708,77.39,1.5199922548165,JPM
2018-10-26,78.1,78.66,76.83,77.52,19174916,78.96,-1.3732595842075,JPM
2018-10-29,78.56,80.73,77.8,78.95,18445175,77.52,1.382711274415,JPM
2018-10-30,79.81,81.08,78.96,80.8,18019681,78.95,1.7644253695756,JPM
2018-10-31,82.18,84.58,81.89,83.12,20859992,80.8,2.174320524836,JPM
2018-11-01,83.72,84.32,82.42,83.08,13065023,83.12,-0.036690515501736,JPM
2018-11-02,84.0,84.91,81.59,82.48,19009518,83.08,-0.55055973573133,JPM
2018-11-05,82.71,83.39,82.52,83.19,10276448,82.48,0.6551024174202,JPM
2018-11-06,82.77,83.77,81.86,83.7,10824959,83.19,0.46750389586579,JPM
2018-11-07,84.47,85.83,83.45,85.58,12679585,83.7,1.7153284671533,JPM
2018-11-08,85.11,87.025,85.1,86.48,11662499,85.58,0.80731969860064,JPM
2018-11-09,86.33,86.46,84.93,85.39,10432161,86.48,-0.96992347392774,JPM
2018-11-12,85.52,86.04,82.7,83.05,13279671,85.39,-2.1026147901878,JPM
2018-11-13,83.2,85.22,83.2,83.69,13746059,83.05,0.58742542450665,JPM
2018-11-14,84.33,84.81,80.084,81.43,18361433,83.69,-2.0622319554704,JPM
2018-11-15,82.34,84.18,80.91,84.17,19099954,81.43,2.5528743128669,JPM
2018-11-16,83.55,84.86,82.65,84.09,13798551,84.17,-0.072681021168346,JPM
2018-11-19,84.06,85.3,83.628,84.93,13986991,84.09,0.76370579143559,JPM
2018-11-20,83.88,84.59,82.08,82.55,18936153,84.93,-2.1474330055039,JPM
2018-11-21,83.13,83.71,81.74,81.74,10619625,82.55,-0.74688796680498,JPM
2018-11-23,80.84,81.49,80.16,80.75,6488406,81.74,-0.91973244147157,JPM
2018-11-26,81.82,84.08,81.55,83.36,13948285,80.75,2.4472573839662,JPM
2018-11-27,82.86,84.13,82.73,83.82,9238176,83.36,0.42101409481969,JPM
2018-11-28,83.9,85.5,82.97,85.04,13977257,83.82,1.1119212541013,JPM
2018-11-29,84.37,84.895,83.735,84.16,11144347,85.04,-0.79322156120425,JPM
2018-11-30,83.95,85.42,83.68,85.29,18652718,84.16,1.0267127021625,JPM
2018-12-03,86.48,86.99,85.84,86.34,16033180,85.29,0.94432952603651,JPM
2018-12-04,85.7,85.7,80.83,81.33,23555940,86.34,-4.4636493228795,JPM
2018-12-06,79.11,79.46,76.98,79.29,27213946,81.33,-1.9024526718269,JPM
2018-12-07,79.26,81.082,77.01,77.39,19248595,79.29,-1.8062553474665,JPM
2018-12-10,76.97,77.59,73.38,75.46,23636429,77.39,-1.868525510698,JPM
2018-12-11,77.23,77.76,74.31,74.47,16860677,75.46,-0.97671665351223,JPM
2018-12-12,75.76,77.0,74.16,75.12,22621487,74.47,0.64760386569691,JPM
2018-12-13,75.65,76.07,74.77,75.22,17250942,75.12,0.098990298950711,JPM
2018-12-14,74.09,76.04,73.96,74.39,19879525,75.22,-0.82080696202531,JPM
2018-12-17,73.87,74.66,72.535,73.11,25113534,74.39,-1.2762987336724,JPM
2018-12-18,73.52,74.99,72.22,72.64,20837150,73.11,-0.47469952530047,JPM
2018-12-19,72.51,74.68,70.7,71.39,28767868,72.64,-1.268520397808,JPM
2018-12-20,70.71,72.38,69.79,70.55,31825218,71.39,-0.86339808818995,JPM
2018-12-21,70.78,72.53,67.785,68.27,41313933,70.55,-2.3639191290824,JPM
2018-12-24,66.99,68.32,66.24,66.24,17009280,68.27,-2.1556759052777,JPM
2018-12-26,66.79,70.06,65.21,70.06,22542900,66.24,4.1458649880616,JPM
2018-12-27,68.92,71.25,67.65,71.14,20304683,70.06,1.1254689453939,JPM
2018-12-28,72.05,72.42,70.54,70.93,17963271,71.14,-0.2164056059357,JPM
2018-12-31,71.69,72.909,70.87,71.72,13237180,70.93,0.81586285242178,JPM
2019-01-02,70.05,73.88,70.04,73.41,15670850,71.72,1.7312026224134,JPM
2019-01-03,73.54,73.79,71.59,72.01,16286426,73.41,-2.2152854697412,JPM
2019-01-04,74.01,75.83,73.18,75.59,16935205,72.01,3.6865410359386,JPM
2019-01-07,75.33,76.37,74.61,75.66,15430712,75.59,0.06952030986196,JPM
2019-01-08,76.53,76.72,74.445,75.47,13578777,75.66,-0.18856689162367,JPM
2019-01-09,75.71,76.39,74.83,75.3,14230331,75.47,-0.16903649199561,JPM
2019-01-10,74.92,75.63,74.17,75.29,14376430,75.3,-0.0099601593625549,JPM
2019-01-11,74.79,75.07,73.85,74.81,15439850,75.29,-0.4781352724375,JPM
2019-01-14,73.77,76.26,73.56,75.84,21258458,74.81,1.0309278350515,JPM
2019-01-15,73.79,77.37,73.5,76.58,26504852,75.84,0.73310877749159,JPM
2019-01-16,77.15,78.35,76.7,77.4,18532952,76.58,0.80645161290322,JPM
2019-01-17,77.01,78.4,76.821,77.82,14247564,77.4,0.40975609756098,JPM
2019-01-18,78.67,79.8,77.73,79.49,16428710,77.82,1.6226195102993,JPM
2019-01-22,77.98,78.49,77.03,77.84,17083681,79.49,-1.5775886796061,JPM
2019-01-23,78.34,78.6,76.865,77.58,12146678,77.84,-0.25257431513502,JPM
2019-01-24,77.03,77.99,76.84,77.64,11296764,77.58,0.058433969614324,JPM
2019-01-25,78.41,79.21,77.64,78.29,14412559,77.64,0.63266497956006,JPM
2019-01-28,77.79,79.14,77.49,78.78,12283089,78.29,0.47393364928909,JPM
2019-01-29,78.78,80.01,78.63,79.07,9743271,78.78,0.27916827108202,JPM
2019-01-30,79.04,80.14,78.68,79.31,12526274,79.07,0.23039262743592,JPM
2019-01-31,78.31,78.7,77.63,78.4,17520551,79.31,-0.87156402643425,JPM
2019-02-01,78.9,79.746,78.42,78.78,13000780,78.4,0.3671497584541,JPM
2019-02-04,78.69,79.15,77.91,79.15,9871549,78.78,0.35618020793223,JPM
2019-02-05,79.42,79.45,78.19,78.69,12762982,79.15,-0.44124700239808,JPM
2019-02-06,78.61,79.52,78.365,78.64,8744957,78.69,-0.048174197899616,JPM
2019-02-07,78.15,78.4,76.34,77.28,13177489,78.64,-1.3109697320224,JPM
2019-02-08,76.98,77.235,74.96,76.26,12892562,77.28,-0.99628833756593,JPM
2019-02-11,76.66,76.91,75.671,75.78,10978516,76.26,-0.47355958958169,JPM
2019-02-12,76.85,77.82,76.79,77.5,12852252,75.78,1.7049960348929,JPM
2019-02-13,77.8,78.75,77.8,77.99,10754061,77.5,0.47758284600391,JPM
2019-02-14,77.37,78.0,76.25,77.32,11518530,77.99,-0.64991754777379,JPM
2019-02-15,78.8,80.6,78.56,80.45,14716861,77.32,3.0560437414567,JPM
2019-02-19,79.81,80.27,78.71,80.08,12764888,80.45,-0.35054476551397,JPM
2019-02-20,80.11,80.7,79.775,80.59,10030326,80.08,0.48488305761551,JPM
2019-02-21,80.35,80.89,79.86,80.37,8400075,80.59,-0.20815592771312,JPM
2019-02-22,80.6,80.99,79.675,79.9,10647258,80.37,-0.44562434815587,JPM
2019-02-25,80.65,82.17,80.59,81.0,11230679,79.9,1.047619047619,JPM
2019-02-26,79.4,80.37,78.84,80.19,15465393,81.0,-0.76343072573043,JPM
2019-02-27,80.08,80.28,79.405,80.06,9968822,80.19,-0.12346851552855,JPM
2019-02-28,79.91,80.11,79.08,79.26,15156850,80.06,-0.76074553062,JPM
2019-03-01,80.0,80.805,79.1,79.33,13813310,79.26,0.067075507857424,JPM
2019-03-04,79.82,80.816,78.167,79.09,12466285,79.33,-0.22981901752371,JPM
2019-03-05,79.03,79.45,78.16,79.01,10856646,79.09,-0.076782800652652,JPM
2019-03-06,78.76,79.47,78.45,78.62,9070782,79.01,-0.37460378445875,JPM
2019-03-07,78.15,78.37,77.06,77.87,12705739,78.62,-0.72310065561126,JPM
2019-03-08,76.89,78.13,76.89,77.91,10582371,77.87,0.038846265902696,JPM
2019-03-11,78.88,79.445,78.56,79.25,9763235,77.91,1.3008445781963,JPM
2019-03-12,79.49,79.69,78.654,78.94,10219100,79.25,-0.29707714422615,JPM
2019-03-13,79.09,79.88,78.85,79.29,13022241,78.94,0.33640907343329,JPM
2019-03-14,79.4,80.77,79.36,80.24,10926470,79.29,0.91004885525434,JPM
2019-03-15,80.31,81.7,80.13,81.45,24811730,80.24,1.1486614771217,JPM
2019-03-18,81.45,82.685,81.4,82.09,12935514,81.45,0.60065696855936,JPM
2019-03-19,83.1,83.3,81.45,81.7,12889267,82.09,-0.36383991043941,JPM
2019-03-20,81.33,81.55,79.31,79.42,14920658,81.7,-2.1348314606742,JPM
2019-03-21,78.39,78.39,77.18,77.77,19751044,79.42,-1.5786452353616,JPM
2019-03-22,76.72,77.22,74.42,74.66,31115189,77.77,-3.0232332069602,JPM
2019-03-25,74.49,75.47,72.99,73.83,21032295,74.66,-0.83199679230152,JPM
2019-03-26,74.72,75.3,73.72,74.82,15987129,73.83,1.0007075710098,JPM
2019-03-27,74.78,75.35,73.98,74.48,12753234,74.82,-0.34027221777422,JPM
2019-03-28,74.9,75.7,74.64,75.61,12454070,74.48,1.1347660172725,JPM
2019-03-29,76.44,76.89,75.485,76.13,14523395,75.61,0.51633402839838,JPM
2019-04-01,77.05,79.58,77.02,79.54,17499280,76.13,3.3685666304455,JPM
2019-04-02,79.5,80.34,79.23,80.04,10295539,79.54,0.47782874617737,JPM
2019-04-03,80.71,81.26,79.685,80.25,11499209,80.04,0.19973368841544,JPM
2019-04-04,80.25,81.43,80.15,81.26,11952078,80.25,0.19933554817277,JPM
2019-04-05,81.5,81.81,80.69,81.01,9933660,81.26,-0.23683213338386,JPM
2019-04-08,80.81,81.35,80.61,81.35,8056282,81.01,0.32285632893363,JPM
2019-04-09,80.78,80.9,79.95,80.57,9092188,81.35,-0.73828679602461,JPM
2019-04-10,80.83,81.415,80.17,81.04,10882304,80.57,0.44817392962716,JPM
2019-04-11,81.41,82.43,81.26,81.93,11183845,81.04,0.84488323523828,JPM
2019-04-12,85.14,87.55,84.58,86.91,25834073,81.93,4.6879412595312,JPM
2019-04-15,86.62,86.7,84.82,85.64,15163815,86.91,-1.1419836345652,JPM
2019-04-16,85.6,87.09,85.56,86.8,11583232,85.64,1.0551209750773,JPM
2019-04-17,87.4,90.36,86.71,90.0,17791890,86.8,2.8802880288029,JPM
2019-04-18,90.23,90.645,89.03,89.16,12501949,90.0,-0.73490813648294,JPM
2019-04-22,88.53,89.63,88.362,89.3,7975860,89.16,0.12339150361361,JPM
2019-04-23,88.7,90.07,88.55,89.44,9193318,89.3,0.12323943661972,JPM
2019-04-24,88.96,89.85,88.51,89.25,9245743,89.44,-0.16704765254088,JPM
2019-04-25,88.71,89.845,88.2,89.31,9311768,89.25,0.052840158520478,JPM
2019-04-26,89.65,90.28,89.3,90.17,7889519,89.31,0.75697561834346,JPM
2019-04-29,90.3,92.855,90.145,91.82,14242237,90.17,1.4414257010571,JPM
2019-04-30,92.13,92.424,90.96,91.75,11389147,91.82,-0.060282466414061,JPM
2019-05-01,91.42,92.7,90.81,90.86,10412881,91.75,-0.76691081430418,JPM
2019-05-02,90.87,91.475,90.28,91.11,8613305,90.86,0.21708926710663,JPM
2019-05-03,91.7,92.38,91.37,91.82,8185409,91.11,0.61519798977559,JPM
2019-05-06,89.88,91.17,89.42,90.79,9387010,91.82,-0.88701343437823,JPM
2019-05-07,89.73,89.73,87.985,88.91,15017725,90.79,-1.6335042140933,JPM
2019-05-08,88.36,89.37,88.16,88.31,9576075,88.91,-0.52998851691546,JPM
2019-05-09,86.84,88.44,86.28,88.22,12205866,88.31,-0.07992185418702,JPM
2019-05-10,87.45,88.54,86.24,88.21,13189381,88.22,-0.0088873089228501,JPM
2019-05-13,85.78,86.15,84.68,85.15,13783652,88.21,-2.7197582437117,JPM
2019-05-14,85.25,87.42,85.2,86.02,10503672,85.15,0.79488350845134,JPM
2019-05-15,84.91,86.596,84.31,85.6,10142048,86.02,-0.38071065989847,JPM
2019-05-16,86.32,87.87,86.29,87.01,9672729,85.6,1.2829845313922,JPM
2019-05-17,85.7,87.45,85.526,86.47,9570477,87.01,-0.48513161441021,JPM
2019-05-20,86.28,87.51,86.07,87.05,8518244,86.47,0.52360747494809,JPM
2019-05-21,87.14,87.62,86.915,87.43,7967976,87.05,0.34126627750338,JPM
2019-05-22,87.1,87.49,86.45,86.52,7918898,87.43,-0.81446343864675,JPM
2019-05-23,85.34,85.49,83.2,84.34,14557969,86.52,-1.9671539433315,JPM
2019-05-24,85.22,85.66,84.89,85.41,8537252,84.34,0.98490427098674,JPM
2019-05-28,84.9,85.53,84.14,84.22,11665579,85.41,-1.0846777868927,JPM
2019-05-29,83.15,84.1,82.76,83.92,9966365,84.22,-0.27644673792849,JPM
2019-05-30,84.35,84.88,82.24,82.76,10367822,83.92,-1.071890593236,JPM
2019-05-31,81.26,82.289,80.54,81.66,10952857,82.76,-1.0274612366897,JPM
2019-06-03,81.5,82.56,81.0,82.16,11680745,81.66,0.47187617969045,JPM
2019-06-04,83.55,85.6,82.83,85.44,12858587,82.16,3.0809693781702,JPM
2019-06-05,85.56,86.08,84.338,85.83,8340484,85.44,0.35538545653363,JPM
2019-06-06,85.85,86.57,84.631,86.07,8726664,85.83,0.21792427131573,JPM
2019-06-07,85.4,85.72,84.66,84.86,10618932,86.07,-1.0963124037329,JPM
2019-06-10,86.45,86.91,85.915,86.04,11380602,84.86,1.080982044705,JPM
2019-06-11,86.52,87.27,86.07,86.38,9847999,86.04,0.30813848105855,JPM
2019-06-12,86.4,86.6,84.59,84.97,9670511,86.38,-1.273942898446,JPM
2019-06-13,85.16,85.86,84.75,85.24,8406903,84.97,0.24709435343645,JPM
2019-06-14,85.27,86.003,84.33,85.52,9077685,85.24,0.25561438743837,JPM
2019-06-17,85.4,86.07,84.76,84.92,8128583,85.52,-0.5463485703879,JPM
2019-06-18,84.71,87.105,84.68,86.41,11057340,84.92,1.3642190075078,JPM
2019-06-19,86.52,87.29,85.395,85.61,13126542,86.41,-0.72260861710776,JPM
2019-06-20,86.58,86.785,84.733,85.89,13638199,85.61,0.25475388954599,JPM
2019-06-21,85.89,87.37,84.79,85.14,27089546,85.89,-0.68064252654506,JPM
2019-06-24,84.98,85.47,84.235,84.36,13039577,85.14,-0.71271929824562,JPM
2019-06-25,84.38,84.68,83.37,83.46,18660111,84.36,-0.82827167310877,JPM
2019-06-26,84.0,85.01,83.86,84.18,10324609,83.46,0.66815144766147,JPM
2019-06-27,84.54,85.25,84.14,84.54,10906607,84.18,0.33185840707965,JPM
2019-06-28,86.74,88.13,86.6,87.5,21634683,84.54,2.7195883866226,JPM
2019-07-01,88.93,90.22,88.78,89.38,12762478,87.5,1.6815742397138,JPM
2019-07-02,89.21,89.9,88.92,89.5,10182625,89.38,0.10555946516537,JPM
2019-07-03,89.84,90.37,88.76,89.32,6849443,89.5,-0.86115992970123,JPM
2019-07-05,90.01,90.77,89.42,89.99,7929536,89.32,0.59386633575607,JPM
2019-07-08,89.46,89.98,89.0,89.37,6917209,89.99,-0.54630363908714,JPM
2019-07-09,88.78,89.99,88.65,89.85,8947322,89.37,0.42526800744218,JPM
2019-07-10,89.87,90.33,89.24,89.52,9242253,89.85,-0.29113365681517,JPM
2019-07-11,89.87,90.855,89.62,90.6,11595170,89.52,0.95558308264024,JPM
2019-07-12,90.63,91.85,90.43,91.8,10783395,90.6,1.0517090271692,JPM
2019-07-15,92.04,92.07,90.03,90.4,12946597,91.8,-1.2142237640937,JPM
2019-07-16,89.98,92.0,89.42,91.62,16944998,90.4,1.0711150131694,JPM
2019-07-17,90.93,91.44,90.23,90.49,13120924,91.62,-0.98158443363448,JPM
2019-07-18,90.43,91.57,90.05,91.17,9400654,90.49,0.59654355645233,JPM
2019-07-19,91.39,91.62,89.9,90.04,10402772,91.17,-0.98543646987006,JPM
2019-07-22,89.41,90.95,89.27,90.77,9061487,90.04,0.64294521754447,JPM
2019-07-23,91.38,92.95,91.32,92.86,12752167,90.77,1.8290014877046,JPM
2019-07-24,92.08,93.38,92.02,93.33,10011034,92.86,0.40391887246476,JPM
2019-07-25,93.39,93.74,91.815,92.21,10138368,93.33,-0.95865787896945,JPM
2019-07-26,92.27,93.01,92.03,92.72,12800364,92.21,0.44075706507649,JPM
2019-07-29,92.96,93.68,92.29,92.35,8500370,92.72,-0.3183617277577,JPM
2019-07-30,91.69,92.58,91.26,92.09,7121146,92.35,-0.22442813983599,JPM
2019-07-31,92.6,92.68,91.36,92.5,13647968,92.09,0.3547019638377,JPM
2019-08-01,91.83,93.3,89.095,89.44,15664530,92.5,-2.6379310344828,JPM
2019-08-02,88.9,89.93,87.9,89.43,11025527,89.44,-0.0088542588985221,JPM
2019-08-05,87.29,87.48,84.765,86.07,15855328,89.43,-2.975294430178,JPM
2019-08-06,86.55,87.0,84.84,86.93,10203487,86.07,0.7848863740075,JPM
2019-08-07,84.5,84.78,82.44,84.53,17320865,86.93,-2.173322466721,JPM
2019-08-08,85.55,86.58,85.22,86.36,10903331,84.53,1.69397389614,JPM
2019-08-09,85.85,86.945,84.79,86.24,9980834,86.36,-0.10922992900055,JPM
2019-08-12,84.94,85.015,83.71,84.245,8352960,86.24,-1.8179332968835,JPM
2019-08-13,84.45,86.83,83.53,85.84,12236560,84.245,1.4803471158754,JPM
2019-08-14,82.8,83.41,80.95,81.3,19491849,85.84,-4.1521858423267,JPM
2019-08-15,81.32,82.88,80.84,81.7,13365567,81.3,0.38167938931298,JPM
2019-08-16,82.87,84.48,82.37,84.22,11830550,81.7,2.3954372623574,JPM
2019-08-19,86.13,86.25,84.915,85.19,8265570,84.22,0.90048273301151,JPM
2019-08-20,84.35,84.94,83.74,83.81,8376105,85.19,-1.2696660226332,JPM
2019-08-21,84.71,84.93,83.945,84.11,8189648,83.81,0.27956388034666,JPM
2019-08-22,84.87,85.765,84.43,85.22,9343395,84.11,1.0315026484527,JPM
2019-08-23,84.5,85.28,81.61,82.52,14764096,85.22,-2.4834437086093,JPM
2019-08-26,83.12,83.49,82.51,83.37,8211955,82.52,0.80173552159971,JPM
2019-08-27,83.85,84.06,81.34,82.24,14335951,83.37,-1.0573594086273,JPM
2019-08-28,81.58,83.71,81.54,83.3,10593762,82.24,1.0024588613581,JPM
2019-08-29,84.64,86.39,84.52,85.72,10002439,83.3,2.2659176029963,JPM
2019-08-30,86.34,87.06,85.97,86.36,10170346,85.72,0.58597326496979,JPM
2019-09-03,85.48,85.49,83.817,85.06,9869174,86.36,-1.1833242308392,JPM
2019-09-04,85.95,86.72,85.06,86.37,6944055,85.06,1.2067059690494,JPM
2019-09-05,87.75,90.22,87.7,88.87,13226615,86.37,2.2754164012014,JPM
2019-09-06,89.16,89.48,88.464,89.11,7836735,88.87,0.21358013704725,JPM
2019-09-09,90.21,92.555,90.1,91.9,13985144,89.11,2.4775774797975,JPM
2019-09-10,92.8,93.77,92.228,93.37,14333096,91.9,1.2738301559792,JPM
2019-09-11,93.39,93.7,91.88,93.69,9919217,93.37,0.27380850517669,JPM
2019-09-12,93.05,94.973,92.42,94.41,12283450,93.69,0.61438689307961,JPM
2019-09-13,95.5,96.9,95.25,96.73,16257246,94.41,1.9676024086167,JPM
2019-09-16,95.4,96.37,94.88,95.66,11993932,96.73,-0.88996090825918,JPM
2019-09-17,94.92,95.11,93.74,95.07,10819727,95.66,-0.49513259483048,JPM
2019-09-18,94.82,96.58,94.25,96.26,10716320,95.07,1.0036265497175,JPM
2019-09-19,96.2,96.84,95.59,95.88,9460470,96.26,-0.31730126920508,JPM
2019-09-20,96.24,96.84,95.37,95.4,22076823,95.88,-0.40207739989947,JPM
2019-09-23,94.28,95.62,94.18,95.38,9184038,95.4,-0.01682085786376,JPM
2019-09-24,95.25,95.76,93.54,93.83,11851899,95.38,-1.3038358008075,JPM
2019-09-25,93.77,94.86,93.62,94.5,10269021,93.83,0.57103894997017,JPM
2019-09-26,94.38,94.55,93.45,93.53,9920613,94.5,-0.82203389830508,JPM
2019-09-27,94.46,95.135,93.78,94.22,10207958,93.53,0.589592412202,JPM
2019-09-30,94.86,95.27,93.715,94.19,9800755,94.22,-0.025484199796127,JPM
2019-10-01,94.9,95.5,91.91,92.05,11328624,94.19,-1.8183363072479,JPM
2019-10-02,91.31,91.4,89.43,89.75,12630337,92.05,-1.9904803115534,JPM
2019-10-03,89.67,90.31,87.92,89.59,13102112,89.75,-0.93598233995585,JPM
2019-10-04,89.74,92.34,89.67,92.02,9622741,89.59,2.1659684463856,JPM
2019-10-07,91.59,92.9,91.47,91.77,6816951,92.02,-0.21811202233467,JPM
2019-10-08,90.46,90.46,89.06,89.22,11588324,91.77,-2.2296056658215,JPM
2019-10-09,90.07,90.56,89.47,90.03,7339861,89.22,0.72437846539081,JPM
2019-10-10,90.54,92.8,90.4,91.61,11388900,90.03,1.4028234040664,JPM
2019-10-11,93.43,95.39,93.265,93.54,15193768,91.61,1.6898695385693,JPM
2019-10-14,93.25,94.27,93.06,93.85,8878537,93.54,0.26691923540555,JPM
2019-10-15,96.25,98.99,95.27,97.36,30522338,93.85,3.0141691713182,JPM
2019-10-16,97.36,98.02,96.78,97.08,11632039,97.36,-0.23341113704567,JPM
2019-10-17,98.15,98.97,97.28,97.75,11064912,97.08,0.55982620320855,JPM
2019-10-18,97.4,98.42,97.26,97.96,10418383,97.75,0.17449106771916,JPM
2019-10-21,99.45,101.17,99.39,100.95,13272678,97.96,2.4800928998009,JPM
2019-10-22,100.85,102.5,100.52,102.19,12657085,100.95,1.0036422501012,JPM
2019-10-23,101.6,102.55,101.565,102.52,9397328,102.19,0.2644442663675,JPM
2019-10-24,102.69,103.06,101.47,102.43,8057164,102.52,-0.071930946291563,JPM
2019-10-25,102.4,104.05,102.15,103.43,9055690,102.43,0.79980804606894,JPM
2019-10-28,103.97,104.61,103.8,103.91,9522184,103.43,0.38086169959534,JPM
2019-10-29,103.46,104.82,103.34,103.83,9797283,103.91,-0.063236107817562,JPM
2019-10-30,103.45,103.66,102.316,103.13,8513704,103.83,-0.55366606027051,JPM
2019-10-31,102.89,103.13,101.26,102.32,11589074,103.13,-0.64423765211167,JPM
2019-11-01,103.6,105.385,103.42,105.2,11682642,102.32,2.3054755043228,JPM
2019-11-04,106.48,106.82,105.96,106.22,9159871,105.2,0.7981220657277,JPM
2019-11-05,106.79,107.7,106.24,106.5,13747635,106.22,0.21735755317497,JPM
2019-11-06,106.09,107.24,105.98,106.7,11231123,106.5,0.15491866769947,JPM
2019-11-07,107.83,108.69,107.32,107.4,13528925,106.7,0.5413766434648,JPM
2019-11-08,107.28,107.8,106.65,107.78,9294223,107.4,0.29230769230769,JPM
2019-11-11,107.0,107.5,106.75,107.32,8680490,107.78,-0.35281484890321,JPM
2019-11-12,107.03,108.02,106.41,106.56,9101912,107.32,-0.58497536945812,JPM
2019-11-13,105.53,106.215,104.82,105.88,8098146,106.56,-0.52647878600186,JPM
2019-11-14,105.12,106.24,104.99,106.0,8483725,105.88,0.093399750934001,JPM
2019-11-15,106.63,106.93,105.8,106.93,10163667,106.0,0.72317262830483,JPM
2019-11-18,106.96,108.05,106.39,108.02,8752503,106.93,0.84150389871073,JPM
2019-11-19,108.39,108.65,107.58,107.98,8824852,108.02,-0.030623181748578,JPM
2019-11-20,107.7,108.02,106.34,107.03,11785284,107.98,-0.72752335732885,JPM
2019-11-21,107.4,108.12,106.79,107.33,7705492,107.03,0.23142791020598,JPM
2019-11-22,107.55,108.62,107.5,108.19,8167918,107.33,0.66189486646655,JPM
2019-11-25,108.65,109.47,108.265,108.89,10069669,108.19,0.53520911384664,JPM
2019-11-26,109.22,109.22,107.757,109.07,10493863,108.89,0.13689253935659,JPM
2019-11-27,109.69,109.83,109.05,109.46,6609027,109.07,0.29619503303715,JPM
2019-11-29,109.27,109.81,108.85,109.16,5712035,109.46,-0.22716946842345,JPM
2019-12-02,109.71,110.14,108.75,108.87,8622886,109.16,-0.22009714632665,JPM
2019-12-03,107.17,107.36,105.985,107.18,10649454,108.87,-1.2854643644938,JPM
2019-12-04,107.78,109.87,107.39,109.74,10319310,107.18,1.9725689628602,JPM
2019-12-05,110.08,110.71,109.58,110.46,9587878,109.74,0.54405319631253,JPM
2019-12-06,112.09,113.18,112.05,112.44,10171252,110.46,1.4880505035322,JPM
2019-12-09,112.03,112.86,111.81,111.81,8576380,112.44,-0.46652843601895,JPM
2019-12-10,110.65,112.17,110.28,111.9,7533000,111.81,0.066959303623245,JPM
2019-12-11,111.69,112.42,111.41,111.58,9012476,111.9,-0.23791821561338,JPM
2019-12-12,111.89,115.87,111.61,115.42,13725737,111.58,2.8618273960352,JPM
2019-12-13,115.35,116.23,113.62,114.21,10594949,115.42,-0.87668453847269,JPM
2019-12-16,115.78,116.24,114.72,114.74,11372787,114.21,0.387398581975,JPM
2019-12-17,115.13,116.069,114.63,115.58,11547063,114.74,0.61162079510704,JPM
2019-12-18,115.55,116.42,115.115,115.44,10382144,115.58,-0.10131712259373,JPM
2019-12-19,115.16,115.62,114.5,114.75,9351045,115.44,-0.49985511445958,JPM
2019-12-20,115.42,116.28,114.3,114.64,29993960,114.75,-0.080087368037849,JPM
2019-12-23,115.0,115.31,114.28,114.6,9738524,114.64,-0.029146021568071,JPM
2019-12-24,114.73,115.03,114.464,114.98,3324291,114.6,0.27696793002917,JPM
2019-12-26,115.29,116.5,115.18,116.44,6773034,114.98,1.0612007559238,JPM
2019-12-27,116.7,117.17,116.07,116.54,7868575,116.44,0.071921749136935,JPM
2019-12-30,117.3,117.48,115.87,116.03,6963342,116.54,-0.36653730056058,JPM
2019-12-31,115.91,116.88,115.695,116.8,7201834,116.03,0.55543533145784,JPM
2020-01-02,117.19,118.5,116.665,118.49,10811019,116.8,1.2123385939742,JPM
2020-01-03,115.8,117.53,115.38,116.64,10387518,118.49,-1.949110496846,JPM
2020-01-06,114.86,116.57,114.8,116.53,10266522,116.64,-0.079514240277587,JPM
2020-01-07,115.58,116.16,114.12,114.18,10576911,116.53,-1.7000651088765,JPM
2020-01-08,114.0,115.88,113.9,115.24,9697731,114.18,0.78010008831322,JPM
2020-01-09,116.35,116.53,115.34,115.74,9470746,115.24,0.36512341171316,JPM
2020-01-10,115.51,115.55,114.11,114.37,10192026,115.74,-0.99679860302678,JPM
2020-01-13,114.49,115.5,114.055,115.5,12381809,114.37,0.83045491291247,JPM
2020-01-14,116.24,119.06,115.99,117.1,24942958,115.5,1.1661807580175,JPM
2020-01-15,116.15,116.9,114.45,115.02,16293416,117.1,-1.4985590778098,JPM
2020-01-16,115.75,116.2,115.14,115.55,10783752,115.02,0.38765359859567,JPM
2020-01-17,115.84,116.585,115.62,116.5,14697672,115.55,0.69216757741347,JPM
2020-01-21,115.49,116.37,114.99,115.14,8474247,116.5,-0.98408104196815,JPM
2020-01-22,115.54,115.7,114.68,114.98,7549111,115.14,-0.11692487576732,JPM
2020-01-23,114.01,115.045,113.02,114.84,9345683,114.98,-0.10242903131403,JPM
2020-01-24,114.67,114.73,110.62,111.45,15166392,114.84,-2.4827889263219,JPM
2020-01-27,108.57,111.24,108.01,110.33,12860456,111.45,-0.84115659031168,JPM
2020-01-28,111.14,113.27,110.778,112.73,13062789,110.33,1.8177686889343,JPM
2020-01-29,113.11,113.84,111.99,112.53,9326173,112.73,-0.14877631481069,JPM
2020-01-30,110.99,114.43,110.99,114.19,9048887,112.53,1.2366833047754,JPM
2020-01-31,112.79,113.13,109.77,110.66,12785242,114.19,-2.5976893075281,JPM
2020-02-03,110.96,112.54,110.96,111.67,10021369,110.66,0.76307041402236,JPM
2020-02-04,113.85,114.9,113.38,113.59,9157126,111.67,1.4396041088701,JPM
2020-02-05,114.87,116.03,114.31,115.89,10150709,113.59,1.7000517407052,JPM
2020-02-06,116.54,116.59,115.41,115.91,8992592,115.89,0.014535940111934,JPM
2020-02-07,115.03,115.97,114.6,115.47,6379784,115.91,-0.31974420463631,JPM
2020-02-10,115.25,116.151,115.05,116.04,5960700,115.47,0.41554275716266,JPM
2020-02-11,116.56,117.12,116.08,116.3,6578649,116.04,0.1887614345869,JPM
2020-02-12,116.9,117.585,116.1,116.3,7957984,116.3,0.0,JPM
2020-02-13,116.05,116.64,114.7,116.18,7447535,116.3,-0.086956521739134,JPM
2020-02-14,116.14,116.49,115.24,115.76,6627891,116.18,-0.30461270670147,JPM
2020-02-18,115.64,116.005,113.35,113.94,8997247,115.76,-1.324021533537,JPM
2020-02-19,115.21,116.69,114.64,115.79,7071399,113.94,1.3639044529637,JPM
2020-02-20,115.47,116.66,114.83,115.79,7422800,115.79,0.0,JPM
2020-02-21,114.85,115.22,113.223,114.11,9772770,115.79,-1.2219070477853,JPM
2020-02-24,109.74,111.5,109.099,110.46,13618432,114.11,-2.6875782342979,JPM
2020-02-25,109.3,110.53,103.89,104.56,20797188,110.46,-4.4642857142857,JPM
2020-02-26,105.23,107.25,104.64,104.94,24836163,104.56,0.30096626009821,JPM
2020-02-27,101.21,103.92,99.6,99.67,23005470,104.94,-4.1614024005054,JPM
2020-02-28,95.82,96.79,90.96,94.41,45942580,99.67,-4.3338551536624,JPM
2020-03-02,94.93,99.88,92.76,99.82,27355446,94.41,4.6593747308587,JPM
2020-03-03,99.27,101.247,94.54,95.26,32547736,99.82,-3.7524687294273,JPM
2020-03-04,96.63,98.49,92.995,98.15,25795867,95.26,2.4709302325581,JPM
2020-03-05,93.97,94.73,90.88,92.27,25025628,98.15,-4.9061326658323,JPM
2020-03-06,84.56,88.623,83.32,86.38,38159405,92.27,-5.1680266736861,JPM
2020-03-09,74.87,77.53,71.3,71.74,40352025,86.38,-13.545521835677,JPM
2020-03-10,77.3,79.58,72.88,79.0,31102652,71.74,7.7696917808219,JPM
2020-03-11,76.0,78.35,72.85,74.26,38157806,79.0,-4.7070506454816,JPM
2020-03-12,67.89,75.26,64.62,66.35,49725233,74.26,-8.2430179241351,JPM
2020-03-13,74.29,82.29,70.3,82.21,38543328,66.35,18.01249290176,JPM
2020-03-16,63.5,72.282,62.85,66.66,38589653,82.21,-14.964873448176,JPM
2020-03-17,69.19,75.74,65.8,72.06,35239844,66.66,6.1113626075147,JPM
2020-03-18,65.97,69.09,58.66,62.19,41525568,72.06,-10.526877133106,JPM
2020-03-19,59.86,66.41,55.21,63.6,32175060,62.19,1.6807724401001,JPM
2020-03-20,64.6,67.76,60.78,61.8,30150823,63.6,-2.1101992966002,JPM
2020-03-23,60.98,62.05,56.39,57.33,32536580,61.8,-5.3532934131737,JPM
2020-03-24,63.2,68.4,61.2,66.73,34363160,57.33,11.894217385803,JPM
2020-03-25,67.54,73.45,62.84,70.03,38111699,66.73,3.7317652380414,JPM
2020-03-26,72.38,76.87,71.838,76.42,29840426,70.03,6.9660961517497,JPM
2020-03-27,71.49,73.14,68.85,69.43,30041458,76.42,-7.1239298817774,JPM
2020-03-30,68.95,72.39,67.6,71.8,21656933,69.43,2.6006803467574,JPM
2020-03-31,70.35,72.47,67.64,68.33,23379303,71.8,-3.7112299465241,JPM
2020-04-01,63.4,64.86,61.55,62.66,28029566,68.33,-6.2979006997667,JPM
2020-04-02,61.81,66.21,61.26,65.81,24017959,62.66,3.7339971550498,JPM
2020-04-03,65.2,66.68,61.97,63.25,21199448,65.81,-3.9538338475603,JPM
2020-04-06,68.19,70.19,66.9,68.66,26820846,63.25,6.4366448542534,JPM
2020-04-07,73.65,73.7,69.58,69.84,22563810,68.66,1.3190252626872,JPM
2020-04-08,71.3,74.06,69.75,73.5,22903255,69.84,4.0379523389232,JPM
2020-04-09,76.12,83.59,76.09,81.96,42084666,73.5,8.9713679745493,JPM
2020-04-13,82.31,82.31,76.5,77.39,26911949,81.96,-4.4472557415337,JPM
2020-04-14,80.22,81.2,72.84,74.7,46151255,77.39,-2.7395865159385,JPM
2020-04-15,70.35,71.23,69.33,69.99,30118621,74.7,-4.9319371727749,JPM
2020-04-16,69.43,69.77,66.25,66.53,32449619,69.99,-3.8109924000441,JPM
2020-04-17,71.2,74.9,70.16,74.38,30191898,66.53,8.9888927058285,JPM
2020-04-20,71.67,73.91,69.66,70.91,23679430,74.38,-3.6457238915739,JPM
2020-04-21,67.82,70.584,67.53,68.25,23035023,70.91,-2.9004470613892,JPM
2020-04-22,69.89,71.07,68.38,68.54,16706026,68.25,0.32565974171814,JPM
2020-04-23,68.94,70.48,68.46,68.59,16638765,68.54,0.055965972688602,JPM
2020-04-24,69.84,70.3,67.69,69.91,15815286,68.59,1.4766752433158,JPM
2020-04-27,71.14,74.83,70.745,73.82,22870210,69.91,4.3104398633006,JPM
2020-04-28,77.01,77.56,74.23,74.49,20238900,73.82,0.70809554005496,JPM
2020-04-29,78.28,78.65,76.47,77.06,20462562,74.49,2.6970301185854,JPM
2020-04-30,74.8,76.04,73.75,74.96,19127632,77.06,-2.1459227467811,JPM
2020-05-01,72.7,72.94,71.035,72.45,18547741,74.96,-2.6211361737678,JPM
2020-05-04,71.22,71.87,70.0,71.34,15725875,72.45,-1.1903485254692,JPM
2020-05-05,72.85,73.41,71.1,71.2,18064140,71.34,-0.15194269589755,JPM
2020-05-06,71.36,71.96,69.131,69.47,20978035,71.2,-1.8804347826087,JPM
2020-05-07,70.54,72.11,69.78,70.41,16771938,69.47,1.0413204829955,JPM
2020-05-08,72.0,73.28,71.31,71.9,20494915,70.41,1.6335928078062,JPM
2020-05-11,70.31,70.31,68.53,69.17,31907585,71.9,-2.9449838187702,JPM
2020-05-12,69.35,69.99,66.1,66.23,27962923,69.17,-3.2677559186395,JPM
2020-05-13,65.58,66.06,62.6,63.23,35451600,66.23,-3.4470872113064,JPM
2020-05-14,61.92,67.31,61.6,66.72,35152452,63.23,4.1532785909794,JPM
2020-05-15,66.05,66.48,64.5,65.1,26099044,66.72,-1.8510054844607,JPM
2020-05-18,67.89,70.35,67.08,69.65,30528734,65.1,5.2968568102445,JPM
2020-05-19,69.25,70.399,67.79,67.87,19597291,69.65,-1.9679380873411,JPM
2020-05-20,69.91,71.585,69.57,70.53,20552362,67.87,2.9998872222849,JPM
2020-05-21,69.47,70.96,68.87,69.37,14621406,70.53,-1.2701193474214,JPM
2020-05-22,69.21,69.56,67.92,68.67,13557923,69.37,-0.77631141177776,JPM
2020-05-26,72.09,76.7,71.81,75.02,41233949,68.67,7.0973510673969,JPM
2020-05-27,81.27,81.78,78.0,80.57,39402040,75.02,5.7921102066375,JPM
2020-05-28,82.14,82.15,78.6,79.06,24738542,80.57,-1.4895925816317,JPM
2020-05-29,77.86,78.38,75.975,76.51,26538154,79.06,-2.553575005007,JPM
2020-06-01,76.95,78.712,76.58,77.8,15207495,76.51,1.3256602610215,JPM
2020-06-02,79.48,79.62,77.128,78.13,21194963,77.8,0.33468559837729,JPM
2020-06-03,80.78,84.12,80.26,83.47,25941090,78.13,5.3977559890832,JPM
2020-06-04,83.02,85.81,81.99,85.64,26784723,83.47,2.0811355135705,JPM
2020-06-05,94.13,94.97,88.73,90.43,42230986,85.64,4.500187899286,JPM
2020-06-08,92.61,93.39,91.14,92.65,24881791,90.43,1.9958644250652,JPM
2020-06-09,89.85,90.83,88.21,89.74,17031144,92.65,-2.5650066108418,JPM
2020-06-10,89.66,89.705,85.05,85.26,24913328,89.74,-4.0528315541885,JPM
2020-06-11,79.23,80.78,75.74,76.41,36259224,85.26,-8.3443333961908,JPM
2020-06-12,79.91,80.33,76.53,79.07,24856764,76.41,2.7363439975311,JPM
2020-06-15,75.62,80.63,75.07,80.45,22153641,79.07,1.3817963352358,JPM
2020-06-16,84.57,84.88,78.51,81.26,22193575,80.45,0.8,JPM
2020-06-17,81.73,81.74,78.41,78.68,15639830,81.26,-2.527924750147,JPM
2020-06-18,77.87,79.72,77.33,78.14,16591911,78.68,-0.54282267792522,JPM
2020-06-19,79.73,79.8,75.93,77.01,40371167,78.14,-1.1421063270669,JPM
2020-06-22,76.45,77.15,75.74,75.95,16216903,77.01,-1.0837337695532,JPM
2020-06-23,78.17,79.17,77.05,77.13,15381376,75.95,1.2196382428941,JPM
2020-06-24,75.95,76.04,73.51,73.86,22919784,77.13,-3.3391197794343,JPM
2020-06-25,73.55,77.41,73.462,77.16,25743638,73.86,3.4861609972533,JPM
2020-06-26,74.31,74.57,71.2,71.79,41896324,77.16,-5.481829318089,JPM
2020-06-29,72.6,73.69,71.38,72.2,18499738,71.79,0.44281239874716,JPM
2020-06-30,72.03,73.86,71.77,73.26,19137010,72.2,1.1397849462366,JPM
2020-07-01,74.09,74.905,72.23,72.46,18755728,73.26,-0.85052094407824,JPM
2020-07-02,74.84,75.06,72.031,72.76,27845616,72.46,-0.64336264207593,JPM
2020-07-06,74.53,75.3,73.58,75.1,18625272,72.76,2.5253615368012,JPM
2020-07-07,73.92,74.2,72.1,72.42,25757203,75.1,-2.821052631579,JPM
2020-07-08,72.39,73.44,71.9,73.4,18762214,72.42,1.0615251299827,JPM
2020-07-09,73.62,74.22,70.876,71.38,25600763,73.4,-2.1650589496249,JPM
2020-07-10,72.1,76.94,71.971,76.37,28954234,71.38,5.4666958808063,JPM
2020-07-13,78.83,79.366,76.325,77.75,32079211,76.37,1.4334683702088,JPM
2020-07-14,78.47,80.05,76.74,78.31,42731666,77.75,0.57347670250895,JPM
2020-07-15,80.99,81.39,78.75,79.83,22508410,78.31,1.5477038998065,JPM
2020-07-16,78.88,81.32,78.65,80.11,16886886,79.83,0.28075804672616,JPM
2020-07-17,80.1,80.18,78.24,78.26,16161547,80.11,-1.8498150184982,JPM
2020-07-20,77.53,78.49,77.36,77.4,14458137,78.26,-0.8761206193969,JPM
2020-07-21,77.81,80.15,77.74,79.51,17812297,77.4,2.1685508735868,JPM
2020-07-22,79.75,80.23,77.63,78.79,14271150,79.51,-0.72427321195051,JPM
2020-07-23,78.6,79.45,78.07,79.08,12870184,78.79,0.29384942750026,JPM
2020-07-24,79.7,79.9,78.04,78.38,12744151,79.08,-0.70721357850071,JPM
2020-07-27,77.61,77.73,76.27,77.0,11959055,78.38,-1.4041514041514,JPM
2020-07-28,76.6,77.985,76.6,77.42,11754273,77.0,0.43343653250773,JPM
2020-07-29,77.17,79.81,77.1,79.78,12743520,77.42,2.4249897246198,JPM
2020-07-30,77.64,77.84,76.15,77.12,14834785,79.78,-2.6685393258427,JPM
2020-07-31,76.58,77.03,75.35,76.74,14539496,77.12,-0.39167182024324,JPM
2020-08-03,77.12,77.67,75.95,76.2,12972563,76.74,-0.55877483443709,JPM
2020-08-04,76.01,76.05,75.13,75.65,13366154,76.2,-0.57232049947971,JPM
2020-08-05,75.97,78.57,75.82,77.31,15349693,75.65,1.7373103087389,JPM
2020-08-06,77.68,78.2,76.64,77.34,10482062,77.31,0.030861022528548,JPM
2020-08-07,77.03,79.59,76.66,79.48,14743678,77.34,2.2007404360346,JPM
2020-08-10,80.21,82.14,80.134,80.74,14989853,79.48,1.2678607365667,JPM
2020-08-11,83.96,86.26,83.61,83.92,31518607,80.74,3.1597774244833,JPM
2020-08-12,86.26,86.53,81.81,83.04,19250157,83.92,-0.84762088229628,JPM
2020-08-13,82.1,83.46,81.735,82.47,13598648,83.04,-0.55372061394987,JPM
2020-08-14,81.6,83.41,81.52,82.51,12134360,82.47,0.039073947445533,JPM
2020-08-17,81.6,82.1,79.63,79.81,14987988,82.51,-2.6364612830778,JPM
2020-08-18,80.01,80.01,78.22,78.42,13246506,79.81,-1.3940427238993,JPM
2020-08-19,79.02,80.69,78.44,78.65,13533015,78.42,0.23393002441009,JPM
2020-08-20,77.36,78.13,76.9,77.47,13672577,78.65,-1.1973617453069,JPM
2020-08-21,77.37,78.665,77.04,77.42,12228301,77.47,-0.05135051864025,JPM
2020-08-24,78.55,80.31,77.52,80.16,17898270,77.42,2.8154541718044,JPM
2020-08-25,81.37,82.08,79.9,80.6,13648931,80.16,0.43973615830501,JPM
2020-08-26,80.04,80.37,79.15,79.19,12052437,80.6,-1.4029850746269,JPM
2020-08-27,79.1,82.75,79.1,82.45,22163863,79.19,3.2899384398022,JPM
2020-08-28,83.24,83.35,81.91,82.87,13756725,82.45,0.41035661944309,JPM
2020-08-31,82.22,82.28,80.12,80.29,14219441,82.87,-2.510460251046,JPM
2020-09-01,79.65,80.971,79.14,80.24,11602053,80.29,-0.049905180157698,JPM
2020-09-02,80.05,82.04,79.66,81.75,14475673,80.24,1.5078889554624,JPM
2020-09-03,83.42,85.09,80.74,81.43,23281235,81.75,-0.31480570585343,JPM
2020-09-04,84.15,85.31,81.47,83.62,26325470,81.43,2.1612553044508,JPM
2020-09-08,83.08,83.67,79.58,80.02,22108612,83.62,-3.4775888717156,JPM
2020-09-09,80.9,81.79,79.66,80.97,13434024,80.02,0.95076060848679,JPM
2020-09-10,81.5,82.52,79.74,79.93,15922793,80.97,-1.0310300386636,JPM
2020-09-11,80.07,81.46,79.69,81.17,13784342,79.93,1.2421115897025,JPM
2020-09-14,81.61,83.56,81.47,82.57,19017373,81.17,1.3851785890967,JPM
2020-09-15,82.83,82.95,79.24,79.38,23682973,82.57,-3.1131062750073,JPM
2020-09-16,79.53,81.23,78.86,79.8,19284239,79.38,0.42304593070105,JPM
2020-09-17,78.8,79.443,77.81,78.66,18290104,79.8,-1.1434302908726,JPM
2020-09-18,77.99,79.59,77.54,78.45,20121579,78.66,-0.21306818181819,JPM
2020-09-21,75.3,76.15,73.92,75.41,28378768,78.45,-3.0910015251652,JPM
2020-09-22,75.06,75.76,73.77,74.37,19257004,75.41,-1.0911761619977,JPM
2020-09-23,74.88,75.45,72.762,72.84,19952667,74.37,-1.622997772356,JPM
2020-09-24,72.42,74.4,71.48,72.76,18366522,72.84,-0.086262669829629,JPM
2020-09-25,72.15,73.815,71.97,73.57,13293076,72.76,0.87416360889273,JPM
2020-09-28,75.16,77.03,74.45,76.26,20894106,73.57,2.8779287471916,JPM
2020-09-29,76.13,76.13,74.432,75.45,12854673,76.26,-0.84234608985025,JPM
2020-09-30,75.45,77.298,75.36,76.37,16400587,75.45,0.96486628211851,JPM
2020-10-01,77.22,77.87,76.13,77.07,15778666,76.37,0.72712163706243,JPM
2020-10-02,75.35,78.69,75.19,77.99,15149570,77.07,0.94874703516552,JPM
2020-10-05,79.32,80.25,78.53,80.04,13871881,77.99,1.1747880273777,JPM
2020-10-06,81.07,81.86,78.51,79.02,19220440,80.04,-1.029886914378,JPM
2020-10-07,79.96,81.35,79.666,80.73,16358533,79.02,1.7445419302183,JPM
2020-10-08,81.51,82.92,80.895,82.78,15659016,80.73,2.0555499849594,JPM
2020-10-09,83.0,83.105,81.11,82.2,13689115,82.78,-0.56985655335036,JPM
2020-10-12,82.1,84.0,81.85,83.44,16057978,82.2,1.2252964426877,JPM
2020-10-13,84.0,84.22,81.26,81.78,21697310,83.44,-1.6204607575166,JPM
2020-10-14,82.03,82.925,81.1,81.22,15214907,81.78,-0.55566580670768,JPM
2020-10-15,80.1,82.78,80.04,82.72,17171199,81.22,1.4967072440631,JPM
2020-10-16,82.41,83.33,81.723,82.51,13276397,82.72,-0.20644907589461,JPM
2020-10-19,82.6,82.87,80.56,80.8,11725674,82.51,-1.6845630972318,JPM
2020-10-20,81.31,82.77,81.12,81.37,11257070,80.8,0.57114228456915,JPM
2020-10-21,81.36,81.99,80.33,80.37,10730521,81.37,-0.99631363953373,JPM
2020-10-22,80.32,84.24,80.31,83.88,14837204,80.37,3.5322531951293,JPM
2020-10-23,84.5,85.45,83.93,84.81,15087611,83.88,0.90396578538103,JPM
2020-10-26,83.65,83.7,81.25,82.24,12410742,84.81,-2.4756767170793,JPM
2020-10-27,81.51,81.92,80.16,80.33,10391663,82.24,-1.8866060845516,JPM
2020-10-28,78.5,79.3,77.07,77.54,16389464,80.33,-2.8088190878888,JPM
2020-10-29,77.12,78.98,76.24,78.17,14208820,77.54,0.65257924176507,JPM
2020-10-30,78.91,79.42,77.23,79.04,15200685,78.17,0.89533806730473,JPM
2020-11-02,80.39,81.88,78.86,81.25,15011597,79.04,2.2541819665443,JPM
2020-11-03,84.02,85.74,83.69,84.41,17482590,81.25,3.1521197007481,JPM
2020-11-04,82.0,83.07,79.93,81.25,18886518,84.41,-3.055797311672,JPM
2020-11-05,82.06,86.095,82.0,85.35,17837373,81.25,4.0897755610973,JPM
2020-11-06,86.03,86.1,83.39,83.96,12552785,85.35,-1.3320555821754,JPM
2020-11-09,94.16,99.9,91.35,97.9,47792406,83.96,13.539238539239,JPM
2020-11-10,98.35,98.45,95.69,97.52,20539339,97.9,-0.3250641573995,JPM
2020-11-11,97.89,97.96,94.96,95.78,14443409,97.52,-1.4933058702369,JPM
2020-11-12,93.53,94.955,93.055,94.37,22066464,95.78,-1.228437009932,JPM
2020-11-13,95.7,95.86,94.57,95.08,11856870,94.37,0.62626797212666,JPM
2020-11-16,98.79,99.61,96.732,98.3,19858562,95.08,2.8225806451613,JPM
2020-11-17,96.39,97.44,95.58,97.11,14553245,98.3,-1.0144927536232,JPM
2020-11-18,98.34,99.61,96.2,96.25,12571217,97.11,-0.74067694427698,JPM
2020-11-19,95.18,96.82,94.56,96.56,10202538,96.25,0.26898047722343,JPM
2020-11-20,95.43,96.65,95.09,95.57,12720823,96.56,-0.85669781931465,JPM
2020-11-23,97.05,99.17,96.57,98.87,13209211,95.57,2.8803351662739,JPM
2020-11-24,101.07,104.5,100.71,104.32,20110707,98.87,4.6237380164588,JPM
2020-11-25,102.37,103.38,101.465,103.03,11715627,104.32,-1.046059033409,JPM
2020-11-27,103.0,103.35,102.08,102.22,5983627,103.03,-0.66377120380235,JPM
2020-11-30,101.0,101.72,98.77,98.88,14411847,102.22,-2.7553209041412,JPM
2020-12-01,101.34,102.58,100.628,100.74,12678222,98.88,1.5778758059043,JPM
2020-12-02,100.7,103.31,100.27,103.04,10811255,100.74,1.920828461667,JPM
2020-12-03,102.85,102.885,101.36,102.24,12904414,103.04,-0.65552277941659,JPM
2020-12-04,103.48,104.29,102.69,103.34,13583654,102.24,0.90729132299572,JPM
2020-12-07,102.15,103.17,101.21,102.88,9724307,103.34,-0.37600130783064,JPM
2020-12-08,102.04,103.33,101.76,103.0,9592124,102.88,0.098457499179525,JPM
2020-12-09,104.17,104.3,101.44,102.05,13073933,103.0,-0.77868852459017,JPM
2020-12-10,100.99,101.778,100.56,101.27,13668420,102.05,-0.64436183395291,JPM
2020-12-11,99.94,101.02,99.37,100.56,9981643,101.27,-0.59033840525484,JPM
2020-12-14,102.335,102.42,99.105,99.3,12112352,100.56,-1.0538641686183,JPM
2020-12-15,100.29,101.9,99.62,101.32,12591419,99.3,1.7075232459848,JPM
2020-12-16,101.3,102.08,100.86,101.67,11169364,101.32,0.29089095744682,JPM
2020-12-17,102.26,102.45,100.58,100.67,11618001,101.67,-0.82870638932626,JPM
2020-12-18,100.14,100.884,99.27,100.08,28954764,100.67,-0.4930224784825,JPM
2020-12-21,104.17,106.0,102.09,104.55,28323642,100.08,3.7537789721196,JPM
2020-12-22,104.39,104.52,102.61,102.67,11808882,104.55,-1.5216511533792,JPM
2020-12-23,103.78,107.52,103.35,106.07,14973226,102.67,2.7944439878359,JPM
2020-12-24,106.09,106.55,104.57,105.52,4164948,106.07,-0.43975373790677,JPM
2020-12-28,106.82,107.65,105.789,106.34,8072641,105.52,0.65852875040155,JPM
2020-12-29,107.2,107.28,105.89,106.01,8389199,106.34,-0.26328386787937,JPM
2020-12-30,106.49,106.845,105.9,106.36,7397964,106.01,0.27997760179185,JPM
2020-12-31,106.09,108.33,105.82,108.07,8580214,106.36,1.3640714741544,JPM
2021-01-04,108.5,108.858,105.78,106.87,16819915,108.07,-0.94436137561973,JPM
2021-01-05,106.89,108.2,105.67,107.55,13731206,106.87,-0.17478350679272,JPM
2021-01-06,111.78,114.67,109.78,113.45,24909056,107.55,4.6955829685635,JPM
2021-01-07,117.59,120.09,116.82,117.77,21940387,113.45,3.2839224629418,JPM
2021-01-08,117.87,118.25,116.02,117.92,12035126,117.77,0.11039964672113,JPM
2021-01-11,116.48,120.1,116.01,119.95,15949048,117.92,1.4924275841788,JPM
2021-01-12,121.34,123.56,120.73,122.12,18033462,119.95,1.5718942412169,JPM
2021-01-13,120.49,122.69,120.0,122.25,14816761,122.12,0.092711453430321,JPM
2021-01-14,122.39,124.65,121.9,123.07,18565597,122.25,0.58425365158532,JPM
2021-01-15,119.33,123.55,118.91,120.54,27881016,123.07,-1.7921654742509,JPM
2021-01-19,121.76,122.6,119.72,119.94,19843782,120.54,-0.43277553375649,JPM
2021-01-20,119.72,120.07,117.335,117.87,16028845,119.94,-1.4995653433787,JPM
2021-01-21,117.59,118.06,116.225,116.73,13415022,117.87,-0.83842023975876,JPM
2021-01-22,114.59,116.3,114.1,115.69,12933227,116.73,-0.77134168953499,JPM
2021-01-25,114.04,115.07,111.96,114.02,14212764,115.69,-1.2482248299574,JPM
2021-01-26,114.65,115.07,113.24,113.48,11307819,114.02,-0.40871934604904,JPM
2021-01-27,111.49,111.75,109.25,109.76,17603851,113.48,-2.8271773825809,JPM
2021-01-28,111.8,114.07,110.89,112.01,13761758,109.76,1.7597372125763,JPM
2021-01-29,113.09,113.62,110.09,110.57,14808109,112.01,-1.1067558219968,JPM
2021-02-01,111.3,111.97,110.375,111.52,11080662,110.57,0.73832284137718,JPM
2021-02-02,113.84,116.29,113.12,115.51,12253574,111.52,3.0782286684154,JPM
2021-02-03,115.55,117.655,115.41,117.04,10600777,115.51,1.1451238679739,JPM
2021-02-04,117.37,120.56,117.37,120.15,12419526,117.04,2.3013171525825,JPM
2021-02-05,121.29,121.39,119.28,119.88,10051265,120.15,-0.19529837251357,JPM
2021-02-08,120.1,122.2,120.08,122.04,10136384,119.88,1.5654442672851,JPM
2021-02-09,121.33,121.88,120.44,121.48,8614807,122.04,-0.39960039960038,JPM
2021-02-10,121.9,122.77,120.94,121.56,10323204,121.48,0.057314801547488,JPM
2021-02-11,121.56,122.45,120.12,121.17,9200955,121.56,-0.27924960618644,JPM
2021-02-12,120.95,123.51,120.9,123.15,8324562,121.17,1.4216988583327,JPM
2021-02-16,125.45,127.22,124.3,126.55,12130618,123.15,2.4070796460177,JPM
2021-02-17,125.85,127.28,125.02,127.0,10834189,126.55,0.3110957483581,JPM
2021-02-18,125.9,127.69,125.3,127.49,10590274,127.0,0.33769813921434,JPM
2021-02-19,127.76,130.74,127.76,129.92,11969782,127.49,1.6690706779312,JPM
2021-02-22,128.77,132.09,128.69,131.31,11488415,129.92,0.93906228887987,JPM
2021-02-23,133.41,134.21,131.49,132.51,16234408,131.31,0.80315909243024,JPM
2021-02-24,132.01,135.66,132.01,135.16,15061433,132.51,1.7595113206294,JPM
2021-02-25,136.17,136.8,132.49,133.08,18127707,135.16,-1.3571708208273,JPM
2021-02-26,132.2,132.774,128.41,129.07,19829182,133.08,-2.6524672575738,JPM
2021-03-01,131.42,133.28,130.38,132.4,14845483,129.07,2.2626894068085,JPM
2021-03-02,131.98,133.68,131.74,131.91,14221724,132.4,-0.32558139534884,JPM
2021-03-03,133.13,136.88,132.725,134.81,14324103,131.91,1.9332044530365,JPM
2021-03-04,134.51,136.279,130.52,132.46,20093905,134.81,-1.5368517428553,JPM
2021-03-05,135.115,135.39,129.87,132.81,18465108,132.46,0.23246546227417,JPM
2021-03-08,134.37,137.36,132.65,134.81,17133270,132.81,1.3252932211252,JPM
2021-03-09,133.4,136.15,131.72,133.73,16238763,134.81,-0.70629782224837,JPM
2021-03-10,133.81,138.06,133.41,137.03,14342237,133.73,2.1734835012843,JPM
2021-03-11,136.01,138.05,135.26,136.22,11771478,137.03,-0.52214271900986,JPM
2021-03-12,138.76,139.53,136.97,138.05,12849532,136.22,1.1858475894246,JPM
2021-03-15,138.25,138.82,135.86,137.27,12103264,138.05,-0.49951969260327,JPM
2021-03-16,135.99,136.5,134.09,135.41,12805565,137.27,-1.1971423054644,JPM
2021-03-17,137.24,138.78,134.95,136.99,13952375,135.41,1.0292489088659,JPM
2021-03-18,139.5,143.59,139.01,139.55,21898467,136.99,1.6506544587014,JPM
2021-03-19,137.41,137.84,133.09,137.04,54418832,139.55,-1.5921344751031,JPM
2021-03-22,134.7,135.87,132.51,132.87,19944845,137.04,-2.6878948046925,JPM
2021-03-23,132.23,134.02,130.86,131.36,17076304,132.87,-1.0001987149765,JPM
2021-03-24,131.9,135.08,131.76,132.52,13079793,131.36,0.77612739194433,JPM
2021-03-25,131.9,134.87,131.23,134.45,15608340,132.52,1.2813703359448,JPM
2021-03-26,136.2,137.35,134.45,136.99,16754402,134.45,1.6650278597181,JPM
2021-03-29,134.02,135.628,132.94,134.58,17570343,136.99,-1.5539364240119,JPM
2021-03-30,136.36,137.77,135.78,136.38,13184306,134.58,1.1789363374378,JPM
2021-03-31,135.18,136.39,134.02,134.13,16736681,136.38,-1.4564992232004,JPM
2021-04-01,133.8,135.69,133.45,135.61,16561508,134.13,0.97221309860081,JPM
2021-04-05,137.2,137.74,135.4,136.42,13507979,135.61,-0.05855181835925,JPM
2021-04-06,135.59,137.08,134.66,135.34,13071554,136.42,-0.70303345918501,JPM
2021-04-07,135.9,138.03,135.45,137.73,16903523,135.34,1.5668021502557,JPM
2021-04-08,136.8,138.305,135.11,137.92,12335512,137.73,0.12263602917446,JPM
2021-04-09,138.61,139.842,137.77,139.08,12122400,137.92,0.74780814853017,JPM
2021-04-12,138.38,140.05,138.37,138.75,12273355,139.08,-0.21115945738419,JPM
2021-04-13,137.55,138.0,135.23,136.89,16113557,138.75,-1.1926899647323,JPM
2021-04-14,134.27,136.63,133.73,134.01,19939592,136.89,-1.8690375754429,JPM
2021-04-15,134.05,135.0,132.12,134.97,17694125,134.01,0.63487864559221,JPM
2021-04-16,136.67,137.31,135.49,136.1,13773412,134.97,0.74259052375634,JPM
2021-04-19,136.22,136.68,135.02,135.45,11900220,136.1,-0.42400521852577,JPM
2021-04-20,134.54,134.55,131.45,132.07,13716678,135.45,-2.2142155257124,JPM
2021-04-21,130.59,133.41,129.59,133.34,12236674,132.07,0.85080726200843,JPM
2021-04-22,133.03,133.1,130.06,130.17,15256117,133.34,-2.1057526238873,JPM
2021-04-23,129.98,133.93,129.485,132.99,14043086,130.17,1.9135509262401,JPM
2021-04-26,133.58,135.26,133.18,133.36,10799065,132.99,0.24635461748452,JPM
2021-04-27,133.3,134.37,132.91,134.05,12821182,133.36,0.45828905419766,JPM
2021-04-28,135.23,135.69,134.2,135.03,8943653,134.05,0.64793388429751,JPM
2021-04-29,136.34,138.08,136.0,137.99,12976866,135.03,1.9444261972016,JPM
2021-04-30,136.9,137.29,135.81,136.61,11705065,137.99,-0.88923255364392,JPM
2021-05-03,137.65,138.28,135.93,136.16,11801108,136.61,-0.2925687536571,JPM
2021-05-04,135.67,138.44,134.94,138.28,12977673,136.16,1.3823682837767,JPM
2021-05-05,138.8,141.08,137.43,140.32,6938197,138.28,1.3120658605609,JPM
2021-05-06,140.87,143.625,139.96,143.49,13542406,140.32,2.0124428643982,JPM
2021-05-07,140.02,144.3,139.82,144.04,14257828,143.49,0.34227394361815,JPM
2021-05-10,144.3,146.53,143.92,144.02,14014332,144.04,-0.012403870007449,JPM
2021-05-11,143.88,145.19,140.84,141.34,15451666,144.02,-1.6623247736013,JPM
2021-05-12,142.41,143.58,139.83,140.25,14381733,141.34,-0.6875236533367,JPM
2021-05-13,140.98,145.245,140.48,144.3,15397363,140.25,2.5722451571928,JPM
2021-05-14,145.19,147.25,144.79,146.81,10583975,144.3,1.5541795665635,JPM
2021-05-17,146.17,147.65,145.83,147.47,9886843,146.81,0.40241448692153,JPM
2021-05-18,147.48,148.3,145.04,145.15,11098117,147.47,-1.4088783627862,JPM
2021-05-19,143.8,143.98,141.44,143.91,13278895,145.15,-0.76378195257159,JPM
2021-05-20,143.63,144.66,142.32,143.63,10426014,143.91,-0.17379430202967,JPM
2021-05-21,144.14,146.023,143.74,145.46,10248994,143.63,1.1378474165268,JPM
2021-05-24,146.16,147.025,144.919,146.34,9440290,145.46,0.54100577892536,JPM
2021-05-25,146.65,148.5,144.36,144.65,12609084,146.34,-1.033386327504,JPM
2021-05-26,146.37,146.54,144.105,144.63,13058340,144.65,-0.012357120790844,JPM
2021-05-27,146.75,147.55,145.37,147.15,15707512,144.63,1.557189643453,JPM
2021-05-28,147.48,147.74,146.06,147.04,10294700,147.15,-0.066930331609361,JPM
2021-06-01,148.67,149.71,148.28,148.85,9445366,147.04,1.1020457866537,JPM
2021-06-02,150.06,150.24,148.33,148.86,10498568,148.85,0.0060222824450412,JPM
2021-06-03,148.21,150.045,147.461,148.97,13354653,148.86,0.066241117668304,JPM
2021-06-04,149.01,149.47,147.83,149.24,8510831,148.97,0.16248420292472,JPM
2021-06-07,149.8,149.9,147.94,148.46,7267196,149.24,-0.46863734679164,JPM
2021-06-08,147.29,148.56,145.962,147.8,10370719,148.46,-0.39840637450199,JPM
2021-06-09,146.94,147.02,145.08,145.74,12377367,147.8,-1.2484848484848,JPM
2021-06-10,147.16,148.04,143.11,143.2,12119419,145.74,-1.5588560206211,JPM
2021-06-11,143.23,143.999,141.86,143.09,13683774,143.2,-0.068578553615969,JPM
2021-06-14,142.95,143.13,139.455,140.37,19917855,143.09,-1.6969243246616,JPM
2021-06-15,139.5,139.72,136.93,137.98,24485479,140.37,-1.5167861902646,JPM
2021-06-16,137.53,140.42,135.91,139.07,25321233,137.98,0.7024101043949,JPM
2021-06-17,139.9,140.26,134.05,134.56,29722421,139.07,-2.8860305880847,JPM
2021-06-18,132.1,132.5,130.36,130.72,43595659,134.56,-2.5303110173959,JPM
2021-06-21,131.88,134.002,131.82,133.23,18664796,130.72,1.6968631692807,JPM
2021-06-22,133.4,133.77,131.46,133.01,14251160,133.23,-0.14624742405105,JPM
2021-06-23,133.0,134.84,132.89,133.92,12733326,133.01,0.60581852073763,JPM
2021-06-24,134.72,135.92,134.02,135.31,13733186,133.92,0.91979883536262,JPM
2021-06-25,135.39,137.295,134.469,136.85,15484922,135.31,1.0097698511573,JPM
2021-06-28,136.5,137.28,134.92,137.13,14125837,136.85,0.18175916910094,JPM
2021-06-29,137.8,139.11,136.41,136.94,14528708,137.13,-0.1231128102119,JPM
2021-06-30,136.55,138.88,136.51,138.34,12530993,136.94,0.90826521344233,JPM
2021-07-01,139.06,139.94,138.215,139.88,10479389,138.34,0.990099009901,JPM
2021-07-02,139.65,140.02,138.82,139.73,11431349,139.88,-0.66844919786097,JPM
2021-07-06,139.48,139.48,136.045,137.11,15083360,139.73,-1.6791642632827,JPM
2021-07-07,135.71,137.983,135.25,137.29,12271789,137.11,0.11733263802882,JPM
2021-07-08,135.31,136.23,133.74,134.64,17834574,137.29,-1.7253727456215,JPM
2021-07-09,136.75,139.85,136.28,139.47,13694523,134.64,3.1999469988075,JPM
2021-07-12,138.05,142.861,137.64,141.7,19940363,139.47,1.4315978686525,JPM
2021-07-13,139.75,141.09,137.2,139.35,22671744,141.7,-1.4873417721519,JPM
2021-07-14,139.65,140.98,136.65,138.82,14622833,139.35,-0.34050754898812,JPM
2021-07-15,137.6,140.23,137.4,139.16,11539263,138.82,0.21918514698298,JPM
2021-07-16,139.66,139.98,134.72,135.61,14002741,139.16,-2.2835456065869,JPM
2021-07-19,132.25,133.523,129.41,130.67,22172865,135.61,-3.2519254821934,JPM
2021-07-20,130.22,134.82,130.028,133.41,15385158,130.67,1.864326052936,JPM
2021-07-21,135.75,137.35,135.06,136.56,12356686,133.41,2.1040678645381,JPM
2021-07-22,136.58,137.14,133.67,134.63,9913322,136.56,-1.2625932225566,JPM
2021-07-23,135.18,136.54,133.95,134.34,9666101,134.63,-0.19214205260718,JPM
2021-07-26,133.89,135.66,133.87,135.35,8207990,134.34,0.67047265002657,JPM
2021-07-27,134.1,136.19,133.5,135.15,11218727,135.35,-0.13188262446424,JPM
2021-07-28,135.99,136.47,134.58,135.4,9217294,135.15,0.16507098052162,JPM
2021-07-29,136.84,137.57,135.61,136.7,9063531,135.4,0.85695451549111,JPM
2021-07-30,136.28,137.37,134.9,135.48,9805241,136.7,-0.79738562091503,JPM
2021-08-02,135.73,138.15,134.77,134.87,10203157,135.48,-0.40189748319938,JPM
2021-08-03,135.65,137.02,133.22,136.59,10394804,134.87,1.1377918899252,JPM
2021-08-04,134.95,137.07,134.61,134.94,10154973,136.59,-1.0792072732029,JPM
2021-08-05,135.98,137.39,135.71,136.85,9151499,134.94,1.2628934144406,JPM
2021-08-06,138.89,141.52,138.81,141.2,13328750,136.85,2.8403525954946,JPM
2021-08-09,141.22,142.25,139.6,141.03,9516867,141.2,-0.1079365079365,JPM
2021-08-10,140.44,143.675,140.01,142.96,8666998,141.03,1.2267209051039,JPM
2021-08-11,143.7,145.2,142.78,144.86,9156458,142.96,1.1930177068944,JPM
2021-08-12,145.58,146.07,144.254,145.49,8849610,144.86,0.39091586001489,JPM
2021-08-13,145.49,145.86,143.27,143.68,8980903,145.49,-1.1187341615675,JPM
2021-08-16,142.64,142.73,140.48,142.63,8759767,143.68,-0.65633204150518,JPM
2021-08-17,141.27,142.56,138.97,140.71,9347213,142.63,-1.2080790285031,JPM
2021-08-18,140.01,141.71,139.04,139.28,8065493,140.71,-0.91077001464873,JPM
2021-08-19,136.86,139.26,136.71,137.98,9517737,139.28,-0.83558297981746,JPM
2021-08-20,138.05,138.6,136.86,138.42,6974102,137.98,0.28519574799066,JPM
2021-08-23,139.03,140.79,138.94,140.4,7934587,138.42,1.2797311271975,JPM
2021-08-24,140.7,142.25,140.57,141.37,7670925,140.4,0.61901723037651,JPM
2021-08-25,142.21,145.48,141.5,144.62,11335040,141.37,2.0612672036532,JPM
2021-08-26,145.96,147.53,144.85,145.45,11027451,144.62,0.51578424061646,JPM
2021-08-27,145.45,146.86,144.96,146.75,8780185,145.45,0.80370942812984,JPM
2021-08-30,146.91,147.19,143.58,144.14,7937561,146.75,-1.6007359705612,JPM
2021-08-31,144.14,145.07,143.05,143.65,12340838,144.14,-0.30541012216405,JPM
2021-09-01,143.92,144.46,142.67,143.42,8729920,143.65,-0.14379493591747,JPM
2021-09-02,143.72,145.31,143.13,144.16,8815634,143.42,0.46331079388931,JPM
2021-09-03,144.09,144.59,142.845,143.19,7961223,144.16,-0.60451202791973,JPM
2021-09-07,143.69,145.081,142.66,142.91,9290968,143.19,-0.17555959621293,JPM
2021-09-08,142.59,143.28,141.74,142.2,7852678,142.91,-0.44595188744426,JPM
2021-09-09,141.97,144.533,141.78,142.89,7904256,142.2,0.43533123028391,JPM
2021-09-10,144.26,144.419,140.92,141.06,8311551,142.89,-1.149569696589,JPM
2021-09-13,142.23,143.75,141.77,143.56,10052807,141.06,1.5887137773259,JPM
2021-09-14,144.15,145.04,139.96,140.77,11685606,143.56,-1.7452771174778,JPM
2021-09-15,140.42,142.39,140.17,141.86,11691485,140.77,0.69395810785001,JPM
2021-09-16,143.11,144.555,140.92,141.79,10880895,141.86,-0.044258978249869,JPM
2021-09-17,141.08,142.71,140.7,141.38,25608018,141.79,-0.25934594218483,JPM
2021-09-20,137.59,138.26,134.19,136.66,15819905,141.38,-2.9934043632674,JPM
2021-09-21,137.23,138.25,136.277,136.68,8999860,136.66,0.013075313807519,JPM
2021-09-22,138.9,140.95,138.8,139.61,11236150,136.68,1.9152830435351,JPM
2021-09-23,141.7,145.41,141.37,144.88,12336136,139.61,3.3801552177538,JPM
2021-09-24,145.14,147.29,144.52,146.74,10102432,144.88,1.1539893287008,JPM
2021-09-27,148.7,151.1,148.31,150.68,13220871,146.74,2.4165848871443,JPM
2021-09-28,151.4,153.0,149.36,149.78,13387886,150.68,-0.5389867049946,JPM
2021-09-29,149.91,150.6,148.74,149.65,7777078,149.78,-0.07827552986514,JPM
2021-09-30,150.62,150.69,146.49,147.39,13168016,149.65,-1.3618559807171,JPM
2021-10-01,147.7,152.0,147.3,150.83,11284976,147.39,2.1015333862789,JPM
2021-10-04,150.67,154.137,149.43,150.65,14120044,150.83,-0.10770059235326,JPM
2021-10-05,151.91,154.84,151.37,153.36,12292877,150.65,1.0242587601078,JPM
2021-10-06,152.69,153.8,150.7,153.72,8692607,153.36,0.21344717182498,JPM
2021-10-07,155.9,156.21,154.24,154.79,10195443,153.72,0.63306117619216,JPM
2021-10-08,154.72,156.04,153.995,154.92,8190144,154.79,0.076430125227818,JPM
2021-10-11,155.5,155.99,151.16,151.34,12154737,154.92,-2.1031606156738,JPM
2021-10-12,150.45,151.39,149.47,150.06,13032633,151.34,-0.76812289966393,JPM
2021-10-13,148.77,150.11,145.3,145.7,22753485,150.06,-2.636671504596,JPM
2021-10-14,146.45,148.71,144.76,148.17,15180727,145.7,1.5341614906832,JPM
2021-10-15,150.05,151.87,148.84,151.31,14267441,148.17,1.9208417446626,JPM
2021-10-18,151.18,153.308,150.61,151.25,12672909,151.31,-0.036012244163017,JPM
2021-10-19,152.1,153.35,151.28,153.27,8053949,151.25,1.212848994296,JPM
2021-10-20,153.0,155.57,152.16,155.54,8185565,153.27,1.3466215815388,JPM
2021-10-21,155.455,156.029,153.38,154.2,8415166,155.54,-0.78435963474596,JPM
2021-10-22,154.73,156.79,154.4,156.48,8817895,154.2,1.3451327433628,JPM
2021-10-25,157.41,157.66,155.18,155.64,10159202,156.48,-0.48899755501223,JPM
2021-10-26,155.7,157.19,155.24,156.1,8015067,155.64,0.26910026910027,JPM
2021-10-27,155.02,155.4,152.04,152.53,9846993,156.1,-2.0828471411902,JPM
2021-10-28,153.0,155.21,152.66,155.06,7212937,152.53,1.5074778049216,JPM
2021-10-29,155.88,156.94,154.09,154.59,8140070,155.06,-0.27588635830009,JPM
2021-11-01,156.74,157.03,153.705,154.5,7435507,154.59,-0.052975454705972,JPM
2021-11-02,154.5,156.39,153.62,155.17,7173754,154.5,0.39458186101295,JPM
2021-11-03,154.83,155.83,153.85,155.23,8402685,155.17,0.035196808822668,JPM
2021-11-04,154.7,154.9,151.19,152.99,9574152,155.23,-1.3135518677066,JPM
2021-11-05,153.6,154.79,152.11,152.75,7975570,152.99,-0.14261096916037,JPM
2021-11-08,153.75,155.62,153.44,153.76,6413707,152.75,0.60101160368937,JPM
2021-11-09,152.05,153.17,151.295,152.48,7990283,153.76,-0.75712764698924,JPM
2021-11-10,152.15,153.65,151.79,152.32,6999214,152.48,-0.095362975324828,JPM
2021-11-11,152.22,153.38,151.6,152.31,5815267,152.32,-0.0059658751938855,JPM
2021-11-12,152.35,152.44,150.42,151.56,8113441,152.31,-0.44746733488455,JPM
2021-11-15,151.91,152.485,150.7,151.26,6492463,151.56,-0.17979144192737,JPM
2021-11-16,151.76,151.77,149.82,150.06,9706145,151.26,-0.72046109510086,JPM
2021-11-17,149.91,150.26,148.09,149.17,9909576,150.06,-0.53821964199324,JPM
2021-11-18,149.09,149.55,147.26,147.75,8123567,149.17,-0.8633793396972,JPM
2021-11-19,146.0,146.81,144.15,145.62,12193634,147.75,-1.3063477460902,JPM
2021-11-22,148.86,150.68,147.69,149.05,14551672,145.62,2.1314939100174,JPM
2021-11-23,150.2,153.255,150.07,152.98,12362344,149.05,2.3912382111348,JPM
2021-11-24,153.16,154.14,151.14,151.66,9629790,152.98,-0.78440694081293,JPM
2021-11-26,146.84,147.35,143.52,146.63,13619276,151.66,-3.0126976521322,JPM
2021-11-29,148.01,149.48,144.517,145.93,12104369,146.63,-0.43228555548695,JPM
2021-11-30,143.855,145.33,142.99,143.53,18922616,145.93,-1.4885567202133,JPM
2021-12-01,145.7,147.97,142.5,142.59,12258685,143.53,-0.59182774035134,JPM
2021-12-02,144.53,147.95,143.5,145.91,12969926,142.59,2.1027297485591,JPM
2021-12-03,146.2,146.529,141.89,142.99,12681765,145.91,-1.8113020284102,JPM
2021-12-06,145.71,147.31,144.16,144.86,11186493,142.99,1.1813759555247,JPM
2021-12-07,146.58,148.09,145.86,147.27,9851554,144.86,1.5047452547453,JPM
2021-12-08,147.36,147.97,144.87,145.41,11705673,147.27,-1.1441225318324,JPM
2021-12-09,144.35,145.63,143.35,145.16,11189642,145.41,-0.15555970381432,JPM
2021-12-10,146.02,146.402,143.83,144.52,10405374,145.16,-0.39885329677179,JPM
2021-12-13,144.2,144.49,141.985,142.62,12068987,144.52,-1.1888374421224,JPM
2021-12-14,142.15,145.59,142.0,143.83,12563560,142.62,0.766210739615,JPM
2021-12-15,144.55,144.55,142.05,142.64,14014167,143.83,-0.74781625086407,JPM
2021-12-16,145.09,146.525,143.4,145.11,19542759,142.64,1.5638850196277,JPM
2021-12-17,144.015,144.08,139.88,141.46,28138027,145.11,-2.2754192382021,JPM
2021-12-20,139.21,139.4,136.54,138.64,15147982,141.46,-1.7989282980352,JPM
2021-12-21,140.11,141.88,139.79,140.79,11291338,138.64,1.3966480446927,JPM
2021-12-22,140.45,141.755,139.94,141.4,7272989,140.79,0.39080017938368,JPM
2021-12-23,142.31,143.82,141.91,141.96,8055154,141.4,0.35737077217613,JPM
2021-12-27,142.3,142.9,141.04,142.86,6189234,141.96,0.57230064860741,JPM
2021-12-28,142.9,144.85,142.78,143.34,6342743,142.86,0.30349013657056,JPM
2021-12-29,143.55,144.33,142.85,143.26,6398927,143.34,-0.050428643469481,JPM
2021-12-30,143.81,144.94,143.07,143.18,6948171,143.26,-0.050454086781037,JPM
2021-12-31,143.15,143.99,142.66,143.05,5805902,143.18,-0.082029278142349,JPM
2022-01-03,144.56,147.34,144.21,146.4,13128118,143.05,2.1155667824439,JPM
2022-01-04,149.01,153.28,148.93,152.53,20195802,146.4,3.7909709338281,JPM
2022-01-05,153.52,154.059,149.43,149.48,17539410,152.53,-2.4131561699339,JPM
2022-01-06,152.61,153.07,149.57,151.22,14047498,149.48,1.0624007815362,JPM
2022-01-07,151.365,153.23,150.76,152.86,13913345,151.22,0.99081681971966,JPM
2022-01-10,154.77,155.01,151.23,153.02,12922455,152.86,0.095716678631249,JPM
2022-01-11,153.96,154.225,152.01,153.19,11854115,153.02,0.1016017212527,JPM
2022-01-12,154.16,155.29,152.88,154.14,12568011,153.19,0.56719804167412,JPM
2022-01-13,154.04,155.51,153.59,153.93,13623418,154.14,-0.12467347423415,JPM
2022-01-14,146.46,146.73,142.595,143.59,40158362,153.93,-6.1463472626761,JPM
2022-01-18,141.48,141.48,136.24,136.97,32348432,143.59,-4.1927924504402,JPM
2022-01-19,137.27,137.93,134.25,134.63,22380026,136.97,-1.5469028888742,JPM
2022-01-20,134.69,136.31,133.06,133.36,14860843,134.63,-0.85274961391258,JPM
2022-01-21,133.2,133.21,129.97,130.78,20705401,133.36,-1.7472572125152,JPM
2022-01-24,127.98,131.18,125.27,130.65,28503121,130.78,-0.089605734767042,JPM
2022-01-25,129.35,132.55,126.49,132.23,18915869,130.65,1.090031045188,JPM
2022-01-26,134.42,136.27,131.66,133.62,20709097,132.23,0.94861120589639,JPM
2022-01-27,135.12,136.08,129.83,131.01,17544523,133.62,-1.7644672796106,JPM
2022-01-28,129.89,132.46,127.87,132.31,14116969,131.01,0.89463904755351,JPM
2022-01-31,131.34,134.49,130.37,134.3,13985745,132.31,1.3573426096446,JPM
2022-02-01,134.39,137.17,134.0,136.85,14584935,134.3,1.7160161507402,JPM
2022-02-02,136.2,136.64,133.77,135.64,12441136,136.85,-0.80052927555409,JPM
2022-02-03,135.7,137.35,133.985,134.4,12474882,135.64,-0.82699746565293,JPM
2022-02-04,134.8,139.2,134.467,138.26,16654409,134.4,2.595830531271,JPM
2022-02-07,138.97,139.32,136.55,138.77,12572283,138.26,0.33429470372312,JPM
2022-02-08,140.7,144.18,140.5,141.65,20411387,138.77,1.8814921277847,JPM
2022-02-09,142.29,143.131,141.52,142.3,9131135,141.65,0.41680025649247,JPM
2022-02-10,142.36,144.73,140.92,141.65,16455635,142.3,-0.41507024265645,JPM
2022-02-11,141.31,143.89,138.67,139.62,16830005,141.65,-1.3016992625842,JPM
2022-02-14,138.43,139.38,136.018,138.19,17026491,139.62,-0.92905405405404,JPM
2022-02-15,140.21,141.64,139.55,140.42,9500867,138.19,1.4623909764575,JPM
2022-02-16,139.44,141.8,139.44,140.7,9076526,140.42,0.18097207859359,JPM
2022-02-17,138.7,139.43,136.365,137.13,11367457,140.7,-2.3032258064516,JPM
2022-02-18,137.83,139.84,136.83,137.84,11733315,137.13,0.46886350128771,JPM
2022-02-22,136.3,138.94,136.11,137.57,11333475,137.84,-0.17746812146706,JPM
2022-02-23,138.82,139.0,133.67,134.39,11799031,137.57,-2.0938960953447,JPM
2022-02-24,128.64,130.69,125.48,130.25,25655100,134.39,-2.7843163629027,JPM
2022-02-25,130.95,135.827,130.61,133.67,18367679,130.25,2.3659633344863,JPM
2022-02-28,129.25,130.76,126.58,127.5,31315344,133.67,-4.16976414138,JPM
2022-03-01,125.74,126.18,119.28,122.15,36840448,127.5,-3.7729196050776,JPM
2022-03-02,122.99,125.74,122.308,124.98,19405581,122.15,2.0740197874679,JPM
2022-03-03,125.54,126.68,122.76,123.99,16640804,124.98,-0.7107983917289,JPM
2022-03-04,120.64,121.12,118.1,120.1,21020675,123.99,-2.8129293513631,JPM
2022-03-07,117.87,118.39,114.651,114.91,27560052,120.1,-3.8616071428571,JPM
2022-03-08,115.34,117.49,112.97,114.0,19207816,114.91,-0.70427985450042,JPM
2022-03-09,118.6,120.94,118.14,119.14,17536202,114.0,4.0062353858145,JPM
2022-03-10,117.56,119.15,116.025,117.56,15604247,119.14,-1.1840527577938,JPM
2022-03-11,118.185,119.78,114.125,114.59,20061789,117.56,-2.2523888973154,JPM
2022-03-14,115.16,118.62,114.93,115.87,15786898,114.59,0.99309488711304,JPM
2022-03-15,117.5,119.25,116.83,118.18,15096604,115.87,1.7746024429592,JPM
2022-03-16,120.57,124.19,120.13,124.1,20354896,118.18,4.4685990338164,JPM
2022-03-17,122.56,125.89,121.621,125.85,17050454,124.1,1.264450867052,JPM
2022-03-18,125.89,126.55,124.16,125.8,23656519,125.85,-0.035676061362834,JPM
2022-03-21,126.05,126.46,124.43,125.35,12676051,125.8,-0.32119914346894,JPM
2022-03-22,127.97,129.63,127.42,128.32,13548587,125.35,2.1267454350161,JPM
2022-03-23,126.68,127.285,124.9,125.48,12093218,128.32,-1.9913055672416,JPM
2022-03-24,126.0,126.41,124.81,126.39,10017625,125.48,0.65102303619974,JPM
2022-03-25,126.79,128.88,126.5,127.62,8386416,126.39,0.87426256308195,JPM
2022-03-28,125.7,126.67,123.595,126.57,10818077,127.62,-0.73985343855692,JPM
2022-03-29,129.05,129.295,125.94,126.88,11316503,126.57,0.22006104919429,JPM
2022-03-30,127.6,127.82,125.61,126.24,8771027,126.88,-0.45332200028334,JPM
2022-03-31,125.53,126.045,121.96,122.02,17353942,126.24,-3.0027038565533,JPM
2022-04-01,123.1,123.11,119.5,121.01,15721297,122.02,-0.74090375586854,JPM
2022-04-04,119.82,122.64,118.59,121.61,17422937,121.01,0.4434262064888,JPM
2022-04-05,120.77,122.1,119.71,120.04,12110267,121.61,-1.8909572511221,JPM
2022-04-06,118.28,119.26,117.66,118.19,12914733,120.04,-1.3874306284686,JPM
2022-04-07,117.65,118.62,115.43,117.79,12994231,118.19,-0.30420564301468,JPM
2022-04-08,118.37,120.6,118.19,120.19,13126938,117.79,1.8308032649325,JPM
2022-04-11,119.7,121.6,119.27,119.7,10466429,120.19,-0.36706869428422,JPM
2022-04-12,118.84,121.28,117.4,118.24,12989862,119.7,-1.0977443609023,JPM
2022-04-13,113.64,115.95,112.71,114.0,30838027,118.24,-3.2233541128174,JPM
2022-04-14,113.2,115.0,111.72,112.82,18835190,114.0,-0.92694422623723,JPM
2022-04-18,112.37,115.94,112.24,115.16,11834444,112.82,1.8553758325404,JPM
2022-04-19,115.15,118.02,114.93,117.82,15015448,115.16,2.0706834812393,JPM
2022-04-20,119.22,120.21,118.04,118.28,13430189,117.82,0.35082367297133,JPM
2022-04-21,118.92,119.51,116.66,117.26,12174182,118.28,-0.77519379844962,JPM
2022-04-22,116.98,117.22,113.388,113.51,14318842,117.26,-2.8722426470588,JPM
2022-04-25,112.71,113.815,109.81,113.47,17149031,113.51,-0.031543253686623,JPM
2022-04-26,111.34,113.11,109.57,109.72,17209535,113.47,-2.9581131182456,JPM
2022-04-27,109.03,110.26,107.92,108.12,17215247,109.72,-1.3006015282068,JPM
2022-04-28,109.51,110.35,107.84,110.04,13019941,108.12,1.5812880909241,JPM
2022-04-29,109.75,110.31,105.6,106.06,14874811,110.04,-3.226852602562,JPM
2022-05-02,106.58,107.41,104.92,107.15,18544958,106.06,0.91320375335121,JPM
2022-05-03,108.23,110.87,107.48,109.73,15720935,107.15,2.1419676214197,JPM
2022-05-04,109.5,114.1,109.44,113.8,17128535,109.73,3.3081362269365,JPM
2022-05-05,111.95,112.8,108.86,110.62,15055401,113.8,-2.5019669551534,JPM
2022-05-06,110.5,110.99,107.88,110.42,14417942,110.62,-0.16139444803099,JPM
2022-05-09,108.81,110.03,107.2,108.56,14312300,110.42,-1.5033947623666,JPM
2022-05-10,109.81,110.48,104.26,105.59,16382441,108.56,-2.437223042836,JPM
2022-05-11,106.0,109.59,104.64,104.84,14630299,105.59,-0.63083522583901,JPM
2022-05-12,103.7,105.02,102.07,104.74,16318801,104.84,-0.084645336041979,JPM
2022-05-13,106.11,106.95,104.66,105.79,10443203,104.74,0.88952897322941,JPM
2022-05-16,105.24,106.16,103.93,104.96,10269025,105.79,-0.69695188512889,JPM
2022-05-17,107.74,109.67,107.51,108.88,11160151,104.96,3.3147302553695,JPM
2022-05-18,108.0,108.67,106.23,106.79,12664912,108.88,-1.7105909314127,JPM
2022-05-19,104.89,106.35,104.33,105.01,12765769,106.79,-1.482221667083,JPM
2022-05-20,106.16,106.37,101.72,104.04,13150099,105.01,-0.81987997633336,JPM
2022-05-23,107.16,113.27,107.15,111.3,24376725,104.04,6.187148457474,JPM
2022-05-24,111.06,114.19,109.81,113.06,19324922,111.3,1.4125200642055,JPM
2022-05-25,112.98,114.56,111.87,113.94,12780385,113.06,0.69642291864514,JPM
2022-05-26,115.07,116.894,114.91,116.14,15990944,113.94,1.7290160326941,JPM
2022-05-27,116.86,117.97,115.84,117.97,11177759,116.14,1.413782447466,JPM
2022-05-31,116.88,119.85,116.41,118.93,17015042,117.97,0.73131713262739,JPM
2022-06-01,119.57,119.57,115.37,116.61,10768023,118.93,-1.7545186417606,JPM
2022-06-02,116.6,118.71,115.37,118.7,8374794,116.61,1.6088060965284,JPM
2022-06-03,117.91,118.47,116.69,116.86,8596022,118.7,-1.3939393939394,JPM
2022-06-06,117.79,119.09,116.16,116.43,11323459,116.86,-0.33036263060849,JPM
2022-06-07,115.53,117.02,115.316,116.77,6722167,116.43,0.26208278732753,JPM
2022-06-08,115.7,116.15,113.6,114.7,8422110,116.77,-1.5914507572845,JPM
2022-06-09,114.07,114.8,111.97,112.01,13565478,114.7,-2.1015625,JPM
2022-06-10,109.29,110.1,106.02,106.25,12951760,112.01,-4.5966004309313,JPM
2022-06-13,103.56,104.65,101.76,102.69,16805564,106.25,-2.9778335424509,JPM
2022-06-14,102.25,104.02,99.92,100.76,13357912,102.69,-1.663936546254,JPM
2022-06-15,102.32,103.65,99.868,102.11,14083548,100.76,1.1835875854813,JPM
2022-06-16,100.56,100.959,98.57,100.13,16724855,102.11,-1.7156225630361,JPM
2022-06-17,100.24,101.33,98.86,99.73,30919865,100.13,-0.35264039495725,JPM
2022-06-21,102.7,103.73,101.74,102.53,11680485,99.73,2.4772184375829,JPM
2022-06-22,101.58,102.9,101.09,101.88,9848572,102.53,-0.56116722783389,JPM
2022-06-23,101.71,101.88,98.18,100.62,11851541,101.88,-1.093939920125,JPM
2022-06-24,99.93,104.52,99.53,104.02,14841090,100.62,2.9845505617977,JPM
2022-06-27,104.76,105.2,102.342,103.08,11280485,104.02,-0.80122741220593,JPM
2022-06-28,104.37,105.99,102.3,102.52,11615519,103.08,-0.48118233373432,JPM
2022-06-29,102.7,103.52,101.43,102.0,9338432,102.52,-0.44897254360214,JPM
2022-06-30,99.87,100.775,97.63,99.31,15172611,102.0,-2.3330442324371,JPM
2022-07-01,99.35,101.115,97.86,100.75,10573577,99.31,1.2787496669923,JPM
2022-07-05,98.47,100.41,97.0,100.32,12515590,100.75,-1.2538360368259,JPM
2022-07-06,99.43,100.69,98.485,99.59,10656197,100.32,-0.64819747824543,JPM
2022-07-07,101.2,102.6,101.1,102.42,10347385,99.59,2.5292698185718,JPM
2022-07-08,102.86,103.35,101.31,102.06,8807840,102.42,-0.31380753138075,JPM
2022-07-11,101.25,101.93,99.915,100.56,7944573,102.06,-1.311647429171,JPM
2022-07-12,100.28,102.88,99.96,100.67,11250917,100.56,0.097465886939571,JPM
2022-07-13,99.45,100.177,98.08,99.61,12979883,100.67,-0.93830220412499,JPM
2022-07-14,95.69,95.93,93.76,95.7,26204846,99.61,-3.4938790099187,JPM
2022-07-15,96.86,101.58,95.37,100.65,18863886,95.7,4.5833333333333,JPM
2022-07-18,102.47,103.54,98.99,99.49,13977903,100.65,-1.0270030987162,JPM
2022-07-19,100.83,102.635,100.37,102.26,11862269,99.49,2.4778602737275,JPM
2022-07-20,101.8,102.439,101.18,102.24,11667540,102.26,-0.017458100558656,JPM
2022-07-21,102.14,103.23,101.07,103.02,11595860,102.24,0.68098480880041,JPM
2022-07-22,102.94,103.95,101.37,102.46,7645542,103.02,-0.4856052722858,JPM
2022-07-25,103.54,104.16,102.47,102.92,9394033,102.46,0.40083652840711,JPM
2022-07-26,102.28,103.28,100.73,101.12,10675119,102.92,-1.5622287797257,JPM
2022-07-27,101.71,103.44,101.0,102.94,9274454,101.12,1.6046552636219,JPM
2022-07-28,102.95,103.68,101.23,102.51,10384770,102.94,-0.3731343283582,JPM
2022-07-29,103.29,104.2,102.485,103.06,12944544,102.51,0.4790523473565,JPM
2022-08-01,102.2,102.805,100.77,101.91,14740406,103.06,-0.99687933425798,JPM
2022-08-02,101.62,102.095,99.97,100.13,14942854,101.91,-1.5585325277997,JPM
2022-08-03,101.15,101.798,99.41,101.31,14394499,100.13,1.0495419372054,JPM
2022-08-04,100.55,101.02,98.721,100.06,18033854,101.31,-1.1002552592201,JPM
2022-08-05,100.23,103.89,99.75,103.46,14174642,100.06,3.0259878960484,JPM
2022-08-08,103.95,104.4,101.88,102.05,10339584,103.46,-1.2180373185902,JPM
2022-08-09,102.45,103.69,102.07,103.08,10233754,102.05,0.90074333187582,JPM
2022-08-10,105.66,107.07,105.2,106.09,12847258,103.08,2.6087710175074,JPM
2022-08-11,107.6,108.9,107.01,107.84,11684856,106.09,1.47816538559,JPM
2022-08-12,108.37,109.95,107.14,109.83,9906716,107.84,1.6564008656567,JPM
2022-08-15,108.84,110.42,108.3,110.16,8456202,109.83,0.27020388111029,JPM
2022-08-16,109.99,111.939,109.57,111.33,9554966,110.16,0.95541401273886,JPM
2022-08-17,110.0,110.86,109.395,110.29,8149335,111.33,-0.84121976866456,JPM
2022-08-18,109.94,110.17,108.25,109.34,9531752,110.29,-0.77494085977649,JPM
2022-08-19,108.32,108.69,105.81,106.33,13464469,109.34,-2.4745149621835,JPM
2022-08-22,104.45,104.86,103.2,104.37,8967607,106.33,-1.6521959032285,JPM
2022-08-23,104.39,104.99,103.083,103.22,7607042,104.37,-0.98568612325363,JPM
2022-08-24,102.99,104.11,102.15,103.5,9771264,103.22,0.24238227146815,JPM
2022-08-25,103.86,106.44,103.38,106.25,10758870,103.5,2.3747841105354,JPM
2022-08-26,107.16,107.69,102.3,102.37,11276212,106.25,-3.2728806410797,JPM
2022-08-29,101.7,102.56,101.16,102.09,8117296,102.37,-0.24417894828639,JPM
2022-08-30,102.7,103.28,101.06,102.11,10745404,102.09,0.017484045808197,JPM
2022-08-31,102.18,102.73,101.039,101.43,10738299,102.11,-0.59435364041604,JPM
2022-09-01,100.99,102.33,99.61,102.21,9979823,101.43,0.68583487206542,JPM
2022-09-02,103.57,105.15,100.885,101.41,10666594,102.21,-0.69862894070388,JPM
2022-09-06,102.03,102.445,99.77,101.44,9751914,101.41,0.026382903878288,JPM
2022-09-07,100.83,103.81,100.46,103.6,10647866,101.44,1.8990680499385,JPM
2022-09-08,102.98,106.49,102.33,106.3,11434984,103.6,2.3295944779983,JPM
2022-09-09,106.84,107.75,106.37,106.87,9302228,106.3,0.4806070826307,JPM
2022-09-12,108.32,109.25,107.49,108.28,8614630,106.87,1.1831836871696,JPM
2022-09-13,105.77,106.62,103.48,104.09,12904575,108.28,-3.4748714546359,JPM
2022-09-14,104.4,105.54,102.58,103.82,9345718,104.09,-0.23197869232752,JPM
2022-09-15,103.82,107.08,103.455,105.57,10821438,103.82,1.5070616603514,JPM
2022-09-16,105.09,105.1,103.07,104.78,14844136,105.57,-0.67022991431238,JPM
2022-09-19,103.7,106.43,103.21,105.86,8201305,104.78,0.92244619063888,JPM
2022-09-20,105.11,105.39,102.34,103.53,9619026,105.86,-1.9719025050779,JPM
2022-09-21,104.24,104.3,100.12,100.19,12606281,103.53,-2.8835362168696,JPM
2022-09-22,101.08,101.3,98.77,98.91,11684463,100.19,-1.1378789225709,JPM
2022-09-23,97.75,98.04,94.86,96.84,18138572,98.91,-1.8613434043701,JPM
2022-09-26,95.7,97.305,93.76,94.49,15753581,96.84,-2.1531977276892,JPM
2022-09-27,95.45,95.87,92.35,93.55,12793612,94.49,-0.88023223148236,JPM
2022-09-28,93.65,96.43,93.34,95.69,12762596,93.55,2.0217288615966,JPM
2022-09-29,94.65,94.98,92.098,93.86,12713926,95.69,-1.694601351977,JPM
2022-09-30,93.76,95.32,92.1,92.2,15973415,93.86,-1.5636774679729,JPM
2022-10-03,93.32,96.06,92.16,95.43,12248137,92.2,3.0909090909091,JPM
2022-10-04,98.31,100.69,97.56,100.47,16013586,95.43,4.6783625730994,JPM
2022-10-05,98.45,99.65,97.53,99.09,10943502,100.47,-2.1104903786468,JPM
2022-10-06,98.16,98.89,96.64,96.84,11521415,99.09,-2.0382281003714,JPM
2022-10-07,96.22,96.41,93.965,94.68,11681088,96.84,-1.9974107638247,JPM
2022-10-10,95.43,96.01,93.22,93.69,8931729,94.68,-0.93413851670127,JPM
2022-10-11,93.07,93.24,90.55,90.66,12739700,93.69,-2.885989141823,JPM
2022-10-12,90.5,93.43,89.98,92.31,13180960,90.66,1.6182816790898,JPM
2022-10-13,90.68,98.6,90.46,98.07,22398706,92.31,5.5593089470128,JPM
2022-10-14,100.662,103.94,99.424,99.89,33420141,98.07,1.664076072049,JPM
2022-10-17,104.11,105.71,103.02,104.56,22276272,99.89,4.2000179872291,JPM
2022-10-18,108.36,108.84,105.66,107.54,21539680,104.56,2.5720697393406,JPM
2022-10-19,106.69,107.53,104.37,105.21,17072035,107.54,-1.9606193200942,JPM
2022-10-20,105.86,107.41,104.35,104.83,12207437,105.21,-0.32615226160845,JPM
2022-10-21,105.16,111.09,105.03,110.93,20593310,104.83,5.2527340049944,JPM
2022-10-24,110.7,111.8,110.03,111.08,12624177,110.93,0.12271946330687,JPM
2022-10-25,110.55,111.971,109.59,111.4,11289101,111.08,0.26148063409054,JPM
2022-10-26,111.7,113.9,111.58,112.81,11671494,111.4,1.1491442542787,JPM
2022-10-27,113.9,114.9,112.91,113.3,10727612,112.81,0.39481105470953,JPM
2022-10-28,113.99,114.98,112.75,114.78,11859472,113.3,1.1878009630819,JPM
2022-10-31,114.4,116.13,114.29,114.58,13295173,114.78,-0.15862944162437,JPM
2022-11-01,115.57,116.98,115.03,116.85,13386945,114.58,1.8033047346679,JPM
2022-11-02,116.35,119.06,115.34,115.67,16546085,116.85,-0.92079594225518,JPM
2022-11-03,115.01,116.88,114.61,115.9,12474358,115.67,0.18114515239821,JPM
2022-11-04,118.19,119.53,117.16,119.38,14354353,115.9,2.7358490566038,JPM
2022-11-07,119.7,120.99,119.182,120.07,12011157,119.38,0.52800734618916,JPM
2022-11-08,119.94,120.76,118.84,120.15,9884053,120.07,0.060896703965886,JPM
2022-11-09,120.02,120.13,117.92,118.44,9493961,120.15,-1.3008748573602,JPM
2022-11-10,121.33,123.95,121.23,123.78,16351589,118.44,4.1159241560043,JPM
2022-11-11,123.89,124.87,122.481,124.0,10704664,123.78,0.1628664495114,JPM
2022-11-14,123.5,124.43,122.61,122.61,11085604,124.0,-1.0273466371027,JPM
2022-11-15,123.38,124.41,120.3,121.64,14038346,122.61,-0.72436711223956,JPM
2022-11-16,121.7,122.26,120.73,121.82,7893359,121.64,0.13539942831353,JPM
2022-11-17,120.7,121.59,119.98,121.24,8824558,121.82,-0.43569711538462,JPM
2022-11-18,123.27,123.37,120.98,122.54,9468537,121.24,0.98083597404558,JPM
2022-11-21,122.44,123.26,121.45,121.75,7800517,122.54,-0.59025702331141,JPM
2022-11-22,122.7,123.97,122.39,123.74,9185670,121.75,1.4956783164224,JPM
2022-11-23,123.64,125.2,123.56,125.18,7316204,123.74,1.0663507109005,JPM
2022-11-25,125.18,125.84,124.755,125.44,3220496,125.18,0.19050410316531,JPM
2022-11-28,124.77,125.41,122.89,123.05,9907551,125.44,-1.7478426210326,JPM
2022-11-29,123.36,125.34,123.11,125.26,7925322,123.05,1.6449572013398,JPM
2022-11-30,124.79,126.88,121.89,126.88,14761248,125.26,1.1862917398946,JPM
2022-12-01,126.88,127.36,124.13,124.94,8858472,126.88,-1.4039658416558,JPM
2022-12-02,123.19,124.05,122.04,123.86,8932057,124.94,-0.79271873165004,JPM
2022-12-05,122.94,123.27,119.3,120.07,10154531,123.86,-2.8040840485351,JPM
2022-12-06,122.09,123.81,118.57,120.29,13966691,120.07,0.16746593590622,JPM
2022-12-07,120.01,121.78,119.03,120.2,11739425,120.29,-0.068394254882592,JPM
2022-12-08,121.03,121.68,120.13,121.58,8907257,120.2,1.0494296577947,JPM
2022-12-09,120.9,122.46,120.7,120.86,7957818,121.58,-0.54184226369657,JPM
2022-12-12,121.1,123.35,120.3,122.91,8841631,120.86,1.5511501210654,JPM
2022-12-13,125.585,125.79,121.78,122.78,10025383,122.91,-0.096863124953428,JPM
2022-12-14,122.48,124.41,121.46,122.11,9966115,122.78,-0.4997016706444,JPM
2022-12-15,119.845,120.78,117.75,118.8,12090286,122.11,-2.4810733828049,JPM
2022-12-16,117.85,118.6,117.125,117.99,21133707,118.8,-0.62259800153728,JPM
2022-12-19,118.35,120.03,117.79,118.76,9017156,117.99,0.5955603681646,JPM
2022-12-20,119.67,120.75,118.9,119.39,8549927,118.76,0.48439181916038,JPM
2022-12-21,120.88,121.68,120.47,120.86,8051704,119.39,1.1247991430102,JPM
2022-12-22,119.8,120.0,117.11,119.36,8651131,120.86,-1.1349878934625,JPM
2022-12-23,119.28,120.14,118.34,119.98,5091905,119.36,0.47451400581663,JPM
2022-12-27,120.27,120.92,119.25,120.44,5410991,119.98,0.35039609993907,JPM
2022-12-28,120.55,122.11,119.71,121.16,8827738,120.44,0.5465310459997,JPM
2022-12-29,121.63,121.97,121.01,121.92,6585228,121.16,0.57375811565755,JPM
2022-12-30,121.51,123.03,121.14,122.8,9292519,121.92,0.66056147725566,JPM
2023-01-03,123.94,125.44,122.59,123.82,11054778,122.8,0.7606263982103,JPM
2023-01-04,124.69,126.38,124.27,125.08,11687643,123.82,0.93250444049733,JPM
2023-01-05,125.36,125.41,123.4,125.05,8381265,125.08,-0.75524270420883,JPM
2023-01-06,125.825,128.08,124.19,127.64,10029076,125.05,1.9135574436646,JPM
2023-01-09,128.3,128.58,126.58,127.07,8482297,127.64,-0.41322314049586,JPM
2023-01-10,127.49,128.42,127.01,128.3,9048665,127.07,0.89539200698842,JPM
2023-01-11,128.6,129.45,127.8,129.33,8703698,128.3,0.74314574314574,JPM
2023-01-12,129.7,130.56,128.92,129.19,11001666,129.33,-0.10026498603451,JPM
2023-01-13,125.3,133.19,124.5,132.71,20200047,129.19,2.5234783855473,JPM
2023-01-17,130.87,131.24,128.925,130.5,14292881,132.71,-1.5453464792672,JPM
2023-01-18,128.62,130.43,126.11,126.27,13392601,130.5,-3.0042613636364,JPM
2023-01-19,125.02,125.6,123.29,124.45,13303371,126.27,-1.3326499231163,JPM
2023-01-20,124.86,125.19,123.25,124.78,13092492,124.45,0.24489795918368,JPM
2023-01-23,124.815,127.66,124.52,126.97,10487128,124.78,1.6212614746817,JPM
2023-01-24,129.99,129.99,124.7,128.15,6944991,126.97,0.85961972754424,JPM
2023-01-25,127.75,128.82,126.95,128.82,8967007,128.15,0.48392921632359,JPM
2023-01-26,129.12,129.76,128.06,129.68,7487631,128.82,0.6181713628522,JPM
2023-01-27,130.31,130.955,129.45,130.02,7489946,129.68,0.24289184169167,JPM
2023-01-30,128.93,129.79,128.61,128.83,6729255,130.02,-0.84806157354618,JPM
2023-01-31,129.58,129.77,127.95,129.66,9188738,128.83,0.59656436426365,JPM
2023-02-01,127.91,130.575,127.82,129.29,8841846,129.66,-0.26436124607031,JPM
2023-02-02,129.7,130.16,127.7,128.64,11822064,129.29,-0.46564940181962,JPM
2023-02-03,127.88,132.03,127.83,130.79,11501232,128.64,1.5474305455592,JPM
2023-02-06,129.93,131.94,129.731,131.62,8406231,130.79,0.58827698632078,JPM
2023-02-07,131.08,134.04,130.88,133.35,10447888,131.62,1.2189966178129,JPM
2023-02-08,132.35,133.74,131.976,132.34,6957965,133.35,-0.70309780717022,JPM
2023-02-09,132.82,133.04,129.57,130.12,6443109,132.34,-1.5563656758273,JPM
2023-02-10,129.48,130.98,128.29,130.74,6582853,130.12,0.44153254522148,JPM
2023-02-13,131.0,132.43,130.44,132.27,7134607,130.74,1.0847986386841,JPM
2023-02-14,132.2,133.51,131.295,132.9,9249399,132.27,0.44188819527249,JPM
2023-02-15,131.31,133.59,131.0,133.5,6731172,132.9,0.41899441340784,JPM
2023-02-16,132.61,133.09,131.376,131.52,8165306,133.5,-1.3769123783032,JPM
2023-02-17,130.68,132.53,129.77,131.94,7948829,131.52,0.29615004935835,JPM
2023-02-21,130.39,131.04,128.45,129.33,9996283,131.94,-1.8349268841395,JPM
2023-02-22,128.62,129.13,127.135,128.26,11107501,129.33,-0.7663109646924,JPM
2023-02-23,128.43,129.87,127.64,129.37,8068010,128.26,0.80109699769052,JPM
2023-02-24,128.81,131.06,128.63,130.63,9126888,129.37,0.90212644089641,JPM
2023-02-27,131.81,133.01,131.42,131.86,10014654,130.63,0.87277371744837,JPM
2023-02-28,132.64,133.46,131.6,133.05,11019757,131.86,0.83708497467642,JPM
2023-03-01,131.8,133.158,131.5,132.25,7139155,133.05,-0.55807464248342,JPM
2023-03-02,131.94,132.13,129.24,130.77,11107549,132.25,-1.0382321992284,JPM
2023-03-03,131.21,133.44,130.78,133.36,9513063,130.77,1.8359679591692,JPM
2023-03-06,133.14,133.74,132.36,132.52,9261255,133.36,-0.58471390783795,JPM
2023-03-07,131.71,132.01,127.51,128.32,11747620,132.52,-2.9407645987957,JPM
2023-03-08,127.7,128.29,126.585,127.5,10002548,128.32,-0.59154523156831,JPM
2023-03-09,126.46,127.05,118.915,120.04,25888097,127.5,-5.4136429608128,JPM
2023-03-10,118.66,124.96,117.52,123.35,37599655,120.04,2.5395120454197,JPM
2023-03-13,120.91,123.58,119.11,120.95,42901132,123.35,-1.7957351290685,JPM
2023-03-14,124.98,125.23,120.99,124.32,29648116,120.95,2.5676190476191,JPM
2023-03-15,120.68,120.69,116.43,117.96,34280607,124.32,-4.7244094488189,JPM
2023-03-16,117.71,121.65,115.72,120.45,24570587,117.96,1.9413690940278,JPM
2023-03-17,118.08,118.18,115.15,115.51,38395982,120.45,-3.7782026768642,JPM
2023-03-20,116.69,119.17,115.71,116.84,22875505,115.51,1.0571496701375,JPM
2023-03-21,120.29,121.43,119.89,120.25,17807808,116.84,2.6820827434324,JPM
2023-03-22,120.26,120.355,116.78,116.88,17250168,120.25,-2.5813864419763,JPM
2023-03-23,117.6,119.23,115.72,116.54,16677640,116.88,-0.2673376317031,JPM
2023-03-24,115.33,115.38,112.81,114.61,22326916,116.54,-1.5216020182908,JPM
2023-03-27,116.49,119.08,115.99,118.19,18853935,114.61,2.8660635657674,JPM
2023-03-28,118.41,119.042,117.444,118.58,10820466,118.19,0.30352556619191,JPM
2023-03-29,119.8,119.92,117.47,118.84,14595260,118.58,0.20173805090006,JPM
2023-03-30,119.65,119.82,117.35,118.45,12134675,118.84,-0.30199783181043,JPM
2023-03-31,119.36,120.04,118.551,120.01,13105215,118.45,1.2116504854369,JPM
2023-04-03,119.61,121.14,119.11,119.86,11775388,120.01,-0.11511012201673,JPM
2023-04-04,120.2,120.29,117.11,118.12,11579916,119.86,-1.3368162261832,JPM
2023-04-05,117.5,118.85,117.16,118.31,9614692,118.12,-0.63074287494159,JPM
2023-04-06,117.7,118.78,117.555,118.17,8760220,118.31,-0.10970927043335,JPM
2023-04-10,117.24,118.93,116.92,118.59,9477292,118.17,0.32948929159802,JPM
2023-04-11,119.0,119.64,118.24,119.22,10516267,118.59,0.49261083743843,JPM
2023-04-12,119.88,121.13,118.76,119.2,11820995,119.22,-0.015561780267671,JPM
2023-04-13,119.16,119.74,117.53,119.69,12450242,119.2,0.38132295719845,JPM
2023-04-14,125.85,129.82,125.6,129.43,43931328,119.69,7.550972943639,JPM
2023-04-17,130.65,130.76,128.36,130.53,16050486,129.43,0.79290708570606,JPM
2023-04-18,130.97,132.48,129.73,132.1,13760139,130.53,1.1227919616677,JPM
2023-04-19,131.93,132.2,131.1,131.92,9158112,132.1,-0.12729844413013,JPM
2023-04-20,130.61,132.13,130.54,131.51,10586245,131.92,-0.29032714912902,JPM
2023-04-21,130.44,131.81,129.48,131.24,11842537,131.51,-0.19174774518856,JPM
2023-04-24,131.155,131.8,130.74,131.43,7567666,131.24,0.13519282766472,JPM
2023-04-25,130.3,130.66,128.325,128.37,10629325,131.43,-2.1743764655724,JPM
2023-04-26,128.32,128.509,124.7,125.93,14416145,128.37,-1.7723541802862,JPM
2023-04-27,126.7,128.61,126.36,127.75,9041092,125.93,1.3458552096428,JPM
2023-04-28,127.26,129.02,126.37,128.94,9887262,127.75,0.86829624224735,JPM
2023-05-01,132.96,134.07,131.53,131.9,20415762,128.94,2.1412037037037,JPM
2023-05-02,132.1,133.11,129.13,129.62,14113447,131.9,-1.614730878187,JPM
2023-05-03,129.14,129.369,126.46,126.68,12930906,129.62,-2.1163259429888,JPM
2023-05-04,125.66,126.42,122.51,124.82,17089164,126.68,-1.3678482129725,JPM
2023-05-05,127.14,128.58,126.612,127.44,11261394,124.82,1.9534745004474,JPM
2023-05-08,128.19,128.67,127.175,127.77,7484872,127.44,0.24133391838525,JPM
2023-05-09,126.63,127.65,125.91,127.11,7343573,127.77,-0.48150579995622,JPM
2023-05-10,128.65,128.76,125.57,127.18,8133416,127.11,0.051315885932111,JPM
2023-05-11,125.7,127.51,125.6,126.75,7057277,127.18,-0.31506447831182,JPM
2023-05-12,127.52,127.69,123.83,124.8,9988598,126.75,-1.4332965821389,JPM
2023-05-15,124.97,126.37,124.66,125.93,7639451,124.8,0.84265473527218,JPM
2023-05-16,126.16,126.638,124.66,125.02,6483267,125.93,-0.67292760482141,JPM
2023-05-17,126.6,129.29,126.16,129.15,12711522,125.02,3.0747468731388,JPM
2023-05-18,128.97,130.43,128.46,130.2,10999607,129.15,0.75839653304443,JPM
2023-05-19,130.49,131.19,128.825,129.88,13492239,130.2,-0.22939068100358,JPM
2023-05-22,131.7,132.34,128.36,128.73,11402476,129.88,-0.82626814197443,JPM
2023-05-23,128.24,129.73,127.155,127.29,9514897,128.73,-1.0432514670724,JPM
2023-05-24,126.1,127.05,125.78,126.04,8577997,127.29,-0.91514752178051,JPM
2023-05-25,125.52,126.97,125.28,126.37,8472505,126.04,0.24383035318456,JPM
2023-05-26,126.81,128.3,126.33,127.64,8579941,126.37,0.93609493624236,JPM
2023-05-30,127.5,128.42,126.72,128.16,7399867,127.64,0.37972834818169,JPM
2023-05-31,127.43,127.54,125.104,126.41,14219906,128.16,-1.273097628401,JPM
2023-06-01,127.22,128.93,126.145,128.28,12248094,126.41,1.3779382506816,JPM
2023-06-02,130.26,132.18,130.04,131.17,12922471,128.28,2.1005960168629,JPM
2023-06-05,130.81,130.81,128.83,129.79,8511902,131.17,-0.98241617427208,JPM
2023-06-06,129.38,130.8,128.907,130.04,9329541,129.79,0.17973973686103,JPM
2023-06-07,130.25,131.97,129.53,131.39,9281389,130.04,0.96885316492033,JPM
2023-06-08,131.37,131.59,130.181,131.43,7370043,131.39,0.028431302864448,JPM
2023-06-09,131.05,132.5,130.91,131.71,7253946,131.43,0.19896255240532,JPM
2023-06-12,131.77,132.02,130.46,131.7,7600196,131.71,-0.0070916956244174,JPM
2023-06-13,131.18,133.57,130.84,132.72,7701567,131.7,0.72340425531916,JPM
2023-06-14,133.7,134.31,131.4,132.19,9068729,132.72,-0.37318687508802,JPM
2023-06-15,131.29,134.1,130.73,133.79,9343096,132.19,1.1308219662167,JPM
2023-06-16,133.75,134.665,133.2,133.96,13813512,133.79,0.11880634565657,JPM
2023-06-20,133.31,133.7,131.74,133.23,8431008,133.96,-0.50956303224905,JPM
2023-06-21,133.6,134.72,132.391,133.02,9926459,133.23,-0.14733740265208,JPM
2023-06-22,133.01,133.3,129.65,130.28,10076325,133.02,-1.9252388982574,JPM
2023-06-23,129.24,129.88,128.32,129.55,9919539,130.28,-0.52299756412095,JPM
2023-06-26,129.57,130.71,128.39,129.89,8429727,129.55,0.2448685631977,JPM
2023-06-27,129.7,130.54,129.24,129.9,8154024,129.89,0.0071844241683964,JPM
2023-06-28,129.86,129.91,128.66,129.29,7558644,129.9,-0.43821839080459,JPM
2023-06-29,130.77,134.26,130.55,134.13,15423230,129.29,3.4923154628761,JPM
2023-06-30,135.3,136.7,134.36,136.14,14212816,134.13,1.401380464338,JPM
2023-07-03,136.89,138.18,136.7,137.31,8021622,136.14,0.80445544554457,JPM
2023-07-05,136.64,137.13,136.06,136.34,8935519,137.31,-1.3437009753769,JPM
2023-07-06,134.72,135.09,133.14,134.91,9714100,136.34,-0.98866150442476,JPM
2023-07-07,135.61,137.544,134.7,136.04,8981456,134.91,0.78905104392151,JPM
2023-07-10,136.2,137.69,136.2,136.85,9100060,136.04,0.56117500346404,JPM
2023-07-11,138.035,139.52,137.405,139.12,11265592,136.85,1.5638994143989,JPM
2023-07-12,139.15,141.57,138.7,139.85,11323228,139.12,0.49518382851717,JPM
2023-07-13,140.4,141.07,139.45,140.57,11234925,139.85,0.48599392507594,JPM
2023-07-14,143.25,144.59,140.11,141.47,27028429,140.57,0.60455430912877,JPM
2023-07-17,142.05,145.45,142.05,145.08,17262394,141.47,2.4103625559191,JPM
2023-07-18,145.08,146.1,144.52,145.36,13491725,145.08,0.18255313600209,JPM
2023-07-19,144.45,146.905,143.92,145.95,12510000,145.36,0.38396459716257,JPM
2023-07-20,146.23,148.29,146.11,147.85,9935907,145.95,1.2317666126418,JPM
2023-07-21,147.5,147.84,146.39,146.65,10636378,147.85,-0.76849183477427,JPM
2023-07-24,146.67,150.485,146.43,149.7,14381425,146.65,1.9683768957728,JPM
2023-07-25,149.0,149.42,147.66,148.52,9944679,149.7,-0.74683544303798,JPM
2023-07-26,148.41,149.95,147.975,149.46,8728593,148.52,0.59941334013519,JPM
2023-07-27,149.47,150.48,147.254,147.72,10778406,149.46,-1.1029411764706,JPM
2023-07-28,148.98,149.3,148.14,148.61,9105974,147.72,0.57043968721958,JPM
2023-07-31,148.88,151.08,148.851,149.66,8894353,148.61,0.66917341150979,JPM
2023-08-01,149.13,149.7,147.85,148.88,6855682,149.66,-0.49379589769562,JPM
2023-08-02,147.26,147.39,145.64,147.1,8303708,148.88,-1.1324596004581,JPM
2023-08-03,146.7,148.62,146.05,148.05,6087542,147.1,0.6113256113256,JPM
2023-08-04,148.1,149.5,147.395,147.72,6209397,148.05,-0.21106491845218,JPM
2023-08-07,148.3,149.4,148.3,148.46,7251832,147.72,0.47429816690167,JPM
2023-08-08,146.02,147.68,144.29,147.58,8623379,148.46,-0.56136769584077,JPM
2023-08-09,147.02,147.22,145.17,145.49,6277813,147.58,-1.3407749550937,JPM
2023-08-10,146.08,147.14,144.79,145.26,5995076,145.49,-0.1495545874244,JPM
2023-08-11,144.73,146.22,144.33,146.15,5180690,145.26,0.57957801510809,JPM
2023-08-14,145.31,146.618,144.62,146.47,5044282,146.15,0.20718679184203,JPM
2023-08-15,144.55,144.966,141.93,142.53,10300303,146.47,-2.5457129934742,JPM
2023-08-16,142.3,142.66,141.38,141.89,6978235,142.53,-0.42431876947558,JPM
2023-08-17,142.58,142.962,140.1,140.33,9953912,141.89,-1.038684333178,JPM
2023-08-18,139.35,141.2,139.144,140.67,8517460,140.33,0.22875597120366,JPM
2023-08-21,141.35,141.805,139.72,141.18,8327018,140.67,0.34235080888769,JPM
2023-08-22,140.96,141.339,137.55,138.08,9681972,141.18,-2.0738560342521,JPM
2023-08-23,138.05,139.285,137.16,139.07,7858021,138.08,0.67632190189917,JPM
2023-08-24,139.2,141.11,138.688,138.93,6534026,139.07,-0.094998982153773,JPM
2023-08-25,138.98,140.32,137.55,138.75,6695537,138.93,-0.12225769204644,JPM
2023-08-28,139.27,140.31,138.83,139.26,5094201,138.75,0.34682080924855,JPM
2023-08-29,139.41,140.55,138.88,140.46,6336962,139.26,0.81322851721333,JPM
2023-08-30,140.32,140.85,138.89,139.86,6277318,140.46,-0.40333422963162,JPM
2023-08-31,139.96,140.05,137.66,138.03,10933938,139.86,-1.235151187905,JPM
2023-09-01,137.79,139.78,137.4,138.52,7903496,138.03,0.33485956399917,JPM
2023-09-05,138.86,139.91,136.71,136.9,7854739,138.52,-1.1033919084593,JPM
2023-09-06,136.4,137.24,135.81,136.66,8629164,136.9,-0.16528925619833,JPM
2023-09-07,135.83,136.968,135.09,135.42,8373738,136.66,-0.85540838852098,JPM
2023-09-08,135.07,135.82,134.35,135.53,7110254,135.42,0.076537712218212,JPM
2023-09-11,136.45,136.75,135.39,136.16,6854220,135.53,0.43801710352499,JPM
2023-09-12,136.2,139.02,135.75,138.04,8363165,136.16,1.3013983109511,JPM
2023-09-13,139.04,139.4,137.52,138.11,8325914,138.04,0.047833811671445,JPM
2023-09-14,139.54,141.595,139.22,140.95,10034931,138.11,1.9397582132368,JPM
2023-09-15,140.62,141.426,140.01,140.51,19863383,140.95,-0.29480737018425,JPM
2023-09-18,139.86,140.84,139.45,140.82,6512360,140.51,0.20831933337813,JPM
2023-09-19,141.2,141.42,138.91,140.63,7945606,140.82,-0.12741416309013,JPM
2023-09-20,141.35,141.95,139.835,140.0,7334257,140.63,-0.42301752501175,JPM
2023-09-21,139.28,140.555,138.33,138.84,8053410,140.0,-0.78219824679705,JPM
2023-09-22,138.99,139.21,136.89,137.43,7071975,138.84,-0.95827103438902,JPM
2023-09-25,137.05,138.22,135.4,138.15,7044672,137.43,0.49406436560763,JPM
2023-09-26,136.3,137.54,135.93,136.63,7468405,138.15,-1.0378968931376,JPM
2023-09-27,136.89,137.79,136.212,137.48,6717822,136.63,0.58649002966949,JPM
2023-09-28,137.98,140.57,137.71,139.29,8868063,137.48,1.2415969268761,JPM
2023-09-29,140.3,140.46,136.56,136.72,11917826,139.29,-1.7413103868826,JPM
2023-10-02,136.53,137.322,134.33,135.47,9170644,136.72,-0.86195007585161,JPM
2023-10-03,134.9,135.29,134.055,134.41,9431118,135.47,-0.73728872504695,JPM
2023-10-04,134.89,135.17,133.63,135.05,8128748,134.41,0.44846191577324,JPM
2023-10-05,134.79,135.85,133.58,135.65,8576237,135.05,-0.31391698639692,JPM
2023-10-06,135.66,138.63,134.89,137.85,10270621,135.65,1.5395381385584,JPM
2023-10-09,136.41,138.145,136.251,137.52,6964907,137.85,-0.2274293590627,JPM
2023-10-10,138.17,139.52,138.03,138.4,11288769,137.52,0.60786074462941,JPM
2023-10-11,139.26,139.98,137.77,138.9,8698175,138.4,0.34328870580158,JPM
2023-10-12,139.05,139.71,137.88,138.56,10484436,138.9,-0.23263770099213,JPM
2023-10-13,141.25,145.86,140.59,140.75,29487199,138.56,1.50195459845,JPM
2023-10-16,142.2,142.27,139.47,140.6,12663461,140.75,-0.10135135135136,JPM
2023-10-17,140.32,142.06,139.54,140.28,11482739,140.6,-0.2164355765979,JPM
2023-10-18,139.34,140.23,138.12,138.66,9620257,140.28,-1.0980817460855,JPM
2023-10-19,138.23,139.77,137.63,138.04,11143631,138.66,-0.42491947090673,JPM
2023-10-20,137.32,137.89,134.87,135.7,13332867,138.04,-1.6105719595292,JPM
2023-10-23,135.69,136.43,133.48,133.75,10133410,135.7,-1.3641133263379,JPM
2023-10-24,133.94,134.48,133.11,133.92,8881354,133.75,0.12056737588652,JPM
2023-10-25,133.32,133.93,132.26,133.15,8242565,133.92,-0.54544166607635,JPM
2023-10-26,132.51,134.415,132.18,133.51,9109431,133.15,0.25641025641025,JPM
2023-10-27,131.7,131.85,127.94,128.44,17434717,133.51,-3.6018755328218,JPM
2023-10-30,129.19,130.79,128.79,130.17,9855540,128.44,1.2749649937357,JPM
2023-10-31,130.46,131.99,130.223,131.81,9672460,130.17,1.1934216271285,JPM
2023-11-01,132.0,133.28,131.22,131.69,9432048,131.81,-0.086293686178631,JPM
2023-11-02,132.84,134.23,131.98,134.17,10186175,131.69,1.7849431409241,JPM
2023-11-03,134.94,136.52,134.6,135.75,9538719,134.17,1.1172394286523,JPM
2023-11-06,135.92,136.94,135.54,136.83,7625063,135.75,0.75524475524476,JPM
2023-11-07,136.26,137.011,135.57,136.76,6297915,136.83,-0.048584119933385,JPM
2023-11-08,136.86,137.59,136.37,137.47,7618169,136.76,0.49302131796404,JPM
2023-11-09,138.19,138.4,136.45,137.04,7992477,137.47,-0.29712548369265,JPM
2023-11-10,137.69,139.23,136.827,139.18,7983935,137.04,1.4831242636357,JPM
2023-11-13,138.45,139.0,137.91,138.53,6676364,139.18,-0.44389810831114,JPM
2023-11-14,139.43,142.0,139.27,141.19,9927723,138.53,1.8246673069008,JPM
2023-11-15,141.21,142.91,141.21,142.49,8365296,141.19,0.87577472379413,JPM
2023-11-16,142.84,144.275,142.84,144.2,8126188,142.49,1.1419794310137,JPM
2023-11-17,144.95,145.61,144.29,145.57,7814064,144.2,0.9045889732585,JPM
2023-11-20,144.83,146.5,144.67,146.04,7020349,145.57,0.30755136762204,JPM
2023-11-21,145.95,146.38,145.32,145.72,7083506,146.04,-0.20875464805271,JPM
2023-11-22,146.16,146.63,145.65,146.08,5175135,145.72,0.23534026279664,JPM
2023-11-24,146.34,147.188,146.025,146.29,3496941,146.08,0.13695949911953,JPM
2023-11-27,146.18,146.28,145.46,145.94,6259116,146.29,-0.22795362771916,JPM
2023-11-28,145.97,146.62,145.47,146.29,6582937,145.94,0.22847444350153,JPM
2023-11-29,146.92,148.375,146.75,147.07,9126053,146.29,0.50801094177413,JPM
2023-11-30,147.66,148.88,147.131,148.83,9869790,147.07,1.1404872991187,JPM
2023-12-01,148.57,150.61,148.57,149.59,8916001,148.83,0.4869297796002,JPM
2023-12-04,148.77,150.8,148.63,150.74,9607465,149.59,0.73323131854119,JPM
2023-12-05,150.01,151.25,149.72,150.72,9135597,150.74,-0.012659029052478,JPM
2023-12-06,151.59,151.97,148.75,149.06,9366004,150.72,-1.0508324365386,JPM
2023-12-07,149.44,150.06,148.9,149.54,8130874,149.06,0.30708208048109,JPM
2023-12-08,150.01,151.53,149.73,151.27,7369370,149.54,1.1033866955801,JPM
2023-12-11,151.27,152.05,150.9,151.85,8093908,151.27,0.36588443098662,JPM
2023-12-12,151.98,153.395,151.63,153.27,10222978,151.85,0.89252042740416,JPM
2023-12-13,153.27,154.78,152.52,153.81,12379098,153.27,0.33640667829553,JPM
2023-12-14,154.58,157.59,154.455,156.74,13642990,153.81,1.8191978144791,JPM
2023-12-15,155.83,158.03,155.14,157.98,20309348,156.74,0.75614366729677,JPM
2023-12-18,158.67,159.88,158.38,158.98,8469608,157.98,0.60521697028385,JPM
2023-12-19,158.75,161.22,158.3,161.2,10345691,158.98,1.3354990073994,JPM
2023-12-20,160.74,162.16,159.2,159.3,10734709,161.2,-1.1279311368358,JPM
2023-12-21,159.59,160.84,158.425,160.25,7601678,159.3,0.57039927949564,JPM
2023-12-22,160.25,160.98,159.98,160.15,6576322,160.25,-0.05970149253731,JPM
2023-12-26,160.21,161.515,159.93,161.14,4683605,160.15,0.59139784946235,JPM
2023-12-27,160.59,162.22,160.33,162.15,6428643,161.14,0.59979808777244,JPM
2023-12-28,162.1,163.41,161.745,163.05,6320129,162.15,0.53128689492326,JPM
2023-12-29,162.75,163.44,162.38,162.85,6435102,163.05,-0.11743981209631,JPM
2024-01-02,161.84,164.92,161.66,164.83,9977424,162.85,1.1640211640212,JPM
2024-01-03,164.61,164.79,163.12,164.08,9852335,164.83,-0.43584379358438,JPM
2024-01-04,164.44,167.15,164.34,165.21,11972545,164.08,0.046693515438034,JPM
2024-01-05,165.27,167.18,165.27,166.07,10066029,165.21,0.50172101977715,JPM
2024-01-08,165.82,166.16,163.285,165.82,11229916,166.07,-0.1451210309398,JPM
2024-01-09,165.42,165.59,163.895,164.46,9923630,165.82,-0.7906057435182,JPM
2024-01-10,163.8,164.88,162.75,164.82,9670218,164.46,0.21094574006798,JPM
2024-01-11,164.13,164.16,162.44,164.1,11919498,164.82,-0.42100339141621,JPM
2024-01-12,167.6,170.11,162.7,162.85,19436504,164.1,-0.73399882560188,JPM
2024-01-16,158.67,161.89,158.1,161.79,17206420,162.85,-0.62703342206448,JPM
2024-01-17,161.14,162.87,160.29,160.89,11107466,161.79,-0.53574617536758,JPM
2024-01-18,160.92,161.33,159.04,161.22,9382255,160.89,0.19749835418037,JPM
2024-01-19,161.35,164.37,160.88,164.11,13115664,161.22,1.7261975869072,JPM
2024-01-22,164.26,165.78,163.51,163.91,12837505,164.11,-0.11743291644647,JPM
2024-01-23,163.47,163.55,162.24,162.79,8360829,163.91,-0.65839750749515,JPM
2024-01-24,163.16,164.81,162.663,164.3,9967060,162.79,0.89354399668619,JPM
2024-01-25,166.11,166.79,164.705,166.74,8873481,164.3,1.4310850439883,JPM
2024-01-26,166.41,166.86,165.58,166.08,7442955,166.74,-0.38163524921938,JPM
2024-01-29,166.04,166.64,165.1,166.53,6971192,166.08,0.26120269328999,JPM
2024-01-30,166.63,170.56,166.63,170.07,10822075,166.53,2.0494413246107,JPM
2024-01-31,170.0,172.1,168.14,168.16,11521820,170.07,-1.0835649855336,JPM
2024-02-01,167.44,168.64,165.23,167.53,9354798,168.16,-0.36132140399175,JPM
2024-02-02,167.1,169.616,167.06,168.53,8607839,167.53,0.57560582513095,JPM
2024-02-05,167.66,168.89,166.72,168.3,7820160,168.53,-0.13163166027585,JPM
2024-02-06,168.41,169.67,167.56,168.9,6765684,168.3,0.34383954154727,JPM
2024-02-07,169.49,169.67,167.76,169.23,7225478,168.9,0.18846373500857,JPM
2024-02-08,168.8,169.106,167.37,168.6,6060285,169.23,-0.35911759676224,JPM
2024-02-09,168.8,168.9,167.473,168.81,6296729,168.6,0.12013729977116,JPM
2024-02-12,168.58,170.608,167.5,169.59,8539316,168.81,0.44568881778184,JPM
2024-02-13,169.12,170.03,166.415,168.06,8397631,169.59,-0.87035667557882,JPM
2024-02-14,168.87,169.9,168.22,169.83,7056664,168.06,1.0157236313555,JPM
2024-02-15,169.95,174.01,169.95,173.67,8723390,169.83,2.1814463443731,JPM
2024-02-16,173.41,173.78,171.96,172.83,8152647,173.67,-0.46700394729527,JPM
2024-02-20,172.99,174.26,172.205,173.53,9667959,172.83,0.39099592247109,JPM
2024-02-21,173.75,174.79,172.32,174.7,7027857,173.53,0.65097646469705,JPM
2024-02-22,175.62,177.22,175.04,176.87,9296459,174.7,1.1995577667219,JPM
2024-02-23,177.61,179.0,176.99,177.79,7105833,176.87,0.50254001201727,JPM
2024-02-26,177.55,178.26,176.28,177.16,7145391,177.79,-0.34240991358226,JPM
2024-02-27,177.11,177.34,176.04,177.25,5717065,177.16,0.049083769633494,JPM
2024-02-28,177.23,179.0,176.76,178.18,6131608,177.25,0.50695012264923,JPM
2024-02-29,179.46,180.23,177.65,179.86,9643012,178.18,0.91116173120729,JPM
2024-03-01,179.5,180.24,178.9,179.09,6311996,179.86,-0.41384499623778,JPM
2024-03-04,178.51,181.39,178.07,180.48,7063605,179.09,0.7501754007232,JPM
2024-03-05,180.16,183.1,180.16,182.35,6617832,180.48,1.0017141632741,JPM
2024-03-06,183.05,183.87,181.43,183.33,7572891,182.35,0.51975603288252,JPM
2024-03-07,183.71,184.3,180.43,181.67,7618277,183.33,-0.87585078879333,JPM
2024-03-08,182.24,184.255,181.72,182.02,6172199,181.67,0.18629903656784,JPM
2024-03-11,181.08,182.24,180.02,182.09,5762569,182.02,0.037190521729887,JPM
2024-03-12,182.75,183.96,181.71,183.64,5708384,182.09,0.82319825800627,JPM
2024-03-13,184.16,185.53,183.64,185.18,7795535,183.64,0.81120943952802,JPM
2024-03-14,184.83,185.43,180.903,181.77,10310948,185.18,-1.7817953809175,JPM
2024-03-15,180.28,184.74,180.28,184.1,17214229,181.77,1.2395595041762,JPM
2024-03-18,184.43,186.5,183.69,186.46,9013843,184.1,1.2401471361009,JPM
2024-03-19,186.51,187.73,186.18,187.59,8478717,186.46,0.58652548531091,JPM
2024-03-20,187.99,190.36,187.41,190.13,9367043,187.59,1.3106971463956,JPM
2024-03-21,190.32,193.23,190.13,192.86,11203796,190.13,1.390515968013,JPM
2024-03-22,192.81,194.28,190.34,190.42,8108840,192.86,-1.2257610770622,JPM
2024-03-25,190.4,190.74,188.16,188.62,8620015,190.42,-0.91547146780593,JPM
2024-03-26,188.39,190.46,187.855,189.53,5961484,188.62,0.46709783389796,JPM
2024-03-27,190.3,193.4,190.18,193.32,8725757,189.53,1.9363408777398,JPM
2024-03-28,193.29,194.52,192.34,194.1,8628313,193.32,0.39093825180433,JPM
2024-04-01,193.79,194.74,192.365,192.74,7309009,194.1,-0.67898152770844,JPM
2024-04-02,192.19,193.58,191.88,192.66,7014683,192.74,-0.040213129586802,JPM
2024-04-03,192.84,193.36,191.5,192.1,9353426,192.66,-0.2816051493513,JPM
2024-04-04,194.1,194.63,190.5,190.6,9243793,192.1,-1.3363590519415,JPM
2024-04-05,191.11,193.072,190.06,192.4,6532278,190.6,0.92001022233579,JPM
2024-04-08,192.57,193.93,192.57,193.43,8000963,192.4,0.52165105089896,JPM
2024-04-09,193.02,193.83,189.86,192.1,7358631,193.43,-0.67009270455461,JPM
2024-04-10,190.5,192.02,189.13,190.42,7681377,192.1,-0.85214303829572,JPM
2024-04-11,190.95,191.52,188.19,190.38,10137699,190.42,-0.020463498235019,JPM
2024-04-12,183.27,183.88,177.49,177.74,31532308,190.38,-6.4677889781508,JPM
2024-04-15,179.45,182.41,177.145,177.84,14766592,177.74,0.054707587942445,JPM
2024-04-16,177.85,178.11,174.6,175.75,16451801,177.84,-1.1427634096998,JPM
2024-04-17,176.32,177.37,174.15,175.03,9017093,175.75,-0.39823008849557,JPM
2024-04-18,176.05,178.31,174.92,176.2,9557720,175.03,0.64971123944913,JPM
2024-04-19,177.35,180.83,176.36,180.75,13402313,176.2,2.5103448275862,JPM
2024-04-22,180.94,185.075,180.93,184.36,11529668,180.75,1.9429494079655,JPM
2024-04-23,186.08,187.175,185.47,187.09,9144372,184.36,1.4413177762526,JPM
2024-04-24,185.48,188.18,185.12,188.03,6964905,187.09,0.4892266056001,JPM
2024-04-25,187.2,188.885,186.13,188.32,9802265,188.03,0.15019680961259,JPM
2024-04-26,188.52,189.82,188.01,188.44,6413655,188.32,0.062057196049028,JPM
2024-04-29,188.43,189.21,187.38,188.23,5411129,188.44,-0.10853274071012,JPM
2024-04-30,187.76,189.94,186.59,186.69,8153681,188.23,-0.7967715231788,JPM
2024-05-01,187.22,189.41,185.74,186.81,7446703,186.69,0.062584750182541,JPM
2024-05-02,188.02,188.45,184.47,186.61,6501657,186.81,-0.10424267695195,JPM
2024-05-03,186.95,187.479,183.41,185.46,8922775,186.61,-0.60002087029114,JPM
2024-05-06,186.68,187.15,184.765,186.95,7911134,185.46,0.7821111752664,JPM
2024-05-07,186.65,187.88,186.6,186.7,7688771,186.95,-0.13020833333333,JPM
2024-05-08,185.95,191.6,185.95,190.6,9227561,186.7,2.0338983050847,JPM
2024-05-09,190.12,192.54,190.05,192.45,7977291,190.6,0.94556606184513,JPM
2024-05-10,193.49,194.29,193.22,193.72,7529790,192.45,0.64303797468355,JPM
2024-05-13,193.75,194.8,192.99,193.68,7049241,193.72,-0.020123761130966,JPM
2024-05-14,193.95,196.53,193.11,196.46,8596175,193.68,1.398882906456,JPM
2024-05-15,196.96,197.64,194.72,197.06,8369975,196.46,0.29775197260683,JPM
2024-05-16,197.17,199.43,196.94,197.42,8497927,197.06,0.17812082529315,JPM
2024-05-17,198.76,200.0,197.765,199.74,9260490,197.42,1.1458487677187,JPM
2024-05-20,199.34,200.83,190.35,190.53,17373253,199.74,-4.4972899067337,JPM
2024-05-21,191.95,194.85,191.55,194.47,14420799,190.53,2.0145209121587,JPM
2024-05-22,193.95,195.885,192.64,193.26,9425338,194.47,-0.60645549318364,JPM
2024-05-23,192.76,193.25,191.02,191.87,8069445,193.26,-0.70092279764007,JPM
2024-05-24,192.7,195.71,192.51,195.66,7356233,191.87,1.9246394474914,JPM
2024-05-28,194.81,195.36,193.61,194.45,6910206,195.66,-0.60285984754123,JPM
2024-05-29,192.95,193.94,191.84,193.06,6120045,194.45,-0.69674185463658,JPM
2024-05-30,193.51,194.8,193.35,194.28,6829719,193.06,0.61581949422038,JPM
2024-05-31,194.25,198.25,193.3,197.58,14417885,194.28,1.6555460793659,JPM
2024-06-03,197.26,197.37,194.14,196.77,6444309,197.58,-0.3997433746237,JPM
2024-06-04,195.11,196.93,193.23,194.11,6848338,196.77,-1.3180061440888,JPM
2024-06-05,194.71,194.77,191.87,192.21,8351597,194.11,-0.95400682868046,JPM
2024-06-06,192.21,192.97,190.28,191.86,7640289,192.21,-0.17743080198722,JPM
2024-06-07,192.38,195.87,191.96,194.9,6964498,191.86,1.5438525214565,JPM
2024-06-10,194.19,195.79,193.39,194.56,6071201,194.9,-0.17004251062764,JPM
2024-06-11,192.86,192.89,188.55,189.31,9235302,194.56,-2.6301287510646,JPM
2024-06-12,190.95,191.67,186.26,186.48,12751329,189.31,-1.4560609178843,JPM
2024-06-13,187.27,189.53,185.83,188.61,8587786,186.48,1.1120973215684,JPM
2024-06-14,186.4,189.81,186.37,188.73,6874029,188.61,0.061964267272542,JPM
2024-06-17,188.43,190.53,187.59,189.93,8725445,188.73,0.61925895345236,JPM
2024-06-18,189.55,192.91,189.08,191.95,9022971,189.93,1.0360036926864,JPM
2024-06-20,191.34,194.4,191.06,193.62,8731062,191.95,0.8477157360406,JPM
2024-06-21,191.66,192.12,189.17,191.25,20972495,193.62,-1.1929330044798,JPM
2024-06-24,192.76,194.18,192.05,193.83,9785929,191.25,1.3143148242486,JPM
2024-06-25,193.04,195.02,192.69,193.02,6915909,193.83,-0.40728077232502,JPM
2024-06-26,192.4,192.89,191.225,192.38,7758582,193.02,-0.32311808956429,JPM
2024-06-27,192.39,194.81,191.85,194.12,7913453,192.38,0.88132502659169,JPM
2024-06-28,194.96,197.55,194.252,197.21,15307616,194.12,1.551438469649,JPM
2024-07-01,197.79,202.04,197.61,200.4,10205836,197.21,1.5771778898448,JPM
2024-07-02,200.24,203.81,199.72,203.78,7802936,200.4,1.6451691409102,JPM
2024-07-03,204.5,205.33,202.6,203.64,5560925,203.78,-0.067040176219899,JPM
2024-07-05,203.09,203.47,200.62,200.89,8093096,203.64,-1.8688006133499,JPM
2024-07-08,201.14,203.0,200.07,201.27,8706967,200.89,0.1855559353484,JPM
2024-07-09,201.73,205.86,201.55,203.73,9060258,201.27,1.1990057025881,JPM
2024-07-10,202.24,204.07,201.68,203.9,8328493,203.73,0.081876414776292,JPM
2024-07-11,202.31,204.2,201.48,203.55,10666937,203.9,-0.16843118383062,JPM
2024-07-12,200.1,203.55,198.2,201.04,15443441,203.55,-1.2099301036394,JPM
2024-07-15,203.29,207.71,202.82,206.15,10719670,201.04,2.4934127061579,JPM
2024-07-16,206.1,209.84,204.18,209.72,11557018,206.15,1.6995953344442,JPM
2024-07-17,209.9,213.66,209.37,212.97,11572470,209.72,1.5213931279843,JPM
2024-07-18,211.73,212.735,205.335,206.08,12415125,212.97,-3.1770184903398,JPM
2024-07-19,207.3,208.45,205.02,205.88,8095898,206.08,-0.095247166396794,JPM
2024-07-22,206.56,208.27,205.81,206.38,7663223,205.88,0.23834493278673,JPM
2024-07-23,207.12,207.575,205.453,206.43,5557262,206.38,0.023777820049463,JPM
2024-07-24,205.65,208.13,204.17,204.69,7118957,206.43,-0.82727143060905,JPM
2024-07-25,204.75,206.29,204.15,204.77,6403774,204.69,0.038352749412716,JPM
2024-07-26,205.34,209.26,204.72,208.34,8027787,204.77,1.7108352901711,JPM
2024-07-29,208.75,209.71,206.645,206.95,6533636,208.34,-0.65491895966831,JPM
2024-07-30,209.33,211.89,209.06,211.29,8850705,206.95,2.0583353094617,JPM
2024-07-31,210.88,212.49,208.77,208.9,9071637,211.29,-1.1106464055021,JPM
2024-08-01,209.3,209.93,202.48,204.06,10918644,208.9,-2.2744360902256,JPM
2024-08-02,199.98,200.77,192.99,195.24,18041676,204.06,-4.2412002308136,JPM
2024-08-05,190.15,192.27,187.0,191.0,13926997,195.24,-2.1291553680827,JPM
2024-08-06,191.5,198.7,190.1,196.44,10605780,191.0,2.7911749615187,JPM
2024-08-07,199.61,201.85,196.3,196.5,9204434,196.44,0.029949086552861,JPM
2024-08-08,198.57,201.01,197.89,200.16,7761199,196.5,1.8263473053892,JPM
2024-08-09,199.57,202.57,199.0,201.9,5540240,200.16,0.85269038518083,JPM
2024-08-12,202.51,203.24,199.76,202.29,6935954,201.9,0.18950437317784,JPM
2024-08-13,203.83,204.19,201.5,204.04,6387942,202.29,0.84873175226733,JPM
2024-08-14,203.84,206.855,203.22,206.34,6999809,204.04,1.1060882947004,JPM
2024-08-15,209.1,209.99,207.2,207.65,7001005,206.34,0.62309741248098,JPM
2024-08-16,207.79,210.19,207.685,210.07,7931234,207.65,1.1439376034034,JPM
2024-08-19,210.1,211.63,209.92,211.55,6090818,210.07,0.69168575033883,JPM
2024-08-20,211.1,212.1,209.78,210.62,5640223,211.55,-0.43165467625898,JPM
2024-08-21,210.53,211.1,208.94,210.7,5202472,210.62,0.037292560134246,JPM
2024-08-22,210.68,212.9,210.435,212.73,5247098,210.7,0.94594594594595,JPM
2024-08-23,213.7,215.29,212.6,214.41,7213981,212.73,0.77551585652957,JPM
2024-08-26,215.11,215.78,214.15,215.27,5105245,214.41,0.3939352297192,JPM
2024-08-27,215.61,216.52,215.29,216.28,5185221,215.27,0.46082949308757,JPM
2024-08-28,215.35,218.31,215.29,217.39,6506402,216.28,0.50413298210554,JPM
2024-08-29,218.25,219.08,215.04,218.31,6416149,217.39,0.41574404627413,JPM
2024-08-30,218.6,221.58,218.03,220.9,8574128,218.31,1.1655641060258,JPM
2024-09-03,218.4,220.2,215.34,216.4,8956089,220.9,-2.0017793594306,JPM
2024-09-04,217.14,218.17,213.31,215.43,7389474,216.4,-0.44030866999546,JPM
2024-09-05,216.25,216.9,212.13,213.73,8067874,215.43,-0.7750877672913,JPM
2024-09-06,213.7,214.84,207.19,208.56,7776998,213.73,-2.3755916004227,JPM
2024-09-09,211.29,214.25,210.275,212.91,8935074,208.56,2.0474442247953,JPM
2024-09-10,214.7,214.74,196.71,201.66,28406903,212.91,-5.1888750518888,JPM
2024-09-11,201.35,203.8,197.931,203.33,13658743,201.66,0.81241486670558,JPM
2024-09-12,203.75,204.88,200.99,202.7,9055756,203.33,-0.30401003715678,JPM
2024-09-13,202.96,203.948,199.12,200.42,10226694,202.7,-1.1035818005808,JPM
2024-09-16,201.93,204.31,201.69,203.96,8634936,200.42,1.7325763508222,JPM
2024-09-17,203.83,206.03,203.76,205.35,7573345,203.96,0.66871933031848,JPM
2024-09-18,205.11,207.436,202.8,203.63,8259876,205.35,-0.82198327359618,JPM
2024-09-19,205.88,208.01,203.44,206.58,11635168,203.63,1.4214812316292,JPM
2024-09-20,206.03,207.515,205.6,207.19,20884974,206.58,0.28981375902699,JPM
2024-09-23,207.1,207.9,206.09,207.54,7223491,207.19,0.16580605428964,JPM
2024-09-24,207.25,209.05,206.47,207.69,7323239,207.54,0.070942111237233,JPM
2024-09-25,207.78,208.34,204.71,206.29,8976520,207.69,-0.66165697811806,JPM
2024-09-26,207.23,207.8,205.11,205.88,7807480,206.29,-0.19506161092345,JPM
2024-09-27,206.75,208.54,205.43,206.6,7032450,205.88,0.34321670321289,JPM
2024-09-30,202.41,207.06,201.36,206.96,8668314,206.6,0.17102137767222,JPM
2024-10-01,205.0,205.19,202.29,203.14,8540064,206.96,-1.8116285687186,JPM
2024-10-02,203.18,205.05,201.79,203.39,5810931,203.14,0.12074961360124,JPM
2024-10-03,202.27,202.59,200.44,201.33,7251325,203.39,-0.99377683438661,JPM
2024-10-04,206.65,209.02,204.26,208.57,10213415,201.33,2.9186766067339,JPM
2024-10-07,208.38,210.68,207.04,208.28,6718898,208.57,-0.13729760439352,JPM
2024-10-08,207.93,208.68,205.73,208.1,6021772,208.28,-0.085336367515293,JPM
2024-10-09,207.05,211.59,206.73,210.77,7023998,208.1,1.2669039145907,JPM
2024-10-10,212.16,212.16,208.82,210.19,7927051,210.77,-0.27176459563302,JPM
2024-10-11,213.02,221.9799,212.51,219.64,18320650,210.19,4.4399548956963,JPM
2024-10-14,220.55,221.05,216.23,218.83,9048925,219.64,-0.36438886139727,JPM
2024-10-15,221.01,222.8,219.17,219.74,9235825,218.83,0.41087231352718,JPM
2024-10-16,219.68,221.03,218.39,220.99,6382515,219.74,0.56207563289716,JPM
2024-10-17,221.62,223.2,220.66,221.77,6470186,220.99,0.34877481666965,JPM
2024-10-18,222.35,223.27,220.45,222.72,7000543,221.77,0.42331343017557,JPM
2024-10-21,222.57,223.05,220.25,220.35,5869959,222.72,-1.0516040289302,JPM
2024-10-22,220.37,222.63,218.45,221.47,9586793,220.35,0.50224215246637,JPM
2024-10-23,221.01,222.15,219.88,220.76,6180528,221.47,-0.31679457433518,JPM
2024-10-24,219.18,222.41,219.01,222.33,6002202,220.76,0.70274383420617,JPM
2024-10-25,222.35,222.97,218.225,219.66,6369720,222.33,-1.1867721575251,JPM
2024-10-28,220.7,222.99,220.3,222.85,6842956,219.66,1.4349332013855,JPM
2024-10-29,222.56,224.1,220.16,220.25,6580004,222.85,-1.1529933481153,JPM
2024-10-30,219.89,223.66,218.93,221.76,7110941,220.25,0.67743382682817,JPM
2024-10-31,222.05,223.04,219.17,219.27,7829932,221.76,-1.1095762220935,JPM
2024-11-01,220.91,223.5,220.05,220.29,6923452,219.27,0.45962509012257,JPM
2024-11-04,220.0,221.11,216.52,217.13,8229588,220.29,-1.4174217278191,JPM
2024-11-05,217.38,219.31,217.35,218.84,5600686,217.13,0.77805077805078,JPM
2024-11-06,232.35,245.35,232.12,244.41,23987753,218.84,11.544539256851,JPM
2024-11-07,241.85,241.92,232.57,233.73,16451071,244.41,-4.3228365579212,JPM
2024-11-08,236.69,236.69,233.13,234.33,9502100,233.73,0.25382858109823,JPM
2024-11-11,237.67,239.45,236.35,236.64,9017079,234.33,0.97476580302135,JPM
2024-11-12,237.9,238.81,236.11,236.91,6860956,236.64,0.11283379999165,JPM
2024-11-13,237.93,241.44,237.66,238.51,11472557,236.91,0.6678911337452,JPM
2024-11-14,239.765,241.64,238.4,239.22,10172202,238.51,0.29441034997512,JPM
2024-11-15,238.81,243.77,238.81,242.66,11518836,239.22,1.4222516227726,JPM
2024-11-18,245.11,245.28,240.03,242.38,9052575,242.66,-0.11414129061188,JPM
2024-11-19,239.6,242.5009,238.9,240.44,6792660,242.38,-0.79173978696486,JPM
2024-11-20,241.75,241.96,235.99,238.13,9015290,240.44,-0.95026533382698,JPM
2024-11-21,240.58,242.84,239.455,242.11,8783516,238.13,1.6529612094028,JPM
2024-11-22,240.96,246.5,240.3847,245.9,7997307,242.11,1.5484556300049,JPM
2024-11-25,246.94,251.66,246.41,247.64,10295350,245.9,0.70006035003017,JPM
2024-11-26,247.84,248.35,245.69,247.32,6212142,247.64,-0.12785169203723,JPM
2024-11-27,246.7,248.54,246.121,247.14,5472265,247.32,-0.072008641036927,JPM
2024-11-29,247.27,249.12,246.795,247.07,5494825,247.14,-0.028023539773407,JPM
2024-12-02,246.9,247.6,242.38,243.6,8899741,247.07,-1.3895563030594,JPM
2024-12-03,245.58,246.39,241.98,242.17,6657694,243.6,-0.58071065989848,JPM
2024-12-04,242.05,242.695,239.58,240.75,7346265,242.17,-0.58001797238787,JPM
2024-12-05,242.74,244.53,241.97,242.83,6572536,240.75,0.85456039441248,JPM
2024-12-06,243.05,245.09,242.19,244.71,5519738,242.83,0.76584650480692,JPM
2024-12-09,244.48,245.2199,241.11,241.16,7076466,244.71,-1.4351552393273,JPM
2024-12-10,241.24,245.31,239.57,240.21,9108339,241.16,-0.38964767646938,JPM
2024-12-11,241.35,241.62,239.53,240.88,7884442,240.21,0.27587910730461,JPM
2024-12-12,240.35,241.45,238.39,238.88,6113771,240.88,-0.8212540549419,JPM
2024-12-13,239.42,240.065,236.4937,237.29,10392749,238.88,-0.65830331635822,JPM
2024-12-16,237.96,238.02,234.87,236.93,9032044,237.29,-0.15003750937734,JPM
2024-12-17,236.0,236.37,233.98,235.71,8083635,236.93,-0.50922447616662,JPM
2024-12-18,236.35,236.42,226.88,227.72,11322358,235.71,-3.3520724953851,JPM
2024-12-19,229.62,233.71,229.62,230.31,11790773,227.72,1.1242783348526,JPM
2024-12-20,229.27,236.56,228.9377,234.95,32348414,230.31,1.9917582417582,JPM
2024-12-23,233.42,235.97,232.23,235.74,8611528,234.95,0.33249158249158,JPM
2024-12-24,236.78,239.8422,236.42,239.66,3729092,235.74,1.644364277025,JPM
2024-12-26,238.78,240.61,238.14,240.49,4452168,239.66,0.34253642028805,JPM
2024-12-27,240.07,240.74,237.39,238.52,5730607,240.49,-0.81023278769433,JPM
2024-12-30,236.12,238.19,234.46,236.67,5723765,238.52,-0.76709375129576,JPM
2024-12-31,237.4,238.7893,236.38,237.06,4870971,236.67,0.16296172488719,JPM
2025-01-02,238.27,240.626,236.8,237.35,9220914,237.06,0.12097951691627,JPM
2025-01-03,241.24,242.23,237.61,240.63,9491053,237.35,1.3666666666667,JPM
2025-01-06,242.295,244.29,239.18,239.45,9917836,240.63,-0.99884906280829,JPM
2025-01-07,240.74,243.86,239.5,241.77,8753357,239.45,0.96325513805273,JPM
2025-01-08,241.35,242.85,239.1,241.73,8675284,241.77,-0.016449397540812,JPM
2025-01-10,241.69,242.41,237.34,238.47,10256829,241.73,-1.3408464607412,JPM
2025-01-13,238.27,243.14,237.6,242.81,10005315,238.47,1.8093133780798,JPM
2025-01-14,241.26,246.32,240.79,246.07,12407386,242.81,1.334916670079,JPM
2025-01-15,249.0,252.2699,242.28,250.95,18448520,246.07,1.9719561967107,JPM
2025-01-16,252.6,255.635,250.93,252.87,15292348,250.95,0.76084802853181,JPM
2025-01-17,252.74,259.22,250.74,257.76,17678101,252.87,1.9231525543713,JPM
2025-01-21,258.67,262.85,258.1037,261.63,13712114,257.76,1.493286000926,JPM
2025-01-22,261.5,261.98,258.85,261.44,9021914,261.63,-0.072235106261642,JPM
2025-01-23,263.29,265.4599,262.41,264.55,10749681,261.44,1.183229341044,JPM
2025-01-24,262.29,265.7,261.61,263.44,7666261,264.55,-0.41737168640722,JPM
2025-01-27,262.77,264.57,260.86,264.45,7522258,263.44,0.38136233197404,JPM
2025-01-28,264.45,265.93,263.4301,265.74,7375391,264.45,0.48523603535827,JPM
2025-01-29,265.81,269.28,264.21,265.18,7684870,265.74,-0.20962791045894,JPM
2025-01-30,267.23,268.3,265.2201,266.83,8753466,265.18,0.61895115912673,JPM
2025-01-31,267.83,269.42,265.56,265.9,7196268,266.83,-0.34671736942177,JPM
2025-02-03,260.43,266.765,260.3009,265.41,8381361,265.9,-0.18331462775908,JPM
2025-02-04,268.44,268.44,265.43,266.54,5625972,265.41,0.42352235673325,JPM
2025-02-05,267.51,269.24,266.93,269.03,5704431,266.54,0.92931253265657,JPM
2025-02-06,271.05,275.58,269.79,275.5,7264371,269.03,2.3924860407499,JPM
2025-02-07,275.87,277.15,273.315,274.4,6857875,275.5,-0.39725532683278,JPM
2025-02-10,274.75,274.78,268.19,269.64,8627352,274.4,-1.7258883248731,JPM
2025-02-11,268.86,274.82,268.26,273.59,7196376,269.64,1.4573494687131,JPM
2025-02-12,272.68,275.05,271.85,274.05,6683894,273.59,0.16727881013854,JPM
2025-02-13,274.1,275.57,272.41,274.92,8398667,274.05,0.31584679615175,JPM
2025-02-14,275.97,277.8334,275.05,275.19,5688627,274.92,0.097712796757376,JPM
2025-02-18,275.36,278.57,274.62,278.55,7919798,275.19,1.2147944611157,JPM
2025-02-19,276.98,278.85,275.82,277.85,7007248,278.55,-0.2500446508305,JPM
2025-02-20,277.275,277.34,264.335,265.4,13846671,277.85,-4.4583706356312,JPM
2025-02-21,266.92,267.7955,261.44,262.84,12835566,265.4,-0.95952023988006,JPM
2025-02-24,264.09,265.6,257.21,259.94,10372751,262.84,-1.0974871329095,JPM
2025-02-25,260.83,261.6,251.95,256.0,9608439,259.94,-1.5076146016683,JPM
2025-02-26,255.76,259.5115,255.53,257.39,5943585,256.0,0.54001554001556,JPM
2025-02-27,258.78,262.24,256.46,257.65,8204447,257.39,0.10046756057034,JPM
2025-02-28,259.33,263.41,256.49,263.25,10467126,257.65,2.1617448369041,JPM
2025-03-03,262.6,264.92,256.42,259.22,9058307,263.25,-1.5227659172492,JPM
2025-03-04,253.88,255.83,244.55,248.85,13465630,259.22,-3.9789732177116,JPM
2025-03-05,249.85,251.65,246.43,250.13,7861424,248.85,0.51148851148851,JPM
2025-03-06,246.71,247.96,242.45,245.14,9983235,250.13,-1.9838587842405,JPM
2025-03-07,243.83,245.32,238.02,240.88,20498734,245.14,-1.7279143343879,JPM
2025-03-10,234.81,236.11,227.295,230.82,18887186,240.88,-4.1522205712399,JPM
2025-03-11,230.345,231.92,225.29,227.74,18142995,230.82,-1.3263284816123,JPM
2025-03-12,232.6,232.92,225.86,226.5,16054015,227.74,-0.54115387972418,JPM
2025-03-13,227.9,228.1,222.83,223.79,16467851,226.5,-1.1891180342255,JPM
2025-03-14,226.72,231.743,226.18,231.04,11962108,223.79,3.2195035303521,JPM
2025-03-17,229.78,234.2695,229.055,232.53,9586025,231.04,0.64102564102564,JPM
2025-03-18,232.92,234.77,232.12,233.57,10344866,232.53,0.44457743769503,JPM
2025-03-19,234.34,240.93,233.49,237.71,10120588,233.57,1.7619270545176,JPM
2025-03-20,235.16,240.36,234.8,237.61,8328513,237.71,-0.041821755677313,JPM
2025-03-21,236.41,240.9,235.1,240.23,19326865,237.61,1.0961884439982,JPM
2025-03-24,244.08,247.29,243.01,246.66,9422650,240.23,2.6610934072756,JPM
2025-03-25,247.91,250.42,246.2247,249.73,9287694,246.66,1.2376038055309,JPM
2025-03-26,251.2,253.27,248.38,249.63,12785225,249.73,-0.039820013538802,JPM
2025-03-27,248.125,249.24,245.78,246.72,8022517,249.63,-1.1592239971318,JPM
2025-03-28,245.54,248.105,239.71,241.45,11978417,246.72,-2.1239722714815,JPM
2025-03-31,238.01,244.46,235.9643,243.9,13602996,241.45,1.0088532015648,JPM
2025-04-01,241.22,244.29,239.4818,242.26,8054683,243.9,-0.66856909906238,JPM
2025-04-02,240.2,245.845,240.06,244.42,7758750,242.26,0.8864811622753,JPM
2025-04-03,232.87,233.74,225.9,227.29,17188469,244.42,-6.9685135464974,JPM
2025-04-04,215.305,217.7,208.93,210.28,27170689,228.69,-8.0501989592899,JPM
2025-04-07,205.77,222.053,202.16,214.44,22914370,210.28,1.9783146281149,JPM
2025-04-08,223.52,227.8378,213.25,216.87,19485734,214.44,1.1331841074426,JPM
2025-04-09,212.5,237.48,211.0,234.34,24022350,216.87,8.0555171300779,JPM
2025-04-10,230.0,230.3499,220.1,227.11,18896440,234.34,-3.0852607322693,JPM
2025-04-11,226.31,238.575,225.0,236.2,20284450,227.11,4.0024657654881,JPM
2025-04-14,237.1,239.78,233.6301,234.72,13017824,236.2,-0.62658763759525,JPM
2025-04-15,236.1,238.65,232.82,233.13,10912883,234.72,-0.67740286298569,JPM
2025-04-16,232.0,233.58,227.93,229.61,9322325,233.13,-1.5098871874062,JPM
2025-04-17,230.8,234.34,230.55,231.96,9557946,229.61,1.0234745873438,JPM
2025-04-21,230.63,231.81,226.336,228.99,8716177,231.96,-1.2803931712364,JPM
