date,open,high,low,close,volume,preClose,changeRatio,thscode
2000-01-03,27.4375,28.0625,24.75,27.0315,26618000,27.125,-0.16017130620985,MSFT
2000-01-04,25.5315,27.3125,24.875,25.0625,27046200,27.0315,-3.3784305482872,MSFT
2000-01-05,24.3125,26.9375,23.4375,25.6565,32029700,25.0625,1.0548279689234,MSFT
2000-01-06,24.844,25.6875,22.9375,23.75,27428300,25.6565,-3.3502323987594,MSFT
2000-01-07,23.0625,24.875,22.4065,24.469,30795700,23.75,1.3072727272727,MSFT
2000-01-10,25.4065,25.594,24.4375,24.875,22481800,24.469,0.72865629318545,MSFT
2000-01-11,24.5,25.875,23.094,23.4375,23373900,24.875,-2.5612472160356,MSFT
2000-01-12,23.0,23.1875,20.969,21.6565,33269100,23.4375,-3.2566857142857,MSFT
2000-01-13,20.9375,23.0625,19.5,22.6565,41572000,21.6565,1.8901269220228,MSFT
2000-01-14,22.344,25.719,21.625,24.875,36708700,22.6565,4.1154591746821,MSFT
2000-01-18,24.6565,26.875,24.625,26.4065,40744300,24.875,2.7287305122494,MSFT
2000-01-19,24.0,24.5,21.75,22.25,48783100,26.4065,-7.2090744321976,MSFT
2000-01-20,22.2815,23.594,21.6875,21.75,28174900,22.25,-0.93457943925234,MSFT
2000-01-21,22.25,22.375,20.375,20.625,34207800,21.75,-2.122641509434,MSFT
2000-01-24,20.6485,21.594,19.1565,19.375,31800700,20.625,-2.4096385542169,MSFT
2000-01-25,19.25,20.6875,18.53125,20.15625,29913900,19.375,1.5432098765432,MSFT
2000-01-26,19.969,20.5,18.3125,18.4375,24682500,20.15625,-3.3434650455927,MSFT
2000-01-27,18.6955,19.344,17.375,18.125,31827400,18.4375,-0.62893081761006,MSFT
2000-01-28,17.8125,18.875,17.375,17.875,29113800,18.125,-0.50632911392405,MSFT
2000-01-31,17.5625,17.844,16.1875,17.6875,36522400,17.875,-0.38167938931298,MSFT
2000-02-01,18.0,20.375,17.594,20.219,35098300,17.6875,5.1729246487867,MSFT
2000-02-02,19.969,20.719,19.0,19.1565,24957800,20.219,-2.0643494142105,MSFT
2000-02-03,19.7815,20.844,18.8125,20.5625,24593000,19.1565,2.7893228055905,MSFT
2000-02-04,20.9375,22.75,20.8205,22.0315,27682700,20.5625,2.8352231604343,MSFT
2000-02-07,22.1565,22.1875,20.875,22.0625,20003800,22.0315,0.058181545189229,MSFT
2000-02-08,21.969,23.75,21.969,23.719,28115800,22.0625,3.1071512309496,MSFT
2000-02-09,23.469,23.469,20.6875,20.75,27546400,23.719,-5.4012261456457,MSFT
2000-02-10,20.6955,22.0315,20.0,21.75,27263500,20.75,1.9230769230769,MSFT
2000-02-11,21.1875,21.1875,18.3125,18.719,57779100,21.75,-5.7188679245283,MSFT
2000-02-14,19.367,19.625,18.2815,18.5625,40514300,18.719,-0.31319418039185,MSFT
2000-02-15,18.625,18.75,16.9375,18.0315,35513800,18.5625,-1.0659974905897,MSFT
2000-02-16,18.375,18.844,17.3125,17.5625,32601300,18.0315,-0.95167557805668,MSFT
2000-02-17,18.0,18.594,17.3205,18.5625,40169200,17.5625,2.0486555697823,MSFT
2000-02-18,18.75,18.7815,16.1875,16.2815,39531400,18.5625,-4.5791718946048,MSFT
2000-02-22,16.3125,17.3125,15.1565,15.6565,33148100,16.2815,-1.3149174757792,MSFT
2000-02-23,15.5,16.625,14.7815,15.875,37920800,15.6565,0.46582030209033,MSFT
2000-02-24,15.875,16.6875,14.75,16.125,34867000,15.875,0.53050397877984,MSFT
2000-02-25,16.094,16.1015,14.0,14.4065,32650700,16.125,-3.6274406332454,MSFT
2000-02-28,13.875,14.8125,12.8125,14.5315,38065100,14.4065,0.27378357955603,MSFT
2000-02-29,14.625,14.625,13.1875,13.4375,29219100,14.5315,-2.3896115243057,MSFT
2000-03-01,13.5625,15.9375,13.219,14.1565,53444900,13.4375,1.6089510489511,MSFT
2000-03-02,14.6565,16.4375,14.3125,15.4375,53466300,14.1565,2.8211819893628,MSFT
2000-03-03,16.125,18.1875,15.6875,16.8125,50718700,15.4375,2.9451137884873,MSFT
2000-03-06,16.75,17.4375,13.797,14.0625,46798300,16.8125,-5.7217165149545,MSFT
2000-03-07,16.8125,17.5,14.719,15.1875,67530500,14.0625,2.4827586206897,MSFT
2000-03-08,15.6565,16.844,14.25,16.5315,46989100,15.1875,2.8942126514132,MSFT
2000-03-09,16.4065,18.75,16.25,18.75,44099400,16.5315,4.6430103701223,MSFT
2000-03-10,18.5315,20.0,18.5,19.25,42794500,18.75,1.0,MSFT
2000-03-13,17.5625,18.875,17.5,17.75,30916200,19.25,-2.970297029703,MSFT
2000-03-14,18.0625,18.375,16.3125,16.3125,36744600,17.75,-2.9336734693878,MSFT
2000-03-15,16.0315,17.0625,15.594,16.4375,26601600,16.3125,0.26281208935611,MSFT
2000-03-16,16.719,17.094,15.375,16.4375,38650400,16.4375,0.0,MSFT
2000-03-17,16.375,18.5,16.0,18.4375,40580800,16.4375,4.1939711664482,MSFT
2000-03-20,18.125,18.625,17.0,17.4375,23886500,18.4375,-2.0125786163522,MSFT
2000-03-21,17.125,20.3125,17.0,20.125,40824400,17.4375,5.5198973042362,MSFT
2000-03-22,20.1565,21.5625,19.3125,20.375,46987900,20.125,0.48661800486618,MSFT
2000-03-23,22.1565,25.1875,22.0625,24.6875,74111900,20.375,8.3535108958838,MSFT
2000-03-24,25.0625,26.25,23.5315,24.594,56098400,24.6875,-0.16715083798882,MSFT
2000-03-27,22.633,22.875,20.719,20.7815,55717000,24.594,-6.8270539359645,MSFT
2000-03-28,20.5625,22.469,19.9375,20.9065,40557200,20.7815,0.24023908593833,MSFT
2000-03-29,21.344,23.219,21.3125,22.344,32182600,20.9065,2.7561281911171,MSFT
2000-03-30,21.844,23.0625,20.0,20.4375,32089200,22.344,-3.5573011904318,MSFT
2000-03-31,21.75,22.875,20.8125,21.875,32140700,20.4375,2.7811366384522,MSFT
2000-04-03,15.969,17.0,13.75,14.1875,131061000,21.875,-14.470588235294,MSFT
2000-04-04,14.5315,14.75,11.219,13.0315,90623300,14.1875,-2.5441540577717,MSFT
2000-04-05,12.875,13.0,11.6875,11.9375,41444100,13.0315,-2.470557682102,MSFT
2000-04-06,12.6875,12.75,11.383,11.75,33210700,11.9375,-0.43415340086831,MSFT
2000-04-07,12.25,13.4375,11.25,13.2815,41314100,11.75,3.5616279069767,MSFT
2000-04-10,13.0625,13.0625,11.75,11.7815,30342700,13.2815,-3.3684021423038,MSFT
2000-04-11,11.3125,11.7815,10.5,10.6875,35980900,11.7815,-2.542323646631,MSFT
2000-04-12,9.8125,9.875,8.125,8.4375,76508900,10.6875,-5.3651266766021,MSFT
2000-04-13,9.1875,9.875,8.25,8.375,47158100,8.4375,-0.15748031496063,MSFT
2000-04-14,8.3125,8.5,5.375,5.8125,75610700,8.375,-6.4668769716088,MSFT
2000-04-17,5.875,6.75,5.25,6.6875,59886500,5.8125,2.3608768971332,MSFT
2000-04-18,7.0,9.719,6.6875,9.0315,45901000,6.6875,6.1785831960461,MSFT
2000-04-19,9.469,9.5,7.8125,8.094,26857700,9.0315,-2.3273711257029,MSFT
2000-04-20,8.0625,8.6875,7.5,8.219,26193700,8.094,0.31771045140301,MSFT
2000-04-24,2.4375,2.75,1.25,2.0625,156844400,8.219,-15.59831766703,MSFT
2000-04-25,3.125,3.5,2.5625,3.4375,79758700,2.0625,4.1275797373358,MSFT
2000-04-26,3.75,4.3125,2.4375,2.75,53545700,3.4375,-1.981981981982,MSFT
2000-04-27,2.469,3.719,2.4375,3.6565,38834900,2.75,2.6661764705882,MSFT
2000-04-28,4.125,4.25,2.875,3.625,39041300,3.6565,-0.090241072579609,MSFT
2000-05-01,5.1875,5.75,4.594,5.469,53905500,3.625,5.2874551971326,MSFT
2000-05-02,5.1565,5.5,3.5,3.6875,48858100,5.469,-4.8517116479207,MSFT
2000-05-03,3.9375,4.1565,3.1565,4.0315,27677400,3.6875,0.98461538461539,MSFT
2000-05-04,3.9065,4.375,3.4065,3.969,21658600,4.0315,-0.17714666326545,MSFT
2000-05-05,3.875,4.6565,3.6875,4.3125,18200200,3.969,0.97532581845026,MSFT
2000-05-08,4.219,4.4375,3.594,3.6565,18093800,4.3125,-1.8446397188049,MSFT
2000-05-09,3.844,3.969,2.5,2.6565,30389200,3.6565,-2.8647959549081,MSFT
2000-05-10,2.625,2.6875,1.625,1.844,33870000,2.6565,-2.3962956955156,MSFT
2000-05-11,2.0625,2.8125,1.625,2.6875,29195400,1.844,2.5488003867771,MSFT
2000-05-12,2.969,3.625,2.875,3.1565,18943000,2.6875,1.3819521178637,MSFT
2000-05-15,3.25,3.469,2.75,3.4375,16949800,3.1565,0.81670614564108,MSFT
2000-05-16,3.5315,4.0625,3.2815,3.5,24205300,3.4375,0.18018018018018,MSFT
2000-05-17,3.1875,3.3125,2.375,2.594,26621000,3.5,-2.6071942446043,MSFT
2000-05-18,2.7815,2.7815,1.6875,1.844,26820200,2.594,-2.2160501122799,MSFT
2000-05-19,1.4375,1.719,1.0,1.2815,33289000,1.844,-1.699703873814,MSFT
2000-05-22,1.3125,1.375,-0.030999999999991,0.84400000000001,34981400,1.2815,-1.3448503757896,MSFT
2000-05-23,0.68750000000001,1.5315,0.28150000000001,0.34400000000001,28981300,0.84400000000001,-1.5579235994267,MSFT
2000-05-24,0.31250000000001,2.0315,0.25000000000001,1.5315,42741200,0.34400000000001,3.7586250553903,MSFT
2000-05-25,1.0315,1.125,-0.68749999999999,-0.49999999999999,47174400,1.5315,-6.1970928725043,MSFT
2000-05-26,-0.21849999999999,0.21900000000001,-1.0625,-0.53099999999999,27911000,-0.49999999999999,-0.10081300813008,MSFT
2000-05-30,-0.030999999999991,0.81250000000001,-0.24999999999999,0.43750000000001,34268200,-0.53099999999999,3.152771900127,MSFT
2000-05-31,0.57050000000001,0.60150000000001,-0.21849999999999,0.031500000000008,27484100,0.43750000000001,-1.2812623274162,MSFT
2000-06-01,0.93750000000001,1.75,0.65650000000001,1.0315,47253600,0.031500000000008,3.1967776481307,MSFT
2000-06-02,1.75,2.125,1.25,1.9065,40231600,1.0315,2.7105307993743,MSFT
2000-06-05,1.758,2.9375,1.75,2.1875,32200000,1.9065,0.84749596610016,MSFT
2000-06-06,2.844,3.6875,2.6565,3.5625,49509500,2.1875,4.1121495327103,MSFT
2000-06-07,3.375,4.125,2.3125,4.0,38155800,3.5625,1.2567324955117,MSFT
2000-06-08,4.5315,4.8125,2.875,3.1565,47382800,4.0,-2.3929078014184,MSFT
2000-06-09,3.5625,3.594,2.9065,3.1565,17780100,3.1565,0.0,MSFT
2000-06-12,3.25,3.25,1.9375,2.1875,24630300,3.1565,-2.8163283100577,MSFT
2000-06-13,2.125,2.75,1.8125,2.6875,22144600,2.1875,1.4953271028037,MSFT
2000-06-14,3.6565,4.25,3.5,4.0,39996200,2.6875,3.8674033149171,MSFT
2000-06-15,4.1565,5.094,4.0625,4.9375,32796300,4.0,2.6595744680851,MSFT
2000-06-16,5.0625,5.3125,4.5,5.0315,34355300,4.9375,0.25975820379966,MSFT
2000-06-19,5.0315,5.6565,4.75,5.594,23302400,5.0315,1.5503769138542,MSFT
2000-06-20,5.6875,6.375,5.625,6.219,31137500,5.594,1.6963413310173,MSFT
2000-06-21,7.25,9.844,7.219,9.094,80199800,6.219,7.6730096880088,MSFT
2000-06-22,9.4375,9.75,8.4065,8.6875,43657600,9.094,-1.0075847709697,MSFT
2000-06-23,8.719,8.7815,7.25,7.594,24905800,8.6875,-2.7380281690141,MSFT
2000-06-26,7.5,8.8125,7.5,8.5,24143500,7.594,2.332406549274,MSFT
2000-06-27,8.375,8.8125,7.9375,8.1565,15546900,8.5,-0.86415094339622,MSFT
2000-06-28,8.25,8.7815,8.0625,8.219,18729600,8.1565,0.15860327610927,MSFT
2000-06-29,7.875,8.219,7.2815,7.344,19224500,8.219,-2.2169297423294,MSFT
2000-06-30,7.2815,8.75,7.094,8.75,23832200,7.344,3.6430533243509,MSFT
2000-07-03,8.594,8.7815,8.4375,8.75,7867400,8.75,0.0,MSFT
2000-07-05,8.6875,8.6875,7.875,8.0,17394900,8.75,-1.875,MSFT
2000-07-06,8.1875,9.594,8.0,9.219,23936600,8.0,3.1057324840764,MSFT
2000-07-07,9.383,10.1875,9.0315,9.75,27076600,9.219,1.3121154463911,MSFT
2000-07-10,9.094,9.4065,8.4375,8.469,26344900,9.75,-3.1243902439024,MSFT
2000-07-11,8.1565,9.0,8.0,8.3125,18582400,8.469,-0.39401797628339,MSFT
2000-07-12,7.875,9.25,7.344,8.9065,29185100,8.3125,1.5014218009479,MSFT
2000-07-13,8.1565,8.75,7.4375,8.719,40421600,8.9065,-0.46692316312428,MSFT
2000-07-14,8.5,8.625,7.969,8.219,25590300,8.719,-1.2509695013636,MSFT
2000-07-17,7.875,8.5315,7.5,7.844,26996400,8.219,-0.95011274671261,MSFT
2000-07-18,7.5625,8.5,7.469,8.0,35308600,7.844,0.39903821558295,MSFT
2000-07-19,6.7815,7.5,5.1565,5.3125,69962300,8.0,-6.8471337579618,MSFT
2000-07-20,5.469,6.375,5.3125,6.1565,27345300,5.3125,2.3083760683761,MSFT
2000-07-21,6.125,6.25,4.6875,4.9065,28050300,6.1565,-3.3416652186117,MSFT
2000-07-24,4.7815,4.8125,3.75,4.0315,28040500,4.9065,-2.4200351250812,MSFT
2000-07-25,4.1565,4.25,2.9375,3.25,32094300,4.0315,-2.2150418774712,MSFT
2000-07-26,3.2815,3.5,2.375,2.6565,42702300,3.25,-1.7202898550725,MSFT
2000-07-27,2.6875,3.8125,2.5,3.4375,37168800,2.6565,2.3033931547048,MSFT
2000-07-28,4.219,4.6565,3.5625,3.594,37825000,3.4375,0.45117117117117,MSFT
2000-07-31,3.844,4.3125,3.375,3.6565,35141900,3.594,0.17937091034324,MSFT
2000-08-01,3.719,3.7815,2.844,3.094,23581800,3.6565,-1.6114477246358,MSFT
2000-08-02,3.0315,3.969,3.0,3.4375,24134600,3.094,1.0001747030049,MSFT
2000-08-03,2.844,3.9375,2.8125,3.875,27271700,3.4375,1.2612612612613,MSFT
2000-08-04,3.469,3.6875,2.844,3.3125,19053700,3.875,-1.6014234875445,MSFT
2000-08-07,3.844,4.3125,3.625,3.75,26370900,3.3125,1.2658227848101,MSFT
2000-08-08,3.7815,6.094,3.75,5.8125,69019400,3.75,5.8928571428571,MSFT
2000-08-09,5.625,6.1875,5.3125,5.875,31972800,5.8125,0.16863406408094,MSFT
2000-08-10,5.6565,5.7815,4.625,5.0625,24493000,5.875,-2.1885521885522,MSFT
2000-08-11,4.969,5.094,4.5625,4.969,17814800,5.0625,-0.25748709122203,MSFT
2000-08-14,4.9065,5.4375,4.4375,4.844,26713500,4.969,-0.34512272564124,MSFT
2000-08-15,4.75,5.25,4.5,4.5625,20357100,4.844,-0.77990801795313,MSFT
2000-08-16,4.6875,4.875,4.0315,4.25,22488100,4.5625,-0.87260034904014,MSFT
2000-08-17,4.3125,4.75,4.0315,4.5315,18056400,4.25,0.79295774647888,MSFT
2000-08-18,4.3125,4.469,3.9375,4.25,26863300,4.5315,-0.78671939410031,MSFT
2000-08-21,4.094,4.1565,3.75,4.0625,17059900,4.25,-0.52816901408451,MSFT
2000-08-22,4.1565,4.969,4.0625,4.375,27214100,4.0625,0.88495575221239,MSFT
2000-08-23,4.1565,4.3125,3.9375,4.125,18363400,4.375,-0.70175438596491,MSFT
2000-08-24,4.0625,4.344,3.719,4.3125,21202700,4.125,0.53003533568905,MSFT
2000-08-25,4.094,4.594,4.0315,4.0625,26340200,4.3125,-0.70298769771529,MSFT
2000-08-28,3.844,4.8125,3.8125,4.4065,28210800,4.0625,0.9741592920354,MSFT
2000-08-29,4.344,5.125,4.1875,4.219,29700100,4.4065,-0.5258508266375,MSFT
2000-08-30,4.094,4.219,3.594,3.75,26748800,4.219,-1.3222814288534,MSFT
2000-08-31,4.1875,4.4065,3.5545,3.6565,36287700,3.75,-0.26714285714285,MSFT
2000-09-01,3.75,4.0625,3.594,3.844,18803100,3.6565,0.53714924154527,MSFT
2000-09-05,3.75,4.094,3.6565,3.8125,25377500,3.844,-0.089758933150969,MSFT
2000-09-06,3.7815,4.094,3.4065,3.469,31474300,3.8125,-0.97967914438502,MSFT
2000-09-07,3.75,4.7815,3.469,3.7815,55551800,3.469,0.90008352775138,MSFT
2000-09-08,3.9375,4.1875,3.344,3.4065,28354800,3.7815,-1.0704651527911,MSFT
2000-09-11,3.3125,3.594,2.7815,3.1565,24247600,3.4065,-0.72136540042993,MSFT
2000-09-12,3.125,3.4065,2.5625,2.8125,23390400,3.1565,-0.99981108220831,MSFT
2000-09-13,2.5625,3.125,2.344,2.875,20372300,2.8125,0.18348623853211,MSFT
2000-09-14,3.094,3.125,1.594,1.6565,39250400,2.875,-3.570695970696,MSFT
2000-09-15,1.469,1.5625,0.40650000000001,0.84400000000001,49957500,1.6565,-2.4691170437452,MSFT
2000-09-18,0.87500000000001,1.0625,-0.15599999999999,0.25000000000001,34444000,0.84400000000001,-1.8508132361189,MSFT
2000-09-19,0.56250000000001,1.625,0.43750000000001,1.25,39655700,0.25000000000001,3.1746031746032,MSFT
2000-09-20,1.1875,1.25,0.34400000000001,0.87500000000001,33832500,1.25,-1.1538461538462,MSFT
2000-09-21,0.75000000000001,1.3125,0.53150000000001,0.84400000000001,24414100,0.87500000000001,-0.096498054474704,MSFT
2000-09-22,-0.68749999999999,0.50000000000001,-0.78099999999999,0.37500000000001,42238300,0.84400000000001,-1.4613323362622,MSFT
2000-09-25,0.37500000000001,0.75800000000001,-1.031,-0.62499999999999,26739100,0.37500000000001,-3.1620553359684,MSFT
2000-09-26,-0.78099999999999,1.6875,-1.031,0.094000000000008,77845400,-0.62499999999999,2.3477551020408,MSFT
2000-09-27,0.46900000000001,0.53150000000001,-1.3435,-0.93749999999999,53076800,0.094000000000008,-3.2909009698826,MSFT
2000-09-28,-0.84349999999999,-0.31249999999999,-0.93749999999999,-0.59349999999999,26179500,-0.93749999999999,1.1348453608247,MSFT
2000-09-29,-0.74999999999999,-0.59349999999999,-1.9375,-1.0935,37026200,-0.59349999999999,-1.6309754864384,MSFT
2000-10-02,-0.99999999999999,-0.84349999999999,-2.125,-1.6875,29280900,-1.0935,-1.9697246033194,MSFT
2000-10-03,-1.4685,-1.3435,-3.0,-2.9685,42686000,-1.6875,-4.3331923890063,MSFT
2000-10-04,-3.0625,-2.9685,-4.0,-3.531,68268800,-2.9685,-1.9889326945176,MSFT
2000-10-05,-3.5,-2.625,-3.625,-3.5625,40548700,-3.531,-0.11364046322018,MSFT
2000-10-06,-3.3435,-2.875,-3.875,-3.4685,30896800,-3.5625,0.33950338600452,MSFT
2000-10-09,-3.4375,-3.375,-4.75,-4.156,29161700,-3.4685,-2.4746683944351,MSFT
2000-10-10,-4.281,-3.4685,-4.3435,-3.9685,31032700,-4.156,0.69203513693069,MSFT
2000-10-11,-4.25,-2.781,-4.25,-3.375,50603800,-3.9685,2.1754668914832,MSFT
2000-10-12,-3.0935,-2.8125,-4.3435,-4.0625,45113700,-3.375,-2.4663677130045,MSFT
2000-10-13,-4.3125,-3.8125,-5.1875,-4.375,52259500,-4.0625,-1.1494252873563,MSFT
2000-10-16,-4.5,-4.3435,-6.4685,-6.0625,59875600,-4.375,-6.2790697674419,MSFT
2000-10-17,-5.3125,-5.031,-6.125,-6.031,40637900,-6.0625,0.12506203473946,MSFT
2000-10-18,-6.4375,-4.625,-7.031,-5.375,55229800,-6.031,2.6012133708712,MSFT
2000-10-19,-2.0625,-0.15599999999999,-2.25,-0.31249999999999,128501800,-5.375,19.565217391304,MSFT
2000-10-20,-0.59349999999999,1.8125,-0.68749999999999,1.344,80189200,-0.31249999999999,5.3543434343434,MSFT
2000-10-23,1.0625,1.875,-0.90599999999999,-0.18749999999999,92584800,1.344,-4.6987175553783,MSFT
2000-10-24,0.062500000000006,0.21900000000001,-1.156,-0.49999999999999,47213100,-0.18749999999999,-1.0060362173038,MSFT
2000-10-25,-0.28099999999999,0.46900000000001,-1.031,-0.62499999999999,83801900,-0.49999999999999,-0.40650406504065,MSFT
2000-10-26,-0.74999999999999,1.2815,-0.84349999999999,0.96900000000001,57413700,-0.62499999999999,5.2048979591837,MSFT
2000-10-27,1.094,3.344,1.0625,2.594,62119600,0.96900000000001,5.0436078090568,MSFT
2000-10-30,2.5,3.8125,2.4375,3.2815,55026800,2.594,2.0313792695899,MSFT
2000-10-31,3.25,3.5,2.75,3.1875,52235600,3.2815,-0.27221522378119,MSFT
2000-11-01,3.0,3.7815,2.969,3.5625,40656700,3.1875,1.0889292196007,MSFT
2000-11-02,3.9375,4.172,3.5625,3.9065,38992500,3.5625,0.98815080789946,MSFT
2000-11-03,3.375,3.5625,2.7815,2.875,34355200,3.9065,-2.9340235802768,MSFT
2000-11-06,3.094,3.8125,2.875,3.5,37424700,2.875,1.8315018315018,MSFT
2000-11-07,3.625,4.6875,3.5,4.0,52162500,3.5,1.4388489208633,MSFT
2000-11-08,4.3125,4.9375,2.75,3.469,103074500,4.0,-1.5063829787234,MSFT
2000-11-09,3.0,4.4065,2.969,4.1875,45529000,3.469,2.069472047006,MSFT
2000-11-10,3.719,3.9065,2.1565,2.4375,46871300,4.1875,-4.9382716049383,MSFT
2000-11-13,2.094,2.8125,0.95300000000001,1.969,41679500,2.4375,-1.3907235621521,MSFT
2000-11-14,2.75,3.6565,2.4065,3.1565,42109300,1.969,3.5747614317108,MSFT
2000-11-15,3.2815,4.1875,3.094,3.7815,30211100,3.1565,1.8165172278494,MSFT
2000-11-16,3.469,4.5,3.219,3.219,46064300,3.7815,-1.6056977291866,MSFT
2000-11-17,3.469,3.75,2.6485,3.2815,53262800,3.219,0.1813223476167,MSFT
2000-11-20,2.8125,3.0,1.5315,2.344,40078600,3.2815,-2.7149124712219,MSFT
2000-11-21,2.4375,3.375,2.4375,2.625,29743700,2.344,0.83645889146871,MSFT
2000-11-22,1.7815,3.5,1.75,2.875,38172100,2.625,0.7380073800738,MSFT
2000-11-24,3.25,3.969,3.0,3.719,17219600,2.875,2.4732600732601,MSFT
2000-11-27,4.469,4.875,4.0625,4.094,42653500,3.719,1.0723783922903,MSFT
2000-11-28,3.4375,3.625,2.1565,2.25,63722100,4.094,-5.2172928927116,MSFT
2000-11-29,2.1565,2.3125,0.37500000000001,1.2815,49105300,2.25,-2.8910447761194,MSFT
2000-11-30,-0.24999999999999,-0.21849999999999,-2.75,-2.5625,98600900,1.2815,-11.816239644652,MSFT
2000-12-01,-2.2185,-0.93749999999999,-3.2185,-2.9375,54903900,-2.5625,-1.3071895424837,MSFT
2000-12-04,-2.625,-1.75,-3.656,-3.031,40185000,-2.9375,-0.33024282560706,MSFT
2000-12-05,-1.656,-0.99999999999999,-2.125,-1.3125,50866100,-3.031,6.0898685282965,MSFT
2000-12-06,-1.25,-1.2185,-3.2185,-2.906,45279700,-1.3125,-5.3227557411273,MSFT
2000-12-07,-4.531,-4.25,-5.125,-4.6875,72652700,-2.906,-6.2852808354502,MSFT
2000-12-08,-3.9375,-3.3125,-4.531,-4.031,60461200,-4.6875,2.4715294117647,MSFT
2000-12-11,-3.5,-1.875,-3.75,-2.2185,47773800,-4.031,6.6589514677248,MSFT
2000-12-12,-2.3435,-1.25,-2.875,-2.0625,31553000,-2.2185,0.53734736407006,MSFT
2000-12-13,-0.99999999999999,-0.99999999999999,-2.8435,-2.625,49176800,-2.0625,-1.9271948608137,MSFT
2000-12-14,-2.281,-1.883,-3.5625,-3.5,35580600,-2.625,-3.056768558952,MSFT
2000-12-15,-5.7265,-5.25,-7.375,-6.656,162942500,-3.5,-11.372972972973,MSFT
2000-12-18,-6.75,-6.25,-7.75,-7.3435,53593100,-6.656,-2.7953972513621,MSFT
2000-12-19,-7.531,-7.25,-9.0,-8.8435,60185200,-7.3435,-6.2744441888189,MSFT
2000-12-20,-9.8435,-9.25,-10.5625,-10.5,74517000,-8.8435,-7.3929440117823,MSFT
2000-12-21,-10.875,-8.6875,-11.125,-9.531,81587100,-10.5,4.6698795180723,MSFT
2000-12-22,-8.875,-7.6875,-8.875,-8.031,55092700,-9.531,6.9063953220682,MSFT
2000-12-26,-7.8125,-6.9685,-8.3125,-7.8125,33470800,-8.031,0.94103966579094,MSFT
2000-12-27,-8.1875,-7.8435,-8.75,-8.031,34499700,-7.8125,-0.93226666666666,MSFT
2000-12-28,-8.6875,-8.125,-9.3125,-8.9685,38713500,-8.031,-4.0376415866316,MSFT
2000-12-29,-9.281,-8.3435,-9.9375,-9.5625,49991400,-8.9685,-2.6658887417813,MSFT
2001-01-02,-9.1875,-8.75,-9.8125,-9.5625,41206700,-9.5625,0.0,MSFT
2001-01-03,-9.656,-6.8125,-9.6875,-7.281,67980800,-9.5625,10.519884726225,MSFT
2001-01-04,-7.3435,-6.0,-7.8125,-7.031,56198300,-7.281,1.0430138929451,MSFT
2001-01-05,-7.0,-6.3125,-7.4685,-6.6875,46706300,-7.031,1.4183079400471,MSFT
2001-01-08,-6.781,-6.375,-7.906,-6.781,39909900,-6.6875,-0.38066157760814,MSFT
2001-01-09,-6.25,-4.9375,-6.375,-5.3435,57482400,-6.781,5.8747803343005,MSFT
2001-01-10,-5.75,-4.3435,-5.875,-4.8125,45121500,-5.3435,2.0496786520757,MSFT
2001-01-11,-4.75,-3.375,-5.0935,-3.75,50929500,-4.8125,4.0189125295508,MSFT
2001-01-12,-3.8125,-3.75,-5.0,-4.5,36856000,-3.75,-2.7272727272727,MSFT
2001-01-16,-4.5625,-4.5,-5.6875,-4.9685,34212100,-4.5,-1.7514018691589,MSFT
2001-01-17,-4.4375,-3.8125,-4.9685,-4.781,36420700,-4.9685,0.71342959876719,MSFT
2001-01-18,-4.406,-3.156,-4.9375,-3.5,54876700,-4.781,4.839623710756,MSFT
2001-01-19,-1.25,-0.53099999999999,-1.8125,-0.74999999999999,104670600,-3.5,9.9099099099099,MSFT
2001-01-22,-0.87499999999999,-0.74999999999999,-1.75,-1.1875,38336500,-0.74999999999999,-1.4344262295082,MSFT
2001-01-23,-1.375,-0.78099999999999,-1.781,-0.96849999999999,35145500,-1.1875,0.72848232848233,MSFT
2001-01-24,-0.74999999999999,0.46900000000001,-0.87499999999999,0.21900000000001,55227500,-0.96849999999999,3.9215362515067,MSFT
2001-01-25,0.12500000000001,0.75000000000001,-0.46849999999999,-0.34349999999999,42825800,0.21900000000001,-1.7874733865074,MSFT
2001-01-26,-0.74999999999999,0.90650000000001,-0.78099999999999,0.75000000000001,46540000,-0.34349999999999,3.5380906928963,MSFT
2001-01-29,0.53150000000001,1.0625,0.31250000000001,1.0,42531000,0.75000000000001,0.78125,MSFT
2001-01-30,1.0,1.125,0.18750000000001,0.43750000000001,28637900,1.0,-1.7441860465116,MSFT
2001-01-31,0.25000000000001,0.62500000000001,-0.74999999999999,-0.71849999999999,40949100,0.43750000000001,-3.6481262327416,MSFT
2001-02-01,-0.84349999999999,0.062500000000006,-1.0625,-0.062499999999993,35898200,-0.71849999999999,2.1486006255834,MSFT
2001-02-02,8.215650382226201e-15,0.43750000000001,-0.87499999999999,-0.84349999999999,35557700,-0.062499999999993,-2.5042084168337,MSFT
2001-02-05,-0.87499999999999,-0.21849999999999,-1.125,-0.28099999999999,28045400,-0.84349999999999,1.8499334023975,MSFT
2001-02-06,-0.21849999999999,0.65650000000001,-0.40599999999999,0.031500000000008,48221000,-0.28099999999999,1.0090735897188,MSFT
2001-02-07,-0.24999999999999,1.2815,-0.34349999999999,1.094,63030500,0.031500000000008,3.3965762511389,MSFT
2001-02-08,0.62500000000001,1.0,-0.24999999999999,-0.12499999999999,44020500,1.094,-3.7688597576057,MSFT
2001-02-09,-0.59349999999999,-0.46849999999999,-2.0,-1.6875,50152300,-0.12499999999999,-5.0200803212851,MSFT
2001-02-12,-1.8435,-1.531,-2.656,-1.875,35644700,-1.6875,-0.63424947145877,MSFT
2001-02-13,-1.4375,-0.71849999999999,-2.1875,-2.156,38035300,-1.875,-0.95659574468085,MSFT
2001-02-14,-2.4375,-1.75,-3.0625,-2.0625,30864100,-2.156,0.32137210421392,MSFT
2001-02-15,-1.75,-1.156,-2.3125,-1.8435,32811900,-2.0625,0.75032119914347,MSFT
2001-02-16,-2.75,-2.125,-3.1875,-2.5935,33481000,-1.8435,-2.5504565317192,MSFT
2001-02-20,-2.5625,-2.125,-3.5625,-3.3125,30364600,-2.5935,-2.5090293650655,MSFT
2001-02-21,-3.625,-2.2185,-3.656,-3.125,31974800,-3.3125,0.67114093959732,MSFT
2001-02-22,-3.0935,-2.7735,-4.3125,-3.656,50413400,-3.125,-1.888,MSFT
2001-02-23,-4.031,-2.5,-4.0935,-2.875,46310400,-3.656,2.8303254330652,MSFT
2001-02-26,-2.4375,-1.281,-2.5625,-1.4685,43967500,-2.875,4.9568281938326,MSFT
2001-02-27,-1.5625,-0.65599999999999,-1.914,-1.5625,49574000,-1.4685,-0.31563218776758,MSFT
2001-02-28,-1.4685,-1.211,-2.156,-1.75,42010300,-1.5625,-0.63157894736842,MSFT
2001-03-01,-1.9685,-1.5,-3.125,-1.5705,40890400,-1.75,0.60847457627119,MSFT
2001-03-02,-2.5,-2.1875,-3.031,-2.906,39637500,-1.5705,-4.4997388770026,MSFT
2001-03-05,-2.625,-1.9375,-2.9685,-2.531,24691100,-2.906,1.3230313293819,MSFT
2001-03-06,-1.9375,-1.25,-2.0625,-1.531,33390500,-2.531,3.482015390508,MSFT
2001-03-07,-1.3125,-0.68749999999999,-1.5935,-0.90599999999999,29870200,-1.531,2.1030317305428,MSFT
2001-03-08,-1.0935,-0.95299999999999,-2.031,-1.625,27310100,-0.90599999999999,-2.369496440812,MSFT
2001-03-09,-2.281,-2.156,-3.8125,-2.906,51895500,-1.625,-4.3240506329114,MSFT
2001-03-12,-3.906,-3.75,-5.4375,-5.281,57188400,-2.906,-8.3791984194186,MSFT
2001-03-13,-5.156,-3.875,-5.25,-4.156,45520600,-5.281,4.3320882590781,MSFT
2001-03-14,-5.0,-3.625,-5.156,-4.25,45343100,-4.156,-0.34694028198125,MSFT
2001-03-15,-3.5935,-3.211,-4.5,-4.406,35819200,-4.25,-0.57777777777777,MSFT
2001-03-16,-5.0,-3.6875,-5.008,-3.9685,56474400,-4.406,1.6297869170019,MSFT
2001-03-19,-4.0,-3.5,-4.6875,-4.0935,30517500,-3.9685,-0.45818595018602,MSFT
2001-03-20,-3.9685,-3.1875,-4.9375,-4.906,45912300,-4.0935,-2.9919172205549,MSFT
2001-03-21,-5.125,-4.625,-6.375,-6.2185,62524800,-4.906,-4.9821591254176,MSFT
2001-03-22,-5.9685,-4.2185,-6.0,-4.25,63190100,-6.2185,7.8640912450313,MSFT
2001-03-23,-3.781,-2.75,-4.0625,-2.9685,49759800,-4.25,4.7462962962963,MSFT
2001-03-26,-2.6875,-2.5,-3.4685,-3.2185,31559400,-2.9685,-0.88397008645227,MSFT
2001-03-27,-3.2185,-1.9685,-3.3125,-2.125,47569000,-3.2185,3.9009685532347,MSFT
2001-03-28,-2.5625,-2.281,-3.5625,-3.4685,39351800,-2.125,-4.6128755364807,MSFT
2001-03-29,-3.5625,-2.656,-3.9685,-3.5625,43493000,-3.4685,-0.3383546604755,MSFT
2001-03-30,-3.375,-3.156,-4.3125,-3.906,45601100,-3.5625,-1.2406320541761,MSFT
2001-04-02,-3.8435,-2.781,-3.9375,-3.3435,37978200,-3.906,2.0571240491516,MSFT
2001-04-03,-3.5935,-3.4685,-4.875,-4.5625,47095900,-3.3435,-4.3681579560318,MSFT
2001-04-04,-4.5625,-3.75,-5.7185,-5.281,52031100,-4.5625,-2.6922716627635,MSFT
2001-04-05,-4.375,-2.5625,-4.5,-2.875,56728900,-5.281,9.2648927567484,MSFT
2001-04-06,-3.0625,-2.656,-3.7185,-3.156,46311100,-2.875,-0.99030837004405,MSFT
2001-04-09,-2.965,-2.54,-3.42,-2.675,28147800,-3.156,1.7121093471916,MSFT
2001-04-10,-2.275,-1.205,-2.3555,-1.41,54604000,-2.675,4.426946631671,MSFT
2001-04-11,-0.92499999999999,-0.49999999999999,-1.399,-1.23,54939600,-1.41,0.60321715817694,MSFT
2001-04-12,-1.47,-0.093999999999994,-1.575,-0.15999999999999,43760100,-1.23,3.564290473018,MSFT
2001-04-16,-0.54999999999999,-0.45999999999999,-1.19,-0.85499999999999,32928300,-0.15999999999999,-2.235445480862,MSFT
2001-04-17,-1.175,-0.19499999999999,-1.23,-0.50999999999999,42651300,-0.85499999999999,1.135055107748,MSFT
2001-04-18,0.44500000000001,1.905,0.25000000000001,1.465,78371000,-0.50999999999999,6.4248536109304,MSFT
2001-04-19,1.655,3.25,1.625,2.77,79894100,1.465,3.9889958734525,MSFT
2001-04-20,3.9,4.3,3.0,3.25,96473800,2.77,1.4109347442681,MSFT
2001-04-23,2.805,2.985,2.2,2.875,46085600,3.25,-1.0869565217391,MSFT
2001-04-24,2.85,3.719,2.32,2.525,44589000,2.875,-1.025641025641,MSFT
2001-04-25,2.535,3.645,2.3795,3.595,38372000,2.525,3.1680236861584,MSFT
2001-04-26,3.785,4.25,2.875,3.315,59369700,3.595,-0.80355861673124,MSFT
2001-04-27,3.515,3.5925,1.855,2.31,63696400,3.315,-2.9075654563865,MSFT
2001-04-30,3.015,3.2835,2.59,2.625,36469900,2.31,0.93861740166865,MSFT
2001-05-01,2.58,3.9,2.55,3.835,41854200,2.625,3.5719557195572,MSFT
2001-05-02,4.25,4.325,3.425,3.63,46432200,3.835,-0.58429528288442,MSFT
2001-05-03,3.375,3.8425,2.82,3.015,33136700,3.63,-1.7631880733945,MSFT
2001-05-04,2.75,4.275,2.73,4.125,59777700,3.015,3.2394571720414,MSFT
2001-05-07,4.165,4.825,4.1,4.44,54679800,4.125,0.89045936395759,MSFT
2001-05-08,4.625,4.8,4.125,4.78,37543000,4.44,0.95264780050435,MSFT
2001-05-09,4.37,4.4,3.68,3.95,38338300,4.78,-2.3036358590064,MSFT
2001-05-10,4.315,4.37,3.73,3.75,32170400,3.95,-0.56818181818183,MSFT
2001-05-11,3.73,3.75,3.075,3.45,25564400,3.75,-0.85714285714285,MSFT
2001-05-14,3.315,3.35,2.9,3.11,22505000,3.45,-0.97982708933719,MSFT
2001-05-15,3.12,3.4,2.75,2.885,30694000,3.11,-0.65483119906869,MSFT
2001-05-16,2.6,3.69,2.415,3.33,45949800,2.885,1.3036472828475,MSFT
2001-05-17,3.3,3.82,2.525,2.835,53500500,3.33,-1.4314632735685,MSFT
2001-05-18,2.595,3.35,2.375,2.795,45433300,2.835,-0.11735367463693,MSFT
2001-05-21,2.775,3.745,2.625,3.145,51753400,2.795,1.0280511088266,MSFT
2001-05-22,3.475,3.925,3.32,3.905,41729700,3.145,2.2096234917866,MSFT
2001-05-23,3.945,4.55,3.5,3.6,46822000,3.905,-0.86758640307211,MSFT
2001-05-24,3.72,4.64,3.385,4.61,40394600,3.6,2.8981348637016,MSFT
2001-05-25,4.58,4.7,3.934,4.205,26376500,4.61,-1.1293920803123,MSFT
2001-05-29,4.15,4.625,3.775,3.92,35606000,4.205,-0.80383584825835,MSFT
2001-05-30,3.53,4.04,3.075,3.345,43229900,3.92,-1.6349161216946,MSFT
2001-05-31,3.495,3.944,2.95,3.34,35342000,3.345,-0.014452955629413,MSFT
2001-06-01,3.55,4.1,3.1,3.92,28794100,3.34,1.6767851980341,MSFT
2001-06-04,4.025,4.264,3.65,4.14,21878900,3.92,0.62553312482229,MSFT
2001-06-05,4.13,5.29,4.0,5.05,44727100,4.14,2.5713478383724,MSFT
2001-06-06,5.195,5.49,4.525,4.93,40026000,5.05,-0.33057851239669,MSFT
2001-06-07,4.81,5.615,4.79,5.59,33481800,4.93,1.8242122719735,MSFT
2001-06-08,5.6,5.625,4.775,5.345,25933500,5.59,-0.66503800217156,MSFT
2001-06-11,5.175,5.175,4.505,4.81,23673400,5.345,-1.4619483536002,MSFT
2001-06-12,4.26,4.955,4.155,4.79,33358000,4.81,-0.055463117027186,MSFT
2001-06-13,4.775,4.9,4.07,4.095,27655100,4.79,-1.9284128745838,MSFT
2001-06-14,3.86,4.025,2.95,3.2,35989900,4.095,-2.5321827698401,MSFT
2001-06-15,2.505,2.9,1.95,2.76,54230700,3.2,-1.2772133526851,MSFT
2001-06-18,2.725,2.73,1.755,2.19,28440000,2.76,-1.6759776536313,MSFT
2001-06-19,2.855,3.175,2.175,2.41,31734100,2.19,0.6578947368421,MSFT
2001-06-20,2.32,3.5475,2.3,3.455,32055000,2.41,3.1045751633987,MSFT
2001-06-21,3.325,4.025,3.21,3.67,34797100,3.455,0.61950727560871,MSFT
2001-06-22,3.75,4.055,3.04,3.165,25546000,3.67,-1.4461626575029,MSFT
2001-06-25,3.3,3.6595,2.635,3.175,24609400,3.165,0.029057097195984,MSFT
2001-06-26,2.66,3.8555,2.6,3.82,31538700,3.175,1.8736383442266,MSFT
2001-06-27,3.68,4.515,3.43,4.32,34602400,3.82,1.4257199885942,MSFT
2001-06-28,4.525,6.825,3.875,5.12,64511300,4.32,2.2490863086871,MSFT
2001-06-29,5.05,5.455,4.43,5.25,47223800,5.12,0.35743744844653,MSFT
2001-07-02,4.775,5.325,3.825,4.05,36410100,5.25,-3.2876712328767,MSFT
2001-07-03,3.9,4.15,3.715,3.985,14019000,4.05,-0.1841359773371,MSFT
2001-07-05,3.86,4.11,2.97,3.005,24621500,3.985,-2.7813253866894,MSFT
2001-07-06,2.9,2.95,1.585,1.78,33781300,3.005,-3.5761202744125,MSFT
2001-07-09,1.85,2.205,1.27,1.595,33238900,1.78,-0.56009688162277,MSFT
2001-07-10,1.7,1.875,0.92450000000001,0.99000000000002,33281300,1.595,-1.8419850814431,MSFT
2001-07-11,0.85450000000001,2.125,0.85000000000001,2.0,37219200,0.99000000000002,3.1327543424318,MSFT
2001-07-12,4.1,4.775,3.915,4.55,64053400,2.0,7.6691729323308,MSFT
2001-07-13,4.45,4.75,4.22,4.42,29468100,4.55,-0.3631284916201,MSFT
2001-07-16,4.475,4.83,3.825,4.34,27995400,4.42,-0.22427810485001,MSFT
2001-07-17,4.08,4.755,3.82,4.66,31625100,4.34,0.89912896881144,MSFT
2001-07-18,4.05,4.5,3.6895,4.035,28796900,4.66,-1.7404622667781,MSFT
2001-07-19,4.36,5.25,4.32,5.035,38376200,4.035,2.8340654669123,MSFT
2001-07-20,2.765,3.45,2.65,3.34,62104900,5.035,-4.6713517982637,MSFT
2001-07-23,3.37,3.38,1.925,2.295,40000900,3.34,-3.0211043654235,MSFT
2001-07-24,2.25,2.745,1.6,1.91,33770600,2.295,-1.1477120286183,MSFT
2001-07-25,1.88,2.51,1.43,2.49,37049800,1.91,1.7490952955368,MSFT
2001-07-26,2.31,2.41,1.5,2.045,39000900,2.49,-1.3189093064612,MSFT
2001-07-27,1.775,1.875,1.275,1.485,32699400,2.045,-1.681934224358,MSFT
2001-07-30,1.575,2.19,1.52,1.65,21098200,1.485,0.50404765541469,MSFT
2001-07-31,1.755,2.445,1.675,1.845,29516000,1.65,0.59270516717325,MSFT
2001-08-01,2.15,2.155,1.63,1.985,27839700,1.845,0.42302462607645,MSFT
2001-08-02,2.355,2.52,1.881,2.475,27099500,1.985,1.4743493305251,MSFT
2001-08-03,2.4,2.43,1.75,2.195,21630300,2.475,-0.83024462564863,MSFT
2001-08-06,2.015,2.31,1.59,1.815,13916600,2.195,-1.1361937509344,MSFT
2001-08-07,1.77,2.275,1.7495,1.925,15674700,1.815,0.33267805836988,MSFT
2001-08-08,2.005,2.37,0.99900000000002,1.18,27499700,1.925,-2.2456669178598,MSFT
2001-08-09,1.24,1.525,0.90000000000001,1.255,22768100,1.18,0.23126734505089,MSFT
2001-08-10,1.1345,1.68,0.20000000000001,1.5095,25878200,1.255,0.78295646823566,MSFT
2001-08-13,1.3695,1.745,1.125,1.665,16337800,1.5095,0.47467146934476,MSFT
2001-08-14,1.625,1.795,0.97500000000001,1.095,18240800,1.665,-1.7317332523166,MSFT
2001-08-15,1.1045,1.275,0.35000000000001,0.35000000000001,19752100,1.095,-2.3032926263719,MSFT
2001-08-16,0.17000000000001,1.1045,0.10000000000001,1.06,21953800,0.35000000000001,2.246835443038,MSFT
2001-08-17,0.64000000000001,0.81450000000001,-0.49999999999999,-0.30999999999999,26117600,1.06,-4.2401733209533,MSFT
2001-08-20,-0.41999999999999,0.12500000000001,-0.69999999999999,0.10000000000001,24185900,-0.30999999999999,1.3251454427925,MSFT
2001-08-21,0.10000000000001,0.35000000000001,-0.89399999999999,-0.85999999999999,23398900,0.10000000000001,-3.0622009569378,MSFT
2001-08-22,-0.68499999999999,-0.67499999999999,-1.71,-0.91999999999999,39072400,-0.85999999999999,-0.1974333662389,MSFT
2001-08-23,-0.91499999999999,-0.48499999999999,-1.75,-1.69,25909900,-0.91999999999999,-2.5387405209364,MSFT
2001-08-24,-1.45,-0.10999999999999,-1.635,-0.22499999999999,31703500,-1.69,4.9560216508796,MSFT
2001-08-27,-0.29999999999999,0.43000000000001,-0.46499999999999,-0.094999999999992,22281400,-0.22499999999999,0.41901692183724,MSFT
2001-08-28,-0.079999999999991,0.22500000000001,-0.95999999999999,-0.87999999999999,23711900,-0.094999999999992,-2.5196597656877,MSFT
2001-08-29,-0.72499999999999,-0.59999999999999,-1.48,-1.125,24086300,-0.87999999999999,-0.80671715508726,MSFT
2001-08-30,-1.73,-1.42,-2.99,-2.78,48825400,-1.125,-5.49377593361,MSFT
2001-08-31,-2.825,-2.22,-3.1,-2.725,28980500,-2.78,0.19318580962416,MSFT
2001-09-04,-2.655,-1.71,-3.215,-3.2,33594600,-2.725,-1.6652059596845,MSFT
2001-09-05,-3.16,-2.055,-3.605,-2.38,44735300,-3.2,2.9233511586453,MSFT
2001-09-06,-2.97,-2.055,-3.3,-3.24,56189800,-2.38,-2.9788708001385,MSFT
2001-09-07,-3.195,-2.57,-3.5905,-3.55,44941400,-3.24,-1.1067475901464,MSFT
2001-09-10,-3.79,-2.275,-3.9,-2.46,42235900,-3.55,3.9350180505415,MSFT
2001-09-17,-4.24,-3.7,-4.85,-4.795,63983800,-2.46,-8.1104550191039,MSFT
2001-09-18,-4.545,-3.75,-4.665,-4.09,41624900,-4.795,2.6649026649027,MSFT
2001-09-19,-4.02,-3.69,-5.95,-4.315,63475700,-4.09,-0.82842415316643,MSFT
2001-09-20,-5.075,-4.945,-5.915,-5.87,59036400,-4.315,-5.7731576016336,MSFT
2001-09-21,-7.29,-5.95,-7.5,-6.395,92491900,-5.87,-2.0685579196217,MSFT
2001-09-24,-5.925,-5.025,-6.315,-5.245,42784100,-6.395,4.6268356467512,MSFT
2001-09-25,-5.115,-4.75,-6.17,-5.6,42474900,-5.245,-1.3651220919054,MSFT
2001-09-26,-5.495,-5.35,-6.475,-6.115,29262400,-5.6,-2.0077972709552,MSFT
2001-09-27,-6.2,-5.91,-7.25,-6.27,40595500,-6.115,-0.61666998209668,MSFT
2001-09-28,-6.44,-5.455,-6.76,-5.665,58320700,-6.27,2.42193755004,MSFT
2001-10-01,-5.78,-5.0,-6.045,-5.355,34999800,-5.665,1.2116474496775,MSFT
2001-10-02,-5.4305,-4.475,-5.47,-4.725,40430500,-5.355,2.4329021046534,MSFT
2001-10-03,-5.01,-2.785,-5.05,-3.135,48630600,-4.725,5.9943449575872,MSFT
2001-10-04,-2.79,-2.0495,-3.145,-3.03,50890800,-3.135,0.37346612128757,MSFT
2001-10-05,-3.17,-2.25,-3.78,-2.39,40437400,-3.03,2.2678951098512,MSFT
2001-10-08,-2.85,-1.925,-2.88,-2.23,30305000,-2.39,0.55440055440055,MSFT
2001-10-09,-2.5,-2.4645,-4.155,-3.97,49738800,-2.23,-5.9958649207443,MSFT
2001-10-10,-4.45,-3.375,-4.75,-3.495,43184900,-3.97,1.741202346041,MSFT
2001-10-11,-3.3665,-2.83,-3.9505,-3.09,41886000,-3.495,1.4591965411638,MSFT
2001-10-12,-3.4,-2.93,-3.975,-3.06,31684000,-3.09,0.10653409090909,MSFT
2001-10-15,-3.3,-2.0,-3.5,-2.22,34228700,-3.06,2.9797800638524,MSFT
2001-10-16,-2.315,-1.795,-2.645,-2.025,33089900,-2.22,0.67171891147089,MSFT
2001-10-17,-1.69,-1.6,-3.26,-3.235,36865200,-2.025,-4.1402908468777,MSFT
2001-10-18,-3.08,-2.46,-3.5,-2.875,39195600,-3.235,1.2850258789934,MSFT
2001-10-19,-2.55,-2.245,-3.435,-2.3,45610400,-2.875,2.0264317180617,MSFT
2001-10-22,-2.3,-1.16,-2.515,-1.17,36162500,-2.3,3.9032815198618,MSFT
2001-10-23,-1.015,-0.52999999999999,-1.55,-1.035,40162500,-1.17,0.44880319148937,MSFT
2001-10-24,-0.99999999999999,-0.43999999999999,-1.44,-0.58999999999999,39581800,-1.035,1.4727784213139,MSFT
2001-10-25,-0.94499999999999,0.050000000000011,-1.465,0.030000000000008,37670300,-0.58999999999999,2.0221787345075,MSFT
2001-10-26,-0.089999999999989,0.56500000000001,-0.20999999999999,-0.14999999999999,32256500,0.030000000000008,-0.57544757033248,MSFT
2001-10-29,-0.19999999999999,-0.14999999999999,-1.48,-1.43,55129400,-0.14999999999999,-4.1157556270096,MSFT
2001-10-30,-1.79,-1.48,-2.155,-1.81,57395600,-1.43,-1.2743125419182,MSFT
2001-10-31,-1.6,-0.88499999999999,-2.2,-2.175,64700000,-1.81,-1.2398097826087,MSFT
2001-11-01,-1.21,-0.12499999999999,-1.45,-0.32999999999999,109671200,-2.175,6.3456577815993,MSFT
2001-11-02,-0.28499999999999,0.26000000000001,-0.99499999999999,-0.54999999999999,83360000,-0.32999999999999,-0.71151358344115,MSFT
2001-11-05,-0.31999999999999,0.76500000000001,-0.37499999999999,0.38500000000001,66401600,-0.54999999999999,3.0456026058632,MSFT
2001-11-06,0.10000000000001,1.22,-0.16999999999999,1.14,68612000,0.38500000000001,2.3865971234392,MSFT
2001-11-07,0.86000000000001,1.275,0.76500000000001,0.87500000000001,58899000,1.14,-0.81815375115777,MSFT
2001-11-08,0.98,1.78,0.58,0.96000000000001,74227800,0.87500000000001,0.26459143968872,MSFT
2001-11-09,0.92000000000001,1.575,0.70500000000001,1.355,48013600,0.96000000000001,1.2263272275691,MSFT
2001-11-12,1.1,1.97,0.57500000000001,1.645,57752800,1.355,0.88943413586875,MSFT
2001-11-13,2.15,2.725,2.05,2.7,60159600,1.645,3.2071743426053,MSFT
2001-11-14,2.865,2.92,1.645,1.725,88625600,2.7,-2.8718703976436,MSFT
2001-11-15,1.8,2.275,1.475,1.81,77922000,1.725,0.25777103866566,MSFT
2001-11-16,1.93,2.055,1.225,1.625,59249000,1.81,-0.55958862673927,MSFT
2001-11-19,1.875,2.235,1.6,2.02,56005000,1.625,1.2015209125475,MSFT
2001-11-20,1.975,2.65,1.265,1.45,65921800,2.02,-1.7132551848512,MSFT
2001-11-21,0.93000000000001,1.05,0.49000000000001,0.77500000000001,50785200,1.45,-2.0642201834863,MSFT
2001-11-23,0.94,1.155,0.56000000000001,1.105,15754600,0.77500000000001,1.0304449648712,MSFT
2001-11-26,1.245,1.605,0.95000000000001,1.32,41983600,1.105,0.66450316798023,MSFT
2001-11-27,1.145,1.285,0.12500000000001,0.62000000000001,90819000,1.32,-2.1492170709242,MSFT
2001-11-28,0.33500000000001,0.81000000000001,0.11500000000001,0.15000000000001,54536600,0.62000000000001,-1.4747411358645,MSFT
2001-11-29,0.31000000000001,1.2,0.22500000000001,1.17,54034400,0.15000000000001,3.2484076433121,MSFT
2001-11-30,1.08,1.29,0.71500000000001,0.855,48234200,1.17,-0.97162245527454,MSFT
2001-12-03,0.66500000000001,1.365,0.65000000000001,1.135,47211800,0.855,0.87213829621555,MSFT
2001-12-04,1.25,1.79,0.8,1.75,51005800,1.135,1.8990273274664,MSFT
2001-12-05,1.995,2.835,1.35,2.8,74243000,1.75,3.1818181818182,MSFT
2001-12-06,2.74,3.25,2.525,3.075,56026200,2.8,0.80763582966228,MSFT
2001-12-07,2.875,3.17,2.025,2.665,42334800,3.075,-1.1944646758922,MSFT
2001-12-10,2.51,2.975,2.18,2.28,38367400,2.665,-1.1351909184726,MSFT
2001-12-11,2.58,2.815,2.285,2.41,54334000,2.28,0.38771249627198,MSFT
2001-12-12,2.33,2.74,1.875,2.725,47884200,2.41,0.93582887700536,MSFT
2001-12-13,2.315,2.87,1.785,1.885,53227800,2.725,-2.4724061810155,MSFT
2001-12-14,1.76,2.725,1.715,2.47,43000600,1.885,1.765504753282,MSFT
2001-12-17,2.335,3.305,2.33,3.24,57079800,2.47,2.2835112692764,MSFT
2001-12-18,3.21,3.45,3.05,3.385,47255200,3.24,0.42041171354015,MSFT
2001-12-19,3.06,3.695,2.975,3.495,56996200,3.385,0.31759780568789,MSFT
2001-12-20,3.325,3.375,2.06,2.13,78585000,3.495,-3.9286228234278,MSFT
2001-12-21,2.755,2.76,2.25,2.52,84307600,2.13,1.168364289994,MSFT
2001-12-24,2.61,2.765,2.35,2.385,11701600,2.52,-0.39976310334618,MSFT
2001-12-26,2.46,3.285,2.445,2.59,29328000,2.385,0.60948416827711,MSFT
2001-12-27,2.74,3.105,2.38,2.675,32406600,2.59,0.25118203309691,MSFT
2001-12-28,2.865,3.175,2.6,2.685,28787200,2.675,0.029476787030229,MSFT
2001-12-31,2.67,2.99,1.875,1.875,43006200,2.685,-2.3869161632533,MSFT
2002-01-02,2.075,2.305,1.505,2.27,48124000,1.875,1.1924528301887,MSFT
2002-01-03,2.305,3.375,2.295,3.365,67590800,2.27,3.2667064439141,MSFT
2002-01-04,3.375,3.705,3.085,3.2,52731400,3.365,-0.47667196302181,MSFT
2002-01-07,3.625,3.76,2.925,3.03,58508800,3.2,-0.49346879535559,MSFT
2002-01-08,3.095,3.68,2.75,3.44,47736400,3.03,1.196032672112,MSFT
2002-01-09,3.61,4.06,3.025,3.105,76304000,3.44,-0.96569616604209,MSFT
2002-01-10,2.99,3.65,2.815,3.39,50296600,3.105,0.82957357007715,MSFT
2002-01-11,3.51,3.91,2.8,3.055,72993200,3.39,-0.96709006928407,MSFT
2002-01-14,2.9,3.27,2.62,2.985,50997800,3.055,-0.20405188747996,MSFT
2002-01-15,3.08,3.56,3.0,3.525,60717400,2.985,1.5773331386008,MSFT
2002-01-16,3.175,3.67,2.675,2.685,61955400,3.525,-2.4155283968368,MSFT
2002-01-17,3.015,3.75,2.95,3.68,78958000,2.685,2.9320760277,MSFT
2002-01-18,2.3,2.675,1.46,1.8,107140400,3.68,-5.3821929573433,MSFT
2002-01-22,2.055,2.065,0.87500000000001,0.98,76837200,1.8,-2.4810892586989,MSFT
2002-01-23,0.77500000000001,1.105,0.37000000000001,0.62000000000001,80403000,0.98,-1.1169717654359,MSFT
2002-01-24,0.8,1.34,0.65000000000001,1.05,83886000,0.62000000000001,1.3492312519611,MSFT
2002-01-25,0.84500000000001,1.175,0.50500000000001,0.65000000000001,48981200,1.05,-1.2383900928793,MSFT
2002-01-28,0.86500000000001,0.95000000000001,0.205,0.66000000000001,41622000,0.65000000000001,0.03134796238245,MSFT
2002-01-29,0.70000000000001,1.0,-0.25499999999999,-0.089999999999989,58666000,0.66000000000001,-2.3503603885929,MSFT
2002-01-30,-0.024999999999991,0.20000000000001,-0.58499999999999,0.17500000000001,66100000,-0.089999999999989,0.85044929396663,MSFT
2002-01-31,0.28000000000001,0.65500000000001,-0.18999999999999,0.60500000000001,69566200,0.17500000000001,1.3683373110581,MSFT
2002-02-01,0.82500000000001,1.0,-0.014999999999993,0.080000000000005,63462200,0.60500000000001,-1.6480929210485,MSFT
2002-02-04,-0.04999999999999,0.095000000000005,-0.87499999999999,-0.68999999999999,70308400,0.080000000000005,-2.4577082668369,MSFT
2002-02-05,-0.84999999999999,-0.13499999999999,-0.99999999999999,-0.67499999999999,66772600,-0.68999999999999,0.04908376963351,MSFT
2002-02-06,-0.44499999999999,-0.30499999999999,-1.125,-1.05,66103000,-0.67499999999999,-1.2264922322159,MSFT
2002-02-07,-1.1,-0.44499999999999,-1.375,-1.35,63314000,-1.05,-0.99337748344371,MSFT
2002-02-08,-1.19,-0.91999999999999,-1.835,-0.92499999999999,61283000,-1.35,1.4214046822743,MSFT
2002-02-11,-1.245,-0.62999999999999,-1.455,-0.68499999999999,50899600,-0.92499999999999,0.79142621599341,MSFT
2002-02-12,-1.005,-0.82499999999999,-1.24,-1.18,44973800,-0.68499999999999,-1.6194994274497,MSFT
2002-02-13,-1.12,-0.30999999999999,-1.275,-0.33999999999999,54168600,-1.18,2.7934818756235,MSFT
2002-02-14,-0.24999999999999,0.24500000000001,-0.58999999999999,-0.40999999999999,57267000,-0.33999999999999,-0.22646392753154,MSFT
2002-02-15,-0.39999999999999,-0.21999999999999,-1.15,-1.135,50179800,-0.40999999999999,-2.3508430609598,MSFT
2002-02-19,-1.295,-1.18,-1.95,-1.785,52262600,-1.135,-2.1583928274946,MSFT
2002-02-20,-1.55,-1.07,-1.85,-1.3,50492000,-1.785,1.6460207025284,MSFT
2002-02-21,-1.39,-1.115,-2.245,-2.225,59398400,-1.3,-3.0884808013356,MSFT
2002-02-22,-2.225,-1.875,-2.675,-2.255,71347800,-2.225,-0.10335917312661,MSFT
2002-02-25,-2.28,-1.305,-2.305,-1.71,51832200,-2.255,1.8796344197275,MSFT
2002-02-26,-1.7,-1.25,-2.3,-1.975,63276200,-1.71,-0.89708869329723,MSFT
2002-02-27,-1.715,-1.175,-2.255,-2.055,65750000,-1.975,-0.2732707087959,MSFT
2002-02-28,-1.86,-1.4,-2.18,-2.08,68068000,-2.055,-0.085631101215957,MSFT
2002-03-01,-1.725,-0.53999999999999,-1.825,-0.56499999999999,62115600,-2.08,5.1936921494686,MSFT
2002-03-04,-0.62999999999999,0.50000000000001,-0.81499999999999,0.4,74464200,-0.56499999999999,3.1448590516539,MSFT
2002-03-05,0.25000000000001,0.69000000000001,-0.079999999999991,0.29000000000001,55926400,0.4,-0.347551342812,MSFT
2002-03-06,0.205,0.60000000000001,-0.15499999999999,0.56500000000001,49835400,0.29000000000001,0.87190868738111,MSFT
2002-03-07,0.58500000000001,0.69000000000001,-0.31999999999999,0.11000000000001,58079200,0.56500000000001,-1.4301430143014,MSFT
2002-03-08,0.56500000000001,1.1,0.33500000000001,0.72500000000001,57701800,0.11000000000001,1.9610969387755,MSFT
2002-03-11,0.50500000000001,1.25,0.25000000000001,0.92000000000001,43718200,0.72500000000001,0.60985144644253,MSFT
2002-03-12,0.010000000000013,0.15000000000001,-0.41499999999999,0.02000000000001,66407200,0.92000000000001,-2.7976375505129,MSFT
2002-03-13,-0.20999999999999,0.26000000000001,-0.27499999999999,-0.19999999999999,44387400,0.02000000000001,-0.70354972817397,MSFT
2002-03-14,-0.17999999999999,-0.12999999999999,-0.72499999999999,-0.63999999999999,51819600,-0.19999999999999,-1.4170692431562,MSFT
2002-03-15,-0.74999999999999,0.0050000000000108,-0.76499999999999,-0.0049999999999881,69086800,-0.63999999999999,2.0744854622672,MSFT
2002-03-18,0.12000000000001,0.24500000000001,-0.64999999999999,-0.17999999999999,52296800,-0.0049999999999881,-0.5600896143383,MSFT
2002-03-19,-0.15999999999999,0.25000000000001,-0.49999999999999,-0.13499999999999,36376400,-0.17999999999999,0.14483424525265,MSFT
2002-03-20,-0.54999999999999,-0.23999999999999,-1.2,-1.2,55235200,-0.13499999999999,-3.4227864374096,MSFT
2002-03-21,-1.145,-0.45499999999999,-1.335,-0.56999999999999,46123400,-1.2,2.0965058236273,MSFT
2002-03-22,-0.72499999999999,-0.67999999999999,-1.14,-1.025,41341400,-0.56999999999999,-1.4830508474576,MSFT
2002-03-25,-1.01,-0.85999999999999,-1.675,-1.635,47752400,-1.025,-2.0181968569065,MSFT
2002-03-26,-1.7,-0.78999999999999,-2.095,-1.71,69357200,-1.635,-0.25325004220834,MSFT
2002-03-27,-1.85,-1.31,-1.955,-1.53,47318400,-1.71,0.6093432633717,MSFT
2002-03-28,-1.275,-0.92499999999999,-1.42,-1.095,43901200,-1.53,1.4636608344549,MSFT
2002-04-01,-1.335,-1.05,-1.65,-1.06,47010000,-1.095,0.11606698723263,MSFT
2002-04-02,-1.8,-1.705,-2.695,-2.61,76509400,-1.06,-5.1341503809208,MSFT
2002-04-03,-2.53,-2.445,-3.5,-3.085,76931400,-2.61,-1.6585195530726,MSFT
2002-04-04,-3.26,-2.765,-3.54,-3.025,61763800,-3.085,0.21303035682586,MSFT
2002-04-05,-2.805,-2.6,-3.33,-3.315,50166000,-3.025,-1.0274579273694,MSFT
2002-04-08,-4.1,-2.595,-4.12,-2.64,73389600,-3.315,2.4163236083766,MSFT
2002-04-09,-2.585,-2.535,-3.85,-3.815,63413000,-2.64,-4.1069556099266,MSFT
2002-04-10,-3.69,-2.695,-3.72,-3.1,75636400,-3.815,2.6061600145799,MSFT
2002-04-11,-3.305,-3.025,-4.0,-3.855,58165800,-3.1,-2.6820603907638,MSFT
2002-04-12,-3.675,-3.12,-3.82,-3.285,52297600,-3.855,2.0806716554116,MSFT
2002-04-15,-3.25,-2.875,-3.55,-3.405,47388800,-3.285,-0.4291078133381,MSFT
2002-04-16,-3.05,-2.2,-3.07,-2.345,51921600,-3.405,3.8067875740708,MSFT
2002-04-17,-2.275,-2.11,-3.04,-2.935,55158600,-2.345,-2.0411693478637,MSFT
2002-04-18,-2.855,-2.595,-4.91,-3.065,74794800,-2.935,-0.45912060745189,MSFT
2002-04-19,-2.53,-2.26,-2.82,-2.65,104268600,-3.065,1.4724144048253,MSFT
2002-04-22,-2.99,-2.9,-3.75,-3.455,51465200,-2.65,-2.8146853146853,MSFT
2002-04-23,-3.4,-3.34,-4.6,-4.255,68281400,-3.455,-2.878215506386,MSFT
2002-04-24,-4.325,-4.035,-4.75,-4.74,61220400,-4.255,-1.7966290053714,MSFT
2002-04-25,-4.8,-4.025,-4.81,-4.385,57290400,-4.74,1.339117314221,MSFT
2002-04-26,-4.215,-4.025,-5.52,-5.5,62776600,-4.385,-4.1503815373162,MSFT
2002-04-29,-5.515,-4.795,-5.53,-5.13,70246000,-5.5,1.4368932038835,MSFT
2002-04-30,-5.2,-4.6,-5.29,-5.12,77384000,-5.13,0.038284839203668,MSFT
2002-05-01,-5.17,-4.655,-5.92,-4.875,76413000,-5.12,0.93761959433602,MSFT
2002-05-02,-4.93,-4.215,-5.675,-5.645,79009200,-4.875,-2.9194312796209,MSFT
2002-05-03,-5.62,-5.41,-6.495,-6.47,71628000,-5.645,-3.2220269478617,MSFT
2002-05-06,-6.53,-5.98,-7.065,-6.94,66299400,-6.47,-1.8966908797417,MSFT
2002-05-07,-6.66,-6.105,-7.075,-6.515,88385400,-6.94,1.7482517482518,MSFT
2002-05-08,-5.615,-3.765,-5.64,-3.765,101242000,-6.515,11.117849201536,MSFT
2002-05-09,-4.05,-3.75,-5.3,-5.19,83288200,-3.765,-5.1846461706385,MSFT
2002-05-10,-4.985,-4.915,-6.255,-6.225,64408800,-5.19,-3.9716039907905,MSFT
2002-05-13,-6.025,-4.795,-6.375,-4.905,64819000,-6.225,5.2747252747253,MSFT
2002-05-14,-4.05,-3.7,-4.26,-3.81,64832400,-4.905,4.1563864110837,MSFT
2002-05-15,-4.005,-3.03,-4.32,-3.875,70412000,-3.81,-0.23688046647231,MSFT
2002-05-16,-3.895,-3.235,-3.925,-3.38,53406400,-3.875,1.8082191780822,MSFT
2002-05-17,-3.145,-3.05,-3.615,-3.235,54646200,-3.38,0.52027269465375,MSFT
2002-05-20,-3.5,-3.475,-4.5,-4.245,52115800,-3.235,-3.6052114938426,MSFT
2002-05-21,-4.275,-3.95,-5.185,-5.155,63120000,-4.245,-3.3697463432698,MSFT
2002-05-22,-5.315,-4.39,-5.325,-4.405,54169400,-5.155,2.8741138149071,MSFT
2002-05-23,-4.4,-3.83,-4.745,-3.84,51412800,-4.405,2.1046749860309,MSFT
2002-05-24,-4.18,-3.99,-4.73,-4.62,35982000,-3.84,-2.8456767603065,MSFT
2002-05-28,-4.455,-4.405,-5.375,-5.09,49602000,-4.62,-1.7649267743147,MSFT
2002-05-29,-5.425,-4.89,-5.475,-5.225,45393200,-5.09,-0.51605504587157,MSFT
2002-05-30,-5.43,-4.57,-5.535,-4.93,63213000,-5.225,1.133525456292,MSFT
2002-05-31,-4.8,-4.54,-5.81,-5.795,66468000,-4.93,-3.2864741641337,MSFT
2002-06-03,-5.755,-5.43,-6.665,-6.54,88439000,-5.795,-2.9267334511884,MSFT
2002-06-04,-6.5,-5.635,-6.63,-6.26,88008400,-6.54,1.1331444759207,MSFT
2002-06-05,-6.035,-5.375,-6.085,-5.42,66969400,-6.26,3.3613445378151,MSFT
2002-06-06,-5.5,-5.18,-6.25,-5.3,78703400,-5.42,0.46457607433218,MSFT
2002-06-07,-6.305,-4.95,-6.32,-5.26,97834400,-5.3,0.15414258188824,MSFT
2002-06-10,-5.425,-4.6,-5.52,-4.84,71825400,-5.26,1.6160061562139,MSFT
2002-06-11,-4.63,-4.16,-5.04,-4.965,74368200,-4.84,-0.47330556607346,MSFT
2002-06-12,-4.96,-3.36,-5.0,-3.48,136198600,-4.965,5.6496100437512,MSFT
2002-06-13,-3.83,-3.51,-4.15,-4.14,79771600,-3.48,-2.3766654663306,MSFT
2002-06-14,-4.675,-3.475,-4.75,-3.625,109433600,-4.14,1.8996680191811,MSFT
2002-06-17,-3.42,-3.03,-3.565,-3.41,94486600,-3.625,0.77828054298642,MSFT
2002-06-18,-3.485,-3.105,-3.575,-3.255,77518400,-3.41,0.55675287356322,MSFT
2002-06-19,-3.515,-3.28,-4.09,-4.07,81247000,-3.255,-2.9112341489552,MSFT
2002-06-20,-4.065,-3.7,-4.3,-4.2,86401200,-4.07,-0.47829286239882,MSFT
2002-06-21,-4.55,-3.975,-5.11,-5.11,116820000,-4.2,-3.3641404805915,MSFT
2002-06-24,-5.205,-3.93,-5.325,-4.17,104523200,-5.11,3.5960214231063,MSFT
2002-06-25,-3.9,-3.75,-4.85,-4.775,84025200,-4.17,-2.2341211225997,MSFT
2002-06-26,-5.725,-4.055,-5.725,-4.185,112131400,-4.775,2.2285174693107,MSFT
2002-06-27,-3.95,-3.78,-4.82,-3.79,95812400,-4.185,1.4594494734897,MSFT
2002-06-28,-3.975,-3.355,-4.25,-3.9,89555600,-3.79,-0.40058266569556,MSFT
2002-07-01,-4.19,-4.055,-4.96,-4.92,66473800,-3.9,-3.7294332723949,MSFT
2002-07-02,-5.06,-4.79,-5.585,-5.53,82814200,-4.92,-2.316748955564,MSFT
2002-07-03,-5.63,-4.99,-6.025,-5.33,80936600,-5.53,0.77760497667186,MSFT
2002-07-05,-4.705,-3.8,-4.725,-3.825,35673600,-5.33,5.8063271604938,MSFT
2002-07-08,-4.045,-3.785,-4.96,-4.79,63199400,-3.825,-3.5186873290793,MSFT
2002-07-09,-4.595,-3.885,-4.765,-4.645,85277200,-4.79,0.5479969765684,MSFT
2002-07-10,-4.405,-4.15,-5.185,-5.13,90673400,-4.645,-1.8229656079684,MSFT
2002-07-11,-5.23,-4.715,-5.625,-4.795,129550600,-5.13,1.2825421133231,MSFT
2002-07-12,-4.565,-4.385,-5.51,-5.32,95733800,-4.795,-1.984501984502,MSFT
2002-07-15,-5.555,-5.32,-7.25,-5.35,136965600,-5.32,-0.11569610489781,MSFT
2002-07-16,-5.595,-4.85,-5.93,-5.625,97154600,-5.35,-1.0617760617761,MSFT
2002-07-17,-4.99,-4.6,-5.665,-5.25,98034800,-5.625,1.4634146341463,MSFT
2002-07-18,-5.22,-4.88,-5.92,-5.695,91053600,-5.25,-1.7115384615385,MSFT
2002-07-19,-6.315,-5.805,-6.845,-6.47,112543400,-5.695,-3.0326746233614,MSFT
2002-07-22,-6.775,-6.255,-8.3,-7.495,180069800,-6.47,-4.136400322841,MSFT
2002-07-23,-8.005,-7.85,-9.765,-9.745,168061600,-7.495,-9.4716901704904,MSFT
2002-07-24,-10.375,-8.07,-10.545,-8.135,202307800,-9.745,7.4866310160428,MSFT
2002-07-25,-8.525,-8.395,-10.03,-9.835,163411400,-8.135,-7.3545316893792,MSFT
2002-07-26,-9.38,-8.545,-9.41,-8.575,123538000,-9.835,5.883726360028,MSFT
2002-07-29,-7.825,-7.1,-7.975,-7.125,112148600,-8.575,6.3947078280044,MSFT
2002-07-30,-7.475,-6.835,-7.585,-7.2,122690600,-7.125,-0.31088082901554,MSFT
2002-07-31,-7.445,-7.25,-8.07,-7.26,93875600,-7.2,-0.24948024948026,MSFT
2002-08-01,-7.46,-7.205,-8.5,-8.375,92002800,-7.26,-4.6477699041267,MSFT
2002-08-02,-8.495,-8.325,-9.35,-9.045,85947600,-8.375,-2.9289617486339,MSFT
2002-08-05,-9.105,-8.665,-9.345,-9.255,78941600,-9.045,-0.94573294303084,MSFT
2002-08-06,-8.8,-7.625,-8.83,-8.415,88715800,-9.255,3.8190497840418,MSFT
2002-08-07,-7.75,-7.6,-8.67,-7.705,86349400,-8.415,3.1092620976571,MSFT
2002-08-08,-7.695,-6.75,-8.045,-6.795,88748000,-7.705,3.8649394775961,MSFT
2002-08-09,-7.175,-6.675,-7.42,-7.19,69049400,-6.795,-1.615211613167,MSFT
2002-08-12,-7.445,-6.875,-7.45,-7.015,56866600,-7.19,0.72734829592685,MSFT
2002-08-13,-7.255,-6.4,-7.79,-7.72,100122800,-7.015,-2.9090158861151,MSFT
2002-08-14,-7.625,-6.385,-7.645,-6.395,96706000,-7.72,5.6311092222694,MSFT
2002-08-15,-6.27,-5.88,-6.875,-6.365,98745600,-6.395,0.12070006035003,MSFT
2002-08-16,-6.535,-6.135,-6.79,-6.25,69334000,-6.365,0.46212577858147,MSFT
2002-08-19,-6.23,-5.225,-6.325,-5.25,79848200,-6.25,4.0,MSFT
2002-08-20,-5.56,-5.4,-5.875,-5.73,70317600,-5.25,-1.8461538461538,MSFT
2002-08-21,-5.47,-5.06,-5.675,-5.11,81203400,-5.73,2.4294670846395,MSFT
2002-08-22,-4.825,-4.525,-4.95,-4.635,72517600,-5.11,1.8171384850803,MSFT
2002-08-23,-4.92,-4.825,-5.33,-5.14,57929200,-4.635,-1.8974262633853,MSFT
2002-08-26,-5.0,-4.925,-5.66,-5.2,55652400,-5.14,-0.22979701263883,MSFT
2002-08-27,-5.085,-5.025,-5.925,-5.83,65470200,-5.2,-2.4184261036468,MSFT
2002-08-28,-6.01,-5.92,-6.6,-6.56,68875000,-5.83,-2.8717545239969,MSFT
2002-08-29,-6.805,-5.75,-6.99,-5.96,94275600,-6.56,2.4301336573511,MSFT
2002-08-30,-6.18,-6.01,-6.75,-6.71,58138400,-5.96,-2.9655990510083,MSFT
2002-09-03,-6.99,-6.99,-7.75,-7.74,74452600,-6.71,-4.1972290138549,MSFT
2002-09-04,-7.525,-6.95,-7.675,-7.145,80232000,-7.74,2.5308379413016,MSFT
2002-09-05,-7.5,-7.49,-8.31,-8.295,90438800,-7.145,-4.7707944409874,MSFT
2002-09-06,-7.375,-7.115,-7.515,-7.34,69918400,-8.295,4.1603136571553,MSFT
2002-09-09,-7.625,-6.775,-7.935,-6.9,81653200,-7.34,1.8402342116269,MSFT
2002-09-10,-6.98,-6.34,-7.075,-6.355,83950000,-6.9,2.2381930184805,MSFT
2002-09-11,-6.135,-5.7,-6.985,-6.96,77443200,-6.355,-2.4302068688492,MSFT
2002-09-12,-7.175,-7.1,-7.74,-7.675,63726800,-6.96,-2.943598188555,MSFT
2002-09-13,-7.8,-7.12,-7.825,-7.295,59549200,-7.675,1.6118769883351,MSFT
2002-09-16,-7.45,-7.185,-7.725,-7.36,50166200,-7.295,-0.27134209977039,MSFT
2002-09-17,-6.915,-6.8,-7.645,-7.605,73343400,-7.36,-1.0255336961072,MSFT
2002-09-18,-7.89,-7.13,-7.92,-7.375,83951800,-7.605,0.97272150560372,MSFT
2002-09-19,-7.91,-7.34,-7.955,-7.65,77777600,-7.375,-1.151832460733,MSFT
2002-09-20,-7.395,-7.25,-7.6,-7.52,130619200,-7.65,0.55084745762711,MSFT
2002-09-23,-7.95,-7.895,-8.845,-8.635,89783800,-7.52,-4.6986936367467,MSFT
2002-09-24,-8.835,-8.01,-8.935,-8.43,104142200,-8.635,0.90647800132656,MSFT
2002-09-25,-8.05,-7.77,-8.725,-7.995,107116600,-8.43,1.9062226117441,MSFT
2002-09-26,-7.695,-7.5,-8.275,-8.15,100852200,-7.995,-0.66652332831648,MSFT
2002-09-27,-8.23,-7.7,-8.655,-8.625,81011600,-8.15,-2.0562770562771,MSFT
2002-09-30,-8.815,-8.73,-9.695,-9.38,115577000,-8.625,-3.3370165745856,MSFT
2002-10-01,-9.09,-8.125,-9.655,-8.135,110636600,-9.38,5.6927297668038,MSFT
2002-10-02,-8.2,-7.845,-8.67,-8.445,103488600,-8.135,-1.3411204845338,MSFT
2002-10-03,-8.6,-7.955,-8.95,-8.85,105221400,-8.445,-1.7759263319448,MSFT
2002-10-04,-8.555,-8.465,-9.405,-9.365,107120400,-8.85,-2.2991071428571,MSFT
2002-10-07,-9.345,-8.72,-9.405,-9.225,89790000,-9.365,0.63970756225724,MSFT
2002-10-08,-8.875,-8.26,-9.185,-8.755,115667600,-9.225,2.1339387060159,MSFT
2002-10-09,-9.135,-8.525,-9.345,-9.255,123142600,-8.755,-2.2227161591465,MSFT
2002-10-10,-9.25,-7.94,-9.625,-8.06,118515000,-9.255,5.4330529665833,MSFT
2002-10-11,-7.57,-6.8,-7.745,-6.815,108828800,-8.06,5.3686934023286,MSFT
2002-10-14,-7.125,-6.585,-7.33,-6.605,76216200,-6.815,0.85942295887048,MSFT
2002-10-15,-5.62,-5.065,-5.925,-5.105,133374200,-6.605,6.0864272671942,MSFT
2002-10-16,-6.055,-5.62,-6.11,-6.045,95437400,-5.105,-3.5953337158156,MSFT
2002-10-17,-5.11,-5.0,-6.225,-5.865,182602400,-6.045,0.71414401904385,MSFT
2002-10-18,-4.95,-4.65,-5.68,-4.675,152817200,-5.865,4.6878077604885,MSFT
2002-10-21,-5.265,-4.755,-5.57,-4.995,112378600,-4.675,-1.2041392285983,MSFT
2002-10-22,-5.535,-5.285,-5.735,-5.415,87159000,-4.995,-1.5996952961341,MSFT
2002-10-23,-5.535,-4.62,-5.535,-4.65,110866600,-5.415,2.9610992839172,MSFT
2002-10-24,-4.57,-4.565,-5.8,-5.635,95833400,-4.65,-3.703007518797,MSFT
2002-10-25,-5.625,-4.85,-5.67,-4.91,75425800,-5.635,2.8303728284209,MSFT
2002-10-28,-4.55,-4.5,-5.495,-5.275,79906600,-4.91,-1.3857251328777,MSFT
2002-10-29,-5.175,-5.005,-5.825,-5.215,90517200,-5.275,0.23099133782483,MSFT
2002-10-30,-5.15,-4.555,-5.435,-4.695,94451200,-5.215,1.9973113116958,MSFT
2002-10-31,-4.655,-4.215,-4.825,-4.515,105973800,-4.695,0.67783844850311,MSFT
2002-11-01,-5.035,-4.63,-5.3,-4.75,105097800,-4.515,-0.87899756873013,MSFT
2002-11-04,-2.875,-2.625,-3.49,-3.2,139964200,-4.75,5.8490566037736,MSFT
2002-11-05,-3.36,-2.85,-3.46,-2.91,76658200,-3.2,1.0338680926916,MSFT
2002-11-06,-2.755,-2.7,-3.485,-2.735,115407000,-2.91,0.61750176429076,MSFT
2002-11-07,-3.15,-2.94,-3.5,-3.245,73699600,-2.735,-1.788532351394,MSFT
2002-11-08,-3.25,-2.975,-3.745,-3.7,64522200,-3.245,-1.6247098732369,MSFT
2002-11-11,-3.715,-3.7,-4.34,-4.32,58341200,-3.7,-2.2504537205082,MSFT
2002-11-12,-4.2,-3.535,-4.3,-3.995,81398600,-4.32,1.2068325287783,MSFT
2002-11-13,-4.13,-3.285,-4.195,-3.57,107370200,-3.995,1.5593469088241,MSFT
2002-11-14,-3.255,-2.75,-3.315,-2.755,78337000,-3.57,2.9443641618497,MSFT
2002-11-15,-2.95,-2.79,-3.415,-2.905,77533600,-2.755,-0.52640814177927,MSFT
2002-11-18,-2.775,-2.735,-3.38,-3.325,58086400,-2.905,-1.4817428117834,MSFT
2002-11-19,-3.475,-3.35,-4.095,-3.82,76403400,-3.325,-1.7726051924799,MSFT
2002-11-20,-3.745,-2.8,-3.785,-2.94,76435400,-3.82,3.2081662413416,MSFT
2002-11-21,-2.76,-2.25,-2.86,-2.33,82922200,-2.94,2.1547156481809,MSFT
2002-11-22,-2.525,-2.1,-2.725,-2.14,70002000,-2.33,0.65698478561548,MSFT
2002-11-25,-2.22,-1.93,-2.465,-2.135,61583000,-2.14,0.017176228100306,MSFT
2002-11-26,-2.43,-2.125,-2.86,-2.8,68650400,-2.135,-2.2840460243861,MSFT
2002-11-27,-2.45,-1.945,-2.55,-2.21,55191800,-2.8,2.0738137082601,MSFT
2002-11-29,-2.035,-1.935,-2.41,-2.41,28393000,-2.21,-0.68870523415978,MSFT
2002-12-02,-1.925,-1.77,-2.745,-2.405,63735000,-2.41,0.017337031900135,MSFT
2002-12-03,-2.61,-2.575,-3.045,-2.895,58457400,-2.405,-1.6987346160513,MSFT
2002-12-04,-3.185,-2.53,-3.34,-2.98,83892000,-2.895,-0.29977076353377,MSFT
2002-12-05,-2.775,-2.705,-3.6,-3.58,68435800,-2.98,-2.1223912274496,MSFT
2002-12-06,-3.815,-3.38,-4.14,-3.515,71670200,-3.58,0.23491145645102,MSFT
2002-12-09,-3.75,-3.64,-4.495,-4.485,63862800,-3.515,-3.4973859744006,MSFT
2002-12-10,-4.47,-4.01,-4.51,-4.245,63730200,-4.485,0.89669344292919,MSFT
2002-12-11,-4.325,-3.745,-4.46,-3.92,69186200,-4.245,1.2034808368821,MSFT
2002-12-12,-3.75,-3.72,-4.405,-4.165,55242000,-3.92,-0.89645078668129,MSFT
2002-12-13,-4.41,-4.375,-5.005,-5.0,65245400,-4.165,-3.0828872069411,MSFT
2002-12-16,-4.75,-3.975,-4.915,-4.01,60140400,-5.0,3.7714285714286,MSFT
2002-12-17,-4.04,-3.755,-4.36,-4.07,49549800,-4.01,-0.22026431718061,MSFT
2002-12-18,-4.33,-4.05,-4.855,-4.485,62709400,-4.07,-1.5268579838116,MSFT
2002-12-19,-4.625,-3.875,-4.81,-4.695,82686600,-4.485,-0.78460676256305,MSFT
2002-12-20,-4.505,-4.39,-4.775,-4.73,98294600,-4.695,-0.13180192054227,MSFT
2002-12-23,-4.725,-4.11,-4.8,-4.25,48798400,-4.73,1.8099547511312,MSFT
2002-12-24,-4.48,-4.135,-4.49,-4.34,18386000,-4.25,-0.33333333333333,MSFT
2002-12-26,-4.235,-3.905,-4.665,-4.555,37228000,-4.34,-0.79895949461167,MSFT
2002-12-27,-4.61,-4.25,-4.8,-4.765,40891600,-4.555,-0.7866641693201,MSFT
2002-12-30,-4.745,-4.63,-5.115,-4.875,48019600,-4.765,-0.41532943175382,MSFT
2002-12-31,-4.88,-4.755,-5.62,-5.4,58208800,-4.875,-1.9905213270142,MSFT
2003-01-02,-5.1,-4.375,-5.395,-4.39,67025200,-5.4,3.9071566731141,MSFT
2003-01-03,-4.455,-4.35,-4.81,-4.355,55546800,-4.39,0.13030528667163,MSFT
2003-01-06,-4.24,-3.635,-4.35,-3.865,59456200,-4.355,1.8218999814092,MSFT
2003-01-07,-3.79,-3.245,-3.91,-3.35,80517400,-3.865,1.8805915647252,MSFT
2003-01-08,-3.565,-3.475,-4.195,-4.13,64566000,-3.35,-2.7956989247312,MSFT
2003-01-09,-3.89,-3.29,-3.985,-3.345,61808000,-4.13,2.8945427728614,MSFT
2003-01-10,-3.7,-3.1,-3.8,-3.29,67730200,-3.345,0.19709729439169,MSFT
2003-01-13,-2.99,-2.875,-3.365,-3.055,60817800,-3.29,0.84048640915593,MSFT
2003-01-14,-3.085,-2.75,-3.155,-2.765,54206400,-3.055,1.0285511615535,MSFT
2003-01-15,-2.75,-2.59,-3.155,-3.115,59622600,-2.765,-1.2287168685273,MSFT
2003-01-16,-3.09,-2.925,-3.695,-3.575,81371000,-3.115,-1.6349742313844,MSFT
2003-01-17,-4.78,-4.75,-5.595,-5.52,155876000,-3.575,-7.0280036133695,MSFT
2003-01-21,-5.315,-5.175,-5.605,-5.585,86159200,-5.52,-0.25262339681306,MSFT
2003-01-22,-5.455,-5.05,-5.795,-5.75,86948000,-5.585,-0.64289888953828,MSFT
2003-01-23,-5.275,-4.98,-5.52,-5.11,71374800,-5.75,2.5098039215686,MSFT
2003-01-24,-5.235,-5.225,-6.4,-6.325,103027000,-5.11,-4.6480489671002,MSFT
2003-01-27,-6.59,-5.95,-7.045,-6.665,114838600,-6.325,-1.3640922768305,MSFT
2003-01-28,-6.405,-6.4,-6.97,-6.84,86151200,-6.665,-0.71181614805776,MSFT
2003-01-29,-6.885,-6.23,-7.285,-6.295,106884000,-6.84,2.2326915198689,MSFT
2003-01-30,-6.17,-6.165,-7.155,-7.13,87877400,-6.295,-3.346022841114,MSFT
2003-01-31,-7.525,-7.075,-7.735,-7.52,106858400,-7.13,-1.6169154228856,MSFT
2003-02-03,-7.285,-6.7,-7.52,-6.97,80129800,-7.52,2.3177412557944,MSFT
2003-02-04,-7.35,-7.28,-7.81,-7.59,81854800,-6.97,-2.5535420098847,MSFT
2003-02-05,-7.335,-6.985,-7.885,-7.77,101072000,-7.59,-0.76077768385461,MSFT
2003-02-06,-7.82,-7.44,-7.97,-7.54,83312000,-7.77,0.97955706984668,MSFT
2003-02-07,-7.31,-7.275,-8.045,-7.96,75208000,-7.54,-1.7714044706875,MSFT
2003-02-10,-7.85,-7.49,-7.98,-7.56,74081400,-7.96,1.7174753112924,MSFT
2003-02-11,-7.6,-7.415,-8.25,-8.03,84292000,-7.56,-1.9839594765724,MSFT
2003-02-12,-7.975,-7.7,-8.12,-8.03,71315200,-8.03,0.0,MSFT
2003-02-13,-8.045,-7.69,-8.185,-7.755,73558200,-8.03,1.1843238587425,MSFT
2003-02-14,-7.625,-7.0,-7.865,-7.1,90446400,-7.755,2.787827197276,MSFT
2003-02-18,-6.63,-6.26,-6.85,-6.29,57543710,-7.1,-48.32298136646,MSFT
2003-02-19,-6.35,-6.29,-7.0,-6.64,47117900,-6.29,-1.7227564102564,MSFT
2003-02-20,-6.4,-6.3,-7.07,-7.02,51013880,-6.64,-1.5491235222177,MSFT
2003-02-21,-6.88,-6.37,-7.47,-6.56,56984250,-7.02,1.9047619047619,MSFT
2003-02-24,-6.73,-6.67,-7.33,-7.1,62503080,-6.56,-2.1942299878098,MSFT
2003-02-25,-7.63,-6.9,-7.79,-6.98,68292260,-7.1,0.49854590776901,MSFT
2003-02-26,-7.091,-6.7,-7.59,-7.57,57233350,-6.98,-2.4390243902439,MSFT
2003-02-27,-7.27,-6.96,-7.87,-7.59,75614170,-7.57,-0.084745762711878,MSFT
2003-02-28,-7.43,-7.1,-7.611,-7.47,56737930,-7.59,0.50890585241731,MSFT
2003-03-03,-7.15,-7.05,-7.7632,-7.63,50781440,-7.47,-0.67510548523207,MSFT
2003-03-04,-7.59,-7.51,-8.11,-8.1,56766410,-7.63,-1.9966015293118,MSFT
2003-03-05,-8.1,-7.62,-8.12,-7.73,55610640,-8.1,1.6038144776766,MSFT
2003-03-06,-8.0,-7.67,-8.04,-7.9,51435880,-7.73,-0.72525597269625,MSFT
2003-03-07,-8.22,-7.38,-8.27,-7.61,66143200,-7.9,1.2462397937258,MSFT
2003-03-10,-7.86,-7.71,-8.28,-8.22,48527760,-7.61,-2.5891341256367,MSFT
2003-03-11,-8.11,-7.9021,-8.41,-8.38,54126090,-8.22,-0.69716775599129,MSFT
2003-03-12,-8.352,-7.73,-8.62,-7.78,72552040,-8.38,2.6327336551119,MSFT
2003-03-13,-7.45,-6.43,-7.73,-6.5,80932360,-7.78,5.4724241128688,MSFT
2003-03-14,-6.49,-6.209,-6.91,-6.31,75630550,-6.5,0.77016619375759,MSFT
2003-03-17,-6.65,-5.22,-6.84,-5.24,101186400,-6.31,4.3041029766693,MSFT
2003-03-18,-5.28,-5.13,-5.67,-5.13,78248770,-5.24,0.42421905129194,MSFT
2003-03-19,-5.19,-4.74,-5.43,-4.85,73802000,-5.13,1.0752688172043,MSFT
2003-03-20,-5.15,-4.65,-5.5,-4.92,71970650,-4.85,-0.26595744680851,MSFT
2003-03-21,-4.42,-4.27,-5.14,-4.6,85826300,-4.92,1.2190476190476,MSFT
2003-03-24,-5.62,-5.235,-5.9801,-5.88,61011490,-4.6,-4.8174633044787,MSFT
2003-03-25,-5.57,-5.419,-6.14,-5.68,63595210,-5.88,0.79082641360221,MSFT
2003-03-26,-5.71,-5.55,-5.93,-5.92,51609510,-5.68,-0.94154570419772,MSFT
2003-03-27,-6.23,-5.91,-6.571,-6.13,60043460,-5.92,-0.83168316831683,MSFT
2003-03-28,-6.5,-6.07,-6.57,-6.5,39570310,-6.13,-1.4776357827476,MSFT
2003-03-31,-6.92,-6.46,-7.16,-6.96,71384700,-6.5,-1.86461289015,MSFT
2003-04-01,-6.71,-6.47,-6.92,-6.82,49489130,-6.96,0.57827344072697,MSFT
2003-04-02,-6.07,-5.17,-6.07,-5.45,68295740,-6.82,5.6262833675565,MSFT
2003-04-03,-5.18,-5.08,-5.57,-5.44,57518380,-5.45,0.038880248833599,MSFT
2003-04-04,-5.41,-5.37,-6.24,-6.08,55741050,-5.44,-2.4873688301593,MSFT
2003-04-07,-4.94,-4.74,-6.0,-5.999,65627450,-6.08,0.32283778397768,MSFT
2003-04-08,-5.86,-5.335,-5.97,-5.59,54140430,-5.999,1.6248857812562,MSFT
2003-04-09,-5.56,-5.5,-6.63,-6.6,76890220,-5.59,-3.948397185301,MSFT
2003-04-10,-6.451,-6.38,-6.89,-6.58,51625440,-6.6,0.08140008140008,MSFT
2003-04-11,-6.28,-5.99,-7.22,-6.97,71717260,-6.58,-1.5860105734038,MSFT
2003-04-14,-6.9,-6.29,-7.17,-6.42,51950690,-6.97,2.2727272727273,MSFT
2003-04-15,-6.49,-6.38,-7.07,-6.56,63461110,-6.42,-0.56565656565657,MSFT
2003-04-16,-5.57,-5.43,-6.57,-6.25,86354690,-6.56,1.2596505485575,MSFT
2003-04-17,-6.4,-5.63,-6.43,-5.67,58519230,-6.25,2.3274478330658,MSFT
2003-04-21,-5.56,-5.56,-6.09,-5.96,41659880,-5.67,-1.1372549019608,MSFT
2003-04-22,-6.11,-5.37,-6.14,-5.43,58884750,-5.96,2.1023403411345,MSFT
2003-04-23,-5.42,-5.18,-5.7,-5.45,55795200,-5.43,-0.077700077700076,MSFT
2003-04-24,-5.75,-5.45,-5.85,-5.68,51812720,-5.45,-0.89424572317263,MSFT
2003-04-25,-5.84,-5.526,-6.0,-5.96,53770470,-5.68,-1.0984699882307,MSFT
2003-04-28,-5.78,-5.23,-5.85,-5.43,56389930,-5.96,2.1023403411345,MSFT
2003-04-29,-5.22,-4.92,-5.49,-5.361,66000610,-5.43,0.26806526806528,MSFT
2003-04-30,-5.37,-5.29,-5.92,-5.61,55690960,-5.361,-0.96477972800187,MSFT
2003-05-01,-5.63,-5.22,-5.83,-5.46,42204920,-5.61,0.58685446009391,MSFT
2003-05-02,-5.52,-4.88,-5.6,-5.04,52805040,-5.46,1.6336056009335,MSFT
2003-05-05,-4.92,-4.78,-5.33,-5.31,50524570,-5.04,-1.0332950631458,MSFT
2003-05-06,-5.31,-4.669,-5.35,-4.79,54417870,-5.31,2.0108275328693,MSFT
2003-05-07,-5.06,-4.82,-5.33,-5.18,49224500,-4.79,-1.4783927217589,MSFT
2003-05-08,-5.42,-5.022,-5.46,-5.42,46516130,-5.18,-0.9234320892651,MSFT
2003-05-09,-5.27,-4.67,-5.28,-4.82,59002630,-5.42,2.3300970873786,MSFT
2003-05-12,-5.02,-4.7,-5.11,-4.96,54001020,-4.82,-0.53130929791272,MSFT
2003-05-13,-5.13,-4.97,-5.28,-5.18,44583130,-4.96,-0.8393742846242,MSFT
2003-05-14,-5.09,-4.99,-5.624,-5.54,45110930,-5.18,-1.3851481338977,MSFT
2003-05-15,-5.32,-5.16,-5.6,-5.38,45548730,-5.54,0.62426843542723,MSFT
2003-05-16,-5.29,-5.12,-5.76,-5.6,60438290,-5.38,-0.85304381543233,MSFT
2003-05-19,-5.77,-5.63,-6.43,-6.37,55395490,-5.6,-3.0113414157215,MSFT
2003-05-20,-6.31,-6.17,-6.67,-6.54,52700940,-6.37,-0.68548387096775,MSFT
2003-05-21,-6.54,-6.46,-7.28,-7.14,109265000,-6.54,-2.436053593179,MSFT
2003-05-22,-6.97,-6.9,-7.13,-7.01,93245990,-7.14,0.54099042863087,MSFT
2003-05-23,-6.97,-6.63,-7.14,-6.95,77038280,-7.01,0.24834437086092,MSFT
2003-05-27,-6.92,-6.28,-6.951,-6.38,68487240,-6.95,2.3534269199009,MSFT
2003-05-28,-6.39,-6.299,-6.87,-6.76,91466490,-6.38,-1.5328761597418,MSFT
2003-05-29,-6.7,-6.5,-6.94,-6.77,75453450,-6.76,-0.040966816878335,MSFT
2003-05-30,-6.44,-6.26,-6.66,-6.56,85101610,-6.77,0.86065573770492,MSFT
2003-06-02,-6.19,-6.14,-6.6,-6.531,66311080,-6.56,0.11783827712312,MSFT
2003-06-03,-6.42,-6.25,-6.6,-6.29,61060330,-6.531,0.97812411217988,MSFT
2003-06-04,-6.18,-5.95,-6.43,-6.3,82878310,-6.29,-0.040192926045008,MSFT
2003-06-05,-6.7,-6.65,-7.161,-7.08,115891100,-6.3,-3.1363088057901,MSFT
2003-06-06,-6.73,-6.61,-7.52,-7.5,120566100,-7.08,-1.7434620174346,MSFT
2003-06-09,-7.45,-7.188,-7.5701,-7.42,73611720,-7.5,0.33798056611744,MSFT
2003-06-10,-7.23,-6.42,-7.32,-6.49,80658440,-7.42,3.9157894736842,MSFT
2003-06-11,-6.501,-6.21,-6.748,-6.29,75741980,-6.49,0.81037277147488,MSFT
2003-06-12,-6.2,-6.03,-6.43,-6.18,66169330,-6.29,0.44212218649517,MSFT
2003-06-13,-5.97,-5.92,-6.68,-6.52,55120820,-6.18,-1.3605442176871,MSFT
2003-06-16,-6.37,-5.75,-6.501,-5.78,69659010,-6.52,3.0020283975659,MSFT
2003-06-17,-5.53,-5.03,-5.64,-5.211,122214000,-5.78,2.2410397794407,MSFT
2003-06-18,-5.19,-4.74,-5.46,-5.1,89957900,-5.211,0.4275973650757,MSFT
2003-06-19,-5.08,-4.78,-5.16,-5.1,63626970,-5.1,0.0,MSFT
2003-06-20,-4.826,-4.79,-5.16,-4.84,85608000,-5.1,0.99731492136555,MSFT
2003-06-23,-5.03,-4.93,-5.68,-5.39,52615410,-4.84,-2.0888720091151,MSFT
2003-06-24,-5.52,-5.13,-5.65,-5.47,51935360,-5.39,-0.31031807602794,MSFT
2003-06-25,-5.53,-5.183,-6.031,-5.91,60505030,-5.47,-1.7120622568093,MSFT
2003-06-26,-5.78,-4.66,-5.96,-5.42,51669900,-5.91,1.9398258115598,MSFT
2003-06-27,-5.22,-4.83,-5.64,-5.54,76035450,-5.42,-0.46601941747573,MSFT
2003-06-30,-5.23,-5.05,-5.67,-5.53,53109050,-5.54,0.039016777214208,MSFT
2003-07-01,-5.58,-4.969,-5.78,-5.02,61019690,-5.53,1.9890795631825,MSFT
2003-07-02,-4.67,-4.24,-4.72,-4.29,95088650,-5.02,2.791586998088,MSFT
2003-07-03,-4.48,-4.22,-4.76,-4.67,39441210,-4.29,-1.4136904761905,MSFT
2003-07-07,-4.15,-3.619,-4.22,-3.75,88964550,-4.67,3.4716981132076,MSFT
2003-07-08,-3.91,-3.37,-3.921,-3.47,61963590,-3.75,1.0211524434719,MSFT
2003-07-09,-3.61,-3.47,-3.922,-3.7,62308610,-3.47,-0.83032490974729,MSFT
2003-07-10,-3.92,-3.72,-4.58,-4.26,55486940,-3.7,-2.0385875500546,MSFT
2003-07-11,-4.22,-3.72,-4.28,-3.861,50377310,-4.26,1.4827201783724,MSFT
2003-07-14,-3.54,-3.36,-4.12,-3.77,60466740,-3.861,0.333223479439,MSFT
2003-07-15,-3.7,-3.64,-4.07,-3.9,53566790,-3.77,-0.47445255474452,MSFT
2003-07-16,-3.61,-3.55,-3.97,-3.65,50250030,-3.9,0.91675834250092,MSFT
2003-07-17,-4.03,-3.9,-4.63,-4.48,73000140,-3.65,-3.015988372093,MSFT
2003-07-18,-4.06,-3.94,-4.42,-4.28,63387720,-4.48,0.74934432371675,MSFT
2003-07-21,-4.3,-4.26,-5.17,-5.13,48480890,-4.28,-3.1610264038676,MSFT
2003-07-22,-4.89,-4.61,-5.0389,-4.79,51689740,-5.13,1.3056835637481,MSFT
2003-07-23,-4.75,-4.52,-5.03,-4.72,49828250,-4.79,0.26535253980288,MSFT
2003-07-24,-4.39,-4.25,-5.19,-5.17,53556420,-4.72,-1.7013232514178,MSFT
2003-07-25,-4.89,-4.22,-5.1,-4.28,54173090,-5.17,3.4230769230769,MSFT
2003-07-28,-4.23,-4.17,-4.68,-4.56,52661440,-4.28,-1.0412792859799,MSFT
2003-07-29,-4.29,-4.27,-4.93,-4.7,62392340,-4.56,-0.5261180007516,MSFT
2003-07-30,-4.71,-4.6,-5.0,-4.94,41240500,-4.7,-0.90668681526256,MSFT
2003-07-31,-4.57,-4.18,-4.86,-4.76,64503910,-4.94,0.68623713305375,MSFT
2003-08-01,-4.84,-4.66,-5.05,-5.0,43190880,-4.76,-0.90874668686103,MSFT
2003-08-04,-5.02,-4.76,-5.42,-4.99,51828680,-5.0,0.038211692777982,MSFT
2003-08-05,-4.86,-4.63,-5.57,-5.51,58836050,-4.99,-1.9862490450726,MSFT
2003-08-06,-5.63,-4.98,-5.74,-5.52,56294520,-5.51,-0.038971161340614,MSFT
2003-08-07,-5.45,-5.36,-5.72,-5.46,44288160,-5.52,0.23391812865498,MSFT
2003-08-08,-5.29,-5.19,-5.67,-5.59,33244130,-5.46,-0.50563982886038,MSFT
2003-08-11,-5.56,-5.18,-5.63,-5.56,36434880,-5.59,0.11727912431588,MSFT
2003-08-12,-5.46,-5.4,-5.72,-5.44,38208440,-5.56,0.4685669660289,MSFT
2003-08-13,-5.38,-5.28,-5.67,-5.57,39689030,-5.44,-0.50524679362611,MSFT
2003-08-14,-5.51,-5.46,-5.65,-5.54,37416720,-5.57,0.11718749999999,MSFT
2003-08-15,-5.56,-5.51,-5.74,-5.63,27608360,-5.54,-0.35115099492782,MSFT
2003-08-18,-5.61,-5.34,-5.71,-5.47,45817610,-5.63,0.62646828504307,MSFT
2003-08-19,-5.32,-4.52,-5.4,-4.55,72962990,-5.47,3.579766536965,MSFT
2003-08-20,-4.87,-4.64,-5.17,-4.72,56796430,-4.55,-0.63861758076635,MSFT
2003-08-21,-4.52,-4.44,-5.04,-4.93,63903970,-4.72,-0.79395085066163,MSFT
2003-08-22,-4.39,-4.22,-4.96,-4.95,65851980,-4.93,-0.07621951219512,MSFT
2003-08-25,-4.86,-4.63,-4.94,-4.67,36152360,-4.95,1.067887109077,MSFT
2003-08-26,-4.86,-4.5,-5.21,-4.6,47546230,-4.67,0.26415094339623,MSFT
2003-08-27,-4.66,-4.59,-4.87,-4.75,30634920,-4.6,-0.5645464809936,MSFT
2003-08-28,-4.67,-4.59,-4.93,-4.66,46213440,-4.75,0.34065102195307,MSFT
2003-08-29,-4.71,-4.619,-4.82,-4.65,34776120,-4.66,0.037721614485092,MSFT
2003-09-02,-4.45,-3.87,-4.7,-3.91,74168920,-4.65,2.790346907994,MSFT
2003-09-03,-3.75,-2.77,-3.79,-2.87,109436800,-3.91,3.8151137197359,MSFT
2003-09-04,-3.07,-2.7,-3.18,-2.74,59891480,-2.87,0.45936395759717,MSFT
2003-09-05,-2.94,-2.42,-3.0,-2.79,64037350,-2.74,-0.17587055926838,MSFT
2003-09-08,-2.78,-2.25,-2.83,-2.33,46114910,-2.79,1.6208597603946,MSFT
2003-09-09,-2.525,-2.46,-2.856,-2.8,44323360,-2.33,-1.629680998613,MSFT
2003-09-10,-3.14,-2.99,-3.69,-3.62,54763510,-2.8,-2.8903771589707,MSFT
2003-09-11,-3.51,-3.06,-3.58,-3.33,37902090,-3.62,1.0526315789474,MSFT
2003-09-12,-3.69,-2.77,-4.47,-2.83,55780720,-3.33,1.7959770114943,MSFT
2003-09-15,-2.8,-2.56,-2.84,-2.81,41436050,-2.83,0.070571630204656,MSFT
2003-09-16,-2.76,-2.22,-2.85,-2.27,52270290,-2.81,1.9040902679831,MSFT
2003-09-17,-2.41,-2.22,-2.7,-2.67,47228830,-2.27,-1.3840830449827,MSFT
2003-09-18,-2.68,-1.66,-2.75,-1.67,67270970,-2.67,3.5087719298246,MSFT
2003-09-19,-1.41,-1.2,-1.65,-1.21,92496020,-1.67,1.5593220338983,MSFT
2003-09-22,-1.78,-1.17,-2.36,-2.1,65715120,-1.21,-2.9706275033378,MSFT
2003-09-23,-2.05,-1.46,-2.29,-1.57,57831940,-2.1,1.8231854145167,MSFT
2003-09-24,-1.56,-1.47,-2.751,-2.71,66448970,-1.57,-3.8513513513514,MSFT
2003-09-25,-2.7,-2.2103,-2.95,-2.93,56248810,-2.71,-0.77301475755447,MSFT
2003-09-26,-2.9,-2.39,-3.03,-2.98,49865850,-2.93,-0.1770538243626,MSFT
2003-09-29,-2.76,-2.26,-3.07,-2.34,47380760,-2.98,2.270308620078,MSFT
2003-09-30,-2.58,-2.56,-3.42,-3.37,63310370,-2.34,-3.5726673603885,MSFT
2003-10-01,-3.14,-2.54,-3.36,-2.65,58375780,-3.37,2.589928057554,MSFT
2003-10-02,-2.72,-2.42,-2.98,-2.67,38161440,-2.65,-0.070126227208975,MSFT
2003-10-03,-2.01,-1.71,-2.24,-2.09,57304170,-2.67,2.0350877192982,MSFT
2003-10-06,-2.02,-1.87,-2.26,-1.98,34047680,-2.09,0.37826685006879,MSFT
2003-10-07,-2.16,-1.798,-2.25,-2.03,52362600,-1.98,-0.17129153819802,MSFT
2003-10-08,-1.81,-1.81,-2.49,-2.35,46993860,-2.03,-1.0981468771448,MSFT
2003-10-09,-1.95,-1.8204,-2.37,-2.23,62720910,-2.35,0.41637751561416,MSFT
2003-10-10,-2.26,-1.97,-2.5,-2.26,37606410,-2.23,-0.10366275051832,MSFT
2003-10-13,-2.19,-2.07,-2.67,-2.39,39330000,-2.26,-0.44967139398132,MSFT
2003-10-14,-2.51,-2.4,-2.69,-2.49,35153480,-2.39,-0.34746351633079,MSFT
2003-10-15,-1.81,-1.75,-2.31,-1.94,58295670,-2.49,1.3598326359833,MSFT
2003-10-16,-2.1,-1.7,-2.21,-1.78,42268050,-1.94,0.55039559683523,MSFT
2003-10-17,-1.73,-1.72,-2.21,-2.08,49960000,-1.78,-1.0263427984947,MSFT
2003-10-20,-2.06,-1.64,-2.21,-1.66,38796020,-2.08,1.4517801590045,MSFT
2003-10-21,-1.66,-1.58,-1.84,-1.657,44171070,-1.66,0.010221465076661,MSFT
2003-10-22,-1.98,-1.8,-2.21,-2.12,48811440,-1.657,-1.5773515483937,MSFT
2003-10-23,-2.29,-1.93,-2.91,-2.1,67108270,-2.12,0.069228106611283,MSFT
2003-10-24,-3.74,-3.61,-4.59,-4.4,210870100,-2.1,-7.9557246627465,MSFT
2003-10-27,-4.1,-3.91,-4.19,-4.1,65620230,-4.4,1.1273957158963,MSFT
2003-10-28,-3.92,-3.79,-4.13,-3.81,71753340,-4.1,1.0776662950576,MSFT
2003-10-29,-3.85,-3.76,-4.35,-4.27,73551260,-3.81,-1.6911764705882,MSFT
2003-10-30,-4.0,-3.97,-5.1,-4.89,98730370,-4.27,-2.3186237845924,MSFT
2003-10-31,-4.64,-4.57,-4.9,-4.87,69626690,-4.89,0.076569678407349,MSFT
2003-11-03,-4.66,-4.26,-4.72,-4.33,57769850,-4.87,2.0657995409334,MSFT
2003-11-04,-4.42,-4.39,-5.0,-4.94,84025500,-4.33,-2.2863568215892,MSFT
2003-11-05,-4.86,-4.69,-5.01,-4.91,61569650,-4.94,0.11507479861911,MSFT
2003-11-06,-4.75,-4.71,-5.01,-4.78,68194250,-4.91,0.49808429118774,MSFT
2003-11-07,-4.63,-4.52,-4.98,-4.91,57842970,-4.78,-0.49561570720549,MSFT
2003-11-10,-4.89,-4.78,-5.01,-5.009,54579040,-4.91,-0.37931034482759,MSFT
2003-11-11,-5.0,-4.934,-5.34,-5.21,64993600,-5.009,-0.77304719049268,MSFT
2003-11-12,-5.16,-4.87,-5.41,-5.03,75940670,-5.21,0.69767441860465,MSFT
2003-11-13,-5.15,-5.08,-5.56,-5.32,78949570,-5.03,-1.1162432640493,MSFT
2003-11-14,-5.31,-4.99,-5.57,-5.51,83154560,-5.32,-0.73958738808876,MSFT
2003-11-17,-5.62,-5.57,-6.17,-5.86,103901500,-5.51,-1.3725490196078,MSFT
2003-11-18,-5.68,-5.17,-5.89,-5.86,107061400,-5.86,0.0,MSFT
2003-11-19,-5.72,-5.47,-5.84,-5.66,78858770,-5.86,0.79522862823063,MSFT
2003-11-20,-5.84,-5.379,-5.93,-5.91,106847500,-5.66,-0.9861932938856,MSFT
2003-11-21,-5.68,-5.63,-5.93,-5.9,70819180,-5.91,0.039840637450191,MSFT
2003-11-24,-5.68,-5.2,-5.73,-5.28,100260400,-5.9,2.4691358024691,MSFT
2003-11-25,-5.14,-5.06,-5.63,-5.61,85701250,-5.28,-1.2825495530509,MSFT
2003-11-26,-5.4,-5.38,-5.69,-5.56,69758350,-5.61,0.19685039370079,MSFT
2003-11-28,-5.51,-5.26,-5.61,-5.3,33404280,-5.56,1.0216110019646,MSFT
2003-12-01,-5.16,-4.8,-5.51,-5.17,101916300,-5.3,0.50563982886036,MSFT
2003-12-02,-5.06,-4.92,-5.4,-5.35,85110140,-5.17,-0.69659442724458,MSFT
2003-12-03,-5.19,-4.94,-5.39,-5.34,93112530,-5.35,0.038971161340614,MSFT
2003-12-04,-5.29,-4.78,-5.35,-4.81,87217700,-5.34,2.0646669263732,MSFT
2003-12-05,-5.05,-4.53,-5.091,-5.03,96615090,-4.81,-0.83969465648855,MSFT
2003-12-08,-4.89,-4.67,-5.2,-4.77,90604830,-5.03,1.0007698229407,MSFT
2003-12-09,-4.57,-4.4,-4.76,-4.63,103554700,-4.77,0.53353658536586,MSFT
2003-12-10,-4.56,-4.38,-4.63,-4.42,82853690,-4.63,0.79605761940865,MSFT
2003-12-11,-4.42,-4.24,-4.73,-4.4,79321210,-4.42,0.075216246709288,MSFT
2003-12-12,-4.32,-4.2,-4.51,-4.36,69212560,-4.4,0.15031942878617,MSFT
2003-12-15,-3.96,-3.91,-4.33,-4.27,88860550,-4.36,0.33771106941839,MSFT
2003-12-16,-4.18,-3.85,-4.24,-3.95,73978240,-4.27,1.1967090501122,MSFT
2003-12-17,-3.97,-3.93,-4.16,-3.97,53712230,-3.95,-0.073909830007389,MSFT
2003-12-18,-3.91,-3.56,-3.96,-3.61,61178120,-3.97,1.3313609467456,MSFT
2003-12-19,-3.52,-3.46,-3.82,-3.65,76923610,-3.61,-0.14598540145985,MSFT
2003-12-22,-3.85,-3.58,-4.04,-3.83,43894770,-3.65,-0.6578947368421,MSFT
2003-12-23,-3.84,-3.67,-4.0,-3.86,39610850,-3.83,-0.11037527593819,MSFT
2003-12-24,-3.87,-3.85,-4.01,-3.97,19924190,-3.86,-0.40515653775322,MSFT
2003-12-26,-3.96,-3.76,-4.01,-3.8,12076810,-3.97,0.62869822485208,MSFT
2003-12-29,-3.8,-3.48,-3.85,-3.55,40427000,-3.8,0.91877986034546,MSFT
2003-12-30,-3.6,-3.46,-3.61,-3.49,34403050,-3.55,0.21849963583394,MSFT
2003-12-31,-3.59,-3.46,-3.78,-3.64,42251890,-3.49,-0.54505813953488,MSFT
2004-01-02,-3.43,-3.24,-3.68,-3.56,44486440,-3.64,0.29229082937522,MSFT
2004-01-05,-3.28,-2.83,-3.29,-2.87,67333620,-3.56,2.5136612021858,MSFT
2004-01-06,-2.82,-2.73,-2.94,-2.77,46950780,-2.87,0.35536602700781,MSFT
2004-01-07,-2.84,-2.7,-3.0,-2.8,54298130,-2.77,-0.10623229461756,MSFT
2004-01-08,-2.62,-2.53,-3.01,-2.85,58810170,-2.8,-0.17724211272599,MSFT
2004-01-09,-2.98,-2.949,-3.42,-3.35,67073040,-2.85,-1.7755681818182,MSFT
2004-01-12,-3.34,-3.28,-3.66,-3.44,55843580,-3.35,-0.32537960954447,MSFT
2004-01-13,-3.47,-3.37,-3.75,-3.58,51555810,-3.44,-0.50779833151977,MSFT
2004-01-14,-3.5,-3.28,-3.54,-3.31,43905370,-3.58,0.9843237331389,MSFT
2004-01-15,-3.46,-3.29,-3.59,-3.47,58503660,-3.31,-0.57761732851986,MSFT
2004-01-16,-3.27,-3.13,-3.48,-3.2,63981690,-3.47,0.98039215686274,MSFT
2004-01-20,-3.02,-2.81,-3.08,-2.91,63073950,-3.2,1.0427903631787,MSFT
2004-01-21,-2.88,-2.71,-3.16,-2.71,53575530,-2.91,0.71174377224199,MSFT
2004-01-22,-2.64,-2.57,-3.07,-3.0,78917330,-2.71,-1.0247349823322,MSFT
2004-01-23,-2.74,-2.25,-2.79,-2.53,127261600,-3.0,1.6779721528026,MSFT
2004-01-26,-2.52,-2.18,-2.69,-2.21,58297550,-2.53,1.123595505618,MSFT
2004-01-27,-2.41,-2.29,-2.79,-2.76,63196110,-2.21,-1.9097222222222,MSFT
2004-01-28,-2.73,-2.57,-3.54,-3.3,71342680,-2.76,-1.9115044247788,MSFT
2004-01-29,-3.23,-3.06,-3.44,-3.1,63748370,-3.3,0.72176109707686,MSFT
2004-01-30,-3.16,-3.11,-3.46,-3.36,40528610,-3.1,-0.93156574704408,MSFT
2004-02-02,-3.38,-3.21,-3.77,-3.61,62891710,-3.36,-0.90415913200723,MSFT
2004-02-03,-3.59,-3.46,-3.83,-3.72,48000290,-3.61,-0.4014598540146,MSFT
2004-02-04,-3.86,-3.58,-4.0,-4.0,60662330,-3.72,-1.0260168559912,MSFT
2004-02-05,-3.95,-3.84,-4.18,-4.05,55542470,-4.0,-0.18511662347279,MSFT
2004-02-06,-4.01,-3.82,-4.08,-3.93,47209540,-4.05,0.44510385756676,MSFT
2004-02-09,-3.83,-3.781,-4.16,-4.11,48108430,-3.93,-0.66469719350074,MSFT
2004-02-10,-4.15,-3.86,-4.19,-3.99,37787220,-4.11,0.4460966542751,MSFT
2004-02-11,-4.06,-3.78,-4.16,-3.86,51515280,-3.99,0.48112509252405,MSFT
2004-02-12,-3.92,-3.86,-4.08,-4.06,44537000,-3.86,-0.7366482504604,MSFT
2004-02-13,-4.03,-3.95,-4.51,-4.42,67531050,-4.06,-1.3358070500928,MSFT
2004-02-17,-4.31,-3.91,-4.42,-4.02,43476950,-4.42,1.5043249341858,MSFT
2004-02-18,-4.09,-3.9,-4.27,-4.24,50333320,-4.02,-0.81511670989255,MSFT
2004-02-19,-4.11,-4.03,-4.58,-4.55,61840520,-4.24,-1.1580127007845,MSFT
2004-02-20,-4.36,-4.215,-4.51,-4.44,57819180,-4.55,0.41572184429327,MSFT
2004-02-23,-4.26,-4.25,-4.5301,-4.4,50254420,-4.44,0.15054572826496,MSFT
2004-02-24,-4.41,-4.06,-4.46,-4.13,55425540,-4.4,1.0146561443066,MSFT
2004-02-25,-4.12,-4.02,-4.4,-4.31,64281650,-4.13,-0.66964285714286,MSFT
2004-02-26,-4.38,-4.36,-4.6,-4.51,66603690,-4.31,-0.74906367041198,MSFT
2004-02-27,-4.53,-4.39,-4.66,-4.48,58266470,-4.51,0.11320754716982,MSFT
2004-03-01,-4.36,-4.29,-4.51,-4.31,51915250,-4.48,0.64078401809272,MSFT
2004-03-02,-4.38,-4.32,-4.66,-4.62,66330960,-4.31,-1.1610486891386,MSFT
2004-03-03,-4.66,-4.46,-4.79,-4.64,54998730,-4.62,-0.075786282682833,MSFT
2004-03-04,-4.64,-4.59,-4.8,-4.64,44023120,-4.64,0.0,MSFT
2004-03-05,-4.78,-4.41,-4.81,-4.66,59849760,-4.64,-0.075843761850586,MSFT
2004-03-08,-4.7,-4.66,-5.2,-5.18,69367150,-4.66,-1.9734345351044,MSFT
2004-03-09,-5.24,-5.04,-5.47,-5.29,81111690,-5.18,-0.42586140147116,MSFT
2004-03-10,-5.35,-5.21,-5.66,-5.64,75157760,-5.29,-1.3608087091757,MSFT
2004-03-11,-5.81,-5.23,-5.94,-5.92,90545960,-5.64,-1.1036657469452,MSFT
2004-03-12,-5.63,-5.5,-5.78,-5.63,64136880,-5.92,1.1558389796732,MSFT
2004-03-15,-5.68,-5.58,-5.95,-5.85,68835300,-5.63,-0.86682427107959,MSFT
2004-03-16,-5.74,-5.64,-5.9101,-5.83,65074800,-5.85,0.079491255961843,MSFT
2004-03-17,-5.76,-5.55,-5.9,-5.88,56241400,-5.83,-0.19857029388404,MSFT
2004-03-18,-6.05,-5.98,-6.43,-6.12,123230900,-5.88,-0.9550338241146,MSFT
2004-03-19,-6.17,-6.07,-6.45,-6.38,86284950,-6.12,-1.0445962233829,MSFT
2004-03-22,-6.48,-6.17,-7.0,-6.51,127605200,-6.38,-0.52781161185546,MSFT
2004-03-23,-6.38,-6.35,-6.9,-6.86,91694260,-6.51,-1.4285714285714,MSFT
2004-03-24,-6.65,-6.43,-6.83,-6.6,97542000,-6.86,1.0766045548654,MSFT
2004-03-25,-6.41,-5.77,-6.43,-5.82,85676390,-6.6,3.1954117165096,MSFT
2004-03-26,-5.9,-5.5,-6.01,-5.98,61578140,-5.82,-0.63517268757443,MSFT
2004-03-29,-5.77,-5.61,-6.01,-5.7,51884700,-5.98,1.1186576108669,MSFT
2004-03-30,-5.82,-5.68,-5.98,-5.81,59010360,-5.7,-0.43461082576057,MSFT
2004-03-31,-5.82,-5.81,-6.1401,-6.08,70533120,-5.81,-1.0714285714286,MSFT
2004-04-01,-6.06,-5.9,-6.16,-5.93,69050900,-6.08,0.60168471720818,MSFT
2004-04-02,-5.54,-5.11,-5.57,-5.16,98038800,-5.93,3.0701754385965,MSFT
2004-04-05,-5.21,-5.03,-5.28,-5.059,53799490,-5.16,0.39071566731141,MSFT
2004-04-06,-5.25,-5.11,-5.35,-5.21,48991970,-5.059,-0.58186582405302,MSFT
2004-04-07,-5.28,-5.23,-5.66,-5.42,63269840,-5.21,-0.8139534883721,MSFT
2004-04-08,-5.21,-5.16,-5.65,-5.53,45294350,-5.42,-0.42985541227042,MSFT
2004-04-12,-5.53,-5.27,-5.58,-5.4,38787290,-5.53,0.51020408163265,MSFT
2004-04-13,-5.331,-5.24,-5.6,-5.56,56978600,-5.4,-0.62475595470519,MSFT
2004-04-14,-5.61,-5.33,-5.63,-5.5,61078390,-5.56,0.23575638506877,MSFT
2004-04-15,-5.43,-5.28,-5.91,-5.795,73750400,-5.5,-1.156409251274,MSFT
2004-04-16,-5.7,-5.61,-5.9,-5.85,51768410,-5.795,-0.21812413246084,MSFT
2004-04-19,-5.93,-5.41,-5.95,-5.48,44589940,-5.85,1.4705882352941,MSFT
2004-04-20,-5.37,-5.13,-5.73,-5.68,59902650,-5.48,-0.78339208773992,MSFT
2004-04-21,-5.64,-5.52,-5.81,-5.56,49252940,-5.68,0.47374654559811,MSFT
2004-04-22,-5.49,-5.02,-5.54,-5.06,99205880,-5.56,1.9646365422397,MSFT
2004-04-23,-3.65,-3.29,-3.67,-3.47,258269000,-5.06,6.1271676300578,MSFT
2004-04-26,-3.56,-3.46,-3.91,-3.77,89390970,-3.47,-1.0893246187364,MSFT
2004-04-27,-3.8,-3.64,-3.88,-3.79,80716720,-3.77,-0.073421439060204,MSFT
2004-04-28,-3.96,-3.96,-4.54,-4.45,72842170,-3.79,-2.4246877296106,MSFT
2004-04-29,-4.48,-4.07,-4.7,-4.53,77787720,-4.45,-0.3012048192771,MSFT
2004-04-30,-4.35,-4.26,-5.05,-4.88,66172700,-4.53,-1.321752265861,MSFT
2004-05-03,-4.79,-4.49,-4.82,-4.66,65916250,-4.88,0.84194412552622,MSFT
2004-05-04,-4.65,-4.47,-4.99,-4.68,55496350,-4.66,-0.075901328273257,MSFT
2004-05-05,-4.74,-4.41,-4.76,-4.71,51841090,-4.68,-0.11393847322445,MSFT
2004-05-06,-4.87,-4.67,-4.981,-4.89,62693810,-4.71,-0.68441064638783,MSFT
2004-05-07,-4.97,-4.63,-5.26,-5.23,68290130,-4.89,-1.301684532925,MSFT
2004-05-10,-5.37,-4.96,-5.39,-5.08,64621350,-5.23,0.58184639255236,MSFT
2004-05-11,-4.93,-4.9,-5.22,-5.07,57974960,-5.08,0.038565368299273,MSFT
2004-05-12,-5.12,-5.01,-5.58,-5.07,64139040,-5.07,0.0,MSFT
2004-05-13,-5.16,-4.82,-5.22,-4.91,63859080,-5.07,0.61680801850424,MSFT
2004-05-14,-5.03,-4.84,-5.37,-5.15,43830670,-4.91,-0.91954022988507,MSFT
2004-05-17,-5.53,-5.22,-5.59,-5.47,55255940,-5.15,-1.2374323279196,MSFT
2004-05-18,-5.32,-5.04,-5.37,-5.18,58157280,-5.47,1.1354737666406,MSFT
2004-05-19,-4.95,-4.74,-5.39,-5.39,60052730,-5.18,-0.81300813008129,MSFT
2004-05-20,-5.27,-5.14,-5.42,-5.28,52081750,-5.39,0.42935206869633,MSFT
2004-05-21,-5.11,-4.81,-5.23,-5.12,57883310,-5.28,0.62184220753984,MSFT
2004-05-24,-4.96,-4.84,-5.27,-5.25,56250810,-5.12,-0.50212437234453,MSFT
2004-05-25,-5.31,-4.82,-5.41,-4.91,66612060,-5.25,1.3198757763975,MSFT
2004-05-26,-5.02,-4.86,-5.16,-4.87,50306880,-4.91,0.15325670498084,MSFT
2004-05-27,-4.85,-4.82,-5.09,-4.82,49067890,-4.87,0.19127773527162,MSFT
2004-05-28,-4.87,-4.66,-4.99,-4.78,37392950,-4.82,0.15273004963726,MSFT
2004-06-01,-4.9,-4.74,-5.14,-4.9,48475290,-4.78,-0.45749142203584,MSFT
2004-06-02,-4.87,-4.73,-5.0,-4.88,54019910,-4.9,0.076599004212944,MSFT
2004-06-03,-4.95,-4.88,-5.15,-5.12,45933020,-4.88,-0.91848450057405,MSFT
2004-06-04,-4.9,-4.77,-5.07,-5.06,48818780,-5.12,0.23174971031286,MSFT
2004-06-07,-4.93,-4.58,-5.04,-4.58,65223540,-5.06,1.849710982659,MSFT
2004-06-08,-4.74,-4.36,-4.77,-4.41,58447600,-4.58,0.64320847521756,MSFT
2004-06-09,-4.54,-4.36,-4.61,-4.54,50385530,-4.41,-0.48872180451129,MSFT
2004-06-10,-4.58,-4.22,-4.63,-4.24,48109310,-4.54,1.1333585190782,MSFT
2004-06-14,-4.44,-4.11,-4.48,-4.11,67386310,-4.24,0.48561822936122,MSFT
2004-06-15,-4.03,-3.41,-4.04,-3.605,114183400,-4.11,1.8773234200744,MSFT
2004-06-16,-3.73,-3.51,-3.86,-3.69,67431050,-3.605,-0.3101623791279,MSFT
2004-06-17,-3.71,-3.09,-3.72,-3.241,105425400,-3.69,1.6434846266471,MSFT
2004-06-18,-3.24,-2.51,-3.31,-2.66,134223400,-3.241,2.0922611545248,MSFT
2004-06-21,-2.68,-2.35,-2.89,-2.66,116882100,-2.66,0.0,MSFT
2004-06-22,-2.86,-2.66,-3.2,-2.72,98934680,-2.66,-0.21164021164022,MSFT
2004-06-23,-2.83,-2.63,-3.01,-2.71,58558360,-2.72,0.035348179568758,MSFT
2004-06-24,-2.59,-2.36,-2.65,-2.62,65505580,-2.71,0.31802120141343,MSFT
2004-06-25,-2.54,-2.38,-2.765,-2.44,75995450,-2.62,0.63402606551603,MSFT
2004-06-28,-2.41,-2.26,-2.84,-2.73,77068420,-2.44,-1.0150507525376,MSFT
2004-06-29,-2.83,-2.43,-2.83,-2.51,55475330,-2.73,0.77793493635077,MSFT
2004-06-30,-2.41,-2.21,-2.62,-2.45,83571100,-2.51,0.21052631578947,MSFT
2004-07-01,-2.33,-2.17,-2.75,-2.38,78967390,-2.45,0.24509803921569,MSFT
2004-07-02,-2.42,-2.33,-2.61,-2.44,36690470,-2.38,-0.20957038071952,MSFT
2004-07-06,-2.69,-2.68,-3.07,-2.99,69161930,-2.44,-1.9250962548127,MSFT
2004-07-07,-3.309,-2.69,-3.46,-2.91,66268150,-2.99,0.28551034975019,MSFT
2004-07-08,-3.14,-2.86,-3.46,-3.37,59125150,-2.91,-1.6370106761566,MSFT
2004-07-09,-3.26,-3.009,-3.37,-3.15,50253140,-3.37,0.79594790159189,MSFT
2004-07-12,-3.3,-3.009,-3.42,-3.12,45765300,-3.15,0.10768126346016,MSFT
2004-07-13,-3.1,-3.06,-3.41,-3.41,43287000,-3.12,-1.0397992111868,MSFT
2004-07-14,-3.64,-2.65,-3.67,-2.88,87656720,-3.41,1.9202898550725,MSFT
2004-07-15,-2.93,-2.8063,-3.21,-3.14,46761730,-2.88,-0.92428012797724,MSFT
2004-07-16,-2.85,-2.81,-3.76,-3.53,66405870,-3.14,-1.3993541442411,MSFT
2004-07-19,-3.37,-2.75,-3.41,-3.06,60358810,-3.53,1.7103347889374,MSFT
2004-07-20,-3.01,-2.53,-3.16,-2.69,88827420,-3.06,1.3237924865832,MSFT
2004-07-21,-1.43,-1.12,-2.2,-2.15,201298200,-2.69,1.9067796610169,MSFT
2004-07-22,-1.97,-1.71,-2.18,-2.01,124685700,-2.15,0.48510048510049,MSFT
2004-07-23,-2.85,-2.61,-2.99,-2.98,97550570,-2.01,-3.3448275862069,MSFT
2004-07-26,-2.64,-2.3,-2.811,-2.35,72389410,-2.98,2.247591865858,MSFT
2004-07-27,-2.28,-2.25,-2.88,-2.57,72968360,-2.35,-0.76762037683182,MSFT
2004-07-28,-2.69,-2.22,-2.73,-2.43,62722740,-2.57,0.49226441631504,MSFT
2004-07-29,-2.23,-2.21,-2.76,-2.53,60148310,-2.43,-0.34989503149055,MSFT
2004-07-30,-2.55,-2.2,-2.68,-2.52,59555160,-2.53,0.035112359550555,MSFT
2004-08-02,-2.74,-2.46,-2.85,-2.49,52266970,-2.52,0.10530010530011,MSFT
2004-08-03,-2.63,-2.59,-3.01,-2.94,53992960,-2.49,-1.577840112202,MSFT
2004-08-04,-3.009,-2.81,-3.021,-2.95,46218220,-2.94,-0.035625222657647,MSFT
2004-08-05,-2.87,-2.8,-3.49,-3.48,55599980,-2.95,-1.8888096935139,MSFT
2004-08-06,-3.63,-3.15,-3.95,-3.87,75628280,-3.48,-1.4166363966582,MSFT
2004-08-09,-3.78,-3.73,-3.91,-3.83,51877430,-3.87,0.14738393515107,MSFT
2004-08-10,-3.72,-3.26,-3.76,-3.29,57634370,-3.83,1.9867549668874,MSFT
2004-08-11,-3.64,-3.5,-3.81,-3.6,53097720,-3.29,-1.1183261183261,MSFT
2004-08-12,-3.77,-3.7,-4.15,-4.13,50279650,-3.6,-1.9336008755929,MSFT
2004-08-13,-3.99,-3.76,-4.03,-3.99,43333140,-4.13,0.52083333333334,MSFT
2004-08-16,-3.92,-3.81,-4.05,-3.92,54351390,-3.99,0.25906735751295,MSFT
2004-08-17,-3.81,-3.63,-4.03,-3.96,56873650,-3.92,-0.14765596160945,MSFT
2004-08-18,-4.11,-3.51,-4.12,-3.55,58848970,-3.96,1.5157116451017,MSFT
2004-08-19,-3.66,-3.56,-4.0,-3.89,46292940,-3.55,-1.238164603059,MSFT
2004-08-20,-3.88,-3.64,-3.97,-3.81,46494930,-3.89,0.29498525073746,MSFT
2004-08-23,-3.65,-3.6,-3.81,-3.69,39572280,-3.81,0.14705882352941,MSFT
2004-08-24,-3.54,-3.47,-3.84,-3.69,40835380,-3.69,0.0,MSFT
2004-08-25,-3.72,-3.26,-3.75,-3.38,53513160,-3.69,1.1380323054332,MSFT
2004-08-26,-3.48,-3.33,-3.54,-3.49,35479500,-3.38,-0.39927404718693,MSFT
2004-08-27,-3.43,-3.28,-3.48,-3.47,33248680,-3.49,0.072886297376092,MSFT
2004-08-30,-3.63,-3.54,-4.08,-3.63,36679600,-3.47,-0.58266569555717,MSFT
2004-08-31,-3.64,-3.61,-3.88,-3.63,52162780,-3.63,0.0,MSFT
2004-09-01,-3.71,-3.41,-3.79,-3.54,48507420,-3.63,0.32967032967033,MSFT
2004-09-02,-3.51,-3.25,-3.58,-3.31,42170940,-3.54,0.83972252646952,MSFT
2004-09-03,-3.49,-3.31,-3.83,-3.82,46174310,-3.31,-1.8464880521361,MSFT
2004-09-07,-3.63,-3.55,-3.77,-3.57,44896390,-3.82,0.92216894135006,MSFT
2004-09-08,-3.59,-3.4608,-3.79,-3.67,53436850,-3.57,-0.36549707602338,MSFT
2004-09-09,-3.63,-3.46,-3.75,-3.65,56904690,-3.67,0.073367571533381,MSFT
2004-09-10,-3.61,-3.42,-3.75,-3.44,52738550,-3.65,0.76979472140761,MSFT
2004-09-13,-3.4,-3.36,-4.19,-3.68,48767000,-3.44,-0.8730447435431,MSFT
2004-09-14,-3.54,-3.42,-3.66,-3.49,55934440,-3.68,0.69724770642202,MSFT
2004-09-15,-3.55,-3.529,-3.79,-3.74,52686670,-3.49,-0.91107871720117,MSFT
2004-09-16,-3.69,-3.58,-3.76,-3.67,35951500,-3.74,0.25744759102611,MSFT
2004-09-17,-3.54,-3.4,-3.67,-3.42,65284920,-3.67,0.91709464416728,MSFT
2004-09-20,-3.49,-3.28,-3.6,-3.42,51523520,-3.42,0.0,MSFT
2004-09-21,-3.46,-3.4,-3.68,-3.67,73889880,-3.42,-0.90876045074518,MSFT
2004-09-22,-3.68,-3.19,-3.86,-3.81,68409250,-3.67,-0.51357300073368,MSFT
2004-09-23,-3.74,-3.54,-3.76,-3.58,52157860,-3.81,0.84808259587021,MSFT
2004-09-24,-3.53,-3.47,-3.74,-3.64,49882020,-3.58,-0.21937842778794,MSFT
2004-09-27,-3.76,-3.61,-3.8,-3.74,47941210,-3.64,-0.36643459142542,MSFT
2004-09-28,-3.72,-3.57,-3.89,-3.66,62056700,-3.74,0.29422581831555,MSFT
2004-09-29,-3.67,-3.24,-3.6967,-3.35,61537560,-3.66,1.1367803447011,MSFT
2004-09-30,-3.34,-3.14,-3.41,-3.28,71248810,-3.35,0.25380710659899,MSFT
2004-10-01,-3.1,-2.61,-3.15,-2.68,66304070,-3.28,2.1699819168174,MSFT
2004-10-04,-2.51,-2.47,-2.86,-2.81,62058470,-2.68,-0.46017699115044,MSFT
2004-10-05,-2.79,-2.48,-2.83,-2.55,58017610,-2.81,0.92460881934565,MSFT
2004-10-06,-2.54,-2.379,-2.7,-2.4,56999550,-2.55,0.52854122621565,MSFT
2004-10-07,-2.42,-2.34,-2.77,-2.76,38409850,-2.4,-1.2618296529968,MSFT
2004-10-08,-2.81,-2.6,-2.96,-2.94,49560650,-2.76,-0.63897763578276,MSFT
2004-10-11,-2.73,-2.71,-3.0,-2.87,44693660,-2.94,0.25008931761343,MSFT
2004-10-12,-3.09,-2.77,-3.12,-2.9,56418020,-2.87,-0.10691375623663,MSFT
2004-10-13,-2.74,-2.66,-2.99,-2.9,49502610,-2.9,0.0,MSFT
2004-10-14,-2.87,-2.77,-3.131,-3.13,41533640,-2.9,-0.82054941134499,MSFT
2004-10-15,-2.97,-2.69,-3.11,-2.94,49832860,-3.13,0.68345323741006,MSFT
2004-10-18,-2.86,-2.48,-2.95,-2.52,50494940,-2.94,1.5005359056806,MSFT
2004-10-19,-2.38,-2.34,-2.76,-2.75,57031460,-2.52,-0.80957409362901,MSFT
2004-10-20,-2.71,-2.18,-2.81,-2.231,69119680,-2.75,1.8417317246274,MSFT
2004-10-21,-2.11,-2.04,-2.46,-2.37,95153610,-2.231,-0.48433743336006,MSFT
2004-10-22,-2.62,-2.59,-3.35,-3.19,102069900,-2.37,-2.8711484593838,MSFT
2004-10-25,-3.25,-3.16,-3.38,-3.3,61567340,-3.19,-0.39653929343908,MSFT
2004-10-26,-3.22,-3.03,-3.301,-3.03,77020510,-3.3,0.9771986970684,MSFT
2004-10-27,-3.07,-2.579,-3.35,-2.78,72433920,-3.03,0.89605734767025,MSFT
2004-10-28,-2.82,-2.39,-3.03,-2.92,63084710,-2.78,-0.49733570159857,MSFT
2004-10-29,-2.84,-2.78,-3.51,-2.96,80088850,-2.92,-0.14280614066406,MSFT
2004-11-01,-2.78,-2.65,-2.97,-2.85,72940690,-2.96,0.39327851269217,MSFT
2004-11-02,-2.7,-2.46,-2.901,-2.69,89427440,-2.85,0.56980056980057,MSFT
2004-11-03,-2.28,-2.28,-2.62,-2.46,79715980,-2.69,0.81444759206799,MSFT
2004-11-04,-2.53,-1.93,-2.55,-1.93,87871940,-2.46,1.8616087109238,MSFT
2004-11-05,-1.77,-1.57,-1.9,-1.62,95357270,-1.93,1.0689655172414,MSFT
2004-11-08,-1.75,-1.45,-1.8,-1.65,113371300,-1.62,-0.10235414534288,MSFT
2004-11-09,-1.5,-1.04,-1.58,-1.16,100443100,-1.65,1.6734972677596,MSFT
2004-11-10,-1.04,-0.92999999999999,-1.24,-1.2,84119740,-1.16,-0.13436345314074,MSFT
2004-11-11,-1.06,-0.84999999999999,-1.11,-0.94999999999999,87368730,-1.2,0.84090144635049,MSFT
2004-11-12,-0.75999999999999,-0.73,-1.13,-0.95999999999999,162293900,-0.94999999999999,-0.033355570380259,MSFT
2004-11-15,-0.48999999999999,-0.34999999999999,-0.64999999999999,-0.45999999999999,104716000,-0.95999999999999,-8.6086086086086,MSFT
2004-11-16,-0.51999999999999,-0.50999999999999,-0.79999999999999,-0.72999999999999,64533800,-0.45999999999999,-0.98576122672508,MSFT
2004-11-17,-0.59999999999999,-0.48999999999999,-0.78999999999999,-0.67999999999999,59084390,-0.72999999999999,0.18436578171092,MSFT
2004-11-18,-0.71999999999999,-0.67999999999999,-0.84999999999999,-0.77999999999999,65269030,-0.67999999999999,-0.36805299963195,MSFT
2004-11-19,-0.81999999999999,-0.77999999999999,-1.01,-0.98999999999999,85857160,-0.77999999999999,-0.77576653121537,MSFT
2004-11-22,-1.1,-1.03,-1.75,-1.2,92467820,-0.98999999999999,-0.78183172002979,MSFT
2004-11-23,-1.32,-1.15,-1.45,-1.32,70136660,-1.2,-0.45028142589117,MSFT
2004-11-24,-1.22,-1.12,-1.45,-1.21,60069430,-1.32,0.41462495288353,MSFT
2004-11-26,-1.29,-1.03,-1.3,-1.25,24407700,-1.21,-0.15015015015015,MSFT
2004-11-29,-1.2,-0.89999999999999,-1.24,-1.08,67081160,-1.25,0.6390977443609,MSFT
2004-11-30,-1.1,-0.83999999999999,-1.15,-1.04,76200960,-1.08,0.1494209936496,MSFT
2004-12-01,-0.89999999999999,-0.56999999999999,-1.04,-0.59999999999999,100955100,-1.04,1.6411786646774,MSFT
2004-12-02,-0.58999999999999,-0.44999999999999,-0.92999999999999,-0.75999999999999,96125030,-0.59999999999999,-0.58715596330275,MSFT
2004-12-03,-0.7,-0.40999999999999,-0.70999999999999,-0.61999999999999,76815520,-0.75999999999999,0.51679586563308,MSFT
2004-12-06,-0.74999999999999,-0.40999999999999,-0.77999999999999,-0.51999999999999,55315810,-0.61999999999999,0.36724201248622,MSFT
2004-12-07,-0.58999999999999,-0.46999999999999,-0.84999999999999,-0.77999999999999,131428300,-0.51999999999999,-0.95133552872301,MSFT
2004-12-08,-0.83999999999999,-0.48999999999999,-0.93999999999999,-0.48999999999999,95655000,-0.77999999999999,1.071296638345,MSFT
2004-12-09,-0.71999999999999,-0.48999999999999,-0.90999999999999,-0.61999999999999,83005960,-0.48999999999999,-0.47514619883041,MSFT
2004-12-10,-0.77,-0.66999999999999,-0.80999999999999,-0.77,70949540,-0.61999999999999,-0.55086301872935,MSFT
2004-12-13,-0.74999999999999,-0.56999999999999,-0.93999999999999,-0.59999999999999,93838910,-0.77,0.62776957163959,MSFT
2004-12-14,-0.79999999999999,-0.51999999999999,-0.80999999999999,-0.61999999999999,127852100,-0.59999999999999,-0.073394495412842,MSFT
2004-12-15,-0.61999999999999,-0.44999999999999,-0.77999999999999,-0.73999999999999,106348800,-0.61999999999999,-0.44069041498348,MSFT
2004-12-16,-0.7,-0.56999999999999,-0.83999999999999,-0.68999999999999,89295550,-0.73999999999999,0.18443378827001,MSFT
2004-12-17,-0.83999999999999,-0.52999999999999,-1.0549,-0.88999999999999,127676500,-0.68999999999999,-0.73637702503682,MSFT
2004-12-20,-0.83999999999999,-0.7,-0.95999999999999,-0.89999999999999,85552840,-0.88999999999999,-0.03709198813057,MSFT
2004-12-21,-0.86999999999999,-0.67999999999999,-0.90999999999999,-0.77999999999999,94682900,-0.89999999999999,0.44526901669759,MSFT
2004-12-22,-1.01,-0.7,-1.07,-0.87999999999999,63797060,-0.77999999999999,-0.36941263391209,MSFT
2004-12-23,-0.97999999999999,-0.7,-1.02,-0.83999999999999,65802490,-0.87999999999999,0.14831294030405,MSFT
2004-12-27,-0.83999999999999,-0.74999999999999,-1.03,-0.99999999999999,55967810,-0.83999999999999,-0.59237319511292,MSFT
2004-12-28,-1.01,-0.81999999999999,-1.05,-0.89999999999999,55078650,-0.99999999999999,0.37243947858472,MSFT
2004-12-29,-0.99999999999999,-0.84999999999999,-1.03,-0.94999999999999,47635840,-0.89999999999999,-0.18552875695733,MSFT
2004-12-30,-0.95999999999999,-0.90999999999999,-1.101,-1.09,48355390,-0.94999999999999,-0.52044609665426,MSFT
2004-12-31,-1.1,-0.94999999999999,-1.171,-1.13,54964530,-1.09,-0.14947683109119,MSFT
2005-01-03,-1.03,-0.89999999999999,-1.201,-1.11,65428630,-1.13,0.074850299401196,MSFT
2005-01-04,-0.97999999999999,-0.74999999999999,-1.19,-1.01,109556900,-1.11,0.37397157816007,MSFT
2005-01-05,-0.99999999999999,-0.74999999999999,-1.09,-1.07,72480990,-1.01,-0.22354694485842,MSFT
2005-01-06,-0.97999999999999,-0.78999999999999,-1.2101,-1.1,76890470,-1.07,-0.11202389843167,MSFT
2005-01-07,-1.03,-0.95999999999999,-1.23,-1.18,68876700,-1.1,-0.29906542056074,MSFT
2005-01-10,-1.25,-0.98999999999999,-1.31,-1.05,71034360,-1.18,0.48743907011623,MSFT
2005-01-11,-1.16,-1.03,-1.24,-1.12,65711480,-1.05,-0.26119402985075,MSFT
2005-01-12,-1.08,-0.99999999999999,-1.23,-1.07,72975010,-1.12,0.1870557426113,MSFT
2005-01-13,-1.17,-1.05,-1.69,-1.58,89912610,-1.07,-1.9044062733383,MSFT
2005-01-14,-1.45,-1.4,-1.81,-1.73,92234500,-1.58,-0.57099352874,MSFT
2005-01-18,-1.82,-1.5,-2.01,-1.53,69303790,-1.73,0.7656967840735,MSFT
2005-01-19,-1.65,-1.59,-1.9301,-1.87,58115030,-1.53,-1.2917933130699,MSFT
2005-01-20,-2.01,-1.75,-2.11,-1.99,58388240,-1.87,-0.46189376443418,MSFT
2005-01-21,-1.91,-1.72,-2.21,-2.2,76546950,-1.99,-0.81206496519722,MSFT
2005-01-24,-2.09,-1.85,-2.21,-2.18,69011700,-2.2,0.077972709551669,MSFT
2005-01-25,-2.09,-1.66,-2.1,-1.83,67588160,-2.18,1.3634592910012,MSFT
2005-01-26,-1.78,-1.68,-1.95,-1.84,64982500,-1.83,-0.038431975403528,MSFT
2005-01-27,-1.9,-1.69,-2.0,-1.74,93672170,-1.84,0.38446751249519,MSFT
2005-01-28,-1.32,-1.2,-1.8901,-1.67,110495600,-1.74,0.26809651474531,MSFT
2005-01-31,-1.49,-1.33,-1.69,-1.57,71707420,-1.67,0.38197097020627,MSFT
2005-02-01,-1.6,-1.42,-1.63,-1.46,58027320,-1.57,0.41856925418569,MSFT
2005-02-02,-1.41,-1.35,-1.5701,-1.39,79651000,-1.46,0.26525198938992,MSFT
2005-02-03,-1.48,-1.45,-1.75,-1.67,62654400,-1.39,-1.0582010582011,MSFT
2005-02-04,-1.68,-1.48,-1.7101,-1.53,61246880,-1.67,0.53475935828877,MSFT
2005-02-07,-1.59,-1.55,-1.79,-1.69,57806000,-1.53,-0.60790273556231,MSFT
2005-02-08,-1.66,-1.51,-1.69,-1.61,61419360,-1.69,0.30581039755351,MSFT
2005-02-09,-1.6,-1.54,-1.81,-1.78,79585360,-1.61,-0.64786585365853,MSFT
2005-02-10,-1.75,-1.72,-1.85,-1.79,71887830,-1.78,-0.038358266206373,MSFT
2005-02-11,-1.81,-1.73,-2.04,-1.88,83880770,-1.79,-0.34535686876439,MSFT
2005-02-14,-1.93,-1.73,-1.94,-1.84,58932830,-1.88,0.15402387370043,MSFT
2005-02-15,-1.76,-1.69,-1.91,-1.84,76613820,-1.84,-0.30757400999616,MSFT
2005-02-16,-1.9,-1.84,-2.1,-1.98,57485990,-1.84,-0.53991515618974,MSFT
2005-02-17,-2.05,-1.91,-2.17,-2.12,67017790,-1.98,-0.54284606436604,MSFT
2005-02-18,-2.14,-2.12,-2.37,-2.29,77091120,-2.12,-0.66276803118908,MSFT
2005-02-22,-2.52,-2.28,-2.57,-2.54,96419160,-2.29,-0.98116169544741,MSFT
2005-02-23,-2.53,-2.42,-2.6,-2.57,83681960,-2.54,-0.11890606420928,MSFT
2005-02-24,-2.58,-2.3299,-2.62,-2.4,85420600,-2.57,0.67460317460318,MSFT
2005-02-25,-2.44,-2.39,-2.62,-2.52,62477900,-2.4,-0.47299960583367,MSFT
2005-02-28,-2.54,-2.4,-2.6404,-2.61,82781570,-2.52,-0.35643564356436,MSFT
2005-03-01,-2.58,-2.36,-2.64,-2.49,56509300,-2.61,0.47694753577107,MSFT
2005-03-02,-2.57,-2.29,-2.61,-2.51,67738970,-2.49,-0.079113924050631,MSFT
2005-03-03,-2.47,-2.46,-2.63,-2.6,52182560,-2.51,-0.3562945368171,MSFT
2005-03-04,-2.55,-2.47,-2.64,-2.6,62954740,-2.6,0.0,MSFT
2005-03-07,-2.59,-1.98,-2.61,-2.3,80419100,-2.6,1.19189511323,MSFT
2005-03-08,-2.39,-2.1498,-2.43,-2.37,52871040,-2.3,-0.27483313702395,MSFT
2005-03-09,-2.38,-2.2,-2.49,-2.46,62949610,-2.37,-0.35433070866142,MSFT
2005-03-10,-2.35,-2.29,-2.52,-2.34,59005170,-2.46,0.47412090082972,MSFT
2005-03-11,-2.32,-2.2898,-2.71,-2.68,60508270,-2.34,-1.337003539127,MSFT
2005-03-14,-2.7,-2.62,-2.81,-2.66,65541110,-2.68,0.079713033080907,MSFT
2005-03-15,-2.67,-2.53,-2.8801,-2.86,71471530,-2.66,-0.79649542015133,MSFT
2005-03-16,-2.97,-2.8,-3.21,-3.14,74976470,-2.86,-1.1240465676435,MSFT
2005-03-17,-3.09,-3.09,-3.24,-3.23,60597040,-3.14,-0.36540803897686,MSFT
2005-03-18,-3.25,-2.86,-3.49,-3.46,147161100,-3.23,-0.93724531377343,MSFT
2005-03-21,-3.43,-3.41,-3.62,-3.57,71481480,-3.46,-0.4524886877828,MSFT
2005-03-22,-3.58,-3.5,-3.8101,-3.78,102304200,-3.57,-0.86776859504133,MSFT
2005-03-23,-3.78,-3.38,-3.81,-3.59,79368300,-3.78,0.7919966652772,MSFT
2005-03-24,-3.53,-3.3,-3.5702,-3.49,78996790,-3.59,0.41356492969397,MSFT
2005-03-28,-3.43,-3.3,-3.59,-3.57,49994620,-3.49,-0.32948929159803,MSFT
2005-03-29,-3.64,-3.53,-3.95,-3.85,74647900,-3.57,-1.1570247933884,MSFT
2005-03-30,-3.73,-3.58,-3.77,-3.61,59829960,-3.85,1.0033444816053,MSFT
2005-03-31,-3.52,-3.4597,-3.6501,-3.6,62416810,-3.61,0.041390728476828,MSFT
2005-04-01,-3.51,-3.42,-3.67,-3.65,64790520,-3.6,-0.20686801820439,MSFT
2005-04-04,-3.66,-3.51,-3.83,-3.54,62196320,-3.65,0.45605306799336,MSFT
2005-04-05,-3.55,-3.27,-3.6501,-3.3,73624340,-3.54,0.99050763516301,MSFT
2005-04-06,-3.29,-2.83,-3.3209,-3.1,78045390,-3.3,0.81732733959952,MSFT
2005-04-07,-3.11,-2.64,-3.14,-2.67,77545850,-3.1,1.7430077016619,MSFT
2005-04-08,-2.71,-2.52,-2.86,-2.83,47956290,-2.67,-0.63745019920319,MSFT
2005-04-11,-2.74,-2.66,-2.91,-2.8,48197870,-2.83,0.12028869286286,MSFT
2005-04-12,-2.83,-2.42,-2.97,-2.45,67711550,-2.8,1.4016820184221,MSFT
2005-04-13,-2.55,-2.32,-2.78,-2.73,60947630,-2.45,-1.1058451816746,MSFT
2005-04-14,-2.74,-2.63,-2.94,-2.93,67397270,-2.73,-0.79872204472843,MSFT
2005-04-15,-3.19,-2.87,-3.36,-3.31,100576300,-2.93,-1.5297906602254,MSFT
2005-04-18,-3.32,-2.93,-3.37,-3.12,75767800,-3.31,0.7767784137367,MSFT
2005-04-19,-3.03,-2.97,-3.32,-3.14,66185040,-3.12,-0.081135902636915,MSFT
2005-04-20,-3.12,-3.07,-3.47,-3.45,92481880,-3.14,-1.2586276898092,MSFT
2005-04-21,-3.27,-2.38,-3.3,-2.49,93923060,-3.45,3.9473684210526,MSFT
2005-04-22,-2.71,-2.52,-2.99,-2.79,80116990,-2.49,-1.1867088607595,MSFT
2005-04-25,-2.7,-2.49,-2.91,-2.78,75531650,-2.79,0.040032025620488,MSFT
2005-04-26,-2.8,-2.52,-3.03,-3.01,60940880,-2.78,-0.92036814725889,MSFT
2005-04-27,-3.11,-2.62,-3.14,-2.78,47781450,-3.01,0.92891760904684,MSFT
2005-04-28,-2.98,-2.85,-3.33,-3.32,84191240,-2.78,-2.1608643457383,MSFT
2005-04-29,-2.88,-2.47,-2.98,-2.47,98658140,-3.32,3.4764826175869,MSFT
2005-05-02,-2.54,-2.41,-2.82,-2.54,54398730,-2.47,-0.27667984189723,MSFT
2005-05-03,-2.65,-2.37,-2.68,-2.41,68170850,-2.54,0.51525961157352,MSFT
2005-05-04,-2.43,-2.37,-2.66,-2.56,86899460,-2.41,-0.59148264984227,MSFT
2005-05-05,-2.56,-2.44,-2.69,-2.54,59376440,-2.56,0.079333597778658,MSFT
2005-05-06,-2.46,-2.29,-2.58,-2.55,64333560,-2.54,-0.039635354736431,MSFT
2005-05-09,-2.55,-2.44,-2.72,-2.66,61870570,-2.55,-0.43616177636796,MSFT
2005-05-10,-2.71,-2.69,-2.95,-2.87,62619280,-2.66,-0.8363201911589,MSFT
2005-05-11,-2.89,-2.8,-3.13,-2.86,59532820,-2.87,0.040160642570287,MSFT
2005-05-12,-2.93,-2.66,-2.94,-2.77,74569650,-2.86,0.36130068245684,MSFT
2005-05-13,-2.74,-2.39,-2.78,-2.47,77426380,-2.77,1.2,MSFT
2005-05-16,-2.47,-2.19,-3.38,-2.2,50586500,-2.47,0.75098814229248,MSFT
2005-05-17,-2.38,-2.19,-2.44,-2.23,40111420,-2.2,-0.11769321302471,MSFT
2005-05-18,-2.16,-1.85,-2.27,-1.99,71183250,-2.23,0.942655145326,MSFT
2005-05-19,-1.93,-1.64,-1.99,-1.77,52184970,-1.99,0.85603112840468,MSFT
2005-05-20,-1.81,-1.77,-1.96,-1.95,64487980,-1.77,-0.69444444444446,MSFT
2005-05-23,-1.95,-1.62,-1.95,-1.84,75535860,-1.95,0.42735042735044,MSFT
2005-05-24,-1.9,-1.81,-1.97,-1.94,61455890,-1.84,-0.38684719535784,MSFT
2005-05-25,-2.02,-1.92,-2.19,-1.98,36949100,-1.94,-0.15533980582524,MSFT
2005-05-26,-1.95,-1.69,-1.96,-1.79,50579110,-1.98,0.73901205756514,MSFT
2005-05-27,-1.84,-1.6,-1.88,-1.62,54978860,-1.79,0.65637065637066,MSFT
2005-05-31,-1.7,-1.66,-1.94,-1.89,46446310,-1.62,-1.0356731875719,MSFT
2005-06-01,-1.96,-1.69,-2.08,-1.88,54939770,-1.89,0.038759689922473,MSFT
2005-06-02,-1.98,-1.83,-2.05,-1.9,27235350,-1.88,-0.077489345215031,MSFT
2005-06-03,-1.99,-1.8798,-2.35,-2.26,79671910,-1.9,-1.3958898797984,MSFT
2005-06-06,-2.31,-2.19,-2.38,-2.32,40770790,-2.26,-0.23594180102241,MSFT
2005-06-07,-2.35,-1.86,-2.38,-2.18,54555520,-2.32,0.55183287347261,MSFT
2005-06-08,-2.15,-2.07,-2.35,-2.29,45753060,-2.18,-0.43120344962761,MSFT
2005-06-09,-2.29,-2.079,-2.3401,-2.18,56263610,-2.29,0.43307086614174,MSFT
2005-06-10,-2.18,-2.17,-2.35,-2.26,39486400,-2.18,-0.31360250882008,MSFT
2005-06-13,-2.33,-2.2,-2.43,-2.38,49105650,-2.26,-0.47188360204483,MSFT
2005-06-14,-2.41,-2.25,-2.45,-2.33,45404910,-2.38,0.19755037534572,MSFT
2005-06-15,-2.3,-2.28,-2.58,-2.43,50764850,-2.33,-0.39432176656151,MSFT
2005-06-16,-2.47,-2.46,-2.74,-2.65,67086960,-2.43,-0.87094220110848,MSFT
2005-06-17,-2.5,-2.4,-2.77,-2.65,92039020,-2.65,0.0,MSFT
2005-06-20,-2.72,-2.41,-2.76,-2.58,50749590,-2.65,0.27955271565495,MSFT
2005-06-21,-2.61,-2.5,-2.65,-2.54,81085260,-2.58,0.15929908403026,MSFT
2005-06-22,-2.57,-2.43,-2.66,-2.62,60789040,-2.54,-0.31809145129224,MSFT
2005-06-23,-2.52,-2.07,-2.54,-2.38,105248000,-2.62,0.95731950538492,MSFT
2005-06-24,-2.45,-2.29,-2.66,-2.65,58969900,-2.38,-1.0667720268668,MSFT
2005-06-27,-2.63,-2.44,-2.66,-2.64,61896430,-2.65,0.039936102236428,MSFT
2005-06-28,-2.59,-2.49,-2.661,-2.62,53074390,-2.64,0.079840319361276,MSFT
2005-06-29,-2.46,-2.37,-2.69,-2.6,56313470,-2.62,0.079776625448742,MSFT
2005-06-30,-2.62,-2.55,-2.87,-2.85,82032620,-2.6,-0.99641291351136,MSFT
2005-07-01,-2.83,-2.6996,-3.02,-2.98,69782480,-2.85,-0.52334943639291,MSFT
2005-07-05,-3.03,-2.5,-3.07,-2.71,61884390,-2.98,1.0926750303521,MSFT
2005-07-06,-2.73,-2.61,-3.0001,-2.99,64462010,-2.71,-1.1208967173739,MSFT
2005-07-07,-3.13,-2.98,-3.19,-3.04,80769620,-2.99,-0.20242914979757,MSFT
2005-07-08,-3.04,-2.5693,-3.06,-2.6,56119920,-3.04,1.7849898580122,MSFT
2005-07-11,-2.54,-2.31,-2.58,-2.4,61529400,-2.6,0.79713033080908,MSFT
2005-07-12,-2.45,-2.07,-2.49,-2.08,63486130,-2.4,1.2653222617635,MSFT
2005-07-13,-2.16,-1.94,-2.2101,-2.03,44942680,-2.08,0.19523623584538,MSFT
2005-07-14,-1.89,-1.59,-1.9,-1.72,69506710,-2.03,1.2081060015588,MSFT
2005-07-15,-1.67,-1.59,-1.94,-1.9,56480320,-1.72,-0.6931074316519,MSFT
2005-07-18,-1.98,-1.9,-2.14,-2.14,39672140,-1.9,-0.93059325319891,MSFT
2005-07-19,-1.93,-1.44,-1.94,-1.53,113461500,-2.14,2.3874755381605,MSFT
2005-07-20,-1.68,-1.46,-1.81,-1.5,72146360,-1.53,0.11467889908257,MSFT
2005-07-21,-1.4,-1.21,-1.5,-1.25,114057900,-1.5,0.95456281023291,MSFT
2005-07-22,-1.7,-1.35,-2.06,-2.01,99879300,-1.25,-2.874432677761,MSFT
2005-07-25,-2.01,-1.79,-2.04,-2.0,45197540,-2.01,0.038940809968853,MSFT
2005-07-26,-1.98,-1.95,-2.16,-2.15,51975600,-2.0,-0.58388478007007,MSFT
2005-07-27,-2.09,-1.89,-2.16,-1.97,58104040,-2.15,0.70477682067345,MSFT
2005-07-28,-1.94,-1.84,-2.03,-1.94,45020540,-1.97,0.11664074650078,MSFT
2005-07-29,-1.9,-1.69,-2.1,-2.08,59753260,-1.94,-0.54368932038835,MSFT
2005-08-01,-1.88,-1.64,-1.93,-1.77,61353270,-2.08,1.2104646622413,MSFT
2005-08-02,-1.8,-0.789,-1.82,-0.88,137529600,-1.77,3.4336419753086,MSFT
2005-08-03,-0.92,-0.26,-0.95599999999999,-0.44,140161700,-0.88,1.6411786646774,MSFT
2005-08-04,-0.53,-0.19,-0.64,-0.37,92053160,-0.44,0.25688073394496,MSFT
2005-08-05,-0.39,0.25,-0.44,0.070000000000003,82254290,-0.37,1.610541727672,MSFT
2005-08-08,0.11,0.15,-0.61,-0.56,77271310,0.070000000000003,-2.2694524495677,MSFT
2005-08-09,-0.47,-0.18,-0.68,-0.34,65256750,-0.56,0.81091043125692,MSFT
2005-08-10,-0.28,-0.19,-0.83999999999999,-0.74,64552220,-0.34,-1.4625228519196,MSFT
2005-08-11,-0.7,-0.39,-0.8001,-0.42,48929540,-0.74,1.1873840445269,MSFT
2005-08-12,-0.61,-0.55,-0.79,-0.64,53869600,-0.42,-0.8067473414008,MSFT
2005-08-15,-0.64,-0.3092,-0.92,-0.48,45934810,-0.64,0.29574861367837,MSFT
2005-08-16,-0.58,-0.47,-0.9102,-0.87,47092810,-0.48,-1.4375230372282,MSFT
2005-08-17,-0.81,-0.46,-0.95,-0.66,52588700,-0.87,0.78534031413613,MSFT
2005-08-18,-0.72,-0.53,-0.81,-0.79,40866590,-0.66,-0.48237476808905,MSFT
2005-08-19,-0.72,-0.7,-0.91,-0.89,36056320,-0.79,-0.37285607755407,MSFT
2005-08-22,-0.81,-0.44,-0.84,-0.7,41707640,-0.89,0.71107784431138,MSFT
2005-08-23,-0.76,-0.54,-0.87,-0.74,48311070,-0.7,-0.14864362690449,MSFT
2005-08-24,-0.79,-0.45,-0.83,-0.8,63643100,-0.74,-0.22329735764794,MSFT
2005-08-25,-0.73,-0.52,-0.76,-0.58,39309220,-0.8,0.82058933233869,MSFT
2005-08-26,-0.55,-0.53,-0.74,-0.64,36774330,-0.58,-0.22197558268591,MSFT
2005-08-29,-0.8,-0.38,-0.8,-0.46,52285230,-0.64,0.66740823136819,MSFT
2005-08-30,-0.55,-0.38,-0.65,-0.43,55162680,-0.46,0.11049723756906,MSFT
2005-08-31,-0.42,-0.17,-0.57,-0.23,65209420,-0.43,0.73583517292126,MSFT
2005-09-01,-0.27,-0.22,-0.46,-0.41,75885710,-0.23,-0.65741417092768,MSFT
2005-09-02,-0.39,-0.34,-0.64,-0.59,52046490,-0.41,-0.66176470588235,MSFT
2005-09-06,-0.55,-0.32,-0.63,-0.61,46084480,-0.59,-0.074019245003699,MSFT
2005-09-07,-0.66,-0.5,-0.7901,-0.76,44644890,-0.61,-0.55555555555555,MSFT
2005-09-08,-0.81,-0.73,-1.09,-1.0,52514620,-0.76,-0.89385474860336,MSFT
2005-09-09,-0.99,-0.79,-1.08,-1.03,41516540,-1.0,-0.11273957158963,MSFT
2005-09-12,-0.99,-0.86,-1.0908,-1.0,40139810,-1.03,0.11286681715576,MSFT
2005-09-13,-1.09,-0.85,-1.24,-1.13,63421190,-1.0,-0.48853814355505,MSFT
2005-09-14,-1.09,-0.97,-1.31,-1.3,54307330,-1.13,-0.64199395770393,MSFT
2005-09-15,-1.26,-1.18,-1.39,-1.34,60354370,-1.3,-0.15203344735842,MSFT
2005-09-16,-1.29,-1.21,-1.64,-1.54,186586200,-1.34,-0.76132470498667,MSFT
2005-09-19,-1.51,-1.34,-1.75,-1.61,61724300,-1.54,-0.26850786344457,MSFT
2005-09-20,-1.54,-1.39,-1.92,-1.77,61073530,-1.61,-0.61538461538462,MSFT
2005-09-21,-1.81,-1.71,-2.18,-2.12,68251040,-1.77,-1.3544891640867,MSFT
2005-09-22,-2.1,-2.01,-2.46,-2.27,71312410,-2.12,-0.58846606512357,MSFT
2005-09-23,-2.32,-2.07,-2.49,-2.34,66396260,-2.27,-0.27624309392265,MSFT
2005-09-26,-2.23,-2.12,-2.4,-2.34,56190930,-2.34,0.0,MSFT
2005-09-27,-2.25,-2.16,-2.3101,-2.27,48792490,-2.34,0.27700831024931,MSFT
2005-09-28,-2.23,-1.74,-2.23,-1.94,71018160,-2.27,1.3022888713497,MSFT
2005-09-29,-1.99,-1.61,-2.11,-1.67,66806390,-1.94,1.051811453058,MSFT
2005-09-30,-1.7,-1.66,-2.0,-1.88,57659840,-1.67,-0.80956052428682,MSFT
2005-10-03,-1.89,-1.8774,-2.17,-2.11,55322810,-1.88,-0.89389817333852,MSFT
2005-10-04,-2.25,-2.22,-2.86,-2.63,151651000,-2.11,-2.0392156862745,MSFT
2005-10-05,-2.58,-2.56,-2.94,-2.94,73682940,-2.63,-1.2409927942354,MSFT
2005-10-06,-2.96,-2.66,-3.08,-2.88,81700630,-2.94,0.24321037697608,MSFT
2005-10-07,-2.85,-2.7699,-3.09,-3.02,50762860,-2.88,-0.56611403154064,MSFT
2005-10-10,-2.95,-2.93,-3.26,-3.15,48880310,-3.02,-0.5286701911346,MSFT
2005-10-11,-3.12,-3.0599,-3.36,-3.2,76546940,-3.15,-0.20441537203598,MSFT
2005-10-12,-3.13,-2.91,-3.34,-3.31,71273740,-3.2,-0.45063498566161,MSFT
2005-10-13,-3.29,-2.02,-3.342,-3.02,70191990,-3.31,1.1934156378601,MSFT
2005-10-14,-2.91,-2.88,-3.1108,-2.94,53809930,-3.02,0.32533550223669,MSFT
2005-10-17,-2.94,-2.92,-3.1701,-3.08,46920960,-2.94,-0.56749087961087,MSFT
2005-10-18,-3.12,-2.78,-3.16,-3.04,69282320,-3.08,0.16306563391765,MSFT
2005-10-19,-3.05,-2.52,-3.11,-2.52,66563610,-3.04,2.1164021164021,MSFT
2005-10-20,-2.56,-2.48,-2.87,-2.82,58794330,-2.52,-1.1956954962136,MSFT
2005-10-21,-2.7,-2.61,-3.04,-2.83,68499700,-2.82,-0.040338846308988,MSFT
2005-10-24,-2.72,-2.51,-2.93,-2.51,52605590,-2.83,1.2913640032284,MSFT
2005-10-25,-2.66,-2.48,-2.7801,-2.58,41423060,-2.51,-0.2788844621514,MSFT
2005-10-26,-2.66,-2.28,-2.68,-2.4999,58245340,-2.58,0.320015980823,MSFT
2005-10-27,-2.4,-2.34,-2.76,-2.76,62093120,-2.4999,-1.035838168705,MSFT
2005-10-28,-2.51,-2.0099,-2.51,-2.08,106917700,-2.76,2.7364185110664,MSFT
2005-10-31,-2.02,-1.81,-2.11,-1.91,75584710,-2.08,0.66588327457892,MSFT
2005-11-01,-1.99,-1.51,-2.0,-1.65,71391480,-1.91,1.011673151751,MSFT
2005-11-02,-1.68,-1.11,-1.68,-1.15,75390270,-1.65,1.9260400616333,MSFT
2005-11-03,-1.03,-0.97,-1.36,-1.17,73421540,-1.15,-0.075585789871503,MSFT
2005-11-04,-1.09,-0.9,-1.16,-0.95,57464060,-1.17,0.83207261724659,MSFT
2005-11-07,-0.91,-0.529,-0.91,-0.6,77019030,-0.95,1.3128282070518,MSFT
2005-11-08,-0.68,-0.43,-0.84,-0.5605,60070820,-0.6,0.14624213254349,MSFT
2005-11-09,-0.64,-0.4599,-0.67,-0.65,59369840,-0.5605,-0.33087487753932,MSFT
2005-11-10,-0.67,-0.46,-0.9701,-0.52,73313700,-0.65,0.48219584569733,MSFT
2005-11-11,-0.44,-0.2199,-0.4835,-0.33,51942210,-0.52,0.70136581764489,MSFT
2005-11-14,-0.25,-0.17,-0.41,-0.26,65634660,-0.33,0.25659824046921,MSFT
2005-11-15,-0.19,0.0099999999999991,-0.28,-0.030000000000001,65064580,-0.26,0.54844606946983,MSFT
2005-11-16,-0.060000000000002,0.35,-0.09,0.21,85689590,-0.030000000000001,0.87272727272727,MSFT
2005-11-17,0.31,0.4703,0.23,0.44,91341880,0.21,0.82912761355444,MSFT
2005-11-18,0.59,0.72,0.37,0.54,75419850,0.44,0.35752592062925,MSFT
2005-11-21,0.53,0.7102,-0.030000000000001,0.63,65408390,0.54,0.32062700391877,MSFT
2005-11-22,0.5,0.55,0.33,0.38,104247800,0.63,-0.88778409090909,MSFT
2005-11-23,0.39,0.56,0.21,0.39,70515310,0.38,0.035829451809393,MSFT
2005-11-25,0.25,0.41,-0.065000000000001,0.23,44082440,0.39,-0.5730659025788,MSFT
2005-11-28,0.25,0.321,2.2204460492503003e-16,0.22,57502880,0.23,-0.036023054755049,MSFT
2005-11-29,0.26,0.26,0.07,0.15,62210440,0.22,-0.25225225225225,MSFT
2005-11-30,0.13,0.2402,0.099999999999997,0.15,55678090,0.15,0.0,MSFT
2005-12-01,0.22,0.571,0.199,0.36,61006070,0.15,0.75867052023122,MSFT
2005-12-02,0.28,0.57,0.26,0.48,42317080,0.36,0.43026174256006,MSFT
2005-12-05,0.39,0.49,0.18,0.32,47941200,0.48,-0.57122456265619,MSFT
2005-12-06,0.37,0.391,0.15,0.16,65800540,0.32,-0.57450628366248,MSFT
2005-12-07,0.12,0.22,0.019999999999999,0.22,55552020,0.16,0.21668472372697,MSFT
2005-12-08,0.17,0.28,0.07,0.16,63213220,0.22,-0.21621621621621,MSFT
2005-12-09,0.18,0.3,0.11,0.18,48466770,0.16,0.072228241242324,MSFT
2005-12-12,0.16,0.22,-0.2,-0.080000000000002,63757270,0.18,-0.93828942619993,MSFT
2005-12-13,-0.27,-0.1,-0.53,-0.3999,104202300,-0.080000000000002,-1.1653916211293,MSFT
2005-12-14,-0.54,-0.29,-0.68,-0.44,65076160,-0.3999,-0.14780631107146,MSFT
2005-12-15,-0.44,-0.42,-0.72,-0.61,79012300,-0.44,-0.62753783684016,MSFT
2005-12-16,-0.65,-0.45,-0.72,-0.63,88009370,-0.61,-0.074294205052018,MSFT
2005-12-19,-0.83,-0.66,-0.88,-0.7,68686960,-0.63,-0.26022304832714,MSFT
2005-12-20,-0.77,-0.65,-0.86,-0.67,62960510,-0.7,0.11181513231458,MSFT
2005-12-21,-0.68,-0.62,-0.8202,-0.8,73129430,-0.67,-0.48399106478034,MSFT
2005-12-22,-0.83,-0.75,-1.111,-0.94,91276960,-0.8,-0.52375607931164,MSFT
2005-12-23,-1.01,-0.8597,-1.09,-0.89,30688010,-0.94,0.18804061677323,MSFT
2005-12-27,-0.83,-0.68,-1.08,-1.07,37610710,-0.89,-0.67567567567567,MSFT
2005-12-28,-1.02,-0.868,-1.18,-1.14,35444290,-1.07,-0.26455026455027,MSFT
2005-12-29,-1.16,-1.0299,-1.27,-1.26,34491590,-1.14,-0.45471769609701,MSFT
2005-12-30,-1.37,-1.22,-1.43,-1.38,49045190,-1.26,-0.45679482299201,MSFT
2006-01-03,-1.28,-0.529,-1.43,-0.69,79970550,-1.38,2.6386233269599,MSFT
2006-01-04,-0.76,-0.4499,-0.76,-0.56,57967200,-0.69,0.48435171385991,MSFT
2006-01-05,-0.57,-0.4,-0.62,-0.54,48135450,-0.56,0.074156470152019,MSFT
2006-01-06,-0.64,-0.53,-1.04,-0.62,100945300,-0.54,-0.29640607632456,MSFT
2006-01-09,-0.59,-0.46,-0.77,-0.67,55611050,-0.62,-0.18580453363062,MSFT
2006-01-10,-0.9,-0.51,-0.94,-0.53,64920950,-0.67,0.52122114668652,MSFT
2006-01-11,-0.54,-0.14,-0.63,-0.24,70120740,-0.53,1.0740740740741,MSFT
2006-01-12,-0.3,-0.27,-0.56,-0.39,45984390,-0.24,-0.54965188713814,MSFT
2006-01-13,-0.51,-0.2799,-0.52,-0.34,41418000,-0.39,0.18422991893884,MSFT
2006-01-17,-0.63,-0.34,-0.63,-0.54,58528040,-0.34,-0.7355645457889,MSFT
2006-01-18,-0.78,-0.55,-0.83,-0.7,52495590,-0.54,-0.59281215264913,MSFT
2006-01-19,-0.68,-0.29,-0.68,-0.51,60365940,-0.7,0.70816250465897,MSFT
2006-01-20,-0.53,-0.52,-1.27,-1.12,79180870,-0.51,-2.2575869726129,MSFT
2006-01-23,-1.11,-1.0,-1.23,-1.18,47925610,-1.12,-0.22718667171525,MSFT
2006-01-24,-1.2,-1.0799,-1.31,-1.25,63034200,-1.18,-0.26565464895636,MSFT
2006-01-25,-1.11,-0.96,-1.3,-1.13,59070510,-1.25,0.4566210045662,MSFT
2006-01-26,-1.0,-0.81,-1.22,-1.03,69362820,-1.13,0.37878787878788,MSFT
2006-01-27,-0.3,0.4201,-0.34,0.26,134517900,-1.03,4.8679245283019,MSFT
2006-01-30,0.28,0.65,0.25,0.47,103998800,0.26,0.75566750629723,MSFT
2006-01-31,0.35,0.85,0.34,0.62,94685890,0.47,0.53571428571428,MSFT
2006-02-01,0.49,0.54,0.23,0.51,68426310,0.62,-0.39076376554174,MSFT
2006-02-02,0.39,0.46,0.019999999999999,0.15,55073010,0.51,-1.283880171184,MSFT
2006-02-03,-0.060000000000002,0.17,-0.19,0.0099999999999991,75020720,0.15,-0.50578034682081,MSFT
2006-02-06,-0.040000000000002,0.0099999999999991,-0.44,-0.36,60169600,0.0099999999999991,-1.3435003631082,MSFT
2006-02-07,-0.57,-0.3799,-0.72,-0.59,72147650,-0.36,-0.84652189915348,MSFT
2006-02-08,-0.53,-0.45,-0.82,-0.62,51794180,-0.59,-0.11135857461025,MSFT
2006-02-09,-0.58,-0.5,-0.88,-0.87,52810200,-0.62,-0.9290226681531,MSFT
2006-02-10,-0.91,-0.64,-1.02,-0.84,52125900,-0.87,0.11252813203301,MSFT
2006-02-13,-0.91,-0.83,-1.19,-1.14,46707040,-0.84,-1.1240164855751,MSFT
2006-02-14,-1.13,-0.85,-1.18,-0.88,58432850,-1.14,0.98522167487684,MSFT
2006-02-15,-0.85,-0.51,-0.94,-0.56,62605060,-0.88,0.86303939962477,MSFT
2006-02-16,-0.59,-0.5399,-0.87,-0.63,48862160,-0.56,-0.26041666666667,MSFT
2006-02-17,-0.78,-0.69,-0.88,-0.74,41505290,-0.63,-0.41029466616934,MSFT
2006-02-21,-0.74,-0.72,-1.1,-0.9,50214240,-0.74,-0.59925093632959,MSFT
2006-02-22,-0.91,-0.58,-0.97,-0.72,43042160,-0.9,0.67822155237377,MSFT
2006-02-23,-0.69,-0.5499,-0.9,-0.78,46767060,-0.72,-0.22455089820359,MSFT
2006-02-24,-0.86,-0.7,-0.92,-0.81,44747320,-0.78,-0.11252813203301,MSFT
2006-02-27,-0.66,-0.18,-0.77,-0.39,51459790,-0.81,1.5771686068344,MSFT
2006-02-28,-0.47,-0.14,-0.57,-0.57,64764160,-0.39,-0.66543438077634,MSFT
2006-03-01,-0.48,-0.24,-0.49,-0.3,52596080,-0.57,1.0048381094157,MSFT
2006-03-02,-0.43,-0.3399,-0.54,-0.47,41850010,-0.3,-0.62638172439205,MSFT
2006-03-03,-0.62,-0.28,-0.7,-0.51,45206350,-0.47,-0.14831294030404,MSFT
2006-03-06,-0.52,-0.29,-0.61,-0.53,53052930,-0.51,-0.074266617155587,MSFT
2006-03-07,-0.535,-0.34,-0.63,-0.38,51610000,-0.53,0.55741360089186,MSFT
2006-03-08,-0.44,0.059999999999998,-0.47,-0.19,57439000,-0.38,0.70214338507022,MSFT
2006-03-09,-0.17,-0.019999999999999,-0.44,-0.44,45349580,-0.19,-0.91743119266055,MSFT
2006-03-10,-0.38,-0.22,-0.56,-0.27,41293590,-0.44,0.62962962962964,MSFT
2006-03-13,-0.26,-0.15,-0.5,-0.33,40342520,-0.27,-0.22083179977918,MSFT
2006-03-14,-0.405,-0.060000000000002,-0.45,-0.21,39819490,-0.33,0.44264109184803,MSFT
2006-03-15,-0.24,0.010099999999999,-0.43,-0.080000000000002,57129270,-0.21,0.47741461623209,MSFT
2006-03-16,-0.115,0.039999999999998,-0.22,-0.17,73785790,-0.080000000000002,-0.32894736842105,MSFT
2006-03-17,-0.060000000000002,0.22,-0.17,0.059999999999998,120613600,-0.17,0.84341767510084,MSFT
2006-03-20,0.255,0.55,0.23,0.45,67093420,0.059999999999998,1.4181818181818,MSFT
2006-03-21,0.53,0.78,0.24,0.3,70504710,0.45,-0.53782717820008,MSFT
2006-03-22,-0.355,0.059999999999998,-0.6439,-0.29,145694700,0.3,-2.1268925739005,MSFT
2006-03-23,-0.355,-0.34,-0.78,-0.59,73667620,-0.29,-1.1049723756906,MSFT
2006-03-24,-0.725,-0.23,-0.82,-0.43,69156990,-0.59,0.59590316573557,MSFT
2006-03-27,-0.415,-0.14,-0.44,-0.43,59648790,-0.43,0.0,MSFT
2006-03-28,-0.425,-0.23,-0.63,-0.54,58470810,-0.43,-0.40725657164014,MSFT
2006-03-29,-0.49,-0.24,-0.52,-0.42,53150250,-0.54,0.4460966542751,MSFT
2006-03-30,-0.41,-0.05,-0.44,-0.21,54589290,-0.42,0.77720207253886,MSFT
2006-03-31,-0.14,0.101,-0.23,-0.23,62125520,-0.21,-0.073448402497244,MSFT
2006-04-03,0.23,0.29,2.2204460492503003e-16,0.12,57600860,-0.23,1.2862918044836,MSFT
2006-04-04,0.165,0.36,0.029999999999997,0.2,45470030,0.12,0.29027576197388,MSFT
2006-04-05,0.44,0.501,0.2,0.3,41532100,0.2,0.36179450072358,MSFT
2006-04-06,0.22,0.28,-0.07,0.12,51394520,0.3,-0.64888248017303,MSFT
2006-04-07,0.175,0.28,-0.21,-0.19,47249380,0.12,-1.1248185776488,MSFT
2006-04-10,-0.205,2.2204460492503003e-16,-0.24,-0.15,39431980,-0.19,0.14678899082568,MSFT
2006-04-11,-0.15,-0.12,-0.44,-0.31,42923460,-0.15,-0.58629534628069,MSFT
2006-04-12,-0.34,-0.24,-0.47,-0.24,32163220,-0.31,0.25801695539993,MSFT
2006-04-13,-0.355,-0.24,-0.44,-0.37,28160050,-0.24,-0.47794117647058,MSFT
2006-04-17,-0.41,-0.39,-0.71,-0.6,35793160,-0.37,-0.84964905799779,MSFT
2006-04-18,-0.5,0.059999999999998,-0.62,-0.22,55608720,-0.6,1.4157973174367,MSFT
2006-04-19,-0.335,-0.25,-0.48,-0.41,45109150,-0.22,-0.69801616458486,MSFT
2006-04-20,-0.39,-0.25,-0.74,-0.41,45643840,-0.41,0.0,MSFT
2006-04-21,-0.34,-0.049900000000001,-0.44,-0.29,58525640,-0.41,0.4439511653718,MSFT
2006-04-24,-0.365,-0.1899,-0.46,-0.33,42316720,-0.29,-0.14732965009208,MSFT
2006-04-25,-0.325,-0.23,-0.42,-0.33,49156230,-0.33,0.0,MSFT
2006-04-26,-0.355,-0.21,-0.44,-0.34,39177620,-0.33,-0.036886757653995,MSFT
2006-04-27,-0.45,0.19,-0.5,-0.19,93891620,-0.34,0.55350553505535,MSFT
2006-04-28,-3.06,-2.94,-3.44,-3.29,590729100,-0.19,-11.376146788991,MSFT
2006-05-01,-3.115,-2.44,-3.35,-3.15,174748200,-3.29,0.57971014492754,MSFT
2006-05-02,-2.95,-2.44,-3.54,-3.43,190352400,-3.15,-1.1527377521614,MSFT
2006-05-03,-4.06,-3.42,-4.29,-4.27,211426200,-3.43,-3.4985422740525,MSFT
2006-05-04,-4.09,-3.77,-4.3,-4.0,171232900,-4.27,1.1652999568407,MSFT
2006-05-05,-3.775,-3.4899,-3.92,-3.64,131228300,-4.0,1.5358361774744,MSFT
2006-05-08,-3.58,-2.44,-3.93,-3.71,80691510,-3.64,-0.29411764705882,MSFT
2006-05-09,-3.695,-3.44,-3.95,-3.82,75325990,-3.71,-0.46354825115887,MSFT
2006-05-10,-3.77,-3.65,-3.85,-3.67,76562470,-3.82,0.6350550381033,MSFT
2006-05-11,-3.73,-3.65,-4.29,-4.22,92655240,-3.67,-2.3138409760202,MSFT
2006-05-12,-4.315,-4.07,-4.39,-4.27,83107170,-4.22,-0.21533161068044,MSFT
2006-05-15,-4.25,-4.12,-4.32,-4.2,67313150,-4.27,-0.08631851532155,MSFT
2006-05-16,-4.19,-3.35,-4.44,-4.34,82093800,-4.2,-0.6047516198704,MSFT
2006-05-17,-4.45,-4.2699,-4.62,-4.62,98145650,-4.34,-1.2168622338114,MSFT
2006-05-18,-4.51,-4.21,-4.59,-4.52,95324620,-4.62,0.43994720633523,MSFT
2006-05-19,-4.56,-4.45,-4.83,-4.79,100059000,-4.52,-1.1826544021025,MSFT
2006-05-22,-4.87,-4.33,-4.9,-4.47,87321170,-4.79,1.4184397163121,MSFT
2006-05-23,-4.245,-3.9699,-4.58,-4.56,79965400,-4.47,-0.39335664335664,MSFT
2006-05-24,-4.36,-3.81,-4.37,-3.85,107345200,-4.56,3.1154014918824,MSFT
2006-05-25,-3.68,-3.4299,-3.81,-3.61,83051770,-3.85,1.0212765957447,MSFT
2006-05-26,-3.58,-3.47,-3.79,-3.63,46860560,-3.61,-0.084245998315078,MSFT
2006-05-30,-3.795,-3.59,-4.21,-4.2,52383530,-3.63,-2.4030354131535,MSFT
2006-05-31,-4.09,-4.0,-4.7,-4.7,119730500,-4.2,-2.1598272138229,MSFT
2006-06-01,-4.61,-4.51,-4.73,-4.53,80221750,-4.7,0.7505518763797,MSFT
2006-06-02,-4.48,-4.36,-4.68,-4.59,73922970,-4.53,-0.26292725679228,MSFT
2006-06-05,-4.63,-4.62,-4.86,-4.85,63888610,-4.59,-1.1423550087874,MSFT
2006-06-06,-4.8,-4.79,-5.37,-5.22,126600300,-4.85,-1.6444444444444,MSFT
2006-06-07,-5.2,-4.96,-5.34,-5.31,73822980,-5.22,-0.40668775417985,MSFT
2006-06-08,-5.32,-5.14,-5.38,-5.24,104062200,-5.31,0.31760435571688,MSFT
2006-06-09,-5.205,-5.16,-5.46,-5.43,52562220,-5.24,-0.8593396653098,MSFT
2006-06-12,-5.39,-5.25,-5.65,-5.64,74305710,-5.43,-0.9580291970803,MSFT
2006-06-13,-5.615,-5.32,-5.8901,-5.84,112810000,-5.64,-0.92123445416858,MSFT
2006-06-14,-5.76,-5.41,-5.8,-5.47,86063190,-5.84,1.720130172013,MSFT
2006-06-15,-5.34,-5.2199,-5.55,-5.28,121136600,-5.47,0.86837294332725,MSFT
2006-06-16,-5.375,-5.07,-5.56,-5.25,147213200,-5.28,0.13593112822837,MSFT
2006-06-19,-5.205,-4.75,-5.23,-4.8,129629200,-5.25,2.0361990950226,MSFT
2006-06-20,-4.81,-4.5899,-4.85,-4.79,90284380,-4.8,0.044345898004426,MSFT
2006-06-21,-4.74,-4.2,-4.82,-4.27,91095350,-4.79,2.3049645390071,MSFT
2006-06-22,-4.29,-4.18,-4.57,-4.47,76643690,-4.27,-0.86655112651646,MSFT
2006-06-23,-4.5,-4.48,-4.85,-4.85,60509180,-4.47,-1.6608391608392,MSFT
2006-06-26,-4.7,-4.46,-4.72,-4.53,47334710,-4.85,1.4222222222222,MSFT
2006-06-27,-4.46,-4.19,-4.51,-4.49,84716150,-4.53,0.17528483786152,MSFT
2006-06-28,-4.42,-4.1,-4.44,-4.19,71901260,-4.49,1.3123359580053,MSFT
2006-06-29,-4.03,-3.72,-4.13,-3.8798,121353200,-4.19,1.339378238342,MSFT
2006-06-30,-3.81,-3.7,-4.05,-4.05,70659500,-3.8798,-0.72517490264249,MSFT
2006-07-03,-3.815,-3.63,-3.9,-3.65,25711430,-4.05,1.7167381974249,MSFT
2006-07-05,-3.87,-3.83,-4.05,-4.0,53081120,-3.65,-1.4767932489451,MSFT
2006-07-06,-3.91,-3.74,-3.93,-3.87,44773530,-4.0,0.55674518201284,MSFT
2006-07-07,-3.945,-3.8,-4.05,-4.05,63168480,-3.87,-0.76660988074957,MSFT
2006-07-10,-3.92,-3.69,-3.97,-3.85,50564570,-4.05,0.85836909871244,MSFT
2006-07-11,-3.985,-3.98,-4.61,-4.25,88661280,-3.85,-1.7021276595745,MSFT
2006-07-12,-4.56,-4.47,-4.73,-4.71,77374580,-4.25,-1.991341991342,MSFT
2006-07-13,-4.98,-4.74,-5.1,-5.09,72858340,-4.71,-1.678445229682,MSFT
2006-07-14,-5.06,-4.8,-5.12,-5.06,67492860,-5.09,0.13477088948786,MSFT
2006-07-17,-5.06,-4.74,-5.09,-4.87,37052460,-5.06,0.85240017945268,MSFT
2006-07-18,-4.76,-4.59,-4.87,-4.61,65046300,-4.87,1.1565836298932,MSFT
2006-07-19,-4.53,-3.89,-4.63,-3.95,82184880,-4.61,2.9023746701847,MSFT
2006-07-20,-3.915,-3.9,-4.57,-4.5,75380900,-3.95,-2.3504273504273,MSFT
2006-07-21,-3.29,-3.2,-4.35,-3.48,175436400,-4.5,4.4638949671772,MSFT
2006-07-24,-3.34,-3.2399,-3.56,-3.35,59050800,-3.48,0.54461667364893,MSFT
2006-07-25,-3.35,-3.06,-3.45,-3.13,60065570,-3.35,0.91666666666666,MSFT
2006-07-26,-3.235,-2.82,-3.25,-2.98,54940410,-3.13,0.61932287365814,MSFT
2006-07-27,-2.765,-2.75,-3.58,-3.48,85380080,-2.98,-2.0517029134181,MSFT
2006-07-28,-3.27,-3.07,-3.29,-3.1,51698790,-3.48,1.5919564306661,MSFT
2006-07-31,-3.28,-2.93,-3.34,-3.29,40244370,-3.1,-0.78350515463918,MSFT
2006-08-01,-3.33,-3.1499,-3.5,-3.36,49016360,-3.29,-0.29093931837074,MSFT
2006-08-02,-3.235,-2.9499,-3.32,-3.05,46447010,-3.36,1.2922050854523,MSFT
2006-08-03,-3.165,-2.87,-3.2,-3.14,43139940,-3.05,-0.37037037037037,MSFT
2006-08-04,-2.945,-2.8599,-3.2,-3.06,45687440,-3.14,0.33044196612969,MSFT
2006-08-07,-3.07,-2.87,-3.16,-3.13,36868140,-3.06,-0.28818443804035,MSFT
2006-08-08,-2.96,-2.83,-3.15,-3.01,58131990,-3.13,0.49545829892651,MSFT
2006-08-09,-2.86,-2.71,-3.01,-2.91,44318870,-3.01,0.41084634346755,MSFT
2006-08-10,-2.98,-2.75,-3.01,-2.89,31750380,-2.91,0.081833060556463,MSFT
2006-08-11,-2.94,-2.9,-3.15,-2.92,30255070,-2.89,-0.12264922322159,MSFT
2006-08-14,-2.83,-2.75,-3.0,-2.82,46618440,-2.92,0.40933278755629,MSFT
2006-08-15,-2.705,-2.61,-2.82,-2.64,48992630,-2.82,0.36689767631472,MSFT
2006-08-16,-2.655,-2.53,-2.79,-2.56,52293650,-2.64,0.32493907392363,MSFT
2006-08-17,-2.56,-2.51,-2.65,-2.56,45320210,-2.56,0.0,MSFT
2006-08-18,-2.215,-1.46,-2.28,-1.47,128409700,-2.56,4.412955465587,MSFT
2006-08-21,-1.595,-1.13,-1.7,-1.14,88396250,-1.47,1.2795657231485,MSFT
2006-08-22,-1.255,-1.0099,-1.64,-1.64,88869590,-1.14,-1.9142419601838,MSFT
2006-08-23,-1.615,-1.31,-1.74,-1.59,44051090,-1.64,0.19516003122561,MSFT
2006-08-24,-1.445,-1.4,-1.76,-1.52,35928450,-1.59,0.27269185820022,MSFT
2006-08-25,-1.55,-1.26,-1.57,-1.41,32964430,-1.52,0.42735042735044,MSFT
2006-08-28,-1.42,-1.26,-1.57,-1.31,34190950,-1.41,0.38684719535783,MSFT
2006-08-29,-1.345,-1.28,-1.63,-1.42,42711170,-1.31,-0.42389210019268,MSFT
2006-08-30,-1.41,-1.37,-1.62,-1.46,30313070,-1.42,-0.1547987616099,MSFT
2006-08-31,-1.39,-1.28,-1.58,-1.56,26313400,-1.46,-0.38759689922481,MSFT
2006-09-01,-1.37,-1.29,-1.62,-1.42,31592400,-1.56,0.54474708171206,MSFT
2006-09-05,-1.59,-1.3,-1.7,-1.65,44203810,-1.42,-0.89009287925697,MSFT
2006-09-06,-1.75,-1.54,-1.75,-1.65,50134730,-1.65,0.0,MSFT
2006-09-07,-1.78,-1.56,-1.87,-1.83,51265910,-1.65,-0.70285044904334,MSFT
2006-09-08,-1.73,-1.47,-1.8,-1.66,36864360,-1.83,0.66850176956351,MSFT
2006-09-11,-1.83,-1.31,-1.84,-1.35,55600780,-1.66,1.2109375,MSFT
2006-09-12,-1.36,-1.2799,-1.5401,-1.33,52243780,-1.35,0.077190274025471,MSFT
2006-09-13,-1.435,-1.16,-1.77,-1.28,37706270,-1.33,0.19282684149634,MSFT
2006-09-14,-1.27,-0.76,-1.28,-0.93,74321630,-1.28,1.3471901462664,MSFT
2006-09-15,-0.77,-0.32,-0.77,-0.41,125939200,-0.93,1.9749335358906,MSFT
2006-09-18,-0.52,-0.22,-0.59,-0.47,49132560,-0.41,-0.22346368715085,MSFT
2006-09-19,-0.52,-0.32,-0.54,-0.4,43032370,-0.47,0.26129152668906,MSFT
2006-09-20,-0.25,-0.030000000000001,-0.27,-0.080000000000002,71565870,-0.4,1.1913626209978,MSFT
2006-09-21,-0.020000000000003,-0.010000000000001,-0.41,-0.36,58478990,-0.080000000000002,-1.0301692420898,MSFT
2006-09-22,-0.43,-0.41,-0.78,-0.6,47712240,-0.36,-0.89219330855018,MSFT
2006-09-25,-0.45,-0.07,-0.47,-0.31,67873570,-0.6,1.0877719429857,MSFT
2006-09-26,-0.35,0.059999999999998,-0.38,-0.060000000000002,54666820,-0.31,0.92764378478664,MSFT
2006-09-27,-0.080000000000002,0.21,-0.14,0.18,66211240,-0.060000000000002,0.88235294117648,MSFT
2006-09-28,0.21,0.26,2.2204460492503003e-16,0.14,44174510,0.18,-0.1457725947522,MSFT
2006-09-29,0.089999999999999,0.16,-0.05,0.089999999999999,34292400,0.14,-0.18248175182481,MSFT
2006-10-02,0.059999999999998,0.23,-0.11,0.099999999999997,52928740,0.089999999999999,0.036563071297982,MSFT
2006-10-03,0.11,0.22,-0.05,0.11,39351970,0.099999999999997,0.036549707602345,MSFT
2006-10-04,0.13,0.7,0.11,0.68,82191190,0.11,2.0825721592985,MSFT
2006-10-05,0.665,0.85,0.52,0.66,81317160,0.68,-0.071581961345739,MSFT
2006-10-06,0.5,0.7402,0.39,0.61,36445910,0.66,-0.17908309455588,MSFT
2006-10-09,0.54,0.67,0.36,0.46,33365850,0.61,-0.53821313240044,MSFT
2006-10-10,0.43,0.49,0.18,0.43,34597770,0.46,-0.1082251082251,MSFT
2006-10-11,0.19,0.41,0.16,0.28,37222280,0.43,-0.54171180931745,MSFT
2006-10-12,0.32,1.03,0.28,0.96,120113400,0.28,2.4691358024691,MSFT
2006-10-13,1.09,1.43,1.05,1.11,129746100,0.96,0.53153791637138,MSFT
2006-10-16,1.22,1.34,1.0699,1.19,49732960,1.11,0.28198801550933,MSFT
2006-10-17,0.98,1.25,0.91,1.18,40117800,1.19,-0.035149384885758,MSFT
2006-10-18,1.24,1.4401,1.0,1.26,40495300,1.18,0.28129395218002,MSFT
2006-10-19,1.09,1.191,0.86,1.03,44731400,1.26,-0.80645161290323,MSFT
2006-10-20,1.22,1.23,0.91,1.17,48887780,1.03,0.49487451396253,MSFT
2006-10-23,1.07,1.43,0.92,1.19,48438150,1.17,0.07034822370735,MSFT
2006-10-24,1.17,1.17,0.87,1.02,61242170,1.19,-0.59753954305799,MSFT
2006-10-25,1.02,1.2,0.88,1.05,40487940,1.02,0.1060820367751,MSFT
2006-10-26,1.07,1.15,0.78,1.09,69610960,1.05,0.14129282938892,MSFT
2006-10-27,1.23,1.53,0.99,1.08,89021940,1.09,-0.035273368606707,MSFT
2006-10-30,1.095,1.58,1.06,1.27,47293940,1.08,0.67043048694425,MSFT
2006-10-31,1.37,1.5901,1.3,1.45,61775620,1.27,0.63091482649842,MSFT
2006-11-01,1.52,1.73,1.44,1.55,75895990,1.45,0.34831069313827,MSFT
2006-11-02,1.42,1.6,1.32,1.51,58670540,1.55,-0.13884068031933,MSFT
2006-11-03,1.6,1.67,1.35,1.47,41113450,1.51,-0.13903371567605,MSFT
2006-11-06,1.505,1.79,1.5,1.58,60427540,1.47,0.38287504350853,MSFT
2006-11-07,1.595,1.8101,1.5399,1.69,56504450,1.58,0.38141470180305,MSFT
2006-11-08,1.515,1.97,1.4,1.72,77373750,1.69,0.10362694300519,MSFT
2006-11-09,1.815,2.14,1.74,2.0,89407470,1.72,0.96618357487923,MSFT
2006-11-10,1.915,2.03,1.89,1.98,36928550,2.0,-0.068352699931658,MSFT
2006-11-13,1.94,2.2,1.9,2.09,47269810,1.98,0.37619699042409,MSFT
2006-11-14,2.12,2.26,1.91,2.0685,63011830,2.09,-0.41396933560477,MSFT
2006-11-15,1.965,2.2001,1.95,1.96,63707990,2.0685,-0.37121302837983,MSFT
2006-11-16,1.975,2.48,1.97,2.31,64324350,1.96,1.2019230769231,MSFT
2006-11-17,2.15,2.38,2.12,2.24,49236690,2.31,-0.2375296912114,MSFT
2006-11-20,2.36,2.84,2.34,2.73,85702960,2.24,1.6666666666667,MSFT
2006-11-21,2.75,2.8401,2.63,2.76,66445710,2.73,0.10036801605889,MSFT
2006-11-22,2.815,2.84,2.66,2.76,43907210,2.76,0.0,MSFT
2006-11-24,2.5,2.68,2.48,2.6,20469690,2.76,-0.53475935828877,MSFT
2006-11-27,2.52,2.58,2.17,2.32,72707250,2.6,-0.94086021505377,MSFT
2006-11-28,2.18,2.26,1.97,2.23,52594300,2.32,-0.30529172320217,MSFT
2006-11-29,2.28,2.62,2.27,2.41,58775010,2.23,0.61245321537938,MSFT
2006-11-30,2.26,2.41,2.1659,2.2,53193720,2.41,-0.71017923571187,MSFT
2006-12-01,2.07,2.14,1.7399,1.96,72253490,2.2,-0.81743869209809,MSFT
2006-12-04,2.065,2.36,2.01,2.17,55127950,1.96,0.72115384615384,MSFT
2006-12-05,2.2,2.24,1.87,1.97,45577180,2.17,-0.68189566996249,MSFT
2006-12-06,1.935,1.97,1.71,1.83,48516150,1.97,-0.48060418812221,MSFT
2006-12-07,1.8,1.91,1.65,1.69,46831180,1.83,-0.48292514660227,MSFT
2006-12-08,1.66,2.24,1.64,2.24,108852300,1.69,1.9064124783362,MSFT
2006-12-11,2.025,2.59,1.95,2.38,107596800,2.24,0.47619047619048,MSFT
2006-12-12,2.36,2.47,2.06,2.27,68808970,2.38,-0.37237643872715,MSFT
2006-12-13,2.44,2.44,2.16,2.39,45658920,2.27,0.40774719673803,MSFT
2006-12-14,2.385,2.9201,2.36,2.91,84192830,2.39,1.7597292724196,MSFT
2006-12-15,2.985,3.07,2.87,3.03,102714700,2.91,0.3990688393748,MSFT
2006-12-18,3.03,3.1,2.62,2.73,56905180,3.03,-0.99370652533952,MSFT
2006-12-19,2.535,3.01,2.37,2.83,53672650,2.73,0.3345600535296,MSFT
2006-12-20,2.825,3.08,2.81,2.93,31421860,2.83,0.33344448149384,MSFT
2006-12-21,2.97,2.98,2.73,2.82,32147700,2.93,-0.36556995679628,MSFT
2006-12-22,2.66,2.7,2.46,2.48,37971760,2.82,-1.1340893929286,MSFT
2006-12-26,2.37,2.84,2.24,2.83,37094280,2.48,1.1808367071525,MSFT
2006-12-27,2.83,2.97,2.75,2.86,31246240,2.83,0.10003334444815,MSFT
2006-12-28,2.7,2.87,2.65,2.82,26690500,2.86,-0.13324450366422,MSFT
2006-12-29,2.7,2.99,2.67,2.7,9999999,2.82,-0.40026684456305,MSFT
2007-01-03,2.755,3.09,2.24,2.7,76901840,2.7,0.0,MSFT
2007-01-04,2.535,2.81,2.28,2.65,45705970,2.7,-0.16744809109176,MSFT
2007-01-05,2.47,2.59,2.29,2.48,44517320,2.65,-0.57027843005702,MSFT
2007-01-08,2.49,2.94,2.37,2.77,50148180,2.48,0.97840755735492,MSFT
2007-01-09,2.84,3.02,2.57,2.8,44622080,2.77,0.10023387905112,MSFT
2007-01-10,2.64,2.73,2.27,2.5,55013970,2.8,-1.0013351134846,MSFT
2007-01-11,2.595,3.59,2.4899,3.54,99329240,2.5,3.5064059339177,MSFT
2007-01-12,3.49,4.23,3.48,4.05,103960300,3.54,1.6612377850163,MSFT
2007-01-16,4.1,4.29,3.87,4.0,62276310,4.05,-0.16020506247998,MSFT
2007-01-17,4.1,4.28,3.85,3.94,58495680,4.0,-0.19255455712451,MSFT
2007-01-18,3.98,4.21,3.64,3.84,56006360,3.94,-0.32154340836013,MSFT
2007-01-19,3.56,3.95,3.53,3.95,75816290,3.84,0.35483870967742,MSFT
2007-01-22,3.905,3.96,3.35,3.56,55139630,3.95,-1.2536162005786,MSFT
2007-01-23,3.47,3.8,3.36,3.58,49167220,3.56,0.065104166666665,MSFT
2007-01-24,3.62,4.14,3.49,3.93,58509450,3.58,1.1385816525699,MSFT
2007-01-25,3.925,4.32,3.29,3.29,95942730,3.93,-2.0585397233837,MSFT
2007-01-26,4.065,4.07,3.44,3.44,96082540,3.29,0.49261083743843,MSFT
2007-01-29,3.515,3.62,3.18,3.37,57603620,3.44,-0.22875816993464,MSFT
2007-01-30,3.41,3.48,2.98,3.32,61883740,3.37,-0.16377333770062,MSFT
2007-01-31,3.26,3.94,3.19,3.7,73881200,3.32,1.246719160105,MSFT
2007-02-01,3.68,3.78,3.21,3.4,53768940,3.7,-0.97213220998056,MSFT
2007-02-02,3.665,3.68,2.97,3.03,60400210,3.4,-1.2107329842932,MSFT
2007-02-05,2.82,2.86,2.25,2.45,99093550,3.03,-1.9211659489897,MSFT
2007-02-06,2.43,2.5901,2.06,2.35,78824020,2.45,-0.33772374197905,MSFT
2007-02-07,2.48,2.54,2.0899,2.21,65138390,2.35,-0.47441545238902,MSFT
2007-02-08,2.095,2.64,2.04,2.1,48679490,2.21,-0.37453183520599,MSFT
2007-02-09,2.185,2.24,1.77,1.82,69808500,2.1,-0.95693779904307,MSFT
2007-02-12,1.73,1.93,1.67,1.78,52560750,1.82,-0.13802622498274,MSFT
2007-02-13,1.985,2.14,1.9,1.95,50348040,1.78,0.2418797512094,MSFT
2007-02-14,2.105,2.63,2.09,2.34,55589570,1.95,1.3443640124095,MSFT
2007-02-15,2.51,2.59,2.16,2.4,63410020,2.34,0.20408163265307,MSFT
2007-02-16,1.83,1.88,1.5899,1.68,109329100,2.4,-2.4439918533605,MSFT
2007-02-20,1.58,1.8,1.41,1.77,53966250,1.68,0.31315240083507,MSFT
2007-02-21,1.69,2.33,1.68,2.29,68570440,1.77,1.803676725633,MSFT
2007-02-22,2.245,2.48,2.1,2.33,57749690,2.29,0.13628620102214,MSFT
2007-02-23,2.16,2.22,1.83,1.84,63741970,2.33,-1.6672337529772,MSFT
2007-02-26,1.9,2.06,1.76,2.01,63520910,1.84,0.58823529411765,MSFT
2007-02-27,1.65,1.91,0.73,0.81,87123330,2.01,-4.1279669762642,MSFT
2007-02-28,0.89,1.19,0.86,1.11,86325610,0.81,1.0764262648009,MSFT
2007-03-01,0.76,1.27,0.67,1.03,80173450,1.11,-0.28399006034789,MSFT
2007-03-02,0.96,1.1,0.7,0.7,63253430,1.03,-1.1747953008188,MSFT
2007-03-05,0.43,0.85,0.35,0.4899,56139030,0.7,-0.75684438040346,MSFT
2007-03-06,0.74,0.88,0.59,0.77,49354560,0.4899,1.0167006050839,MSFT
2007-03-07,0.7,0.84,0.49,0.55,51222220,0.77,-0.79051383399209,MSFT
2007-03-08,0.66,0.79,-0.46,0.26,72100530,0.55,-1.0503440782325,MSFT
2007-03-09,0.36,0.42,-0.029999999999997,0.22,79961760,0.26,-0.14641288433382,MSFT
2007-03-12,0.12,0.42,0.07,0.38,36474780,0.22,0.58651026392962,MSFT
2007-03-13,0.19,0.34,-0.35,-0.34,74969510,0.38,-2.6239067055394,MSFT
2007-03-14,-0.24,0.34,-0.33,0.34,75642560,-0.34,2.5449101796407,MSFT
2007-03-15,0.26,0.41,0.14,0.22,51740420,0.34,-0.43795620437955,MSFT
2007-03-16,0.29,0.42,0.14,0.27,65036100,0.22,0.183284457478,MSFT
2007-03-19,0.28,0.77,0.14,0.77,49411160,0.27,1.8294914013904,MSFT
2007-03-20,0.87,1.1,0.7,0.78,47897530,0.77,0.035932446999646,MSFT
2007-03-21,0.835,1.46,0.5,1.46,72808050,0.78,2.4425287356322,MSFT
2007-03-22,1.46,1.49,0.95,1.21,47934750,1.46,-0.8765778401122,MSFT
2007-03-23,1.16,1.21,0.74,0.96,50519440,1.21,-0.884329678104,MSFT
2007-03-26,0.88,1.16,0.64,1.16,47321000,0.96,0.71377587437544,MSFT
2007-03-27,0.98,1.1,0.59,0.66,58981230,1.16,-1.7717930545712,MSFT
2007-03-28,0.52,0.94,0.34,0.58,49018990,0.66,-0.28860028860028,MSFT
2007-03-29,0.78,0.785,0.43,0.69,42625480,0.58,0.39797395079595,MSFT
2007-03-30,0.69,0.89,0.44,0.81,47060920,0.69,0.43243243243244,MSFT
2007-04-02,0.83,0.87,0.5,0.68,41809380,0.81,-0.46645138141372,MSFT
2007-04-03,0.8,1.0,0.69,0.81,39748210,0.68,0.46863734679165,MSFT
2007-04-04,0.95,1.72,0.84,1.44,63243560,0.81,2.2604951560818,MSFT
2007-04-05,1.26,1.59,1.24,1.49,30131190,1.44,0.17543859649123,MSFT
2007-04-09,1.515,1.66,1.33,1.51,31384530,1.49,0.070052539404552,MSFT
2007-04-10,1.44,1.58,1.16,1.34,38643070,1.51,-0.59502975148758,MSFT
2007-04-11,1.24,1.51,0.93,1.05,44046160,1.34,-1.0211267605634,MSFT
2007-04-12,1.0,1.56,0.98,1.48,43762050,1.05,1.5297047314123,MSFT
2007-04-13,1.37,1.64,1.04,1.55,35913420,1.48,0.24526979677646,MSFT
2007-04-16,1.54,1.69,1.15,1.67,30700090,1.55,0.41943376441804,MSFT
2007-04-17,1.57,1.83,1.5,1.79,33169760,1.67,0.41768186564567,MSFT
2007-04-18,1.55,1.61,1.3,1.54,41765330,1.79,-0.86655112651646,MSFT
2007-04-19,1.28,1.83,1.2,1.63,44828540,1.54,0.31468531468531,MSFT
2007-04-20,1.92,2.04,1.64,1.96,60615260,1.63,1.1502265597769,MSFT
2007-04-23,1.9,1.93,1.61,1.72,41739100,1.96,-0.82701585113714,MSFT
2007-04-24,1.73,1.9,1.53,1.73,34236650,1.72,0.034746351633072,MSFT
2007-04-25,1.8,1.9401,1.63,1.93,39382740,1.73,0.69468565474123,MSFT
2007-04-26,2.03,2.29,1.85,2.04,68490060,1.93,0.37944118661608,MSFT
2007-04-27,3.11,3.68,2.94,3.06,128298800,2.04,3.5051546391753,MSFT
2007-04-30,3.07,3.31,2.88,2.88,67784950,3.06,-0.59760956175299,MSFT
2007-05-01,2.88,3.36,2.84,3.34,73558450,2.88,1.5364061456246,MSFT
2007-05-02,3.33,3.63,3.24,3.55,80657280,3.34,0.69078947368421,MSFT
2007-05-03,3.54,3.94,3.47,3.91,82032070,3.55,1.1760862463247,MSFT
2007-05-04,3.62,3.64,3.23,3.5,104383900,3.91,-1.3238618017436,MSFT
2007-05-07,3.46,3.7001,3.42,3.65,59888560,3.5,0.49083769633509,MSFT
2007-05-08,3.62,3.88,3.52,3.69,60551420,3.65,0.13025073266037,MSFT
2007-05-09,3.64,3.87,3.51,3.7199,51733100,3.69,0.097235772357728,MSFT
2007-05-10,3.62,3.87,3.47,3.52,55396710,3.7199,-0.64944980328072,MSFT
2007-05-11,3.51,3.92,3.49,3.83,43517820,3.52,1.0137344669719,MSFT
2007-05-14,3.78,3.93,3.75,3.91,70188260,3.83,0.25898348980252,MSFT
2007-05-15,3.94,4.13,3.88,3.94,75013860,3.91,-0.22602518566355,MSFT
2007-05-16,4.04,4.13,3.85,4.11,45833550,3.94,0.55016181229774,MSFT
2007-05-17,4.07,4.18,4.0,4.02,41045230,4.11,-0.28966849050531,MSFT
2007-05-18,4.01,4.03,3.62,3.87,58303680,4.02,-0.48418334409297,MSFT
2007-05-21,3.77,4.2,3.77,4.09,41836400,3.87,0.71359065844957,MSFT
2007-05-22,3.94,3.97,3.7,3.73,39999450,4.09,-1.1594202898551,MSFT
2007-05-23,3.88,3.88,3.61,3.62,46317040,3.73,-0.35842293906811,MSFT
2007-05-24,3.58,3.84,3.0,3.21,64046360,3.62,-1.3407455853499,MSFT
2007-05-25,3.32,3.7,3.22,3.52,47725920,3.21,1.0275107722904,MSFT
2007-05-29,3.53,3.87,3.43,3.83,42369940,3.52,1.0170603674541,MSFT
2007-05-30,3.59,4.17,3.55,4.15,57376740,3.83,1.0392984735304,MSFT
2007-05-31,4.16,4.2,3.65,3.7301,85284350,4.15,-1.3497267759563,MSFT
2007-06-01,3.83,3.94,3.59,3.63,39212210,3.7301,-0.32616381178296,MSFT
2007-06-04,3.46,3.8,3.44,3.755,41434460,3.63,0.4086302713305,MSFT
2007-06-05,3.66,3.67,3.37,3.62,44264640,3.755,-0.43952466221716,MSFT
2007-06-06,3.41,3.57,3.29,3.33,38217400,3.62,-0.94833224329627,MSFT
2007-06-07,3.06,3.33,2.63,2.66,71970400,3.33,-2.2119511389898,MSFT
2007-06-08,2.62,3.1,2.45,3.09,61346170,2.66,1.4517218095881,MSFT
2007-06-11,2.98,3.29,2.97,3.06,48400160,3.09,-0.099833610648922,MSFT
2007-06-12,3.0,3.28,2.81,2.89,56981740,3.06,-0.56628914057295,MSFT
2007-06-13,3.01,3.45,2.8901,3.43,64435580,2.89,1.8090452261307,MSFT
2007-06-14,3.39,3.75,3.34,3.56,58675050,3.43,0.4277722935176,MSFT
2007-06-15,3.9,3.92,3.47,3.53,100925700,3.56,-0.098296199213634,MSFT
2007-06-18,3.73,3.76,3.46,3.55,45544050,3.53,0.065595277140056,MSFT
2007-06-19,3.52,3.7,3.42,3.5,46802570,3.55,-0.16388069485415,MSFT
2007-06-20,3.48,3.55,3.0,3.05,46706600,3.5,-1.4773473407748,MSFT
2007-06-21,3.015,3.34,2.95,3.26,56564790,3.05,0.69976674441852,MSFT
2007-06-22,3.04,3.14,2.49,2.53,85734080,3.26,-2.4156187954997,MSFT
2007-06-25,2.51,2.81,2.42,2.53,53903680,2.53,0.0,MSFT
2007-06-26,2.59,2.84,2.54,2.56,48303490,2.53,0.10172939979655,MSFT
2007-06-27,2.4,2.99,2.4,2.91,53471250,2.56,1.1856368563686,MSFT
2007-06-28,2.9,3.01,2.72,2.87,46055170,2.91,-0.13391362571143,MSFT
2007-06-29,2.91,2.97,2.08,2.51,71135940,2.87,-1.2068387529333,MSFT
2007-07-02,2.71,2.84,2.53,2.78,47315930,2.51,0.9161859518154,MSFT
2007-07-03,2.825,3.26,2.82,3.06,35193380,2.78,0.94149293880296,MSFT
2007-07-05,3.09,3.26,2.87,3.03,47658000,3.06,-0.099933377748172,MSFT
2007-07-06,2.95,3.08,2.7,3.01,52548230,3.03,-0.066688896298765,MSFT
2007-07-09,2.9,2.99,2.85,2.91,33729130,3.01,-0.33366700033366,MSFT
2007-07-10,2.74,3.03,2.22,2.37,65983840,2.91,-1.8078339471041,MSFT
2007-07-11,2.28,2.69,2.25,2.53,47970370,2.37,0.54551653597,MSFT
2007-07-12,2.6,3.15,2.48,3.11,54274540,2.53,1.9667683960665,MSFT
2007-07-13,2.98,3.06,2.7,2.86,42125070,3.11,-0.83139341536415,MSFT
2007-07-16,2.8,3.28,2.76,3.07,48007000,2.86,0.70422535211268,MSFT
2007-07-17,3.06,3.92,3.05,3.8199,77523560,3.07,2.4971694971695,MSFT
2007-07-18,3.55,4.01,3.54,3.96,64400420,3.8199,0.45516717078353,MSFT
2007-07-19,4.09,4.88,3.97,4.55,120733500,3.96,1.9081500646831,MSFT
2007-07-20,4.19,4.24,3.83,4.2,98102700,4.55,-1.1107584893685,MSFT
2007-07-23,4.4,4.56,4.16,4.23,48747160,4.2,0.096277278562263,MSFT
2007-07-24,4.05,4.52,3.75,3.84,59728260,4.23,-1.2504007694774,MSFT
2007-07-25,4.03,4.34,3.41,3.75,54946100,3.84,-0.29220779220779,MSFT
2007-07-26,3.28,3.57,2.55,3.02,86996820,3.75,-2.3770758710518,MSFT
2007-07-27,2.97,3.04,2.4,2.4301,68709380,3.02,-1.9676450967312,MSFT
2007-07-30,2.445,2.53,1.99,2.44,67186730,2.4301,0.033684812232685,MSFT
2007-07-31,2.75,2.756,2.02,2.03,66553950,2.44,-1.3945578231293,MSFT
2007-08-01,1.99,2.59,1.86,2.34,80001960,2.03,1.0693342531908,MSFT
2007-08-02,2.23,2.83,2.06,2.56,47937940,2.34,0.75085324232082,MSFT
2007-08-03,2.49,2.82,1.94,2.0001,61450780,2.56,-1.8966802168022,MSFT
2007-08-06,2.09,2.58,1.79,2.58,59296350,2.0001,2.0024102126719,MSFT
2007-08-07,2.37,2.83,2.09,2.59,48158710,2.58,0.033852403520655,MSFT
2007-08-08,2.76,3.05,2.25,3.04,52764840,2.59,1.5228426395939,MSFT
2007-08-09,2.68,3.14,1.96,2.34,72587410,3.04,-2.3333333333333,MSFT
2007-08-10,1.94,2.09,1.3,1.75,76309420,2.34,-2.0136518771331,MSFT
2007-08-13,1.98,2.03,1.48,1.67,55096940,1.75,-0.27864855451063,MSFT
2007-08-14,1.91,2.03,1.34,1.41,42484510,1.67,-1.2574222843171,MSFT
2007-08-15,1.38,2.13,1.19,1.24,48111160,1.41,-0.60134418111071,MSFT
2007-08-16,1.02,1.49,0.65000000000001,0.95,80918350,1.24,-1.0320284697509,MSFT
2007-08-17,1.23,1.39,0.96,1.39,76737760,0.95,1.5821646889608,MSFT
2007-08-20,1.32,1.6301,1.22,1.4,48898100,1.39,0.035398230088501,MSFT
2007-08-21,1.24,1.46,1.01,1.21,49743570,1.4,-0.67232837933475,MSFT
2007-08-22,1.41,1.46,1.15,1.36,43373120,1.21,0.53437833986462,MSFT
2007-08-23,1.42,1.47,1.24,1.44,33882890,1.36,0.2834868887314,MSFT
2007-08-24,1.35,1.98,1.21,1.95,45145600,1.44,1.8021201413427,MSFT
2007-08-27,1.75,1.91,1.54,1.63,32780710,1.95,-1.1107254425547,MSFT
2007-08-28,1.44,1.63,1.05,1.07,43837730,1.63,-1.965601965602,MSFT
2007-08-29,1.27,1.75,0.96,1.73,45753770,1.07,2.3630504833512,MSFT
2007-08-30,1.56,2.07,1.46,1.59,33559030,1.73,-0.48968170689052,MSFT
2007-08-31,1.84,2.06,1.5,1.87,42519860,1.59,0.98418277680141,MSFT
2007-09-04,1.64,2.24,1.62,1.95,45657650,1.87,0.27845457709711,MSFT
2007-09-05,1.79,1.87,1.56,1.62,47668400,1.95,-1.1454356126345,MSFT
2007-09-06,1.7,2.15,1.69,2.05,45406190,1.62,1.5098314606742,MSFT
2007-09-07,1.76,1.97,1.46,1.58,52129100,2.05,-1.6257350397786,MSFT
2007-09-10,1.81,1.89,1.55,1.62,37240800,1.58,0.14064697609001,MSFT
2007-09-11,1.77,2.09,1.72,2.07,34350460,1.62,1.5800561797753,MSFT
2007-09-12,1.95,2.31,1.94,2.07,42280680,2.07,0.0,MSFT
2007-09-13,2.26,2.4,2.1,2.3,34523010,2.07,0.79502246802627,MSFT
2007-09-14,2.12,2.25,2.02,2.18,33483750,2.3,-0.41152263374486,MSFT
2007-09-17,1.93,2.02,1.76,1.865,39514630,2.18,-1.0847107438016,MSFT
2007-09-18,1.84,2.105,1.41,2.07,77426460,1.865,0.7136640557006,MSFT
2007-09-19,2.01,2.05,1.44,1.81,94208160,2.07,-0.8987210508123,MSFT
2007-09-20,1.62,1.72,1.48,1.5601,67139060,1.81,-0.87164283222881,MSFT
2007-09-21,1.83,1.95,1.58,1.7899,134862000,1.5601,0.80858265804834,MSFT
2007-09-24,1.95,2.75,1.94,2.22,104406100,1.7899,1.5012268803731,MSFT
2007-09-25,2.28,2.7,2.25,2.6999,75484780,2.22,1.6502751031637,MSFT
2007-09-26,2.82,2.99,2.62,2.64,60326570,2.6999,-0.20263938646612,MSFT
2007-09-27,2.84,2.86,2.58,2.63,40942720,2.64,-0.033898305084751,MSFT
2007-09-28,2.63,2.83,2.37,2.6,45792130,2.63,-0.10172939979653,MSFT
2007-10-01,2.6,2.93,2.55,2.9101,43611980,2.6,1.0526137135098,MSFT
2007-10-02,2.84,2.99,2.71,2.84,33544700,2.9101,-0.2354711606612,MSFT
2007-10-03,2.85,2.99,2.43,2.5925,37601950,2.84,-0.83333333333333,MSFT
2007-10-04,2.7,2.91,2.58,2.85,37795750,2.5925,0.87428910958323,MSFT
2007-10-05,3.03,3.13,2.87,2.98,45012120,2.85,0.43756311006395,MSFT
2007-10-08,2.8,2.99,2.74,2.98,30264660,2.98,0.0,MSFT
2007-10-09,3.17,3.53,3.14,3.2399,63514480,2.98,0.87097855227883,MSFT
2007-10-10,3.18,3.51,3.17,3.37,32232550,3.2399,0.43222734959252,MSFT
2007-10-11,3.44,3.77,2.93,3.05,49981310,3.37,-1.0585511081707,MSFT
2007-10-12,3.17,3.54,3.09,3.31,31095240,3.05,0.86927449013708,MSFT
2007-10-15,3.24,3.47,3.14,3.18,47133380,3.31,-0.43089161418629,MSFT
2007-10-16,3.38,3.72,3.37,3.46,55889330,3.18,0.93209054593875,MSFT
2007-10-17,3.89,4.37,3.79,4.22,85137520,3.46,2.5065963060686,MSFT
2007-10-18,4.36,4.37,3.77,4.3,48291900,4.22,0.25740025740026,MSFT
2007-10-19,4.23,4.23,3.25,3.31,75097600,4.3,-3.1771501925546,MSFT
2007-10-22,3.26,3.84,3.26,3.65,58770470,3.31,1.126947298641,MSFT
2007-10-23,3.85,4.26,3.85,4.04,49878260,3.65,1.2782694198623,MSFT
2007-10-24,3.99,4.44,3.64,4.39,77666630,4.04,1.1326860841424,MSFT
2007-10-25,4.71,5.36,4.63,5.13,166351400,4.39,2.368,MSFT
2007-10-26,9.15,9.17,7.7,8.17,287249700,5.13,9.5029696780244,MSFT
2007-10-29,7.99,8.43,7.59,7.71,114619600,8.17,-1.3131601484442,MSFT
2007-10-30,7.51,8.73,7.49,8.71,107277300,7.71,2.8926815157651,MSFT
2007-10-31,8.66,10.14,8.65,9.95,185564500,8.71,3.486083778465,MSFT
2007-11-01,9.67,10.63,9.5,10.2,151051200,9.95,0.67916327085031,MSFT
2007-11-02,10.36,10.64,9.56,10.2,96389260,10.2,0.0,MSFT
2007-11-05,9.9,10.24,9.77,9.87,75375520,10.2,-0.8904479222882,MSFT
2007-11-06,9.73,9.8,9.01,9.55,100919400,9.87,-0.87122243397768,MSFT
2007-11-07,9.18,9.3,8.59,8.66,74842300,9.55,-2.4443834111508,MSFT
2007-11-08,8.74,9.04,7.54,7.88,122745500,8.66,-2.1959459459459,MSFT
2007-11-09,7.32,7.68,6.79,6.87,125108700,7.88,-2.9073114565343,MSFT
2007-11-12,6.46,6.85,6.16,6.52,84718990,6.87,-1.0376519418915,MSFT
2007-11-13,6.79,7.92,6.63,7.71,104260000,6.52,3.2354703415219,MSFT
2007-11-14,7.87,8.0,7.0,7.18,83828770,7.71,-1.5380150899594,MSFT
2007-11-15,7.01,7.35,6.8,7.01,62333640,7.18,-0.5010315355143,MSFT
2007-11-16,7.11,7.51,6.96,7.34,71111610,7.01,0.97748815165878,MSFT
2007-11-19,7.21,7.49,7.12,7.21,62984880,7.34,-0.38134350249341,MSFT
2007-11-20,7.48,8.22,7.35,7.83,98491480,7.21,1.8256772673734,MSFT
2007-11-21,7.65,7.98,7.43,7.48,89519870,7.83,-1.0121457489879,MSFT
2007-11-23,7.61,7.69,6.96,7.36,33468110,7.48,-0.35056967572304,MSFT
2007-11-26,7.34,7.62,6.18,6.22,80310270,7.36,-3.3421284080915,MSFT
2007-11-27,6.52,6.85,5.93,6.31,84048140,6.22,0.27297543221111,MSFT
2007-11-28,6.63,7.14,6.15,6.95,88172080,6.31,1.9358741681791,MSFT
2007-11-29,6.83,7.18,6.56,6.84,53596540,6.95,-0.32640949554896,MSFT
2007-11-30,7.17,7.37,6.44,6.85,70825770,6.84,0.029770765108657,MSFT
2007-12-03,6.75,6.8901,5.93,6.17,61711470,6.85,-2.0238095238095,MSFT
2007-12-04,5.99,6.49,5.88,6.02,54801430,6.17,-0.45565006075334,MSFT
2007-12-05,6.39,7.77,6.28,7.4,84863910,6.02,4.2111687519072,MSFT
2007-12-06,7.51,7.86,7.12,7.8,49206190,7.4,1.1713030746706,MSFT
2007-12-07,7.86,7.95,7.47,7.78,40462270,7.8,-0.057887120115763,MSFT
2007-12-10,7.89,8.2,7.72,8.01,36070190,7.78,0.66608746017954,MSFT
2007-12-11,7.98,8.24,7.18,7.35,54768800,8.01,-1.8987341772152,MSFT
2007-12-12,7.86,8.34,7.18,7.72,63309330,7.35,1.0850439882698,MSFT
2007-12-13,7.73,8.7,7.53,8.47,73925730,7.72,2.1758050478677,MSFT
2007-12-14,8.3,9.09,8.26,8.56,71118890,8.47,0.25553662691653,MSFT
2007-12-17,8.28,8.38,7.61,7.64,55913800,8.56,-2.6054941942792,MSFT
2007-12-18,7.89,8.25,7.46,7.99,51978270,7.64,1.0177377144519,MSFT
2007-12-19,7.94,8.39,7.63,8.04,58440870,7.99,0.14392630972941,MSFT
2007-12-20,8.54,9.04,8.33,8.77,59282460,8.04,2.0983041103766,MSFT
2007-12-21,9.15,9.3125,9.0,9.31,83234260,8.77,1.5202702702703,MSFT
2007-12-24,9.38,9.97,9.3,9.83,29621020,9.31,1.4420410427066,MSFT
2007-12-26,9.66,9.89,9.51,9.86,30194350,9.83,0.08201202843084,MSFT
2007-12-27,9.6,9.8001,9.19,9.22,33310560,9.86,-1.7481562414641,MSFT
2007-12-28,9.35,9.48,8.92,9.37,32825820,9.22,0.41701417848206,MSFT
2007-12-31,9.15,9.24,8.77,8.85,34696830,9.37,-1.4396456256921,MSFT
2008-01-02,9.04,9.21,8.25,8.47,62988680,8.85,-1.0674157303371,MSFT
2008-01-03,8.47,8.9,8.11,8.62,49598310,8.47,0.4258943781942,MSFT
2008-01-04,8.44,8.45,7.34,7.63,72085150,8.62,-2.7989821882952,MSFT
2008-01-07,7.8,8.05,7.5,7.86,80159170,7.63,0.66899360093076,MSFT
2008-01-08,7.96,7.96,6.65,6.7,78870960,7.86,-3.3516324761629,MSFT
2008-01-09,6.61,7.79,6.6,7.69,74283500,6.7,2.9596412556054,MSFT
2008-01-10,7.6,7.75,7.03,7.58,72445500,7.69,-0.31939605110337,MSFT
2008-01-11,7.39,7.49,6.97,7.16,55164390,7.58,-1.2234197494902,MSFT
2008-01-14,7.71,7.82,7.33,7.64,52790010,7.16,1.4155116484813,MSFT
2008-01-15,7.28,7.63,7.25,7.25,61250370,7.64,-1.1340505961035,MSFT
2008-01-16,6.67,6.9,5.76,6.48,120777400,7.25,-2.264705882353,MSFT
2008-01-17,6.79,7.05,6.22,6.36,93569770,6.48,-0.3611194703581,MSFT
2008-01-18,6.41,7.25,6.22,6.26,114730500,6.36,-0.30202355783752,MSFT
2008-01-22,4.79,5.78,4.75,5.24,108652500,6.26,-3.0899727355347,MSFT
2008-01-23,4.73,5.3,4.29,5.18,137007300,5.24,-0.18755861206627,MSFT
2008-01-24,5.6,6.61,5.37,6.5,154927900,5.18,4.1340432195428,MSFT
2008-01-25,8.15,8.25,6.12,6.19,196464900,6.5,-0.93233082706768,MSFT
2008-01-28,6.27,6.35,5.67,5.97,80966500,6.19,-0.66788099574984,MSFT
2008-01-29,6.1,6.14,5.6,5.85,68001470,5.97,-0.36674816625916,MSFT
2008-01-30,5.81,6.05,5.3,5.45,106101800,5.85,-1.2269938650307,MSFT
2008-01-31,5.16,5.99,4.97,5.85,103342800,5.45,1.2422360248447,MSFT
2008-02-01,4.305,6.5,3.5,3.6998,290891200,5.85,-6.5957055214724,MSFT
2008-02-04,3.74,3.97,3.36,3.44,119988100,3.6998,-0.85320757443398,MSFT
2008-02-05,3.16,3.19,2.14,2.32,137503000,3.44,-3.7098376946009,MSFT
2008-02-06,2.53,2.6,1.539,1.77,137761300,2.32,-1.8919848641211,MSFT
2008-02-07,1.59,2.03,1.15,1.37,164867400,1.77,-1.4025245441795,MSFT
2008-02-08,1.54,2.33,1.49,1.81,124829300,1.37,1.5647226173542,MSFT
2008-02-11,1.77,1.86,1.16,1.46,156781900,1.81,-1.2254901960784,MSFT
2008-02-12,1.68,1.87,1.36,1.59,84326400,1.46,0.46082949308755,MSFT
2008-02-13,1.87,2.3,1.78,2.21,88979170,1.59,2.1877205363444,MSFT
2008-02-14,2.13,2.29,1.71,1.75,68190540,2.21,-1.5883977900553,MSFT
2008-02-15,1.56,1.89,1.5,1.67,66212750,1.75,-0.28070175438596,MSFT
2008-02-19,2.16,2.2,1.43,1.53,68252040,1.67,-0.87966220971147,MSFT
2008-02-20,1.51,1.62,1.28,1.58,92829380,1.53,0.17749378771742,MSFT
2008-02-21,1.98,2.32,1.32,1.46,98348540,1.58,-0.42523033309709,MSFT
2008-02-22,1.6,1.75,0.56,1.04,125677700,1.46,-1.4946619217082,MSFT
2008-02-25,1.01,1.6,0.84,1.2,109927500,1.04,0.57803468208093,MSFT
2008-02-26,1.1,2.22,1.03,1.74,108234900,1.2,1.9396551724138,MSFT
2008-02-27,1.55,2.04,1.46,1.62,75175560,1.74,-0.42283298097251,MSFT
2008-02-28,1.38,1.63,1.16,1.29,82966170,1.62,-1.1677282377919,MSFT
2008-02-29,1.05,1.19,0.38,0.5599,117384700,1.29,-2.6140350877193,MSFT
2008-03-03,0.6,0.7501,0.23,0.35,76487220,0.5599,-0.77169401358094,MSFT
2008-03-04,0.38,0.99,0.32,0.95,86897200,0.35,2.2230455724342,MSFT
2008-03-05,1.11,1.77,1.06,1.4799,106432300,0.95,1.9206234142805,MSFT
2008-03-06,1.42,1.53,0.86,0.93,91084760,1.4799,-1.9555546072354,MSFT
2008-03-07,0.7,1.43,0.68,1.23,77534180,0.93,1.0881392818281,MSFT
2008-03-10,1.19,1.62,1.11,1.41,71722750,1.23,0.64585575888052,MSFT
2008-03-11,1.76,2.7,1.74,2.64,95020750,1.41,4.3850267379679,MSFT
2008-03-12,2.79,2.85,1.9,1.99,75622100,2.64,-2.2199453551913,MSFT
2008-03-13,1.9,2.35,1.52,1.98,84535310,1.99,-0.034928396786581,MSFT
2008-03-14,2.08,2.37,1.0,1.32,105060400,1.98,-2.3060796645702,MSFT
2008-03-17,0.66,2.09,0.64,1.66,83102590,1.32,1.2160228898426,MSFT
2008-03-18,2.03,2.8415,2.03,2.78,83322390,1.66,3.9575971731449,MSFT
2008-03-19,2.74,2.95,1.98,1.98,61440530,2.78,-2.7192386131883,MSFT
2008-03-20,2.1,2.5815,1.95,2.54,60121990,1.98,1.9566736547869,MSFT
2008-03-24,2.69,2.76,2.42,2.53,47863770,2.54,-0.03427004797806,MSFT
2008-03-25,2.69,2.73,2.3,2.5,49142280,2.53,-0.10284538909839,MSFT
2008-03-26,2.39,2.43,1.74,1.92,44823620,2.5,-1.990391214825,MSFT
2008-03-27,1.84,1.85,1.36,1.41,47684310,1.92,-1.7857142857143,MSFT
2008-03-28,1.59,1.79,1.19,1.27,49220280,1.41,-0.49910873440285,MSFT
2008-03-31,1.24,1.95,1.2,1.74,46686580,1.27,1.6839842350412,MSFT
2008-04-01,2.19,2.9,1.99,2.8599,65718540,1.74,3.946088794926,MSFT
2008-04-02,2.925,2.94,2.36,2.52,49494390,2.8599,-1.152207295618,MSFT
2008-04-03,2.36,2.68,2.16,2.36,38904650,2.52,-0.54869684499314,MSFT
2008-04-04,2.49,2.62,2.1,2.52,43796270,2.36,0.55172413793103,MSFT
2008-04-07,2.91,2.95,2.39,2.52,44378560,2.52,0.0,MSFT
2008-04-08,2.3,2.36,1.9,2.11,44727570,2.52,-1.4060356652949,MSFT
2008-04-09,2.08,2.4,1.9,2.25,45838740,2.11,0.48695652173913,MSFT
2008-04-10,2.19,2.76,2.16,2.47,65588520,2.25,0.76150917272412,MSFT
2008-04-11,2.23,2.37,1.57,1.64,49011020,2.47,-2.8512538646513,MSFT
2008-04-14,1.6,1.67,1.29,1.42,43344750,1.64,-0.77793493635079,MSFT
2008-04-15,1.48,1.84,1.39,1.61,34027570,1.42,0.67712045616536,MSFT
2008-04-16,1.93,2.41,1.74,2.31,54056380,1.61,2.4778761061947,MSFT
2008-04-17,2.48,2.7,2.26,2.58,48723640,2.31,0.93264248704663,MSFT
2008-04-18,3.37,3.46,2.97,3.36,73557980,2.58,2.6694045174538,MSFT
2008-04-21,3.55,3.96,3.48,3.78,54329380,3.36,1.4,MSFT
2008-04-22,4.0,4.06,3.33,3.61,67286580,3.78,-0.55884286653518,MSFT
2008-04-23,3.81,4.82,3.66,4.81,98102990,3.61,3.9669421487603,MSFT
2008-04-24,4.99,5.46,4.52,5.16,115252100,4.81,1.1128775834658,MSFT
2008-04-25,3.41,3.75,2.96,3.19,145109200,5.16,-6.1949685534591,MSFT
2008-04-28,3.16,3.195,2.18,2.35,97218450,3.19,-2.8159570901777,MSFT
2008-04-29,2.16,2.26,1.81,2.0,84386600,2.35,-1.2073128665057,MSFT
2008-04-30,2.1,2.57,1.87,1.88,74597610,2.0,-0.41899441340782,MSFT
2008-05-01,1.86,2.85,1.84,2.76,71614780,1.88,3.0855539971949,MSFT
2008-05-02,2.95,2.98,2.22,2.6,65947810,2.76,-0.54421768707483,MSFT
2008-05-05,3.29,3.59,2.35,2.44,119577800,2.6,-0.54719562243502,MSFT
2008-05-06,2.36,3.22,2.29,3.06,93529370,2.44,2.1320495185695,MSFT
2008-05-07,3.05,3.5,2.44,2.57,88770350,3.06,-1.6498316498316,MSFT
2008-05-08,2.64,2.75,2.36,2.63,69584950,2.57,0.20540910647038,MSFT
2008-05-09,2.57,2.91,2.31,2.75,51574080,2.63,0.40997608472839,MSFT
2008-05-12,2.76,3.42,2.71,3.35,64278790,2.75,2.0415107179313,MSFT
2008-05-13,3.47,3.6,3.0,3.25,70899880,3.35,-0.70023341113704,MSFT
2008-05-14,3.36,3.73,3.2,3.4,66729840,3.25,0.50369375419744,MSFT
2008-05-15,3.45,4.0,3.41,3.9201,53355110,3.4,1.7377213498162,MSFT
2008-05-16,3.94,3.95,3.39,3.46,81533310,3.9201,-1.5109966798139,MSFT
2008-05-19,3.34,3.36,2.78,2.93,59614790,3.46,-1.7672557519173,MSFT
2008-05-20,2.77,2.78,2.1,2.23,75614890,2.93,-2.3761031907671,MSFT
2008-05-21,2.28,2.52,1.66,1.72,60089100,2.23,-1.7732962447844,MSFT
2008-05-22,1.75,2.17,1.65,1.94,52193240,1.72,0.7787610619469,MSFT
2008-05-23,1.73,1.8,1.42,1.52,48889820,1.94,-1.4752370916754,MSFT
2008-05-27,1.58,1.97,1.52,1.91,47246560,1.52,1.3903743315508,MSFT
2008-05-28,2.025,2.04,1.51,1.65,52031390,1.91,-0.9142053445851,MSFT
2008-05-29,1.68,2.15,1.61,1.78,47665230,1.65,0.46132008516678,MSFT
2008-05-30,1.85,2.17,1.67,1.79,63022370,1.78,0.035323207347233,MSFT
2008-06-02,1.71,1.83,1.02,1.27,76982600,1.79,-1.8361581920904,MSFT
2008-06-03,1.38,1.78,0.74,0.78,86585120,1.27,-1.7625899280576,MSFT
2008-06-04,0.75,1.11,0.67,1.01,79561410,0.78,0.84218235078726,MSFT
2008-06-05,1.19,1.77,1.07,1.77,76004800,1.01,2.7596223674655,MSFT
2008-06-06,1.46,1.64,0.96,0.96,78464610,1.77,-2.8621908127209,MSFT
2008-06-09,1.12,1.38,0.77,1.18,66769170,0.96,0.80029101491452,MSFT
2008-06-10,0.83,1.76,0.79,1.36,77395110,1.18,0.64958498736918,MSFT
2008-06-11,1.32,1.41,0.58,0.59,58100640,1.36,-2.760846181427,MSFT
2008-06-12,0.87,2.02,0.66,1.71,113926900,0.59,4.1297935103245,MSFT
2008-06-13,2.1,3.04,1.97,2.54,131893900,1.71,2.9390934844193,MSFT
2008-06-16,2.49,2.58,2.11,2.4,74718890,2.54,-0.48159614723082,MSFT
2008-06-17,2.51,2.59,2.26,2.27,44251660,2.4,-0.44936052540615,MSFT
2008-06-18,2.02,2.33,1.93,1.93,49676540,2.27,-1.1805555555556,MSFT
2008-06-19,2.02,2.66,1.8,2.4,62037500,1.93,1.6514406184118,MSFT
2008-06-20,2.365,2.39,1.57,1.7,97477440,2.4,-2.4196335983408,MSFT
2008-06-23,1.77,1.88,1.26,1.44,57145100,1.7,-0.92100602196246,MSFT
2008-06-24,1.39,1.48,0.98,1.2,65216930,1.44,-0.85806220951018,MSFT
2008-06-25,1.28,2.14,1.23,1.82,64239080,1.2,2.2358456545258,MSFT
2008-06-26,1.5,1.67,1.215,1.22,67028650,1.82,-2.1164021164021,MSFT
2008-06-27,1.15,1.38,0.93,1.1,72755010,1.22,-0.43243243243244,MSFT
2008-06-30,1.2,1.45,0.96,0.98,57794240,1.1,-0.43431053203039,MSFT
2008-07-01,0.735,0.85,-0.089999999999996,0.34,99923370,0.98,-2.3264267539077,MSFT
2008-07-02,0.365,0.47,-0.6512,-0.65,84651330,0.34,-3.6844064011909,MSFT
2008-07-03,-0.56,-0.42999999999999,-0.92999999999999,-0.55,37076430,-0.65,0.38639876352396,MSFT
2008-07-07,-0.42,-0.14,-1.08,-0.49999999999999,71451590,-0.55,0.19245573518091,MSFT
2008-07-08,-0.60499999999999,-0.33,-1.02,-0.68,65549400,-0.49999999999999,-0.69150979638878,MSFT
2008-07-09,-0.745,-0.68,-1.35,-1.3,54171640,-0.68,-2.3984526112186,MSFT
2008-07-10,-1.33,-0.85999999999999,-1.55,-1.08,56734290,-1.3,0.87197780420134,MSFT
2008-07-11,-1.375,-0.88999999999999,-1.66,-1.28,68105520,-1.08,-0.78585461689587,MSFT
2008-07-14,-1.05,-0.72,-1.46,-1.38,51212360,-1.28,-0.3960396039604,MSFT
2008-07-15,-1.6,0.11,-1.6,-0.38,92707800,-1.38,3.9761431411531,MSFT
2008-07-16,-0.4,0.76,-0.60999999999999,0.73,82035860,-0.38,4.244741873805,MSFT
2008-07-17,1.05,1.38,0.58,0.99,96206330,0.73,0.95377842993396,MSFT
2008-07-18,-0.17,-0.059999999999998,-1.42,-0.67,150236100,0.99,-6.031976744186,MSFT
2008-07-21,-0.86999999999999,-0.36,-0.99999999999999,-0.88999999999999,77471990,-0.67,-0.8507347254447,MSFT
2008-07-22,-0.99499999999999,-0.58999999999999,-1.05,-0.73,88398470,-0.88999999999999,0.62402496099844,MSFT
2008-07-23,-0.67,0.31,-0.68,-0.099999999999998,77904570,-0.73,2.4418604651163,MSFT
2008-07-24,-0.44,-0.36,-1.09,-1.09,80906750,-0.099999999999998,-3.7457434733258,MSFT
2008-07-25,-0.88999999999999,-0.31,-1.03,-0.37,58496910,-1.09,2.8301886792453,MSFT
2008-07-28,-0.47,-0.42,-1.19,-1.03,59693260,-0.37,-2.5229357798165,MSFT
2008-07-29,-1.01,-0.34,-1.13,-0.42,66330510,-1.03,2.3921568627451,MSFT
2008-07-30,-0.33,-0.039999999999999,-0.63,-0.3,51966730,-0.42,0.45959402527768,MSFT
2008-07-31,-0.68,-0.25,-0.82,-0.81,59799240,-0.3,-1.9443385436523,MSFT
2008-08-01,-0.60999999999999,-0.58,-1.46,-1.09,79450040,-0.81,-1.0886469673406,MSFT
2008-08-04,-1.14,-0.98499999999999,-1.42,-1.25,60405220,-1.09,-0.62893081761006,MSFT
2008-08-05,-0.88999999999999,-0.25,-1.03,-0.32,84282610,-1.25,3.6787974683544,MSFT
2008-08-06,0.2,0.63,-0.15,0.49,95513290,-0.32,3.09042350248,MSFT
2008-08-07,0.365,1.22,0.2,0.86,82536170,0.49,1.3693560325685,MSFT
2008-08-08,0.82,1.7,0.66,1.6,80813490,0.86,2.701715954728,MSFT
2008-08-11,1.33,1.87,1.13,1.37,68729270,1.6,-0.81763242090295,MSFT
2008-08-12,1.25,1.83,1.05,1.59,62796400,1.37,0.78853046594983,MSFT
2008-08-13,1.54,1.97,1.23,1.38,51162290,1.59,-0.74679943100996,MSFT
2008-08-14,1.29,1.75,1.03,1.38,49642110,1.38,0.0,MSFT
2008-08-15,1.45,1.62,1.05,1.28,47266670,1.38,-0.35829451809388,MSFT
2008-08-18,1.25,1.52,1.02,1.16,38041010,1.28,-0.43149946062567,MSFT
2008-08-19,1.12,1.33,0.85,0.9,40307900,1.16,-1.336222462983,MSFT
2008-08-20,1.115,1.16,0.75,0.87,41483210,0.9,-0.10980966325037,MSFT
2008-08-21,0.68,0.81,0.44,0.76,43614130,0.87,-0.40307805056797,MSFT
2008-08-22,0.81,1.46,0.8,1.42,47892790,0.76,2.4282560706402,MSFT
2008-08-25,1.19,1.42,1.04,1.24,51372940,1.42,-0.64655172413793,MSFT
2008-08-26,1.16,1.3,0.75,0.85,44773030,1.24,-1.409978308026,MSFT
2008-08-27,0.92,1.37,0.71,1.14,33973080,0.85,1.0634396773011,MSFT
2008-08-28,1.19,1.59,1.18,1.52,48371800,1.14,1.3788098693759,MSFT
2008-08-29,1.26,1.36,0.8679,0.87,50723360,1.52,-2.3264137437366,MSFT
2008-09-02,1.245,1.34,0.64,0.68,66070680,0.87,-0.69622572370831,MSFT
2008-09-03,0.58,0.76,0.42,0.48,57126920,0.68,-0.73800738007381,MSFT
2008-09-04,0.32,0.47,-0.069999999999997,-0.069999999999997,66138490,0.48,-2.0446096654275,MSFT
2008-09-05,-0.39,-0.2,-0.79,-0.77,82222430,-0.069999999999997,-2.6565464895636,MSFT
2008-09-08,-0.21,-0.09,-0.75,-0.3,62109170,-0.77,1.8323586744639,MSFT
2008-09-09,-0.22,0.18,-0.37,-0.32,85693570,-0.3,-0.076569678407349,MSFT
2008-09-10,0.1,0.44,-0.17,0.020000000000002,75042030,-0.32,1.3026819923372,MSFT
2008-09-11,-0.32,1.04,-0.39,0.92,72899550,0.020000000000002,3.4039334341906,MSFT
2008-09-12,0.72,1.32,0.52,1.2,75570240,0.92,1.0241404535479,MSFT
2008-09-15,0.5,1.07,0.31,0.4,82312390,1.2,-2.8964518464881,MSFT
2008-09-16,-0.33,0.07,-0.9,-0.43,111658400,0.4,-3.0947054436987,MSFT
2008-09-17,-0.69,-0.55,-1.92,-1.85,103549300,-0.43,-5.4636398614852,MSFT
2008-09-18,-1.62,-1.07,-2.41,-1.16,132250300,-1.85,2.8083028083028,MSFT
2008-09-19,-0.049999999999997,-0.019999999999999,-2.92,-1.26,134921600,-1.16,-0.39588281868567,MSFT
2008-09-22,-0.2,-0.099999999999998,-1.1,-1.02,105144600,-1.26,0.95389507154212,MSFT
2008-09-23,-0.76,-0.25,-1.08,-0.97999999999999,92092460,-1.02,0.15748031496064,MSFT
2008-09-24,-0.84,-0.33,-0.95999999999999,-0.7,80247620,-0.97999999999999,1.1006289308176,MSFT
2008-09-25,-0.6,0.46,-0.68,0.19,96147400,-0.7,3.4603421461897,MSFT
2008-09-26,-0.25,1.14,-0.28,0.98,100714600,0.19,2.9688087185269,MSFT
2008-09-29,0.52,1.24,-1.4111,-1.41,134333200,0.98,-8.7226277372263,MSFT
2008-09-30,-0.65,0.2711,-0.88,0.27,107201600,-1.41,6.7173130747701,MSFT
2008-10-01,-0.039999999999999,0.57,-0.14,0.060000000000002,88914600,0.27,-0.78681153990259,MSFT
2008-10-02,-0.24,0.11,-0.72,-0.17,93799360,0.060000000000002,-0.86858006042296,MSFT
2008-10-03,-0.054999999999999,1.05,-0.18,-0.099999999999998,114283900,-0.17,0.26666666666667,MSFT
2008-10-06,-0.79,-0.43,-2.28,-1.51,146364300,-0.099999999999998,-5.3571428571429,MSFT
2008-10-07,-1.44,-1.21,-3.28,-3.19,145928500,-1.51,-6.7442794058611,MSFT
2008-10-08,-3.52,-2.12,-3.92,-3.41,171575600,-3.19,-0.94705122686181,MSFT
2008-10-09,-2.655,-2.51,-4.35,-4.12,131916600,-3.41,-3.0856149500217,MSFT
2008-10-10,-4.63,-4.07,-5.77,-4.92,228401800,-4.12,-3.5874439461883,MSFT
2008-10-13,-3.56,-0.92,-3.79,-0.92,144875700,-4.92,18.604651162791,MSFT
2008-10-14,-0.78,-0.69,-2.82,-2.32,165661100,-0.92,-5.4901960784314,MSFT
2008-10-15,-2.64,-2.17,-3.94,-3.76,113250100,-2.32,-5.9751037344398,MSFT
2008-10-16,-3.485,-2.2298,-5.11,-2.23,161081300,-3.76,6.7519858781995,MSFT
2008-10-17,-2.855,-1.31,-3.11,-2.49,133651400,-2.23,-1.0748243075651,MSFT
2008-10-20,-2.22,-1.67,-3.41,-1.7,93471770,-2.49,3.3012954450481,MSFT
2008-10-21,-2.12,-1.41,-3.15,-3.06,100275000,-1.7,-5.5016181229773,MSFT
2008-10-22,-3.38,-3.36,-5.52,-4.89,149981000,-3.06,-7.833904109589,MSFT
2008-10-23,-4.87,-3.83,-5.53,-4.1,154106600,-4.89,3.6692986530423,MSFT
2008-10-24,-5.36,-3.56,-5.47,-4.46,153895100,-4.1,-1.6129032258064,MSFT
2008-10-27,-4.75,-4.46,-5.4,-5.24,117643300,-4.46,-3.551912568306,MSFT
2008-10-28,-4.78,-3.21,-5.08,-3.32,134052600,-5.24,9.0651558073654,MSFT
2008-10-29,-3.29,-2.45,-3.72,-3.42,111745800,-3.32,-0.43290043290044,MSFT
2008-10-30,-2.73,-2.54,-4.03,-3.79,95264620,-3.42,-1.6086956521739,MSFT
2008-10-31,-3.89,-3.51,-4.3,-4.09,92744230,-3.79,-1.3256738842245,MSFT
2008-11-03,-3.94,-3.51,-4.21,-3.8,61922220,-4.09,1.2987012987013,MSFT
2008-11-04,-3.29,-2.76,-3.55,-2.89,72112550,-3.8,4.0229885057471,MSFT
2008-11-05,-3.09,-3.08,-4.37,-4.34,81116190,-2.89,-6.1623459413515,MSFT
2008-11-06,-4.55,-4.34,-5.56,-5.54,95420680,-4.34,-5.4347826086956,MSFT
2008-11-07,-5.1,-4.88,-5.42,-4.92,71247910,-5.54,2.9693486590038,MSFT
2008-11-10,-4.575,-4.45,-5.23,-5.12,67088670,-4.92,-0.93023255813953,MSFT
2008-11-11,-5.13,-5.12,-5.63,-5.22,78002060,-5.12,-0.46948356807512,MSFT
2008-11-12,-5.53,-5.42,-6.14,-6.12,90014230,-5.22,-4.2452830188679,MSFT
2008-11-13,-6.27,-5.17,-7.68,-5.17,148309100,-6.12,4.679802955665,MSFT
2008-11-14,-5.86,-5.08,-6.77,-6.36,96462130,-5.17,-5.6,MSFT
2008-11-17,-6.68,-6.18,-7.27,-7.1,97274890,-6.36,-3.6889332003988,MSFT
2008-11-18,-6.79,-6.63,-7.54,-6.67,108931500,-7.1,1.5527950310559,MSFT
2008-11-19,-6.66,-6.34,-8.04,-8.0,102982800,-6.67,-6.7787971457696,MSFT
2008-11-20,-8.175,-7.45,-8.79,-8.76,139461300,-8.0,-4.1552761071624,MSFT
2008-11-21,-8.27,-6.59,-8.31,-6.61,156981400,-8.76,12.264689104392,MSFT
2008-11-24,-6.4,-5.35,-6.42,-5.6,125272000,-6.61,5.1321138211382,MSFT
2008-11-25,-5.43,-5.36,-6.74,-6.3,92939460,-5.6,-3.3832769453843,MSFT
2008-11-26,-6.56,-5.6139,-6.56,-5.8,79675840,-6.3,2.5012506253127,MSFT
2008-11-28,-6.06,-5.98,-6.27,-6.07,31371940,-5.8,-1.3177159590044,MSFT
2008-12-01,-6.415,-6.34,-7.687,-7.68,79608580,-6.07,-7.9624134520277,MSFT
2008-12-02,-7.3,-6.98,-7.73,-7.14,79680970,-7.68,2.9016657710908,MSFT
2008-12-03,-7.64,-6.39,-7.69,-6.42,80947680,-7.14,3.7597911227154,MSFT
2008-12-04,-6.89,-6.37,-7.5,-7.18,78701310,-6.42,-3.8248616004026,MSFT
2008-12-05,-7.38,-6.31,-7.82,-6.42,91993670,-7.18,3.9769754055468,MSFT
2008-12-08,-5.94,-5.04,-6.15,-5.28,107222400,-6.42,5.7372924006039,MSFT
2008-12-09,-5.67,-5.04,-5.83,-5.69,80481900,-5.28,-1.9514516896716,MSFT
2008-12-10,-5.47,-5.33,-5.99,-5.68,61496670,-5.69,0.048543689320379,MSFT
2008-12-11,-6.18,-6.17,-6.98,-6.84,83525010,-5.68,-5.6283357593401,MSFT
2008-12-12,-7.14,-6.44,-7.59,-6.93,78104440,-6.84,-0.46272493573265,MSFT
2008-12-15,-6.95,-6.85,-7.4,-7.25,59905300,-6.93,-1.6528925619835,MSFT
2008-12-16,-7.08,-6.11,-7.29,-6.18,97360640,-7.25,5.6197478991597,MSFT
2008-12-17,-6.48,-6.24,-6.79,-6.63,78233420,-6.18,-2.2376926902039,MSFT
2008-12-18,-6.43,-6.27,-7.3,-6.99,80721510,-6.63,-1.8311291963377,MSFT
2008-12-19,-6.87,-6.49,-7.18,-7.17,113458700,-6.99,-0.93264248704663,MSFT
2008-12-22,-7.05,-7.0,-7.4,-7.11,58560980,-7.17,0.31380753138075,MSFT
2008-12-23,-7.01,-6.72,-7.28,-7.01,47506360,-7.11,0.5213764337852,MSFT
2008-12-24,-7.03,-6.84,-7.19,-7.12,16894070,-7.01,-0.57053941908713,MSFT
2008-12-26,-7.09,-6.96,-7.2,-7.16,23100820,-7.12,-0.20865936358896,MSFT
2008-12-29,-7.14,-7.08,-7.65,-7.33,58509430,-7.16,-0.88865656037636,MSFT
2008-12-30,-7.28,-6.8,-7.29,-6.95,43211920,-7.33,2.0042194092827,MSFT
2008-12-31,-6.98,-6.61,-7.02,-6.85,46414930,-6.95,0.51706308169597,MSFT
2009-01-02,-6.757,-5.89,-6.92,-5.96,50082370,-6.85,4.5781893004115,MSFT
2009-01-05,-6.09,-5.62,-6.23,-5.77,61461950,-5.96,0.93457943925234,MSFT
2009-01-06,-5.54,-5.29,-5.68,-5.53,58077680,-5.77,1.1695906432749,MSFT
2009-01-07,-6.1,-6.0,-6.81,-6.78,72706640,-5.53,-6.0211946050096,MSFT
2009-01-08,-6.66,-6.1,-6.74,-6.17,69636940,-6.78,3.1266017426961,MSFT
2009-01-09,-6.12,-5.99,-6.88,-6.77,49807870,-6.17,-2.9821073558648,MSFT
2009-01-12,-6.58,-6.5,-6.99,-6.82,52154200,-6.77,-0.25614754098361,MSFT
2009-01-13,-6.77,-6.3,-6.77,-6.47,65816180,-6.82,1.7976373908577,MSFT
2009-01-14,-6.76,-6.61,-7.28,-7.2,80245470,-6.47,-3.6831483350151,MSFT
2009-01-15,-7.22,-6.99,-7.77,-7.05,96150540,-7.2,0.78575170246201,MSFT
2009-01-16,-6.66,-6.38,-7.14,-6.58,79624980,-7.05,2.4428274428275,MSFT
2009-01-20,-6.83,-6.67,-7.92,-7.81,89358270,-6.58,-6.2404870624049,MSFT
2009-01-21,-7.42,-6.84,-7.83,-6.91,68270530,-7.81,4.8701298701299,MSFT
2009-01-22,-8.24,-8.11,-9.22,-9.18,222338900,-6.91,-11.71310629515,MSFT
2009-01-23,-9.32,-8.8,-9.54,-9.09,116812100,-9.18,0.5260081823495,MSFT
2009-01-26,-9.0,-8.48,-9.06,-8.66,93115480,-9.09,2.5,MSFT
2009-01-27,-8.51,-8.32,-8.86,-8.63,61660690,-8.66,0.1701644923426,MSFT
2009-01-28,-8.49,-7.98,-8.53,-8.25,64144650,-8.63,2.1517553793884,MSFT
2009-01-29,-8.51,-8.33,-8.73,-8.7,49141790,-8.25,-2.4944567627494,MSFT
2009-01-30,-8.55,-8.5,-9.19,-9.19,61906740,-8.7,-2.7856736782263,MSFT
2009-02-02,-9.26,-8.16,-9.29,-8.46,88839160,-9.19,4.2690058479532,MSFT
2009-02-03,-8.44,-7.68,-8.69,-7.79,86374270,-8.46,3.7577117218172,MSFT
2009-02-04,-7.75,-7.29,-7.79,-7.66,75571150,-7.79,0.7027027027027,MSFT
2009-02-05,-7.78,-7.15,-8.04,-7.25,75161560,-7.66,2.2007514761138,MSFT
2009-02-06,-7.13,-6.36,-7.23,-6.63,86709410,-7.25,3.2563025210084,MSFT
2009-02-09,-6.65,-6.52,-7.03,-6.85,52167060,-6.63,-1.1190233977619,MSFT
2009-02-10,-7.04,-6.49,-7.59,-7.49,83925010,-6.85,-3.2921810699589,MSFT
2009-02-11,-7.35,-6.8,-7.37,-7.08,58583920,-7.49,2.1808510638298,MSFT
2009-02-12,-7.32,-6.97,-7.75,-7.03,75281560,-7.08,0.26028110359188,MSFT
2009-02-13,-7.02,-6.82,-7.25,-7.2,47395670,-7.03,-0.88265835929388,MSFT
2009-02-17,-7.67,-7.66,-8.27,-8.07,75823720,-7.2,-5.2383446830801,MSFT
2009-02-18,-7.94,-7.71,-8.16,-8.04,54939940,-8.07,0.16583747927032,MSFT
2009-02-19,-7.86,-7.78,-8.35,-8.25,48735800,-8.04,-1.158940397351,MSFT
2009-02-20,-8.39,-7.97,-8.5,-8.16,69413320,-8.25,0.50251256281407,MSFT
2009-02-23,-8.14,-8.01,-9.0,-8.95,70777290,-8.16,-4.3888888888889,MSFT
2009-02-24,-9.13,-8.81,-9.8,-8.99,122650600,-8.95,-0.23242300987797,MSFT
2009-02-25,-9.15,-8.92,-9.7,-9.2,105795300,-8.99,-1.2230634828189,MSFT
2009-02-26,-9.11,-9.08,-9.74,-9.74,83185740,-9.2,-3.1839622641509,MSFT
2009-02-27,-9.87,-9.64,-10.06,-10.01,93408220,-9.74,-1.6443361753959,MSFT
2009-03-02,-10.2,-9.91,-10.44,-10.37,80569360,-10.01,-2.2291021671827,MSFT
2009-03-03,-10.13,-9.92,-10.52,-10.28,79871350,-10.37,0.56998100063332,MSFT
2009-03-04,-10.04,-9.76,-10.27,-10.04,68842440,-10.28,1.5113350125945,MSFT
2009-03-05,-10.3,-10.28,-10.8925,-10.89,89276900,-10.04,-5.272952853598,MSFT
2009-03-06,-10.81,-10.54,-11.29,-10.88,92801450,-10.89,0.065487884741321,MSFT
2009-03-09,-10.96,-10.42,-11.06,-11.01,66453100,-10.88,-0.85078534031413,MSFT
2009-03-10,-10.79,-9.54,-10.91,-9.68,94810610,-11.01,8.7788778877888,MSFT
2009-03-11,-9.53,-8.96,-9.73,-9.05,84306690,-9.68,3.8228155339806,MSFT
2009-03-12,-9.15,-9.12,-9.68,-9.15,93614320,-9.05,-0.58445353594388,MSFT
2009-03-13,-9.18,-9.11,-9.98,-9.51,82826190,-9.15,-2.1164021164021,MSFT
2009-03-16,-9.34,-9.2,-9.92,-9.91,66882140,-9.51,-2.4024024024024,MSFT
2009-03-17,-9.837,-9.26,-9.9,-9.26,62469610,-9.91,4.0,MSFT
2009-03-18,-9.13,-8.94,-9.56,-9.2,70667980,-9.26,0.35502958579883,MSFT
2009-03-19,-8.79,-8.71,-9.24,-9.02,58833780,-9.2,1.061320754717,MSFT
2009-03-20,-8.84,-8.51,-9.28,-9.1,81713160,-9.02,-0.46674445740958,MSFT
2009-03-23,-8.79,-7.57,-8.85,-7.83,71175180,-9.1,7.4443141852286,MSFT
2009-03-24,-8.12,-7.9478,-8.32,-8.23,50048880,-7.83,-2.1822149481724,MSFT
2009-03-25,-8.18,-7.85,-8.64,-8.28,73917960,-8.23,-0.27886224205243,MSFT
2009-03-26,-7.99,-7.28,-8.04,-7.33,63399610,-8.28,5.3131991051454,MSFT
2009-03-27,-7.617,-7.545,-8.11,-8.03,47437400,-7.33,-3.7174721189591,MSFT
2009-03-30,-8.42,-8.4,-8.89,-8.68,49434300,-8.03,-3.5852178709321,MSFT
2009-03-31,-8.33,-7.37,-8.38,-7.79,92088540,-8.68,5.091533180778,MSFT
2009-04-01,-7.93,-6.8,-7.98,-6.85,96130230,-7.79,5.1170386499728,MSFT
2009-04-02,-6.66,-6.27,-7.16,-6.87,99042930,-6.85,-0.10357327809425,MSFT
2009-04-03,-7.03,-7.01,-7.7257,-7.41,81409500,-6.87,-2.7993779160187,MSFT
2009-04-06,-7.62,-7.4,-7.895,-7.4,47388050,-7.41,0.053333333333342,MSFT
2009-04-07,-7.4,-7.02,-7.53,-7.4,65788750,-7.4,0.0,MSFT
2009-04-08,-7.19,-6.54,-7.2,-6.97,56232010,-7.4,2.2921108742004,MSFT
2009-04-09,-6.71,-6.46,-6.94,-6.49,55622420,-6.97,2.5013027618551,MSFT
2009-04-13,-6.47,-6.31,-6.79,-6.57,44172210,-6.49,-0.40671072699543,MSFT
2009-04-14,-6.72,-6.61,-7.16,-6.81,63568580,-6.57,-1.2251148545176,MSFT
2009-04-15,-6.95,-6.91,-7.65,-7.33,72504840,-6.81,-2.687338501292,MSFT
2009-04-16,-7.0,-6.38,-7.17,-6.4,67681160,-7.33,4.93892724376,MSFT
2009-04-17,-6.475,-6.47,-7.16,-6.96,61340380,-6.4,-2.834008097166,MSFT
2009-04-20,-7.27,-7.21,-7.59,-7.55,62936380,-6.96,-3.0729166666667,MSFT
2009-04-21,-7.57,-7.08,-7.59,-7.19,60838500,-7.55,1.9344438473939,MSFT
2009-04-22,-7.4,-6.97,-7.46,-7.38,59166120,-7.19,-1.0015814443859,MSFT
2009-04-23,-7.24,-7.22,-7.69,-7.24,85000940,-7.38,0.74547390841321,MSFT
2009-04-24,-6.34,-4.96,-6.66,-5.25,167730000,-7.24,10.517970401691,MSFT
2009-04-27,-5.61,-5.34,-5.88,-5.76,68209300,-5.25,-2.4390243902439,MSFT
2009-04-28,-5.91,-5.89,-6.37,-6.23,74296410,-5.76,-2.3039215686274,MSFT
2009-04-29,-6.05,-5.27,-6.1,-5.91,76843560,-6.23,1.6056196688409,MSFT
2009-04-30,-5.56,-5.06,-6.15,-5.9,83693870,-5.91,0.04938271604939,MSFT
2009-05-01,-5.97,-5.81,-6.2975,-5.92,63141180,-5.9,-0.098716683119463,MSFT
2009-05-04,-5.79,-5.76,-6.18,-5.97,54280560,-5.92,-0.24703557312252,MSFT
2009-05-05,-6.02,-5.92,-6.52,-6.37,66833870,-5.97,-1.9811788013868,MSFT
2009-05-06,-6.1,-6.09,-6.55,-6.37,59602330,-6.37,0.0,MSFT
2009-05-07,-6.2,-6.17,-7.02,-6.84,68672620,-6.37,-2.3749368367863,MSFT
2009-05-08,-6.7,-6.52,-7.02,-6.74,67583970,-6.84,0.51759834368531,MSFT
2009-05-11,-6.96,-6.43,-7.15,-6.84,63746620,-6.74,-0.51493305870238,MSFT
2009-05-12,-6.65,-6.1,-6.69,-6.27,71906020,-6.84,2.9503105590062,MSFT
2009-05-13,-6.237,-6.16,-6.49,-6.41,49280690,-6.27,-0.70387129210659,MSFT
2009-05-14,-6.33,-5.93,-6.36,-6.1,54418560,-6.41,1.5696202531646,MSFT
2009-05-15,-6.03,-5.66,-6.185,-5.94,61232150,-6.1,0.79760717846461,MSFT
2009-05-18,-5.8,-5.56,-5.92,-5.56,46003810,-5.94,1.8793273986152,MSFT
2009-05-19,-5.52,-5.29,-5.78,-5.72,51304730,-5.56,-1.4077669902913,MSFT
2009-05-20,-5.62,-5.34,-5.81,-5.65,47439030,-5.72,0.34465780403742,MSFT
2009-05-21,-5.89,-5.8,-6.52,-6.21,58219980,-5.65,-2.747791952895,MSFT
2009-05-22,-6.1,-5.86,-6.56,-6.28,37316760,-6.21,-0.35317860746721,MSFT
2009-05-26,-6.49,-5.58,-6.58,-5.69,44985430,-6.28,2.9873417721519,MSFT
2009-05-27,-5.78,-5.43,-5.96,-5.9,42890980,-5.69,-1.0324483775811,MSFT
2009-05-28,-5.71,-5.4,-5.98,-5.58,45475340,-5.9,1.5896671634377,MSFT
2009-05-29,-5.47,-5.09,-5.73,-5.14,46028600,-5.58,2.1515892420538,MSFT
2009-06-01,-5.03,-4.53,-5.17,-4.63,57287980,-5.14,2.4413595021541,MSFT
2009-06-02,-4.67,-4.05,-4.83,-4.63,48926260,-4.63,0.0,MSFT
2009-06-03,-4.72,-4.27,-4.74,-4.3,55824130,-4.63,1.5420560747664,MSFT
2009-06-04,-4.26,-4.13,-4.45,-4.2,42328970,-4.3,0.46019328117808,MSFT
2009-06-05,-4.07,-3.72,-4.22,-3.89,58932120,-4.2,1.4200641319285,MSFT
2009-06-08,-4.05,-3.71,-4.4,-3.98,48989200,-3.89,-0.40650406504065,MSFT
2009-06-09,-3.97,-3.71,-4.15,-3.95,47765240,-3.98,0.1360544217687,MSFT
2009-06-10,-3.86,-3.41,-3.91,-3.48,61193180,-3.95,2.1286231884058,MSFT
2009-06-11,-3.44,-2.77,-3.46,-3.2,65123510,-3.48,1.2416851441242,MSFT
2009-06-12,-3.13,-2.65,-3.29,-2.7,50911270,-3.2,2.1901007446343,MSFT
2009-06-15,-2.8,-2.49,-3.01,-2.61,69056830,-2.7,0.38576939562796,MSFT
2009-06-16,-2.56,-1.92,-2.59,-2.58,105272500,-2.61,0.12809564474807,MSFT
2009-06-17,-2.53,-2.21,-2.86,-2.35,86227180,-2.58,0.98081023454158,MSFT
2009-06-18,-2.41,-2.34,-2.73,-2.53,58721120,-2.35,-0.76013513513513,MSFT
2009-06-19,-1.99,-1.69,-2.28,-1.96,115435800,-2.53,2.4255319148936,MSFT
2009-06-22,-2.08,-2.08,-2.78,-2.75,71274810,-1.96,-3.2820938928126,MSFT
2009-06-23,-2.65,-2.37,-2.82,-2.69,56747550,-2.75,0.25773195876288,MSFT
2009-06-24,-2.58,-2.28,-2.67,-2.56,54273290,-2.69,0.55698371893744,MSFT
2009-06-25,-2.6,-2.11,-2.83,-2.24,57722360,-2.56,1.3634426927993,MSFT
2009-06-26,-2.46,-2.34,-2.71,-2.68,65093860,-2.24,-1.849516603615,MSFT
2009-06-29,-2.43,-2.0,-2.48,-2.17,62784330,-2.68,2.1841541755889,MSFT
2009-06-30,-2.06,-1.79,-2.4,-2.26,66430750,-2.17,-0.37720033528919,MSFT
2009-07-01,-1.98,-1.73,-2.07,-1.99,54871450,-2.26,1.1358855700463,MSFT
2009-07-02,-2.27,-1.99,-2.82,-2.66,65392250,-1.99,-2.7870216306156,MSFT
2009-07-06,-2.82,-2.75,-3.16,-2.83,48947080,-2.66,-0.72742832691486,MSFT
2009-07-07,-2.95,-2.89,-3.57,-3.5,52802680,-2.83,-2.8879310344828,MSFT
2009-07-08,-3.72,-3.34,-4.03,-3.47,73010700,-3.5,0.13315579227695,MSFT
2009-07-09,-3.38,-3.22,-3.66,-3.59,46963780,-3.47,-0.53191489361701,MSFT
2009-07-10,-3.84,-3.49,-3.88,-3.64,43229130,-3.59,-0.22281639928699,MSFT
2009-07-13,-3.61,-2.74,-3.89,-2.8,67551500,-3.64,3.7516748548459,MSFT
2009-07-14,-2.83,-2.81,-3.17,-2.92,45343980,-2.8,-0.51657339647009,MSFT
2009-07-15,-2.28,-1.91,-2.47,-1.91,67188210,-2.92,4.3704024231934,MSFT
2009-07-16,-2.1,-1.59,-2.17,-1.59,64532180,-1.91,1.3266998341625,MSFT
2009-07-17,-1.63,-1.58,-1.93,-1.74,52839230,-1.59,-0.61374795417349,MSFT
2009-07-20,-1.59,-1.5,-1.88,-1.5,47734530,-1.74,0.98806093042405,MSFT
2009-07-21,-1.34,-1.2,-1.66,-1.2,51987160,-1.5,1.2229922543824,MSFT
2009-07-22,-1.33,-1.13,-1.52,-1.23,66131780,-1.2,-0.12082158679016,MSFT
2009-07-23,-1.1,-0.31,-1.19,-0.47,104466300,-1.23,3.0645161290323,MSFT
2009-07-24,-2.42,-2.14,-3.22,-2.58,214911400,-0.47,-8.2550860719875,MSFT
2009-07-27,-2.59,-2.58,-3.13,-2.92,80886000,-2.58,-1.4498933901919,MSFT
2009-07-28,-3.04,-2.48,-3.13,-2.56,70237130,-2.92,1.5577672003462,MSFT
2009-07-29,-2.3,-2.12,-2.69,-2.23,73588000,-2.56,1.4060502769493,MSFT
2009-07-30,-1.83,-1.6,-2.32,-2.22,67713830,-2.23,0.042016806722681,MSFT
2009-07-31,-2.26,-1.96,-2.53,-2.51,54257370,-2.22,-1.2179756404872,MSFT
2009-08-03,-2.21,-2.17,-2.53,-2.2,46843710,-2.51,1.3180272108843,MSFT
2009-08-04,-2.35,-2.24,-2.5,-2.26,49116380,-2.2,-0.25178346621905,MSFT
2009-08-05,-2.19,-1.78,-2.24,-2.22,53263040,-2.26,0.16827934371056,MSFT
2009-08-06,-2.1,-2.05,-2.76,-2.57,59655950,-2.22,-1.469970600588,MSFT
2009-08-07,-2.28,-2.21,-2.53,-2.47,46165010,-2.57,0.42625745950553,MSFT
2009-08-10,-2.57,-2.48,-2.73,-2.61,35258950,-2.47,-0.59422750424447,MSFT
2009-08-11,-2.71,-2.63,-2.98,-2.9,33611790,-2.61,-1.2382578992314,MSFT
2009-08-12,-2.9,-2.13,-3.0,-2.5,61936270,-2.9,1.7293558149589,MSFT
2009-08-13,-2.4,-2.18,-2.63,-2.41,38951990,-2.5,0.38249043773906,MSFT
2009-08-14,-2.41,-2.23,-2.52,-2.338,46328540,-2.41,0.30482641828958,MSFT
2009-08-17,-2.71,-2.43,-2.8,-2.78,42462890,-2.338,-1.8656086442681,MSFT
2009-08-18,-2.61,-2.25,-2.63,-2.32,38831620,-2.78,1.4193548387097,MSFT
2009-08-19,-2.65,-2.18,-2.65,-2.25,41814320,-2.32,0.29686174724343,MSFT
2009-08-20,-2.3,-2.03,-2.36,-2.23,39502680,-2.25,0.084566596194516,MSFT
2009-08-21,-1.97,-1.48,-2.13,-1.49,68995700,-2.23,3.1263202365864,MSFT
2009-08-24,-1.49,-1.1674,-1.62,-1.26,54159300,-1.49,0.94223678820156,MSFT
2009-08-25,-1.3,-1.08,-1.44,-1.26,43961480,-1.26,0.0,MSFT
2009-08-26,-1.31,-1.15,-1.48,-1.35,41060010,-1.26,-0.36525974025974,MSFT
2009-08-27,-1.49,-1.12,-1.6,-1.21,45433940,-1.35,0.57026476578412,MSFT
2009-08-28,-0.83,-0.41,-1.29,-1.22,55789640,-1.21,-0.040502227622526,MSFT
2009-08-31,-1.33,-1.05,-1.61,-1.25,49582950,-1.22,-0.12155591572124,MSFT
2009-09-01,-1.55,-1.16,-2.0,-1.9,62571800,-1.25,-2.6369168356998,MSFT
2009-09-02,-2.08,-1.76,-2.12,-2.04,40726040,-1.9,-0.58333333333334,MSFT
2009-09-03,-1.99,-1.76,-2.14,-1.79,34110810,-2.04,1.0477787091366,MSFT
2009-09-04,-1.81,-1.0999,-1.82,-1.28,44987570,-1.79,2.1153048527582,MSFT
2009-09-08,-1.28,-1.06,-1.49,-1.08,53715520,-1.28,0.8123476848091,MSFT
2009-09-09,-1.16,-0.95,-1.235,-1.12,49897210,-1.08,-0.16116035455278,MSFT
2009-09-10,-1.1,-0.85,-1.25,-0.9,46253800,-1.12,0.88781275221953,MSFT
2009-09-11,-0.97,-0.73,-1.09,-1.04,54302290,-0.9,-0.56,MSFT
2009-09-14,-1.25,-0.81,-1.26,-0.9,42788900,-1.04,0.5631536604988,MSFT
2009-09-15,-0.93,-0.63,-1.04,-0.7,44713230,-0.9,0.8,MSFT
2009-09-16,-0.65,-0.55,-0.95,-0.7,49688070,-0.7,0.0,MSFT
2009-09-17,-0.84,-0.52,-0.84,-0.6,42414960,-0.7,0.3968253968254,MSFT
2009-09-18,-0.44,-0.42,-0.8,-0.64,67991150,-0.6,-0.15810276679842,MSFT
2009-09-21,-0.79,-0.53,-0.8,-0.6,28864170,-0.64,0.15835312747426,MSFT
2009-09-22,-0.5,-0.080000000000002,-0.61,-0.13,61309850,-0.6,1.8577075098814,MSFT
2009-09-23,0.019999999999999,0.35,-0.26,-0.19,60583540,-0.13,-0.23282887077997,MSFT
2009-09-24,0.019999999999999,0.21,-0.24,0.039999999999998,56261080,-0.19,0.89459354336834,MSFT
2009-09-25,-0.21,-0.080000000000002,-0.38,-0.35,50107270,0.039999999999998,-1.5034695451041,MSFT
2009-09-28,-0.3,0.26,-0.3,-0.070000000000004,44360090,-0.35,1.0958904109589,MSFT
2009-09-29,0.0099999999999991,0.059999999999998,-0.21,-0.15,39028240,-0.070000000000004,-0.30971738288811,MSFT
2009-09-30,-0.14,0.089999999999996,-0.52,-0.18,63522950,-0.15,-0.11650485436894,MSFT
2009-10-01,-0.495,-0.43,-1.1,-1.02,75794650,-0.18,-3.2659409020218,MSFT
2009-10-02,-1.445,-0.81,-1.47,-0.94,51220090,-1.02,0.32154340836014,MSFT
2009-10-05,-0.92,-0.84,-1.38,-1.26,60786470,-0.94,-1.2820512820513,MSFT
2009-10-06,-1.22,-0.69,-1.245,-0.79,48631890,-1.26,1.9074675324675,MSFT
2009-10-07,-0.91,-0.72,-1.02,-0.8,38462390,-0.79,-0.039824771007559,MSFT
2009-10-08,-0.46,-3.3306690738755e-15,-0.68,-0.23,60495610,-0.8,2.2709163346614,MSFT
2009-10-09,-0.33,-0.11,-0.44,-0.35,39501830,-0.23,-0.46747175691469,MSFT
2009-10-12,-0.24,-0.010000000000001,-0.35,-0.18,29142140,-0.35,0.66536203522504,MSFT
2009-10-13,-0.31,0.039999999999998,-0.38,-0.090000000000003,37469970,-0.18,0.34992223950233,MSFT
2009-10-14,0.24,0.3,-0.080000000000002,0.059999999999998,45327480,-0.090000000000003,0.58117008911276,MSFT
2009-10-15,-3.3306690738755e-15,0.81,-3.3306690738755e-15,0.81,65555770,0.059999999999998,2.8890600924499,MSFT
2009-10-16,0.55,0.73,0.2,0.6,56463220,0.81,-0.7862223886185,MSFT
2009-10-19,0.59,0.68,0.35,0.46,48093560,0.6,-0.52830188679245,MSFT
2009-10-20,0.52,0.61,0.039999999999998,0.47,54593960,0.46,0.037936267071326,MSFT
2009-10-21,0.56,0.85,0.49,0.68,61642820,0.47,0.79635949943116,MSFT
2009-10-22,0.66,0.82,0.23,0.69,61230030,0.68,0.037622272385258,MSFT
2009-10-23,3.3,3.45,1.98,2.12,281625200,0.69,5.3779616397142,MSFT
2009-10-26,2.225,3.12,2.21,2.78,123923600,2.12,2.355460385439,MSFT
2009-10-27,2.83,2.98,2.54,2.69,68597400,2.78,-0.31380753138075,MSFT
2009-10-28,2.34,2.87,2.05,2.12,73465540,2.69,-1.99370409234,MSFT
2009-10-29,2.17,2.51,1.95,2.32,65202210,2.12,0.71377587437544,MSFT
2009-10-30,2.13,2.5,1.76,1.83,73205660,2.32,-1.7363571934798,MSFT
2009-11-02,1.8,2.15,1.51,1.98,62369240,1.83,0.54093040028849,MSFT
2009-11-03,1.74,1.84,1.53,1.63,50255470,1.98,-1.2553802008608,MSFT
2009-11-04,1.79,2.49,1.72,2.16,63667510,1.63,1.9251725390483,MSFT
2009-11-05,2.62,2.84,2.38,2.57,52616210,2.16,1.4611546685674,MSFT
2009-11-06,2.48,2.73,2.3,2.62,38583670,2.57,0.1756234632947,MSFT
2009-11-09,2.72,3.1,2.63,3.09,57390670,2.62,1.6479663394109,MSFT
2009-11-10,3.0,3.38,2.91,3.11,65825790,3.09,0.068989306657479,MSFT
2009-11-11,3.18,3.4,3.12,3.22,49658510,3.11,0.37917959324371,MSFT
2009-11-12,3.11,3.59,3.1,3.46,55307630,3.22,0.82417582417582,MSFT
2009-11-13,3.57,3.89,3.47,3.73,53026030,3.46,0.91961852861035,MSFT
2009-11-16,3.71,3.9,3.47,3.64,53837650,3.73,-0.30374620317246,MSFT
2009-11-17,3.73,4.23,3.7,4.23,75447800,3.64,1.5572105619499,MSFT
2009-11-18,4.23,4.37,4.04,4.34,59420550,4.23,0.36666666666666,MSFT
2009-11-19,4.22,4.23,3.93,4.01,51884940,4.34,-1.0959814015277,MSFT
2009-11-20,3.89,4.0,3.66,3.85,42640940,4.01,-0.53727333781061,MSFT
2009-11-23,4.07,4.24,3.93,4.17,41830640,3.85,1.0803511141121,MSFT
2009-11-24,4.18,4.22,3.98,4.14,37277920,4.17,-0.10020040080161,MSFT
2009-11-25,4.04,4.09,3.81,4.02,32033440,4.14,-0.4012036108325,MSFT
2009-11-27,3.34,3.62,2.98,3.45,29357890,4.02,-1.9133937562941,MSFT
2009-11-30,3.38,3.68,3.23,3.64,43991430,3.45,0.65023956194388,MSFT
2009-12-01,3.75,4.28,3.64,4.24,49903010,3.64,2.0401224073444,MSFT
2009-12-02,4.13,4.22,3.88,4.01,36291580,4.24,-0.76641119626791,MSFT
2009-12-03,4.07,4.43,3.99,4.06,43093020,4.01,0.16789791806581,MSFT
2009-12-04,4.28,4.6,4.06,4.21,58808670,4.06,0.50284948038888,MSFT
2009-12-07,4.01,4.31,3.91,4.02,38044890,4.21,-0.63375583722482,MSFT
2009-12-08,3.75,3.97,3.61,3.8,37381680,4.02,-0.73850285330647,MSFT
2009-12-09,3.7,4.04,3.48,3.94,44713230,3.8,0.47345282380792,MSFT
2009-12-10,3.94,4.19,3.89,4.1,45920600,3.94,0.5385392123864,MSFT
2009-12-11,4.2,4.23,4.02,4.08,43744170,4.1,-0.066956812855707,MSFT
2009-12-14,4.14,4.39,4.13,4.34,34621330,4.08,0.87102177554438,MSFT
2009-12-15,4.12,4.44,4.11,4.25,49441100,4.34,-0.29890401859847,MSFT
2009-12-16,4.3,4.64,4.27,4.33,55735430,4.25,0.26648900732845,MSFT
2009-12-17,4.18,4.19,3.8,3.83,43645040,4.33,-1.6611295681063,MSFT
2009-12-18,4.07,4.68,4.03,4.59,94021230,3.83,2.5675675675676,MSFT
2009-12-21,4.63,5.07,4.6,4.75,39904340,4.59,0.5270092226614,MSFT
2009-12-22,4.83,5.16,4.77,5.05,36205320,4.75,0.98296199213631,MSFT
2009-12-23,4.94,5.18,4.92,5.15,28318170,5.05,0.32446463335497,MSFT
2009-12-24,5.11,5.23,4.99,5.23,11083870,5.15,0.25873221216041,MSFT
2009-12-28,5.23,5.41,5.12,5.4,25372210,5.23,0.5483870967742,MSFT
2009-12-29,5.58,5.73,5.46,5.62,29706980,5.4,0.70580686557587,MSFT
2009-12-30,5.38,5.52,5.03,5.19,41998150,5.62,-1.3698630136986,MSFT
2009-12-31,5.21,5.22,4.71,4.71,31906840,5.19,-1.5503875968992,MSFT
2010-01-04,4.85,5.33,4.82,5.18,38397450,4.71,1.5419947506562,MSFT
2010-01-05,5.08,5.33,4.87,5.19,49747250,5.18,0.032310177705982,MSFT
2010-01-06,5.11,5.31,4.75,5.0,58171620,5.19,-0.61369509043928,MSFT
2010-01-07,4.86,4.93,4.42,4.682,50559170,5.0,-1.0334741631459,MSFT
2010-01-08,4.51,5.11,4.47,4.89,51196510,4.682,0.68304216471824,MSFT
2010-01-11,4.94,4.99,4.35,4.5,68735300,4.89,-1.2720156555773,MSFT
2010-01-12,4.38,4.63,4.14,4.3,65904720,4.5,-0.66072018500165,MSFT
2010-01-13,4.49,4.75,4.24,4.58,51633520,4.3,0.93116062520785,MSFT
2010-01-14,4.54,5.33,4.49,5.19,63198450,4.58,2.0098846787479,MSFT
2010-01-15,5.31,5.47,4.94,5.09,79781890,5.19,-0.32299741602068,MSFT
2010-01-19,4.98,5.47,4.91,5.33,46573240,5.09,0.77770576798445,MSFT
2010-01-20,5.04,5.17,4.54,4.815,54837790,5.33,-1.6559485530547,MSFT
2010-01-21,4.84,4.95,4.23,4.24,73042410,4.815,-1.8800065391532,MSFT
2010-01-22,4.23,4.43,3.07,3.19,101901700,4.24,-3.4988337220926,MSFT
2010-01-25,3.47,3.89,3.33,3.55,63371810,3.19,1.2430939226519,MSFT
2010-01-26,3.43,4.08,3.32,3.73,66626770,3.55,0.61391541609823,MSFT
2010-01-27,3.58,4.05,3.25,3.9,63930860,3.73,0.57627118644068,MSFT
2010-01-28,4.07,4.1,3.12,3.39,116526500,3.9,-1.7189079878665,MSFT
2010-01-29,4.13,4.15,1.89,2.41,193844100,3.39,-3.360768175583,MSFT
2010-02-01,2.62,2.71,2.15,2.64,85751720,2.41,0.81618168914124,MSFT
2010-02-02,2.6,2.73,2.37,2.69,54134500,2.64,0.17599436818022,MSFT
2010-02-03,2.49,3.02,2.35,2.86,61311770,2.69,0.59732958538299,MSFT
2010-02-04,2.61,2.73,2.04,2.07,77791530,2.86,-2.7593433461404,MSFT
2010-02-05,2.23,2.51,1.8,2.25,80799810,2.07,0.64655172413793,MSFT
2010-02-08,2.24,2.31,1.8,1.95,52811480,2.25,-1.0706638115632,MSFT
2010-02-09,2.2,2.57,1.98,2.24,59118140,1.95,1.0461760461761,MSFT
2010-02-10,2.26,2.47,2.07,2.22,47949340,2.24,-0.071403070332035,MSFT
2010-02-11,2.16,2.63,1.93,2.35,65977140,2.22,0.46445158985353,MSFT
2010-02-12,2.04,2.29,1.81,2.16,77560140,2.35,-0.67567567567568,MSFT
2010-02-16,2.49,2.73,2.38,2.71,51934420,2.16,1.5037593984962,MSFT
2010-02-17,2.89,3.01,2.72,2.95,45756190,2.71,0.84656084656084,MSFT
2010-02-18,2.95,3.39,2.87,3.329,42811450,2.95,1.3256383350822,MSFT
2010-02-19,3.15,3.28,3.05,3.13,44451650,3.329,-0.68694121302082,MSFT
2010-02-22,3.2,3.3,3.01,3.09,36706850,3.13,-0.13903371567605,MSFT
2010-02-23,3.04,3.19,2.45,2.69,52252160,3.09,-1.3922728854856,MSFT
2010-02-24,2.88,3.15,2.74,2.99,43155280,2.69,1.0589481115425,MSFT
2010-02-25,2.63,3.01,2.38,2.96,48693660,2.99,-0.10478519035975,MSFT
2010-02-26,3.01,3.21,2.87,3.03,40368990,2.96,0.24475524475525,MSFT
2010-03-01,3.13,3.41,2.89,3.38,43773000,3.03,1.2207882804325,MSFT
2010-03-02,3.44,3.66,2.6,2.82,93122240,3.38,-1.9297036526533,MSFT
2010-03-03,2.87,2.97,2.71,2.82,48412940,2.82,0.0,MSFT
2010-03-04,2.82,3.01,2.63,2.99,42888060,2.82,0.59732958538299,MSFT
2010-03-05,3.02,3.04,2.78,2.9475,55981520,2.99,-0.148445686343,MSFT
2010-03-08,2.88,3.29,2.86,2.99,39413470,2.9475,0.14866637516397,MSFT
2010-03-09,2.92,3.47,2.91,3.16,49560680,2.99,0.59378274537199,MSFT
2010-03-10,3.22,3.47,3.16,3.33,44891160,3.16,0.59027777777777,MSFT
2010-03-11,3.25,3.55,3.21,3.54,35347730,3.33,0.72488781498102,MSFT
2010-03-12,3.68,3.74,3.4,3.63,31698070,3.54,0.3084304318026,MSFT
2010-03-15,3.54,3.73,3.37,3.65,37495690,3.63,0.06832934745473,MSFT
2010-03-16,3.78,3.85,3.56,3.73,36720660,3.65,0.273130761352,MSFT
2010-03-17,3.86,4.23,3.76,3.99,50375230,3.73,0.88525706503234,MSFT
2010-03-18,3.988,4.08,3.86,3.97,43803350,3.99,-0.067499156260545,MSFT
2010-03-19,4.12,4.26,3.71,3.95,81329950,3.97,-0.067544748395811,MSFT
2010-03-22,3.86,4.06,3.75,3.96,37698010,3.95,0.033795201081452,MSFT
2010-03-23,3.95,4.26,3.77,4.24,41942960,3.96,0.94594594594594,MSFT
2010-03-24,4.08,4.21,3.96,4.01,33985040,4.24,-0.76974564926372,MSFT
2010-03-25,4.19,4.93,4.16,4.37,73160350,4.01,1.2141652613828,MSFT
2010-03-26,4.45,4.56,3.95,4.02,55593560,4.37,-1.1662779073642,MSFT
2010-03-29,4.07,4.18,3.91,3.95,33328320,4.02,-0.236008091706,MSFT
2010-03-30,3.99,4.22,3.86,4.13,34953380,3.95,0.60831361946603,MSFT
2010-03-31,4.0,4.08,3.53,3.6475,63758030,4.13,-1.6207591535102,MSFT
2010-04-01,3.71,3.9,2.98,3.52,74753190,3.6475,-0.43533930857875,MSFT
2010-04-05,3.49,3.785,3.39,3.63,34326400,3.52,0.37722908093278,MSFT
2010-04-06,3.51,3.94,3.34,3.68,47147120,3.63,0.17082336863683,MSFT
2010-04-07,3.52,3.92,3.5,3.71,58316540,3.68,0.10231923601637,MSFT
2010-04-08,3.68,4.335,3.66,4.28,63408820,3.71,1.9420783645656,MSFT
2010-04-09,4.31,4.77,4.255,4.7,54737800,4.28,1.403743315508,MSFT
2010-04-12,4.61,4.85,4.565,4.68,37067510,4.7,-0.065919578114699,MSFT
2010-04-13,4.51,4.86,4.49,4.81,41343360,4.68,0.4287598944591,MSFT
2010-04-14,5.15,5.36,5.02,5.18,68906890,4.81,1.2151067323481,MSFT
2010-04-15,5.18,5.31,5.07,5.23,52736560,5.18,0.16223231667748,MSFT
2010-04-16,5.15,5.34,4.96,5.03,88698990,5.23,-0.6478781988986,MSFT
2010-04-19,5.13,5.61,5.12,5.399,64417220,5.03,1.2031300945549,MSFT
2010-04-20,5.58,5.8,5.49,5.72,52173790,5.399,1.034182802281,MSFT
2010-04-21,5.69,5.86,5.59,5.692,54169210,5.72,-0.08928571428571,MSFT
2010-04-22,5.4,5.89,5.26,5.75,83322790,5.692,0.18511426018128,MSFT
2010-04-23,5.48,5.94,5.01,5.32,126730100,5.75,-1.3698630136986,MSFT
2010-04-26,5.36,5.635,5.22,5.47,63645800,5.32,0.484496124031,MSFT
2010-04-27,5.31,5.61,5.1093,5.205,68723680,5.47,-0.85181613629058,MSFT
2010-04-28,5.28,5.36,4.98,5.27,64466680,5.205,0.21073107472849,MSFT
2010-04-29,5.29,5.7933,5.03,5.363,52519450,5.27,0.30087350372048,MSFT
2010-04-30,5.43,5.44,4.88,4.895,63214470,5.363,-1.5095313356772,MSFT
2010-05-03,5.03,5.4206,4.94,5.22,43984120,4.895,1.0643523825119,MSFT
2010-05-04,4.88,4.91,4.11,4.49,82045510,5.22,-2.3655217109527,MSFT
2010-05-05,4.13,4.45,4.05,4.21,66677610,4.49,-0.92930633919681,MSFT
2010-05-06,3.95,4.24,2.27,3.34,128502900,4.21,-2.9145728643216,MSFT
2010-05-07,3.29,3.31,1.68,2.57,173679400,3.34,-2.6570048309179,MSFT
2010-05-10,3.37,3.84,3.07,3.3,86631120,2.57,2.5877348457994,MSFT
2010-05-11,3.04,4.01,2.93,3.24,63773770,3.3,-0.20732550103664,MSFT
2010-05-12,3.34,3.94,3.28,3.8,47093940,3.24,1.9390581717452,MSFT
2010-05-13,3.62,4.09,3.54,3.6,45277260,3.8,-0.67934782608697,MSFT
2010-05-14,3.56,3.57,3.0,3.29,63317860,3.6,-1.0601915184678,MSFT
2010-05-17,3.48,3.59,2.81,3.3,46051850,3.29,0.034566194262017,MSFT
2010-05-18,3.36,3.49,2.89,3.0875,52654570,3.3,-1.1834830684174,MSFT
2010-05-19,3.01,3.18,2.28,2.73,61728810,3.0875,-1.2501092752863,MSFT
2010-05-20,2.14,2.33,1.53,1.6,87903910,2.73,-4.0014164305949,MSFT
2010-05-21,1.12,1.6,0.93,1.33,117588700,1.6,-0.99594245665806,MSFT
2010-05-24,1.34,1.35,0.75,0.75999999999999,73634740,1.33,-2.123695976155,MSFT
2010-05-25,0.13999999999999,0.81999999999999,-0.13000000000001,0.55999999999999,98171030,0.75999999999999,-0.76132470498667,MSFT
2010-05-26,0.72,1.095,-0.95,-0.5,176407600,0.55999999999999,-4.0659762178749,MSFT
2010-05-27,0.21999999999999,0.84999999999999,0.215,0.48999999999999,136293600,-0.5,3.9584166333467,MSFT
2010-05-28,0.32999999999999,0.61,0.14999999999999,0.28999999999999,67494090,0.48999999999999,-0.76923076923077,MSFT
2010-06-01,0.019999999999997,0.79999999999999,0.0099999999999956,0.37999999999999,76120800,0.28999999999999,0.34883720930233,MSFT
2010-06-02,0.54999999999999,0.97,0.21999999999999,0.95,65259520,0.37999999999999,2.2016222479722,MSFT
2010-06-03,1.04,1.42,0.9,1.35,67797970,0.95,1.5117157974301,MSFT
2010-06-04,0.59,1.06,0.11,0.27999999999999,89508290,1.35,-3.9836187639613,MSFT
2010-06-07,0.30999999999999,0.31999999999999,-0.27000000000001,-0.22000000000001,80327890,0.27999999999999,-1.9387359441644,MSFT
2010-06-08,-0.26,-0.25,-0.86,-0.4,87193260,-0.22000000000001,-0.71174377224199,MSFT
2010-06-09,-0.29000000000001,0.0099999999999956,-0.76,-0.72000000000001,87168580,-0.4,-1.2743926722421,MSFT
2010-06-10,-0.38000000000001,-0.36000000000001,-0.73,-0.51,78094060,-0.72000000000001,0.84711577248891,MSFT
2010-06-11,-0.47,0.20999999999999,-0.74,0.14999999999999,67997090,-0.51,2.64,MSFT
2010-06-14,0.34999999999999,0.44999999999999,-0.040000000000006,-0.015000000000004,50917260,0.14999999999999,-0.64302416212003,MSFT
2010-06-15,0.23999999999999,1.14,0.22999999999999,1.0725,81625250,-0.015000000000004,4.2655422631889,MSFT
2010-06-16,0.95999999999999,1.07,0.72,0.81,48606380,1.0725,-0.98749177090191,MSFT
2010-06-17,1.05,1.16,0.52999999999999,0.86,47988490,0.81,0.18996960486322,MSFT
2010-06-18,0.86,1.02,0.66,0.93,52075220,0.86,0.26545316647706,MSFT
2010-06-21,1.27,1.38,0.37999999999999,0.43999999999999,54612260,0.93,-1.8532526475038,MSFT
2010-06-22,0.65,0.93999999999999,0.25,0.25999999999999,55857450,0.43999999999999,-0.69364161849711,MSFT
2010-06-23,0.27,0.27,-0.29000000000001,-0.20200000000001,61398600,0.25999999999999,-1.7927823050058,MSFT
2010-06-24,-0.050000000000004,0.20999999999999,-0.58,-0.51,85150560,-0.20200000000001,-1.2170064801644,MSFT
2010-06-25,-0.46,-0.4,-1.2,-0.9775,150740500,-0.51,-1.87,MSFT
2010-06-28,-1.0,-0.9,-1.39,-1.2,73708130,-0.9775,-0.90696015489657,MSFT
2010-06-29,-1.38,-1.31,-2.4,-2.2,119621800,-1.2,-4.1135335252982,MSFT
2010-06-30,-2.21,-1.83,-2.56,-2.5,80975920,-2.2,-1.2870012870013,MSFT
2010-07-01,-2.42,-2.19,-2.78,-2.35,92210420,-2.5,0.65189048239895,MSFT
2010-07-02,-2.15,-2.03,-2.46,-2.24,62479630,-2.35,0.47495682210708,MSFT
2010-07-06,-1.81,-1.42,-1.926,-1.69,73569880,-2.24,2.36355822948,MSFT
2010-07-07,-1.69,-1.19,-1.9,-1.21,81893060,-1.69,2.0151133501259,MSFT
2010-07-08,-0.91,-0.89,-1.5381,-1.1005,50756420,-1.21,0.45061728395062,MSFT
2010-07-09,-1.18,-1.1,-1.36,-1.24,53799310,-1.1005,-0.57149880169607,MSFT
2010-07-12,-1.08,-0.62,-1.09,-0.68000000000001,49852380,-1.24,2.3073753605274,MSFT
2010-07-13,-0.37,-0.21,-0.61,-0.38000000000001,61578240,-0.68000000000001,1.2082158679017,MSFT
2010-07-14,-0.010000000000005,0.099999999999994,-0.39,-0.070000000000004,72735610,-0.38000000000001,1.233585356148,MSFT
2010-07-15,-0.010000000000005,0.079999999999994,-0.53,-3.3306690738755e-15,56913440,-0.070000000000004,0.2751572327044,MSFT
2010-07-16,-3.3306690738755e-15,0.12999999999999,-0.63000000000001,-0.62,65045360,-3.3306690738755e-15,-2.4304194433556,MSFT
2010-07-19,-0.55,-0.21,-0.6,-0.28,37429940,-0.62,1.3660104459622,MSFT
2010-07-20,-0.65,-0.030000000000004,-0.81000000000001,-0.030000000000004,45486460,-0.28,0.99088386841062,MSFT
2010-07-21,0.089999999999996,0.13999999999999,-0.535,-0.39,72992780,-0.030000000000004,-1.4128728414443,MSFT
2010-07-22,-3.3306690738755e-15,0.47999999999999,-0.040000000000006,0.32999999999999,72684200,-0.39,2.8662420382166,MSFT
2010-07-23,0.32999999999999,0.50999999999999,-0.26,0.29999999999999,108495900,0.32999999999999,-0.11609907120743,MSFT
2010-07-26,0.34999999999999,0.68999999999999,0.28999999999999,0.59,67219910,0.29999999999999,1.123595505618,MSFT
2010-07-27,0.63,0.72999999999999,0.44999999999999,0.65,60648950,0.59,0.22988505747126,MSFT
2010-07-28,0.55999999999999,0.68,0.31999999999999,0.43999999999999,69962250,0.65,-0.80275229357798,MSFT
2010-07-29,0.61999999999999,0.9,0.089999999999996,0.52,69426590,0.43999999999999,0.3082851637765,MSFT
2010-07-30,0.23999999999999,0.32999999999999,-0.16,0.29999999999999,83513200,0.52,-0.84517864003074,MSFT
2010-08-02,0.47999999999999,0.86999999999999,0.23999999999999,0.81999999999999,54906520,0.29999999999999,2.0147229755909,MSFT
2010-08-03,0.68999999999999,0.84,0.45999999999999,0.65,56692270,0.81999999999999,-0.64565134827193,MSFT
2010-08-04,0.63999999999999,0.72999999999999,-0.070000000000004,0.21999999999999,78485950,0.65,-1.6437308868502,MSFT
2010-08-05,-0.020000000000006,0.069999999999993,-0.3,-0.14,64885550,0.21999999999999,-1.3991449669646,MSFT
2010-08-06,-0.33000000000001,0.049999999999993,-0.49,0.039999999999995,55968350,-0.14,0.70949940875049,MSFT
2010-08-09,0.039999999999995,0.21999999999999,-0.14,0.099999999999994,57070310,0.039999999999995,0.23483365949119,MSFT
2010-08-10,-0.18000000000001,-0.17000000000001,-0.63000000000001,-0.44,87232800,0.099999999999994,-2.10855134713,MSFT
2010-08-11,-0.83,-0.61,-0.95,-0.65,76617490,-0.44,-0.83765456721181,MSFT
2010-08-12,-1.09,-0.8275,-1.15,-1.02,70213230,-0.65,-1.4883346741754,MSFT
2010-08-13,-1.16,-0.84,-1.27,-1.11,45245310,-1.02,-0.36749693752552,MSFT
2010-08-16,-1.15,-0.9,-1.21,-1.01,40929560,-1.11,0.40983606557378,MSFT
2010-08-17,-0.67,-0.42,-0.78,-0.67,52804610,-1.01,0.85714285714286,MSFT
2010-08-18,-0.70000000000001,-0.43,-0.97,-0.56,45973890,-0.67,0.44516390125455,MSFT
2010-08-19,-0.76,-0.64000000000001,-1.17,-0.94,54022700,-0.56,-1.5310233682514,MSFT
2010-08-20,-1.07,-0.98000000000001,-1.18,-1.15,49345890,-0.94,-0.85924713584288,MSFT
2010-08-23,-0.94,-0.73970000000001,-1.14,-1.1,51693780,-1.15,0.20635575732563,MSFT
2010-08-24,-1.29,-1.03,-1.38,-1.34,66470050,-1.1,-0.98846787479408,MSFT
2010-08-25,-1.38,-1.16,-1.51,-1.28,47351860,-1.34,0.24958402662231,MSFT
2010-08-26,-1.29,-1.19,-1.59,-1.56,49056480,-1.28,-1.1618257261411,MSFT
2010-08-27,-1.5,-1.36,-1.87,-1.45,60795560,-1.56,0.46179680940386,MSFT
2010-08-30,-1.64,-1.56,-1.78,-1.74,45363350,-1.45,-1.2118679481822,MSFT
2010-08-31,-1.78,-1.65,-2.06,-1.915,66067760,-1.74,-0.74027072758038,MSFT
2010-09-01,-1.71,-1.43,-1.84,-1.48,64832480,-1.915,1.8538248455146,MSFT
2010-09-02,-1.5,-1.4301,-1.67,-1.44,48783290,-1.48,0.16736401673641,MSFT
2010-09-03,-1.14,-0.93,-1.18,-1.09,64127990,-1.44,1.4619883040936,MSFT
2010-09-07,-1.28,-1.08,-1.46,-1.42,51845630,-1.09,-1.3585837793331,MSFT
2010-09-08,-1.31,-1.18,-1.64,-1.45,65322440,-1.42,-0.12520868113523,MSFT
2010-09-09,-1.19,-1.17,-1.39,-1.37,45970920,-1.45,0.33430839949855,MSFT
2010-09-10,-1.4,-1.35,-1.59,-1.53,58265910,-1.37,-0.66638900458142,MSFT
2010-09-13,-1.18,-0.090000000000007,-1.29,-0.27000000000001,114501600,-1.53,5.2830188679245,MSFT
2010-09-14,-0.34000000000001,-0.030000000000004,-0.49,-0.35,87104950,-0.27000000000001,-0.31859816806053,MSFT
2010-09-15,-0.28,-0.16000000000001,-0.46,-0.26500000000001,56067800,-0.35,0.33959248901317,MSFT
2010-09-16,-0.32000000000001,-0.010000000000005,-0.33000000000001,-0.050000000000008,44437500,-0.26500000000001,0.85606211427434,MSFT
2010-09-17,0.019999999999994,0.14999999999999,-0.30000000000001,-0.16000000000001,70284460,-0.050000000000008,-0.43426766679826,MSFT
2010-09-20,-0.1,0.13999999999999,-0.27000000000001,0.049999999999993,49790700,-0.16000000000001,0.83267248215702,MSFT
2010-09-21,0.039999999999995,0.039999999999995,-0.30000000000001,-0.23000000000001,52669260,0.049999999999993,-1.1010617381046,MSFT
2010-09-22,-0.49,-0.41000000000001,-1.02,-0.77000000000001,94207870,-0.23000000000001,-2.1471172962227,MSFT
2010-09-23,-0.87,-0.79000000000001,-1.02,-0.95,46154140,-0.77000000000001,-0.73140999593661,MSFT
2010-09-24,-0.74,-0.58,-0.80000000000001,-0.60500000000001,51923550,-0.95,1.4121981170692,MSFT
2010-09-27,-0.53,-0.39000000000001,-0.79000000000001,-0.6475,43609200,-0.60500000000001,-0.17154389505549,MSFT
2010-09-28,-0.58,-0.48000000000001,-1.03,-0.70250000000001,56012780,-0.6475,-0.22237946022441,MSFT
2010-09-29,-0.75000000000001,-0.72000000000001,-0.98000000000001,-0.88,44276410,-0.70250000000001,-0.71927869516766,MSFT
2010-09-30,-0.77000000000001,-0.55000000000001,-1.02,-0.89000000000001,60941750,-0.88,-0.040816326530619,MSFT
2010-10-01,-0.61,-0.56,-1.08,-1.0,62616410,-0.89000000000001,-0.4491629236423,MSFT
2010-10-04,-1.42,-1.39,-1.6,-1.47,98073840,-1.0,-1.9278096800656,MSFT
2010-10-05,-1.32,-0.93,-1.47,-1.03,77953360,-1.47,1.8402342116269,MSFT
2010-10-06,-1.06,-0.84,-1.25,-0.95,50409160,-1.03,0.32854209445585,MSFT
2010-10-07,-0.76,-0.63000000000001,-1.1,-0.85,50025340,-0.95,0.40933278755629,MSFT
2010-10-08,-0.76,-0.73000000000001,-1.01,-0.81000000000001,41321010,-0.85,0.16306563391765,MSFT
2010-10-11,-0.64000000000001,-0.64000000000001,-0.88,-0.79000000000001,27549890,-0.81000000000001,0.08140008140008,MSFT
2010-10-12,-0.73000000000001,-0.45,-0.95,-0.55000000000001,49991880,-0.79000000000001,0.97600650671004,MSFT
2010-10-13,-0.36000000000001,0.15999999999999,-0.49,-0.040000000000006,74552920,-0.55000000000001,2.053966975433,MSFT
2010-10-14,-0.090000000000007,-0.040000000000006,-0.38000000000001,-0.15000000000001,51927940,-0.040000000000006,-0.43409629044988,MSFT
2010-10-15,-0.020000000000006,0.16999999999999,-0.15000000000001,0.15999999999999,68917400,-0.15000000000001,1.2286959968292,MSFT
2010-10-18,0.20999999999999,0.56999999999999,0.069999999999993,0.43999999999999,48291320,0.15999999999999,1.0963194988254,MSFT
2010-10-19,-0.11000000000001,-0.010000000000005,-0.43,-0.28,66086410,0.43999999999999,-2.7885360185902,MSFT
2010-10-20,-0.12,0.019999999999994,-0.28,-0.070000000000007,56184230,-0.28,0.83665338645417,MSFT
2010-10-21,0.019999999999994,0.15999999999999,-0.33000000000001,0.039999999999995,49979220,-0.070000000000007,0.43461082576058,MSFT
2010-10-22,0.13999999999999,0.15999999999999,-0.11000000000001,-0.0025000000000046,25833340,0.039999999999995,-0.16719118804091,MSFT
2010-10-25,-0.14000000000001,-0.030700000000006,-0.21,-0.19,50866380,-0.0025000000000046,-0.73884346369816,MSFT
2010-10-26,-0.26,0.58999999999999,-0.32000000000001,0.51999999999999,69253650,-0.19,2.8185788011115,MSFT
2010-10-27,0.40999999999999,0.72999999999999,0.23999999999999,0.66999999999999,64687370,0.51999999999999,0.57915057915059,MSFT
2010-10-28,0.82999999999999,0.99999999999999,0.53999999999999,0.9,80061710,0.66999999999999,0.88291746641075,MSFT
2010-10-29,1.77,1.82,1.1,1.285,114153700,0.9,1.4649923896499,MSFT
2010-11-01,1.5,1.84,1.32,1.57,61909210,1.285,1.0688168010501,MSFT
2010-11-02,1.68,2.04,1.64,2.01,54338510,1.57,1.6326530612245,MSFT
2010-11-03,2.08,2.11,1.58,1.65,110188900,2.01,-1.3143483023001,MSFT
2010-11-04,2.03,2.05,1.63,1.76,93545630,1.65,0.40695523492416,MSFT
2010-11-05,1.79,1.81,1.15,1.47,110919400,1.76,-1.0685335298452,MSFT
2010-11-08,1.3,1.67,1.2,1.43,71635470,1.47,-0.1489757914339,MSFT
2010-11-09,1.43,1.73,1.33,1.57,58573800,1.43,0.52219321148825,MSFT
2010-11-10,1.63,1.7,1.43,1.56,52134750,1.57,-0.037105751391458,MSFT
2010-11-11,1.3,1.34,0.9,1.3,62054110,1.56,-0.96510764662213,MSFT
2010-11-12,1.09,1.14,0.72,0.88999999999999,64934490,1.3,-1.5367316341829,MSFT
2010-11-15,0.94999999999999,1.12,0.79,0.81999999999999,51695740,0.88999999999999,-0.26646364674534,MSFT
2010-11-16,0.81999999999999,0.81999999999999,0.42999999999999,0.58999999999999,65155530,0.81999999999999,-1.4885496183206,MSFT
2010-11-17,0.67999999999999,0.68999999999999,0.32999999999999,0.34999999999999,58058850,0.58999999999999,-0.92987214258039,MSFT
2010-11-18,0.48999999999999,0.85999999999999,0.38999999999999,0.61749999999999,59528140,0.34999999999999,1.0461478294877,MSFT
2010-11-19,0.57999999999999,0.60999999999999,0.37999999999999,0.46999999999999,52373820,0.61749999999999,-0.57087566521528,MSFT
2010-11-22,0.42999999999999,0.51999999999999,0.21999999999999,0.50999999999999,53094730,0.46999999999999,0.15570260801868,MSFT
2010-11-23,0.34999999999999,0.37999999999999,-0.13000000000001,-0.1,69737630,0.50999999999999,-2.3707734162456,MSFT
2010-11-24,-0.020000000000006,0.23999999999999,-0.060000000000006,0.14999999999999,56822410,-0.1,0.99522292993631,MSFT
2010-11-26,-0.010000000000005,0.18999999999999,-0.050000000000004,0.029999999999993,21356530,0.14999999999999,-0.47299960583367,MSFT
2010-11-29,-0.030000000000004,0.19999999999999,-0.29000000000001,0.089999999999992,56550890,0.029999999999993,0.23762376237623,MSFT
2010-11-30,-0.17000000000001,0.24999999999999,-0.22000000000001,0.037499999999994,75214660,0.089999999999992,-0.20742789411299,MSFT
2010-12-01,0.34999999999999,1.03,0.33999999999999,0.81999999999999,74029350,0.037499999999994,3.0980896763338,MSFT
2010-12-02,1.02,1.76,0.97999999999999,1.67,91751270,0.81999999999999,3.2642089093702,MSFT
2010-12-03,1.59,1.84,1.56,1.8,52595940,1.67,0.4834510970621,MSFT
2010-12-06,1.71,1.76,1.54,1.62,36247510,1.8,-0.66617320503331,MSFT
2010-12-07,1.86,1.91,1.63,1.65,57788920,1.62,0.11177347242921,MSFT
2010-12-08,1.61,2.02,1.58,2.01,41596650,1.65,1.3397841458876,MSFT
2010-12-09,2.06,2.12,1.79,1.86,46948730,2.01,-0.55086301872935,MSFT
2010-12-10,1.97,2.18,1.89,2.12,37602450,1.86,0.96011816838996,MSFT
2010-12-13,2.05,2.23,1.9525,2.025,47923960,2.12,-0.3474762253109,MSFT
2010-12-14,2.09,2.53,2.04,2.4,64060110,2.025,1.3763993393283,MSFT
2010-12-15,2.31,2.77,2.31,2.63,69519250,2.4,0.83272990586532,MSFT
2010-12-16,2.54,2.77,2.44,2.7675,57637720,2.63,0.49371633752244,MSFT
2010-12-17,2.7,2.87,2.53,2.6825,87237850,2.7675,-0.30370701205896,MSFT
2010-12-20,2.73,2.77,2.46,2.59,52662170,2.6825,-0.33151151330526,MSFT
2010-12-21,2.63,2.92,2.54,2.85,38092170,2.59,0.9349154980223,MSFT
2010-12-22,2.79,3.18,2.76,2.9675,42250450,2.85,0.41859636622729,MSFT
2010-12-23,2.75,3.1,2.74,3.08,24902420,2.9675,0.39911308203991,MSFT
2010-12-27,2.9,2.98,2.66,2.85,21638710,3.08,-0.81272084805654,MSFT
2010-12-28,2.75,2.95,2.74,2.79,23038580,2.85,-0.21375133594585,MSFT
2010-12-29,2.72,2.9,2.66,2.75,19486620,2.79,-0.14280614066406,MSFT
2010-12-30,2.7,2.78,2.555,2.63,20775800,2.75,-0.42903110475509,MSFT
2010-12-31,2.58,2.7,2.41,2.69,24751300,2.63,0.21543985637342,MSFT
2011-01-03,2.83,2.96,2.7,2.76,53386530,2.69,0.25080616266571,MSFT
2011-01-04,2.72,2.95,2.63,2.8675,54393480,2.76,0.38420300214438,MSFT
2011-01-05,2.68,2.79,2.55,2.78,58615710,2.8675,-0.31152647975077,MSFT
2011-01-06,2.82,3.63,2.64,3.6,87988310,2.78,2.9285714285714,MSFT
2011-01-07,3.42,3.52,3.03,3.38,73738880,3.6,-0.76335877862595,MSFT
2011-01-10,3.04,3.18,2.82,3.0,57538310,3.38,-1.3286713286713,MSFT
2011-01-11,2.98,3.03,2.83,2.89,50298880,3.0,-0.38979447200567,MSFT
2011-01-12,2.9,3.37,2.85,3.33,52620140,2.89,1.5652792600498,MSFT
2011-01-13,3.11,3.17,2.79,2.97,66973950,3.33,-1.260945709282,MSFT
2011-01-14,2.86,3.16,2.69,3.08,62687390,2.97,0.39020929407591,MSFT
2011-01-18,2.94,3.52,2.92,3.44,53208610,3.08,1.2720848056537,MSFT
2011-01-19,3.24,3.46,3.05,3.25,49985150,3.44,-0.66294487090021,MSFT
2011-01-20,3.28,3.33,2.91,3.1325,58612460,3.25,-0.41271513874254,MSFT
2011-01-21,3.18,3.21,2.8,2.8,58026070,3.1325,-1.1727360902919,MSFT
2011-01-24,2.8,3.34,2.77,3.16,51804190,2.8,1.2847965738758,MSFT
2011-01-25,2.92,3.23,2.9,3.23,42406980,3.16,0.24665257223397,MSFT
2011-01-26,3.29,3.77,3.28,3.56,74601610,3.23,1.1599297012302,MSFT
2011-01-27,3.53,4.24,3.27,3.65,146153100,3.56,0.31271716469771,MSFT
2011-01-28,3.675,3.71,2.23,2.531,141199000,3.65,-3.8759958434361,MSFT
2011-01-31,2.55,2.68,2.2,2.505,65009740,2.531,-0.093690317466037,MSFT
2011-02-01,2.58,2.84,2.39,2.7725,62711150,2.505,0.96483318304778,MSFT
2011-02-02,2.71,2.89,2.66,2.72,45820020,2.7725,-0.18755023667053,MSFT
2011-02-03,2.745,2.75,2.32,2.43,60315250,2.72,-1.0379384395133,MSFT
2011-02-04,2.48,2.62,2.29,2.55,40409380,2.43,0.43399638336348,MSFT
2011-02-07,2.58,3.12,2.57,2.9775,68948800,2.55,1.5394310406914,MSFT
2011-02-08,2.88,3.12,2.83,3.0625,34867560,2.9775,0.30144516357832,MSFT
2011-02-09,2.97,3.04,2.69,2.75,52850490,3.0625,-1.1049235392911,MSFT
2011-02-10,2.71,2.72,2.07,2.28,76657310,2.75,-1.6803718269575,MSFT
2011-02-11,2.54,2.5899,1.85,2.03,83912490,2.28,-0.90909090909091,MSFT
2011-02-14,1.985,2.05,1.73,2.01,56742400,2.03,-0.073394495412842,MSFT
2011-02-15,1.98,2.27,1.89,1.9,44106970,2.01,-0.99155343371282,MSFT
2011-02-16,1.99,2.01,1.54,1.96,70795780,1.9,0.22255192878338,MSFT
2011-02-17,1.91,2.31,1.85,2.15,57161080,1.96,0.70318282753516,MSFT
2011-02-18,2.07,2.15,1.93,2.0,68622040,2.15,-0.55126791620728,MSFT
2011-02-22,1.72,2.04,1.46,1.53,60811910,2.0,-1.7368810051737,MSFT
2011-02-23,1.47,1.8,1.37,1.53,53557120,1.53,0.0,MSFT
2011-02-24,1.58,2.0,1.44,1.71,64486160,1.53,0.6769462203836,MSFT
2011-02-25,1.85,1.89,1.44,1.49,52905650,1.71,-0.82181546507284,MSFT
2011-02-28,1.63,1.8,1.45,1.52,51349260,1.49,0.11299435028248,MSFT
2011-03-01,1.54,1.72,1.09,1.1,59455250,1.52,-1.5801354401806,MSFT
2011-03-02,1.05,1.31,0.97999999999999,1.0175,48621490,1.1,-0.31536697247706,MSFT
2011-03-03,1.2,1.34,1.12,1.14,68244150,1.0175,0.46975361902022,MSFT
2011-03-04,1.16,1.18,0.73999999999999,0.89249999999999,70399320,1.14,-0.94465648854961,MSFT
2011-03-07,1.07,1.21,0.48999999999999,0.65999999999999,64974090,0.89249999999999,-0.89586745014932,MSFT
2011-03-08,0.70999999999999,0.95999999999999,0.58999999999999,0.84999999999999,50527510,0.65999999999999,0.73872472783826,MSFT
2011-03-09,0.74999999999999,0.91999999999999,0.59999999999999,0.82999999999999,39780570,0.84999999999999,-0.077190274025471,MSFT
2011-03-10,0.55999999999999,0.65,0.28999999999999,0.34999999999999,66543680,0.82999999999999,-1.8539976825029,MSFT
2011-03-11,0.34999999999999,0.79,0.29999999999999,0.61999999999999,49894910,0.34999999999999,1.0625737898465,MSFT
2011-03-14,0.42999999999999,0.7,0.28999999999999,0.63,54470590,0.61999999999999,0.038940809968853,MSFT
2011-03-15,0.019999999999994,0.40999999999999,-0.060000000000006,0.32999999999999,76009200,0.63,-1.1677695601401,MSFT
2011-03-16,0.15999999999999,0.21999999999999,-0.38000000000001,-0.27000000000001,100617000,0.32999999999999,-2.3631350925561,MSFT
2011-03-17,-6.883382752676e-15,0.15999999999999,-0.31000000000001,-0.28,62472710,-0.27000000000001,-0.040338846308988,MSFT
2011-03-18,-6.883382752676e-15,0.11999999999999,-0.26210000000001,-0.26,85456100,-0.28,0.080710250201774,MSFT
2011-03-21,0.11999999999999,0.51999999999999,0.089999999999992,0.26999999999999,46852290,-0.26,2.1370967741935,MSFT
2011-03-22,0.23999999999999,0.39999999999999,0.16999999999999,0.235,30893100,0.26999999999999,-0.13817607579943,MSFT
2011-03-23,0.16999999999999,0.54999999999999,0.11999999999999,0.47999999999999,43954610,0.235,0.96857086380707,MSFT
2011-03-24,0.53999999999999,0.81,0.43999999999999,0.74999999999999,38674550,0.47999999999999,1.0571652310102,MSFT
2011-03-25,0.86999999999999,0.88999999999999,0.52999999999999,0.55999999999999,56990810,0.74999999999999,-0.7361487795428,MSFT
2011-03-28,0.59999999999999,0.65999999999999,0.31999999999999,0.34999999999999,48927840,0.55999999999999,-0.81967213114754,MSFT
2011-03-29,0.27999999999999,0.45999999999999,0.23999999999999,0.42999999999999,40762480,0.34999999999999,0.31483667847304,MSFT
2011-03-30,0.53999999999999,0.65999999999999,0.43999999999999,0.54999999999999,36427060,0.42999999999999,0.47077285209887,MSFT
2011-03-31,0.53999999999999,0.61999999999999,0.27999999999999,0.32999999999999,63226530,0.54999999999999,-0.85903943771964,MSFT
2011-04-01,0.46999999999999,0.46999999999999,0.24999999999999,0.41999999999999,63064600,0.32999999999999,0.35447026388342,MSFT
2011-04-04,0.38999999999999,0.59999999999999,0.34999999999999,0.48999999999999,35433550,0.41999999999999,0.27472527472528,MSFT
2011-04-05,0.75999999999999,1.12,0.67999999999999,0.72,73632040,0.48999999999999,0.90019569471624,MSFT
2011-04-06,0.91999999999999,1.25,0.79999999999999,1.09,65571120,0.72,1.4352211016292,MSFT
2011-04-07,1.1276,1.2,0.90989999999999,1.14,46060510,1.09,0.19120458891014,MSFT
2011-04-08,1.11,1.22,0.9,1.01,39871130,1.14,-0.49618320610687,MSFT
2011-04-11,1.13,1.19,0.73999999999999,0.91999999999999,34211160,1.01,-0.34522439585731,MSFT
2011-04-12,0.76999999999999,0.79,0.48999999999999,0.57999999999999,36818430,0.91999999999999,-1.3086989992302,MSFT
2011-04-13,0.58999999999999,0.81,0.49999999999999,0.56999999999999,33488960,0.57999999999999,-0.039001560062409,MSFT
2011-04-14,0.36,0.37999999999999,0.029999999999993,0.36,55220340,0.56999999999999,-0.81935232149823,MSFT
2011-04-15,0.39999999999999,0.49999999999999,0.11999999999999,0.30999999999999,65009030,0.36,-0.19669551534225,MSFT
2011-04-18,0.039999999999995,0.21999999999999,-0.34000000000001,0.019999999999994,58034270,0.30999999999999,-1.1430823807647,MSFT
2011-04-19,-0.060000000000006,0.10899999999999,-0.19,0.089999999999992,38848410,0.019999999999994,0.27910685805423,MSFT
2011-04-20,0.47999999999999,0.93999999999999,0.44999999999999,0.7,61494790,0.089999999999992,2.4254473161034,MSFT
2011-04-21,0.72999999999999,0.82999999999999,0.29999999999999,0.45999999999999,46874550,0.7,-0.93167701863355,MSFT
2011-04-25,0.49999999999999,0.55999999999999,0.27999999999999,0.54999999999999,33505230,0.45999999999999,0.35266457680251,MSFT
2011-04-26,0.67999999999999,1.38,0.61,1.13,69183470,0.54999999999999,2.2647403358063,MSFT
2011-04-27,1.24,1.33,1.07,1.32,52661540,1.13,0.72546773577701,MSFT
2011-04-28,1.4,1.81,1.34,1.65,79593730,1.32,1.2509476876422,MSFT
2011-04-29,1.49,1.58,0.29999999999999,0.86,269764900,1.65,-2.95769374766,MSFT
2011-05-02,0.88,0.93999999999999,0.41999999999999,0.59999999999999,89768350,0.86,-1.0030864197531,MSFT
2011-05-03,0.53999999999999,0.79,0.42999999999999,0.74999999999999,71734230,0.59999999999999,0.58456742010911,MSFT
2011-05-04,0.79,1.19,0.72999999999999,0.99999999999999,73246800,0.74999999999999,0.96861681518791,MSFT
2011-05-05,0.98999999999999,1.02,0.61999999999999,0.72999999999999,55474560,0.99999999999999,-1.0360706062932,MSFT
2011-05-06,1.01,1.16,0.68999999999999,0.81,55984600,0.72999999999999,0.31019775106631,MSFT
2011-05-09,0.73999999999999,0.9,0.61,0.76999999999999,38630140,0.81,-0.15461925009665,MSFT
2011-05-10,0.31999999999999,0.79,0.18999999999999,0.61,120764300,0.76999999999999,-0.61943476577622,MSFT
2011-05-11,0.58999999999999,0.59999999999999,0.14999999999999,0.29999999999999,78409190,0.61,-1.2076353720296,MSFT
2011-05-12,0.28999999999999,0.32999999999999,0.039999999999995,0.25999999999999,77346780,0.29999999999999,-0.1577287066246,MSFT
2011-05-13,0.21999999999999,0.25999999999999,-0.11000000000001,-0.030000000000004,66769120,0.25999999999999,-1.1453396524487,MSFT
2011-05-16,-0.1,0.0099999999999956,-0.56,-0.49,91275770,-0.030000000000004,-1.8377946464243,MSFT
2011-05-17,-0.505,-0.20000000000001,-0.63000000000001,-0.38000000000001,70880450,-0.49,-0.20350020350021,MSFT
2011-05-18,-0.37,-0.16000000000001,-0.65,-0.21,53918580,-0.38000000000001,0.69331158238174,MSFT
2011-05-19,-0.050000000000004,-0.020000000000006,-0.4,-0.18500000000001,41764480,-0.21,0.10125556905629,MSFT
2011-05-20,-0.18000000000001,-0.030000000000004,-0.46,-0.41000000000001,45424440,-0.18500000000001,-0.91037831276553,MSFT
2011-05-23,-0.69,-0.65,-0.87,-0.73,52623140,-0.41000000000001,-1.3066557778685,MSFT
2011-05-24,-0.70000000000001,-0.61,-0.86,-0.75000000000001,47649710,-0.73,-0.082747207281767,MSFT
2011-05-25,-0.73,-0.59,-0.74,-0.71,34731960,-0.75000000000001,0.16563146997931,MSFT
2011-05-26,-0.55,0.12999999999999,-0.58,-0.23,77960230,-0.71,1.984291029351,MSFT
2011-05-27,-0.22000000000001,-6.883382752676e-15,-0.25000000000001,-0.14,50243840,-0.23,0.36481556546413,MSFT
2011-05-31,0.059999999999995,0.15999999999999,-0.20000000000001,0.11,60068220,-0.14,1.0096930533118,MSFT
2011-06-01,0.089999999999992,0.19999999999999,-0.53,-0.47,73819070,0.11,-2.3190723710516,MSFT
2011-06-02,-0.41000000000001,-0.25000000000001,-0.72000000000001,-0.68000000000001,51418410,-0.47,-0.8595988538682,MSFT
2011-06-03,-0.85,-0.76,-1.06,-0.995,60267220,-0.68000000000001,-1.3005780346821,MSFT
2011-06-06,-1.01,-0.65,-1.13,-0.89,54769640,-0.995,0.43923865300147,MSFT
2011-06-07,-0.81000000000001,-0.73,-1.0,-0.84,41068550,-0.89,0.20824656393168,MSFT
2011-06-08,-1.0,-0.88,-1.04,-0.96,42193900,-0.84,-0.49875311720697,MSFT
2011-06-09,-0.89,-0.86,-1.08,-0.94,42870550,-0.96,0.083542188805345,MSFT
2011-06-10,-0.88,-0.88,-1.21,-1.195,49284670,-0.94,-1.0642737896494,MSFT
2011-06-13,-1.11,-0.71,-1.2,-0.86,47558330,-1.195,1.4132039654081,MSFT
2011-06-14,-0.6,-0.45,-0.71,-0.68000000000001,42862050,-0.86,0.74875207986689,MSFT
2011-06-15,-0.9,-0.89,-1.23,-1.16,49274190,-0.68000000000001,-1.981833195706,MSFT
2011-06-16,-1.15,-0.8,-1.25,-0.905,57077140,-1.16,1.0741364785173,MSFT
2011-06-17,-0.68000000000001,-0.6,-0.92,-0.64,83318310,-0.905,1.1043967493228,MSFT
2011-06-20,-0.73,-0.24000000000001,-0.74,-0.43,53777740,-0.64,0.86562242374278,MSFT
2011-06-21,-0.38000000000001,-0.040000000000006,-0.50000000000001,-0.14,49639160,-0.43,1.1851246424193,MSFT
2011-06-22,-0.3,-0.090000000000007,-0.31000000000001,-0.25000000000001,44280450,-0.14,-0.4442649434572,MSFT
2011-06-23,-0.46,-0.25000000000001,-0.70000000000001,-0.27000000000001,59457260,-0.25000000000001,-0.081135902636915,MSFT
2011-06-24,-0.39,-0.36000000000001,-0.71,-0.6,101051400,-0.27000000000001,-1.3398294762485,MSFT
2011-06-27,-0.67,0.55999999999999,-0.67,0.29999999999999,91939360,-0.6,3.7037037037037,MSFT
2011-06-28,0.39999999999999,1.02,0.25999999999999,0.9,80941040,0.29999999999999,2.3809523809524,MSFT
2011-06-29,0.81,0.81,0.45999999999999,0.72,66035410,0.9,-0.69767441860465,MSFT
2011-06-30,0.83999999999999,1.1,0.75999999999999,1.1,52510640,0.72,1.4832162373146,MSFT
2011-07-01,1.03,1.27,0.93999999999999,1.12,52901730,1.1,0.076923076923075,MSFT
2011-07-05,1.2,1.25,0.99999999999999,1.13,37742460,1.12,0.038431975403542,MSFT
2011-07-06,1.07,1.47,1.06,1.43,48696230,1.13,1.1525163273146,MSFT
2011-07-07,1.59,1.98,1.46,1.87,51774570,1.43,1.6710976072921,MSFT
2011-07-08,1.64,2.08,1.61,2.02,58282220,1.87,0.56032872618604,MSFT
2011-07-11,1.72,1.9,1.59,1.73,43707590,2.02,-1.0772659732541,MSFT
2011-07-12,1.65,1.89,1.44,1.64,47288270,1.73,-0.33796470146451,MSFT
2011-07-13,1.7,2.06,1.61,1.73,40855000,1.64,0.33911077618689,MSFT
2011-07-14,1.72,2.11,1.46,1.57,46363860,1.73,-0.60082613593691,MSFT
2011-07-15,1.57,2.0295,1.57,1.88,49075840,1.57,1.1711371363808,MSFT
2011-07-18,1.73,2.0,1.36,1.69,44476990,1.88,-0.70948469006722,MSFT
2011-07-19,1.91,2.74,1.88,2.64,86338320,1.69,3.5727717186912,MSFT
2011-07-20,2.38,2.45,2.08,2.16,49590650,2.64,-1.7429193899782,MSFT
2011-07-21,2.14,2.41,1.75,2.195,81123120,2.16,0.12934220251293,MSFT
2011-07-22,1.96,2.65,1.78,2.63,76297380,2.195,1.60546226241,MSFT
2011-07-25,2.36,3.19,2.29,3.01,107451400,2.63,1.3803123864875,MSFT
2011-07-26,2.92,3.245,2.88,3.18,74599600,3.01,0.60910068075958,MSFT
2011-07-27,2.98,3.085,2.3,2.43,71432680,3.18,-2.6709401709402,MSFT
2011-07-28,2.39,3.17,2.31,2.82,83722360,2.43,1.4270032930845,MSFT
2011-07-29,2.62,2.81,2.36,2.5,104288800,2.82,-1.1544011544012,MSFT
2011-08-01,2.61,2.785,1.85,2.37,61799840,2.5,-0.47445255474452,MSFT
2011-08-02,2.08,2.55,1.86,1.9,63807980,2.37,-1.7235056839017,MSFT
2011-08-03,1.93,2.1,1.58,2.02,64563970,1.9,0.44776119402985,MSFT
2011-08-04,1.63,1.97,1.03,1.04,92860790,2.02,-3.6404160475483,MSFT
2011-08-05,1.07,1.2,0.32999999999999,0.77999999999999,112055300,1.04,-1.0023130300694,MSFT
2011-08-08,0.11999999999999,0.7,-0.51,-0.42,133983600,0.77999999999999,-4.6728971962617,MSFT
2011-08-09,-0.19,0.72,-0.87,0.67999999999999,126230500,-0.42,4.4934640522876,MSFT
2011-08-10,0.049999999999993,0.18999999999999,-0.8,-0.70000000000001,127522900,0.67999999999999,-5.3948397185301,MSFT
2011-08-11,-0.4,0.47999999999999,-0.50000000000001,0.28999999999999,90598390,-0.70000000000001,4.0909090909091,MSFT
2011-08-12,0.22999999999999,0.43499999999999,-0.25000000000001,0.19999999999999,64769020,0.28999999999999,-0.35728463676062,MSFT
2011-08-15,0.33999999999999,0.67999999999999,0.24999999999999,0.61,56345700,0.19999999999999,1.6334661354582,MSFT
2011-08-16,0.47499999999999,0.84999999999999,0.30999999999999,0.61,54201770,0.61,-0.62720501764014,MSFT
2011-08-17,0.50999999999999,0.95999999999999,0.18999999999999,0.50499999999999,50445060,0.61,-0.41420118343195,MSFT
2011-08-18,-0.17000000000001,0.34999999999999,-0.71,-0.070000000000004,105664600,0.50499999999999,-2.277678748267,MSFT
2011-08-19,-0.33000000000001,-0.12,-0.83,-0.69,77378110,-0.070000000000004,-2.5131738954195,MSFT
2011-08-22,-0.32,-0.25000000000001,-0.95,-0.76,54591310,-0.69,-0.29106029106029,MSFT
2011-08-23,-0.71,0.0099999999999956,-0.71,-0.020000000000006,59625450,-0.76,3.0859049207673,MSFT
2011-08-24,-0.090000000000007,0.18999999999999,-0.32,0.15999999999999,45280970,-0.020000000000006,0.72815533980582,MSFT
2011-08-25,0.33999999999999,0.41999999999999,-0.24000000000001,-0.17000000000001,48175630,0.15999999999999,-1.3253012048193,MSFT
2011-08-26,-0.23,0.59999999999999,-0.32,0.50999999999999,71936420,-0.17000000000001,2.7676027676028,MSFT
2011-08-29,0.79,1.12,0.63,1.1,38797510,0.50999999999999,2.3366336633663,MSFT
2011-08-30,0.98999999999999,1.69,0.95999999999999,1.49,57296350,1.1,1.5092879256966,MSFT
2011-08-31,1.55,1.97,1.52,1.86,59210770,1.49,1.4105985512772,MSFT
2011-09-01,1.72,2.12,1.47,1.47,60499990,1.86,-1.4661654135338,MSFT
2011-09-02,1.04,1.26,0.91999999999999,1.06,43885040,1.47,-1.5642884395269,MSFT
2011-09-06,0.45999999999999,0.84999999999999,0.36999999999999,0.77,54917960,1.06,-1.1240310077519,MSFT
2011-09-07,0.95,1.26,0.82999999999999,1.26,41904870,0.77,1.9208153665229,MSFT
2011-09-08,1.26,1.92,1.21,1.48,65786640,1.26,0.84615384615384,MSFT
2011-09-09,1.26,1.44,0.75999999999999,0.99999999999999,64498760,1.48,-1.8306636155606,MSFT
2011-09-12,0.7,1.19,0.52999999999999,1.15,55026830,0.99999999999999,0.58275058275059,MSFT
2011-09-13,1.18,1.445,1.07,1.3,48780480,1.15,0.57937427578215,MSFT
2011-09-14,1.43,2.06,1.15,1.76,66680870,1.3,1.7665130568356,MSFT
2011-09-15,1.99,2.29,1.57,2.25,67732210,1.76,1.8490566037736,MSFT
2011-09-16,2.31,2.53,2.09,2.38,88680600,2.25,0.48165987402743,MSFT
2011-09-19,2.06,2.57,1.86,2.47,52286440,2.38,0.33185840707965,MSFT
2011-09-20,2.57,2.76,2.19,2.24,48878120,2.47,-0.84527747151783,MSFT
2011-09-21,2.31,2.32,1.23,1.25,72623460,2.24,-3.6693847294292,MSFT
2011-09-22,0.55999999999999,0.90999999999999,-0.14,0.31999999999999,96200000,1.25,-3.5782993459023,MSFT
2011-09-23,0.15999999999999,0.40999999999999,-0.050000000000004,0.31999999999999,64729750,0.31999999999999,0.0,MSFT
2011-09-26,0.44999999999999,0.77999999999999,-0.010000000000005,0.7,50986130,0.31999999999999,1.5163607342378,MSFT
2011-09-27,0.91999999999999,1.18,0.70999999999999,0.93,55608580,0.7,0.90408805031447,MSFT
2011-09-28,1.19,1.63,0.77,0.83499999999999,60726190,0.93,-0.37008180755747,MSFT
2011-09-29,1.24,1.43,0.34999999999999,0.70999999999999,63386590,0.83499999999999,-0.48875855327468,MSFT
2011-09-30,0.45999999999999,0.75999999999999,0.13999999999999,0.14999999999999,54050290,0.70999999999999,-2.2003929273084,MSFT
2011-10-03,-0.020000000000006,0.59499999999999,-0.22000000000001,-0.21,64548240,0.14999999999999,-1.4463640016071,MSFT
2011-10-04,-0.44,0.65,-0.48,0.59999999999999,83441940,-0.21,3.3020790868324,MSFT
2011-10-05,0.68,1.42,0.41999999999999,1.15,93583140,0.59999999999999,2.1704814522494,MSFT
2011-10-06,1.16,1.66,0.95999999999999,1.6,55063230,1.15,1.7381228273465,MSFT
2011-10-07,1.6,1.77,1.46,1.51,52733220,1.6,-0.34168564920273,MSFT
2011-10-10,1.84,2.23,1.73,2.2,41793500,1.51,2.6285714285714,MSFT
2011-10-11,2.12,2.33,1.98,2.26,38798680,2.2,0.22271714922049,MSFT
2011-10-12,2.44,2.57,2.16,2.22,52469560,2.26,-0.14814814814815,MSFT
2011-10-13,2.02,2.46,1.88,2.44,43805320,2.22,0.8160237388724,MSFT
2011-10-14,2.57,2.76,2.28,2.53,50916360,2.44,0.33112582781457,MSFT
2011-10-17,2.374,2.68,2.11,2.24,39421300,2.53,-1.0634396773011,MSFT
2011-10-18,2.2,2.66,2.06,2.57,52451930,2.24,1.2231282431431,MSFT
2011-10-19,2.63,2.73,2.27,2.39,42854950,2.57,-0.6590992310509,MSFT
2011-10-20,2.52,2.6,1.66,2.3,76113050,2.39,-0.33173608551419,MSFT
2011-10-21,2.41,2.45,2.06,2.42,76576890,2.3,0.44378698224852,MSFT
2011-10-24,2.32,2.66,2.3,2.45,56854910,2.42,0.11045655375553,MSFT
2011-10-25,2.34,2.49,1.98,2.07,53516920,2.45,-1.3975726369989,MSFT
2011-10-26,2.29,2.32,1.36,1.85,63002810,2.07,-0.82058933233868,MSFT
2011-10-27,2.39,2.66,1.91,2.51,74411750,1.85,2.4821361414065,MSFT
2011-10-28,2.4,2.45,2.05,2.24,57701820,2.51,-0.99082568807339,MSFT
2011-10-31,2.015,2.26,1.88,1.89,46779090,2.24,-1.297257227576,MSFT
2011-11-01,1.45,1.58,1.12,1.25,61163340,1.89,-2.4033045437477,MSFT
2011-11-02,1.36,1.46,0.95999999999999,1.27,53531690,1.25,0.076952674105437,MSFT
2011-11-03,1.5,1.845,1.24,1.79,64207280,1.27,1.999231064975,MSFT
2011-11-04,1.64,1.66,1.26,1.51,36531870,1.79,-1.0554089709763,MSFT
2011-11-07,1.47,2.08,1.39,2.06,42526780,1.51,2.0952380952381,MSFT
2011-11-08,2.27,2.46,1.945,2.42,47789690,2.06,1.3432835820896,MSFT
2011-11-09,1.85,2.01,1.32,1.46,62849220,2.42,-3.5346097201767,MSFT
2011-11-10,1.73,1.76,1.38,1.54,32512180,1.46,0.30534351145039,MSFT
2011-11-11,1.84,2.335,1.83,2.17,37903971,1.54,2.3972602739726,MSFT
2011-11-14,2.14,2.26,1.91,2.02,34199146,2.17,-0.55741360089186,MSFT
2011-11-15,2.02,2.4,1.86,2.2,43874185,2.02,-0.074738415545602,MSFT
2011-11-16,1.93,1.97,1.5,1.53,53199687,2.2,-2.5056095736724,MSFT
2011-11-17,1.47,1.5,0.9,0.99999999999999,70886490,1.53,-2.0329881089375,MSFT
2011-11-18,0.93999999999999,0.95999999999999,0.60999999999999,0.75999999999999,47627157,0.99999999999999,-0.9397024275646,MSFT
2011-11-21,0.69999999999999,0.70999999999999,0.35999999999999,0.45999999999999,61841830,0.75999999999999,-1.1857707509881,MSFT
2011-11-22,0.34999999999999,0.41999999999999,0.10999999999999,0.24999999999999,49182260,0.45999999999999,-0.84,MSFT
2011-11-23,0.069999999999993,0.24999999999999,-0.070000000000007,-0.070000000000007,49103487,0.24999999999999,-1.2908430818879,MSFT
2011-11-25,-0.16000000000001,0.12999999999999,-0.24000000000001,-0.24000000000001,26164410,-0.070000000000007,-0.69472823865958,MSFT
2011-11-28,0.39999999999999,0.42999999999999,0.14999999999999,0.32999999999999,46734550,-0.24000000000001,2.3456790123457,MSFT
2011-11-29,0.27999999999999,0.49999999999999,0.20999999999999,0.29999999999999,40909880,0.32999999999999,-0.12062726176116,MSFT
2011-11-30,0.82999999999999,1.045,0.59999999999999,1.04,81159430,0.29999999999999,2.9790660225443,MSFT
2011-12-01,1.02,1.09,0.65999999999999,0.73999999999999,48520080,1.04,-1.1727912431587,MSFT
2011-12-02,1.05,1.08,0.61999999999999,0.67999999999999,52295245,0.73999999999999,-0.23734177215191,MSFT
2011-12-05,1.24,1.26,0.95999999999999,1.16,56776680,0.67999999999999,1.9032513877875,MSFT
2011-12-06,1.27,1.33,1.07,1.12,46146340,1.16,-0.1556420233463,MSFT
2011-12-07,1.13,1.22,0.79499999999999,1.06,62596450,1.12,-0.23382696804364,MSFT
2011-12-08,0.93999999999999,1.18,0.82999999999999,0.85999999999999,60490950,1.06,-0.78125000000001,MSFT
2011-12-09,0.97999999999999,1.33,0.95999999999999,1.16,53790403,0.85999999999999,1.1811023622047,MSFT
2011-12-12,0.86999999999999,1.03,0.74999999999999,0.97,38822720,1.16,-0.73929961089493,MSFT
2011-12-13,1.21,1.56,1.111,1.22,54487840,0.97,0.98000784006272,MSFT
2011-12-14,1.18,1.32,1.03,1.05,47675400,1.22,-0.65993788819876,MSFT
2011-12-15,1.18,1.34,0.99999999999999,1.02,46189880,1.05,-0.11723329425557,MSFT
2011-12-16,1.13,1.63,1.09,1.46,101410082,1.02,1.7214397496088,MSFT
2011-12-19,1.48,1.58,0.91999999999999,0.98999999999999,52234790,1.46,-1.8076923076923,MSFT
2011-12-20,1.32,1.56,1.27,1.485,60731540,0.98999999999999,1.9388954171563,MSFT
2011-12-21,1.47,1.65,0.9,1.22,64122850,1.485,-1.0182516810759,MSFT
2011-12-22,1.27,1.32,0.935,1.27,35779480,1.22,0.19409937888198,MSFT
2011-12-23,1.49,1.5,1.19,1.49,23186180,1.27,0.85238279736537,MSFT
2011-12-27,1.42,1.6,1.39,1.5,21273360,1.49,0.03841721091048,MSFT
2011-12-28,1.57,1.61,1.22,1.28,29790500,1.5,-0.84485407066052,MSFT
2011-12-29,1.41,1.51,1.32,1.48,22483110,1.28,0.77459333849729,MSFT
2011-12-30,1.46,1.58,1.37,1.42,27394130,1.48,-0.23059185242121,MSFT
2012-01-03,2.01,2.42,1.85,2.225,64697880,1.42,3.1009244992296,MSFT
2012-01-04,2.28,2.93,2.24,2.86,80221700,2.225,2.3725014010835,MSFT
2012-01-05,2.84,3.188,2.75,3.14,55953390,2.86,1.021897810219,MSFT
2012-01-06,2.99,3.65,2.985,3.565,99339690,3.14,1.5354046242775,MSFT
2012-01-09,3.51,3.56,3.18,3.2,59696070,3.565,-1.2987012987013,MSFT
2012-01-10,3.39,3.61,3.21,3.3,59857060,3.2,0.3604902667628,MSFT
2012-01-11,2.89,3.44,2.83,3.18,65567410,3.3,-0.43103448275862,MSFT
2012-01-12,3.33,3.48,3.105,3.46,49363140,3.18,1.010101010101,MSFT
2012-01-13,3.39,3.71,3.25,3.71,60148480,3.46,0.89285714285714,MSFT
2012-01-17,3.86,4.11,3.63,3.715,72381690,3.71,0.017699115044244,MSFT
2012-01-18,3.69,3.86,3.43,3.69,64831080,3.715,-0.088479915059277,MSFT
2012-01-19,3.62,3.895,3.49,3.58,73635390,3.69,-0.38965639390719,MSFT
2012-01-20,4.28,5.2,4.21,5.17,165832000,3.58,5.6543385490754,MSFT
2012-01-23,5.01,5.41,4.81,5.19,76074730,5.17,0.067317401548299,MSFT
2012-01-24,4.93,5.0303,4.64,4.8,51652980,5.19,-1.3118062563068,MSFT
2012-01-25,4.53,5.11,4.53,5.02,59214930,4.8,0.74982958418541,MSFT
2012-01-26,5.07,5.16,4.86,4.96,49102100,5.02,-0.20297699594046,MSFT
2012-01-27,4.91,4.99,4.63,4.69,44184880,4.96,-0.91525423728813,MSFT
2012-01-30,4.43,5.08,4.29,5.07,50965800,4.69,1.3000342114266,MSFT
2012-01-31,5.12,5.16,4.69,4.99,50728330,5.07,-0.27017899358324,MSFT
2012-02-01,5.25,5.51,5.22,5.35,67404180,4.99,1.2190992211311,MSFT
2012-02-02,5.36,5.63,5.17,5.41,52198560,5.35,0.20073603211776,MSFT
2012-02-03,5.6,5.86,5.55,5.7,41830560,5.41,0.96828046744574,MSFT
2012-02-06,5.5,5.68,5.43,5.66,28000280,5.7,-0.13227513227513,MSFT
2012-02-07,5.61,5.945,5.51,5.81,39239840,5.66,0.49668874172186,MSFT
2012-02-08,5.72,6.13,5.68,6.12,49652740,5.81,1.0214168039539,MSFT
2012-02-09,6.14,6.26,5.94,6.23,50441910,6.12,0.35877364644488,MSFT
2012-02-10,6.1,6.26,5.82,5.955,44690870,6.23,-0.89372765680858,MSFT
2012-02-13,6.09,6.23,5.89,6.04,33300370,5.955,0.27873421872437,MSFT
2012-02-14,5.99,6.12,5.51,5.91,59641900,6.04,-1.0791366906475,MSFT
2012-02-15,5.99,6.05,5.69,5.71,43307170,5.91,-0.66115702479339,MSFT
2012-02-16,5.97,7.21,5.96,6.945,94670540,5.71,4.1098169717138,MSFT
2012-02-17,6.86,6.98,6.61,6.91,70027440,6.945,-0.11187470033562,MSFT
2012-02-21,6.84,7.27,6.81,7.1,50826910,6.91,0.608,MSFT
2012-02-22,7.11,7.34,6.84,6.93,49233770,7.1,-0.54071246819339,MSFT
2012-02-23,6.86,7.25,6.66,7.03,35026760,6.93,0.31979533098817,MSFT
2012-02-24,7.14,7.16,6.9,7.14,35567630,7.03,0.35065349059611,MSFT
2012-02-27,7.01,7.16,6.76,7.01,34460260,7.14,-0.41296060991105,MSFT
2012-02-28,7.53,7.59,7.04,7.53,45210140,7.01,1.658692185008,MSFT
2012-02-29,7.545,7.66,7.27,7.4,59312740,7.53,-0.40790712268592,MSFT
2012-03-01,7.59,8.05,7.51,7.95,77297490,7.4,1.7328292375551,MSFT
2012-03-02,7.97,8.1,7.66,7.735,47306820,7.95,-0.66584081759057,MSFT
2012-03-05,7.67,7.71,7.28,7.46,45214290,7.735,-0.85736554949338,MSFT
2012-03-06,7.2,7.64,7.15,7.215,51829250,7.46,-0.77044025157233,MSFT
2012-03-07,7.33,7.58,7.19,7.5,34339940,7.215,0.90318491522738,MSFT
2012-03-08,7.7,7.87,7.56,7.67,36745270,7.5,0.53391959798994,MSFT
2012-03-09,7.76,7.82,7.58,7.65,34628400,7.67,-0.062480474851608,MSFT
2012-03-12,7.63,7.86,7.48,7.7,34072670,7.65,0.15629884338856,MSFT
2012-03-13,7.9,8.35,7.81,8.33,48912170,7.7,1.9662921348315,MSFT
2012-03-14,8.19,8.54,8.15,8.43,41983630,8.33,0.30609121518213,MSFT
2012-03-15,8.45,8.6,8.24,8.51,49067440,8.43,0.24412572474824,MSFT
2012-03-16,8.57,8.61,8.16,8.26,65611780,8.51,-0.76103500761035,MSFT
2012-03-19,8.195,8.27,7.81,7.86,44787780,8.26,-1.2269938650307,MSFT
2012-03-20,7.65,7.81,7.4,7.65,41536270,7.86,-0.65217391304349,MSFT
2012-03-21,7.62,7.81,7.48,7.57,37928580,7.65,-0.25007814942169,MSFT
2012-03-22,7.47,7.75,7.45,7.655,31749220,7.57,0.26637417737387,MSFT
2012-03-23,7.76,7.77,7.38,7.67,35911360,7.655,0.046882325363329,MSFT
2012-03-26,7.85,8.27,7.815,8.25,36737130,7.67,1.8119337706967,MSFT
2012-03-27,8.31,8.36,8.06,8.18,36262420,8.25,-0.21478981282602,MSFT
2012-03-28,8.18,8.36,7.7,7.85,41344050,8.18,-1.0147601476015,MSFT
2012-03-29,7.72,7.85,7.47,7.78,37038490,7.85,-0.21745883814849,MSFT
2012-03-30,8.06,8.07,7.7,7.915,31749240,7.78,0.420298879203,MSFT
2012-04-02,7.88,8.12,7.61,7.95,35845560,7.915,0.10851030847929,MSFT
2012-04-03,7.82,7.85,7.32,7.6,42714150,7.95,-1.0839269123568,MSFT
2012-04-04,7.32,7.35,6.71,6.87,49426000,7.6,-2.2855353788353,MSFT
2012-04-05,6.81,7.29,6.7101,7.18,51122950,6.87,0.99327138737584,MSFT
2012-04-09,6.88,7.06,6.63,6.76,30967330,7.18,-1.3324873096447,MSFT
2012-04-10,6.72,6.85,5.96,6.13,53904490,6.76,-2.0257234726688,MSFT
2012-04-11,6.09,6.19,5.89,6.005,43012690,6.13,-0.41023957991467,MSFT
2012-04-12,6.635,6.7,6.08,6.635,38298170,6.005,2.0761245674741,MSFT
2012-04-13,6.47,6.82,6.38,6.47,39728710,6.635,-0.53268765133173,MSFT
2012-04-16,6.65,6.85,6.43,6.735,38117920,6.47,0.86011035378124,MSFT
2012-04-17,6.93,7.27,6.86,7.1,34110490,6.735,1.1745776347546,MSFT
2012-04-18,6.8,6.97,6.7,6.8,40547670,7.1,-0.95419847328245,MSFT
2012-04-19,6.79,7.34,6.6,6.67,54443110,6.8,-0.417469492614,MSFT
2012-04-20,7.81,8.55,7.71,8.08,106034100,6.67,4.5469203482748,MSFT
2012-04-23,7.97,8.16,7.69,7.78,61392050,8.08,-0.92535471930908,MSFT
2012-04-24,7.87,8.18,7.49,7.58,40695630,7.78,-0.62266500622664,MSFT
2012-04-25,7.58,7.98,7.53,7.86,62495310,7.58,0.87719298245614,MSFT
2012-04-26,7.78,7.89,7.58,7.77,40303570,7.86,-0.27950310559007,MSFT
2012-04-27,7.78,7.88,7.54,7.64,41033200,7.77,-0.40485829959514,MSFT
2012-04-30,7.64,7.77,7.58,7.675,35679060,7.64,0.10944340212633,MSFT
2012-05-01,7.71,7.995,7.61,7.67,43827240,7.675,-0.015617679212877,MSFT
2012-05-02,7.51,7.585,7.3,7.46,37366570,7.67,-0.65604498594188,MSFT
2012-05-03,7.54,7.56,7.27,7.42,31410400,7.46,-0.12578616352201,MSFT
2012-05-04,7.11,7.23,6.58,6.64,57923370,7.42,-2.455919395466,MSFT
2012-05-07,6.36,6.52,6.23,6.31,48637160,6.64,-1.0652033570045,MSFT
2012-05-08,6.14,6.44,5.83,6.16,46326750,6.31,-0.48939641109298,MSFT
2012-05-09,5.85,6.49,5.76,6.42,50283770,6.16,0.85245901639345,MSFT
2012-05-10,6.52,6.68,6.11,6.4,43827670,6.42,-0.065019505851766,MSFT
2012-05-11,6.35,7.2,6.35,6.82,43458930,6.4,1.3662979830839,MSFT
2012-05-14,6.48,6.7,6.3,6.34,40509490,6.82,-1.5404364569962,MSFT
2012-05-15,6.5,6.655,6.01,6.07,61820300,6.34,-1.5319426336375,MSFT
2012-05-16,6.17,6.18,5.6,5.76,60066690,6.07,-1.0261502813638,MSFT
2012-05-17,5.85,6.0684,5.57,5.58,48480250,5.76,-0.60200668896321,MSFT
2012-05-18,5.65,5.67,5.03,5.13,56191890,5.58,-1.514131897712,MSFT
2012-05-21,4.96,5.65,4.92,5.61,38782400,5.13,1.6399043389136,MSFT
2012-05-22,5.55,5.74,5.36,5.62,39476150,5.61,0.033613445378157,MSFT
2012-05-23,5.21,5.26,4.5,4.97,65161310,5.62,-2.1841397849462,MSFT
2012-05-24,5.02,5.16,4.62,4.93,52574200,4.97,-0.13740982480247,MSFT
2012-05-25,5.06,5.22,4.87,4.92,29507050,4.93,-0.034399724802207,MSFT
2012-05-29,5.24,5.58,5.08,5.42,37753400,4.92,1.7205781142464,MSFT
2012-05-30,5.21,5.339,4.98,5.2,41584490,5.42,-0.74424898511502,MSFT
2012-05-31,5.16,5.28,4.8,5.05,39056340,5.2,-0.51124744376278,MSFT
2012-06-01,4.62,4.82,4.3,4.31,56615600,5.05,-2.5351147653306,MSFT
2012-06-04,4.48,4.64,4.18,4.41,47924980,4.31,0.35149384885765,MSFT
2012-06-05,4.37,4.61,4.25,4.365,45696410,4.41,-0.15761821366025,MSFT
2012-06-06,4.74,5.23,4.6675,5.21,46811510,4.365,2.9643922118927,MSFT
2012-06-07,5.5,5.56,5.03,5.09,37791500,5.21,-0.40885860306644,MSFT
2012-06-08,5.07,5.54,4.91,5.51,42524670,5.09,1.4368799178926,MSFT
2012-06-11,5.59,5.67,4.68,4.755,46350540,5.51,-2.5463743676223,MSFT
2012-06-12,4.96,5.16,4.7,5.15,35330640,4.755,1.3670185153141,MSFT
2012-06-13,5.08,5.3,4.91,4.99,32982990,5.15,-0.546261522704,MSFT
2012-06-14,5.19,5.32,4.74,5.2,39456510,4.99,0.72090628218332,MSFT
2012-06-15,5.45,5.94,5.35,5.88,62292910,5.2,2.3176550783913,MSFT
2012-06-18,5.85,5.89,5.57,5.7,58468280,5.88,-0.59960026648901,MSFT
2012-06-19,6.05,6.97,5.91,6.56,75703480,5.7,2.8820375335121,MSFT
2012-06-20,6.79,6.91,6.5,6.79,36204510,6.56,0.74918566775244,MSFT
2012-06-21,6.82,7.0,5.92,5.995,48450260,6.79,-2.5703200775946,MSFT
2012-06-22,6.16,6.59,5.89,6.56,45022390,5.995,1.8748962999834,MSFT
2012-06-25,6.16,6.18,5.48,5.725,42203610,6.56,-2.7198697068404,MSFT
2012-06-26,5.86,6.13,5.8,5.88,38420440,5.725,0.51900217646074,MSFT
2012-06-27,6.05,6.36,5.89,6.03,33760570,5.88,0.49966688874085,MSFT
2012-06-28,5.84,5.91,5.28,5.77,45301060,6.03,-0.86178322837256,MSFT
2012-06-29,6.31,6.55,6.0,6.45,55193230,5.77,2.2734871280508,MSFT
2012-07-02,6.48,6.48,6.07,6.42,30558630,6.45,-0.098071265119324,MSFT
2012-07-03,6.09,6.62,6.03,6.62,20941440,6.42,0.65445026178011,MSFT
2012-07-05,6.45,6.64,6.235,6.56,28800120,6.62,-0.19505851755527,MSFT
2012-07-06,6.47,6.56,5.81,6.045,38294510,6.56,-1.6775244299674,MSFT
2012-07-09,5.98,6.09,5.64,5.86,30680410,6.045,-0.61288719562696,MSFT
2012-07-10,5.94,6.08,5.37,5.6,37531680,5.86,-0.86666666666667,MSFT
2012-07-11,5.57,5.595,4.965,5.16,39177960,5.6,-1.4794889038332,MSFT
2012-07-12,5.01,5.04,4.4,4.49,63484830,5.16,-2.2866894197952,MSFT
2012-07-13,4.62,5.34,4.58,5.25,39079730,4.49,2.6545581557807,MSFT
2012-07-16,5.34,5.39,4.9,5.3,27896360,5.25,0.17012589316094,MSFT
2012-07-17,5.5,5.72,5.06,5.52,33760580,5.3,0.74728260869565,MSFT
2012-07-18,5.46,6.31,5.32,6.31,41084200,5.52,2.6635198921106,MSFT
2012-07-19,6.37,6.66,6.24,6.525,46441740,6.31,0.70607553366174,MSFT
2012-07-20,6.86,6.91,5.91,5.975,64020890,6.525,-1.7935757378118,MSFT
2012-07-23,5.43,5.44,4.87,5.14,55048950,5.975,-2.7727046322431,MSFT
2012-07-24,5.1,5.22,4.76,5.01,47700920,5.14,-0.44398907103826,MSFT
2012-07-25,5.1,5.19,4.64,4.69,45578140,5.01,-1.0977701543739,MSFT
2012-07-26,5.09,5.36,4.95,5.02,45299750,4.69,1.1446409989594,MSFT
2012-07-27,5.34,5.71,5.04,5.615,44241680,5.02,2.0404663923182,MSFT
2012-07-30,5.61,5.68,5.32,5.5,28894180,5.615,-0.38648966560241,MSFT
2012-07-31,5.34,5.57,5.19,5.33,37534880,5.5,-0.57354925775979,MSFT
2012-08-01,5.45,5.51,5.07,5.27,31721700,5.33,-0.2035968781812,MSFT
2012-08-02,5.07,5.385,4.83,5.05,39513760,5.27,-0.74804488269296,MSFT
2012-08-03,5.39,5.8,5.34,5.61,35780800,5.05,1.9184652278177,MSFT
2012-08-06,5.86,5.97,5.67,5.81,27471170,5.61,0.67226890756302,MSFT
2012-08-07,5.93,6.21,5.73,6.12,28001490,5.81,1.0350584307179,MSFT
2012-08-08,6.07,6.33,5.97,6.19,26256330,6.12,0.23132848645075,MSFT
2012-08-09,6.25,6.51,6.16,6.36,24537990,6.19,0.56050115397297,MSFT
2012-08-10,6.36,6.48,6.11,6.28,27810290,6.36,-0.26229508196721,MSFT
2012-08-13,6.21,6.32,6.02,6.25,23044910,6.28,-0.098619329388564,MSFT
2012-08-14,6.36,6.45,6.07,6.19,34550840,6.25,-0.85554458703521,MSFT
2012-08-15,6.17,6.34,6.08,6.26,24350980,6.19,0.2323265847992,MSFT
2012-08-16,6.421,7.0,6.32,6.84,35781190,6.26,1.9205298013245,MSFT
2012-08-17,6.98,6.98,6.65,6.96,32588270,6.84,0.38986354775828,MSFT
2012-08-20,6.88,6.91,6.64,6.8,23737390,6.96,-0.51779935275081,MSFT
2012-08-21,6.82,7.02,6.67,6.86,28821180,6.8,0.19518542615485,MSFT
2012-08-22,6.65,6.82,6.525,6.6,33332540,6.86,-0.84415584415585,MSFT
2012-08-23,6.45,6.46,6.14,6.315,28353580,6.6,-0.93320235756385,MSFT
2012-08-24,6.31,6.69,6.24,6.62,22937770,6.315,1.0080978350686,MSFT
2012-08-27,6.99,7.02,6.65,6.75,34690810,6.62,0.42539267015708,MSFT
2012-08-28,6.76,6.86,6.58,6.69,23938730,6.75,-0.19550342130988,MSFT
2012-08-29,6.712,6.81,6.5,6.71,23346780,6.69,0.065295461965392,MSFT
2012-08-30,6.59,6.67,6.28,6.38,23957970,6.71,-1.0766721044046,MSFT
2012-08-31,6.66,7.02,6.44,6.88,36578060,6.38,1.6490765171504,MSFT
2012-09-04,6.51,6.72,6.21,6.445,48555530,6.88,-1.4114211550941,MSFT
2012-09-05,6.28,6.59,6.27,6.45,33649090,6.445,0.016455487905213,MSFT
2012-09-06,6.56,7.42,6.52,7.405,48343920,6.45,3.1424810793024,MSFT
2012-09-07,7.1,7.13,6.79,7.01,42644960,7.405,-1.2601690859786,MSFT
2012-09-10,6.89,6.96,6.57,6.78,40522190,7.01,-0.74313408723748,MSFT
2012-09-11,6.75,6.97,6.6701,6.85,25176310,6.78,0.22786458333333,MSFT
2012-09-12,7.0,7.24,6.79,6.84,32745280,6.85,-0.032478077297818,MSFT
2012-09-13,6.95,7.24,6.46,6.995,45032110,6.84,0.50357374918778,MSFT
2012-09-14,7.07,7.31,6.87,7.27,51393430,6.995,0.88896072409892,MSFT
2012-09-17,7.25,7.32,7.1,7.27,36486490,7.27,0.0,MSFT
2012-09-18,7.16,7.27,7.09,7.235,34521150,7.27,-0.11214354373598,MSFT
2012-09-19,7.15,7.25,7.1,7.112,48867240,7.235,-0.39454691259022,MSFT
2012-09-20,7.01,7.54,6.97,7.51,45539600,7.112,1.2817209841556,MSFT
2012-09-21,7.49,7.67,7.15,7.25,102277200,7.51,-0.82670906200317,MSFT
2012-09-24,7.06,7.13,6.7,6.84,46738320,7.25,-1.3145238858609,MSFT
2012-09-25,7.01,7.06,6.42,6.45,54233980,6.84,-1.2670565302144,MSFT
2012-09-26,6.34,6.66,6.1,6.225,54655030,6.45,-0.74037512339586,MSFT
2012-09-27,6.23,6.46,5.95,6.22,47047090,6.225,-0.016575501408914,MSFT
2012-09-28,6.24,6.32,5.8,5.82,54224570,6.22,-1.3262599469496,MSFT
2012-10-01,5.87,6.04,5.48,5.55,53988480,5.82,-0.90725806451614,MSFT
2012-10-02,5.74,5.95,5.56,5.72,42746840,5.55,0.57646659884707,MSFT
2012-10-03,5.81,6.05,5.73,5.92,46643520,5.72,0.67430883344572,MSFT
2012-10-04,6.03,6.09,5.63,6.09,43625820,5.92,0.56932350971199,MSFT
2012-10-05,6.29,6.31,5.8,5.91,41132200,6.09,-0.5994005994006,MSFT
2012-10-08,5.7,5.98,5.61,5.84,29751970,5.91,-0.23450586264657,MSFT
2012-10-09,5.74,5.8,5.24,5.34,45117520,5.84,-1.6789791806582,MSFT
2012-10-10,5.21,5.37,5.01,5.04,47208530,5.34,-1.0245901639344,MSFT
2012-10-11,5.275,5.31,4.93,5.01,41479760,5.04,-0.10351966873706,MSFT
2012-10-12,5.03,5.38,4.86,5.26,46461930,5.01,0.86355785837651,MSFT
2012-10-15,5.43,5.78,5.31,5.57,42438980,5.26,1.0616438356164,MSFT
2012-10-16,5.51,5.8,5.38,5.55,47730570,5.57,-0.067773636055585,MSFT
2012-10-17,5.36,5.7,5.15,5.65,44203000,5.55,0.33909799932181,MSFT
2012-10-18,5.71,5.79,5.32,5.555,58769600,5.65,-0.32105441027374,MSFT
2012-10-19,5.11,5.14,4.56,4.7,90456680,5.555,-2.8987964061705,MSFT
2012-10-22,4.79,4.89,3.89,4.06,83363190,4.7,-2.2346368715084,MSFT
2012-10-23,3.825,4.26,3.82,4.107,64410890,4.06,0.16785714285714,MSFT
2012-10-24,4.22,4.26,3.93,3.9619,53305230,4.107,-0.51734588369522,MSFT
2012-10-25,4.25,4.26,3.92,3.94,54067710,3.9619,-0.078489278507923,MSFT
2012-10-26,3.92,4.4,3.9,4.27,9999999,3.94,1.1836441893831,MSFT
2012-10-31,4.61,4.94,4.56,4.6,69463530,4.27,1.1697979439915,MSFT
2012-11-01,4.9,5.62,4.88,5.575,72012880,4.6,3.416257883672,MSFT
2012-11-02,5.65,5.83,5.39,5.5598,57131350,5.575,-0.051499237675758,MSFT
2012-11-05,5.68,5.8,5.39,5.69,38070220,5.5598,0.44135892446728,MSFT
2012-11-06,5.88,6.26,5.67,5.92,43401450,5.69,0.77624029699629,MSFT
2012-11-07,5.59,5.885,5.11,5.14,57870520,5.92,-2.6121902210315,MSFT
2012-11-08,5.18,5.43,4.86,4.87,49820680,5.14,-0.92847317744154,MSFT
2012-11-09,4.94,5.25,4.865,4.89,43284250,4.87,0.069420340159665,MSFT
2012-11-12,5.0,5.07,4.27,4.28,61053880,4.89,-2.115851543531,MSFT
2012-11-13,3.31,3.59,3.04,3.3795,131650400,4.28,-4.0060240963855,MSFT
2012-11-14,3.53,3.58,3.09,3.13,76079830,3.3795,-0.92102105982023,MSFT
2012-11-15,3.17,3.26,2.92,2.9507,50934410,3.13,-0.66803278688525,MSFT
2012-11-16,2.96,2.99,2.6349,2.8109,64079170,2.9507,-0.52436732718945,MSFT
2012-11-19,3.09,3.09,2.76,3.0177,57114540,2.8109,0.77976237608828,MSFT
2012-11-20,3.05,3.09,2.75,3.0,47037410,3.0177,-0.066223431122011,MSFT
2012-11-21,3.0,3.4566,2.96,3.24,66340540,3.0,0.89853987270685,MSFT
2012-11-23,3.52,4.06,3.49,3.99,57845670,3.24,2.7829313543599,MSFT
2012-11-26,3.83,3.87,3.46,3.675,85161780,3.99,-1.1371841155235,MSFT
2012-11-27,3.6499,3.67,3.3324,3.37,45004150,3.675,-1.1137484024101,MSFT
2012-11-28,3.3,3.68,3.06,3.65,52990780,3.37,1.0339734121123,MSFT
2012-11-29,3.4,3.65,3.15,3.24,69502760,3.65,-1.4985380116959,MSFT
2012-11-30,3.34,3.42,2.78,2.905,83659810,3.24,-1.2430426716141,MSFT
2012-12-03,3.07,3.11,2.69,2.7194,53100580,2.905,-0.69735111779071,MSFT
2012-12-04,2.79,2.92,2.63,2.66,49754240,2.7194,-0.22474971054962,MSFT
2012-12-05,2.67,3.22,2.55,2.96,68118800,2.66,1.1376564277588,MSFT
2012-12-06,3.1,3.27,2.9,3.015,39176490,2.96,0.20622422197225,MSFT
2012-12-07,3.11,3.11,2.66,2.745,46129260,3.015,-1.0102899906455,MSFT
2012-12-10,2.85,3.26,2.81,3.23,47023620,2.745,1.8333018333018,MSFT
2012-12-11,3.34,3.78,3.34,3.61,52273740,3.23,1.4105419450631,MSFT
2012-12-12,3.82,3.91,3.37,3.53,43942760,3.61,-0.29282576866765,MSFT
2012-12-13,3.61,3.81,3.24,3.4,45067520,3.53,-0.47723935389133,MSFT
2012-12-14,3.4,3.42,2.99,3.1,42065660,3.4,-1.1066027296201,MSFT
2012-12-17,3.08,3.505,2.97,3.385,41962360,3.1,1.0630361805297,MSFT
2012-12-18,3.54,3.92,3.43,3.85,50479190,3.385,1.7161837977487,MSFT
2012-12-19,3.98,4.02,3.54,3.6,53517320,3.85,-0.90711175616836,MSFT
2012-12-20,3.65,3.97,3.44,3.97,52466340,3.6,1.3548150860491,MSFT
2012-12-21,3.74,3.78,3.29,3.74,98768670,3.97,-0.83092485549133,MSFT
2012-12-24,3.49,3.54,3.29,3.35,20842330,3.74,-1.4207650273224,MSFT
2012-12-26,3.32,3.49,2.99,3.15,31630310,3.35,-0.73909830007391,MSFT
2012-12-27,3.18,3.38,2.86,3.25,39374100,3.15,0.37230081906181,MSFT
2012-12-28,3.0,3.19,2.84,2.84,28213450,3.25,-1.5207715133531,MSFT
2012-12-31,2.88,3.06,2.66,2.9997,42738170,2.84,0.6015065913371,MSFT
2013-01-02,3.54,4.02,3.4399,3.91,52897110,2.9997,3.4081251380585,MSFT
2013-01-03,3.92,3.94,3.45,3.54,48292010,3.91,-1.3396089790007,MSFT
2013-01-04,3.56,3.63,3.02,3.03,52481010,3.54,-1.8715596330275,MSFT
2013-01-07,3.06,3.17,2.93,2.98,37088100,3.03,-0.18698578908002,MSFT
2013-01-08,3.04,3.08,2.75,2.84,44639720,2.98,-0.52454102660173,MSFT
2013-01-09,3.01,3.04,2.85,2.99,38375910,2.84,0.56497175141242,MSFT
2013-01-10,2.94,3.27,2.58,2.75,71400650,2.99,-0.89887640449438,MSFT
2013-01-11,2.78,3.22,2.57,3.12,55510590,2.75,1.3983371126228,MSFT
2013-01-14,3.19,3.37,3.05,3.18,48303430,3.12,0.22363026462915,MSFT
2013-01-15,3.12,3.58,3.115,3.5,48224440,3.18,1.1900334696913,MSFT
2013-01-16,3.44,3.52,3.3,3.33,41062810,3.5,-0.62477030503492,MSFT
2013-01-17,3.48,3.76,3.35,3.54,51647220,3.33,0.77662721893491,MSFT
2013-01-18,3.39,3.58,3.33,3.54,52165050,3.54,0.0,MSFT
2013-01-22,3.59,3.74,3.29,3.44,58642390,3.54,-0.36697247706423,MSFT
2013-01-23,3.49,3.925,3.49,3.9,50288930,3.44,1.6942909760589,MSFT
2013-01-24,3.99,4.36,3.76,3.92,101321400,3.9,0.072437522636724,MSFT
2013-01-25,3.87,4.52,3.68,4.17,81814260,3.92,0.90481360839667,MSFT
2013-01-28,4.3,4.515,4.05,4.201,56054570,4.17,0.11119081779054,MSFT
2013-01-29,4.11,4.42,3.89,4.3,49234080,4.201,0.35469886424707,MSFT
2013-01-30,4.3,4.48,4.05,4.14,43571210,4.3,-0.57122456265619,MSFT
2013-01-31,4.08,4.26,3.69,3.74,50524770,4.14,-1.4362657091562,MSFT
2013-02-01,3.96,4.34,3.84,4.22,55548860,3.74,1.7486338797814,MSFT
2013-02-04,4.16,4.31,3.71,3.73,50508670,4.22,-1.7543859649123,MSFT
2013-02-05,3.91,3.95,3.65,3.785,35367310,3.73,0.20043731778426,MSFT
2013-02-06,3.67,3.83,3.54,3.63,41750840,3.785,-0.56373886161121,MSFT
2013-02-07,3.64,3.68,3.39,3.573,38007050,3.63,-0.20848573518653,MSFT
2013-02-08,3.64,4.0,3.6,3.84,33318310,3.573,0.97863138217938,MSFT
2013-02-11,3.94,4.21,3.79,4.15,32247360,3.84,1.1252268602541,MSFT
2013-02-12,4.17,4.29,4.04,4.17,35989330,4.15,0.071787508973437,MSFT
2013-02-13,4.22,4.4,4.17,4.32,41714330,4.17,0.53802008608322,MSFT
2013-02-14,4.21,4.35,4.16,4.33,32663010,4.32,0.035676061362818,MSFT
2013-02-15,4.33,4.45,4.165,4.3,49591860,4.33,-0.10699001426533,MSFT
2013-02-19,4.4,4.61,4.32,4.565,38803920,4.3,0.12495537308104,MSFT
2013-02-20,4.65,4.72,4.35,4.39,44100870,4.565,-0.62399714744161,MSFT
2013-02-21,4.26,4.26,3.75,4.01,49023360,4.39,-1.3634732687478,MSFT
2013-02-22,4.21,4.28,4.0,4.28,31430018,4.01,0.98217533648601,MSFT
2013-02-25,4.47,4.57,3.89,3.89,48018753,4.28,-1.4048991354467,MSFT
2013-02-26,3.9,4.12,3.86,3.89,49925050,3.89,0.0,MSFT
2013-02-27,3.89,4.52,3.85,4.33,36395589,3.89,1.6075995615637,MSFT
2013-02-28,4.4,4.49,4.26,4.32,35840861,4.33,-0.035958288385466,MSFT
2013-03-01,4.21,4.5,4.04,4.47,34851878,4.32,0.53956834532374,MSFT
2013-03-04,4.34,4.67,4.22,4.67,38166759,4.47,0.71556350626118,MSFT
2013-03-05,4.82,5.06,4.68,4.87,41437141,4.67,0.71047957371227,MSFT
2013-03-06,4.75,4.75,4.3,4.61,51448913,4.87,-0.91710758377426,MSFT
2013-03-07,4.6,4.8,4.525,4.66,29197630,4.61,0.17799928800285,MSFT
2013-03-08,4.8,4.85,4.48,4.52,37671493,4.66,-0.49751243781095,MSFT
2013-03-11,4.43,4.49,4.19,4.39,36635432,4.52,-0.46428571428571,MSFT
2013-03-12,4.4,4.47,4.16,4.43,39259456,4.39,0.14352350197345,MSFT
2013-03-13,4.39,4.54,4.27,4.435,29103208,4.43,0.01791472590469,MSFT
2013-03-14,4.52,4.68,4.45,4.655,55917303,4.435,0.78810675264196,MSFT
2013-03-15,4.55,4.68,4.5,4.555,92711915,4.655,-0.35542918073574,MSFT
2013-03-18,4.36,4.8,4.33,4.62,44828022,4.555,0.23185304084181,MSFT
2013-03-19,4.66,4.74,4.55,4.7,51902968,4.62,0.28469750889679,MSFT
2013-03-20,4.87,5.01,4.7,4.835,35453807,4.7,0.47906316536551,MSFT
2013-03-21,4.63,4.88,4.57,4.63,34234566,4.835,-0.72399788098182,MSFT
2013-03-22,4.67,4.8579,4.62,4.77,28720834,4.63,0.49804340092494,MSFT
2013-03-25,4.84,4.87,4.48,4.68,44153931,4.77,-0.31858407079646,MSFT
2013-03-26,4.82,4.86,4.63,4.675,27831654,4.68,-0.017755681818178,MSFT
2013-03-27,4.63,4.965,4.6,4.89,36048959,4.675,0.76362990587817,MSFT
2013-03-28,4.82,5.18,4.78,5.125,55455613,4.89,0.82833979555869,MSFT
2013-04-01,5.14,5.18,4.88,5.13,29203122,5.125,0.017479461632578,MSFT
2013-04-02,5.15,5.37,5.04,5.32,28460384,5.13,0.66410346032856,MSFT
2013-04-03,5.29,5.47,5.06,5.08,35064468,5.32,-0.83333333333334,MSFT
2013-04-04,4.89,5.13,4.79,5.115,45267601,5.08,0.12254901960784,MSFT
2013-04-05,4.77,5.3,4.63,5.22,50928776,5.115,0.3671970624235,MSFT
2013-04-08,5.16,5.25,4.99,5.11,34752390,5.22,-0.38327526132404,MSFT
2013-04-09,5.22,6.335,5.2,6.13,77737851,5.11,3.5676810073452,MSFT
2013-04-10,6.14,6.84,6.04,6.8,71116616,6.13,2.2627490712597,MSFT
2013-04-11,5.62,5.72,5.25,5.455,130923162,6.8,-4.4418758256275,MSFT
2013-04-12,5.36,5.54,5.18,5.31,62888012,5.455,-0.50112320718852,MSFT
2013-04-15,5.12,5.5,5.03,5.21,56319204,5.31,-0.34734282737061,MSFT
2013-04-16,5.42,5.66,5.215,5.49,52804656,5.21,0.97594980829556,MSFT
2013-04-17,5.4,5.56,5.12,5.345,52841328,5.49,-0.5005177770107,MSFT
2013-04-18,5.49,5.5,5.02,5.31,56906528,5.345,-0.12142237640937,MSFT
2013-04-19,6.15,6.76,6.13,6.285,99791079,5.31,3.3865925668635,MSFT
2013-04-22,6.81,7.7,6.79,7.35,137907432,6.285,3.5780278850999,MSFT
2013-04-23,7.21,7.42,6.9,7.12,59126880,7.35,-0.74602659746999,MSFT
2013-04-24,7.16,8.44,7.12,8.28,90955499,7.12,3.7908496732026,MSFT
2013-04-25,8.2,9.36,8.06,8.46,110700124,8.28,0.56675062972292,MSFT
2013-04-26,8.41,8.5,7.97,8.31,47802884,8.46,-0.46963055729493,MSFT
2013-04-29,8.29,9.2,8.29,9.13,59122266,8.31,2.5794274929223,MSFT
2013-04-30,9.09,9.63,8.8,9.62,75166967,9.13,1.5026065624042,MSFT
2013-05-01,9.44,9.6,9.12,9.24,54336834,9.62,-1.1480362537764,MSFT
2013-05-02,9.15,9.69,8.91,9.68,46069472,9.24,1.3447432762836,MSFT
2013-05-03,9.79,10.04,9.6,10.01,46786840,9.68,0.99517490952957,MSFT
2013-05-06,9.91,10.43,9.77,10.27,40982478,10.01,0.77635114959689,MSFT
2013-05-07,10.19,10.31,9.76,9.83,43078068,10.27,-1.3037037037037,MSFT
2013-05-08,9.58,9.76,9.17,9.51,51595643,9.83,-0.96067247072951,MSFT
2013-05-09,9.4,9.52,9.11,9.18,46417402,9.51,-1.0003031221582,MSFT
2013-05-10,9.11,9.24,8.84,9.21,36396224,9.18,0.091855480710353,MSFT
2013-05-13,9.13,9.59,9.07,9.55,36026370,9.21,1.0400734169471,MSFT
2013-05-14,9.61,10.28,9.55,10.28,56840640,9.55,1.5137753557372,MSFT
2013-05-15,10.2,10.65,10.18,10.595,46302980,10.28,0.93945720250521,MSFT
2013-05-16,10.39,10.9,10.3,10.83,59311070,10.595,0.69434185256315,MSFT
2013-05-17,10.88,11.62,10.85,11.62,60664610,10.83,2.3180751173709,MSFT
2013-05-20,11.48,11.845,11.43,11.83,54002050,11.62,0.60223687983941,MSFT
2013-05-21,11.85,12.0225,11.47,11.6,48693060,11.83,-0.65564424173317,MSFT
2013-05-22,11.54,11.59,11.11,11.36,66038450,11.6,-0.68866571018652,MSFT
2013-05-23,10.98,11.3,10.65,10.9,51101690,11.36,-1.3290956370991,MSFT
2013-05-24,10.67,11.03,10.65,11.019,33174300,10.9,0.34846266471449,MSFT
2013-05-28,11.17,11.93,11.16,11.77,48210220,11.019,2.1914850156118,MSFT
2013-05-29,11.49,11.77,11.32,11.63,38387660,11.77,-0.39977155910908,MSFT
2013-05-30,11.6,12.0,11.563,11.78,51130810,11.63,0.43004587155963,MSFT
2013-05-31,11.57,12.03,11.54,11.65,56158900,11.78,-0.37111047673424,MSFT
2013-06-03,11.67,12.38,11.58,12.34,51248890,11.65,1.9770773638969,MSFT
2013-06-04,12.37,12.49,11.521,11.74,65528500,12.34,-1.6858668165215,MSFT
2013-06-05,11.35,11.64,11.18,11.53,46023860,11.74,-0.60017147756502,MSFT
2013-06-06,11.59,11.86,11.24,11.71,37617750,11.53,0.51753881541115,MSFT
2013-06-07,12.0,12.53,11.81,12.42,40757250,11.71,2.0308924485126,MSFT
2013-06-10,12.26,12.4,11.89,12.22,35991610,12.42,-0.56069526212504,MSFT
2013-06-11,11.8,11.93,11.43,11.59,39435450,12.22,-1.77614885819,MSFT
2013-06-12,11.89,12.02,11.6,11.75,37371180,11.59,0.45924225028702,MSFT
2013-06-13,11.74,11.77,11.34,11.465,45634880,11.75,-0.8142857142857,MSFT
2013-06-14,11.3,11.4401,11.0,11.15,53188610,11.465,-0.90738873685728,MSFT
2013-06-17,11.44,11.91,11.38,11.75,49670030,11.15,1.7441860465116,MSFT
2013-06-18,11.72,11.92,11.645,11.73,28193470,11.75,-0.057142857142866,MSFT
2013-06-19,11.71,11.84,11.34,11.34,30810410,11.73,-1.114922813036,MSFT
2013-06-20,11.01,11.08,10.12,10.24,52536420,11.34,-3.1801098583406,MSFT
2013-06-21,10.41,10.48,9.8,10.015,85337340,10.24,-0.67184234099732,MSFT
2013-06-24,9.69,10.95,9.32,10.465,56104910,10.015,1.3527731850293,MSFT
2013-06-25,10.83,11.13,10.21,10.42,44050890,10.465,-0.13347174847991,MSFT
2013-06-26,10.87,11.23,10.6375,11.1,48665440,10.42,2.019602019602,MSFT
2013-06-27,11.27,11.53,11.25,11.37,28989490,11.1,0.78602620087335,MSFT
2013-06-28,11.13,11.54,11.09,11.295,65544350,11.37,-0.2166377816291,MSFT
2013-07-01,11.5,11.74,11.08,11.11,31053200,11.295,-0.53553336228109,MSFT
2013-07-02,11.16,11.1889,10.38,10.69,37629320,11.11,-1.2223515715949,MSFT
2013-07-03,10.41,11.12,10.35,10.76,15994380,10.69,0.20624631703005,MSFT
2013-07-05,10.84,10.99,10.331,10.96,26085600,10.76,0.58806233460748,MSFT
2013-07-08,11.1,11.34,10.73,11.075,32357160,10.96,0.33615901783105,MSFT
2013-07-09,11.33,11.35,10.89,11.1,25318500,11.075,0.072833211944643,MSFT
2013-07-10,11.09,11.56,11.07,11.45,29844420,11.1,1.018922852984,MSFT
2013-07-11,11.75,12.52,11.65,12.435,53608830,11.45,2.8386167146974,MSFT
2013-07-12,12.33,12.48,12.03,12.42,35500560,12.435,-0.042034468263978,MSFT
2013-07-15,12.41,12.97,12.33,12.92,34137810,12.42,1.4017381553126,MSFT
2013-07-16,12.76,13.1799,12.71,13.02,36378100,12.92,0.27647221454244,MSFT
2013-07-17,13.09,13.14,12.24,12.49,37280170,13.02,-1.4612627515853,MSFT
2013-07-18,12.47,12.64,11.97,12.19,48522740,12.49,-0.83939563514271,MSFT
2013-07-19,9.15,9.42,7.77,8.15,247534200,12.19,-11.399548532731,MSFT
2013-07-22,8.55,8.76,8.35,8.76,78966800,8.15,1.9426751592357,MSFT
2013-07-23,8.66,8.79,8.46,8.57,65809130,8.76,-0.59356451109028,MSFT
2013-07-24,8.785,8.94,8.64,8.71,52798940,8.57,0.43997485857951,MSFT
2013-07-25,8.37,8.4,8.0,8.14,63206730,8.71,-1.7834793491865,MSFT
2013-07-26,8.01,8.37,7.955,8.37,38631450,8.14,0.73271742593183,MSFT
2013-07-29,8.22,8.35,8.15,8.29,28870360,8.37,-0.25300442757749,MSFT
2013-07-30,8.54,8.87,8.3,8.6,45799480,8.29,0.98287888395689,MSFT
2013-07-31,8.72,8.8,8.46,8.59,43898440,8.6,-0.031397174254322,MSFT
2013-08-01,8.81,8.84,8.35,8.42,42499400,8.59,-0.53391959798994,MSFT
2013-08-02,8.44,8.65,8.315,8.64,29120110,8.42,0.69466371960846,MSFT
2013-08-05,8.65,8.75,8.39,8.45,30983420,8.64,-0.59579805581687,MSFT
2013-08-06,8.3,8.42,8.13,8.33,36311950,8.45,-0.37854889589906,MSFT
2013-08-07,8.29,8.85,8.0,8.813,38043190,8.33,1.5294490183661,MSFT
2013-08-08,8.99,9.82,8.8,9.64,59033540,8.813,2.5792970090135,MSFT
2013-08-09,9.52,9.65,9.22,9.45,26800100,9.64,-0.57768318637883,MSFT
2013-08-12,9.24,9.72,9.21,9.62,25493740,9.45,0.51987767584096,MSFT
2013-08-13,9.49,9.53,9.19,9.21,39464100,9.62,-1.9470641922726,MSFT
2013-08-14,9.13,10.34,8.68,9.33,48518150,9.21,0.37232392181199,MSFT
2013-08-15,8.98,9.16,7.82,8.77,33166990,9.33,-1.7310664605873,MSFT
2013-08-16,8.77,8.97,8.64,8.78,32589950,8.77,0.031456432840521,MSFT
2013-08-19,8.74,8.95,8.36,8.373,27902290,8.78,-1.2798742138365,MSFT
2013-08-20,8.42,8.88,8.35,8.6,22979510,8.373,0.72309113496639,MSFT
2013-08-21,8.59,8.99,8.52,8.59,37397450,8.6,-0.03162555344719,MSFT
2013-08-22,9.165,9.47,9.08,9.37,31119740,8.59,2.4675735526732,MSFT
2013-08-23,12.15,12.18,10.98,11.73,225411400,9.37,7.2861994442729,MSFT
2013-08-26,11.38,11.65,11.01,11.13,72552110,11.73,-1.726618705036,MSFT
2013-08-27,10.495,11.08,10.13,10.24,58516170,11.13,-2.606149341142,MSFT
2013-08-28,10.37,10.58,9.98,10.0,44257220,10.24,-0.72158749248345,MSFT
2013-08-29,9.91,10.58,9.78,10.53,45080100,10.0,1.6050878255602,MSFT
2013-08-30,10.32,10.46,10.07,10.38,42722590,10.53,-0.44709388971684,MSFT
2013-09-03,8.73,9.05,8.27,8.86,154487200,10.38,-4.5508982035928,MSFT
2013-09-04,8.37,8.45,8.09,8.175,142265467,8.86,-2.1486825595985,MSFT
2013-09-05,8.07,8.42,7.93,8.215,71611720,8.175,0.12822567719185,MSFT
2013-09-06,8.31,8.37,8.11,8.132,75435130,8.215,-0.26572754922362,MSFT
2013-09-09,8.22,8.77,8.18,8.635,49609584,8.132,1.6146635850026,MSFT
2013-09-10,8.88,9.38,8.77,9.37,56850676,8.635,2.3219080713947,MSFT
2013-09-11,9.55,9.91,9.51,9.72,39069308,9.37,1.0805804260574,MSFT
2013-09-12,9.7,9.76,9.57,9.67,32857467,9.72,-0.15271838729384,MSFT
2013-09-13,9.78,10.05,9.485,10.01,40899039,9.67,1.0400734169471,MSFT
2013-09-16,10.36,10.48,9.71,9.781,55006593,10.01,-0.69330911292764,MSFT
2013-09-17,10.39,10.45,9.88,9.91,84673449,9.781,0.3932806926618,MSFT
2013-09-18,9.93,10.38,9.81,10.3,64094572,9.91,1.1843303978135,MSFT
2013-09-19,10.47,10.66,10.3,10.62,41981198,10.3,0.96038415366147,MSFT
2013-09-20,10.46,10.46,9.665,9.771,102580675,10.62,-2.5237812128419,MSFT
2013-09-23,9.48,9.949,9.48,9.72,39826061,9.771,-0.15553048092463,MSFT
2013-09-24,9.67,9.85,9.13,9.435,40236272,9.72,-0.87049480757484,MSFT
2013-09-25,9.51,9.78,9.38,9.485,28828961,9.435,0.15405946695426,MSFT
2013-09-26,9.63,9.98,9.57,9.75,28457788,9.485,0.81525919089371,MSFT
2013-09-27,9.86,10.73,9.85,10.25,55332925,9.75,1.5257857796765,MSFT
2013-09-30,9.93,10.29,9.68,10.26,39811455,10.25,0.030057108506156,MSFT
2013-10-01,10.32,10.59,10.28,10.56,36663026,10.26,0.9014423076923,MSFT
2013-10-02,10.36,11.01,10.27,10.9,46930176,10.56,1.0125074449077,MSFT
2013-10-03,10.87,10.98,10.4,10.84,38703761,10.9,-0.17688679245284,MSFT
2013-10-04,10.69,10.97,10.6,10.86,32986194,10.84,0.059066745422336,MSFT
2013-10-07,10.58,10.69,10.18,10.28,35059679,10.86,-1.7119244391972,MSFT
2013-10-08,10.3,10.31,9.78,9.99,40955064,10.28,-0.87087087087087,MSFT
2013-10-09,10.05,10.3299,9.94,10.05,35831957,9.99,0.18176310209028,MSFT
2013-10-10,10.38,10.87,10.24,10.74,42852361,10.05,2.0864832174176,MSFT
2013-10-11,10.73,11.12,10.66,11.11,30031512,10.74,1.0959715639811,MSFT
2013-10-14,10.9,11.48,10.76,11.43,27742558,11.11,0.93759156167595,MSFT
2013-10-15,11.65,11.97,11.45,11.47,47096400,11.43,0.11611030478955,MSFT
2013-10-16,11.56,11.875,11.54,11.62,34959120,11.47,0.43490866917947,MSFT
2013-10-17,11.45,11.97,11.35,11.9,31332860,11.62,0.80831408775982,MSFT
2013-10-18,11.71,11.97,11.31,11.94,41790110,11.9,0.11454753722795,MSFT
2013-10-21,11.98,12.18,11.89,11.97,27433510,11.94,0.085812356979408,MSFT
2013-10-22,11.99,12.08,11.5,11.56,40343530,11.97,-1.1717633609603,MSFT
2013-10-23,11.35,11.47,10.654,10.74,58422670,11.56,-2.3713128976287,MSFT
2013-10-24,10.77,11.08,10.55,10.7,51861010,10.74,-0.11848341232227,MSFT
2013-10-25,12.85,13.27,12.45,12.71,113467800,10.7,5.9608540925267,MSFT
2013-10-28,12.59,12.71,12.25,12.55,38269380,12.71,-0.44780296669464,MSFT
2013-10-29,12.63,12.7,12.24,12.5,31702210,12.55,-0.14056789429294,MSFT
2013-10-30,12.58,12.77,12.41,12.52,36997340,12.5,0.056306306306295,MSFT
2013-10-31,12.62,12.67,12.32,12.385,41681980,12.52,-0.37985368598761,MSFT
2013-11-01,12.65,12.67,12.37,12.505,40264390,12.385,0.33893517864708,MSFT
2013-11-04,12.58,12.96,12.53,12.92,28059990,12.505,1.1681914144968,MSFT
2013-11-05,12.78,13.69,12.75,13.62,51636470,12.92,1.9476905954368,MSFT
2013-11-06,14.16,15.2,14.04,15.16,88882640,13.62,4.2030567685589,MSFT
2013-11-07,14.92,14.99,14.41,14.48,60436870,15.16,-1.7810371922472,MSFT
2013-11-08,14.66,14.76,14.32,14.76,36737380,14.48,0.74666666666667,MSFT
2013-11-11,14.67,14.755,14.335,14.57,26833550,14.76,-0.50291159343567,MSFT
2013-11-12,14.32,14.575,14.18,14.34,31850190,14.57,-0.61186485767492,MSFT
2013-11-13,13.94,15.14,13.88,15.135,44908560,14.34,2.1279443254818,MSFT
2013-11-14,14.9,15.11,14.7,15.001,46183380,15.135,-0.35119905648015,MSFT
2013-11-15,14.89,15.0,14.7,14.821,50601080,15.001,-0.47342258225717,MSFT
2013-11-18,14.31,14.56,14.05,14.18,53250230,14.821,-1.6939298644328,MSFT
2013-11-19,14.01,14.49,13.93,14.0,44253730,14.18,-1.2365591397849,MSFT
2013-11-20,14.18,14.67,14.12,14.34,32229950,14.0,0.92542188350571,MSFT
2013-11-21,14.56,14.79,14.52,14.66,23039300,14.34,0.86299892125135,MSFT
2013-11-22,14.77,14.94,14.59,14.83,27970790,14.66,0.45454545454546,MSFT
2013-11-25,15.19,15.21,14.83,14.9,30646250,14.83,0.18631887143998,MSFT
2013-11-26,14.8,14.91,14.61,14.61,34464750,14.9,-0.77045696068013,MSFT
2013-11-27,14.82,15.02,14.75,14.86,26001220,14.61,0.66934404283802,MSFT
2013-11-29,15.09,15.55,15.08,15.39,22090430,14.86,1.4095744680851,MSFT
2013-12-02,15.35,16.04,15.32,15.71,42927720,15.39,0.8392341987936,MSFT
2013-12-03,15.41,15.75,15.34,15.57,52099230,15.71,-0.36410923276983,MSFT
2013-12-04,15.51,16.24,15.38,16.2,51913320,15.57,1.644479248238,MSFT
2013-12-05,16.11,16.135,14.44,15.26,116303700,16.2,-2.4139702105804,MSFT
2013-12-06,15.69,15.81,15.25,15.62,36386790,15.26,0.94736842105263,MSFT
2013-12-09,15.81,16.13,15.63,15.965,30266960,15.62,0.89937434827945,MSFT
2013-12-10,15.87,16.16,15.28,15.37,37803720,15.965,-1.5372690866813,MSFT
2013-12-11,15.35,15.56,14.65,14.87,39848810,15.37,-1.3119916032537,MSFT
2013-12-12,14.86,14.9,14.44,14.48,35996660,14.87,-1.036958255783,MSFT
2013-12-13,14.7,14.71,13.88,13.95,40064640,14.48,-1.4239656098872,MSFT
2013-12-16,13.94,14.26,13.8,14.145,31731550,13.95,0.53147996729354,MSFT
2013-12-17,14.26,14.37,13.5944,13.78,45564370,14.145,-0.98956215263656,MSFT
2013-12-18,13.64,13.86,12.79,13.84,63149770,13.78,0.1642935377875,MSFT
2013-12-19,13.81,13.81,13.34,13.51,34160060,13.84,-0.9021323127392,MSFT
2013-12-20,13.48,14.19,13.445,14.06,62648640,13.51,1.5172413793103,MSFT
2013-12-23,14.1,14.15,13.81,13.88,25099850,14.06,-0.48913043478261,MSFT
2013-12-24,14.0,14.43,13.9,14.34,14243000,13.88,1.2561441835063,MSFT
2013-12-26,14.46,14.75,14.43,14.7,17612780,14.34,0.97087378640777,MSFT
2013-12-27,14.88,14.88,14.43,14.55,14563010,14.7,-0.40064102564102,MSFT
2013-12-30,14.46,14.64,14.1606,14.55,16276880,14.55,0.0,MSFT
2013-12-31,14.59,14.84,14.477,14.67,17503520,14.55,0.32180209171359,MSFT
2014-01-02,14.61,14.66,14.36,14.42,30632030,14.67,-0.66827051590484,MSFT
2014-01-03,14.46,14.48,13.86,14.17,31134800,14.42,-0.67276641550054,MSFT
2014-01-06,14.12,14.15,13.37,13.39,43602750,14.17,-2.1132484421566,MSFT
2014-01-07,13.56,13.75,13.47,13.67,35661130,13.39,0.77497924162744,MSFT
2014-01-08,13.31,13.4,12.84,13.02,59951110,13.67,-1.7852238396045,MSFT
2014-01-09,13.14,13.17,12.66,12.79,36516280,13.02,-0.64317673378075,MSFT
2014-01-10,13.2,13.41,13.01,13.3,40548810,12.79,1.4354066985646,MSFT
2014-01-13,13.26,13.28,12.09,12.24,45901890,13.3,-2.9411764705882,MSFT
2014-01-14,11.97,13.14,11.89,13.04,41613260,12.24,2.2870211549457,MSFT
2014-01-15,13.17,14.05,13.11,14.02,44800170,13.04,2.738960313024,MSFT
2014-01-16,14.04,14.26,13.57,14.15,38013790,14.02,0.35364526659413,MSFT
2014-01-17,14.09,14.09,13.41,13.64,46267460,14.15,-1.3824884792627,MSFT
2014-01-21,14.07,14.08,13.32,13.43,31565080,13.64,-0.57724024189115,MSFT
2014-01-22,13.52,13.58,13.01,13.19,21904030,13.43,-0.66353331490186,MSFT
2014-01-23,13.26,13.39,12.78,13.315,43859820,13.19,0.34789869190092,MSFT
2014-01-24,14.76,14.81,13.79,14.065,77038730,13.315,2.0801553182638,MSFT
2014-01-27,14.06,14.15,13.24,13.29,44414390,14.065,-2.1056921613911,MSFT
2014-01-28,13.37,13.65,13.01,13.53,36199740,13.29,0.6661115736886,MSFT
2014-01-29,13.3,14.14,13.16,13.92,52745900,13.53,1.0752688172043,MSFT
2014-01-30,14.08,14.14,13.49,14.12,34935080,13.92,0.54555373704311,MSFT
2014-01-31,14.21,15.15,13.82,15.1,93158190,14.12,2.6587086272382,MSFT
2014-02-03,15.03,15.245,13.69,13.74,64062570,15.1,-3.5940803382664,MSFT
2014-02-04,14.25,14.449,13.51,13.61,54696680,13.74,-0.35635964912279,MSFT
2014-02-05,13.53,13.73,13.06,13.08,55813500,13.61,-1.4580467675378,MSFT
2014-02-06,13.06,13.51,12.95,13.44,35356200,13.08,1.0050251256281,MSFT
2014-02-07,13.58,13.85,13.27,13.82,33307930,13.44,1.0503040353787,MSFT
2014-02-10,13.9,14.06,13.55,14.06,26735870,13.82,0.65645514223193,MSFT
2014-02-11,14.18,14.52,14.12,14.435,32133250,14.06,1.0190217391304,MSFT
2014-02-12,14.59,14.86,14.56,14.73,27051620,14.435,0.79354404841964,MSFT
2014-02-13,14.59,15.12,14.59,14.87,37635520,14.73,0.37363223912463,MSFT
2014-02-14,14.65,15.04,14.59,14.88,42985490,14.87,0.026588673225201,MSFT
2014-02-18,15.17,15.32,14.95,14.96,32833250,14.88,-0.53163211057947,MSFT
2014-02-19,14.76,15.29,14.75,15.05,29750390,14.96,0.24051309460181,MSFT
2014-02-20,15.11,15.41,14.935,15.29,27526100,15.05,0.63982937883232,MSFT
2014-02-21,15.48,15.89,15.4,15.52,38020420,15.29,0.6092715231788,MSFT
2014-02-24,15.23,15.515,15.08,15.23,31949300,15.52,-0.7635597682991,MSFT
2014-02-25,15.15,15.39,14.89,15.08,30733490,15.23,-0.39798355001326,MSFT
2014-02-26,15.12,15.28,14.73,15.01,41036630,15.08,-0.18646776771444,MSFT
2014-02-27,14.99,15.43,14.77,15.4,33898430,15.01,1.0408326661329,MSFT
2014-02-28,15.52,16.0,15.36,15.85,41213850,15.4,1.1885895404121,MSFT
2014-03-03,15.46,15.67,15.035,15.32,29716900,15.85,-1.3834507961368,MSFT
2014-03-04,15.74,16.02,15.61,15.95,26802300,15.32,1.6675489677078,MSFT
2014-03-05,15.79,15.8099,15.47,15.65,20519850,15.95,-0.78104660244727,MSFT
2014-03-06,15.68,15.78,15.43,15.69,23582130,15.65,0.1049593282603,MSFT
2014-03-07,15.82,15.9,15.23,15.44,26590540,15.69,-0.65530799475754,MSFT
2014-03-10,15.53,15.55,15.26,15.36,19006500,15.44,-0.21108179419525,MSFT
2014-03-11,15.41,15.77,15.26,15.56,25216370,15.36,0.52882072977261,MSFT
2014-03-12,15.34,15.97,15.33,15.81,30494150,15.56,0.65754865860074,MSFT
2014-03-13,15.96,15.99,15.1814,15.43,32167550,15.81,-0.99294486542985,MSFT
2014-03-14,15.191,15.675,15.0458,15.24,27184840,15.43,-0.50145157033517,MSFT
2014-03-17,15.44,15.95,15.33,15.59,20386500,15.24,0.92838196286471,MSFT
2014-03-18,15.8,17.44,15.76,17.09,63965060,15.59,3.9421813403417,MSFT
2014-03-19,17.01,17.09,16.45,16.81,35140580,17.09,-0.7079646017699,MSFT
2014-03-20,16.79,18.189,16.78,17.87,59240160,16.81,2.6992615227909,MSFT
2014-03-21,18.26,18.48,17.55,17.7,80709490,17.87,-0.42152243987107,MSFT
2014-03-24,17.88,18.18,17.4,18.04,46072130,17.7,0.84661354581674,MSFT
2014-03-25,18.2,18.53,17.4999,17.88,43132190,18.04,-0.39506172839505,MSFT
2014-03-26,18.02,18.245,17.14,17.33,41854930,17.88,-1.3634110064452,MSFT
2014-03-27,17.28,17.51,16.88,16.9,35215570,17.33,-1.0806735360643,MSFT
2014-03-28,17.33,18.175,17.22,17.84,43414400,16.9,2.3882113821138,MSFT
2014-03-31,17.97,19.04,17.94,18.53,46840570,17.84,1.712158808933,MSFT
2014-04-01,18.69,19.13,18.61,18.96,32604260,18.53,1.0490363503293,MSFT
2014-04-02,18.98,19.2,18.71,18.89,28614590,18.96,-0.16900048285852,MSFT
2014-04-03,18.83,18.83,18.25,18.55,29986320,18.89,-0.82224909310763,MSFT
2014-04-04,18.79,18.93,17.18,17.41,51342010,18.55,-2.7798098024872,MSFT
2014-04-07,17.5,17.81,17.28,17.34,37543980,17.41,-0.17557060446451,MSFT
2014-04-08,17.29,17.47,16.74,17.36,35918620,17.34,0.050251256281415,MSFT
2014-04-09,17.47,18.09,17.42,18.01,27331630,17.36,1.6323455549975,MSFT
2014-04-10,17.98,18.23,16.63,16.9,45936930,18.01,-2.7427724240178,MSFT
2014-04-11,16.54,17.33,16.54,16.749,34329160,16.9,-0.3836382113821,MSFT
2014-04-14,16.65,16.95,16.44,16.72,32005420,16.749,-0.07396261062512,MSFT
2014-04-15,16.79,17.5,16.59,17.29,33966410,16.72,1.4548238897397,MSFT
2014-04-16,17.6,17.955,17.445,17.94,30282610,17.29,1.6352201257862,MSFT
2014-04-17,17.55,17.735,17.05,17.55,36688000,17.94,-0.96534653465347,MSFT
2014-04-21,17.67,17.69,17.33,17.48,22200560,17.55,-0.17495626093477,MSFT
2014-04-22,17.5,17.68,17.37,17.53,27052740,17.48,0.12518778167252,MSFT
2014-04-23,17.53,17.53,17.01,17.23,24556290,17.53,-0.75018754688673,MSFT
2014-04-24,17.28,17.51,16.84,17.4,41840750,17.23,0.42831947593853,MSFT
2014-04-25,17.83,18.22,17.29,17.45,56869690,17.4,0.12543903662819,MSFT
2014-04-28,17.68,18.83,17.63,18.41,50598770,17.45,2.4054121773992,MSFT
2014-04-29,18.64,18.73,17.93,18.05,29625310,18.41,-0.88084169317348,MSFT
2014-04-30,17.94,18.04,17.7099,17.94,35421760,18.05,-0.27153789187855,MSFT
2014-05-01,17.78,17.9,17.49,17.54,28787400,17.94,-0.99009900990099,MSFT
2014-05-02,17.85,17.88,17.2,17.23,43404480,17.54,-0.77500000000001,MSFT
2014-05-05,17.06,17.1799,16.84,16.97,22438370,17.23,-0.65507684555303,MSFT
2014-05-06,16.83,16.89,16.49,16.6,27105700,16.97,-0.93837179812325,MSFT
2014-05-07,16.76,17.05,16.05,16.965,41731030,16.6,0.93445980542753,MSFT
2014-05-08,16.85,17.44,16.51,17.18,32089010,16.965,0.54533925174383,MSFT
2014-05-09,17.08,17.39,16.91,17.08,29646100,17.18,-0.25227043390515,MSFT
2014-05-12,17.27,17.56,17.19,17.51,22761620,17.08,1.0875063227112,MSFT
2014-05-13,17.74,18.32,17.67,18.24,26994040,17.51,1.1258443832875,MSFT
2014-05-14,18.12,18.27,17.87,18.06,18803840,18.24,-0.44532409698169,MSFT
2014-05-15,17.91,18.22,17.33,17.42,37717220,18.06,-1.5904572564612,MSFT
2014-05-16,17.49,17.66,17.09,17.65,29867030,17.42,0.58080808080807,MSFT
2014-05-19,17.43,17.64,17.28,17.57,23640880,17.65,-0.20085362791865,MSFT
2014-05-20,17.5,17.76,17.28,17.5,21318920,17.57,-0.17610062893082,MSFT
2014-05-21,17.62,18.17,17.5599,18.17,22377460,17.5,1.6885080645161,MSFT
2014-05-22,18.11,18.17,17.67,17.92,20201010,18.17,-0.61957868649318,MSFT
2014-05-23,18.19,18.19,17.82,17.94,18013300,17.92,0.049875311720688,MSFT
2014-05-27,18.08,18.08,17.63,18.01,26160450,17.94,0.17447657028913,MSFT
2014-05-28,17.96,18.01,17.64,17.83,25711440,18.01,-0.44787260512565,MSFT
2014-05-29,17.97,18.17,17.73,18.16,19887140,17.83,0.82479380154963,MSFT
2014-05-30,18.27,18.79,18.07,18.76,34564370,18.16,1.4873574615766,MSFT
2014-06-02,18.77,18.91,18.5,18.61,18493950,18.76,-0.36638983878847,MSFT
2014-06-03,18.42,18.5,18.07,18.11,18041370,18.61,-1.2257906349595,MSFT
2014-06-04,18.03,18.19,17.68,18.14,23198020,18.11,0.074460163812363,MSFT
2014-06-05,18.41,19.07,18.22,19.03,31839900,18.14,2.2073412698413,MSFT
2014-06-06,19.3,19.48,19.06,19.3,24042030,19.03,0.65518078136374,MSFT
2014-06-09,19.21,19.3,18.84,19.09,15011640,19.3,-0.50626808100288,MSFT
2014-06-10,18.85,18.98,18.68,18.93,15002270,19.09,-0.38769081657379,MSFT
2014-06-11,18.75,18.89,18.585,18.68,17635280,18.93,-0.60812454390659,MSFT
2014-06-12,18.63,18.7,18.11,18.4,29812690,18.68,-0.68526676456192,MSFT
2014-06-13,18.92,19.385,18.68,19.05,26305900,18.4,1.6017742730409,MSFT
2014-06-16,18.86,19.43,18.86,19.32,24127410,19.05,0.65486296386127,MSFT
2014-06-17,19.11,19.73,18.155,19.5,22473060,19.32,0.43373493975904,MSFT
2014-06-18,19.42,19.56,19.0,19.47,27053740,19.5,-0.071976967370444,MSFT
2014-06-19,19.45,19.59,19.1501,19.33,19828190,19.47,-0.33613445378151,MSFT
2014-06-20,19.3,19.65,19.2,19.5,47760950,19.33,0.40953986991087,MSFT
2014-06-23,19.55,19.82,19.51,19.81,18731430,19.5,0.74376199616123,MSFT
2014-06-24,19.65,19.76,19.38,19.565,26499460,19.81,-0.58347225529889,MSFT
2014-06-25,19.52,19.87,19.28,19.85,20038340,19.565,0.68271649299318,MSFT
2014-06-26,19.75,19.76,19.25,19.54,23604390,19.85,-0.7375684035213,MSFT
2014-06-27,19.43,20.11,19.33,20.07,70385440,19.54,1.2703739213806,MSFT
2014-06-30,19.99,20.03,19.52,19.52,30790300,20.07,-1.301775147929,MSFT
2014-07-01,19.68,19.97,19.51,19.69,26916950,19.52,0.40767386091126,MSFT
2014-07-02,19.55,19.72,19.35,19.72,20208090,19.69,0.07165034631001,MSFT
2014-07-03,19.73,19.81,19.38,19.62,15969310,19.72,-0.23866348448688,MSFT
2014-07-07,19.57,19.94,19.53,19.81,21896680,19.62,0.45454545454547,MSFT
2014-07-08,19.69,19.82,19.43,19.6,31218210,19.81,-0.50011907597047,MSFT
2014-07-09,19.8,19.81,19.35,19.49,18374910,19.6,-0.26328386787937,MSFT
2014-07-10,19.19,19.82,18.87,19.505,21854010,19.49,0.035997120230383,MSFT
2014-07-11,19.52,19.91,19.3,19.91,24082750,19.505,0.97157250809644,MSFT
2014-07-14,20.04,20.27,19.86,19.96,21878810,19.91,0.11879306248514,MSFT
2014-07-15,20.15,20.29,19.85,20.27,28743300,19.96,0.73564309444709,MSFT
2014-07-16,20.33,22.13,20.3,21.9,63304860,20.27,3.8398115429917,MSFT
2014-07-17,23.27,23.53,22.07,22.35,82146080,21.9,1.0208711433757,MSFT
2014-07-18,22.47,22.66,22.07,22.51,43396060,22.35,0.35930833146193,MSFT
2014-07-21,22.38,22.98,22.04,22.655,37569630,22.51,0.3244573730141,MSFT
2014-07-22,22.82,22.97,22.41,22.65,42589920,22.655,-0.011152001784326,MSFT
2014-07-23,23.27,23.27,22.44,22.69,52352270,22.65,0.089225964755742,MSFT
2014-07-24,22.75,22.82,22.14,22.22,30692230,22.69,-1.0474704702474,MSFT
2014-07-25,22.12,22.48,22.12,22.32,26700810,22.22,0.22522522522523,MSFT
2014-07-28,22.18,22.33,21.75,21.79,29650540,22.32,-1.1910112359551,MSFT
2014-07-29,21.73,21.91,21.46,21.705,27755840,21.79,-0.19331362292472,MSFT
2014-07-30,21.89,21.92,21.11,21.3985,31918500,21.705,-0.69841631536972,MSFT
2014-07-31,21.2,21.51,20.9,20.98,31527670,21.3985,-0.9603359454777,MSFT
2014-08-01,21.03,21.07,20.42,20.68,30926280,20.98,-0.69508804448563,MSFT
2014-08-04,20.79,21.29,20.63,21.19,34200470,20.68,1.1899206719552,MSFT
2014-08-05,21.13,21.28,20.65,20.9,26258880,21.19,-0.66866497578971,MSFT
2014-08-06,20.56,20.99,20.03,20.56,24625300,20.9,-0.78922934076137,MSFT
2014-08-07,20.66,21.27,20.47,21.05,30300560,20.56,1.1464670098268,MSFT
2014-08-08,21.05,21.135,20.73,21.02,28942570,21.05,-0.069396252602346,MSFT
2014-08-11,21.08,21.27,20.84,21.02,19829060,21.02,0.0,MSFT
2014-08-12,20.86,21.41,20.82,21.34,21422980,21.02,0.74074074074074,MSFT
2014-08-13,21.5,22.0,21.34,21.9,22851140,21.34,1.2867647058823,MSFT
2014-08-14,21.9,22.237,21.83,22.09,19304230,21.9,0.43103448275863,MSFT
2014-08-15,22.4,22.715,22.22,22.61,41573360,22.09,1.1746103456065,MSFT
2014-08-18,22.76,22.93,22.5,22.93,26882850,22.61,0.71444518865818,MSFT
2014-08-19,23.07,23.44,22.93,23.43,28087670,22.93,0.48769674129904,MSFT
2014-08-20,23.44,23.5,23.0,23.05,24747360,23.43,-0.83829693359805,MSFT
2014-08-21,22.94,23.35,22.93,23.32,22272010,23.05,0.60066740823136,MSFT
2014-08-22,23.45,23.57,23.17,23.25,18293690,23.32,-0.15479876160991,MSFT
2014-08-25,23.5,23.54,23.14,23.27,16815800,23.25,0.044296788482842,MSFT
2014-08-26,23.41,23.495,23.04,23.105,14850670,23.27,-0.36528669470888,MSFT
2014-08-27,23.0,23.1,22.86,22.97,20822900,23.105,-0.29996667036997,MSFT
2014-08-28,22.85,23.08,22.71,22.98,17656590,22.97,0.022286605749956,MSFT
2014-08-29,23.19,23.54,22.955,23.53,21577940,22.98,1.2254901960784,MSFT
2014-09-02,23.53,23.56,22.95,23.19,22956270,23.53,-0.74840413823464,MSFT
2014-09-03,22.63,23.21,22.63,23.06,33662430,23.19,-0.28831226436017,MSFT
2014-09-04,22.84,23.37,22.82,23.36,26475110,23.06,0.66725978647686,MSFT
2014-09-05,23.21,24.03,23.21,24.01,36687170,23.36,1.4361467079099,MSFT
2014-09-08,24.12,24.9,24.09,24.57,45709750,24.01,1.2197778261817,MSFT
2014-09-09,24.57,25.07,24.52,24.86,40248050,24.57,0.62405853238648,MSFT
2014-09-10,24.92,25.04,24.38,24.94,27297820,24.86,0.17108639863132,MSFT
2014-09-11,24.84,25.1,24.57,25.1,29201070,24.94,0.34158838599487,MSFT
2014-09-12,25.01,25.12,24.7,24.795,38224850,25.1,-0.64893617021277,MSFT
2014-09-15,24.64,24.81,24.2,24.34,37630230,24.795,-0.97440839490309,MSFT
2014-09-16,24.49,24.95,24.39,24.86,27865200,24.34,1.1245674740484,MSFT
2014-09-17,24.36,24.79,24.33,24.62,38247550,24.86,-0.51325919589392,MSFT
2014-09-18,24.69,24.93,24.56,24.78,35493560,24.62,0.34393809114359,MSFT
2014-09-19,24.91,25.67,24.7,25.62,202514100,24.78,1.7994858611825,MSFT
2014-09-22,25.4,25.48,25.08,25.16,38655550,25.62,-0.96801346801347,MSFT
2014-09-23,24.95,25.08,24.57,24.66,33386790,25.16,-1.062473438164,MSFT
2014-09-24,24.73,25.21,24.44,25.18,26533890,24.66,1.1168384879725,MSFT
2014-09-25,24.98,25.19,24.13,24.14,32927320,25.18,-2.2090059473237,MSFT
2014-09-26,24.03,24.72,23.86,24.51,27051350,24.14,0.8036490008688,MSFT
2014-09-29,24.08,24.66,23.86,24.54,26057810,24.51,0.064641241111832,MSFT
2014-09-30,24.47,24.5763,24.11,24.46,32996820,24.54,-0.17226528854435,MSFT
2014-10-01,24.37,24.63,23.945,24.0,38050210,24.46,-0.99223468507334,MSFT
2014-10-02,23.93,24.2,23.74,23.86,25297400,24.0,-0.30501089324619,MSFT
2014-10-03,24.08,24.4,23.71,24.19,32351720,23.86,0.72115384615386,MSFT
2014-10-06,24.22,24.4,24.0199,24.19,20532430,24.19,0.0,MSFT
2014-10-07,23.96,24.03,23.52,23.63,25617210,24.19,-1.2150141028423,MSFT
2014-10-08,23.58,24.99,23.44,24.88,32977510,23.63,2.7454425653415,MSFT
2014-10-09,24.6,24.9,23.84,23.95,34422150,24.88,-1.9880290722531,MSFT
2014-10-10,23.7,24.22,22.05,22.13,51877600,23.95,-3.969465648855,MSFT
2014-10-13,21.92,22.66,21.59,21.75,37020680,22.13,-0.86304792187146,MSFT
2014-10-14,21.97,22.48,21.66,21.83,38097300,21.75,0.18327605956472,MSFT
2014-10-15,21.1,21.49,20.2,21.32,60188290,21.83,-1.1662474273954,MSFT
2014-10-16,20.63,21.18,20.32,20.84,49007120,21.32,-1.1105969458584,MSFT
2014-10-17,21.3,22.035,20.89,21.73,40654940,20.84,2.0823584464202,MSFT
2014-10-20,21.16,22.24,20.91,22.18,34523930,21.73,1.0314004125602,MSFT
2014-10-21,22.46,23.075,22.29,22.98,36234890,22.18,1.8148820326679,MSFT
2014-10-22,23.1,23.17,22.325,22.48,33570230,22.98,-1.1140819964349,MSFT
2014-10-23,22.72,23.545,22.63,23.12,43844860,22.48,1.4420910319964,MSFT
2014-10-24,24.93,25.0,23.28,24.23,61053110,23.12,2.4655708573967,MSFT
2014-10-27,23.81,24.2,23.81,24.01,30319900,24.23,-0.47691307175375,MSFT
2014-10-28,23.96,24.6,23.87,24.59,29001420,24.01,1.2633413199739,MSFT
2014-10-29,24.54,24.8,24.44,24.72,30274720,24.59,0.27963002796299,MSFT
2014-10-30,24.42,24.42,23.87,24.15,30040850,24.72,-1.2226512226512,MSFT
2014-10-31,25.04,25.07,24.58,25.05,35826980,24.15,1.9543973941368,MSFT
2014-11-03,24.99,25.56,24.83,25.54,23078100,25.05,1.0436634717785,MSFT
2014-11-04,25.401,25.83,25.35,25.67,21287870,25.54,0.27403035413154,MSFT
2014-11-05,25.9,26.0,25.36,25.96,22447160,25.67,0.60962791675426,MSFT
2014-11-06,25.96,26.96,25.89,26.8,33033070,25.96,1.7551190973673,MSFT
2014-11-07,27.02,27.02,26.3901,26.78,27987700,26.8,-0.041067761806988,MSFT
2014-11-10,26.75,27.25,26.65,26.99,36364840,26.78,0.43138866064092,MSFT
2014-11-11,26.95,27.03,26.745,26.97,22180480,26.99,-0.040908161178161,MSFT
2014-11-12,26.66,27.02,26.62,26.88,22721330,26.97,-0.18416206261509,MSFT
2014-11-13,26.91,27.745,26.805,27.71,26207930,26.88,1.7015170151701,MSFT
2014-11-14,27.84,28.145,27.49,27.68,29074940,27.71,-0.060471679096959,MSFT
2014-11-17,27.51,27.805,27.24,27.56,30309630,27.68,-0.24203307785397,MSFT
2014-11-18,27.54,27.735,27.11,27.15,23938060,27.56,-1.4557217953902,MSFT
2014-11-19,27.07,27.1649,26.34,26.63,26166200,27.15,-1.0668855149774,MSFT
2014-11-20,26.41,27.11,26.28,27.11,21486310,26.63,0.99543757776857,MSFT
2014-11-21,27.43,27.46,25.98,26.39,42867970,27.11,-1.4784394250513,MSFT
2014-11-24,26.4,26.41,25.8,26.0,34266860,26.39,-0.81283868278448,MSFT
2014-11-25,26.07,26.38,25.86,25.88,27951120,26.0,-0.25215381382644,MSFT
2014-11-26,25.9,26.4,25.69,26.16,27162850,25.88,0.58984621866442,MSFT
2014-11-28,26.36,26.605,26.02,26.22,21534430,26.16,0.12565445026178,MSFT
2014-12-01,26.29,27.19,26.12,27.03,31187680,26.22,1.6942062330056,MSFT
2014-12-02,27.25,27.46,26.61,26.87,25768100,27.03,-0.32908268202385,MSFT
2014-12-03,26.85,26.91,26.215,26.49,23528130,26.87,-0.7841518778374,MSFT
2014-12-04,26.8,27.47,26.61,27.25,30342050,26.49,1.5806988352746,MSFT
2014-12-05,27.23,27.38,26.79,26.83,26705270,27.25,-0.85995085995086,MSFT
2014-12-08,26.67,26.76,25.855,26.105,26652610,26.83,-1.4973151590252,MSFT
2014-12-09,25.52,26.33,25.46,26.0,24326090,26.105,-0.2201488625642,MSFT
2014-12-10,25.99,26.07,25.1101,25.31,30284690,26.0,-1.449884429502,MSFT
2014-12-11,25.49,26.15,25.09,25.58,29060360,25.31,0.57569296375267,MSFT
2014-12-12,25.19,26.14,25.08,25.36,34247280,25.58,-0.46639813440746,MSFT
2014-12-15,25.61,26.08,24.96,25.08,29213490,25.36,-0.59637912673057,MSFT
2014-12-16,24.31,24.75,23.54,23.57,47764300,25.08,-3.2354831797729,MSFT
2014-12-17,23.46,24.355,23.31,24.15,34967260,23.57,1.2843224092117,MSFT
2014-12-18,24.99,25.93,24.7486,25.93,40031480,24.15,3.8915609969392,MSFT
2014-12-19,26.04,26.51,25.58,26.07,64504160,25.93,0.29461279461278,MSFT
2014-12-22,26.19,26.53,26.12,26.39,26561880,26.07,0.67142257658414,MSFT
2014-12-23,26.78,27.21,26.54,26.86,23654190,26.39,0.97957482284286,MSFT
2014-12-24,27.05,27.05,26.49,26.55,11442790,26.86,-0.63983488132095,MSFT
2014-12-26,26.82,26.82,26.23,26.29,13197120,26.55,-0.54009140008309,MSFT
2014-12-29,26.11,26.19,25.67,25.86,14417170,26.29,-0.89807852965748,MSFT
2014-12-30,25.85,26.03,25.25,25.43,16380820,25.86,-0.90621707060063,MSFT
2014-12-31,25.14,25.85,24.86,24.86,21551090,25.43,-1.2122501063377,MSFT
2015-01-02,25.07,25.83,24.95,25.17,27843560,24.86,0.66738428417652,MSFT
2015-01-05,24.78,25.14,24.66,24.735,39667400,25.17,-0.93028229255773,MSFT
2015-01-06,24.79,25.159,23.95,24.06,36434980,24.735,-1.4570966001079,MSFT
2015-01-07,24.39,24.87,23.9,24.64,29103920,24.06,1.2705366922234,MSFT
2015-01-08,25.16,26.1599,25.13,26.0,29634030,24.64,2.9418126757517,MSFT
2015-01-09,26.02,26.23,25.31,25.6,23942750,26.0,-0.84051271275479,MSFT
2015-01-12,25.83,25.95,24.77,25.01,23623970,25.6,-1.2502648866285,MSFT
2015-01-13,25.38,26.32,24.47,24.765,35258300,25.01,-0.52575107296138,MSFT
2015-01-14,24.37,24.65,24.03,24.365,29713190,24.765,-0.86290583540071,MSFT
2015-01-15,24.63,24.79,23.82,23.89,32744260,24.365,-1.033619845501,MSFT
2015-01-16,23.72,24.69,23.58,24.65,35683380,23.89,1.6710642040457,MSFT
2015-01-20,24.71,25.06,23.98,24.8,36121800,24.65,0.32439446366782,MSFT
2015-01-21,24.35,24.55,23.89,24.33,37113740,24.8,-1.0131493856435,MSFT
2015-01-22,24.79,25.545,24.49,25.54,35842790,24.33,2.6350174216028,MSFT
2015-01-23,25.77,25.8,25.21,25.59,26136690,25.54,0.10608953957139,MSFT
2015-01-26,25.41,25.5439,24.6499,25.42,40995700,25.59,-0.36032217041119,MSFT
2015-01-27,21.36,21.61,20.515,21.07,169115000,25.42,-9.2533503509892,MSFT
2015-01-28,21.15,21.2,19.57,19.6,84453280,21.07,-3.4458509142053,MSFT
2015-01-29,19.34,20.53,19.2,20.42,63551980,19.6,1.9907744598203,MSFT
2015-01-30,19.96,19.99,18.76,18.81,77983360,20.42,-3.8324208521781,MSFT
2015-02-02,19.0,19.78,18.64,19.69,50274250,18.81,2.1782178217822,MSFT
2015-02-03,20.04,20.34,19.455,20.01,52068450,19.69,0.77519379844961,MSFT
2015-02-04,20.35,20.62,19.77,20.25,41585310,20.01,0.57692307692308,MSFT
2015-02-05,20.63,21.05,20.265,20.86,36543020,20.25,1.4579349904398,MSFT
2015-02-06,21.09,21.2,20.56,20.82,34612420,20.86,-0.094228504122512,MSFT
2015-02-09,20.65,21.15,20.62,20.77,27416280,20.82,-0.11789672247111,MSFT
2015-02-10,21.15,21.18,20.59,21.01,29655280,20.77,0.56657223796034,MSFT
2015-02-11,21.06,21.06,20.62,20.79,38248500,21.01,-0.51643192488263,MSFT
2015-02-12,21.07,21.5,20.92,21.5,33238000,20.79,1.6753185464842,MSFT
2015-02-13,21.79,22.28,21.56,22.28,40112080,21.5,1.8101647714087,MSFT
2015-02-17,22.69,22.72,21.91,22.3,33692870,22.28,-0.6610439936175,MSFT
2015-02-18,22.35,22.42,22.11,22.25,27105640,22.3,-0.11473152822395,MSFT
2015-02-19,21.9,22.2463,21.77,22.22,27598050,22.25,-0.068917987594765,MSFT
2015-02-20,22.23,22.6,22.01,22.575,29710140,22.22,0.81609195402298,MSFT
2015-02-23,22.42,22.91,22.37,22.87,32510550,22.575,0.67267130315814,MSFT
2015-02-24,22.87,23.02,22.64,22.81,25262080,22.87,-0.13590033975084,MSFT
2015-02-25,22.67,22.81,22.52,22.71,29749090,22.81,-0.22680880018145,MSFT
2015-02-26,22.71,22.95,22.61,22.775,26524300,22.71,0.14776085473971,MSFT
2015-02-27,22.85,22.92,22.38,22.57,33784370,22.775,-0.46532743161956,MSFT
2015-03-02,22.39,22.91,22.27,22.6,31766030,22.57,0.068415051311291,MSFT
2015-03-03,22.28,22.545,21.81,22.0,31685600,22.6,-1.3673655423883,MSFT
2015-03-04,21.73,21.93,21.6,21.775,25746840,22.0,-0.51987060998152,MSFT
2015-03-05,21.79,21.96,21.54,21.83,23176110,21.775,0.12774358378818,MSFT
2015-03-06,21.72,21.83,20.87,21.08,36120570,21.83,-1.7397355601949,MSFT
2015-03-09,20.91,21.845,20.91,21.57,32106530,21.08,1.1567516525024,MSFT
2015-03-10,21.07,21.43,20.75,20.75,39158290,21.57,-1.9136522753792,MSFT
2015-03-11,21.03,21.09,20.56,20.7,32214780,20.75,-0.11896264572925,MSFT
2015-03-12,20.05,20.37,19.58,19.74,59984700,20.7,-2.2868032396379,MSFT
2015-03-13,19.42,20.19,19.33,20.1,57972120,19.74,0.87762067284251,MSFT
2015-03-16,20.19,20.36,20.0,20.28,35257510,20.1,0.43499275012083,MSFT
2015-03-17,20.09,20.55,19.87,20.415,31669340,20.28,0.32483156881616,MSFT
2015-03-18,20.15,21.55,20.05,21.22,44178520,20.415,1.9306871327497,MSFT
2015-03-19,20.98,21.31,20.94,21.005,33836100,21.22,-0.50588235294118,MSFT
2015-03-20,21.28,21.7,21.21,21.6,71754700,21.005,1.4071183634859,MSFT
2015-03-23,21.6,21.85,21.5,21.575,26233420,21.6,-0.058302238805983,MSFT
2015-03-24,21.5,21.89,21.47,21.62,25453110,21.575,0.10500525026252,MSFT
2015-03-25,21.64,21.645,20.16,20.18,43427180,21.62,-3.3566433566434,MSFT
2015-03-26,19.94,20.33,19.64,19.93,37483900,20.18,-0.60299083453931,MSFT
2015-03-27,19.84,20.15,19.55,19.69,33980410,19.93,-0.58238291676778,MSFT
2015-03-30,19.82,20.26,19.63,19.68,34999850,19.69,-0.024408103490354,MSFT
2015-03-31,19.5,19.75,19.26,19.375,34884740,19.68,-0.74462890625,MSFT
2015-04-01,19.32,19.48,19.03,19.44,36841010,19.375,0.15988193334153,MSFT
2015-04-02,19.38,19.46,18.84,19.01,37483000,19.44,-1.0559921414538,MSFT
2015-04-06,19.06,20.5,18.9,20.265,39161760,19.01,3.1149168528171,MSFT
2015-04-07,20.33,20.63,20.03,20.25,28808840,20.265,-0.036105427849321,MSFT
2015-04-08,20.18,20.41,19.76,20.14,24699710,20.25,-0.26486876956417,MSFT
2015-04-09,19.97,20.34,19.97,20.2,25722630,20.14,0.14485755673586,MSFT
2015-04-10,20.35,20.67,20.13,20.44,27856770,20.2,0.57859209257474,MSFT
2015-04-13,20.12,20.78,20.11,20.48,30270750,20.44,0.095877277085329,MSFT
2015-04-14,20.52,20.75,20.11,20.37,24238760,20.48,-0.26340996168582,MSFT
2015-04-15,20.48,21.18,20.4,20.975,27307270,20.37,1.452581032413,MSFT
2015-04-16,20.67,21.06,20.54,20.88,22425300,20.975,-0.22482546444209,MSFT
2015-04-17,20.39,20.46,19.88,20.335,41912450,20.88,-1.2926944971537,MSFT
2015-04-20,20.45,21.89,20.4,21.625,46051240,20.335,3.0998438063198,MSFT
2015-04-21,21.72,21.87,21.25,21.355,26004920,21.625,-0.62929728469876,MSFT
2015-04-22,21.39,21.85,21.27,21.705,25032050,21.355,0.82092177788203,MSFT
2015-04-23,21.61,22.33,21.52,22.06,45445510,21.705,0.82586948935676,MSFT
2015-04-24,24.38,26.86,24.37,26.59,130885200,22.06,10.452238117213,MSFT
2015-04-27,25.95,26.85,25.94,26.75,58950840,26.59,0.33423856277419,MSFT
2015-04-28,26.5,27.93,26.42,27.875,59860670,26.75,2.3422860712055,MSFT
2015-04-29,27.44,28.03,27.22,27.78,47665440,27.875,-0.19326619875903,MSFT
2015-04-30,27.42,28.26,27.32,27.36,64127280,27.78,-0.85609457806768,MSFT
2015-05-01,27.3,27.595,27.12,27.375,36432670,27.36,0.030838815789475,MSFT
2015-05-04,27.09,27.59,26.9,26.96,33986240,27.375,-0.8529441989518,MSFT
2015-05-05,26.54,26.88,26.03,26.32,50364250,26.96,-1.3266998341625,MSFT
2015-05-06,26.29,26.49,24.74,25.0,52416760,26.32,-2.7731092436975,MSFT
2015-05-07,24.99,25.805,24.88,25.42,32940820,25.0,0.90751944684529,MSFT
2015-05-08,26.27,26.7,26.24,26.47,35060430,25.42,2.2483940042826,MSFT
2015-05-11,26.27,26.63,26.09,26.09,24608910,26.47,-0.79581151832461,MSFT
2015-05-12,25.57,26.4,25.14,26.07,29927160,26.09,-0.042220814861718,MSFT
2015-05-13,26.91,27.04,26.29,26.345,34182750,26.07,0.58078141499472,MSFT
2015-05-14,26.75,27.54,26.75,27.44,32956260,26.345,2.2992125984252,MSFT
2015-05-15,27.62,27.625,26.77,27.015,28613529,27.44,-0.8723316912972,MSFT
2015-05-18,26.7,26.94,26.33,26.73,23918020,27.015,-0.59012320115955,MSFT
2015-05-19,26.59,26.84,26.21,26.61,28181300,26.73,-0.89564674026244,MSFT
2015-05-20,26.42,26.96,26.3,26.61,25035330,26.61,0.0,MSFT
2015-05-21,26.31,26.63,26.035,26.45,22399100,26.61,-0.3362757461118,MSFT
2015-05-22,26.33,26.38,25.85,25.93,25700240,26.45,-1.0965837199494,MSFT
2015-05-26,25.86,25.91,25.22,25.62,29556430,25.93,-0.66098081023453,MSFT
2015-05-27,25.85,26.8,25.65,26.64,27333730,25.62,2.1893110109465,MSFT
2015-05-28,26.53,27.05,26.42,26.48,19282810,26.64,-0.3360638521319,MSFT
2015-05-29,26.46,26.6,25.62,25.89,36497290,26.48,-1.2434141201265,MSFT
2015-06-01,26.09,26.8,25.65,26.26,28610080,25.89,0.7895860008536,MSFT
2015-06-02,25.96,26.38,25.65,25.95,21484660,26.26,-0.65636248147363,MSFT
2015-06-03,26.4,26.765,25.85,25.88,28000370,25.95,-0.14919011082694,MSFT
2015-06-04,25.82,26.19,25.23,25.39,27474500,25.88,-1.0458911419424,MSFT
2015-06-05,25.34,25.55,24.87,25.17,25434870,25.39,-0.47454702329594,MSFT
2015-06-08,25.33,25.46,24.7,24.76,22108100,25.17,-0.88859991330733,MSFT
2015-06-09,24.79,24.97,24.49,24.68,24395800,24.76,-0.1749398644216,MSFT
2015-06-10,24.82,25.86,24.72,25.64,28416030,24.68,2.1029572836802,MSFT
2015-06-11,25.69,25.95,25.16,25.47,27290100,25.64,-0.36472859901309,MSFT
2015-06-12,25.25,25.5,24.93,25.0,23916080,25.47,-1.0120585701981,MSFT
2015-06-15,24.48,24.68,24.0501,24.505,33227000,25.0,-1.0767892103546,MSFT
2015-06-16,24.38,25.27,24.33,24.86,26895950,24.505,0.78064870808136,MSFT
2015-06-17,24.76,25.1,24.39,25.0,28683290,24.86,0.30547676194632,MSFT
2015-06-18,25.25,25.83,25.2,25.75,32586480,25.0,1.6314988035675,MSFT
2015-06-19,25.82,25.855,25.02,25.13,63733110,25.75,-1.3270547945205,MSFT
2015-06-22,25.36,25.75,25.19,25.26,20300480,25.13,0.2819956616052,MSFT
2015-06-23,25.16,25.31,24.65,24.94,25881850,25.26,-0.69219121782392,MSFT
2015-06-24,24.7,25.275,24.58,24.665,34849400,24.94,-0.59899803964278,MSFT
2015-06-25,25.06,25.09,24.53,24.68,20599990,24.665,0.032869508053031,MSFT
2015-06-26,24.68,25.31,24.06,24.29,49757070,24.68,-0.85432639649507,MSFT
2015-06-29,24.07,24.26,23.39,23.4,34004400,24.29,-1.9664162615996,MSFT
2015-06-30,23.74,23.75,22.97,23.18,35943040,23.4,-0.49583051611449,MSFT
2015-07-01,23.49,24.26,23.13,23.475,28339610,23.18,0.66817667044168,MSFT
2015-07-02,23.51,23.78,23.09,23.43,21709502,23.475,-0.10124873439082,MSFT
2015-07-06,22.99,23.51,22.98,23.42,23025750,23.43,-0.022522522522518,MSFT
2015-07-07,23.37,23.52,22.35,23.33,36420230,23.42,-0.20274836674928,MSFT
2015-07-08,23.47,23.93,23.06,23.27,39761460,23.33,-0.1354401805869,MSFT
2015-07-09,23.78,24.25,23.53,23.55,32404100,23.27,0.63291139240507,MSFT
2015-07-10,24.13,24.17,23.6,23.64,25465757,23.55,0.2021563342318,MSFT
2015-07-13,24.005,24.65,23.9801,24.57,27875670,23.64,2.0847343644923,MSFT
2015-07-14,24.48,24.99,24.34,24.65,22865770,24.57,0.17566974088713,MSFT
2015-07-15,24.71,24.92,24.46,24.79,26619810,24.65,0.30688294607628,MSFT
2015-07-16,25.04,25.72,24.995,25.69,26254220,24.79,1.9667832167832,MSFT
2015-07-17,25.62,25.81,25.29,25.65,29467107,25.69,-0.085726532361764,MSFT
2015-07-20,25.68,26.16,25.47,25.95,30607770,25.65,0.64350064350065,MSFT
2015-07-21,25.81,26.36,25.51,26.31,42211210,25.95,0.76726342710997,MSFT
2015-07-22,24.47,25.96,24.233,24.57,59039160,26.31,-3.6802030456853,MSFT
2015-07-23,24.3,25.26,24.13,25.14,33708200,24.57,1.2516469038208,MSFT
2015-07-24,25.02,25.35,24.83,24.97,32302130,25.14,-0.36868358273694,MSFT
2015-07-27,24.97,25.04,24.28,24.38,39472930,24.97,-1.284283848498,MSFT
2015-07-28,24.61,24.669,23.82,24.37,34309080,24.38,-0.022050716648287,MSFT
2015-07-29,24.43,25.81,24.29,25.32,40924210,24.37,2.0952801058668,MSFT
2015-07-30,25.29,26.43,24.96,25.91,39755700,25.32,1.2745733419745,MSFT
2015-07-31,26.4,26.4,25.53,25.73,31201480,25.91,-0.3839590443686,MSFT
2015-08-03,26.01,26.03,25.48,25.84,23919340,25.73,0.2355460385439,MSFT
2015-08-04,25.78,26.74,25.71,26.57,33306110,25.84,1.5594958342234,MSFT
2015-08-05,27.01,27.44,26.57,26.61,27003740,26.57,0.084139671855278,MSFT
2015-08-06,26.74,26.8,25.36,25.65,27344040,26.61,-2.0176544766709,MSFT
2015-08-07,25.42,25.81,25.29,25.77,19028900,25.65,0.25740025740027,MSFT
2015-08-10,25.98,26.52,25.87,26.36,23045530,25.77,1.2623020967052,MSFT
2015-08-11,25.85,25.97,24.93,25.44,28757610,26.36,-1.9437988590746,MSFT
2015-08-12,25.22,25.93,24.735,25.77,30184710,25.44,0.71105365223013,MSFT
2015-08-13,26.09,26.13,25.52,25.76,22612650,25.77,-0.021394950791624,MSFT
2015-08-14,25.57,26.13,25.55,26.03,21425817,25.76,0.57778728867966,MSFT
2015-08-17,25.84,26.48,25.6,26.35,21039660,26.03,0.68085106382979,MSFT
2015-08-18,26.18,26.77,26.04,26.61,23572990,26.35,-0.10566356720202,MSFT
2015-08-19,26.12,26.42,25.64,25.95,31472060,26.61,-1.3962343981384,MSFT
2015-08-20,25.41,25.81,25.0,25.0,36176380,25.95,-2.038189229779,MSFT
2015-08-21,24.54,24.82,22.41,22.41,69388734,25.0,-5.6723609286027,MSFT
2015-08-24,19.79,22.65,19.06,21.02,88489910,22.41,-3.2273043882052,MSFT
2015-08-25,21.905,22.58,19.73,19.81,70369920,21.02,-2.9030710172745,MSFT
2015-08-26,21.35,22.18,20.4,22.05,63297300,19.81,5.5349641709909,MSFT
2015-08-27,22.57,23.29,22.265,23.24,50612610,22.05,2.7862327323812,MSFT
2015-08-28,22.81,23.49,22.73,23.27,24905782,23.24,0.068337129840549,MSFT
2015-08-31,22.9,23.27,22.44,22.86,34434480,23.27,-0.93330298201684,MSFT
2015-09-01,21.51,21.93,21.0,21.16,49682210,22.86,-3.90625,MSFT
2015-09-02,21.7,22.72,21.22,22.7,37624230,21.16,3.6824485891918,MSFT
2015-09-03,22.75,23.32,22.62,22.84,28206410,22.7,0.32287822878229,MSFT
2015-09-04,22.15,22.38,21.535,21.95,37138775,22.84,-2.0459770114943,MSFT
2015-09-08,22.64,23.34,22.54,23.23,32411680,21.95,3.0039896737855,MSFT
2015-09-09,23.55,23.74,22.25,22.41,33448580,23.23,-1.868307131465,MSFT
2015-09-10,22.46,23.13,22.085,22.63,31313520,22.41,0.51079637798932,MSFT
2015-09-11,22.48,22.93,22.2799,22.82,26840584,22.63,0.43890043890043,MSFT
2015-09-14,22.77,22.78,22.2,22.38,23654490,22.82,-1.0119595216191,MSFT
2015-09-15,22.53,23.63,22.42,23.32,28831030,22.38,2.1840148698885,MSFT
2015-09-16,23.31,23.72,23.18,23.64,23337620,23.32,0.72760345611642,MSFT
2015-09-17,23.63,24.34,23.42,23.59,29908540,23.64,-0.11286681715575,MSFT
2015-09-18,22.96,23.33,22.67,22.82,62913085,23.59,-1.7401129943503,MSFT
2015-09-21,22.96,23.81,22.94,23.45,26084680,22.82,1.4489420423183,MSFT
2015-09-22,22.72,23.39,22.65,23.24,28060540,23.45,-0.4760825209703,MSFT
2015-09-23,23.27,23.51,22.85,23.21,17099600,23.24,-0.068337129840549,MSFT
2015-09-24,22.79,23.47,22.61,23.25,27867010,23.21,0.091178481878275,MSFT
2015-09-25,23.82,24.07,23.1,23.28,29378050,23.25,0.068321566841269,MSFT
2015-09-28,23.17,23.425,22.545,22.63,27454240,23.28,-1.4792899408284,MSFT
2015-09-29,22.71,22.91,22.39,22.78,32748610,22.63,0.34650034650034,MSFT
2015-09-30,23.22,23.64,23.0,23.6,34944070,22.78,1.8876611418048,MSFT
2015-10-01,24.09,24.09,23.09,23.95,28564790,23.6,0.79078174423859,MSFT
2015-10-02,23.61,24.91,23.26,24.91,41789610,23.95,2.1519838601211,MSFT
2015-10-05,25.085,26.23,25.04,25.97,33546080,24.91,2.3260917270134,MSFT
2015-10-06,25.67,26.515,25.56,26.09,27504360,25.97,0.25734505683036,MSFT
2015-10-07,26.44,26.69,25.29,26.14,27695610,26.09,0.10695187165775,MSFT
2015-10-08,25.9,26.855,25.84,26.79,33733860,26.14,1.3888888888889,MSFT
2015-10-09,26.79,26.88,26.26,26.45,28581690,26.79,-0.71654373024237,MSFT
2015-10-12,26.32,26.41,25.84,26.34,19756420,26.45,-0.23349607302059,MSFT
2015-10-13,25.9,26.4699,25.9,26.23,19985330,26.34,-0.23404255319149,MSFT
2015-10-14,25.99,26.44,25.87,26.02,24693460,26.23,-0.44785668586053,MSFT
2015-10-15,26.35,26.37,25.87,26.35,27155510,26.02,0.70694087403599,MSFT
2015-10-16,26.36,26.88,26.237,26.85,25845550,26.35,1.0636034886194,MSFT
2015-10-19,26.76,27.22,26.36,26.96,29357660,26.85,0.23153020416754,MSFT
2015-10-20,26.78,27.15,26.36,27.11,30794100,26.96,0.31499370012601,MSFT
2015-10-21,27.26,27.33,26.45,26.54,25222760,27.11,-1.1932175005233,MSFT
2015-10-22,26.87,28.29,26.43,27.37,55888280,26.54,1.7584745762712,MSFT
2015-10-23,31.64,33.41,31.59,32.21,135152900,27.37,10.077035186342,MSFT
2015-10-26,31.87,33.66,31.84,33.59,64541790,32.21,2.6101759031587,MSFT
2015-10-27,33.33,33.71,32.92,33.03,50959580,33.59,-1.0322580645161,MSFT
2015-10-28,32.88,33.32,32.2,33.32,46948360,33.03,0.54013782827342,MSFT
2015-10-29,32.88,33.17,32.56,32.7,30109050,33.32,-1.1485735457577,MSFT
2015-10-30,32.66,33.33,31.96,31.98,46602700,32.7,-1.3493253373313,MSFT
2015-11-02,32.19,32.7,31.96,32.58,30229020,31.98,1.1398176291793,MSFT
2015-11-03,32.27,33.73,32.24,33.49,36584100,32.58,1.7092411720511,MSFT
2015-11-04,33.52,34.22,33.4,33.74,37084780,33.49,0.46168051708218,MSFT
2015-11-05,33.83,34.04,33.34,33.72,31466080,33.74,-0.036764705882346,MSFT
2015-11-06,33.425,34.32,33.304,34.26,32835100,33.72,0.993012136815,MSFT
2015-11-09,33.89,34.21,32.9,33.5,32498870,34.26,-1.3838310269483,MSFT
2015-11-10,33.41,33.47,32.61,32.85,55268090,33.5,-1.2001477104874,MSFT
2015-11-11,33.04,33.54,32.8,32.99,34010630,32.85,0.2616333395627,MSFT
2015-11-12,32.82,33.3191,32.53,32.66,35304350,32.99,-0.61509785647716,MSFT
2015-11-13,32.41,32.63,31.87,32.18,36796370,32.66,-0.90022505626406,MSFT
2015-11-16,32.42,33.23,32.19,33.105,31944340,32.18,1.7505677517032,MSFT
2015-11-17,32.87,33.23,32.55,32.67,31546750,33.105,-1.4786571189436,MSFT
2015-11-18,32.7,33.68,32.6799,33.55,29125950,32.67,1.6613177270153,MSFT
2015-11-19,33.69,34.36,33.481,33.64,28141820,33.55,0.16713091922005,MSFT
2015-11-20,33.95,34.0,32.965,33.89,37106670,33.64,0.46347793845013,MSFT
2015-11-23,33.95,34.16,33.45,33.89,28218110,33.89,0.0,MSFT
2015-11-24,33.62,34.14,33.28,33.95,24589530,33.89,0.11072153533863,MSFT
2015-11-25,33.79,33.93,33.39,33.39,20987820,33.95,-1.0322580645161,MSFT
2015-11-27,33.5,33.78,33.49,33.63,9009132,33.39,0.44701061650215,MSFT
2015-11-30,34.24,34.66,33.6999,34.05,54403560,33.63,0.77878731689227,MSFT
2015-12-01,34.11,34.93,34.0,34.92,39912320,34.05,1.6007359705612,MSFT
2015-12-02,35.02,35.66,34.76,34.91,47249030,34.92,-0.018109380659178,MSFT
2015-12-03,35.19,35.47,33.63,33.9,38625370,34.91,-1.8293787357363,MSFT
2015-12-04,33.8,35.93,33.8,35.61,43924469,33.9,3.1549815498155,MSFT
2015-12-07,35.49,35.67,34.99,35.51,30704980,35.61,-0.1788588803434,MSFT
2015-12-08,35.17,35.8,34.69,35.49,32752860,35.51,-0.035835871707585,MSFT
2015-12-09,35.07,35.57,34.21,34.68,36359780,35.49,-1.4518730955368,MSFT
2015-12-10,35.09,35.355,34.71,34.97,31771820,34.68,0.5274645325573,MSFT
2015-12-11,34.16,34.8,33.71,33.76,39481126,34.97,-2.1892527591822,MSFT
2015-12-14,34.03,34.91,33.38,34.84,46963970,33.76,1.9977802441731,MSFT
2015-12-15,35.36,35.6,34.79,34.9,39678290,34.84,0.10881392818281,MSFT
2015-12-16,35.24,35.945,34.46,35.83,37473420,34.9,1.6847826086957,MSFT
2015-12-17,36.06,36.49,35.2348,35.4,41244620,35.83,-0.76607874576875,MSFT
2015-12-18,35.39,35.7,33.73,33.83,84684164,35.4,-2.818671454219,MSFT
2015-12-21,34.58,35.05,33.9262,34.53,37221910,33.83,1.2931830777757,MSFT
2015-12-22,34.69,35.18,34.2,35.05,28305310,34.53,0.94838592011673,MSFT
2015-12-23,35.4,35.58,35.14,35.52,27269200,35.05,0.84914182475158,MSFT
2015-12-24,35.56,35.66,35.13,35.37,9546971,35.52,-0.2687208885704,MSFT
2015-12-28,35.05,35.65,34.68,35.65,21704030,35.37,0.50296389437758,MSFT
2015-12-29,35.99,36.55,35.76,36.25,27727810,35.65,1.0723860589812,MSFT
2015-12-30,36.17,36.48,35.9875,36.01,21690270,36.25,-0.42440318302386,MSFT
2015-12-31,35.78,35.89,35.12,35.18,27157555,36.01,-1.4739833066951,MSFT
2016-01-04,34.02,34.5,33.09,34.5,53209740,35.18,-1.2256669069935,MSFT
2016-01-05,34.63,35.09,34.24,34.75,34059040,34.5,0.45620437956204,MSFT
2016-01-06,34.02,34.1001,33.34,33.75,39498780,34.75,-1.8165304268847,MSFT
2016-01-07,32.4,33.185,31.77,31.87,56497950,33.75,-3.4782608695652,MSFT
2016-01-08,32.15,32.98,31.85,32.03,48297272,31.87,0.30668966839179,MSFT
2016-01-11,32.21,32.55,31.16,32.0,36889200,32.03,-0.057328492260656,MSFT
2016-01-12,32.46,32.8,31.76,32.48,36061760,32.0,0.91778202676865,MSFT
2016-01-13,33.5,33.77,31.0038,31.34,66862860,32.48,-2.1599090564608,MSFT
2016-01-14,31.7,33.1163,31.27,32.81,52227000,31.34,2.8466305189775,MSFT
2016-01-15,31.01,31.67,30.04,30.69,71037400,32.81,-3.9917153078516,MSFT
2016-01-19,31.18,31.38,29.76,30.26,43484630,30.69,-0.84330260835458,MSFT
2016-01-20,29.68,31.08,28.8,30.49,63249630,30.26,0.45490506329113,MSFT
2016-01-21,30.88,31.28,30.0,30.18,39785110,30.49,-0.61035636936405,MSFT
2016-01-22,31.25,32.03,30.96,31.99,37555789,30.18,3.5855784469097,MSFT
2016-01-25,31.64,32.35,31.35,31.49,34654900,31.99,-0.95620577548288,MSFT
2016-01-26,31.49,32.14,31.25,31.87,28768620,31.49,0.73373238076849,MSFT
2016-01-27,31.71,31.9,30.7201,30.92,36647310,31.87,-1.8209699060763,MSFT
2016-01-28,31.56,31.91,30.95,31.755,61275100,30.92,1.6302225693089,MSFT
2016-01-29,34.32,34.79,33.7,34.79,83611686,31.755,5.8303717222169,MSFT
2016-02-01,34.58,34.79,34.195,34.41,44172930,34.79,-0.68978035941188,MSFT
2016-02-02,33.87,33.96,32.35,32.7,55388320,34.41,-3.1255711935661,MSFT
2016-02-03,32.95,33.09,30.96,31.86,57526850,32.7,-1.5849056603774,MSFT
2016-02-04,31.8,32.51,31.07,31.7,46967100,31.86,-0.30674846625766,MSFT
2016-02-05,31.64,31.7,29.26,29.86,61594392,31.7,-3.5384615384615,MSFT
2016-02-08,29.25,29.27,27.89,29.11,58393070,29.86,-1.4952153110048,MSFT
2016-02-09,28.72,29.94,28.37,28.98,46589450,29.11,-0.26310463468932,MSFT
2016-02-10,29.59,30.09,29.22,29.41,38220450,28.98,0.87256493506493,MSFT
2016-02-11,28.38,29.81,28.21,29.39,48855890,29.41,-0.040233353450016,MSFT
2016-02-12,29.95,30.38,29.45,30.2,34243324,29.39,1.6301066613001,MSFT
2016-02-16,30.96,31.15,30.19,31.15,36460400,30.2,1.1683168316832,MSFT
2016-02-17,31.55,32.83,31.51,32.48,40779580,31.15,2.6032491681347,MSFT
2016-02-18,32.39,33.01,32.16,32.25,27016950,32.48,-0.43876383059902,MSFT
2016-02-19,32.04,32.34,31.59,31.88,33559073,32.25,-0.70894807434374,MSFT
2016-02-22,32.34,33.06,32.34,32.71,24992030,31.88,1.6016981860286,MSFT
2016-02-23,32.4,32.43,31.04,31.24,28866480,32.71,-2.7920227920228,MSFT
2016-02-24,30.75,31.56,30.26,31.42,32918630,31.24,0.35169988276671,MSFT
2016-02-25,31.79,32.16,30.67,32.16,26906570,31.42,1.4408099688474,MSFT
2016-02-26,32.61,32.74,31.16,31.36,35975925,32.16,-1.5355086372361,MSFT
2016-02-29,31.41,31.71,30.72,30.94,31632160,31.36,-0.81871345029239,MSFT
2016-03-01,31.03,32.65,30.9799,32.64,32999880,30.94,3.3411949685535,MSFT
2016-03-02,32.47,33.02,32.215,33.01,29269240,32.64,0.70368961582352,MSFT
2016-03-03,33.03,33.03,31.84,32.41,24423260,33.01,-1.1331444759207,MSFT
2016-03-04,32.5,32.51,31.77,32.09,32860627,32.41,-0.61127029608405,MSFT
2016-03-07,31.62,31.86,30.64,31.09,38426220,32.09,-1.9219680953296,MSFT
2016-03-08,30.86,32.19,30.655,31.71,33822940,31.09,1.214971585342,MSFT
2016-03-09,31.95,32.91,31.915,32.9,28238270,31.71,2.3039690222653,MSFT
2016-03-10,32.99,33.0,31.22,32.11,38385600,32.9,-1.4950794852385,MSFT
2016-03-11,32.92,33.13,32.44,33.13,32275677,32.11,1.9596541786744,MSFT
2016-03-14,32.77,33.65,32.69,33.23,24079770,33.13,0.18843037497645,MSFT
2016-03-15,32.81,33.65,32.8,33.65,21011480,33.23,0.78991912732744,MSFT
2016-03-16,33.51,34.66,33.46,34.41,31679130,33.65,1.4181750326553,MSFT
2016-03-17,34.27,35.06,34.06,34.72,28193010,34.41,0.57037718491259,MSFT
2016-03-18,34.98,35.03,33.505,33.55,67625518,34.72,-2.1405049396268,MSFT
2016-03-21,33.31,33.9898,32.99,33.92,23920160,33.55,0.69171807814544,MSFT
2016-03-22,33.67,34.31,33.52,34.13,23105140,33.92,0.38989974006684,MSFT
2016-03-23,34.17,34.3,33.8,34.03,20123800,34.13,-0.18494544109488,MSFT
2016-03-24,33.9,34.39,33.79,34.27,18967510,34.03,0.44469149527516,MSFT
2016-03-28,34.27,34.35,33.39,33.6,17018120,34.27,-1.2359343294595,MSFT
2016-03-29,33.72,34.92,33.51,34.77,23913950,33.6,2.1852820321255,MSFT
2016-03-30,34.99,35.7,34.96,35.11,22992090,34.77,0.62145859989032,MSFT
2016-03-31,35.01,35.65,34.92,35.29,26353570,35.11,0.32697547683924,MSFT
2016-04-01,35.17,35.67,34.63,35.615,19946420,35.29,0.58844830707949,MSFT
2016-04-04,35.49,35.72,35.06,35.49,18908300,35.615,-0.2250022500225,MSFT
2016-04-05,35.25,35.36,34.52,34.62,19261620,35.49,-1.5695471766192,MSFT
2016-04-06,34.42,35.26,34.27,35.18,21072150,34.62,1.0263929618768,MSFT
2016-04-07,34.93,34.97,34.29,34.52,19221270,35.18,-1.1973875181422,MSFT
2016-04-08,34.73,35.34,34.38,34.48,22159630,34.52,-0.073448402497244,MSFT
2016-04-11,34.55,35.21,34.36,34.37,21400400,34.48,-0.202131569276,MSFT
2016-04-12,34.43,34.84,33.82,34.71,24874410,34.37,0.62603572086171,MSFT
2016-04-13,35.18,35.4975,34.95,35.41,20813640,34.71,1.2808783165599,MSFT
2016-04-14,35.28,35.635,35.13,35.42,20875260,35.41,0.018066847335136,MSFT
2016-04-15,35.36,35.98,35.17,35.71,28793753,35.42,0.52384393063584,MSFT
2016-04-18,35.55,36.65,35.27,36.52,23758570,35.71,1.455525606469,MSFT
2016-04-19,36.69,36.83,35.74,36.45,29566220,36.52,-0.12398157987956,MSFT
2016-04-20,36.35,36.56,35.545,35.65,36169280,36.45,-1.4186912573151,MSFT
2016-04-21,35.86,36.29,35.475,35.84,38182900,35.65,0.34178809138334,MSFT
2016-04-22,31.97,32.4897,30.83,31.84,126793100,35.84,-7.1710290426676,MSFT
2016-04-25,31.84,32.19,31.69,32.17,33124870,31.84,0.63731170336037,MSFT
2016-04-26,32.32,32.41,31.15,31.5,33513780,32.17,-1.2857417002495,MSFT
2016-04-27,31.54,31.56,30.61,31.0,43301480,31.5,-0.97200622083981,MSFT
2016-04-28,30.68,30.83,29.62,29.96,43108350,31.0,-2.0416175893208,MSFT
2016-04-29,29.41,30.31,29.41,29.93,48391580,29.96,-0.060120240480964,MSFT
2016-05-02,30.06,30.81,29.8399,30.67,33105170,29.93,1.4838580308803,MSFT
2016-05-03,30.4,30.47,29.66,29.84,26445230,30.67,-1.6399920964236,MSFT
2016-05-04,29.9,30.12,29.52,29.93,24249670,29.84,0.18079550020088,MSFT
2016-05-05,29.93,30.36,29.79,30.0,25386690,29.93,0.14036494886705,MSFT
2016-05-06,29.98,30.45,29.72,30.45,24772020,30.0,0.90108129755707,MSFT
2016-05-09,30.55,30.645,30.06,30.13,17883360,30.45,-0.63504663623735,MSFT
2016-05-10,30.39,31.16,30.25,31.08,22871860,30.13,1.8973437187937,MSFT
2016-05-11,31.19,31.84,31.06,31.11,24026140,31.08,0.058800470403752,MSFT
2016-05-12,31.26,31.87,30.98,31.57,24101640,31.11,0.90107737512243,MSFT
2016-05-13,31.5,31.955,31.1,31.14,22439560,31.57,-0.83478936128907,MSFT
2016-05-16,30.86,32.02,30.81,31.89,19962750,31.14,1.4682850430697,MSFT
2016-05-17,32.14,32.15,30.78,30.93,27790370,31.89,-2.5467875747637,MSFT
2016-05-18,30.9,31.56,30.72,31.23,24861480,30.93,0.59394179370423,MSFT
2016-05-19,30.89,31.04,30.24,30.74,23784750,31.23,-0.9643770911238,MSFT
2016-05-20,30.9,31.64,30.82,31.04,23770620,30.74,0.59618441971383,MSFT
2016-05-23,31.02,31.1,30.4,30.45,26110160,31.04,-1.1655472145397,MSFT
2016-05-24,31.12,32.13,30.82,32.01,34726410,30.45,3.1181291225265,MSFT
2016-05-25,32.34,32.91,32.21,32.54,24176970,32.01,1.0273308780771,MSFT
2016-05-26,32.35,32.3993,31.78,32.31,24308620,32.54,-0.44128933231005,MSFT
2016-05-27,32.34,32.74,32.19,32.74,17671620,32.31,0.82867604548082,MSFT
2016-05-31,32.68,33.42,32.5,33.42,37461550,32.74,1.2996941896024,MSFT
2016-06-01,32.86,33.37,32.86,33.27,25104350,33.42,-0.28301886792453,MSFT
2016-06-02,33.06,33.16,32.255,32.9,22682220,33.27,-0.70009460737938,MSFT
2016-06-03,32.8,32.84,32.02,32.21,23254530,32.9,-1.3147865853658,MSFT
2016-06-06,32.41,32.77,32.31,32.55,18137760,32.21,0.65649739331918,MSFT
2016-06-07,32.66,33.15,32.52,32.52,20798030,32.55,-0.057548436600808,MSFT
2016-06-08,32.44,32.86,32.29,32.46,21127190,32.52,-0.11516314779271,MSFT
2016-06-09,32.42,32.42,31.91,32.04,20303990,32.46,-0.80707148347425,MSFT
2016-06-10,31.47,32.47,31.46,31.9,25833020,32.04,-0.27121270825262,MSFT
2016-06-13,30.0,31.135,29.48,30.56,83206230,31.9,-2.6029526029526,MSFT
2016-06-14,30.32,30.52,29.99,30.25,42568290,30.56,-0.61826884722777,MSFT
2016-06-15,30.2,30.54,30.11,30.11,33718830,30.25,-0.28095524784267,MSFT
2016-06-16,29.94,30.89,29.9268,30.81,31104460,30.11,1.4087341517408,MSFT
2016-06-17,30.83,30.85,30.24,30.55,40561914,30.81,-0.51597539194284,MSFT
2016-06-20,31.06,31.25,30.45,30.49,35597220,30.55,-0.11968880909635,MSFT
2016-06-21,30.62,31.85,30.58,31.61,34075570,30.49,2.236868384262,MSFT
2016-06-22,31.5,31.88,31.3725,31.41,28801660,31.61,-0.39070130884938,MSFT
2016-06-23,31.7,32.48,31.57,32.33,28960330,31.41,1.8042753481075,MSFT
2016-06-24,30.24,31.36,29.94,30.25,133502985,32.33,-4.0069350799461,MSFT
2016-06-27,29.52,29.5666,28.455,28.85,50308070,30.25,-2.8095524784266,MSFT
2016-06-28,29.34,29.89,29.09,29.86,38132040,28.85,2.0854842040058,MSFT
2016-06-29,30.33,31.14,30.22,30.96,31287260,29.86,2.2249190938511,MSFT
2016-06-30,31.14,31.72,30.92,31.59,28524020,30.96,1.2465373961219,MSFT
2016-07-01,31.55,32.14,31.49,31.58,19586945,31.59,-0.019542700801261,MSFT
2016-07-05,31.25,31.7,31.16,31.59,24781550,31.58,0.019546520719322,MSFT
2016-07-06,31.2,31.96,30.81,31.8,28165990,31.59,0.41039671682627,MSFT
2016-07-07,31.84,32.03,31.49,31.8,19582210,31.8,0.0,MSFT
2016-07-08,32.15,32.78,31.97,32.72,28390820,31.8,1.7905799922149,MSFT
2016-07-11,32.92,33.25,32.89,33.01,21894550,32.72,0.5544933078394,MSFT
2016-07-12,33.36,33.82,33.205,33.63,27312600,33.01,1.1789313557711,MSFT
2016-07-13,33.98,34.28,33.6,33.93,25334860,33.63,0.56380379627889,MSFT
2016-07-14,34.26,34.41,34.0,34.16,24535370,33.93,0.42982620071016,MSFT
2016-07-15,34.42,34.42,33.63,34.12,31924309,34.16,-0.07443245254931,MSFT
2016-07-18,34.12,34.76,33.97,34.38,31087650,34.12,0.48417132216015,MSFT
2016-07-19,34.13,34.32,33.35,33.51,51870970,34.38,-1.6123054114159,MSFT
2016-07-20,36.57,37.26,35.95,36.33,89835200,33.51,5.3117347899793,MSFT
2016-07-21,36.4,36.65,36.18,36.22,32752350,36.33,-0.19674476837775,MSFT
2016-07-22,36.5,37.0475,36.2,36.99,32157167,36.22,1.3799283154122,MSFT
2016-07-25,36.89,37.16,36.675,37.15,24313330,36.99,0.28283542513699,MSFT
2016-07-26,36.94,37.71,36.93,37.18,28028820,37.15,0.052882072977263,MSFT
2016-07-27,37.03,37.22,36.53,36.61,32283520,37.18,-1.0042283298097,MSFT
2016-07-28,36.42,36.79,36.14,36.63,37246140,36.61,0.035593521979005,MSFT
2016-07-29,36.65,37.18,36.47,37.1,30558718,36.63,0.83615015121864,MSFT
2016-08-01,37.02,37.17,36.56,37.0,26003110,37.1,-0.17642907551165,MSFT
2016-08-02,37.27,37.32,36.73,37.0,35115250,37.0,0.0,MSFT
2016-08-03,37.1,37.53,36.91,37.39,22069790,37.0,0.68928950159067,MSFT
2016-08-04,37.22,37.9393,37.09,37.81,26485600,37.39,0.73723012111638,MSFT
2016-08-05,38.07,38.63,37.87,38.38,29335221,37.81,0.99320439100889,MSFT
2016-08-08,38.475,38.505,38.2,38.48,19459340,38.38,0.17253278122844,MSFT
2016-08-09,38.59,38.92,38.44,38.62,16891750,38.48,0.24112986565622,MSFT
2016-08-10,38.58,38.74,38.24,38.44,15702720,38.62,-0.30927835051546,MSFT
2016-08-11,38.45,38.87,38.45,38.72,18161190,38.44,0.48259220958289,MSFT
2016-08-12,38.45,38.61,38.04,38.36,21655161,38.72,-0.61749571183533,MSFT
2016-08-15,38.43,38.92,38.38,38.54,18764820,38.36,0.31066620642043,MSFT
2016-08-16,38.39,38.4,38.05,38.22,20452960,38.54,-1.1699931176875,MSFT
2016-08-17,38.32,38.46,38.01,38.34,18798940,38.22,0.20891364902508,MSFT
2016-08-18,38.2,38.48,38.05,38.38,14211810,38.34,0.069492703266156,MSFT
2016-08-19,38.21,38.51,37.98,38.4,17271010,38.38,0.034722222222215,MSFT
2016-08-22,38.38,38.53,38.04,38.45,15215880,38.4,0.086775425199591,MSFT
2016-08-23,38.68,38.96,38.63,38.67,18722560,38.45,0.38148083925784,MSFT
2016-08-24,38.58,38.82,38.495,38.73,17118420,38.67,0.10364484366903,MSFT
2016-08-25,38.66,39.07,38.56,38.95,18551890,38.73,0.37963761863675,MSFT
2016-08-26,39.06,39.48,38.47,38.81,20971202,38.95,-0.24067388688327,MSFT
2016-08-29,38.96,39.38,38.88,38.88,16388470,38.81,0.12062726176116,MSFT
2016-08-30,38.76,38.97,38.39,38.67,16900190,38.88,-0.36144578313253,MSFT
2016-08-31,38.43,38.58,38.08,38.24,20844280,38.67,-0.7427880462947,MSFT
2016-09-01,37.79,38.6,37.79,38.37,26053530,38.24,0.22624434389141,MSFT
2016-09-02,38.45,38.97,38.2,38.45,18900489,38.37,0.13891300573016,MSFT
2016-09-06,38.56,38.58,37.99,38.39,16264890,38.45,-0.10404022888851,MSFT
2016-09-07,38.25,38.62,38.185,38.44,17484810,38.39,0.086790487762536,MSFT
2016-09-08,38.41,38.57,37.96,38.21,20109050,38.44,-0.39889004509191,MSFT
2016-09-09,37.57,38.3,36.99,36.99,35026930,38.21,-2.1243252655407,MSFT
2016-09-12,36.78,37.985,36.39,37.83,29266780,36.99,1.494396014944,MSFT
2016-09-13,37.28,37.43,36.83,37.31,30062330,37.83,-0.91148115687992,MSFT
2016-09-14,37.17,37.41,36.81,37.04,24265700,37.31,-0.47762250132673,MSFT
2016-09-15,36.93,38.13,36.76,37.97,27049520,37.04,1.6530394596516,MSFT
2016-09-16,38.2,38.41,37.53,38.03,44230375,37.97,0.10491344640672,MSFT
2016-09-19,38.04,38.53,37.63,37.71,20937104,38.03,-0.5589519650655,MSFT
2016-09-20,38.04,38.13,37.53,37.59,17382982,37.71,-0.21078517477604,MSFT
2016-09-21,38.29,38.63,37.86,38.54,33707272,37.59,1.6722408026756,MSFT
2016-09-22,38.7,38.78,38.41,38.6,19821953,38.54,0.10387811634349,MSFT
2016-09-23,38.65,38.69,38.16,38.21,17531192,38.6,-0.67450709097198,MSFT
2016-09-26,37.86,37.92,37.61,37.68,21687304,38.21,-0.92286261535783,MSFT
2016-09-27,37.71,38.84,37.461,38.73,28065071,37.68,1.8453427065026,MSFT
2016-09-28,38.66,38.84,38.45,38.81,20536400,38.73,0.13805004314064,MSFT
2016-09-29,38.59,38.9479,37.99,38.18,25463271,38.81,-1.0856453558504,MSFT
2016-09-30,38.38,38.55,38.12,38.38,29910788,38.18,0.34843205574913,MSFT
2016-10-03,38.21,38.33,37.84,38.2,19189515,38.38,-0.3125,MSFT
2016-10-04,38.05,38.375,37.75,38.02,20085874,38.2,-0.31347962382445,MSFT
2016-10-05,38.07,38.7401,38.04,38.42,16726411,38.02,0.69881201956673,MSFT
2016-10-06,38.43,38.64,38.06,38.52,16212611,38.42,0.1734906315059,MSFT
2016-10-07,38.73,38.76,38.2,38.58,20089020,38.52,0.10391409767924,MSFT
2016-10-10,38.69,39.17,38.65,38.82,18085674,38.58,0.41522491349481,MSFT
2016-10-11,38.67,38.8,37.67,37.97,26477951,38.82,-1.4645072363887,MSFT
2016-10-12,37.87,38.05,37.18,37.89,22165020,37.97,-0.13988459520895,MSFT
2016-10-13,37.48,38.08,37.095,37.7,25313748,37.89,-0.33269129749606,MSFT
2016-10-14,37.9,38.52,37.9,38.2,27382982,37.7,0.87842586085734,MSFT
2016-10-17,38.14,38.24,37.65,38.0,23829488,38.2,-0.34831069313828,MSFT
2016-10-18,38.31,38.725,38.19,38.44,19149538,38.0,0.76896190143306,MSFT
2016-10-19,38.33,38.62,38.175,38.31,22878397,38.44,-0.22545959070412,MSFT
2016-10-20,38.28,38.3,37.44,38.03,49391645,38.31,-0.48670258995307,MSFT
2016-10-21,41.09,41.23,40.265,40.44,80023706,38.03,4.2096069868996,MSFT
2016-10-24,40.73,41.78,40.71,41.78,54066978,40.44,2.2460610124036,MSFT
2016-10-25,41.63,42.1499,41.58,41.77,35137164,41.78,-0.016393442622948,MSFT
2016-10-26,41.59,41.98,41.25,41.41,29752529,41.77,-0.59026069847516,MSFT
2016-10-27,41.39,41.61,40.87,40.88,28479856,41.41,-0.87415470888999,MSFT
2016-10-28,40.79,41.3,40.36,40.65,33574684,40.88,-0.38269550748753,MSFT
2016-10-31,40.94,41.2,40.7,40.7,26164739,40.65,0.083514280942048,MSFT
2016-11-01,40.78,40.8,40.03,40.58,24532986,40.7,-0.20026702269694,MSFT
2016-11-02,40.67,40.71,40.08,40.21,22050827,40.58,-0.61872909698996,MSFT
2016-11-03,40.31,40.42,39.89,39.99,21600427,40.21,-0.37018340905267,MSFT
2016-11-04,39.33,40.06,39.3,39.49,28568289,39.99,-0.84445195068401,MSFT
2016-11-07,40.56,41.3,40.56,41.2,28750807,39.49,2.9126213592233,MSFT
2016-11-08,41.22,41.56,40.93,41.25,22934289,41.2,0.082754054948688,MSFT
2016-11-09,40.78,41.37,39.98,40.95,49632479,41.25,-0.49611377542583,MSFT
2016-11-10,41.26,41.27,38.41,39.48,57767895,40.95,-2.4430779458202,MSFT
2016-11-11,39.02,39.896,38.79,39.8,38611850,39.48,0.54514480408859,MSFT
2016-11-14,39.8,39.86,38.06,38.91,38643611,39.8,-1.5079634022365,MSFT
2016-11-15,39.5,40.66,39.485,40.08,32533527,38.91,1.3418200584896,MSFT
2016-11-16,40.13,40.83,39.98,40.82,27332475,40.08,1.256153454422,MSFT
2016-11-17,41.58,42.12,41.135,41.81,32132728,40.82,1.6596814752724,MSFT
2016-11-18,41.95,42.31,41.47,41.52,27686311,41.81,-0.47823218997361,MSFT
2016-11-21,41.67,42.14,41.59,42.03,19652595,41.52,0.84507042253521,MSFT
2016-11-22,42.15,42.43,41.975,42.29,23206700,42.03,0.4272099901413,MSFT
2016-11-23,42.18,42.27,41.42,41.57,21848913,42.29,-1.1780104712042,MSFT
2016-11-25,41.47,41.7,41.3,41.7,8409616,41.57,0.21523178807947,MSFT
2016-11-28,41.51,42.19,41.38,41.78,20732619,41.7,0.13216586816454,MSFT
2016-11-29,41.82,42.58,41.69,42.26,22366721,41.78,0.79194852334599,MSFT
2016-11-30,42.03,42.35,41.385,41.43,34655435,42.26,-1.3586511704043,MSFT
2016-12-01,41.28,41.32,40.105,40.37,34542121,41.43,-1.7590441420511,MSFT
2016-12-02,40.25,40.64,39.97,40.42,25515665,40.37,0.084459459459455,MSFT
2016-12-05,40.87,41.755,40.73,41.39,23552658,40.42,1.6371308016878,MSFT
2016-12-06,41.6,41.63,40.97,41.12,19907035,41.39,-0.4483560278977,MSFT
2016-12-07,41.18,42.55,40.97,42.54,30808969,41.12,2.3686405337781,MSFT
2016-12-08,42.47,42.75,42.01,42.18,21220753,42.54,-0.58660583346912,MSFT
2016-12-09,42.35,43.16,42.295,43.14,27349356,42.18,1.573512538928,MSFT
2016-12-12,42.99,43.47,42.89,43.34,20198081,43.14,0.32273680813297,MSFT
2016-12-13,43.67,44.59,43.41,44.15,35718868,43.34,1.3028792021875,MSFT
2016-12-14,44.17,44.62,43.7,43.85,30352654,44.15,-0.47634169577643,MSFT
2016-12-15,43.87,44.323,43.47,43.75,27669868,43.85,-0.15954052329292,MSFT
2016-12-16,44.12,44.12,43.285,43.47,42453083,43.75,-0.44742729306488,MSFT
2016-12-19,43.73,44.94,43.59,44.79,34338219,43.47,2.1187800963082,MSFT
2016-12-20,44.86,44.97,44.195,44.71,26028379,44.79,-0.12574662055957,MSFT
2016-12-21,44.6,44.87,44.29,44.71,17096304,44.71,0.0,MSFT
2016-12-22,45.01,45.27,44.575,44.72,22176585,44.71,0.015738117721117,MSFT
2016-12-23,44.62,44.71,43.97,44.41,12403819,44.72,-0.48780487804877,MSFT
2016-12-27,44.38,45.24,44.38,44.45,11763173,44.41,0.063251106894369,MSFT
2016-12-28,44.57,44.57,44.0,44.16,14653348,44.45,-0.4582806573957,MSFT
2016-12-29,44.03,44.37,43.9,44.07,10250582,44.16,-0.142879822194,MSFT
2016-12-30,44.13,44.16,43.2,43.31,25579908,44.07,-1.20826709062,MSFT
2017-01-03,43.96,44.01,43.295,43.75,20694101,43.31,0.70807853234631,MSFT
2017-01-04,43.65,43.92,43.29,43.47,21339969,43.75,-0.44742729306488,MSFT
2017-01-05,43.36,43.83,43.2,43.47,24875968,43.47,0.0,MSFT
2017-01-06,43.47,44.32,43.21,44.01,19922919,43.47,0.86677367576245,MSFT
2017-01-09,43.93,44.25,43.71,43.81,20382730,44.01,-0.3182686187142,MSFT
2017-01-10,43.9,44.24,43.45,43.79,18593004,43.81,-0.031928480204347,MSFT
2017-01-11,43.78,44.4,43.6,44.36,21517335,43.79,0.91025231555414,MSFT
2017-01-12,44.23,44.57,43.12,43.78,20968223,44.36,-0.9178667510682,MSFT
2017-01-13,43.79,44.035,43.52,43.87,19422310,43.78,0.14374700527073,MSFT
2017-01-17,43.85,43.87,43.2,43.7,20663983,43.87,-0.27113237639554,MSFT
2017-01-18,43.84,43.87,43.29,43.67,19670102,43.7,-0.047976971053896,MSFT
2017-01-19,43.41,44.15,43.365,43.47,18451655,43.67,-0.32,MSFT
2017-01-20,43.84,43.99,43.54,43.91,30213462,43.47,0.70626003210274,MSFT
2017-01-23,43.87,44.285,43.74,44.13,23097581,43.91,0.35065349059611,MSFT
2017-01-24,44.37,44.905,44.11,44.69,24672940,44.13,0.88945362134689,MSFT
2017-01-25,45.12,45.27,44.62,44.85,24654933,44.69,0.25188916876574,MSFT
2017-01-26,45.29,45.705,44.72,45.44,43554645,44.85,0.92650753768844,MSFT
2017-01-27,46.56,47.08,46.06,46.95,44817972,45.44,2.3494632021161,MSFT
2017-01-30,46.86,46.96,45.97,46.3,31651445,46.95,-0.98814229249013,MSFT
2017-01-31,46.03,46.32,45.43,45.82,25270549,46.3,-0.73698756333485,MSFT
2017-02-01,45.525,45.79,44.64,44.75,39671528,45.82,-1.6550657385924,MSFT
2017-02-02,44.42,44.58,43.92,44.34,45827013,44.75,-0.64485687323057,MSFT
2017-02-03,44.67,44.87,44.24,44.85,30301759,44.34,0.80734525882539,MSFT
2017-02-06,44.67,44.82,44.31,44.81,19796360,44.85,-0.062814070351757,MSFT
2017-02-07,44.91,44.95,44.4,44.6,20277226,44.81,-0.32998114393463,MSFT
2017-02-08,44.74,44.98,44.39,44.51,18096358,44.6,-0.14188869620053,MSFT
2017-02-09,44.69,45.605,44.49,45.23,22644443,44.51,1.1367224502684,MSFT
2017-02-10,45.42,45.47,45.145,45.17,18170729,45.23,-0.093662191695289,MSFT
2017-02-13,45.41,46.03,45.3,45.89,22920101,45.17,1.125,MSFT
2017-02-14,45.97,46.28,45.58,46.13,23108426,45.89,-0.2317676143387,MSFT
2017-02-15,46.06,46.13,45.715,46.09,17005157,46.13,-0.061948273191872,MSFT
2017-02-16,46.3,46.8,46.0,46.08,20546345,46.09,-0.015496668216341,MSFT
2017-02-17,46.03,46.25,45.86,46.18,21248818,46.08,0.15499070055798,MSFT
2017-02-21,46.17,46.51,46.01,46.05,20655869,46.18,-0.2011761064686,MSFT
2017-02-22,45.89,45.95,45.61,45.92,19292651,46.05,-0.20158164056442,MSFT
2017-02-23,45.98,46.288,45.755,46.18,20273128,45.92,0.40397762585458,MSFT
2017-02-24,46.09,46.36,45.7,46.18,21796800,46.18,0.0,MSFT
2017-02-27,46.1,46.1,45.605,45.79,15871507,46.18,-0.60352831940576,MSFT
2017-02-28,45.64,45.76,45.32,45.54,23239825,45.79,-0.38922621827807,MSFT
2017-03-01,45.69,46.55,45.581,46.5,26937459,45.54,1.5004688965302,MSFT
2017-03-02,46.25,46.31,45.44,45.57,24539597,46.5,-1.4320911610717,MSFT
2017-03-03,45.55,45.84,45.18,45.81,18139405,45.57,0.37494141540384,MSFT
2017-03-06,45.53,46.12,45.37,45.83,18750255,45.81,0.031128404669255,MSFT
2017-03-07,45.75,46.335,45.75,45.96,18520987,45.83,0.20227166640736,MSFT
2017-03-08,45.82,46.645,45.81,46.55,21510907,45.96,0.91614906832296,MSFT
2017-03-09,46.75,46.76,46.04,46.29,19846832,46.55,-0.40006154793044,MSFT
2017-03-10,46.67,46.82,46.31,46.49,19538245,46.29,0.30897574540399,MSFT
2017-03-13,46.7,46.755,46.13,46.27,20100035,46.49,-0.33882642846144,MSFT
2017-03-14,46.09,46.11,45.71,45.97,14280202,46.27,-0.46360686138154,MSFT
2017-03-15,46.11,46.48,45.81,46.31,24833810,45.97,0.52786834342494,MSFT
2017-03-16,46.31,46.32,45.86,46.2,20674296,46.31,-0.16988416988417,MSFT
2017-03-17,46.47,46.8,46.24,46.43,49219686,46.2,0.35581683168317,MSFT
2017-03-20,46.47,46.735,46.28,46.49,14598083,46.43,0.092492677663022,MSFT
2017-03-21,46.75,47.06,45.69,45.77,26640480,46.49,-1.1088864931465,MSFT
2017-03-22,45.68,46.7,45.68,46.59,20680015,45.77,1.2770596480299,MSFT
2017-03-23,46.5,46.795,46.325,46.43,19269203,46.59,-0.24604028909733,MSFT
2017-03-24,46.68,47.01,46.32,46.54,22617105,46.43,0.16956990904887,MSFT
2017-03-27,46.19,46.78,45.91,46.66,18614662,46.54,0.18467220683286,MSFT
2017-03-28,46.52,47.03,46.21,46.85,20080358,46.66,0.29185867895547,MSFT
2017-03-29,46.68,47.06,46.507,47.03,13618424,46.85,0.2756930617246,MSFT
2017-03-30,46.98,47.54,46.92,47.27,15122823,47.03,0.36658011302886,MSFT
2017-03-31,47.21,47.75,47.01,47.42,21040331,47.27,0.2282757571146,MSFT
2017-04-03,47.37,47.5,46.75,47.11,20400871,47.42,-0.47069541451564,MSFT
2017-04-04,46.95,47.37,46.84,47.29,12997449,47.11,0.27459954233411,MSFT
2017-04-05,47.86,47.91,47.004,47.12,21448594,47.29,-0.25863380495969,MSFT
2017-04-06,47.16,47.615,47.04,47.29,18103453,47.12,0.25930445393533,MSFT
2017-04-07,47.41,47.52,47.0,47.24,14108533,47.29,-0.076068766164608,MSFT
2017-04-10,47.17,47.38,46.92,47.09,17952742,47.24,-0.22838002436054,MSFT
2017-04-11,47.16,47.17,46.41,47.04,18791533,47.09,-0.076300930871352,MSFT
2017-04-12,46.98,47.07,46.67,46.79,17108513,47.04,-0.38179596823458,MSFT
2017-04-13,46.85,47.42,46.51,46.51,17896483,46.79,-0.42925034493331,MSFT
2017-04-17,46.6,47.05,46.57,47.04,16689265,46.51,0.81601231716705,MSFT
2017-04-18,46.89,47.27,46.72,46.95,15155611,47.04,-0.13744654856445,MSFT
2017-04-19,47.21,47.31,46.45,46.6,26992771,46.95,-0.53525003823214,MSFT
2017-04-20,47.02,47.31,46.7,47.06,22299477,46.6,0.70725707257072,MSFT
2017-04-21,47.23,48.26,47.01,47.96,32522645,47.06,1.3740458015267,MSFT
2017-04-24,49.04,49.22,48.66,49.09,29769976,47.96,1.7018072289157,MSFT
2017-04-25,49.46,49.6,49.16,49.48,30242730,49.09,0.57752110173256,MSFT
2017-04-26,49.64,49.87,49.18,49.39,26190770,49.48,-0.13250883392227,MSFT
2017-04-27,49.71,49.94,49.14,49.83,34970953,49.39,0.64868052484151,MSFT
2017-04-28,50.47,50.7,49.25,50.02,39548818,49.83,0.27830672330452,MSFT
2017-05-01,50.24,51.11,50.06,50.97,31954362,50.02,1.3876716330704,MSFT
2017-05-02,51.27,51.27,50.69,50.86,23906119,50.97,-0.15847860538827,MSFT
2017-05-03,50.94,50.94,50.27,50.64,28927973,50.86,-0.31746031746032,MSFT
2017-05-04,50.59,50.64,50.2,50.37,21749409,50.64,-0.39085118702953,MSFT
2017-05-05,50.46,50.59,50.045,50.56,19128782,50.37,0.27612265659061,MSFT
2017-05-08,50.53,50.61,49.98,50.5,18566087,50.56,-0.086956521739134,MSFT
2017-05-09,50.42,50.84,50.24,50.6,22858414,50.5,0.14505366985786,MSFT
2017-05-10,50.55,51.12,50.48,50.87,17977830,50.6,0.39107763615295,MSFT
2017-05-11,49.92,50.29,49.68,50.02,28789413,50.87,-1.2263742605685,MSFT
2017-05-12,50.17,50.17,49.6,49.94,18714123,50.02,-0.11685655857435,MSFT
2017-05-15,49.7,50.04,49.13,49.99,31530301,49.94,0.073120795554272,MSFT
2017-05-16,50.18,51.39,50.11,51.36,34956038,49.99,1.4321204150226,MSFT
2017-05-17,50.84,51.05,49.38,49.43,30548781,51.36,-2.780579167267,MSFT
2017-05-18,49.35,50.08,49.09,49.66,25201274,49.43,0.34084173088321,MSFT
2017-05-19,49.45,50.045,49.38,49.64,26961119,49.66,-0.029537734455761,MSFT
2017-05-22,49.84,50.45,49.45,50.4,16237550,49.64,1.1227655488255,MSFT
2017-05-23,50.67,50.7,50.33,50.63,15425824,50.4,0.33601168736304,MSFT
2017-05-24,50.82,50.83,50.4,50.72,14666865,50.63,0.13104251601629,MSFT
2017-05-25,50.92,51.83,50.86,51.57,21854095,50.72,1.2360040715428,MSFT
2017-05-26,51.75,52.17,51.47,51.91,19827923,51.57,0.48836541223785,MSFT
2017-05-30,51.74,52.36,51.72,52.36,17072838,51.91,0.64322469982848,MSFT
2017-05-31,52.48,52.69,51.76,51.79,30436364,52.36,-0.80954409884959,MSFT
2017-06-01,52.19,52.56,51.401,52.05,21603601,51.79,0.37227949599082,MSFT
2017-06-02,52.39,53.81,52.19,53.71,34770261,52.05,2.3680456490728,MSFT
2017-06-05,53.92,54.84,53.76,54.23,33316760,53.71,0.72463768115941,MSFT
2017-06-06,54.25,54.57,54.22,54.47,31511065,54.23,0.33204205866076,MSFT
2017-06-07,54.585,54.72,53.9,54.34,22301765,54.47,-0.1792608935466,MSFT
2017-06-08,54.46,54.47,53.45,53.9,24588270,54.34,-0.60781875949717,MSFT
2017-06-09,53.985,54.03,50.54,52.27,49187396,53.9,-2.2654621264767,MSFT
2017-06-12,51.2,51.89,50.08,51.73,47761743,52.27,-0.76791808873719,MSFT
2017-06-13,51.97,52.77,51.91,52.6,25258614,51.73,1.2467755803955,MSFT
2017-06-14,52.86,53.05,51.38,52.22,25510685,52.6,-0.53786270346781,MSFT
2017-06-15,51.22,52.16,50.75,51.85,26068709,52.22,-0.52654048669417,MSFT
2017-06-16,51.68,51.975,51.17,51.95,48345085,51.85,0.14306151645207,MSFT
2017-06-19,52.45,52.895,52.3,52.82,23798268,51.95,1.2428571428571,MSFT
2017-06-20,52.77,52.82,51.82,51.86,21512231,52.82,-1.3545929166079,MSFT
2017-06-21,52.16,52.57,51.89,52.22,19891051,51.86,0.51494779001573,MSFT
2017-06-22,52.49,52.54,51.66,52.21,22965738,52.22,-0.014230823964695,MSFT
2017-06-23,52.04,53.2,51.87,53.16,27617291,52.21,1.352120694563,MSFT
2017-06-26,53.35,53.66,52.395,52.48,19606974,53.16,-0.9549220615082,MSFT
2017-06-27,52.06,52.13,51.13,51.16,25215128,52.48,-1.8715440238197,MSFT
2017-06-28,51.16,51.791,50.74,51.75,25806200,51.16,0.85247796561191,MSFT
2017-06-29,51.33,51.44,50.04,50.44,28918715,51.75,-1.8767908309456,MSFT
2017-06-30,50.73,51.33,50.69,50.88,24161068,50.44,0.6424295517594,MSFT
2017-07-03,51.28,51.55,49.97,50.12,104869,50.88,-1.1025678224286,MSFT
2017-07-05,50.205,51.39,50.17,51.03,21176272,50.12,1.3348980489952,MSFT
2017-07-06,50.22,50.73,50.07,50.52,21117572,51.03,-0.73827446438912,MSFT
2017-07-07,50.65,51.79,50.65,51.41,16878317,50.52,1.2979437071606,MSFT
2017-07-10,51.41,52.2,51.15,51.93,15014503,51.41,0.74863230636339,MSFT
2017-07-11,51.95,52.63,51.7,51.94,17460022,51.93,0.014289797084868,MSFT
2017-07-12,52.64,53.23,52.5,53.1,17750925,51.94,1.6573796256608,MSFT
2017-07-13,53.45,53.99,53.26,53.72,20269816,53.1,0.87139845397047,MSFT
2017-07-14,54.19,55.22,53.91,54.73,25868086,53.72,1.4072732339418,MSFT
2017-07-17,54.75,55.4,54.67,55.3,21803907,54.73,0.78318219291013,MSFT
2017-07-18,55.04,55.34,54.61,55.25,26433320,55.3,-0.068166325835034,MSFT
2017-07-19,55.45,55.99,55.4,55.81,22416222,55.25,0.76398362892224,MSFT
2017-07-20,56.13,56.25,55.23,56.17,42361025,55.81,0.48740861088546,MSFT
2017-07-21,55.4,56.24,55.12,55.74,46717082,56.17,-0.57935866343303,MSFT
2017-07-24,55.48,55.7,55.08,55.55,21394826,55.74,-0.25748746442609,MSFT
2017-07-25,55.75,56.26,55.45,56.14,22018681,55.55,0.80163043478261,MSFT
2017-07-26,56.29,56.33,55.76,56.0,16252233,56.14,-0.18870467718021,MSFT
2017-07-27,55.71,56.37,54.27,55.11,36844220,56.0,-1.2018906144497,MSFT
2017-07-28,54.62,55.26,54.49,54.99,18306680,55.11,-0.16402405686166,MSFT
2017-07-31,55.25,55.39,54.36,54.65,23600054,54.99,-0.46549835706463,MSFT
2017-08-01,55.05,55.37,54.44,54.53,20823890,54.65,-0.16506189821184,MSFT
2017-08-02,54.5,54.51,53.395,54.21,26499158,54.53,-0.44089280793606,MSFT
2017-08-03,54.14,54.39,53.795,54.1,18214424,54.21,-0.15222806531968,MSFT
2017-08-04,54.35,54.99,54.19,54.63,22578952,54.1,0.73458073458074,MSFT
2017-08-07,54.75,54.85,54.21,54.35,18705681,54.63,-0.3852504127683,MSFT
2017-08-08,54.04,55.08,53.7,54.74,22044587,54.35,0.53867403314917,MSFT
2017-08-09,54.2,54.46,54.0,54.42,22213410,54.74,-0.43962082703669,MSFT
2017-08-10,53.85,54.14,53.3,53.36,24734461,54.42,-1.4626742100179,MSFT
2017-08-11,53.56,54.65,53.23,54.45,21443675,53.36,1.5263968631844,MSFT
2017-08-14,55.01,55.67,54.9,55.54,20096592,54.45,1.5034482758621,MSFT
2017-08-15,55.93,55.93,55.38,55.56,19181402,55.54,-0.50278570457943,MSFT
2017-08-16,55.68,56.44,55.51,55.99,18150402,55.56,0.58727123736685,MSFT
2017-08-17,55.92,56.21,54.74,54.74,22977519,55.99,-1.6972165648337,MSFT
2017-08-18,54.61,55.18,54.27,54.83,18761491,54.74,0.12430939226518,MSFT
2017-08-21,54.81,54.82,54.04,54.49,17734767,54.83,-0.46903021106358,MSFT
2017-08-22,54.69,55.58,54.69,55.5,14343674,54.49,1.3998613998614,MSFT
2017-08-23,55.3,55.49,54.87,55.06,13766507,55.5,-0.60142154182613,MSFT
2017-08-24,55.08,55.2,54.41,55.03,17098282,55.06,-0.041254125412543,MSFT
2017-08-25,55.2,55.69,54.82,55.16,12794301,55.03,0.17884165634887,MSFT
2017-08-28,55.4,55.43,54.89,55.17,14569715,55.16,0.013732491073888,MSFT
2017-08-29,54.59,55.5,54.39,55.39,11478382,55.17,0.30207332143347,MSFT
2017-08-30,55.35,56.55,55.169,56.35,16897801,55.39,1.3141683778234,MSFT
2017-08-31,56.37,57.3,56.14,57.11,27652811,56.35,1.0268882583435,MSFT
2017-09-01,57.05,57.08,55.98,56.28,21736161,57.11,-1.1100708840444,MSFT
2017-09-05,55.68,56.23,55.32,55.95,22242384,56.28,-0.44630781714904,MSFT
2017-09-06,56.08,56.38,55.69,55.74,16535785,55.95,-0.28528732509169,MSFT
2017-09-07,56.02,56.94,55.94,56.68,17471200,55.74,1.2806539509537,MSFT
2017-09-08,56.67,56.78,56.18,56.32,14703816,56.68,-0.48426150121065,MSFT
2017-09-11,56.65,57.285,56.65,57.1,17910383,56.32,1.0543390105434,MSFT
2017-09-12,57.1,57.58,56.71,57.02,14394850,57.1,-0.10700909577314,MSFT
2017-09-13,57.27,57.57,56.89,57.55,13380802,57.02,0.70969469737545,MSFT
2017-09-14,57.34,57.83,56.86,57.11,15733914,57.55,-0.58502858662412,MSFT
2017-09-15,57.17,57.73,56.41,57.65,38578441,57.11,0.7222147920289,MSFT
2017-09-18,57.57,58.31,57.38,57.5,23306959,57.65,-0.19917673615722,MSFT
2017-09-19,57.55,58.05,57.35,57.78,16093344,57.5,0.37253858435338,MSFT
2017-09-20,57.69,57.89,56.65,57.28,21587878,57.78,-0.6627783669141,MSFT
2017-09-21,57.45,57.58,56.45,56.55,19186140,57.28,-0.97411262343208,MSFT
2017-09-22,56.33,56.85,56.19,56.75,14111365,56.55,0.26950545748552,MSFT
2017-09-25,56.43,56.59,55.26,55.6,24149163,56.75,-1.5454911974197,MSFT
2017-09-26,56.01,56.15,55.33,55.6,18019577,55.6,0.0,MSFT
2017-09-27,55.89,56.51,55.51,56.19,19565135,55.6,0.80535080535079,MSFT
2017-09-28,55.88,56.31,55.65,56.21,10883787,56.19,0.027081922816534,MSFT
2017-09-29,56.28,56.875,56.22,56.83,17079114,56.21,0.83931230540137,MSFT
2017-10-02,57.05,57.35,56.635,56.95,15304762,56.83,0.16109544905357,MSFT
2017-10-03,57.01,57.22,56.535,56.6,12190403,56.95,-0.46910601796005,MSFT
2017-10-04,56.34,57.06,56.05,57.03,13317681,56.6,0.57904659305143,MSFT
2017-10-05,57.56,58.46,57.3,58.31,21195261,57.03,1.7137501673584,MSFT
2017-10-06,58.01,58.37,57.88,58.34,13959814,58.31,0.039489272081086,MSFT
2017-10-09,58.31,58.89,58.2,58.63,11386502,58.34,0.38157894736843,MSFT
2017-10-10,58.67,58.97,58.48,58.63,13944545,58.63,0.0,MSFT
2017-10-11,58.7,58.8,58.29,58.76,15388898,58.63,0.17040241184952,MSFT
2017-10-12,58.83,59.63,58.71,59.46,16876538,58.76,0.91599057838263,MSFT
2017-10-13,59.93,60.21,59.63,59.83,15335742,59.46,0.47977178423235,MSFT
2017-10-16,59.76,60.15,59.69,59.99,12380093,59.83,0.20647825525876,MSFT
2017-10-17,59.81,59.96,59.59,59.93,16823989,59.99,-0.077269800386352,MSFT
2017-10-18,60.01,60.19,59.71,59.95,13300701,59.93,0.025776517592468,MSFT
2017-10-19,59.91,60.27,59.69,60.25,15092758,59.95,0.38654812524159,MSFT
2017-10-20,60.66,61.31,60.56,61.15,22866426,60.25,1.1551790527532,MSFT
2017-10-23,61.33,61.68,61.1,61.17,20627173,61.15,0.025377490166218,MSFT
2017-10-24,61.24,61.54,60.8,61.2,17517182,61.17,0.038056577445137,MSFT
2017-10-25,60.92,61.44,60.35,60.97,20410808,61.2,-0.29165609941669,MSFT
2017-10-26,61.54,61.76,61.09,61.1,32120717,60.97,0.1653312984866,MSFT
2017-10-27,66.71,68.54,65.95,66.15,71066729,61.1,6.4118842051803,MSFT
2017-10-30,66.04,66.665,65.445,66.23,31756653,66.15,0.095454003102253,MSFT
2017-10-31,66.7,66.7,65.45,65.52,27086575,66.23,-0.84634640600786,MSFT
2017-11-01,66.02,66.1,65.22,65.52,22307371,65.52,0.0,MSFT
2017-11-02,65.69,66.8,65.46,66.39,23992945,65.52,1.045924501082,MSFT
2017-11-03,66.42,66.88,65.74,66.48,17633543,66.39,0.10707911957169,MSFT
2017-11-06,66.54,67.04,66.423,66.81,19860852,66.48,0.39220347040646,MSFT
2017-11-07,67.11,67.24,66.27,66.61,17939727,66.81,-0.23677045104771,MSFT
2017-11-08,66.48,66.95,66.17,66.9,18034170,66.61,0.34413195680551,MSFT
2017-11-09,66.45,66.61,65.24,66.43,21178356,66.9,-0.5558183538316,MSFT
2017-11-10,66.13,66.435,65.57,66.21,19397793,66.43,-0.26162444999405,MSFT
2017-11-13,66.0,66.28,65.8,66.27,14196896,66.21,0.071539286991776,MSFT
2017-11-14,65.84,66.44,65.32,66.39,18801280,66.27,0.14297628976527,MSFT
2017-11-15,66.23,66.45,65.45,65.74,19383102,66.39,-1.2730517549078,MSFT
2017-11-16,65.86,66.18,65.7,65.96,20962750,65.74,0.26512412629549,MSFT
2017-11-17,65.88,65.88,65.0,65.16,22078993,65.96,-0.96153846153846,MSFT
2017-11-20,65.16,65.35,65.01,65.29,16314978,65.16,0.15776699029126,MSFT
2017-11-21,65.5,66.6,65.5,66.48,21237454,65.29,1.4418999151824,MSFT
2017-11-22,66.59,66.66,65.8,65.87,20553089,66.48,-0.72861920688008,MSFT
2017-11-24,65.77,66.19,65.54,66.02,7425603,65.87,0.18048369630611,MSFT
2017-11-27,66.07,66.74,66.06,66.63,18265242,66.02,0.73264472736008,MSFT
2017-11-28,66.83,67.82,66.78,67.64,21925959,66.63,1.2042446643615,MSFT
2017-11-29,67.47,67.677,65.935,66.1,27381109,67.64,-1.8143261074458,MSFT
2017-11-30,66.27,67.28,66.1,66.93,33054647,66.1,0.99592032637389,MSFT
2017-12-01,66.36,67.57,65.98,67.02,29532132,66.93,0.10692645835809,MSFT
2017-12-04,67.18,67.19,63.46,63.84,39094880,67.02,-3.774032755756,MSFT
2017-12-05,64.1,65.44,63.74,64.35,26152261,63.84,0.6290083867785,MSFT
2017-12-06,64.31,65.9,64.19,65.54,26162054,64.35,1.4585120725579,MSFT
2017-12-07,65.3,65.56,64.76,65.25,23184547,65.54,-0.35032616574052,MSFT
2017-12-08,66.39,67.34,66.09,66.92,24489106,65.25,2.0244878167051,MSFT
2017-12-11,67.05,68.13,66.88,67.99,22857854,66.92,1.2713878326996,MSFT
2017-12-12,68.07,68.81,67.84,68.34,23924105,67.99,0.41065352575384,MSFT
2017-12-13,68.5,68.76,67.93,68.11,22062679,68.34,-0.26875438186493,MSFT
2017-12-14,68.19,68.634,67.29,67.45,19305961,68.11,-0.77328646748681,MSFT
2017-12-15,68.02,69.85,67.64,69.61,53936687,67.45,2.5504782146652,MSFT
2017-12-18,69.88,70.26,68.99,69.14,22283752,69.61,-0.54116292458261,MSFT
2017-12-19,69.11,69.11,68.03,68.59,23524787,69.14,-0.63672146330169,MSFT
2017-12-20,68.96,69.06,67.47,68.28,23671771,68.59,-0.36117907491553,MSFT
2017-12-21,68.81,68.86,68.16,68.26,17990745,68.28,-0.023386342376048,MSFT
2017-12-22,68.16,68.39,67.68,68.27,14145841,68.26,0.011695906432755,MSFT
2017-12-26,68.07,68.295,67.79,68.16,9891237,68.27,-0.12863992515495,MSFT
2017-12-27,68.41,68.74,67.975,68.47,14678025,68.16,0.36299765807961,MSFT
2017-12-28,68.66,68.69,68.31,68.48,10594344,68.47,0.011667250029174,MSFT
2017-12-29,68.39,68.81,68.26,68.3,18717406,68.48,-0.20998600093326,MSFT
2018-01-02,68.885,69.07,68.26,68.71,22483797,68.3,0.47930792611643,MSFT
2018-01-03,68.815,69.27,68.73,69.11,26061439,68.71,0.4653868528214,MSFT
2018-01-04,69.35,70.42,69.33,69.87,21911974,69.11,0.88013896931095,MSFT
2018-01-05,70.42,71.17,70.19,70.95,23407110,69.87,1.2398117322925,MSFT
2018-01-08,70.96,71.34,70.365,71.04,22113049,70.95,0.10205238689194,MSFT
2018-01-09,71.41,71.487,70.62,70.98,19484317,71.04,-0.067965564114185,MSFT
2018-01-10,70.62,70.95,70.17,70.58,18652201,70.98,-0.45341192473363,MSFT
2018-01-11,70.89,70.89,70.0,70.84,17808877,70.58,0.29606012297883,MSFT
2018-01-12,71.43,72.54,71.21,72.36,24271531,70.84,1.7257039055404,MSFT
2018-01-16,72.86,73.55,70.77,71.11,36599736,72.36,-1.3950892857143,MSFT
2018-01-17,71.84,73.04,71.51,72.9,25621164,71.11,2.0260328239955,MSFT
2018-01-18,72.56,73.43,72.42,72.86,24159683,72.9,-0.044375416019532,MSFT
2018-01-19,72.9,73.37,72.42,72.76,36875013,72.86,-0.11098779134295,MSFT
2018-01-22,72.76,74.38,72.5,74.37,23601555,72.76,1.7888888888889,MSFT
2018-01-23,74.66,75.06,74.3,74.66,23412841,74.37,0.31655932758433,MSFT
2018-01-24,75.31,76.19,74.34,74.58,33277483,74.66,-0.08705114254626,MSFT
2018-01-25,75.225,76.0,74.69,75.09,26383238,74.58,0.55543454585058,MSFT
2018-01-26,75.88,76.82,75.34,76.82,29172167,75.09,1.8737138524857,MSFT
2018-01-29,77.9,78.21,76.48,76.68,31569940,76.82,-0.14884116521369,MSFT
2018-01-30,76.06,76.42,74.86,75.5,38635053,76.68,-1.2563884156729,MSFT
2018-01-31,76.51,78.16,76.27,77.77,48756338,75.5,2.4477032564158,MSFT
2018-02-01,77.55,78.83,76.341,77.02,47227882,77.77,-0.78939059046416,MSFT
2018-02-02,76.4,76.73,74.26,74.54,47867753,77.02,-2.6310205813707,MSFT
2018-02-05,73.32,76.0,70.76,70.76,51031465,74.54,-4.1185443451732,MSFT
2018-02-06,69.65,74.235,68.01,74.09,67998564,70.76,3.7840909090909,MSFT
2018-02-07,73.25,74.53,71.96,72.37,41107592,74.09,-1.8832804116939,MSFT
2018-02-08,72.47,72.635,67.52,67.77,55628657,72.37,-5.1333556522709,MSFT
2018-02-09,69.06,71.69,66.59,70.94,63499065,67.77,3.7289730619927,MSFT
2018-02-12,71.495,72.54,70.69,71.89,35720341,70.94,1.0773418008619,MSFT
2018-02-13,71.69,72.76,70.56,72.59,26407702,71.89,0.78536968473017,MSFT
2018-02-14,71.69,74.17,71.59,73.99,34960912,72.59,1.0909495714127,MSFT
2018-02-15,74.39,75.9,73.8,75.84,27823866,73.99,2.0372205704218,MSFT
2018-02-16,75.63,76.68,74.98,75.18,30596919,75.84,-0.71228145909777,MSFT
2018-02-20,74.655,76.24,74.19,75.9,30911725,75.18,0.78260869565217,MSFT
2018-02-21,76.16,76.54,74.67,74.67,26922503,75.9,-1.3265746333046,MSFT
2018-02-22,75.23,75.91,74.54,74.91,24392753,74.67,0.26232375122965,MSFT
2018-02-23,75.93,77.25,75.54,77.24,26329226,74.91,2.5400632290418,MSFT
2018-02-26,77.58,78.63,77.43,78.6,30199846,77.24,1.445885604933,MSFT
2018-02-27,78.92,79.02,77.38,77.38,25869119,78.6,-1.2785579543073,MSFT
2018-02-28,78.02,78.885,76.81,76.95,31167338,77.38,-0.45647558386413,MSFT
2018-03-01,77.17,77.75,75.02,76.03,37135561,76.95,-0.98112402687427,MSFT
2018-03-02,74.76,76.33,74.04,76.23,32830389,76.03,0.21540118470652,MSFT
2018-03-05,75.52,77.45,75.44,76.82,23901578,76.23,0.63406770553466,MSFT
2018-03-06,77.52,77.67,76.121,76.5,22175776,76.82,-0.34173430158053,MSFT
2018-03-07,76.34,77.121,75.61,77.04,26716127,76.5,0.57865409344193,MSFT
2018-03-08,77.45,78.28,76.945,77.61,25887828,77.04,0.60728744939272,MSFT
2018-03-09,78.47,79.72,78.18,79.72,36937254,77.61,2.2344593879064,MSFT
2018-03-12,79.68,80.39,79.22,79.95,26073742,79.72,0.23824321524756,MSFT
2018-03-13,80.18,80.42,77.15,77.59,35387817,79.95,-2.4387723468017,MSFT
2018-03-14,78.3,78.59,76.68,77.03,32131981,77.59,-0.59315750450164,MSFT
2018-03-15,76.71,77.76,76.01,77.36,27610998,77.03,0.35162493340438,MSFT
2018-03-16,77.86,78.56,77.1,77.78,49081279,77.36,0.44595455510723,MSFT
2018-03-19,76.92,77.08,75.29,76.07,33342860,77.78,-1.8076109936575,MSFT
2018-03-20,76.23,76.95,76.18,76.31,23075240,76.07,0.25837011519,MSFT
2018-03-21,76.11,77.23,75.39,75.66,24173978,76.31,-0.69794910340383,MSFT
2018-03-22,74.445,74.93,72.84,72.97,38604715,75.66,-2.9087370242215,MSFT
2018-03-23,72.68,73.64,70.26,70.36,44068949,72.97,-2.9067824924825,MSFT
2018-03-26,73.79,77.18,73.58,76.96,56396780,70.36,7.5705437026841,MSFT
2018-03-27,78.12,78.319,71.69,72.65,56569011,76.96,-4.595862657283,MSFT
2018-03-28,73.0,74.41,72.053,72.57,52501146,72.65,-0.089415446518384,MSFT
2018-03-29,73.36,75.47,71.58,74.45,45867548,72.57,2.1031435283589,MSFT
2018-04-02,73.65,74.06,70.69,71.7,48515417,74.45,-3.0130382381944,MSFT
2018-04-03,72.755,73.23,71.07,72.89,37213837,71.7,1.3443289652056,MSFT
2018-04-04,71.03,75.94,70.91,75.51,35559956,72.89,2.920521680972,MSFT
2018-04-05,75.615,76.245,74.58,75.56,29771881,75.51,0.054153579551605,MSFT
2018-04-06,74.67,75.64,72.66,73.41,38026000,75.56,-2.3273435808616,MSFT
2018-04-09,74.22,76.35,73.8,73.95,31533943,73.41,0.59847057519671,MSFT
2018-04-10,75.57,76.46,74.82,76.06,26939883,73.95,2.3245565715545,MSFT
2018-04-11,75.19,76.47,74.66,75.04,24872110,76.06,-1.0981912144703,MSFT
2018-04-12,75.61,77.34,75.61,76.76,26758879,75.04,1.8724145438711,MSFT
2018-04-13,77.23,77.36,75.62,76.26,23346063,76.76,-0.53430220132507,MSFT
2018-04-16,77.25,77.84,76.6,77.35,20288083,76.26,1.1710356682424,MSFT
2018-04-17,78.18,79.72,78.06,79.25,26771000,77.35,2.0176276945949,MSFT
2018-04-18,79.4,79.9,78.7,79.62,21043287,79.25,0.38513583845113,MSFT
2018-04-19,79.62,80.25,78.52,79.29,23552541,79.62,-0.34218166735794,MSFT
2018-04-20,79.09,79.29,77.23,78.18,31154377,79.29,-1.1549266465508,MSFT
2018-04-23,78.924,79.47,77.81,78.53,22331829,78.18,0.36842105263157,MSFT
2018-04-24,79.422,79.65,75.59,76.3,34524799,78.53,-2.3387519664394,MSFT
2018-04-25,76.48,76.48,73.46,75.49,33729257,76.3,-0.86984536082474,MSFT
2018-04-26,76.73,78.33,76.28,77.44,42529043,75.49,2.1124471888203,MSFT
2018-04-27,80.78,81.08,77.09,79.0,48272780,77.44,1.6549968173138,MSFT
2018-04-30,79.51,79.576,76.33,76.7,41201026,79.0,-2.4003339595074,MSFT
2018-05-01,76.39,78.47,75.97,78.18,31408927,76.7,1.5825491873396,MSFT
2018-05-02,78.17,78.35,76.37,76.69,27471002,78.18,-1.5684210526316,MSFT
2018-05-03,76.14,78.105,75.63,77.25,31142497,76.69,0.5988664313977,MSFT
2018-05-04,76.5,78.55,76.1,78.34,22531325,77.25,1.1587115977464,MSFT
2018-05-07,78.35,79.89,78.28,79.4,24242019,78.34,1.1139134089954,MSFT
2018-05-08,79.026,79.34,78.243,78.99,23484589,79.4,-0.42610683849511,MSFT
2018-05-09,79.19,80.15,78.23,80.12,27327410,78.99,1.179417597328,MSFT
2018-05-10,80.64,81.13,80.23,81.09,22388119,80.12,1.0006189395502,MSFT
2018-05-11,80.98,81.05,80.22,80.88,16778316,81.09,-0.21448268818302,MSFT
2018-05-14,81.1,81.87,80.49,81.21,19454124,80.88,0.33776867963152,MSFT
2018-05-15,80.42,81.03,79.52,80.5,24594010,81.21,-0.72426808119964,MSFT
2018-05-16,80.96,81.0,80.215,80.75,17384742,80.5,-0.17468146321413,MSFT
2018-05-17,80.36,81.14,79.43,79.78,17246716,80.75,-0.99845599588265,MSFT
2018-05-18,79.61,80.53,79.61,79.96,17865840,79.78,0.18714909544603,MSFT
2018-05-21,80.6,81.61,80.4,81.2,19422467,79.96,1.2868410128684,MSFT
2018-05-22,81.28,81.77,80.8,81.1,15441189,81.2,-0.10245901639344,MSFT
2018-05-23,80.31,82.33,79.92,82.26,21251222,81.1,1.1897435897436,MSFT
2018-05-24,82.325,82.54,80.41,81.91,26649287,82.26,-0.35475369957429,MSFT
2018-05-25,81.9,82.58,81.46,81.96,18363918,81.91,0.050859525989215,MSFT
2018-05-29,81.44,82.48,80.83,81.61,28670981,81.96,-0.35583570557136,MSFT
2018-05-30,81.91,82.85,81.51,82.55,22158528,81.61,0.95908580757065,MSFT
2018-05-31,82.89,83.59,82.21,82.44,34140891,82.55,-0.11116725618999,MSFT
2018-06-01,82.88,84.46,82.77,84.39,28655624,82.44,1.972885471469,MSFT
2018-06-04,84.86,85.46,84.451,85.27,27281623,84.39,0.87310249032642,MSFT
2018-06-05,85.6,85.93,85.13,85.79,23514402,85.27,0.5114586407003,MSFT
2018-06-06,86.08,86.2,85.5,86.09,21122917,85.79,0.29357079949114,MSFT
2018-06-07,86.25,86.29,83.98,84.48,28232197,86.09,-1.5708849643868,MSFT
2018-06-08,84.692,85.55,84.14,85.23,22165128,84.48,0.74345757335448,MSFT
2018-06-11,84.97,85.19,84.27,84.65,23490894,85.23,-0.57069762865296,MSFT
2018-06-12,84.7,85.049,84.35,84.91,18325228,84.65,0.25729836714498,MSFT
2018-06-13,85.32,85.61,84.16,84.45,29492875,84.91,-0.45405191984997,MSFT
2018-06-14,85.25,85.63,84.6,85.02,25691811,84.45,0.56519583539911,MSFT
2018-06-15,85.11,85.13,83.67,83.73,65738585,85.02,-1.2719384736738,MSFT
2018-06-18,83.61,84.71,83.02,84.46,23586037,83.73,0.72905223209828,MSFT
2018-06-19,83.25,84.6,83.1,84.46,28653087,84.46,0.0,MSFT
2018-06-20,84.97,86.12,84.72,85.47,26180792,84.46,1.0013880626611,MSFT
2018-06-21,85.675,86.06,84.48,84.74,23198188,85.47,-0.71659958770983,MSFT
2018-06-22,84.01,84.37,83.225,84.01,38923105,84.74,-0.72177180146332,MSFT
2018-06-25,83.6,83.71,80.9,81.99,35433333,84.01,-2.011751817548,MSFT
2018-06-26,82.42,83.68,82.35,82.68,26897244,81.99,0.70129078158349,MSFT
2018-06-27,83.18,83.62,81.0,81.14,31298386,82.68,-1.5542995559144,MSFT
2018-06-28,80.98,82.71,80.86,82.23,26650671,81.14,1.117490260406,MSFT
2018-06-29,82.53,83.51,81.93,82.21,28053214,82.23,-0.020277805941393,MSFT
2018-07-02,81.7,83.66,81.6,83.61,19564521,82.21,1.4197343068654,MSFT
2018-07-03,84.08,84.23,82.54,82.65,14670275,83.61,-0.95990400959905,MSFT
2018-07-05,83.1,83.52,82.63,83.36,18977402,82.65,0.71680969207472,MSFT
2018-07-06,83.485,85.03,83.27,84.76,19234627,83.36,1.4033680834002,MSFT
2018-07-09,85.245,85.85,84.851,85.45,18211980,84.76,0.68208778173191,MSFT
2018-07-10,85.6,86.11,85.46,85.72,19293140,85.45,0.26509572901326,MSFT
2018-07-11,84.75,85.94,84.7,85.58,19644648,85.72,-0.13709361535449,MSFT
2018-07-12,86.37,88.01,86.33,87.79,24335929,85.58,2.1670915865856,MSFT
2018-07-13,87.97,89.2,87.69,89.03,24653500,87.79,1.1901334101161,MSFT
2018-07-16,89.0,89.42,88.115,88.51,21786912,89.03,-0.49321824907523,MSFT
2018-07-17,88.21,90.1,87.92,89.55,25901726,88.51,0.9913258983891,MSFT
2018-07-18,89.54,89.65,88.315,88.72,29493927,89.55,-0.78338839075035,MSFT
2018-07-19,88.53,88.91,87.49,88.0,40171646,88.72,-0.68493150684931,MSFT
2018-07-20,91.68,91.8,89.68,89.87,56038827,88.0,1.7911877394636,MSFT
2018-07-23,89.9,91.74,89.73,91.57,29706955,89.87,1.5996988802108,MSFT
2018-07-24,92.17,92.42,90.86,91.26,26315487,91.57,-0.2871167917014,MSFT
2018-07-25,91.555,94.75,91.2,94.43,30798058,91.26,2.9444547650009,MSFT
2018-07-26,94.34,94.6,93.1,93.22,31372110,94.43,-1.0917621582604,MSFT
2018-07-27,93.78,93.78,89.74,91.28,37005292,93.22,-1.7697500456121,MSFT
2018-07-30,90.79,91.13,88.36,88.97,34668327,91.28,-2.1452451708767,MSFT
2018-07-31,90.09,90.32,88.98,89.68,27655152,88.97,0.67381607668216,MSFT
2018-08-01,89.63,90.046,89.02,89.88,23628699,89.68,0.18853695324284,MSFT
2018-08-02,89.0,91.69,88.44,91.17,26104258,89.88,1.2137749341362,MSFT
2018-08-03,91.4,91.65,90.42,91.64,18659599,91.17,0.43692479315796,MSFT
2018-08-06,91.72,92.02,91.159,91.73,20265947,91.64,0.083302480562745,MSFT
2018-08-07,92.16,92.7,91.77,92.48,16080214,91.73,0.69360954406733,MSFT
2018-08-08,92.93,93.35,92.36,93.09,15487502,92.48,0.56024981631154,MSFT
2018-08-09,93.31,93.76,93.2,93.27,13677211,93.09,0.16439857521235,MSFT
2018-08-10,93.02,93.29,91.98,92.6,18183724,93.27,-0.6109236801313,MSFT
2018-08-13,92.84,93.18,91.7,91.81,18474884,92.6,-0.72477064220184,MSFT
2018-08-14,92.16,93.35,91.64,93.16,16788314,91.81,1.2475741613529,MSFT
2018-08-15,92.51,93.005,90.84,91.68,29982806,93.16,-1.7342095655349,MSFT
2018-08-16,92.32,92.88,91.32,91.66,21384289,91.68,-0.018577001671926,MSFT
2018-08-17,91.38,91.92,90.71,91.6,18061512,91.66,-0.055741360089188,MSFT
2018-08-20,91.53,91.92,90.5,90.89,17914201,91.6,-0.6599739728574,MSFT
2018-08-21,90.94,91.37,89.87,90.0,22881861,90.89,-0.83278749883036,MSFT
2018-08-22,89.87,91.36,89.8,91.08,18000639,90.0,1.0190602000377,MSFT
2018-08-23,91.17,92.2,90.89,91.58,18167723,91.08,0.46702783485896,MSFT
2018-08-24,91.69,92.58,91.58,92.42,17234020,91.58,0.78095946448494,MSFT
2018-08-27,93.29,93.66,92.53,93.62,19662331,92.42,1.1070110701107,MSFT
2018-08-28,93.96,94.52,93.81,94.28,19151528,93.62,0.60218978102191,MSFT
2018-08-29,94.47,96.05,94.29,96.04,20818044,94.28,1.5962270995828,MSFT
2018-08-30,95.69,96.63,95.46,95.97,22798702,96.04,-0.062488841278337,MSFT
2018-08-31,95.705,96.797,95.535,96.35,23222713,95.97,0.33943724877177,MSFT
2018-09-04,94.87,95.975,94.24,95.73,22634641,96.35,-0.5519451615775,MSFT
2018-09-05,95.03,95.44,92.12,92.51,32872352,95.73,-2.8824635216185,MSFT
2018-09-06,92.27,93.01,91.53,92.76,23477624,92.51,0.2304359848834,MSFT
2018-09-07,92.25,92.745,91.25,92.23,22498646,92.76,-0.48740114033474,MSFT
2018-09-10,92.86,93.66,92.38,93.4,20727906,92.23,1.0812309398392,MSFT
2018-09-11,92.92,95.61,92.91,95.26,24301774,93.4,1.7004936917169,MSFT
2018-09-12,95.45,95.87,94.53,95.73,18891064,95.26,0.4225098885293,MSFT
2018-09-13,96.14,97.745,96.14,96.93,26055620,95.73,1.0742100080566,MSFT
2018-09-14,97.38,97.75,96.46,97.39,19122349,96.93,0.40740412718095,MSFT
2018-09-17,97.71,97.72,95.88,96.16,20736516,97.39,-1.084943106642,MSFT
2018-09-18,96.21,97.715,95.74,97.23,22170934,96.16,0.9541644373105,MSFT
2018-09-19,97.07,97.34,95.055,95.72,21728429,97.23,-1.3338044342373,MSFT
2018-09-20,96.3,97.82,95.95,97.59,23714512,95.72,1.674127126231,MSFT
2018-09-21,98.02,99.31,97.53,98.28,71229698,97.59,0.60755481201022,MSFT
2018-09-24,97.05,98.92,96.238,98.69,27334460,98.28,0.3588307369158,MSFT
2018-09-25,98.82,99.12,97.77,98.47,22668014,98.69,-0.1918548879393,MSFT
2018-09-26,98.49,99.075,97.76,98.0,19352025,98.47,-0.41065967671472,MSFT
2018-09-27,98.8,98.93,98.22,98.43,19091299,98.0,0.37725916827513,MSFT
2018-09-28,98.21,98.59,97.7,98.39,21647811,98.43,-0.034961978847996,MSFT
2018-10-01,98.77,99.7,98.75,99.63,18883079,98.39,1.0842004022034,MSFT
2018-10-02,99.32,99.86,98.46,99.17,20787239,99.63,-0.39788945592941,MSFT
2018-10-03,99.44,100.2,98.95,99.19,16648018,99.17,0.017368649587491,MSFT
2018-10-04,98.63,98.779,95.65,96.81,34821717,99.19,-2.066510375966,MSFT
2018-10-05,96.65,97.19,94.66,96.15,29068859,96.81,-0.58515825871089,MSFT
2018-10-08,95.68,96.05,93.36,94.87,29640588,96.15,-1.1415321501828,MSFT
2018-10-09,95.16,97.1,94.82,96.28,26198594,94.87,1.2719891745602,MSFT
2018-10-10,95.26,95.52,89.81,90.18,61376315,96.28,-5.4338143595225,MSFT
2018-10-11,89.37,92.95,88.22,89.93,63904282,90.18,-0.23549359457423,MSFT
2018-10-12,93.03,95.26,91.14,93.59,47742109,89.93,3.4557643282032,MSFT
2018-10-15,92.93,93.5,90.967,91.62,32068103,93.59,-1.7979373916218,MSFT
2018-10-16,93.56,95.43,92.97,95.02,31610164,91.62,3.1598513011152,MSFT
2018-10-17,95.7,95.83,93.568,94.73,26548243,95.02,-0.26126126126127,MSFT
2018-10-18,94.12,94.55,91.85,92.52,32506192,94.73,-1.9962063047602,MSFT
2018-10-19,92.95,94.88,92.23,92.68,32785475,92.52,0.14746543778802,MSFT
2018-10-22,93.34,94.56,92.26,93.65,26545607,92.68,0.89269280323946,MSFT
2018-10-23,91.79,92.99,89.13,92.12,43770429,93.65,-1.3956033932318,MSFT
2018-10-24,92.43,92.51,85.61,86.34,63897759,92.12,-5.3469010175763,MSFT
2018-10-25,90.57,93.29,90.17,92.32,61646819,86.34,5.8444096950743,MSFT
2018-10-26,89.71,92.77,88.78,90.98,55523104,92.32,-1.2373037857802,MSFT
2018-10-29,92.125,92.72,85.65,87.87,55162001,90.98,-2.9076290201945,MSFT
2018-10-30,87.68,88.4,84.13,87.75,65350878,87.87,-0.11555127587866,MSFT
2018-10-31,89.455,92.16,89.41,90.83,51062383,87.75,2.9692470837752,MSFT
2018-11-01,91.07,91.34,89.55,89.94,33384201,90.83,-0.83325531317292,MSFT
2018-11-02,90.5,91.34,88.995,90.18,37680194,89.94,0.22658610271903,MSFT
2018-11-05,90.39,91.76,89.92,91.53,27922144,90.18,1.2716654107008,MSFT
2018-11-06,91.4,92.86,90.3,91.74,24340248,91.53,0.1953306669147,MSFT
2018-11-07,93.46,96.26,93.42,95.98,37901704,91.74,3.9361307092462,MSFT
2018-11-08,95.82,96.23,94.93,95.77,25644105,95.98,-0.18756698821007,MSFT
2018-11-09,94.87,95.47,92.78,93.59,32039223,95.77,-1.9507829977629,MSFT
2018-11-12,93.44,93.98,90.12,90.89,33621807,93.59,-2.4641781509537,MSFT
2018-11-13,91.57,92.76,90.66,90.96,35374583,90.89,0.065500140357437,MSFT
2018-11-14,92.58,92.74,88.95,89.45,39495141,90.96,-1.8421544791472,MSFT
2018-11-15,89.47,92.28,88.39,91.76,38505165,89.45,2.2006287510717,MSFT
2018-11-16,91.56,93.36,91.28,92.77,33502121,91.76,0.94146159582402,MSFT
2018-11-19,92.75,93.04,88.03,89.1,44773899,92.77,-3.3890479268631,MSFT
2018-11-20,86.28,87.45,83.833,86.19,64052457,89.1,-2.781494934047,MSFT
2018-11-21,88.08,88.91,86.72,87.59,28130621,86.19,1.3764624913971,MSFT
2018-11-23,86.65,88.29,86.48,87.55,13823099,87.59,-0.038793521481919,MSFT
2018-11-26,89.27,91.11,89.06,90.95,32336165,87.55,3.2987290191132,MSFT
2018-11-27,90.75,91.81,89.84,91.62,29124486,90.95,0.62928524466986,MSFT
2018-11-28,92.37,95.81,92.34,95.6,46788461,91.62,3.7147657270861,MSFT
2018-11-29,94.81,95.595,93.51,94.67,28123195,95.6,-0.83693304535638,MSFT
2018-11-30,95.18,95.45,93.84,95.37,33665624,94.67,0.63526635810872,MSFT
2018-12-03,97.48,97.9,95.21,96.57,34732772,95.37,1.082153485436,MSFT
2018-12-04,96.42,97.117,92.692,93.0,45196984,96.57,-3.1849406726738,MSFT
2018-12-06,90.3,93.72,89.48,93.67,49107431,93.0,0.61739771470697,MSFT
2018-12-07,92.86,93.93,88.78,89.3,45044937,93.67,-4.0021980034802,MSFT
2018-12-10,89.28,92.46,88.37,92.07,40801525,89.3,2.6426254531578,MSFT
2018-12-11,94.28,95.43,91.92,93.07,42381947,92.07,0.92945441026118,MSFT
2018-12-12,95.37,95.75,93.52,93.56,36183020,93.07,0.45123860392301,MSFT
2018-12-13,94.06,95.35,93.11,93.93,31333362,93.56,0.33920058672534,MSFT
2018-12-14,92.73,93.74,89.98,90.51,47043136,93.93,-3.1247144814984,MSFT
2018-12-17,89.89,90.28,86.19,87.37,56957314,90.51,-2.9614260115062,MSFT
2018-12-18,88.23,88.99,87.0,88.45,49319196,87.37,1.0496646904461,MSFT
2018-12-19,88.13,91.36,85.83,88.17,68198186,88.45,-0.26930845436184,MSFT
2018-12-20,87.53,88.79,83.26,85.99,70334184,88.17,-2.102420677018,MSFT
2018-12-21,86.11,87.48,81.94,82.71,111242070,85.99,-3.2312087479066,MSFT
2018-12-24,82.16,82.45,78.46,78.61,43935192,82.71,-4.173877634124,MSFT
2018-12-26,79.62,85.17,78.44,85.04,51634793,78.61,6.8309784340805,MSFT
2018-12-27,83.78,85.67,80.88,85.66,49498509,85.04,0.61654733492443,MSFT
2018-12-28,86.57,86.89,84.0,84.87,38169312,85.66,-0.78078671674245,MSFT
2018-12-31,85.77,86.88,84.92,86.05,33173765,84.87,1.1754158780755,MSFT
2019-01-02,84.03,86.23,83.42,85.6,35329345,86.05,-0.44304420596632,MSFT
2019-01-03,84.58,84.665,81.68,81.88,42578410,85.6,-3.6787974683544,MSFT
2019-01-04,84.2,86.99,83.41,86.41,44060620,81.88,4.6509240246407,MSFT
2019-01-07,86.12,87.748,85.46,86.54,35656136,86.41,0.1275385068184,MSFT
2019-01-08,87.52,88.45,86.193,87.28,31514415,86.54,0.72506368802665,MSFT
2019-01-09,88.34,89.36,87.725,88.75,32280840,87.28,1.4299610894942,MSFT
2019-01-10,87.7,88.23,86.86,88.08,30067556,88.75,-0.6425625779227,MSFT
2019-01-11,87.67,87.92,86.12,87.28,28314202,88.08,-0.77220077220077,MSFT
2019-01-14,86.38,87.352,85.74,86.53,28437079,87.28,-0.7295719844358,MSFT
2019-01-15,86.99,89.53,86.36,89.49,31587616,86.53,2.9005389514944,MSFT
2019-01-16,89.74,90.735,89.44,89.86,29853865,89.49,0.35234739548613,MSFT
2019-01-17,89.48,91.105,89.24,90.6,28393015,89.86,0.70222053520593,MSFT
2019-01-18,91.94,92.38,90.39,92.19,37427587,90.6,1.4983038070109,MSFT
2019-01-22,91.23,91.58,89.34,90.16,32371253,92.19,-1.884690372296,MSFT
2019-01-23,90.6,91.52,89.82,91.19,25874294,90.16,0.97464042392126,MSFT
2019-01-24,91.34,91.48,89.82,90.68,23164838,91.19,-0.477930840596,MSFT
2019-01-25,91.72,92.36,91.07,91.65,31218193,90.68,0.91337099811676,MSFT
2019-01-28,90.74,90.96,89.14,89.56,29476719,91.65,-1.9501726229355,MSFT
2019-01-29,89.36,89.45,86.65,87.42,31490547,89.56,-2.0365435858394,MSFT
2019-01-30,89.1,90.86,88.81,90.86,49471866,87.42,3.3417524771712,MSFT
2019-01-31,88.28,89.7,87.66,88.91,55636391,90.86,-1.8330513254371,MSFT
2019-02-01,88.255,88.58,86.83,87.26,35535690,88.91,-1.5800057454754,MSFT
2019-02-04,87.35,90.28,87.25,90.22,31315282,87.26,2.8799377310761,MSFT
2019-02-05,90.54,91.75,90.44,91.7,27325365,90.22,1.3996595422735,MSFT
2019-02-06,91.48,91.48,90.01,90.51,20609759,91.7,-1.109867562022,MSFT
2019-02-07,89.665,90.07,88.77,89.75,29760697,90.51,-0.71677827030086,MSFT
2019-02-08,88.87,90.26,88.74,90.15,21461093,89.75,0.3799753016054,MSFT
2019-02-11,90.68,91.06,89.445,89.73,18914123,90.15,-0.39746380240371,MSFT
2019-02-12,90.62,91.62,89.96,91.37,25056595,89.73,1.5581947743468,MSFT
2019-02-13,91.98,92.26,91.19,91.29,18394869,91.37,-0.074843296847225,MSFT
2019-02-14,90.79,91.77,90.14,91.38,21784703,91.29,0.084261773242209,MSFT
2019-02-15,92.39,92.78,91.842,92.7,26606886,91.38,1.2347988774556,MSFT
2019-02-19,92.27,93.14,92.26,92.65,18038460,92.7,-0.046202180742928,MSFT
2019-02-20,92.8,92.88,91.23,92.09,21607671,92.65,-0.94296015531108,MSFT
2019-02-21,91.84,94.42,91.81,94.35,29063231,92.09,2.1091927204853,MSFT
2019-02-22,94.99,96.14,94.76,95.91,27763218,94.35,1.4258294488621,MSFT
2019-02-25,96.7,97.12,96.2,96.53,23750599,95.91,0.55870956114266,MSFT
2019-02-26,96.2,98.18,96.11,97.3,21536733,96.53,0.69002598799175,MSFT
2019-02-27,96.63,97.3,95.82,97.11,21487062,97.3,-0.1690993236027,MSFT
2019-02-28,96.98,97.82,96.67,96.97,29083934,97.11,-0.12481055540697,MSFT
2019-03-01,97.83,97.96,96.605,97.47,23501169,96.97,0.44630902436847,MSFT
2019-03-04,97.96,98.19,95.74,97.2,26608014,97.47,-0.23993601706211,MSFT
2019-03-05,97.19,97.33,96.17,96.64,19538318,97.2,-0.49884197398896,MSFT
2019-03-06,96.81,97.6,96.37,96.69,17686996,96.64,0.044762757385852,MSFT
2019-03-07,96.34,96.49,94.805,95.33,25338954,96.69,-1.2170022371365,MSFT
2019-03-08,94.1,95.65,93.74,95.45,22818430,95.33,0.10870549868648,MSFT
2019-03-11,95.93,97.89,95.92,97.77,26491618,95.45,2.0993575242059,MSFT
2019-03-12,97.76,98.93,97.59,98.56,26132717,97.77,0.70016839493043,MSFT
2019-03-13,99.07,99.94,98.72,99.44,35513771,98.56,0.77451152966027,MSFT
2019-03-14,99.48,100.14,99.27,99.53,30763367,99.44,0.078602620087339,MSFT
2019-03-15,100.28,102.19,99.53,100.85,54630661,99.53,1.1519329784449,MSFT
2019-03-18,101.11,102.55,100.99,102.51,31207596,100.85,1.4321456302303,MSFT
2019-03-19,103.03,103.38,101.93,102.59,37588697,102.51,0.068044569192832,MSFT
2019-03-20,102.33,103.69,101.65,102.46,28113343,102.59,-0.11049723756907,MSFT
2019-03-21,102.075,105.76,102.03,105.16,29854446,102.46,2.2974812797822,MSFT
2019-03-22,104.44,104.53,101.98,101.99,33624528,105.16,-2.636832473798,MSFT
2019-03-25,101.5,102.95,101.262,102.6,27067117,101.99,0.52114480991029,MSFT
2019-03-26,103.56,103.645,101.79,102.85,26097665,102.6,0.21247662757097,MSFT
2019-03-27,102.815,103.15,100.462,101.71,22733427,102.85,-0.96683911457892,MSFT
2019-03-28,102.38,102.52,101.07,101.87,18334755,101.71,0.13702149524708,MSFT
2019-03-29,103.01,103.26,101.9,102.88,25399752,101.87,0.8637646455144,MSFT
2019-04-01,103.89,104.049,103.04,103.96,22789103,102.88,0.91571985755469,MSFT
2019-04-02,104.0,104.42,103.46,104.13,18142297,103.96,0.14283313728785,MSFT
2019-04-03,104.8,105.37,104.09,104.91,22860744,104.13,0.654417316889,MSFT
2019-04-04,105.04,105.17,103.32,104.3,20112848,104.91,-0.50846044844544,MSFT
2019-04-05,104.33,105.17,104.31,104.83,15826245,104.3,0.44403485254692,MSFT
2019-04-08,104.75,104.96,103.58,104.87,15116186,104.83,0.033363916923852,MSFT
2019-04-09,103.57,104.48,103.52,104.22,17611981,104.87,-0.5419828233136,MSFT
2019-04-10,104.7,105.29,104.48,105.13,16477169,104.22,0.76291079812206,MSFT
2019-04-11,105.48,105.79,104.86,105.27,14209121,105.13,0.11648223645894,MSFT
2019-04-12,105.58,105.92,105.31,105.89,19745143,105.27,0.51524972990942,MSFT
2019-04-15,105.88,106.52,105.51,105.99,15792572,105.89,0.082678792889619,MSFT
2019-04-16,106.58,106.59,105.04,105.71,14071787,105.99,-0.23130937629079,MSFT
2019-04-17,106.18,106.79,105.48,106.71,19300938,105.71,0.82802020369297,MSFT
2019-04-18,107.13,108.46,106.242,108.31,27990998,106.71,1.3139525334647,MSFT
2019-04-22,107.56,108.94,107.51,108.7,15648724,108.31,0.31612223393045,MSFT
2019-04-23,109.04,110.52,108.77,110.38,24025521,108.7,1.3574660633484,MSFT
2019-04-24,110.73,110.79,109.46,109.95,31256980,110.38,-0.34279336734693,MSFT
2019-04-25,115.0,116.31,113.77,114.09,38033892,109.95,3.3117350611951,MSFT
2019-04-26,114.64,115.455,113.96,114.83,23654933,114.09,0.572977158343,MSFT
2019-04-29,114.84,115.12,114.29,114.71,16324183,114.83,-0.092385864962642,MSFT
2019-04-30,114.75,115.64,114.335,115.54,24166503,114.71,0.63959312630037,MSFT
2019-05-01,115.47,115.59,112.64,112.82,26821692,115.54,-2.0826952526799,MSFT
2019-05-02,112.92,112.94,110.46,111.15,27350161,112.82,-1.3059117923053,MSFT
2019-05-03,112.3,114.37,112.19,113.84,24911126,111.15,2.1313683543301,MSFT
2019-05-06,111.33,113.5,111.05,113.09,24239464,113.84,-0.58184639255237,MSFT
2019-05-07,111.4,112.12,109.16,110.46,36017661,113.09,-2.052282481467,MSFT
2019-05-08,110.38,111.31,109.69,110.45,28418996,110.46,-0.0079668578712483,MSFT
2019-05-09,109.23,110.73,108.51,110.44,27235835,110.45,-0.0079674926300734,MSFT
2019-05-10,109.85,112.87,108.76,112.07,30915084,110.44,1.2988047808765,MSFT
2019-05-13,109.05,110.49,107.98,108.29,33944923,112.07,-2.9733343821285,MSFT
2019-05-14,108.81,110.82,108.64,109.67,25266315,108.29,1.11876773409,MSFT
2019-05-15,109.66,112.11,109.1,111.42,24722708,109.67,1.0342339453219,MSFT
2019-05-16,112.15,114.78,111.86,114.33,30112216,111.42,2.3091572766228,MSFT
2019-05-17,113.705,115.86,113.32,113.47,25770539,114.33,-0.6670286201815,MSFT
2019-05-20,111.92,112.989,111.161,111.62,23706934,113.47,-1.4445225267432,MSFT
2019-05-21,112.83,112.927,111.98,112.3,15293260,111.62,0.53874187925844,MSFT
2019-05-22,112.02,113.64,111.92,113.07,15396485,112.3,0.60677698975571,MSFT
2019-05-23,111.6,111.69,110.14,111.58,23603810,113.07,-1.1670713558393,MSFT
2019-05-24,112.31,112.815,111.37,111.64,14123358,111.58,0.047551117451251,MSFT
2019-05-28,112.38,113.4,111.45,111.56,23128359,111.64,-0.06337135614702,MSFT
2019-05-29,110.78,110.79,109.44,110.34,22763140,111.56,-0.96702599873177,MSFT
2019-05-30,110.66,111.16,110.18,111.13,16829613,110.34,0.63230350568273,MSFT
2019-05-31,109.63,110.015,108.72,109.08,26646769,111.13,-1.6304780084308,MSFT
2019-06-03,109.25,109.77,104.41,105.24,37983637,109.08,-3.104786545925,MSFT
2019-06-04,106.68,108.68,106.052,108.56,29382642,105.24,2.7703604806408,MSFT
2019-06-05,110.35,111.27,109.61,111.23,24926140,108.56,2.1679116596298,MSFT
2019-06-06,111.84,113.37,111.0,113.22,21458961,111.23,1.5814988476516,MSFT
2019-06-07,114.59,117.65,113.66,116.8,33885588,113.22,2.8008136441871,MSFT
2019-06-10,117.8,119.48,117.4,118.0,26477098,116.8,0.91324200913241,MSFT
2019-06-11,119.28,119.64,116.676,117.5,23913731,118.0,-0.37707390648567,MSFT
2019-06-12,116.8,117.37,116.11,116.89,17092464,117.5,-0.46177138531414,MSFT
2019-06-13,117.38,118.07,116.96,117.72,17200848,116.89,0.63122670925544,MSFT
2019-06-14,117.66,119.19,117.04,117.85,17821703,117.72,0.098246674727929,MSFT
2019-06-17,118.03,119.13,117.93,118.25,14517785,117.85,0.30200075500189,MSFT
2019-06-18,119.59,120.64,118.97,120.56,25934458,118.25,1.7388031614603,MSFT
2019-06-19,120.4,121.33,119.21,121.09,23744441,120.56,0.39212784847588,MSFT
2019-06-20,122.85,123.06,121.12,122.35,33042592,121.09,0.9285872208711,MSFT
2019-06-21,121.98,123.13,121.86,122.37,36727892,122.35,0.014603870025564,MSFT
2019-06-24,122.4,123.8,122.4,123.18,20628841,122.37,0.5913703730744,MSFT
2019-06-25,122.65,122.99,118.13,118.83,33327420,123.18,-3.1572071418203,MSFT
2019-06-26,119.75,121.14,119.0,119.33,23657745,118.83,0.37472832196657,MSFT
2019-06-27,119.54,120.11,118.91,119.55,16557482,119.33,0.16426491450758,MSFT
2019-06-28,119.97,120.0,118.556,119.36,30042969,119.55,-0.14163250093179,MSFT
2019-07-01,122.03,122.1,120.37,121.08,22654160,119.36,1.2839653627949,MSFT
2019-07-02,121.52,121.99,120.74,121.98,15237843,121.08,0.66332547169812,MSFT
2019-07-03,122.2,123.14,121.695,122.86,13629296,121.98,0.64431102650461,MSFT
2019-07-05,121.34,122.73,121.12,122.46,18141140,122.86,-0.29099374363452,MSFT
2019-07-08,121.8,122.5,120.77,122.36,16779748,122.46,-0.072960747118046,MSFT
2019-07-09,121.4,122.37,121.2,121.86,19953097,122.36,-0.36507009345794,MSFT
2019-07-10,122.53,123.98,122.42,123.25,24204362,121.86,1.0186135131174,MSFT
2019-07-11,123.6,124.62,123.27,123.8,22327942,123.25,0.39898440333697,MSFT
2019-07-12,124.25,124.53,123.41,124.3,18936832,123.8,0.36127167630058,MSFT
2019-07-15,124.84,124.94,123.86,124.3,16651457,124.3,0.0,MSFT
2019-07-16,124.36,124.45,121.92,122.48,22726128,124.3,-1.3102951763859,MSFT
2019-07-17,123.1,123.33,121.62,121.67,20210956,122.48,-0.59089582725416,MSFT
2019-07-18,120.95,122.02,120.07,121.82,30808707,121.67,0.11007558523518,MSFT
2019-07-19,125.62,126.07,121.85,122.02,48992364,121.82,0.14660606949129,MSFT
2019-07-22,122.81,124.59,122.73,123.83,25080760,122.02,1.3248426291905,MSFT
2019-07-23,125.16,125.39,123.43,124.69,18034589,123.83,0.62125261865202,MSFT
2019-07-24,124.3,126.14,124.25,126.12,20738275,124.69,1.026635077895,MSFT
2019-07-25,125.83,126.01,124.722,125.59,18356883,126.12,-0.37663445139284,MSFT
2019-07-26,125.77,127.075,125.7,126.74,19037600,125.59,0.82031528639704,MSFT
2019-07-29,126.9,126.91,124.766,126.43,16605870,126.74,-0.2193292769209,MSFT
2019-07-30,125.54,126.62,125.201,125.75,16846528,126.43,-0.48216691484082,MSFT
2019-07-31,125.73,125.89,120.48,121.67,38598786,125.75,-2.9070181688635,MSFT
2019-08-01,122.4,126.338,122.33,123.46,40557502,121.67,1.3135686504733,MSFT
2019-08-02,123.49,123.72,120.66,122.3,30791624,123.46,-0.84021439953643,MSFT
2019-08-05,118.7,119.33,116.18,117.61,42749551,122.3,-3.4258582907232,MSFT
2019-08-06,119.2,121.08,118.61,120.09,32696651,117.61,1.8758036457151,MSFT
2019-08-07,119.19,121.05,117.228,120.68,33414539,120.09,0.4380429133566,MSFT
2019-08-08,122.0,124.39,121.33,124.29,27496508,120.68,2.6685393258427,MSFT
2019-08-09,124.01,124.78,121.86,123.11,23466701,124.29,-0.84959320325436,MSFT
2019-08-12,122.47,123.26,120.64,121.19,20484348,123.11,-1.3942342604023,MSFT
2019-08-13,121.45,124.2,120.4,124.0,25496593,121.19,2.0693718241402,MSFT
2019-08-14,122.22,122.78,119.53,119.84,32527251,124.0,-3.3333333333333,MSFT
2019-08-15,120.25,120.44,118.11,119.54,28125416,119.84,-0.22391401701745,MSFT
2019-08-16,120.74,122.32,120.58,121.99,25026151,119.54,1.8327348892878,MSFT
2019-08-19,123.715,124.41,122.745,124.27,24370543,121.99,1.6748696099317,MSFT
2019-08-20,124.07,124.57,123.1,123.12,21188998,124.27,-0.83086482190594,MSFT
2019-08-21,124.41,125.354,123.86,124.65,14982314,123.12,1.1146728835786,MSFT
2019-08-22,124.52,125.06,122.15,123.64,18709662,124.65,-0.72771813531234,MSFT
2019-08-23,123.05,124.21,118.66,119.25,38515386,123.64,-3.1862389316301,MSFT
2019-08-26,120.85,121.42,119.76,121.31,20325271,119.25,1.5443436539471,MSFT
2019-08-27,122.25,122.58,120.52,121.6,23115635,121.31,0.21410114433372,MSFT
2019-08-28,120.74,121.62,119.41,121.42,17410828,121.6,-0.13260645351408,MSFT
2019-08-29,123.11,124.3,122.77,123.98,20179716,121.42,1.888462673355,MSFT
2019-08-30,125.01,125.04,122.13,123.72,23946123,123.98,-0.18824210831161,MSFT
2019-09-03,122.47,123.06,121.56,121.9,18880773,123.72,-1.3201798926447,MSFT
2019-09-04,123.16,123.55,122.34,123.49,18015310,121.9,1.1687738900323,MSFT
2019-09-05,124.97,126.244,124.62,125.91,26119520,123.49,1.7583375717504,MSFT
2019-09-06,125.89,126.04,124.06,124.96,20824504,125.91,-0.67832916815424,MSFT
2019-09-09,125.45,125.61,122.32,123.38,25773932,124.96,-1.1358734723221,MSFT
2019-09-10,122.66,122.746,120.37,121.94,28903378,123.38,-1.0471204188482,MSFT
2019-09-11,121.77,122.13,120.95,121.98,24726117,121.94,0.029394473838912,MSFT
2019-09-12,123.71,124.28,122.73,123.38,27009981,121.98,1.0285042609462,MSFT
2019-09-13,123.64,123.92,122.43,123.18,23363057,123.38,-0.1454333915067,MSFT
2019-09-16,121.69,122.56,121.52,122.19,16731440,123.18,-0.72094378094959,MSFT
2019-09-17,122.82,123.38,122.285,123.25,17976285,122.19,0.77752512286362,MSFT
2019-09-18,123.22,124.53,122.39,124.38,24473386,123.25,0.8224761627484,MSFT
2019-09-19,126.16,128.23,125.934,126.93,36095413,124.38,1.8408894022524,MSFT
2019-09-20,126.87,127.51,124.11,125.3,40040766,126.93,-1.1554547387822,MSFT
2019-09-23,125.09,125.49,124.3,125.0,17408374,125.3,-0.21514629948366,MSFT
2019-09-24,126.22,126.55,122.74,123.24,30016670,125.0,-1.2649130372287,MSFT
2019-09-25,123.36,125.818,121.89,125.22,22544054,123.24,1.4412578250109,MSFT
2019-09-26,125.3,126.04,124.3,125.4,17813512,125.22,0.12916188289321,MSFT
2019-09-27,126.01,126.22,122.505,123.59,22498958,125.4,-1.2971191056328,MSFT
2019-09-30,123.91,125.075,123.64,124.89,18430390,123.59,0.94387569883105,MSFT
2019-10-01,125.52,126.11,122.86,122.93,22581929,124.89,-1.4097676760411,MSFT
2019-10-02,122.11,122.23,119.44,120.51,32001763,122.93,-1.7655212665062,MSFT
2019-10-03,120.81,122.61,119.08,122.14,26379798,120.51,1.2105458596361,MSFT
2019-10-04,122.61,124.11,122.28,123.98,23839548,122.14,1.3501614323452,MSFT
2019-10-07,123.0,124.04,122.88,122.98,16601284,123.98,-0.72400810889082,MSFT
2019-10-08,122.94,123.62,121.48,121.53,26783336,122.98,-1.0574679113186,MSFT
2019-10-09,123.32,124.56,122.83,124.1,20178482,121.53,1.8943023512936,MSFT
2019-10-10,124.35,125.53,124.11,124.96,18396605,124.1,0.62210648148147,MSFT
2019-10-11,125.98,126.89,125.36,125.54,25551065,124.96,0.41696621135874,MSFT
2019-10-14,125.55,126.15,125.38,125.41,13591639,125.54,-0.093069873997706,MSFT
2019-10-15,125.92,127.65,125.67,127.435,19917762,125.41,1.4510927982802,MSFT
2019-10-16,126.65,126.85,125.39,126.27,20841687,127.435,-0.82288539643298,MSFT
2019-10-17,126.81,127.28,124.88,125.55,22102797,126.27,-0.51278398974432,MSFT
2019-10-18,125.62,125.86,122.42,123.27,32284428,125.55,-1.6321855537261,MSFT
2019-10-21,124.31,124.36,122.87,124.29,20716039,123.27,0.74230405356234,MSFT
2019-10-22,124.83,125.87,122.12,122.23,27935270,124.29,-1.4881167377014,MSFT
2019-10-23,122.74,123.31,121.47,123.1,31380309,122.23,0.63797022805603,MSFT
2019-10-24,125.25,126.28,124.53,125.8,37278399,123.1,1.9673564558438,MSFT
2019-10-25,125.2,127.0,125.06,126.59,25959724,125.8,0.56452765470916,MSFT
2019-10-28,130.26,131.53,129.37,130.05,35280137,126.59,2.4586086832943,MSFT
2019-10-29,129.94,130.36,128.51,128.69,20589469,130.05,-0.94319994451764,MSFT
2019-10-30,129.38,130.86,128.65,130.47,18496591,128.69,1.2462367849891,MSFT
2019-10-31,130.76,130.79,128.85,129.23,24605135,130.47,-0.85747873591039,MSFT
2019-11-01,130.12,130.28,128.825,129.58,33128366,129.23,0.24412359628932,MSFT
2019-11-04,130.69,130.86,130.02,130.41,16911999,129.58,0.57751182855553,MSFT
2019-11-05,130.83,130.88,129.765,130.32,18250172,130.41,-0.062262193012801,MSFT
2019-11-06,130.23,130.38,129.06,129.92,16575798,130.32,-0.27689325764918,MSFT
2019-11-07,129.7,130.74,129.63,130.12,17786715,129.92,0.13883104262112,MSFT
2019-11-08,129.84,131.85,129.62,131.82,16752939,130.12,1.1784278386247,MSFT
2019-11-11,131.2,132.28,130.59,131.97,14370178,131.82,0.1027678816114,MSFT
2019-11-12,132.14,133.43,131.92,132.93,18648712,131.97,0.65703921702825,MSFT
2019-11-13,132.6,133.323,132.14,133.17,17444230,132.93,0.16318759774258,MSFT
2019-11-14,132.88,134.27,132.86,133.92,19755100,133.17,0.5091304052678,MSFT
2019-11-15,134.79,135.85,134.13,135.83,23508807,133.92,1.2900175604485,MSFT
2019-11-18,135.93,136.41,134.84,136.2,21554762,135.83,0.24671600986864,MSFT
2019-11-19,136.74,137.19,136.055,136.25,23960164,136.2,0.033257948649716,MSFT
2019-11-20,136.68,137.21,134.83,135.99,25720060,136.25,-0.51200212780104,MSFT
2019-11-21,135.77,136.17,134.871,135.85,18576083,135.99,-0.093570378291682,MSFT
2019-11-22,136.44,136.67,135.19,135.96,15841680,135.85,0.073588439925083,MSFT
2019-11-25,136.37,137.72,136.29,137.6,22428585,135.96,1.0963299685808,MSFT
2019-11-26,137.73,138.79,137.69,138.4,24635100,137.6,0.52899556966211,MSFT
2019-11-27,138.7,138.87,137.89,138.69,15201293,138.4,0.19075182529763,MSFT
2019-11-29,138.47,138.67,137.65,137.75,11977300,138.69,-0.61712184873949,MSFT
2019-12-02,138.18,138.2,134.69,135.92,27473616,137.75,-1.2088783194609,MSFT
2019-12-03,133.86,135.8,133.02,135.68,25192145,135.92,-0.16048144433301,MSFT
2019-12-04,136.51,136.55,135.57,136.22,17580617,135.68,0.36166365280289,MSFT
2019-12-05,136.42,136.69,135.85,136.3,17880601,136.22,0.053386720053395,MSFT
2019-12-06,137.36,138.24,136.64,138.12,16410400,136.3,1.213899819916,MSFT
2019-12-09,137.44,138.58,137.28,137.73,16741350,138.12,-0.25700164744645,MSFT
2019-12-10,137.66,138.26,137.135,137.5,16481060,137.73,-0.15195560253701,MSFT
2019-12-11,137.91,138.24,136.7,138.07,18860001,137.5,0.37715873751075,MSFT
2019-12-12,138.02,139.81,137.39,139.61,24645366,138.07,1.0151615029664,MSFT
2019-12-13,139.374,141.26,139.2,140.9,23850062,139.61,0.84181675802662,MSFT
2019-12-16,141.48,142.27,141.19,141.9,24152770,140.9,0.647123535883,MSFT
2019-12-17,141.82,142.08,140.82,141.06,25443527,141.9,-0.5400887288626,MSFT
2019-12-18,140.67,141.85,140.55,140.74,24132379,141.06,-0.2068653435904,MSFT
2019-12-19,140.37,142.14,140.12,142.08,25813825,140.74,0.86804430912742,MSFT
2019-12-20,143.72,144.86,142.66,143.78,53599613,142.08,1.0917731680688,MSFT
2019-12-23,144.49,144.49,143.64,143.78,17726283,143.78,0.0,MSFT
2019-12-24,143.85,144.08,143.485,143.75,8989150,143.78,-0.019058509624548,MSFT
2019-12-26,143.93,145.1,143.77,145.04,14526927,143.75,0.81967213114754,MSFT
2019-12-27,145.82,145.92,144.59,145.33,18414352,145.04,0.18276926955317,MSFT
2019-12-30,145.357,145.39,143.1,143.96,16356720,145.33,-0.86185203824862,MSFT
2019-12-31,143.14,144.14,142.82,144.07,18393383,143.96,0.069801383336497,MSFT
2020-01-02,145.15,147.1,144.7,146.99,22634546,144.07,1.851616994293,MSFT
2020-01-03,144.69,146.315,144.43,144.99,21121681,146.99,-1.2451749470801,MSFT
2020-01-06,143.45,145.47,142.88,145.4,20826702,144.99,0.25847938469297,MSFT
2020-01-07,145.69,146.04,143.69,143.95,21881740,145.4,-0.91177765201534,MSFT
2020-01-08,145.3,147.17,144.319,146.46,27762026,143.95,1.5928417311842,MSFT
2020-01-09,148.205,148.585,147.4,148.46,21399951,146.46,1.2492972702855,MSFT
2020-01-10,149.194,149.59,147.55,147.71,20733946,148.46,-0.46270590412734,MSFT
2020-01-13,148.13,149.68,147.63,149.65,21637007,147.71,1.2024296516673,MSFT
2020-01-14,149.76,149.97,148.09,148.5,23500783,149.65,-0.70431161195493,MSFT
2020-01-15,148.99,150.31,148.94,149.55,21417871,148.5,0.64762844630852,MSFT
2020-01-16,150.72,152.61,150.4,152.54,23865360,149.55,1.8323323936757,MSFT
2020-01-17,153.79,153.838,151.8,153.47,34371659,152.54,0.55966781007402,MSFT
2020-01-21,153.05,154.56,152.8,152.87,29517191,153.47,-0.35906642728905,MSFT
2020-01-22,153.77,153.86,152.05,152.07,24138777,152.87,-0.48048048048049,MSFT
2020-01-23,152.56,153.17,151.64,153.09,19680766,152.07,0.61557030778516,MSFT
2020-01-24,153.88,153.9,150.82,151.41,24918117,153.09,-1.0076775431862,MSFT
2020-01-27,147.52,149.745,146.57,148.65,32078067,151.41,-1.6723218613669,MSFT
2020-01-28,150.15,152.125,149.443,151.83,24899940,148.65,1.9595760414099,MSFT
2020-01-29,154.21,155.12,152.06,154.41,35127771,151.83,1.5592892542004,MSFT
2020-01-30,160.42,160.42,157.16,159.15,51597470,154.41,2.820756962628,MSFT
2020-01-31,158.58,158.77,155.95,156.6,36142690,159.15,-1.4758652621831,MSFT
2020-02-03,156.8,160.87,156.77,160.75,30149052,156.6,2.4378781648358,MSFT
2020-02-04,163.51,167.01,162.68,166.49,36433339,160.75,3.2916618878312,MSFT
2020-02-05,170.4,170.57,164.78,166.27,39186324,166.49,-0.12214079502554,MSFT
2020-02-06,167.34,170.19,166.429,170.0,27751381,166.27,2.0733740967204,MSFT
2020-02-07,169.215,172.0,168.85,170.26,33529074,170.0,0.14158906496759,MSFT
2020-02-10,169.95,175.21,169.62,175.07,35844267,170.26,2.6156941649899,MSFT
2020-02-11,177.02,177.07,169.87,170.81,53159906,175.07,-2.2575516693164,MSFT
2020-02-12,171.95,172.22,168.22,171.08,47062921,170.81,0.14638906961614,MSFT
2020-02-13,169.45,172.6,169.242,170.08,35295834,171.08,-0.54138920469926,MSFT
2020-02-14,169.62,171.78,169.02,171.72,23149516,170.08,0.89271133852266,MSFT
2020-02-18,171.975,174.07,171.87,173.6,27853113,171.72,1.0142972754249,MSFT
2020-02-19,174.94,175.06,173.35,174.16,29997471,173.6,0.026705122042414,MSFT
2020-02-20,173.83,174.13,167.98,171.3,36862376,174.16,-1.527125160188,MSFT
2020-02-21,170.05,170.38,164.13,165.47,48600385,171.3,-3.1612623359722,MSFT
2020-02-24,154.65,161.43,150.11,157.77,68311066,165.47,-4.3115515986338,MSFT
2020-02-25,161.08,161.72,154.526,154.95,68073295,157.77,-1.6501843291006,MSFT
2020-02-26,156.59,160.14,155.09,157.05,56387148,154.95,1.2494793835902,MSFT
2020-02-27,150.2,153.91,144.86,145.06,93174906,157.05,-7.0458952811894,MSFT
2020-02-28,139.29,150.59,138.88,148.89,97073557,145.06,2.4212921987609,MSFT
2020-03-02,152.19,159.8,149.19,159.67,71030810,148.89,6.6539102524536,MSFT
2020-03-03,160.68,161.88,149.14,151.39,71677019,159.67,-4.7919439782395,MSFT
2020-03-04,155.365,157.58,152.5,157.43,49814383,151.39,3.6715093307398,MSFT
2020-03-05,152.925,157.75,152.57,153.15,47817251,157.43,-2.5095279976546,MSFT
2020-03-06,149.49,149.99,142.88,148.45,72821057,153.15,-2.8267276117159,MSFT
2020-03-09,137.88,144.63,136.88,137.5,70419274,148.45,-6.7772482515318,MSFT
2020-03-10,145.04,147.91,139.46,147.8,65354385,137.5,6.8384012747311,MSFT
2020-03-11,144.01,144.58,138.03,140.51,56504304,147.8,-4.5302013422819,MSFT
2020-03-12,132.18,140.35,125.46,125.94,93226366,140.51,-9.4838247738072,MSFT
2020-03-13,134.38,148.79,127.61,145.71,92727446,125.94,14.216884797929,MSFT
2020-03-16,126.88,136.23,121.88,122.3,87905868,145.71,-14.739029150664,MSFT
2020-03-17,126.88,134.38,121.88,133.45,81059817,122.3,8.2336434795451,MSFT
2020-03-18,124.88,132.88,121.9,127.28,81593173,133.45,-4.2095926860886,MSFT
2020-03-19,129.65,137.03,125.88,129.59,85922661,127.28,1.6452991452991,MSFT
2020-03-20,132.88,133.98,122.74,124.23,84866215,129.59,-3.7558685446009,MSFT
2020-03-23,123.89,127.45,119.4,122.86,78975176,124.23,-0.99745176556244,MSFT
2020-03-24,130.63,136.48,128.15,135.22,82516727,122.86,9.0895719958818,MSFT
2020-03-25,135.79,141.21,131.32,133.8,75638224,135.22,-0.95726034784955,MSFT
2020-03-26,135.28,143.54,135.25,142.99,64694427,133.8,6.2551048189491,MSFT
2020-03-27,138.63,141.77,136.08,136.58,57042291,142.99,-4.106079046826,MSFT
2020-03-30,139.32,147.48,136.89,147.11,63420326,136.58,7.0340681362725,MSFT
2020-03-31,146.28,151.66,143.44,144.59,77927186,147.11,-1.5727391874181,MSFT
2020-04-01,139.88,144.63,137.7,138.99,57969926,144.59,-3.5508211273857,MSFT
2020-04-02,138.74,142.36,137.24,142.14,49630735,138.99,2.0708697653014,MSFT
2020-04-03,141.98,144.26,139.07,140.71,41243284,142.14,-0.92103568208166,MSFT
2020-04-06,147.2,153.38,144.46,152.15,67111697,140.71,7.4367808619905,MSFT
2020-04-07,156.465,156.88,150.14,150.37,62769038,152.15,-1.0770254734677,MSFT
2020-04-08,152.55,153.55,150.38,152.01,48318234,150.37,1.0031194568475,MSFT
2020-04-09,153.24,154.25,150.21,152.02,51431775,152.01,0.0060558347968212,MSFT
2020-04-13,151.23,152.45,149.18,152.39,41905264,152.02,0.22405231924428,MSFT
2020-04-14,155.88,160.63,154.88,160.58,52874338,152.39,4.9483414899402,MSFT
2020-04-15,158.08,160.45,156.12,158.76,40940833,160.58,-1.0477835348302,MSFT
2020-04-16,161.18,164.16,159.78,163.92,50479610,158.76,3.0020944845241,MSFT
2020-04-17,166.38,166.88,162.75,165.48,52765625,163.92,0.881156800723,MSFT
2020-04-20,163.51,165.63,161.87,161.94,36669595,165.48,-1.9820828667413,MSFT
2020-04-21,160.38,160.55,152.99,154.7,56203749,161.94,-4.135724894322,MSFT
2020-04-22,158.27,160.88,157.7,160.4,34651604,154.7,3.3964962459778,MSFT
2020-04-23,160.99,161.94,157.79,158.3,32790804,160.4,-1.210235131397,MSFT
2020-04-24,158.94,161.44,157.59,161.43,34305320,158.3,1.8259246295648,MSFT
2020-04-27,163.47,163.78,160.18,160.93,33194384,161.43,-0.28645087367516,MSFT
2020-04-28,162.47,162.55,156.27,156.69,34392694,160.93,-2.4360815857512,MSFT
2020-04-29,160.1,164.56,158.76,164.31,51286559,156.69,4.4873682350863,MSFT
2020-04-30,166.88,167.28,163.11,166.09,53875857,164.31,1.0032125345207,MSFT
2020-05-01,162.68,165.52,160.89,161.45,39370474,166.09,-2.5891412309581,MSFT
2020-05-04,161.37,165.88,160.68,165.72,30372862,161.45,2.4460101964828,MSFT
2020-05-05,167.5,170.53,166.78,167.64,36839168,165.72,1.0735853276672,MSFT
2020-05-06,168.96,171.08,168.511,169.42,32139299,167.64,0.9847311352069,MSFT
2020-05-07,171.05,171.43,169.46,170.48,28315992,169.42,0.58069464227019,MSFT
2020-05-08,171.86,171.88,170.24,171.56,30912638,170.48,0.58823529411765,MSFT
2020-05-11,170.03,174.39,169.73,173.62,30892660,171.56,1.1154429283084,MSFT
2020-05-12,173.68,173.92,169.18,169.39,32038199,173.62,-2.2651815358252,MSFT
2020-05-13,169.43,170.93,163.42,166.63,44711488,169.39,-1.512245904334,MSFT
2020-05-14,164.42,167.57,162.56,167.41,41873911,166.63,0.43393602225313,MSFT
2020-05-15,165.94,173.94,163.88,170.04,46610382,167.41,1.4568215809007,MSFT
2020-05-18,172.63,173.08,170.84,171.79,35306620,170.04,0.95544878794497,MSFT
2020-05-19,171.91,173.48,170.37,170.51,26799116,171.79,-0.69222865177654,MSFT
2020-05-20,172.2,173.24,171.33,173.05,31261334,170.51,1.1054838534009,MSFT
2020-05-21,172.79,174.06,170.68,170.82,29119513,173.05,-1.2011203274803,MSFT
2020-05-22,170.58,171.85,169.93,170.9,20826898,170.82,0.043613367497129,MSFT
2020-05-26,173.73,173.89,168.49,168.96,36073609,170.9,-1.0571630973789,MSFT
2020-05-27,167.59,169.378,163.99,169.2,39517146,168.96,0.13218042628188,MSFT
2020-05-28,168.13,171.537,167.77,168.79,33831824,169.2,-0.22551014795666,MSFT
2020-05-29,170.12,171.66,167.8,170.64,42146720,168.79,1.0198456449835,MSFT
2020-06-01,169.93,170.39,168.85,170.22,22668821,170.64,-0.22919508867666,MSFT
2020-06-02,171.64,172.39,168.74,172.3,30794585,170.22,1.1376688727233,MSFT
2020-06-03,172.205,173.33,170.97,172.75,27311016,172.3,0.2433616353902,MSFT
2020-06-04,171.69,173.23,169.69,170.31,28761809,172.75,-1.3163573586534,MSFT
2020-06-05,170.01,175.12,169.4,174.59,39893643,170.31,2.339820686639,MSFT
2020-06-08,173.33,175.94,171.83,175.75,33211590,174.59,0.61965811965813,MSFT
2020-06-09,175.39,178.09,174.651,177.19,29783916,175.75,0.76449352304098,MSFT
2020-06-10,178.515,185.91,178.4,184.23,43872329,177.19,3.709167544784,MSFT
2020-06-11,180.52,183.15,173.46,173.66,52854672,184.23,-5.3698435277383,MSFT
2020-06-12,177.93,179.11,172.57,175.13,43373587,173.66,0.78917700112739,MSFT
2020-06-15,171.97,178.21,171.4,176.33,32770189,175.13,0.63918184723553,MSFT
2020-06-16,180.28,182.97,178.85,180.96,42556656,176.33,2.4505133904943,MSFT
2020-06-17,182.42,183.71,181.08,181.63,25687822,180.96,0.34612801570492,MSFT
2020-06-18,181.39,183.88,181.39,183.71,23061648,181.63,1.0708401976936,MSFT
2020-06-19,185.98,186.68,181.76,182.54,44441141,183.71,-0.59596577017114,MSFT
2020-06-22,183.18,188.15,182.62,187.96,32818929,182.54,2.7773507558288,MSFT
2020-06-23,189.48,191.34,188.815,189.3,30917447,187.96,0.66809592660917,MSFT
2020-06-24,188.994,190.64,183.95,185.23,36740647,189.3,-2.0157495914021,MSFT
2020-06-25,185.19,188.0,182.858,187.73,27803933,185.23,1.2636473918318,MSFT
2020-06-26,187.12,187.28,182.27,183.72,54675780,187.73,-2.0015972846161,MSFT
2020-06-29,183.17,185.92,180.94,185.83,26701586,183.72,1.0747211327866,MSFT
2020-06-30,185.272,191.79,185.13,190.9,34310283,185.83,2.5549284418464,MSFT
2020-07-01,190.53,193.74,189.16,192.09,32061206,190.9,0.58473785071987,MSFT
2020-07-02,193.07,195.41,192.39,193.65,29315762,192.09,0.76209086468002,MSFT
2020-07-06,196.224,198.52,195.48,198.09,31897629,193.65,2.152622903132,MSFT
2020-07-07,197.84,202.06,195.38,195.64,33600732,198.09,-1.1627906976744,MSFT
2020-07-08,197.46,200.65,196.08,200.22,33600025,195.64,2.1992797118848,MSFT
2020-07-09,203.72,203.77,198.86,201.71,33121681,200.22,0.70008927312878,MSFT
2020-07-10,201.01,201.47,198.47,201.06,26177633,201.71,-0.30328480776409,MSFT
2020-07-13,201.87,203.19,193.89,194.46,38135606,201.06,-3.088875368559,MSFT
2020-07-14,193.52,196.24,189.42,195.74,37591820,194.46,0.61814845221423,MSFT
2020-07-15,196.95,198.72,192.42,195.43,32179409,195.74,-0.14878809695224,MSFT
2020-07-16,192.79,193.09,189.7,191.31,29940653,195.43,-1.9803883868487,MSFT
2020-07-17,191.86,192.43,188.78,190.27,31635281,191.31,-0.5100039231071,MSFT
2020-07-20,192.39,199.69,190.4,198.99,36884836,190.27,4.2981072555205,MSFT
2020-07-21,201.05,201.33,195.42,196.14,38105777,198.99,-1.3468809073724,MSFT
2020-07-22,196.59,199.69,195.78,199.14,49605692,196.14,1.437125748503,MSFT
2020-07-23,194.58,198.31,189.54,189.93,67457035,199.14,-4.3494687131051,MSFT
2020-07-24,187.81,190.25,184.9,188.69,39826989,189.93,-0.61222474572923,MSFT
2020-07-27,188.86,191.36,188.25,191.24,30160867,188.69,1.2667660208644,MSFT
2020-07-28,191.0,192.09,189.13,189.41,23251388,191.24,-0.89771891096394,MSFT
2020-07-29,189.89,192.04,189.4,191.45,19632602,189.41,1.009801009801,MSFT
2020-07-30,188.39,191.85,186.96,191.29,25079596,191.45,-0.078408311280994,MSFT
2020-07-31,191.79,192.49,186.4,192.4,51247969,191.29,0.54438450220696,MSFT
2020-08-03,198.91,205.03,197.83,203.93,78983009,192.4,5.6241158967855,MSFT
2020-08-04,201.56,202.16,197.7,200.68,49280056,203.93,-1.5008774360395,MSFT
2020-08-05,202.29,202.39,198.96,200.33,28858621,200.68,-0.16409583196587,MSFT
2020-08-06,199.73,203.761,198.94,203.74,32656843,200.33,1.6013900629285,MSFT
2020-08-07,202.24,203.09,198.32,199.87,27820421,203.74,-1.7887681996765,MSFT
2020-08-10,199.06,199.27,193.74,195.64,36716462,199.87,-1.9907756024096,MSFT
2020-08-11,194.545,195.04,190.53,190.77,36446459,195.64,-2.3385354141657,MSFT
2020-08-12,192.68,197.67,192.14,196.58,28041364,190.77,2.8567214082014,MSFT
2020-08-13,196.83,198.74,195.54,196.09,22588870,196.58,-0.23423681820355,MSFT
2020-08-14,196.15,196.98,194.9,196.29,17958936,196.09,0.095831336847157,MSFT
2020-08-17,196.99,198.577,196.305,197.67,20184757,196.29,0.66060315940641,MSFT
2020-08-18,197.92,199.75,196.6,198.88,21336167,197.67,0.57542324519688,MSFT
2020-08-19,199.39,200.0,197.15,197.6,27627561,198.88,-0.84637571516385,MSFT
2020-08-20,197.44,202.9,196.81,202.48,26981478,197.6,2.3271340009538,MSFT
2020-08-21,201.76,204.15,200.75,200.92,36249319,202.48,-0.72700158449063,MSFT
2020-08-24,202.69,203.42,200.33,201.59,25460147,200.92,0.31452445779738,MSFT
2020-08-25,201.0,204.51,201.0,204.37,23043696,201.59,1.3009499742618,MSFT
2020-08-26,205.78,209.99,205.26,209.05,39600828,204.37,2.161962396637,MSFT
2020-08-27,210.79,219.05,207.3,214.48,57602195,209.05,2.4553470495139,MSFT
2020-08-28,216.08,218.544,214.48,216.81,26292896,214.48,1.0283343631388,MSFT
2020-08-31,214.9,216.6,212.21,213.43,28774156,216.81,-1.4765628412913,MSFT
2020-09-01,213.41,215.35,212.33,215.17,25791235,213.43,0.77151598456968,MSFT
2020-09-02,215.87,220.76,215.25,219.55,34080839,215.17,1.9272231266775,MSFT
2020-09-03,217.17,217.21,202.86,205.2,58400288,219.55,-6.1946902654867,MSFT
2020-09-04,203.0,206.26,193.09,202.15,59664072,205.2,-1.4035895075932,MSFT
2020-09-08,194.4,197.93,190.1,190.56,52924330,202.15,-5.4095682613769,MSFT
2020-09-09,195.5,202.74,194.6,199.19,45678986,190.56,4.2583637619659,MSFT
2020-09-10,201.3,202.64,192.01,193.27,35461514,199.19,-2.8018363386814,MSFT
2020-09-11,195.1,196.53,189.14,191.93,33620073,193.27,-0.65248088815309,MSFT
2020-09-14,192.14,197.1,191.93,193.31,30375768,191.93,0.67637112189384,MSFT
2020-09-15,196.32,197.68,194.83,196.68,21823942,193.31,1.6406211966311,MSFT
2020-09-16,198.52,198.55,192.54,192.95,26372464,196.68,-1.7865695947888,MSFT
2020-09-17,187.95,192.23,187.86,190.81,34011257,192.95,-1.0436478907584,MSFT
2020-09-18,190.7,191.55,184.15,188.29,55225326,190.81,-1.2419299196688,MSFT
2020-09-21,185.09,190.61,184.28,190.44,39839657,188.29,1.072907829732,MSFT
2020-09-22,192.96,196.0,189.975,195.32,33517065,190.44,2.4094006122247,MSFT
2020-09-23,195.8,196.0,187.93,188.49,30803780,195.32,-3.2928357921126,MSFT
2020-09-24,187.75,193.47,187.1,191.09,31202493,188.49,1.2961762799741,MSFT
2020-09-25,191.45,196.94,190.44,195.72,29437312,191.09,2.278655445642,MSFT
2020-09-28,198.78,200.47,195.96,197.34,32004936,195.72,0.77952073910115,MSFT
2020-09-29,197.25,197.97,194.71,195.16,24464472,197.34,-1.0408708938121,MSFT
2020-09-30,195.63,199.88,194.44,198.23,33829088,195.16,1.4812313036766,MSFT
2020-10-01,201.39,201.89,199.22,200.36,27158418,198.23,1.0126943374697,MSFT
2020-10-02,195.9,198.89,193.44,194.09,33154781,200.36,-2.9511437447049,MSFT
2020-10-05,195.12,198.31,194.88,198.28,21331561,194.09,2.0321063097143,MSFT
2020-10-06,196.72,198.08,192.72,193.81,28554261,198.28,-2.1247266850461,MSFT
2020-10-07,194.96,198.01,194.62,197.73,25681054,193.81,1.9037443543296,MSFT
2020-10-08,198.41,199.09,196.22,198.48,19925837,197.73,0.35743220702473,MSFT
2020-10-09,199.13,203.76,199.13,203.71,26458047,198.48,2.4836166777472,MSFT
2020-10-12,206.69,211.76,204.71,209.3,40461368,203.71,2.5902414160604,MSFT
2020-10-13,210.62,213.11,208.33,210.76,28950843,209.3,0.65943992773261,MSFT
2020-10-14,210.9,212.12,207.03,208.76,23451713,210.76,-0.89742439199497,MSFT
2020-10-15,205.0,208.26,203.91,207.56,22733064,208.76,-0.54333061668026,MSFT
2020-10-16,208.05,210.19,207.22,207.56,26057882,207.56,0.0,MSFT
2020-10-19,208.315,210.2,201.62,202.12,27625841,207.56,-2.4765546754074,MSFT
2020-10-20,203.7,205.27,200.99,202.55,22753511,202.12,0.20072822332182,MSFT
2020-10-21,201.02,204.82,201.02,202.7,22724906,202.55,0.069881201956676,MSFT
2020-10-22,201.83,203.955,199.6,202.79,22351450,202.7,0.04189944134077,MSFT
2020-10-23,202.93,204.18,201.06,204.13,18879608,202.79,0.62357485224999,MSFT
2020-10-26,201.75,204.24,196.0,197.98,37111561,204.13,-2.8441936826527,MSFT
2020-10-27,199.49,202.57,198.229,201.15,36700325,197.98,1.5089489718203,MSFT
2020-10-28,195.57,196.74,190.0,190.58,51195593,201.15,-4.9566236811254,MSFT
2020-10-29,191.97,195.26,191.27,192.62,31432563,190.58,1.0065127294257,MSFT
2020-10-30,191.4,192.19,187.52,190.37,36980111,192.62,-1.099062133646,MSFT
2020-11-02,192.19,193.18,188.02,190.23,30842163,190.37,-0.069146046327844,MSFT
2020-11-03,191.79,196.02,191.02,194.33,27512030,190.23,2.0263925270598,MSFT
2020-11-04,201.92,206.22,200.319,204.29,42311777,194.33,4.8248801046359,MSFT
2020-11-05,209.94,212.02,209.05,211.19,36080137,204.29,3.1886870927492,MSFT
2020-11-06,210.16,212.26,205.93,211.62,25231895,211.19,0.192574678669,MSFT
2020-11-09,212.335,216.02,205.78,206.29,44394950,211.62,-2.3824423386376,MSFT
2020-11-10,202.4,204.4,197.62,198.91,44045120,206.29,-3.3792756078575,MSFT
2020-11-11,200.29,205.94,200.1,204.45,29440788,198.91,2.6254679872992,MSFT
2020-11-12,205.11,207.01,202.36,203.34,21616115,204.45,-0.51258369891481,MSFT
2020-11-13,204.26,205.32,202.06,204.41,18630307,203.34,0.496658002228,MSFT
2020-11-16,202.77,205.64,202.42,205.13,24953344,204.41,0.33254815020091,MSFT
2020-11-17,204.0,205.58,201.98,202.36,24154112,205.13,-1.2751461584496,MSFT
2020-11-18,202.11,203.63,199.39,199.54,28372789,202.36,-1.5760514781311,MSFT
2020-11-19,199.84,201.49,198.39,200.88,24792746,199.54,0.63483039605835,MSFT
2020-11-20,200.66,201.745,198.46,198.85,22843119,200.88,-0.95565389323039,MSFT
2020-11-23,199.41,200.75,196.62,198.57,25683507,198.85,-0.1330861732972,MSFT
2020-11-24,198.05,202.71,197.32,202.32,33941815,198.57,1.784779401266,MSFT
2020-11-25,203.57,203.75,200.92,202.33,21012887,202.32,0.0046759562330454,MSFT
2020-11-27,203.31,204.73,202.5,203.69,14512213,202.33,0.63590031327441,MSFT
2020-11-30,202.56,203.22,199.295,202.53,33064753,203.69,-0.53895832365376,MSFT
2020-12-01,202.97,205.78,201.81,204.67,30931318,202.53,0.99967300415753,MSFT
2020-12-02,203.34,203.93,201.26,203.83,23724509,204.67,-0.38851116969613,MSFT
2020-12-03,203.07,204.836,202.11,202.7,25120922,203.83,-0.52467846032409,MSFT
2020-12-04,202.68,203.84,201.64,202.82,24666039,202.7,0.056011949215835,MSFT
2020-12-07,202.83,204.0,201.45,202.75,24619997,202.82,-0.032655346146679,MSFT
2020-12-08,202.43,205.41,201.35,204.47,23284094,202.75,0.80265061365439,MSFT
2020-12-09,203.62,203.685,199.674,200.26,32440603,204.47,-1.9489838433406,MSFT
2020-12-10,200.23,201.54,198.82,198.98,26467017,200.26,-0.60434372049103,MSFT
2020-12-11,198.51,201.78,197.57,201.72,30979440,198.98,1.3015390461714,MSFT
2020-12-14,201.45,204.67,201.34,202.66,28798379,201.72,0.44077651692769,MSFT
2020-12-15,203.625,203.88,200.7,202.59,27018106,202.66,-0.032679738562088,MSFT
2020-12-16,203.21,208.57,203.18,207.74,35023253,202.59,2.4050810255452,MSFT
2020-12-17,208.33,209.35,206.38,207.88,32515784,207.74,0.063845311929946,MSFT
2020-12-18,207.05,208.15,204.48,207.05,63354922,207.88,-0.3782699845046,MSFT
2020-12-21,206.01,212.46,205.74,211.05,37181886,207.05,1.8299098769386,MSFT
2020-12-22,211.15,214.09,210.31,212.4,22643397,211.05,0.60649624870839,MSFT
2020-12-23,211.57,212.019,209.26,209.48,18699638,212.4,-1.3039206930428,MSFT
2020-12-24,209.88,212.07,209.66,211.21,10550572,209.48,0.78273459415437,MSFT
2020-12-28,212.91,214.49,211.48,213.42,17933496,211.21,0.99214365881033,MSFT
2020-12-29,214.77,215.64,212.04,212.61,17403213,213.42,-0.3600640113798,MSFT
2020-12-30,213.69,214.09,209.93,210.14,20272337,212.61,-1.1019406647334,MSFT
2020-12-31,210.16,211.46,208.14,210.88,20942132,210.14,0.33381450739804,MSFT
2021-01-04,210.99,211.46,203.27,206.15,37130139,210.88,-2.1266073194857,MSFT
2021-01-05,205.72,206.98,204.16,206.36,23822953,206.15,0.096467453718594,MSFT
2021-01-06,200.63,204.95,200.4,200.71,35930653,206.36,-2.5929325378614,MSFT
2021-01-07,202.5,207.8,202.17,206.75,27694480,200.71,2.8457008244994,MSFT
2021-01-08,207.14,209.04,205.486,208.08,22956206,206.75,0.60928123138944,MSFT
2021-01-11,206.93,207.37,205.19,205.95,23047029,208.08,-0.96985702577179,MSFT
2021-01-12,204.96,205.56,201.78,203.39,23249336,205.95,-1.1770656122121,MSFT
2021-01-13,202.48,205.22,202.387,204.8,20087080,203.39,0.65602754385148,MSFT
2021-01-14,204.37,205.92,201.2,201.48,29346737,204.8,-1.5346214292318,MSFT
2021-01-15,201.98,202.97,200.49,201.11,31746512,201.48,-0.17369261102244,MSFT
2021-01-19,202.21,205.44,201.09,204.9,30480859,201.11,1.7822713378791,MSFT
2021-01-20,206.16,214.25,205.751,212.8,37777260,204.9,3.6499722786916,MSFT
2021-01-21,213.16,214.76,210.88,213.43,30749553,212.8,0.28082374966568,MSFT
2021-01-22,215.54,218.53,214.26,214.41,30172663,213.43,0.43561363737387,MSFT
2021-01-25,217.58,218.24,212.68,217.99,33152095,214.41,1.5844213321531,MSFT
2021-01-26,220.32,222.64,218.54,220.79,49169601,217.99,1.2198841110095,MSFT
2021-01-27,226.46,228.9,218.6,221.36,69870638,220.79,0.2453406792063,MSFT
2021-01-28,224.07,231.1,223.55,227.39,49111159,221.36,2.5890940317733,MSFT
2021-01-29,224.45,226.48,219.81,220.42,42503138,227.39,-2.9171723935881,MSFT
2021-02-01,223.52,230.96,220.89,228.11,33314193,220.42,3.315226763235,MSFT
2021-02-02,229.76,230.77,227.15,227.97,25916337,228.11,-0.058418527018575,MSFT
2021-02-03,228.03,233.55,227.72,231.46,27158104,227.97,1.4571416642311,MSFT
2021-02-04,231.12,231.7,228.83,230.47,25296100,231.46,-0.40740740740741,MSFT
2021-02-05,230.69,231.74,228.88,230.66,18054752,230.47,0.078509152514358,MSFT
2021-02-08,231.61,232.14,229.27,230.93,22211929,230.66,0.11147811725847,MSFT
2021-02-09,230.33,233.22,229.84,232.23,23564953,230.93,0.53614880191364,MSFT
2021-02-10,233.46,234.38,229.35,231.28,22186706,232.23,-0.38971161340609,MSFT
2021-02-11,233.24,233.61,230.61,232.95,15751059,231.28,0.68775224446092,MSFT
2021-02-12,232.393,233.76,231.19,233.45,16561079,232.95,0.20450734181357,MSFT
2021-02-16,233.46,234.59,231.38,232.16,26728487,233.45,-0.52655210416753,MSFT
2021-02-17,230.34,233.33,229.96,233.22,21673109,232.16,0.20517029134181,MSFT
2021-02-18,230.82,232.95,229.88,232.81,16925563,233.22,-0.16789516789517,MSFT
2021-02-19,232.77,232.88,229.2,229.99,25262600,232.81,-1.1567332540301,MSFT
2021-02-22,226.44,226.95,221.42,223.53,36446936,229.99,-2.6808316387932,MSFT
2021-02-23,219.345,223.85,217.75,222.29,30228704,223.53,-0.52876209969723,MSFT
2021-02-24,219.03,224.22,218.02,223.57,26339746,222.29,0.54872036695675,MSFT
2021-02-25,221.1,223.605,216.9,218.01,39542235,223.57,-2.3704966958005,MSFT
2021-02-26,220.545,224.39,218.56,221.4,37819227,218.01,1.4804139918774,MSFT
2021-03-01,224.92,226.49,222.17,225.96,25332837,221.4,1.9623031241931,MSFT
2021-03-02,226.03,226.32,222.47,222.89,22812459,225.96,-1.2956866717312,MSFT
2021-03-03,221.175,222.6,216.28,216.58,34029526,222.89,-2.6980801299867,MSFT
2021-03-04,215.755,221.51,213.28,215.75,44727785,216.58,-0.364738969942,MSFT
2021-03-05,218.52,222.29,215.48,220.62,41872770,215.75,2.1479292550611,MSFT
2021-03-08,220.39,222.385,216.15,216.41,35267440,220.62,-1.8177892918826,MSFT
2021-03-09,221.9,224.404,220.69,222.8,33080531,216.41,2.8101499626193,MSFT
2021-03-10,226.02,226.02,221.06,221.44,29746812,222.8,-0.5817435195483,MSFT
2021-03-11,223.98,228.19,223.33,226.15,29907586,221.44,2.0265037432235,MSFT
2021-03-12,223.03,224.84,222.25,224.77,22653662,226.15,-0.5819592628516,MSFT
2021-03-15,223.98,224.205,220.83,223.83,26042669,224.77,-0.39872746553552,MSFT
2021-03-16,225.3,229.075,224.96,226.73,28092196,223.83,1.2350410970572,MSFT
2021-03-17,225.17,227.57,222.25,226.06,29562100,226.73,-0.28185604307771,MSFT
2021-03-18,221.58,223.21,219.35,219.74,34852251,226.06,-2.6662166722916,MSFT
2021-03-19,220.04,221.494,218.37,219.37,46430730,219.74,-0.16036754507628,MSFT
2021-03-22,219.29,225.92,219.16,225.01,30127005,219.37,2.4484480138919,MSFT
2021-03-23,226.505,230.07,226.09,226.6,31638376,225.01,0.67375736260011,MSFT
2021-03-24,226.865,227.02,224.34,224.48,25620127,226.6,-0.89233100429329,MSFT
2021-03-25,224.32,225.96,220.59,221.36,34061853,224.48,-1.3250658285908,MSFT
2021-03-26,220.57,225.73,220.57,225.5,25479853,221.36,1.7818713953688,MSFT
2021-03-29,225.61,225.82,220.9,224.26,25227455,225.5,-0.52435723951285,MSFT
2021-03-30,222.545,222.87,220.12,220.87,24792012,224.26,-1.4410814487332,MSFT
2021-03-31,221.93,228.12,221.41,224.79,43623471,220.87,1.6907483286608,MSFT
2021-04-01,227.49,231.86,227.07,231.37,30337982,224.79,2.7908554947618,MSFT
2021-04-05,231.78,238.98,231.72,238.09,36910609,231.37,2.7728491850629,MSFT
2021-04-06,236.63,238.42,235.9,236.88,22931923,238.09,-0.48580720279439,MSFT
2021-04-07,236.83,239.95,236.21,238.92,22719835,236.88,0.82304526748971,MSFT
2021-04-08,241.79,243.159,241.02,242.27,23625197,238.92,1.3405362144858,MSFT
2021-04-09,241.89,245.01,241.46,244.87,24326833,242.27,1.0266535044422,MSFT
2021-04-12,243.73,246.69,243.64,244.93,27148668,244.87,0.023451240961502,MSFT
2021-04-13,246.277,248.21,245.85,247.51,23837469,244.93,1.0081669336876,MSFT
2021-04-14,246.495,247.85,244.18,244.61,23070938,247.51,-1.1219002669349,MSFT
2021-04-15,246.951,248.95,246.75,248.52,25627481,244.61,1.5297938103995,MSFT
2021-04-16,248.49,250.02,246.621,249.76,24878582,248.52,0.47784200385357,MSFT
2021-04-19,249.21,250.5,246.841,247.76,23209260,249.76,-0.76704763365805,MSFT
2021-04-20,246.84,249.22,245.86,247.28,19722875,247.76,-0.18551441601608,MSFT
2021-04-21,247.96,249.7,246.27,249.6,24030383,247.28,0.89831952296135,MSFT
2021-04-22,249.23,250.8,244.66,246.19,25606152,249.6,-1.3086192340164,MSFT
2021-04-23,246.9,250.53,246.29,250.17,21499286,246.19,1.547614418478,MSFT
2021-04-26,250.68,251.455,249.19,250.57,19763346,250.17,0.15316867700557,MSFT
2021-04-27,250.605,252.21,249.14,250.99,31014213,250.57,0.16058115083159,MSFT
2021-04-28,245.098,245.56,241.97,243.58,46903119,250.99,-2.8285681566592,MSFT
2021-04-29,244.48,245.12,238.02,241.53,40589023,243.58,-0.80531112507857,MSFT
2021-04-30,238.76,242.1,238.62,241.2,30945098,241.53,-0.13068789354876,MSFT
2021-05-03,242.42,243.37,240.14,240.88,19626568,241.2,-0.12689348877785,MSFT
2021-05-04,239.99,240.23,234.78,236.81,32756052,240.88,-1.6159771301517,MSFT
2021-05-05,238.08,238.52,234.84,235.49,21901325,236.81,-0.53270914887606,MSFT
2021-05-06,235.47,238.88,233.71,238.75,26491085,235.49,1.3226761877713,MSFT
2021-05-07,241.17,243.32,240.19,241.48,27032912,238.75,1.0931806350859,MSFT
2021-05-10,239.89,240.75,236.14,236.2,29299890,241.48,-2.0914204230373,MSFT
2021-05-11,233.57,235.62,231.59,235.25,33641589,236.2,-0.38433530220892,MSFT
2021-05-12,231.185,233.4,227.09,228.02,36684370,235.25,-2.9362790886569,MSFT
2021-05-13,230.82,234.62,230.44,232.05,29624298,228.02,1.6861924686192,MSFT
2021-05-14,234.595,238.2,234.51,237.17,23901081,232.05,2.1067357939349,MSFT
2021-05-17,235.57,235.61,232.54,234.2,24970168,237.17,-1.1968567398751,MSFT
2021-05-18,235.29,235.43,231.92,232.1,20167975,234.2,-0.85651358185822,MSFT
2021-05-19,228.89,232.81,228.18,232.7,25739807,232.1,0.016455487905213,MSFT
2021-05-20,233.54,237.53,233.44,236.06,21800716,232.7,1.3820335636723,MSFT
2021-05-21,237.145,237.91,234.32,234.75,21863058,236.06,-0.53148328464784,MSFT
2021-05-24,237.365,240.74,237.09,240.36,21411547,234.75,2.2882081820777,MSFT
2021-05-25,241.349,242.33,240.4,241.3,17704303,240.36,0.3748305287503,MSFT
2021-05-26,241.01,242.52,240.33,241.07,17771600,241.3,-0.091371365008736,MSFT
2021-05-27,240.75,241.06,238.83,238.89,24426244,241.07,-0.86683367131894,MSFT
2021-05-28,240.575,241.66,239.14,239.26,18274942,238.89,0.14840961052505,MSFT
2021-06-01,240.81,240.87,236.54,236.98,23213310,239.26,-0.91316885613585,MSFT
2021-06-02,237.705,238.85,235.42,236.88,19406705,236.98,-0.040420371867419,MSFT
2021-06-03,234.8,235.92,232.58,235.29,25307711,236.88,-0.64294379296401,MSFT
2021-06-04,237.34,241.23,237.09,240.37,25281094,235.29,2.0674779211265,MSFT
2021-06-07,239.56,243.67,239.39,243.39,23079167,240.37,1.204194744607,MSFT
2021-06-08,244.74,245.59,242.09,242.15,22454998,243.39,-0.4885544304795,MSFT
2021-06-09,243.39,245.11,242.79,243.17,17937634,242.15,0.40384843805678,MSFT
2021-06-10,243.87,247.04,243.25,246.82,24563619,243.17,1.4393312039118,MSFT
2021-06-11,247.565,248.067,246.19,247.47,18999731,246.82,0.25268232001243,MSFT
2021-06-14,247.48,249.53,246.38,249.47,19150507,247.47,0.77552444840824,MSFT
2021-06-15,249.355,249.57,247.26,247.94,18038931,249.47,-0.58871060833428,MSFT
2021-06-16,248.98,250.16,244.0,246.96,27219956,247.94,-0.37931568354235,MSFT
2021-06-17,245.645,251.33,245.59,250.48,27565537,246.96,1.3676276322947,MSFT
2021-06-18,249.21,251.88,248.33,249.01,37202217,250.48,-0.56343426600229,MSFT
2021-06-21,249.4,253.1,247.5,252.21,26696119,249.01,1.2334733839571,MSFT
2021-06-22,252.3,255.37,251.98,255.09,24694090,252.21,1.096599779157,MSFT
2021-06-23,255.57,256.41,254.01,254.855,19518681,255.09,-0.088508907385791,MSFT
2021-06-24,255.74,257.43,255.05,256.27,21446867,254.855,0.53340872679296,MSFT
2021-06-25,255.81,256.83,254.34,254.6,25611113,256.27,-0.62619520791931,MSFT
2021-06-28,255.765,258.48,255.49,258.3,19590024,254.6,1.3961210474681,MSFT
2021-06-29,258.445,261.23,257.56,260.98,19937811,258.3,0.9973206311402,MSFT
2021-06-30,260.27,260.94,259.184,260.48,21656457,260.98,-0.18422991893884,MSFT
2021-07-01,259.19,261.42,259.18,261.18,16725323,260.48,0.25839793281655,MSFT
2021-07-02,262.4,267.58,262.08,267.23,26474408,261.18,2.2275405007364,MSFT
2021-07-06,267.61,268.95,263.88,267.24,31565560,267.23,0.0036016567621278,MSFT
2021-07-07,268.98,270.275,266.73,269.51,23260031,267.24,0.81754663977526,MSFT
2021-07-08,266.48,268.31,264.45,267.0,24618591,269.51,-0.89665273461222,MSFT
2021-07-09,265.3,267.63,264.9,267.52,23916665,267.0,0.18744142455482,MSFT
2021-07-12,268.737,269.35,266.16,266.9,18931695,267.52,-0.22306972727927,MSFT
2021-07-13,267.1,272.428,266.97,270.56,26120128,266.9,1.3197749891822,MSFT
2021-07-14,271.925,273.24,270.13,272.09,23113662,270.56,0.54452274183215,MSFT
2021-07-15,271.58,272.09,269.41,270.61,22604227,272.09,-0.52387526105271,MSFT
2021-07-16,271.65,273.68,269.04,270.33,26186848,270.61,-0.099633491086351,MSFT
2021-07-19,268.514,269.95,264.03,266.59,32935634,270.33,-1.3321460373998,MSFT
2021-07-20,267.61,270.55,265.84,268.9,26259741,266.59,0.83390491318003,MSFT
2021-07-21,268.485,271.1,266.87,270.98,24364320,268.9,0.7446656164972,MSFT
2021-07-22,273.42,276.0,273.0,275.72,23384059,270.98,1.6844349680171,MSFT
2021-07-23,276.95,279.57,276.08,279.25,22768071,275.72,1.2336618438527,MSFT
2021-07-26,278.58,279.27,276.222,278.63,23176073,279.25,-0.21403666240895,MSFT
2021-07-27,279.01,279.155,272.53,276.12,33604073,278.63,-0.86836187510811,MSFT
2021-07-28,278.57,279.73,273.41,275.8,33566853,276.12,-0.11167725273958,MSFT
2021-07-29,275.815,278.198,275.66,276.08,18168294,275.8,0.097826846481718,MSFT
2021-07-30,274.75,276.24,273.49,274.49,20944846,276.08,-0.55497382198952,MSFT
2021-08-02,275.94,276.355,273.32,274.4,16267357,274.49,-0.031588922817743,MSFT
2021-08-03,275.0,276.81,273.58,276.7,17879048,274.4,0.80752756126677,MSFT
2021-08-04,275.8,277.168,274.23,276.09,16191301,276.7,-0.21245472276401,MSFT
2021-08-05,276.46,279.21,275.68,279.1,13900167,276.09,1.0505741509895,MSFT
2021-08-06,278.085,279.08,277.204,279.04,16589336,279.1,-0.02072395689417,MSFT
2021-08-09,279.33,281.13,277.39,277.91,16117629,279.04,-0.39038209078974,MSFT
2021-08-10,278.38,278.83,274.78,276.02,18616578,277.91,-0.65549890750182,MSFT
2021-08-11,276.79,278.24,275.44,276.53,13955934,276.02,0.17804775869292,MSFT
2021-08-12,276.21,279.55,275.92,279.39,14570391,276.53,0.99668931869664,MSFT
2021-08-13,279.06,282.48,278.88,282.43,18249046,279.39,1.0489631137642,MSFT
2021-08-16,282.77,284.4,279.6,284.18,22516027,282.43,0.59757555062319,MSFT
2021-08-17,281.97,283.01,280.66,282.66,20075250,284.18,-0.51595383570945,MSFT
2021-08-18,282.18,284.96,280.41,280.87,21812985,282.66,-0.80182885219052,MSFT
2021-08-19,278.834,287.61,278.78,286.91,29850461,280.87,2.0775289787775,MSFT
2021-08-20,289.86,295.98,288.2,294.5,40817646,286.91,2.5575361390976,MSFT
2021-08-23,293.385,295.54,291.99,294.79,22830157,294.5,0.095281903009582,MSFT
2021-08-24,295.16,295.79,292.144,292.76,18175774,294.79,-0.666338421139,MSFT
2021-08-25,294.44,294.73,290.56,292.15,20006057,292.76,-0.20157292974688,MSFT
2021-08-26,291.13,292.569,289.09,289.23,17666084,292.15,-0.96685540213901,MSFT
2021-08-27,289.127,291.01,286.97,289.86,22605726,289.23,0.21063893811229,MSFT
2021-08-30,291.255,294.36,291.2,293.73,16348072,289.86,1.2912051247831,MSFT
2021-08-31,294.56,294.64,291.64,292.02,26285338,293.73,-0.56325965940906,MSFT
2021-09-01,293.005,295.33,291.63,291.97,18983826,292.02,-0.016562872664639,MSFT
2021-09-02,292.34,293.5,290.32,291.29,16290545,291.97,-0.22529238312958,MSFT
2021-09-03,291.13,292.74,290.4,291.28,14751610,291.29,-0.0033206043499887,MSFT
2021-09-07,291.145,291.23,288.34,290.32,17184083,291.28,-0.31878860330742,MSFT
2021-09-08,289.92,290.75,287.605,290.35,15046819,290.32,0.0099940035978322,MSFT
2021-09-09,290.96,292.28,287.14,287.39,19927000,290.35,-0.98597648312847,MSFT
2021-09-10,288.555,290.06,285.52,285.85,19633363,287.39,-0.51808242220354,MSFT
2021-09-13,287.69,288.68,284.22,287.13,23652949,285.85,0.43285651482873,MSFT
2021-09-14,289.7,291.53,288.24,289.93,21853433,287.13,0.94279268662245,MSFT
2021-09-15,293.4,295.46,291.96,294.96,28356304,289.93,1.6778411554755,MSFT
2021-09-16,293.9,295.45,290.9,295.36,19550815,294.96,0.1312249852372,MSFT
2021-09-17,294.31,294.64,289.67,290.01,41372457,295.36,-1.7528340213616,MSFT
2021-09-20,286.47,288.86,279.66,284.44,38278661,290.01,-1.8574715710141,MSFT
2021-09-21,285.83,287.68,284.21,284.94,22364103,284.44,0.16989466530751,MSFT
2021-09-22,286.865,290.36,284.65,288.72,26626342,284.94,1.2822252374491,MSFT
2021-09-23,288.985,291.04,287.674,289.7,18604601,288.72,0.32822024248108,MSFT
2021-09-24,288.37,289.94,287.07,289.49,14998978,289.7,-0.070102817465609,MSFT
2021-09-27,286.28,286.61,283.085,284.31,23571742,289.49,-1.7304159011191,MSFT
2021-09-28,279.935,280.92,272.89,273.66,43186237,284.31,-3.6203555767074,MSFT
2021-09-29,275.24,276.91,273.15,274.14,26353696,273.66,0.16930022573364,MSFT
2021-09-30,275.85,277.97,271.76,272.06,32343635,274.14,-0.73239436619718,MSFT
2021-10-01,272.262,280.12,271.43,279.24,30086280,272.06,2.5468217934166,MSFT
2021-10-04,277.54,277.89,270.39,273.25,31350747,279.24,-2.071947423037,MSFT
2021-10-05,274.186,280.538,274.186,278.9,24993024,273.25,1.9956907209212,MSFT
2021-10-06,275.92,283.77,275.649,283.25,28002559,278.9,1.506441335365,MSFT
2021-10-07,285.315,286.78,284.06,284.99,20430471,283.25,0.59363378936236,MSFT
2021-10-08,286.359,286.781,283.9,284.99,17685700,284.99,0.0,MSFT
2021-10-11,283.06,288.11,282.885,284.37,19298634,284.99,-0.21027641173478,MSFT
2021-10-12,285.48,285.58,282.49,283.02,17974143,284.37,-0.45882472895355,MSFT
2021-10-13,285.05,287.42,283.63,286.45,23424025,283.02,1.1711281070746,MSFT
2021-10-14,289.35,293.41,287.97,292.89,27262902,286.45,2.173399480274,MSFT
2021-10-15,292.48,294.59,290.659,294.35,25384803,292.89,0.48224607762179,MSFT
2021-10-18,293.71,298.35,292.83,297.43,22729297,294.35,1.0124584990632,MSFT
2021-10-19,298.488,299.44,297.36,298.37,17682139,297.43,0.30589996420319,MSFT
2021-10-20,299.35,299.84,296.25,297.55,16537069,298.37,-0.26603510365636,MSFT
2021-10-21,297.31,301.16,296.5,300.9,16918100,297.55,1.0897498454832,MSFT
2021-10-22,300.54,301.23,297.94,299.3,17449332,300.9,-0.51486677822112,MSFT
2021-10-25,299.5,299.54,296.6,298.27,17554469,299.3,-0.3331608228749,MSFT
2021-10-26,301.14,302.535,298.737,300.25,28107349,298.27,0.64258592152663,MSFT
2021-10-27,306.14,316.237,306.14,313.31,52588690,300.25,4.2114088549224,MSFT
2021-10-28,314.465,315.01,311.5,314.49,26297943,313.31,0.36513290218771,MSFT
2021-10-29,314.27,322.14,314.04,321.76,34765982,314.49,2.2414058887005,MSFT
2021-11-01,321.495,321.63,316.51,319.51,27073182,321.76,-0.67848742536638,MSFT
2021-11-02,320.45,323.59,320.14,323.27,26487109,319.51,1.1415733066157,MSFT
2021-11-03,324.04,325.04,320.79,324.14,21500082,323.27,0.26115930717738,MSFT
2021-11-04,323.03,326.68,319.65,326.58,23992202,324.14,0.73053892215569,MSFT
2021-11-05,328.65,328.93,324.562,326.2,22570098,326.58,-0.11294733087623,MSFT
2021-11-08,327.44,327.79,324.58,327.13,20897001,326.2,0.27673629708981,MSFT
2021-11-09,327.247,328.86,324.67,326.09,21307370,327.13,-0.30861449894656,MSFT
2021-11-10,324.71,324.77,320.06,320.94,25500938,326.09,-1.5329662152106,MSFT
2021-11-11,321.39,323.915,320.65,322.57,16849844,320.94,0.49274486094317,MSFT
2021-11-12,324.06,327.37,323.93,326.86,23831049,322.57,1.2904972475408,MSFT
2021-11-15,327.68,328.02,324.174,326.21,16723009,326.86,-0.19303872653838,MSFT
2021-11-16,325.82,330.81,325.65,329.65,20886832,326.21,1.0235962745857,MSFT
2021-11-17,329.7,332.95,328.76,329.88,19053380,329.65,-0.11487143235839,MSFT
2021-11-18,328.94,333.21,327.88,332.03,22463533,329.88,0.63399386647794,MSFT
2021-11-19,333.4,335.86,332.96,333.87,21963403,332.03,0.53916253992441,MSFT
2021-11-22,335.38,340.43,330.31,330.59,31031113,333.87,-0.95596164495352,MSFT
2021-11-23,327.81,330.21,324.32,328.44,30427563,330.59,-0.63266927581437,MSFT
2021-11-24,327.04,328.92,324.671,328.67,21661307,328.44,0.068111821843171,MSFT
2021-11-26,325.11,328.69,318.88,320.44,24217242,328.67,-2.4355597644343,MSFT
2021-11-29,325.7,329.79,325.5,327.39,28563481,320.44,2.108104828925,MSFT
2021-11-30,326.08,328.54,319.75,321.35,42885609,327.39,-1.7942548198319,MSFT
2021-12-01,325.89,330.04,320.15,320.84,33401146,321.35,-0.15426963913004,MSFT
2021-12-02,321.06,324.25,318.563,320.25,30765980,320.84,-0.17874454677653,MSFT
2021-12-03,322.75,323.46,308.79,313.77,41779279,320.25,-1.9666757716471,MSFT
2021-12-06,314.71,318.21,309.99,316.95,30032556,313.77,0.98448964428346,MSFT
2021-12-07,322.4,326.56,320.86,325.68,31021936,316.95,2.67635427205,MSFT
2021-12-08,326.07,326.26,321.56,325.73,24760988,325.68,0.014928938253915,MSFT
2021-12-09,325.17,327.249,322.88,323.86,22214158,325.73,-0.55825894856256,MSFT
2021-12-10,325.74,333.76,325.55,333.3,38095694,323.86,2.8339837886521,MSFT
2021-12-13,331.44,334.55,329.84,330.16,28899431,333.3,-0.91668126350209,MSFT
2021-12-14,323.98,325.4,314.87,319.1,44438699,330.16,-3.2586918090748,MSFT
2021-12-15,319.37,325.95,315.26,325.41,35381122,319.1,1.9217883900835,MSFT
2021-12-16,326.47,327.52,313.78,315.66,35034831,325.41,-2.9134917077544,MSFT
2021-12-17,311.64,315.68,308.01,314.56,47983713,315.66,-0.33856571252692,MSFT
2021-12-20,310.81,313.56,308.33,310.67,28326532,314.56,-1.201358863496,MSFT
2021-12-21,314.05,318.49,310.56,318.05,24740597,310.67,2.3068988152918,MSFT
2021-12-22,319.06,324.365,316.51,323.96,24831493,318.05,1.8057380304928,MSFT
2021-12-23,323.51,327.15,323.49,325.45,19617848,323.96,0.44717887154862,MSFT
2021-12-27,326.22,333.24,326.19,333.21,19947029,325.45,2.3185634467716,MSFT
2021-12-28,333.91,334.57,331.08,332.01,15661467,333.21,-0.35041611914148,MSFT
2021-12-29,332.06,335.06,330.44,332.71,15041956,332.01,0.2051282051282,MSFT
2021-12-30,332.67,333.89,329.58,330.08,15994471,332.71,-0.76911829214797,MSFT
2021-12-31,329.27,330.115,326.61,327.08,18000797,330.08,-0.88412118354356,MSFT
2022-01-03,326.11,328.76,320.54,325.51,28918013,327.08,-0.4668173168411,MSFT
2022-01-04,325.59,325.96,316.88,319.77,32674306,325.51,-1.714712471994,MSFT
2022-01-05,316.62,316.83,306.74,307.14,40054327,319.77,-3.8387890945564,MSFT
2022-01-06,303.91,309.46,302.25,304.64,39646148,307.14,-0.79018901321196,MSFT
2022-01-07,304.91,307.26,300.85,304.8,32720018,304.64,0.050974894864287,MSFT
2022-01-10,300.245,305.48,295.45,305.03,44289467,304.8,0.073239077824469,MSFT
2022-01-11,304.14,307.37,300.65,305.74,29386774,305.03,0.22592038692845,MSFT
2022-01-12,310.43,314.17,307.84,309.03,34372217,305.74,1.0445107625881,MSFT
2022-01-13,311.226,311.64,294.76,295.56,45365979,309.03,-4.2322556320105,MSFT
2022-01-14,295.01,301.58,294.51,300.96,39846414,295.56,1.7716535433071,MSFT
2022-01-18,294.83,300.56,292.5,293.41,42434112,300.96,-2.4339136041264,MSFT
2022-01-19,297.05,304.669,293.46,294.09,45933855,293.41,0.22468197587973,MSFT
2022-01-20,299.83,302.409,291.9,292.36,35380675,294.09,-0.57033593775755,MSFT
2022-01-21,293.445,294.87,286.37,286.79,57984403,292.36,-1.8468169761273,MSFT
2022-01-24,282.96,287.87,266.81,287.13,86035393,286.79,0.11485322433538,MSFT
2022-01-25,282.28,285.75,275.93,279.25,72848638,287.13,-2.6588386138948,MSFT
2022-01-26,298.745,299.26,283.79,287.47,90428853,279.25,2.8493188672051,MSFT
2022-01-27,293.42,298.06,288.69,290.6,53481317,287.47,1.0549020929527,MSFT
2022-01-28,290.99,299.24,285.21,299.02,49743698,290.6,2.8081643543223,MSFT
2022-01-31,299.71,303.14,297.13,301.74,46444536,299.02,0.88237202361644,MSFT
2022-02-01,301.17,301.39,295.889,299.52,40950396,301.74,-0.71387227474437,MSFT
2022-02-02,300.39,305.88,299.64,304.22,36635989,299.52,1.5222179038736,MSFT
2022-02-03,300.25,301.99,290.72,292.01,43729972,304.22,-3.8952338416385,MSFT
2022-02-04,290.97,299.56,290.73,296.7,35096488,292.01,1.556846473029,MSFT
2022-02-07,296.93,298.6,290.66,291.71,28533286,296.7,-1.6310387657711,MSFT
2022-02-08,292.01,296.321,290.71,295.32,32421188,291.71,1.1995348064463,MSFT
2022-02-09,300.625,302.69,298.15,301.97,31284671,295.32,2.1834778040452,MSFT
2022-02-10,294.8,299.88,291.46,293.14,45386199,301.97,-2.8373124256933,MSFT
2022-02-11,293.95,295.05,284.98,285.8,39175620,293.14,-2.4274092201865,MSFT
2022-02-14,284.53,287.52,282.11,285.76,36359487,285.8,-0.013557483731026,MSFT
2022-02-15,290.768,291.56,287.78,291.23,27379488,285.76,1.8542372881356,MSFT
2022-02-16,289.745,292.25,285.06,290.88,29982121,291.23,-0.32282757014012,MSFT
2022-02-17,287.74,288.18,281.38,282.11,32461580,290.88,-2.9282136894825,MSFT
2022-02-18,284.43,285.24,277.685,279.31,34264008,282.11,-0.96309290406907,MSFT
2022-02-22,276.38,282.92,275.88,279.1,41736117,279.31,-0.072934393776258,MSFT
2022-02-23,281.56,283.08,271.48,271.65,37811167,279.1,-2.5893229528709,MSFT
2022-02-24,263.89,286.54,262.9,285.97,56989686,271.65,5.1093588325543,MSFT
2022-02-25,286.52,289.01,283.035,288.69,32546721,285.97,0.92331715265285,MSFT
2022-02-28,285.69,290.52,284.38,290.17,34627457,288.69,0.49779691231375,MSFT
2022-03-01,287.78,291.35,283.53,286.33,31217778,290.17,-1.2851835737475,MSFT
2022-03-02,286.74,292.85,285.078,291.57,31873007,286.33,1.7765723003899,MSFT
2022-03-03,294.27,294.51,285.43,287.3,27314469,291.57,-1.4224324594423,MSFT
2022-03-04,285.67,287.04,278.545,281.24,32369655,287.3,-2.0478507704785,MSFT
2022-03-07,279.91,281.07,269.91,270.29,43157178,281.24,-3.7776857793417,MSFT
2022-03-08,269.18,275.34,261.38,267.23,48159475,270.29,-1.0971281058406,MSFT
2022-03-09,274.82,280.98,272.16,279.88,35204480,267.23,4.5858256298713,MSFT
2022-03-10,274.4,277.98,271.96,276.97,30628012,279.88,-1.0086655112652,MSFT
2022-03-11,279.34,280.89,270.81,271.45,27209330,276.97,-1.9328407857418,MSFT
2022-03-14,271.72,276.779,267.2,267.82,30660747,271.45,-1.2961045452922,MSFT
2022-03-15,271.73,279.2,270.105,278.53,34245085,267.82,3.8742584285921,MSFT
2022-03-16,280.49,285.95,274.58,285.77,37826329,278.53,2.5213303151663,MSFT
2022-03-17,284.67,286.99,280.75,286.6,30816633,285.77,0.28193892455588,MSFT
2022-03-18,286.75,292.38,284.11,291.81,43390625,286.6,1.7647855836325,MSFT
2022-03-21,290.27,291.52,286.28,290.54,28351245,291.81,-0.42272742402556,MSFT
2022-03-22,291.18,296.38,290.15,295.44,27599689,290.54,1.6379195079556,MSFT
2022-03-23,291.89,294.61,289.1,290.87,25715377,295.44,-1.5029928303624,MSFT
2022-03-24,290.52,295.58,289.695,295.48,24484456,290.87,1.5392834485292,MSFT
2022-03-25,296.61,296.88,290.666,295.06,22566453,295.48,-0.1381124630056,MSFT
2022-03-28,295.71,302.18,295.71,302.08,29578188,295.06,2.3116438356164,MSFT
2022-03-29,305.29,307.2,300.43,306.79,30393403,302.08,1.5159317669778,MSFT
2022-03-30,305.14,307.33,302.96,305.24,28163555,306.79,-0.49142386100631,MSFT
2022-03-31,305.28,306.52,299.27,299.69,33422070,305.24,-1.7683043395144,MSFT
2022-04-01,300.75,301.51,296.92,300.8,27110529,299.69,0.36002724530505,MSFT
2022-04-04,301.47,306.49,301.09,306.35,24335868,300.8,1.7936784952492,MSFT
2022-04-05,304.65,306.245,301.25,302.26,23156719,306.35,-1.298536368543,MSFT
2022-04-06,296.57,298.38,288.09,290.88,40110372,302.26,-3.6605764282038,MSFT
2022-04-07,288.04,295.03,287.73,292.75,31411155,290.88,0.62437395659433,MSFT
2022-04-08,291.82,292.5,287.66,288.35,24361917,292.75,-1.4599993363639,MSFT
2022-04-11,283.17,283.99,276.38,276.64,34569264,288.35,-3.9431592416743,MSFT
2022-04-12,280.615,282.119,271.87,273.44,30966721,276.64,-1.1217836359812,MSFT
2022-04-13,274.11,279.96,272.68,279.0,21907176,273.44,1.971211798908,MSFT
2022-04-14,279.47,279.685,270.7,271.21,28221607,279.0,-2.7084347402823,MSFT
2022-04-18,270.29,273.84,269.72,271.9,20778000,271.21,0.2465782796698,MSFT
2022-04-19,270.76,277.55,269.79,276.68,22297720,271.9,1.7039783259661,MSFT
2022-04-20,280.78,281.08,276.75,277.74,22906667,276.68,0.37153873116018,MSFT
2022-04-21,279.96,284.68,271.44,272.19,29454587,277.74,-1.9381198491409,MSFT
2022-04-22,273.06,274.58,264.76,265.41,29405798,272.19,-2.4144439300595,MSFT
2022-04-25,264.67,272.49,262.15,272.1,35678852,265.41,2.441338539576,MSFT
2022-04-26,268.88,269.74,261.38,261.6,46518445,272.1,-3.7403818751781,MSFT
2022-04-27,273.48,282.35,270.54,274.6,63477694,261.6,4.8108948264377,MSFT
2022-04-28,276.565,282.36,272.836,281.01,33646570,274.6,2.2632582444742,MSFT
2022-04-29,279.99,281.26,267.88,268.9,37073923,281.01,-4.181196699237,MSFT
2022-05-02,269.09,276.32,267.6,275.85,35151105,268.9,2.5043240126838,MSFT
2022-05-03,275.34,275.51,271.53,273.16,25978605,275.85,-0.94561816711782,MSFT
2022-05-04,273.97,282.26,268.11,281.36,33599320,273.16,2.9100716871318,MSFT
2022-05-05,276.92,277.73,265.72,268.73,43260386,281.36,-4.355472791227,MSFT
2022-05-06,266.185,270.63,262.65,266.11,37780322,268.73,-0.94465476834325,MSFT
2022-05-09,261.44,263.74,254.7,255.96,47725952,266.11,-3.694536453973,MSFT
2022-05-10,263.07,265.13,256.45,260.88,39336424,255.96,1.8595509864691,MSFT
2022-05-11,257.06,262.74,250.68,251.93,48975898,260.88,-3.3209647495362,MSFT
2022-05-12,249.07,251.26,241.4,246.73,51033802,251.93,-1.9957781615813,MSFT
2022-05-13,248.73,254.42,246.73,252.5,34925093,246.73,2.2596436263951,MSFT
2022-05-16,251.335,257.2,247.16,252.88,32550933,252.5,0.14552696078431,MSFT
2022-05-17,257.49,259.71,253.84,258.2,28828799,252.88,2.0344168260038,MSFT
2022-05-18,255.0,255.6,244.77,246.08,31355985,258.2,-4.7747545161532,MSFT
2022-05-19,245.9,249.67,243.88,245.14,32692286,246.08,-0.3699622166247,MSFT
2022-05-20,249.24,250.54,238.44,244.56,39199279,245.14,-0.2291222248558,MSFT
2022-05-23,247.49,253.5,245.43,252.65,33175379,244.56,3.2031992397846,MSFT
2022-05-24,249.89,253.33,245.5,251.62,29043904,252.65,-0.39516593132552,MSFT
2022-05-25,250.14,256.58,249.125,254.52,28547947,251.62,1.1170171789538,MSFT
2022-05-26,254.27,259.11,253.429,257.9,25002105,254.52,1.2875209507847,MSFT
2022-05-27,260.48,265.34,259.56,265.24,26910806,257.9,2.7604362542309,MSFT
2022-05-31,264.53,266.77,260.93,263.87,37827695,265.24,-0.50139071878202,MSFT
2022-06-01,267.195,269.69,262.04,264.42,25292174,263.87,0.20230257108177,MSFT
2022-06-02,256.45,266.65,253.6,266.58,44008209,264.42,0.79289332648116,MSFT
2022-06-03,262.31,265.45,260.41,262.02,28058958,266.58,-1.6607181877777,MSFT
2022-06-06,264.06,266.18,259.22,260.75,22400342,262.02,-0.47033553070142,MSFT
2022-06-07,258.635,265.13,257.94,264.5,22860677,260.75,1.3953488372093,MSFT
2022-06-08,263.71,265.0,261.61,262.41,17372341,264.5,-0.76697247706421,MSFT
2022-06-09,259.78,264.708,256.63,256.79,26439728,262.41,-2.0783255057135,MSFT
2022-06-10,252.58,252.58,244.53,244.99,31445841,256.79,-4.4563616450772,MSFT
2022-06-13,237.11,241.024,233.53,234.26,46135788,244.99,-4.2412743586703,MSFT
2022-06-14,235.86,237.74,233.51,236.49,28651487,234.26,0.92049863782714,MSFT
2022-06-15,240.31,247.3,238.42,243.76,33111729,236.49,2.9735367499693,MSFT
2022-06-16,237.98,239.417,235.02,236.97,33169160,243.76,-2.6970130282809,MSFT
2022-06-17,236.7,242.5,236.03,239.65,43084780,236.97,1.0940115116137,MSFT
2022-06-21,242.255,246.75,241.51,245.74,29928297,239.65,2.4591156874621,MSFT
2022-06-22,243.89,249.17,242.37,245.13,25961215,245.74,-0.24040356270198,MSFT
2022-06-23,247.57,251.37,245.63,250.86,25861449,245.13,2.2636589894521,MSFT
2022-06-24,253.808,259.98,253.72,259.7,33923231,250.86,3.4149733446651,MSFT
2022-06-27,260.205,260.3,255.28,256.89,24615114,259.7,-1.0496824803885,MSFT
2022-06-28,255.98,258.91,248.32,248.48,27380247,256.89,-3.1749027898373,MSFT
2022-06-29,249.59,253.97,247.76,252.26,20069839,248.48,1.4737991266375,MSFT
2022-06-30,249.05,251.53,244.9,248.83,31730868,252.26,-1.3179128563744,MSFT
2022-07-01,248.39,251.77,246.61,251.58,22837692,248.83,1.0707471868551,MSFT
2022-07-05,248.16,254.98,246.74,254.85,22971634,251.58,1.2597272517143,MSFT
2022-07-06,255.75,259.99,254.4,258.21,23824419,254.85,1.2782956058588,MSFT
2022-07-07,257.12,261.055,257.02,260.4,20859874,258.21,0.82265880320048,MSFT
2022-07-08,256.79,260.1,255.285,259.66,19658751,260.4,-0.2757078986587,MSFT
2022-07-11,257.65,258.53,254.18,256.51,19519108,259.66,-1.1768661735037,MSFT
2022-07-12,257.88,257.94,244.04,245.67,35868450,256.51,-4.0981437374768,MSFT
2022-07-13,242.19,245.55,240.11,244.72,29497423,245.67,-0.37450230614578,MSFT
2022-07-14,242.57,247.137,237.94,246.08,25102823,244.72,0.53814498258943,MSFT
2022-07-15,247.72,252.37,246.773,248.72,29774050,246.08,1.0390428211587,MSFT
2022-07-18,251.75,252.84,245.3,246.25,20975034,248.72,-0.96213773761297,MSFT
2022-07-19,249.575,251.72,245.68,251.53,25012562,246.25,2.0766961651917,MSFT
2022-07-20,251.9,256.87,250.91,254.27,22788282,251.53,1.0557546333757,MSFT
2022-07-21,251.79,256.89,249.03,256.84,22404675,254.27,0.97990620353071,MSFT
2022-07-22,257.24,257.33,251.07,252.36,21881290,256.84,-1.6915873735085,MSFT
2022-07-25,252.995,253.5,248.81,250.83,21055998,252.36,-0.587647872177,MSFT
2022-07-26,251.86,251.88,241.57,243.9,39347957,250.83,-2.6774330641734,MSFT
2022-07-27,253.16,262.05,250.85,260.74,45994049,243.9,6.6851925367209,MSFT
2022-07-28,261.75,269.84,259.87,268.41,33459327,260.74,2.8540596859418,MSFT
2022-07-29,269.7,274.0,268.63,272.74,32152752,268.41,1.5665135125357,MSFT
2022-08-01,269.82,273.28,267.84,270.01,21539580,272.74,-0.97243000641163,MSFT
2022-08-02,268.0,269.89,264.38,266.82,22754184,270.01,-1.1474407395417,MSFT
2022-08-03,268.76,275.5,268.61,274.47,23518874,266.82,2.7836402008588,MSFT
2022-08-04,273.8,275.8,272.168,275.65,18098668,274.47,0.4177434771834,MSFT
2022-08-05,271.15,275.65,270.68,274.91,16774606,275.65,-0.26088489335447,MSFT
2022-08-08,276.05,277.92,271.32,272.32,18757818,274.91,-0.9154854900852,MSFT
2022-08-09,271.64,275.08,269.61,274.3,23405238,272.32,0.70633561643836,MSFT
2022-08-10,280.17,281.81,278.94,281.16,24687845,274.3,2.4300389656394,MSFT
2022-08-11,282.85,283.21,278.51,279.02,20065938,281.16,-0.74007469912853,MSFT
2022-08-12,280.48,283.91,278.94,283.91,22619675,279.02,1.7037140268971,MSFT
2022-08-15,283.0,286.18,282.11,285.47,18085654,283.91,0.53441129115138,MSFT
2022-08-16,283.99,286.04,282.42,284.71,18102882,285.47,-0.25897025249601,MSFT
2022-08-17,282.36,285.97,282.09,283.94,18253358,284.71,-0.47487274093813,MSFT
2022-08-18,282.809,284.53,281.7,282.79,17186192,283.94,-0.39475490869147,MSFT
2022-08-19,281.52,281.87,278.18,278.77,20570033,282.79,-1.3853947685839,MSFT
2022-08-22,274.7,275.08,269.84,270.37,25061070,278.77,-2.9355233269264,MSFT
2022-08-23,269.06,271.48,268.02,269.06,17527409,270.37,-0.47164716471647,MSFT
2022-08-24,268.03,269.85,267.73,268.41,18137019,269.06,-0.23513239762696,MSFT
2022-08-25,269.95,271.64,267.14,271.47,16583407,268.41,1.1095398672903,MSFT
2022-08-26,271.7,272.96,260.6,260.71,27549307,271.47,-3.858705397167,MSFT
2022-08-29,258.47,260.02,256.47,257.85,20338544,260.71,-1.0668059233839,MSFT
2022-08-30,259.29,259.67,253.28,255.59,22767071,257.85,-0.85209063831391,MSFT
2022-08-31,258.01,259.73,253.95,254.09,24791834,255.59,-0.57040727079134,MSFT
2022-09-01,251.49,253.51,248.03,253.02,23263431,254.09,-0.40922476765979,MSFT
2022-09-02,254.315,257.36,247.09,248.68,22855380,253.02,-1.6666666666667,MSFT
2022-09-06,248.82,250.45,244.56,245.87,21328242,248.68,-1.0973990470983,MSFT
2022-09-07,247.32,251.45,245.84,250.71,24126700,245.87,1.9111549851925,MSFT
2022-09-08,250.13,253.05,247.41,251.14,20319911,250.71,0.16660854740595,MSFT
2022-09-09,253.12,257.85,252.91,257.08,22093190,251.14,2.2976945690856,MSFT
2022-09-12,258.4,260.07,257.78,259.27,18747690,257.08,0.82810254858958,MSFT
2022-09-13,251.46,253.02,244.21,244.61,33353318,259.27,-5.4978436152259,MSFT
2022-09-14,246.15,246.85,242.48,244.84,23912954,244.61,0.091273463232664,MSFT
2022-09-15,242.39,244.02,236.64,238.0,31530948,244.84,-2.7119181666799,MSFT
2022-09-16,236.88,237.92,234.683,237.36,39791768,238.0,-0.26081995272638,MSFT
2022-09-19,235.085,237.76,233.47,237.14,26826931,237.36,-0.089891313230366,MSFT
2022-09-20,234.685,236.13,232.26,235.07,26660299,237.14,-0.84655651889417,MSFT
2022-09-21,236.89,240.28,231.52,231.57,28625557,235.07,-1.4435966178594,MSFT
2022-09-22,230.49,236.48,230.19,233.6,31061162,231.57,0.84955011508684,MSFT
2022-09-23,232.16,233.75,227.82,230.54,34176048,233.6,-1.2698149224002,MSFT
2022-09-26,229.665,234.07,229.52,230.07,27694190,230.54,-0.19754539340955,MSFT
2022-09-27,232.6,234.42,227.12,229.03,27018732,230.07,-0.43798694461992,MSFT
2022-09-28,229.43,234.95,227.35,233.69,29029679,229.03,1.9711518125291,MSFT
2022-09-29,231.51,232.57,227.03,230.12,27484233,233.69,-1.4808976645788,MSFT
2022-09-30,230.91,233.16,225.35,225.52,35694832,230.12,-1.9368421052632,MSFT
2022-10-03,228.03,234.23,227.28,233.36,28880357,225.52,3.3662516101331,MSFT
2022-10-04,237.71,242.98,237.595,241.5,34888416,233.36,3.3812411730498,MSFT
2022-10-05,238.61,243.2,236.72,241.82,20347136,241.5,0.12857602057216,MSFT
2022-10-06,240.55,242.96,238.7,239.41,20239886,241.82,-0.96709470304976,MSFT
2022-10-07,233.522,233.94,225.79,226.86,37769602,239.41,-5.0852951902427,MSFT
2022-10-10,225.67,227.179,219.35,221.87,29743608,226.86,-2.130293715847,MSFT
2022-10-11,220.24,221.68,216.73,218.03,30473954,221.87,-1.6750272628135,MSFT
2022-10-12,218.02,220.48,216.58,218.37,21903937,218.03,0.15083625393727,MSFT
2022-10-13,212.47,228.72,211.75,226.86,42551818,218.37,3.7607973421927,MSFT
2022-10-14,228.16,229.86,220.96,221.18,30198588,226.86,-2.4248633879781,MSFT
2022-10-17,228.44,231.58,227.755,230.15,28142268,221.18,3.9245712285614,MSFT
2022-10-18,235.86,236.55,227.99,231.12,26329591,230.15,0.40836946911969,MSFT
2022-10-19,229.66,232.23,226.91,229.1,19985698,231.12,-0.84696016771489,MSFT
2022-10-20,228.39,233.93,227.49,228.77,21811015,229.1,-0.13954668470906,MSFT
2022-10-21,227.36,235.62,227.12,234.74,26299733,228.77,2.5280542028372,MSFT
2022-10-24,236.38,240.46,233.915,239.87,24911212,234.74,2.1187840740129,MSFT
2022-10-25,239.88,243.66,238.45,243.28,34775505,239.87,1.3791708796764,MSFT
2022-10-26,223.79,230.92,222.68,223.94,82684846,243.28,-7.71563073486,MSFT
2022-10-27,223.66,226.31,218.4,219.37,40424645,223.94,-1.9756181912502,MSFT
2022-10-28,218.86,229.22,218.67,228.49,40647724,219.37,4.0220507166483,MSFT
2022-10-31,226.38,227.54,223.77,224.75,28357265,228.49,-1.5856191970153,MSFT
2022-11-01,227.22,228.36,219.945,220.79,30592271,224.75,-1.7059406367122,MSFT
2022-11-02,222.08,223.92,212.66,212.72,38407008,220.79,-3.5368365692247,MSFT
2022-11-03,212.71,213.03,206.6,206.87,36633922,212.72,-2.6578827805543,MSFT
2022-11-04,210.17,214.21,206.051,214.01,36789063,206.87,3.3325554259043,MSFT
2022-11-07,214.61,221.03,213.9,220.49,33497979,214.01,2.9269614707078,MSFT
2022-11-08,221.32,224.27,218.46,221.49,28192548,220.49,0.4388467108439,MSFT
2022-11-09,219.99,221.253,216.95,217.13,27852910,221.49,-1.9050115786254,MSFT
2022-11-10,228.05,235.95,227.62,235.6,46268021,217.13,8.2268050420917,MSFT
2022-11-11,235.61,240.61,234.55,239.73,34620246,235.6,1.6997283727056,MSFT
2022-11-14,234.605,236.53,231.83,234.17,31123340,239.73,-2.250010116952,MSFT
2022-11-15,238.28,239.62,232.65,234.59,31390117,234.17,0.17387704409025,MSFT
2022-11-16,236.09,237.1,233.72,235.03,24093272,234.59,-0.099185849485477,MSFT
2022-11-17,231.08,236.55,230.93,234.98,23123544,235.03,-0.020684234476475,MSFT
2022-11-18,236.81,237.04,232.33,234.52,27613523,234.98,-0.190334326382,MSFT
2022-11-21,234.73,237.97,234.49,235.35,26394700,234.52,0.34408423845453,MSFT
2022-11-22,236.89,238.61,234.01,238.33,19665699,235.35,1.2311505887213,MSFT
2022-11-23,238.405,241.58,237.57,240.88,19508462,238.33,1.0406888952373,MSFT
2022-11-25,240.61,242.0,240.03,240.79,9200772,240.88,-0.036351886258988,MSFT
2022-11-28,239.38,239.95,234.1,235.06,24810271,240.79,-2.3152450604065,MSFT
2022-11-29,234.7,236.09,231.51,233.63,17956313,235.06,-0.5914956982131,MSFT
2022-11-30,233.87,248.63,233.16,248.44,47594239,233.63,6.162360088212,MSFT
2022-12-01,247.17,249.42,244.216,247.99,26041524,248.44,-0.17637375558516,MSFT
2022-12-02,243.12,249.36,242.99,248.32,21528520,247.99,0.12956928030155,MSFT
2022-12-05,245.31,247.119,241.36,243.5,23435294,248.32,-1.8900478393852,MSFT
2022-12-06,244.12,245.16,237.08,238.42,22463727,243.5,-2.0303756994404,MSFT
2022-12-07,238.13,239.46,235.505,237.67,20481522,238.42,-0.3059725848564,MSFT
2022-12-08,238.14,242.04,236.36,240.7,22611757,237.67,1.2399230674796,MSFT
2022-12-09,237.995,241.61,237.46,238.72,20609743,240.7,-0.80032336297495,MSFT
2022-12-12,240.745,245.84,240.47,245.81,30665069,238.72,2.8889251079782,MSFT
2022-12-13,254.99,257.215,246.37,250.22,42196884,245.81,1.7464654865154,MSFT
2022-12-14,250.43,255.888,247.61,250.52,35410933,250.22,0.11676786548342,MSFT
2022-12-15,247.02,247.5,240.64,242.31,35568093,250.52,-3.1918202317083,MSFT
2022-12-16,241.85,243.14,236.81,237.99,86101994,242.31,-1.7348700855387,MSFT
2022-12-19,238.16,238.51,232.01,233.75,29696436,237.99,-1.7328047733867,MSFT
2022-12-20,232.7,236.21,231.72,235.1,25150802,233.75,0.56144728633813,MSFT
2022-12-21,234.99,238.915,233.41,237.73,23690607,235.1,1.0876757650951,MSFT
2022-12-22,234.555,235.29,227.17,231.49,28651664,237.73,-2.5528781246165,MSFT
2022-12-23,229.41,232.17,227.243,232.03,21206982,231.49,0.22670976951173,MSFT
2022-12-27,232.0,232.23,229.13,230.26,16688648,232.03,-0.74142336530808,MSFT
2022-12-28,230.19,233.02,227.47,227.83,17457104,230.26,-1.0254895340986,MSFT
2022-12-29,228.95,235.22,228.95,234.31,19770693,227.83,2.7629727540187,MSFT
2022-12-30,231.51,233.26,229.96,233.12,21938472,234.31,-0.49375544583212,MSFT
2023-01-03,236.38,239.05,230.7,232.88,25740036,233.12,-0.10007505629221,MSFT
2023-01-04,225.575,226.17,219.26,222.4,50623394,232.88,-4.3743217296936,MSFT
2023-01-05,220.5,220.85,215.06,215.61,39585623,222.4,-2.9637712789175,MSFT
2023-01-06,216.3,219.06,212.65,218.23,43613574,215.61,1.1785344788808,MSFT
2023-01-09,219.75,224.537,219.71,220.42,27369784,218.23,0.97363624238652,MSFT
2023-01-10,221.055,224.61,220.63,222.15,27033881,220.42,0.76171187037689,MSFT
2023-01-11,224.59,229.25,224.41,229.07,28669331,222.15,3.0238147258029,MSFT
2023-01-12,228.56,233.2,226.86,231.81,27269486,229.07,1.16214955253,MSFT
2023-01-13,230.302,232.67,228.22,232.53,21333265,231.81,0.30187413525638,MSFT
2023-01-17,231.27,234.21,230.39,233.65,29831257,232.53,0.46816870793797,MSFT
2023-01-18,234.865,235.68,228.82,229.11,30028692,233.65,-1.8889120033285,MSFT
2023-01-19,227.08,228.82,223.98,225.23,28623033,229.11,-1.6453924769942,MSFT
2023-01-20,228.155,234.04,227.81,233.52,35389809,225.23,3.5743543310482,MSFT
2023-01-23,234.4,238.465,232.95,235.88,31933951,233.52,0.98243276996087,MSFT
2023-01-24,235.8,237.25,233.74,235.34,40234444,235.88,-0.22260697501856,MSFT
2023-01-25,227.78,236.6,224.2,233.91,66526641,235.34,-0.59081143612625,MSFT
2023-01-26,236.95,241.61,235.3,241.3,33454491,233.91,3.0713602925897,MSFT
2023-01-27,242.29,243.13,240.13,241.46,26498939,241.3,0.064516129032257,MSFT
2023-01-30,237.81,238.9,235.5,236.01,25867365,241.46,-2.1961637653127,MSFT
2023-01-31,236.75,241.25,236.245,241.11,26541072,236.01,2.1012731243047,MSFT
2023-02-01,241.3,248.48,238.77,246.05,31259912,241.11,1.9934627335459,MSFT
2023-02-02,252.12,257.99,250.55,257.9,39940437,246.05,4.6884272997033,MSFT
2023-02-03,252.842,257.5,250.4,251.65,29077256,257.9,-2.3620559334845,MSFT
2023-02-06,250.74,251.6,248.08,250.07,22517997,251.65,-0.61157344687441,MSFT
2023-02-07,253.83,262.075,253.38,260.86,50841365,250.07,4.2022043073568,MSFT
2023-02-08,266.5,270.06,259.51,260.03,54686049,260.86,-0.31021079384063,MSFT
2023-02-09,267.1,267.28,256.1,256.92,42375102,260.03,-1.1659730813932,MSFT
2023-02-10,254.83,257.39,253.962,256.4,25818489,256.92,-0.19725362263864,MSFT
2023-02-13,260.94,267.9,260.45,264.62,44630921,256.4,3.1242873432155,MSFT
2023-02-14,265.97,268.27,262.58,265.47,37047924,264.62,0.31328320802006,MSFT
2023-02-15,262.3,264.71,260.16,263.3,28962163,265.47,-1.0471396553625,MSFT
2023-02-16,258.0,260.72,255.88,256.13,29603616,263.3,-2.6622605079459,MSFT
2023-02-17,253.37,254.07,249.98,252.04,30000055,256.13,-1.560175472058,MSFT
2023-02-21,248.46,249.47,245.57,246.65,28397444,252.04,-2.0886615515772,MSFT
2023-02-22,248.07,248.32,244.32,245.49,22491056,246.65,-0.45909684568805,MSFT
2023-02-23,249.54,250.82,244.46,248.75,29219095,245.49,1.2961711263966,MSFT
2023-02-24,243.94,244.98,242.08,243.2,24990905,248.75,-2.1784354515838,MSFT
2023-02-27,246.44,246.8,243.37,244.14,21190042,243.2,0.37717679158976,MSFT
2023-02-28,243.05,245.47,242.71,243.4,22490950,244.14,-0.29581068116406,MSFT
2023-03-01,244.74,244.91,239.77,240.25,27565259,243.4,-1.2629299975944,MSFT
2023-03-02,240.53,245.38,239.59,245.09,24833646,240.25,1.9653226133918,MSFT
2023-03-03,246.17,249.6,245.37,249.27,30760136,245.09,1.6646091354386,MSFT
2023-03-06,250.405,254.1,249.96,250.85,24109849,249.27,0.61890399153904,MSFT
2023-03-07,250.28,251.67,247.37,248.13,21473179,250.85,-1.0589013898081,MSFT
2023-03-08,248.02,248.522,244.79,247.68,17340217,248.13,-0.17706079087154,MSFT
2023-03-09,249.8,253.54,245.56,246.3,26653387,247.68,-0.54394954670871,MSFT
2023-03-10,245.06,246.77,241.58,242.57,28333930,246.3,-1.4782815472416,MSFT
2023-03-13,241.38,251.89,239.71,247.9,33339721,242.57,2.1440926827306,MSFT
2023-03-14,250.73,255.05,249.84,254.77,33620293,247.9,2.7055765595463,MSFT
2023-03-15,253.96,260.46,253.19,259.42,46028047,254.77,1.7830438283676,MSFT
2023-03-16,259.185,270.54,257.26,270.18,54832140,259.42,4.0536467751658,MSFT
2023-03-17,272.24,277.31,270.3,273.41,69527371,270.18,1.1694424330196,MSFT
2023-03-20,270.96,271.46,263.83,266.21,43466649,273.41,-2.5766739433847,MSFT
2023-03-21,268.86,268.98,263.499,267.76,34558704,266.21,0.56937148734524,MSFT
2023-03-22,267.38,275.02,266.16,266.27,34873330,267.76,-0.54423259551463,MSFT
2023-03-23,271.92,275.04,269.18,271.64,36610879,266.27,1.9721620331264,MSFT
2023-03-24,271.22,274.61,269.26,274.55,28199962,271.64,1.0480443708132,MSFT
2023-03-27,274.48,275.439,269.5,270.36,26840212,274.55,-1.493388459208,MSFT
2023-03-28,269.77,270.12,266.025,269.21,21878647,270.36,-0.41609378392068,MSFT
2023-03-29,272.94,275.12,272.39,274.49,25087032,269.21,1.9183955237438,MSFT
2023-03-30,278.21,278.44,275.46,278.03,25053410,274.49,1.2619870949342,MSFT
2023-03-31,277.71,283.25,276.98,282.28,32765976,278.03,1.4962154550255,MSFT
2023-04-03,280.5,282.25,277.93,281.21,24883342,282.28,-0.37114117238987,MSFT
2023-04-04,281.21,284.43,279.65,281.16,25824299,281.21,-0.017407652404001,MSFT
2023-04-05,279.83,281.13,276.9,278.32,22064770,281.16,-0.98892680548786,MSFT
2023-04-06,277.19,286.06,276.01,285.58,29770334,278.32,2.5532812829711,MSFT
2023-04-10,283.188,283.58,278.69,283.37,23102994,285.58,-0.75788751714679,MSFT
2023-04-11,279.73,279.96,275.62,276.81,27276589,283.37,-2.2668371401914,MSFT
2023-04-12,278.77,280.99,275.94,277.47,27403432,276.81,0.23335572605453,MSFT
2023-04-13,277.57,283.88,277.15,283.82,24222678,277.47,2.2399379166814,MSFT
2023-04-14,280.98,282.46,277.67,280.12,20987917,283.82,-1.2765663814518,MSFT
2023-04-17,283.91,285.58,280.14,282.78,23836223,280.12,0.92961487383799,MSFT
2023-04-18,285.55,285.735,280.99,282.35,20161845,282.78,-0.14889196675901,MSFT
2023-04-19,279.97,283.03,278.52,282.43,17150271,282.35,0.027742136838084,MSFT
2023-04-20,279.23,283.01,279.06,280.09,23244363,282.43,-0.81123244929796,MSFT
2023-04-21,278.99,280.25,277.041,279.74,21676387,280.09,-0.12233057215757,MSFT
2023-04-24,276.07,278.93,272.7,275.75,26611014,279.74,-1.3962765957447,MSFT
2023-04-25,273.49,275.58,269.35,269.4,45772236,275.75,-2.2536111012528,MSFT
2023-04-26,290.68,293.55,286.71,289.35,64599182,269.4,7.2434826809963,MSFT
2023-04-27,289.95,299.18,289.23,298.81,46462638,289.35,3.202762636693,MSFT
2023-04-28,297.99,302.91,297.29,301.24,36469613,298.81,0.79716563330381,MSFT
2023-05-01,300.95,302.58,299.13,299.54,21294115,301.24,-0.55327735468333,MSFT
2023-05-02,301.74,303.16,297.89,299.39,26404431,299.54,-0.049090195051701,MSFT
2023-05-03,300.6,302.59,298.07,298.38,22360754,299.39,-0.33070298942407,MSFT
2023-05-04,300.22,301.743,297.38,299.39,22519907,298.38,0.33180026281211,MSFT
2023-05-05,299.7,305.95,298.25,304.63,28197052,299.39,1.7157264005763,MSFT
2023-05-08,304.11,304.18,300.07,302.63,21318613,304.63,-0.64381136327056,MSFT
2023-05-09,301.98,304.02,300.29,300.98,21340829,302.63,-0.53458610076137,MSFT
2023-05-10,302.6,306.98,301.65,306.29,30078044,300.98,1.7296416938111,MSFT
2023-05-11,304.08,305.1,300.24,304.09,31680179,306.29,-0.70442829240178,MSFT
2023-05-12,304.53,304.63,300.58,302.95,19774696,304.09,-0.36761149269614,MSFT
2023-05-15,303.075,303.885,301.57,303.44,16336547,302.95,0.15859144900798,MSFT
2023-05-16,303.81,307.69,303.81,305.72,26730347,303.44,0.73676727202224,MSFT
2023-05-17,306.95,309.09,305.4,308.66,24315012,305.72,0.72496311028421,MSFT
2023-05-18,309.19,313.7,308.38,313.18,27275991,308.66,1.4394904458599,MSFT
2023-05-19,311.4,313.41,311.03,313.0,27546701,313.18,-0.05651136506342,MSFT
2023-05-22,313.26,317.25,312.67,315.84,24115664,313.0,0.89212791355156,MSFT
2023-05-23,314.69,317.38,309.91,309.92,30797173,315.84,-1.8432031882434,MSFT
2023-05-24,309.39,311.16,307.27,308.51,23384887,309.92,-0.44724988898051,MSFT
2023-05-25,317.9,321.56,314.66,320.58,43301743,308.51,3.8457862036004,MSFT
2023-05-26,318.68,328.06,318.54,327.55,36630633,320.58,2.1385616102111,MSFT
2023-05-30,329.89,330.4,325.18,325.87,29503070,327.55,-0.50467121271291,MSFT
2023-05-31,326.95,330.6,321.99,323.05,45950553,325.87,-0.85142356812898,MSFT
2023-06-01,320.59,328.19,319.38,327.24,26773851,323.05,1.2759219221048,MSFT
2023-06-02,328.907,332.16,327.21,330.06,25873769,327.24,0.84791629081724,MSFT
2023-06-05,329.88,333.22,329.32,330.6,21307053,330.06,0.16100178890877,MSFT
2023-06-06,329.99,330.03,326.83,328.34,20396223,330.6,-0.6727391796154,MSFT
2023-06-07,326.31,329.15,317.16,318.04,40717129,328.34,-3.0867897386718,MSFT
2023-06-08,318.595,321.3,318.01,319.92,23277708,318.04,0.58135939142804,MSFT
2023-06-09,319.65,324.65,319.07,321.45,22528950,319.92,0.47039291643609,MSFT
2023-06-12,323.24,326.76,319.82,326.51,24306753,321.45,1.5483949937269,MSFT
2023-06-13,329.125,331.64,325.05,328.95,22951279,326.51,0.73527196022299,MSFT
2023-06-14,329.0,333.7,327.47,332.0,26003791,328.95,0.91238146519488,MSFT
2023-06-15,332.14,344.5,331.86,342.76,38899075,332.0,3.1896602833936,MSFT
2023-06-16,345.98,346.13,336.61,336.99,46551985,342.76,-1.6575696638897,MSFT
2023-06-20,333.97,336.74,330.52,332.71,26375407,336.99,-1.2502556013204,MSFT
2023-06-21,331.03,332.39,326.73,328.22,25117799,332.71,-1.3282058867032,MSFT
2023-06-22,328.78,334.78,328.0,334.37,23556764,328.22,1.8437462525483,MSFT
2023-06-23,329.02,332.62,328.11,329.68,23146901,334.37,-1.38058932619,MSFT
2023-06-26,328.38,330.77,323.15,323.26,21520582,329.68,-1.9163035042684,MSFT
2023-06-27,326.52,330.81,323.96,329.23,24354110,323.26,1.8167985392574,MSFT
2023-06-28,329.32,332.64,328.47,330.51,20259523,329.23,0.382580625878,MSFT
2023-06-29,329.37,330.77,327.28,329.71,16997042,330.51,-0.23820157808546,MSFT
2023-06-30,332.41,337.39,331.86,335.2,26832756,329.71,1.638561408745,MSFT
2023-07-03,333.85,335.56,331.231,332.65,12508692,335.2,-0.74881071239796,MSFT
2023-07-05,329.75,336.31,329.388,332.81,18172378,332.65,0.047338678659123,MSFT
2023-07-06,331.96,337.65,330.16,335.93,28195534,332.81,0.92266745527133,MSFT
2023-07-07,333.98,336.45,331.66,331.88,21214824,335.93,-1.1867436340727,MSFT
2023-07-10,329.26,329.89,322.25,326.49,32791449,331.88,-1.5983630864124,MSFT
2023-07-11,325.72,327.52,321.66,327.13,26698218,326.49,0.19286984299191,MSFT
2023-07-12,331.26,336.312,330.33,331.86,29995262,327.13,1.4226847535116,MSFT
2023-07-13,334.22,338.4,333.68,337.32,20567159,331.86,1.6192170818505,MSFT
2023-07-14,342.25,346.09,338.97,339.9,28352729,337.32,0.75293293643845,MSFT
2023-07-17,340.338,341.65,336.86,340.39,20363927,339.9,0.14193025141931,MSFT
2023-07-18,340.49,361.44,336.83,354.15,64872705,340.39,3.9799843808752,MSFT
2023-07-19,356.41,357.12,347.095,349.74,39732901,354.15,-1.2267378786614,MSFT
2023-07-20,348.23,352.63,340.03,341.53,33778395,349.74,-2.3121550073223,MSFT
2023-07-21,343.81,344.96,334.49,338.43,69405382,341.53,-0.89370657595065,MSFT
2023-07-24,340.51,341.58,336.97,339.77,26719207,338.43,0.38979550280712,MSFT
2023-07-25,341.77,346.55,339.73,345.64,41637739,339.77,1.7009069572021,MSFT
2023-07-26,336.1,339.33,327.77,332.43,58383702,345.64,-3.7637472220639,MSFT
2023-07-27,335.14,335.99,323.71,325.38,39635262,332.43,-2.087219113598,MSFT
2023-07-28,328.33,334.67,327.83,333.03,28484868,325.38,2.3131349782293,MSFT
2023-07-31,331.58,332.355,328.02,330.58,25446022,333.03,-0.72405946153618,MSFT
2023-08-01,329.85,333.2,328.36,331.0,18381253,330.58,0.12502976899261,MSFT
2023-08-02,328.29,328.29,321.015,322.16,27761257,331.0,-2.6282927989534,MSFT
2023-08-03,320.66,324.54,320.61,321.32,18360352,322.16,-0.25648854961831,MSFT
2023-08-04,326.54,329.8,321.9,322.44,23741484,321.32,0.34286414008448,MSFT
2023-08-07,323.03,325.77,322.18,324.77,17741526,322.44,0.71084263835501,MSFT
2023-08-08,321.62,323.41,317.66,320.71,22327574,324.77,-1.2298930659477,MSFT
2023-08-09,321.13,321.77,315.71,316.89,22373268,320.71,-1.1715994479374,MSFT
2023-08-10,320.675,322.92,315.84,317.59,20113725,316.89,0.21723613567948,MSFT
2023-08-11,314.92,317.07,313.87,315.67,24355491,317.59,-0.59455609574831,MSFT
2023-08-14,316.05,318.72,314.74,318.7,18836139,315.67,0.94389582879039,MSFT
2023-08-15,317.66,319.75,315.563,316.52,16966285,318.7,-0.67275644982101,MSFT
2023-08-16,316.14,319.76,315.144,315.74,20698864,316.52,-0.45361337227367,MSFT
2023-08-17,315.88,317.21,311.55,312.22,21257161,315.74,-1.0986267166042,MSFT
2023-08-18,309.83,313.72,306.891,311.82,24755012,312.22,-0.12623074981065,MSFT
2023-08-21,313.27,318.11,312.38,317.22,24039956,311.82,1.706268958544,MSFT
2023-08-22,320.84,321.415,316.8,317.8,16102024,317.22,0.18019137566795,MSFT
2023-08-23,319.16,324.54,318.8,322.34,21166382,317.8,1.4079265645351,MSFT
2023-08-24,328.19,328.32,315.3,315.31,23281434,322.34,-2.1498470948012,MSFT
2023-08-25,316.81,320.7,314.14,318.32,21684104,315.31,0.94071319186173,MSFT
2023-08-28,321.0,321.49,317.062,319.04,14808482,318.32,0.22292402006315,MSFT
2023-08-29,317.22,324.324,317.22,323.75,19284590,319.04,1.4550509731233,MSFT
2023-08-30,324.01,325.15,321.785,324.13,15222110,323.75,0.11570902225876,MSFT
2023-08-31,324.54,326.25,322.12,323.1,26410954,324.13,-0.31326986830501,MSFT
2023-09-01,326.65,327.33,322.12,324.0,14942024,323.1,0.27459116426655,MSFT
2023-09-05,324.34,330.19,324.0,328.89,18553859,324.0,1.4878597943163,MSFT
2023-09-06,328.72,329.8,325.52,328.22,17535773,328.89,-0.20086943486734,MSFT
2023-09-07,326.63,328.42,324.37,325.25,18380995,328.22,-0.89221341023791,MSFT
2023-09-08,325.43,331.5,324.8,329.61,19548165,325.25,1.3215725500894,MSFT
2023-09-11,332.58,333.76,330.77,333.28,16583324,329.61,1.0979148592455,MSFT
2023-09-12,331.155,332.13,326.82,327.11,17565482,333.28,-1.8257678877907,MSFT
2023-09-13,326.65,332.19,326.51,331.4,16544412,327.11,1.2930644723754,MSFT
2023-09-14,334.488,336.2,331.91,334.04,20267048,331.4,0.78557400464202,MSFT
2023-09-15,332.26,332.738,324.99,325.56,37679792,334.04,-2.5036905816357,MSFT
2023-09-18,323.14,325.74,321.7,324.4,16834208,325.56,-0.35128096420569,MSFT
2023-09-19,321.51,324.73,319.85,323.99,16514487,324.4,-0.12459733787152,MSFT
2023-09-20,324.85,324.93,315.85,316.11,21436525,323.99,-2.3976875095086,MSFT
2023-09-21,314.6,320.69,310.34,314.87,35560362,316.11,-0.38656981637934,MSFT
2023-09-22,316.66,316.79,311.49,312.35,21447887,314.87,-0.78865834193972,MSFT
2023-09-25,311.93,313.01,310.34,312.88,17835964,312.35,0.16718715497935,MSFT
2023-09-26,310.47,311.22,305.36,307.48,26297573,312.88,-1.7005731561378,MSFT
2023-09-27,307.64,309.639,305.03,308.13,19410082,307.48,0.20823989235601,MSFT
2023-09-28,306.33,310.82,304.79,308.98,19683564,308.13,0.27174781802486,MSFT
2023-09-29,313.09,314.81,310.32,311.09,24147298,308.98,0.67274582323684,MSFT
2023-10-02,311.62,317.228,310.52,317.14,20570006,311.09,1.9160728424386,MSFT
2023-10-03,316.17,316.73,306.555,308.73,21033492,317.14,-2.6134244872592,MSFT
2023-10-04,309.37,315.38,309.34,314.295,20720144,308.73,1.7757426848336,MSFT
2023-10-05,314.43,315.32,310.24,314.7,16965629,314.295,0.12697715978744,MSFT
2023-10-06,311.89,324.53,311.64,322.6,25673630,314.7,2.4736973947896,MSFT
2023-10-09,320.09,325.64,318.52,325.16,19891180,322.6,0.78225264315835,MSFT
2023-10-10,326.3,326.44,323.01,323.73,20557094,325.16,-0.43356982596568,MSFT
2023-10-11,326.55,328.16,324.48,327.76,20063246,323.73,1.2271993666068,MSFT
2023-10-12,325.905,328.97,324.06,326.5,19313098,327.76,-0.37903856566993,MSFT
2023-10-13,327.72,329.17,321.7,323.07,21085695,326.5,-1.035753110279,MSFT
2023-10-16,326.39,331.48,325.94,327.98,22158048,323.07,1.4981844811277,MSFT
2023-10-17,324.93,328.8,322.75,327.4,18338523,327.98,-0.17436267436267,MSFT
2023-10-18,327.83,330.93,323.64,325.45,23153602,327.4,-0.58724326928868,MSFT
2023-10-19,327.49,332.22,326.25,326.66,25052071,325.45,0.3665444851716,MSFT
2023-10-20,327.06,327.26,320.79,322.01,25027715,326.66,-1.4034770010866,MSFT
2023-10-23,320.81,328.065,319.73,324.66,24374748,322.01,0.81121621207946,MSFT
2023-10-24,326.64,327.18,322.94,325.87,31153571,324.66,0.36742378233936,MSFT
2023-10-25,340.36,341.54,332.96,336.01,55053828,325.87,3.0678001996793,MSFT
2023-10-26,335.88,336.97,322.28,323.23,37828543,336.01,-3.7514310036105,MSFT
2023-10-27,325.765,332.06,323.741,325.15,29856522,323.23,0.58556223123609,MSFT
2023-10-30,328.75,334.79,327.17,332.65,22828082,325.15,2.274036566508,MSFT
2023-10-31,334.19,334.34,330.03,333.45,20265282,332.65,0.23717055527557,MSFT
2023-11-01,335.13,342.76,334.99,341.41,28158819,333.45,2.3542634054006,MSFT
2023-11-02,342.58,344.17,340.11,343.66,24348072,341.41,0.65015748259023,MSFT
2023-11-03,344.97,349.73,342.67,348.14,23637673,343.66,1.2861736334405,MSFT
2023-11-06,348.79,352.88,348.69,351.87,23828301,348.14,1.0572562358277,MSFT
2023-11-07,354.74,357.8,352.97,355.87,25833931,351.87,1.1219252236838,MSFT
2023-11-08,357.02,359.21,355.89,358.54,26767828,355.87,0.7405763736721,MSFT
2023-11-09,357.64,360.13,355.702,356.03,24847331,358.54,-0.69107929515418,MSFT
2023-11-10,356.83,365.44,356.41,365.01,28065164,356.03,2.4896725720148,MSFT
2023-11-13,363.56,363.81,361.24,362.02,19986506,365.01,-0.80882949657803,MSFT
2023-11-14,366.35,367.29,362.685,365.61,27683862,362.02,0.97905530707974,MSFT
2023-11-15,367.37,369.22,363.2,365.76,26860095,365.61,-0.16204391390066,MSFT
2023-11-16,367.05,372.44,366.27,372.26,27182315,365.76,1.7583249925609,MSFT
2023-11-17,369.7,370.46,363.09,365.94,40325371,372.26,-1.6800914480155,MSFT
2023-11-20,367.31,374.96,367.09,373.53,52528964,365.94,2.0521833175612,MSFT
2023-11-21,371.76,372.312,367.21,369.16,28423145,373.53,-1.1577999152183,MSFT
2023-11-22,374.09,375.88,371.055,373.94,23361184,369.16,1.2812608893773,MSFT
2023-11-24,373.42,374.06,371.225,373.52,10176649,373.94,-0.11115522032553,MSFT
2023-11-27,372.87,376.73,372.29,374.7,22179228,373.52,0.31264075457701,MSFT
2023-11-28,374.44,379.09,374.25,378.79,20453112,374.7,1.080267293521,MSFT
2023-11-29,379.85,380.39,373.53,374.94,28963399,378.79,-1.0060099294486,MSFT
2023-11-30,374.58,376.18,371.56,375.0,30554415,374.94,0.015837402665963,MSFT
2023-12-01,372.85,374.25,367.4,370.6,33040472,375.0,-1.1612256208598,MSFT
2023-12-04,365.19,365.61,358.99,365.23,32063305,370.6,-1.4338735948306,MSFT
2023-12-05,362.54,369.165,361.711,368.61,23065035,365.23,0.91564176193314,MSFT
2023-12-06,369.63,370.27,364.12,364.89,21182072,368.61,-0.99860410179318,MSFT
2023-12-07,364.32,367.543,362.41,367.04,23118864,364.89,0.58297180043383,MSFT
2023-12-08,365.29,370.55,364.32,370.32,20154366,367.04,0.88421620164443,MSFT
2023-12-11,364.57,367.69,362.19,367.39,27708757,370.32,-0.78294097212944,MSFT
2023-12-12,366.94,370.51,366.55,370.47,24838253,367.39,0.82951791004578,MSFT
2023-12-13,372.11,373.726,366.86,370.46,30955531,370.47,-0.0026710828569878,MSFT
2023-12-14,369.4,369.85,360.22,362.02,43277461,370.46,-2.2544541496381,MSFT
2023-12-15,362.94,368.49,362.37,366.82,78502324,362.02,1.3117262864482,MSFT
2023-12-18,365.54,369.09,364.77,368.74,21802878,366.82,0.51789712189463,MSFT
2023-12-19,367.58,369.35,365.93,369.35,20603658,368.74,0.16369247282974,MSFT
2023-12-20,371.09,372.12,366.62,366.71,26316650,369.35,-0.70728178749397,MSFT
2023-12-21,368.65,370.5,366.13,369.63,17708006,366.71,0.78786897630997,MSFT
2023-12-22,369.77,371.27,368.8,370.67,17107484,369.63,0.27841730470631,MSFT
2023-12-26,371.09,373.03,369.59,370.75,12673050,370.67,0.021357253457216,MSFT
2023-12-27,369.78,371.15,368.902,370.16,14905412,370.75,-0.15747611167459,MSFT
2023-12-28,371.46,372.548,370.25,371.37,14327013,370.16,0.32346886946293,MSFT
2023-12-29,372.09,373.25,369.57,372.13,18730838,371.37,0.20251545512685,MSFT
2024-01-02,369.95,371.99,362.861,366.96,25258633,372.13,-1.3748537389639,MSFT
2024-01-03,365.1,369.346,364.6,366.69,23083465,366.96,-0.072801790384766,MSFT
2024-01-04,366.755,369.19,363.26,364.03,20901502,366.69,-0.71775499190503,MSFT
2024-01-05,365.06,368.15,362.59,363.84,21004575,364.03,-0.051638854161004,MSFT
2024-01-08,365.39,371.29,365.1,370.78,23133967,363.84,1.8871515975527,MSFT
2024-01-09,368.1,372.08,367.28,371.88,20829953,370.78,0.29357602284556,MSFT
2024-01-10,372.46,380.26,372.41,378.86,25514245,371.88,1.8574203677586,MSFT
2024-01-11,382.09,386.77,376.47,380.72,27850846,378.86,0.48593149933381,MSFT
2024-01-12,381.58,384.77,380.74,384.56,21661153,380.72,0.99836206224164,MSFT
2024-01-16,389.75,390.12,383.713,386.36,27202268,384.56,0.46335624372537,MSFT
2024-01-17,384.07,386.2,380.9,385.56,22234108,386.36,-0.20498629154174,MSFT
2024-01-18,387.81,390.08,386.21,389.96,23392068,385.56,1.1297404164634,MSFT
2024-01-19,391.85,394.76,389.59,394.76,29331136,389.96,1.2186762129637,MSFT
2024-01-22,396.11,396.71,389.68,392.6,27016902,394.76,-0.5418014899541,MSFT
2024-01-23,391.84,395.47,390.02,394.99,20525882,392.6,0.60275907291115,MSFT
2024-01-24,397.63,401.72,396.54,398.65,24866953,394.99,0.91752318876912,MSFT
2024-01-25,400.41,403.1,398.619,400.96,21021155,398.65,0.57382750397456,MSFT
2024-01-26,400.46,402.26,398.52,400.02,17803271,400.96,-0.23217329019191,MSFT
2024-01-29,402.15,406.07,400.42,405.81,24510236,400.02,1.4334166811081,MSFT
2024-01-30,408.35,409.14,402.54,404.68,33477610,405.81,-0.27579810602364,MSFT
2024-01-31,403.05,411.41,393.3,393.67,47871097,404.68,-2.6946327614479,MSFT
2024-02-01,397.92,404.09,397.89,399.87,30657726,393.67,1.5594345792042,MSFT
2024-02-02,399.9,408.74,399.65,407.31,28256670,399.87,1.8425875476745,MSFT
2024-02-05,405.99,407.25,400.08,401.74,25352286,407.31,-1.3545061037887,MSFT
2024-02-06,401.97,404.06,399.0,401.58,18382624,401.74,-0.039442869468746,MSFT
2024-02-07,403.53,410.39,403.49,410.14,22340526,401.58,2.1110261658734,MSFT
2024-02-08,410.14,411.65,408.62,410.2,21225257,410.14,0.014491003501993,MSFT
2024-02-09,411.34,416.91,411.18,416.64,22032844,410.2,1.555142353481,MSFT
2024-02-12,416.645,416.83,410.84,411.35,21202921,416.64,-1.2578765901795,MSFT
2024-02-13,401.03,406.161,399.48,402.41,27824936,411.35,-2.152868082647,MSFT
2024-02-14,404.91,406.68,401.41,406.33,20401190,402.41,0.78017326245324,MSFT
2024-02-15,404.98,405.97,401.13,403.4,21825525,406.33,-0.71552418862488,MSFT
2024-02-16,404.8,405.13,400.28,400.9,22296495,403.4,-0.61491538764266,MSFT
2024-02-20,400.08,401.33,394.85,399.63,24307915,400.9,-0.31430975597683,MSFT
2024-02-21,397.01,399.13,394.06,399.02,18631072,399.63,-0.1514436803297,MSFT
2024-02-22,407.03,409.67,405.41,408.49,27009869,399.02,2.3546670644985,MSFT
2024-02-23,412.51,412.7,405.81,407.18,16295879,408.49,-0.31823150734848,MSFT
2024-02-26,408.295,409.0,404.2,404.38,16193505,407.18,-0.68236096895256,MSFT
2024-02-27,404.83,405.16,400.69,404.32,14835827,404.38,-0.014722481228837,MSFT
2024-02-28,405.015,406.14,402.16,404.56,13183125,404.32,0.058898596250125,MSFT
2024-02-29,405.48,411.04,402.76,410.48,31947263,404.56,1.4519768468557,MSFT
2024-03-01,408.11,412.71,407.72,412.34,17823445,410.48,0.44966637655933,MSFT
2024-03-04,410.28,414.19,409.16,411.76,17595956,412.34,-0.13959085439229,MSFT
2024-03-05,410.8,411.09,397.48,399.49,26919177,411.76,-2.9571965680131,MSFT
2024-03-06,399.81,402.0,395.23,398.93,22344149,399.49,-0.13907860424687,MSFT
2024-03-07,402.96,406.62,399.08,405.98,18718479,398.93,1.7533388047452,MSFT
2024-03-08,404.8,407.26,401.17,403.06,18002186,405.98,-0.7136921347216,MSFT
2024-03-11,400.602,402.52,398.1,401.36,16120752,403.06,-0.41849244251884,MSFT
2024-03-12,404.46,412.41,403.63,412.12,22457003,401.36,2.6599426480767,MSFT
2024-03-13,414.94,415.02,408.29,411.94,17115931,412.12,-0.043344249662866,MSFT
2024-03-14,417.08,424.66,414.83,422.06,34157299,411.94,2.4379667549988,MSFT
2024-03-15,416.13,419.44,409.63,413.26,45079903,422.06,-2.0695169559287,MSFT
2024-03-18,411.09,417.57,410.62,414.16,20105977,413.26,0.21612794774506,MSFT
2024-03-19,414.67,418.506,412.39,418.25,19837915,414.16,0.98006326080706,MSFT
2024-03-20,418.84,422.8,417.5,422.07,17860085,418.25,0.90648062456989,MSFT
2024-03-21,426.67,427.66,424.0,426.21,21296222,422.07,0.97359076264609,MSFT
2024-03-22,426.54,426.7,422.91,425.58,17648473,426.21,-0.14672659943638,MSFT
2024-03-25,422.08,424.25,418.45,419.7,18060450,425.58,-1.3714605588469,MSFT
2024-03-26,422.45,422.83,418.19,418.49,16725647,419.7,-0.28614671522491,MSFT
2024-03-27,421.28,421.29,415.85,418.27,16704978,418.49,-0.052175975334986,MSFT
2024-03-28,417.8,418.71,415.96,417.56,21871161,418.27,-0.16847400517286,MSFT
2024-04-01,420.79,424.73,419.06,421.41,16315961,417.56,0.91509792736261,MSFT
2024-04-02,416.95,419.22,414.68,418.28,17911992,421.41,-0.73721647784817,MSFT
2024-04-03,416.57,420.1,415.925,417.29,16502264,418.28,-0.23490888382688,MSFT
2024-04-04,421.83,425.51,414.41,414.72,19370875,417.29,-0.61124985134974,MSFT
2024-04-05,416.85,423.35,415.16,422.36,16554761,414.72,1.8282760601129,MSFT
2024-04-08,422.01,424.12,420.14,421.43,14272387,422.36,-0.21855611957135,MSFT
2024-04-09,423.28,424.58,418.46,423.12,12512289,421.43,0.39803104171083,MSFT
2024-04-10,419.03,420.87,416.54,420.1,16216581,423.12,-0.70845453692408,MSFT
2024-04-11,422.66,426.21,419.2,424.77,17966423,420.1,1.1033407361905,MSFT
2024-04-12,420.89,422.019,416.61,418.74,19253750,424.77,-1.4091089664197,MSFT
2024-04-15,423.44,423.66,410.27,410.48,20273538,418.74,-1.957809907561,MSFT
2024-04-16,411.41,415.24,410.57,411.42,16765616,410.48,0.22725074944396,MSFT
2024-04-17,414.09,415.72,407.17,408.68,15855485,411.42,-0.660909836461,MSFT
2024-04-18,407.47,408.73,400.79,401.11,21029917,408.68,-1.8380924630925,MSFT
2024-04-19,400.87,402.32,394.61,395.96,30565789,401.11,-1.2739011056967,MSFT
2024-04-22,396.92,399.69,392.59,397.8,20286875,395.96,0.46101423130887,MSFT
2024-04-23,401.075,405.04,399.9,404.41,15734501,397.8,1.6485434956105,MSFT
2024-04-24,406.4,409.31,403.62,405.9,15065330,404.41,0.36558137252497,MSFT
2024-04-25,390.87,396.73,384.87,395.88,40586450,405.9,-2.4495184080575,MSFT
2024-04-26,409.01,409.84,402.6,403.16,29694654,395.88,1.8243785084202,MSFT
2024-04-29,402.09,403.16,396.03,399.09,19582091,403.16,-1.001673557787,MSFT
2024-04-30,398.33,399.0,386.01,386.17,28781374,399.09,-3.2119328775637,MSFT
2024-05-01,389.45,398.56,387.15,391.78,23562481,386.17,1.4409369943236,MSFT
2024-05-02,394.5,396.77,391.492,394.68,17709364,391.78,0.73428875272193,MSFT
2024-05-03,399.12,403.99,398.7,403.5,17446724,394.68,2.2169716468932,MSFT
2024-05-06,405.6,410.77,403.21,410.38,16996639,403.5,1.6918310136232,MSFT
2024-05-07,411.5,411.51,405.93,406.18,20018228,410.38,-1.0156212216473,MSFT
2024-05-08,405.01,409.07,403.553,407.38,11792308,406.18,0.29315483461183,MSFT
2024-05-09,407.41,409.56,405.94,409.16,14689727,407.38,0.43357529108003,MSFT
2024-05-10,409.775,412.22,408.64,411.58,13402281,409.16,0.58692277842453,MSFT
2024-05-13,414.85,415.188,407.66,410.56,15440226,411.58,-0.24593721367603,MSFT
2024-05-14,408.86,414.33,408.39,413.4,15109306,410.56,0.68645460698056,MSFT
2024-05-15,415.49,421.4,414.86,420.67,22239533,413.4,1.565200691377,MSFT
2024-05-16,419.39,423.01,417.94,418.58,17530050,420.67,-0.49399640729885,MSFT
2024-05-17,420.13,420.51,415.615,417.8,15352239,418.58,-0.18527756003706,MSFT
2024-05-20,417.8,424.36,417.58,422.93,16272137,417.8,1.2208181623474,MSFT
2024-05-21,424.415,430.56,422.44,426.63,21453255,422.93,0.86989232143698,MSFT
2024-05-22,427.68,430.0,424.72,428.11,18073698,426.63,0.34495618124183,MSFT
2024-05-23,430.56,431.19,423.014,424.59,17211689,428.11,-0.81761590634581,MSFT
2024-05-24,424.78,428.645,422.0,427.75,11855285,424.59,0.7400468384075,MSFT
2024-05-28,427.22,428.41,424.19,427.91,15718024,427.75,0.03719546215361,MSFT
2024-05-29,423.28,428.53,423.28,426.76,15517130,427.91,-0.2672429819669,MSFT
2024-05-30,421.89,421.89,411.83,412.26,28424847,426.76,-3.3786145350327,MSFT
2024-05-31,414.34,414.34,402.1,412.72,47995250,412.26,0.11093158415125,MSFT
2024-06-03,413.115,414.02,406.513,411.11,17484675,412.72,-0.38783031821357,MSFT
2024-06-04,410.02,414.03,407.265,413.66,14348917,411.11,0.61665699361579,MSFT
2024-06-05,415.4,421.67,413.89,421.6,16988038,413.66,1.9083327324729,MSFT
2024-06-06,421.6,422.9,418.17,422.11,14861251,421.6,0.12028018207118,MSFT
2024-06-07,423.79,423.87,420.59,421.44,13621650,422.11,-0.1578253085838,MSFT
2024-06-10,422.29,425.67,421.48,425.46,14003034,421.44,0.94844874365931,MSFT
2024-06-11,423.065,430.41,422.84,430.27,14551101,425.46,1.1241732301867,MSFT
2024-06-12,432.91,440.99,430.84,438.65,22366233,430.27,1.9367662013497,MSFT
2024-06-13,438.44,440.98,436.96,439.17,15960565,438.65,0.11789779168367,MSFT
2024-06-14,435.865,440.728,434.311,440.16,13581985,439.17,0.22419493636487,MSFT
2024-06-17,440.175,448.53,438.31,445.96,20790030,440.16,1.3105271482477,MSFT
2024-06-18,447.295,447.73,442.48,443.93,17112504,445.96,-0.45275107612018,MSFT
2024-06-20,443.89,444.12,438.86,443.29,19877378,443.93,-0.14338844826813,MSFT
2024-06-21,444.97,448.17,444.1,447.37,34486172,443.29,0.9154139555755,MSFT
2024-06-24,447.39,450.34,444.0,445.26,15913719,447.37,-0.46911823558183,MSFT
2024-06-25,445.84,449.01,444.34,448.54,16747529,445.26,0.7326825563473,MSFT
2024-06-26,446.59,451.19,445.78,449.75,16507030,448.54,0.26832243042467,MSFT
2024-06-27,449.765,453.76,449.36,450.44,14806324,449.75,0.1526008492569,MSFT
2024-06-28,450.66,452.97,444.0,444.54,28362271,450.44,-1.3028596665563,MSFT
2024-07-01,446.25,454.96,443.25,454.32,17662818,444.54,2.1881642241862,MSFT
2024-07-02,450.79,457.18,450.703,456.87,13979779,454.32,0.55831672979659,MSFT
2024-07-03,455.78,458.61,455.47,458.36,9932830,456.87,0.32442083260756,MSFT
2024-07-05,457.2,465.94,456.555,465.15,16000290,458.36,1.4736202443736,MSFT
2024-07-08,464.14,465.29,462.05,463.83,12962321,465.15,-0.28231670801608,MSFT
2024-07-09,464.59,464.92,455.59,457.13,17228507,463.83,-1.4370281400137,MSFT
2024-07-10,458.81,464.05,456.445,463.84,18196100,457.13,1.4601558079819,MSFT
2024-07-11,460.57,462.37,449.14,452.29,23111175,463.84,-2.4772117962467,MSFT
2024-07-12,451.915,453.95,448.235,451.14,16324274,452.29,-0.25291400923685,MSFT
2024-07-15,450.89,454.85,449.02,451.55,14429447,451.14,0.090397971557704,MSFT
2024-07-16,451.81,451.89,444.25,447.11,17175679,451.55,-0.97805974094634,MSFT
2024-07-17,440.18,442.44,436.77,441.11,21754021,447.11,-1.3347570742125,MSFT
2024-07-18,441.93,442.24,431.99,437.96,20794822,441.11,-0.71022727272727,MSFT
2024-07-19,430.69,438.73,429.59,434.7,20940417,437.96,-0.74028657719645,MSFT
2024-07-22,439.38,442.19,436.503,440.53,15808755,434.7,1.3337603806822,MSFT
2024-07-23,441.485,445.98,440.69,442.44,13107050,440.53,0.43120964464714,MSFT
2024-07-24,438.04,439.07,425.175,426.49,26805800,442.44,-3.5854782510959,MSFT
2024-07-25,426.39,427.39,415.1,415.99,29943795,426.49,-2.448123105619,MSFT
2024-07-26,415.79,426.505,414.86,422.86,23583839,415.99,1.6419694072658,MSFT
2024-07-29,429.17,429.74,422.294,424.32,15125836,422.86,0.34331130811015,MSFT
2024-07-30,425.31,426.64,414.95,420.51,32687578,424.32,-0.89283621962365,MSFT
2024-07-31,418.085,419.365,409.8,415.94,42891366,420.51,-1.0805826160976,MSFT
2024-08-01,418.375,425.05,410.68,414.7,30296400,415.94,-0.2964025337636,MSFT
2024-08-02,410.08,412.59,401.93,406.08,29437900,414.7,-2.0666011363909,MSFT
2024-08-05,386.76,398.63,383.17,392.74,40709238,406.08,-3.2656858185023,MSFT
2024-08-06,397.59,403.26,396.09,397.2,24946525,392.74,1.1286853093762,MSFT
2024-08-07,406.225,407.67,395.06,396.02,20650906,397.2,-0.29528790570807,MSFT
2024-08-08,400.03,403.45,397.531,400.28,20203030,396.02,1.0691965966418,MSFT
2024-08-09,401.62,405.64,399.852,403.61,19276666,400.28,0.82693883632571,MSFT
2024-08-12,404.65,406.35,401.833,404.4,16762883,403.61,0.19457169597557,MSFT
2024-08-13,407.18,412.54,407.16,411.6,19414271,404.4,1.7698679973452,MSFT
2024-08-14,412.39,415.31,410.036,414.45,18266980,411.6,0.68838916934374,MSFT
2024-08-15,418.14,419.45,416.0,419.37,20752144,414.45,1.0003358441683,MSFT
2024-08-16,418.94,419.68,415.64,416.81,22775593,419.37,-0.60803268175663,MSFT
2024-08-19,417.3,420.09,414.8,419.87,15233957,416.81,0.73123521399382,MSFT
2024-08-20,420.04,424.2,419.98,423.14,16387581,419.87,0.77574549854104,MSFT
2024-08-21,422.415,424.74,420.06,422.48,16067298,423.14,-0.15536723163842,MSFT
2024-08-22,422.7,425.13,412.95,413.89,19361901,422.48,-2.0252746734569,MSFT
2024-08-23,415.32,417.6,410.43,415.13,18493784,413.89,0.29839971122609,MSFT
2024-08-26,414.705,415.62,409.68,411.83,13152830,415.13,-0.79176563737134,MSFT
2024-08-27,411.2,412.7,408.59,412.18,13492911,411.83,0.084645336041976,MSFT
2024-08-28,413.22,413.34,405.65,408.94,14882660,412.18,-0.78291127005605,MSFT
2024-08-29,413.28,420.39,408.94,411.46,17045241,408.94,0.61373599610326,MSFT
2024-08-30,413.94,415.83,410.47,415.48,24308324,411.46,0.97308288148721,MSFT
2024-09-03,416.25,418.22,405.37,407.78,20313603,415.48,-1.8459030541305,MSFT
2024-09-04,404.25,409.58,402.71,407.24,15135806,407.78,-0.13188745603752,MSFT
2024-09-05,405.96,411.44,404.47,406.73,14195516,407.24,-0.12472487160675,MSFT
2024-09-06,407.4,408.99,399.14,400.04,19609526,406.73,-1.6381400132227,MSFT
2024-09-09,405.58,406.99,400.49,404.06,15295134,400.04,1.0007468259896,MSFT
2024-09-10,406.54,414.67,406.04,412.54,19594287,404.06,2.0901114068816,MSFT
2024-09-11,413.84,422.33,407.92,421.38,19266923,412.54,2.1342346692419,MSFT
2024-09-12,421.65,425.709,418.09,425.34,17418759,421.38,0.93608169440242,MSFT
2024-09-13,424.165,430.17,423.8,428.93,15874555,425.34,0.8407494145199,MSFT
2024-09-16,428.94,431.87,426.56,429.68,13834697,428.93,0.17417961401798,MSFT
2024-09-17,438.57,440.19,430.61,433.49,18874231,429.68,0.88329392126861,MSFT
2024-09-18,433.34,434.37,428.75,429.15,18898042,433.49,-0.99735723313799,MSFT
2024-09-19,439.565,439.84,435.24,437.03,21706559,429.15,1.829112601843,MSFT
2024-09-20,435.56,437.58,432.56,433.61,55167106,437.03,-0.77959379060385,MSFT
2024-09-23,432.62,434.8,428.729,431.85,15128891,433.61,-0.40434672731867,MSFT
2024-09-24,431.34,431.69,424.44,427.51,17015754,431.85,-1.0011303084127,MSFT
2024-09-25,428.17,431.459,426.91,430.45,13396364,427.51,0.68504322296526,MSFT
2024-09-26,433.425,433.64,427.47,429.65,14492044,430.45,-0.18513804355373,MSFT
2024-09-27,429.86,430.19,425.81,426.36,14896131,429.65,-0.76279242308317,MSFT
2024-09-30,426.55,428.76,423.71,428.64,16854606,426.36,0.53268538853325,MSFT
2024-10-01,426.79,426.82,417.15,419.03,19092945,428.64,-2.2333255867999,MSFT
2024-10-02,420.92,421.16,415.05,415.47,16582257,419.03,-0.84622881456655,MSFT
2024-10-03,415.97,417.89,412.63,414.88,13686421,415.47,-0.14144271570014,MSFT
2024-10-04,416.58,418.09,413.31,414.4,19190913,414.88,-0.11523503144957,MSFT
2024-10-07,414.34,415.45,407.34,407.88,20919761,414.4,-1.5670816709128,MSFT
2024-10-08,409.24,414.0,406.51,413.05,19229261,407.88,1.2623919519461,MSFT
2024-10-09,414.2,418.72,412.64,415.8,14974257,413.05,0.66311398326541,MSFT
2024-10-10,413.565,415.69,411.49,414.18,13848376,415.8,-0.38806113160542,MSFT
2024-10-11,414.475,415.47,411.59,414.66,14144944,414.18,0.11542901115814,MSFT
2024-10-14,416.11,422.38,415.86,417.48,16653086,414.66,0.67736356648732,MSFT
2024-10-15,420.52,420.82,413.6,417.08,18900201,417.48,-0.095433506704198,MSFT
2024-10-16,413.51,414.7,408.82,414.46,15508932,417.08,-0.62568658356021,MSFT
2024-10-17,420.7,420.84,413.93,415.06,14820004,414.46,0.14418917619918,MSFT
2024-10-18,415.48,417.99,414.6,416.5,17145317,415.06,0.34555576886159,MSFT
2024-10-21,414.46,417.3,412.09,417.12,14206115,416.5,0.14826860531853,MSFT
2024-10-22,416.83,428.919,416.38,425.85,25482197,417.12,2.0846267730073,MSFT
2024-10-23,429.195,429.42,420.87,422.94,19654379,425.85,-0.68068583191036,MSFT
2024-10-24,423.665,424.318,420.74,423.07,13581631,422.94,0.030617051342439,MSFT
2024-10-25,425.1,430.86,424.905,426.49,16899064,423.07,0.80521743225107,MSFT
2024-10-28,429.995,430.28,424.64,424.93,14882444,426.49,-0.36435828564755,MSFT
2024-10-29,426.34,431.51,424.14,430.29,17644080,424.93,1.2564757729905,MSFT
2024-10-30,435.775,436.84,430.44,430.87,29749149,430.29,0.13427480032411,MSFT
2024-10-31,413.7,414.5,404.64,404.69,53970981,430.87,-6.0527593461725,MSFT
2024-11-01,407.35,413.84,405.84,408.71,24230442,404.69,0.98929494278331,MSFT
2024-11-04,408.14,408.755,403.911,406.8,19672286,408.71,-0.46543363306285,MSFT
2024-11-05,406.71,413.24,406.42,409.8,17626011,406.8,0.7344660431866,MSFT
2024-11-06,410.76,418.79,408.86,418.52,26681842,409.8,2.1192825548048,MSFT
2024-11-07,419.62,425.19,418.22,423.77,19901782,418.52,1.2494645152078,MSFT
2024-11-08,423.66,424.84,420.12,420.88,16891414,423.77,-0.67931269539054,MSFT
2024-11-11,420.855,423.15,414.34,416.35,24503321,420.88,-1.072087849671,MSFT
2024-11-12,416.59,422.78,415.54,421.37,19401204,416.35,1.2009282074591,MSFT
2024-11-13,419.98,427.665,416.55,423.54,21502185,421.37,0.51296598349999,MSFT
2024-11-14,423.34,426.51,418.34,425.23,30246881,423.54,0.39746001881467,MSFT
2024-11-15,418.16,421.14,411.98,413.34,28247644,425.23,-2.785260840029,MSFT
2024-11-18,413.21,416.7437,410.44,414.1,24742013,413.34,0.18313253012048,MSFT
2024-11-19,411.45,416.28,409.89,416.13,18133529,414.1,0.48826245911103,MSFT
2024-11-20,415.21,415.63,408.92,413.83,19191655,416.13,-0.55051580937792,MSFT
2024-11-21,418.67,418.95,409.4587,412.04,20780162,413.83,-0.63058076006643,MSFT
2024-11-22,410.535,416.57,410.23,416.17,24814626,412.04,1.0003148690871,MSFT
2024-11-25,417.55,420.25,414.02,417.96,27691090,416.17,0.42925659472423,MSFT
2024-11-26,418.755,428.2114,418.02,427.16,23458889,417.96,2.1968050813057,MSFT
2024-11-27,424.275,426.3999,421.19,422.16,18332444,427.16,-1.1682515946634,MSFT
2024-11-29,419.26,424.0549,416.97,422.63,16271921,422.16,0.11111373791342,MSFT
2024-12-02,420.74,432.17,420.48,430.15,20207223,422.63,1.7758465970812,MSFT
2024-12-03,429.01,431.64,426.91,430.37,18301987,430.15,0.05104645227156,MSFT
2024-12-04,432.2,438.84,431.8,436.59,26009429,430.37,1.4424860853432,MSFT
2024-12-05,437.09,443.83,435.341,441.79,21697775,436.59,1.1887888070962,MSFT
2024-12-06,441.47,445.27,440.9403,442.74,18821002,441.79,0.21463106050336,MSFT
2024-12-09,441.77,447.5,439.67,445.19,19144388,442.74,0.55233672250152,MSFT
2024-12-10,443.56,448.79,440.77,442.5,18469459,445.19,-0.60311196807318,MSFT
2024-12-11,443.22,449.52,443.22,448.16,19200208,442.5,1.2767013285814,MSFT
2024-12-12,448.28,455.3348,448.28,448.73,20834779,448.16,0.12695160248558,MSFT
2024-12-13,447.605,450.6,444.75,446.44,20177833,448.73,-0.50938695613489,MSFT
2024-12-16,446.44,451.35,444.45,450.76,23598834,446.44,0.96585954792407,MSFT
2024-12-17,450.18,454.46,448.74,453.63,22733494,450.76,0.63553223056312,MSFT
2024-12-18,450.49,451.82,436.19,436.56,24444545,453.63,-3.7561061479558,MSFT
2024-12-19,440.79,442.3534,435.49,436.2,22963681,436.56,-0.082306408468418,MSFT
2024-12-20,432.28,442.91,427.8,435.77,64263694,436.2,-0.098391414777006,MSFT
2024-12-23,435.91,436.82,432.0,434.42,19152519,435.77,-0.30920751259735,MSFT
2024-12-24,433.82,438.77,433.36,438.5,7164543,434.42,0.93739230327398,MSFT
2024-12-26,438.25,440.11,435.8,437.28,8199927,438.5,-0.27769558190881,MSFT
2024-12-27,433.77,434.39,425.52,429.7,18117713,437.28,-1.7301590924654,MSFT
2024-12-30,425.23,426.72,421.07,424.0,13158703,429.7,-1.323949550554,MSFT
2024-12-31,425.27,425.9,419.83,420.67,13246509,424.0,-0.78384294894428,MSFT
2025-01-02,424.7,425.24,414.02,417.75,16896469,420.67,-0.69276393831554,MSFT
2025-01-03,420.25,423.2,418.71,422.52,16662943,417.75,1.1395671078408,MSFT
2025-01-06,427.17,433.49,424.6474,427.02,20573648,422.52,1.0629502775481,MSFT
2025-01-07,428.17,429.82,419.97,421.54,18139065,427.02,-1.2808227182424,MSFT
2025-01-08,422.63,426.14,420.71,423.73,15054575,421.54,0.51850273456922,MSFT
2025-01-10,423.8,423.88,414.19,418.12,20201132,423.73,-1.3213680045223,MSFT
2025-01-13,414.405,417.67,411.46,416.36,17604780,418.12,-0.42009786370688,MSFT
2025-01-14,416.98,418.91,409.89,414.84,16935856,416.36,-0.36434238596323,MSFT
2025-01-15,418.3,427.32,417.435,425.48,19637838,414.84,2.5597228570741,MSFT
2025-01-16,427.865,428.66,423.56,423.75,15300023,425.48,-0.40580798010838,MSFT
2025-01-17,433.255,433.65,427.34,428.2,26197507,423.75,1.0480945875924,MSFT
2025-01-21,429.37,430.0699,424.765,427.67,26085703,428.2,-0.12353448476796,MSFT
2025-01-22,436.73,446.44,435.17,445.37,27803811,427.67,4.1306884480747,MSFT
2025-01-23,441.17,445.92,440.6748,445.88,18389270,445.37,0.11429852084267,MSFT
2025-01-24,444.33,445.82,440.57,443.23,15549453,445.88,-0.59322603031049,MSFT
2025-01-27,423.18,434.37,422.67,433.73,35647805,443.23,-2.1393505382156,MSFT
2025-01-28,433.77,447.55,430.55,446.37,23491703,433.73,2.9086892488954,MSFT
2025-01-29,445.86,446.05,439.57,441.5,23581370,446.37,-1.0889982110912,MSFT
2025-01-30,417.94,422.03,412.33,414.16,54586260,441.5,-6.1809056586711,MSFT
2025-01-31,418.15,419.86,414.08,414.23,34223388,414.16,0.016867876334368,MSFT
2025-02-03,410.77,414.58,407.83,410.09,25679149,414.23,-0.99744615236351,MSFT
2025-02-04,411.855,413.0899,408.91,411.54,20532096,410.09,0.3528667380512,MSFT
2025-02-05,411.52,412.997,409.57,412.46,16336188,411.54,0.22310061352669,MSFT
2025-02-06,413.17,417.37,413.17,414.99,16309755,412.46,0.6121609523579,MSFT
2025-02-07,415.65,417.82,407.27,408.92,22886844,414.99,-1.4597662450099,MSFT
2025-02-10,412.88,414.6324,410.09,411.39,20817919,408.92,0.60280658938378,MSFT
2025-02-11,408.81,411.66,408.47,410.61,18140592,411.39,-0.18921934889138,MSFT
2025-02-12,406.38,409.92,403.5373,408.21,19121734,410.61,-0.58331713007971,MSFT
2025-02-13,406.17,410.17,405.53,409.71,23891731,408.21,0.36671230197536,MSFT
2025-02-14,406.96,408.08,405.05,407.6,22758464,409.71,-0.51395722706679,MSFT
2025-02-18,407.17,409.767,405.67,408.81,21423051,407.6,0.29625639644492,MSFT
2025-02-19,407.05,414.66,406.82,413.94,24114197,408.81,1.252319109462,MSFT
2025-02-20,415.29,419.31,412.54,416.13,23508728,414.77,0.32789256696483,MSFT
2025-02-21,417.335,418.048,407.89,408.21,27524799,416.13,-1.9032513877875,MSFT
2025-02-24,408.51,409.37,399.32,404.0,26443656,408.21,-1.031331912496,MSFT
2025-02-25,401.1,401.915,396.7,397.9,29387402,404.0,-1.509900990099,MSFT
2025-02-26,398.01,403.6,394.245,399.73,19618954,397.9,0.45991455139483,MSFT
2025-02-27,401.265,405.74,392.17,392.53,21127406,399.73,-1.801215820679,MSFT
2025-02-28,392.655,397.63,386.57,396.99,32845658,392.53,1.1362188877283,MSFT
2025-03-03,398.82,398.82,386.155,388.49,23007726,396.99,-2.1411118667977,MSFT
2025-03-04,383.4,392.58,381.0,388.61,29342923,388.49,0.030888825967208,MSFT
2025-03-05,389.34,401.67,388.81,401.02,23433132,388.61,3.193433004812,MSFT
2025-03-06,394.28,402.15,392.6777,396.89,23304625,401.02,-1.0298738217545,MSFT
2025-03-07,392.32,394.8,385.54,393.31,22034087,396.89,-0.90201315225881,MSFT
2025-03-10,385.84,386.4,377.22,380.16,32840134,393.31,-3.3434186773792,MSFT
2025-03-11,379.0,386.0,376.91,380.45,30380177,380.16,0.07628367003366,MSFT
2025-03-12,382.95,385.2165,378.9507,383.27,24253567,380.45,0.74122749375739,MSFT
2025-03-13,383.155,385.32,377.45,378.77,20473017,383.27,-1.1741070263783,MSFT
2025-03-14,379.775,390.23,379.51,388.56,19952846,378.77,2.5846819969903,MSFT
2025-03-17,386.7,392.705,385.57,388.7,22474272,388.56,0.036030471484452,MSFT
2025-03-18,387.07,387.37,381.1,383.52,19486850,388.7,-1.3326472858245,MSFT
2025-03-19,385.525,389.68,384.0,387.82,19185532,383.52,1.1211931581143,MSFT
2025-03-20,385.735,391.785,383.28,386.84,18470542,387.82,-0.25269454901759,MSFT
2025-03-21,383.215,391.74,382.8,391.26,39675928,386.84,1.1425912521973,MSFT
2025-03-24,395.4,395.4,389.81,393.08,21004548,391.26,0.46516382967847,MSFT
2025-03-25,393.915,396.36,392.64,395.16,15774968,393.08,0.52915437061159,MSFT
2025-03-26,395.0,395.31,388.57,389.97,16132906,395.16,-1.3133920437291,MSFT
2025-03-27,390.13,392.24,387.395,390.58,13766761,389.97,0.15642228889401,MSFT
2025-03-28,388.08,389.13,376.93,378.8,21632016,390.58,-3.0160274463618,MSFT
2025-03-31,372.535,377.07,367.24,375.39,35184676,378.8,-0.90021119324182,MSFT
2025-04-01,374.65,382.85,373.23,382.19,19689503,375.39,1.8114494259304,MSFT
2025-04-02,377.965,385.08,376.62,382.14,16092555,382.19,-0.013082498233866,MSFT
2025-04-03,374.785,377.48,369.35,373.11,30197997,382.14,-2.3630083215575,MSFT
2025-04-04,364.125,374.59,359.48,359.84,49209854,373.11,-3.5565918897912,MSFT
2025-04-07,350.88,370.9999,344.79,357.86,50424998,359.84,-0.55024455313472,MSFT
2025-04-08,368.255,373.65,350.25,354.56,35868918,357.86,-0.92214832616107,MSFT
2025-04-09,353.535,393.225,353.1,390.49,50199696,354.56,10.133686823105,MSFT
2025-04-10,382.06,383.9,367.8,381.35,38024368,390.49,-2.3406489282696,MSFT
2025-04-11,380.635,390.05,378.89,388.45,23839220,381.35,1.8618067392159,MSFT
2025-04-14,393.22,394.65,384.21,387.81,19251172,388.45,-0.16475736903076,MSFT
2025-04-15,388.505,391.89,384.1599,385.73,17199890,387.81,-0.53634511745442,MSFT
2025-04-16,380.67,381.61,368.0,371.61,21967826,385.73,-3.6605916055272,MSFT
2025-04-17,373.745,374.3215,366.89,367.78,21120192,371.61,-1.0306504130675,MSFT
2025-04-21,362.815,364.48,355.67,359.12,20807279,367.78,-2.3546685518516,MSFT
