date,open,high,low,close,adjusted_close,volume,dividend_amount,split_coefficient,thscode
2025-04-29,207.45,212.43,206.86,211.49,211.49,8744588,0.0,1.0,HON
2025-04-28,199.57,201.72,197.99,200.66,200.66,5690612,0.0,1.0,HON
2025-04-25,199.2,200.58,197.79,199.16,199.16,3639403,0.0,1.0,HON
2025-04-24,197.33,201.6,196.24,200.74,200.74,3239729,0.0,1.0,HON
2025-04-23,199.63,201.28,196.82,197.31,197.31,4157918,0.0,1.0,HON
2025-04-22,195.86,199.65,195.41,198.37,198.37,4346696,0.0,1.0,HON
2025-04-21,194.98,195.8,192.12,194.23,194.23,4948636,0.0,1.0,HON
2025-04-17,195.25,198.33,194.98,196.6,196.6,3215569,0.0,1.0,HON
2025-04-16,197.5,198.59,192.51,193.28,193.28,4129331,0.0,1.0,HON
2025-04-15,200.83,202.36,198.39,198.81,198.81,3019515,0.0,1.0,HON
2025-04-14,199.02,201.36,198.2,200.25,200.25,4492187,0.0,1.0,HON
2025-04-11,192.78,199.41,191.6,198.55,198.55,5102934,0.0,1.0,HON
2025-04-10,196.99,199.55,188.8,193.39,193.39,5821691,0.0,1.0,HON
2025-04-09,180.5,199.78,179.36,199.1,199.1,9141303,0.0,1.0,HON
2025-04-08,188.24,191.17,180.83,182.86,182.86,6952006,0.0,1.0,HON
2025-04-07,190.81,196.23,183.39,187.46,187.46,9352215,0.0,1.0,HON
2025-04-04,203.25,204.63,190.71,190.99,190.99,8445698,0.0,1.0,HON
2025-04-03,213.59,216.29,206.33,206.68,206.68,6510705,0.0,1.0,HON
2025-04-02,212.49,216.41,212.32,215.99,215.99,3423931,0.0,1.0,HON
2025-04-01,211.11,213.63,209.68,213.45,213.45,2563812,0.0,1.0,HON
2025-03-31,210.83,212.44,209.76,211.75,211.75,3968314,0.0,1.0,HON
2025-03-28,214.27,214.9,209.96,210.34,210.34,3253418,0.0,1.0,HON
2025-03-27,213.1,215.21,212.27,214.17,214.17,3584360,0.0,1.0,HON
2025-03-26,212.73,217.16,212.61,213.12,213.12,5251418,0.0,1.0,HON
2025-03-25,211.09,213.01,210.27,212.12,212.12,3810393,0.0,1.0,HON
2025-03-24,211.64,212.68,210.5,211.85,211.85,4248215,0.0,1.0,HON
2025-03-21,209.13,211.45,208.78,210.12,210.12,6545140,0.0,1.0,HON
2025-03-20,207.59,211.67,207.3,210.89,210.89,3583283,0.0,1.0,HON
2025-03-19,210.29,212.12,208.31,208.65,208.65,6408344,0.0,1.0,HON
2025-03-18,210.41,211.51,208.83,209.74,209.74,3811392,0.0,1.0,HON
2025-03-17,208.44,211.11,207.72,210.42,210.42,4415159,0.0,1.0,HON
2025-03-14,208.47,211.15,207.89,209.47,209.47,3884590,0.0,1.0,HON
2025-03-13,205.66,207.9,205.11,206.69,206.69,3530967,0.0,1.0,HON
2025-03-12,207.09,207.79,204.73,206.35,206.35,3812680,0.0,1.0,HON
2025-03-11,213.49,213.75,206.92,208.59,208.59,5243484,0.0,1.0,HON
2025-03-10,214.29,218.47,213.58,213.82,213.82,4169721,0.0,1.0,HON
2025-03-07,211.25,215.36,210.79,214.52,214.52,5682735,0.0,1.0,HON
2025-03-06,208.94,211.74,207.9,211.26,211.26,5042728,0.0,1.0,HON
2025-03-05,208.0,210.43,206.79,209.62,209.62,5295803,0.0,1.0,HON
2025-03-04,211.7,212.53,207.83,208.0,208.0,6961807,0.0,1.0,HON
2025-03-03,213.72,216.06,211.03,212.02,212.02,5333469,0.0,1.0,HON
2025-02-28,212.99,213.77,210.59,212.89,212.89,3976646,1.13,1.0,HON
2025-02-27,210.67,213.75,210.5,211.15,211.15,2755384,0.0,1.0,HON
2025-02-26,209.72,211.59,208.65,210.21,210.21,3126930,0.0,1.0,HON
2025-02-25,210.04,212.69,209.91,210.88,210.88,3798426,0.0,1.0,HON
2025-02-24,210.64,214.05,208.61,208.8,208.8,6742157,0.0,1.0,HON
2025-02-21,210.05,211.38,208.29,210.82,210.82,6222122,0.0,1.0,HON
2025-02-20,208.48,210.38,207.77,210.23,210.23,3635989,0.0,1.0,HON
2025-02-19,206.83,210.58,206.82,209.7,209.7,5064594,0.0,1.0,HON
2025-02-18,203.34,207.29,201.71,206.94,206.94,4897883,0.0,1.0,HON
2025-02-14,203.74,204.06,200.48,201.68,201.68,5351415,0.0,1.0,HON
2025-02-13,205.42,206.21,203.53,204.19,204.19,3382403,0.0,1.0,HON
2025-02-12,204.5,205.2,203.17,203.93,203.93,3413222,0.0,1.0,HON
2025-02-11,205.48,208.23,204.69,205.85,205.85,3077514,0.0,1.0,HON
2025-02-10,205.46,208.05,204.0,207.42,207.42,6628210,0.0,1.0,HON
2025-02-07,210.88,212.27,204.29,204.43,204.43,6696581,0.0,1.0,HON
2025-02-06,213.86,214.1,205.09,208.71,208.71,12185282,0.0,1.0,HON
2025-02-05,222.37,223.02,218.09,221.18,221.18,4596931,0.0,1.0,HON
2025-02-04,223.38,224.51,221.93,222.37,222.37,3442900,0.0,1.0,HON
2025-02-03,221.33,222.12,218.5,221.24,221.24,3220569,0.0,1.0,HON
2025-01-31,221.67,224.76,221.37,222.54,222.54,2481816,0.0,1.0,HON
2025-01-30,220.88,223.51,220.41,222.88,222.88,1813433,0.0,1.0,HON
2025-01-29,219.78,221.62,219.48,219.88,219.88,1916268,0.0,1.0,HON
2025-01-28,223.53,223.53,219.01,219.53,219.53,3599491,0.0,1.0,HON
2025-01-27,219.09,224.68,218.94,224.52,224.52,3111027,0.0,1.0,HON
2025-01-24,223.81,225.95,220.11,220.34,220.34,6332908,0.0,1.0,HON
2025-01-23,222.27,224.88,221.57,224.47,224.47,3036822,0.0,1.0,HON
2025-01-22,222.82,223.35,221.46,221.91,221.91,2972518,0.0,1.0,HON
2025-01-21,222.19,226.53,222.01,223.88,223.88,4656600,0.0,1.0,HON
2025-01-17,225.64,225.67,221.12,221.4,221.4,3349234,0.0,1.0,HON
2025-01-16,218.84,223.34,218.76,221.51,221.51,4611744,0.0,1.0,HON
2025-01-15,218.62,219.37,215.05,218.38,218.38,4647771,0.0,1.0,HON
2025-01-14,219.18,219.35,213.47,217.35,217.35,4021811,0.0,1.0,HON
2025-01-13,216.52,227.76,216.27,217.94,217.94,5392319,0.0,1.0,HON
2025-01-10,218.81,218.84,215.14,217.04,217.04,3585164,0.0,1.0,HON
2025-01-08,218.93,220.21,218.04,219.01,219.01,3120530,0.0,1.0,HON
2025-01-07,220.33,221.9,218.75,219.47,219.47,3016422,0.0,1.0,HON
2025-01-06,223.49,225.72,220.19,220.57,220.57,3829308,0.0,1.0,HON
2025-01-03,224.79,226.22,224.67,225.32,225.32,2637525,0.0,1.0,HON
2025-01-02,225.87,226.79,223.46,224.33,224.33,2089908,0.0,1.0,HON
2024-12-31,225.95,226.34,224.41,224.7,224.7,1936889,0.0,1.0,HON
2024-12-30,225.95,226.23,224.21,225.4,225.4,2371579,0.0,1.0,HON
2024-12-27,229.78,230.34,227.59,228.3,228.3,3053908,0.0,1.0,HON
2024-12-26,227.57,230.79,227.21,230.64,230.64,3072184,0.0,1.0,HON
2024-12-24,225.45,228.07,224.46,227.69,227.69,1873589,0.0,1.0,HON
2024-12-23,226.57,227.04,224.76,225.94,225.94,3467872,0.0,1.0,HON
2024-12-20,223.97,228.54,223.43,227.11,227.11,6833319,0.0,1.0,HON
2024-12-19,227.41,232.27,225.11,225.68,225.68,4871103,0.0,1.0,HON
2024-12-18,232.47,233.46,225.21,225.66,225.66,6428865,0.0,1.0,HON
2024-12-17,236.9,237.05,230.42,231.9,231.9,5382412,0.0,1.0,HON
2024-12-16,231.23,236.69,228.93,234.75,234.75,8197292,0.0,1.0,HON
2024-12-13,224.75,227.88,224.68,226.42,226.42,2432344,0.0,1.0,HON
2024-12-12,226.55,228.73,226.14,226.49,226.49,2715885,0.0,1.0,HON
2024-12-11,230.67,232.76,226.66,227.85,227.85,4382520,0.0,1.0,HON
2024-12-10,223.97,228.33,223.39,227.87,227.87,3547932,0.0,1.0,HON
2024-12-09,225.44,226.53,223.75,223.9,223.9,2542823,0.0,1.0,HON
2024-12-06,226.09,226.76,224.52,225.18,225.18,3180066,0.0,1.0,HON
2024-12-05,228.74,228.92,224.32,225.1,225.1,5183727,0.0,1.0,HON
2024-12-04,226.19,228.92,225.59,228.58,228.58,2654773,0.0,1.0,HON
2024-12-03,226.94,227.99,221.98,225.76,225.76,4023330,0.0,1.0,HON
2024-12-02,231.96,232.48,228.6,228.74,228.74,3225380,0.0,1.0,HON
2024-11-29,228.2,232.04,228.2,231.7,231.7,1917465,0.0,1.0,HON
2024-11-27,230.95,231.73,228.26,228.43,228.43,2870048,0.0,1.0,HON
2024-11-26,230.58,231.27,228.64,229.18,229.18,4203200,0.0,1.0,HON
2024-11-25,229.9,230.77,228.49,229.38,229.38,3837698,0.0,1.0,HON
2024-11-22,226.55,228.9,225.92,227.9,227.9,3834380,0.0,1.0,HON
2024-11-21,226.8,227.66,223.63,224.9,224.9,5630844,0.0,1.0,HON
2024-11-20,226.04,227.68,224.22,225.47,225.47,4633042,0.0,1.0,HON
2024-11-19,226.13,227.7,225.08,227.0,227.0,3696895,0.0,1.0,HON
2024-11-18,228.27,228.86,227.06,227.64,227.64,3446209,0.0,1.0,HON
2024-11-15,227.79,229.98,227.18,227.78,227.78,3707893,1.13,1.0,HON
2024-11-14,230.62,232.19,227.94,228.33,228.33,3837299,0.0,1.0,HON
2024-11-13,232.61,234.13,229.82,230.7,230.7,5531218,0.0,1.0,HON
2024-11-12,236.93,240.3,227.25,231.53,231.53,11088659,0.0,1.0,HON
2024-11-11,216.97,223.03,216.97,222.95,222.95,7298570,0.0,1.0,HON
2024-11-08,215.24,217.48,214.31,217.26,217.26,5694771,0.0,1.0,HON
2024-11-07,214.74,216.13,213.23,215.29,215.29,5373275,0.0,1.0,HON
2024-11-06,209.9,214.69,206.96,214.2,214.2,6152479,0.0,1.0,HON
2024-11-05,206.08,209.69,204.52,206.66,206.66,7377556,0.0,1.0,HON
2024-11-04,206.71,206.71,204.32,205.43,205.43,4030035,0.0,1.0,HON
2024-11-01,204.19,207.4,203.69,207.06,207.06,4484366,0.0,1.0,HON
2024-10-31,202.57,204.05,201.32,203.59,203.59,4654890,0.0,1.0,HON
2024-10-30,202.37,204.53,201.03,202.12,202.12,5354151,0.0,1.0,HON
2024-10-29,202.95,205.49,200.97,203.89,203.89,6070779,0.0,1.0,HON
2024-10-28,205.95,206.59,202.83,204.01,204.01,6094811,0.0,1.0,HON
2024-10-25,206.97,208.22,204.54,205.89,205.89,6088157,0.0,1.0,HON
2024-10-24,212.19,214.0,206.78,206.97,206.97,8700221,0.0,1.0,HON
2024-10-23,219.29,220.36,216.94,218.1,218.1,6183773,0.0,1.0,HON
2024-10-22,218.31,220.57,217.52,220.09,220.09,4011812,0.0,1.0,HON
2024-10-21,219.71,220.71,217.85,219.25,219.25,3690081,0.0,1.0,HON
2024-10-18,215.51,219.81,215.51,219.76,219.76,4033830,0.0,1.0,HON
2024-10-17,216.77,217.84,216.13,217.32,217.32,3135029,0.0,1.0,HON
2024-10-16,214.86,217.38,214.36,216.73,216.73,2596527,0.0,1.0,HON
2024-10-15,215.78,216.99,214.28,215.06,215.06,3948448,0.0,1.0,HON
2024-10-14,214.04,215.51,213.07,215.39,215.39,1849911,0.0,1.0,HON
2024-10-11,212.99,214.37,211.56,213.79,213.79,3809522,0.0,1.0,HON
2024-10-10,209.35,211.5,208.97,211.43,211.43,4957712,0.0,1.0,HON
2024-10-09,204.92,211.85,204.8,211.53,211.53,5082641,0.0,1.0,HON
2024-10-08,206.57,207.55,201.72,204.9,204.9,4132402,0.0,1.0,HON
2024-10-07,200.15,202.25,199.67,201.26,201.26,1801376,0.0,1.0,HON
2024-10-04,202.49,203.0,199.59,201.71,201.71,1643484,0.0,1.0,HON
2024-10-03,200.44,201.5,199.55,200.82,200.82,2047574,0.0,1.0,HON
2024-10-02,203.48,203.96,201.59,201.81,201.81,1841857,0.0,1.0,HON
2024-10-01,204.33,205.89,202.75,203.98,203.98,2300363,0.0,1.0,HON
2024-09-30,205.98,206.67,202.15,204.61,204.61,2624435,0.0,1.0,HON
2024-09-27,205.39,208.71,205.02,205.52,205.52,2454314,0.0,1.0,HON
2024-09-26,205.61,206.38,204.46,204.93,204.93,1597994,0.0,1.0,HON
2024-09-25,204.1,205.65,203.17,204.68,204.68,2858263,0.0,1.0,HON
2024-09-24,201.7,203.91,200.63,203.18,203.18,2581852,0.0,1.0,HON
2024-09-23,201.94,201.98,200.55,201.7,201.7,2263834,0.0,1.0,HON
2024-09-20,201.72,201.72,199.91,201.28,201.28,3829991,0.0,1.0,HON
2024-09-19,202.09,203.45,200.12,201.63,201.63,2695351,0.0,1.0,HON
2024-09-18,202.16,202.64,198.55,199.59,199.59,2391512,0.0,1.0,HON
2024-09-17,202.92,203.65,201.48,202.16,202.16,1441683,0.0,1.0,HON
2024-09-16,203.91,204.85,201.66,202.6,202.6,1562228,0.0,1.0,HON
2024-09-13,202.39,203.53,201.49,202.07,202.07,1973329,0.0,1.0,HON
2024-09-12,201.87,202.91,199.82,202.59,202.59,1945783,0.0,1.0,HON
2024-09-11,198.8,202.28,195.35,201.97,201.97,2737800,0.0,1.0,HON
2024-09-10,198.26,199.14,196.55,198.91,198.91,1395465,0.0,1.0,HON
2024-09-09,197.95,199.65,197.13,199.12,199.12,2300381,0.0,1.0,HON
2024-09-06,200.94,201.04,195.84,196.12,196.12,2540656,0.0,1.0,HON
2024-09-05,203.1,203.34,199.64,200.92,200.92,1512221,0.0,1.0,HON
2024-09-04,203.18,205.02,203.09,203.45,203.45,1579947,0.0,1.0,HON
2024-09-03,205.54,205.8,202.03,202.78,202.78,2056901,0.0,1.0,HON
2024-08-30,205.87,206.63,203.21,205.8,205.8,1923464,0.0,1.0,HON
2024-08-29,204.22,206.29,202.36,205.4,205.4,2369363,0.0,1.0,HON
2024-08-28,204.51,204.99,201.72,202.91,202.91,2338802,0.0,1.0,HON
2024-08-27,201.9,204.2,201.68,204.02,204.02,2362143,0.0,1.0,HON
2024-08-26,201.52,202.74,200.85,201.78,201.78,1834868,0.0,1.0,HON
2024-08-23,199.64,200.72,198.8,200.42,200.42,2948370,0.0,1.0,HON
2024-08-22,198.71,199.32,197.3,198.11,198.11,1947583,0.0,1.0,HON
2024-08-21,198.8,199.73,197.86,199.37,199.37,1784934,0.0,1.0,HON
2024-08-20,196.98,198.47,195.92,198.04,198.04,3060420,0.0,1.0,HON
2024-08-19,196.44,197.4,195.83,197.02,197.02,2044386,0.0,1.0,HON
2024-08-16,195.58,197.58,194.83,196.48,196.48,2811121,1.08,1.0,HON
2024-08-15,195.86,197.12,195.03,195.38,195.38,2900232,0.0,1.0,HON
2024-08-14,192.96,194.72,192.53,194.53,194.53,3471298,0.0,1.0,HON
2024-08-13,194.2,194.35,192.57,193.68,193.68,3739387,0.0,1.0,HON
2024-08-12,195.38,195.42,193.48,193.74,193.74,3073966,0.0,1.0,HON
2024-08-09,195.94,196.07,194.45,195.15,195.15,1888151,0.0,1.0,HON
2024-08-08,194.85,197.43,194.85,196.72,196.72,2461136,0.0,1.0,HON
2024-08-07,197.44,200.79,194.63,194.85,194.85,3292176,0.0,1.0,HON
2024-08-06,196.6,199.04,195.41,195.71,195.71,3629081,0.0,1.0,HON
2024-08-05,199.39,199.39,193.84,196.61,196.61,3915475,0.0,1.0,HON
2024-08-02,205.02,205.72,198.18,200.53,200.53,3377778,0.0,1.0,HON
2024-08-01,201.16,203.55,198.37,201.4,201.4,3742962,0.0,1.0,HON
2024-07-31,200.6,203.55,199.0,201.57,201.57,3323861,0.0,1.0,HON
2024-07-30,198.82,200.78,198.34,199.49,199.49,2608471,0.0,1.0,HON
2024-07-29,200.37,200.6,196.04,198.27,198.27,2874004,0.0,1.0,HON
2024-07-26,199.88,204.57,195.16,199.59,199.59,7452531,0.0,1.0,HON
2024-07-25,199.64,202.04,195.91,199.31,199.31,6683690,0.0,1.0,HON
2024-07-24,214.01,214.39,209.82,210.33,210.33,3524717,0.0,1.0,HON
2024-07-23,213.61,215.46,212.85,214.01,214.01,1791248,0.0,1.0,HON
2024-07-22,211.93,213.74,210.31,213.6,213.6,2784618,0.0,1.0,HON
2024-07-19,214.35,214.75,210.92,211.28,211.28,2660590,0.0,1.0,HON
2024-07-18,216.57,217.36,214.14,214.29,214.29,2165441,0.0,1.0,HON
2024-07-17,215.6,217.28,214.46,216.79,216.79,2688142,0.0,1.0,HON
2024-07-16,212.5,215.61,212.3,215.08,215.08,2978471,0.0,1.0,HON
2024-07-15,211.07,212.97,210.1,212.37,212.37,1732209,0.0,1.0,HON
2024-07-12,212.18,213.48,209.03,211.77,211.77,2089379,0.0,1.0,HON
2024-07-11,211.66,213.31,210.33,211.52,211.52,2701551,0.0,1.0,HON
2024-07-10,207.92,211.6,207.49,211.16,211.16,1791777,0.0,1.0,HON
2024-07-09,208.4,208.81,207.29,207.33,207.33,1375377,0.0,1.0,HON
2024-07-08,208.6,209.92,207.74,208.35,208.35,1838096,0.0,1.0,HON
2024-07-05,209.27,209.61,207.47,208.95,208.95,1355280,0.0,1.0,HON
2024-07-03,209.69,209.96,208.78,209.16,209.16,1086724,0.0,1.0,HON
2024-07-02,208.48,209.97,207.69,209.92,209.92,1908531,0.0,1.0,HON
2024-07-01,209.83,212.18,207.6,207.68,207.68,2148470,0.0,1.0,HON
2024-06-28,210.82,212.8,207.86,210.23,210.23,4804816,0.0,1.0,HON
2024-06-27,210.97,212.01,209.7,211.05,211.05,1913218,0.0,1.0,HON
2024-06-26,210.24,210.75,208.32,210.12,210.12,2173863,0.0,1.0,HON
2024-06-25,213.46,213.46,210.4,211.12,211.12,2970633,0.0,1.0,HON
2024-06-24,211.87,214.97,211.57,212.54,212.54,2933238,0.0,1.0,HON
2024-06-21,212.44,212.73,210.21,211.75,211.75,7929048,0.0,1.0,HON
2024-06-20,210.09,211.85,209.57,210.82,210.82,4042227,0.0,1.0,HON
2024-06-18,207.76,209.92,207.16,209.57,209.57,2443359,0.0,1.0,HON
2024-06-17,204.77,208.88,204.32,208.66,208.66,3100728,0.0,1.0,HON
2024-06-14,203.98,205.44,202.81,205.29,205.29,2239211,0.0,1.0,HON
2024-06-13,203.88,205.73,203.05,205.39,205.39,1959739,0.0,1.0,HON
2024-06-12,207.48,208.35,204.52,205.26,205.26,2471388,0.0,1.0,HON
2024-06-11,206.52,206.6,203.93,206.23,206.23,2304900,0.0,1.0,HON
2024-06-10,206.51,207.78,205.88,207.47,207.47,2648314,0.0,1.0,HON
2024-06-07,205.28,207.7,204.44,205.54,205.54,2563323,0.0,1.0,HON
2024-06-06,205.92,206.95,204.4,205.21,205.21,3270848,0.0,1.0,HON
2024-06-05,204.7,206.2,202.67,206.02,206.02,2722837,0.0,1.0,HON
2024-06-04,197.94,204.92,197.94,204.01,204.01,3360804,0.0,1.0,HON
2024-06-03,200.66,200.66,197.87,199.32,199.32,2443667,0.0,1.0,HON
2024-05-31,197.22,199.14,196.04,199.05,199.05,3163480,0.0,1.0,HON
2024-05-30,194.73,198.16,194.34,197.79,197.79,2314211,0.0,1.0,HON
2024-05-29,194.76,195.33,193.83,194.01,194.01,2846213,0.0,1.0,HON
2024-05-28,195.08,197.72,195.03,196.09,196.09,2417316,0.0,1.0,HON
2024-05-24,197.24,197.69,196.1,196.59,196.59,2360667,0.0,1.0,HON
2024-05-23,198.4,198.42,196.13,196.3,196.3,2616403,0.0,1.0,HON
2024-05-22,199.97,200.77,198.75,199.65,199.65,2013302,0.0,1.0,HON
2024-05-21,202.03,202.05,199.99,200.35,200.35,1742860,0.0,1.0,HON
2024-05-20,202.56,202.99,200.1,201.44,201.44,2008300,0.0,1.0,HON
2024-05-17,203.68,203.79,202.0,202.77,202.77,2267215,0.0,1.0,HON
2024-05-16,201.79,204.05,201.4,203.41,203.41,2566941,1.08,1.0,HON
2024-05-15,200.15,201.11,198.58,200.83,200.83,2675812,0.0,1.0,HON
2024-05-14,200.77,201.14,198.72,199.02,199.02,2378589,0.0,1.0,HON
2024-05-13,200.22,202.45,199.53,199.59,199.59,3505342,0.0,1.0,HON
2024-05-10,196.85,199.04,196.58,198.73,198.73,2318408,0.0,1.0,HON
2024-05-09,194.75,196.65,193.79,196.49,196.49,2692175,0.0,1.0,HON
2024-05-08,192.63,194.27,191.88,193.96,193.96,1788289,0.0,1.0,HON
2024-05-07,191.0,193.12,191.0,192.79,192.79,2052177,0.0,1.0,HON
2024-05-06,192.32,193.13,189.95,190.98,190.98,2257722,0.0,1.0,HON
2024-05-03,190.75,192.19,189.55,191.77,191.77,2251381,0.0,1.0,HON
2024-05-02,192.33,192.42,188.71,189.64,189.64,3418699,0.0,1.0,HON
2024-05-01,188.01,193.11,187.94,191.27,191.27,5084843,0.0,1.0,HON
2024-04-30,189.99,191.8,188.35,188.75,188.75,3128075,0.0,1.0,HON
2024-04-29,189.27,190.25,188.25,189.77,189.77,2593584,0.0,1.0,HON
2024-04-26,186.37,189.65,186.19,189.46,189.46,3041537,0.0,1.0,HON
2024-04-25,195.34,196.0,186.56,189.04,189.04,3894330,0.0,1.0,HON
2024-04-24,189.56,191.68,189.27,190.77,190.77,3578298,0.0,1.0,HON
2024-04-23,191.98,193.53,191.64,192.11,192.11,2557257,0.0,1.0,HON
2024-04-22,190.27,192.25,190.13,191.54,191.54,2366958,0.0,1.0,HON
2024-04-19,188.63,190.51,187.67,190.25,190.25,3570010,0.0,1.0,HON
2024-04-18,187.06,188.33,186.07,187.14,187.14,2143197,0.0,1.0,HON
2024-04-17,188.44,188.55,185.83,186.43,186.43,2424388,0.0,1.0,HON
2024-04-16,189.15,189.69,186.6,186.78,186.78,2801925,0.0,1.0,HON
2024-04-15,194.02,194.39,189.19,190.04,190.04,3179898,0.0,1.0,HON
2024-04-12,191.87,192.4,190.59,192.11,192.11,3499520,0.0,1.0,HON
2024-04-11,191.96,193.12,190.26,192.81,192.81,3026335,0.0,1.0,HON
2024-04-10,191.53,192.4,190.39,191.61,191.61,2907266,0.0,1.0,HON
2024-04-09,194.26,195.4,191.97,194.31,194.31,1851441,0.0,1.0,HON
2024-04-08,193.51,195.08,193.26,193.68,193.68,2239327,0.0,1.0,HON
2024-04-05,191.86,194.31,191.12,193.08,193.08,1881187,0.0,1.0,HON
2024-04-04,196.54,196.54,191.48,192.0,192.0,2998198,0.0,1.0,HON
2024-04-03,195.3,196.79,193.83,193.88,193.88,2493460,0.0,1.0,HON
2024-04-02,197.91,198.12,195.89,196.1,196.1,2606670,0.0,1.0,HON
2024-04-01,201.15,201.64,197.72,197.84,197.84,2158334,0.0,1.0,HON
2024-03-28,201.16,202.55,200.95,201.01,201.01,3594210,0.0,1.0,HON
2024-03-27,198.75,201.02,198.04,200.9,200.9,2760101,0.0,1.0,HON
2024-03-26,193.96,197.31,193.67,196.85,196.85,2697318,0.0,1.0,HON
2024-03-25,196.24,196.57,194.33,194.38,194.38,1961385,0.0,1.0,HON
2024-03-22,197.36,197.8,195.96,196.59,196.59,2061324,0.0,1.0,HON
2024-03-21,197.83,198.9,197.14,197.22,197.22,2811767,0.0,1.0,HON
2024-03-20,194.49,197.55,194.24,197.03,197.03,2714424,0.0,1.0,HON
2024-03-19,192.7,195.13,192.07,194.93,194.93,4524803,0.0,1.0,HON
2024-03-18,194.9,194.9,192.33,192.7,192.7,2481716,0.0,1.0,HON
2024-03-15,192.34,194.45,191.86,193.61,193.61,6310153,0.0,1.0,HON
2024-03-14,195.14,195.61,190.94,192.3,192.3,3820164,0.0,1.0,HON
2024-03-13,195.82,196.98,194.74,195.61,195.61,2528363,0.0,1.0,HON
2024-03-12,195.61,196.12,193.59,195.02,195.02,2847761,0.0,1.0,HON
2024-03-11,197.42,198.39,195.01,196.16,196.16,2340128,0.0,1.0,HON
2024-03-08,198.94,199.71,196.31,196.61,196.61,2139383,0.0,1.0,HON
2024-03-07,198.04,199.06,197.57,198.43,198.43,2447565,0.0,1.0,HON
2024-03-06,195.38,198.23,194.57,196.36,196.36,2713389,0.0,1.0,HON
2024-03-05,195.02,195.41,192.57,193.28,193.28,2532241,0.0,1.0,HON
2024-03-04,194.33,195.67,194.07,195.13,195.13,2148909,0.0,1.0,HON
2024-03-01,193.51,194.83,192.02,194.57,194.57,2785462,0.0,1.0,HON
2024-02-29,194.2,196.08,192.57,194.63,194.63,3437346,1.08,1.0,HON
2024-02-28,192.97,193.77,192.13,192.45,192.45,2664144,0.0,1.0,HON
2024-02-27,194.41,194.52,191.84,193.04,193.04,2451977,0.0,1.0,HON
2024-02-26,194.84,195.01,193.07,194.02,194.02,2028604,0.0,1.0,HON
2024-02-23,195.6,197.37,195.33,195.43,195.43,2450243,0.0,1.0,HON
2024-02-22,194.26,196.33,193.46,195.6,195.6,3635080,0.0,1.0,HON
2024-02-21,194.42,195.18,193.06,194.36,194.36,1969621,0.0,1.0,HON
2024-02-20,192.82,194.47,191.8,193.78,193.78,2761051,0.0,1.0,HON
2024-02-16,192.4,193.74,191.36,192.06,192.06,2331020,0.0,1.0,HON
2024-02-15,190.92,193.06,190.54,192.82,192.82,1996523,0.0,1.0,HON
2024-02-14,189.4,190.52,188.85,189.82,189.82,2115287,0.0,1.0,HON
2024-02-13,191.64,191.85,187.72,188.98,188.98,4432118,0.0,1.0,HON
2024-02-12,188.95,192.5,188.74,192.23,192.23,2827875,0.0,1.0,HON
2024-02-09,187.99,190.16,187.83,189.79,189.79,3686297,0.0,1.0,HON
2024-02-08,188.57,188.98,187.26,188.44,188.44,2516150,0.0,1.0,HON
2024-02-07,190.4,190.74,188.57,189.07,189.07,3029888,0.0,1.0,HON
2024-02-06,187.55,189.03,187.06,188.62,188.62,3741587,0.0,1.0,HON
2024-02-05,188.93,189.8,187.82,188.0,188.0,4632180,0.0,1.0,HON
2024-02-02,191.93,194.86,190.47,191.02,191.02,4317910,0.0,1.0,HON
2024-02-01,190.79,192.45,184.74,192.19,192.19,7819099,0.0,1.0,HON
2024-01-31,201.83,202.32,196.53,197.01,197.01,5624518,0.0,1.0,HON
2024-01-30,195.94,201.02,195.94,200.56,200.56,5646047,0.0,1.0,HON
2024-01-29,196.21,197.79,195.61,197.78,197.78,2196849,0.0,1.0,HON
2024-01-26,197.76,198.6,196.17,196.57,196.57,1924770,0.0,1.0,HON
2024-01-25,196.51,197.9,195.47,197.31,197.31,2653230,0.0,1.0,HON
2024-01-24,197.68,198.5,194.5,194.69,194.69,3354114,0.0,1.0,HON
2024-01-23,196.01,197.89,195.43,197.68,197.68,2033826,0.0,1.0,HON
2024-01-22,196.12,198.63,195.23,195.83,195.83,3589302,0.0,1.0,HON
2024-01-19,195.09,196.02,193.49,195.57,195.57,3089602,0.0,1.0,HON
2024-01-18,192.59,195.34,192.15,194.94,194.94,2604627,0.0,1.0,HON
2024-01-17,191.65,192.95,190.92,192.82,192.82,2510468,0.0,1.0,HON
2024-01-16,195.48,195.91,192.39,192.64,192.64,3500369,0.0,1.0,HON
2024-01-12,198.12,198.7,194.97,195.88,195.88,2429309,0.0,1.0,HON
2024-01-11,197.04,197.34,194.37,196.44,196.44,1940910,0.0,1.0,HON
2024-01-10,195.79,197.22,195.22,197.15,197.15,2372259,0.0,1.0,HON
2024-01-09,195.28,196.5,193.74,196.4,196.4,3082280,0.0,1.0,HON
2024-01-08,197.85,198.27,196.03,197.4,197.4,4019954,0.0,1.0,HON
2024-01-05,199.09,199.26,197.01,198.25,198.25,2677102,0.0,1.0,HON
2024-01-04,198.83,200.87,198.74,199.59,199.59,2542018,0.0,1.0,HON
2024-01-03,203.01,203.01,198.96,199.23,199.23,3814053,0.0,1.0,HON
2024-01-02,203.44,205.14,202.92,203.58,203.58,3132684,0.0,1.0,HON
2023-12-29,203.79,204.72,203.49,204.27,204.27,2256443,0.0,1.0,HON
2023-12-28,203.89,204.52,203.41,203.75,203.75,1647683,0.0,1.0,HON
2023-12-27,201.79,204.22,201.79,203.6,203.6,2340075,0.0,1.0,HON
2023-12-26,200.79,203.14,200.45,202.64,202.64,1860306,0.0,1.0,HON
2023-12-22,199.73,201.79,199.64,200.31,200.31,1889800,0.0,1.0,HON
2023-12-21,198.51,199.88,198.15,199.73,199.73,2158664,0.0,1.0,HON
2023-12-20,198.43,200.04,197.58,197.64,197.64,3349631,0.0,1.0,HON
2023-12-19,199.23,199.75,198.21,199.29,199.29,2583634,0.0,1.0,HON
2023-12-18,198.72,200.12,198.2,199.78,199.78,2970685,0.0,1.0,HON
2023-12-15,198.56,199.73,197.19,198.13,198.13,7523488,0.0,1.0,HON
2023-12-14,198.71,199.34,197.21,198.13,198.13,3785666,0.0,1.0,HON
2023-12-13,197.35,197.89,195.06,197.81,197.81,3063397,0.0,1.0,HON
2023-12-12,196.76,197.05,195.65,196.28,196.28,3094085,0.0,1.0,HON
2023-12-11,191.36,195.31,190.97,195.19,195.19,3706188,0.0,1.0,HON
2023-12-08,190.96,192.12,188.0,189.56,189.56,4545331,0.0,1.0,HON
2023-12-07,193.83,193.89,192.34,192.66,192.66,2436954,0.0,1.0,HON
2023-12-06,193.01,193.96,192.16,192.66,192.66,2228177,0.0,1.0,HON
2023-12-05,192.4,192.71,190.27,191.84,191.84,2584262,0.0,1.0,HON
2023-12-04,191.42,193.31,191.37,193.22,193.22,2717466,0.0,1.0,HON
2023-12-01,191.4,192.95,190.25,192.65,192.65,3112060,0.0,1.0,HON
2023-11-30,189.23,191.03,189.0,190.84,190.84,3114043,0.0,1.0,HON
2023-11-29,190.46,191.23,188.9,189.22,189.22,2243034,0.0,1.0,HON
2023-11-28,187.99,190.01,187.42,189.23,189.23,3329148,0.0,1.0,HON
2023-11-27,187.61,188.66,187.36,187.97,187.97,2480483,0.0,1.0,HON
2023-11-24,188.11,188.69,187.42,188.39,188.39,1074506,0.0,1.0,HON
2023-11-22,186.14,187.87,185.2,187.32,187.32,1881988,0.0,1.0,HON
2023-11-21,186.13,186.64,185.14,186.28,186.28,1877572,0.0,1.0,HON
2023-11-20,185.73,187.39,185.14,186.83,186.83,2000174,0.0,1.0,HON
2023-11-17,186.82,187.02,185.0,186.25,186.25,2207822,0.0,1.0,HON
2023-11-16,186.26,187.37,185.47,185.76,185.76,2133472,0.0,1.0,HON
2023-11-15,185.54,186.79,183.88,184.63,184.63,4076819,0.0,1.0,HON
2023-11-14,183.87,185.73,183.76,185.31,185.31,2951656,0.0,1.0,HON
2023-11-13,181.96,182.65,180.89,181.67,181.67,1675859,0.0,1.0,HON
2023-11-10,179.82,182.07,178.9,181.87,181.87,2178647,0.0,1.0,HON
2023-11-09,179.1,180.61,178.45,178.92,178.92,2718322,1.08,1.0,HON
2023-11-08,180.97,180.97,177.97,178.78,178.78,3193524,0.0,1.0,HON
2023-11-07,180.86,181.33,179.69,180.71,180.71,2482252,0.0,1.0,HON
2023-11-06,182.7,182.93,181.11,181.57,181.57,2339892,0.0,1.0,HON
2023-11-03,182.19,184.19,182.03,183.01,183.01,2960084,0.0,1.0,HON
2023-11-02,179.73,181.22,178.33,180.53,180.53,3059557,0.0,1.0,HON
2023-11-01,178.36,178.44,175.68,178.17,178.17,3358688,0.0,1.0,HON
2023-10-31,173.82,178.1,173.51,177.46,177.46,3770344,0.0,1.0,HON
2023-10-30,171.92,174.6,171.01,174.06,174.06,2633837,0.0,1.0,HON
2023-10-27,170.09,173.45,169.8,171.4,171.4,3400371,0.0,1.0,HON
2023-10-26,172.93,177.21,169.35,170.49,170.49,4817578,0.0,1.0,HON
2023-10-25,175.71,176.03,172.35,172.46,172.46,4147428,0.0,1.0,HON
2023-10-24,175.83,177.23,174.56,175.72,175.72,2552306,0.0,1.0,HON
2023-10-23,175.85,177.29,174.68,174.81,174.81,2073580,0.0,1.0,HON
2023-10-20,176.87,177.97,175.33,175.59,175.59,3043455,0.0,1.0,HON
2023-10-19,177.38,179.98,176.11,176.51,176.51,2565722,0.0,1.0,HON
2023-10-18,179.76,180.16,177.25,177.67,177.67,2262036,0.0,1.0,HON
2023-10-17,179.48,181.37,179.12,180.43,180.43,1848913,0.0,1.0,HON
2023-10-16,179.74,181.57,179.27,180.34,180.34,2433101,0.0,1.0,HON
2023-10-13,179.0,179.0,176.59,177.75,177.75,2245641,0.0,1.0,HON
2023-10-12,181.43,181.46,177.04,178.12,178.12,2414023,0.0,1.0,HON
2023-10-11,180.66,182.33,179.93,181.47,181.47,2210345,0.0,1.0,HON
2023-10-10,182.05,182.14,178.55,180.45,180.45,3262668,0.0,1.0,HON
2023-10-09,179.45,181.07,178.92,180.62,180.62,2278984,0.0,1.0,HON
2023-10-06,174.76,179.44,174.02,178.82,178.82,3770890,0.0,1.0,HON
2023-10-05,176.39,176.65,173.46,174.33,174.33,2288328,0.0,1.0,HON
2023-10-04,175.69,177.17,174.71,176.73,176.73,2298684,0.0,1.0,HON
2023-10-03,176.11,176.94,174.54,175.41,175.41,2490471,0.0,1.0,HON
2023-10-02,178.18,178.97,175.34,176.83,176.83,2700935,0.0,1.0,HON
2023-09-29,182.27,182.28,178.51,178.9,178.9,3330883,0.0,1.0,HON
2023-09-28,181.79,183.0,180.78,181.19,181.19,2912309,0.0,1.0,HON
2023-09-27,182.96,182.96,180.46,181.94,181.94,2235298,0.0,1.0,HON
2023-09-26,184.97,185.29,181.82,181.95,181.95,3399534,0.0,1.0,HON
2023-09-25,183.06,185.96,182.59,185.79,185.79,2723193,0.0,1.0,HON
2023-09-22,184.89,185.77,183.59,183.78,183.78,2824497,0.0,1.0,HON
2023-09-21,188.51,188.51,185.35,185.38,185.38,2917718,0.0,1.0,HON
2023-09-20,189.94,190.86,188.24,188.29,188.29,2374326,0.0,1.0,HON
2023-09-19,187.03,189.43,187.03,189.17,189.17,2872400,0.0,1.0,HON
2023-09-18,186.65,189.17,186.35,188.31,188.31,2296961,0.0,1.0,HON
2023-09-15,188.37,188.76,186.31,186.93,186.93,6014023,0.0,1.0,HON
2023-09-14,186.31,189.13,185.87,187.44,187.44,3682184,0.0,1.0,HON
2023-09-13,183.82,187.54,183.78,185.53,185.53,5057296,0.0,1.0,HON
2023-09-12,180.3,183.93,180.09,183.23,183.23,3667566,0.0,1.0,HON
2023-09-11,180.05,180.74,178.91,180.32,180.32,2115478,0.0,1.0,HON
2023-09-08,177.99,179.14,177.62,178.68,178.68,1769739,0.0,1.0,HON
2023-09-07,178.91,179.95,177.43,178.3,178.3,2086214,0.0,1.0,HON
2023-09-06,179.19,179.95,177.82,178.67,178.67,2228925,0.0,1.0,HON
2023-09-05,182.62,182.83,179.75,179.83,179.83,2229187,0.0,1.0,HON
2023-09-01,183.04,183.5,181.61,182.43,182.43,1595824,0.0,1.0,HON
2023-08-31,182.49,183.41,181.98,182.0,182.0,2598517,0.0,1.0,HON
2023-08-30,183.53,184.67,181.77,182.6,182.6,2206947,0.0,1.0,HON
2023-08-29,181.94,183.82,181.42,183.53,183.53,2180494,0.0,1.0,HON
2023-08-28,182.48,183.64,181.2,181.94,181.94,1941139,0.0,1.0,HON
2023-08-25,179.75,181.25,178.74,180.41,180.41,1943869,0.0,1.0,HON
2023-08-24,181.03,182.82,179.26,179.3,179.3,2391471,0.0,1.0,HON
2023-08-23,180.6,181.64,180.26,181.16,181.16,1899304,0.0,1.0,HON
2023-08-22,181.42,181.57,179.68,180.13,180.13,1713108,0.0,1.0,HON
2023-08-21,180.13,181.38,179.56,181.04,181.04,1930803,0.0,1.0,HON
2023-08-18,179.33,181.62,179.22,180.68,180.68,2053767,0.0,1.0,HON
2023-08-17,181.53,182.26,180.1,180.1,180.1,2481131,0.0,1.0,HON
2023-08-16,181.72,182.54,180.51,180.59,180.59,2241316,0.0,1.0,HON
2023-08-15,182.03,182.46,180.66,181.86,181.86,2251989,0.0,1.0,HON
2023-08-14,184.91,185.74,183.18,183.52,183.52,2444190,0.0,1.0,HON
2023-08-11,182.25,185.38,182.25,184.64,184.64,2700032,0.0,1.0,HON
2023-08-10,182.27,184.59,182.11,182.77,182.77,2811662,1.03,1.0,HON
2023-08-09,180.15,183.25,180.1,182.26,182.26,3224678,0.0,1.0,HON
2023-08-08,181.64,181.64,179.69,180.73,180.73,3261703,0.0,1.0,HON
2023-08-07,183.1,183.63,181.64,182.61,182.61,2842650,0.0,1.0,HON
2023-08-04,184.21,184.75,181.85,182.23,182.23,2408676,0.0,1.0,HON
2023-08-03,185.67,185.79,183.44,183.48,183.48,2509410,0.0,1.0,HON
2023-08-02,186.75,188.1,185.3,185.79,185.79,2997973,0.0,1.0,HON
2023-08-01,186.22,187.62,185.84,186.34,186.34,3976944,0.0,1.0,HON
2023-07-31,187.92,188.29,186.29,186.97,186.97,3447783,0.0,1.0,HON
2023-07-28,190.37,190.9,187.82,187.99,187.99,3936174,0.0,1.0,HON
2023-07-27,196.2,196.59,188.43,189.17,189.17,6595540,0.0,1.0,HON
2023-07-26,201.08,201.68,199.55,200.58,200.58,3293054,0.0,1.0,HON
2023-07-25,200.47,202.38,199.63,201.95,201.95,1968377,0.0,1.0,HON
2023-07-24,200.97,202.41,200.53,201.6,201.6,1846799,0.0,1.0,HON
2023-07-21,200.63,202.63,200.12,200.91,200.91,7529639,0.0,1.0,HON
2023-07-20,198.55,201.52,198.0,200.29,200.29,2532700,0.0,1.0,HON
2023-07-19,196.33,198.46,196.31,197.6,197.6,2505953,0.0,1.0,HON
2023-07-18,199.08,199.52,196.43,197.68,197.68,3668886,0.0,1.0,HON
2023-07-17,197.99,201.13,197.69,200.49,200.49,2150723,0.0,1.0,HON
2023-07-14,200.24,200.24,197.92,198.54,198.54,2161287,0.0,1.0,HON
2023-07-13,200.01,201.49,199.55,201.01,201.01,2324260,0.0,1.0,HON
2023-07-12,202.63,203.09,200.67,200.83,200.83,2967190,0.0,1.0,HON
2023-07-11,200.75,201.8,199.79,201.03,201.03,2801495,0.0,1.0,HON
2023-07-10,196.68,200.31,196.11,200.08,200.08,3102208,0.0,1.0,HON
2023-07-07,195.4,198.13,194.7,195.76,195.76,2253783,0.0,1.0,HON
2023-07-06,197.41,197.49,194.63,196.49,196.49,2102512,0.0,1.0,HON
2023-07-05,199.75,200.65,198.35,198.82,198.82,2336660,0.0,1.0,HON
2023-07-03,199.16,200.94,197.48,200.62,200.62,1215113,0.0,1.0,HON
2023-06-30,200.01,200.8,199.18,199.85,199.85,3009911,0.0,1.0,HON
2023-06-29,194.95,199.01,194.3,198.85,198.85,2544081,0.0,1.0,HON
2023-06-28,195.92,196.4,194.55,195.03,195.03,1972042,0.0,1.0,HON
2023-06-27,195.09,196.54,194.98,195.84,195.84,2358820,0.0,1.0,HON
2023-06-26,192.91,195.57,192.09,195.11,195.11,2131606,0.0,1.0,HON
2023-06-23,191.79,193.26,191.32,192.71,192.71,3322857,0.0,1.0,HON
2023-06-22,194.51,194.81,192.27,193.25,193.25,1616945,0.0,1.0,HON
2023-06-21,191.94,195.3,190.8,194.36,194.36,2553482,0.0,1.0,HON
2023-06-20,195.18,195.48,191.69,193.01,193.01,2085168,0.0,1.0,HON
2023-06-16,197.44,198.42,194.99,195.48,195.48,5005821,0.0,1.0,HON
2023-06-15,193.83,196.57,193.03,196.22,196.22,2467702,0.0,1.0,HON
2023-06-14,194.55,195.33,191.33,193.12,193.12,2656842,0.0,1.0,HON
2023-06-13,191.18,193.86,190.46,193.69,193.69,1987889,0.0,1.0,HON
2023-06-12,190.9,191.61,189.37,191.18,191.18,1680776,0.0,1.0,HON
2023-06-09,190.34,191.43,188.86,190.59,190.59,1760237,0.0,1.0,HON
2023-06-08,190.57,191.42,189.79,190.84,190.84,1626605,0.0,1.0,HON
2023-06-07,189.7,191.37,187.07,191.07,191.07,2555467,0.0,1.0,HON
2023-06-06,190.27,190.79,188.15,189.1,189.1,2294495,0.0,1.0,HON
2023-06-05,191.39,191.78,188.82,189.91,189.91,1662658,0.0,1.0,HON
2023-06-02,189.2,192.2,188.66,191.52,191.52,2740769,0.0,1.0,HON
2023-06-01,184.77,187.13,183.44,186.71,186.71,1908989,0.0,1.0,HON
2023-05-31,186.7,186.88,183.34,184.53,184.53,3653737,0.0,1.0,HON
2023-05-30,186.46,187.6,183.4,187.37,187.37,2256597,0.0,1.0,HON
2023-05-26,185.67,187.15,185.06,186.6,186.6,1972053,0.0,1.0,HON
2023-05-25,184.79,185.45,182.98,185.18,185.18,2421623,0.0,1.0,HON
2023-05-24,187.74,188.0,183.85,184.78,184.78,1744508,0.0,1.0,HON
2023-05-23,189.93,190.28,187.7,187.78,187.78,2159034,0.0,1.0,HON
2023-05-22,189.78,191.09,188.02,189.67,189.67,1763744,0.0,1.0,HON
2023-05-19,192.14,192.87,189.79,190.07,190.07,2669524,0.0,1.0,HON
2023-05-18,188.24,191.07,187.7,190.94,190.94,2438035,0.0,1.0,HON
2023-05-17,185.91,189.18,185.43,188.79,188.79,2420950,0.0,1.0,HON
2023-05-16,186.81,186.81,184.24,184.54,184.54,2050805,0.0,1.0,HON
2023-05-15,186.36,188.27,185.54,187.14,187.14,1565880,0.0,1.0,HON
2023-05-12,187.75,188.14,185.59,186.48,186.48,2102037,0.0,1.0,HON
2023-05-11,188.7,189.05,186.07,186.83,186.83,2870794,1.03,1.0,HON
2023-05-10,189.2,190.4,186.16,189.06,189.06,2158477,0.0,1.0,HON
2023-05-09,187.74,189.96,186.78,188.86,188.86,2237665,0.0,1.0,HON
2023-05-08,191.37,191.59,187.74,188.68,188.68,1494474,0.0,1.0,HON
2023-05-05,189.06,190.26,188.52,190.09,190.09,2088101,0.0,1.0,HON
2023-05-04,189.9,190.65,186.75,187.98,187.98,2304847,0.0,1.0,HON
2023-05-03,191.46,192.19,189.41,189.65,189.65,2775285,0.0,1.0,HON
2023-05-02,191.28,191.28,188.13,189.94,189.94,2588338,0.0,1.0,HON
2023-05-01,191.61,193.67,191.57,192.07,192.07,2224861,0.0,1.0,HON
2023-04-28,190.65,192.38,190.16,191.45,191.45,2851573,0.0,1.0,HON
2023-04-27,187.72,190.5,185.45,190.27,190.27,3862369,0.0,1.0,HON
2023-04-26,185.74,186.31,182.2,182.89,182.89,3562647,0.0,1.0,HON
2023-04-25,190.19,190.56,187.64,187.74,187.74,2244307,0.0,1.0,HON
2023-04-24,188.93,189.77,188.03,188.52,188.52,1605640,0.0,1.0,HON
2023-04-21,188.82,189.07,187.2,187.85,187.85,1970694,0.0,1.0,HON
2023-04-20,189.21,189.46,187.77,188.49,188.49,1947074,0.0,1.0,HON
2023-04-19,189.93,190.32,188.94,189.51,189.51,1864129,0.0,1.0,HON
2023-04-18,190.38,191.1,187.98,188.66,188.66,2399951,0.0,1.0,HON
2023-04-17,188.9,189.76,188.48,189.56,189.56,1682495,0.0,1.0,HON
2023-04-14,187.42,189.43,187.06,188.3,188.3,1964058,0.0,1.0,HON
2023-04-13,185.14,188.18,184.52,187.68,187.68,3360733,0.0,1.0,HON
2023-04-12,185.34,186.69,184.26,185.12,185.12,3656911,0.0,1.0,HON
2023-04-11,184.78,185.05,183.77,184.12,184.12,2435597,0.0,1.0,HON
2023-04-10,182.73,184.52,182.33,183.64,183.64,2540349,0.0,1.0,HON
2023-04-06,181.65,184.05,181.08,182.47,182.47,2782289,0.0,1.0,HON
2023-04-05,182.3,182.99,181.34,181.48,181.48,3030036,0.0,1.0,HON
2023-04-04,185.01,185.12,181.72,182.93,182.93,2499133,0.0,1.0,HON
2023-04-03,182.57,185.76,181.99,185.17,185.17,2873741,0.0,1.0,HON
2023-03-31,182.14,183.35,181.38,183.1,183.1,2702570,0.0,1.0,HON
2023-03-30,181.65,182.45,180.09,181.18,181.18,1999467,0.0,1.0,HON
2023-03-29,181.7,181.75,179.88,181.13,181.13,2684187,0.0,1.0,HON
2023-03-28,179.87,181.65,179.53,180.03,180.03,2069760,0.0,1.0,HON
2023-03-27,180.71,181.64,179.56,180.1,180.1,2133141,0.0,1.0,HON
2023-03-24,178.57,180.32,176.85,180.26,180.26,2332277,0.0,1.0,HON
2023-03-23,179.02,181.47,177.76,179.07,179.07,2360130,0.0,1.0,HON
2023-03-22,183.67,183.94,179.23,179.3,179.3,2348725,0.0,1.0,HON
2023-03-21,183.05,184.08,181.21,183.14,183.14,3133912,0.0,1.0,HON
2023-03-20,178.16,182.26,177.72,181.91,181.91,2840845,0.0,1.0,HON
2023-03-17,179.93,180.11,176.5,176.89,176.89,7383864,0.0,1.0,HON
2023-03-16,179.51,181.81,178.48,181.2,181.2,3897012,0.0,1.0,HON
2023-03-15,182.09,182.99,177.01,180.22,180.22,3926282,0.0,1.0,HON
2023-03-14,187.83,187.94,182.19,184.87,184.87,4853203,0.0,1.0,HON
2023-03-13,184.9,187.04,184.1,185.0,185.0,3223590,0.0,1.0,HON
2023-03-10,184.78,188.43,183.84,185.22,185.22,3667341,0.0,1.0,HON
2023-03-09,188.62,188.68,184.28,184.78,184.78,3188590,0.0,1.0,HON
2023-03-08,188.04,188.4,185.98,187.36,187.36,2065035,0.0,1.0,HON
2023-03-07,189.13,189.88,186.58,187.41,187.41,2781131,0.0,1.0,HON
2023-03-06,188.91,190.94,188.4,188.77,188.77,2721778,0.0,1.0,HON
2023-03-03,187.24,189.25,186.07,188.56,188.56,3116629,0.0,1.0,HON
2023-03-02,183.55,186.93,183.46,186.29,186.29,4254284,0.0,1.0,HON
2023-03-01,182.63,186.19,182.57,184.78,184.78,3231729,0.0,1.0,HON
2023-02-28,183.47,184.29,181.67,183.44,183.44,3110131,0.0,1.0,HON
2023-02-27,186.26,186.82,183.69,184.37,184.37,3363256,0.0,1.0,HON
2023-02-24,185.75,185.75,182.85,183.98,183.98,3305720,0.0,1.0,HON
2023-02-23,187.81,187.81,184.5,186.83,186.83,2446679,1.03,1.0,HON
2023-02-22,187.82,188.21,185.47,186.3,186.3,2963294,0.0,1.0,HON
2023-02-21,192.1,192.17,187.22,187.51,187.51,2831026,0.0,1.0,HON
2023-02-17,189.89,192.49,189.32,191.95,191.95,2850383,0.0,1.0,HON
2023-02-16,189.43,192.07,188.67,189.99,189.99,2754941,0.0,1.0,HON
2023-02-15,190.41,192.26,189.51,192.23,192.23,2532393,0.0,1.0,HON
2023-02-14,193.54,193.55,189.33,191.55,191.55,2999565,0.0,1.0,HON
2023-02-13,190.78,194.16,190.36,193.81,193.81,2973187,0.0,1.0,HON
2023-02-10,189.47,191.39,189.05,191.05,191.05,2890779,0.0,1.0,HON
2023-02-09,193.8,194.34,189.3,189.86,189.86,3013535,0.0,1.0,HON
2023-02-08,194.32,195.18,191.75,192.71,192.71,3562421,0.0,1.0,HON
2023-02-07,193.46,196.34,192.3,195.81,195.81,2947917,0.0,1.0,HON
2023-02-06,192.74,194.54,191.32,194.45,194.45,2854188,0.0,1.0,HON
2023-02-03,197.46,197.46,192.14,193.16,193.16,4457814,0.0,1.0,HON
2023-02-02,189.6,198.43,188.4,197.63,197.63,7183495,0.0,1.0,HON
2023-02-01,197.66,198.65,194.23,197.0,197.0,5392235,0.0,1.0,HON
2023-01-31,196.86,198.77,195.85,198.68,198.68,2298778,0.0,1.0,HON
2023-01-30,196.82,199.55,195.95,196.11,196.11,2545705,0.0,1.0,HON
2023-01-27,198.12,199.97,197.88,198.35,198.35,2122529,0.0,1.0,HON
2023-01-26,198.03,199.58,196.21,199.51,199.51,1927499,0.0,1.0,HON
2023-01-25,194.93,197.42,194.18,196.96,196.96,2154853,0.0,1.0,HON
2023-01-24,194.37,197.92,192.72,197.2,197.2,3217250,0.0,1.0,HON
2023-01-23,193.03,196.17,191.91,194.85,194.85,2799719,0.0,1.0,HON
2023-01-20,190.18,193.13,189.47,192.53,192.53,3977496,0.0,1.0,HON
2023-01-19,194.7,194.77,190.81,191.23,191.23,4549156,0.0,1.0,HON
2023-01-18,200.98,200.98,194.39,194.64,194.64,5101401,0.0,1.0,HON
2023-01-17,206.82,206.82,201.97,202.26,202.26,3281499,0.0,1.0,HON
2023-01-13,204.41,206.64,202.89,206.43,206.43,1997090,0.0,1.0,HON
2023-01-12,202.85,207.01,202.4,205.83,205.83,2964267,0.0,1.0,HON
2023-01-11,202.02,202.9,200.14,202.32,202.32,2919491,0.0,1.0,HON
2023-01-10,199.65,201.51,199.65,201.41,201.41,1775736,0.0,1.0,HON
2023-01-09,200.39,203.59,199.69,200.77,200.77,2627479,0.0,1.0,HON
2023-01-06,196.77,201.14,196.2,200.39,200.39,4056383,0.0,1.0,HON
2023-01-05,198.68,199.0,194.47,194.86,194.86,4057482,0.0,1.0,HON
2023-01-04,198.7,201.31,197.58,200.17,200.17,3860313,0.0,1.0,HON
2023-01-03,205.04,205.04,202.24,204.23,204.23,2219496,0.0,1.0,HON
2022-12-30,203.92,204.42,201.97,204.23,204.23,1599974,0.0,1.0,HON
2022-12-29,203.07,205.13,202.77,204.66,204.66,1879921,0.0,1.0,HON
2022-12-28,205.78,206.33,202.04,202.22,202.22,1607307,0.0,1.0,HON
2022-12-27,203.85,205.64,203.66,204.79,204.79,1461037,0.0,1.0,HON
2022-12-23,202.04,204.61,201.52,203.82,203.82,1300657,0.0,1.0,HON
2022-12-22,204.26,204.52,199.17,202.33,202.33,2220111,0.0,1.0,HON
2022-12-21,202.95,205.18,202.75,204.99,204.99,2625236,0.0,1.0,HON
2022-12-20,199.72,202.76,199.39,201.55,201.55,1876122,0.0,1.0,HON
2022-12-19,199.42,202.35,198.58,199.57,199.57,3089824,0.0,1.0,HON
2022-12-16,197.6,200.41,196.54,199.88,199.88,7128473,0.0,1.0,HON
2022-12-15,202.88,203.67,198.25,199.15,199.15,3221605,0.0,1.0,HON
2022-12-14,206.06,207.63,203.04,204.63,204.63,2545896,0.0,1.0,HON
2022-12-13,209.23,209.62,203.12,204.86,204.86,3449789,0.0,1.0,HON
2022-12-12,202.19,204.5,201.14,204.42,204.42,3347031,0.0,1.0,HON
2022-12-09,203.32,204.41,201.46,201.68,201.68,2260246,0.0,1.0,HON
2022-12-08,203.8,204.5,202.24,203.32,203.32,2169500,0.0,1.0,HON
2022-12-07,203.91,204.03,202.04,203.42,203.42,2983537,0.0,1.0,HON
2022-12-06,206.1,206.55,201.43,203.17,203.17,2518614,0.0,1.0,HON
2022-12-05,207.51,208.31,205.08,205.47,205.47,3078017,0.0,1.0,HON
2022-12-02,204.73,209.53,204.63,208.78,208.78,2194258,0.0,1.0,HON
2022-12-01,209.93,210.25,206.19,207.17,207.17,3990378,0.0,1.0,HON
2022-11-30,206.15,210.28,203.65,209.23,209.23,4675120,0.0,1.0,HON
2022-11-29,205.77,207.2,205.07,206.53,206.53,2101760,0.0,1.0,HON
2022-11-28,209.37,209.85,205.34,205.63,205.63,2642826,0.0,1.0,HON
2022-11-25,207.51,210.57,207.51,209.71,209.71,1119900,0.0,1.0,HON
2022-11-23,208.51,210.3,208.04,208.62,208.62,2686758,0.0,1.0,HON
2022-11-22,206.92,208.72,206.8,208.48,208.48,2516386,0.0,1.0,HON
2022-11-21,204.89,207.01,203.8,206.38,206.38,2346620,0.0,1.0,HON
2022-11-18,206.22,207.13,203.14,204.45,204.45,2974732,0.0,1.0,HON
2022-11-17,202.27,205.26,202.06,204.43,204.43,2689734,0.0,1.0,HON
2022-11-16,205.62,206.07,203.28,203.94,203.94,2447056,0.0,1.0,HON
2022-11-15,205.24,206.03,203.07,205.3,205.3,2367383,0.0,1.0,HON
2022-11-14,202.78,205.92,201.87,202.99,202.99,3074048,0.0,1.0,HON
2022-11-11,204.5,204.86,201.51,202.73,202.73,4226792,0.0,1.0,HON
2022-11-10,204.75,204.96,201.23,204.7,204.7,4354703,0.0,1.0,HON
2022-11-09,200.13,201.6,198.64,198.82,198.82,3040359,1.03,1.0,HON
2022-11-08,198.51,201.4,198.09,200.44,200.44,2631318,0.0,1.0,HON
2022-11-07,196.96,199.37,196.43,198.93,198.93,2671829,0.0,1.0,HON
2022-11-04,195.64,197.28,193.66,197.11,197.11,4125109,0.0,1.0,HON
2022-11-03,190.01,195.4,188.87,193.83,193.83,4653836,0.0,1.0,HON
2022-11-02,192.83,196.2,189.71,190.11,190.11,4692929,0.0,1.0,HON
2022-11-01,193.88,194.48,191.1,192.6,192.6,4376652,0.0,1.0,HON
2022-10-31,191.94,194.4,191.83,193.48,193.48,4433470,0.0,1.0,HON
2022-10-28,188.71,194.56,186.52,194.34,194.34,4892755,0.0,1.0,HON
2022-10-27,183.37,189.26,182.84,186.33,186.33,4754020,0.0,1.0,HON
2022-10-26,181.73,182.98,179.95,180.44,180.44,4203806,0.0,1.0,HON
2022-10-25,177.01,180.05,176.57,179.85,179.85,2907118,0.0,1.0,HON
2022-10-24,174.97,178.36,174.34,177.24,177.24,3271208,0.0,1.0,HON
2022-10-21,167.84,173.84,167.4,173.36,173.36,2959827,0.0,1.0,HON
2022-10-20,170.09,171.47,167.96,168.46,168.46,2687496,0.0,1.0,HON
2022-10-19,170.22,171.48,168.74,170.01,170.01,1688112,0.0,1.0,HON
2022-10-18,170.87,171.8,168.46,170.58,170.58,1978578,0.0,1.0,HON
2022-10-17,168.48,169.75,167.03,167.89,167.89,3437934,0.0,1.0,HON
2022-10-14,168.94,169.29,164.85,165.16,165.16,2970553,0.0,1.0,HON
2022-10-13,160.64,169.17,160.47,168.37,168.37,3223443,0.0,1.0,HON
2022-10-12,165.06,165.96,163.3,163.86,163.86,2727972,0.0,1.0,HON
2022-10-11,162.54,166.67,161.95,164.65,164.65,2908319,0.0,1.0,HON
2022-10-10,163.88,164.82,161.33,163.01,163.01,1932124,0.0,1.0,HON
2022-10-07,164.62,165.16,161.56,162.55,162.55,2961648,0.0,1.0,HON
2022-10-06,167.18,168.51,164.87,165.99,165.99,2599393,0.0,1.0,HON
2022-10-05,167.49,170.48,165.96,168.62,168.62,2940249,0.0,1.0,HON
2022-10-04,165.86,169.19,165.79,168.98,168.98,3691385,0.0,1.0,HON
2022-10-03,161.28,165.36,160.34,164.1,164.1,3379168,0.0,1.0,HON
2022-09-30,161.31,162.35,158.02,158.34,158.34,3810273,0.0,1.0,HON
2022-09-29,164.4,164.4,159.42,161.28,161.28,3116986,0.0,1.0,HON
2022-09-28,162.98,165.73,161.62,164.85,164.85,3077877,0.0,1.0,HON
2022-09-27,162.03,163.55,159.68,161.28,161.28,2692445,0.0,1.0,HON
2022-09-26,162.66,163.42,160.13,161.28,161.28,3271638,0.0,1.0,HON
2022-09-23,163.85,165.29,161.14,162.52,162.52,3202433,0.0,1.0,HON
2022-09-22,164.57,165.72,163.13,164.3,164.3,2213713,0.0,1.0,HON
2022-09-21,168.71,170.35,165.28,165.29,165.29,2505538,0.0,1.0,HON
2022-09-20,167.89,168.37,166.02,167.86,167.86,2478881,0.0,1.0,HON
2022-09-19,166.9,169.81,166.66,169.4,169.4,2416251,0.0,1.0,HON
2022-09-16,164.59,168.46,163.6,168.18,168.18,6417901,0.0,1.0,HON
2022-09-15,169.88,170.69,167.09,167.72,167.72,3452101,0.0,1.0,HON
2022-09-14,175.68,175.68,168.98,170.67,170.67,4949872,0.0,1.0,HON
2022-09-13,178.77,180.22,175.08,175.42,175.42,4858466,0.0,1.0,HON
2022-09-12,183.21,183.66,181.49,182.1,182.1,2766777,0.0,1.0,HON
2022-09-09,179.34,182.09,179.05,181.78,181.78,2909913,0.0,1.0,HON
2022-09-08,178.61,178.61,174.91,178.11,178.11,3506521,0.0,1.0,HON
2022-09-07,176.29,179.95,176.23,179.32,179.32,2344335,0.0,1.0,HON
2022-09-06,177.44,178.69,174.83,176.01,176.01,2548866,0.0,1.0,HON
2022-09-02,183.11,183.43,176.6,177.23,177.23,2748450,0.0,1.0,HON
2022-09-01,179.37,181.26,178.8,180.87,180.87,2242620,0.0,1.0,HON
2022-08-31,182.62,182.7,179.24,179.56,179.56,2629320,0.0,1.0,HON
2022-08-30,182.04,183.06,179.51,180.84,180.84,2224095,0.0,1.0,HON
2022-08-29,182.82,183.88,181.32,182.47,182.47,2072356,0.0,1.0,HON
2022-08-26,188.94,190.08,182.97,183.08,183.08,2837122,0.0,1.0,HON
2022-08-25,188.92,190.14,187.69,190.07,190.07,1631498,0.0,1.0,HON
2022-08-24,186.57,188.27,186.17,187.57,187.57,1351784,0.0,1.0,HON
2022-08-23,188.11,188.55,186.95,187.34,187.34,1607694,0.0,1.0,HON
2022-08-22,189.26,189.35,187.13,187.61,187.61,2587992,0.0,1.0,HON
2022-08-19,192.15,192.33,190.47,191.14,191.14,2040688,0.0,1.0,HON
2022-08-18,192.04,193.46,191.92,193.19,193.19,1509229,0.0,1.0,HON
2022-08-17,191.38,193.43,190.85,192.3,192.3,1661265,0.0,1.0,HON
2022-08-16,190.06,193.7,189.72,193.14,193.14,1661186,0.0,1.0,HON
2022-08-15,190.26,192.22,189.13,191.8,191.8,2307868,0.0,1.0,HON
2022-08-12,189.03,190.59,187.99,190.49,190.49,2257876,0.0,1.0,HON
2022-08-11,186.82,189.3,186.82,188.25,188.25,2392759,0.98,1.0,HON
2022-08-10,185.84,187.14,185.31,186.12,186.12,2639617,0.0,1.0,HON
2022-08-09,183.61,183.92,182.5,183.15,183.15,2281653,0.0,1.0,HON
2022-08-08,183.25,184.45,182.21,183.04,183.04,2077750,0.0,1.0,HON
2022-08-05,180.78,181.98,179.56,181.44,181.44,1848911,0.0,1.0,HON
2022-08-04,180.36,181.96,179.71,181.6,181.6,1701205,0.0,1.0,HON
2022-08-03,178.69,181.1,177.22,180.71,180.71,2535107,0.0,1.0,HON
2022-08-02,180.36,180.56,178.03,178.46,178.46,3335549,0.0,1.0,HON
2022-08-01,180.63,182.28,180.14,181.17,181.17,2333338,0.0,1.0,HON
2022-07-29,179.75,182.25,178.22,181.62,181.62,2907441,0.0,1.0,HON
2022-07-28,178.45,180.69,176.35,179.71,179.71,3653912,0.0,1.0,HON
2022-07-27,170.19,174.6,169.44,173.31,173.31,3492445,0.0,1.0,HON
2022-07-26,171.42,173.19,170.24,171.2,171.2,2324131,0.0,1.0,HON
2022-07-25,171.53,172.16,170.2,171.05,171.05,1941207,0.0,1.0,HON
2022-07-22,170.33,172.59,170.05,171.25,171.25,2327308,0.0,1.0,HON
2022-07-21,168.22,170.08,167.13,169.89,169.89,1853782,0.0,1.0,HON
2022-07-20,166.85,168.57,166.25,168.22,168.22,1648766,0.0,1.0,HON
2022-07-19,163.18,167.68,163.05,167.24,167.24,2455374,0.0,1.0,HON
2022-07-18,163.38,164.41,160.92,161.32,161.32,1657002,0.0,1.0,HON
2022-07-15,161.39,163.21,160.54,163.06,163.06,2188681,0.0,1.0,HON
2022-07-14,159.21,160.21,157.92,159.96,159.96,1824205,0.0,1.0,HON
2022-07-13,161.16,162.62,160.3,161.24,161.24,1997128,0.0,1.0,HON
2022-07-12,162.04,166.86,162.04,163.83,163.83,2757656,0.0,1.0,HON
2022-07-11,165.15,165.19,162.39,163.1,163.1,3224685,0.0,1.0,HON
2022-07-08,164.09,164.51,161.86,163.57,163.57,1614764,0.0,1.0,HON
2022-07-07,164.39,164.39,161.61,164.0,164.0,2756659,0.0,1.0,HON
2022-07-06,163.04,164.43,161.44,163.45,163.45,2201924,0.0,1.0,HON
2022-07-05,163.94,163.94,159.44,162.39,162.39,3346030,0.0,1.0,HON
2022-07-01,163.87,165.49,161.9,165.24,165.24,1973132,0.0,1.0,HON
2022-06-30,161.61,164.59,160.59,164.02,164.02,2872210,0.0,1.0,HON
2022-06-29,166.13,166.54,161.75,163.44,163.44,2428327,0.0,1.0,HON
2022-06-28,169.36,171.24,165.85,166.04,166.04,3181187,0.0,1.0,HON
2022-06-27,170.79,170.93,167.4,168.24,168.24,2600743,0.0,1.0,HON
2022-06-24,166.55,169.99,165.8,169.88,169.88,4155299,0.0,1.0,HON
2022-06-23,167.24,168.55,163.18,164.73,164.73,3333352,0.0,1.0,HON
2022-06-22,168.4,169.64,166.24,167.72,167.72,2907187,0.0,1.0,HON
2022-06-21,171.51,171.66,169.3,170.34,170.34,2935559,0.0,1.0,HON
2022-06-17,169.29,172.09,168.15,169.57,169.57,5633629,0.0,1.0,HON
2022-06-16,171.6,172.12,168.95,169.74,169.74,4428300,0.0,1.0,HON
2022-06-15,174.03,176.73,172.48,174.55,174.55,2979292,0.0,1.0,HON
2022-06-14,174.71,176.48,172.16,172.95,172.95,3452469,0.0,1.0,HON
2022-06-13,172.09,175.63,172.06,174.03,174.03,4764371,0.0,1.0,HON
2022-06-10,177.7,178.06,175.72,175.78,175.78,2878722,0.0,1.0,HON
2022-06-09,182.35,184.56,181.04,181.19,181.19,1674875,0.0,1.0,HON
2022-06-08,185.56,185.79,182.71,183.56,183.56,1688848,0.0,1.0,HON
2022-06-07,182.72,186.83,181.32,186.49,186.49,2130094,0.0,1.0,HON
2022-06-06,185.51,185.87,183.53,184.19,184.19,1586153,0.0,1.0,HON
2022-06-03,184.34,185.12,182.7,183.84,183.84,2254927,0.0,1.0,HON
2022-06-02,182.87,186.09,181.24,185.94,185.94,2510823,0.0,1.0,HON
2022-06-01,183.54,183.75,179.66,181.1,181.1,2361281,0.0,1.0,HON
2022-05-31,182.65,184.38,180.78,182.71,182.71,3503484,0.0,1.0,HON
2022-05-27,184.0,185.32,183.11,185.29,185.29,2246473,0.0,1.0,HON
2022-05-26,180.5,183.24,180.42,182.22,182.22,2238663,0.0,1.0,HON
2022-05-25,178.46,180.4,176.18,179.71,179.71,2512134,0.0,1.0,HON
2022-05-24,178.64,180.01,174.47,179.26,179.26,2842360,0.0,1.0,HON
2022-05-23,181.1,181.35,177.88,178.9,178.9,3726022,0.0,1.0,HON
2022-05-20,182.63,183.26,175.31,179.06,179.06,3884143,0.0,1.0,HON
2022-05-19,181.21,184.21,177.52,181.8,181.8,3126270,0.0,1.0,HON
2022-05-18,186.62,187.5,182.36,182.95,182.95,3185867,0.0,1.0,HON
2022-05-17,184.93,188.78,184.77,187.84,187.84,2723983,0.0,1.0,HON
2022-05-16,182.69,184.29,181.49,183.03,183.03,2624245,0.0,1.0,HON
2022-05-13,182.51,183.97,180.17,182.63,182.63,3237414,0.0,1.0,HON
2022-05-12,180.22,183.78,178.06,182.05,182.05,3990482,0.98,1.0,HON
2022-05-11,182.92,184.83,179.72,180.29,180.29,3283946,0.0,1.0,HON
2022-05-10,184.28,185.19,180.47,182.87,182.87,4767477,0.0,1.0,HON
2022-05-09,183.19,183.83,180.6,182.11,182.11,3781393,0.0,1.0,HON
2022-05-06,185.22,185.36,181.36,183.49,183.49,3624831,0.0,1.0,HON
2022-05-05,191.25,192.16,184.46,185.78,185.78,5759026,0.0,1.0,HON
2022-05-04,185.42,193.78,185.29,193.27,193.27,5248548,0.0,1.0,HON
2022-05-03,184.32,186.23,183.32,185.0,185.0,5359761,0.0,1.0,HON
2022-05-02,182.6,188.64,180.2,184.84,184.84,7099626,0.0,1.0,HON
2022-04-29,187.96,189.65,181.08,181.68,181.68,7248712,0.0,1.0,HON
2022-04-28,176.3,179.02,173.93,178.31,178.31,3429085,0.0,1.0,HON
2022-04-27,175.05,177.24,174.41,174.96,174.96,3053472,0.0,1.0,HON
2022-04-26,177.93,179.19,176.11,176.2,176.2,2707439,0.0,1.0,HON
2022-04-25,178.7,180.17,175.88,180.1,180.1,2397533,0.0,1.0,HON
2022-04-22,182.71,182.73,178.72,178.98,178.98,3040800,0.0,1.0,HON
2022-04-21,185.86,188.33,183.51,183.97,183.97,2418313,0.0,1.0,HON
2022-04-20,186.07,187.31,184.03,184.34,184.34,2552564,0.0,1.0,HON
2022-04-19,181.27,185.3,180.8,185.15,185.15,3340660,0.0,1.0,HON
2022-04-18,182.42,183.91,179.45,180.33,180.33,1957966,0.0,1.0,HON
2022-04-14,183.24,184.68,183.0,183.26,183.26,4275787,0.0,1.0,HON
2022-04-13,180.11,183.09,179.63,182.94,182.94,2391299,0.0,1.0,HON
2022-04-12,179.23,181.1,178.39,179.32,179.32,3098751,0.0,1.0,HON
2022-04-11,178.64,179.56,177.2,177.7,177.7,2700765,0.0,1.0,HON
2022-04-08,181.21,181.57,178.21,178.54,178.54,2877835,0.0,1.0,HON
2022-04-07,180.74,181.77,176.92,180.92,180.92,2201507,0.0,1.0,HON
2022-04-06,180.19,183.15,179.45,181.79,181.79,2942568,0.0,1.0,HON
2022-04-05,182.74,184.46,181.29,181.8,181.8,2263321,0.0,1.0,HON
2022-04-04,183.39,184.61,181.62,184.09,184.09,2051246,0.0,1.0,HON
2022-04-01,183.93,184.13,181.67,184.05,184.05,2286690,0.0,1.0,HON
2022-03-31,184.65,186.1,182.66,182.69,182.69,3276021,0.0,1.0,HON
2022-03-30,185.07,186.07,183.73,184.53,184.53,2427649,0.0,1.0,HON
2022-03-29,186.91,187.2,182.92,185.47,185.47,3350349,0.0,1.0,HON
2022-03-28,185.05,185.28,182.38,185.06,185.06,3270571,0.0,1.0,HON
2022-03-25,183.41,186.24,183.38,185.7,185.7,2526661,0.0,1.0,HON
2022-03-24,181.37,182.82,180.31,182.79,182.79,2197837,0.0,1.0,HON
2022-03-23,182.56,183.05,180.28,180.59,180.59,1816058,0.0,1.0,HON
2022-03-22,181.34,183.95,181.34,183.11,183.11,2360780,0.0,1.0,HON
2022-03-21,181.74,182.53,179.82,181.22,181.22,3482017,0.0,1.0,HON
2022-03-18,180.05,183.01,178.2,182.82,182.82,8688356,0.0,1.0,HON
2022-03-17,178.06,180.84,177.64,180.2,180.2,3153510,0.0,1.0,HON
2022-03-16,178.01,179.56,175.12,179.36,179.36,4132940,0.0,1.0,HON
2022-03-15,173.82,176.67,173.5,176.31,176.31,3922915,0.0,1.0,HON
2022-03-14,172.26,173.89,171.55,172.0,172.0,3002074,0.0,1.0,HON
2022-03-11,174.99,175.51,170.91,171.1,171.1,2725571,0.0,1.0,HON
2022-03-10,171.38,173.8,171.08,173.09,173.09,2455436,0.0,1.0,HON
2022-03-09,174.97,175.79,173.59,174.07,174.07,2899407,0.0,1.0,HON
2022-03-08,171.06,175.59,170.99,172.04,172.04,4575023,0.0,1.0,HON
2022-03-07,175.61,175.85,170.9,171.03,171.03,3533784,0.0,1.0,HON
2022-03-04,174.3,176.2,173.24,175.98,175.98,5085722,0.0,1.0,HON
2022-03-03,177.89,180.12,175.68,176.06,176.06,5022911,0.0,1.0,HON
2022-03-02,174.01,176.75,172.91,175.05,175.05,5340717,0.0,1.0,HON
2022-03-01,175.24,178.25,171.75,172.38,172.38,5463161,0.0,1.0,HON
2022-02-28,174.68,178.33,174.68,178.15,178.15,4111058,0.0,1.0,HON
2022-02-25,170.97,177.94,170.94,177.04,177.04,5001199,0.0,1.0,HON
2022-02-24,164.26,171.53,163.76,171.2,171.2,5899657,0.98,1.0,HON
2022-02-23,171.43,171.72,166.98,167.12,167.12,3582435,0.0,1.0,HON
2022-02-22,171.01,173.03,168.97,170.49,170.49,3983663,0.0,1.0,HON
2022-02-18,171.77,172.82,169.39,170.09,170.09,5038397,0.0,1.0,HON
2022-02-17,175.08,175.45,172.11,172.38,172.38,3075953,0.0,1.0,HON
2022-02-16,177.01,177.25,174.45,176.56,176.56,3085564,0.0,1.0,HON
2022-02-15,175.74,177.37,174.19,177.0,177.0,2873460,0.0,1.0,HON
2022-02-14,174.99,175.96,172.34,174.34,174.34,3156940,0.0,1.0,HON
2022-02-11,179.13,180.13,174.21,174.62,174.62,5323489,0.0,1.0,HON
2022-02-10,181.27,183.94,178.39,179.07,179.07,3659592,0.0,1.0,HON
2022-02-09,183.15,183.99,181.81,183.62,183.62,3210659,0.0,1.0,HON
2022-02-08,179.75,182.16,178.42,181.69,181.69,2735815,0.0,1.0,HON
2022-02-07,179.44,181.72,178.19,179.75,179.75,3457837,0.0,1.0,HON
2022-02-04,179.18,180.04,175.6,178.84,178.84,5479941,0.0,1.0,HON
2022-02-03,186.92,187.71,178.91,179.06,179.06,8679876,0.0,1.0,HON
2022-02-02,191.84,194.1,191.11,193.82,193.82,2835943,0.0,1.0,HON
2022-02-01,190.44,192.21,188.18,191.76,191.76,3053276,0.0,1.0,HON
2022-01-31,187.3,191.42,186.13,190.96,190.96,3297761,0.0,1.0,HON
2022-01-28,187.13,188.69,183.08,188.63,188.63,3392298,0.0,1.0,HON
2022-01-27,189.64,191.28,186.08,187.38,187.38,2755006,0.0,1.0,HON
2022-01-26,189.72,192.27,185.58,187.38,187.38,3387572,0.0,1.0,HON
2022-01-25,187.44,190.31,184.82,188.92,188.92,5237794,0.0,1.0,HON
2022-01-24,190.7,191.24,185.82,190.93,190.93,5464828,0.0,1.0,HON
2022-01-21,195.42,195.74,191.41,191.54,191.54,4440824,0.0,1.0,HON
2022-01-20,197.68,200.27,194.92,195.1,195.1,2568693,0.0,1.0,HON
2022-01-19,200.23,200.57,196.67,196.79,196.79,2592527,0.0,1.0,HON
2022-01-18,200.67,201.66,198.03,199.46,199.46,3041716,0.0,1.0,HON
2022-01-14,203.22,203.56,201.12,203.26,203.26,3343058,0.0,1.0,HON
2022-01-13,203.96,207.22,203.65,204.92,204.92,3082748,0.0,1.0,HON
2022-01-12,203.11,204.69,202.98,203.82,203.82,3104952,0.0,1.0,HON
2022-01-11,200.24,202.64,197.53,202.0,202.0,3524339,0.0,1.0,HON
2022-01-10,201.41,202.14,197.85,199.34,199.34,3453916,0.0,1.0,HON
2022-01-07,198.12,202.94,197.58,201.48,201.48,3056849,0.0,1.0,HON
2022-01-06,197.79,200.17,196.69,196.88,196.88,3270381,0.0,1.0,HON
2022-01-05,195.68,201.32,195.29,197.1,197.1,4088544,0.0,1.0,HON
2022-01-04,193.04,195.69,192.05,195.18,195.18,3256352,0.0,1.0,HON
2022-01-03,194.11,195.51,191.97,193.12,193.12,2580319,0.0,1.0,HON
2021-12-31,193.18,195.36,192.73,194.72,194.72,1536279,0.0,1.0,HON
2021-12-30,194.34,195.08,193.23,193.41,193.41,1273142,0.0,1.0,HON
2021-12-29,194.16,194.28,192.81,193.81,193.81,1714622,0.0,1.0,HON
2021-12-28,192.82,194.35,192.58,193.36,193.36,1971693,0.0,1.0,HON
2021-12-27,192.09,192.97,191.36,192.78,192.78,2486485,0.0,1.0,HON
2021-12-23,189.76,192.67,189.58,191.65,191.65,2376110,0.0,1.0,HON
2021-12-22,187.91,188.64,186.85,188.49,188.49,3111103,0.0,1.0,HON
2021-12-21,187.85,189.37,187.06,188.33,188.33,2628177,0.0,1.0,HON
2021-12-20,188.75,189.25,185.0,186.63,186.63,3387351,0.0,1.0,HON
2021-12-17,195.61,196.21,191.17,191.6,191.6,5586775,0.0,1.0,HON
2021-12-16,197.28,197.31,195.46,195.75,195.75,2993212,0.0,1.0,HON
2021-12-15,193.82,196.49,191.67,195.89,195.89,2951968,0.0,1.0,HON
2021-12-14,195.02,197.55,192.29,193.01,193.01,3790608,0.0,1.0,HON
2021-12-13,195.93,196.81,194.8,195.39,195.39,2892303,0.0,1.0,HON
2021-12-10,193.16,196.15,192.21,195.93,195.93,3410195,0.0,1.0,HON
2021-12-09,191.05,193.46,189.53,192.38,192.38,4992004,0.0,1.0,HON
2021-12-08,191.29,191.75,189.13,191.12,191.12,4997401,0.0,1.0,HON
2021-12-07,193.62,195.74,192.15,193.45,193.45,4786706,0.0,1.0,HON
2021-12-06,191.66,194.33,191.32,192.61,192.61,4376615,0.0,1.0,HON
2021-12-03,190.52,190.96,187.71,190.04,190.04,3545862,0.0,1.0,HON
2021-12-02,187.67,191.86,186.31,190.51,190.51,6004852,0.0,1.0,HON
2021-12-01,192.05,192.26,186.01,186.23,186.23,3123566,0.0,1.0,HON
2021-11-30,192.59,192.82,187.81,188.87,188.87,5680329,0.0,1.0,HON
2021-11-29,196.31,196.31,193.31,193.93,193.93,2598424,0.0,1.0,HON
2021-11-26,191.4,195.18,189.17,194.44,194.44,3857777,0.0,1.0,HON
2021-11-24,200.91,201.63,197.83,198.18,198.18,3266034,0.0,1.0,HON
2021-11-23,202.99,204.01,200.92,201.72,201.72,4021450,0.0,1.0,HON
2021-11-22,203.89,206.43,203.61,203.71,203.71,2453069,0.0,1.0,HON
2021-11-19,206.39,206.57,202.81,204.04,204.04,2096134,0.0,1.0,HON
2021-11-18,204.98,206.34,204.54,206.1,206.1,1688332,0.0,1.0,HON
2021-11-17,206.38,206.65,205.08,205.91,205.91,1896561,0.0,1.0,HON
2021-11-16,207.9,208.51,206.44,206.73,206.73,1648547,0.0,1.0,HON
2021-11-15,207.91,209.22,206.98,207.76,207.76,1207918,0.0,1.0,HON
2021-11-12,207.26,207.82,204.98,207.68,207.68,2182308,0.0,1.0,HON
2021-11-11,210.59,210.59,206.01,206.39,206.39,1595894,0.0,1.0,HON
2021-11-10,212.24,212.84,210.29,210.5,210.5,1324945,0.98,1.0,HON
2021-11-09,209.86,212.24,209.54,211.77,211.77,2357575,0.0,1.0,HON
2021-11-08,211.82,212.22,208.63,209.89,209.89,1715363,0.0,1.0,HON
2021-11-05,208.5,211.64,208.11,210.2,210.2,2329234,0.0,1.0,HON
2021-11-04,207.04,209.06,206.5,206.88,206.88,2320165,0.0,1.0,HON
2021-11-03,205.41,207.4,204.17,207.17,207.17,2057280,0.0,1.0,HON
2021-11-02,205.06,206.39,203.87,205.67,205.67,2276721,0.0,1.0,HON
2021-11-01,203.35,204.61,202.77,204.34,204.34,1676065,0.0,1.0,HON
2021-10-29,202.7,204.84,201.83,203.28,203.28,2615366,0.0,1.0,HON
2021-10-28,199.34,203.43,199.34,203.15,203.15,1947870,0.0,1.0,HON
2021-10-27,202.79,202.85,200.12,200.58,200.58,1647056,0.0,1.0,HON
2021-10-26,202.89,205.0,201.56,203.0,203.0,2443872,0.0,1.0,HON
2021-10-25,201.6,203.63,200.51,202.27,202.27,2710431,0.0,1.0,HON
2021-10-22,207.32,208.19,202.0,202.14,202.14,3498592,0.0,1.0,HON
2021-10-21,207.93,209.08,205.71,208.76,208.76,2649235,0.0,1.0,HON
2021-10-20,206.64,207.99,205.33,207.95,207.95,1657049,0.0,1.0,HON
2021-10-19,205.83,206.27,204.06,206.22,206.22,1599630,0.0,1.0,HON
2021-10-18,203.24,205.93,202.55,205.15,205.15,1883500,0.0,1.0,HON
2021-10-15,204.84,205.91,203.87,205.23,205.23,2180601,0.0,1.0,HON
2021-10-14,201.92,203.43,201.33,203.25,203.25,1425556,0.0,1.0,HON
2021-10-13,200.18,201.47,198.0,200.45,200.45,1600202,0.0,1.0,HON
2021-10-12,200.56,201.07,198.92,199.29,199.29,1383809,0.0,1.0,HON
2021-10-11,202.13,202.91,200.15,200.18,200.18,1355214,0.0,1.0,HON
2021-10-08,203.33,204.14,201.53,202.42,202.42,1344880,0.0,1.0,HON
2021-10-07,202.7,204.43,202.43,203.05,203.05,1852850,0.0,1.0,HON
2021-10-06,198.77,201.76,198.16,201.64,201.64,1736021,0.0,1.0,HON
2021-10-05,198.62,201.82,198.62,200.58,200.58,1560184,0.0,1.0,HON
2021-10-04,200.14,201.42,198.23,199.18,199.18,2632280,0.0,1.0,HON
2021-10-01,198.03,201.23,196.78,200.52,200.52,2276496,0.0,1.0,HON
2021-09-30,201.0,201.07,197.22,197.38,197.38,2934371,0.0,1.0,HON
2021-09-29,200.68,201.22,199.49,199.84,199.84,2109054,0.0,1.0,HON
2021-09-28,201.42,203.03,199.42,199.88,199.88,2654294,0.0,1.0,HON
2021-09-27,203.58,204.4,202.45,202.61,202.61,2199324,0.0,1.0,HON
2021-09-24,204.32,205.31,203.14,203.81,203.81,1949073,0.0,1.0,HON
2021-09-23,202.05,205.84,202.05,204.28,204.28,2180071,0.0,1.0,HON
2021-09-22,201.25,203.1,201.14,201.79,201.79,2281095,0.0,1.0,HON
2021-09-21,201.58,201.72,199.31,199.82,199.82,2568859,0.0,1.0,HON
2021-09-20,200.93,202.55,199.16,200.59,200.59,4008647,0.0,1.0,HON
2021-09-17,204.43,204.43,202.24,203.16,203.16,4391758,0.0,1.0,HON
2021-09-16,205.74,205.87,203.19,204.24,204.24,2393535,0.0,1.0,HON
2021-09-15,205.15,207.27,204.69,206.13,206.13,2021753,0.0,1.0,HON
2021-09-14,208.33,208.39,204.29,204.74,204.74,2699929,0.0,1.0,HON
2021-09-13,208.57,209.87,206.62,207.91,207.91,2771647,0.0,1.0,HON
2021-09-10,207.32,209.39,206.62,206.77,206.77,2357909,0.0,1.0,HON
2021-09-09,208.2,209.19,206.73,207.29,207.29,1937886,0.0,1.0,HON
2021-09-08,207.12,209.12,206.25,208.65,208.65,2428562,0.0,1.0,HON
2021-09-07,211.72,211.72,207.14,207.29,207.29,3222871,0.0,1.0,HON
2021-09-03,214.79,214.79,211.79,212.33,212.33,1622429,0.0,1.0,HON
2021-09-02,214.72,215.2,213.65,214.76,214.76,1594550,0.0,1.0,HON
2021-09-01,216.6,216.83,213.21,213.67,213.67,2484573,0.0,1.0,HON
2021-08-31,215.19,216.32,214.39,215.64,215.64,1956313,0.0,1.0,HON
2021-08-30,214.99,216.44,214.38,215.6,215.6,1318283,0.0,1.0,HON
2021-08-27,215.33,217.17,214.47,214.92,214.92,1663624,0.0,1.0,HON
2021-08-26,213.93,214.96,213.33,214.68,214.68,1303319,0.0,1.0,HON
2021-08-25,214.66,216.04,212.74,214.47,214.47,1804246,0.0,1.0,HON
2021-08-24,212.79,214.71,212.29,214.27,214.27,1265726,0.0,1.0,HON
2021-08-23,211.3,215.36,211.3,213.03,213.03,2143468,0.0,1.0,HON
2021-08-20,212.12,212.68,210.61,211.72,211.72,2081067,0.0,1.0,HON
2021-08-19,211.61,213.15,210.18,211.75,211.75,1945127,0.0,1.0,HON
2021-08-18,213.82,215.25,212.22,212.39,212.39,2555304,0.0,1.0,HON
2021-08-17,216.83,217.3,212.32,215.21,215.21,2679136,0.0,1.0,HON
2021-08-16,215.59,217.39,214.02,217.34,217.34,1794620,0.0,1.0,HON
2021-08-13,215.58,216.33,214.93,215.5,215.5,1399332,0.0,1.0,HON
2021-08-12,217.13,217.34,214.51,215.66,215.66,1917371,0.93,1.0,HON
2021-08-11,215.41,217.34,214.73,216.88,216.88,2098537,0.0,1.0,HON
2021-08-10,211.53,214.92,211.26,214.75,214.75,2389094,0.0,1.0,HON
2021-08-09,211.87,212.38,210.74,211.37,211.37,1369877,0.0,1.0,HON
2021-08-06,213.01,213.83,212.09,212.71,212.71,1327491,0.0,1.0,HON
2021-08-05,212.57,214.44,212.03,212.89,212.89,1467161,0.0,1.0,HON
2021-08-04,214.67,215.77,211.99,212.63,212.63,2324080,0.0,1.0,HON
2021-08-03,215.94,216.57,213.54,215.46,215.46,1782979,0.0,1.0,HON
2021-08-02,217.77,219.36,215.06,215.25,215.25,2025488,0.0,1.0,HON
2021-07-30,215.59,216.65,214.93,216.52,216.52,2237334,0.0,1.0,HON
2021-07-29,215.68,216.02,214.24,215.67,215.67,1479644,0.0,1.0,HON
2021-07-28,213.07,215.12,212.42,213.46,213.46,1713878,0.0,1.0,HON
2021-07-27,211.78,215.11,211.24,213.34,213.34,2167071,0.0,1.0,HON
2021-07-26,211.6,212.78,208.58,212.31,212.31,2776861,0.0,1.0,HON
2021-07-23,212.08,214.04,209.47,212.38,212.38,3908545,0.0,1.0,HON
2021-07-22,215.52,216.94,213.13,215.54,215.54,3680233,0.0,1.0,HON
2021-07-21,212.26,214.93,211.83,214.72,214.72,4554650,0.0,1.0,HON
2021-07-20,205.26,214.18,205.13,212.69,212.69,28237085,0.0,1.0,HON
2021-07-19,209.0,209.87,203.75,204.36,204.36,6107148,0.0,1.0,HON
2021-07-16,215.03,216.58,212.65,213.31,213.31,3592832,0.0,1.0,HON
2021-07-15,213.01,216.18,212.12,215.61,215.61,5546799,0.0,1.0,HON
2021-07-14,207.6,211.86,207.6,210.94,210.94,2631846,0.0,1.0,HON
2021-07-13,209.16,209.16,207.18,207.52,207.52,1417408,0.0,1.0,HON
2021-07-12,206.41,209.02,205.72,208.39,208.39,2066264,0.0,1.0,HON
2021-07-09,204.7,208.0,204.43,207.76,207.76,2161837,0.0,1.0,HON
2021-07-08,202.41,204.4,201.09,203.11,203.11,2404704,0.0,1.0,HON
2021-07-07,201.92,205.22,201.9,204.43,204.43,1563360,0.0,1.0,HON
2021-07-06,203.83,204.62,199.98,202.41,202.41,1935849,0.0,1.0,HON
2021-07-02,204.66,205.64,203.48,204.97,204.97,1543562,0.0,1.0,HON
2021-07-01,204.28,204.91,203.43,204.32,204.32,1630291,0.0,1.0,HON
2021-06-30,199.6,203.61,199.6,203.14,203.14,2866404,0.0,1.0,HON
2021-06-29,200.99,202.23,199.5,199.99,199.99,3001976,0.0,1.0,HON
2021-06-28,202.93,203.85,200.32,200.77,200.77,2360334,0.0,1.0,HON
2021-06-25,201.77,203.9,201.27,202.58,202.58,5219111,0.0,1.0,HON
2021-06-24,199.85,201.93,198.79,201.61,201.61,3364493,0.0,1.0,HON
2021-06-23,199.73,200.38,198.71,198.8,198.8,2234542,0.0,1.0,HON
2021-06-22,199.74,200.78,199.0,199.57,199.57,2111039,0.0,1.0,HON
2021-06-21,198.87,201.36,198.5,200.04,200.04,2872355,0.0,1.0,HON
2021-06-18,197.82,199.38,196.3,196.8,196.8,5426523,0.0,1.0,HON
2021-06-17,203.0,203.93,198.86,200.31,200.31,2425675,0.0,1.0,HON
2021-06-16,206.06,206.43,202.45,202.81,202.81,2875683,0.0,1.0,HON
2021-06-15,206.54,207.32,205.29,206.06,206.06,2063234,0.0,1.0,HON
2021-06-14,208.3,208.33,206.27,206.68,206.68,2586062,0.0,1.0,HON
2021-06-11,210.92,211.46,207.41,208.54,208.54,1998905,0.0,1.0,HON
2021-06-10,212.19,213.06,209.44,209.53,209.53,2223555,0.0,1.0,HON
2021-06-09,212.84,213.38,210.78,210.98,210.98,1973581,0.0,1.0,HON
2021-06-08,211.44,213.77,210.63,212.83,212.83,1720583,0.0,1.0,HON
2021-06-07,212.55,213.34,210.72,211.33,211.33,2032479,0.0,1.0,HON
2021-06-04,212.78,213.7,212.25,213.05,213.05,1299971,0.0,1.0,HON
2021-06-03,213.66,214.52,211.59,212.26,212.26,2321294,0.0,1.0,HON
2021-06-02,216.73,216.73,213.47,213.69,213.69,2225389,0.0,1.0,HON
2021-06-01,215.68,216.42,214.4,215.74,215.74,2234146,0.0,1.0,HON
2021-05-28,214.86,215.08,213.29,213.85,213.85,2529345,0.0,1.0,HON
2021-05-27,209.94,214.62,209.85,214.18,214.18,6647173,0.0,1.0,HON
2021-05-26,208.34,208.37,206.81,207.7,207.7,1748116,0.0,1.0,HON
2021-05-25,208.38,209.03,206.88,207.49,207.49,1804635,0.0,1.0,HON
2021-05-24,207.91,208.85,206.68,208.38,208.38,1813542,0.0,1.0,HON
2021-05-21,206.52,208.95,206.21,206.71,206.71,2274600,0.0,1.0,HON
2021-05-20,204.2,206.42,204.18,205.72,205.72,2207835,0.0,1.0,HON
2021-05-19,204.37,205.11,200.76,204.97,204.97,3050216,0.0,1.0,HON
2021-05-18,208.72,209.29,205.81,205.89,205.89,2400421,0.0,1.0,HON
2021-05-17,211.02,211.02,208.13,209.74,209.74,2058051,0.0,1.0,HON
2021-05-14,209.06,211.37,208.24,210.56,210.56,2081307,0.0,1.0,HON
2021-05-13,202.66,208.25,202.58,207.15,207.15,2905724,0.93,1.0,HON
2021-05-12,209.02,209.6,202.8,202.94,202.94,4197103,0.0,1.0,HON
2021-05-11,210.33,211.44,206.82,211.35,211.35,3380290,0.0,1.0,HON
2021-05-10,211.2,214.57,211.2,212.99,212.99,2393698,0.0,1.0,HON
2021-05-07,210.4,211.85,208.78,211.01,211.01,1957122,0.0,1.0,HON
2021-05-06,209.59,211.04,207.93,210.89,210.89,2053225,0.0,1.0,HON
2021-05-05,208.7,209.6,208.21,208.61,208.61,1580762,0.0,1.0,HON
2021-05-04,204.87,208.07,203.59,207.91,207.91,2826960,0.0,1.0,HON
2021-05-03,206.81,207.31,204.99,205.85,205.85,2218729,0.0,1.0,HON
2021-04-30,205.69,206.2,203.86,205.7,205.7,2216986,0.0,1.0,HON
2021-04-29,206.32,206.74,204.45,206.5,206.5,1789938,0.0,1.0,HON
2021-04-28,205.43,206.72,205.21,205.55,205.55,2168054,0.0,1.0,HON
2021-04-27,204.76,206.36,203.92,205.6,205.6,2786525,0.0,1.0,HON
2021-04-26,208.06,208.19,204.06,204.3,204.3,3611352,0.0,1.0,HON
2021-04-23,207.7,209.31,204.95,207.05,207.05,5312728,0.0,1.0,HON
2021-04-22,212.49,214.0,211.02,211.44,211.44,2516155,0.0,1.0,HON
2021-04-21,209.48,212.74,209.29,212.58,212.58,1722536,0.0,1.0,HON
2021-04-20,212.12,212.3,208.23,209.66,209.66,2050665,0.0,1.0,HON
2021-04-19,213.7,214.07,212.58,213.02,213.02,2904437,0.0,1.0,HON
2021-04-16,213.67,214.29,212.17,214.07,214.07,4098296,0.0,1.0,HON
2021-04-15,212.34,212.78,210.8,211.98,211.98,2009592,0.0,1.0,HON
2021-04-14,210.28,213.04,210.28,211.55,211.55,2186537,0.0,1.0,HON
2021-04-13,211.4,212.08,209.91,211.2,211.2,2750231,0.0,1.0,HON
2021-04-12,208.1,211.41,208.03,210.83,210.83,2660068,0.0,1.0,HON
2021-04-09,209.82,209.94,205.95,209.34,209.34,3861931,0.0,1.0,HON
2021-04-08,201.22,202.86,199.8,202.77,202.77,2072017,0.0,1.0,HON
2021-04-07,201.26,202.79,200.39,201.52,201.52,1717225,0.0,1.0,HON
2021-04-06,202.5,203.87,201.53,202.15,202.15,1795959,0.0,1.0,HON
2021-04-05,201.71,203.0,201.4,202.23,202.23,2258883,0.0,1.0,HON
2021-04-01,201.02,201.03,198.74,199.95,199.95,2109749,0.0,1.0,HON
2021-03-31,201.23,202.14,199.9,200.2,200.2,2450022,0.0,1.0,HON
2021-03-30,201.98,202.26,200.18,201.14,201.14,2448206,0.0,1.0,HON
2021-03-29,200.73,202.6,200.26,201.87,201.87,3064038,0.0,1.0,HON
2021-03-26,198.4,201.69,197.49,201.55,201.55,2540014,0.0,1.0,HON
2021-03-25,195.72,197.41,192.06,197.26,197.26,2217646,0.0,1.0,HON
2021-03-24,193.64,198.34,193.58,195.73,195.73,2562197,0.0,1.0,HON
2021-03-23,194.07,195.85,191.71,192.38,192.38,1913754,0.0,1.0,HON
2021-03-22,194.7,196.15,193.24,195.64,195.64,3306583,0.0,1.0,HON
2021-03-19,198.63,198.83,195.68,196.36,196.36,10110790,0.0,1.0,HON
2021-03-18,196.91,201.98,196.61,198.31,198.31,4293949,0.0,1.0,HON
2021-03-17,196.91,197.76,195.47,196.47,196.47,2730196,0.0,1.0,HON
2021-03-16,199.54,199.65,194.98,195.35,195.35,2577708,0.0,1.0,HON
2021-03-15,197.1,200.13,196.17,199.4,199.4,2561209,0.0,1.0,HON
2021-03-12,196.71,198.65,196.63,197.72,197.72,1839244,0.0,1.0,HON
2021-03-11,195.33,198.07,194.78,195.98,195.98,2959704,0.0,1.0,HON
2021-03-10,191.54,196.69,191.51,196.36,196.36,4332488,0.0,1.0,HON
2021-03-09,192.75,193.62,190.44,191.47,191.47,2643482,0.0,1.0,HON
2021-03-08,191.41,195.94,191.09,191.56,191.56,3216015,0.0,1.0,HON
2021-03-05,188.63,191.34,186.1,190.52,190.52,2857983,0.0,1.0,HON
2021-03-04,191.23,191.87,184.93,187.17,187.17,2798790,0.0,1.0,HON
2021-03-03,190.1,193.17,190.1,190.92,190.92,2706390,0.0,1.0,HON
2021-03-02,190.7,191.82,189.23,190.52,190.52,2500200,0.0,1.0,HON
2021-03-01,188.45,191.97,187.86,190.19,190.19,2535954,0.0,1.0,HON
2021-02-26,189.65,189.8,186.36,186.62,186.62,3648175,0.0,1.0,HON
2021-02-25,193.63,194.1,188.38,188.87,188.87,2729647,0.93,1.0,HON
2021-02-24,188.11,194.77,186.83,193.75,193.75,3341520,0.0,1.0,HON
2021-02-23,188.22,188.98,186.35,188.25,188.25,2459300,0.0,1.0,HON
2021-02-22,186.41,187.57,185.84,186.95,186.95,2162212,0.0,1.0,HON
2021-02-19,187.4,189.89,186.67,186.89,186.89,2434559,0.0,1.0,HON
2021-02-18,185.0,188.05,184.22,186.85,186.85,1764985,0.0,1.0,HON
2021-02-17,184.87,185.63,183.49,185.37,185.37,2907285,0.0,1.0,HON
2021-02-16,188.08,188.74,185.35,186.78,186.78,2283499,0.0,1.0,HON
2021-02-12,185.8,187.1,185.14,186.9,186.9,1990352,0.0,1.0,HON
2021-02-11,185.62,186.47,184.43,185.62,185.62,1708967,0.0,1.0,HON
2021-02-10,186.38,186.7,184.7,185.6,185.6,1875800,0.0,1.0,HON
2021-02-09,186.93,187.11,184.61,185.48,185.48,1778568,0.0,1.0,HON
2021-02-08,187.13,188.12,185.97,187.17,187.17,2076009,0.0,1.0,HON
2021-02-05,185.67,187.17,184.79,186.3,186.3,1868217,0.0,1.0,HON
2021-02-04,183.47,184.96,182.55,184.16,184.16,2273295,0.0,1.0,HON
2021-02-03,183.28,183.53,181.24,182.83,182.83,1910258,0.0,1.0,HON
2021-02-02,181.63,184.42,181.34,183.73,183.73,2665071,0.0,1.0,HON
2021-02-01,181.37,181.57,179.29,179.55,179.55,2889125,0.0,1.0,HON
2021-01-29,180.42,184.48,178.62,179.37,179.37,4635405,0.0,1.0,HON
2021-01-28,184.19,188.53,183.28,186.23,186.23,3731737,0.0,1.0,HON
2021-01-27,181.89,184.32,180.44,183.05,183.05,4108568,0.0,1.0,HON
2021-01-26,187.15,188.0,184.52,184.59,184.59,2201906,0.0,1.0,HON
2021-01-25,184.85,185.97,183.71,185.34,185.34,4737692,0.0,1.0,HON
2021-01-22,187.53,187.72,184.9,185.69,185.69,3502973,0.0,1.0,HON
2021-01-21,189.92,190.79,188.3,188.42,188.42,2705893,0.0,1.0,HON
2021-01-20,190.89,191.58,189.75,191.04,191.04,2452446,0.0,1.0,HON
2021-01-19,191.19,191.66,189.54,189.83,189.83,2656589,0.0,1.0,HON
2021-01-15,190.53,190.84,188.4,189.1,189.1,3887549,0.0,1.0,HON
2021-01-14,191.0,192.6,190.21,191.53,191.53,3661497,0.0,1.0,HON
2021-01-13,191.22,191.54,189.5,190.07,190.07,2145218,0.0,1.0,HON
2021-01-12,190.84,192.33,188.45,191.77,191.77,2483028,0.0,1.0,HON
2021-01-11,191.07,192.45,190.81,191.3,191.3,2938913,0.0,1.0,HON
2021-01-08,195.37,195.93,190.66,192.83,192.83,3278932,0.0,1.0,HON
2021-01-07,195.46,196.48,193.54,195.2,195.2,2057350,0.0,1.0,HON
2021-01-06,192.3,196.46,192.1,194.88,194.88,2748168,0.0,1.0,HON
2021-01-05,190.03,192.98,190.03,191.39,191.39,2172258,0.0,1.0,HON
2021-01-04,195.41,195.57,189.46,190.92,190.92,2329179,0.0,1.0,HON
2020-12-31,193.72,195.56,192.5,195.28,195.28,1406395,0.0,1.0,HON
2020-12-30,192.8,194.26,192.4,193.67,193.67,1602159,0.0,1.0,HON
2020-12-29,194.09,194.09,190.86,192.0,192.0,1527643,0.0,1.0,HON
2020-12-28,193.72,193.93,192.23,192.75,192.75,1675733,0.0,1.0,HON
2020-12-24,193.29,193.45,191.52,192.37,192.37,754913,0.0,1.0,HON
2020-12-23,192.44,194.77,192.1,192.79,192.79,2047049,0.0,1.0,HON
2020-12-22,193.33,193.91,190.83,190.91,190.91,2020057,0.0,1.0,HON
2020-12-21,188.79,193.87,188.07,193.41,193.41,2467462,0.0,1.0,HON
2020-12-18,194.91,195.11,191.54,192.84,192.84,6686160,0.0,1.0,HON
2020-12-17,193.67,194.58,192.8,194.58,194.58,2148593,0.0,1.0,HON
2020-12-16,195.92,196.78,192.1,193.09,193.09,2930114,0.0,1.0,HON
2020-12-15,196.48,197.3,194.53,196.63,196.63,2502484,0.0,1.0,HON
2020-12-14,198.31,198.95,194.36,194.5,194.5,3345475,0.0,1.0,HON
2020-12-11,192.39,197.63,192.39,197.05,197.05,3119537,0.0,1.0,HON
2020-12-10,193.03,195.37,193.0,194.61,194.61,2987477,0.0,1.0,HON
2020-12-09,195.41,196.31,193.46,194.86,194.86,2946483,0.0,1.0,HON
2020-12-08,193.1,195.61,192.71,194.7,194.7,2302325,0.0,1.0,HON
2020-12-07,194.19,194.45,192.21,193.81,193.81,2595130,0.0,1.0,HON
2020-12-04,192.24,195.46,192.24,195.26,195.26,3198838,0.0,1.0,HON
2020-12-03,189.69,192.29,189.51,191.17,191.17,2779431,0.0,1.0,HON
2020-12-02,189.12,191.92,189.1,190.97,190.97,2460059,0.0,1.0,HON
2020-12-01,190.13,192.65,189.07,189.31,189.31,3994912,0.0,1.0,HON
2020-11-30,190.2,191.2,187.22,187.22,187.22,6465704,0.0,1.0,HON
2020-11-27,190.66,192.27,190.6,192.26,192.26,1434163,0.0,1.0,HON
2020-11-25,190.97,191.55,189.64,190.67,190.67,2434530,0.0,1.0,HON
2020-11-24,191.24,191.69,189.81,190.87,190.87,3960237,0.0,1.0,HON
2020-11-23,186.97,188.49,186.76,187.83,187.83,2807994,0.0,1.0,HON
2020-11-20,185.25,186.68,184.08,185.46,185.46,2359051,0.0,1.0,HON
2020-11-19,184.8,186.46,183.52,186.12,186.12,3263013,0.0,1.0,HON
2020-11-18,187.75,188.18,184.5,184.64,184.64,4422376,0.0,1.0,HON
2020-11-17,189.97,189.97,186.71,188.52,188.52,3447826,0.0,1.0,HON
2020-11-16,189.12,192.44,186.74,191.51,191.51,4898808,0.0,1.0,HON
2020-11-13,182.56,185.36,182.56,185.04,185.04,2355376,0.0,1.0,HON
2020-11-12,181.37,182.98,179.66,181.09,181.09,2660771,0.93,1.0,HON
2020-11-11,184.86,185.46,181.24,182.11,182.11,3238480,0.0,1.0,HON
2020-11-10,182.22,185.52,181.05,184.57,184.57,5882183,0.0,1.0,HON
2020-11-09,187.24,191.9,176.75,180.01,180.01,7735225,0.0,1.0,HON
2020-11-06,167.71,169.97,167.11,168.39,168.39,3080416,0.0,1.0,HON
2020-11-05,164.84,168.49,164.68,167.48,167.48,4585133,0.0,1.0,HON
2020-11-04,161.23,166.7,158.34,163.49,163.49,4318632,0.0,1.0,HON
2020-11-03,160.39,164.84,159.23,163.76,163.76,3719819,0.0,1.0,HON
2020-11-02,154.61,159.46,153.62,158.64,158.64,4198347,0.0,1.0,HON
2020-10-30,147.62,151.47,147.17,150.73,150.73,4390007,0.0,1.0,HON
2020-10-29,146.58,151.45,145.68,150.41,150.41,3113639,0.0,1.0,HON
2020-10-28,148.51,151.24,147.09,147.27,147.27,3233699,0.0,1.0,HON
2020-10-27,154.47,155.21,152.29,152.38,152.38,2009584,0.0,1.0,HON
2020-10-26,158.27,158.27,153.15,155.5,155.5,2323734,0.0,1.0,HON
2020-10-23,162.66,163.24,158.69,160.41,160.41,1988142,0.0,1.0,HON
2020-10-22,158.64,161.97,158.12,161.61,161.61,1882797,0.0,1.0,HON
2020-10-21,157.71,160.12,157.67,157.97,157.97,1826974,0.0,1.0,HON
2020-10-20,157.6,160.57,157.6,158.32,158.32,1580298,0.0,1.0,HON
2020-10-19,159.54,160.06,156.31,156.8,156.8,2103613,0.0,1.0,HON
2020-10-16,158.36,161.19,157.9,159.79,159.79,3628934,0.0,1.0,HON
2020-10-15,156.31,158.58,155.65,157.73,157.73,2437453,0.0,1.0,HON
2020-10-14,158.17,159.88,157.9,158.52,158.52,2386365,0.0,1.0,HON
2020-10-13,158.94,159.86,155.82,156.76,156.76,2315273,0.0,1.0,HON
2020-10-12,159.97,161.72,159.11,160.24,160.24,3396282,0.0,1.0,HON
2020-10-09,159.37,160.88,158.33,159.35,159.35,2637024,0.0,1.0,HON
2020-10-08,157.52,158.88,156.7,158.8,158.8,1977935,0.0,1.0,HON
2020-10-07,154.42,157.35,153.99,156.76,156.76,2030602,0.0,1.0,HON
2020-10-06,154.53,156.64,152.26,152.5,152.5,2345881,0.0,1.0,HON
2020-10-05,152.6,154.66,152.37,154.18,154.18,1750113,0.0,1.0,HON
2020-10-02,147.69,152.6,147.44,151.33,151.33,2340126,0.0,1.0,HON
2020-10-01,151.87,152.73,148.14,149.57,149.57,2409481,0.0,1.0,HON
2020-09-30,151.48,153.45,148.97,150.42,150.42,2883408,0.0,1.0,HON
2020-09-29,150.37,151.9,149.38,150.33,150.33,2192777,0.0,1.0,HON
2020-09-28,150.27,151.83,149.16,150.45,150.45,2512994,0.0,1.0,HON
2020-09-25,144.06,148.09,143.62,147.57,147.57,2594305,0.0,1.0,HON
2020-09-24,144.67,147.04,143.33,145.07,145.07,2238312,0.0,1.0,HON
2020-09-23,148.33,149.77,144.22,145.1,145.1,2508022,0.0,1.0,HON
2020-09-22,146.99,148.95,146.32,148.66,148.66,2501159,0.0,1.0,HON
2020-09-21,150.61,150.94,144.92,147.46,147.46,4459569,0.0,1.0,HON
2020-09-18,154.87,155.78,153.24,154.16,154.16,4908245,0.0,1.0,HON
2020-09-17,153.55,156.67,152.34,155.66,155.66,2661506,0.0,1.0,HON
2020-09-16,154.7,156.59,153.95,155.35,155.35,3153636,0.0,1.0,HON
2020-09-15,154.68,155.34,153.58,153.79,153.79,1851506,0.0,1.0,HON
2020-09-14,153.53,154.93,152.94,153.95,153.95,2134219,0.0,1.0,HON
2020-09-11,150.33,153.02,150.11,152.1,152.1,2116896,0.0,1.0,HON
2020-09-10,152.88,152.88,149.7,150.11,150.11,2815199,0.0,1.0,HON
2020-09-09,151.01,153.11,150.65,151.46,151.46,2807776,0.0,1.0,HON
2020-09-08,150.95,152.09,149.22,150.11,150.11,2796785,0.0,1.0,HON
2020-09-04,154.18,155.04,150.39,152.32,152.32,3326851,0.0,1.0,HON
2020-09-03,158.43,158.84,150.83,151.96,151.96,3527698,0.0,1.0,HON
2020-09-02,154.19,158.02,153.44,157.6,157.6,4111867,0.0,1.0,HON
2020-09-01,149.67,153.66,149.41,153.49,153.49,3975061,0.0,1.0,HON
2020-08-31,154.05,154.06,150.49,151.28,151.28,4561896,0.0,1.0,HON
2020-08-28,151.98,154.16,151.2,153.87,153.87,13012086,0.0,1.0,HON
2020-08-27,151.86,154.15,150.86,151.68,151.68,4281073,0.0,1.0,HON
2020-08-26,150.59,152.08,149.26,151.06,151.06,3466570,0.0,1.0,HON
2020-08-25,150.17,152.6,149.42,150.35,150.35,7400493,0.0,1.0,HON
2020-08-24,144.47,145.71,143.02,145.63,145.63,2087009,0.0,1.0,HON
2020-08-21,142.52,144.16,142.52,143.92,143.92,2507892,0.0,1.0,HON
2020-08-20,142.1,143.48,141.83,142.71,142.71,1600585,0.0,1.0,HON
2020-08-19,143.99,144.5,142.7,143.33,143.33,2098217,0.0,1.0,HON
2020-08-18,145.28,145.99,143.67,143.81,143.81,1869295,0.0,1.0,HON
2020-08-17,146.24,147.01,144.43,145.07,145.07,2816713,0.0,1.0,HON
2020-08-14,144.38,147.0,144.34,146.46,146.46,2845057,0.0,1.0,HON
2020-08-13,144.09,145.89,143.99,145.28,145.28,2575155,0.9,1.0,HON
2020-08-12,147.67,147.94,144.47,145.45,145.45,2670107,0.0,1.0,HON
2020-08-11,146.04,148.34,145.48,145.64,145.64,3773736,0.0,1.0,HON
2020-08-10,140.99,145.27,140.99,144.87,144.87,2859020,0.0,1.0,HON
2020-08-07,138.52,141.08,137.99,140.94,140.94,2520220,0.0,1.0,HON
2020-08-06,137.13,138.93,136.61,138.64,138.64,2502703,0.0,1.0,HON
2020-08-05,135.2,137.21,134.98,137.04,137.04,4181000,0.0,1.0,HON
2020-08-04,133.81,134.63,132.85,133.87,133.87,3047403,0.0,1.0,HON
2020-08-03,136.42,136.53,133.85,134.96,134.96,2105414,0.0,1.0,HON
2020-07-31,135.32,135.83,133.57,135.73,135.73,4061644,0.0,1.0,HON
2020-07-30,138.96,139.09,135.42,135.53,135.53,2749145,0.0,1.0,HON
2020-07-29,137.72,141.23,137.36,140.46,140.46,3311499,0.0,1.0,HON
2020-07-28,136.75,138.19,135.77,138.12,138.12,3904219,0.0,1.0,HON
2020-07-27,135.21,137.17,134.41,136.99,136.99,3378500,0.0,1.0,HON
2020-07-24,139.93,140.16,135.43,135.78,135.78,4368458,0.0,1.0,HON
2020-07-23,140.26,141.29,138.9,139.69,139.69,2625565,0.0,1.0,HON
2020-07-22,140.03,141.4,139.85,140.49,140.49,1798752,0.0,1.0,HON
2020-07-21,139.82,142.68,139.82,140.62,140.62,2394025,0.0,1.0,HON
2020-07-20,140.04,140.73,138.59,139.38,139.38,4875873,0.0,1.0,HON
2020-07-17,139.48,141.19,138.53,140.84,140.84,4886488,0.0,1.0,HON
2020-07-16,137.22,139.49,136.53,139.1,139.1,3697605,0.0,1.0,HON
2020-07-15,137.39,138.74,137.09,138.05,138.05,2984605,0.0,1.0,HON
2020-07-14,130.38,134.76,129.29,134.57,134.57,2648031,0.0,1.0,HON
2020-07-13,130.46,132.55,129.26,130.38,130.38,2584977,0.0,1.0,HON
2020-07-10,128.69,130.05,128.03,129.44,129.44,2325045,0.0,1.0,HON
2020-07-09,131.52,132.23,128.42,128.46,128.46,3167231,0.0,1.0,HON
2020-07-08,131.24,132.6,130.76,132.29,132.29,3587784,0.0,1.0,HON
2020-07-07,132.66,132.75,131.08,131.73,131.73,2622043,0.0,1.0,HON
2020-07-06,133.8,134.75,132.78,133.77,133.77,2336714,0.0,1.0,HON
2020-07-02,132.28,133.71,131.35,131.77,131.77,2758413,0.0,1.0,HON
2020-07-01,131.95,133.1,129.91,130.95,130.95,2610403,0.0,1.0,HON
2020-06-30,129.27,132.23,129.05,131.38,131.38,3685931,0.0,1.0,HON
2020-06-29,127.31,130.21,126.56,130.16,130.16,2971245,0.0,1.0,HON
2020-06-26,129.31,129.31,124.97,125.59,125.59,10255342,0.0,1.0,HON
2020-06-25,125.42,129.76,125.2,129.45,129.45,4016203,0.0,1.0,HON
2020-06-24,129.77,130.24,125.47,125.71,125.71,3370348,0.0,1.0,HON
2020-06-23,133.47,133.79,131.5,131.63,131.63,2308274,0.0,1.0,HON
2020-06-22,131.4,133.12,130.25,131.7,131.7,2529918,0.0,1.0,HON
2020-06-19,136.72,137.06,131.51,132.09,132.09,5265949,0.0,1.0,HON
2020-06-18,133.44,135.39,132.95,134.69,134.69,2580132,0.0,1.0,HON
2020-06-17,136.02,136.36,134.31,134.79,134.79,3507605,0.0,1.0,HON
2020-06-16,138.22,138.49,132.82,135.49,135.49,3804462,0.0,1.0,HON
2020-06-15,127.32,134.57,126.94,133.24,133.24,3314001,0.0,1.0,HON
2020-06-12,134.67,135.39,128.26,131.31,131.31,3612442,0.0,1.0,HON
2020-06-11,135.08,135.23,130.02,130.34,130.34,4183791,0.0,1.0,HON
2020-06-10,143.31,143.43,139.41,140.04,140.04,3303212,0.0,1.0,HON
2020-06-09,145.71,146.29,143.15,143.66,143.66,3676784,0.0,1.0,HON
2020-06-08,146.81,149.29,146.36,148.04,148.04,3573409,0.0,1.0,HON
2020-06-05,148.03,150.58,145.88,146.63,146.63,4524869,0.0,1.0,HON
2020-06-04,138.12,141.91,137.33,141.67,141.67,3768204,0.0,1.0,HON
2020-06-03,136.52,140.28,136.34,139.34,139.34,2992024,0.0,1.0,HON
2020-06-02,134.29,135.14,133.07,134.8,134.8,3625790,0.0,1.0,HON
2020-06-01,132.2,134.29,131.67,132.83,132.83,2071084,0.0,1.0,HON
2020-05-29,132.41,136.21,131.15,132.53,132.53,4134971,0.0,1.0,HON
2020-05-28,136.3,137.4,131.46,134.08,134.08,3481749,0.0,1.0,HON
2020-05-27,134.81,137.15,133.45,135.02,135.02,4291681,0.0,1.0,HON
2020-05-26,130.64,132.9,130.31,131.7,131.7,4370151,0.0,1.0,HON
2020-05-22,124.91,126.61,123.99,126.47,126.47,2957908,0.0,1.0,HON
2020-05-21,124.97,126.11,123.84,125.11,125.11,2374194,0.0,1.0,HON
2020-05-20,122.26,124.19,122.0,123.6,123.6,2949607,0.0,1.0,HON
2020-05-19,122.9,123.05,119.89,119.9,119.9,4427835,0.0,1.0,HON
2020-05-18,118.58,125.02,117.83,123.61,123.61,6402844,0.0,1.0,HON
2020-05-15,113.92,115.09,112.43,113.95,113.95,4660335,0.0,1.0,HON
2020-05-14,109.28,115.64,106.41,115.44,115.44,5225732,0.9,1.0,HON
2020-05-13,114.7,114.71,109.97,110.95,110.95,5784885,0.0,1.0,HON
2020-05-12,122.09,122.73,115.04,115.12,115.12,4869290,0.0,1.0,HON
2020-05-11,122.49,122.64,121.04,121.16,121.16,2356446,0.0,1.0,HON
2020-05-08,121.51,123.9,121.26,123.53,123.53,2740390,0.0,1.0,HON
2020-05-07,121.46,122.39,119.11,119.81,119.81,3096385,0.0,1.0,HON
2020-05-06,122.81,122.81,119.98,120.04,120.04,2348174,0.0,1.0,HON
2020-05-05,123.69,123.69,121.38,121.69,121.69,3120778,0.0,1.0,HON
2020-05-04,120.81,123.03,119.83,121.99,121.99,4120819,0.0,1.0,HON
2020-05-01,125.71,125.87,121.06,123.84,123.84,3681074,0.0,1.0,HON
2020-04-30,129.47,129.92,126.82,128.03,128.03,4485717,0.0,1.0,HON
2020-04-29,131.28,133.42,129.93,131.87,131.87,2650140,0.0,1.0,HON
2020-04-28,129.31,132.26,128.23,128.81,128.81,3377914,0.0,1.0,HON
2020-04-27,123.19,127.29,122.51,126.21,126.21,3137736,0.0,1.0,HON
2020-04-24,122.44,122.92,119.42,122.27,122.27,2837854,0.0,1.0,HON
2020-04-23,121.58,125.04,121.05,121.52,121.52,2786427,0.0,1.0,HON
2020-04-22,121.1,121.54,118.87,120.03,120.03,2629687,0.0,1.0,HON
2020-04-21,120.06,120.92,117.94,119.1,119.1,2417790,0.0,1.0,HON
2020-04-20,122.52,124.68,121.71,122.44,122.44,2528084,0.0,1.0,HON
2020-04-17,122.59,126.5,122.41,124.8,124.8,4750732,0.0,1.0,HON
2020-04-16,121.43,122.08,116.92,119.4,119.4,4012931,0.0,1.0,HON
2020-04-15,124.12,124.49,119.56,121.66,121.66,3252139,0.0,1.0,HON
2020-04-14,126.96,129.68,125.01,126.85,126.85,3484932,0.0,1.0,HON
2020-04-13,128.81,129.21,123.17,124.46,124.46,3015172,0.0,1.0,HON
2020-04-09,126.32,132.0,126.05,129.41,129.41,4365003,0.0,1.0,HON
2020-04-08,123.31,126.66,122.0,125.64,125.64,3890577,0.0,1.0,HON
2020-04-07,126.89,128.32,121.81,122.02,122.02,4051150,0.0,1.0,HON
2020-04-06,120.47,122.14,119.56,120.9,120.9,4873277,0.0,1.0,HON
2020-04-03,119.55,119.86,114.16,114.99,114.99,4031396,0.0,1.0,HON
2020-04-02,116.03,120.14,114.71,119.83,119.83,3503918,0.0,1.0,HON
2020-04-01,115.74,118.45,113.23,117.03,117.03,4246011,0.0,1.0,HON
2020-03-31,118.95,122.81,117.29,120.71,120.71,5294895,0.0,1.0,HON
2020-03-30,117.97,120.69,117.41,118.87,118.87,5035217,0.0,1.0,HON
2020-03-27,118.58,122.0,115.62,118.44,118.44,3924936,0.0,1.0,HON
2020-03-26,118.95,125.77,118.34,123.97,123.97,5600123,0.0,1.0,HON
2020-03-25,108.53,122.11,108.09,116.98,116.98,7158629,0.0,1.0,HON
2020-03-24,99.25,107.85,98.57,107.83,107.83,5797920,0.0,1.0,HON
2020-03-23,96.98,100.22,91.2,93.71,93.71,8197570,0.0,1.0,HON
2020-03-20,109.07,109.32,99.95,101.5,101.5,6800503,0.0,1.0,HON
2020-03-19,106.24,110.46,101.07,107.33,107.33,6811746,0.0,1.0,HON
2020-03-18,110.0,112.0,91.22,107.92,107.92,7629014,0.0,1.0,HON
2020-03-17,122.92,128.09,117.47,118.92,118.92,8522916,0.0,1.0,HON
2020-03-16,115.49,129.23,111.89,122.05,122.05,5889124,0.0,1.0,HON
2020-03-13,128.26,135.05,124.53,134.81,134.81,6323282,0.0,1.0,HON
2020-03-12,129.38,131.26,121.3,121.67,121.67,7160091,0.0,1.0,HON
2020-03-11,141.5,142.09,136.75,138.4,138.4,4669714,0.0,1.0,HON
2020-03-10,140.62,146.11,138.36,145.89,145.89,5477609,0.0,1.0,HON
2020-03-09,137.6,141.89,135.1,137.92,137.92,5848987,0.0,1.0,HON
2020-03-06,143.29,148.98,142.18,148.0,148.0,5021636,0.0,1.0,HON
2020-03-05,150.23,151.5,147.27,148.8,148.8,5394665,0.0,1.0,HON
2020-03-04,148.78,155.13,148.21,154.46,154.46,4532525,0.0,1.0,HON
2020-03-03,148.22,151.74,144.87,146.07,146.07,6104398,0.0,1.0,HON
2020-03-02,147.15,149.31,142.19,148.19,148.19,6744856,0.0,1.0,HON
2020-02-28,138.72,146.32,135.9,146.32,146.32,9558084,0.0,1.0,HON
2020-02-27,147.08,150.52,143.93,143.96,143.96,3950779,0.9,1.0,HON
2020-02-26,151.26,154.39,149.63,149.99,149.99,3411740,0.0,1.0,HON
2020-02-25,157.58,158.4,149.68,150.55,150.55,4092200,0.0,1.0,HON
2020-02-24,156.51,159.14,155.63,157.25,157.25,3202804,0.0,1.0,HON
2020-02-21,161.15,162.38,160.37,161.39,161.39,1940390,0.0,1.0,HON
2020-02-20,162.33,163.48,160.61,162.12,162.12,2336836,0.0,1.0,HON
2020-02-19,161.34,163.0,161.05,162.27,162.27,2464549,0.0,1.0,HON
2020-02-18,161.59,161.94,160.55,160.98,160.98,1818587,0.0,1.0,HON
2020-02-14,161.95,163.17,161.48,162.22,162.22,2489020,0.0,1.0,HON
2020-02-13,161.79,162.35,160.32,161.6,161.6,1985746,0.0,1.0,HON
2020-02-12,161.03,162.97,160.64,162.56,162.56,2950819,0.0,1.0,HON
2020-02-11,159.93,161.44,158.98,160.73,160.73,2948547,0.0,1.0,HON
2020-02-10,156.94,158.91,156.21,158.76,158.76,2399668,0.0,1.0,HON
2020-02-07,157.77,158.55,156.74,157.26,157.26,3254485,0.0,1.0,HON
2020-02-06,159.7,159.7,158.05,158.22,158.22,2427522,0.0,1.0,HON
2020-02-05,158.72,159.37,157.37,158.72,158.72,2818117,0.0,1.0,HON
2020-02-04,156.19,157.96,156.11,157.2,157.2,2992496,0.0,1.0,HON
2020-02-03,156.53,157.57,153.13,153.71,153.71,3542722,0.0,1.0,HON
2020-01-31,159.62,159.62,153.73,155.41,155.41,5499968,0.0,1.0,HON
2020-01-30,155.93,160.39,155.93,160.01,160.01,3073247,0.0,1.0,HON
2020-01-29,158.8,159.47,157.58,157.61,157.61,2198978,0.0,1.0,HON
2020-01-28,156.22,158.58,155.43,157.42,157.42,2178402,0.0,1.0,HON
2020-01-27,156.36,157.32,155.64,155.7,155.7,2491525,0.0,1.0,HON
2020-01-24,161.42,161.73,158.35,158.92,158.92,2736972,0.0,1.0,HON
2020-01-23,161.33,161.98,160.63,161.12,161.12,2434031,0.0,1.0,HON
2020-01-22,162.9,163.18,161.33,161.54,161.54,1881657,0.0,1.0,HON
2020-01-21,164.22,164.46,161.92,162.33,162.33,2188566,0.0,1.0,HON
2020-01-17,164.06,165.14,163.77,164.39,164.39,2607963,0.0,1.0,HON
2020-01-16,162.84,163.73,162.21,163.52,163.52,2215388,0.0,1.0,HON
2020-01-15,162.65,163.69,161.36,162.15,162.15,2600800,0.0,1.0,HON
2020-01-14,161.94,162.59,161.06,161.9,161.9,2191156,0.0,1.0,HON
2020-01-13,160.82,162.7,160.32,162.64,162.64,2261853,0.0,1.0,HON
2020-01-10,161.41,161.41,159.83,160.31,160.31,1671686,0.0,1.0,HON
2020-01-09,160.33,160.99,159.76,160.66,160.66,1789448,0.0,1.0,HON
2020-01-08,159.41,160.69,158.56,159.49,159.49,2545487,0.0,1.0,HON
2020-01-07,159.14,159.76,157.54,159.35,159.35,3002824,0.0,1.0,HON
2020-01-06,159.56,160.04,158.74,159.26,159.26,3276151,0.0,1.0,HON
2020-01-03,160.01,161.34,159.17,160.47,160.47,2805057,0.0,1.0,HON
2020-01-02,159.25,162.21,158.93,162.21,162.21,2857379,0.0,1.0,HON
2019-12-31,158.32,158.88,157.42,158.8,158.8,1728865,0.0,1.0,HON
2019-12-30,158.41,158.8,157.69,158.28,158.28,1670053,0.0,1.0,HON
2019-12-27,158.88,159.02,158.17,158.34,158.34,1303946,0.0,1.0,HON
2019-12-26,158.41,158.72,157.66,158.7,158.7,1269650,0.0,1.0,HON
2019-12-24,158.3,158.67,157.67,158.19,158.19,625477,0.0,1.0,HON
2019-12-23,159.15,159.15,157.74,158.29,158.29,2577690,0.0,1.0,HON
2019-12-20,158.94,159.42,158.04,158.28,158.28,4351593,0.0,1.0,HON
2019-12-19,157.02,158.46,156.55,158.36,158.36,2680623,0.0,1.0,HON
2019-12-18,158.41,158.83,156.48,156.69,156.69,3614707,0.0,1.0,HON
2019-12-17,158.13,159.02,157.74,158.54,158.54,3039797,0.0,1.0,HON
2019-12-16,159.05,159.7,158.03,158.27,158.27,3207611,0.0,1.0,HON
2019-12-13,159.15,160.41,158.65,158.79,158.79,2050206,0.0,1.0,HON
2019-12-12,158.21,159.85,157.19,159.15,159.15,2277610,0.0,1.0,HON
2019-12-11,156.64,158.08,156.28,157.92,157.92,1736471,0.0,1.0,HON
2019-12-10,156.55,156.83,155.81,156.15,156.15,2027786,0.0,1.0,HON
2019-12-09,157.17,157.69,156.34,156.55,156.55,1556388,0.0,1.0,HON
2019-12-06,156.93,158.11,156.78,157.42,157.42,2118003,0.0,1.0,HON
2019-12-05,155.82,156.38,154.88,156.12,156.12,2342080,0.0,1.0,HON
2019-12-04,156.09,157.9,155.35,155.4,155.4,2933355,0.0,1.0,HON
2019-12-03,154.84,155.49,153.65,154.81,154.81,3968974,0.0,1.0,HON
2019-12-02,160.2,160.37,156.38,156.4,156.4,3053481,0.0,1.0,HON
2019-11-29,160.4,160.75,159.41,160.2,160.2,1633110,0.0,1.0,HON
2019-11-27,160.23,161.18,159.82,160.98,160.98,1044751,0.0,1.0,HON
2019-11-26,159.25,161.22,158.86,160.17,160.17,4580192,0.0,1.0,HON
2019-11-25,159.58,159.66,157.88,158.37,158.37,2657548,0.0,1.0,HON
2019-11-22,158.7,159.27,157.6,158.62,158.62,1851980,0.0,1.0,HON
2019-11-21,158.74,159.42,157.37,158.38,158.38,3135114,0.0,1.0,HON
2019-11-20,162.33,163.02,158.39,159.0,159.0,4190688,0.0,1.0,HON
2019-11-19,161.95,162.12,160.61,161.6,161.6,2673238,0.0,1.0,HON
2019-11-18,162.79,162.79,160.94,161.32,161.32,2405642,0.0,1.0,HON
2019-11-15,162.31,163.25,162.09,163.07,163.07,3242726,0.0,1.0,HON
2019-11-14,162.1,162.73,160.7,161.18,161.18,2208336,0.9,1.0,HON
2019-11-13,161.4,163.18,161.15,162.43,162.43,1859065,0.0,1.0,HON
2019-11-12,161.74,163.48,161.67,162.49,162.49,1816932,0.0,1.0,HON
2019-11-11,161.31,161.98,160.5,161.43,161.43,1594573,0.0,1.0,HON
2019-11-08,160.39,161.79,160.29,161.77,161.77,1636830,0.0,1.0,HON
2019-11-07,162.3,162.47,160.14,160.39,160.39,2548813,0.0,1.0,HON
2019-11-06,161.3,161.57,160.44,161.41,161.41,2741964,0.0,1.0,HON
2019-11-05,160.49,162.33,160.0,161.3,161.3,5154706,0.0,1.0,HON
2019-11-04,157.66,160.69,157.66,160.69,160.69,4382988,0.0,1.0,HON
2019-11-01,155.59,157.38,155.27,157.23,157.23,2835037,0.0,1.0,HON
2019-10-31,155.49,155.87,153.22,154.2,154.2,2143211,0.0,1.0,HON
2019-10-30,154.66,156.23,154.49,155.87,155.87,1956328,0.0,1.0,HON
2019-10-29,153.64,154.72,153.23,154.59,154.59,2714045,0.0,1.0,HON
2019-10-28,153.52,155.09,153.52,154.16,154.16,2367178,0.0,1.0,HON
2019-10-25,152.87,153.64,152.34,153.22,153.22,1949972,0.0,1.0,HON
2019-10-24,151.73,153.3,150.84,153.07,153.07,2288669,0.0,1.0,HON
2019-10-23,151.71,151.76,150.87,151.63,151.63,2443510,0.0,1.0,HON
2019-10-22,150.6,151.86,149.88,150.82,150.82,3354675,0.0,1.0,HON
2019-10-21,149.06,151.09,148.7,150.82,150.82,2700383,0.0,1.0,HON
2019-10-18,149.22,149.51,145.01,147.81,147.81,4421853,0.0,1.0,HON
2019-10-17,148.46,150.86,147.83,149.55,149.55,3593761,0.0,1.0,HON
2019-10-16,146.06,146.71,145.23,146.08,146.08,3460131,0.0,1.0,HON
2019-10-15,145.98,147.14,145.62,146.09,146.09,2817632,0.0,1.0,HON
2019-10-14,146.07,146.6,145.08,145.5,145.5,1142819,0.0,1.0,HON
2019-10-11,145.52,147.61,145.28,145.99,145.99,2271293,0.0,1.0,HON
2019-10-10,142.71,144.85,142.7,143.7,143.7,1813542,0.0,1.0,HON
2019-10-09,143.4,143.43,141.72,142.69,142.69,1697303,0.0,1.0,HON
2019-10-08,144.02,144.06,141.58,141.6,141.6,3438175,0.0,1.0,HON
2019-10-07,145.77,146.92,145.1,145.68,145.68,2250229,0.0,1.0,HON
2019-10-04,144.62,146.2,144.47,146.08,146.08,2761449,0.0,1.0,HON
2019-10-03,143.38,144.2,141.8,144.19,144.19,3093569,0.0,1.0,HON
2019-10-02,144.75,145.36,142.34,143.8,143.8,4563365,0.0,1.0,HON
2019-10-01,151.36,151.91,146.43,146.58,146.58,2815172,0.0,1.0,HON
2019-09-30,150.72,151.35,150.03,151.05,151.05,2089426,0.0,1.0,HON
2019-09-27,149.85,150.41,148.47,150.01,150.01,2514777,0.0,1.0,HON
2019-09-26,148.97,149.98,148.61,149.11,149.11,1998218,0.0,1.0,HON
2019-09-25,148.13,149.34,147.53,149.02,149.02,1663588,0.0,1.0,HON
2019-09-24,149.79,150.38,147.24,147.98,147.98,2649694,0.0,1.0,HON
2019-09-23,148.85,149.81,148.38,149.21,149.21,2650196,0.0,1.0,HON
2019-09-20,149.62,150.61,148.81,150.26,150.26,5079290,0.0,1.0,HON
2019-09-19,150.05,150.66,148.67,148.88,148.88,1953051,0.0,1.0,HON
2019-09-18,148.1,149.97,147.76,149.95,149.95,1844065,0.0,1.0,HON
2019-09-17,148.63,148.9,147.53,148.6,148.6,2293128,0.0,1.0,HON
2019-09-16,149.12,149.45,147.98,148.38,148.38,2423596,0.0,1.0,HON
2019-09-13,150.81,151.03,149.51,149.72,149.72,2739557,0.0,1.0,HON
2019-09-12,153.13,153.55,150.34,150.54,150.54,2777285,0.0,1.0,HON
2019-09-11,151.58,152.98,151.05,152.91,152.91,4046910,0.0,1.0,HON
2019-09-10,150.54,151.44,149.0,151.42,151.42,4221597,0.0,1.0,HON
2019-09-09,153.45,154.2,150.92,151.46,151.46,4981906,0.0,1.0,HON
2019-09-06,152.61,153.36,152.23,152.8,152.8,3327798,0.0,1.0,HON
2019-09-05,150.52,152.62,150.43,152.09,152.09,4511560,0.0,1.0,HON
2019-09-04,147.46,149.74,147.46,149.21,149.21,3974670,0.0,1.0,HON
2019-09-03,145.97,146.82,145.2,145.99,145.99,2799483,0.0,1.0,HON
2019-08-30,147.3,147.87,146.5,146.96,146.96,3156602,0.0,1.0,HON
2019-08-29,144.16,146.41,143.68,146.05,146.05,3919314,0.0,1.0,HON
2019-08-28,140.31,142.84,139.68,142.44,142.44,2363116,0.0,1.0,HON
2019-08-27,141.15,141.23,139.48,140.59,140.59,2530262,0.0,1.0,HON
2019-08-26,140.94,141.08,138.29,140.08,140.08,3094037,0.0,1.0,HON
2019-08-23,144.16,144.87,138.81,139.7,139.7,4343003,0.0,1.0,HON
2019-08-22,147.01,147.21,144.25,145.43,145.43,1940022,0.0,1.0,HON
2019-08-21,147.3,147.3,145.32,146.22,146.22,1732207,0.0,1.0,HON
2019-08-20,147.85,148.06,145.86,145.93,145.93,1726226,0.0,1.0,HON
2019-08-19,149.27,149.38,147.75,148.07,148.07,1647185,0.0,1.0,HON
2019-08-16,146.24,147.8,145.71,147.33,147.33,1748198,0.0,1.0,HON
2019-08-15,145.8,146.31,143.82,144.86,144.86,2220423,0.82,1.0,HON
2019-08-14,147.47,148.15,145.65,145.71,145.71,2457343,0.0,1.0,HON
2019-08-13,146.48,151.03,146.12,149.21,149.21,3232463,0.0,1.0,HON
2019-08-12,146.93,148.22,146.04,146.52,146.52,1381600,0.0,1.0,HON
2019-08-09,148.24,148.93,146.78,148.04,148.04,1802123,0.0,1.0,HON
2019-08-08,146.2,148.73,145.85,148.35,148.35,2428762,0.0,1.0,HON
2019-08-07,144.75,145.53,143.07,145.13,145.13,3079246,0.0,1.0,HON
2019-08-06,145.11,147.03,144.98,146.13,146.13,3604812,0.0,1.0,HON
2019-08-05,146.72,147.44,142.91,143.9,143.9,3295414,0.0,1.0,HON
2019-08-02,150.02,150.16,148.02,149.23,149.23,2154660,0.0,1.0,HON
2019-08-01,152.68,154.39,150.33,150.6,150.6,2751843,0.0,1.0,HON
2019-07-31,154.09,154.54,151.15,153.19,153.19,2896926,0.0,1.0,HON
2019-07-30,154.75,155.4,153.97,154.47,154.47,1433511,0.0,1.0,HON
2019-07-29,154.43,155.32,154.0,155.02,155.02,1519766,0.0,1.0,HON
2019-07-26,154.13,154.31,153.36,154.21,154.21,1759020,0.0,1.0,HON
2019-07-25,155.04,155.14,153.67,154.35,154.35,1759220,0.0,1.0,HON
2019-07-24,154.78,155.72,154.38,154.52,154.52,1751356,0.0,1.0,HON
2019-07-23,155.63,155.97,154.08,155.32,155.32,2081259,0.0,1.0,HON
2019-07-22,153.68,154.99,153.16,154.18,154.18,1764201,0.0,1.0,HON
2019-07-19,154.59,155.44,153.59,153.66,153.66,3038060,0.0,1.0,HON
2019-07-18,151.53,154.45,150.73,154.45,154.45,4128122,0.0,1.0,HON
2019-07-17,155.06,155.13,149.69,149.78,149.78,5475537,0.0,1.0,HON
2019-07-16,155.44,156.23,154.82,155.25,155.25,1988957,0.0,1.0,HON
2019-07-15,157.54,157.54,155.02,155.45,155.45,1668036,0.0,1.0,HON
2019-07-12,155.22,157.39,155.22,157.34,157.34,2197269,0.0,1.0,HON
2019-07-11,155.29,155.47,153.88,155.03,155.03,2426431,0.0,1.0,HON
2019-07-10,156.44,157.17,154.88,154.96,154.96,1865615,0.0,1.0,HON
2019-07-09,155.44,156.12,155.08,155.9,155.9,1595943,0.0,1.0,HON
2019-07-08,156.6,156.61,155.26,156.04,156.04,1573880,0.0,1.0,HON
2019-07-05,157.41,157.62,155.15,156.85,156.85,1208857,0.0,1.0,HON
2019-07-03,157.01,158.52,156.52,158.46,158.46,1239991,0.0,1.0,HON
2019-07-02,157.21,157.65,156.46,156.88,156.88,1407031,0.0,1.0,HON
2019-07-01,156.89,157.21,156.03,157.05,157.05,1614492,0.0,1.0,HON
2019-06-28,154.72,155.78,154.55,155.08,155.08,3551260,0.0,1.0,HON
2019-06-27,154.63,155.1,153.85,154.41,154.41,1811606,0.0,1.0,HON
2019-06-26,155.04,155.26,154.15,154.19,154.19,1815762,0.0,1.0,HON
2019-06-25,155.46,155.81,154.23,154.5,154.5,1843769,0.0,1.0,HON
2019-06-24,154.81,155.9,154.74,155.1,155.1,1795632,0.0,1.0,HON
2019-06-21,157.11,157.12,154.16,154.83,154.83,3813763,0.0,1.0,HON
2019-06-20,156.7,157.54,155.56,156.59,156.59,4234383,0.0,1.0,HON
2019-06-19,156.01,156.46,154.78,155.81,155.81,2187377,0.0,1.0,HON
2019-06-18,154.16,156.71,153.79,156.11,156.11,2883709,0.0,1.0,HON
2019-06-17,154.0,154.11,152.8,153.1,153.1,1646464,0.0,1.0,HON
2019-06-14,153.61,154.12,151.98,153.5,153.5,1627587,0.0,1.0,HON
2019-06-13,154.17,154.19,153.07,153.83,153.83,1400703,0.0,1.0,HON
2019-06-12,152.65,153.82,152.28,153.58,153.58,1570768,0.0,1.0,HON
2019-06-11,153.21,154.03,151.35,152.47,152.47,1726691,0.0,1.0,HON
2019-06-10,154.1,154.53,152.07,152.14,152.14,3015768,0.0,1.0,HON
2019-06-07,151.94,153.88,151.83,153.01,153.01,2028005,0.0,1.0,HON
2019-06-06,150.53,151.61,150.04,151.23,151.23,2229228,0.0,1.0,HON
2019-06-05,150.26,150.72,149.42,150.48,150.48,2707507,0.0,1.0,HON
2019-06-04,149.27,149.94,148.28,149.36,149.36,2700203,0.0,1.0,HON
2019-06-03,146.1,148.31,145.96,147.87,147.87,2384786,0.0,1.0,HON
2019-05-31,145.44,146.76,145.36,145.95,145.95,1895549,0.0,1.0,HON
2019-05-30,146.26,147.22,146.2,146.96,146.96,1951760,0.0,1.0,HON
2019-05-29,145.42,146.68,144.5,146.0,146.0,2527944,0.0,1.0,HON
2019-05-28,148.21,148.89,146.51,146.79,146.79,3877408,0.0,1.0,HON
2019-05-24,149.0,149.1,147.93,148.05,148.05,2035506,0.0,1.0,HON
2019-05-23,148.3,148.59,146.85,147.84,147.84,2716316,0.82,1.0,HON
2019-05-22,149.79,150.69,149.38,149.65,149.65,2251462,0.0,1.0,HON
2019-05-21,150.13,150.76,149.43,149.91,149.91,2536433,0.0,1.0,HON
2019-05-20,149.72,150.23,148.5,149.04,149.04,2061740,0.0,1.0,HON
2019-05-17,149.62,151.33,149.24,150.22,150.22,2095370,0.0,1.0,HON
2019-05-16,150.14,152.07,150.07,150.96,150.96,3032822,0.0,1.0,HON
2019-05-15,147.61,150.26,147.19,149.71,149.71,1869389,0.0,1.0,HON
2019-05-14,147.55,149.62,147.43,148.63,148.63,2620656,0.0,1.0,HON
2019-05-13,148.92,149.29,146.12,147.45,147.45,3705165,0.0,1.0,HON
2019-05-10,150.05,152.12,148.51,151.7,151.7,2342267,0.0,1.0,HON
2019-05-09,149.57,150.7,148.65,150.61,150.61,2959786,0.0,1.0,HON
2019-05-08,150.04,151.53,149.82,150.58,150.58,2899684,0.0,1.0,HON
2019-05-07,150.87,151.83,149.27,150.13,150.13,4683910,0.0,1.0,HON
2019-05-06,150.69,153.35,150.49,152.57,152.57,3002038,0.0,1.0,HON
2019-05-03,151.66,153.48,151.5,153.39,153.39,4128754,0.0,1.0,HON
2019-05-02,150.62,151.62,149.87,151.48,151.48,4421720,0.0,1.0,HON
2019-05-01,153.58,154.1,150.99,151.09,151.09,3762255,0.0,1.0,HON
2019-04-30,152.92,153.81,152.45,153.47,153.47,3651686,0.0,1.0,HON
2019-04-29,151.94,153.02,151.83,152.51,152.51,2943204,0.0,1.0,HON
2019-04-26,150.4,152.28,150.26,152.25,152.25,2703263,0.0,1.0,HON
2019-04-25,150.88,151.1,149.04,150.63,150.63,3340329,0.0,1.0,HON
2019-04-24,151.83,152.13,151.19,151.4,151.4,3825218,0.0,1.0,HON
2019-04-23,148.71,152.03,148.5,151.86,151.86,4169445,0.0,1.0,HON
2019-04-22,148.71,149.75,148.05,148.71,148.71,3264741,0.0,1.0,HON
2019-04-18,148.07,150.14,146.63,149.43,149.43,6376881,0.0,1.0,HON
2019-04-17,144.35,145.53,143.77,143.98,143.98,3416367,0.0,1.0,HON
2019-04-16,143.7,144.0,143.3,143.95,143.95,3007355,0.0,1.0,HON
2019-04-15,143.85,143.96,143.0,143.19,143.19,2392898,0.0,1.0,HON
2019-04-12,143.11,143.75,142.66,143.61,143.61,2118890,0.0,1.0,HON
2019-04-11,141.58,142.35,141.14,142.22,142.22,1756192,0.0,1.0,HON
2019-04-10,142.13,142.13,140.72,141.4,141.4,2381043,0.0,1.0,HON
2019-04-09,142.46,142.77,141.91,142.17,142.17,1932490,0.0,1.0,HON
2019-04-08,142.48,143.28,141.91,143.24,143.24,1854106,0.0,1.0,HON
2019-04-05,142.85,143.35,142.46,142.92,142.92,1745172,0.0,1.0,HON
2019-04-04,141.65,142.62,141.24,142.37,142.37,1967290,0.0,1.0,HON
2019-04-03,142.86,143.15,141.56,141.68,141.68,3815227,0.0,1.0,HON
2019-04-02,142.59,142.79,141.3,142.34,142.34,3332685,0.0,1.0,HON
2019-04-01,141.42,142.99,141.21,142.72,142.72,2393566,0.0,1.0,HON
2019-03-29,140.71,140.97,139.64,140.47,140.47,2704653,0.0,1.0,HON
2019-03-28,139.32,140.25,138.78,140.13,140.13,2179154,0.0,1.0,HON
2019-03-27,139.06,139.91,138.06,138.87,138.87,2764652,0.0,1.0,HON
2019-03-26,138.66,139.54,138.4,139.19,139.19,2214385,0.0,1.0,HON
2019-03-25,137.82,138.97,137.54,137.82,137.82,2048543,0.0,1.0,HON
2019-03-22,139.3,139.5,137.55,137.74,137.74,2430974,0.0,1.0,HON
2019-03-21,138.21,140.46,137.97,140.05,140.05,1951860,0.0,1.0,HON
2019-03-20,138.94,139.37,137.58,138.14,138.14,2373746,0.0,1.0,HON
2019-03-19,139.32,139.8,138.47,138.98,138.98,2694586,0.0,1.0,HON
2019-03-18,137.49,138.85,136.91,138.71,138.71,2395883,0.0,1.0,HON
2019-03-15,137.14,137.9,137.03,137.31,137.31,5287296,0.0,1.0,HON
2019-03-14,137.31,137.56,136.45,137.22,137.22,2657991,0.0,1.0,HON
2019-03-13,136.38,137.39,135.99,137.04,137.04,2533938,0.0,1.0,HON
2019-03-12,135.74,136.45,135.06,135.68,135.68,1822035,0.0,1.0,HON
2019-03-11,133.47,135.44,133.07,135.4,135.4,2792821,0.0,1.0,HON
2019-03-08,133.71,134.18,132.92,133.99,133.99,2920740,0.0,1.0,HON
2019-03-07,135.74,135.98,134.03,134.78,134.78,3579552,0.0,1.0,HON
2019-03-06,136.21,137.02,135.88,135.89,135.89,3929374,0.0,1.0,HON
2019-03-05,136.57,137.17,135.77,136.25,136.25,3381931,0.0,1.0,HON
2019-03-04,138.58,138.75,136.1,136.56,136.56,4068387,0.0,1.0,HON
2019-03-01,136.99,137.75,136.68,137.64,137.64,3385361,0.0,1.0,HON
2019-02-28,136.2,136.62,135.6,136.18,136.18,2843883,0.0,1.0,HON
2019-02-27,135.99,136.77,135.33,136.65,136.65,1751422,0.0,1.0,HON
2019-02-26,136.02,136.83,135.78,136.05,136.05,1986327,0.0,1.0,HON
2019-02-25,136.3,136.72,135.88,136.17,136.17,2312501,0.0,1.0,HON
2019-02-22,135.46,135.77,134.69,135.41,135.41,2868464,0.0,1.0,HON
2019-02-21,135.71,135.9,134.42,134.89,134.89,2706429,0.82,1.0,HON
2019-02-20,134.8,136.13,134.52,135.9,135.9,2622435,0.0,1.0,HON
2019-02-19,134.17,135.17,133.98,134.76,134.76,2479800,0.0,1.0,HON
2019-02-15,133.63,134.79,133.27,134.79,134.79,3039428,0.0,1.0,HON
2019-02-14,132.69,133.32,131.84,132.33,132.33,2110746,0.0,1.0,HON
2019-02-13,132.74,134.23,132.47,133.18,133.18,2760130,0.0,1.0,HON
2019-02-12,131.17,132.32,130.96,132.19,132.19,2655170,0.0,1.0,HON
2019-02-11,130.99,131.28,130.16,130.54,130.54,2977816,0.0,1.0,HON
2019-02-08,130.1,130.68,129.4,130.65,130.65,3952141,0.0,1.0,HON
2019-02-07,129.83,130.91,129.46,130.25,130.25,2962010,0.0,1.0,HON
2019-02-06,130.99,131.43,130.37,130.91,130.91,3147242,0.0,1.0,HON
2019-02-05,130.47,130.72,129.6,130.72,130.72,2962876,0.0,1.0,HON
2019-02-04,127.02,130.12,126.99,130.05,130.05,4692787,0.0,1.0,HON
2019-02-01,130.73,131.0,126.9,127.22,127.22,5536461,0.0,1.0,HON
2019-01-31,125.54,126.65,125.06,126.27,126.27,3473563,0.0,1.0,HON
2019-01-30,125.25,126.38,123.91,125.97,125.97,3112772,0.0,1.0,HON
2019-01-29,123.83,125.03,123.52,124.61,124.61,2424691,0.0,1.0,HON
2019-01-28,123.37,123.78,122.09,123.5,123.5,3478329,0.0,1.0,HON
2019-01-25,125.28,125.46,124.33,124.59,124.59,3207326,0.0,1.0,HON
2019-01-24,123.87,124.84,123.49,124.12,124.12,2707213,0.0,1.0,HON
2019-01-23,123.8,124.22,122.41,123.73,123.73,2966263,0.0,1.0,HON
2019-01-22,123.93,124.09,121.94,122.92,122.92,3196454,0.0,1.0,HON
2019-01-18,124.65,125.29,123.4,124.71,124.71,5421632,0.0,1.0,HON
2019-01-17,120.72,123.64,120.61,122.98,122.98,2577361,0.0,1.0,HON
2019-01-16,120.9,121.94,120.67,121.34,121.34,2247292,0.0,1.0,HON
2019-01-15,120.82,121.46,120.04,121.12,121.12,1841881,0.0,1.0,HON
2019-01-14,119.87,121.36,119.55,120.98,120.98,3100638,0.0,1.0,HON
2019-01-11,120.23,121.1,119.93,120.76,120.76,1890355,0.0,1.0,HON
2019-01-10,118.88,121.27,118.4,121.1,121.1,2149743,0.0,1.0,HON
2019-01-09,119.74,120.22,118.75,119.32,119.32,1993192,0.0,1.0,HON
2019-01-08,119.62,120.34,118.09,118.77,118.77,2636179,0.0,1.0,HON
2019-01-07,118.11,119.57,117.06,119.01,119.01,2944574,0.0,1.0,HON
2019-01-04,116.59,118.72,116.09,118.35,118.35,3583572,0.0,1.0,HON
2019-01-03,116.14,116.91,113.47,114.35,114.35,3183974,0.0,1.0,HON
2019-01-02,114.46,116.13,113.85,115.9,115.9,2756347,0.0,1.0,HON
2018-12-31,115.66,116.19,114.7,116.16,116.16,2199898,0.0,1.0,HON
2018-12-28,116.16,116.99,114.51,114.96,114.96,2759324,0.0,1.0,HON
2018-12-27,112.2,115.72,111.51,115.67,115.67,3249638,0.0,1.0,HON
2018-12-26,109.91,113.94,108.56,113.91,113.91,3440398,0.0,1.0,HON
2018-12-24,113.06,113.4,109.57,109.75,109.75,2838791,0.0,1.0,HON
2018-12-21,114.3,116.45,113.7,113.8,113.8,6903728,0.0,1.0,HON
2018-12-20,116.69,117.47,113.74,114.88,114.88,4518936,0.0,1.0,HON
2018-12-19,119.17,121.11,116.18,117.16,117.16,3868924,0.0,1.0,HON
2018-12-18,119.52,120.23,118.14,118.85,118.85,2637752,0.0,1.0,HON
2018-12-17,119.42,120.6,117.44,118.14,118.14,3133214,0.0,1.0,HON
2018-12-14,120.82,121.66,119.62,119.95,119.95,2597850,0.0,1.0,HON
2018-12-13,122.3,123.26,121.24,122.05,122.05,2361493,0.0,1.0,HON
2018-12-12,122.0,123.82,121.53,121.58,121.58,4201135,0.0,1.0,HON
2018-12-11,122.9,123.25,119.67,120.28,120.28,4124829,0.0,1.0,HON
2018-12-10,121.94,122.41,119.26,121.28,121.28,3121844,0.0,1.0,HON
2018-12-07,123.81,125.88,121.42,121.95,121.95,3644478,0.0,1.0,HON
2018-12-06,123.3,124.6,120.57,124.45,124.45,5946102,0.0,1.0,HON
2018-12-04,130.38,131.22,125.29,125.44,125.44,4113584,0.0,1.0,HON
2018-12-03,131.87,133.2,130.83,130.98,130.98,4319238,0.0,1.0,HON
2018-11-30,128.27,129.32,127.77,129.02,129.02,5394015,0.0,1.0,HON
2018-11-29,126.86,129.11,126.43,128.13,128.13,2646877,0.0,1.0,HON
2018-11-28,126.32,126.97,124.93,126.86,126.86,4295286,0.0,1.0,HON
2018-11-27,125.18,126.32,124.96,125.62,125.62,3659150,0.0,1.0,HON
2018-11-26,126.49,127.12,124.86,125.91,125.91,4029304,0.0,1.0,HON
2018-11-23,125.4,126.7,124.85,125.95,125.95,1513270,0.0,1.0,HON
2018-11-21,127.43,128.12,126.63,126.69,126.69,2866578,0.0,1.0,HON
2018-11-20,128.09,129.19,125.98,126.64,126.64,3578847,0.0,1.0,HON
2018-11-19,130.49,131.68,129.2,129.65,129.65,2256943,0.0,1.0,HON
2018-11-16,129.66,130.99,129.07,130.6,130.6,3157220,0.0,1.0,HON
2018-11-15,128.05,130.51,127.66,129.91,129.91,3029076,0.82,1.0,HON
2018-11-14,129.97,130.22,128.71,128.99,128.99,2827279,0.0,1.0,HON
2018-11-13,129.35,131.84,128.66,129.12,129.12,2472938,0.0,1.0,HON
2018-11-12,131.3,131.7,129.32,129.51,129.51,2261178,0.0,1.0,HON
2018-11-09,131.23,131.77,130.12,131.43,131.43,2378427,0.0,1.0,HON
2018-11-08,131.18,132.45,131.07,131.63,131.63,2801033,0.0,1.0,HON
2018-11-07,131.19,132.55,130.05,131.32,131.32,2184974,0.0,1.0,HON
2018-11-06,129.13,130.65,129.05,129.79,129.79,3178592,0.0,1.0,HON
2018-11-05,127.29,129.54,127.2,128.68,128.68,4181603,0.0,1.0,HON
2018-11-02,127.31,128.12,125.64,127.19,127.19,4860599,0.0,1.0,HON
2018-11-01,127.16,127.25,125.46,126.29,126.29,3791992,0.0,1.0,HON
2018-10-31,126.69,128.17,125.98,126.62,126.62,4733898,0.0,1.0,HON
2018-10-30,123.68,125.11,122.99,124.99,124.99,4204636,0.0,1.0,HON
2018-10-29,126.88,127.64,121.79,123.33,123.33,4741677,0.0,1.032,HON
2018-10-26,123.47,125.45,122.65,123.73,123.73,3480421,0.0,1.0,HON
2018-10-25,124.69,125.82,123.88,124.95,124.95,2803567,0.0,1.0,HON
2018-10-24,127.65,127.78,122.85,123.13,123.13,4624744,0.0,1.0,HON
2018-10-23,126.55,129.04,124.41,127.59,127.59,5370585,0.0,1.0,HON
2018-10-22,130.27,130.66,128.01,129.29,129.29,4502743,0.0,1.0,HON
2018-10-19,132.25,133.64,129.11,130.02,130.02,6791579,0.0,1.0,HON
2018-10-18,133.16,133.33,130.49,131.48,131.48,3634036,0.0,1.0,HON
2018-10-17,135.13,135.98,133.12,133.9,133.9,3467462,0.0,1.0,HON
2018-10-16,133.06,135.31,132.85,135.18,135.18,2837822,0.0,1.0,HON
2018-10-15,131.93,133.65,131.67,132.34,132.34,3321633,0.0,1.0,HON
2018-10-12,131.43,133.24,130.71,132.33,132.33,4443503,0.0,1.0,HON
2018-10-11,132.64,134.0,129.98,130.15,130.15,4859775,0.0,1.0,HON
2018-10-10,136.18,136.18,132.6,132.69,132.69,4541593,0.0,1.0,HON
2018-10-09,139.14,139.14,136.23,136.35,136.35,3670083,0.0,1.0,HON
2018-10-08,138.96,139.79,138.25,139.67,139.67,1867568,0.0,1.0,HON
2018-10-05,139.78,140.37,138.57,139.0,139.0,2438168,0.0,1.0,HON
2018-10-04,139.79,140.53,137.97,139.54,139.54,2979647,0.0,1.0,HON
2018-10-03,141.22,141.28,139.69,140.11,140.11,2297352,0.0,1.0,HON
2018-10-02,140.56,141.18,140.29,140.66,140.66,2694451,0.0,1.0,HON
2018-10-01,140.95,142.09,140.22,141.01,141.01,2191625,0.0,1.011,HON
2018-09-28,138.59,139.69,138.41,139.44,139.44,2194496,0.0,1.0,HON
2018-09-27,139.21,139.35,138.33,138.57,138.57,1745214,0.0,1.0,HON
2018-09-26,139.04,139.73,138.02,138.9,138.9,2777867,0.0,1.0,HON
2018-09-25,138.95,139.26,138.23,138.74,138.74,2298642,0.0,1.0,HON
2018-09-24,139.62,139.88,138.48,138.65,138.65,1947121,0.0,1.0,HON
2018-09-21,139.85,140.47,139.36,140.23,140.23,3140717,0.0,1.0,HON
2018-09-20,139.61,139.85,138.21,139.56,139.56,2043724,0.0,1.0,HON
2018-09-19,139.32,139.68,138.85,138.94,138.94,1474728,0.0,1.0,HON
2018-09-18,139.04,139.34,137.94,139.22,139.22,2605040,0.0,1.0,HON
2018-09-17,138.27,139.49,137.81,138.9,138.9,2823226,0.0,1.0,HON
2018-09-14,138.73,139.11,138.07,138.36,138.36,1963228,0.0,1.0,HON
2018-09-13,137.96,138.99,137.96,138.86,138.86,2092854,0.0,1.0,HON
2018-09-12,136.31,137.94,136.26,137.34,137.34,2249100,0.0,1.0,HON
2018-09-11,136.56,137.09,135.83,136.64,136.64,2546960,0.0,1.0,HON
2018-09-10,137.09,137.64,136.69,136.9,136.9,2326204,0.0,1.0,HON
2018-09-07,136.9,137.5,135.95,136.43,136.43,2767086,0.0,1.0,HON
2018-09-06,136.14,138.03,136.14,137.44,137.44,4087976,0.0,1.0,HON
2018-09-05,133.87,135.85,133.83,135.58,135.58,3204108,0.0,1.0,HON
2018-09-04,133.3,133.81,132.58,133.78,133.78,2335996,0.0,1.0,HON
2018-08-31,133.17,133.68,132.8,133.29,133.29,2409837,0.0,1.0,HON
2018-08-30,133.99,134.37,133.25,133.62,133.62,1521987,0.0,1.0,HON
2018-08-29,134.21,134.92,133.94,134.33,134.33,2162816,0.0,1.0,HON
2018-08-28,134.09,134.34,133.39,134.16,134.16,3005910,0.0,1.0,HON
2018-08-27,132.35,133.72,132.35,133.53,133.53,1855657,0.0,1.0,HON
2018-08-24,132.23,132.79,131.66,131.99,131.99,2480357,0.0,1.0,HON
2018-08-23,132.28,133.11,131.57,132.33,132.33,3493226,0.0,1.0,HON
2018-08-22,131.38,131.38,129.8,130.83,130.83,2038282,0.0,1.0,HON
2018-08-21,130.69,131.85,130.68,131.55,131.55,2466277,0.0,1.0,HON
2018-08-20,130.19,130.57,129.74,130.28,130.28,2140886,0.0,1.0,HON
2018-08-17,129.08,130.27,128.63,130.03,130.03,2032110,0.0,1.0,HON
2018-08-16,128.39,129.47,128.26,129.13,129.13,2100632,0.745,1.0,HON
2018-08-15,127.55,128.01,126.1,127.74,127.74,2269501,0.0,1.0,HON
2018-08-14,127.34,129.16,127.11,128.54,128.54,2584999,0.0,1.0,HON
2018-08-13,127.77,128.01,126.59,127.05,127.05,2035507,0.0,1.0,HON
2018-08-10,127.94,128.12,127.2,127.67,127.67,1542356,0.0,1.0,HON
2018-08-09,129.14,129.6,128.08,128.4,128.4,2504384,0.0,1.0,HON
2018-08-08,130.36,130.48,129.33,129.43,129.43,1697264,0.0,1.0,HON
2018-08-07,129.56,130.5,129.2,130.4,130.4,1628928,0.0,1.0,HON
2018-08-06,129.08,129.43,128.26,129.24,129.24,3072726,0.0,1.0,HON
2018-08-03,129.88,130.24,128.62,129.3,129.3,2965360,0.0,1.0,HON
2018-08-02,129.83,130.3,129.12,130.01,130.01,2140037,0.0,1.0,HON
2018-08-01,133.37,133.42,130.48,130.84,130.84,3374814,0.0,1.0,HON
2018-07-31,131.38,133.31,131.38,133.14,133.14,2723825,0.0,1.0,HON
2018-07-30,132.77,133.18,130.63,130.86,130.86,3119651,0.0,1.0,HON
2018-07-27,132.81,133.2,132.06,132.88,132.88,2838412,0.0,1.0,HON
2018-07-26,131.95,133.19,131.85,132.7,132.7,4789355,0.0,1.0,HON
2018-07-25,128.02,131.95,128.02,131.78,131.78,3939298,0.0,1.0,HON
2018-07-24,128.45,130.0,127.75,129.4,129.4,3817423,0.0,1.0,HON
2018-07-23,127.69,128.25,126.04,128.18,128.18,4369624,0.0,1.0,HON
2018-07-20,124.42,128.42,124.36,127.7,127.7,6453322,0.0,1.0,HON
2018-07-19,123.35,124.24,122.84,123.04,123.04,3025527,0.0,1.0,HON
2018-07-18,123.97,124.68,123.75,124.38,124.38,3043756,0.0,1.0,HON
2018-07-17,122.08,123.98,121.6,123.83,123.83,2496790,0.0,1.0,HON
2018-07-16,122.99,123.12,121.77,122.09,122.09,1778299,0.0,1.0,HON
2018-07-13,123.29,123.88,122.65,123.01,123.01,2567556,0.0,1.0,HON
2018-07-12,121.71,123.44,121.24,123.33,123.33,3114661,0.0,1.0,HON
2018-07-11,122.55,122.55,120.42,120.52,120.52,2327348,0.0,1.0,HON
2018-07-10,123.24,123.62,122.92,123.46,123.46,1725279,0.0,1.0,HON
2018-07-09,121.72,123.44,121.55,122.94,122.94,1997034,0.0,1.0,HON
2018-07-06,120.53,122.05,120.44,121.52,121.52,1890386,0.0,1.0,HON
2018-07-05,121.68,121.84,120.31,120.86,120.86,1980008,0.0,1.0,HON
2018-07-03,121.0,122.27,120.66,120.87,120.87,1247120,0.0,1.0,HON
2018-07-02,119.56,120.89,119.26,120.76,120.76,2253516,0.0,1.0,HON
2018-06-29,119.54,121.47,119.41,120.13,120.13,2828604,0.0,1.0,HON
2018-06-28,119.96,120.13,118.7,119.36,119.36,2857768,0.0,1.0,HON
2018-06-27,121.1,121.6,119.36,119.37,119.37,3111246,0.0,1.0,HON
2018-06-26,120.51,121.04,120.01,120.1,120.1,3181365,0.0,1.0,HON
2018-06-25,119.61,120.56,118.38,120.12,120.12,3574868,0.0,1.0,HON
2018-06-22,121.26,121.26,119.99,120.09,120.09,3173852,0.0,1.0,HON
2018-06-21,121.73,121.91,119.74,120.06,120.06,3200581,0.0,1.0,HON
2018-06-20,122.75,123.25,121.92,122.21,122.21,1935158,0.0,1.0,HON
2018-06-19,123.8,124.21,122.52,122.82,122.82,2591541,0.0,1.0,HON
2018-06-18,124.29,125.18,123.88,125.05,125.05,1587132,0.0,1.0,HON
2018-06-15,125.48,125.48,124.08,125.28,125.28,3925236,0.0,1.0,HON
2018-06-14,127.05,127.17,125.34,126.09,126.09,2532100,0.0,1.0,HON
2018-06-13,126.71,127.18,126.24,126.62,126.62,1935245,0.0,1.0,HON
2018-06-12,126.71,127.17,126.39,126.98,126.98,2247363,0.0,1.0,HON
2018-06-11,126.69,127.13,126.35,126.65,126.65,1724983,0.0,1.0,HON
2018-06-08,126.58,127.09,126.49,126.64,126.64,1941584,0.0,1.0,HON
2018-06-07,125.96,127.1,125.93,126.84,126.84,1983992,0.0,1.0,HON
2018-06-06,125.18,125.93,124.03,125.93,125.93,2604092,0.0,1.0,HON
2018-06-05,125.48,125.63,124.74,124.98,124.98,1688257,0.0,1.0,HON
2018-06-04,125.09,125.52,124.43,125.21,125.21,2096409,0.0,1.0,HON
2018-06-01,124.13,125.36,124.08,125.17,125.17,1733521,0.0,1.0,HON
2018-05-31,125.73,125.73,123.22,123.35,123.35,5037758,0.0,1.0,HON
2018-05-30,124.07,125.73,124.07,125.46,125.46,2191757,0.0,1.0,HON
2018-05-29,124.75,125.24,122.99,123.59,123.59,2349002,0.0,1.0,HON
2018-05-25,125.77,126.37,124.93,125.64,125.64,1934405,0.0,1.0,HON
2018-05-24,126.29,127.03,124.93,125.99,125.99,2639208,0.0,1.0,HON
2018-05-23,125.09,126.27,124.93,126.19,126.19,2829381,0.0,1.0,HON
2018-05-22,126.03,127.14,125.51,125.82,125.82,3348095,0.0,1.0,HON
2018-05-21,124.61,126.04,124.28,125.5,125.5,2447423,0.0,1.0,HON
2018-05-18,122.88,124.05,122.39,123.71,123.71,2946467,0.0,1.0,HON
2018-05-17,122.62,123.1,122.09,122.69,122.69,1969266,0.745,1.0,HON
2018-05-16,122.09,122.72,121.74,122.43,122.43,1948652,0.0,1.0,HON
2018-05-15,122.04,122.54,121.87,122.26,122.26,2677203,0.0,1.0,HON
2018-05-14,122.68,123.17,121.79,122.22,122.22,1818094,0.0,1.0,HON
2018-05-11,121.96,123.04,121.84,122.27,122.27,1543387,0.0,1.0,HON
2018-05-10,121.14,122.31,120.89,122.22,122.22,1973701,0.0,1.0,HON
2018-05-09,120.06,120.92,119.63,120.89,120.89,2472812,0.0,1.0,HON
2018-05-08,119.11,119.77,118.49,119.67,119.67,2828105,0.0,1.0,HON
2018-05-07,119.66,120.26,119.21,119.62,119.62,1825965,0.0,1.0,HON
2018-05-04,117.88,119.99,117.45,119.39,119.39,2640002,0.0,1.0,HON
2018-05-03,118.02,119.54,115.76,118.95,118.95,4356199,0.0,1.0,HON
2018-05-02,119.92,120.62,118.41,118.64,118.64,2346876,0.0,1.0,HON
2018-05-01,119.79,120.08,117.97,119.91,119.91,2431507,0.0,1.0,HON
2018-04-30,122.0,122.56,119.98,120.05,120.05,3235608,0.0,1.0,HON
2018-04-27,121.59,122.13,121.04,121.92,121.92,2132145,0.0,1.0,HON
2018-04-26,122.24,122.81,121.2,121.81,121.81,2404571,0.0,1.0,HON
2018-04-25,122.35,122.97,120.36,122.02,122.02,2877028,0.0,1.0,HON
2018-04-24,123.53,124.53,120.19,122.16,122.16,4191702,0.0,1.0,HON
2018-04-23,125.05,125.81,122.44,123.32,123.32,4461812,0.0,1.0,HON
2018-04-20,125.1,125.77,122.75,124.94,124.94,5270202,0.0,1.0,HON
2018-04-19,123.46,124.42,122.4,122.91,122.91,3182260,0.0,1.0,HON
2018-04-18,123.93,124.66,123.28,123.94,123.94,2751379,0.0,1.0,HON
2018-04-17,122.71,123.67,122.55,123.38,123.38,2106343,0.0,1.0,HON
2018-04-16,122.3,122.91,121.51,121.77,121.77,2565773,0.0,1.0,HON
2018-04-13,122.14,122.28,120.63,121.24,121.24,1588588,0.0,1.0,HON
2018-04-12,120.4,122.11,120.4,121.53,121.53,2327759,0.0,1.0,HON
2018-04-11,119.89,120.91,119.44,119.72,119.72,1953148,0.0,1.0,HON
2018-04-10,120.33,122.03,119.98,120.84,120.84,2928456,0.0,1.0,HON
2018-04-09,118.92,120.57,118.36,118.51,118.51,1952435,0.0,1.0,HON
2018-04-06,120.45,121.08,117.39,118.44,118.44,2867863,0.0,1.0,HON
2018-04-05,120.99,121.92,120.55,121.48,121.48,2239587,0.0,1.0,HON
2018-04-04,117.68,120.37,117.45,120.18,120.18,2768973,0.0,1.0,HON
2018-04-03,118.65,119.77,117.52,119.7,119.7,3205727,0.0,1.0,HON
2018-04-02,119.35,120.01,116.31,118.18,118.18,4092096,0.0,1.0,HON
2018-03-29,119.49,121.03,119.14,119.91,119.91,2573245,0.0,1.0,HON
2018-03-28,119.4,120.36,118.23,118.87,118.87,5022249,0.0,1.0,HON
2018-03-27,122.45,122.93,119.13,119.77,119.77,3060626,0.0,1.0,HON
2018-03-26,120.7,122.24,119.76,121.92,121.92,2234737,0.0,1.0,HON
2018-03-23,121.96,122.91,118.74,118.89,118.89,3520745,0.0,1.0,HON
2018-03-22,124.13,124.69,121.48,121.87,121.87,2548766,0.0,1.0,HON
2018-03-21,125.1,126.76,124.51,125.59,125.59,2586010,0.0,1.0,HON
2018-03-20,125.16,126.04,124.6,124.86,124.86,2703073,0.0,1.0,HON
2018-03-19,125.35,125.67,123.87,124.63,124.63,2141010,0.0,1.0,HON
2018-03-16,125.53,126.49,125.53,125.94,125.94,4249588,0.0,1.0,HON
2018-03-15,125.03,125.82,124.56,125.35,125.35,1840140,0.0,1.0,HON
2018-03-14,126.62,126.65,124.54,124.81,124.81,2024405,0.0,1.0,HON
2018-03-13,126.65,127.47,125.36,125.71,125.71,1874097,0.0,1.0,HON
2018-03-12,128.13,128.16,126.06,126.31,126.31,2414528,0.0,1.0,HON
2018-03-09,126.13,128.17,125.79,127.96,127.96,2882596,0.0,1.0,HON
2018-03-08,125.59,126.05,124.6,125.48,125.48,2137318,0.0,1.0,HON
2018-03-07,122.45,125.57,122.17,124.8,124.8,3984949,0.0,1.0,HON
2018-03-06,123.93,124.4,123.07,123.91,123.91,2781426,0.0,1.0,HON
2018-03-05,122.45,123.62,121.57,123.23,123.23,3399986,0.0,1.0,HON
2018-03-02,121.41,123.46,121.25,122.92,122.92,3403861,0.0,1.0,HON
2018-03-01,125.57,125.67,121.67,122.15,122.15,4626293,0.0,1.0,HON
2018-02-28,128.11,128.59,125.28,125.38,125.38,3510757,0.0,1.0,HON
2018-02-27,129.96,130.22,127.65,127.72,127.72,3077157,0.0,1.0,HON
2018-02-26,129.09,130.04,128.7,129.86,129.86,2775464,0.0,1.0,HON
2018-02-23,127.65,128.84,127.47,128.71,128.71,3134969,0.0,1.0,HON
2018-02-22,127.79,128.45,126.78,127.21,127.21,2221779,0.745,1.0,HON
2018-02-21,127.97,129.53,127.19,127.2,127.2,4050846,0.0,1.0,HON
2018-02-20,126.26,128.25,125.97,127.44,127.44,3695310,0.0,1.0,HON
2018-02-16,126.41,128.01,126.16,127.19,127.19,2776396,0.0,1.0,HON
2018-02-15,125.17,127.05,124.51,126.68,126.68,3630453,0.0,1.0,HON
2018-02-14,122.05,124.5,121.42,124.17,124.17,2954457,0.0,1.0,HON
2018-02-13,122.92,123.41,122.29,122.62,122.62,2811100,0.0,1.0,HON
2018-02-12,123.07,124.38,121.45,123.42,123.42,3297423,0.0,1.0,HON
2018-02-09,121.4,123.29,118.78,122.13,122.13,5389510,0.0,1.0,HON
2018-02-08,125.09,125.09,120.33,120.57,120.57,3334297,0.0,1.0,HON
2018-02-07,125.01,127.6,124.69,124.84,124.84,3003078,0.0,1.0,HON
2018-02-06,121.94,125.88,121.54,125.02,125.02,5299087,0.0,1.0,HON
2018-02-05,128.36,130.07,121.38,124.0,124.0,5666774,0.0,1.0,HON
2018-02-02,131.04,131.71,129.14,129.35,129.35,4175055,0.0,1.0,HON
2018-02-01,131.29,132.79,130.81,131.83,131.83,2738924,0.0,1.0,HON
2018-01-31,132.11,132.56,131.54,131.85,131.85,3259095,0.0,1.0,HON
2018-01-30,132.41,132.94,130.47,131.27,131.27,3790222,0.0,1.0,HON
2018-01-29,136.12,136.35,133.27,133.33,133.33,3585327,0.0,1.0,HON
2018-01-26,134.36,136.33,132.94,136.24,136.24,4940521,0.0,1.0,HON
2018-01-25,132.61,133.68,131.85,133.64,133.64,4061695,0.0,1.0,HON
2018-01-24,132.31,132.63,131.4,132.09,132.09,2630955,0.0,1.0,HON
2018-01-23,131.28,132.4,131.09,131.78,131.78,3755282,0.0,1.0,HON
2018-01-22,131.04,131.27,130.47,130.91,130.91,2375803,0.0,1.0,HON
2018-01-19,130.81,131.04,130.14,131.04,131.04,3752500,0.0,1.0,HON
2018-01-18,131.21,131.83,130.28,130.28,130.28,2565954,0.0,1.0,HON
2018-01-17,130.21,131.25,130.01,130.81,130.81,3156137,0.0,1.0,HON
2018-01-16,131.41,131.99,129.87,130.38,130.38,3311266,0.0,1.0,HON
2018-01-12,130.95,131.7,130.3,131.35,131.35,2343640,0.0,1.0,HON
2018-01-11,129.74,130.47,129.65,130.4,130.4,2327042,0.0,1.0,HON
2018-01-10,128.96,129.74,128.01,129.72,129.72,2562096,0.0,1.0,HON
2018-01-09,128.0,129.45,127.83,128.82,128.82,3390251,0.0,1.0,HON
2018-01-08,128.81,128.93,127.35,127.77,127.77,2738932,0.0,1.0,HON
2018-01-05,127.97,129.02,127.58,128.47,128.47,2408389,0.0,1.0,HON
2018-01-04,126.18,127.58,126.1,127.58,127.58,4484867,0.0,1.0,HON
2018-01-03,126.26,126.83,125.35,125.88,125.88,6322984,0.0,1.0,HON
2018-01-02,127.01,127.16,126.1,126.92,126.92,2494944,0.0,1.0,HON
2017-12-29,127.47,127.76,126.64,126.64,126.64,1660893,0.0,1.0,HON
2017-12-28,127.17,127.49,126.86,127.27,127.27,1654075,0.0,1.0,HON
2017-12-27,127.19,127.25,126.6,127.12,127.12,1745898,0.0,1.0,HON
2017-12-26,126.71,127.52,126.71,126.97,126.97,1407353,0.0,1.0,HON
2017-12-22,127.34,127.4,126.45,126.74,126.74,2073937,0.0,1.0,HON
2017-12-21,128.1,128.21,126.75,126.93,126.93,4803479,0.0,1.0,HON
2017-12-20,127.94,128.15,127.25,127.77,127.77,3043764,0.0,1.0,HON
2017-12-19,128.11,128.34,127.18,127.25,127.25,4246516,0.0,1.0,HON
2017-12-18,127.99,128.25,127.16,127.65,127.65,3574814,0.0,1.0,HON
2017-12-15,127.3,127.69,126.82,127.37,127.37,3820766,0.0,1.0,HON
2017-12-14,128.73,129.17,126.48,126.53,126.53,3139711,0.0,1.0,HON
2017-12-13,126.71,129.25,126.44,128.65,128.65,5045451,0.0,1.0,HON
2017-12-12,126.68,127.68,126.34,126.95,126.95,2802998,0.0,1.0,HON
2017-12-11,126.32,127.1,126.29,126.51,126.51,3609123,0.0,1.0,HON
2017-12-08,127.09,127.25,126.4,126.88,126.88,1468060,0.0,1.0,HON
2017-12-07,126.34,126.99,126.2,126.57,126.57,2039206,0.0,1.0,HON
2017-12-06,126.58,126.95,126.18,126.34,126.34,2896520,0.0,1.0,HON
2017-12-05,127.01,127.84,126.35,126.39,126.39,2574839,0.0,1.0,HON
2017-12-04,128.67,128.97,126.97,126.97,126.97,3247999,0.0,1.0,HON
2017-12-01,128.57,129.05,126.24,127.49,127.49,3013488,0.0,1.0,HON
2017-11-30,127.11,129.39,126.69,128.78,128.78,5681093,0.0,1.0,HON
2017-11-29,126.38,126.8,125.83,126.54,126.54,3346194,0.0,1.0,HON
2017-11-28,124.74,126.45,124.7,126.14,126.14,3637844,0.0,1.0,HON
2017-11-27,123.79,124.77,123.62,124.22,124.22,2267216,0.0,1.0,HON
2017-11-24,123.34,124.22,123.27,123.58,123.58,1196256,0.0,1.0,HON
2017-11-22,123.44,123.7,122.85,123.03,123.03,1815395,0.0,1.0,HON
2017-11-21,122.42,123.6,122.42,123.32,123.32,3028247,0.0,1.0,HON
2017-11-20,120.9,122.46,120.9,122.16,122.16,3553386,0.0,1.0,HON
2017-11-17,120.87,121.38,120.72,120.96,120.96,1633922,0.0,1.0,HON
2017-11-16,120.82,121.54,120.57,121.28,121.28,2208885,0.745,1.0,HON
2017-11-15,120.51,121.12,120.12,120.25,120.25,2518975,0.0,1.0,HON
2017-11-14,120.03,121.26,119.74,121.03,121.03,2311421,0.0,1.0,HON
2017-11-13,119.68,120.76,119.33,120.54,120.54,2014147,0.0,1.0,HON
2017-11-10,119.0,120.47,118.63,119.74,119.74,2905155,0.0,1.0,HON
2017-11-09,120.17,120.32,118.82,119.49,119.49,2299684,0.0,1.0,HON
2017-11-08,120.61,121.19,120.39,120.66,120.66,2514677,0.0,1.0,HON
2017-11-07,119.79,120.81,119.71,120.75,120.75,2102683,0.0,1.0,HON
2017-11-06,119.53,120.0,119.25,119.62,119.62,2037302,0.0,1.0,HON
2017-11-03,119.46,119.51,118.95,119.1,119.1,1423697,0.0,1.0,HON
2017-11-02,118.9,119.46,118.19,119.46,119.46,1936337,0.0,1.0,HON
2017-11-01,118.79,119.28,118.5,119.07,119.07,2160546,0.0,1.0,HON
2017-10-31,118.59,119.19,118.38,118.44,118.44,2425491,0.0,1.0,HON
2017-10-30,119.69,119.74,118.74,118.83,118.83,1800718,0.0,1.0,HON
2017-10-27,119.83,120.28,119.56,120.11,120.11,1866372,0.0,1.0,HON
2017-10-26,120.36,120.36,119.28,119.82,119.82,2136547,0.0,1.0,HON
2017-10-25,120.33,120.36,119.42,119.94,119.94,2200792,0.0,1.0,HON
2017-10-24,120.43,120.77,119.85,120.05,120.05,3299702,0.0,1.0,HON
2017-10-23,119.97,120.35,119.41,119.88,119.88,2888187,0.0,1.0,HON
2017-10-20,119.24,119.92,117.8,119.42,119.42,3259101,0.0,1.0,HON
2017-10-19,117.82,118.17,117.17,117.99,117.99,2538008,0.0,1.0,HON
2017-10-18,117.8,118.07,117.57,117.85,117.85,1730171,0.0,1.0,HON
2017-10-17,117.9,118.22,117.08,117.84,117.84,2027447,0.0,1.0,HON
2017-10-16,117.79,118.21,117.49,118.1,118.1,1994805,0.0,1.0,HON
2017-10-13,118.59,118.76,117.71,117.79,117.79,2152099,0.0,1.0,HON
2017-10-12,117.23,117.83,117.23,117.64,117.64,2976695,0.0,1.0,HON
2017-10-11,117.57,118.09,116.97,117.25,117.25,3201941,0.0,1.0,HON
2017-10-10,118.31,118.47,115.18,117.74,117.74,4074618,0.0,1.0,HON
2017-10-09,119.27,119.37,117.79,117.98,117.98,2415075,0.0,1.0,HON
2017-10-06,117.33,118.03,117.2,117.99,117.99,1765321,0.0,1.0,HON
2017-10-05,117.44,118.1,117.01,117.54,117.54,2244268,0.0,1.0,HON
2017-10-04,117.38,117.53,116.74,117.11,117.11,1750275,0.0,1.0,HON
2017-10-03,117.24,117.61,116.85,117.21,117.21,2239505,0.0,1.0,HON
2017-10-02,116.51,117.21,116.45,117.21,117.21,2514048,0.0,1.0,HON
2017-09-29,114.83,116.47,114.36,116.45,116.45,3655282,0.0,1.0,HON
2017-09-28,114.63,115.5,114.44,115.5,115.5,2012513,0.0,1.0,HON
2017-09-27,115.47,115.5,114.59,114.67,114.67,2973858,0.0,1.0,HON
2017-09-26,115.89,116.18,115.14,115.22,115.22,2352750,0.0,1.0,HON
2017-09-25,116.46,116.59,115.41,115.69,115.69,2904329,0.0,1.0,HON
2017-09-22,115.52,116.71,115.44,116.46,116.46,2900362,0.0,1.0,HON
2017-09-21,114.1,116.12,114.04,115.73,115.73,3902865,0.0,1.0,HON
2017-09-20,113.43,114.05,113.23,113.94,113.94,3037423,0.0,1.0,HON
2017-09-19,113.28,113.44,112.7,113.17,113.17,3399944,0.0,1.0,HON
2017-09-18,114.44,114.48,112.79,113.11,113.11,2879182,0.0,1.0,HON
2017-09-15,113.27,114.6,113.06,114.16,114.16,4574941,0.0,1.0,HON
2017-09-14,113.18,113.18,112.44,112.73,112.73,3408222,0.0,1.0,HON
2017-09-13,113.84,114.02,113.18,113.29,113.29,2026172,0.0,1.0,HON
2017-09-12,114.15,114.26,113.67,113.94,113.94,1589837,0.0,1.0,HON
2017-09-11,113.72,114.85,113.72,114.2,114.2,2274626,0.0,1.0,HON
2017-09-08,112.42,113.45,112.28,113.02,113.02,2917449,0.0,1.0,HON
2017-09-07,112.08,112.9,112.0,112.62,112.62,2438906,0.0,1.0,HON
2017-09-06,112.74,112.74,111.87,112.19,112.19,2400299,0.0,1.0,HON
2017-09-05,112.88,113.06,111.87,112.15,112.15,2845724,0.0,1.0,HON
2017-09-01,113.61,113.81,113.07,113.07,113.07,1755831,0.0,1.0,HON
2017-08-31,113.71,113.84,113.04,113.6,113.6,2975440,0.0,1.0,HON
2017-08-30,113.07,113.48,112.62,113.41,113.41,1778060,0.0,1.0,HON
2017-08-29,111.92,113.15,111.75,113.07,113.07,1697179,0.0,1.0,HON
2017-08-28,112.67,112.94,112.21,112.45,112.45,1502016,0.0,1.0,HON
2017-08-25,112.82,113.1,112.39,112.41,112.41,1994296,0.0,1.0,HON
2017-08-24,112.25,112.6,111.89,112.18,112.18,1910656,0.0,1.0,HON
2017-08-23,112.1,112.57,111.86,112.07,112.07,1238067,0.0,1.0,HON
2017-08-22,111.74,112.69,111.64,112.47,112.47,1669811,0.0,1.0,HON
2017-08-21,110.86,111.54,110.5,111.38,111.38,1482363,0.0,1.0,HON
2017-08-18,111.51,111.65,110.78,110.87,110.87,2966855,0.0,1.0,HON
2017-08-17,113.08,113.28,111.61,111.61,111.61,2993996,0.0,1.0,HON
2017-08-16,112.81,113.83,112.7,113.44,113.44,1974350,0.665,1.0,HON
2017-08-15,113.18,113.36,112.24,112.36,112.36,1694289,0.0,1.0,HON
2017-08-14,112.14,113.39,112.02,113.05,113.05,2304580,0.0,1.0,HON
2017-08-11,111.88,112.48,111.66,111.68,111.68,2346855,0.0,1.0,HON
2017-08-10,113.1,113.23,112.05,112.21,112.21,3049778,0.0,1.0,HON
2017-08-09,113.56,113.9,113.0,113.65,113.65,1929364,0.0,1.0,HON
2017-08-08,113.52,114.17,113.24,113.38,113.38,2043419,0.0,1.0,HON
2017-08-07,114.64,114.64,112.78,113.62,113.62,3531669,0.0,1.0,HON
2017-08-04,114.11,114.53,113.75,114.5,114.5,3494701,0.0,1.0,HON
2017-08-03,113.31,114.11,112.85,114.11,114.11,2544334,0.0,1.0,HON
2017-08-02,112.31,113.56,111.9,113.42,113.42,4785842,0.0,1.0,HON
2017-08-01,111.48,112.06,111.05,112.02,112.02,2859178,0.0,1.0,HON
2017-07-31,112.36,112.92,111.21,111.3,111.3,3822531,0.0,1.0,HON
2017-07-28,112.0,112.24,111.35,111.84,111.84,1843864,0.0,1.0,HON
2017-07-27,113.12,113.41,111.48,112.0,112.0,3630577,0.0,1.0,HON
2017-07-26,112.28,113.4,111.9,113.23,113.23,2657628,0.0,1.0,HON
2017-07-25,112.83,112.83,111.62,112.22,112.22,3066923,0.0,1.0,HON
2017-07-24,111.85,112.78,111.8,112.6,112.6,3766593,0.0,1.0,HON
2017-07-21,109.32,112.36,109.32,111.48,111.48,3529508,0.0,1.0,HON
2017-07-20,111.35,111.53,110.27,110.34,110.34,2743455,0.0,1.0,HON
2017-07-19,110.79,111.34,110.63,111.32,111.32,2046824,0.0,1.0,HON
2017-07-18,110.46,110.66,110.18,110.54,110.54,1678311,0.0,1.0,HON
2017-07-17,111.13,111.13,110.38,110.59,110.59,1428447,0.0,1.0,HON
2017-07-14,110.8,111.14,110.49,111.06,111.06,1763037,0.0,1.0,HON
2017-07-13,110.25,110.82,110.09,110.65,110.65,2444447,0.0,1.0,HON
2017-07-12,110.31,110.58,109.97,110.19,110.19,1688115,0.0,1.0,HON
2017-07-11,110.3,110.3,109.15,109.74,109.74,1790841,0.0,1.0,HON
2017-07-10,109.63,110.81,109.42,110.13,110.13,2028886,0.0,1.0,HON
2017-07-07,109.32,110.09,109.16,109.66,109.66,1625627,0.0,1.0,HON
2017-07-06,109.01,109.65,108.91,109.05,109.05,1425938,0.0,1.0,HON
2017-07-05,109.24,109.57,108.95,109.4,109.4,1868893,0.0,1.0,HON
2017-07-03,109.51,109.92,109.18,109.33,109.33,904012,0.0,1.0,HON
2017-06-30,109.09,109.46,108.49,108.98,108.98,1745722,0.0,1.0,HON
2017-06-29,109.54,109.69,107.45,108.19,108.19,1790811,0.0,1.0,HON
2017-06-28,109.73,109.87,109.15,109.54,109.54,2410044,0.0,1.0,HON
2017-06-27,109.87,109.97,108.63,108.69,108.69,1920163,0.0,1.0,HON
2017-06-26,109.89,110.39,109.61,109.78,109.78,1255524,0.0,1.0,HON
2017-06-23,109.6,109.78,109.28,109.55,109.55,4151827,0.0,1.0,HON
2017-06-22,110.06,110.06,109.32,109.62,109.62,1688053,0.0,1.0,HON
2017-06-21,110.41,110.53,109.49,109.77,109.77,2249317,0.0,1.0,HON
2017-06-20,110.58,110.74,110.17,110.31,110.31,1855782,0.0,1.0,HON
2017-06-19,110.58,111.12,110.39,111.07,111.07,2816303,0.0,1.0,HON
2017-06-16,110.1,110.65,109.76,110.08,110.08,3440878,0.0,1.0,HON
2017-06-15,109.03,110.06,109.03,109.95,109.95,2813705,0.0,1.0,HON
2017-06-14,109.94,110.26,109.42,109.76,109.76,2068333,0.0,1.0,HON
2017-06-13,109.37,109.91,109.04,109.88,109.88,2691423,0.0,1.0,HON
2017-06-12,109.01,109.76,108.42,108.96,108.96,2230777,0.0,1.0,HON
2017-06-09,109.22,109.63,108.7,109.39,109.39,2322137,0.0,1.0,HON
2017-06-08,108.2,109.23,108.05,109.19,109.19,2565249,0.0,1.0,HON
2017-06-07,108.63,109.02,108.37,108.52,108.52,2075454,0.0,1.0,HON
2017-06-06,109.1,109.29,108.49,108.53,108.53,1974975,0.0,1.0,HON
2017-06-05,109.51,109.69,109.13,109.15,109.15,2416523,0.0,1.0,HON
2017-06-02,109.26,110.05,109.06,109.59,109.59,2630935,0.0,1.0,HON
2017-06-01,109.2,109.45,108.6,109.11,109.11,2290230,0.0,1.0,HON
2017-05-31,109.13,109.14,108.71,108.74,108.74,2173284,0.0,1.0,HON
2017-05-30,108.5,108.92,108.44,108.69,108.69,2662078,0.0,1.0,HON
2017-05-26,109.32,109.66,108.61,108.95,108.95,2690684,0.0,1.0,HON
2017-05-25,108.66,109.51,108.06,109.36,109.36,2501355,0.0,1.0,HON
2017-05-24,108.14,108.48,107.71,108.04,108.04,2167121,0.0,1.0,HON
2017-05-23,107.71,108.24,107.4,107.8,107.8,2286105,0.0,1.0,HON
2017-05-22,108.17,108.24,107.5,107.8,107.8,2182653,0.0,1.0,HON
2017-05-19,107.41,107.94,106.86,107.44,107.44,2476081,0.0,1.0,HON
2017-05-18,106.13,107.26,105.47,106.64,106.64,2391711,0.0,1.0,HON
2017-05-17,106.89,107.15,106.18,106.24,106.24,3064293,0.665,1.0,HON
2017-05-16,107.36,107.58,106.89,107.39,107.39,1873609,0.0,1.0,HON
2017-05-15,107.04,107.43,106.86,107.36,107.36,2159033,0.0,1.0,HON
2017-05-12,107.14,107.2,106.78,106.96,106.96,1688707,0.0,1.0,HON
2017-05-11,107.28,107.78,106.39,107.3,107.3,2063310,0.0,1.0,HON
2017-05-10,107.15,107.43,106.74,107.17,107.17,2426271,0.0,1.0,HON
2017-05-09,106.74,107.47,106.56,107.3,107.3,2905034,0.0,1.0,HON
2017-05-08,106.95,106.95,106.42,106.67,106.67,2340153,0.0,1.0,HON
2017-05-05,106.79,107.17,106.36,106.9,106.9,2797418,0.0,1.0,HON
2017-05-04,106.8,106.91,106.28,106.73,106.73,2823104,0.0,1.0,HON
2017-05-03,106.17,107.0,105.86,106.62,106.62,4494938,0.0,1.0,HON
2017-05-02,106.34,107.03,106.33,106.72,106.72,3927179,0.0,1.0,HON
2017-05-01,106.59,107.29,106.16,106.48,106.48,3163685,0.0,1.0,HON
2017-04-28,109.61,109.82,106.52,106.68,106.68,5952718,0.0,1.0,HON
2017-04-27,106.03,106.17,105.29,105.65,105.65,3227912,0.0,1.0,HON
2017-04-26,105.22,106.43,105.05,105.83,105.83,4544748,0.0,1.0,HON
2017-04-25,105.72,106.84,104.69,105.18,105.18,5369462,0.0,1.0,HON
2017-04-24,104.41,106.35,104.41,105.58,105.58,5641035,0.0,1.0,HON
2017-04-21,103.38,104.37,102.58,103.38,103.38,6281886,0.0,1.0,HON
2017-04-20,100.42,101.36,100.08,100.68,100.68,3976268,0.0,1.0,HON
2017-04-19,100.71,100.71,99.76,99.85,99.85,1839833,0.0,1.0,HON
2017-04-18,100.22,100.62,99.8,100.12,100.12,1666135,0.0,1.0,HON
2017-04-17,100.06,100.41,99.57,100.41,100.41,1857408,0.0,1.0,HON
2017-04-13,100.0,100.45,99.64,99.65,99.65,1677698,0.0,1.0,HON
2017-04-12,101.41,101.49,100.03,100.18,100.18,2720524,0.0,1.0,HON
2017-04-11,101.22,101.51,100.55,101.31,101.31,1907241,0.0,1.0,HON
2017-04-10,101.08,101.82,101.06,101.24,101.24,2268070,0.0,1.0,HON
2017-04-07,100.85,101.25,100.54,101.09,101.09,1863698,0.0,1.0,HON
2017-04-06,100.66,101.14,100.33,100.73,100.73,2076723,0.0,1.0,HON
2017-04-05,101.3,101.78,100.46,100.52,100.52,2585632,0.0,1.0,HON
2017-04-04,101.25,101.47,100.75,101.02,101.02,1777676,0.0,1.0,HON
2017-04-03,101.46,101.87,100.29,101.14,101.14,2905336,0.0,1.0,HON
2017-03-31,101.77,102.13,101.44,101.58,101.58,2668599,0.0,1.0,HON
2017-03-30,101.79,102.27,101.68,102.02,102.02,1781085,0.0,1.0,HON
2017-03-29,101.65,102.07,101.5,101.93,101.93,1541348,0.0,1.0,HON
2017-03-28,101.04,102.33,100.5,101.91,101.91,1973794,0.0,1.0,HON
2017-03-27,100.68,101.55,100.1,101.28,101.28,3328324,0.0,1.0,HON
2017-03-24,102.16,102.52,101.1,101.5,101.5,2222343,0.0,1.0,HON
2017-03-23,102.18,102.48,101.79,102.11,102.11,1770321,0.0,1.0,HON
2017-03-22,102.39,102.45,101.3,102.09,102.09,2101627,0.0,1.0,HON
2017-03-21,103.36,103.55,102.02,102.22,102.22,2364198,0.0,1.0,HON
2017-03-20,103.31,103.45,102.75,102.9,102.9,2030784,0.0,1.0,HON
2017-03-17,103.19,103.57,102.74,103.44,103.44,3839754,0.0,1.0,HON
2017-03-16,103.7,103.7,102.68,102.79,102.79,2742746,0.0,1.0,HON
2017-03-15,102.77,103.73,102.5,103.29,103.29,3601263,0.0,1.0,HON
2017-03-14,101.72,102.98,100.97,102.26,102.26,1978016,0.0,1.0,HON
2017-03-13,103.41,103.6,102.9,103.09,103.09,3118116,0.0,1.0,HON
2017-03-10,103.41,103.6,102.9,103.34,103.34,2686511,0.0,1.0,HON
2017-03-09,102.94,103.5,102.29,102.65,102.65,2479484,0.0,1.0,HON
2017-03-08,102.83,103.48,102.51,102.98,102.98,3120125,0.0,1.0,HON
2017-03-07,102.47,102.83,102.16,102.71,102.71,2052846,0.0,1.0,HON
2017-03-06,101.77,102.95,101.7,102.56,102.56,3023018,0.0,1.0,HON
2017-03-03,102.73,103.01,102.26,102.67,102.67,1953415,0.0,1.0,HON
2017-03-02,103.12,103.6,102.35,102.77,102.77,3015215,0.0,1.0,HON
2017-03-01,101.98,103.64,101.98,103.51,103.51,3969890,0.0,1.0,HON
2017-02-28,101.68,102.27,101.07,101.28,101.28,2902821,0.0,1.0,HON
2017-02-27,101.36,101.76,101.07,101.59,101.59,4086604,0.0,1.0,HON
2017-02-24,101.07,101.71,100.56,101.71,101.71,2524108,0.0,1.0,HON
2017-02-23,101.68,102.03,100.91,101.54,101.54,2992204,0.0,1.0,HON
2017-02-22,100.88,101.74,100.48,101.72,101.72,3201035,0.665,1.0,HON
2017-02-21,100.98,101.15,100.5,100.91,100.91,2369206,0.0,1.0,HON
2017-02-17,100.27,100.79,99.79,100.79,100.79,2718703,0.0,1.0,HON
2017-02-16,100.58,100.69,99.77,100.47,100.47,4309055,0.0,1.0,HON
2017-02-15,99.82,100.72,99.66,100.56,100.56,3220467,0.0,1.0,HON
2017-02-14,99.93,100.3,99.64,100.03,100.03,3111347,0.0,1.0,HON
2017-02-13,98.9,100.18,98.8,100.03,100.03,4425520,0.0,1.0,HON
2017-02-10,97.74,98.72,97.7,98.6,98.6,3590330,0.0,1.0,HON
2017-02-09,96.85,97.88,96.81,97.63,97.63,2184755,0.0,1.0,HON
2017-02-08,96.79,97.1,96.54,96.88,96.88,1824112,0.0,1.0,HON
2017-02-07,96.84,97.23,96.63,96.87,96.87,2548850,0.0,1.0,HON
2017-02-06,96.31,96.77,96.18,96.57,96.57,3006008,0.0,1.0,HON
2017-02-03,95.9,96.58,95.41,96.44,96.44,2860415,0.0,1.0,HON
2017-02-02,95.14,95.59,94.78,95.47,95.47,2213822,0.0,1.0,HON
2017-02-01,96.06,96.23,95.03,95.48,95.48,2399581,0.0,1.0,HON
2017-01-31,96.27,96.48,94.97,95.74,95.74,4243787,0.0,1.0,HON
2017-01-30,95.55,96.39,95.29,96.38,96.38,3159974,0.0,1.0,HON
2017-01-27,96.01,96.38,94.77,95.82,95.82,3873847,0.0,1.0,HON
2017-01-26,95.47,95.57,94.9,95.46,95.46,6179186,0.0,1.0,HON
2017-01-25,95.7,96.01,95.25,95.38,95.38,4294174,0.0,1.0,HON
2017-01-24,95.19,95.55,94.89,95.45,95.45,2553983,0.0,1.0,HON
2017-01-23,95.39,95.68,94.66,95.0,95.0,2273136,0.0,1.0,HON
2017-01-20,95.84,95.84,94.77,95.34,95.34,2943181,0.0,1.0,HON
2017-01-19,95.75,96.09,94.92,95.41,95.41,2413161,0.0,1.0,HON
2017-01-18,95.09,95.72,94.84,95.53,95.53,2305900,0.0,1.0,HON
2017-01-17,95.01,95.54,94.68,94.86,94.86,3360915,0.0,1.0,HON
2017-01-13,95.21,95.73,95.17,95.54,95.54,2988377,0.0,1.0,HON
2017-01-12,95.49,95.49,94.4,95.18,95.18,3161529,0.0,1.0,HON
2017-01-11,95.11,95.58,94.78,95.49,95.49,2887068,0.0,1.0,HON
2017-01-10,94.94,95.84,94.58,95.36,95.36,3752587,0.0,1.0,HON
2017-01-09,95.7,95.8,95.12,95.12,95.12,3863128,0.0,1.0,HON
2017-01-06,94.62,96.05,94.28,95.91,95.91,3613676,0.0,1.0,HON
2017-01-05,94.29,95.04,94.04,94.48,94.48,2651057,0.0,1.0,HON
2017-01-04,94.38,94.65,93.89,94.27,94.27,2941631,0.0,1.0,HON
2017-01-03,94.37,94.59,93.51,94.01,94.01,3025410,0.0,1.0,HON
2016-12-30,94.03,94.03,93.39,93.74,93.74,2285551,0.0,1.0,HON
2016-12-29,93.96,94.33,93.7,93.86,93.86,1667306,0.0,1.0,HON
2016-12-28,94.82,94.97,93.62,93.66,93.66,2599421,0.0,1.0,HON
2016-12-27,94.68,95.12,94.51,94.7,94.7,1146939,0.0,1.0,HON
2016-12-23,94.92,95.04,94.45,94.66,94.66,1426219,0.0,1.0,HON
2016-12-22,94.95,95.08,94.36,94.61,94.61,3241353,0.0,1.0,HON
2016-12-21,95.14,95.4,94.62,94.83,94.83,2750960,0.0,1.0,HON
2016-12-20,95.04,95.55,94.92,95.25,95.25,2720036,0.0,1.0,HON
2016-12-19,94.67,95.53,94.51,94.91,94.91,3596034,0.0,1.0,HON
2016-12-16,91.95,95.14,91.92,94.17,94.17,7634226,0.0,1.0,HON
2016-12-15,94.11,95.07,93.98,94.14,94.14,3984422,0.0,1.0,HON
2016-12-14,95.35,95.98,94.09,94.28,94.28,4154582,0.0,1.0,HON
2016-12-13,95.18,95.81,94.92,95.55,95.55,4255186,0.0,1.0,HON
2016-12-12,94.19,95.0,93.6,95.0,95.0,5700166,0.0,1.0,HON
2016-12-09,93.18,94.21,93.08,94.05,94.05,2915337,0.0,1.0,HON
2016-12-08,94.14,94.79,92.92,93.58,93.58,5211971,0.0,1.0,HON
2016-12-07,91.74,94.52,91.28,94.28,94.28,7456760,0.0,1.0,HON
2016-12-06,91.71,91.97,91.16,91.49,91.49,2545556,0.0,1.0,HON
2016-12-05,91.35,92.08,91.2,91.34,91.34,3026269,0.0,1.0,HON
2016-12-02,92.21,92.24,90.76,90.99,90.99,3536995,0.0,1.0,HON
2016-12-01,91.63,92.29,91.28,91.98,91.98,3807541,0.0,1.0,HON
2016-11-30,92.03,92.84,91.66,92.2,92.2,5896813,0.0,1.0,HON
2016-11-29,91.81,92.64,91.67,91.71,91.71,3334451,0.0,1.0,HON
2016-11-28,92.37,92.4,91.71,92.12,92.12,2617445,0.0,1.0,HON
2016-11-25,92.18,92.54,91.86,92.38,92.38,831276,0.0,1.0,HON
2016-11-23,91.25,92.21,91.25,92.11,92.11,2630393,0.0,1.0,HON
2016-11-22,91.06,91.24,90.71,91.05,91.05,2152556,0.0,1.0,HON
2016-11-21,90.82,91.01,90.45,90.8,90.8,2523254,0.0,1.0,HON
2016-11-18,91.42,91.44,90.54,90.7,90.7,2879131,0.0,1.0,HON
2016-11-17,91.1,91.75,90.98,91.52,91.52,2195016,0.0,1.0,HON
2016-11-16,91.01,91.3,90.52,90.85,90.85,2472485,0.665,1.0,HON
2016-11-15,90.95,91.25,90.17,90.99,90.99,2793997,0.0,1.0,HON
2016-11-14,91.4,91.99,90.77,90.93,90.93,2677070,0.0,1.0,HON
2016-11-11,90.99,91.31,90.69,91.1,91.1,3295715,0.0,1.0,HON
2016-11-10,90.99,92.1,90.75,91.05,91.05,6550907,0.0,1.0,HON
2016-11-09,89.33,91.01,88.27,90.38,90.38,4567463,0.0,1.0,HON
2016-11-08,89.29,89.7,88.89,88.98,88.98,3281929,0.0,1.0,HON
2016-11-07,88.35,89.56,88.04,89.49,89.49,4672502,0.0,1.0,HON
2016-11-04,87.26,87.84,86.88,87.08,87.08,3140285,0.0,1.0,HON
2016-11-03,87.48,87.53,86.88,87.16,87.16,3741547,0.0,1.0,HON
2016-11-02,87.99,87.99,86.88,87.25,87.25,4639498,0.0,1.0,HON
2016-11-01,88.38,88.64,87.54,87.8,87.8,2931213,0.0,1.0,HON
2016-10-31,88.45,88.62,88.1,88.23,88.23,2542359,0.0,1.0,HON
2016-10-28,88.0,89.19,87.62,88.35,88.35,2878656,0.0,1.0,HON
2016-10-27,88.29,88.4,87.21,87.54,87.54,2912052,0.0,1.0,HON
2016-10-26,87.57,88.28,87.31,88.03,88.03,2133682,0.0,1.0,HON
2016-10-25,88.08,88.09,87.37,87.74,87.74,3532851,0.0,1.0,HON
2016-10-24,88.03,88.58,87.53,87.89,87.89,3455660,0.0,1.0,HON
2016-10-21,86.84,88.16,86.48,87.65,87.65,3370084,0.0,1.0,HON
2016-10-20,86.94,87.34,86.65,86.99,86.99,4079590,0.0,1.0,HON
2016-10-19,86.88,87.41,86.4,87.09,87.09,3126166,0.0,1.0,HON
2016-10-18,87.81,87.82,86.64,86.77,86.77,3258816,0.0,1.0,HON
2016-10-17,87.57,88.0,86.84,86.91,86.91,3621559,0.0,1.0,HON
2016-10-14,88.48,88.54,87.32,87.68,87.68,5307049,0.0,1.0,HON
2016-10-13,85.93,87.42,85.71,87.08,87.08,5118365,0.0,1.0,HON
2016-10-12,85.13,86.67,85.05,86.42,86.42,7245113,0.0,1.0,HON
2016-10-11,85.61,85.61,84.67,85.09,85.09,8346850,0.0,1.0,HON
2016-10-10,86.29,86.84,85.44,85.91,85.91,8423126,0.0,1.0,HON
2016-10-07,86.09,86.52,84.66,86.02,86.02,20431849,0.0,1.0,HON
2016-10-06,92.76,93.22,92.51,93.0,93.0,3264137,0.0,1.0,HON
2016-10-05,92.59,93.17,92.59,92.72,92.72,2122923,0.0,1.0,HON
2016-10-04,93.29,93.29,92.17,92.41,92.41,2522176,0.0,1.0,HON
2016-10-03,93.16,93.54,92.85,93.35,93.35,2481259,0.0,1.0,HON
2016-09-30,93.83,94.11,93.35,93.79,93.79,3835929,0.0,1.0,HON
2016-09-29,94.69,94.69,93.42,93.46,93.46,1877042,0.0,1.0,HON
2016-09-28,93.69,94.32,93.2,94.24,94.24,3326543,0.0,1.0,HON
2016-09-27,93.05,93.67,92.68,93.48,93.48,3689162,0.0,1.0,HON
2016-09-26,93.1,93.99,92.82,93.26,93.26,2606458,0.0,1.0,HON
2016-09-23,92.76,93.63,92.72,93.29,93.29,2348311,0.0,1.0,HON
2016-09-22,93.63,94.33,93.47,93.98,93.98,2896305,0.0,1.0,HON
2016-09-21,92.47,93.27,92.1,93.25,93.25,2438566,0.0,1.0,HON
2016-09-20,92.79,93.14,92.29,92.4,92.4,2859186,0.0,1.0,HON
2016-09-19,92.4,93.05,92.07,92.14,92.14,2955798,0.0,1.0,HON
2016-09-16,92.32,92.39,91.29,91.91,91.91,3903482,0.0,1.0,HON
2016-09-15,91.52,92.9,91.43,92.73,92.73,3300098,0.0,1.0,HON
2016-09-14,89.9,91.93,89.9,91.73,91.73,4378485,0.0,1.0,HON
2016-09-13,90.76,90.87,89.52,89.77,89.77,3876828,0.0,1.0,HON
2016-09-12,89.51,91.71,89.29,91.29,91.29,3809035,0.0,1.0,HON
2016-09-09,90.78,91.18,89.9,90.1,90.1,4537804,0.0,1.0,HON
2016-09-08,91.7,92.13,91.32,91.56,91.56,2704125,0.0,1.0,HON
2016-09-07,92.92,93.09,91.48,91.89,91.89,3416196,0.0,1.0,HON
2016-09-06,93.67,93.79,92.51,93.08,93.08,2194169,0.0,1.0,HON
2016-09-02,93.52,94.07,93.16,93.62,93.62,2474340,0.0,1.0,HON
2016-09-01,93.63,93.94,92.62,93.42,93.42,2868090,0.0,1.0,HON
2016-08-31,94.08,94.22,93.64,93.88,93.88,2052672,0.0,1.0,HON
2016-08-30,94.28,94.44,93.99,94.13,94.13,1946880,0.0,1.0,HON
2016-08-29,93.91,94.42,93.72,94.25,94.25,2403078,0.0,1.0,HON
2016-08-26,94.22,94.72,93.61,93.91,93.91,1703757,0.0,1.0,HON
2016-08-25,93.83,94.3,93.6,93.93,93.93,1823607,0.0,1.0,HON
2016-08-24,93.95,94.18,93.74,93.92,93.92,1724771,0.0,1.0,HON
2016-08-23,94.05,94.4,93.99,94.12,94.12,1811484,0.0,1.0,HON
2016-08-22,93.24,94.07,93.1,93.78,93.78,2219156,0.0,1.0,HON
2016-08-19,92.88,93.51,92.88,93.4,93.4,1593511,0.0,1.0,HON
2016-08-18,93.0,93.29,92.86,93.2,93.2,1776687,0.0,1.0,HON
2016-08-17,92.99,93.21,92.57,93.13,93.13,1692112,0.595,1.0,HON
2016-08-16,93.18,93.99,92.96,93.02,93.02,1937811,0.0,1.0,HON
2016-08-15,93.23,93.65,92.86,93.51,93.51,1848097,0.0,1.0,HON
2016-08-12,92.95,93.09,92.7,92.91,92.91,1364120,0.0,1.0,HON
2016-08-11,93.19,93.34,92.9,93.13,93.13,1566321,0.0,1.0,HON
2016-08-10,93.09,93.23,92.49,92.86,92.86,1768140,0.0,1.0,HON
2016-08-09,93.02,93.3,92.77,93.04,93.04,1663711,0.0,1.0,HON
2016-08-08,93.31,93.45,92.6,92.87,92.87,2009420,0.0,1.0,HON
2016-08-05,93.07,93.55,92.75,93.13,93.13,2937720,0.0,1.0,HON
2016-08-04,92.87,93.31,92.75,92.79,92.79,1290269,0.0,1.0,HON
2016-08-03,92.4,92.93,92.14,92.84,92.84,1989588,0.0,1.0,HON
2016-08-02,92.43,92.63,92.07,92.39,92.39,2092733,0.0,1.0,HON
2016-08-01,92.79,93.11,92.28,92.74,92.74,2270469,0.0,1.0,HON
2016-07-29,92.51,93.23,92.07,93.1,93.1,2939758,0.0,1.0,HON
2016-07-28,92.03,92.77,91.42,92.64,92.64,2977486,0.0,1.0,HON
2016-07-27,92.9,93.16,91.72,92.0,92.0,3446519,0.0,1.0,HON
2016-07-26,92.27,92.8,91.71,92.79,92.79,3049691,0.0,1.0,HON
2016-07-25,92.09,93.19,92.09,92.43,92.43,5400849,0.0,1.0,HON
2016-07-22,90.95,92.83,90.19,92.52,92.52,9167374,0.0,1.0,HON
2016-07-21,95.88,96.03,94.67,94.96,94.96,4127435,0.0,1.0,HON
2016-07-20,95.59,96.03,95.39,95.94,95.94,2174323,0.0,1.0,HON
2016-07-19,94.91,95.58,94.71,95.51,95.51,2182742,0.0,1.0,HON
2016-07-18,95.42,95.43,94.98,95.15,95.15,1248002,0.0,1.0,HON
2016-07-15,95.77,95.82,95.19,95.42,95.42,2254642,0.0,1.0,HON
2016-07-14,95.77,96.05,95.15,95.31,95.31,2415873,0.0,1.0,HON
2016-07-13,95.72,95.87,95.04,95.27,95.27,1901394,0.0,1.0,HON
2016-07-12,95.24,95.8,95.06,95.25,95.25,2298374,0.0,1.0,HON
2016-07-11,95.2,95.27,94.53,94.89,94.89,2968178,0.0,1.0,HON
2016-07-08,93.69,95.23,93.58,95.11,95.11,2524888,0.0,1.0,HON
2016-07-07,93.46,93.76,92.47,92.92,92.92,2140476,0.0,1.0,HON
2016-07-06,92.42,93.52,91.56,93.49,93.49,3098165,0.0,1.0,HON
2016-07-05,92.73,93.2,91.77,92.22,92.22,2416737,0.0,1.0,HON
2016-07-01,93.35,94.13,93.04,93.23,93.23,2233049,0.0,1.0,HON
2016-06-30,92.03,93.11,91.72,93.09,93.09,3377608,0.0,1.0,HON
2016-06-29,91.52,92.0,90.58,91.6,91.6,4016716,0.0,1.0,HON
2016-06-28,90.69,91.31,89.94,91.28,91.28,3643957,0.0,1.0,HON
2016-06-27,89.69,89.69,88.19,89.2,89.2,3893842,0.0,1.0,HON
2016-06-24,90.83,92.31,90.14,90.42,90.42,3663334,0.0,1.0,HON
2016-06-23,94.04,94.19,93.34,93.89,93.89,2005986,0.0,1.0,HON
2016-06-22,93.99,94.28,93.19,93.29,93.29,2195565,0.0,1.0,HON
2016-06-21,94.02,94.13,93.6,93.87,93.87,2319367,0.0,1.0,HON
2016-06-20,93.87,94.86,93.34,93.68,93.68,2897290,0.0,1.0,HON
2016-06-17,92.77,92.96,92.17,92.77,92.77,3259022,0.0,1.0,HON
2016-06-16,92.01,92.84,91.23,92.67,92.67,2144361,0.0,1.0,HON
2016-06-15,92.81,93.25,92.39,92.45,92.45,2884900,0.0,1.0,HON
2016-06-14,92.08,92.51,91.68,92.44,92.44,2054222,0.0,1.0,HON
2016-06-13,93.32,93.35,92.08,92.14,92.14,2417609,0.0,1.0,HON
2016-06-10,94.04,94.04,93.01,93.38,93.38,3245312,0.0,1.0,HON
2016-06-09,92.49,93.87,92.39,93.8,93.8,2657639,0.0,1.0,HON
2016-06-08,92.44,93.15,92.27,92.89,92.89,2450057,0.0,1.0,HON
2016-06-07,92.47,92.74,92.29,92.31,92.31,2002504,0.0,1.0,HON
2016-06-06,92.02,92.65,91.84,92.47,92.47,1872017,0.0,1.0,HON
2016-06-03,91.83,92.02,91.02,91.87,91.87,2149357,0.0,1.0,HON
2016-06-02,91.27,91.66,90.86,91.66,91.66,2141404,0.0,1.0,HON
2016-06-01,91.14,91.34,90.0,91.18,91.18,2228713,0.0,1.0,HON
2016-05-31,91.46,91.71,90.74,91.1,91.1,2980502,0.0,1.0,HON
2016-05-27,91.61,91.71,91.15,91.5,91.5,1762568,0.0,1.0,HON
2016-05-26,91.81,92.26,91.07,91.38,91.38,2022650,0.0,1.0,HON
2016-05-25,91.71,92.23,91.58,91.81,91.81,1590293,0.0,1.0,HON
2016-05-24,90.51,91.8,90.44,91.53,91.53,2086739,0.0,1.0,HON
2016-05-23,90.5,90.74,90.1,90.27,90.27,1699775,0.0,1.0,HON
2016-05-20,90.21,91.3,90.21,90.61,90.61,3985634,0.0,1.0,HON
2016-05-19,89.64,90.08,88.61,89.89,89.89,3026116,0.0,1.0,HON
2016-05-18,90.56,91.07,89.72,90.18,90.18,2475978,0.0,1.0,HON
2016-05-17,91.31,91.63,90.46,90.94,90.94,2495450,0.595,1.0,HON
2016-05-16,90.46,91.66,89.95,91.43,91.43,2397580,0.0,1.0,HON
2016-05-13,90.85,91.16,89.85,90.12,90.12,2512985,0.0,1.0,HON
2016-05-12,91.19,91.38,90.37,90.91,90.91,2365190,0.0,1.0,HON
2016-05-11,91.55,91.8,90.73,90.85,90.85,1718540,0.0,1.0,HON
2016-05-10,90.71,91.95,90.16,91.51,91.51,2870638,0.0,1.0,HON
2016-05-09,90.49,90.76,89.95,90.09,90.09,2672829,0.0,1.0,HON
2016-05-06,90.42,90.76,89.89,90.58,90.58,3352023,0.0,1.0,HON
2016-05-05,90.18,90.8,90.0,90.46,90.46,2999394,0.0,1.0,HON
2016-05-04,90.48,90.74,89.68,89.91,89.91,3238737,0.0,1.0,HON
2016-05-03,90.6,91.5,90.5,91.16,91.16,2628762,0.0,1.0,HON
2016-05-02,91.12,91.45,90.62,91.29,91.29,3054128,0.0,1.0,HON
2016-04-29,91.08,91.56,90.51,90.97,90.97,2719446,0.0,1.0,HON
2016-04-28,91.65,92.76,90.93,91.25,91.25,2988785,0.0,1.0,HON
2016-04-27,91.44,92.31,91.09,91.9,91.9,3265174,0.0,1.0,HON
2016-04-26,90.46,91.51,90.46,91.39,91.39,2965714,0.0,1.0,HON
2016-04-25,90.76,91.55,89.65,90.16,90.16,3662366,0.0,1.0,HON
2016-04-22,90.76,92.02,89.44,90.89,90.89,4900197,0.0,1.0,HON
2016-04-21,91.8,92.5,91.32,91.49,91.49,2865234,0.0,1.0,HON
2016-04-20,92.3,92.34,91.47,91.7,91.7,2562745,0.0,1.0,HON
2016-04-19,92.26,92.8,91.82,92.19,92.19,2206978,0.0,1.0,HON
2016-04-18,91.24,91.97,90.85,91.92,91.92,2586458,0.0,1.0,HON
2016-04-15,91.09,91.47,90.8,91.26,91.26,2093438,0.0,1.0,HON
2016-04-14,91.55,91.55,90.91,91.17,91.17,1766510,0.0,1.0,HON
2016-04-13,90.7,91.51,90.31,91.35,91.35,3457805,0.0,1.0,HON
2016-04-12,89.24,90.24,89.17,89.99,89.99,2099050,0.0,1.0,HON
2016-04-11,89.49,89.86,89.09,89.12,89.12,2154608,0.0,1.0,HON
2016-04-08,89.23,89.95,88.92,89.26,89.26,2072344,0.0,1.0,HON
2016-04-07,89.62,89.65,88.66,88.9,88.9,2751117,0.0,1.0,HON
2016-04-06,89.01,90.12,88.58,90.01,90.01,2509973,0.0,1.0,HON
2016-04-05,89.13,89.54,88.63,88.99,88.99,3321659,0.0,1.0,HON
2016-04-04,90.3,90.3,89.33,89.6,89.6,2324981,0.0,1.0,HON
2016-04-01,88.77,90.32,88.23,90.14,90.14,2363174,0.0,1.0,HON
2016-03-31,89.25,89.58,88.48,89.21,89.21,2498913,0.0,1.0,HON
2016-03-30,89.98,89.98,89.1,89.3,89.3,2220061,0.0,1.0,HON
2016-03-29,88.53,89.32,87.88,89.09,89.09,2469584,0.0,1.0,HON
2016-03-28,88.78,89.06,88.43,88.85,88.85,2134100,0.0,1.0,HON
2016-03-24,88.7,89.15,88.37,88.62,88.62,2367409,0.0,1.0,HON
2016-03-23,89.54,89.75,89.11,89.33,89.33,2201322,0.0,1.0,HON
2016-03-22,89.15,90.34,89.03,89.95,89.95,3119215,0.0,1.0,HON
2016-03-21,88.96,89.79,88.82,89.71,89.71,2893019,0.0,1.0,HON
2016-03-18,88.84,89.28,88.35,89.25,89.25,5403214,0.0,1.0,HON
2016-03-17,87.31,88.65,86.44,88.39,88.39,4211354,0.0,1.0,HON
2016-03-16,86.45,87.3,86.06,86.96,86.96,2653039,0.0,1.0,HON
2016-03-15,85.81,86.6,85.65,86.52,86.52,2021387,0.0,1.0,HON
2016-03-14,86.55,87.17,86.38,86.39,86.39,2784737,0.0,1.0,HON
2016-03-11,87.26,87.49,86.49,86.8,86.8,2798153,0.0,1.0,HON
2016-03-10,86.82,87.04,85.4,86.27,86.27,3139296,0.0,1.0,HON
2016-03-09,85.81,86.74,85.79,86.72,86.72,3562156,0.0,1.0,HON
2016-03-08,84.79,85.8,84.46,85.65,85.65,3096326,0.0,1.0,HON
2016-03-07,85.84,86.17,84.87,85.56,85.56,3882945,0.0,1.0,HON
2016-03-04,85.86,86.73,85.71,86.1,86.1,2949849,0.0,1.0,HON
2016-03-03,84.87,86.15,84.55,85.96,85.96,5307299,0.0,1.0,HON
2016-03-02,84.23,85.71,83.9,84.78,84.78,4202645,0.0,1.0,HON
2016-03-01,82.49,84.29,82.24,84.29,84.29,8222394,0.0,1.0,HON
2016-02-29,81.67,82.39,80.63,80.69,80.69,5567822,0.0,1.0,HON
2016-02-26,82.87,83.22,81.77,82.02,82.02,7908317,0.0,1.0,HON
2016-02-25,82.49,83.0,82.03,82.95,82.95,4840650,0.0,1.0,HON
2016-02-24,81.47,82.58,80.61,82.24,82.24,6761693,0.0,1.0,HON
2016-02-23,83.04,84.23,82.14,82.51,82.51,7837358,0.595,1.0,HON
2016-02-22,85.49,88.55,82.84,83.25,83.25,15117589,0.0,1.0,HON
2016-02-19,84.02,85.11,83.43,84.91,84.91,4425047,0.0,1.0,HON
2016-02-18,83.85,84.75,83.69,84.28,84.28,4095222,0.0,1.0,HON
2016-02-17,83.42,84.38,83.33,84.01,84.01,6038303,0.0,1.0,HON
2016-02-16,82.7,83.91,82.45,83.08,83.08,5281632,0.0,1.0,HON
2016-02-12,81.28,82.15,80.66,81.91,81.91,4443765,0.0,1.0,HON
2016-02-11,79.48,80.99,79.1,80.38,80.38,5051314,0.0,1.0,HON
2016-02-10,81.64,82.78,81.11,81.22,81.22,4040779,0.0,1.0,HON
2016-02-09,79.35,81.97,79.35,81.31,81.31,3707456,0.0,1.0,HON
2016-02-08,79.95,80.46,79.06,80.37,80.37,3449926,0.0,1.0,HON
2016-02-05,81.26,81.34,80.12,80.84,80.84,3669710,0.0,1.0,HON
2016-02-04,80.5,82.1,80.44,81.18,81.18,5039900,0.0,1.0,HON
2016-02-03,80.31,80.96,78.7,80.87,80.87,3758733,0.0,1.0,HON
2016-02-02,80.58,80.58,79.23,79.68,79.68,3816291,0.0,1.0,HON
2016-02-01,80.9,81.69,79.7,81.44,81.44,5394074,0.0,1.0,HON
2016-01-29,79.94,81.87,79.06,81.69,81.69,6638889,0.0,1.0,HON
2016-01-28,77.51,78.01,76.86,77.55,77.55,4498534,0.0,1.0,HON
2016-01-27,77.39,78.19,76.24,76.75,76.75,5059649,0.0,1.0,HON
2016-01-26,76.58,78.08,76.3,77.98,77.98,3257783,0.0,1.0,HON
2016-01-25,77.24,77.35,76.28,76.37,76.37,2431721,0.0,1.0,HON
2016-01-22,77.69,77.99,76.6,77.43,77.43,3190325,0.0,1.0,HON
2016-01-21,76.64,77.29,75.9,76.45,76.45,3042195,0.0,1.0,HON
2016-01-20,75.59,76.7,74.18,76.18,76.18,4965520,0.0,1.0,HON
2016-01-19,77.91,78.01,76.16,77.04,77.04,3735593,0.0,1.0,HON
2016-01-15,76.24,77.25,75.91,76.99,76.99,4814059,0.0,1.0,HON
2016-01-14,77.05,78.75,76.4,78.16,78.16,5453945,0.0,1.0,HON
2016-01-13,78.96,79.08,76.56,76.86,76.86,2983331,0.0,1.0,HON
2016-01-12,78.56,78.83,77.44,78.5,78.5,3146672,0.0,1.0,HON
2016-01-11,78.22,78.7,77.13,77.91,77.91,3130669,0.0,1.0,HON
2016-01-08,79.09,79.43,77.72,77.91,77.91,4027218,0.0,1.0,HON
2016-01-07,79.58,80.04,78.14,78.55,78.55,3420456,0.0,1.0,HON
2016-01-06,80.85,81.14,80.33,80.93,80.93,2321637,0.0,1.0,HON
2016-01-05,81.25,82.0,80.95,81.86,81.86,2553649,0.0,1.0,HON
2016-01-04,80.44,81.25,79.94,81.19,81.19,3340979,0.0,1.0,HON
2015-12-31,82.38,82.78,81.91,81.98,81.98,2079409,0.0,1.0,HON
2015-12-30,83.43,83.46,82.47,82.69,82.69,2225209,0.0,1.0,HON
2015-12-29,83.27,83.69,82.51,83.38,83.38,2013709,0.0,1.0,HON
2015-12-28,82.51,82.81,82.19,82.59,82.59,1435086,0.0,1.0,HON
2015-12-24,83.01,83.11,82.7,82.84,82.84,793858,0.0,1.0,HON
2015-12-23,82.87,83.37,82.51,83.08,83.08,3650299,0.0,1.0,HON
2015-12-22,81.48,82.7,81.14,82.45,82.45,2552226,0.0,1.0,HON
2015-12-21,81.31,82.13,80.69,81.22,81.22,3062604,0.0,1.0,HON
2015-12-18,80.81,81.52,80.31,80.61,80.61,5473669,0.0,1.0,HON
2015-12-17,82.48,82.74,80.95,80.99,80.99,3747074,0.0,1.0,HON
2015-12-16,80.53,82.64,80.19,82.39,82.39,7361232,0.0,1.0,HON
2015-12-15,78.71,79.12,77.88,77.95,77.95,5086055,0.0,1.0,HON
2015-12-14,77.84,78.41,77.31,78.35,78.35,5760545,0.0,1.0,HON
2015-12-11,79.37,79.94,77.5,77.76,77.76,5553674,0.0,1.0,HON
2015-12-10,80.87,81.01,80.19,80.55,80.55,2812330,0.0,1.0,HON
2015-12-09,80.82,81.97,80.27,80.65,80.65,2464636,0.0,1.0,HON
2015-12-08,81.56,81.98,81.05,81.26,81.26,2711874,0.0,1.0,HON
2015-12-07,82.76,83.0,82.02,82.47,82.47,2298449,0.0,1.0,HON
2015-12-04,81.36,82.89,81.07,82.76,82.76,3552293,0.0,1.0,HON
2015-12-03,81.86,82.07,80.63,81.06,81.06,2702815,0.0,1.0,HON
2015-12-02,82.25,82.55,81.47,81.61,81.61,2482890,0.0,1.0,HON
2015-12-01,82.24,83.33,82.14,82.44,82.44,3264558,0.0,1.0,HON
2015-11-30,82.56,82.75,82.18,82.28,82.28,2893089,0.0,1.0,HON
2015-11-27,82.05,82.64,81.87,82.37,82.37,1144656,0.0,1.0,HON
2015-11-25,81.91,82.25,81.46,82.03,82.03,3725060,0.0,1.0,HON
2015-11-24,81.77,82.17,80.81,81.67,81.67,5749398,0.0,1.0,HON
2015-11-23,83.56,83.85,82.2,82.79,82.79,3134552,0.0,1.0,HON
2015-11-20,83.42,84.02,83.39,83.61,83.61,2561981,0.0,1.0,HON
2015-11-19,82.53,83.26,82.38,83.15,83.15,3408742,0.0,1.0,HON
2015-11-18,81.23,82.44,81.07,82.37,82.37,2535792,0.0,1.0,HON
2015-11-17,81.67,81.67,80.69,80.97,80.97,2423980,0.595,1.0,HON
2015-11-16,79.55,81.05,79.46,81.03,81.03,2297969,0.0,1.0,HON
2015-11-13,80.08,80.68,79.32,79.55,79.55,2446173,0.0,1.0,HON
2015-11-12,80.64,80.78,79.98,80.25,80.25,3478172,0.0,1.0,HON
2015-11-11,80.97,81.95,80.63,81.27,81.27,2306258,0.0,1.0,HON
2015-11-10,80.49,80.95,79.73,80.59,80.59,2757440,0.0,1.0,HON
2015-11-09,81.34,81.55,80.29,80.83,80.83,3274264,0.0,1.0,HON
2015-11-06,80.96,81.85,80.75,81.85,81.85,2456134,0.0,1.0,HON
2015-11-05,81.36,81.78,80.95,81.53,81.53,2224436,0.0,1.0,HON
2015-11-04,81.6,82.02,81.23,81.35,81.35,1940602,0.0,1.0,HON
2015-11-03,81.82,82.01,81.37,81.57,81.57,2466438,0.0,1.0,HON
2015-11-02,81.27,82.12,81.06,81.99,81.99,2450475,0.0,1.0,HON
2015-10-30,81.29,81.84,81.01,81.28,81.28,2923259,0.0,1.0,HON
2015-10-29,81.25,81.72,80.53,81.01,81.01,3129146,0.0,1.0,HON
2015-10-28,80.68,81.57,80.44,81.52,81.52,2516035,0.0,1.0,HON
2015-10-27,80.73,81.05,80.3,80.63,80.63,2452434,0.0,1.0,HON
2015-10-26,81.39,81.39,80.71,80.89,80.89,1901853,0.0,1.0,HON
2015-10-23,81.3,81.69,80.34,81.16,81.16,4108784,0.0,1.0,HON
2015-10-22,78.13,80.98,78.13,80.73,80.73,4416131,0.0,1.0,HON
2015-10-21,77.81,78.63,77.31,77.73,77.73,3640999,0.0,1.0,HON
2015-10-20,76.5,77.78,76.5,77.35,77.35,4649258,0.0,1.0,HON
2015-10-19,76.17,76.76,75.95,76.48,76.48,5948137,0.0,1.0,HON
2015-10-16,78.7,79.37,75.02,76.36,76.36,12646038,0.0,1.0,HON
2015-10-15,77.78,77.78,76.66,77.52,77.52,6018155,0.0,1.0,HON
2015-10-14,78.59,78.7,77.31,77.33,77.33,3551091,0.0,1.0,HON
2015-10-13,79.23,79.56,78.48,78.56,78.56,3660248,0.0,1.0,HON
2015-10-12,79.71,80.02,79.36,79.88,79.88,1762118,0.0,1.0,HON
2015-10-09,79.58,80.36,79.49,79.61,79.61,3311469,0.0,1.0,HON
2015-10-08,77.97,79.8,77.94,79.54,79.54,3084548,0.0,1.0,HON
2015-10-07,77.94,78.98,77.72,78.3,78.3,2983174,0.0,1.0,HON
2015-10-06,77.42,77.98,77.24,77.29,77.29,2605829,0.0,1.0,HON
2015-10-05,76.4,77.86,76.26,77.42,77.42,3706487,0.0,1.0,HON
2015-10-02,73.48,76.03,73.2,75.98,75.98,3817534,0.0,1.0,HON
2015-10-01,74.56,75.61,73.66,74.54,74.54,3315389,0.0,1.0,HON
2015-09-30,73.7,74.63,73.57,74.52,74.52,4388811,0.0,1.0,HON
2015-09-29,72.38,73.27,72.18,72.81,72.81,3452437,0.0,1.0,HON
2015-09-28,73.06,73.5,72.07,72.08,72.08,4356316,0.0,1.0,HON
2015-09-25,74.58,74.6,73.22,73.6,73.6,3898497,0.0,1.0,HON
2015-09-24,73.7,73.94,72.2,73.68,73.68,5575359,0.0,1.0,HON
2015-09-23,75.72,75.91,74.08,74.44,74.44,5715895,0.0,1.0,HON
2015-09-22,75.77,75.87,74.94,75.58,75.58,4581479,0.0,1.0,HON
2015-09-21,77.27,77.59,76.5,76.92,76.92,2683371,0.0,1.0,HON
2015-09-18,78.14,78.2,76.93,77.16,77.16,4900699,0.0,1.0,HON
2015-09-17,79.43,80.5,78.94,79.12,79.12,2701359,0.0,1.0,HON
2015-09-16,79.24,79.59,79.0,79.46,79.46,3244243,0.0,1.0,HON
2015-09-15,78.42,79.28,78.13,78.95,78.95,2997930,0.0,1.0,HON
2015-09-14,78.71,78.71,77.86,78.09,78.09,2504483,0.0,1.0,HON
2015-09-11,78.28,78.42,77.46,78.4,78.4,2556996,0.0,1.0,HON
2015-09-10,77.69,78.81,77.33,78.35,78.35,3523961,0.0,1.0,HON
2015-09-09,79.05,79.5,77.63,77.8,77.8,3293490,0.0,1.0,HON
2015-09-08,77.76,78.56,77.43,78.55,78.55,3714953,0.0,1.0,HON
2015-09-04,76.58,76.89,75.6,76.02,76.02,3653751,0.0,1.0,HON
2015-09-03,77.53,78.43,77.42,77.57,77.57,3124310,0.0,1.0,HON
2015-09-02,76.61,77.13,75.95,77.13,77.13,3819142,0.0,1.0,HON
2015-09-01,76.1,76.69,75.1,75.52,75.52,4274708,0.0,1.0,HON
2015-08-31,78.39,79.0,77.99,78.13,78.13,4241766,0.0,1.0,HON
2015-08-28,78.28,78.9,78.0,78.72,78.72,3456302,0.0,1.0,HON
2015-08-27,78.17,79.09,77.42,78.61,78.61,5035168,0.0,1.0,HON
2015-08-26,75.76,77.03,74.84,76.99,76.99,5259495,0.0,1.0,HON
2015-08-25,77.4,77.55,73.83,73.92,73.92,6085310,0.0,1.0,HON
2015-08-24,72.66,77.51,68.47,74.99,74.99,7689635,0.0,1.0,HON
2015-08-21,80.17,80.31,77.79,77.82,77.82,7356014,0.0,1.0,HON
2015-08-20,81.92,82.09,80.75,80.78,80.78,3997907,0.0,1.0,HON
2015-08-19,83.03,83.41,82.48,82.67,82.67,2489490,0.0,1.0,HON
2015-08-18,83.24,83.95,83.08,83.59,83.59,3427834,0.5175,1.0,HON
2015-08-17,82.67,83.29,82.01,83.24,83.24,2282090,0.0,1.0,HON
2015-08-14,82.75,83.18,82.58,83.08,83.08,1577039,0.0,1.0,HON
2015-08-13,82.22,82.94,81.94,82.64,82.64,2072322,0.0,1.0,HON
2015-08-12,82.46,82.84,81.16,82.66,82.66,3677381,0.0,1.0,HON
2015-08-11,83.1,83.38,81.85,82.52,82.52,3234406,0.0,1.0,HON
2015-08-10,83.37,84.12,83.28,84.04,84.04,2215846,0.0,1.0,HON
2015-08-07,82.75,82.97,82.23,82.59,82.59,1821847,0.0,1.0,HON
2015-08-06,82.86,83.25,82.55,82.85,82.85,2125112,0.0,1.0,HON
2015-08-05,82.63,83.23,82.43,82.81,82.81,1948048,0.0,1.0,HON
2015-08-04,82.01,82.55,81.52,81.94,81.94,2875989,0.0,1.0,HON
2015-08-03,82.25,82.25,81.37,82.0,82.0,2348098,0.0,1.0,HON
2015-07-31,82.83,82.95,82.18,82.27,82.27,1979035,0.0,1.0,HON
2015-07-30,82.25,82.84,81.93,82.53,82.53,2212355,0.0,1.0,HON
2015-07-29,81.61,82.89,81.41,82.66,82.66,2572942,0.0,1.0,HON
2015-07-28,80.43,81.86,80.12,81.61,81.61,3928774,0.0,1.0,HON
2015-07-27,79.88,79.92,79.38,79.6,79.6,3291338,0.0,1.0,HON
2015-07-24,81.58,81.86,80.12,80.49,80.49,2803327,0.0,1.0,HON
2015-07-23,82.06,82.6,81.62,81.7,81.7,2369342,0.0,1.0,HON
2015-07-22,82.52,82.64,81.85,82.03,82.03,3127656,0.0,1.0,HON
2015-07-21,83.03,83.33,82.38,82.55,82.55,3724264,0.0,1.0,HON
2015-07-20,82.78,83.64,82.65,83.31,83.31,4522601,0.0,1.0,HON
2015-07-17,82.17,83.5,81.66,82.66,82.66,5442440,0.0,1.0,HON
2015-07-16,82.15,82.15,80.69,81.11,81.11,4628436,0.0,1.0,HON
2015-07-15,81.51,81.81,81.11,81.33,81.33,2735262,0.0,1.0,HON
2015-07-14,81.23,81.77,80.98,81.51,81.51,1443184,0.0,1.0,HON
2015-07-13,80.93,81.35,80.76,81.27,81.27,1608582,0.0,1.0,HON
2015-07-10,79.88,80.41,79.56,80.21,80.21,2574353,0.0,1.0,HON
2015-07-09,80.14,80.45,79.21,79.24,79.24,2720726,0.0,1.0,HON
2015-07-08,79.88,80.19,78.91,79.08,79.08,2346225,0.0,1.0,HON
2015-07-07,80.21,80.65,79.14,80.54,80.54,2365298,0.0,1.0,HON
2015-07-06,79.49,80.64,79.38,80.18,80.18,2262461,0.0,1.0,HON
2015-07-02,80.78,80.91,80.03,80.28,80.28,1793136,0.0,1.0,HON
2015-07-01,80.65,81.04,80.26,80.54,80.54,2171453,0.0,1.0,HON
2015-06-30,80.41,80.76,79.55,79.86,79.86,2195484,0.0,1.0,HON
2015-06-29,80.61,80.79,79.74,79.77,79.77,2139317,0.0,1.0,HON
2015-06-26,81.24,81.26,80.81,81.09,81.09,2114520,0.0,1.0,HON
2015-06-25,82.29,82.29,80.84,80.95,80.95,1449591,0.0,1.0,HON
2015-06-24,82.04,82.44,81.53,81.53,81.53,2298884,0.0,1.0,HON
2015-06-23,82.45,82.51,81.86,82.05,82.05,1809240,0.0,1.0,HON
2015-06-22,82.94,83.18,81.88,82.52,82.52,2188899,0.0,1.0,HON
2015-06-19,82.41,82.93,82.31,82.5,82.5,2782296,0.0,1.0,HON
2015-06-18,81.69,82.95,81.69,82.65,82.65,2227744,0.0,1.0,HON
2015-06-17,81.75,82.0,80.84,81.61,81.61,2669161,0.0,1.0,HON
2015-06-16,80.81,81.71,80.74,81.53,81.53,1816189,0.0,1.0,HON
2015-06-15,80.81,81.18,80.14,81.01,81.01,2869411,0.0,1.0,HON
2015-06-12,81.8,82.08,81.21,81.49,81.49,1249695,0.0,1.0,HON
2015-06-11,82.41,82.41,81.87,82.16,82.16,1631752,0.0,1.0,HON
2015-06-10,81.69,82.24,81.18,82.05,82.05,2103098,0.0,1.0,HON
2015-06-09,80.93,81.44,80.85,81.11,81.11,1524179,0.0,1.0,HON
2015-06-08,81.27,81.39,80.86,80.87,80.87,1472982,0.0,1.0,HON
2015-06-05,81.2,81.5,80.96,81.25,81.25,1593901,0.0,1.0,HON
2015-06-04,81.69,82.12,81.0,81.23,81.23,2469631,0.0,1.0,HON
2015-06-03,82.23,82.54,81.69,82.22,82.22,1517008,0.0,1.0,HON
2015-06-02,81.43,82.34,80.79,81.89,81.89,1954600,0.0,1.0,HON
2015-06-01,81.63,82.01,81.07,81.5,81.5,2152072,0.0,1.0,HON
2015-05-29,82.59,82.66,81.45,81.61,81.61,2375774,0.0,1.0,HON
2015-05-28,82.51,82.84,82.09,82.77,82.77,2407204,0.0,1.0,HON
2015-05-27,82.35,82.69,82.06,82.53,82.53,2091700,0.0,1.0,HON
2015-05-26,82.63,82.76,81.82,82.11,82.11,2182430,0.0,1.0,HON
2015-05-22,83.23,83.41,82.89,82.95,82.95,1457980,0.0,1.0,HON
2015-05-21,83.24,83.64,83.08,83.3,83.3,2659720,0.0,1.0,HON
2015-05-20,82.95,83.47,82.7,83.2,83.2,3377246,0.0,1.0,HON
2015-05-19,83.34,83.51,82.73,82.87,82.87,2502058,0.5175,1.0,HON
2015-05-18,83.12,83.47,83.07,83.21,83.21,3039502,0.0,1.0,HON
2015-05-15,83.14,83.33,82.68,83.28,83.28,5467990,0.0,1.0,HON
2015-05-14,81.72,83.07,81.44,82.96,82.96,4946186,0.0,1.0,HON
2015-05-13,80.35,82.01,80.3,81.4,81.4,4612028,0.0,1.0,HON
2015-05-12,79.4,79.84,79.07,79.74,79.74,2481610,0.0,1.0,HON
2015-05-11,80.26,80.58,79.93,80.03,80.03,3379731,0.0,1.0,HON
2015-05-08,79.67,79.86,79.44,79.59,79.59,3955189,0.0,1.0,HON
2015-05-07,78.44,78.84,78.05,78.72,78.72,4486724,0.0,1.0,HON
2015-05-06,79.61,79.69,78.18,78.71,78.71,3834613,0.0,1.0,HON
2015-05-05,79.9,80.18,78.93,79.14,79.14,2214769,0.0,1.0,HON
2015-05-04,79.87,80.54,79.75,79.95,79.95,2382783,0.0,1.0,HON
2015-05-01,79.15,79.9,79.04,79.89,79.89,2100208,0.0,1.0,HON
2015-04-30,79.15,79.46,78.47,78.65,78.65,3128167,0.0,1.0,HON
2015-04-29,79.69,80.15,79.14,79.29,79.29,2715924,0.0,1.0,HON
2015-04-28,80.24,80.52,79.45,80.22,80.22,2105935,0.0,1.0,HON
2015-04-27,80.18,80.48,79.81,79.92,79.92,1862979,0.0,1.0,HON
2015-04-24,80.25,80.31,79.78,79.89,79.89,2699991,0.0,1.0,HON
2015-04-23,79.48,80.62,79.27,80.28,80.28,3230534,0.0,1.0,HON
2015-04-22,78.9,79.77,78.73,79.64,79.64,3329405,0.0,1.0,HON
2015-04-21,80.03,80.25,78.73,78.97,78.97,3158637,0.0,1.0,HON
2015-04-20,79.61,80.15,79.57,79.95,79.95,3044257,0.0,1.0,HON
2015-04-17,80.28,80.54,78.61,79.26,79.26,6716311,0.0,1.0,HON
2015-04-16,80.45,81.18,80.31,80.99,80.99,3360309,0.0,1.0,HON
2015-04-15,80.86,81.24,80.66,80.89,80.89,2222864,0.0,1.0,HON
2015-04-14,80.25,80.7,79.87,80.47,80.47,2186910,0.0,1.0,HON
2015-04-13,81.3,81.56,80.49,80.49,80.49,2801858,0.0,1.0,HON
2015-04-10,81.65,81.76,81.03,81.6,81.6,2107757,0.0,1.0,HON
2015-04-09,80.95,81.55,80.63,81.36,81.36,1956376,0.0,1.0,HON
2015-04-08,81.05,81.63,80.66,80.94,80.94,2086157,0.0,1.0,HON
2015-04-07,81.34,81.72,81.16,81.16,81.16,1829911,0.0,1.0,HON
2015-04-06,80.13,81.88,80.07,81.44,81.44,2198144,0.0,1.0,HON
2015-04-02,80.56,81.06,80.13,80.67,80.67,2037184,0.0,1.0,HON
2015-04-01,81.09,81.13,79.98,80.46,80.46,2651249,0.0,1.0,HON
2015-03-31,81.25,81.69,80.89,81.3,81.3,2750984,0.0,1.0,HON
2015-03-30,80.83,81.91,80.73,81.76,81.76,2585564,0.0,1.0,HON
2015-03-27,79.58,80.31,79.5,80.24,80.24,3189392,0.0,1.0,HON
2015-03-26,79.01,79.97,78.62,79.63,79.63,2777334,0.0,1.0,HON
2015-03-25,81.37,81.37,79.43,79.44,79.44,2468946,0.0,1.0,HON
2015-03-24,81.13,81.7,80.84,81.1,81.1,2399049,0.0,1.0,HON
2015-03-23,82.14,82.14,80.99,81.29,81.29,4021247,0.0,1.0,HON
2015-03-20,80.83,82.73,80.74,82.15,82.15,9962893,0.0,1.0,HON
2015-03-19,80.49,80.73,79.86,80.29,80.29,2238108,0.0,1.0,HON
2015-03-18,79.48,81.26,78.86,80.93,80.93,2958765,0.0,1.0,HON
2015-03-17,79.52,79.89,79.37,79.66,79.66,1849938,0.0,1.0,HON
2015-03-16,79.11,80.16,79.02,80.1,80.1,2236508,0.0,1.0,HON
2015-03-13,79.78,79.85,78.17,78.85,78.85,2587479,0.0,1.0,HON
2015-03-12,78.71,79.94,78.71,79.85,79.85,2604688,0.0,1.0,HON
2015-03-11,78.93,79.08,78.39,78.44,78.44,2468878,0.0,1.0,HON
2015-03-10,79.6,79.81,78.85,78.85,78.85,3003271,0.0,1.0,HON
2015-03-09,79.61,80.66,79.5,80.38,80.38,2482900,0.0,1.0,HON
2015-03-06,79.74,80.1,79.18,79.39,79.39,2468301,0.0,1.0,HON
2015-03-05,80.84,80.93,80.28,80.38,80.38,2242872,0.0,1.0,HON
2015-03-04,81.34,81.34,79.82,80.31,80.31,2505356,0.0,1.0,HON
2015-03-03,80.96,81.37,80.74,81.09,81.09,2485237,0.0,1.0,HON
2015-03-02,79.93,81.55,79.91,81.51,81.51,3190361,0.0,1.0,HON
2015-02-27,80.55,80.95,80.06,80.1,80.1,2995067,0.0,1.0,HON
2015-02-26,81.21,81.34,80.61,80.77,80.77,1904700,0.0,1.0,HON
2015-02-25,81.13,81.69,81.11,81.36,81.36,2143299,0.0,1.0,HON
2015-02-24,80.92,81.48,80.73,81.29,81.29,2352226,0.5175,1.0,HON
2015-02-23,81.66,81.66,80.74,80.95,80.95,3075954,0.0,1.0,HON
2015-02-20,81.11,81.73,80.33,81.71,81.71,3375001,0.0,1.0,HON
2015-02-19,80.86,81.42,80.67,81.2,81.2,1961666,0.0,1.0,HON
2015-02-18,80.83,81.39,80.7,81.14,81.14,2267560,0.0,1.0,HON
2015-02-17,80.71,80.98,80.39,80.65,80.65,2298193,0.0,1.0,HON
2015-02-13,80.07,81.0,80.07,80.95,80.95,1970287,0.0,1.0,HON
2015-02-12,79.62,80.43,79.61,80.27,80.27,1942140,0.0,1.0,HON
2015-02-11,79.25,79.73,79.0,79.44,79.44,1924634,0.0,1.0,HON
2015-02-10,79.1,79.6,78.69,79.44,79.44,1702930,0.0,1.0,HON
2015-02-09,78.68,79.09,78.43,78.79,78.79,2253529,0.0,1.0,HON
2015-02-06,79.3,79.77,78.67,78.91,78.91,2404731,0.0,1.0,HON
2015-02-05,78.33,79.49,78.2,79.37,79.37,2555516,0.0,1.0,HON
2015-02-04,78.24,78.72,77.87,78.13,78.13,2464495,0.0,1.0,HON
2015-02-03,77.55,78.57,77.52,78.54,78.54,2764281,0.0,1.0,HON
2015-02-02,76.44,77.45,75.18,77.37,77.37,3562538,0.0,1.0,HON
2015-01-30,76.98,77.36,75.64,75.82,75.82,4098685,0.0,1.0,HON
2015-01-29,77.2,77.79,76.05,77.68,77.68,4530282,0.0,1.0,HON
2015-01-28,78.74,79.49,77.37,77.41,77.41,3812791,0.0,1.0,HON
2015-01-27,78.2,78.94,77.53,78.25,78.25,2516231,0.0,1.0,HON
2015-01-26,79.43,79.48,78.53,79.02,79.02,3299888,0.0,1.0,HON
2015-01-23,78.33,80.59,77.94,79.49,79.49,5882370,0.0,1.0,HON
2015-01-22,77.36,77.51,76.1,77.08,77.08,4425268,0.0,1.0,HON
2015-01-21,76.37,77.17,76.12,76.97,76.97,2505298,0.0,1.0,HON
2015-01-20,76.99,77.36,75.96,76.76,76.76,3806762,0.0,1.0,HON
2015-01-16,75.12,76.25,74.84,76.17,76.17,4829826,0.0,1.0,HON
2015-01-15,76.98,77.08,75.3,75.31,75.31,3496497,0.0,1.0,HON
2015-01-14,75.75,76.75,75.75,76.54,76.54,3099348,0.0,1.0,HON
2015-01-13,76.89,77.73,76.0,76.89,76.89,3422759,0.0,1.0,HON
2015-01-12,76.93,77.06,75.41,76.35,76.35,2759768,0.0,1.0,HON
2015-01-09,78.09,78.16,76.64,76.72,76.72,2638283,0.0,1.0,HON
2015-01-08,77.27,78.17,77.27,78.02,78.02,2565229,0.0,1.0,HON
2015-01-07,76.83,77.44,76.38,76.62,76.62,2610530,0.0,1.0,HON
2015-01-06,76.23,77.16,75.64,76.07,76.07,4234040,0.0,1.0,HON
2015-01-05,77.47,77.47,76.0,76.25,76.25,3158662,0.0,1.0,HON
2015-01-02,77.71,78.21,76.85,77.73,77.73,2128812,0.0,1.0,HON
2014-12-31,78.3,78.6,77.45,77.49,77.49,1751626,0.0,1.0,HON
2014-12-30,78.48,78.66,77.99,78.11,78.11,1485503,0.0,1.0,HON
2014-12-29,78.65,79.05,78.47,78.85,78.85,985553,0.0,1.0,HON
2014-12-26,79.14,79.25,78.81,78.82,78.82,1025890,0.0,1.0,HON
2014-12-24,79.37,79.41,79.06,79.07,79.07,606522,0.0,1.0,HON
2014-12-23,78.8,79.4,78.75,79.09,79.09,1522902,0.0,1.0,HON
2014-12-22,78.3,79.09,78.19,78.49,78.49,2559926,0.0,1.0,HON
2014-12-19,78.06,78.91,77.89,78.45,78.45,4415719,0.0,1.0,HON
2014-12-18,76.75,78.04,76.52,78.04,78.04,3656979,0.0,1.0,HON
2014-12-17,74.76,75.87,74.13,75.74,75.74,4921612,0.0,1.0,HON
2014-12-16,74.38,76.05,74.3,74.74,74.74,4038527,0.0,1.0,HON
2014-12-15,75.25,75.48,73.96,74.3,74.3,3322584,0.0,1.0,HON
2014-12-12,75.3,75.61,74.33,74.36,74.36,2363598,0.0,1.0,HON
2014-12-11,75.77,76.39,75.67,75.92,75.92,2213474,0.0,1.0,HON
2014-12-10,76.92,76.97,75.54,75.61,75.61,2387999,0.0,1.0,HON
2014-12-09,75.61,77.09,75.57,77.02,77.02,1715351,0.0,1.0,HON
2014-12-08,77.06,77.38,76.44,76.58,76.58,1569076,0.0,1.0,HON
2014-12-05,77.26,77.68,77.07,77.31,77.31,1472400,0.0,1.0,HON
2014-12-04,77.44,77.44,76.59,76.98,76.98,1945182,0.0,1.0,HON
2014-12-03,76.11,77.6,76.11,77.53,77.53,2694797,0.0,1.0,HON
2014-12-02,75.59,75.89,75.4,75.89,75.89,1685592,0.0,1.0,HON
2014-12-01,76.47,76.71,75.47,75.54,75.54,3042486,0.0,1.0,HON
2014-11-28,76.97,77.05,76.73,76.83,76.83,1549101,0.0,1.0,HON
2014-11-26,76.89,76.95,76.68,76.84,76.84,2183045,0.0,1.0,HON
2014-11-25,76.2,76.94,76.12,76.68,76.68,2789005,0.0,1.0,HON
2014-11-24,76.42,76.67,75.97,76.21,76.21,1954914,0.0,1.0,HON
2014-11-21,75.8,76.32,75.7,76.18,76.18,3331276,0.0,1.0,HON
2014-11-20,74.56,75.13,74.33,75.02,75.02,1737475,0.0,1.0,HON
2014-11-19,74.89,74.99,74.45,74.89,74.89,1349761,0.0,1.0,HON
2014-11-18,74.64,75.41,74.52,75.09,75.09,2227922,0.5175,1.0,HON
2014-11-17,74.19,74.55,74.19,74.46,74.46,1741548,0.0,1.0,HON
2014-11-14,74.93,75.06,74.5,74.66,74.66,1348055,0.0,1.0,HON
2014-11-13,74.86,75.44,74.63,74.87,74.87,2418383,0.0,1.0,HON
2014-11-12,74.33,74.96,74.31,74.83,74.83,1810814,0.0,1.0,HON
2014-11-11,74.98,75.29,74.63,74.81,74.81,1234987,0.0,1.0,HON
2014-11-10,74.73,75.12,74.36,75.03,75.03,1828065,0.0,1.0,HON
2014-11-07,74.59,74.81,74.15,74.65,74.65,2364976,0.0,1.0,HON
2014-11-06,74.74,74.8,74.15,74.6,74.6,3018155,0.0,1.0,HON
2014-11-05,74.3,74.74,73.82,74.6,74.6,2776859,0.0,1.0,HON
2014-11-04,73.82,73.95,73.19,73.51,73.51,2691258,0.0,1.0,HON
2014-11-03,74.25,74.25,73.61,73.79,73.79,3090867,0.0,1.0,HON
2014-10-31,74.77,74.81,73.96,74.15,74.15,3995814,0.0,1.0,HON
2014-10-30,72.82,74.07,72.63,73.74,73.74,2292374,0.0,1.0,HON
2014-10-29,73.47,73.85,72.8,73.32,73.32,2604618,0.0,1.0,HON
2014-10-28,72.82,73.58,72.63,73.41,73.41,3184899,0.0,1.0,HON
2014-10-27,72.66,72.82,71.93,72.28,72.28,4131468,0.0,1.0,HON
2014-10-24,72.16,73.17,71.9,73.05,73.05,2663840,0.0,1.0,HON
2014-10-23,71.59,72.9,71.43,72.19,72.19,4083490,0.0,1.0,HON
2014-10-22,72.17,72.34,70.3,70.32,70.32,5254667,0.0,1.0,HON
2014-10-21,69.89,71.7,69.89,71.68,71.68,4539653,0.0,1.0,HON
2014-10-20,68.92,69.44,68.63,69.43,69.43,4513365,0.0,1.0,HON
2014-10-17,68.81,70.03,68.57,69.47,69.47,7843117,0.0,1.0,HON
2014-10-16,64.59,66.96,64.4,66.64,66.64,6011706,0.0,1.0,HON
2014-10-15,65.7,66.12,63.94,65.65,65.65,7911282,0.0,1.0,HON
2014-10-14,66.34,67.08,66.12,66.49,66.49,5621849,0.0,1.0,HON
2014-10-13,67.9,68.27,66.0,66.08,66.08,4127275,0.0,1.0,HON
2014-10-10,69.08,69.26,67.8,67.81,67.81,4656862,0.0,1.0,HON
2014-10-09,70.49,70.64,69.04,69.25,69.25,2691324,0.0,1.0,HON
2014-10-08,69.33,70.6,68.87,70.54,70.54,3456009,0.0,1.0,HON
2014-10-07,70.33,70.48,69.23,69.26,69.26,2590587,0.0,1.0,HON
2014-10-06,71.03,71.54,70.71,70.93,70.93,2392750,0.0,1.0,HON
2014-10-03,70.89,71.05,70.31,70.75,70.75,2543216,0.0,1.0,HON
2014-10-02,70.65,70.87,69.66,70.29,70.29,2724589,0.0,1.0,HON
2014-10-01,71.55,71.62,70.43,70.71,70.71,4462118,0.0,1.0,HON
2014-09-30,72.07,72.3,71.49,71.83,71.83,2562722,0.0,1.0,HON
2014-09-29,71.3,72.38,71.25,72.15,72.15,3054903,0.0,1.0,HON
2014-09-26,71.3,72.01,71.16,71.97,71.97,2392839,0.0,1.0,HON
2014-09-25,72.15,72.23,71.22,71.28,71.28,2247006,0.0,1.0,HON
2014-09-24,71.98,72.53,71.93,72.38,72.38,2343922,0.0,1.0,HON
2014-09-23,72.78,72.84,71.99,72.04,72.04,3324597,0.0,1.0,HON
2014-09-22,73.92,74.31,72.94,73.05,73.05,2216186,0.0,1.0,HON
2014-09-19,74.61,74.77,74.24,74.44,74.44,5388900,0.0,1.0,HON
2014-09-18,74.05,74.44,73.8,74.36,74.36,2636200,0.0,1.0,HON
2014-09-17,73.41,74.04,73.21,73.7,73.7,3133700,0.0,1.0,HON
2014-09-16,72.87,73.3,72.43,73.17,73.17,2237700,0.0,1.0,HON
2014-09-15,72.75,73.15,72.33,73.01,73.01,2711600,0.0,1.0,HON
2014-09-12,73.1,73.27,72.72,72.9,72.9,3024500,0.0,1.0,HON
2014-09-11,72.61,73.12,72.47,73.08,73.08,432178,0.0,1.0,HON
2014-09-10,72.61,73.12,72.47,73.08,73.08,2497100,0.0,1.0,HON
2014-09-09,73.31,73.5,72.77,72.87,72.87,2240500,0.0,1.0,HON
2014-09-08,73.7,73.77,73.26,73.47,73.47,2022000,0.0,1.0,HON
2014-09-05,73.28,73.91,72.9,73.75,73.75,1923400,0.0,1.0,HON
2014-09-04,73.65,74.07,73.14,73.28,73.28,2521500,0.0,1.0,HON
2014-09-03,73.95,74.02,73.48,73.64,73.64,1342000,0.0,1.0,HON
2014-09-02,73.42,73.89,73.33,73.67,73.67,1672800,0.0,1.0,HON
2014-08-29,73.55,73.72,73.15,73.46,73.46,1170600,0.0,1.0,HON
2014-08-28,73.39,73.59,73.05,73.51,73.51,945800,0.0,1.0,HON
2014-08-27,73.86,73.97,73.5,73.72,73.72,1303900,0.0,1.0,HON
2014-08-26,73.97,74.09,73.64,73.68,73.68,1494500,0.0,1.0,HON
2014-08-25,74.09,74.18,73.83,73.91,73.91,1185700,0.0,1.0,HON
2014-08-22,73.85,73.97,73.48,73.71,73.71,1449500,0.0,1.0,HON
2014-08-21,74.04,74.31,73.7,74.01,74.01,1511900,0.0,1.0,HON
2014-08-20,73.31,74.04,72.97,73.88,73.88,2572200,0.0,1.0,HON
2014-08-19,73.34,73.4,73.03,73.07,73.07,2393800,0.45,1.0,HON
2014-08-18,72.64,73.24,72.62,73.14,73.14,2831300,0.0,1.0,HON
2014-08-15,72.54,72.77,71.78,72.35,72.35,3457900,0.0,1.0,HON
2014-08-14,72.53,72.76,72.38,72.47,72.47,1957400,0.0,1.0,HON
2014-08-13,71.62,72.44,71.46,72.38,72.38,2236500,0.0,1.0,HON
2014-08-12,71.26,71.82,71.06,71.33,71.33,2197300,0.0,1.0,HON
2014-08-11,71.4,72.05,71.37,71.52,71.52,2812000,0.0,1.0,HON
2014-08-08,69.95,71.24,69.77,71.18,71.18,2923800,0.0,1.0,HON
2014-08-07,69.86,70.17,69.55,69.83,69.83,3588700,0.0,1.0,HON
2014-08-06,69.37,69.87,69.24,69.53,69.53,3886700,0.0,1.0,HON
2014-08-05,69.76,70.85,69.55,70.05,70.05,4288200,0.0,1.0,HON
2014-08-04,71.29,71.29,69.67,70.14,70.14,3324700,0.0,1.0,HON
2014-08-01,70.44,70.86,69.82,70.3,70.3,4633300,0.0,1.0,HON
2014-07-31,71.64,71.74,70.5,70.5,70.5,4108500,0.0,1.0,HON
2014-07-30,72.81,72.81,71.66,72.22,72.22,2636800,0.0,1.0,HON
2014-07-29,73.01,73.22,71.93,72.0,72.0,3487000,0.0,1.0,HON
2014-07-28,73.57,73.7,72.45,73.07,73.07,3307600,0.0,1.0,HON
2014-07-25,73.57,73.88,73.43,73.52,73.52,2245800,0.0,1.0,HON
2014-07-24,74.16,74.32,73.64,73.71,73.71,2193600,0.0,1.0,HON
2014-07-23,75.05,75.09,74.16,74.16,74.16,3170000,0.0,1.0,HON
2014-07-22,75.19,75.31,74.3,74.62,74.62,3836900,0.0,1.0,HON
2014-07-21,74.24,74.86,73.93,74.73,74.73,3741400,0.0,1.0,HON
2014-07-18,73.93,74.69,73.44,74.33,74.33,4488000,0.0,1.0,HON
2014-07-17,73.24,73.97,73.06,73.07,73.07,3776600,0.0,1.0,HON
2014-07-16,74.05,74.29,73.85,74.0,74.0,3166000,0.0,1.0,HON
2014-07-15,73.37,73.91,73.23,73.67,73.67,4025900,0.0,1.0,HON
2014-07-14,73.22,73.6,73.01,73.5,73.5,3118900,0.0,1.0,HON
2014-07-11,72.35,72.92,72.23,72.86,72.86,2536900,0.0,1.0,HON
2014-07-10,71.78,72.58,71.61,72.38,72.38,2780800,0.0,1.0,HON
2014-07-09,72.64,72.83,72.13,72.58,72.58,1883400,0.0,1.0,HON
2014-07-08,72.41,72.57,72.06,72.33,72.33,2418900,0.0,1.0,HON
2014-07-07,72.72,72.75,72.22,72.46,72.46,2914100,0.0,1.0,HON
2014-07-03,72.77,73.08,72.69,72.84,72.84,1521400,0.0,1.0,HON
2014-07-02,72.35,72.63,72.15,72.38,72.38,2260800,0.0,1.0,HON
2014-07-01,71.62,72.8,71.46,72.62,72.62,4379500,0.0,1.0,HON
2014-06-30,71.54,71.57,71.09,71.36,71.36,2354200,0.0,1.0,HON
2014-06-27,71.08,71.66,71.02,71.6,71.6,2021100,0.0,1.0,HON
2014-06-26,71.72,71.78,71.09,71.45,71.45,1713600,0.0,1.0,HON
2014-06-25,71.16,71.78,71.09,71.56,71.56,2260900,0.0,1.0,HON
2014-06-24,72.28,72.31,71.35,71.42,71.42,2854000,0.0,1.0,HON
2014-06-23,72.63,72.81,72.13,72.38,72.38,2237400,0.0,1.0,HON
2014-06-20,72.74,72.88,72.49,72.8,72.8,3101600,0.0,1.0,HON
2014-06-19,72.5,72.54,72.1,72.51,72.51,2350600,0.0,1.0,HON
2014-06-18,72.33,72.41,71.66,72.31,72.31,2974600,0.0,1.0,HON
2014-06-17,71.86,72.54,71.78,72.4,72.4,1855000,0.0,1.0,HON
2014-06-16,71.86,72.23,71.71,72.02,72.02,1884000,0.0,1.0,HON
2014-06-13,71.94,72.35,71.73,71.99,71.99,1875100,0.0,1.0,HON
2014-06-12,72.82,72.85,71.75,71.91,71.91,2476100,0.0,1.0,HON
2014-06-11,72.87,73.01,72.55,72.87,72.87,2061200,0.0,1.0,HON
2014-06-10,73.36,73.44,72.91,73.2,73.2,2635500,0.0,1.0,HON
2014-06-09,73.26,74.08,73.0,73.56,73.56,2676700,0.0,1.0,HON
2014-06-06,73.07,73.37,72.94,73.09,73.09,2775700,0.0,1.0,HON
2014-06-05,72.17,73.19,72.02,72.9,72.9,3344200,0.0,1.0,HON
2014-06-04,71.56,72.16,71.32,72.05,72.05,2294700,0.0,1.0,HON
2014-06-03,71.55,71.72,71.12,71.6,71.6,2777700,0.0,1.0,HON
2014-06-02,71.63,71.84,71.19,71.72,71.72,1656700,0.0,1.0,HON
2014-05-30,71.09,71.56,71.02,71.52,71.52,2412300,0.0,1.0,HON
2014-05-29,71.06,71.29,70.93,71.27,71.27,1576400,0.0,1.0,HON
2014-05-28,70.85,71.32,70.84,71.02,71.02,2048100,0.0,1.0,HON
2014-05-27,70.98,71.02,70.73,70.91,70.91,1800500,0.0,1.0,HON
2014-05-23,70.07,70.7,70.07,70.61,70.61,1863700,0.0,1.0,HON
2014-05-22,70.14,70.43,69.87,70.21,70.21,2380000,0.0,1.0,HON
2014-05-21,69.71,70.18,69.64,70.07,70.07,2710200,0.0,1.0,HON
2014-05-20,70.05,70.23,69.15,69.37,69.37,2762500,0.45,1.0,HON
2014-05-19,69.53,70.24,69.47,70.2,70.2,2846300,0.0,1.0,HON
2014-05-16,69.56,69.76,69.28,69.67,69.67,3543400,0.0,1.0,HON
2014-05-15,70.63,70.76,69.52,69.64,69.64,4982900,0.0,1.0,HON
2014-05-14,72.01,72.23,70.76,70.85,70.85,2636900,0.0,1.0,HON
2014-05-13,72.19,72.4,71.85,71.98,71.98,2517000,0.0,1.0,HON
2014-05-12,71.2,72.14,71.2,72.11,72.11,2383100,0.0,1.0,HON
2014-05-09,70.86,71.04,70.51,70.89,70.89,1832000,0.0,1.0,HON
2014-05-08,70.8,71.54,70.72,71.02,71.02,2219300,0.0,1.0,HON
2014-05-07,70.23,71.02,69.92,70.99,70.99,2523700,0.0,1.0,HON
2014-05-06,70.58,70.69,69.95,69.96,69.96,2572000,0.0,1.0,HON
2014-05-05,70.41,70.96,70.15,70.75,70.75,3215200,0.0,1.0,HON
2014-05-02,70.46,70.92,70.34,70.57,70.57,2829800,0.0,1.0,HON
2014-05-01,70.92,71.18,70.27,70.47,70.47,2502500,0.0,1.0,HON
2014-04-30,70.48,71.23,70.21,70.97,70.97,3424900,0.0,1.0,HON
2014-04-29,70.79,70.98,70.27,70.64,70.64,2602900,0.0,1.0,HON
2014-04-28,70.94,71.32,69.82,70.63,70.63,2807000,0.0,1.0,HON
2014-04-25,71.54,71.65,70.63,70.78,70.78,2970400,0.0,1.0,HON
2014-04-24,72.22,72.25,71.36,71.53,71.53,2832500,0.0,1.0,HON
2014-04-23,70.91,71.93,70.91,71.83,71.83,3454100,0.0,1.0,HON
2014-04-22,71.23,71.8,71.04,71.31,71.31,2862900,0.0,1.0,HON
2014-04-21,71.41,71.41,70.64,71.18,71.18,2647700,0.0,1.0,HON
2014-04-17,71.51,71.77,70.45,71.12,71.12,3931500,0.0,1.0,HON
2014-04-16,70.67,71.29,70.34,71.28,71.28,3462900,0.0,1.0,HON
2014-04-15,69.58,70.11,68.73,70.06,70.06,3572300,0.0,1.0,HON
2014-04-14,69.66,69.76,68.77,69.46,69.46,1940000,0.0,1.0,HON
2014-04-11,69.08,69.86,68.91,69.06,69.06,2750600,0.0,1.0,HON
2014-04-10,71.2,71.35,69.78,69.78,69.78,2538000,0.0,1.0,HON
2014-04-09,70.41,71.25,70.18,71.21,71.21,2745600,0.0,1.0,HON
2014-04-08,71.38,71.38,69.65,70.26,70.26,2075200,0.0,1.0,HON
2014-04-07,71.26,71.4,69.95,70.21,70.21,2826900,0.0,1.0,HON
2014-04-04,72.23,72.7,71.27,71.3,71.3,3326800,0.0,1.0,HON
2014-04-03,71.89,72.07,71.48,72.02,72.02,2321400,0.0,1.0,HON
2014-04-02,71.38,71.96,71.15,71.72,71.72,2882400,0.0,1.0,HON
2014-04-01,71.16,71.32,70.75,71.25,71.25,2240300,0.0,1.0,HON
2014-03-31,70.02,70.99,69.84,70.86,70.86,3330400,0.0,1.0,HON
2014-03-28,69.14,69.93,69.12,69.44,69.44,2474300,0.0,1.0,HON
2014-03-27,69.49,69.66,68.8,68.98,68.98,3317800,0.0,1.0,HON
2014-03-26,70.94,71.1,69.39,69.4,69.4,3227300,0.0,1.0,HON
2014-03-25,70.73,70.99,70.12,70.62,70.62,2367300,0.0,1.0,HON
2014-03-24,71.36,71.55,69.91,70.26,70.26,3695000,0.0,1.0,HON
2014-03-21,71.85,72.41,71.02,71.04,71.04,4799500,0.0,1.0,HON
2014-03-20,70.96,71.35,70.66,71.01,71.01,2389100,0.0,1.0,HON
2014-03-19,71.65,71.83,70.44,70.96,70.96,2379400,0.0,1.0,HON
2014-03-18,71.6,71.7,71.32,71.62,71.62,2320500,0.0,1.0,HON
2014-03-17,70.67,71.67,70.64,71.35,71.35,3116400,0.0,1.0,HON
2014-03-14,70.75,71.11,70.19,70.29,70.29,3284700,0.0,1.0,HON
2014-03-13,72.07,72.19,70.76,70.93,70.93,3532900,0.0,1.0,HON
2014-03-12,71.25,71.7,70.75,71.7,71.7,2649300,0.0,1.0,HON
2014-03-11,72.67,72.78,71.75,71.9,71.9,2447000,0.0,1.0,HON
2014-03-10,72.61,72.89,72.34,72.77,72.77,2526600,0.0,1.0,HON
2014-03-07,72.94,73.27,72.74,72.91,72.91,4810200,0.0,1.0,HON
2014-03-06,72.61,72.96,72.35,72.38,72.38,3742500,0.0,1.0,HON
2014-03-05,72.87,73.22,72.24,72.32,72.32,4219100,0.0,1.0,HON
2014-03-04,72.32,73.02,72.21,72.27,72.27,3903300,0.0,1.0,HON
2014-03-03,70.83,71.86,70.72,71.5,71.5,2697200,0.0,1.0,HON
2014-02-28,72.04,72.74,71.68,72.15,72.15,3211700,0.0,1.0,HON
2014-02-27,71.52,72.19,71.38,72.09,72.09,2063900,0.0,1.0,HON
2014-02-26,71.47,72.22,71.43,71.7,71.7,2620700,0.0,1.0,HON
2014-02-25,71.53,72.03,71.22,71.71,71.71,3246200,0.45,1.0,HON
2014-02-24,71.74,72.38,71.28,71.29,71.29,2959300,0.0,1.0,HON
2014-02-21,71.35,71.8,71.25,71.42,71.42,3218600,0.0,1.0,HON
2014-02-20,70.88,71.49,70.5,71.13,71.13,2297700,0.0,1.0,HON
2014-02-19,71.45,72.28,70.58,70.67,70.67,4265500,0.0,1.0,HON
2014-02-18,71.78,72.02,71.37,71.73,71.73,2340600,0.0,1.0,HON
2014-02-14,71.84,72.09,71.38,71.93,71.93,2557600,0.0,1.0,HON
2014-02-13,71.07,71.92,70.91,71.87,71.87,2339400,0.0,1.0,HON
2014-02-12,71.89,72.13,71.4,71.69,71.69,2477800,0.0,1.0,HON
2014-02-11,70.78,71.89,70.66,71.59,71.59,2978500,0.0,1.0,HON
2014-02-10,70.78,71.32,70.33,70.59,70.59,3281400,0.0,1.0,HON
2014-02-07,69.71,70.93,69.54,70.83,70.83,4195700,0.0,1.0,HON
2014-02-06,68.36,69.33,68.25,69.29,69.29,2185100,0.0,1.0,HON
2014-02-05,67.82,68.39,67.29,68.12,68.12,4273200,0.0,1.0,HON
2014-02-04,67.64,68.42,67.11,68.24,68.24,3935200,0.0,1.0,HON
2014-02-03,69.36,69.92,67.41,67.48,67.48,4236400,0.0,1.0,HON
2014-01-31,68.88,70.06,68.62,69.36,69.36,3706400,0.0,1.0,HON
2014-01-30,68.95,69.85,68.77,69.72,69.72,3150400,0.0,1.0,HON
2014-01-29,68.12,68.84,67.86,68.23,68.23,3964600,0.0,1.0,HON
2014-01-28,68.62,69.33,68.53,68.77,68.77,2928000,0.0,1.0,HON
2014-01-27,67.84,69.16,67.84,68.65,68.65,6587200,0.0,1.0,HON
2014-01-24,68.09,69.12,67.23,67.26,67.26,5022500,0.0,1.0,HON
2014-01-23,68.7,68.97,67.84,68.28,68.28,4178600,0.0,1.0,HON
2014-01-22,69.12,69.38,68.59,69.26,69.26,2736000,0.0,1.0,HON
2014-01-21,68.89,69.21,68.31,68.88,68.88,2502800,0.0,1.0,HON
2014-01-17,68.59,68.77,68.17,68.39,68.39,2600600,0.0,1.0,HON
2014-01-16,68.32,68.62,68.23,68.47,68.47,1638700,0.0,1.0,HON
2014-01-15,68.3,68.55,68.12,68.36,68.36,2471100,0.0,1.0,HON
2014-01-14,67.87,68.04,67.0,67.96,67.96,2901400,0.0,1.0,HON
2014-01-13,68.33,68.77,67.47,67.57,67.57,2477600,0.0,1.0,HON
2014-01-10,68.94,69.04,68.24,68.55,68.55,2998800,0.0,1.0,HON
2014-01-09,69.1,69.52,68.62,68.78,68.78,1812600,0.0,1.0,HON
2014-01-08,68.48,69.04,68.37,68.76,68.76,2645300,0.0,1.0,HON
2014-01-07,68.86,69.29,68.78,69.04,69.04,1573700,0.0,1.0,HON
2014-01-06,69.15,69.39,68.73,68.75,68.75,1955800,0.0,1.0,HON
2014-01-03,68.8,69.16,68.68,68.82,68.82,1472500,0.0,1.0,HON
2014-01-02,69.16,69.29,68.47,68.67,68.67,1744200,0.0,1.0,HON
2013-12-31,69.09,69.61,68.98,69.47,69.47,1456500,0.0,1.0,HON
2013-12-30,69.43,69.52,69.03,69.19,69.19,1450300,0.0,1.0,HON
2013-12-27,69.44,69.51,69.24,69.29,69.29,1065900,0.0,1.0,HON
2013-12-26,68.87,69.35,68.85,69.26,69.26,2173300,0.0,1.0,HON
2013-12-24,68.4,68.89,68.21,68.77,68.77,854300,0.0,1.0,HON
2013-12-23,68.43,68.59,67.94,68.21,68.21,2298500,0.0,1.0,HON
2013-12-20,67.53,68.43,67.37,68.09,68.09,3839700,0.0,1.0,HON
2013-12-19,66.96,67.45,66.88,67.39,67.39,2558000,0.0,1.0,HON
2013-12-18,65.98,67.27,65.31,67.25,67.25,3583500,0.0,1.0,HON
2013-12-17,66.59,66.89,65.72,65.75,65.75,3656500,0.0,1.0,HON
2013-12-16,66.1,66.7,65.74,66.43,66.43,3131400,0.0,1.0,HON
2013-12-13,65.81,66.44,65.21,65.85,65.85,4191700,0.0,1.0,HON
2013-12-12,65.55,65.92,65.33,65.61,65.61,2926700,0.0,1.0,HON
2013-12-11,66.74,66.75,65.59,65.73,65.73,2887800,0.0,1.0,HON
2013-12-10,66.65,67.12,66.47,66.78,66.78,1770400,0.0,1.0,HON
2013-12-09,67.2,67.3,66.7,66.81,66.81,1805000,0.0,1.0,HON
2013-12-06,66.97,67.27,66.69,67.15,67.15,1653900,0.0,1.0,HON
2013-12-05,65.92,66.37,65.77,66.04,66.04,1793400,0.0,1.0,HON
2013-12-04,66.02,66.36,65.53,66.02,66.02,2423600,0.0,1.0,HON
2013-12-03,66.87,66.87,65.9,66.2,66.2,2317500,0.0,1.0,HON
2013-12-02,67.27,67.66,66.91,67.01,67.01,2052500,0.0,1.0,HON
2013-11-29,67.54,67.79,67.2,67.29,67.29,1156200,0.0,1.0,HON
2013-11-27,67.66,67.98,67.43,67.57,67.57,1171000,0.0,1.0,HON
2013-11-26,67.4,67.74,67.23,67.31,67.31,1834000,0.0,1.0,HON
2013-11-25,67.67,67.87,67.27,67.36,67.36,1664900,0.0,1.0,HON
2013-11-22,66.81,67.56,66.66,67.51,67.51,1914600,0.0,1.0,HON
2013-11-21,66.46,66.94,66.42,66.86,66.86,1618200,0.0,1.0,HON
2013-11-20,67.02,67.02,66.22,66.31,66.31,1796600,0.0,1.0,HON
2013-11-19,66.92,67.26,66.68,66.8,66.8,1777700,0.45,1.0,HON
2013-11-18,67.23,67.72,66.97,67.08,67.08,2416600,0.0,1.0,HON
2013-11-15,66.78,67.15,66.72,67.03,67.03,2572300,0.0,1.0,HON
2013-11-14,66.38,67.19,66.11,67.07,67.07,2799200,0.0,1.0,HON
2013-11-13,65.33,66.2,65.15,66.2,66.2,2659200,0.0,1.0,HON
2013-11-12,65.98,66.11,65.4,65.5,65.5,2438100,0.0,1.0,HON
2013-11-11,66.09,66.32,65.87,66.13,66.13,2042700,0.0,1.0,HON
2013-11-08,64.69,66.16,64.58,66.14,66.14,2741500,0.0,1.0,HON
2013-11-07,65.61,65.8,64.55,64.64,64.64,2392100,0.0,1.0,HON
2013-11-06,65.67,65.95,65.35,65.6,65.6,1793900,0.0,1.0,HON
2013-11-05,65.09,65.57,64.61,65.31,65.31,1975300,0.0,1.0,HON
2013-11-04,65.81,65.81,64.98,65.29,65.29,3240400,0.0,1.0,HON
2013-11-01,65.64,66.39,65.46,65.74,65.74,3092500,0.0,1.0,HON
2013-10-31,65.7,66.3,65.43,65.61,65.61,2290000,0.0,1.0,HON
2013-10-30,66.2,66.52,65.48,65.6,65.6,1827800,0.0,1.0,HON
2013-10-29,65.89,66.2,65.76,66.16,66.16,1940800,0.0,1.0,HON
2013-10-28,65.92,66.23,65.74,66.06,66.06,1941500,0.0,1.0,HON
2013-10-25,65.96,66.22,65.54,66.19,66.19,2747700,0.0,1.0,HON
2013-10-24,65.7,66.13,65.6,66.02,66.02,2255900,0.0,1.0,HON
2013-10-23,65.15,65.57,64.7,65.57,65.57,2698800,0.0,1.0,HON
2013-10-22,64.27,65.42,64.22,65.17,65.17,3334300,0.0,1.0,HON
2013-10-21,63.98,64.18,63.59,64.03,64.03,3512500,0.0,1.0,HON
2013-10-18,64.83,65.01,63.31,63.98,63.98,7040200,0.0,1.0,HON
2013-10-17,64.59,65.64,64.44,65.61,65.61,2679400,0.0,1.0,HON
2013-10-16,64.89,65.18,64.3,64.86,64.86,2419100,0.0,1.0,HON
2013-10-15,64.87,65.05,64.27,64.4,64.4,1974300,0.0,1.0,HON
2013-10-14,64.81,65.16,64.55,65.04,65.04,2850700,0.0,1.0,HON
2013-10-11,64.3,65.44,64.22,65.4,65.4,3390900,0.0,1.0,HON
2013-10-10,62.67,64.36,62.63,64.36,64.36,3602600,0.0,1.0,HON
2013-10-09,62.03,62.41,61.61,61.95,61.95,2634400,0.0,1.0,HON
2013-10-08,62.63,63.05,61.87,61.89,61.89,3047300,0.0,1.0,HON
2013-10-07,61.61,63.09,61.35,62.72,62.72,3575700,0.0,1.0,HON
2013-10-04,61.78,62.4,61.51,62.21,62.21,2536600,0.0,1.0,HON
2013-10-03,62.5,62.63,61.3,61.61,61.61,2633200,0.0,1.0,HON
2013-10-02,62.52,62.69,62.09,62.66,62.66,2930800,0.0,1.0,HON
2013-10-01,62.88,63.18,62.68,62.95,62.95,2447400,0.0,1.0,HON
2013-09-30,62.63,63.11,62.31,62.81,62.81,2489500,0.0,1.0,HON
2013-09-27,63.2,63.39,62.9,63.22,63.22,1704500,0.0,1.0,HON
2013-09-26,63.56,63.87,63.32,63.58,63.58,1387500,0.0,1.0,HON
2013-09-25,63.79,64.05,63.42,63.42,63.42,2248500,0.0,1.0,HON
2013-09-24,63.62,64.27,63.34,63.73,63.73,2279000,0.0,1.0,HON
2013-09-23,64.46,64.66,63.52,63.64,63.64,3266900,0.0,1.0,HON
2013-09-20,65.51,65.59,64.66,64.66,64.66,3460700,0.0,1.0,HON
2013-09-19,65.75,66.23,65.56,65.65,65.65,2285300,0.0,1.0,HON
2013-09-18,64.61,65.72,64.22,65.54,65.54,2276500,0.0,1.0,HON
2013-09-17,64.4,64.8,64.3,64.64,64.64,1986500,0.0,1.0,HON
2013-09-16,64.38,64.55,63.87,64.37,64.37,2135200,0.0,1.0,HON
2013-09-13,63.56,63.61,63.03,63.58,63.58,1658800,0.0,1.0,HON
2013-09-12,63.6,63.86,63.37,63.37,63.37,2016100,0.0,1.0,HON
2013-09-11,63.69,63.84,63.28,63.56,63.56,2512700,0.0,1.0,HON
2013-09-10,62.77,63.76,62.63,63.64,63.64,2362700,0.0,1.0,HON
2013-09-09,61.91,62.58,61.85,62.35,62.35,2270100,0.0,1.0,HON
2013-09-06,61.69,62.2,60.7,61.77,61.77,2060100,0.0,1.0,HON
2013-09-05,61.2,61.96,61.04,61.57,61.57,1815800,0.0,1.0,HON
2013-09-04,60.82,61.34,60.69,61.24,61.24,3338300,0.0,1.0,HON
2013-09-03,60.85,61.29,60.75,61.26,61.26,4027900,0.0,1.0,HON
2013-08-30,60.79,60.79,59.95,60.19,60.19,1968300,0.0,1.0,HON
2013-08-29,59.95,60.88,59.83,60.56,60.56,1813100,0.0,1.0,HON
2013-08-28,59.94,60.32,59.67,60.1,60.1,3046900,0.0,1.0,HON
2013-08-27,60.64,60.89,59.83,59.95,59.95,3043000,0.0,1.0,HON
2013-08-26,61.66,61.78,61.23,61.31,61.31,2047500,0.0,1.0,HON
2013-08-23,61.14,61.71,60.82,61.57,61.57,1805600,0.0,1.0,HON
2013-08-22,60.95,61.33,60.8,61.1,61.1,2637000,0.0,1.0,HON
2013-08-21,61.72,61.79,60.9,60.95,60.95,2904100,0.0,1.0,HON
2013-08-20,61.64,62.17,61.57,61.82,61.82,1765000,0.0,1.0,HON
2013-08-19,61.79,62.03,61.57,61.62,61.62,2312300,0.0,1.0,HON
2013-08-16,61.76,62.14,61.66,62.0,62.0,3577600,0.41,1.0,HON
2013-08-15,62.17,62.25,61.55,61.73,61.73,2295300,0.0,1.0,HON
2013-08-14,63.07,63.16,62.64,62.73,62.73,1723500,0.0,1.0,HON
2013-08-13,62.83,63.18,62.59,62.99,62.99,1453400,0.0,1.0,HON
2013-08-12,62.44,62.88,62.19,62.79,62.79,2115200,0.0,1.0,HON
2013-08-09,62.87,62.99,62.55,62.71,62.71,2265000,0.0,1.0,HON
2013-08-08,63.3,63.52,62.85,62.85,62.85,2108400,0.0,1.0,HON
2013-08-07,63.22,63.22,62.73,62.96,62.96,2438400,0.0,1.0,HON
2013-08-06,63.57,63.75,63.16,63.34,63.34,2074300,0.0,1.0,HON
2013-08-05,63.43,63.76,63.23,63.62,63.62,1504000,0.0,1.0,HON
2013-08-02,63.52,63.81,63.26,63.74,63.74,2392500,0.0,1.0,HON
2013-08-01,63.07,63.76,62.95,63.65,63.65,2238600,0.0,1.0,HON
2013-07-31,62.7,63.07,62.42,62.46,62.46,3018300,0.0,1.0,HON
2013-07-30,62.65,63.03,62.28,62.47,62.47,2438800,0.0,1.0,HON
2013-07-29,62.19,62.56,62.08,62.29,62.29,2265800,0.0,1.0,HON
2013-07-26,62.13,62.43,61.94,62.38,62.38,2534200,0.0,1.0,HON
2013-07-25,62.31,62.47,62.14,62.36,62.36,2573300,0.0,1.0,HON
2013-07-24,62.78,62.92,62.35,62.48,62.48,1991500,0.0,1.0,HON
2013-07-23,62.8,62.92,62.42,62.67,62.67,2027700,0.0,1.0,HON
2013-07-22,62.51,62.69,62.28,62.5,62.5,2593100,0.0,1.0,HON
2013-07-19,63.51,63.86,62.4,62.9,62.9,3182800,0.0,1.0,HON
2013-07-18,62.05,62.69,61.73,62.45,62.45,3721100,0.0,1.0,HON
2013-07-17,62.0,62.43,61.89,62.05,62.05,2249200,0.0,1.0,HON
2013-07-16,61.98,62.2,61.61,61.74,61.74,1890500,0.0,1.0,HON
2013-07-15,62.09,62.23,61.5,61.94,61.94,3386300,0.0,1.0,HON
2013-07-12,62.14,62.28,61.62,62.0,62.0,2675900,0.0,1.0,HON
2013-07-11,61.85,62.22,61.7,62.15,62.15,2489200,0.0,1.0,HON
2013-07-10,61.15,61.53,60.91,61.12,61.12,2433500,0.0,1.0,HON
2013-07-09,61.21,61.45,61.07,61.26,61.26,2928700,0.0,1.0,HON
2013-07-08,60.57,61.0,60.25,60.72,60.72,3859300,0.0,1.0,HON
2013-07-05,59.49,60.27,59.49,60.26,60.26,2101100,0.0,1.0,HON
2013-07-03,58.23,59.44,58.2,59.09,59.09,2581700,0.0,1.0,HON
2013-07-02,59.64,60.09,58.43,58.62,58.62,8982700,0.0,1.0,HON
2013-07-01,60.11,61.03,60.11,60.45,60.45,2146600,0.0,1.0,HON
2013-06-28,60.21,60.36,59.69,59.72,59.72,3475300,0.0,1.0,HON
2013-06-27,60.33,60.97,60.33,60.36,60.36,3352000,0.0,1.0,HON
2013-06-26,59.08,60.11,59.04,60.02,60.02,3634200,0.0,1.0,HON
2013-06-25,58.3,58.7,58.08,58.44,58.44,2424400,0.0,1.0,HON
2013-06-24,58.32,58.36,57.32,57.69,57.69,3581400,0.0,1.0,HON
2013-06-21,58.94,59.08,58.17,58.9,58.9,4407700,0.0,1.0,HON
2013-06-20,59.47,59.68,58.32,58.46,58.46,3398300,0.0,1.0,HON
2013-06-19,60.84,60.91,59.97,59.97,59.97,3056900,0.0,1.0,HON
2013-06-18,60.12,61.03,59.99,60.85,60.85,3223200,0.0,1.0,HON
2013-06-17,59.33,60.19,59.25,59.99,59.99,3786500,0.0,1.0,HON
2013-06-14,58.83,59.2,58.6,58.84,58.84,2636900,0.0,1.0,HON
2013-06-13,58.21,59.09,58.09,58.94,58.94,2388200,0.0,1.0,HON
2013-06-12,59.28,59.42,58.15,58.2,58.2,2107400,0.0,1.0,HON
2013-06-11,58.65,59.39,58.47,58.83,58.83,1569600,0.0,1.0,HON
2013-06-10,59.64,59.69,58.93,59.22,59.22,2351100,0.0,1.0,HON
2013-06-07,59.0,59.63,58.62,59.52,59.52,3255800,0.0,1.0,HON
2013-06-06,57.77,58.45,57.43,58.45,58.45,2862300,0.0,1.0,HON
2013-06-05,58.32,58.39,57.59,57.73,57.73,2710800,0.0,1.0,HON
2013-06-04,59.23,59.63,58.24,58.51,58.51,3455400,0.0,1.0,HON
2013-06-03,59.12,59.6,58.72,59.35,59.35,2801600,0.0,1.0,HON
2013-05-31,59.62,60.32,59.05,59.05,59.05,3283600,0.0,1.0,HON
2013-05-30,59.47,60.1,59.23,59.79,59.79,2783100,0.0,1.0,HON
2013-05-29,59.6,59.97,59.11,59.31,59.31,3285900,0.0,1.0,HON
2013-05-28,60.42,60.88,60.02,60.04,60.04,3314600,0.0,1.0,HON
2013-05-24,59.47,59.78,59.08,59.68,59.68,2422900,0.0,1.0,HON
2013-05-23,59.23,59.92,59.12,59.64,59.64,3924400,0.0,1.0,HON
2013-05-22,60.33,60.85,59.69,59.9,59.9,4134300,0.0,1.0,HON
2013-05-21,60.59,60.87,60.15,60.33,60.33,3178400,0.0,1.0,HON
2013-05-20,60.45,61.15,60.39,60.61,60.61,2528400,0.0,1.0,HON
2013-05-17,59.63,60.84,59.5,60.78,60.78,4064400,0.0,1.0,HON
2013-05-16,59.68,59.68,59.12,59.26,59.26,3465000,0.41,1.0,HON
2013-05-15,59.06,59.82,58.8,59.82,59.82,3321000,0.0,1.0,HON
2013-05-14,58.28,59.27,58.28,59.27,59.27,3047800,0.0,1.0,HON
2013-05-13,58.17,58.42,58.01,58.3,58.3,1993100,0.0,1.0,HON
2013-05-10,58.22,58.46,57.83,58.21,58.21,2311800,0.0,1.0,HON
2013-05-09,57.98,58.41,57.91,58.24,58.24,4044100,0.0,1.0,HON
2013-05-08,57.43,58.07,57.34,58.01,58.01,3018400,0.0,1.0,HON
2013-05-07,57.06,57.69,57.0,57.58,57.58,2921400,0.0,1.0,HON
2013-05-06,56.37,57.03,56.34,56.97,56.97,3608300,0.0,1.0,HON
2013-05-03,55.94,56.68,55.94,56.34,56.34,3215000,0.0,1.0,HON
2013-05-02,54.53,55.51,54.52,55.39,55.39,3130600,0.0,1.0,HON
2013-05-01,54.81,54.95,54.26,54.31,54.31,3171200,0.0,1.0,HON
2013-04-30,55.39,55.39,54.66,55.06,55.06,2918100,0.0,1.0,HON
2013-04-29,55.42,55.49,55.0,55.26,55.26,3000500,0.0,1.0,HON
2013-04-26,55.81,55.92,55.17,55.33,55.33,3330800,0.0,1.0,HON
2013-04-25,56.1,56.19,55.73,55.81,55.81,5230600,0.0,1.0,HON
2013-04-24,56.13,56.28,55.88,56.03,56.03,3761500,0.0,1.0,HON
2013-04-23,56.16,56.16,55.22,55.98,55.98,2911700,0.0,1.0,HON
2013-04-22,55.63,56.07,55.43,55.85,55.85,3767400,0.0,1.0,HON
2013-04-19,55.2,55.74,54.41,55.54,55.54,6563400,0.0,1.0,HON
2013-04-18,53.8,53.83,53.1,53.51,53.51,5337100,0.0,1.0,HON
2013-04-17,54.47,54.47,53.48,53.83,53.83,3962700,0.0,1.0,HON
2013-04-16,54.46,54.83,54.27,54.79,54.79,2473100,0.0,1.0,HON
2013-04-15,55.31,55.35,54.05,54.06,54.06,3377200,0.0,1.0,HON
2013-04-12,55.69,55.81,55.25,55.6,55.6,2143800,0.0,1.0,HON
2013-04-11,55.74,56.05,55.56,55.93,55.93,3177900,0.0,1.0,HON
2013-04-10,55.06,55.74,54.88,55.72,55.72,4390100,0.0,1.0,HON
2013-04-09,55.14,55.2,54.79,55.06,55.06,2926800,0.0,1.0,HON
2013-04-08,54.62,55.12,54.5,55.07,55.07,3308700,0.0,1.0,HON
2013-04-05,54.43,54.78,54.23,54.64,54.64,4331500,0.0,1.0,HON
2013-04-04,55.04,55.24,54.91,55.22,55.22,4249400,0.0,1.0,HON
2013-04-03,55.77,55.84,54.79,54.91,54.91,4863300,0.0,1.0,HON
2013-04-02,55.96,56.03,55.4,55.57,55.57,3563900,0.0,1.0,HON
2013-04-01,56.31,56.37,55.48,55.66,55.66,3951200,0.0,1.0,HON
2013-03-28,56.27,56.55,56.16,56.42,56.42,3490500,0.0,1.0,HON
2013-03-27,56.18,56.31,55.84,56.28,56.28,2815600,0.0,1.0,HON
2013-03-26,56.24,56.63,56.1,56.52,56.52,3433000,0.0,1.0,HON
2013-03-25,56.49,56.72,55.69,56.05,56.05,4344100,0.0,1.0,HON
2013-03-22,56.04,56.33,55.92,56.3,56.3,3605400,0.0,1.0,HON
2013-03-21,55.85,56.16,55.74,55.85,55.85,4089000,0.0,1.0,HON
2013-03-20,55.69,56.06,55.69,55.93,55.93,3635700,0.0,1.0,HON
2013-03-19,55.46,55.69,54.98,55.43,55.43,4256600,0.0,1.0,HON
2013-03-18,54.45,55.61,54.32,55.33,55.33,4259200,0.0,1.0,HON
2013-03-15,55.09,55.3,54.91,55.0,55.0,5970700,0.0,1.0,HON
2013-03-14,55.54,55.62,54.97,55.27,55.27,4589500,0.0,1.0,HON
2013-03-13,55.21,55.42,55.06,55.37,55.37,3393800,0.0,1.0,HON
2013-03-12,55.31,55.33,54.71,55.1,55.1,2988100,0.0,1.0,HON
2013-03-11,54.93,55.36,54.62,55.3,55.3,3393200,0.0,1.0,HON
2013-03-08,54.41,55.24,54.41,55.18,55.18,4927500,0.0,1.0,HON
2013-03-07,53.63,54.18,53.5,54.04,54.04,4217300,0.0,1.0,HON
2013-03-06,53.03,53.47,53.01,53.36,53.36,3522000,0.0,1.0,HON
2013-03-05,52.41,53.06,52.39,52.92,52.92,3752600,0.0,1.0,HON
2013-03-04,52.11,52.3,51.59,52.19,52.19,3570900,0.0,1.0,HON
2013-03-01,52.2,52.61,51.84,52.45,52.45,2980000,0.0,1.0,HON
2013-02-28,52.71,53.07,52.49,52.49,52.49,3684200,0.0,1.0,HON
2013-02-27,51.74,52.8,51.68,52.68,52.68,2710900,0.0,1.0,HON
2013-02-26,51.72,52.08,51.54,51.75,51.75,3786100,0.0,1.0,HON
2013-02-25,52.33,52.51,51.63,51.63,51.63,5303500,0.0,1.0,HON
2013-02-22,52.41,52.59,52.07,52.33,52.33,3615200,0.0,1.0,HON
2013-02-21,52.14,52.4,51.92,52.26,52.26,4144400,0.41,1.0,HON
2013-02-20,52.71,53.17,52.36,52.37,52.37,4208900,0.0,1.0,HON
2013-02-19,52.28,52.81,52.13,52.8,52.8,3179800,0.0,1.0,HON
2013-02-15,52.39,52.43,51.94,52.19,52.19,3058700,0.0,1.0,HON
2013-02-14,52.11,52.39,51.94,52.17,52.17,2883700,0.0,1.0,HON
2013-02-13,52.42,52.69,52.03,52.24,52.24,2584000,0.0,1.0,HON
2013-02-12,52.16,52.53,52.08,52.42,52.42,2044600,0.0,1.0,HON
2013-02-11,52.42,52.45,52.05,52.17,52.17,2322700,0.0,1.0,HON
2013-02-08,52.32,52.7,52.24,52.5,52.5,3280800,0.0,1.0,HON
2013-02-07,52.05,52.43,51.79,52.38,52.38,4108400,0.0,1.0,HON
2013-02-06,51.76,52.11,51.59,52.05,52.05,3423600,0.0,1.0,HON
2013-02-05,51.35,52.23,51.34,52.02,52.02,4577600,0.0,1.0,HON
2013-02-04,51.17,51.32,50.91,51.04,51.04,3030800,0.0,1.0,HON
2013-02-01,51.34,51.78,51.08,51.47,51.47,3680400,0.0,1.0,HON
2013-01-31,50.92,51.13,50.67,50.8,50.8,3526300,0.0,1.0,HON
2013-01-30,51.3,51.52,51.08,51.12,51.12,2477100,0.0,1.0,HON
2013-01-29,51.3,51.51,51.07,51.43,51.43,3619200,0.0,1.0,HON
2013-01-28,51.52,51.52,51.04,51.3,51.3,4427800,0.0,1.0,HON
2013-01-25,51.48,51.55,50.58,50.86,50.86,5636400,0.0,1.0,HON
2013-01-24,50.89,51.52,50.66,50.8,50.8,4118800,0.0,1.0,HON
2013-01-23,50.84,50.92,50.65,50.82,50.82,3284400,0.0,1.0,HON
2013-01-22,50.43,50.92,50.34,50.92,50.92,3643000,0.0,1.0,HON
2013-01-18,50.23,50.48,49.98,50.48,50.48,3397900,0.0,1.0,HON
2013-01-17,49.87,50.25,49.68,50.1,50.1,2269700,0.0,1.0,HON
2013-01-16,49.53,49.67,49.41,49.67,49.67,2085800,0.0,1.0,HON
2013-01-15,49.34,49.86,49.26,49.78,49.78,2273400,0.0,1.0,HON
2013-01-14,49.43,49.7,49.22,49.7,49.7,1839600,0.0,1.0,HON
2013-01-11,49.39,49.5,49.2,49.36,49.36,2346400,0.0,1.0,HON
2013-01-10,49.78,49.78,49.2,49.44,49.44,4421000,0.0,1.0,HON
2013-01-09,49.17,49.53,49.03,49.53,49.53,3218100,0.0,1.0,HON
2013-01-08,49.32,49.32,48.79,48.94,48.94,2977400,0.0,1.0,HON
2013-01-07,49.18,49.73,49.13,49.4,49.4,4264600,0.0,1.0,HON
2013-01-04,48.57,49.46,48.57,49.38,49.38,4139300,0.0,1.0,HON
2013-01-03,48.09,48.76,48.04,48.39,48.39,2974200,0.0,1.0,HON
2013-01-02,48.14,48.45,47.76,48.2,48.2,5208600,0.0,1.0,HON
2012-12-31,46.69,47.29,46.31,47.25,47.25,3990300,0.0,1.0,HON
2012-12-28,47.08,47.37,46.78,46.84,46.84,2090800,0.0,1.0,HON
2012-12-27,47.44,47.59,46.88,47.45,47.45,2839500,0.0,1.0,HON
2012-12-26,47.48,47.85,47.38,47.5,47.5,2781800,0.0,1.0,HON
2012-12-24,47.43,48.01,47.19,47.4,47.4,2237600,0.0,1.0,HON
2012-12-21,47.19,47.87,47.19,47.8,47.8,5749800,0.0,1.0,HON
2012-12-20,47.53,48.01,47.48,47.86,47.86,4411600,0.0,1.0,HON
2012-12-19,47.64,47.9,47.46,47.47,47.47,5222100,0.0,1.0,HON
2012-12-18,46.52,47.68,46.44,47.61,47.61,5355700,0.0,1.0,HON
2012-12-17,45.92,46.5,45.83,46.44,46.44,3929400,0.0,1.0,HON
2012-12-14,45.88,46.08,45.74,45.82,45.82,3242000,0.0,1.0,HON
2012-12-13,45.53,46.15,45.42,45.96,45.96,4355500,0.0,1.0,HON
2012-12-12,46.12,46.15,45.45,45.48,45.48,3740400,0.0,1.0,HON
2012-12-11,46.15,46.36,45.79,45.89,45.89,4562800,0.0,1.0,HON
2012-12-10,46.02,46.15,45.78,46.05,46.05,2946600,0.0,1.0,HON
2012-12-07,45.98,46.15,45.67,46.13,46.13,2249700,0.0,1.0,HON
2012-12-06,45.71,45.81,45.36,45.79,45.79,2276000,0.0,1.0,HON
2012-12-05,45.24,45.94,44.95,45.83,45.83,3195900,0.0,1.0,HON
2012-12-04,45.07,45.37,44.84,45.05,45.05,2296300,0.0,1.0,HON
2012-12-03,45.82,45.93,45.07,45.1,45.1,2598800,0.0,1.0,HON
2012-11-30,45.72,45.78,45.45,45.65,45.65,3525100,0.0,1.0,HON
2012-11-29,45.74,45.94,45.32,45.66,45.66,2242900,0.0,1.0,HON
2012-11-28,44.85,45.62,44.55,45.59,45.59,3031900,0.0,1.0,HON
2012-11-27,45.15,45.54,45.06,45.12,45.12,3069200,0.0,1.0,HON
2012-11-26,45.11,45.32,44.83,45.15,45.15,2382600,0.0,1.0,HON
2012-11-23,45.24,45.6,45.18,45.6,45.6,910600,0.0,1.0,HON
2012-11-21,45.11,45.27,44.93,45.1,45.1,1751100,0.0,1.0,HON
2012-11-20,44.89,45.27,44.75,45.12,45.12,3020200,0.0,1.0,HON
2012-11-19,44.53,45.03,44.46,44.99,44.99,3661900,0.0,1.0,HON
2012-11-16,43.98,44.14,43.39,44.03,44.03,4774400,0.41,1.0,HON
2012-11-15,44.29,44.59,43.65,43.86,43.86,5440500,0.0,1.0,HON
2012-11-14,45.32,45.46,44.23,44.33,44.33,3846000,0.0,1.0,HON
2012-11-13,45.1,45.82,45.1,45.27,45.27,2543100,0.0,1.0,HON
2012-11-12,45.05,45.58,44.95,45.42,45.42,2938900,0.0,1.0,HON
2012-11-09,45.04,45.49,44.82,44.97,44.97,4905400,0.0,1.0,HON
2012-11-08,45.87,46.2,45.31,45.32,45.32,3164000,0.0,1.0,HON
2012-11-07,46.38,46.51,45.63,45.92,45.92,3422000,0.0,1.0,HON
2012-11-06,46.38,47.23,46.38,46.97,46.97,4032900,0.0,1.0,HON
2012-11-05,46.1,46.55,45.97,46.43,46.43,2348600,0.0,1.0,HON
2012-11-02,46.61,46.71,46.03,46.15,46.15,3748600,0.0,1.0,HON
2012-11-01,45.29,46.59,45.28,46.3,46.3,5618200,0.0,1.0,HON
2012-10-31,45.63,45.78,44.99,45.27,45.27,3579300,0.0,1.0,HON
2012-10-26,45.38,45.72,45.12,45.46,45.46,3227100,0.0,1.0,HON
2012-10-25,46.03,46.03,45.15,45.41,45.41,3027000,0.0,1.0,HON
2012-10-24,45.44,45.66,44.97,45.11,45.11,3522100,0.0,1.0,HON
2012-10-23,45.46,45.61,45.08,45.5,45.5,3383600,0.0,1.0,HON
2012-10-22,45.94,46.93,45.55,46.04,46.04,5475500,0.0,1.0,HON
2012-10-19,44.95,46.93,44.95,46.2,46.2,9846900,0.0,1.0,HON
2012-10-18,45.69,45.74,45.04,45.41,45.41,5661400,0.0,1.0,HON
2012-10-17,45.37,45.8,45.22,45.75,45.75,3008700,0.0,1.0,HON
2012-10-16,45.24,45.54,45.12,45.48,45.48,2144200,0.0,1.0,HON
2012-10-15,44.63,45.04,44.48,44.98,44.98,2235800,0.0,1.0,HON
2012-10-12,44.78,45.14,44.39,44.5,44.5,2515900,0.0,1.0,HON
2012-10-11,44.87,45.08,44.57,44.57,44.57,2735400,0.0,1.0,HON
2012-10-10,44.79,44.93,44.48,44.53,44.53,3370500,0.0,1.0,HON
2012-10-09,45.32,45.36,44.73,44.86,44.86,3114500,0.0,1.0,HON
2012-10-08,45.12,45.4,44.83,45.3,45.3,2722600,0.0,1.0,HON
2012-10-05,45.61,45.78,45.26,45.41,45.41,3544500,0.0,1.0,HON
2012-10-04,45.4,45.59,45.2,45.29,45.29,2844300,0.0,1.0,HON
2012-10-03,45.44,45.63,45.01,45.07,45.07,4713400,0.0,1.0,HON
2012-10-02,45.25,45.51,45.01,45.43,45.43,4418400,0.0,1.0,HON
2012-10-01,44.63,45.32,44.43,44.95,44.95,4546900,0.0,1.0,HON
2012-09-28,44.24,44.46,43.85,44.17,44.17,3050700,0.0,1.0,HON
2012-09-27,44.28,44.72,44.13,44.53,44.53,3002200,0.0,1.0,HON
2012-09-26,43.92,44.1,43.35,43.94,43.94,3841400,0.0,1.0,HON
2012-09-25,44.53,44.73,43.83,43.85,43.85,2915500,0.0,1.0,HON
2012-09-24,44.47,44.6,44.06,44.45,44.45,2286800,0.0,1.0,HON
2012-09-21,45.06,45.21,44.73,44.74,44.74,5212400,0.0,1.0,HON
2012-09-20,44.91,45.06,44.54,44.76,44.76,3421300,0.0,1.0,HON
2012-09-19,45.32,45.48,45.04,45.3,45.3,3104200,0.0,1.0,HON
2012-09-18,45.56,45.69,45.04,45.38,45.38,3266000,0.0,1.0,HON
2012-09-17,44.93,45.66,44.89,45.63,45.63,3648000,0.0,1.0,HON
2012-09-14,45.15,45.8,44.87,45.11,45.11,4471300,0.0,1.0,HON
2012-09-13,44.25,45.28,43.93,45.18,45.18,3854200,0.0,1.0,HON
2012-09-12,44.27,44.56,44.09,44.43,44.43,2579200,0.0,1.0,HON
2012-09-11,44.15,44.48,43.97,44.2,44.2,3077000,0.0,1.0,HON
2012-09-10,44.19,44.25,43.96,44.03,44.03,3043300,0.0,1.0,HON
2012-09-07,43.79,44.3,43.74,44.28,44.28,2942200,0.0,1.0,HON
2012-09-06,42.78,43.81,42.78,43.63,43.63,3508800,0.0,1.0,HON
2012-09-05,42.51,42.73,42.31,42.41,42.41,2282100,0.0,1.0,HON
2012-09-04,43.23,43.25,42.26,42.52,42.52,2823400,0.0,1.0,HON
2012-08-31,43.3,43.49,43.0,43.21,43.21,2742000,0.0,1.0,HON
2012-08-30,43.06,43.24,42.85,42.96,42.96,2181700,0.0,1.0,HON
2012-08-29,43.44,43.45,43.05,43.42,43.42,1999600,0.0,1.0,HON
2012-08-28,43.04,43.45,42.96,43.29,43.29,3206500,0.0,1.0,HON
2012-08-27,43.24,43.44,42.94,43.17,43.17,1795500,0.0,1.0,HON
2012-08-24,43.03,43.28,42.63,43.14,43.14,3091100,0.0,1.0,HON
2012-08-23,43.37,43.49,43.09,43.23,43.23,1778200,0.0,1.0,HON
2012-08-22,43.68,43.74,43.32,43.53,43.53,2180300,0.0,1.0,HON
2012-08-21,44.13,44.34,43.56,43.7,43.7,2461500,0.0,1.0,HON
2012-08-20,43.88,44.08,43.8,43.99,43.99,2234100,0.0,1.0,HON
2012-08-17,43.59,44.03,43.32,43.99,43.99,3403100,0.0,1.0,HON
2012-08-16,42.96,43.62,42.91,43.44,43.44,2657500,0.3725,1.0,HON
2012-08-15,42.9,43.06,42.75,42.95,42.95,1704900,0.0,1.0,HON
2012-08-14,43.25,43.31,42.73,42.92,42.92,1924600,0.0,1.0,HON
2012-08-13,43.12,43.35,42.85,43.13,43.13,1740400,0.0,1.0,HON
2012-08-10,43.12,43.36,42.93,43.35,43.35,1824600,0.0,1.0,HON
2012-08-09,43.22,43.5,43.07,43.32,43.32,1894100,0.0,1.0,HON
2012-08-08,42.81,43.42,42.73,43.29,43.29,2749500,0.0,1.0,HON
2012-08-07,43.34,43.67,42.97,43.03,43.03,3913200,0.0,1.0,HON
2012-08-06,43.56,43.71,43.08,43.08,43.08,2056100,0.0,1.0,HON
2012-08-03,42.94,43.44,42.9,43.28,43.28,2764000,0.0,1.0,HON
2012-08-02,42.31,42.36,41.65,42.11,42.11,3189100,0.0,1.0,HON
2012-08-01,42.9,43.08,42.44,42.61,42.61,3593100,0.0,1.0,HON
2012-07-31,42.72,43.05,42.61,42.64,42.64,2963400,0.0,1.0,HON
2012-07-30,43.2,43.58,42.73,42.89,42.89,3126500,0.0,1.0,HON
2012-07-27,42.76,43.72,42.48,43.35,43.35,3599100,0.0,1.0,HON
2012-07-26,42.5,43.1,42.15,42.42,42.42,3079000,0.0,1.0,HON
2012-07-25,41.85,42.35,41.38,41.73,41.73,2998300,0.0,1.0,HON
2012-07-24,42.17,42.27,41.09,41.64,41.64,3364000,0.0,1.0,HON
2012-07-23,41.7,42.39,41.47,42.2,42.2,3527900,0.0,1.0,HON
2012-07-20,42.42,42.9,42.14,42.42,42.42,3563300,0.0,1.0,HON
2012-07-19,42.79,43.06,42.21,42.57,42.57,5832100,0.0,1.0,HON
2012-07-18,41.37,42.97,41.06,42.74,42.74,8392900,0.0,1.0,HON
2012-07-17,40.12,40.35,39.57,40.07,40.07,3449600,0.0,1.0,HON
2012-07-16,39.94,40.14,39.38,40.02,40.02,2903900,0.0,1.0,HON
2012-07-13,39.42,40.19,39.38,40.1,40.1,3216800,0.0,1.0,HON
2012-07-12,39.16,39.65,38.74,39.38,39.38,3746900,0.0,1.0,HON
2012-07-11,39.47,39.91,39.29,39.45,39.45,3789000,0.0,1.0,HON
2012-07-10,40.65,41.26,39.26,39.46,39.46,5365200,0.0,1.0,HON
2012-07-09,40.21,40.62,39.95,40.56,40.56,2864700,0.0,1.0,HON
2012-07-06,40.62,40.69,39.9,40.32,40.32,3027700,0.0,1.0,HON
2012-07-05,40.7,41.42,40.62,41.2,41.2,2772900,0.0,1.0,HON
2012-07-03,40.38,41.09,40.2,40.84,40.84,2409100,0.0,1.0,HON
2012-07-02,41.09,41.28,40.13,40.52,40.52,4295100,0.0,1.0,HON
2012-06-29,39.95,41.04,39.68,41.02,41.02,4870700,0.0,1.0,HON
2012-06-28,39.02,39.38,38.35,38.88,38.88,6586600,0.0,1.0,HON
2012-06-27,39.23,39.76,39.21,39.67,39.67,3280100,0.0,1.0,HON
2012-06-26,39.54,39.62,38.81,39.13,39.13,4974100,0.0,1.0,HON
2012-06-25,40.23,40.28,39.43,39.46,39.46,4681500,0.0,1.0,HON
2012-06-22,40.65,40.94,40.48,40.78,40.78,3411000,0.0,1.0,HON
2012-06-21,41.73,41.87,40.69,40.72,40.72,4103500,0.0,1.0,HON
2012-06-20,41.63,41.76,41.16,41.53,41.53,3466400,0.0,1.0,HON
2012-06-19,41.29,41.67,41.2,41.56,41.56,3184400,0.0,1.0,HON
2012-06-18,40.95,41.2,40.78,41.05,41.05,2246800,0.0,1.0,HON
2012-06-15,40.79,41.17,40.73,41.17,41.17,4990800,0.0,1.0,HON
2012-06-14,40.69,41.0,40.21,40.57,40.57,4279600,0.0,1.0,HON
2012-06-13,40.96,41.01,40.29,40.49,40.49,3001300,0.0,1.0,HON
2012-06-12,40.67,41.2,40.43,41.17,41.17,2771200,0.0,1.0,HON
2012-06-11,41.63,41.65,40.44,40.5,40.5,3054300,0.0,1.0,HON
2012-06-08,40.68,41.16,40.54,41.13,41.13,2997800,0.0,1.0,HON
2012-06-07,40.63,41.31,40.56,40.68,40.68,4879400,0.0,1.0,HON
2012-06-06,39.51,40.15,39.32,40.15,40.15,4770700,0.0,1.0,HON
2012-06-05,38.93,39.31,38.8,39.15,39.15,3854200,0.0,1.0,HON
2012-06-04,39.49,39.56,38.6,39.08,39.08,5732800,0.0,1.0,HON
2012-06-01,39.82,40.06,39.52,39.62,39.62,5980000,0.0,1.0,HON
2012-05-31,41.29,41.31,40.24,40.89,40.89,5098300,0.0,1.0,HON
2012-05-30,41.67,41.67,41.21,41.29,41.29,3528900,0.0,1.0,HON
2012-05-29,42.1,42.18,41.73,42.02,42.02,3728700,0.0,1.0,HON
2012-05-25,42.17,42.28,41.47,41.69,41.69,2361500,0.0,1.0,HON
2012-05-24,42.42,42.52,41.53,42.07,42.07,2892300,0.0,1.0,HON
2012-05-23,41.54,42.4,41.2,42.33,42.33,3984300,0.0,1.0,HON
2012-05-22,42.12,42.39,41.81,42.08,42.08,3966900,0.0,1.0,HON
2012-05-21,40.64,41.95,40.64,41.89,41.89,4552100,0.0,1.0,HON
2012-05-18,40.98,41.12,40.39,40.57,40.57,4946500,0.0,1.0,HON
2012-05-17,41.92,42.07,40.72,40.76,40.76,4779100,0.0,1.0,HON
2012-05-16,42.31,42.65,41.94,41.98,41.98,3854000,0.3725,1.0,HON
2012-05-15,42.38,42.73,41.86,41.95,41.95,3027800,0.0,1.0,HON
2012-05-14,42.3,42.76,41.97,42.44,42.44,3706600,0.0,1.0,HON
2012-05-11,42.49,43.21,42.4,42.73,42.73,2937500,0.0,1.0,HON
2012-05-10,42.95,43.13,42.59,42.75,42.75,2701300,0.0,1.0,HON
2012-05-09,42.75,43.11,42.45,42.6,42.6,3975300,0.0,1.0,HON
2012-05-08,43.16,43.41,42.75,43.33,43.33,3072100,0.0,1.0,HON
2012-05-07,43.16,43.52,43.07,43.44,43.44,2724200,0.0,1.0,HON
2012-05-04,43.9,43.95,43.21,43.29,43.29,2645300,0.0,1.0,HON
2012-05-03,44.25,44.43,43.83,44.13,44.13,3345500,0.0,1.0,HON
2012-05-02,44.13,44.32,43.81,44.26,44.26,4064500,0.0,1.0,HON
2012-05-01,44.14,44.86,43.94,44.47,44.47,2924900,0.0,1.0,HON
2012-04-30,44.56,44.67,44.04,44.27,44.27,3353300,0.0,1.0,HON
2012-04-27,44.71,44.85,44.49,44.73,44.73,3955500,0.0,1.0,HON
2012-04-26,44.06,44.64,43.99,44.52,44.52,3088000,0.0,1.0,HON
2012-04-25,44.13,44.4,43.92,44.14,44.14,3450000,0.0,1.0,HON
2012-04-24,43.44,43.97,43.25,43.74,43.74,3824900,0.0,1.0,HON
2012-04-23,43.06,43.24,42.73,43.21,43.21,4640300,0.0,1.0,HON
2012-04-20,43.69,44.16,43.32,43.35,43.35,8427400,0.0,1.0,HON
2012-04-19,42.81,43.0,42.05,42.33,42.33,4544100,0.0,1.0,HON
2012-04-18,42.77,43.03,42.58,42.86,42.86,3600100,0.0,1.0,HON
2012-04-17,42.72,43.17,42.31,43.01,43.01,5120500,0.0,1.0,HON
2012-04-16,42.75,42.84,42.22,42.33,42.33,3320000,0.0,1.0,HON
2012-04-13,42.77,42.81,42.32,42.38,42.38,2720500,0.0,1.0,HON
2012-04-12,41.75,42.97,41.67,42.91,42.91,4662000,0.0,1.0,HON
2012-04-11,41.81,42.06,41.48,41.66,41.66,4973700,0.0,1.0,HON
2012-04-10,42.08,42.18,41.29,41.3,41.3,6869200,0.0,1.0,HON
2012-04-09,42.86,43.08,42.24,42.25,42.25,4636400,0.0,1.0,HON
2012-04-05,43.67,43.8,43.41,43.42,43.42,2933700,0.0,1.0,HON
2012-04-04,43.87,43.96,43.64,43.9,43.9,2896700,0.0,1.0,HON
2012-04-03,44.46,44.75,44.06,44.25,44.25,2550700,0.0,1.0,HON
2012-04-02,44.18,44.81,44.06,44.61,44.61,3009700,0.0,1.0,HON
2012-03-30,44.69,44.81,44.4,44.56,44.56,2684700,0.0,1.0,HON
2012-03-29,43.89,44.4,43.65,44.3,44.3,2727700,0.0,1.0,HON
2012-03-28,44.65,44.74,43.96,44.34,44.34,2736200,0.0,1.0,HON
2012-03-27,45.14,45.25,44.73,44.74,44.74,2928200,0.0,1.0,HON
2012-03-26,44.37,45.14,44.35,45.09,45.09,4968100,0.0,1.0,HON
2012-03-23,43.68,43.96,43.31,43.91,43.91,4102400,0.0,1.0,HON
2012-03-22,43.07,43.66,42.61,43.61,43.61,5316400,0.0,1.0,HON
2012-03-21,43.35,43.65,43.22,43.4,43.4,3782400,0.0,1.0,HON
2012-03-20,43.86,43.86,43.3,43.41,43.41,3216900,0.0,1.0,HON
2012-03-19,43.97,44.37,43.89,44.13,44.13,2275700,0.0,1.0,HON
2012-03-16,44.37,44.4,43.95,44.06,44.06,5097600,0.0,1.0,HON
2012-03-15,44.18,44.46,43.95,44.41,44.41,2689300,0.0,1.0,HON
2012-03-14,44.08,44.51,44.02,44.17,44.17,3259200,0.0,1.0,HON
2012-03-13,43.58,44.12,43.34,44.06,44.06,4446700,0.0,1.0,HON
2012-03-12,43.65,43.73,43.16,43.25,43.25,3710200,0.0,1.0,HON
2012-03-09,43.65,43.92,43.33,43.63,43.63,3255400,0.0,1.0,HON
2012-03-08,42.94,43.51,42.59,43.42,43.42,4126500,0.0,1.0,HON
2012-03-07,42.08,42.3,41.83,42.14,42.14,5825800,0.0,1.0,HON
2012-03-06,42.6,42.72,42.0,42.16,42.16,4983200,0.0,1.0,HON
2012-03-05,43.65,43.73,43.08,43.13,43.13,3431900,0.0,1.0,HON
2012-03-02,43.87,43.95,43.51,43.61,43.61,2732000,0.0,1.0,HON
2012-03-01,43.32,43.93,43.28,43.88,43.88,4001000,0.0,1.0,HON
2012-02-29,43.59,43.94,43.45,43.48,43.48,4540300,0.0,1.0,HON
2012-02-28,43.59,43.89,43.45,43.61,43.61,3047700,0.0,1.0,HON
2012-02-27,42.88,43.72,42.84,43.57,43.57,3519000,0.0,1.0,HON
2012-02-24,43.06,43.55,42.96,43.26,43.26,2579200,0.0,1.0,HON
2012-02-23,43.05,43.24,42.57,43.06,43.06,3649000,0.0,1.0,HON
2012-02-22,43.36,43.66,43.19,43.43,43.43,2529200,0.3725,1.0,HON
2012-02-21,43.87,43.95,43.28,43.44,43.44,2233000,0.0,1.0,HON
2012-02-17,43.42,43.71,43.35,43.59,43.59,3169500,0.0,1.0,HON
2012-02-16,42.79,43.21,42.76,43.13,43.13,2249300,0.0,1.0,HON
2012-02-15,43.6,43.6,42.65,42.79,42.79,3106500,0.0,1.0,HON
2012-02-14,43.4,43.58,43.02,43.4,43.4,2202500,0.0,1.0,HON
2012-02-13,43.38,43.72,43.05,43.62,43.62,2734100,0.0,1.0,HON
2012-02-10,43.1,43.11,42.62,43.03,43.03,3656800,0.0,1.0,HON
2012-02-09,43.42,43.58,43.27,43.44,43.44,3186500,0.0,1.0,HON
2012-02-08,43.57,43.71,43.24,43.42,43.42,3251900,0.0,1.0,HON
2012-02-07,43.5,43.74,43.16,43.63,43.63,2884800,0.0,1.0,HON
2012-02-06,43.56,43.9,43.52,43.74,43.74,3894300,0.0,1.0,HON
2012-02-03,43.25,44.09,43.16,44.06,44.06,5652800,0.0,1.0,HON
2012-02-02,42.75,42.96,42.46,42.82,42.82,3233100,0.0,1.0,HON
2012-02-01,42.53,43.04,42.53,42.75,42.75,3461200,0.0,1.0,HON
2012-01-31,42.35,42.48,41.79,42.1,42.1,3446800,0.0,1.0,HON
2012-01-30,42.03,42.27,41.71,42.2,42.2,3717200,0.0,1.0,HON
2012-01-27,41.43,42.58,41.21,42.26,42.26,6107700,0.0,1.0,HON
2012-01-26,42.65,42.73,41.71,41.94,41.94,4571800,0.0,1.0,HON
2012-01-25,41.57,42.3,40.98,42.14,42.14,3675500,0.0,1.0,HON
2012-01-24,41.47,41.84,41.34,41.8,41.8,2647900,0.0,1.0,HON
2012-01-23,41.67,42.36,41.57,41.79,41.79,3376300,0.0,1.0,HON
2012-01-20,42.38,42.38,41.18,41.62,41.62,6377400,0.0,1.0,HON
2012-01-19,42.23,42.47,42.0,42.43,42.43,3996700,0.0,1.0,HON
2012-01-18,41.45,42.25,41.37,42.21,42.21,3973600,0.0,1.0,HON
2012-01-17,41.58,41.85,41.37,41.46,41.46,3093200,0.0,1.0,HON
2012-01-13,41.16,41.22,40.75,41.13,41.13,2460900,0.0,1.0,HON
2012-01-12,41.17,41.58,40.96,41.48,41.48,2998200,0.0,1.0,HON
2012-01-11,40.81,41.1,40.66,40.95,40.95,3504200,0.0,1.0,HON
2012-01-10,40.79,41.34,40.7,41.04,41.04,5512200,0.0,1.0,HON
2012-01-09,40.25,40.44,39.88,40.36,40.36,2591000,0.0,1.0,HON
2012-01-06,40.41,40.41,39.92,40.02,40.02,3830000,0.0,1.0,HON
2012-01-05,40.12,40.46,39.7,40.32,40.32,2874700,0.0,1.0,HON
2012-01-04,40.25,40.36,40.0,40.28,40.28,3660800,0.0,1.0,HON
2012-01-03,40.1,40.59,40.06,40.31,40.31,4610800,0.0,1.0,HON
2011-12-30,39.73,39.82,39.36,39.42,39.42,2094700,0.0,1.0,HON
2011-12-29,39.3,39.81,39.11,39.74,39.74,2461900,0.0,1.0,HON
2011-12-28,39.92,39.98,39.12,39.15,39.15,2268000,0.0,1.0,HON
2011-12-27,39.74,40.01,39.63,39.86,39.86,1312000,0.0,1.0,HON
2011-12-23,39.7,39.89,39.54,39.88,39.88,2040500,0.0,1.0,HON
2011-12-22,39.38,39.7,39.2,39.63,39.63,4017800,0.0,1.0,HON
2011-12-21,39.34,39.46,38.8,39.3,39.3,4617100,0.0,1.0,HON
2011-12-20,38.65,39.5,38.64,39.43,39.43,3923100,0.0,1.0,HON
2011-12-19,38.8,38.9,37.79,37.93,37.93,3655600,0.0,1.0,HON
2011-12-16,38.34,38.96,38.1,38.51,38.51,7090300,0.0,1.0,HON
2011-12-15,37.91,38.3,37.56,38.01,38.01,5190900,0.0,1.0,HON
2011-12-14,37.72,37.9,37.3,37.39,37.39,4795000,0.0,1.0,HON
2011-12-13,38.54,39.07,37.75,37.94,37.94,4726400,0.0,1.0,HON
2011-12-12,39.05,39.07,38.0,38.36,38.36,3417200,0.0,1.0,HON
2011-12-09,38.47,39.33,38.41,39.17,39.17,3753700,0.0,1.0,HON
2011-12-08,38.94,39.27,38.22,38.35,38.35,4520600,0.0,1.0,HON
2011-12-07,39.26,39.35,38.62,39.12,39.12,4422400,0.0,1.0,HON
2011-12-06,39.88,39.95,39.29,39.6,39.6,3070800,0.0,1.0,HON
2011-12-05,40.0,40.29,39.33,39.67,39.67,4605000,0.0,1.0,HON
2011-12-02,39.54,40.16,39.2,39.26,39.26,3613300,0.0,1.0,HON
2011-12-01,39.08,39.67,39.06,39.29,39.29,3614600,0.0,1.0,HON
2011-11-30,38.43,39.3,38.36,39.28,39.28,5088600,0.0,1.0,HON
2011-11-29,37.69,38.23,37.37,37.4,37.4,4419000,0.0,1.0,HON
2011-11-28,36.87,37.48,36.82,37.47,37.47,4947500,0.0,1.0,HON
2011-11-25,35.45,36.24,35.41,35.64,35.64,1784100,0.0,1.0,HON
2011-11-23,36.56,36.56,35.65,35.68,35.68,4892200,0.0,1.0,HON
2011-11-22,37.03,37.34,36.74,36.96,36.96,4643000,0.0,1.0,HON
2011-11-21,37.3,37.4,36.38,37.21,37.21,5154600,0.0,1.0,HON
2011-11-18,38.43,38.57,37.95,38.26,38.26,3207900,0.0,1.0,HON
2011-11-17,38.54,38.93,37.79,38.15,38.15,5186100,0.0,1.0,HON
2011-11-16,38.93,39.45,38.59,38.65,38.65,4016300,0.3725,1.0,HON
2011-11-15,39.21,39.76,38.91,39.46,39.46,4559100,0.0,1.0,HON
2011-11-14,39.39,39.61,39.17,39.41,39.41,4347200,0.0,1.0,HON
2011-11-11,39.18,40.2,39.18,39.46,39.46,5022500,0.0,1.0,HON
2011-11-10,38.64,38.96,38.41,38.58,38.58,5611700,0.0,1.0,HON
2011-11-09,38.31,38.63,37.77,38.05,38.05,5239800,0.0,1.0,HON
2011-11-08,39.39,39.49,38.54,39.36,39.36,4480900,0.0,1.0,HON
2011-11-07,38.85,38.93,38.09,38.87,38.87,3707100,0.0,1.0,HON
2011-11-04,38.44,38.98,38.22,38.86,38.86,4034200,0.0,1.0,HON
2011-11-03,38.28,39.04,37.82,38.85,38.85,5741800,0.0,1.0,HON
2011-11-02,37.47,38.12,37.47,37.78,37.78,4875600,0.0,1.0,HON
2011-11-01,36.63,37.48,36.31,36.88,36.88,6464100,0.0,1.0,HON
2011-10-31,38.22,38.42,37.74,37.74,37.74,3998700,0.0,1.0,HON
2011-10-28,38.78,39.02,38.53,38.81,38.81,5414200,0.0,1.0,HON
2011-10-27,38.38,39.27,38.25,38.9,38.9,7424500,0.0,1.0,HON
2011-10-26,36.79,37.31,36.47,37.02,37.02,5473900,0.0,1.0,HON
2011-10-25,36.96,37.38,36.41,36.53,36.53,5538900,0.0,1.0,HON
2011-10-24,36.83,37.52,36.81,37.29,37.29,6334900,0.0,1.0,HON
2011-10-21,36.17,37.04,35.91,36.94,36.94,8955500,0.0,1.0,HON
2011-10-20,35.21,35.55,34.47,34.9,34.9,5607200,0.0,1.0,HON
2011-10-19,35.44,35.85,35.01,35.16,35.16,4533500,0.0,1.0,HON
2011-10-18,34.39,35.88,33.79,35.53,35.53,5774300,0.0,1.0,HON
2011-10-17,35.46,35.46,34.25,34.36,34.36,4364300,0.0,1.0,HON
2011-10-14,34.97,35.62,34.91,35.62,35.62,3741800,0.0,1.0,HON
2011-10-13,34.64,34.66,33.95,34.49,34.49,4731200,0.0,1.0,HON
2011-10-12,34.41,35.41,34.38,34.93,34.93,5673300,0.0,1.0,HON
2011-10-11,33.8,34.38,33.59,34.12,34.12,4120600,0.0,1.0,HON
2011-10-10,33.38,34.14,33.38,33.97,33.97,3471100,0.0,1.0,HON
2011-10-07,32.71,33.31,32.44,32.77,32.77,5360200,0.0,1.0,HON
2011-10-06,31.86,32.49,31.48,32.46,32.46,5817300,0.0,1.0,HON
2011-10-05,31.62,32.07,31.16,31.96,31.96,5714500,0.0,1.0,HON
2011-10-04,30.03,31.47,29.69,31.45,31.45,6996700,0.0,1.0,HON
2011-10-03,31.37,31.68,30.48,30.48,30.48,9661800,0.0,1.0,HON
2011-09-30,31.71,32.66,31.56,31.63,31.63,5484200,0.0,1.0,HON
2011-09-29,32.61,32.99,31.6,32.41,32.41,5147400,0.0,1.0,HON
2011-09-28,32.59,32.92,31.83,31.89,31.89,5587600,0.0,1.0,HON
2011-09-27,32.43,33.1,32.3,32.51,32.51,6069800,0.0,1.0,HON
2011-09-26,30.97,31.61,30.4,31.55,31.55,7096200,0.0,1.0,HON
2011-09-23,30.09,30.96,29.99,30.56,30.56,7641900,0.0,1.0,HON
2011-09-22,31.17,31.34,29.89,30.23,30.23,11799600,0.0,1.0,HON
2011-09-21,33.62,33.91,32.31,32.32,32.32,4406500,0.0,1.0,HON
2011-09-20,34.2,34.36,33.63,33.67,33.67,3666300,0.0,1.0,HON
2011-09-19,33.26,34.29,33.22,34.08,34.08,6282000,0.0,1.0,HON
2011-09-16,33.85,34.21,33.36,33.95,33.95,5804800,0.0,1.0,HON
2011-09-15,33.13,33.61,32.95,33.59,33.59,4483700,0.0,1.0,HON
2011-09-14,32.36,33.23,31.63,32.71,32.71,4976400,0.0,1.0,HON
2011-09-13,31.84,32.58,31.61,32.1,32.1,7128600,0.0,1.0,HON
2011-09-12,31.77,32.2,31.06,31.79,31.79,7486200,0.0,1.0,HON
2011-09-09,32.64,33.04,31.98,32.21,32.21,5935900,0.0,1.0,HON
2011-09-08,33.61,34.06,32.93,33.08,33.08,4168400,0.0,1.0,HON
2011-09-07,33.1,33.87,32.9,33.87,33.87,5081800,0.0,1.0,HON
2011-09-06,31.75,32.56,31.26,32.45,32.45,5211000,0.0,1.0,HON
2011-09-02,33.1,33.37,32.61,32.74,32.74,3931100,0.0,1.0,HON
2011-09-01,34.39,34.83,33.69,33.77,33.77,5347500,0.0,1.0,HON
2011-08-31,34.54,34.9,34.09,34.44,34.44,5667800,0.0,1.0,HON
2011-08-30,33.77,34.34,33.33,34.06,34.06,5438800,0.0,1.0,HON
2011-08-29,33.26,33.9,33.13,33.85,33.85,4043300,0.0,1.0,HON
2011-08-26,31.92,33.05,31.37,32.76,32.76,6333700,0.0,1.0,HON
2011-08-25,32.41,32.78,31.74,32.22,32.22,7551300,0.0,1.0,HON
2011-08-24,31.77,32.38,31.56,32.28,32.28,5115500,0.0,1.0,HON
2011-08-23,30.43,31.81,30.2,31.81,31.81,6681300,0.0,1.0,HON
2011-08-22,31.49,31.58,29.98,30.21,30.21,7998700,0.0,1.0,HON
2011-08-19,30.47,31.61,30.34,30.39,30.39,11344200,0.0,1.0,HON
2011-08-18,32.02,32.03,30.35,30.8,30.8,13136500,0.0,1.0,HON
2011-08-17,33.22,33.76,32.73,33.13,33.13,5889200,0.3325,1.0,HON
2011-08-16,33.42,33.63,32.77,32.92,32.92,8356200,0.0,1.0,HON
2011-08-15,33.68,34.19,33.5,33.77,33.77,8417500,0.0,1.0,HON
2011-08-12,32.32,33.6,31.92,33.52,33.52,10294400,0.0,1.0,HON
2011-08-11,31.27,32.41,30.86,31.92,31.92,10525900,0.0,1.0,HON
2011-08-10,32.69,32.79,30.81,30.91,30.91,14898000,0.0,1.0,HON
2011-08-09,32.36,33.47,31.29,33.44,33.44,11923800,0.0,1.0,HON
2011-08-08,33.08,33.88,31.63,31.67,31.67,13255700,0.0,1.0,HON
2011-08-05,35.34,35.6,33.78,34.31,34.31,16185900,0.0,1.0,HON
2011-08-04,36.17,36.4,34.79,34.82,34.82,10392400,0.0,1.0,HON
2011-08-03,36.7,36.94,35.68,36.89,36.89,8083600,0.0,1.0,HON
2011-08-02,37.63,37.94,36.61,36.61,36.61,6595800,0.0,1.0,HON
2011-08-01,38.62,38.64,37.31,37.94,37.94,6128200,0.0,1.0,HON
2011-07-29,37.32,38.51,37.18,37.97,37.97,6189700,0.0,1.0,HON
2011-07-28,38.43,38.94,37.81,37.9,37.9,8096700,0.0,1.0,HON
2011-07-27,39.35,39.42,38.23,38.23,38.23,8773100,0.0,1.0,HON
2011-07-26,40.28,40.33,39.52,39.57,39.57,4039200,0.0,1.0,HON
2011-07-25,39.94,40.53,39.9,40.26,40.26,3964400,0.0,1.0,HON
2011-07-22,40.78,40.93,39.7,40.33,40.33,10733800,0.0,1.0,HON
2011-07-21,41.27,41.87,41.16,41.63,41.63,4522000,0.0,1.0,HON
2011-07-20,41.21,41.33,40.79,41.0,41.0,3765900,0.0,1.0,HON
2011-07-19,40.64,41.19,40.63,41.07,41.07,2859700,0.0,1.0,HON
2011-07-18,40.71,40.75,40.2,40.45,40.45,2816700,0.0,1.0,HON
2011-07-15,40.97,41.0,40.51,40.94,40.94,4038500,0.0,1.0,HON
2011-07-14,41.26,41.46,40.68,40.77,40.77,2794600,0.0,1.0,HON
2011-07-13,41.3,41.67,41.04,41.18,41.18,3384700,0.0,1.0,HON
2011-07-12,41.48,41.69,40.9,40.96,40.96,4595000,0.0,1.0,HON
2011-07-11,41.92,42.21,41.58,41.7,41.7,3427300,0.0,1.0,HON
2011-07-08,42.67,42.78,42.33,42.58,42.58,2885000,0.0,1.0,HON
2011-07-07,43.16,43.37,43.0,43.22,43.22,2879300,0.0,1.0,HON
2011-07-06,42.55,42.87,42.38,42.68,42.68,3865500,0.0,1.0,HON
2011-07-05,42.68,43.03,42.45,42.52,42.52,4100500,0.0,1.0,HON
2011-07-01,42.54,43.23,42.3,43.04,43.04,3777600,0.0,1.0,HON
2011-06-30,42.04,42.87,42.02,42.61,42.61,3888000,0.0,1.0,HON
2011-06-29,41.85,42.13,41.6,41.92,41.92,3628500,0.0,1.0,HON
2011-06-28,40.78,41.76,40.56,41.75,41.75,4952800,0.0,1.0,HON
2011-06-27,40.43,40.72,40.15,40.61,40.61,3205200,0.0,1.0,HON
2011-06-24,40.45,40.59,40.16,40.3,40.3,3543200,0.0,1.0,HON
2011-06-23,40.27,40.44,39.71,40.4,40.4,4722000,0.0,1.0,HON
2011-06-22,41.13,41.27,40.72,40.77,40.77,3549200,0.0,1.0,HON
2011-06-21,40.73,41.44,40.6,41.34,41.34,4828100,0.0,1.0,HON
2011-06-20,40.0,40.52,39.87,40.35,40.35,2745700,0.0,1.0,HON
2011-06-17,40.72,40.76,39.85,39.94,39.94,5273200,0.0,1.0,HON
2011-06-16,40.02,40.44,39.87,40.3,40.3,3363900,0.0,1.0,HON
2011-06-15,40.52,40.67,40.02,40.08,40.08,4038800,0.0,1.0,HON
2011-06-14,40.27,41.12,40.22,40.9,40.9,4239700,0.0,1.0,HON
2011-06-13,39.89,40.1,39.6,39.84,39.84,3150100,0.0,1.0,HON
2011-06-10,40.26,40.26,39.6,39.71,39.71,3210200,0.0,1.0,HON
2011-06-09,40.1,40.61,39.95,40.37,40.37,3243000,0.0,1.0,HON
2011-06-08,40.45,40.6,40.0,40.1,40.1,4541100,0.0,1.0,HON
2011-06-07,41.3,41.33,40.61,40.65,40.65,3163000,0.0,1.0,HON
2011-06-06,40.84,41.23,40.6,41.08,41.08,4688500,0.0,1.0,HON
2011-06-03,40.61,41.41,40.52,40.94,40.94,4013000,0.0,1.0,HON
2011-06-02,41.23,41.63,41.0,41.44,41.44,3157900,0.0,1.0,HON
2011-06-01,42.46,42.58,41.06,41.14,41.14,4567800,0.0,1.0,HON
2011-05-31,42.88,42.98,42.16,42.58,42.58,3317700,0.0,1.0,HON
2011-05-27,42.11,42.51,41.88,42.33,42.33,2858600,0.0,1.0,HON
2011-05-26,41.71,41.97,41.34,41.83,41.83,3942000,0.0,1.0,HON
2011-05-25,41.52,42.39,41.34,42.1,42.1,3738300,0.0,1.0,HON
2011-05-24,41.82,42.02,41.3,41.65,41.65,3719800,0.0,1.0,HON
2011-05-23,41.56,42.13,41.48,41.82,41.82,4081600,0.0,1.0,HON
2011-05-20,42.46,42.56,41.87,42.18,42.18,4031100,0.0,1.0,HON
2011-05-19,42.88,43.0,42.28,42.54,42.54,3639000,0.0,1.0,HON
2011-05-18,42.12,42.68,41.63,42.58,42.58,5505100,0.3325,1.0,HON
2011-05-17,42.6,42.75,41.73,41.94,41.94,5040700,0.0,1.0,HON
2011-05-16,42.98,43.34,42.67,42.75,42.75,4432800,0.0,1.0,HON
2011-05-13,43.37,43.55,42.88,43.03,43.03,3726100,0.0,1.0,HON
2011-05-12,43.6,43.66,43.09,43.28,43.28,5586700,0.0,1.0,HON
2011-05-11,43.81,44.0,43.35,43.58,43.58,3347300,0.0,1.0,HON
2011-05-10,43.97,44.08,43.65,43.92,43.92,4211000,0.0,1.0,HON
2011-05-09,43.45,44.1,43.32,43.82,43.82,3235100,0.0,1.0,HON
2011-05-06,43.24,43.86,43.11,43.34,43.34,4023300,0.0,1.0,HON
2011-05-05,42.58,43.37,42.18,42.77,42.77,4581700,0.0,1.0,HON
2011-05-04,43.82,43.98,42.82,42.9,42.9,6341800,0.0,1.0,HON
2011-05-03,43.77,43.98,43.56,43.95,43.95,4027500,0.0,1.0,HON
2011-05-02,43.86,44.29,43.6,43.76,43.76,4130200,0.0,1.0,HON
2011-04-29,43.45,43.75,43.38,43.54,43.54,4100000,0.0,1.0,HON
2011-04-28,43.66,43.86,43.37,43.39,43.39,5041900,0.0,1.0,HON
2011-04-27,44.16,44.16,43.57,43.71,43.71,5533500,0.0,1.0,HON
2011-04-26,43.1,44.09,43.08,44.09,44.09,6400000,0.0,1.0,HON
2011-04-25,43.04,43.18,42.82,42.9,42.9,5025500,0.0,1.0,HON
2011-04-21,42.67,43.45,42.24,43.18,43.18,9638700,0.0,1.0,HON
2011-04-20,41.52,42.3,41.08,41.77,41.77,5475800,0.0,1.0,HON
2011-04-19,40.64,40.97,40.39,40.86,40.86,3111700,0.0,1.0,HON
2011-04-18,40.61,40.71,40.07,40.61,40.61,3157300,0.0,1.0,HON
2011-04-15,40.93,41.16,40.61,41.07,41.07,4827000,0.0,1.0,HON
2011-04-14,40.5,40.97,40.04,40.89,40.89,3097300,0.0,1.0,HON
2011-04-13,40.96,40.99,40.5,40.76,40.76,3090000,0.0,1.0,HON
2011-04-12,41.23,41.36,40.75,40.91,40.91,3779500,0.0,1.0,HON
2011-04-11,41.49,41.78,41.19,41.43,41.43,2745500,0.0,1.0,HON
2011-04-08,41.91,41.96,41.1,41.46,41.46,3183100,0.0,1.0,HON
2011-04-07,41.74,42.07,41.46,41.59,41.59,4637600,0.0,1.0,HON
2011-04-06,42.16,42.31,41.67,41.85,41.85,3510400,0.0,1.0,HON
2011-04-05,42.02,42.31,41.96,41.99,41.99,2639100,0.0,1.0,HON
2011-04-04,42.28,42.53,42.01,42.12,42.12,4703100,0.0,1.0,HON
2011-04-01,42.64,42.68,42.01,42.14,42.14,4721900,0.0,1.0,HON
2011-03-31,42.39,42.63,42.36,42.46,42.46,3215500,0.0,1.0,HON
2011-03-30,42.58,42.58,42.24,42.38,42.38,3550900,0.0,1.0,HON
2011-03-29,41.49,42.41,41.1,42.38,42.38,5163800,0.0,1.0,HON
2011-03-28,41.52,42.01,41.31,41.47,41.47,5926700,0.0,1.0,HON
2011-03-25,41.05,41.17,40.81,40.81,40.81,3104300,0.0,1.0,HON
2011-03-24,40.82,41.05,40.46,41.05,41.05,2476500,0.0,1.0,HON
2011-03-23,40.09,40.72,40.04,40.61,40.61,2601800,0.0,1.0,HON
2011-03-22,40.6,40.72,40.19,40.21,40.21,3373100,0.0,1.0,HON
2011-03-21,40.35,40.87,40.28,40.56,40.56,3421600,0.0,1.0,HON
2011-03-18,39.71,40.19,39.51,39.72,39.72,5300000,0.0,1.0,HON
2011-03-17,39.18,39.62,38.98,39.26,39.26,3624000,0.0,1.0,HON
2011-03-16,39.37,39.48,38.22,38.64,38.64,5523400,0.0,1.0,HON
2011-03-15,38.72,39.8,38.54,39.5,39.5,4794300,0.0,1.0,HON
2011-03-14,39.62,40.01,39.2,39.83,39.83,4288300,0.0,1.0,HON
2011-03-11,39.65,40.17,39.45,40.02,40.02,3223800,0.0,1.0,HON
2011-03-10,40.21,40.21,39.42,39.67,39.67,5211100,0.0,1.0,HON
2011-03-09,40.51,40.85,40.02,40.33,40.33,4844300,0.0,1.0,HON
2011-03-08,40.02,40.95,39.65,40.75,40.75,3887800,0.0,1.0,HON
2011-03-07,40.38,40.87,39.62,39.96,39.96,4176400,0.0,1.0,HON
2011-03-04,40.73,40.78,39.7,40.19,40.19,3915900,0.0,1.0,HON
2011-03-03,39.98,40.91,39.98,40.74,40.74,3771000,0.0,1.0,HON
2011-03-02,40.24,40.33,39.16,39.5,39.5,6656400,0.0,1.0,HON
2011-03-01,41.31,41.38,40.11,40.14,40.14,4473100,0.0,1.0,HON
2011-02-28,40.58,41.3,40.54,41.18,41.18,4768300,0.0,1.0,HON
2011-02-25,40.29,40.88,40.25,40.73,40.73,3523900,0.0,1.0,HON
2011-02-24,39.21,40.26,39.16,40.16,40.16,4407000,0.0,1.0,HON
2011-02-23,40.06,40.53,39.06,39.57,39.57,5058500,0.0,1.0,HON
2011-02-22,40.65,40.87,39.79,39.99,39.99,3672600,0.0,1.0,HON
2011-02-18,40.85,41.26,40.79,41.24,41.24,3656800,0.0,1.0,HON
2011-02-17,40.61,40.91,40.45,40.79,40.79,2841000,0.0,1.0,HON
2011-02-16,40.64,40.95,40.38,40.68,40.68,2752300,0.3325,1.0,HON
2011-02-15,40.55,40.62,40.26,40.56,40.56,1924400,0.0,1.0,HON
2011-02-14,40.81,41.03,40.44,40.72,40.72,2879500,0.0,1.0,HON
2011-02-11,40.53,41.06,40.36,40.99,40.99,2312200,0.0,1.0,HON
2011-02-10,40.45,40.75,40.35,40.63,40.63,3454900,0.0,1.0,HON
2011-02-09,40.39,40.68,40.26,40.54,40.54,2981200,0.0,1.0,HON
2011-02-08,40.48,40.64,40.39,40.58,40.58,3159000,0.0,1.0,HON
2011-02-07,40.49,40.6,40.28,40.39,40.39,2924100,0.0,1.0,HON
2011-02-04,40.44,40.51,39.96,40.39,40.39,2767000,0.0,1.0,HON
2011-02-03,40.42,40.8,40.32,40.42,40.42,4054200,0.0,1.0,HON
2011-02-02,39.99,40.89,39.99,40.59,40.59,4415200,0.0,1.0,HON
2011-02-01,39.82,40.3,39.66,40.26,40.26,3756200,0.0,1.0,HON
2011-01-31,39.07,39.6,38.71,39.6,39.6,5574300,0.0,1.0,HON
2011-01-28,39.37,40.29,38.6,39.11,39.11,9266700,0.0,1.0,HON
2011-01-27,39.57,39.61,39.14,39.54,39.54,3815300,0.0,1.0,HON
2011-01-26,39.29,39.66,38.99,39.43,39.43,5239900,0.0,1.0,HON
2011-01-25,39.04,39.2,38.67,39.16,39.16,2420300,0.0,1.0,HON
2011-01-24,38.59,39.33,38.51,39.15,39.15,3251400,0.0,1.0,HON
2011-01-21,38.96,39.03,38.48,38.53,38.53,4575200,0.0,1.0,HON
2011-01-20,38.35,39.48,38.15,38.59,38.59,7437700,0.0,1.0,HON
2011-01-19,38.77,38.84,38.23,38.42,38.42,3767000,0.0,1.0,HON
2011-01-18,38.91,39.06,38.59,38.72,38.72,3285300,0.0,1.0,HON
2011-01-14,38.52,38.91,38.44,38.9,38.9,3571100,0.0,1.0,HON
2011-01-13,38.6,38.77,38.47,38.6,38.6,2975500,0.0,1.0,HON
2011-01-12,38.51,38.75,38.29,38.69,38.69,3664500,0.0,1.0,HON
2011-01-11,38.31,38.43,37.97,38.18,38.18,2628800,0.0,1.0,HON
2011-01-10,38.42,38.42,37.76,38.11,38.11,3425600,0.0,1.0,HON
2011-01-07,38.6,38.66,38.05,38.39,38.39,2864800,0.0,1.0,HON
2011-01-06,38.57,38.58,37.97,38.43,38.43,3319300,0.0,1.0,HON
2011-01-05,37.61,38.64,37.57,38.44,38.44,4410000,0.0,1.0,HON
2011-01-04,38.36,38.38,37.46,37.81,37.81,4990300,0.0,1.0,HON
2011-01-03,37.82,38.48,37.79,38.33,38.33,3799200,0.0,1.0,HON
2010-12-31,37.43,37.73,37.28,37.59,37.59,1626800,0.0,1.0,HON
2010-12-30,37.61,37.68,37.35,37.44,37.44,2152300,0.0,1.0,HON
2010-12-29,37.94,37.97,37.64,37.68,37.68,1432200,0.0,1.0,HON
2010-12-28,37.91,37.91,37.51,37.83,37.83,1541600,0.0,1.0,HON
2010-12-27,37.5,37.82,37.41,37.75,37.75,1578000,0.0,1.0,HON
2010-12-23,37.85,37.92,37.58,37.78,37.78,1836200,0.0,1.0,HON
2010-12-22,37.79,38.0,37.63,37.98,37.98,2729300,0.0,1.0,HON
2010-12-21,37.66,37.92,37.46,37.85,37.85,2998100,0.0,1.0,HON
2010-12-20,37.64,37.68,37.35,37.41,37.41,3425000,0.0,1.0,HON
2010-12-17,37.47,37.71,37.04,37.47,37.47,7759100,0.0,1.0,HON
2010-12-16,36.44,37.77,36.44,37.76,37.76,6652500,0.0,1.0,HON
2010-12-15,36.75,37.15,36.31,36.44,36.44,9245100,0.0,1.0,HON
2010-12-14,36.96,37.34,36.77,37.14,37.14,5027600,0.0,1.0,HON
2010-12-13,36.93,37.05,36.69,36.77,36.77,3439400,0.0,1.0,HON
2010-12-10,36.42,36.97,36.32,36.75,36.75,5347500,0.0,1.0,HON
2010-12-09,36.52,36.6,36.24,36.3,36.3,2952500,0.0,1.0,HON
2010-12-08,36.36,36.64,36.15,36.32,36.32,3729300,0.0,1.0,HON
2010-12-07,36.5,36.72,36.27,36.36,36.36,4433200,0.0,1.0,HON
2010-12-06,36.26,36.35,36.02,36.18,36.18,3109600,0.0,1.0,HON
2010-12-03,36.12,36.44,35.9,36.38,36.38,3717000,0.0,1.0,HON
2010-12-02,35.95,36.4,35.78,36.19,36.19,5237100,0.0,1.0,HON
2010-12-01,35.64,36.22,35.64,35.97,35.97,5098400,0.0,1.0,HON
2010-11-30,35.08,35.38,34.71,35.15,35.15,4131600,0.0,1.0,HON
2010-11-29,35.2,35.39,34.78,35.3,35.3,3821900,0.0,1.0,HON
2010-11-26,35.2,35.56,35.03,35.44,35.44,1582600,0.0,1.0,HON
2010-11-24,35.23,35.66,35.16,35.64,35.64,5072500,0.0,1.0,HON
2010-11-23,34.79,35.29,34.7,35.07,35.07,4740600,0.0,1.0,HON
2010-11-22,34.92,35.39,34.67,35.1,35.1,4386300,0.0,1.0,HON
2010-11-19,35.1,35.2,34.74,35.2,35.2,4687200,0.0,1.0,HON
2010-11-18,34.96,35.33,34.86,35.17,35.17,4737000,0.0,1.0,HON
2010-11-17,34.29,34.73,34.06,34.52,34.52,8913400,0.3025,1.0,HON
2010-11-16,33.69,34.78,33.69,34.04,34.04,13878700,0.0,1.0,HON
2010-11-15,33.48,33.78,33.39,33.44,33.44,3194400,0.0,1.0,HON
2010-11-12,33.76,33.87,33.17,33.39,33.39,4981400,0.0,1.0,HON
2010-11-11,34.07,34.23,33.66,33.95,33.95,4345700,0.0,1.0,HON
2010-11-10,34.42,34.42,34.07,34.31,34.31,4554300,0.0,1.0,HON
2010-11-09,34.66,34.66,34.26,34.45,34.45,6468800,0.0,1.0,HON
2010-11-08,34.41,34.7,34.26,34.51,34.51,5709900,0.0,1.0,HON
2010-11-05,34.43,34.67,34.26,34.63,34.63,7749200,0.0,1.0,HON
2010-11-04,33.71,34.45,33.62,34.44,34.44,8076900,0.0,1.0,HON
2010-11-03,33.3,33.45,32.84,33.33,33.33,3254400,0.0,1.0,HON
2010-11-02,33.07,33.31,32.98,33.19,33.19,2925700,0.0,1.0,HON
2010-11-01,32.98,33.29,32.72,32.89,32.89,4397200,0.0,1.0,HON
2010-10-29,32.94,33.17,32.75,33.1,33.1,3097000,0.0,1.0,HON
2010-10-28,33.36,33.57,32.77,33.1,33.1,3259400,0.0,1.0,HON
2010-10-27,32.77,33.13,32.51,33.09,33.09,4053500,0.0,1.0,HON
2010-10-26,33.32,33.35,32.95,33.22,33.22,3981700,0.0,1.0,HON
2010-10-25,33.55,33.93,33.33,33.4,33.4,4924300,0.0,1.0,HON
2010-10-22,32.77,33.27,31.87,33.21,33.21,7119400,0.0,1.0,HON
2010-10-21,32.82,33.21,32.59,32.79,32.79,5952700,0.0,1.0,HON
2010-10-20,32.56,33.23,32.51,32.61,32.61,9258200,0.0,1.0,HON
2010-10-19,32.53,32.91,32.13,32.44,32.44,7425000,0.0,1.0,HON
2010-10-18,32.68,33.04,32.53,33.03,33.03,4363400,0.0,1.0,HON
2010-10-15,32.72,32.81,32.27,32.67,32.67,4764900,0.0,1.0,HON
2010-10-14,32.59,32.6,32.13,32.44,32.44,3984200,0.0,1.0,HON
2010-10-13,32.23,32.8,32.13,32.61,32.61,4761000,0.0,1.0,HON
2010-10-12,31.9,32.09,31.44,32.01,32.01,3597100,0.0,1.0,HON
2010-10-11,32.09,32.22,31.91,32.05,32.05,3167100,0.0,1.0,HON
2010-10-08,32.02,32.25,31.74,32.15,32.15,3593900,0.0,1.0,HON
2010-10-07,32.22,32.22,31.66,31.96,31.96,4303000,0.0,1.0,HON
2010-10-06,31.63,32.22,31.62,32.13,32.13,5560600,0.0,1.0,HON
2010-10-05,30.95,31.78,30.91,31.63,31.63,6413500,0.0,1.0,HON
2010-10-04,31.02,31.3,30.5,30.64,30.64,4014500,0.0,1.0,HON
2010-10-01,31.07,31.42,30.93,31.02,31.02,4857200,0.0,1.0,HON
2010-09-30,31.16,31.54,30.71,30.88,30.88,5434600,0.0,1.0,HON
2010-09-29,30.85,31.12,30.73,30.95,30.95,4126300,0.0,1.0,HON
2010-09-28,30.88,31.14,30.36,31.05,31.05,4590200,0.0,1.0,HON
2010-09-27,31.28,31.28,30.71,30.81,30.81,4060400,0.0,1.0,HON
2010-09-24,30.71,31.26,30.71,31.24,31.24,4054000,0.0,1.0,HON
2010-09-23,30.62,30.89,30.27,30.38,30.38,4950000,0.0,1.0,HON
2010-09-22,31.01,31.14,30.48,30.69,30.69,4414000,0.0,1.0,HON
2010-09-21,31.16,31.28,30.84,31.14,31.14,4875500,0.0,1.0,HON
2010-09-20,30.95,31.21,30.69,31.14,31.14,4632800,0.0,1.0,HON
2010-09-17,30.84,30.97,30.59,30.79,30.79,6187900,0.0,1.0,HON
2010-09-16,30.45,30.82,30.43,30.73,30.73,4372200,0.0,1.0,HON
2010-09-15,30.47,30.66,30.32,30.62,30.62,4917900,0.0,1.0,HON
2010-09-14,30.41,30.77,30.25,30.59,30.59,4906700,0.0,1.0,HON
2010-09-13,30.43,30.63,30.28,30.43,30.43,4206500,0.0,1.0,HON
2010-09-10,29.62,30.14,29.46,30.08,30.08,4535700,0.0,1.0,HON
2010-09-09,30.06,30.16,29.38,29.49,29.49,4079400,0.0,1.0,HON
2010-09-08,29.44,29.88,29.44,29.65,29.65,3819600,0.0,1.0,HON
2010-09-07,29.85,29.99,29.4,29.46,29.46,4598800,0.0,1.0,HON
2010-09-03,29.77,30.39,29.77,30.09,30.09,5675300,0.0,1.0,HON
2010-09-02,28.78,29.52,28.78,29.52,29.52,6618900,0.0,1.0,HON
2010-09-01,27.82,28.89,27.72,28.73,28.73,6675700,0.0,1.0,HON
2010-08-31,27.22,27.61,26.91,27.45,27.45,6732200,0.0,1.0,HON
2010-08-30,27.7,27.93,27.28,27.31,27.31,2934500,0.0,1.0,HON
2010-08-27,27.45,27.89,26.98,27.86,27.86,4132700,0.0,1.0,HON
2010-08-26,27.54,27.66,27.1,27.19,27.19,4579100,0.0,1.0,HON
2010-08-25,27.36,27.47,26.76,27.28,27.28,7663300,0.0,1.0,HON
2010-08-24,27.89,27.9,27.21,27.64,27.64,6741800,0.0,1.0,HON
2010-08-23,28.65,28.84,28.21,28.22,28.22,3154400,0.0,1.0,HON
2010-08-20,28.36,28.63,28.14,28.56,28.56,4478700,0.0,1.0,HON
2010-08-19,29.43,29.43,28.43,28.65,28.65,6059200,0.0,1.0,HON
2010-08-18,29.7,29.79,29.32,29.62,29.62,4041700,0.3025,1.0,HON
2010-08-17,29.22,30.01,29.06,29.57,29.57,6045200,0.0,1.0,HON
2010-08-16,28.63,28.86,28.26,28.73,28.73,2926400,0.0,1.0,HON
2010-08-13,28.69,28.96,28.65,28.83,28.83,3236300,0.0,1.0,HON
2010-08-12,28.71,28.97,28.65,28.81,28.81,3437400,0.0,1.0,HON
2010-08-11,29.7,29.79,29.0,29.17,29.17,5493100,0.0,1.0,HON
2010-08-10,30.38,30.48,29.98,30.29,30.29,3411100,0.0,1.0,HON
2010-08-09,30.75,30.77,30.46,30.62,30.62,2105600,0.0,1.0,HON
2010-08-06,30.35,30.73,30.03,30.54,30.54,3270000,0.0,1.0,HON
2010-08-05,30.46,30.82,30.43,30.78,30.78,3169500,0.0,1.0,HON
2010-08-04,30.26,30.81,30.17,30.68,30.68,4774600,0.0,1.0,HON
2010-08-03,30.4,30.42,30.01,30.1,30.1,5047900,0.0,1.0,HON
2010-08-02,30.46,30.64,30.23,30.51,30.51,4521300,0.0,1.0,HON
2010-07-30,29.67,30.03,29.17,29.9,29.9,4437500,0.0,1.0,HON
2010-07-29,30.31,30.43,29.47,29.8,29.8,7018800,0.0,1.0,HON
2010-07-28,30.35,30.35,30.0,30.17,30.17,4137700,0.0,1.0,HON
2010-07-27,30.86,30.91,30.25,30.3,30.3,6354900,0.0,1.0,HON
2010-07-26,30.31,30.86,30.25,30.62,30.62,5450300,0.0,1.0,HON
2010-07-23,30.22,30.61,29.65,30.35,30.35,8148700,0.0,1.0,HON
2010-07-22,29.05,29.85,29.02,29.76,29.76,5808800,0.0,1.0,HON
2010-07-21,28.93,29.25,28.51,28.7,28.7,4893300,0.0,1.0,HON
2010-07-20,27.73,28.79,27.63,28.74,28.74,4393600,0.0,1.0,HON
2010-07-19,28.21,28.29,27.93,28.15,28.15,3974900,0.0,1.0,HON
2010-07-16,28.9,28.99,27.96,28.04,28.04,5516900,0.0,1.0,HON
2010-07-15,29.13,29.34,28.41,29.16,29.16,5221700,0.0,1.0,HON
2010-07-14,29.06,29.32,28.88,29.09,29.09,3525500,0.0,1.0,HON
2010-07-13,28.9,29.37,28.82,29.2,29.2,4693700,0.0,1.0,HON
2010-07-12,28.7,28.86,28.37,28.48,28.48,2972500,0.0,1.0,HON
2010-07-09,28.49,28.85,28.33,28.79,28.79,4998400,0.0,1.0,HON
2010-07-08,28.37,28.5,28.02,28.42,28.42,3940800,0.0,1.0,HON
2010-07-07,27.03,28.04,27.01,28.04,28.04,5937800,0.0,1.0,HON
2010-07-06,27.31,27.45,26.77,27.01,27.01,5493900,0.0,1.0,HON
2010-07-02,26.92,27.23,26.63,26.88,26.88,5100900,0.0,1.0,HON
2010-07-01,27.2,27.2,26.43,26.9,26.9,8037600,0.0,1.0,HON
2010-06-30,26.92,27.84,26.89,27.23,27.23,8210400,0.0,1.0,HON
2010-06-29,28.24,28.28,27.26,27.44,27.44,7576800,0.0,1.0,HON
2010-06-28,29.18,29.21,28.68,28.74,28.74,3017900,0.0,1.0,HON
2010-06-25,28.69,29.19,28.56,29.02,29.02,6270900,0.0,1.0,HON
2010-06-24,29.03,29.15,28.54,28.6,28.6,5183200,0.0,1.0,HON
2010-06-23,29.42,29.53,28.95,29.19,29.19,5034700,0.0,1.0,HON
2010-06-22,30.08,30.2,29.39,29.44,29.44,4753800,0.0,1.0,HON
2010-06-21,30.29,30.54,29.76,29.95,29.95,5312300,0.0,1.0,HON
2010-06-18,29.84,29.97,29.65,29.94,29.94,8643900,0.0,1.0,HON
2010-06-17,29.91,29.94,29.34,29.76,29.76,6514400,0.0,1.0,HON
2010-06-16,29.71,30.0,29.66,29.83,29.83,5222400,0.0,1.0,HON
2010-06-15,29.27,30.03,29.16,30.03,30.03,5398100,0.0,1.0,HON
2010-06-14,28.85,29.43,28.85,28.97,28.97,6074000,0.0,1.0,HON
2010-06-11,28.43,28.87,28.24,28.83,28.83,6640000,0.0,1.0,HON
2010-06-10,28.46,28.93,28.35,28.79,28.79,7263800,0.0,1.0,HON
2010-06-09,28.34,28.9,27.86,27.91,27.91,10294600,0.0,1.0,HON
2010-06-08,27.89,28.26,27.43,28.21,28.21,8081400,0.0,1.0,HON
2010-06-07,28.7,28.74,27.89,27.91,27.91,5268600,0.0,1.0,HON
2010-06-04,29.34,29.58,28.52,28.65,28.65,5562300,0.0,1.0,HON
2010-06-03,30.0,30.3,29.9,30.18,30.18,3465100,0.0,1.0,HON
2010-06-02,29.45,29.97,29.27,29.95,29.95,5046300,0.0,1.0,HON
2010-06-01,29.47,32.48,29.18,29.23,29.23,5104100,0.0,1.0,HON
2010-05-28,30.25,30.37,29.59,29.84,29.84,4553500,0.0,1.0,HON
2010-05-27,30.11,30.35,29.76,30.29,30.29,5764200,0.0,1.0,HON
2010-05-26,29.41,29.99,29.26,29.38,29.38,8521000,0.0,1.0,HON
2010-05-25,28.31,29.18,27.98,29.16,29.16,7730100,0.0,1.0,HON
2010-05-24,29.41,29.77,29.12,29.19,29.19,6423000,0.0,1.0,HON
2010-05-21,28.53,29.69,28.44,29.35,29.35,11108300,0.0,1.0,HON
2010-05-20,29.64,29.92,28.95,29.16,29.16,9465700,0.0,1.0,HON
2010-05-19,30.89,31.1,30.21,30.6,30.6,7494600,0.0,1.0,HON
2010-05-18,31.74,32.16,31.07,31.2,31.2,7437000,0.3025,1.0,HON
2010-05-17,31.54,31.75,30.93,31.49,31.49,6854000,0.0,1.0,HON
2010-05-14,31.73,31.81,31.0,31.52,31.52,8538500,0.0,1.0,HON
2010-05-13,32.45,32.53,31.97,32.01,32.01,2818300,0.0,1.0,HON
2010-05-12,31.99,32.57,31.92,32.48,32.48,4099300,0.0,1.0,HON
2010-05-11,31.63,32.3,31.58,31.77,31.77,4553500,0.0,1.0,HON
2010-05-10,31.66,32.16,31.43,31.93,31.93,6251300,0.0,1.0,HON
2010-05-07,30.28,30.92,29.7,30.16,30.16,8669000,0.0,1.0,HON
2010-05-06,31.53,32.03,27.71,30.7,30.7,9832100,0.0,1.0,HON
2010-05-05,31.89,32.09,31.46,31.79,31.79,5806500,0.0,1.0,HON
2010-05-04,33.17,33.24,32.21,32.47,32.47,7282500,0.0,1.0,HON
2010-05-03,33.13,33.63,33.09,33.62,33.62,4067200,0.0,1.0,HON
2010-04-30,33.6,33.7,32.9,32.9,32.9,5467900,0.0,1.0,HON
2010-04-29,32.9,33.64,32.81,33.62,33.62,5709000,0.0,1.0,HON
2010-04-28,32.75,32.83,32.23,32.6,32.6,4939800,0.0,1.0,HON
2010-04-27,33.42,33.42,32.45,32.53,32.53,7076800,0.0,1.0,HON
2010-04-26,33.14,33.56,33.11,33.45,33.45,5713300,0.0,1.0,HON
2010-04-23,33.07,33.11,32.36,33.07,33.07,7684200,0.0,1.0,HON
2010-04-22,32.1,32.89,31.79,32.87,32.87,7161500,0.0,1.0,HON
2010-04-21,32.22,32.38,31.97,32.36,32.36,4515500,0.0,1.0,HON
2010-04-20,31.92,32.18,31.68,32.14,32.14,4647300,0.0,1.0,HON
2010-04-19,31.5,31.78,31.31,31.7,31.7,4870000,0.0,1.0,HON
2010-04-16,32.18,32.23,31.41,31.75,31.75,7862200,0.0,1.0,HON
2010-04-15,32.08,32.24,31.95,32.2,32.2,3341700,0.0,1.0,HON
2010-04-14,31.74,32.13,31.72,32.11,32.11,4576400,0.0,1.0,HON
2010-04-13,31.86,31.93,31.54,31.64,31.64,3729000,0.0,1.0,HON
2010-04-12,31.78,31.99,31.73,31.87,31.87,3235700,0.0,1.0,HON
2010-04-09,31.65,31.86,31.44,31.72,31.72,3769400,0.0,1.0,HON
2010-04-08,31.33,31.61,31.19,31.52,31.52,4207300,0.0,1.0,HON
2010-04-07,31.53,31.71,31.24,31.36,31.36,4993700,0.0,1.0,HON
2010-04-06,31.5,31.7,31.43,31.5,31.5,3965400,0.0,1.0,HON
2010-04-05,31.38,31.63,31.24,31.5,31.5,4204300,0.0,1.0,HON
2010-04-01,31.54,31.77,30.99,31.2,31.2,6706200,0.0,1.0,HON
2010-03-31,31.62,31.72,31.25,31.37,31.37,8919800,0.0,1.0,HON
2010-03-30,31.19,31.38,30.87,31.15,31.15,4879700,0.0,1.0,HON
2010-03-29,31.12,31.27,31.01,31.09,31.09,4319800,0.0,1.0,HON
2010-03-26,30.79,31.18,30.73,30.91,30.91,4455600,0.0,1.0,HON
2010-03-25,31.01,31.38,30.7,30.73,30.73,6025900,0.0,1.0,HON
2010-03-24,30.65,31.22,30.53,30.82,30.82,7840800,0.0,1.0,HON
2010-03-23,30.26,30.72,30.21,30.62,30.62,5539100,0.0,1.0,HON
2010-03-22,30.17,30.48,30.08,30.19,30.19,4772500,0.0,1.0,HON
2010-03-19,30.48,30.69,30.21,30.37,30.37,9693100,0.0,1.0,HON
2010-03-18,29.74,30.17,29.65,30.1,30.1,4961900,0.0,1.0,HON
2010-03-17,29.95,30.05,29.55,29.74,29.74,5121700,0.0,1.0,HON
2010-03-16,29.9,29.92,29.56,29.82,29.82,6392900,0.0,1.0,HON
2010-03-15,29.74,29.82,29.52,29.78,29.78,4904300,0.0,1.0,HON
2010-03-12,29.66,29.89,29.42,29.75,29.75,5554600,0.0,1.0,HON
2010-03-11,29.26,29.53,29.08,29.53,29.53,3528700,0.0,1.0,HON
2010-03-10,29.22,29.45,29.17,29.34,29.34,4797300,0.0,1.0,HON
2010-03-09,28.74,29.45,28.7,29.29,29.29,5541200,0.0,1.0,HON
2010-03-08,29.04,29.1,28.72,28.75,28.75,3514800,0.0,1.0,HON
2010-03-05,28.65,29.05,28.57,29.04,29.04,5500800,0.0,1.0,HON
2010-03-04,28.36,28.56,28.24,28.54,28.54,3699300,0.0,1.0,HON
2010-03-03,28.2,28.54,28.2,28.36,28.36,5546000,0.0,1.0,HON
2010-03-02,28.21,28.41,28.09,28.19,28.19,4049400,0.0,1.0,HON
2010-03-01,27.89,28.3,27.89,28.11,28.11,4546300,0.0,1.0,HON
2010-02-26,27.84,28.02,27.66,27.83,27.83,4462200,0.0,1.0,HON
2010-02-25,27.72,27.88,27.37,27.85,27.85,5644400,0.0,1.0,HON
2010-02-24,27.8,28.31,27.75,28.12,28.12,4822700,0.0,1.0,HON
2010-02-23,27.82,28.04,27.57,27.67,27.67,5202200,0.0,1.0,HON
2010-02-22,28.01,28.07,27.72,27.82,27.82,4068500,0.0,1.0,HON
2010-02-19,27.57,28.04,27.4,27.87,27.87,5813100,0.0,1.0,HON
2010-02-18,27.07,27.68,27.01,27.62,27.62,5311500,0.0,1.0,HON
2010-02-17,26.96,27.18,26.85,27.09,27.09,4718100,0.3025,1.0,HON
2010-02-16,26.22,26.8,26.19,26.55,26.55,5972000,0.0,1.0,HON
2010-02-12,25.99,26.13,25.67,26.03,26.03,5702500,0.0,1.0,HON
2010-02-11,25.86,26.37,25.64,26.29,26.29,4424400,0.0,1.0,HON
2010-02-10,25.94,26.13,25.7,25.94,25.94,3998000,0.0,1.0,HON
2010-02-09,25.7,26.3,25.62,26.01,26.01,6870900,0.0,1.0,HON
2010-02-08,25.81,25.81,25.31,25.35,25.35,6238100,0.0,1.0,HON
2010-02-05,25.95,26.07,25.22,25.77,25.77,8519700,0.0,1.0,HON
2010-02-04,26.93,26.93,25.91,25.95,25.95,9669100,0.0,1.0,HON
2010-02-03,27.07,27.19,26.77,26.96,26.96,4363000,0.0,1.0,HON
2010-02-02,27.11,27.23,26.86,27.18,27.18,7046600,0.0,1.0,HON
2010-02-01,26.76,27.11,26.72,27.07,27.07,5139600,0.0,1.0,HON
2010-01-29,26.47,26.94,25.84,26.57,26.57,15224200,0.0,1.0,HON
2010-01-28,27.87,27.91,27.0,27.38,27.38,5903600,0.0,1.0,HON
2010-01-27,27.61,27.77,27.12,27.69,27.69,5900500,0.0,1.0,HON
2010-01-26,27.54,27.82,27.31,27.49,27.49,2775700,0.0,1.0,HON
2010-01-25,27.71,27.97,27.56,27.66,27.66,3079400,0.0,1.0,HON
2010-01-22,27.9,28.25,27.4,27.42,27.42,6923700,0.0,1.0,HON
2010-01-21,29.13,29.23,27.97,28.01,28.01,7419700,0.0,1.0,HON
2010-01-20,29.27,29.34,28.81,29.13,29.13,4616900,0.0,1.0,HON
2010-01-19,29.38,29.71,29.21,29.47,29.47,5220400,0.0,1.0,HON
2010-01-15,29.25,29.44,29.03,29.31,29.31,5729300,0.0,1.0,HON
2010-01-14,29.05,29.38,28.96,29.27,29.27,3430600,0.0,1.0,HON
2010-01-13,28.99,29.23,28.77,29.1,29.1,4097900,0.0,1.0,HON
2010-01-12,29.15,29.23,28.79,29.0,29.0,4509500,0.0,1.0,HON
2010-01-11,29.09,29.66,29.09,29.33,29.33,5116400,0.0,1.0,HON
2010-01-08,28.14,29.02,28.05,28.96,28.96,6824700,0.0,1.0,HON
2010-01-07,27.81,28.44,27.56,28.34,28.34,9787800,0.0,1.0,HON
2010-01-06,27.81,27.88,27.66,27.8,27.8,5919800,0.0,1.0,HON
2010-01-05,27.62,27.82,27.57,27.8,27.8,6479200,0.0,1.0,HON
2010-01-04,27.24,27.77,27.15,27.75,27.75,7389200,0.0,1.0,HON
2009-12-31,27.31,27.44,26.92,26.96,26.96,2787300,0.0,1.0,HON
2009-12-30,27.26,27.39,27.17,27.38,27.38,2449600,0.0,1.0,HON
2009-12-29,27.42,27.53,27.38,27.42,27.42,2535300,0.0,1.0,HON
2009-12-28,27.47,27.49,27.29,27.38,27.38,2251700,0.0,1.0,HON
2009-12-24,27.53,27.53,27.38,27.42,27.42,947400,0.0,1.0,HON
2009-12-23,27.41,27.49,27.09,27.46,27.46,3297300,0.0,1.0,HON
2009-12-22,27.31,27.43,27.17,27.23,27.23,3933100,0.0,1.0,HON
2009-12-21,27.14,27.41,27.06,27.21,27.21,4759900,0.0,1.0,HON
2009-12-18,27.22,27.38,26.82,26.92,26.92,9973600,0.0,1.0,HON
2009-12-17,27.4,27.62,27.18,27.19,27.19,7541800,0.0,1.0,HON
2009-12-16,28.2,28.54,27.75,27.76,27.76,9270400,0.0,1.0,HON
2009-12-15,28.11,28.46,27.85,28.37,28.37,6118700,0.0,1.0,HON
2009-12-14,28.24,28.57,28.21,28.41,28.41,5292300,0.0,1.0,HON
2009-12-11,27.91,28.24,27.86,28.1,28.1,4556300,0.0,1.0,HON
2009-12-10,27.93,28.14,27.69,27.72,27.72,4565700,0.0,1.0,HON
2009-12-09,27.74,27.86,27.4,27.69,27.69,5493800,0.0,1.0,HON
2009-12-08,28.0,28.0,27.51,27.67,27.67,4303600,0.0,1.0,HON
2009-12-07,27.66,28.17,27.62,28.06,28.06,6132400,0.0,1.0,HON
2009-12-04,27.58,27.94,27.27,27.6,27.6,5767600,0.0,1.0,HON
2009-12-03,27.37,27.58,27.19,27.23,27.23,5354900,0.0,1.0,HON
2009-12-02,27.09,27.46,27.07,27.35,27.35,6422700,0.0,1.0,HON
2009-12-01,26.65,27.17,26.65,27.07,27.07,4420300,0.0,1.0,HON
2009-11-30,26.38,26.56,26.19,26.45,26.45,4249600,0.0,1.0,HON
2009-11-27,26.23,26.72,25.98,26.46,26.46,2484300,0.0,1.0,HON
2009-11-25,26.66,26.9,26.47,26.89,26.89,3074600,0.0,1.0,HON
2009-11-24,26.62,26.71,26.24,26.66,26.66,3532900,0.0,1.0,HON
2009-11-23,26.39,26.63,26.34,26.6,26.6,3989800,0.0,1.0,HON
2009-11-20,26.14,26.36,25.94,26.16,26.16,5773400,0.0,1.0,HON
2009-11-19,26.72,26.74,26.1,26.3,26.3,6719500,0.0,1.0,HON
2009-11-18,27.15,27.21,26.86,26.97,26.97,4161800,0.3025,1.0,HON
2009-11-17,27.02,27.19,26.89,27.03,27.03,4248300,0.0,1.0,HON
2009-11-16,26.82,27.46,26.82,27.2,27.2,6472800,0.0,1.0,HON
2009-11-13,26.31,26.82,26.22,26.78,26.78,4939000,0.0,1.0,HON
2009-11-12,26.37,26.69,26.22,26.32,26.32,3855900,0.0,1.0,HON
2009-11-11,26.53,26.67,26.25,26.43,26.43,3805800,0.0,1.0,HON
2009-11-10,26.19,26.48,26.04,26.34,26.34,3788500,0.0,1.0,HON
2009-11-09,25.9,26.28,25.75,26.23,26.23,3695900,0.0,1.0,HON
2009-11-06,25.59,25.84,25.45,25.73,25.73,3727900,0.0,1.0,HON
2009-11-05,24.96,25.66,24.96,25.65,25.65,5458900,0.0,1.0,HON
2009-11-04,24.74,25.25,24.7,24.84,24.84,5562200,0.0,1.0,HON
2009-11-03,24.59,24.65,24.29,24.6,24.6,4578400,0.0,1.0,HON
2009-11-02,24.57,24.87,24.29,24.7,24.7,4809900,0.0,1.0,HON
2009-10-30,25.26,25.38,24.4,24.49,24.49,6841100,0.0,1.0,HON
2009-10-29,25.03,25.45,24.93,25.39,25.39,5617400,0.0,1.0,HON
2009-10-28,25.57,25.66,24.91,24.98,24.98,5910600,0.0,1.0,HON
2009-10-27,25.85,25.95,25.54,25.59,25.59,6871700,0.0,1.0,HON
2009-10-26,26.05,26.56,25.62,25.74,25.74,5336200,0.0,1.0,HON
2009-10-23,26.67,26.74,26.0,26.11,26.11,6835400,0.0,1.0,HON
2009-10-22,25.17,26.61,25.15,26.29,26.29,10026500,0.0,1.0,HON
2009-10-21,25.79,25.85,25.14,25.22,25.22,6541700,0.0,1.0,HON
2009-10-20,26.3,26.31,25.67,25.79,25.79,6442300,0.0,1.0,HON
2009-10-19,25.87,26.44,25.75,26.22,26.22,5694600,0.0,1.0,HON
2009-10-16,25.51,25.93,25.39,25.79,25.79,5539200,0.0,1.0,HON
2009-10-15,25.49,25.79,25.39,25.77,25.77,6338000,0.0,1.0,HON
2009-10-14,25.32,25.54,25.23,25.54,25.54,7127500,0.0,1.0,HON
2009-10-13,25.41,25.41,25.09,25.13,25.13,4767700,0.0,1.0,HON
2009-10-12,25.49,25.59,25.35,25.42,25.42,4232200,0.0,1.0,HON
2009-10-09,25.13,25.41,25.0,25.36,25.36,3588400,0.0,1.0,HON
2009-10-08,25.03,25.28,24.85,25.14,25.14,4468200,0.0,1.0,HON
2009-10-07,25.0,25.13,24.72,24.78,24.78,4500000,0.0,1.0,HON
2009-10-06,24.92,25.4,24.86,24.98,24.98,6280600,0.0,1.0,HON
2009-10-05,24.4,24.93,24.28,24.72,24.72,8472900,0.0,1.0,HON
2009-10-02,24.53,24.74,24.17,24.29,24.29,7495200,0.0,1.0,HON
2009-10-01,25.32,25.4,24.81,24.84,24.84,5812400,0.0,1.0,HON
2009-09-30,25.45,25.51,24.7,25.35,25.35,11142000,0.0,1.0,HON
2009-09-29,25.56,25.76,25.38,25.42,25.42,7576500,0.0,1.0,HON
2009-09-28,25.86,25.9,25.39,25.48,25.48,8550600,0.0,1.0,HON
2009-09-25,26.26,26.29,25.62,25.8,25.8,6811600,0.0,1.0,HON
2009-09-24,26.78,26.99,26.24,26.4,26.4,5174400,0.0,1.0,HON
2009-09-23,27.12,27.25,26.73,26.78,26.78,3875900,0.0,1.0,HON
2009-09-22,26.92,27.21,26.83,27.1,27.1,4158200,0.0,1.0,HON
2009-09-21,27.2,27.25,26.71,26.83,26.83,5683000,0.0,1.0,HON
2009-09-18,27.32,27.6,27.24,27.41,27.41,6394300,0.0,1.0,HON
2009-09-17,27.31,27.67,27.06,27.36,27.36,7854800,0.0,1.0,HON
2009-09-16,27.34,27.43,26.86,27.34,27.34,6582100,0.0,1.0,HON
2009-09-15,27.39,27.43,27.06,27.15,27.15,5332800,0.0,1.0,HON
2009-09-14,26.5,27.3,26.27,27.28,27.28,7646400,0.0,1.0,HON
2009-09-11,26.96,26.96,26.3,26.57,26.57,7396900,0.0,1.0,HON
2009-09-10,26.41,26.9,26.02,26.9,26.9,5554000,0.0,1.0,HON
2009-09-09,25.89,26.36,25.72,26.24,26.24,6545500,0.0,1.0,HON
2009-09-08,25.59,25.91,25.46,25.81,25.81,6141100,0.0,1.0,HON
2009-09-04,24.77,25.41,24.68,25.35,25.35,6022600,0.0,1.0,HON
2009-09-03,24.56,24.79,24.27,24.74,24.74,7216500,0.0,1.0,HON
2009-09-02,24.51,24.63,24.29,24.41,24.41,5008000,0.0,1.0,HON
2009-09-01,25.02,25.45,24.43,24.51,24.51,6666000,0.0,1.0,HON
2009-08-31,25.27,25.27,24.85,25.08,25.08,4493400,0.0,1.0,HON
2009-08-28,25.74,25.82,25.18,25.41,25.41,3789400,0.0,1.0,HON
2009-08-27,25.4,25.77,25.3,25.51,25.51,7020600,0.0,1.0,HON
2009-08-26,25.51,25.6,25.17,25.33,25.33,4537900,0.0,1.0,HON
2009-08-25,25.63,25.92,25.34,25.6,25.6,5045900,0.0,1.0,HON
2009-08-24,24.83,25.53,24.78,25.43,25.43,7899700,0.0,1.0,HON
2009-08-21,24.51,24.89,24.23,24.78,24.78,5790400,0.0,1.0,HON
2009-08-20,24.01,24.2,23.84,24.12,24.12,3544900,0.0,1.0,HON
2009-08-19,23.7,24.0,23.54,23.9,23.9,3854700,0.0,1.0,HON
2009-08-18,23.71,23.94,23.58,23.9,23.9,4161400,0.3025,1.0,HON
2009-08-17,23.86,24.04,23.46,23.63,23.63,5141800,0.0,1.0,HON
2009-08-14,24.53,24.65,24.06,24.27,24.27,4605000,0.0,1.0,HON
2009-08-13,24.84,24.84,24.26,24.48,24.48,4031000,0.0,1.0,HON
2009-08-12,23.89,24.94,23.89,24.69,24.69,5434800,0.0,1.0,HON
2009-08-11,24.21,24.3,23.76,23.96,23.96,3620400,0.0,1.0,HON
2009-08-10,24.55,24.59,24.12,24.33,24.33,3353500,0.0,1.0,HON
2009-08-07,24.27,24.85,24.15,24.61,24.61,5989000,0.0,1.0,HON
2009-08-06,24.02,24.08,23.79,23.92,23.92,5394000,0.0,1.0,HON
2009-08-05,24.09,24.16,23.69,23.88,23.88,5518500,0.0,1.0,HON
2009-08-04,23.73,24.13,23.68,24.12,24.12,4559400,0.0,1.0,HON
2009-08-03,23.69,23.91,23.4,23.87,23.87,6060500,0.0,1.0,HON
2009-07-31,23.33,23.59,23.18,23.48,23.48,4912400,0.0,1.0,HON
2009-07-30,23.27,23.58,23.18,23.35,23.35,4611700,0.0,1.0,HON
2009-07-29,22.91,23.13,22.77,23.03,23.03,4948600,0.0,1.0,HON
2009-07-28,22.94,23.25,22.74,23.1,23.1,4793800,0.0,1.0,HON
2009-07-27,22.46,23.23,22.46,23.17,23.17,8145400,0.0,1.0,HON
2009-07-24,22.97,23.05,22.43,23.0,23.0,6064000,0.0,1.0,HON
2009-07-23,22.62,23.24,22.37,23.15,23.15,5848900,0.0,1.0,HON
2009-07-22,22.54,22.82,22.49,22.58,22.58,3374700,0.0,1.0,HON
2009-07-21,22.85,22.97,22.21,22.6,22.6,7074800,0.0,1.0,HON
2009-07-20,22.01,22.62,22.01,22.58,22.58,4528000,0.0,1.0,HON
2009-07-17,22.13,22.29,21.75,21.94,21.94,5583800,0.0,1.0,HON
2009-07-16,21.89,22.33,21.84,22.21,22.21,3358600,0.0,1.0,HON
2009-07-15,21.33,21.99,21.25,21.93,21.93,6482800,0.0,1.0,HON
2009-07-14,20.89,21.13,20.78,21.09,21.09,5591000,0.0,1.0,HON
2009-07-13,20.42,20.86,20.26,20.84,20.84,5966200,0.0,1.0,HON
2009-07-10,19.98,20.35,19.82,20.32,20.32,6109700,0.0,1.0,HON
2009-07-09,20.08,20.18,19.84,20.07,20.07,6871100,0.0,1.0,HON
2009-07-08,19.88,20.15,19.73,19.94,19.94,9381200,0.0,1.0,HON
2009-07-07,20.52,20.56,19.76,19.83,19.83,7057300,0.0,1.0,HON
2009-07-06,20.63,20.7,20.24,20.51,20.51,4510200,0.0,1.0,HON
2009-07-02,21.24,21.39,20.68,20.69,20.69,4698000,0.0,1.0,HON
2009-07-01,21.37,21.74,21.23,21.55,21.55,5159500,0.0,1.0,HON
2009-06-30,21.85,21.85,21.12,21.24,21.24,4628500,0.0,1.0,HON
2009-06-29,21.59,21.87,21.35,21.77,21.77,4770300,0.0,1.0,HON
2009-06-26,21.55,21.88,21.43,21.49,21.49,4670700,0.0,1.0,HON
2009-06-25,20.9,21.78,20.9,21.55,21.55,6996400,0.0,1.0,HON
2009-06-24,21.41,21.72,20.84,21.0,21.0,2000200,0.0,1.0,HON
2009-06-23,21.24,21.41,20.94,21.26,21.26,1663400,0.0,1.0,HON
2009-06-22,22.04,22.04,21.33,21.37,21.37,5404800,0.0,1.0,HON
2009-06-19,22.42,22.58,22.16,22.2,22.2,6805400,0.0,1.0,HON
2009-06-18,22.23,22.45,21.82,22.31,22.31,5938300,0.0,1.0,HON
2009-06-17,22.37,22.49,21.93,22.18,22.18,6514900,0.0,1.0,HON
2009-06-16,23.04,23.11,22.25,22.43,22.43,8158600,0.0,1.0,HON
2009-06-15,23.74,23.75,22.73,22.95,22.95,7342300,0.0,1.0,HON
2009-06-12,24.09,24.13,23.71,23.96,23.96,4422500,0.0,1.0,HON
2009-06-11,24.19,24.58,24.17,24.21,24.21,5479600,0.0,1.0,HON
2009-06-10,24.33,24.48,23.73,24.09,24.09,4616500,0.0,1.0,HON
2009-06-09,24.2,24.34,23.86,24.17,24.17,4886800,0.0,1.0,HON
2009-06-08,24.17,24.36,23.74,24.13,24.13,4709800,0.0,1.0,HON
2009-06-05,24.66,24.8,24.07,24.17,24.17,6301700,0.0,1.0,HON
2009-06-04,23.46,24.06,23.35,24.0,24.0,4331300,0.0,1.0,HON
2009-06-03,23.64,23.73,23.07,23.46,23.46,4938400,0.0,1.0,HON
2009-06-02,23.89,24.07,23.41,23.81,23.81,6452900,0.0,1.0,HON
2009-06-01,22.77,24.06,22.71,23.92,23.92,7663400,0.0,1.0,HON
2009-05-29,21.97,22.48,21.85,22.43,22.43,5365000,0.0,1.0,HON
2009-05-28,21.69,21.93,21.18,21.78,21.78,4110100,0.0,1.0,HON
2009-05-27,22.02,22.33,21.64,21.69,21.69,4775500,0.0,1.0,HON
2009-05-26,21.53,22.36,21.48,22.08,22.08,5335900,0.0,1.0,HON
2009-05-22,21.53,22.06,21.47,21.72,21.72,4265600,0.0,1.0,HON
2009-05-21,22.04,22.04,21.26,21.53,21.53,5859100,0.0,1.0,HON
2009-05-20,22.59,22.84,22.3,22.36,22.36,5313100,0.0,1.0,HON
2009-05-19,22.37,22.61,22.03,22.39,22.39,5793600,0.0,1.0,HON
2009-05-18,21.79,22.35,21.71,22.33,22.33,6339400,0.3025,1.0,HON
2009-05-15,21.44,21.79,21.25,21.42,21.42,5446700,0.0,1.0,HON
2009-05-14,21.03,21.6,21.0,21.4,21.4,4606100,0.0,1.0,HON
2009-05-13,21.86,21.92,20.76,21.03,21.03,8441800,0.0,1.0,HON
2009-05-12,22.63,22.72,21.86,22.2,22.2,6575500,0.0,1.0,HON
2009-05-11,22.99,23.12,22.37,22.55,22.55,6793600,0.0,1.0,HON
2009-05-08,22.53,23.4,22.31,23.28,23.28,8884300,0.0,1.0,HON
2009-05-07,22.59,22.75,21.96,22.2,22.2,10390600,0.0,1.0,HON
2009-05-06,21.99,22.51,21.62,22.45,22.45,11932500,0.0,1.0,HON
2009-05-05,21.17,21.52,21.11,21.24,21.24,6761400,0.0,1.0,HON
2009-05-04,21.5,21.63,20.94,21.13,21.13,11187200,0.0,1.0,HON
2009-05-01,20.9,21.38,20.7,21.2,21.2,5327500,0.0,1.0,HON
2009-04-30,21.17,21.46,20.73,20.92,20.92,7944000,0.0,1.0,HON
2009-04-29,20.15,21.01,20.11,20.72,20.72,6918600,0.0,1.0,HON
2009-04-28,20.11,20.11,19.67,19.73,19.73,8010500,0.0,1.0,HON
2009-04-27,20.47,20.93,20.23,20.31,20.31,12355500,0.0,1.0,HON
2009-04-24,21.13,21.45,20.38,21.08,21.08,17017300,0.0,1.0,HON
2009-04-23,21.37,21.83,20.97,21.71,21.71,7939800,0.0,1.0,HON
2009-04-22,20.51,21.77,20.24,21.25,21.25,9134500,0.0,1.0,HON
2009-04-21,19.97,20.55,19.64,20.49,20.49,6145200,0.0,1.0,HON
2009-04-20,20.78,21.0,19.94,19.97,19.97,6250900,0.0,1.0,HON
2009-04-17,21.14,21.45,20.9,21.11,21.11,7656600,0.0,1.0,HON
2009-04-16,20.74,21.27,20.48,21.11,21.11,4999700,0.0,1.0,HON
2009-04-15,20.27,20.86,20.18,20.56,20.56,8048300,0.0,1.0,HON
2009-04-14,20.05,20.55,19.93,20.25,20.25,4523400,0.0,1.0,HON
2009-04-13,20.67,20.67,19.77,20.29,20.29,6640000,0.0,1.0,HON
2009-04-09,20.3,20.86,20.15,20.81,20.81,6409700,0.0,1.0,HON
2009-04-08,19.76,19.97,19.54,19.86,19.86,4672200,0.0,1.0,HON
2009-04-07,19.78,20.11,19.37,19.64,19.64,7222100,0.0,1.0,HON
2009-04-06,20.15,20.25,19.31,19.97,19.97,8063300,0.0,1.0,HON
2009-04-03,20.47,20.77,19.98,20.25,20.25,6310700,0.0,1.0,HON
2009-04-02,19.58,20.94,19.46,20.49,20.49,10214600,0.0,1.0,HON
2009-04-01,18.6,19.12,18.4,18.98,18.98,7566800,0.0,1.0,HON
2009-03-31,18.76,19.09,18.44,18.68,18.68,6826000,0.0,1.0,HON
2009-03-30,19.25,19.25,18.44,18.64,18.64,7401400,0.0,1.0,HON
2009-03-27,20.15,20.27,19.53,19.61,19.61,6002900,0.0,1.0,HON
2009-03-26,19.66,20.39,19.51,20.39,20.39,6643400,0.0,1.0,HON
2009-03-25,19.68,20.22,18.97,19.41,19.41,8537700,0.0,1.0,HON
2009-03-24,19.23,19.72,19.11,19.4,19.4,5785300,0.0,1.0,HON
2009-03-23,18.49,19.4,18.38,19.4,19.4,5230600,0.0,1.0,HON
2009-03-20,18.84,18.93,17.91,18.07,18.07,8844600,0.0,1.0,HON
2009-03-19,19.22,19.23,18.7,18.79,18.79,5528300,0.0,1.0,HON
2009-03-18,18.45,19.03,17.97,19.01,19.01,8451900,0.0,1.0,HON
2009-03-17,18.13,18.48,17.89,18.48,18.48,4077500,0.0,1.0,HON
2009-03-16,18.19,18.72,18.11,18.14,18.14,5331500,0.0,1.0,HON
2009-03-13,18.39,18.49,17.5,18.05,18.05,6394100,0.0,1.0,HON
2009-03-12,17.86,18.35,17.46,18.32,18.32,7750300,0.0,1.0,HON
2009-03-11,17.01,18.11,16.91,17.87,17.87,10501500,0.0,1.0,HON
2009-03-10,15.91,17.06,15.91,17.05,17.05,11390300,0.0,1.0,HON
2009-03-09,15.67,16.17,15.49,15.57,15.57,6506200,0.0,1.0,HON
2009-03-06,16.1,16.53,15.46,15.82,15.82,10760800,0.0,1.0,HON
2009-03-05,16.63,16.67,15.88,16.03,16.03,7342800,0.0,1.0,HON
2009-03-04,16.99,17.3,16.7,17.0,17.0,7639100,0.0,1.0,HON
2009-03-03,16.93,17.12,16.5,16.56,16.56,8017800,0.0,1.0,HON
2009-03-02,17.66,17.74,16.61,16.73,16.73,9064300,0.0,1.0,HON
2009-02-27,18.15,18.62,17.95,17.99,17.99,9395700,0.0,1.0,HON
2009-02-26,19.29,19.32,18.4,18.48,18.48,6639900,0.0,1.0,HON
2009-02-25,19.43,19.43,18.82,18.95,18.95,8248300,0.0,1.0,HON
2009-02-24,18.63,19.55,18.46,19.27,19.27,11180100,0.0,1.0,HON
2009-02-23,19.59,19.67,18.54,18.6,18.6,11870400,0.0,1.0,HON
2009-02-20,19.96,19.96,19.03,19.33,19.33,10035700,0.0,1.0,HON
2009-02-19,20.48,20.73,20.21,20.27,20.27,7948300,0.0,1.0,HON
2009-02-18,21.05,21.05,20.14,20.31,20.31,7309500,0.3025,1.0,HON
2009-02-17,21.39,21.51,20.67,20.74,20.74,7327700,0.0,1.0,HON
2009-02-13,21.23,22.27,21.11,21.94,21.94,8268600,0.0,1.0,HON
2009-02-12,21.04,21.19,20.44,21.15,21.15,6925400,0.0,1.0,HON
2009-02-11,22.12,22.26,21.04,21.37,21.37,5234200,0.0,1.0,HON
2009-02-10,22.02,22.37,21.07,21.22,21.22,7095800,0.0,1.0,HON
2009-02-09,22.22,22.35,21.84,22.27,22.27,4637100,0.0,1.0,HON
2009-02-06,21.85,22.34,21.66,22.2,22.2,7526900,0.0,1.0,HON
2009-02-05,20.8,21.84,20.72,21.59,21.59,7221300,0.0,1.0,HON
2009-02-04,21.06,22.11,21.06,21.47,21.47,7563300,0.0,1.0,HON
2009-02-03,21.29,21.29,20.59,21.04,21.04,8390600,0.0,1.0,HON
2009-02-02,21.45,21.55,20.81,21.13,21.13,7252400,0.0,1.0,HON
2009-01-30,21.72,22.73,21.45,21.78,21.78,8154800,0.0,1.0,HON
2009-01-29,22.78,22.97,21.59,21.69,21.69,9056300,0.0,1.0,HON
2009-01-28,22.89,23.39,22.78,23.04,23.04,6792400,0.0,1.0,HON
2009-01-27,22.14,22.65,21.99,22.51,22.51,6535600,0.0,1.0,HON
2009-01-26,21.39,22.13,21.2,22.02,22.02,8720900,0.0,1.0,HON
2009-01-23,20.62,21.61,20.56,21.38,21.38,5612200,0.0,1.0,HON
2009-01-22,21.25,21.47,20.76,21.22,21.22,6645700,0.0,1.0,HON
2009-01-21,21.26,21.61,20.7,21.5,21.5,5430600,0.0,1.0,HON
2009-01-20,21.78,22.21,20.9,20.93,20.93,6842900,0.0,1.0,HON
2009-01-16,21.95,22.04,21.39,21.86,21.86,7131800,0.0,1.0,HON
2009-01-15,21.29,21.79,20.74,21.66,21.66,6719400,0.0,1.0,HON
2009-01-14,21.9,22.0,21.04,21.24,21.24,6062700,0.0,1.0,HON
2009-01-13,22.37,22.56,21.81,22.16,22.16,5115000,0.0,1.0,HON
2009-01-12,22.56,22.66,22.17,22.42,22.42,4318700,0.0,1.0,HON
2009-01-09,23.21,23.21,22.31,22.66,22.66,5544400,0.0,1.0,HON
2009-01-08,22.71,22.97,22.44,22.97,22.97,4360000,0.0,1.0,HON
2009-01-07,23.64,23.64,22.69,22.87,22.87,5691600,0.0,1.0,HON
2009-01-06,23.11,24.16,23.11,23.92,23.92,7201700,0.0,1.0,HON
2009-01-05,22.88,23.02,22.57,22.89,22.89,6984900,0.0,1.0,HON
2009-01-02,21.86,23.13,21.59,23.01,23.01,5110800,0.0,1.0,HON
2008-12-31,21.65,22.1,21.63,21.79,21.79,4874900,0.0,1.0,HON
2008-12-30,20.82,21.66,20.82,21.63,21.63,3994300,0.0,1.0,HON
2008-12-29,20.74,20.74,20.34,20.72,20.72,4184600,0.0,1.0,HON
2008-12-26,21.25,21.41,20.82,21.22,21.22,2042100,0.0,1.0,HON
2008-12-24,21.11,21.25,20.91,21.13,21.13,1482700,0.0,1.0,HON
2008-12-23,20.99,21.27,20.57,21.05,21.05,6077300,0.0,1.0,HON
2008-12-22,21.76,21.76,20.72,21.17,21.17,6316300,0.0,1.0,HON
2008-12-19,22.5,22.57,21.57,21.7,21.7,10063800,0.0,1.0,HON
2008-12-18,21.86,22.13,21.37,21.72,21.72,9927100,0.0,1.0,HON
2008-12-17,21.57,22.08,21.24,21.79,21.79,7326700,0.0,1.0,HON
2008-12-16,20.59,22.02,20.46,21.77,21.77,11203000,0.0,1.0,HON
2008-12-15,19.99,21.15,19.96,20.43,20.43,15231800,0.0,1.0,HON
2008-12-12,18.55,19.42,17.96,19.22,19.22,12178200,0.0,1.0,HON
2008-12-11,19.19,19.7,18.83,18.92,18.92,8792900,0.0,1.0,HON
2008-12-10,18.62,19.77,18.6,19.19,19.19,9602800,0.0,1.0,HON
2008-12-09,17.92,18.75,17.72,18.37,18.37,10201600,0.0,1.0,HON
2008-12-08,18.07,18.47,17.56,18.06,18.06,8923300,0.0,1.0,HON
2008-12-05,16.64,17.69,16.23,17.62,17.62,6489800,0.0,1.0,HON
2008-12-04,17.23,17.63,16.59,16.91,16.91,5188600,0.0,1.0,HON
2008-12-03,17.42,17.76,16.71,17.59,17.59,6690800,0.0,1.0,HON
2008-12-02,17.56,17.7,17.07,17.65,17.65,5850100,0.0,1.0,HON
2008-12-01,18.25,18.41,17.17,17.25,17.25,6045100,0.0,1.0,HON
2008-11-28,17.89,18.49,17.89,18.49,18.49,2117300,0.0,1.0,HON
2008-11-26,16.95,18.05,16.44,17.97,17.97,5953100,0.0,1.0,HON
2008-11-25,17.75,17.9,16.63,17.18,17.18,7415700,0.0,1.0,HON
2008-11-24,17.2,17.78,16.61,17.38,17.38,9538800,0.0,1.0,HON
2008-11-21,16.1,16.92,15.43,16.85,16.85,8719000,0.0,1.0,HON
2008-11-20,15.98,17.13,15.51,15.71,15.71,10206600,0.0,1.0,HON
2008-11-19,17.48,17.9,16.1,16.18,16.18,7375700,0.0,1.0,HON
2008-11-18,17.39,17.96,16.97,17.51,17.51,7890800,0.275,1.0,HON
2008-11-17,17.76,17.96,17.14,17.28,17.28,5057300,0.0,1.0,HON
2008-11-14,18.56,18.93,17.78,17.97,17.97,6877700,0.0,1.0,HON
2008-11-13,17.63,19.02,16.73,18.91,18.91,9456500,0.0,1.0,HON
2008-11-12,17.66,18.01,17.42,17.55,17.55,6847100,0.0,1.0,HON
2008-11-11,18.76,18.79,17.66,17.99,17.99,6281400,0.0,1.0,HON
2008-11-10,19.65,19.89,18.72,19.01,19.01,3777000,0.0,1.0,HON
2008-11-07,18.73,19.35,18.52,19.29,19.29,5302000,0.0,1.0,HON
2008-11-06,20.11,20.5,18.37,18.55,18.55,8030100,0.0,1.0,HON
2008-11-05,21.27,21.75,20.2,20.36,20.36,6059500,0.0,1.0,HON
2008-11-04,20.73,21.68,20.51,21.55,21.55,7921200,0.0,1.0,HON
2008-11-03,19.98,20.42,19.71,20.31,20.31,4242600,0.0,1.0,HON
2008-10-31,19.67,20.15,19.41,20.0,20.0,8136800,0.0,1.0,HON
2008-10-30,20.04,20.41,19.27,19.79,19.79,7483600,0.0,1.0,HON
2008-10-29,19.0,20.14,18.83,19.04,19.04,7541100,0.0,1.0,HON
2008-10-28,17.78,19.32,17.09,19.25,19.25,9185200,0.0,1.0,HON
2008-10-27,17.57,18.33,17.19,17.22,17.22,8029900,0.0,1.0,HON
2008-10-24,17.49,18.67,17.27,17.84,17.84,7905400,0.0,1.0,HON
2008-10-23,18.36,19.46,17.89,18.97,18.97,11479400,0.0,1.0,HON
2008-10-22,18.53,18.91,17.77,18.3,18.3,8468400,0.0,1.0,HON
2008-10-21,19.16,19.75,18.77,18.95,18.95,7852900,0.0,1.0,HON
2008-10-20,19.52,19.94,18.72,19.52,19.52,8889600,0.0,1.0,HON
2008-10-17,19.59,20.25,18.26,19.29,19.29,16462500,0.0,1.0,HON
2008-10-16,18.98,20.55,18.43,20.32,20.32,11078400,0.0,1.0,HON
2008-10-15,20.57,21.26,18.83,19.1,19.1,12288500,0.0,1.0,HON
2008-10-14,23.26,23.38,20.82,21.09,21.09,9813800,0.0,1.0,HON
2008-10-13,21.31,22.13,20.7,21.96,21.96,9222500,0.0,1.0,HON
2008-10-10,19.23,21.19,17.09,20.1,20.1,16866100,0.0,1.0,HON
2008-10-09,23.12,23.58,20.12,20.62,20.62,12508700,0.0,1.0,HON
2008-10-08,22.39,23.64,21.95,22.39,22.39,11847900,0.0,1.0,HON
2008-10-07,23.65,24.44,22.72,22.96,22.96,9218900,0.0,1.0,HON
2008-10-06,23.94,24.29,22.77,23.6,23.6,11618800,0.0,1.0,HON
2008-10-03,25.7,26.22,24.72,24.86,24.86,6788000,0.0,1.0,HON
2008-10-02,25.88,26.05,24.96,25.04,25.04,8477500,0.0,1.0,HON
2008-10-01,27.05,27.05,25.69,26.07,26.07,10351500,0.0,1.0,HON
2008-09-30,27.3,27.34,26.15,27.3,27.3,7349600,0.0,1.0,HON
2008-09-29,28.52,28.68,25.8,26.52,26.52,10095800,0.0,1.0,HON
2008-09-26,27.87,29.16,27.66,29.02,29.02,6207000,0.0,1.0,HON
2008-09-25,27.9,28.71,27.76,28.48,28.48,7462300,0.0,1.0,HON
2008-09-24,28.39,28.75,27.53,27.7,27.7,5702400,0.0,1.0,HON
2008-09-23,28.66,29.39,28.15,28.37,28.37,6227000,0.0,1.0,HON
2008-09-22,29.48,29.48,28.46,28.64,28.64,6245600,0.0,1.0,HON
2008-09-19,30.23,30.81,29.27,29.77,29.77,8168200,0.0,1.0,HON
2008-09-18,29.17,29.19,27.26,28.93,28.93,11961700,0.0,1.0,HON
2008-09-17,29.61,29.61,28.32,28.76,28.76,9210500,0.0,1.0,HON
2008-09-16,29.69,30.34,29.46,30.19,30.19,7311200,0.0,1.0,HON
2008-09-15,30.43,30.87,30.07,30.17,30.17,8159400,0.0,1.0,HON
2008-09-12,31.05,31.32,30.88,31.24,31.24,4344000,0.0,1.0,HON
2008-09-11,30.98,31.29,30.67,31.29,31.29,6309000,0.0,1.0,HON
2008-09-10,31.25,31.5,30.83,31.24,31.24,6268900,0.0,1.0,HON
2008-09-09,31.9,32.67,30.89,30.98,30.98,7127700,0.0,1.0,HON
2008-09-08,32.04,32.57,31.53,31.93,31.93,6834200,0.0,1.0,HON
2008-09-05,31.34,31.58,30.83,31.35,31.35,5605800,0.0,1.0,HON
2008-09-04,32.03,32.03,31.47,31.53,31.53,7348600,0.0,1.0,HON
2008-09-03,33.19,33.19,32.03,32.29,32.29,4218400,0.0,1.0,HON
2008-09-02,33.29,34.15,32.78,32.98,32.98,4356300,0.0,1.0,HON
2008-08-29,32.98,33.19,32.74,32.96,32.96,3383600,0.0,1.0,HON
2008-08-28,32.48,33.5,32.35,33.06,33.06,3808800,0.0,1.0,HON
2008-08-27,32.14,32.43,31.86,32.28,32.28,2685900,0.0,1.0,HON
2008-08-26,32.11,32.2,31.63,32.15,32.15,2644100,0.0,1.0,HON
2008-08-25,32.39,32.66,31.69,31.89,31.89,2797300,0.0,1.0,HON
2008-08-22,32.08,32.82,32.06,32.72,32.72,2844100,0.0,1.0,HON
2008-08-21,31.56,32.16,31.32,32.03,32.03,3408900,0.0,1.0,HON
2008-08-20,32.24,32.26,31.41,31.85,31.85,3316700,0.0,1.0,HON
2008-08-19,32.84,32.84,31.98,32.23,32.23,4403100,0.0,1.0,HON
2008-08-18,33.49,33.59,32.66,32.89,32.89,3342500,0.275,1.0,HON
2008-08-15,33.24,33.59,32.99,33.27,33.27,3326300,0.0,1.0,HON
2008-08-14,32.95,33.55,32.65,33.18,33.18,3233900,0.0,1.0,HON
2008-08-13,33.46,33.48,32.67,33.24,33.24,3261000,0.0,1.0,HON
2008-08-12,33.65,33.91,33.41,33.56,33.56,3456300,0.0,1.0,HON
2008-08-11,33.53,34.18,33.23,33.69,33.69,4107300,0.0,1.0,HON
2008-08-08,32.67,33.59,32.36,33.53,33.53,4077400,0.0,1.0,HON
2008-08-07,33.16,33.16,32.56,32.62,32.62,4075100,0.0,1.0,HON
2008-08-06,33.63,33.71,33.03,33.48,33.48,4177200,0.0,1.0,HON
2008-08-05,33.24,33.8,33.19,33.69,33.69,4632000,0.0,1.0,HON
2008-08-04,33.22,33.37,32.59,33.03,33.03,3626200,0.0,1.0,HON
2008-08-01,33.41,33.83,32.99,33.32,33.32,4720800,0.0,1.0,HON
2008-07-31,34.05,34.27,33.15,33.22,33.22,6232100,0.0,1.0,HON
2008-07-30,33.96,34.27,33.54,34.25,34.25,5019800,0.0,1.0,HON
2008-07-29,32.78,33.67,32.71,33.67,33.67,4825700,0.0,1.0,HON
2008-07-28,33.19,33.24,32.43,32.69,32.69,6599000,0.0,1.0,HON
2008-07-25,33.65,33.8,33.05,33.22,33.22,7724600,0.0,1.0,HON
2008-07-24,34.53,34.66,33.37,33.57,33.57,6903000,0.0,1.0,HON
2008-07-23,34.08,34.48,33.71,34.45,34.45,6661700,0.0,1.0,HON
2008-07-22,32.4,34.18,32.4,34.18,34.18,8599800,0.0,1.0,HON
2008-07-21,33.44,33.44,32.03,32.56,32.56,8428000,0.0,1.0,HON
2008-07-18,34.84,35.09,32.79,33.1,33.1,9356300,0.0,1.0,HON
2008-07-17,32.77,33.58,32.61,33.23,33.23,8455500,0.0,1.0,HON
2008-07-16,31.24,32.27,30.92,32.27,32.27,4681600,0.0,1.0,HON
2008-07-15,32.01,32.01,30.49,31.26,31.26,7529800,0.0,1.0,HON
2008-07-14,33.02,33.27,31.86,32.33,32.33,5551300,0.0,1.0,HON
2008-07-11,33.02,33.25,31.85,32.22,32.22,8078500,0.0,1.0,HON
2008-07-10,32.66,33.52,32.34,33.48,33.48,7277300,0.0,1.0,HON
2008-07-09,33.56,33.77,32.62,32.62,32.62,4558200,0.0,1.0,HON
2008-07-08,32.75,33.65,32.75,33.63,33.63,5612300,0.0,1.0,HON
2008-07-07,32.94,33.71,32.6,33.05,33.05,7146300,0.0,1.0,HON
2008-07-03,32.63,33.35,32.57,32.87,32.87,4918600,0.0,1.0,HON
2008-07-02,33.56,33.56,32.42,32.42,32.42,7258700,0.0,1.0,HON
2008-07-01,32.41,33.42,32.2,33.23,33.23,8805700,0.0,1.0,HON
2008-06-30,32.18,33.18,31.85,32.85,32.85,9693700,0.0,1.0,HON
2008-06-27,32.08,32.41,31.64,32.16,32.16,10424000,0.0,1.0,HON
2008-06-26,33.34,33.38,31.93,32.11,32.11,10829200,0.0,1.0,HON
2008-06-25,35.61,35.61,33.45,33.65,33.65,12007300,0.0,1.0,HON
2008-06-24,35.87,35.97,35.41,35.55,35.55,3408800,0.0,1.0,HON
2008-06-23,35.5,36.01,35.44,35.93,35.93,3889100,0.0,1.0,HON
2008-06-20,35.49,36.07,35.23,35.41,35.41,5943500,0.0,1.0,HON
2008-06-19,35.59,36.33,35.5,36.16,36.16,3963800,0.0,1.0,HON
2008-06-18,35.81,35.95,35.48,35.69,35.69,4160700,0.0,1.0,HON
2008-06-17,36.97,36.97,35.94,35.97,35.97,4043000,0.0,1.0,HON
2008-06-16,36.73,36.97,36.4,36.7,36.7,3739500,0.0,1.0,HON
2008-06-13,36.65,37.16,36.52,36.91,36.91,4953500,0.0,1.0,HON
2008-06-12,35.73,37.06,35.73,36.34,36.34,6473400,0.0,1.0,HON
2008-06-11,35.57,36.19,35.36,35.45,35.45,3979500,0.0,1.0,HON
2008-06-10,35.55,36.0,35.29,35.57,35.57,5601900,0.0,1.0,HON
2008-06-09,35.48,36.27,35.44,35.8,35.8,6596300,0.0,1.0,HON
2008-06-06,36.75,36.75,35.29,35.29,35.29,7251800,0.0,1.0,HON
2008-06-05,37.36,37.5,36.64,37.04,37.04,4706300,0.0,1.0,HON
2008-06-04,37.21,37.42,36.88,37.06,37.06,4575600,0.0,1.0,HON
2008-06-03,38.12,38.28,36.8,37.33,37.33,5519900,0.0,1.0,HON
2008-06-02,38.88,38.89,37.7,38.1,38.1,3715300,0.0,1.0,HON
2008-05-30,38.81,39.21,38.66,38.95,38.95,3232000,0.0,1.0,HON
2008-05-29,38.92,39.21,38.29,38.76,38.76,2414400,0.0,1.0,HON
2008-05-28,38.83,39.25,38.54,38.7,38.7,3491800,0.0,1.0,HON
2008-05-27,38.35,38.91,38.12,38.63,38.63,2136500,0.0,1.0,HON
2008-05-23,38.68,38.68,38.23,38.39,38.39,2697100,0.0,1.0,HON
2008-05-22,39.2,39.36,38.66,38.79,38.79,3201800,0.0,1.0,HON
2008-05-21,40.28,40.57,39.21,39.28,39.28,3852900,0.0,1.0,HON
2008-05-20,40.55,40.55,39.97,40.13,40.13,2947500,0.0,1.0,HON
2008-05-19,40.68,41.15,40.21,40.67,40.67,3442700,0.0,1.0,HON
2008-05-16,40.93,40.93,40.19,40.38,40.38,3587700,0.275,1.0,HON
2008-05-15,40.71,40.75,40.0,40.61,40.61,4940400,0.0,1.0,HON
2008-05-14,39.68,40.79,39.66,40.32,40.32,5008800,0.0,1.0,HON
2008-05-13,39.19,39.61,39.14,39.57,39.57,3903500,0.0,1.0,HON
2008-05-12,38.79,39.12,38.3,39.01,39.01,3009400,0.0,1.0,HON
2008-05-09,38.22,38.97,37.97,38.76,38.76,3139600,0.0,1.0,HON
2008-05-08,38.37,38.74,38.23,38.61,38.61,3855800,0.0,1.0,HON
2008-05-07,39.61,39.61,38.26,38.37,38.37,4039700,0.0,1.0,HON
2008-05-06,39.36,39.63,38.99,39.55,39.55,2662400,0.0,1.0,HON
2008-05-05,39.4,39.51,39.04,39.41,39.41,2514200,0.0,1.0,HON
2008-05-02,39.76,40.3,38.79,39.44,39.44,4309900,0.0,1.0,HON
2008-05-01,38.64,39.48,38.53,39.46,39.46,4052200,0.0,1.0,HON
2008-04-30,38.94,39.5,38.56,38.64,38.64,3820500,0.0,1.0,HON
2008-04-29,39.2,39.2,38.55,38.94,38.94,3284100,0.0,1.0,HON
2008-04-28,39.5,39.68,39.14,39.33,39.33,4166700,0.0,1.0,HON
2008-04-25,39.5,39.64,38.89,39.35,39.35,3713800,0.0,1.0,HON
2008-04-24,38.25,39.48,37.99,39.23,39.23,5416500,0.0,1.0,HON
2008-04-23,38.7,38.86,37.94,38.25,38.25,4240900,0.0,1.0,HON
2008-04-22,39.04,39.35,38.25,38.63,38.63,4319700,0.0,1.0,HON
2008-04-21,39.42,39.51,39.03,39.28,39.28,4884600,0.0,1.0,HON
2008-04-18,38.86,39.88,38.38,39.67,39.67,9694400,0.0,1.0,HON
2008-04-17,37.34,37.71,37.11,37.34,37.34,4439400,0.0,1.0,HON
2008-04-16,37.08,37.72,36.65,37.65,37.65,4876700,0.0,1.0,HON
2008-04-15,36.83,37.0,36.42,36.73,36.73,4761200,0.0,1.0,HON
2008-04-14,37.13,37.21,36.42,36.67,36.67,5998300,0.0,1.0,HON
2008-04-11,37.21,37.95,37.0,37.07,37.07,5428200,0.0,1.0,HON
2008-04-10,37.88,38.58,37.4,38.25,38.25,4957500,0.0,1.0,HON
2008-04-09,37.71,38.33,37.4,37.75,37.75,4386100,0.0,1.0,HON
2008-04-08,37.56,37.56,37.0,37.2,37.2,3905500,0.0,1.0,HON
2008-04-07,38.25,38.27,37.71,37.8,37.8,3440200,0.0,1.0,HON
2008-04-04,37.08,38.05,37.08,37.9,37.9,5110500,0.0,1.0,HON
2008-04-03,37.48,37.69,37.16,37.49,37.49,3687500,0.0,1.0,HON
2008-04-02,37.56,37.84,37.34,37.49,37.49,3955000,0.0,1.0,HON
2008-04-01,36.95,37.73,36.93,37.59,37.59,4817400,0.0,1.0,HON
2008-03-31,36.24,36.94,36.24,36.7,36.7,4389600,0.0,1.0,HON
2008-03-28,36.08,36.62,35.89,36.33,36.33,4312700,0.0,1.0,HON
2008-03-27,36.23,36.29,35.74,35.77,35.77,6215800,0.0,1.0,HON
2008-03-26,36.25,36.46,36.0,36.18,36.18,4194800,0.0,1.0,HON
2008-03-25,35.77,36.52,35.55,36.42,36.42,5410900,0.0,1.0,HON
2008-03-24,35.39,36.01,35.29,35.78,35.78,4179900,0.0,1.0,HON
2008-03-20,35.77,35.89,34.8,35.31,35.31,11765000,0.0,1.0,HON
2008-03-19,37.3,37.48,35.85,35.85,35.85,5029500,0.0,1.0,HON
2008-03-18,36.69,36.93,36.06,36.93,36.93,6491200,0.0,1.0,HON
2008-03-17,35.72,36.53,35.55,35.92,35.92,8674400,0.0,1.0,HON
2008-03-14,37.08,37.3,36.05,36.51,36.51,4929800,0.0,1.0,HON
2008-03-13,36.48,37.21,36.02,36.88,36.88,5370200,0.0,1.0,HON
2008-03-12,37.06,37.6,36.99,37.06,37.06,2994600,0.0,1.0,HON
2008-03-11,36.69,37.09,36.19,37.05,37.05,4337900,0.0,1.0,HON
2008-03-10,36.75,36.89,36.13,36.22,36.22,3304300,0.0,1.0,HON
2008-03-07,37.09,37.38,36.54,36.79,36.79,4344000,0.0,1.0,HON
2008-03-06,38.12,38.25,37.33,37.39,37.39,3683800,0.0,1.0,HON
2008-03-05,38.18,38.81,37.93,38.39,38.39,3804200,0.0,1.0,HON
2008-03-04,37.8,38.16,37.43,38.06,38.06,4578900,0.0,1.0,HON
2008-03-03,37.92,38.08,37.34,38.08,38.08,3851600,0.0,1.0,HON
2008-02-29,38.0,38.1,37.37,37.43,37.43,4119600,0.0,1.0,HON
2008-02-28,38.51,38.74,38.23,38.49,38.49,4440600,0.0,1.0,HON
2008-02-27,38.32,39.03,38.15,38.79,38.79,5067500,0.0,1.0,HON
2008-02-26,37.56,38.52,37.56,38.48,38.48,5273900,0.0,1.0,HON
2008-02-25,36.7,37.73,36.49,37.67,37.67,5278200,0.275,1.0,HON
2008-02-22,36.01,36.69,35.81,36.6,36.6,5401500,0.0,1.0,HON
2008-02-21,36.56,36.8,35.86,35.94,35.94,3842600,0.0,1.0,HON
2008-02-20,36.27,36.6,35.72,36.48,36.48,6101900,0.0,1.0,HON
2008-02-19,36.58,37.03,36.43,36.52,36.52,5743900,0.0,1.0,HON
2008-02-15,37.21,37.22,36.16,36.28,36.28,21901000,0.0,1.0,HON
2008-02-14,38.09,38.36,37.2,37.23,37.23,5081800,0.0,1.0,HON
2008-02-13,37.58,38.14,37.49,38.08,38.08,3464600,0.0,1.0,HON
2008-02-12,37.5,37.85,37.02,37.24,37.24,5481200,0.0,1.0,HON
2008-02-11,37.05,37.38,36.74,37.31,37.31,6905000,0.0,1.0,HON
2008-02-08,37.72,37.82,37.17,37.44,37.44,3791400,0.0,1.0,HON
2008-02-07,37.7,38.23,37.55,38.05,38.05,4538900,0.0,1.0,HON
2008-02-06,38.55,38.71,37.87,37.98,37.98,4191100,0.0,1.0,HON
2008-02-05,38.55,39.11,38.03,38.22,38.22,5869300,0.0,1.0,HON
2008-02-04,38.84,39.33,38.79,39.15,39.15,4619500,0.0,1.0,HON
2008-02-01,38.3,39.17,38.2,38.98,38.98,7009300,0.0,1.0,HON
2008-01-31,37.59,38.46,36.9,38.24,38.24,6105800,0.0,1.0,HON
2008-01-30,37.59,38.36,37.53,37.65,37.65,5109800,0.0,1.0,HON
2008-01-29,38.3,38.34,37.45,37.83,37.83,5759700,0.0,1.0,HON
2008-01-28,37.68,38.3,37.68,38.14,38.14,5934000,0.0,1.0,HON
2008-01-25,37.85,38.64,37.44,37.71,37.71,8600200,0.0,1.0,HON
2008-01-24,36.23,36.77,35.8,36.38,36.38,6213500,0.0,1.0,HON
2008-01-23,34.17,36.61,33.97,36.58,36.58,8848200,0.0,1.0,HON
2008-01-22,34.3,35.25,33.7,34.93,34.93,8900800,0.0,1.0,HON
2008-01-18,35.97,36.87,35.54,35.8,35.8,6781400,0.0,1.0,HON
2008-01-17,37.28,37.64,35.83,35.97,35.97,6284000,0.0,1.0,HON
2008-01-16,36.43,37.82,36.43,37.24,37.24,5488800,0.0,1.0,HON
2008-01-15,36.95,37.27,36.41,36.6,36.6,4394000,0.0,1.0,HON
2008-01-14,36.84,37.62,36.84,37.41,37.41,3333100,0.0,1.0,HON
2008-01-11,37.55,37.85,36.4,36.77,36.77,4495000,0.0,1.0,HON
2008-01-10,36.94,37.91,36.58,37.43,37.43,7055300,0.0,1.0,HON
2008-01-09,36.93,37.33,36.4,37.29,37.29,5776600,0.0,1.0,HON
2008-01-08,37.74,37.86,36.9,36.96,36.96,5293000,0.0,1.0,HON
2008-01-07,37.86,38.08,36.82,37.6,37.6,5599600,0.0,1.0,HON
2008-01-04,38.56,38.95,37.63,37.73,37.73,5946900,0.0,1.0,HON
2008-01-03,38.94,39.15,38.57,38.97,38.97,3404500,0.0,1.0,HON
2008-01-02,39.62,39.83,38.66,38.78,38.78,4162000,0.0,1.0,HON
2007-12-31,39.42,40.14,39.42,39.86,39.86,3703600,0.0,1.0,HON
2007-12-28,39.81,40.12,39.35,39.62,39.62,3318700,0.0,1.0,HON
2007-12-27,39.97,39.97,39.39,39.61,39.61,3360600,0.0,1.0,HON
2007-12-26,39.76,40.0,39.49,39.99,39.99,2003600,0.0,1.0,HON
2007-12-24,39.72,39.98,39.41,39.83,39.83,1470700,0.0,1.0,HON
2007-12-21,39.82,40.11,38.91,39.3,39.3,6491800,0.0,1.0,HON
2007-12-20,39.76,39.96,39.13,39.29,39.29,4150600,0.0,1.0,HON
2007-12-19,39.15,39.92,39.15,39.55,39.55,5571000,0.0,1.0,HON
2007-12-18,39.14,39.59,38.97,39.22,39.22,5658500,0.0,1.0,HON
2007-12-17,38.74,39.35,38.6,38.97,38.97,4410700,0.0,1.0,HON
2007-12-14,39.28,39.41,38.82,38.83,38.83,4623200,0.0,1.0,HON
2007-12-13,37.98,39.46,37.5,39.26,39.26,7694000,0.0,1.0,HON
2007-12-12,38.54,38.54,36.71,37.38,37.38,6918000,0.0,1.0,HON
2007-12-11,38.64,38.81,37.7,37.77,37.77,4731400,0.0,1.0,HON
2007-12-10,38.17,38.8,37.91,38.51,38.51,3902400,0.0,1.0,HON
2007-12-07,37.69,38.08,37.35,37.88,37.88,3048300,0.0,1.0,HON
2007-12-06,37.36,37.75,37.28,37.7,37.7,2669400,0.0,1.0,HON
2007-12-05,36.86,37.6,36.84,37.37,37.37,3888300,0.0,1.0,HON
2007-12-04,36.74,36.86,36.47,36.67,36.67,3848800,0.0,1.0,HON
2007-12-03,36.43,37.36,36.43,36.94,36.94,5646000,0.0,1.0,HON
2007-11-30,35.88,37.3,35.79,36.65,36.65,10069900,0.0,1.0,HON
2007-11-29,35.94,35.97,35.45,35.53,35.53,5170800,0.0,1.0,HON
2007-11-28,35.24,36.23,35.13,35.98,35.98,7783400,0.0,1.0,HON
2007-11-27,34.5,35.22,34.41,34.99,34.99,4881300,0.0,1.0,HON
2007-11-26,35.41,35.5,34.35,34.43,34.43,5217100,0.0,1.0,HON
2007-11-23,35.07,35.43,34.96,35.39,35.39,1445200,0.0,1.0,HON
2007-11-21,34.93,35.43,34.78,34.9,34.9,7226200,0.0,1.0,HON
2007-11-20,35.44,35.96,34.72,35.29,35.29,7365800,0.0,1.0,HON
2007-11-19,35.96,36.4,35.29,35.45,35.45,6546000,0.0,1.0,HON
2007-11-16,37.18,37.2,35.78,36.18,36.18,7135300,0.25,1.0,HON
2007-11-15,37.49,37.73,36.65,36.84,36.84,4153400,0.0,1.0,HON
2007-11-14,37.63,38.5,37.48,37.72,37.72,4418600,0.0,1.0,HON
2007-11-13,36.93,37.58,36.81,37.47,37.47,5047100,0.0,1.0,HON
2007-11-12,37.08,37.44,36.74,36.82,36.82,3874500,0.0,1.0,HON
2007-11-09,37.72,38.17,37.1,37.23,37.23,4185300,0.0,1.0,HON
2007-11-08,38.08,38.6,37.73,38.21,38.21,4596800,0.0,1.0,HON
2007-11-07,39.33,39.33,38.02,38.05,38.05,3658800,0.0,1.0,HON
2007-11-06,38.64,39.36,38.62,39.31,39.31,4345200,0.0,1.0,HON
2007-11-05,37.37,38.82,37.37,38.61,38.61,3686500,0.0,1.0,HON
2007-11-02,38.22,38.42,37.71,38.25,38.25,4221400,0.0,1.0,HON
2007-11-01,38.8,38.82,38.01,38.05,38.05,3679000,0.0,1.0,HON
2007-10-31,38.88,39.11,38.45,38.93,38.93,3345600,0.0,1.0,HON
2007-10-30,38.45,39.02,38.35,38.61,38.61,3088200,0.0,1.0,HON
2007-10-29,38.36,38.66,38.34,38.48,38.48,2298400,0.0,1.0,HON
2007-10-26,38.35,38.45,37.93,38.31,38.31,3254400,0.0,1.0,HON
2007-10-25,37.94,38.27,37.64,38.11,38.11,3312000,0.0,1.0,HON
2007-10-24,37.66,37.93,37.11,37.84,37.84,3653300,0.0,1.0,HON
2007-10-23,37.15,37.87,36.99,37.83,37.83,3344600,0.0,1.0,HON
2007-10-22,36.88,37.65,36.85,37.47,37.47,4523500,0.0,1.0,HON
2007-10-19,37.92,38.67,36.89,37.59,37.59,7963900,0.0,1.0,HON
2007-10-18,39.12,39.31,38.67,39.11,39.11,3626500,0.0,1.0,HON
2007-10-17,39.73,39.95,38.95,39.12,39.12,5045500,0.0,1.0,HON
2007-10-16,39.63,39.78,39.29,39.42,39.42,3100500,0.0,1.0,HON
2007-10-15,39.78,39.96,39.11,39.55,39.55,3148800,0.0,1.0,HON
2007-10-12,39.31,40.15,39.09,39.77,39.77,2403900,0.0,1.0,HON
2007-10-11,39.23,39.86,38.97,39.24,39.24,3721800,0.0,1.0,HON
2007-10-10,39.47,39.57,38.41,39.13,39.13,4853600,0.0,1.0,HON
2007-10-09,39.0,39.47,38.91,39.47,39.47,3517300,0.0,1.0,HON
2007-10-08,38.64,39.22,38.53,39.05,39.05,2736100,0.0,1.0,HON
2007-10-05,38.61,38.77,38.38,38.55,38.55,2723300,0.0,1.0,HON
2007-10-04,38.77,38.99,38.35,38.41,38.41,2732600,0.0,1.0,HON
2007-10-03,38.49,39.07,38.37,38.61,38.61,2828900,0.0,1.0,HON
2007-10-02,39.24,39.29,38.39,38.51,38.51,3327700,0.0,1.0,HON
2007-10-01,38.41,39.28,38.32,39.16,39.16,3577000,0.0,1.0,HON
2007-09-28,38.14,38.46,38.07,38.33,38.33,3339600,0.0,1.0,HON
2007-09-27,38.34,38.48,38.01,38.15,38.15,3398200,0.0,1.0,HON
2007-09-26,38.37,38.46,37.88,38.22,38.22,3270600,0.0,1.0,HON
2007-09-25,37.32,38.13,37.21,38.08,38.08,3465100,0.0,1.0,HON
2007-09-24,37.88,38.11,37.24,37.39,37.39,4092400,0.0,1.0,HON
2007-09-21,37.75,38.08,37.49,37.82,37.82,8791500,0.0,1.0,HON
2007-09-20,37.48,37.7,37.25,37.49,37.49,3485800,0.0,1.0,HON
2007-09-19,37.54,38.0,37.39,37.55,37.55,5533500,0.0,1.0,HON
2007-09-18,36.33,36.99,36.08,36.92,36.92,4370300,0.0,1.0,HON
2007-09-17,36.3,36.47,35.93,36.31,36.31,3614300,0.0,1.0,HON
2007-09-14,36.14,36.45,36.06,36.37,36.37,2340200,0.0,1.0,HON
2007-09-13,36.12,36.47,35.99,36.28,36.28,2845700,0.0,1.0,HON
2007-09-12,36.25,36.37,35.96,36.07,36.07,3539000,0.0,1.0,HON
2007-09-11,35.48,36.39,35.48,36.23,36.23,3766800,0.0,1.0,HON
2007-09-10,35.43,35.7,34.88,35.49,35.49,3233800,0.0,1.0,HON
2007-09-07,36.03,36.35,35.14,35.26,35.26,5204800,0.0,1.0,HON
2007-09-06,35.45,36.52,35.45,36.52,36.52,4342100,0.0,1.0,HON
2007-09-05,35.99,36.32,35.4,35.6,35.6,5384400,0.0,1.0,HON
2007-09-04,36.24,36.41,35.72,36.32,36.32,4027000,0.0,1.0,HON
2007-08-31,36.59,36.85,36.13,36.19,36.19,5129600,0.0,1.0,HON
2007-08-30,36.41,37.1,36.12,36.28,36.28,3822800,0.0,1.0,HON
2007-08-29,36.09,36.76,35.9,36.74,36.74,2953900,0.0,1.0,HON
2007-08-28,36.48,36.71,35.79,35.83,35.83,4307800,0.0,1.0,HON
2007-08-27,35.86,37.04,35.84,36.67,36.67,4102700,0.0,1.0,HON
2007-08-24,35.93,36.07,35.77,35.96,35.96,4213800,0.0,1.0,HON
2007-08-23,36.22,36.3,35.93,36.01,36.01,3811800,0.0,1.0,HON
2007-08-22,35.63,36.05,35.59,35.98,35.98,3992800,0.0,1.0,HON
2007-08-21,35.64,35.99,35.4,35.46,35.46,3461400,0.0,1.0,HON
2007-08-20,35.46,36.08,35.16,35.98,35.98,4290500,0.0,1.0,HON
2007-08-17,35.7,35.92,34.76,35.1,35.1,7299400,0.0,1.0,HON
2007-08-16,34.8,35.34,34.08,34.88,34.88,10739300,0.25,1.0,HON
2007-08-15,36.3,36.7,35.0,35.1,35.1,6901500,0.0,1.0,HON
2007-08-14,36.33,36.95,35.91,36.16,36.16,4442600,0.0,1.0,HON
2007-08-13,35.99,36.5,35.93,36.24,36.24,4161400,0.0,1.0,HON
2007-08-10,36.12,36.37,34.32,35.93,35.93,8808700,0.0,1.0,HON
2007-08-09,36.5,37.06,36.37,36.43,36.43,5860700,0.0,1.0,HON
2007-08-08,38.15,38.15,36.41,37.05,37.05,5986700,0.0,1.0,HON
2007-08-07,37.56,38.0,36.34,37.77,37.77,5314900,0.0,1.0,HON
2007-08-06,37.8,37.83,36.93,37.82,37.82,5439600,0.0,1.0,HON
2007-08-03,37.92,38.24,37.25,37.32,37.32,5006100,0.0,1.0,HON
2007-08-02,36.82,38.09,36.7,37.88,37.88,6344300,0.0,1.0,HON
2007-08-01,36.53,37.0,36.25,36.66,36.66,9124000,0.0,1.0,HON
2007-07-31,38.22,38.33,36.85,36.89,36.89,7153000,0.0,1.0,HON
2007-07-30,37.85,38.32,37.49,38.13,38.13,5253100,0.0,1.0,HON
2007-07-27,38.05,38.34,37.6,37.6,37.6,6464500,0.0,1.0,HON
2007-07-26,38.81,38.81,37.5,38.12,38.12,9265700,0.0,1.0,HON
2007-07-25,39.36,39.61,38.93,39.06,39.06,6978600,0.0,1.0,HON
2007-07-24,39.14,39.43,38.87,38.93,38.93,5343700,0.0,1.0,HON
2007-07-23,39.39,39.56,39.26,39.42,39.42,4069300,0.0,1.0,HON
2007-07-20,38.79,39.61,38.76,39.11,39.11,8138000,0.0,1.0,HON
2007-07-19,39.58,39.71,38.34,39.12,39.12,7556800,0.0,1.0,HON
2007-07-18,38.93,39.1,38.6,38.84,38.84,4795000,0.0,1.0,HON
2007-07-17,39.09,39.27,38.88,39.03,39.03,5555700,0.0,1.0,HON
2007-07-16,38.71,39.21,38.68,38.88,38.88,5276000,0.0,1.0,HON
2007-07-13,38.67,38.88,38.36,38.58,38.58,4809700,0.0,1.0,HON
2007-07-12,37.82,38.81,37.68,38.77,38.77,7032700,0.0,1.0,HON
2007-07-11,37.2,37.84,37.08,37.68,37.68,5035000,0.0,1.0,HON
2007-07-10,37.25,37.52,37.08,37.09,37.09,3872800,0.0,1.0,HON
2007-07-09,37.98,38.0,37.53,37.55,37.55,3032600,0.0,1.0,HON
2007-07-06,37.6,37.99,37.5,37.9,37.9,3150700,0.0,1.0,HON
2007-07-05,36.6,37.59,36.6,37.44,37.44,4983700,0.0,1.0,HON
2007-07-03,36.77,36.95,36.55,36.7,36.7,1784200,0.0,1.0,HON
2007-07-02,36.37,36.89,36.32,36.62,36.62,4293200,0.0,1.0,HON
2007-06-29,36.25,36.45,35.92,36.1,36.1,3921400,0.0,1.0,HON
2007-06-28,36.12,36.76,35.96,36.17,36.17,3975400,0.0,1.0,HON
2007-06-27,35.8,36.16,35.6,36.12,36.12,4796600,0.0,1.0,HON
2007-06-26,35.86,36.2,35.72,35.93,35.93,6656800,0.0,1.0,HON
2007-06-25,35.81,36.14,35.5,35.72,35.72,3567700,0.0,1.0,HON
2007-06-22,36.04,36.09,35.64,35.72,35.72,6236100,0.0,1.0,HON
2007-06-21,36.31,36.46,35.68,36.17,36.17,5049400,0.0,1.0,HON
2007-06-20,37.18,37.34,36.22,36.28,36.28,5146300,0.0,1.0,HON
2007-06-19,36.95,37.39,36.9,37.12,37.12,3252700,0.0,1.0,HON
2007-06-18,38.0,38.0,37.02,37.09,37.09,4341300,0.0,1.0,HON
2007-06-15,37.62,37.94,37.36,37.77,37.77,7291300,0.0,1.0,HON
2007-06-14,36.98,37.5,36.89,37.36,37.36,4381100,0.0,1.0,HON
2007-06-13,36.58,36.98,36.42,36.92,36.92,5369600,0.0,1.0,HON
2007-06-12,36.57,36.66,36.19,36.34,36.34,4337200,0.0,1.0,HON
2007-06-11,36.73,36.82,36.51,36.58,36.58,4729700,0.0,1.0,HON
2007-06-08,36.25,36.83,36.05,36.81,36.81,4053100,0.0,1.0,HON
2007-06-07,36.73,36.87,36.18,36.18,36.18,5947100,0.0,1.0,HON
2007-06-06,37.26,37.27,36.55,36.78,36.78,5501100,0.0,1.0,HON
2007-06-05,37.5,37.63,37.18,37.32,37.32,5538600,0.0,1.0,HON
2007-06-04,37.53,37.84,37.39,37.61,37.61,4766600,0.0,1.0,HON
2007-06-01,37.28,37.75,37.25,37.72,37.72,5809700,0.0,1.0,HON
2007-05-31,37.05,37.34,36.96,37.15,37.15,6119900,0.0,1.0,HON
2007-05-30,36.73,37.07,36.22,37.04,37.04,4664200,0.0,1.0,HON
2007-05-29,36.58,36.93,36.57,36.79,36.79,5188500,0.0,1.0,HON
2007-05-25,35.88,36.73,35.88,36.52,36.52,4929400,0.0,1.0,HON
2007-05-24,36.28,36.43,35.88,35.92,35.92,6693000,0.0,1.0,HON
2007-05-23,36.6,36.6,35.81,36.27,36.27,12017100,0.0,1.0,HON
2007-05-22,37.37,37.45,36.48,36.55,36.55,9787800,0.0,1.0,HON
2007-05-21,37.53,37.64,37.27,37.4,37.4,7615300,0.0,1.0,HON
2007-05-18,37.46,37.69,37.28,37.66,37.66,6948800,0.0,1.0,HON
2007-05-17,37.31,37.55,37.23,37.35,37.35,6259000,0.0,1.0,HON
2007-05-16,37.2,37.3,36.98,37.3,37.3,9219200,0.25,1.0,HON
2007-05-15,37.41,37.92,37.02,37.06,37.06,10542500,0.0,1.0,HON
2007-05-14,36.93,37.56,36.76,37.5,37.5,12723300,0.0,1.0,HON
2007-05-11,36.53,37.18,36.53,36.91,36.91,7925800,0.0,1.0,HON
2007-05-10,35.94,36.68,35.78,36.32,36.32,9978300,0.0,1.0,HON
2007-05-09,35.68,36.31,35.64,36.29,36.29,7030400,0.0,1.0,HON
2007-05-08,35.34,35.74,35.11,35.64,35.64,8606400,0.0,1.0,HON
2007-05-07,35.8,35.96,35.31,35.34,35.34,6873100,0.0,1.0,HON
2007-05-04,35.77,36.03,35.41,35.85,35.85,8562900,0.0,1.0,HON
2007-05-03,35.41,35.79,35.08,35.77,35.77,9234800,0.0,1.0,HON
2007-05-02,35.19,35.85,35.14,35.45,35.45,10725100,0.0,1.0,HON
2007-05-01,34.81,35.22,34.65,35.18,35.18,9081700,0.0,1.0,HON
2007-04-30,34.92,35.09,34.56,34.61,34.61,10198600,0.0,1.0,HON
2007-04-27,34.13,35.16,33.92,35.06,35.06,8006400,0.0,1.0,HON
2007-04-26,34.45,35.16,34.29,34.3,34.3,7151300,0.0,1.0,HON
2007-04-25,33.98,34.61,33.8,34.49,34.49,9259000,0.0,1.0,HON
2007-04-24,32.89,33.99,32.83,33.79,33.79,9307400,0.0,1.0,HON
2007-04-23,32.71,32.9,32.54,32.72,32.72,5849700,0.0,1.0,HON
2007-04-20,32.77,32.99,32.0,32.83,32.83,13329300,0.0,1.0,HON
2007-04-19,30.8,31.65,30.34,31.34,31.34,8974000,0.0,1.0,HON
2007-04-18,30.43,30.96,30.31,30.8,30.8,3709200,0.0,1.0,HON
2007-04-17,30.25,30.52,30.02,30.43,30.43,2993500,0.0,1.0,HON
2007-04-16,29.66,30.37,29.66,30.27,30.27,2130500,0.0,1.0,HON
2007-04-13,30.51,30.51,29.76,30.04,30.04,2493300,0.0,1.0,HON
2007-04-12,29.66,30.09,29.43,30.02,30.02,2989900,0.0,1.0,HON
2007-04-11,29.99,30.08,29.5,29.63,29.63,2600000,0.0,1.0,HON
2007-04-10,29.98,30.16,29.92,30.01,30.01,1685200,0.0,1.0,HON
2007-04-09,30.25,30.26,30.0,30.09,30.09,1876500,0.0,1.0,HON
2007-04-05,30.18,30.23,30.02,30.19,30.19,2117000,0.0,1.0,HON
2007-04-04,29.89,30.21,29.59,30.18,30.18,3128600,0.0,1.0,HON
2007-04-03,29.56,29.97,29.54,29.86,29.86,2911500,0.0,1.0,HON
2007-04-02,29.47,29.52,29.12,29.48,29.48,2697700,0.0,1.0,HON
2007-03-30,29.54,29.77,29.28,29.42,29.42,3817500,0.0,1.0,HON
2007-03-29,29.7,29.7,29.13,29.35,29.35,5675100,0.0,1.0,HON
2007-03-28,29.77,29.81,29.12,29.4,29.4,4377500,0.0,1.0,HON
2007-03-27,30.14,30.22,29.72,29.85,29.85,3097100,0.0,1.0,HON
2007-03-26,30.42,30.58,29.89,30.24,30.24,3357700,0.0,1.0,HON
2007-03-23,30.47,30.58,29.84,30.48,30.48,2776500,0.0,1.0,HON
2007-03-22,30.53,30.53,30.12,30.39,30.39,3331600,0.0,1.0,HON
2007-03-21,30.05,30.5,29.95,30.47,30.47,3499100,0.0,1.0,HON
2007-03-20,30.14,30.14,29.89,30.11,30.11,3708700,0.0,1.0,HON
2007-03-19,30.2,30.39,30.09,30.16,30.16,2684200,0.0,1.0,HON
2007-03-16,30.06,30.14,29.83,29.98,29.98,6963200,0.0,1.0,HON
2007-03-15,29.87,30.04,29.77,30.01,30.01,3532400,0.0,1.0,HON
2007-03-14,30.0,30.09,29.4,29.96,29.96,5167300,0.0,1.0,HON
2007-03-13,30.29,30.52,29.95,29.95,29.95,4815400,0.0,1.0,HON
2007-03-12,30.33,30.44,30.16,30.41,30.41,4326100,0.0,1.0,HON
2007-03-09,30.34,30.56,30.11,30.17,30.17,4082300,0.0,1.0,HON
2007-03-08,29.86,30.28,29.85,30.22,30.22,3912600,0.0,1.0,HON
2007-03-07,29.6,30.02,29.42,29.76,29.76,3596400,0.0,1.0,HON
2007-03-06,29.36,29.65,29.24,29.6,29.6,4229800,0.0,1.0,HON
2007-03-05,29.05,29.7,28.99,29.3,29.3,5660200,0.0,1.0,HON
2007-03-02,29.45,29.85,29.22,29.33,29.33,4361000,0.0,1.0,HON
2007-03-01,28.94,29.66,28.46,29.51,29.51,5640500,0.0,1.0,HON
2007-02-28,29.49,29.91,29.24,29.64,29.64,5531700,0.0,1.0,HON
2007-02-27,30.42,30.43,29.24,29.49,29.49,6664900,0.0,1.0,HON
2007-02-26,30.28,30.6,29.93,30.42,30.42,2978500,0.0,1.0,HON
2007-02-23,30.64,30.68,30.36,30.46,30.46,3500100,0.25,1.0,HON
2007-02-22,30.69,30.82,30.43,30.46,30.46,5479800,0.0,1.0,HON
2007-02-21,30.48,30.78,30.37,30.7,30.7,3717400,0.0,1.0,HON
2007-02-20,30.49,30.68,30.37,30.58,30.58,4294000,0.0,1.0,HON
2007-02-16,30.47,30.5,30.13,30.39,30.39,3830100,0.0,1.0,HON
2007-02-15,30.11,30.3,29.96,30.23,30.23,3333900,0.0,1.0,HON
2007-02-14,29.55,30.28,29.36,30.21,30.21,4503700,0.0,1.0,HON
2007-02-13,29.3,29.61,29.25,29.55,29.55,3801400,0.0,1.0,HON
2007-02-12,29.48,29.5,29.19,29.29,29.29,2919600,0.0,1.0,HON
2007-02-09,29.68,29.71,29.28,29.38,29.38,3187600,0.0,1.0,HON
2007-02-08,29.48,29.69,29.28,29.59,29.59,2933600,0.0,1.0,HON
2007-02-07,29.63,29.71,29.41,29.59,29.59,3225700,0.0,1.0,HON
2007-02-06,29.24,29.62,29.17,29.62,29.62,3508900,0.0,1.0,HON
2007-02-05,29.22,29.31,29.02,29.24,29.24,3064700,0.0,1.0,HON
2007-02-02,29.32,29.36,29.17,29.33,29.33,2768000,0.0,1.0,HON
2007-02-01,29.1,29.24,28.92,29.19,29.19,3646100,0.0,1.0,HON
2007-01-31,28.68,29.16,28.46,29.03,29.03,3879700,0.0,1.0,HON
2007-01-30,28.11,28.74,28.11,28.68,28.68,4335400,0.0,1.0,HON
2007-01-29,28.04,28.3,27.9,28.11,28.11,3884800,0.0,1.0,HON
2007-01-26,28.02,28.28,27.41,28.04,28.04,5124700,0.0,1.0,HON
2007-01-25,28.26,28.44,27.88,28.09,28.09,2875000,0.0,1.0,HON
2007-01-24,28.21,28.51,28.12,28.23,28.23,2711800,0.0,1.0,HON
2007-01-23,28.2,28.5,28.18,28.25,28.25,4518300,0.0,1.0,HON
2007-01-22,28.64,28.76,27.94,28.12,28.12,4601800,0.0,1.0,HON
2007-01-19,28.83,28.96,28.63,28.78,28.78,3705500,0.0,1.0,HON
2007-01-18,28.43,29.04,28.43,28.62,28.62,3520800,0.0,1.0,HON
2007-01-17,28.9,29.17,28.8,28.94,28.94,2710400,0.0,1.0,HON
2007-01-16,28.86,29.05,28.73,28.99,28.99,2355800,0.0,1.0,HON
2007-01-12,28.98,29.04,28.62,28.95,28.95,2663900,0.0,1.0,HON
2007-01-11,28.72,29.22,28.7,29.05,29.05,3039900,0.0,1.0,HON
2007-01-10,28.53,28.65,28.35,28.57,28.57,2320200,0.0,1.0,HON
2007-01-09,28.64,28.8,28.39,28.75,28.75,3041100,0.0,1.0,HON
2007-01-08,28.37,28.63,28.16,28.54,28.54,2589200,0.0,1.0,HON
2007-01-05,28.53,28.66,28.14,28.37,28.37,3035100,0.0,1.0,HON
2007-01-04,28.4,28.73,28.2,28.65,28.65,2628900,0.0,1.0,HON
2007-01-03,28.61,29.03,28.52,28.66,28.66,3504600,0.0,1.0,HON
2006-12-29,28.84,28.98,28.66,28.75,28.75,2607300,0.0,1.0,HON
2006-12-28,28.75,29.08,28.72,28.89,28.89,2546900,0.0,1.0,HON
2006-12-27,28.63,28.87,28.56,28.84,28.84,3172300,0.0,1.0,HON
2006-12-26,28.3,28.62,28.29,28.52,28.52,2166600,0.0,1.0,HON
2006-12-22,28.44,28.58,28.28,28.36,28.36,2618200,0.0,1.0,HON
2006-12-21,28.28,28.59,28.21,28.44,28.44,3869900,0.0,1.0,HON
2006-12-20,28.13,28.56,28.05,28.32,28.32,4227000,0.0,1.0,HON
2006-12-19,27.46,28.19,27.39,28.18,28.18,5379500,0.0,1.0,HON
2006-12-18,28.1,28.28,27.31,27.46,27.46,5406300,0.0,1.0,HON
2006-12-15,27.41,28.03,27.19,27.72,27.72,7756900,0.0,1.0,HON
2006-12-14,26.83,27.46,26.72,27.13,27.13,7237200,0.0,1.0,HON
2006-12-13,26.91,26.96,26.54,26.6,26.6,3814400,0.0,1.0,HON
2006-12-12,26.83,26.85,26.36,26.71,26.71,4579500,0.0,1.0,HON
2006-12-11,27.0,27.15,26.72,26.82,26.82,2921700,0.0,1.0,HON
2006-12-08,26.97,27.01,26.7,26.99,26.99,4236700,0.0,1.0,HON
2006-12-07,27.32,27.39,27.06,27.06,27.06,4655700,0.0,1.0,HON
2006-12-06,27.57,27.6,27.2,27.26,27.26,4714200,0.0,1.0,HON
2006-12-05,27.8,27.85,27.47,27.53,27.53,4856700,0.0,1.0,HON
2006-12-04,27.31,27.79,27.27,27.71,27.71,3774700,0.0,1.0,HON
2006-12-01,27.24,27.48,26.94,27.2,27.2,5096900,0.0,1.0,HON
2006-11-30,27.04,27.46,26.8,27.31,27.31,4431300,0.0,1.0,HON
2006-11-29,26.89,27.22,26.85,27.15,27.15,2512900,0.0,1.0,HON
2006-11-28,26.76,26.87,26.63,26.84,26.84,2610600,0.0,1.0,HON
2006-11-27,27.18,27.18,26.74,26.81,26.81,3394200,0.0,1.0,HON
2006-11-24,27.07,27.31,27.06,27.17,27.17,1072500,0.0,1.0,HON
2006-11-22,27.22,27.51,27.22,27.33,27.33,1958300,0.0,1.0,HON
2006-11-21,27.14,27.42,27.04,27.27,27.27,2829900,0.0,1.0,HON
2006-11-20,27.29,27.29,27.08,27.12,27.12,3441700,0.0,1.0,HON
2006-11-17,27.52,27.53,27.24,27.29,27.29,3479900,0.0,1.0,HON
2006-11-16,27.51,27.6,27.41,27.53,27.53,2159800,0.2269,1.0,HON
2006-11-15,27.16,27.52,27.15,27.26,27.26,3171800,0.0,1.0,HON
2006-11-14,27.21,27.37,27.07,27.16,27.16,4926900,0.0,1.0,HON
2006-11-13,26.93,27.29,26.9,27.16,27.16,3253200,0.0,1.0,HON
2006-11-10,26.82,26.93,26.68,26.89,26.89,3464900,0.0,1.0,HON
2006-11-09,26.76,26.96,26.61,26.68,26.68,2371100,0.0,1.0,HON
2006-11-08,26.8,26.87,26.49,26.76,26.76,3469300,0.0,1.0,HON
2006-11-07,26.55,26.99,26.42,26.82,26.82,5130800,0.0,1.0,HON
2006-11-06,26.37,26.64,26.32,26.55,26.55,4411200,0.0,1.0,HON
2006-11-03,26.49,26.66,26.27,26.37,26.37,2796000,0.0,1.0,HON
2006-11-02,26.66,26.7,26.4,26.47,26.47,3399200,0.0,1.0,HON
2006-11-01,26.82,26.82,26.59,26.68,26.68,4244900,0.0,1.0,HON
2006-10-31,27.04,27.04,26.47,26.63,26.63,3593000,0.0,1.0,HON
2006-10-30,26.71,26.98,26.6,26.83,26.83,2133500,0.0,1.0,HON
2006-10-27,27.07,27.11,26.67,26.74,26.74,3138300,0.0,1.0,HON
2006-10-26,27.16,27.18,26.8,27.07,27.07,3301200,0.0,1.0,HON
2006-10-25,27.1,27.18,26.77,27.1,27.1,3960300,0.0,1.0,HON
2006-10-24,26.61,27.23,26.61,27.07,27.07,5248600,0.0,1.0,HON
2006-10-23,26.36,26.68,26.33,26.61,26.61,3517600,0.0,1.0,HON
2006-10-20,26.42,26.66,26.09,26.36,26.36,4627200,0.0,1.0,HON
2006-10-19,26.27,26.73,25.77,26.28,26.28,8975800,0.0,1.0,HON
2006-10-18,27.14,27.28,26.86,26.95,26.95,5098100,0.0,1.0,HON
2006-10-17,26.99,27.1,26.89,26.95,26.95,2554900,0.0,1.0,HON
2006-10-16,26.94,27.18,26.82,27.18,27.18,3202100,0.0,1.0,HON
2006-10-13,26.87,27.08,26.85,26.94,26.94,3733100,0.0,1.0,HON
2006-10-12,26.68,26.75,26.49,26.75,26.75,2663300,0.0,1.0,HON
2006-10-11,26.7,26.75,26.45,26.61,26.61,2779500,0.0,1.0,HON
2006-10-10,26.7,26.8,26.5,26.7,26.7,2265800,0.0,1.0,HON
2006-10-09,26.57,26.76,26.42,26.7,26.7,1756300,0.0,1.0,HON
2006-10-06,27.02,27.03,26.58,26.75,26.75,2836700,0.0,1.0,HON
2006-10-05,26.83,27.12,26.83,27.04,27.04,3268500,0.0,1.0,HON
2006-10-04,26.36,26.86,26.25,26.83,26.83,3668400,0.0,1.0,HON
2006-10-03,26.15,26.58,26.09,26.49,26.49,4348900,0.0,1.0,HON
2006-10-02,25.76,26.25,25.73,26.14,26.14,2750900,0.0,1.0,HON
2006-09-29,26.15,26.23,25.85,25.85,25.85,2654200,0.0,1.0,HON
2006-09-28,25.94,26.2,25.93,26.15,26.15,3600300,0.0,1.0,HON
2006-09-27,25.6,26.11,25.56,25.94,25.94,4041100,0.0,1.0,HON
2006-09-26,25.66,25.86,25.44,25.57,25.57,4117400,0.0,1.0,HON
2006-09-25,25.48,25.86,25.47,25.73,25.73,4337400,0.0,1.0,HON
2006-09-22,25.51,25.51,25.16,25.44,25.44,3593300,0.0,1.0,HON
2006-09-21,25.68,25.79,25.44,25.63,25.63,5129400,0.0,1.0,HON
2006-09-20,25.13,25.58,24.95,25.54,25.54,4234700,0.0,1.0,HON
2006-09-19,24.87,25.03,24.56,24.98,24.98,4151300,0.0,1.0,HON
2006-09-18,25.13,25.21,24.81,24.93,24.93,3456200,0.0,1.0,HON
2006-09-15,24.97,25.25,24.87,25.13,25.13,5086800,0.0,1.0,HON
2006-09-14,24.78,24.9,24.55,24.67,24.67,2138400,0.0,1.0,HON
2006-09-13,24.54,24.89,24.47,24.82,24.82,3330000,0.0,1.0,HON
2006-09-12,24.26,24.5,24.14,24.49,24.49,3130700,0.0,1.0,HON
2006-09-11,24.2,24.24,23.95,24.18,24.18,1866300,0.0,1.0,HON
2006-09-08,24.29,24.3,24.14,24.2,24.2,2014300,0.0,1.0,HON
2006-09-07,24.44,24.48,24.15,24.24,24.24,2381500,0.0,1.0,HON
2006-09-06,24.6,24.65,24.48,24.53,24.53,2750100,0.0,1.0,HON
2006-09-05,24.64,24.65,24.41,24.62,24.62,3307900,0.0,1.0,HON
2006-09-01,24.64,24.65,24.41,24.51,24.51,2158400,0.0,1.0,HON
2006-08-31,24.43,24.53,24.26,24.48,24.48,2893200,0.0,1.0,HON
2006-08-30,24.3,24.49,24.15,24.4,24.4,1838100,0.0,1.0,HON
2006-08-29,24.29,24.36,23.96,24.3,24.3,3217400,0.0,1.0,HON
2006-08-28,24.34,24.62,24.12,24.41,24.41,3162700,0.0,1.0,HON
2006-08-25,24.43,24.65,24.26,24.43,24.43,2519300,0.0,1.0,HON
2006-08-24,24.68,24.74,24.34,24.54,24.54,1876500,0.0,1.0,HON
2006-08-23,24.63,24.79,24.34,24.53,24.53,1692600,0.0,1.0,HON
2006-08-22,24.72,24.91,24.52,24.53,24.53,2882800,0.0,1.0,HON
2006-08-21,24.83,24.84,24.53,24.67,24.67,2495400,0.0,1.0,HON
2006-08-18,24.94,25.05,24.63,24.94,24.94,3378800,0.0,1.0,HON
2006-08-17,24.59,24.91,24.45,24.73,24.73,3364300,0.0,1.0,HON
2006-08-16,24.26,24.55,24.13,24.51,24.51,2656900,0.2269,1.0,HON
2006-08-15,23.98,24.23,23.84,23.91,23.91,2068400,0.0,1.0,HON
2006-08-14,23.79,24.01,23.64,23.7,23.7,3228300,0.0,1.0,HON
2006-08-11,23.33,23.54,23.22,23.54,23.54,4120900,0.0,1.0,HON
2006-08-10,23.13,23.61,23.1,23.4,23.4,4473700,0.0,1.0,HON
2006-08-09,23.9,24.01,23.25,23.33,23.33,3574300,0.0,1.0,HON
2006-08-08,24.11,24.15,23.67,23.84,23.84,3461300,0.0,1.0,HON
2006-08-07,23.99,24.1,23.77,24.07,24.07,3144300,0.0,1.0,HON
2006-08-04,24.32,24.45,23.79,23.99,23.99,4558900,0.0,1.0,HON
2006-08-03,24.1,24.35,23.91,24.21,24.21,4441200,0.0,1.0,HON
2006-08-02,24.32,24.35,24.15,24.26,24.26,3833400,0.0,1.0,HON
2006-08-01,24.36,24.53,23.99,24.35,24.35,4294300,0.0,1.0,HON
2006-07-31,24.04,24.41,23.88,24.32,24.32,5688200,0.0,1.0,HON
2006-07-28,23.89,24.29,23.89,24.04,24.04,4022200,0.0,1.0,HON
2006-07-27,23.94,24.18,23.86,23.87,23.87,4150000,0.0,1.0,HON
2006-07-26,23.64,24.08,23.57,23.86,23.86,5064100,0.0,1.0,HON
2006-07-25,23.44,23.88,23.37,23.71,23.71,5215400,0.0,1.0,HON
2006-07-24,23.03,23.38,22.83,23.33,23.33,5841400,0.0,1.0,HON
2006-07-21,23.02,23.02,22.33,22.76,22.76,7990700,0.0,1.0,HON
2006-07-20,24.51,24.54,22.92,23.01,23.01,9725700,0.0,1.0,HON
2006-07-19,23.59,24.22,23.47,24.03,24.03,5598100,0.0,1.0,HON
2006-07-18,23.19,23.59,23.15,23.59,23.59,7198400,0.0,1.0,HON
2006-07-17,23.22,23.47,23.05,23.1,23.1,3552700,0.0,1.0,HON
2006-07-14,23.88,23.89,23.11,23.26,23.26,6070800,0.0,1.0,HON
2006-07-13,24.43,24.45,23.87,23.88,23.88,4030200,0.0,1.0,HON
2006-07-12,24.59,24.76,24.38,24.45,24.45,2495800,0.0,1.0,HON
2006-07-11,24.51,24.72,24.38,24.59,24.59,5751500,0.0,1.0,HON
2006-07-10,24.42,24.62,24.38,24.4,24.4,3246200,0.0,1.0,HON
2006-07-07,24.96,25.03,24.4,24.48,24.48,3437500,0.0,1.0,HON
2006-07-06,24.96,25.16,24.94,25.03,25.03,2356700,0.0,1.0,HON
2006-07-05,25.08,25.08,24.71,24.96,24.96,2996200,0.0,1.0,HON
2006-07-03,25.23,25.41,25.11,25.15,25.15,1608300,0.0,1.0,HON
2006-06-30,25.11,25.47,25.06,25.33,25.33,4198500,0.0,1.0,HON
2006-06-29,24.81,25.13,24.7,25.11,25.11,3683400,0.0,1.0,HON
2006-06-28,24.54,24.6,24.38,24.49,24.49,2716000,0.0,1.0,HON
2006-06-27,24.79,24.98,24.3,24.4,24.4,2726300,0.0,1.0,HON
2006-06-26,24.69,24.87,24.52,24.84,24.84,1896300,0.0,1.0,HON
2006-06-23,24.57,24.99,24.42,24.7,24.7,2191400,0.0,1.0,HON
2006-06-22,24.65,24.67,24.33,24.57,24.57,2277800,0.0,1.0,HON
2006-06-21,24.23,24.96,24.23,24.7,24.7,3018100,0.0,1.0,HON
2006-06-20,24.28,24.38,24.07,24.23,24.23,2490800,0.0,1.0,HON
2006-06-19,24.73,24.82,24.06,24.25,24.25,3071600,0.0,1.0,HON
2006-06-16,24.47,24.62,24.25,24.5,24.5,4570100,0.0,1.0,HON
2006-06-15,23.88,24.55,23.78,24.47,24.47,4038300,0.0,1.0,HON
2006-06-14,23.64,23.91,23.49,23.89,23.89,4547600,0.0,1.0,HON
2006-06-13,23.7,24.21,23.5,23.64,23.64,4788500,0.0,1.0,HON
2006-06-12,23.98,24.2,23.69,23.77,23.77,3540000,0.0,1.0,HON
2006-06-09,24.32,24.59,24.04,24.09,24.09,4636600,0.0,1.0,HON
2006-06-08,24.79,24.79,23.64,24.45,24.45,7099400,0.0,1.0,HON
2006-06-07,24.96,25.3,24.73,24.82,24.82,3530400,0.0,1.0,HON
2006-06-06,25.38,25.5,24.85,25.01,25.01,3585000,0.0,1.0,HON
2006-06-05,25.79,25.92,25.18,25.24,25.24,2440600,0.0,1.0,HON
2006-06-02,26.14,26.29,25.76,25.89,25.89,2171600,0.0,1.0,HON
2006-06-01,25.88,26.16,25.77,26.09,26.09,2381800,0.0,1.0,HON
2006-05-31,25.75,26.08,25.69,25.88,25.88,2778700,0.0,1.0,HON
2006-05-30,25.82,25.83,25.44,25.69,25.69,2905100,0.0,1.0,HON
2006-05-26,25.5,25.82,25.37,25.82,25.82,2571700,0.0,1.0,HON
2006-05-25,25.48,25.52,25.2,25.48,25.48,2684200,0.0,1.0,HON
2006-05-24,25.57,25.99,25.11,25.35,25.35,5701200,0.0,1.0,HON
2006-05-23,26.12,26.24,25.67,25.68,25.68,3069600,0.0,1.0,HON
2006-05-22,26.08,26.32,25.8,26.07,26.07,3023500,0.0,1.0,HON
2006-05-19,26.3,26.55,26.09,26.34,26.34,4172900,0.0,1.0,HON
2006-05-18,26.4,26.67,26.01,26.02,26.02,3015000,0.0,1.0,HON
2006-05-17,26.96,26.97,26.17,26.4,26.4,4095700,0.2269,1.0,HON
2006-05-16,26.95,27.05,26.71,26.88,26.88,3858100,0.0,1.0,HON
2006-05-15,26.88,27.05,26.58,26.95,26.95,3293300,0.0,1.0,HON
2006-05-12,27.13,27.27,26.77,26.82,26.82,2882800,0.0,1.0,HON
2006-05-11,27.49,27.62,27.14,27.22,27.22,3728500,0.0,1.0,HON
2006-05-10,27.13,27.43,27.09,27.38,27.38,2668000,0.0,1.0,HON
2006-05-09,27.02,27.17,26.9,27.05,27.05,3513600,0.0,1.0,HON
2006-05-08,27.58,27.6,26.95,27.08,27.08,4150000,0.0,1.0,HON
2006-05-05,27.77,27.79,27.5,27.58,27.58,2746700,0.0,1.0,HON
2006-05-04,27.32,27.7,27.18,27.58,27.58,1948100,0.0,1.0,HON
2006-05-03,27.35,27.42,27.13,27.32,27.32,3083900,0.0,1.0,HON
2006-05-02,27.08,27.52,27.03,27.35,27.35,2642100,0.0,1.0,HON
2006-05-01,26.97,27.07,26.65,26.93,26.93,3610700,0.0,1.0,HON
2006-04-28,26.83,26.97,26.51,26.57,26.57,3968000,0.0,1.0,HON
2006-04-27,26.88,27.2,26.75,26.96,26.96,6583800,0.0,1.0,HON
2006-04-26,27.32,27.65,27.18,27.55,27.55,3144400,0.0,1.0,HON
2006-04-25,27.15,27.43,26.98,27.33,27.33,3175000,0.0,1.0,HON
2006-04-24,27.14,27.37,26.97,27.02,27.02,2746200,0.0,1.0,HON
2006-04-21,27.66,27.67,27.02,27.22,27.22,2996300,0.0,1.0,HON
2006-04-20,27.25,27.67,26.84,27.4,27.4,4016900,0.0,1.0,HON
2006-04-19,27.57,27.75,26.72,27.21,27.21,6057500,0.0,1.0,HON
2006-04-18,27.35,27.8,26.98,27.6,27.6,5347700,0.0,1.0,HON
2006-04-17,27.14,27.3,26.56,26.8,26.8,2924800,0.0,1.0,HON
2006-04-13,26.05,27.62,26.05,27.13,27.13,5617200,0.0,1.0,HON
2006-04-12,26.25,26.68,26.13,26.54,26.54,2562300,0.0,1.0,HON
2006-04-11,26.65,26.8,25.98,26.18,26.18,3650000,0.0,1.0,HON
2006-04-10,26.5,26.82,26.38,26.65,26.65,2361600,0.0,1.0,HON
2006-04-07,26.88,27.0,26.36,26.5,26.5,2328900,0.0,1.0,HON
2006-04-06,26.88,27.02,26.61,26.78,26.78,1973500,0.0,1.0,HON
2006-04-05,27.02,27.05,26.67,26.87,26.87,2687700,0.0,1.0,HON
2006-04-04,26.42,27.03,26.13,26.95,26.95,3010800,0.0,1.0,HON
2006-04-03,26.88,27.29,26.38,26.5,26.5,3570100,0.0,1.0,HON
2006-03-31,26.62,27.01,26.62,26.73,26.73,3120600,0.0,1.0,HON
2006-03-30,26.37,26.69,26.3,26.47,26.47,2516500,0.0,1.0,HON
2006-03-29,26.37,26.5,26.25,26.42,26.42,2239900,0.0,1.0,HON
2006-03-28,25.76,26.67,25.76,26.2,26.2,2275000,0.0,1.0,HON
2006-03-27,26.36,26.47,26.05,26.25,26.25,3107700,0.0,1.0,HON
2006-03-24,26.54,26.86,26.45,26.53,26.53,2029900,0.0,1.0,HON
2006-03-23,26.73,26.75,26.37,26.58,26.58,2912400,0.0,1.0,HON
2006-03-22,26.63,26.71,26.44,26.67,26.67,2403200,0.0,1.0,HON
2006-03-21,26.72,26.82,26.37,26.42,26.42,2855300,0.0,1.0,HON
2006-03-20,26.68,26.85,26.5,26.61,26.61,2151500,0.0,1.0,HON
2006-03-17,26.77,26.82,26.59,26.73,26.73,4739200,0.0,1.0,HON
2006-03-16,26.78,26.97,26.52,26.62,26.62,2882900,0.0,1.0,HON
2006-03-15,26.57,26.8,26.27,26.78,26.78,3159400,0.0,1.0,HON
2006-03-14,25.99,26.57,25.98,26.47,26.47,2045600,0.0,1.0,HON
2006-03-13,26.28,26.45,26.05,26.05,26.05,3026100,0.0,1.0,HON
2006-03-10,25.78,26.45,25.7,26.34,26.34,3178300,0.0,1.0,HON
2006-03-09,25.94,26.17,25.73,25.8,25.8,2683700,0.0,1.0,HON
2006-03-08,25.88,25.94,25.48,25.94,25.94,2956300,0.0,1.0,HON
2006-03-07,25.6,25.97,25.45,25.87,25.87,3391500,0.0,1.0,HON
2006-03-06,26.02,26.12,25.42,25.54,25.54,4517000,0.0,1.0,HON
2006-03-03,25.76,26.47,25.63,26.08,26.08,3265100,0.0,1.0,HON
2006-03-02,25.53,26.12,25.5,25.93,25.93,3536100,0.0,1.0,HON
2006-03-01,25.58,25.8,25.43,25.8,25.8,3106000,0.0,1.0,HON
2006-02-28,25.85,25.99,25.5,25.6,25.6,4118700,0.0,1.0,HON
2006-02-27,26.05,26.3,25.94,25.98,25.98,2418400,0.0,1.0,HON
2006-02-24,25.8,25.99,25.57,25.93,25.93,2825300,0.0,1.0,HON
2006-02-23,26.03,26.12,25.78,25.9,25.9,3884800,0.2269,1.0,HON
2006-02-22,25.91,26.17,25.87,26.13,26.13,4217700,0.0,1.0,HON
2006-02-21,26.42,26.43,25.64,25.75,25.75,5247400,0.0,1.0,HON
2006-02-17,25.98,26.69,25.92,26.22,26.22,7686000,0.0,1.0,HON
2006-02-16,25.65,25.91,25.21,25.85,25.85,7143000,0.0,1.0,HON
2006-02-15,25.05,25.4,25.01,25.39,25.39,3682700,0.0,1.0,HON
2006-02-14,24.83,25.38,24.71,25.18,25.18,4976700,0.0,1.0,HON
2006-02-13,24.56,24.92,24.45,24.91,24.91,3948500,0.0,1.0,HON
2006-02-10,24.43,24.75,24.3,24.64,24.64,3590200,0.0,1.0,HON
2006-02-09,24.26,24.83,24.08,24.57,24.57,5421300,0.0,1.0,HON
2006-02-08,24.65,24.65,24.1,24.26,24.26,5528600,0.0,1.0,HON
2006-02-07,24.31,24.34,23.87,24.34,24.34,3568300,0.0,1.0,HON
2006-02-06,24.34,24.56,24.02,24.51,24.51,4159400,0.0,1.0,HON
2006-02-03,24.34,24.78,24.09,24.39,24.39,5576100,0.0,1.0,HON
2006-02-02,23.98,24.61,23.76,23.95,23.95,5326900,0.0,1.0,HON
2006-02-01,23.95,24.57,23.9,24.46,24.46,6570700,0.0,1.0,HON
2006-01-31,23.72,24.07,23.5,23.88,23.88,4980200,0.0,1.0,HON
2006-01-30,23.51,23.69,23.34,23.64,23.64,3818700,0.0,1.0,HON
2006-01-27,23.15,23.61,22.93,23.51,23.51,5436400,0.0,1.0,HON
2006-01-26,22.69,23.35,22.43,23.26,23.26,6678800,0.0,1.0,HON
2006-01-25,22.72,22.93,22.38,22.42,22.42,4960600,0.0,1.0,HON
2006-01-24,21.91,22.85,21.91,22.72,22.72,2728700,0.0,1.0,HON
2006-01-23,22.34,22.68,22.27,22.41,22.41,3606900,0.0,1.0,HON
2006-01-20,23.13,23.18,22.22,22.28,22.28,4772500,0.0,1.0,HON
2006-01-19,23.05,23.18,22.81,23.12,23.12,3810100,0.0,1.0,HON
2006-01-18,22.92,23.08,22.72,22.9,22.9,2574500,0.0,1.0,HON
2006-01-17,23.1,23.14,22.87,22.92,22.92,2114900,0.0,1.0,HON
2006-01-13,23.0,23.16,22.87,23.1,23.1,3026000,0.0,1.0,HON
2006-01-12,23.28,23.28,22.87,23.05,23.05,5200600,0.0,1.0,HON
2006-01-11,23.44,23.48,23.19,23.33,23.33,3457400,0.0,1.0,HON
2006-01-10,23.15,23.4,23.07,23.31,23.31,3354600,0.0,1.0,HON
2006-01-09,23.54,23.63,23.33,23.35,23.35,3590300,0.0,1.0,HON
2006-01-06,23.31,23.6,23.19,23.54,23.54,2764700,0.0,1.0,HON
2006-01-05,23.16,23.31,23.01,23.18,23.18,2960000,0.0,1.0,HON
2006-01-04,23.31,23.43,23.15,23.19,23.19,3222100,0.0,1.0,HON
2006-01-03,23.14,23.38,22.79,23.29,23.29,4035500,0.0,1.0,HON
2005-12-30,23.26,23.33,23.1,23.16,23.16,1739800,0.0,1.0,HON
2005-12-29,23.34,23.52,23.34,23.37,23.37,1610200,0.0,1.0,HON
2005-12-28,23.38,23.54,23.28,23.36,23.36,2610100,0.0,1.0,HON
2005-12-27,23.73,23.93,23.26,23.29,23.29,3856500,0.0,1.0,HON
2005-12-23,22.82,23.9,22.82,23.59,23.59,1657100,0.0,1.0,HON
2005-12-22,23.43,23.82,23.28,23.82,23.82,3577700,0.0,1.0,HON
2005-12-21,24.0,24.03,23.39,23.42,23.42,4040000,0.0,1.0,HON
2005-12-20,23.65,23.93,23.59,23.72,23.72,4315400,0.0,1.0,HON
2005-12-19,23.53,23.65,23.42,23.54,23.54,3819200,0.0,1.0,HON
2005-12-16,23.67,23.87,23.49,23.55,23.55,7250400,0.0,1.0,HON
2005-12-15,23.44,23.67,23.19,23.6,23.6,5697000,0.0,1.0,HON
2005-12-14,23.31,23.88,22.85,23.31,23.31,18960800,0.0,1.0,HON
2005-12-13,22.35,22.54,22.13,22.31,22.31,5019700,0.0,1.0,HON
2005-12-12,22.49,22.67,22.18,22.41,22.41,2755100,0.0,1.0,HON
2005-12-09,22.16,22.27,22.04,22.2,22.2,4746500,0.0,1.0,HON
2005-12-08,22.41,22.49,22.11,22.16,22.16,2131800,0.0,1.0,HON
2005-12-07,22.54,22.59,22.24,22.36,22.36,3142800,0.0,1.0,HON
2005-12-06,22.38,22.72,22.33,22.45,22.45,2981100,0.0,1.0,HON
2005-12-05,22.42,22.42,22.13,22.34,22.34,3853200,0.0,1.0,HON
2005-12-02,23.1,23.1,22.37,22.42,22.42,7970600,0.0,1.0,HON
2005-12-01,22.93,23.28,22.86,23.16,23.16,3110500,0.0,1.0,HON
2005-11-30,22.92,23.21,22.7,22.72,22.72,4365700,0.0,1.0,HON
2005-11-29,22.83,22.93,22.69,22.87,22.87,3200500,0.0,1.0,HON
2005-11-28,22.98,23.13,22.63,22.64,22.64,3011500,0.0,1.0,HON
2005-11-25,23.1,23.2,22.95,22.95,22.95,960900,0.0,1.0,HON
2005-11-23,22.89,23.13,22.88,22.98,22.98,2718900,0.0,1.0,HON
2005-11-22,22.69,23.09,22.62,22.96,22.96,4572600,0.0,1.0,HON
2005-11-21,22.67,22.85,22.54,22.78,22.78,3128300,0.0,1.0,HON
2005-11-18,22.99,22.99,22.5,22.62,22.62,6051400,0.0,1.0,HON
2005-11-17,22.88,23.0,22.64,22.65,22.65,4475600,0.0,1.0,HON
2005-11-16,22.83,22.9,22.73,22.81,22.81,3735400,0.2062,1.0,HON
2005-11-15,22.63,22.85,22.52,22.6,22.6,3768000,0.0,1.0,HON
2005-11-14,22.36,22.63,22.29,22.62,22.62,3002700,0.0,1.0,HON
2005-11-11,22.21,22.47,22.1,22.42,22.42,3418000,0.0,1.0,HON
2005-11-10,22.15,22.25,21.93,22.22,22.22,4892400,0.0,1.0,HON
2005-11-09,22.01,22.28,21.98,22.1,22.1,3088400,0.0,1.0,HON
2005-11-08,22.1,22.21,21.94,22.11,22.11,3879700,0.0,1.0,HON
2005-11-07,22.26,22.29,22.01,22.19,22.19,3270600,0.0,1.0,HON
2005-11-04,22.13,22.3,22.01,22.19,22.19,5218100,0.0,1.0,HON
2005-11-03,21.57,21.98,21.55,21.9,21.9,5802500,0.0,1.0,HON
2005-11-02,21.3,21.63,21.22,21.57,21.57,3474500,0.0,1.0,HON
2005-11-01,21.21,21.49,20.87,21.34,21.34,4851500,0.0,1.0,HON
2005-10-31,20.96,21.29,20.86,21.14,21.14,4242500,0.0,1.0,HON
2005-10-28,20.65,20.84,20.43,20.77,20.77,4260300,0.0,1.0,HON
2005-10-27,20.82,20.84,20.64,20.65,20.65,3257200,0.0,1.0,HON
2005-10-26,20.85,21.24,20.72,20.9,20.9,3878200,0.0,1.0,HON
2005-10-25,21.41,21.41,20.76,20.85,20.85,5905600,0.0,1.0,HON
2005-10-24,20.62,20.99,20.44,20.96,20.96,5313400,0.0,1.0,HON
2005-10-21,20.62,20.7,20.2,20.53,20.53,7667900,0.0,1.0,HON
2005-10-20,20.99,21.15,20.46,20.62,20.62,8421200,0.0,1.0,HON
2005-10-19,21.13,22.66,20.4,21.05,21.05,12497100,0.0,1.0,HON
2005-10-18,22.32,22.45,21.98,22.21,22.21,4373700,0.0,1.0,HON
2005-10-17,22.26,22.5,22.17,22.48,22.48,2227800,0.0,1.0,HON
2005-10-14,22.36,22.38,22.11,22.32,22.32,2208700,0.0,1.0,HON
2005-10-13,21.9,22.38,21.84,22.17,22.17,3355500,0.0,1.0,HON
2005-10-12,22.28,22.56,21.95,22.1,22.1,3011100,0.0,1.0,HON
2005-10-11,22.17,22.56,22.07,22.28,22.28,2858900,0.0,1.0,HON
2005-10-10,22.58,22.58,22.1,22.17,22.17,3365200,0.0,1.0,HON
2005-10-07,22.53,22.68,22.44,22.6,22.6,2275300,0.0,1.0,HON
2005-10-06,22.54,22.9,22.42,22.5,22.5,3400900,0.0,1.0,HON
2005-10-05,22.78,23.12,22.63,22.64,22.64,3112300,0.0,1.0,HON
2005-10-04,22.92,23.15,22.74,22.74,22.74,2786800,0.0,1.0,HON
2005-10-03,23.13,23.24,22.84,22.92,22.92,2682100,0.0,1.0,HON
2005-09-30,23.16,23.2,23.0,23.18,23.18,2548900,0.0,1.0,HON
2005-09-29,23.2,23.28,22.72,23.21,23.21,3127400,0.0,1.0,HON
2005-09-28,23.46,23.53,23.21,23.23,23.23,3163300,0.0,1.0,HON
2005-09-27,23.1,23.32,22.95,23.24,23.24,2321200,0.0,1.0,HON
2005-09-26,23.23,23.49,22.94,23.03,23.03,2549800,0.0,1.0,HON
2005-09-23,22.64,23.29,22.63,23.17,23.17,3189200,0.0,1.0,HON
2005-09-22,22.79,22.94,22.47,22.62,22.62,3337300,0.0,1.0,HON
2005-09-21,23.22,23.23,22.6,22.81,22.81,5115000,0.0,1.0,HON
2005-09-20,23.66,23.83,23.07,23.22,23.22,4075400,0.0,1.0,HON
2005-09-19,24.2,24.21,23.58,23.68,23.68,2984400,0.0,1.0,HON
2005-09-16,24.13,24.34,24.03,24.29,24.29,5533100,0.0,1.0,HON
2005-09-15,23.99,24.1,23.76,23.86,23.86,3351100,0.0,1.0,HON
2005-09-14,24.17,24.17,23.87,23.97,23.97,4019100,0.0,1.0,HON
2005-09-13,23.99,24.22,23.86,24.09,24.09,3755800,0.0,1.0,HON
2005-09-12,24.01,24.04,23.79,23.99,23.99,2676800,0.0,1.0,HON
2005-09-09,23.68,24.02,23.65,24.0,24.0,2751500,0.0,1.0,HON
2005-09-08,23.68,23.75,23.6,23.68,23.68,2605900,0.0,1.0,HON
2005-09-07,23.75,23.85,23.61,23.82,23.82,3369600,0.0,1.0,HON
2005-09-06,23.63,23.97,23.63,23.86,23.86,2303200,0.0,1.0,HON
2005-09-02,23.68,23.78,23.44,23.47,23.47,1946800,0.0,1.0,HON
2005-09-01,23.63,23.79,23.47,23.68,23.68,2561600,0.0,1.0,HON
2005-08-31,23.69,23.8,23.41,23.66,23.66,3506000,0.0,1.0,HON
2005-08-30,23.41,23.62,23.28,23.57,23.57,3234100,0.0,1.0,HON
2005-08-29,23.35,23.62,23.34,23.55,23.55,2377500,0.0,1.0,HON
2005-08-26,23.43,23.65,23.38,23.5,23.5,2069000,0.0,1.0,HON
2005-08-25,23.37,23.67,23.26,23.5,23.5,2185000,0.0,1.0,HON
2005-08-24,23.64,23.7,23.41,23.45,23.45,2576300,0.0,1.0,HON
2005-08-23,23.84,23.9,23.55,23.63,23.63,2542500,0.0,1.0,HON
2005-08-22,23.7,23.94,23.6,23.75,23.75,2060900,0.0,1.0,HON
2005-08-19,23.68,23.76,23.53,23.63,23.63,1956400,0.0,1.0,HON
2005-08-18,23.7,23.8,23.49,23.58,23.58,2441400,0.0,1.0,HON
2005-08-17,23.43,23.97,23.32,23.79,23.79,3518600,0.2062,1.0,HON
2005-08-16,23.84,23.9,23.38,23.38,23.38,2550100,0.0,1.0,HON
2005-08-15,23.46,23.94,23.38,23.9,23.9,2459100,0.0,1.0,HON
2005-08-12,23.68,23.8,23.32,23.54,23.54,2311600,0.0,1.0,HON
2005-08-11,23.61,23.88,23.5,23.88,23.88,3546100,0.0,1.0,HON
2005-08-10,23.92,23.99,23.51,23.62,23.62,3686200,0.0,1.0,HON
2005-08-09,23.64,24.01,23.64,23.9,23.9,2285300,0.0,1.0,HON
2005-08-08,23.74,23.83,23.57,23.63,23.63,2168200,0.0,1.0,HON
2005-08-05,23.64,23.83,23.5,23.66,23.66,2192900,0.0,1.0,HON
2005-08-04,23.94,23.94,23.71,23.74,23.74,2566300,0.0,1.0,HON
2005-08-03,24.06,24.06,23.85,23.94,23.94,2429400,0.0,1.0,HON
2005-08-02,23.9,24.17,23.84,24.14,24.14,2850900,0.0,1.0,HON
2005-08-01,24.15,24.15,23.7,23.85,23.85,3946700,0.0,1.0,HON
2005-07-29,23.93,24.29,23.79,24.15,24.15,5338800,0.0,1.0,HON
2005-07-28,23.91,24.01,23.7,23.98,23.98,4135100,0.0,1.0,HON
2005-07-27,23.45,23.62,23.22,23.38,23.38,2226900,0.0,1.0,HON
2005-07-26,23.26,23.53,23.13,23.39,23.39,2460300,0.0,1.0,HON
2005-07-25,23.49,23.49,23.21,23.26,23.26,2446200,0.0,1.0,HON
2005-07-22,23.8,23.96,23.32,23.49,23.49,2928400,0.0,1.0,HON
2005-07-21,23.63,24.07,23.37,23.7,23.7,6458600,0.0,1.0,HON
2005-07-20,23.37,23.83,22.29,23.82,23.82,9200700,0.0,1.0,HON
2005-07-19,22.69,23.12,22.68,23.12,23.12,6545500,0.0,1.0,HON
2005-07-18,22.4,22.74,22.38,22.59,22.59,4274000,0.0,1.0,HON
2005-07-15,22.52,22.63,22.41,22.49,22.49,3914800,0.0,1.0,HON
2005-07-14,22.44,22.59,22.35,22.51,22.51,4389900,0.0,1.0,HON
2005-07-13,22.08,22.35,22.01,22.25,22.25,3720100,0.0,1.0,HON
2005-07-12,22.01,22.3,21.98,22.2,22.2,3699700,0.0,1.0,HON
2005-07-11,22.38,22.41,21.97,22.07,22.07,3625400,0.0,1.0,HON
2005-07-08,21.83,22.17,21.55,22.15,22.15,3139100,0.0,1.0,HON
2005-07-07,21.47,21.79,21.21,21.77,21.77,6247500,0.0,1.0,HON
2005-07-06,22.05,22.26,21.73,21.79,21.79,3891200,0.0,1.0,HON
2005-07-05,22.1,22.29,22.04,22.11,22.11,4236600,0.0,1.0,HON
2005-07-01,22.52,22.7,22.2,22.31,22.31,2717000,0.0,1.0,HON
2005-06-30,22.6,22.75,22.51,22.52,22.52,4262000,0.0,1.0,HON
2005-06-29,22.81,22.83,22.62,22.71,22.71,2668800,0.0,1.0,HON
2005-06-28,22.46,22.73,22.29,22.73,22.73,4040000,0.0,1.0,HON
2005-06-27,22.46,22.62,22.1,22.32,22.32,4017100,0.0,1.0,HON
2005-06-24,22.92,22.98,22.53,22.57,22.57,4438200,0.0,1.0,HON
2005-06-23,23.25,23.38,22.91,22.99,22.99,4346200,0.0,1.0,HON
2005-06-22,23.21,23.43,23.08,23.19,23.19,2582300,0.0,1.0,HON
2005-06-21,23.2,23.35,23.08,23.19,23.19,2864400,0.0,1.0,HON
2005-06-20,23.29,23.38,23.11,23.26,23.26,2764600,0.0,1.0,HON
2005-06-17,23.58,23.58,23.13,23.44,23.44,6289300,0.0,1.0,HON
2005-06-16,23.02,23.43,22.75,23.42,23.42,5285600,0.0,1.0,HON
2005-06-15,22.78,23.02,22.69,22.94,22.94,5029300,0.0,1.0,HON
2005-06-14,22.2,22.65,22.18,22.65,22.65,4875500,0.0,1.0,HON
2005-06-13,22.29,22.52,22.14,22.2,22.2,3668000,0.0,1.0,HON
2005-06-10,22.44,22.51,22.17,22.38,22.38,2550600,0.0,1.0,HON
2005-06-09,22.17,22.25,22.03,22.23,22.23,3341300,0.0,1.0,HON
2005-06-08,22.47,22.56,22.17,22.22,22.22,1842400,0.0,1.0,HON
2005-06-07,22.41,22.56,22.31,22.37,22.37,2737200,0.0,1.0,HON
2005-06-06,22.32,22.44,22.21,22.36,22.36,2280600,0.0,1.0,HON
2005-06-03,22.39,22.57,22.28,22.35,22.35,2694900,0.0,1.0,HON
2005-06-02,22.44,22.59,22.32,22.52,22.52,2261100,0.0,1.0,HON
2005-06-01,22.28,22.5,22.18,22.43,22.43,4137700,0.0,1.0,HON
2005-05-31,22.49,22.52,22.23,22.28,22.28,3006500,0.0,1.0,HON
2005-05-27,22.51,22.57,22.45,22.52,22.52,2044800,0.0,1.0,HON
2005-05-26,22.62,22.75,22.44,22.54,22.54,3478000,0.0,1.0,HON
2005-05-25,22.79,22.86,22.43,22.52,22.52,2653800,0.0,1.0,HON
2005-05-24,22.77,23.02,22.76,22.92,22.92,2075800,0.0,1.0,HON
2005-05-23,22.79,23.04,22.7,22.91,22.91,2791200,0.0,1.0,HON
2005-05-20,22.87,22.87,22.6,22.84,22.84,3135100,0.0,1.0,HON
2005-05-19,22.71,22.89,22.55,22.84,22.84,3442200,0.0,1.0,HON
2005-05-18,22.32,22.72,22.23,22.7,22.7,4469100,0.2062,1.0,HON
2005-05-17,22.17,22.31,21.79,22.13,22.13,5537300,0.0,1.0,HON
2005-05-16,21.91,22.4,21.65,22.34,22.34,3293800,0.0,1.0,HON
2005-05-13,22.26,22.42,21.77,21.97,21.97,3287700,0.0,1.0,HON
2005-05-12,22.4,22.64,22.11,22.18,22.18,2459400,0.0,1.0,HON
2005-05-11,22.38,22.72,22.04,22.42,22.42,4190000,0.0,1.0,HON
2005-05-10,22.33,22.66,22.23,22.34,22.34,3241500,0.0,1.0,HON
2005-05-09,22.41,22.83,22.03,22.55,22.55,4799100,0.0,1.0,HON
2005-05-06,21.54,23.07,21.54,22.53,22.53,17845000,0.0,1.0,HON
2005-05-05,21.79,21.82,21.36,21.51,21.51,3699100,0.0,1.0,HON
2005-05-04,21.62,21.95,21.62,21.72,21.72,3878200,0.0,1.0,HON
2005-05-03,22.11,22.14,21.51,21.59,21.59,6498700,0.0,1.0,HON
2005-05-02,21.87,22.11,21.78,22.11,22.11,3350600,0.0,1.0,HON
2005-04-29,22.02,22.26,21.54,21.87,21.87,5431500,0.0,1.0,HON
2005-04-28,22.08,22.28,21.95,21.97,21.97,3008300,0.0,1.0,HON
2005-04-27,22.1,22.33,21.92,22.23,22.23,2273200,0.0,1.0,HON
2005-04-26,22.21,22.35,21.93,22.2,22.2,4239900,0.0,1.0,HON
2005-04-25,22.23,22.33,22.03,22.21,22.21,2240100,0.0,1.0,HON
2005-04-22,22.25,22.27,21.74,22.04,22.04,2525600,0.0,1.0,HON
2005-04-21,21.98,22.26,21.77,22.23,22.23,4057000,0.0,1.0,HON
2005-04-20,22.2,22.59,21.65,21.67,21.67,4550800,0.0,1.0,HON
2005-04-19,21.87,22.35,21.81,22.32,22.32,3001000,0.0,1.0,HON
2005-04-18,21.52,22.24,21.42,21.92,21.92,3325000,0.0,1.0,HON
2005-04-15,22.07,22.39,21.8,21.81,21.81,4089200,0.0,1.0,HON
2005-04-14,22.66,22.76,22.01,22.22,22.22,4509300,0.0,1.0,HON
2005-04-13,22.78,22.96,22.59,22.65,22.65,2853700,0.0,1.0,HON
2005-04-12,22.88,23.05,22.53,22.9,22.9,3529300,0.0,1.0,HON
2005-04-11,22.97,23.06,22.83,22.86,22.86,1694400,0.0,1.0,HON
2005-04-08,23.18,23.29,22.88,22.98,22.98,1975300,0.0,1.0,HON
2005-04-07,23.07,23.18,23.0,23.16,23.16,2041400,0.0,1.0,HON
2005-04-06,22.78,23.11,22.74,22.99,22.99,2932700,0.0,1.0,HON
2005-04-05,22.54,22.77,22.47,22.7,22.7,2529500,0.0,1.0,HON
2005-04-04,22.69,22.75,22.47,22.53,22.53,3876600,0.0,1.0,HON
2005-04-01,22.93,23.02,22.47,22.63,22.63,3395000,0.0,1.0,HON
2005-03-31,22.75,22.92,22.58,22.75,22.75,3572700,0.0,1.0,HON
2005-03-30,22.36,22.76,22.36,22.72,22.72,3636100,0.0,1.0,HON
2005-03-29,22.63,22.72,22.18,22.31,22.31,5227400,0.0,1.0,HON
2005-03-28,22.75,22.94,22.67,22.67,22.67,3457500,0.0,1.0,HON
2005-03-24,22.91,22.97,22.72,22.73,22.73,4226300,0.0,1.0,HON
2005-03-23,23.32,23.48,22.78,22.8,22.8,5340300,0.0,1.0,HON
2005-03-22,23.38,23.71,23.33,23.38,23.38,3140900,0.0,1.0,HON
2005-03-21,23.42,23.51,23.23,23.41,23.41,2811100,0.0,1.0,HON
2005-03-18,23.5,23.71,23.34,23.49,23.49,5355200,0.0,1.0,HON
2005-03-17,23.43,23.63,23.3,23.5,23.5,2835600,0.0,1.0,HON
2005-03-16,23.73,23.82,23.21,23.33,23.33,2901200,0.0,1.0,HON
2005-03-15,23.79,23.96,23.66,23.88,23.88,4938500,0.0,1.0,HON
2005-03-14,23.71,23.92,23.68,23.79,23.79,3850100,0.0,1.0,HON
2005-03-11,23.63,23.88,23.46,23.55,23.55,4964500,0.0,1.0,HON
2005-03-10,23.38,23.56,23.11,23.45,23.45,3314000,0.0,1.0,HON
2005-03-09,23.49,23.76,23.25,23.31,23.31,3398500,0.0,1.0,HON
2005-03-08,23.69,23.77,23.5,23.68,23.68,2909400,0.0,1.0,HON
2005-03-07,23.77,23.94,23.61,23.69,23.69,2759000,0.0,1.0,HON
2005-03-04,23.42,23.67,23.26,23.65,23.65,2747000,0.0,1.0,HON
2005-03-03,23.14,23.49,23.0,23.24,23.24,2897900,0.0,1.0,HON
2005-03-02,23.04,23.36,22.86,23.1,23.1,2907800,0.0,1.0,HON
2005-03-01,23.22,23.38,22.96,23.04,23.04,3307600,0.0,1.0,HON
2005-02-28,23.21,23.41,22.95,23.22,23.22,2321300,0.0,1.0,HON
2005-02-25,22.96,23.4,22.94,23.32,23.32,2681700,0.0,1.0,HON
2005-02-24,22.79,23.11,22.64,23.04,23.04,2810600,0.0,1.0,HON
2005-02-23,22.87,23.0,22.66,22.86,22.86,2563700,0.0,1.0,HON
2005-02-22,23.05,23.22,22.79,22.79,22.79,3580200,0.0,1.0,HON
2005-02-18,23.19,23.36,23.08,23.29,23.29,2784100,0.0,1.0,HON
2005-02-17,23.63,23.73,23.17,23.19,23.19,3388400,0.0,1.0,HON
2005-02-16,23.66,23.76,23.44,23.54,23.54,4101100,0.2062,1.0,HON
2005-02-15,23.9,23.96,23.7,23.75,23.75,5291500,0.0,1.0,HON
2005-02-14,23.7,24.03,23.51,23.9,23.9,4005800,0.0,1.0,HON
2005-02-11,23.28,23.93,23.28,23.81,23.81,5446500,0.0,1.0,HON
2005-02-10,23.05,23.43,22.99,23.39,23.39,4779400,0.0,1.0,HON
2005-02-09,22.8,23.04,22.67,22.75,22.75,3621900,0.0,1.0,HON
2005-02-08,22.87,22.93,22.63,22.81,22.81,3651000,0.0,1.0,HON
2005-02-07,22.93,23.2,22.82,22.92,22.92,4811800,0.0,1.0,HON
2005-02-04,22.94,23.14,22.8,23.02,23.02,4894500,0.0,1.0,HON
2005-02-03,22.37,22.84,22.32,22.8,22.8,6873700,0.0,1.0,HON
2005-02-02,22.11,22.38,22.02,22.35,22.35,4552200,0.0,1.0,HON
2005-02-01,21.94,22.12,21.81,21.93,21.93,3534800,0.0,1.0,HON
2005-01-31,21.76,22.01,21.65,21.88,21.88,4289100,0.0,1.0,HON
2005-01-28,21.87,22.17,21.49,21.71,21.71,4264200,0.0,1.0,HON
2005-01-27,21.68,21.91,21.56,21.91,21.91,3385700,0.0,1.0,HON
2005-01-26,21.12,21.76,21.12,21.74,21.74,4562700,0.0,1.0,HON
2005-01-25,21.42,21.62,21.29,21.34,21.34,3363800,0.0,1.0,HON
2005-01-24,21.49,21.62,21.3,21.39,21.39,4264600,0.0,1.0,HON
2005-01-21,21.46,21.6,21.28,21.28,21.28,3029800,0.0,1.0,HON
2005-01-20,21.5,21.65,21.3,21.39,21.39,3098800,0.0,1.0,HON
2005-01-19,21.78,21.87,21.5,21.51,21.51,2317300,0.0,1.0,HON
2005-01-18,21.4,21.83,21.29,21.81,21.81,4738900,0.0,1.0,HON
2005-01-14,21.25,21.65,21.2,21.49,21.49,4810700,0.0,1.0,HON
2005-01-13,21.42,21.47,21.03,21.03,21.03,3518500,0.0,1.0,HON
2005-01-12,20.83,21.53,20.7,21.28,21.28,5704600,0.0,1.0,HON
2005-01-11,20.68,20.94,20.59,20.68,20.68,4546700,0.0,1.0,HON
2005-01-10,20.72,20.99,20.45,20.74,20.74,4428500,0.0,1.0,HON
2005-01-07,20.89,21.01,20.72,20.81,20.81,3665600,0.0,1.0,HON
2005-01-06,21.03,21.13,20.86,20.89,20.89,4001200,0.0,1.0,HON
2005-01-05,21.21,21.32,20.91,21.03,21.03,5303600,0.0,1.0,HON
2005-01-04,21.45,21.6,20.88,21.09,21.09,5091000,0.0,1.0,HON
2005-01-03,21.65,21.88,21.32,21.47,21.47,3854900,0.0,1.0,HON
2004-12-31,21.45,21.71,21.45,21.54,21.54,1597300,0.0,1.0,HON
2004-12-30,21.76,21.84,21.53,21.53,21.53,2374100,0.0,1.0,HON
2004-12-29,22.02,22.11,21.62,21.71,21.71,4307800,0.0,1.0,HON
2004-12-28,21.62,22.12,21.53,21.94,21.94,5153000,0.0,1.0,HON
2004-12-27,21.72,21.86,21.62,21.72,21.72,2497600,0.0,1.0,HON
2004-12-23,21.69,21.92,21.67,21.71,21.71,2102300,0.0,1.0,HON
2004-12-22,21.72,21.88,21.6,21.67,21.67,3237000,0.0,1.0,HON
2004-12-21,21.65,21.81,21.44,21.72,21.72,3602700,0.0,1.0,HON
2004-12-20,21.62,21.88,21.58,21.67,21.67,3579200,0.0,1.0,HON
2004-12-17,21.67,21.92,21.41,21.51,21.51,4629800,0.0,1.0,HON
2004-12-16,21.67,21.99,21.54,21.66,21.66,4003900,0.0,1.0,HON
2004-12-15,21.99,22.08,21.78,21.9,21.9,3899500,0.0,1.0,HON
2004-12-14,21.9,22.21,21.77,22.14,22.14,5167900,0.0,1.0,HON
2004-12-13,21.74,22.36,21.65,22.17,22.17,8747800,0.0,1.0,HON
2004-12-10,21.28,21.78,15.41,21.48,21.48,7098800,0.0,1.0,HON
2004-12-09,21.02,21.09,20.76,21.03,21.03,4685200,0.0,1.0,HON
2004-12-08,21.08,21.14,20.75,21.02,21.02,3832100,0.0,1.0,HON
2004-12-07,21.51,21.53,20.99,21.04,21.04,4437000,0.0,1.0,HON
2004-12-06,21.71,21.72,21.36,21.45,21.45,2617000,0.0,1.0,HON
2004-12-03,21.9,21.96,21.6,21.7,21.7,2302800,0.0,1.0,HON
2004-12-02,22.1,22.13,21.71,21.87,21.87,2320600,0.0,1.0,HON
2004-12-01,21.59,22.13,21.53,22.1,22.1,3905500,0.0,1.0,HON
2004-11-30,21.58,21.84,21.42,21.49,21.49,2717600,0.0,1.0,HON
2004-11-29,21.87,22.04,21.45,21.65,21.65,2566900,0.0,1.0,HON
2004-11-26,21.8,21.94,21.73,21.73,21.73,785500,0.0,1.0,HON
2004-11-24,21.7,21.87,21.62,21.81,21.81,2029600,0.0,1.0,HON
2004-11-23,21.75,21.96,21.48,21.73,21.73,2705300,0.0,1.0,HON
2004-11-22,21.62,21.77,21.35,21.68,21.68,2204300,0.0,1.0,HON
2004-11-19,21.9,21.96,21.57,21.57,21.57,2734400,0.0,1.0,HON
2004-11-18,21.96,22.05,21.84,21.92,21.92,1791300,0.0,1.0,HON
2004-11-17,21.71,21.95,21.67,21.84,21.84,3000300,0.1875,1.0,HON
2004-11-16,21.89,21.9,21.55,21.63,21.63,2575500,0.0,1.0,HON
2004-11-15,21.98,22.05,21.7,21.89,21.89,2912100,0.0,1.0,HON
2004-11-12,22.1,22.24,21.94,22.16,22.16,2280200,0.0,1.0,HON
2004-11-11,22.18,22.25,21.93,22.13,22.13,2192100,0.0,1.0,HON
2004-11-10,21.96,22.27,21.96,22.03,22.03,2923400,0.0,1.0,HON
2004-11-09,21.91,22.13,21.85,21.94,21.94,3182500,0.0,1.0,HON
2004-11-08,21.75,22.05,21.67,21.9,21.9,2936100,0.0,1.0,HON
2004-11-05,21.63,21.93,21.51,21.75,21.75,3987800,0.0,1.0,HON
2004-11-04,21.19,21.56,21.12,21.52,21.52,4441700,0.0,1.0,HON
2004-11-03,21.18,21.35,21.03,21.09,21.09,3496000,0.0,1.0,HON
2004-11-02,21.24,21.24,20.73,20.84,20.84,6132800,0.0,1.0,HON
2004-11-01,20.43,21.35,20.39,21.2,21.2,8412600,0.0,1.0,HON
2004-10-29,20.34,20.67,20.27,20.38,20.38,4997000,0.0,1.0,HON
2004-10-28,20.18,20.66,20.12,20.34,20.34,4662400,0.0,1.0,HON
2004-10-27,20.05,20.4,19.94,20.17,20.17,5332500,0.0,1.0,HON
2004-10-26,19.63,20.06,19.59,19.94,19.94,6750300,0.0,1.0,HON
2004-10-25,19.69,19.86,19.27,19.5,19.5,7121000,0.0,1.0,HON
2004-10-22,19.99,20.12,19.75,19.8,19.8,5924500,0.0,1.0,HON
2004-10-21,20.42,20.5,19.91,19.97,19.97,8971200,0.0,1.0,HON
2004-10-20,21.44,21.44,20.06,20.45,20.45,10067300,0.0,1.0,HON
2004-10-19,21.14,21.54,21.12,21.44,21.44,4085900,0.0,1.0,HON
2004-10-18,21.18,21.19,20.94,20.97,20.97,2888100,0.0,1.0,HON
2004-10-15,21.04,21.42,21.04,21.18,21.18,2134500,0.0,1.0,HON
2004-10-14,21.24,21.27,20.84,21.04,21.04,2631100,0.0,1.0,HON
2004-10-13,21.42,21.71,21.08,21.25,21.25,2651500,0.0,1.0,HON
2004-10-12,21.36,21.52,21.29,21.38,21.38,2193600,0.0,1.0,HON
2004-10-11,21.63,21.75,21.31,21.5,21.5,2248300,0.0,1.0,HON
2004-10-08,21.47,21.87,21.39,21.63,21.63,2870100,0.0,1.0,HON
2004-10-07,22.12,22.13,21.59,21.59,21.59,2802300,0.0,1.0,HON
2004-10-06,22.09,22.21,21.92,22.21,22.21,2165500,0.0,1.0,HON
2004-10-05,22.07,22.28,21.97,22.09,22.09,1915700,0.0,1.0,HON
2004-10-04,22.3,22.53,22.1,22.15,22.15,3176600,0.0,1.0,HON
2004-10-01,21.72,22.26,21.63,22.24,22.24,3470400,0.0,1.0,HON
2004-09-30,21.5,21.84,21.5,21.7,21.7,3232400,0.0,1.0,HON
2004-09-29,21.41,21.75,21.41,21.59,21.59,2419600,0.0,1.0,HON
2004-09-28,21.24,21.68,21.18,21.53,21.53,3093100,0.0,1.0,HON
2004-09-27,21.25,21.39,21.21,21.23,21.23,2752400,0.0,1.0,HON
2004-09-24,21.39,21.47,21.3,21.38,21.38,1790300,0.0,1.0,HON
2004-09-23,21.41,21.57,21.26,21.48,21.48,2947200,0.0,1.0,HON
2004-09-22,21.7,21.7,21.32,21.49,21.49,3640600,0.0,1.0,HON
2004-09-21,22.13,22.21,21.73,21.89,21.89,3341500,0.0,1.0,HON
2004-09-20,22.05,22.31,21.96,22.13,22.13,2041200,0.0,1.0,HON
2004-09-17,22.3,22.39,22.13,22.23,22.23,2721200,0.0,1.0,HON
2004-09-16,21.99,22.32,21.94,22.13,22.13,2710700,0.0,1.0,HON
2004-09-15,22.26,22.38,21.98,22.01,22.01,2021500,0.0,1.0,HON
2004-09-14,22.15,22.32,22.1,22.26,22.26,2073000,0.0,1.0,HON
2004-09-13,22.05,22.24,21.9,22.2,22.2,3459900,0.0,1.0,HON
2004-09-10,21.86,22.09,21.81,22.05,22.05,3569600,0.0,1.0,HON
2004-09-09,22.07,22.16,21.8,21.98,21.98,3432800,0.0,1.0,HON
2004-09-08,22.19,22.31,21.97,22.07,22.07,3820500,0.0,1.0,HON
2004-09-07,22.05,22.44,22.05,22.3,22.3,4063400,0.0,1.0,HON
2004-09-03,22.09,22.35,22.01,22.01,22.01,2140000,0.0,1.0,HON
2004-09-02,21.75,22.19,21.73,22.11,22.11,1687200,0.0,1.0,HON
2004-09-01,21.7,21.96,21.48,21.78,21.78,1565800,0.0,1.0,HON
2004-08-31,21.71,21.82,21.49,21.77,21.77,2194900,0.0,1.0,HON
2004-08-30,22.02,22.17,21.59,21.59,21.59,2374700,0.0,1.0,HON
2004-08-27,21.93,22.17,21.93,22.06,22.06,1273800,0.0,1.0,HON
2004-08-26,21.99,22.06,21.77,21.99,21.99,1731100,0.0,1.0,HON
2004-08-25,21.6,22.18,21.53,22.08,22.08,2660500,0.0,1.0,HON
2004-08-24,21.51,21.7,21.5,21.59,21.59,2236600,0.0,1.0,HON
2004-08-23,21.44,21.59,21.32,21.37,21.37,1564200,0.0,1.0,HON
2004-08-20,21.05,21.47,20.97,21.43,21.43,2499700,0.0,1.0,HON
2004-08-19,21.53,21.59,21.0,21.15,21.15,3093400,0.0,1.0,HON
2004-08-18,20.97,21.6,20.88,21.55,21.55,3257800,0.1875,1.0,HON
2004-08-17,21.27,21.46,21.09,21.14,21.14,2284000,0.0,1.0,HON
2004-08-16,20.86,21.37,20.77,21.27,21.27,3099200,0.0,1.0,HON
2004-08-13,20.78,20.95,20.46,20.95,20.95,4335600,0.0,1.0,HON
2004-08-12,21.43,21.43,20.63,20.89,20.89,3570900,0.0,1.0,HON
2004-08-11,21.33,21.51,21.08,21.45,21.45,3600000,0.0,1.0,HON
2004-08-10,20.95,21.35,20.89,21.35,21.35,3470500,0.0,1.0,HON
2004-08-09,20.89,21.11,20.55,20.83,20.83,3731500,0.0,1.0,HON
2004-08-06,21.37,21.37,20.73,20.81,20.81,4816300,0.0,1.0,HON
2004-08-05,22.13,22.18,21.48,21.53,21.53,3363900,0.0,1.0,HON
2004-08-04,21.76,22.18,21.7,22.07,22.07,5286700,0.0,1.0,HON
2004-08-03,22.57,22.66,22.18,22.27,22.27,3439500,0.0,1.0,HON
2004-08-02,22.21,22.62,22.21,22.55,22.55,3815700,0.0,1.0,HON
2004-07-30,22.72,22.79,22.43,22.64,22.64,3402600,0.0,1.0,HON
2004-07-29,22.95,23.15,22.79,22.81,22.81,3865000,0.0,1.0,HON
2004-07-28,22.48,22.99,22.29,22.94,22.94,6465200,0.0,1.0,HON
2004-07-27,22.12,22.49,22.04,22.48,22.48,4250400,0.0,1.0,HON
2004-07-26,21.99,22.17,21.82,21.95,21.95,3205100,0.0,1.0,HON
2004-07-23,22.04,22.12,21.78,21.82,21.82,2423800,0.0,1.0,HON
2004-07-22,21.82,22.17,21.73,22.03,22.03,3883500,0.0,1.0,HON
2004-07-21,21.97,22.27,21.82,22.04,22.04,6486000,0.0,1.0,HON
2004-07-20,21.5,21.66,21.37,21.61,21.61,3409200,0.0,1.0,HON
2004-07-19,21.97,22.02,21.41,21.58,21.58,3680200,0.0,1.0,HON
2004-07-16,21.74,21.98,21.53,21.91,21.91,4944200,0.0,1.0,HON
2004-07-15,21.34,21.64,21.25,21.49,21.49,4093700,0.0,1.0,HON
2004-07-14,21.19,21.54,21.13,21.35,21.35,2957100,0.0,1.0,HON
2004-07-13,21.58,21.66,21.32,21.44,21.44,2938100,0.0,1.0,HON
2004-07-12,21.79,21.81,21.28,21.61,21.61,3179200,0.0,1.0,HON
2004-07-09,21.46,21.81,21.43,21.79,21.79,2332100,0.0,1.0,HON
2004-07-08,21.55,21.75,21.34,21.39,21.39,2571600,0.0,1.0,HON
2004-07-07,21.29,21.76,21.22,21.63,21.63,2322200,0.0,1.0,HON
2004-07-06,21.38,21.51,21.19,21.42,21.42,2693000,0.0,1.0,HON
2004-07-02,21.46,21.69,21.31,21.6,21.6,2103700,0.0,1.0,HON
2004-07-01,21.99,22.13,21.61,21.7,21.7,2755000,0.0,1.0,HON
2004-06-30,22.15,22.23,21.93,22.05,22.05,2764800,0.0,1.0,HON
2004-06-29,21.79,22.23,21.76,22.06,22.06,2481500,0.0,1.0,HON
2004-06-28,22.2,22.45,21.84,21.87,21.87,3058200,0.0,1.0,HON
2004-06-25,22.2,22.41,21.94,22.16,22.16,3266500,0.0,1.0,HON
2004-06-24,22.4,22.41,22.22,22.31,22.31,2581600,0.0,1.0,HON
2004-06-23,22.12,22.63,21.98,22.58,22.58,3271300,0.0,1.0,HON
2004-06-22,21.82,22.2,21.82,22.13,22.13,2481100,0.0,1.0,HON
2004-06-21,21.93,22.17,21.78,21.82,21.82,2101900,0.0,1.0,HON
2004-06-18,21.78,22.08,21.67,21.99,21.99,3430700,0.0,1.0,HON
2004-06-17,21.59,21.78,21.5,21.77,21.77,2364100,0.0,1.0,HON
2004-06-16,21.65,21.7,21.41,21.7,21.7,2129400,0.0,1.0,HON
2004-06-15,21.52,21.94,21.07,21.65,21.65,4720800,0.0,1.0,HON
2004-06-14,21.33,21.55,21.31,21.45,21.45,3895100,0.0,1.0,HON
2004-06-10,21.09,21.46,21.09,21.31,21.31,4575200,0.0,1.0,HON
2004-06-09,20.95,21.28,20.84,21.09,21.09,4286000,0.0,1.0,HON
2004-06-08,20.9,21.02,20.71,20.95,20.95,2162400,0.0,1.0,HON
2004-06-07,20.48,21.01,20.45,20.88,20.88,2883700,0.0,1.0,HON
2004-06-04,20.16,20.46,20.05,20.31,20.31,1537100,0.0,1.0,HON
2004-06-03,20.28,20.33,19.98,20.01,20.01,1523400,0.0,1.0,HON
2004-06-02,20.0,20.37,19.99,20.28,20.28,2351600,0.0,1.0,HON
2004-06-01,20.28,20.32,19.86,19.98,19.98,3937600,0.0,1.0,HON
2004-05-28,20.39,20.39,20.06,20.28,20.28,1618700,0.0,1.0,HON
2004-05-27,20.22,20.51,20.16,20.34,20.34,2074600,0.0,1.0,HON
2004-05-26,20.15,20.28,19.96,20.22,20.22,2991800,0.0,1.0,HON
2004-05-25,19.87,20.26,19.75,20.22,20.22,2195300,0.0,1.0,HON
2004-05-24,20.18,20.37,19.96,20.0,20.0,2475400,0.0,1.0,HON
2004-05-21,20.0,20.21,19.84,20.05,20.05,1908600,0.0,1.0,HON
2004-05-20,19.86,20.06,19.65,19.87,19.87,2024400,0.0,1.0,HON
2004-05-19,20.1,20.39,20.0,20.04,20.04,2821600,0.0,1.0,HON
2004-05-18,19.6,20.13,19.56,20.01,20.01,2987500,0.1875,1.0,HON
2004-05-17,19.66,20.01,19.42,19.51,19.51,3313100,0.0,1.0,HON
2004-05-14,20.06,20.19,19.72,20.04,20.04,1770900,0.0,1.0,HON
2004-05-13,19.84,20.19,19.84,20.06,20.06,2107800,0.0,1.0,HON
2004-05-12,19.97,20.05,19.61,19.98,19.98,3117800,0.0,1.0,HON
2004-05-11,19.91,20.13,19.82,19.95,19.95,2503000,0.0,1.0,HON
2004-05-10,20.05,20.33,19.76,19.91,19.91,3320600,0.0,1.0,HON
2004-05-07,20.35,20.64,20.2,20.3,20.3,1950500,0.0,1.0,HON
2004-05-06,20.55,20.85,20.42,20.57,20.57,1764800,0.0,1.0,HON
2004-05-05,20.8,20.95,20.65,20.71,20.71,2127400,0.0,1.0,HON
2004-05-04,20.69,21.07,20.6,20.84,20.84,2434000,0.0,1.0,HON
2004-05-03,20.7,21.0,20.57,20.69,20.69,2923200,0.0,1.0,HON
2004-04-30,21.12,21.15,20.54,20.7,20.7,3702300,0.0,1.0,HON
2004-04-29,21.02,21.54,20.97,21.09,21.09,4440000,0.0,1.0,HON
2004-04-28,21.25,21.26,20.88,21.05,21.05,2941700,0.0,1.0,HON
2004-04-27,21.01,21.51,20.96,21.21,21.21,4517600,0.0,1.0,HON
2004-04-26,20.84,21.0,20.74,20.8,20.8,1670400,0.0,1.0,HON
2004-04-23,20.79,20.9,20.5,20.88,20.88,2155600,0.0,1.0,HON
2004-04-22,20.32,21.04,20.23,20.71,20.71,4593000,0.0,1.0,HON
2004-04-21,20.5,20.57,20.24,20.33,20.33,4327200,0.0,1.0,HON
2004-04-20,20.8,20.92,20.34,20.35,20.35,2591100,0.0,1.0,HON
2004-04-19,20.92,21.06,20.68,20.73,20.73,2844800,0.0,1.0,HON
2004-04-16,20.76,21.09,20.66,20.98,20.98,3490900,0.0,1.0,HON
2004-04-15,20.73,20.79,20.42,20.65,20.65,2219900,0.0,1.0,HON
2004-04-14,20.62,21.0,20.54,20.64,20.64,2416500,0.0,1.0,HON
2004-04-13,21.06,21.07,20.6,20.71,20.71,2181300,0.0,1.0,HON
2004-04-12,20.74,21.02,20.71,20.95,20.95,1729600,0.0,1.0,HON
2004-04-08,20.89,21.01,20.66,20.74,20.74,2415800,0.0,1.0,HON
2004-04-07,20.86,21.07,20.49,20.72,20.72,2635500,0.0,1.0,HON
2004-04-06,20.89,21.06,20.79,20.97,20.97,2551800,0.0,1.0,HON
2004-04-05,20.38,20.95,20.38,20.95,20.95,2292600,0.0,1.0,HON
2004-04-02,20.56,20.65,20.34,20.49,20.49,2221200,0.0,1.0,HON
2004-04-01,20.25,20.42,20.21,20.27,20.27,2284500,0.0,1.0,HON
2004-03-31,20.24,20.36,20.08,20.26,20.26,2747800,0.0,1.0,HON
2004-03-30,20.06,20.36,19.94,20.21,20.21,2288700,0.0,1.0,HON
2004-03-29,19.92,20.22,19.91,20.02,20.02,2482800,0.0,1.0,HON
2004-03-26,19.56,19.92,19.46,19.81,19.81,2417600,0.0,1.0,HON
2004-03-25,19.18,19.75,19.17,19.67,19.67,4800800,0.0,1.0,HON
2004-03-24,19.02,19.23,18.85,19.14,19.14,2910700,0.0,1.0,HON
2004-03-23,19.0,19.31,19.0,19.1,19.1,2919400,0.0,1.0,HON
2004-03-22,19.21,19.25,18.69,19.0,19.0,4316800,0.0,1.0,HON
2004-03-19,19.59,19.91,19.45,19.54,19.54,3708100,0.0,1.0,HON
2004-03-18,19.64,19.69,19.28,19.59,19.59,1864200,0.0,1.0,HON
2004-03-17,19.24,19.69,19.24,19.63,19.63,3543100,0.0,1.0,HON
2004-03-16,19.75,19.8,19.01,19.22,19.22,5322600,0.0,1.0,HON
2004-03-15,19.75,19.88,19.39,19.51,19.51,3584500,0.0,1.0,HON
2004-03-12,19.62,19.85,19.57,19.75,19.75,4040200,0.0,1.0,HON
2004-03-11,19.61,19.81,19.27,19.42,19.42,4952600,0.0,1.0,HON
2004-03-10,20.27,20.33,19.55,19.73,19.73,4355700,0.0,1.0,HON
2004-03-09,20.65,20.68,20.05,20.33,20.33,3086100,0.0,1.0,HON
2004-03-08,20.91,21.09,20.58,20.65,20.65,1909500,0.0,1.0,HON
2004-03-05,20.89,21.05,20.71,20.92,20.92,2085600,0.0,1.0,HON
2004-03-04,21.13,21.25,20.89,21.07,21.07,2433600,0.0,1.0,HON
2004-03-03,20.89,21.03,20.81,20.99,20.99,2005600,0.0,1.0,HON
2004-03-02,20.65,21.13,20.6,20.89,20.89,3102500,0.0,1.0,HON
2004-03-01,21.04,21.21,21.0,21.13,21.13,3148400,0.0,1.0,HON
2004-02-27,20.9,21.18,20.86,20.98,20.98,3170100,0.0,1.0,HON
2004-02-26,20.95,21.01,20.6,20.91,20.91,4399100,0.0,1.0,HON
2004-02-25,20.95,21.13,20.89,20.93,20.93,3163300,0.0,1.0,HON
2004-02-24,20.96,21.34,20.8,20.92,20.92,4783800,0.0,1.0,HON
2004-02-23,21.3,21.31,20.75,20.95,20.95,3173900,0.0,1.0,HON
2004-02-20,21.39,21.53,21.01,21.3,21.3,2409300,0.0,1.0,HON
2004-02-19,21.56,21.79,21.37,21.38,21.38,3605300,0.0,1.0,HON
2004-02-18,21.7,21.81,21.32,21.41,21.41,2654500,0.1875,1.0,HON
2004-02-17,21.68,21.82,21.61,21.71,21.71,1767700,0.0,1.0,HON
2004-02-13,21.92,21.96,21.52,21.68,21.68,3147100,0.0,1.0,HON
2004-02-12,21.52,22.04,21.46,22.0,22.0,4126400,0.0,1.0,HON
2004-02-11,21.06,21.52,20.92,21.49,21.49,3924300,0.0,1.0,HON
2004-02-10,21.18,21.32,21.1,21.21,21.21,3039700,0.0,1.0,HON
2004-02-09,21.3,21.51,21.11,21.18,21.18,2659500,0.0,1.0,HON
2004-02-06,21.08,21.42,21.02,21.38,21.38,2669700,0.0,1.0,HON
2004-02-05,20.93,21.23,20.74,21.12,21.12,3684100,0.0,1.0,HON
2004-02-04,20.87,21.07,20.55,20.75,20.75,4146300,0.0,1.0,HON
2004-02-03,21.32,21.36,21.06,21.12,21.12,2809200,0.0,1.0,HON
2004-02-02,21.41,21.7,21.14,21.41,21.41,2962200,0.0,1.0,HON
2004-01-30,21.67,21.67,21.29,21.51,21.51,3482900,0.0,1.0,HON
2004-01-29,21.43,21.65,21.26,21.4,21.4,5741600,0.0,1.0,HON
2004-01-28,21.26,21.53,20.95,21.24,21.24,4369400,0.0,1.0,HON
2004-01-27,21.64,21.78,21.23,21.26,21.26,3500600,0.0,1.0,HON
2004-01-26,21.29,22.42,21.2,21.67,21.67,3560500,0.0,1.0,HON
2004-01-23,21.32,21.46,21.1,21.21,21.21,2485100,0.0,1.0,HON
2004-01-22,21.61,21.64,21.24,21.39,21.39,2389900,0.0,1.0,HON
2004-01-21,21.05,21.69,20.84,21.61,21.61,5362700,0.0,1.0,HON
2004-01-20,21.86,21.87,20.69,21.23,21.23,9887600,0.0,1.0,HON
2004-01-16,21.88,22.33,21.68,22.29,22.29,4466400,0.0,1.0,HON
2004-01-15,21.54,21.97,21.4,21.72,21.72,4913100,0.0,1.0,HON
2004-01-14,20.93,21.58,20.92,21.54,21.54,4931100,0.0,1.0,HON
2004-01-13,20.84,21.08,20.68,20.87,20.87,4249400,0.0,1.0,HON
2004-01-12,20.71,20.9,20.67,20.85,20.85,3848300,0.0,1.0,HON
2004-01-09,20.81,20.92,20.78,20.8,20.8,5870000,0.0,1.0,HON
2004-01-08,20.99,21.1,20.66,21.05,21.05,7712900,0.0,1.0,HON
2004-01-07,20.18,20.35,20.01,20.08,20.08,6142000,0.0,1.0,HON
2004-01-06,19.78,20.25,19.78,20.2,20.2,3370600,0.0,1.0,HON
2004-01-05,19.74,20.11,19.68,19.95,19.95,5030200,0.0,1.0,HON
2004-01-02,19.68,20.12,19.56,19.84,19.84,3456600,0.0,1.0,HON
2003-12-31,19.72,19.95,19.61,19.9,19.9,3619600,0.0,1.0,HON
2003-12-30,19.78,19.91,19.52,19.65,19.65,2607800,0.0,1.0,HON
2003-12-29,19.53,19.74,19.45,19.74,19.74,3599300,0.0,1.0,HON
2003-12-26,19.35,19.55,19.35,19.54,19.54,952300,0.0,1.0,HON
2003-12-24,19.42,19.61,19.42,19.49,19.49,1557600,0.0,1.0,HON
2003-12-23,19.47,19.64,19.46,19.59,19.59,3526600,0.0,1.0,HON
2003-12-22,19.01,19.59,18.96,19.54,19.54,6173000,0.0,1.0,HON
2003-12-19,18.87,19.04,18.78,18.95,18.95,7421100,0.0,1.0,HON
2003-12-18,18.46,18.87,18.4,18.8,18.8,10741200,0.0,1.0,HON
2003-12-17,17.83,18.02,17.83,18.02,18.02,7362200,0.0,1.0,HON
2003-12-16,17.77,18.43,17.74,18.15,18.15,9851600,0.0,1.0,HON
2003-12-15,18.76,18.8,18.31,18.36,18.36,5243600,0.0,1.0,HON
2003-12-12,18.37,18.73,18.25,18.63,18.63,5405600,0.0,1.0,HON
2003-12-11,18.1,18.45,18.05,18.45,18.45,2520300,0.0,1.0,HON
2003-12-10,18.07,18.25,17.94,18.04,18.04,2922400,0.0,1.0,HON
2003-12-09,18.01,18.28,17.98,18.15,18.15,3507500,0.0,1.0,HON
2003-12-08,17.75,18.0,17.75,17.98,17.98,2775300,0.0,1.0,HON
2003-12-05,17.75,17.98,17.74,17.81,17.81,4020100,0.0,1.0,HON
2003-12-04,17.65,18.0,17.64,17.98,17.98,3665000,0.0,1.0,HON
2003-12-03,17.5,17.67,17.45,17.65,17.65,4516200,0.0,1.0,HON
2003-12-02,17.86,17.86,17.39,17.42,17.42,5195800,0.0,1.0,HON
2003-12-01,17.83,18.09,17.67,17.89,17.89,2839200,0.0,1.0,HON
2003-11-28,17.65,17.84,17.57,17.68,17.68,995600,0.0,1.0,HON
2003-11-26,17.74,17.82,17.56,17.77,17.77,2370800,0.0,1.0,HON
2003-11-25,17.53,17.71,17.32,17.68,17.68,3160800,0.0,1.0,HON
2003-11-24,17.33,17.62,17.33,17.53,17.53,2946700,0.0,1.0,HON
2003-11-21,17.26,17.39,17.03,17.24,17.24,1886000,0.0,1.0,HON
2003-11-20,17.19,17.48,17.1,17.26,17.26,1879100,0.0,1.0,HON
2003-11-19,17.25,17.45,17.05,17.34,17.34,2575900,0.0,1.0,HON
2003-11-18,17.3,17.56,17.18,17.2,17.2,2872000,0.1875,1.0,HON
2003-11-17,17.59,17.66,17.23,17.57,17.57,3281700,0.0,1.0,HON
2003-11-14,17.78,17.87,17.49,17.59,17.59,2953100,0.0,1.0,HON
2003-11-13,17.81,18.0,17.7,17.87,17.87,2682300,0.0,1.0,HON
2003-11-12,17.59,17.99,17.59,17.94,17.94,2445600,0.0,1.0,HON
2003-11-11,17.63,17.73,17.37,17.59,17.59,2407700,0.0,1.0,HON
2003-11-10,18.02,18.05,17.55,17.63,17.63,2787500,0.0,1.0,HON
2003-11-07,18.04,18.16,17.94,18.02,18.02,3791800,0.0,1.0,HON
2003-11-06,17.98,18.01,17.83,18.01,18.01,4542700,0.0,1.0,HON
2003-11-05,18.07,18.33,17.95,17.98,17.98,4268500,0.0,1.0,HON
2003-11-04,17.93,18.33,17.63,18.17,18.17,4733100,0.0,1.0,HON
2003-11-03,18.34,18.41,18.19,18.23,18.23,3407000,0.0,1.0,HON
2003-10-31,18.08,18.34,18.04,18.11,18.11,3939400,0.0,1.0,HON
2003-10-30,17.44,18.37,17.44,18.02,18.02,6073700,0.0,1.0,HON
2003-10-29,17.39,17.58,17.24,17.44,17.44,3059900,0.0,1.0,HON
2003-10-28,17.21,17.62,17.18,17.53,17.53,5717900,0.0,1.0,HON
2003-10-27,17.1,17.24,16.98,17.05,17.05,2971900,0.0,1.0,HON
2003-10-24,16.89,17.01,16.66,16.8,16.8,2474400,0.0,1.0,HON
2003-10-23,16.95,17.1,16.92,17.02,17.02,2860300,0.0,1.0,HON
2003-10-22,17.01,17.16,16.91,16.92,16.92,3873300,0.0,1.0,HON
2003-10-21,17.18,17.27,17.01,17.18,17.18,2806200,0.0,1.0,HON
2003-10-20,17.16,17.46,17.16,17.29,17.29,2644400,0.0,1.0,HON
2003-10-17,17.51,17.51,17.15,17.16,17.16,3446500,0.0,1.0,HON
2003-10-16,17.24,17.85,17.24,17.51,17.51,6196500,0.0,1.0,HON
2003-10-15,17.22,17.39,16.99,17.24,17.24,4194700,0.0,1.0,HON
2003-10-14,17.13,17.18,16.9,17.18,17.18,3993200,0.0,1.0,HON
2003-10-13,16.81,17.13,16.69,17.02,17.02,6550300,0.0,1.0,HON
2003-10-10,16.36,16.44,16.09,16.27,16.27,3097700,0.0,1.0,HON
2003-10-09,16.45,16.69,16.37,16.49,16.49,3187700,0.0,1.0,HON
2003-10-08,16.21,16.32,16.06,16.32,16.32,2045100,0.0,1.0,HON
2003-10-07,16.15,16.26,16.03,16.21,16.21,2343900,0.0,1.0,HON
2003-10-06,16.04,16.21,15.97,16.16,16.16,1893600,0.0,1.0,HON
2003-10-03,15.86,16.24,15.86,16.0,16.0,3369800,0.0,1.0,HON
2003-10-02,15.97,15.97,15.65,15.71,15.71,3190000,0.0,1.0,HON
2003-10-01,15.59,15.92,15.53,15.89,15.89,3197100,0.0,1.0,HON
2003-09-30,15.67,15.68,15.4,15.59,15.59,3471900,0.0,1.0,HON
2003-09-29,15.59,15.77,15.35,15.69,15.69,3458800,0.0,1.0,HON
2003-09-26,15.53,15.85,15.47,15.51,15.51,3458100,0.0,1.0,HON
2003-09-25,15.78,15.88,15.48,15.69,15.69,3907500,0.0,1.0,HON
2003-09-24,16.18,16.26,15.68,15.79,15.79,4557700,0.0,1.0,HON
2003-09-23,16.27,16.4,15.91,16.04,16.04,4986900,0.0,1.0,HON
2003-09-22,16.48,16.58,16.21,16.33,16.33,3647200,0.0,1.0,HON
2003-09-19,16.75,16.85,16.49,16.55,16.55,3895300,0.0,1.0,HON
2003-09-18,16.83,16.85,16.63,16.74,16.74,3868400,0.0,1.0,HON
2003-09-17,17.1,17.1,16.87,16.91,16.91,1747300,0.0,1.0,HON
2003-09-16,16.86,17.18,16.84,17.17,17.17,2336700,0.0,1.0,HON
2003-09-15,16.91,16.92,16.62,16.72,16.72,1622300,0.0,1.0,HON
2003-09-12,16.84,16.94,16.61,16.81,16.81,2419200,0.0,1.0,HON
2003-09-11,16.75,16.93,16.65,16.82,16.82,2614600,0.0,1.0,HON
2003-09-10,17.07,17.16,16.51,16.62,16.62,4892500,0.0,1.0,HON
2003-09-09,17.66,17.78,17.05,17.22,17.22,4448300,0.0,1.0,HON
2003-09-08,17.69,17.79,17.54,17.78,17.78,3864600,0.0,1.0,HON
2003-09-05,17.42,17.6,17.32,17.56,17.56,4476900,0.0,1.0,HON
2003-09-04,17.66,17.75,17.39,17.42,17.42,4535400,0.0,1.0,HON
2003-09-03,17.73,17.78,17.51,17.64,17.64,4043800,0.0,1.0,HON
2003-09-02,17.36,17.63,17.22,17.61,17.61,3329400,0.0,1.0,HON
2003-08-29,17.07,17.3,17.06,17.15,17.15,2192400,0.0,1.0,HON
2003-08-28,17.04,17.21,16.75,17.16,17.16,2505400,0.0,1.0,HON
2003-08-27,16.68,17.07,16.68,16.92,16.92,2191200,0.0,1.0,HON
2003-08-26,17.05,17.09,16.56,16.8,16.8,3480200,0.0,1.0,HON
2003-08-25,17.25,17.27,16.86,17.05,17.05,1995800,0.0,1.0,HON
2003-08-22,17.49,17.51,17.1,17.23,17.23,4141300,0.0,1.0,HON
2003-08-21,17.18,17.39,16.98,17.26,17.26,3023800,0.0,1.0,HON
2003-08-20,17.29,17.42,17.07,17.14,17.14,2953800,0.0,1.0,HON
2003-08-19,17.39,17.68,17.26,17.43,17.43,4775700,0.0,1.0,HON
2003-08-18,17.01,17.59,16.92,17.35,17.35,4563700,0.1875,1.0,HON
2003-08-15,17.05,17.13,16.68,16.78,16.78,1998500,0.0,1.0,HON
2003-08-14,16.48,16.96,16.41,16.73,16.73,3249700,0.0,1.0,HON
2003-08-13,16.51,16.56,16.27,16.41,16.41,2224400,0.0,1.0,HON
2003-08-12,16.23,16.34,15.99,16.34,16.34,2161300,0.0,1.0,HON
2003-08-11,16.19,16.34,15.96,16.15,16.15,2075100,0.0,1.0,HON
2003-08-08,16.26,16.41,16.12,16.26,16.26,2445400,0.0,1.0,HON
2003-08-07,16.2,16.4,16.14,16.25,16.25,1823500,0.0,1.0,HON
2003-08-06,16.28,16.58,16.06,16.23,16.23,2760200,0.0,1.0,HON
2003-08-05,16.59,16.71,16.31,16.35,16.35,2851600,0.0,1.0,HON
2003-08-04,16.59,16.71,16.25,16.53,16.53,2597600,0.0,1.0,HON
2003-08-01,16.53,16.61,16.31,16.46,16.46,2397800,0.0,1.0,HON
2003-07-31,16.75,16.95,16.52,16.62,16.62,3601100,0.0,1.0,HON
2003-07-30,16.82,16.82,16.48,16.67,16.67,2073600,0.0,1.0,HON
2003-07-29,16.93,16.93,16.31,16.64,16.64,2729500,0.0,1.0,HON
2003-07-28,16.94,17.09,16.72,16.83,16.83,2560000,0.0,1.0,HON
2003-07-25,16.62,16.98,16.09,16.94,16.94,2423600,0.0,1.0,HON
2003-07-24,16.99,16.99,16.14,16.62,16.62,3043300,0.0,1.0,HON
2003-07-23,17.01,17.01,16.52,16.71,16.71,2296600,0.0,1.0,HON
2003-07-22,16.56,16.98,16.39,16.89,16.89,4138600,0.0,1.0,HON
2003-07-21,16.35,16.63,16.23,16.36,16.36,4154600,0.0,1.0,HON
2003-07-18,16.02,16.34,15.81,16.28,16.28,6254400,0.0,1.0,HON
2003-07-17,16.31,16.46,16.14,16.16,16.16,3712000,0.0,1.0,HON
2003-07-16,16.52,16.53,16.07,16.31,16.31,2879900,0.0,1.0,HON
2003-07-15,16.81,16.92,16.34,16.39,16.39,3809000,0.0,1.0,HON
2003-07-14,16.49,16.81,16.36,16.66,16.66,4690000,0.0,1.0,HON
2003-07-11,16.18,16.36,16.04,16.19,16.19,2184600,0.0,1.0,HON
2003-07-10,16.03,16.46,16.03,16.14,16.14,2970900,0.0,1.0,HON
2003-07-09,16.45,16.66,16.31,16.48,16.48,3196500,0.0,1.0,HON
2003-07-08,16.55,16.71,16.12,16.35,16.35,4495400,0.0,1.0,HON
2003-07-07,16.28,16.52,16.23,16.49,16.49,3240100,0.0,1.0,HON
2003-07-03,16.23,16.31,15.92,15.97,15.97,1995800,0.0,1.0,HON
2003-07-02,16.1,16.35,15.88,16.35,16.35,4059300,0.0,1.0,HON
2003-07-01,15.95,15.95,15.38,15.87,15.87,4172800,0.0,1.0,HON
2003-06-30,15.78,16.0,15.72,15.78,15.78,3768800,0.0,1.0,HON
2003-06-27,15.88,16.25,15.52,15.69,15.69,3543100,0.0,1.0,HON
2003-06-26,15.96,16.09,15.82,16.02,16.02,4305000,0.0,1.0,HON
2003-06-25,16.29,16.44,15.91,16.01,16.01,2843400,0.0,1.0,HON
2003-06-24,16.04,16.32,15.98,16.22,16.22,4015100,0.0,1.0,HON
2003-06-23,16.78,16.88,15.97,15.98,15.98,4327700,0.0,1.0,HON
2003-06-20,16.69,16.91,16.56,16.73,16.73,4267600,0.0,1.0,HON
2003-06-19,17.06,17.06,16.37,16.49,16.49,3987100,0.0,1.0,HON
2003-06-18,16.97,17.17,16.89,17.06,17.06,4663500,0.0,1.0,HON
2003-06-17,15.68,16.99,15.68,16.8,16.8,3837600,0.0,1.0,HON
2003-06-16,16.51,16.96,16.5,16.83,16.83,5123900,0.0,1.0,HON
2003-06-13,16.93,16.93,16.22,16.38,16.38,4506800,0.0,1.0,HON
2003-06-12,16.41,16.46,16.05,16.41,16.41,2402100,0.0,1.0,HON
2003-06-11,16.14,16.35,15.82,16.32,16.32,4367800,0.0,1.0,HON
2003-06-10,16.09,16.16,15.73,16.01,16.01,3304800,0.0,1.0,HON
2003-06-09,16.21,16.42,15.63,15.83,15.83,3804600,0.0,1.0,HON
2003-06-06,16.34,16.56,16.11,16.19,16.19,4787400,0.0,1.0,HON
2003-06-05,15.95,16.22,15.72,16.15,16.15,4637800,0.0,1.0,HON
2003-06-04,15.85,16.09,15.52,16.01,16.01,5210300,0.0,1.0,HON
2003-06-03,16.02,16.05,15.48,15.72,15.72,5329200,0.0,1.0,HON
2003-06-02,15.67,15.89,15.49,15.52,15.52,5808100,0.0,1.0,HON
2003-05-30,15.44,15.51,15.17,15.4,15.4,4788000,0.0,1.0,HON
2003-05-29,15.08,15.31,14.78,15.31,15.31,5436600,0.0,1.0,HON
2003-05-28,15.12,15.25,14.99,15.04,15.04,4635700,0.0,1.0,HON
2003-05-27,14.42,15.01,14.4,15.01,15.01,5068200,0.0,1.0,HON
2003-05-23,14.44,14.55,14.19,14.38,14.38,2527900,0.0,1.0,HON
2003-05-22,14.05,14.4,14.0,14.37,14.37,3873500,0.0,1.0,HON
2003-05-21,13.9,14.11,13.68,14.07,14.07,4184200,0.0,1.0,HON
2003-05-20,14.2,14.2,13.71,13.93,13.93,3183200,0.0,1.0,HON
2003-05-19,14.55,14.55,14.11,14.14,14.14,2858400,0.0,1.0,HON
2003-05-16,14.66,14.78,14.47,14.64,14.64,2732200,0.1875,1.0,HON
2003-05-15,14.6,14.73,14.45,14.67,14.67,4225500,0.0,1.0,HON
2003-05-14,14.57,14.59,14.15,14.59,14.59,3940900,0.0,1.0,HON
2003-05-13,14.53,14.66,14.29,14.44,14.44,4238300,0.0,1.0,HON
2003-05-12,14.13,14.59,13.94,14.54,14.54,4883000,0.0,1.0,HON
2003-05-09,13.9,14.11,13.82,14.11,14.11,2923300,0.0,1.0,HON
2003-05-08,14.0,14.04,13.6,13.86,13.86,3126200,0.0,1.0,HON
2003-05-07,14.07,14.24,14.0,14.1,14.1,2985400,0.0,1.0,HON
2003-05-06,14.11,14.28,14.01,14.24,14.24,2829900,0.0,1.0,HON
2003-05-05,14.18,14.24,13.79,14.11,14.11,3838400,0.0,1.0,HON
2003-05-02,13.66,14.22,13.66,14.11,14.11,4727500,0.0,1.0,HON
2003-05-01,13.85,13.94,13.42,13.8,13.8,4538100,0.0,1.0,HON
2003-04-30,13.71,13.77,13.37,13.77,13.77,6237800,0.0,1.0,HON
2003-04-29,13.45,13.65,13.34,13.52,13.52,2790800,0.0,1.0,HON
2003-04-28,13.3,13.53,13.19,13.45,13.45,2832200,0.0,1.0,HON
2003-04-25,13.56,13.58,13.13,13.24,13.24,2354900,0.0,1.0,HON
2003-04-24,13.55,13.7,13.38,13.52,13.52,3581500,0.0,1.0,HON
2003-04-23,13.56,13.58,13.21,13.42,13.42,3439600,0.0,1.0,HON
2003-04-22,13.16,13.61,13.01,13.56,13.56,3848100,0.0,1.0,HON
2003-04-21,13.23,13.28,12.98,13.13,13.13,2509900,0.0,1.0,HON
2003-04-17,12.51,13.23,12.51,13.16,13.16,5262100,0.0,1.0,HON
2003-04-16,13.07,13.39,12.92,13.06,13.06,3851500,0.0,1.0,HON
2003-04-15,13.01,13.09,12.84,13.06,13.06,3432700,0.0,1.0,HON
2003-04-14,12.61,13.05,12.61,13.05,13.05,3071700,0.0,1.0,HON
2003-04-11,12.98,13.04,12.54,12.61,12.61,3692600,0.0,1.0,HON
2003-04-10,13.14,13.16,12.68,12.84,12.84,4955600,0.0,1.0,HON
2003-04-09,13.13,13.39,13.02,13.1,13.1,3600800,0.0,1.0,HON
2003-04-08,13.16,13.24,12.91,13.02,13.02,2160900,0.0,1.0,HON
2003-04-07,13.65,13.67,13.01,13.12,13.12,3476600,0.0,1.0,HON
2003-04-04,13.3,13.3,12.96,13.07,13.07,2450000,0.0,1.0,HON
2003-04-03,13.18,13.3,13.0,13.07,13.07,3039400,0.0,1.0,HON
2003-04-02,13.13,13.24,12.98,13.03,13.03,3940700,0.0,1.0,HON
2003-04-01,12.79,12.84,12.54,12.82,12.82,3487100,0.0,1.0,HON
2003-03-31,12.57,12.63,12.35,12.46,12.46,3553900,0.0,1.0,HON
2003-03-28,12.82,12.95,12.67,12.72,12.72,3144100,0.0,1.0,HON
2003-03-27,12.8,12.94,12.69,12.82,12.82,4177900,0.0,1.0,HON
2003-03-26,13.09,13.1,12.53,13.02,13.02,7985000,0.0,1.0,HON
2003-03-25,13.22,13.38,13.01,13.12,13.12,5297300,0.0,1.0,HON
2003-03-24,13.42,13.71,13.13,13.21,13.21,4581800,0.0,1.0,HON
2003-03-21,13.79,14.12,13.27,14.03,14.03,9525400,0.0,1.0,HON
2003-03-20,13.93,13.95,13.5,13.78,13.78,5935000,0.0,1.0,HON
2003-03-19,13.69,13.95,13.59,13.93,13.93,4068900,0.0,1.0,HON
2003-03-18,13.75,14.0,13.59,13.89,13.89,4869700,0.0,1.0,HON
2003-03-17,12.93,13.75,12.88,13.68,13.68,5578300,0.0,1.0,HON
2003-03-14,12.81,13.24,12.7,13.11,13.11,5630600,0.0,1.0,HON
2003-03-13,12.37,12.65,12.22,12.59,12.59,5017300,0.0,1.0,HON
2003-03-12,12.05,12.17,11.78,12.09,12.09,3238200,0.0,1.0,HON
2003-03-11,12.44,12.57,12.11,12.19,12.19,2938200,0.0,1.0,HON
2003-03-10,12.67,12.67,12.31,12.32,12.32,3192600,0.0,1.0,HON
2003-03-07,12.54,12.77,12.36,12.69,12.69,3942100,0.0,1.0,HON
2003-03-06,13.02,13.02,12.67,12.78,12.78,2752200,0.0,1.0,HON
2003-03-05,12.96,13.09,12.81,13.02,13.02,2856700,0.0,1.0,HON
2003-03-04,13.51,13.51,12.95,12.95,12.95,3890500,0.0,1.0,HON
2003-03-03,13.62,13.68,13.33,13.38,13.38,2341500,0.0,1.0,HON
2003-02-28,13.48,13.67,13.2,13.35,13.35,2805600,0.0,1.0,HON
2003-02-27,13.52,13.65,13.28,13.48,13.48,1954500,0.0,1.0,HON
2003-02-26,13.35,13.57,13.31,13.38,13.38,2224400,0.0,1.0,HON
2003-02-25,13.42,13.54,13.27,13.42,13.42,3159700,0.0,1.0,HON
2003-02-24,14.11,14.11,13.55,13.65,13.65,3221400,0.0,1.0,HON
2003-02-21,14.0,14.15,13.59,14.14,14.14,3634400,0.0,1.0,HON
2003-02-20,13.86,13.94,13.78,13.91,13.91,3806800,0.0,1.0,HON
2003-02-19,14.03,14.03,13.62,13.71,13.71,2194700,0.0,1.0,HON
2003-02-18,14.0,14.0,13.72,13.93,13.93,3256800,0.1875,1.0,HON
2003-02-14,13.19,13.48,12.9,13.43,13.43,3953400,0.0,1.0,HON
2003-02-13,13.22,13.28,12.68,13.01,13.01,3483100,0.0,1.0,HON
2003-02-12,13.46,13.57,13.11,13.22,13.22,2779100,0.0,1.0,HON
2003-02-11,13.75,13.78,13.31,13.46,13.46,3049100,0.0,1.0,HON
2003-02-10,13.74,13.77,13.47,13.68,13.68,3580200,0.0,1.0,HON
2003-02-07,14.04,14.07,13.63,13.77,13.77,2724300,0.0,1.0,HON
2003-02-06,13.83,14.07,13.75,13.89,13.89,2236400,0.0,1.0,HON
2003-02-05,14.14,14.37,13.83,13.92,13.92,3773500,0.0,1.0,HON
2003-02-04,13.89,14.07,13.69,13.92,13.92,2861700,0.0,1.0,HON
2003-02-03,14.17,14.27,13.94,14.03,14.03,3350200,0.0,1.0,HON
2003-01-31,14.1,14.19,13.71,14.15,14.15,6476200,0.0,1.0,HON
2003-01-30,13.62,13.74,13.42,13.6,13.6,3725200,0.0,1.0,HON
2003-01-29,13.34,13.64,13.31,13.59,13.59,3197200,0.0,1.0,HON
2003-01-28,13.34,13.64,13.31,13.59,13.59,3077300,0.0,1.0,HON
2003-01-27,13.46,13.52,12.97,12.97,12.97,4757300,0.0,1.0,HON
2003-01-24,14.18,14.18,13.54,13.64,13.64,2778600,0.0,1.0,HON
2003-01-23,14.05,14.27,13.84,14.27,14.27,2748900,0.0,1.0,HON
2003-01-22,13.92,14.21,13.78,13.84,13.84,2691900,0.0,1.0,HON
2003-01-21,14.61,14.61,13.99,14.05,14.05,2700200,0.0,1.0,HON
2003-01-17,14.44,15.05,14.33,14.5,14.5,3432100,0.0,1.0,HON
2003-01-16,14.75,15.0,14.42,14.56,14.56,3145700,0.0,1.0,HON
2003-01-15,14.89,14.89,14.63,14.63,14.63,2290700,0.0,1.0,HON
2003-01-14,14.91,15.04,14.67,14.83,14.83,2465400,0.0,1.0,HON
2003-01-13,14.99,15.02,14.7,14.7,14.7,2742000,0.0,1.0,HON
2003-01-10,14.73,14.97,14.61,14.84,14.84,3246800,0.0,1.0,HON
2003-01-09,14.5,14.92,14.38,14.85,14.85,3551500,0.0,1.0,HON
2003-01-08,14.56,14.56,14.18,14.18,14.18,3509700,0.0,1.0,HON
2003-01-07,14.81,14.92,14.5,14.56,14.56,3554500,0.0,1.0,HON
2003-01-06,14.44,14.9,14.41,14.81,14.81,3143500,0.0,1.0,HON
2003-01-03,14.47,14.62,14.18,14.33,14.33,2622000,0.0,1.0,HON
2003-01-02,14.56,14.56,13.93,14.46,14.46,5900300,0.0,1.0,HON
2002-12-31,13.0,14.07,12.89,13.89,13.89,6632800,0.0,1.0,HON
2002-12-30,12.99,13.09,12.74,13.01,13.01,3427000,0.0,1.0,HON
2002-12-27,13.23,13.23,12.8,12.85,12.85,2452500,0.0,1.0,HON
2002-12-26,13.27,13.51,13.0,13.12,13.12,2211700,0.0,1.0,HON
2002-12-24,13.14,13.22,12.91,13.09,13.09,1646200,0.0,1.0,HON
2002-12-23,13.33,13.49,13.15,13.2,13.2,4785900,0.0,1.0,HON
2002-12-20,13.89,13.89,13.28,13.62,13.62,6883400,0.0,1.0,HON
2002-12-19,13.38,14.04,13.37,13.84,13.84,5714100,0.0,1.0,HON
2002-12-18,13.89,14.45,13.49,13.72,13.72,4992200,0.0,1.0,HON
2002-12-17,14.13,14.18,13.83,13.92,13.92,2767000,0.0,1.0,HON
2002-12-16,13.86,14.25,13.76,14.13,14.13,3171900,0.0,1.0,HON
2002-12-13,13.89,13.92,13.66,13.72,13.72,3428700,0.0,1.0,HON
2002-12-12,14.56,14.62,14.01,14.15,14.15,5076100,0.0,1.0,HON
2002-12-11,14.02,15.39,13.79,14.36,14.36,5270100,0.0,1.0,HON
2002-12-10,13.86,14.1,13.57,14.02,14.02,4962700,0.0,1.0,HON
2002-12-09,14.01,14.01,13.53,13.54,13.54,4092200,0.0,1.0,HON
2002-12-06,13.75,14.32,13.72,14.11,14.11,3390400,0.0,1.0,HON
2002-12-05,14.7,14.73,14.01,14.08,14.08,3099900,0.0,1.0,HON
2002-12-04,14.5,14.61,14.27,14.47,14.47,3499600,0.0,1.0,HON
2002-12-03,14.82,14.87,14.47,14.67,14.67,3392200,0.0,1.0,HON
2002-12-02,15.57,15.62,14.7,14.95,14.95,5759400,0.0,1.0,HON
2002-11-29,14.76,15.13,14.54,15.06,15.06,4598000,0.0,1.0,HON
2002-11-27,14.1,14.58,13.99,14.15,14.15,3799500,0.0,1.0,HON
2002-11-26,14.01,14.41,13.9,13.92,13.92,3324700,0.0,1.0,HON
2002-11-25,14.07,14.29,13.63,14.18,14.18,2907200,0.0,1.0,HON
2002-11-22,14.29,14.33,13.81,13.99,13.99,4897600,0.0,1.0,HON
2002-11-21,13.74,14.41,13.6,14.29,14.29,6908700,0.0,1.0,HON
2002-11-20,13.23,13.31,13.04,13.26,13.26,3535900,0.0,1.0,HON
2002-11-19,13.14,13.43,13.09,13.31,13.31,3958300,0.0,1.0,HON
2002-11-18,13.55,13.69,13.08,13.15,13.15,4609000,0.1875,1.0,HON
2002-11-15,13.2,13.43,12.98,13.42,13.42,7231400,0.0,1.0,HON
2002-11-14,12.4,13.34,12.34,13.3,13.3,17539100,0.0,1.0,HON
2002-11-13,14.37,14.86,14.27,14.5,14.5,3246900,0.0,1.0,HON
2002-11-12,14.46,14.68,14.3,14.51,14.51,4153900,0.0,1.0,HON
2002-11-11,14.93,14.93,14.2,14.24,14.24,3072400,0.0,1.0,HON
2002-11-08,15.01,15.16,14.76,14.93,14.93,4120600,0.0,1.0,HON
2002-11-07,15.55,15.61,14.76,14.81,14.81,3417800,0.0,1.0,HON
2002-11-06,15.04,15.65,15.04,15.55,15.55,5646800,0.0,1.0,HON
2002-11-05,14.24,14.84,14.15,14.81,14.81,2734700,0.0,1.0,HON
2002-11-04,14.36,14.93,14.24,14.39,14.39,3578900,0.0,1.0,HON
2002-11-01,13.61,14.3,13.58,14.14,14.14,3024700,0.0,1.0,HON
2002-10-31,13.94,14.07,13.7,13.74,13.74,3032400,0.0,1.0,HON
2002-10-30,13.87,13.95,13.67,13.9,13.9,2884400,0.0,1.0,HON
2002-10-29,13.65,13.84,13.35,13.77,13.77,4401500,0.0,1.0,HON
2002-10-28,13.84,13.95,13.52,13.6,13.6,2937600,0.0,1.0,HON
2002-10-25,13.35,13.85,13.29,13.71,13.71,2996700,0.0,1.0,HON
2002-10-24,13.95,14.18,13.39,13.51,13.51,4492700,0.0,1.0,HON
2002-10-23,13.28,13.62,13.2,13.49,13.49,2757100,0.0,1.0,HON
2002-10-22,13.55,13.66,13.22,13.41,13.41,2618100,0.0,1.0,HON
2002-10-21,12.97,13.89,12.95,13.81,13.81,3508700,0.0,1.0,HON
2002-10-18,12.63,13.06,12.54,12.97,12.97,4086000,0.0,1.0,HON
2002-10-17,12.75,12.98,12.48,12.79,12.79,5714900,0.0,1.0,HON
2002-10-16,12.75,12.75,12.17,12.25,12.25,3550900,0.0,1.0,HON
2002-10-15,12.77,12.85,12.52,12.83,12.83,4911000,0.0,1.0,HON
2002-10-14,12.03,12.26,11.83,12.05,12.05,2871200,0.0,1.0,HON
2002-10-11,11.6,12.46,11.57,12.33,12.33,5997500,0.0,1.0,HON
2002-10-10,11.02,11.38,10.78,11.25,11.25,9462000,0.0,1.0,HON
2002-10-09,11.14,11.34,10.94,11.02,11.02,3801800,0.0,1.0,HON
2002-10-08,11.77,11.83,11.02,11.33,11.33,4717500,0.0,1.0,HON
2002-10-07,11.77,12.06,11.31,11.52,11.52,4479100,0.0,1.0,HON
2002-10-04,12.72,12.75,11.44,11.51,11.51,5211000,0.0,1.0,HON
2002-10-03,12.45,12.76,12.25,12.42,12.42,3339700,0.0,1.0,HON
2002-10-02,13.18,13.34,12.49,12.57,12.57,2888000,0.0,1.0,HON
2002-10-01,12.69,13.41,12.54,13.17,13.17,3497300,0.0,1.0,HON
2002-09-30,12.72,12.72,12.25,12.44,12.44,4042600,0.0,1.0,HON
2002-09-27,13.26,13.45,12.77,12.86,12.86,3951100,0.0,1.0,HON
2002-09-26,13.29,13.75,13.23,13.43,13.43,5040800,0.0,1.0,HON
2002-09-25,12.91,13.43,12.66,13.18,13.18,3426600,0.0,1.0,HON
2002-09-24,13.19,13.3,12.49,12.5,12.5,4667500,0.0,1.0,HON
2002-09-23,13.35,13.52,13.14,13.19,13.19,3802900,0.0,1.0,HON
2002-09-20,13.43,13.69,13.4,13.58,13.58,6462000,0.0,1.0,HON
2002-09-19,13.49,13.57,12.98,13.15,13.15,4916400,0.0,1.0,HON
2002-09-18,13.87,14.01,13.53,13.78,13.78,4422900,0.0,1.0,HON
2002-09-17,14.35,14.38,13.89,14.09,14.09,8978000,0.0,1.0,HON
2002-09-16,13.51,14.15,13.51,14.15,14.15,12188500,0.0,1.0,HON
2002-09-13,13.93,14.24,13.49,13.53,13.53,29394400,0.0,1.0,HON
2002-09-12,16.37,16.71,16.16,16.27,16.27,6697400,0.0,1.0,HON
2002-09-11,17.24,17.34,16.36,16.37,16.37,5711200,0.0,1.0,HON
2002-09-10,17.34,17.68,17.2,17.34,17.34,2542300,0.0,1.0,HON
2002-09-09,17.42,17.44,17.17,17.32,17.32,2043900,0.0,1.0,HON
2002-09-06,17.29,17.51,17.17,17.45,17.45,1956200,0.0,1.0,HON
2002-09-05,17.2,17.2,16.92,17.08,17.08,3221100,0.0,1.0,HON
2002-09-04,17.02,17.33,16.88,17.28,17.28,2743200,0.0,1.0,HON
2002-09-03,17.02,17.04,16.65,16.71,16.71,3539900,0.0,1.0,HON
2002-08-30,16.79,17.39,16.68,17.2,17.2,2541900,0.0,1.0,HON
2002-08-29,16.56,17.05,16.47,16.78,16.78,3083900,0.0,1.0,HON
2002-08-28,16.97,17.07,16.52,16.88,16.88,3704000,0.0,1.0,HON
2002-08-27,17.51,17.63,16.76,16.97,16.97,4152600,0.0,1.0,HON
2002-08-26,17.56,17.6,17.08,17.39,17.39,3245700,0.0,1.0,HON
2002-08-23,18.0,18.0,17.29,17.42,17.42,2960900,0.0,1.0,HON
2002-08-22,17.8,18.08,17.6,18.0,18.0,2868700,0.0,1.0,HON
2002-08-21,17.74,17.9,17.37,17.65,17.65,3079800,0.0,1.0,HON
2002-08-20,18.17,18.2,17.59,17.59,17.59,3075600,0.0,1.0,HON
2002-08-19,18.17,18.58,18.04,18.33,18.33,2959000,0.0,1.0,HON
2002-08-16,18.43,18.54,17.97,18.26,18.26,3699000,0.1875,1.0,HON
2002-08-15,17.67,18.38,17.35,18.34,18.34,3838500,0.0,1.0,HON
2002-08-14,17.12,17.7,16.72,17.6,17.6,5310900,0.0,1.0,HON
2002-08-13,18.26,18.32,17.24,17.24,17.24,4458600,0.0,1.0,HON
2002-08-12,18.29,18.81,18.26,18.63,18.63,2777400,0.0,1.0,HON
2002-08-09,19.03,19.04,18.58,18.69,18.69,5302900,0.0,1.0,HON
2002-08-08,18.29,19.33,17.75,19.33,19.33,4053100,0.0,1.0,HON
2002-08-07,17.84,18.26,17.21,18.12,18.12,3173700,0.0,1.0,HON
2002-08-06,16.6,17.69,16.6,17.35,17.35,3146900,0.0,1.0,HON
2002-08-05,17.42,17.74,16.32,16.49,16.49,3091400,0.0,1.0,HON
2002-08-02,18.01,18.12,17.18,17.32,17.32,2741700,0.0,1.0,HON
2002-08-01,18.47,18.74,17.96,17.98,17.98,2138200,0.0,1.0,HON
2002-07-31,18.78,18.78,17.85,18.47,18.47,2985500,0.0,1.0,HON
2002-07-30,18.76,19.11,18.35,18.85,18.85,2991700,0.0,1.0,HON
2002-07-29,17.95,19.06,17.95,18.9,18.9,3372900,0.0,1.0,HON
2002-07-26,17.55,17.81,17.04,17.49,17.49,3485800,0.0,1.0,HON
2002-07-25,17.15,17.95,17.12,17.55,17.55,5161200,0.0,1.0,HON
2002-07-24,15.72,17.63,15.72,17.55,17.55,5142100,0.0,1.0,HON
2002-07-23,17.07,17.27,16.27,16.27,16.27,3946200,0.0,1.0,HON
2002-07-22,17.1,17.69,16.31,16.87,16.87,4696800,0.0,1.0,HON
2002-07-19,18.12,18.15,17.19,17.24,17.24,3846500,0.0,1.0,HON
2002-07-18,18.04,18.66,17.93,18.28,18.28,3013200,0.0,1.0,HON
2002-07-17,18.98,19.09,17.41,17.75,17.75,7134600,0.0,1.0,HON
2002-07-16,18.41,18.72,18.13,18.26,18.26,3707400,0.0,1.0,HON
2002-07-15,18.59,18.69,17.91,18.41,18.41,4241600,0.0,1.0,HON
2002-07-12,19.01,19.35,18.38,18.59,18.59,2957900,0.0,1.0,HON
2002-07-11,19.09,19.18,18.26,18.91,18.91,3934900,0.0,1.0,HON
2002-07-10,20.11,20.12,18.98,19.14,19.14,3115700,0.0,1.0,HON
2002-07-09,20.63,20.79,19.73,19.89,19.89,2644300,0.0,1.0,HON
2002-07-08,20.69,20.99,20.27,20.52,20.52,2520700,0.0,1.0,HON
2002-07-05,19.59,20.83,19.54,20.83,20.83,1805400,0.0,1.0,HON
2002-07-03,19.15,19.51,19.06,19.51,19.51,3059500,0.0,1.0,HON
2002-07-02,19.59,19.86,19.04,19.15,19.15,3139100,0.0,1.0,HON
2002-07-01,20.11,20.22,19.55,19.59,19.59,2508500,0.0,1.0,HON
2002-06-28,20.26,20.4,20.06,20.11,20.11,3732900,0.0,1.0,HON
2002-06-27,20.29,20.66,19.93,20.15,20.15,2706000,0.0,1.0,HON
2002-06-26,19.41,20.15,19.39,20.01,20.01,3067700,0.0,1.0,HON
2002-06-25,20.69,20.95,19.89,19.98,19.98,2944600,0.0,1.0,HON
2002-06-24,20.23,20.83,19.86,20.27,20.27,2167400,0.0,1.0,HON
2002-06-21,20.23,20.66,20.09,20.23,20.23,3362900,0.0,1.0,HON
2002-06-20,20.6,21.03,20.44,20.58,20.58,2928300,0.0,1.0,HON
2002-06-19,21.13,21.43,20.6,20.76,20.76,2723300,0.0,1.0,HON
2002-06-18,21.11,21.43,20.94,21.26,21.26,1553600,0.0,1.0,HON
2002-06-17,20.63,21.12,20.56,21.11,21.11,2340600,0.0,1.0,HON
2002-06-14,20.59,20.59,19.97,20.32,20.32,2654600,0.0,1.0,HON
2002-06-13,20.72,21.11,20.54,20.59,20.59,1744300,0.0,1.0,HON
2002-06-12,20.78,21.07,20.32,21.03,21.03,2790600,0.0,1.0,HON
2002-06-11,21.29,21.64,20.73,20.78,20.78,3445900,0.0,1.0,HON
2002-06-10,20.95,21.29,20.75,20.98,20.98,2846900,0.0,1.0,HON
2002-06-07,20.26,21.22,20.06,20.95,20.95,2827700,0.0,1.0,HON
2002-06-06,21.18,21.18,20.55,20.66,20.66,2127400,0.0,1.0,HON
2002-06-05,20.83,21.3,20.8,21.12,21.12,3410800,0.0,1.0,HON
2002-06-04,21.6,21.75,20.6,20.74,20.74,4076400,0.0,1.0,HON
2002-06-03,22.37,22.37,21.43,21.43,21.43,3043700,0.0,1.0,HON
2002-05-31,21.72,22.37,21.66,22.37,22.37,8287600,0.0,1.0,HON
2002-05-30,21.23,21.6,20.92,21.6,21.6,3120200,0.0,1.0,HON
2002-05-29,21.55,21.6,21.06,21.35,21.35,3590900,0.0,1.0,HON
2002-05-28,21.69,21.75,21.37,21.49,21.49,2005100,0.0,1.0,HON
2002-05-24,22.26,22.26,21.35,21.62,21.62,2631500,0.0,1.0,HON
2002-05-23,21.83,22.26,21.52,22.26,22.26,1609500,0.0,1.0,HON
2002-05-22,21.65,21.92,21.52,21.87,21.87,1110400,0.0,1.0,HON
2002-05-21,22.35,22.48,21.57,21.8,21.8,1746800,0.0,1.0,HON
2002-05-20,22.35,22.45,22.13,22.2,22.2,2081700,0.0,1.0,HON
2002-05-17,22.3,22.53,22.19,22.53,22.53,2229600,0.0,1.0,HON
2002-05-16,22.4,22.53,22.26,22.38,22.38,1702300,0.1875,1.0,HON
2002-05-15,22.44,22.44,22.1,22.3,22.3,2414900,0.0,1.0,HON
2002-05-14,22.41,22.44,22.03,22.35,22.35,2326400,0.0,1.0,HON
2002-05-13,21.44,21.94,21.44,21.77,21.77,1072500,0.0,1.0,HON
2002-05-10,21.76,21.76,21.34,21.5,21.5,1711700,0.0,1.0,HON
2002-05-09,21.56,21.93,21.41,21.63,21.63,1520900,0.0,1.0,HON
2002-05-08,21.76,22.1,21.59,21.94,21.94,2699300,0.0,1.0,HON
2002-05-07,20.79,22.04,20.55,21.47,21.47,4438900,0.0,1.0,HON
2002-05-06,20.9,21.07,20.37,20.45,20.45,2412100,0.0,1.0,HON
2002-05-03,21.07,21.07,20.48,20.75,20.75,2689800,0.0,1.0,HON
2002-05-02,21.02,21.1,20.63,21.07,21.07,2726100,0.0,1.0,HON
2002-05-01,21.02,21.09,20.16,20.9,20.9,2683900,0.0,1.0,HON
2002-04-30,20.53,21.13,20.42,20.84,20.84,3243800,0.0,1.0,HON
2002-04-29,21.1,21.47,20.31,20.47,20.47,2734100,0.0,1.0,HON
2002-04-26,21.59,21.7,20.97,20.97,20.97,3142400,0.0,1.0,HON
2002-04-25,21.24,21.59,20.46,21.45,21.45,3261700,0.0,1.0,HON
2002-04-24,21.33,21.52,21.16,21.18,21.18,2012600,0.0,1.0,HON
2002-04-23,21.02,21.7,20.85,21.33,21.33,2156900,0.0,1.0,HON
2002-04-22,21.45,21.64,21.03,21.22,21.22,2722200,0.0,1.0,HON
2002-04-19,21.64,21.65,21.16,21.51,21.51,5358700,0.0,1.0,HON
2002-04-18,22.35,22.72,21.42,21.76,21.76,8555300,0.0,1.0,HON
2002-04-17,23.04,23.06,22.61,22.98,22.98,3124300,0.0,1.0,HON
2002-04-16,22.87,23.26,22.86,23.15,23.15,2222700,0.0,1.0,HON
2002-04-15,23.06,23.2,22.57,22.72,22.72,3595800,0.0,1.0,HON
2002-04-12,22.72,23.2,22.59,23.05,23.05,3009400,0.0,1.0,HON
2002-04-11,22.7,23.01,22.43,22.69,22.69,4056200,0.0,1.0,HON
2002-04-10,21.61,22.73,21.57,22.69,22.69,3693800,0.0,1.0,HON
2002-04-09,21.7,21.8,21.36,21.38,21.38,2224400,0.0,1.0,HON
2002-04-08,21.57,21.64,21.17,21.53,21.53,2122700,0.0,1.0,HON
2002-04-05,21.59,21.7,21.14,21.57,21.57,3258800,0.0,1.0,HON
2002-04-04,21.59,21.64,21.44,21.59,21.59,3124700,0.0,1.0,HON
2002-04-03,22.01,22.13,21.35,21.49,21.49,4781800,0.0,1.0,HON
2002-04-02,21.9,22.07,21.46,21.81,21.81,2026600,0.0,1.0,HON
2002-04-01,22.03,22.03,21.39,21.88,21.88,2153700,0.0,1.0,HON
2002-03-28,21.87,22.02,21.74,21.74,21.74,1709800,0.0,1.0,HON
2002-03-27,21.9,21.9,21.61,21.76,21.76,2326800,0.0,1.0,HON
2002-03-26,21.31,21.87,21.31,21.69,21.69,2184600,0.0,1.0,HON
2002-03-25,21.81,22.04,21.22,21.39,21.39,2380000,0.0,1.0,HON
2002-03-22,22.15,22.15,21.73,21.98,21.98,3941200,0.0,1.0,HON
2002-03-21,22.38,22.38,21.89,22.15,22.15,2372200,0.0,1.0,HON
2002-03-20,22.72,22.89,22.04,22.35,22.35,2983500,0.0,1.0,HON
2002-03-19,22.81,22.97,22.62,22.72,22.72,3204600,0.0,1.0,HON
2002-03-18,22.66,22.89,22.58,22.76,22.76,2000500,0.0,1.0,HON
2002-03-15,22.93,23.06,22.55,22.72,22.72,4604900,0.0,1.0,HON
2002-03-14,22.99,22.99,22.59,22.93,22.93,2517000,0.0,1.0,HON
2002-03-13,22.82,23.14,22.38,22.63,22.63,2108200,0.0,1.0,HON
2002-03-12,23.01,23.01,22.48,22.82,22.82,2534400,0.0,1.0,HON
2002-03-11,22.64,23.05,22.32,22.78,22.78,2233800,0.0,1.0,HON
2002-03-08,22.72,22.96,22.38,22.64,22.64,3206900,0.0,1.0,HON
2002-03-07,22.66,22.69,22.38,22.59,22.59,6577800,0.0,1.0,HON
2002-03-06,21.81,22.52,21.64,22.15,22.15,5709300,0.0,1.0,HON
2002-03-05,22.15,22.49,21.7,21.76,21.76,5169200,0.0,1.0,HON
2002-03-04,22.47,23.22,21.95,22.44,22.44,6322700,0.0,1.0,HON
2002-03-01,21.9,22.6,21.33,22.6,22.6,5646400,0.0,1.0,HON
2002-02-28,21.27,21.87,21.25,21.65,21.65,7568300,0.0,1.0,HON
2002-02-27,20.85,21.77,20.78,21.1,21.1,6144900,0.0,1.0,HON
2002-02-26,20.93,20.99,20.31,20.51,20.51,4256900,0.0,1.0,HON
2002-02-25,20.14,20.73,20.11,20.71,20.71,5533100,0.0,1.0,HON
2002-02-22,19.46,20.02,19.13,19.93,19.93,5477700,0.0,1.0,HON
2002-02-21,19.46,19.74,18.75,19.34,19.34,5382300,0.0,1.0,HON
2002-02-20,19.63,19.63,18.8,19.6,19.6,5992700,0.0,1.0,HON
2002-02-19,19.17,19.51,18.4,18.55,18.55,5102300,0.0,1.0,HON
2002-02-15,19.57,19.57,19.09,19.11,19.11,3474600,0.1875,1.0,HON
2002-02-14,18.81,19.23,18.73,19.21,19.21,3451900,0.0,1.0,HON
2002-02-13,18.64,18.9,18.43,18.81,18.81,3538000,0.0,1.0,HON
2002-02-12,18.22,18.6,18.18,18.6,18.6,3976700,0.0,1.0,HON
2002-02-11,18.27,18.56,17.82,18.49,18.49,5599000,0.0,1.0,HON
2002-02-08,19.21,19.4,17.03,18.48,18.48,10892300,0.0,1.0,HON
2002-02-07,18.64,19.46,18.62,19.16,19.16,4068800,0.0,1.0,HON
2002-02-06,18.73,19.07,18.53,18.61,18.61,3485600,0.0,1.0,HON
2002-02-05,18.19,19.21,18.14,18.51,18.51,3883600,0.0,1.0,HON
2002-02-04,19.21,19.21,18.12,18.12,18.12,3589300,0.0,1.0,HON
2002-02-01,19.6,19.6,18.87,19.03,19.03,3678400,0.0,1.0,HON
2002-01-31,18.61,19.18,18.3,18.99,18.99,4720600,0.0,1.0,HON
2002-01-30,17.57,18.62,17.49,18.62,18.62,7625600,0.0,1.0,HON
2002-01-29,18.08,18.58,17.29,17.46,17.46,4248400,0.0,1.0,HON
2002-01-28,18.83,18.83,17.81,18.1,18.1,3213900,0.0,1.0,HON
2002-01-25,17.99,18.59,17.74,18.47,18.47,4301500,0.0,1.0,HON
2002-01-24,16.95,17.86,16.84,17.85,17.85,7100100,0.0,1.0,HON
2002-01-23,16.76,16.76,16.31,16.66,16.66,3366200,0.0,1.0,HON
2002-01-22,16.75,16.89,16.42,16.66,16.66,3725500,0.0,1.0,HON
2002-01-18,16.38,16.66,16.25,16.58,16.58,4523500,0.0,1.0,HON
2002-01-17,16.83,16.86,16.13,16.44,16.44,6984900,0.0,1.0,HON
2002-01-16,17.4,17.4,16.45,16.49,16.49,10091400,0.0,1.0,HON
2002-01-15,18.13,18.25,17.37,17.37,17.37,7047700,0.0,1.0,HON
2002-01-14,18.5,18.64,17.81,17.91,17.91,9630400,0.0,1.0,HON
2002-01-11,19.01,19.31,18.7,18.78,18.78,3581300,0.0,1.0,HON
2002-01-10,19.32,19.69,19.07,19.1,19.1,3503100,0.0,1.0,HON
2002-01-09,19.32,19.96,19.32,19.46,19.46,4895800,0.0,1.0,HON
2002-01-08,19.46,19.54,19.04,19.21,19.21,2609600,0.0,1.0,HON
2002-01-07,19.54,19.74,19.08,19.6,19.6,2331200,0.0,1.0,HON
2002-01-04,19.77,19.77,19.24,19.54,19.54,2732000,0.0,1.0,HON
2002-01-03,19.4,19.4,18.9,19.24,19.24,3085300,0.0,1.0,HON
2002-01-02,19.18,19.18,18.62,18.87,18.87,2834300,0.0,1.0,HON
2001-12-31,19.12,19.18,18.99,19.1,19.1,2434600,0.0,1.0,HON
2001-12-28,18.75,19.12,18.66,19.09,19.09,1729900,0.0,1.0,HON
2001-12-27,18.61,18.84,18.53,18.65,18.65,2678100,0.0,1.0,HON
2001-12-26,18.78,18.92,18.42,18.42,18.42,2124200,0.0,1.0,HON
2001-12-24,18.25,18.77,18.25,18.7,18.7,1104900,0.0,1.0,HON
2001-12-21,18.78,18.88,18.42,18.47,18.47,5956500,0.0,1.0,HON
2001-12-20,18.39,18.47,17.95,18.32,18.32,2930200,0.0,1.0,HON
2001-12-19,18.12,18.53,17.85,18.53,18.53,2882300,0.0,1.0,HON
2001-12-18,17.99,18.33,17.82,18.23,18.23,3385000,0.0,1.0,HON
2001-12-17,17.65,18.07,17.65,17.8,17.8,2377800,0.0,1.0,HON
2001-12-14,18.08,18.29,17.71,17.9,17.9,3757000,0.0,1.0,HON
2001-12-13,18.64,18.81,18.23,18.47,18.47,2713400,0.0,1.0,HON
2001-12-12,18.95,19.04,18.51,19.04,19.04,2617400,0.0,1.0,HON
2001-12-11,19.07,19.31,18.98,19.18,19.18,3499800,0.0,1.0,HON
2001-12-10,19.21,19.4,18.92,19.07,19.07,1986300,0.0,1.0,HON
2001-12-07,19.71,19.71,19.03,19.3,19.3,2352700,0.0,1.0,HON
2001-12-06,19.42,19.42,18.98,19.26,19.26,2073000,0.0,1.0,HON
2001-12-05,18.85,19.57,18.85,19.49,19.49,4048100,0.0,1.0,HON
2001-12-04,18.64,18.85,18.27,18.85,18.85,2245400,0.0,1.0,HON
2001-12-03,18.76,18.76,18.22,18.64,18.64,2199400,0.0,1.0,HON
2001-11-30,18.53,18.78,18.39,18.72,18.72,1901500,0.0,1.0,HON
2001-11-29,18.47,18.81,18.31,18.67,18.67,1885500,0.0,1.0,HON
2001-11-28,18.72,18.72,18.25,18.59,18.59,5536500,0.0,1.0,HON
2001-11-27,18.75,19.12,18.42,18.66,18.66,3211400,0.0,1.0,HON
2001-11-26,18.43,18.87,18.41,18.87,18.87,3354000,0.0,1.0,HON
2001-11-23,18.5,18.5,17.99,18.43,18.43,1071400,0.0,1.0,HON
2001-11-21,18.08,18.08,17.81,17.99,17.99,2771400,0.0,1.0,HON
2001-11-20,18.02,18.36,17.79,18.08,18.08,3459700,0.0,1.0,HON
2001-11-19,17.74,18.08,17.65,18.01,18.01,2918800,0.0,1.0,HON
2001-11-16,17.74,17.74,17.29,17.6,17.6,2751300,0.1875,1.0,HON
2001-11-15,17.58,17.58,17.18,17.33,17.33,3788100,0.0,1.0,HON
2001-11-14,17.97,18.01,17.13,17.52,17.52,4654500,0.0,1.0,HON
2001-11-13,17.58,17.95,17.38,17.8,17.8,2745000,0.0,1.0,HON
2001-11-12,17.69,17.77,16.81,17.14,17.14,3583500,0.0,1.0,HON
2001-11-09,17.83,17.83,17.44,17.82,17.82,1222500,0.0,1.0,HON
2001-11-08,17.52,17.88,17.44,17.83,17.83,4392000,0.0,1.0,HON
2001-11-07,17.86,17.86,17.1,17.47,17.47,2951000,0.0,1.0,HON
2001-11-06,17.82,17.96,17.47,17.96,17.96,2566500,0.0,1.0,HON
2001-11-05,17.52,17.96,17.49,17.96,17.96,3707000,0.0,1.0,HON
2001-11-02,17.01,17.49,16.85,17.49,17.49,2743900,0.0,1.0,HON
2001-11-01,16.71,17.15,16.3,17.1,17.1,2656900,0.0,1.0,HON
2001-10-31,16.26,16.85,16.17,16.59,16.59,3823500,0.0,1.0,HON
2001-10-30,16.81,16.81,16.0,16.12,16.12,2801700,0.0,1.0,HON
2001-10-29,17.21,17.26,16.28,16.79,16.79,4272500,0.0,1.0,HON
2001-10-26,16.12,17.41,16.06,16.85,16.85,4549300,0.0,1.0,HON
2001-10-25,15.67,16.44,15.6,16.28,16.28,3529600,0.0,1.0,HON
2001-10-24,16.28,16.28,15.72,15.89,15.89,6015800,0.0,1.0,HON
2001-10-23,15.71,15.72,15.02,15.5,15.5,4226900,0.0,1.0,HON
2001-10-22,15.32,15.88,15.2,15.69,15.69,2340700,0.0,1.0,HON
2001-10-19,15.72,15.72,15.17,15.33,15.33,3072900,0.0,1.0,HON
2001-10-18,15.67,15.67,15.33,15.51,15.51,1423800,0.0,1.0,HON
2001-10-17,15.92,16.04,15.53,15.55,15.55,3215100,0.0,1.0,HON
2001-10-16,16.03,16.27,15.74,15.92,15.92,3013400,0.0,1.0,HON
2001-10-15,16.41,16.51,15.58,15.89,15.89,2789400,0.0,1.0,HON
2001-10-12,16.23,16.54,16.0,16.36,16.36,2756300,0.0,1.0,HON
2001-10-11,16.17,16.55,15.92,16.48,16.48,4569100,0.0,1.0,HON
2001-10-10,15.75,16.34,15.64,16.17,16.17,3242000,0.0,1.0,HON
2001-10-09,16.09,16.09,15.49,15.97,15.97,3058400,0.0,1.0,HON
2001-10-08,16.23,16.23,15.3,16.02,16.02,3089100,0.0,1.0,HON
2001-10-05,15.8,15.8,14.96,15.62,15.62,3015000,0.0,1.0,HON
2001-10-04,15.69,15.69,15.1,15.28,15.28,4274200,0.0,1.0,HON
2001-10-03,15.55,15.55,14.32,15.13,15.13,4945600,0.0,1.0,HON
2001-10-02,14.66,14.74,14.22,14.4,14.4,5006200,0.0,1.0,HON
2001-10-01,15.13,15.13,14.46,14.66,14.66,4017300,0.0,1.0,HON
2001-09-28,14.37,15.06,14.37,14.82,14.82,7778800,0.0,1.0,HON
2001-09-27,14.67,14.81,13.93,14.07,14.07,4948200,0.0,1.0,HON
2001-09-26,15.72,15.72,14.35,14.6,14.6,5677900,0.0,1.0,HON
2001-09-25,15.63,15.86,14.68,15.86,15.86,7447000,0.0,1.0,HON
2001-09-24,14.37,15.78,14.21,15.63,15.63,9121200,0.0,1.0,HON
2001-09-21,14.01,14.01,12.44,13.93,13.93,15099400,0.0,1.0,HON
2001-09-20,14.6,14.6,13.17,13.25,13.25,10514700,0.0,1.0,HON
2001-09-19,15.9,15.9,14.32,14.93,14.93,10642700,0.0,1.0,HON
2001-09-18,15.78,16.56,15.55,16.01,16.01,11387700,0.0,1.0,HON
2001-09-17,17.57,18.14,16.05,16.56,16.56,17930600,0.0,1.0,HON
2001-09-10,20.08,20.28,19.95,20.05,20.05,5206600,0.0,1.0,HON
2001-09-07,20.72,20.79,20.06,20.07,20.07,3512200,0.0,1.0,HON
2001-09-06,20.8,21.03,20.62,20.72,20.72,2720800,0.0,1.0,HON
2001-09-05,20.76,21.17,20.5,21.0,21.0,1771700,0.0,1.0,HON
2001-09-04,20.92,21.48,20.71,20.75,20.75,3092900,0.0,1.0,HON
2001-08-31,20.97,21.17,20.74,20.92,20.92,2269200,0.0,1.0,HON
2001-08-30,20.78,20.97,20.41,20.71,20.71,3408600,0.0,1.0,HON
2001-08-29,21.34,21.37,20.78,20.78,20.78,3102800,0.0,1.0,HON
2001-08-28,21.9,21.9,20.92,21.06,21.06,2272600,0.0,1.0,HON
2001-08-27,21.73,21.92,21.64,21.87,21.87,1995200,0.0,1.0,HON
2001-08-24,21.6,21.94,21.48,21.87,21.87,3594700,0.0,1.0,HON
2001-08-23,21.37,21.37,21.11,21.29,21.29,1551900,0.0,1.0,HON
2001-08-22,21.06,21.25,20.83,21.06,21.06,3336500,0.0,1.0,HON
2001-08-21,21.39,21.61,20.79,20.92,20.92,3757400,0.0,1.0,HON
2001-08-20,20.89,21.39,20.79,21.39,21.39,3674500,0.0,1.0,HON
2001-08-17,21.06,21.19,20.64,20.75,20.75,3957600,0.0,1.0,HON
2001-08-16,20.86,21.17,20.67,21.06,21.06,3186400,0.1875,1.0,HON
2001-08-15,20.68,20.9,20.62,20.85,20.85,4576500,0.0,1.0,HON
2001-08-14,20.36,20.53,20.23,20.49,20.49,2279800,0.0,1.0,HON
2001-08-13,20.42,20.42,20.04,20.22,20.22,1669300,0.0,1.0,HON
2001-08-10,20.15,20.39,19.75,20.39,20.39,2069600,0.0,1.0,HON
2001-08-09,20.36,20.38,20.0,20.16,20.16,2110700,0.0,1.0,HON
2001-08-08,20.52,20.53,20.04,20.28,20.28,2398400,0.0,1.0,HON
2001-08-07,20.62,20.62,20.42,20.42,20.42,3549400,0.0,1.0,HON
2001-08-06,20.66,20.72,20.35,20.4,20.4,2429200,0.0,1.0,HON
2001-08-03,20.67,20.7,20.42,20.56,20.56,2279400,0.0,1.0,HON
2001-08-02,20.67,20.77,20.32,20.59,20.59,3700800,0.0,1.0,HON
2001-08-01,20.76,20.98,20.51,20.52,20.52,3964000,0.0,1.0,HON
2001-07-31,21.06,21.06,20.54,20.6,20.6,3328700,0.0,1.0,HON
2001-07-30,20.94,21.06,20.63,20.78,20.78,2506000,0.0,1.0,HON
2001-07-27,20.67,20.92,20.45,20.88,20.88,3685600,0.0,1.0,HON
2001-07-26,20.67,20.78,20.51,20.67,20.67,5851000,0.0,1.0,HON
2001-07-25,20.25,20.83,20.13,20.56,20.56,3745500,0.0,1.0,HON
2001-07-24,20.53,20.73,20.1,20.23,20.23,7353500,0.0,1.0,HON
2001-07-23,20.59,20.72,20.19,20.21,20.21,5877800,0.0,1.0,HON
2001-07-20,20.34,20.67,20.34,20.62,20.62,6735000,0.0,1.0,HON
2001-07-19,20.45,20.67,20.2,20.43,20.43,3894700,0.0,1.0,HON
2001-07-18,19.97,20.62,19.89,20.39,20.39,6238000,0.0,1.0,HON
2001-07-17,20.11,20.14,19.56,20.06,20.06,5631600,0.0,1.0,HON
2001-07-16,20.39,20.44,20.09,20.16,20.16,3751900,0.0,1.0,HON
2001-07-13,20.34,20.39,20.1,20.39,20.39,4574900,0.0,1.0,HON
2001-07-12,19.83,20.39,19.83,20.18,20.18,6128900,0.0,1.0,HON
2001-07-11,19.33,20.11,19.24,19.83,19.83,8740800,0.0,1.0,HON
2001-07-10,19.55,19.58,19.18,19.22,19.22,10480900,0.0,1.0,HON
2001-07-09,19.56,19.64,19.25,19.38,19.38,8432600,0.0,1.0,HON
2001-07-06,20.28,20.28,19.51,19.66,19.66,14841000,0.0,1.0,HON
2001-07-05,19.56,20.47,19.47,20.39,20.39,17349100,0.1875,1.0,HON
2001-07-03,19.68,19.87,19.34,19.51,19.51,16615600,0.0,1.0,HON
2001-07-02,19.12,19.32,18.83,18.96,18.96,16703200,0.0,1.0,HON
2001-06-29,21.29,21.29,18.34,19.4,19.4,51839500,0.0,1.0,HON
2001-06-28,22.1,22.57,20.84,21.23,21.23,22863000,0.0,1.0,HON
2001-06-27,20.13,21.18,19.59,20.57,20.57,16861200,0.0,1.0,HON
2001-06-26,19.4,20.79,19.15,20.12,20.12,17151800,0.0,1.0,HON
2001-06-25,20.29,20.96,19.49,19.79,19.79,19479300,0.0,1.0,HON
2001-06-22,20.65,20.65,20.11,20.34,20.34,9981200,0.0,1.0,HON
2001-06-21,20.79,20.79,20.21,20.43,20.43,14038100,0.0,1.0,HON
2001-06-20,20.6,21.04,20.43,20.59,20.59,16827000,0.0,1.0,HON
2001-06-19,21.57,21.79,20.4,21.4,21.4,19481200,0.0,1.0,HON
2001-06-18,21.29,22.29,21.11,22.23,22.23,18436400,0.0,1.0,HON
2001-06-15,20.73,21.57,19.73,21.51,21.51,28101200,0.0,1.0,HON
2001-06-14,20.57,22.92,20.01,20.62,20.62,86215600,0.0,1.0,HON
2001-06-13,25.01,25.57,23.1,23.49,23.49,27013700,0.0,1.0,HON
2001-06-12,23.9,24.46,23.1,24.16,24.16,26877200,0.0,1.0,HON
2001-06-11,25.99,26.56,25.04,25.15,25.15,11365200,0.0,1.0,HON
2001-06-08,26.74,26.74,25.13,25.85,25.85,10354500,0.0,1.0,HON
2001-06-07,26.99,27.28,26.74,27.1,27.1,2769900,0.0,1.0,HON
2001-06-06,27.07,27.33,26.85,27.15,27.15,5788600,0.0,1.0,HON
2001-06-05,26.96,27.21,26.68,27.15,27.15,3807000,0.0,1.0,HON
2001-06-04,27.03,27.24,26.82,27.09,27.09,3787000,0.0,1.0,HON
2001-06-01,26.85,27.07,26.35,26.89,26.89,2754100,0.0,1.0,HON
2001-05-31,27.18,27.25,26.85,26.9,26.9,3466400,0.0,1.0,HON
2001-05-30,27.46,27.64,26.99,27.03,27.03,2842700,0.0,1.0,HON
2001-05-29,27.99,28.13,27.4,27.54,27.54,6423900,0.0,1.0,HON
2001-05-25,28.35,28.48,27.68,27.9,27.9,2701100,0.0,1.0,HON
2001-05-24,28.69,28.99,28.29,28.63,28.63,2892400,0.0,1.0,HON
2001-05-23,29.24,29.42,28.46,28.69,28.69,3502600,0.0,1.0,HON
2001-05-22,29.6,29.76,29.02,29.43,29.43,2589700,0.0,1.0,HON
2001-05-21,29.41,29.96,29.27,29.74,29.74,2864700,0.0,1.0,HON
2001-05-18,29.32,29.79,29.02,29.6,29.6,4623300,0.0,1.0,HON
2001-05-17,28.74,29.36,28.72,29.18,29.18,3831500,0.0,1.0,HON
2001-05-16,27.53,29.01,27.52,28.96,28.96,6350300,0.0,1.0,HON
2001-05-15,27.63,28.02,27.48,27.97,27.97,4389600,0.0,1.0,HON
2001-05-14,27.24,27.79,27.13,27.74,27.74,2039400,0.0,1.0,HON
2001-05-11,27.68,27.68,26.96,27.52,27.52,2298800,0.0,1.0,HON
2001-05-10,27.79,27.82,27.35,27.65,27.65,1907200,0.0,1.0,HON
2001-05-09,27.02,27.89,26.92,27.52,27.52,5716700,0.0,1.0,HON
2001-05-08,27.18,27.6,26.89,27.38,27.38,3379900,0.0,1.0,HON
2001-05-07,27.57,27.81,27.4,27.74,27.74,3928500,0.0,1.0,HON
2001-05-04,26.4,27.79,26.28,27.69,27.69,3480300,0.0,1.0,HON
2001-05-03,27.32,27.6,26.74,26.9,26.9,8417700,0.0,1.0,HON
2001-05-02,27.18,27.52,26.74,27.27,27.27,3501800,0.0,1.0,HON
2001-05-01,26.68,27.23,26.54,27.21,27.21,2534100,0.0,1.0,HON
2001-04-30,27.52,27.77,26.63,27.17,27.17,2382800,0.0,1.0,HON
2001-04-27,27.4,27.77,26.97,27.77,27.77,3015100,0.0,1.0,HON
2001-04-26,26.93,27.39,26.75,27.34,27.34,3047300,0.0,1.0,HON
2001-04-25,25.63,26.79,25.55,26.41,26.41,3456700,0.0,1.0,HON
2001-04-24,25.73,26.11,25.13,25.23,25.23,2233600,0.0,1.0,HON
2001-04-23,26.19,26.19,25.29,25.81,25.81,2498400,0.0,1.0,HON
2001-04-20,26.01,26.65,25.9,26.25,26.25,5449700,0.0,1.0,HON
2001-04-19,25.71,26.51,25.71,26.46,26.46,3001800,0.0,1.0,HON
2001-04-18,25.04,26.4,24.82,26.13,26.13,7200700,0.0,1.0,HON
2001-04-17,23.51,24.74,23.51,24.65,24.65,4388000,0.0,1.0,HON
2001-04-16,23.76,24.04,23.46,24.04,24.04,4309400,0.0,1.0,HON
2001-04-12,23.26,24.15,23.12,24.15,24.15,4434600,0.0,1.0,HON
2001-04-11,23.9,24.04,22.85,23.12,23.12,5027200,0.0,1.0,HON
2001-04-10,22.48,24.11,22.46,23.54,23.54,8495500,0.0,1.0,HON
2001-04-09,22.01,22.62,21.51,22.01,22.01,5320900,0.0,1.0,HON
2001-04-06,22.15,22.35,21.48,21.96,21.96,9734200,0.0,1.0,HON
2001-04-05,21.87,22.63,21.85,22.6,22.6,7598400,0.0,1.0,HON
2001-04-04,21.12,22.18,20.82,21.23,21.23,5350400,0.0,1.0,HON
2001-04-03,22.26,22.39,21.04,21.26,21.26,4686200,0.0,1.0,HON
2001-04-02,22.48,23.21,22.01,22.5,22.5,3107700,0.0,1.0,HON
2001-03-30,22.62,22.87,22.23,22.68,22.68,5006100,0.0,1.0,HON
2001-03-29,22.43,22.57,22.04,22.48,22.48,2124500,0.0,1.0,HON
2001-03-28,22.4,22.62,22.16,22.57,22.57,5104300,0.0,1.0,HON
2001-03-27,21.96,23.07,21.91,23.01,23.01,4301100,0.0,1.0,HON
2001-03-26,22.01,22.58,16.95,21.85,21.85,5637700,0.0,1.0,HON
2001-03-23,20.43,21.42,20.27,21.1,21.1,7004600,0.0,1.0,HON
2001-03-22,20.57,20.71,19.37,19.97,19.97,11262700,0.0,1.0,HON
2001-03-21,21.73,22.15,20.98,21.0,21.0,4239500,0.0,1.0,HON
2001-03-20,22.6,23.04,21.73,21.93,21.93,4264300,0.0,1.0,HON
2001-03-19,22.1,22.76,21.86,22.54,22.54,4994800,0.0,1.0,HON
2001-03-16,22.27,22.79,21.96,21.96,21.96,9680600,0.0,1.0,HON
2001-03-15,22.76,22.87,22.39,22.52,22.52,5012300,0.0,1.0,HON
2001-03-14,22.51,23.33,22.23,22.6,22.6,7580900,0.0,1.0,HON
2001-03-13,23.07,23.57,22.65,23.47,23.47,7347500,0.0,1.0,HON
2001-03-12,24.35,24.35,21.46,22.46,22.46,8869700,0.0,1.0,HON
2001-03-09,25.3,25.4,24.22,24.45,24.45,5366100,0.0,1.0,HON
2001-03-08,25.88,26.04,25.3,25.75,25.75,4486200,0.0,1.0,HON
2001-03-07,25.79,26.03,25.62,25.84,25.84,2735500,0.0,1.0,HON
2001-03-06,25.85,26.2,25.6,25.71,25.71,4173600,0.0,1.0,HON
2001-03-05,24.88,25.43,24.85,25.38,25.38,3841400,0.0,1.0,HON
2001-03-02,25.4,25.46,24.76,24.9,24.9,3793600,0.0,1.0,HON
2001-03-01,25.43,25.63,25.01,25.6,25.6,5193300,0.0,1.0,HON
2001-02-28,26.73,26.81,25.43,25.98,25.98,9645800,0.0,1.0,HON
2001-02-27,25.85,26.76,25.85,26.76,26.76,9503200,0.0,1.0,HON
2001-02-26,26.35,27.15,26.14,27.06,27.06,6717800,0.0,1.0,HON
2001-02-23,26.46,26.68,25.54,26.13,26.13,5185000,0.0,1.0,HON
2001-02-22,27.18,27.18,26.18,26.79,26.79,6143500,0.0,1.0,HON
2001-02-21,27.52,27.76,26.97,27.05,27.05,3513500,0.0,1.0,HON
2001-02-20,26.8,27.7,26.8,27.35,27.35,2969500,0.0,1.0,HON
2001-02-16,26.64,27.13,26.51,26.8,26.8,2824000,0.0,1.0,HON
2001-02-15,26.43,27.51,26.4,26.96,26.96,4518300,0.1875,1.0,HON
2001-02-14,26.91,26.96,26.36,26.4,26.4,2541200,0.0,1.0,HON
2001-02-13,27.06,27.49,26.96,26.97,26.97,2660700,0.0,1.0,HON
2001-02-12,26.3,27.38,26.23,27.17,27.17,2933000,0.0,1.0,HON
2001-02-09,26.87,26.94,25.91,26.14,26.14,4790400,0.0,1.0,HON
2001-02-08,27.13,27.52,26.86,27.01,27.01,2573300,0.0,1.0,HON
2001-02-07,27.13,27.33,26.63,26.88,26.88,2211200,0.0,1.0,HON
2001-02-06,27.27,27.52,27.01,27.27,27.27,2825300,0.0,1.0,HON
2001-02-05,26.41,27.48,26.39,27.37,27.37,3520700,0.0,1.0,HON
2001-02-02,26.33,26.72,26.18,26.41,26.41,3479500,0.0,1.0,HON
2001-02-01,26.39,26.69,26.14,26.43,26.43,2603100,0.0,1.0,HON
2001-01-31,26.23,26.68,25.97,26.16,26.16,4531000,0.0,1.0,HON
2001-01-30,25.36,26.3,25.36,26.23,26.23,4511100,0.0,1.0,HON
2001-01-29,25.67,25.86,25.06,25.36,25.36,3114900,0.0,1.0,HON
2001-01-26,26.27,26.65,25.47,25.72,25.72,5793200,0.0,1.0,HON
2001-01-25,26.16,26.86,26.1,26.2,26.2,5136300,0.0,1.0,HON
2001-01-24,26.51,26.79,25.99,26.24,26.24,2534800,0.0,1.0,HON
2001-01-23,26.37,26.72,26.2,26.51,26.51,4306000,0.0,1.0,HON
2001-01-22,26.65,26.91,25.85,26.06,26.06,3782200,0.0,1.0,HON
2001-01-19,27.2,27.34,26.41,26.79,26.79,4205700,0.0,1.0,HON
2001-01-18,26.86,27.38,26.37,27.07,27.07,4466500,0.0,1.0,HON
2001-01-17,26.96,27.28,26.37,26.58,26.58,9644900,0.0,1.0,HON
2001-01-16,25.61,26.68,25.61,26.51,26.51,4420000,0.0,1.0,HON
2001-01-12,26.24,26.37,25.19,25.75,25.75,4046200,0.0,1.0,HON
2001-01-11,25.4,26.41,25.4,26.24,26.24,4945600,0.0,1.0,HON
2001-01-10,24.4,25.19,24.05,25.02,25.02,6354400,0.0,1.0,HON
2001-01-09,25.3,25.72,24.44,24.75,24.75,5533200,0.0,1.0,HON
2001-01-08,25.47,25.82,24.67,25.3,25.3,3562500,0.0,1.0,HON
2001-01-05,26.27,26.37,25.5,25.99,25.99,4208200,0.0,1.0,HON
2001-01-04,26.3,27.03,26.24,26.61,26.61,3651600,0.0,1.0,HON
2001-01-03,24.5,26.65,24.09,26.65,26.65,8868000,0.0,1.0,HON
2001-01-02,25.75,25.75,23.5,24.5,24.5,9949000,0.0,1.0,HON
2000-12-29,26.44,26.72,26.1,26.2,26.2,2126000,0.0,1.0,HON
2000-12-28,26.51,26.75,26.13,26.55,26.55,2618800,0.0,1.0,HON
2000-12-27,26.37,26.96,26.2,26.34,26.34,2436700,0.0,1.0,HON
2000-12-26,26.24,26.68,25.92,26.58,26.58,3528700,0.0,1.0,HON
2000-12-22,25.78,26.75,25.78,26.44,26.44,2589300,0.0,1.0,HON
2000-12-21,25.72,26.24,25.54,25.64,25.64,3853100,0.0,1.0,HON
2000-12-20,26.58,26.72,25.47,25.47,25.47,5317700,0.0,1.0,HON
2000-12-19,27.65,27.85,27.03,27.07,27.07,6021700,0.0,1.0,HON
2000-12-18,27.07,27.93,27.07,27.55,27.55,5217800,0.0,1.0,HON
2000-12-15,27.62,27.69,26.51,26.51,26.51,7301100,0.0,1.0,HON
2000-12-14,28.38,28.59,27.93,28.0,28.0,6371200,0.0,1.0,HON
2000-12-13,29.14,29.21,28.66,28.87,28.87,5152000,0.0,1.0,HON
2000-12-12,29.83,29.9,28.52,28.87,28.87,6494000,0.0,1.0,HON
2000-12-11,30.07,30.84,29.7,30.56,30.56,4392800,0.0,1.0,HON
2000-12-08,29.56,30.42,29.56,30.18,30.18,4700000,0.0,1.0,HON
2000-12-07,29.07,29.45,29.04,29.14,29.14,5391600,0.0,1.0,HON
2000-12-06,29.14,29.42,28.69,29.31,29.31,5406600,0.0,1.0,HON
2000-12-05,28.13,29.66,28.04,29.31,29.31,5847200,0.0,1.0,HON
2000-12-04,27.62,28.24,27.58,28.04,28.04,3976900,0.0,1.0,HON
2000-12-01,27.48,27.93,27.34,27.65,27.65,4757800,0.0,1.0,HON
2000-11-30,26.44,27.2,26.03,26.99,26.99,5307300,0.0,1.0,HON
2000-11-29,26.93,27.79,26.75,26.75,26.75,5014400,0.0,1.0,HON
2000-11-28,26.86,27.38,26.61,27.2,27.2,4237700,0.0,1.0,HON
2000-11-27,27.41,27.69,26.68,26.93,26.93,3267500,0.0,1.0,HON
2000-11-24,26.93,27.24,26.86,26.93,26.93,1378700,0.0,1.0,HON
2000-11-22,26.86,27.07,26.47,26.72,26.72,5844300,0.0,1.0,HON
2000-11-21,27.38,28.0,27.38,27.62,27.62,4517300,0.0,1.0,HON
2000-11-20,28.1,28.38,27.27,27.27,27.27,3979500,0.0,1.0,HON
2000-11-17,28.59,29.0,27.93,28.24,28.24,3832700,0.0,1.0,HON
2000-11-16,28.24,28.83,28.24,28.52,28.52,5293000,0.1875,1.0,HON
2000-11-15,28.28,28.79,28.07,28.49,28.49,5919100,0.0,1.0,HON
2000-11-14,27.8,28.83,27.76,28.62,28.62,6568800,0.0,1.0,HON
2000-11-13,28.14,28.41,27.48,27.93,27.93,7327100,0.0,1.0,HON
2000-11-10,29.38,29.73,29.04,29.45,29.45,5553500,0.0,1.0,HON
2000-11-09,29.24,30.0,29.14,29.62,29.62,7624100,0.0,1.0,HON
2000-11-08,29.86,30.07,29.24,29.52,29.52,6002600,0.0,1.0,HON
2000-11-07,29.04,29.96,29.04,29.93,29.93,5503800,0.0,1.0,HON
2000-11-06,28.55,29.38,28.55,29.17,29.17,8999300,0.0,1.0,HON
2000-11-03,28.83,29.1,28.31,28.49,28.49,9552400,0.0,1.0,HON
2000-11-02,29.31,29.52,28.76,28.76,28.76,7748400,0.0,1.0,HON
2000-11-01,29.17,29.83,29.17,29.52,29.52,7060600,0.0,1.0,HON
2000-10-31,29.27,29.86,29.27,29.69,29.69,6501200,0.0,1.0,HON
2000-10-30,28.41,29.65,28.41,29.65,29.65,8847100,0.0,1.0,HON
2000-10-27,28.79,29.17,28.17,28.41,28.41,9380100,0.0,1.0,HON
2000-10-26,28.69,29.14,28.07,28.79,28.79,8464800,0.0,1.0,HON
2000-10-25,28.97,29.52,28.55,28.83,28.83,17512100,0.0,1.0,HON
2000-10-24,27.72,29.41,27.52,29.41,29.41,26039700,0.0,1.0,HON
2000-10-23,27.59,28.14,26.97,27.55,27.55,48068800,0.0,1.0,HON
2000-10-20,22.62,26.34,21.79,25.38,25.38,27752100,0.0,1.0,HON
2000-10-19,18.65,20.28,18.65,19.8,19.8,9199100,0.0,1.0,HON
2000-10-18,18.76,19.24,18.42,18.59,18.59,3621800,0.0,1.0,HON
2000-10-17,19.45,19.59,19.14,19.45,19.45,4775800,0.0,1.0,HON
2000-10-16,19.55,19.86,19.24,19.76,19.76,4293700,0.0,1.0,HON
2000-10-13,19.11,19.45,18.9,19.11,19.11,3524300,0.0,1.0,HON
2000-10-12,19.86,19.97,19.03,19.31,19.31,3432600,0.0,1.0,HON
2000-10-11,20.14,20.69,19.86,19.89,19.89,3466600,0.0,1.0,HON
2000-10-10,20.38,20.52,20.1,20.1,20.1,2334600,0.0,1.0,HON
2000-10-09,20.35,20.41,19.93,20.38,20.38,1557400,0.0,1.0,HON
2000-10-06,20.49,20.76,19.97,20.14,20.14,2442300,0.0,1.0,HON
2000-10-05,21.04,21.07,20.17,20.21,20.21,3236400,0.0,1.0,HON
2000-10-04,20.45,21.55,20.45,20.9,20.9,3413700,0.0,1.0,HON
2000-10-03,19.8,20.83,19.69,20.52,20.52,4032000,0.0,1.0,HON
2000-10-02,19.86,20.1,19.45,19.86,19.86,2969100,0.0,1.0,HON
2000-09-29,20.07,20.35,19.52,19.65,19.65,2330000,0.0,1.0,HON
2000-09-28,19.28,20.21,19.21,20.1,20.1,2901400,0.0,1.0,HON
2000-09-27,19.8,19.89,19.07,19.24,19.24,2845000,0.0,1.0,HON
2000-09-26,19.59,19.89,19.38,19.83,19.83,1804200,0.0,1.0,HON
2000-09-25,20.03,20.21,19.34,19.62,19.62,2252100,0.0,1.0,HON
2000-09-22,19.69,20.1,19.52,20.03,20.03,1839400,0.0,1.0,HON
2000-09-21,19.59,19.93,19.55,19.59,19.59,2555700,0.0,1.0,HON
2000-09-20,19.45,19.72,19.07,19.31,19.31,2695200,0.0,1.0,HON
2000-09-19,19.45,19.86,18.9,19.86,19.86,3905100,0.0,1.0,HON
2000-09-18,20.21,20.41,19.59,19.72,19.72,3223300,0.0,1.0,HON
2000-09-15,20.76,20.9,20.07,20.14,20.14,3917100,0.0,1.0,HON
2000-09-14,20.69,21.07,20.58,20.72,20.72,3647300,0.0,1.0,HON
2000-09-13,20.41,21.21,20.35,20.69,20.69,5142800,0.0,1.0,HON
2000-09-12,20.17,20.41,19.72,20.41,20.41,4478400,0.0,1.0,HON
2000-09-11,20.14,20.66,20.07,20.17,20.17,3582900,0.0,1.0,HON
2000-09-08,20.41,20.62,19.31,19.31,19.31,7852600,0.0,1.0,HON
2000-09-07,22.21,22.21,21.1,21.1,21.1,6434100,0.0,1.0,HON
2000-09-06,22.14,23.03,22.1,22.55,22.55,4459800,0.0,1.0,HON
2000-09-05,21.79,22.17,21.59,21.93,21.93,2783600,0.0,1.0,HON
2000-09-01,21.45,21.86,21.45,21.76,21.76,2527800,0.0,1.0,HON
2000-08-31,21.79,22.04,21.27,21.45,21.45,3893900,0.0,1.0,HON
2000-08-30,21.24,22.24,21.24,21.79,21.79,4156000,0.0,1.0,HON
2000-08-29,21.24,21.45,20.97,21.17,21.17,3498700,0.0,1.0,HON
2000-08-28,22.07,22.24,21.52,21.52,21.52,3558900,0.0,1.0,HON
2000-08-25,22.14,22.55,21.86,22.0,22.0,5613700,0.0,1.0,HON
2000-08-24,21.1,22.07,20.17,22.07,22.07,6512800,0.0,1.0,HON
2000-08-23,21.31,21.45,20.9,21.04,21.04,4163000,0.0,1.0,HON
2000-08-22,20.62,21.83,20.52,21.31,21.31,7058400,0.0,1.0,HON
2000-08-21,20.07,20.41,19.89,20.41,20.41,3825500,0.0,1.0,HON
2000-08-18,19.72,19.72,19.38,19.55,19.55,3502300,0.0,1.0,HON
2000-08-17,19.03,19.45,18.79,18.93,18.93,5405800,0.0,1.0,HON
2000-08-16,19.34,19.45,18.76,18.76,18.76,3286700,0.1875,1.0,HON
2000-08-15,19.34,19.86,19.17,19.41,19.41,3246300,0.0,1.0,HON
2000-08-14,19.28,19.34,18.96,19.31,19.31,3538600,0.0,1.0,HON
2000-08-11,19.07,19.75,19.07,19.28,19.28,4788800,0.0,1.0,HON
2000-08-10,19.82,19.92,19.37,19.48,19.48,3358500,0.0,1.0,HON
2000-08-09,20.24,20.3,19.45,19.65,19.65,5171500,0.0,1.0,HON
2000-08-08,19.69,19.96,19.34,19.89,19.89,5452200,0.0,1.0,HON
2000-08-07,18.41,19.75,18.28,19.55,19.55,5438300,0.0,1.0,HON
2000-08-04,18.73,18.73,18.24,18.41,18.41,3454600,0.0,1.0,HON
2000-08-03,18.66,18.69,18.18,18.18,18.18,3101000,0.0,1.0,HON
2000-08-02,18.73,18.96,18.49,18.52,18.52,3729200,0.0,1.0,HON
2000-08-01,18.66,18.86,18.38,18.73,18.73,1915900,0.0,1.0,HON
2000-07-31,18.59,19.03,18.35,18.66,18.66,3866000,0.0,1.0,HON
2000-07-28,19.1,19.14,18.11,18.11,18.11,5855300,0.0,1.0,HON
2000-07-27,19.48,19.55,18.9,19.17,19.17,3427000,0.0,1.0,HON
2000-07-26,19.82,19.92,19.2,19.28,19.28,5605000,0.0,1.0,HON
2000-07-25,20.03,20.47,19.79,20.27,20.27,4959200,0.0,1.0,HON
2000-07-24,19.28,20.03,19.2,19.41,19.41,5381300,0.0,1.0,HON
2000-07-21,19.48,19.65,19.07,19.07,19.07,5633100,0.0,1.0,HON
2000-07-20,20.71,20.71,19.65,19.89,19.89,4717600,0.0,1.0,HON
2000-07-19,20.3,20.44,19.92,20.41,20.41,5164800,0.0,1.0,HON
2000-07-18,20.58,20.68,19.99,20.24,20.24,5018800,0.0,1.0,HON
2000-07-17,20.51,20.71,20.06,20.71,20.71,5456500,0.0,1.0,HON
2000-07-14,19.82,20.24,19.37,19.82,19.82,4319800,0.0,1.0,HON
2000-07-13,19.58,20.1,19.55,19.65,19.65,4211100,0.0,1.0,HON
2000-07-12,19.48,19.99,19.45,19.72,19.72,6855400,0.0,1.0,HON
2000-07-11,19.17,19.75,19.14,19.75,19.75,10271400,0.0,1.0,HON
2000-07-10,19.2,19.51,18.38,19.2,19.2,11831100,0.0,1.0,HON
2000-07-07,18.96,19.2,18.59,19.0,19.0,5733600,0.0,1.0,HON
2000-07-06,18.66,19.2,18.45,19.2,19.2,5634200,0.0,1.0,HON
2000-07-05,18.93,19.2,18.45,18.66,18.66,4717300,0.0,1.0,HON
2000-07-03,18.76,19.03,18.45,18.86,18.86,1992700,0.0,1.0,HON
2000-06-30,18.83,19.07,18.32,18.49,18.49,5337300,0.0,1.0,HON
2000-06-29,18.32,19.07,18.11,18.52,18.52,5581400,0.0,1.0,HON
2000-06-28,18.32,19.07,17.63,18.7,18.7,10891400,0.0,1.0,HON
2000-06-27,18.52,18.96,18.14,18.24,18.24,8098900,0.0,1.0,HON
2000-06-26,19.14,19.17,18.38,18.79,18.79,8344800,0.0,1.0,HON
2000-06-23,19.28,19.45,18.79,19.03,19.03,8240800,0.0,1.0,HON
2000-06-22,20.3,20.58,18.93,19.2,19.2,15809600,0.0,1.0,HON
2000-06-21,19.89,20.3,19.34,20.3,20.3,13098700,0.0,1.0,HON
2000-06-20,20.37,20.71,19.28,20.1,20.1,24847300,0.0,1.0,HON
2000-06-19,26.68,26.75,20.85,22.08,22.08,20693700,0.0,1.0,HON
2000-06-16,27.92,27.95,26.61,26.61,26.61,2866300,0.0,1.0,HON
2000-06-15,28.19,28.36,27.81,27.92,27.92,1817900,0.0,1.0,HON
2000-06-14,28.26,28.67,28.12,28.15,28.15,2388600,0.0,1.0,HON
2000-06-13,27.85,27.88,27.47,27.54,27.54,1831100,0.0,1.0,HON
2000-06-12,28.64,28.64,28.12,28.12,28.12,1368600,0.0,1.0,HON
2000-06-09,28.53,29.15,28.53,28.56,28.56,1864800,0.0,1.0,HON
2000-06-08,29.53,29.6,27.4,28.26,28.26,4963200,0.0,1.0,HON
2000-06-07,31.0,31.03,29.35,29.53,29.53,2497800,0.0,1.0,HON
2000-06-06,30.86,31.17,30.18,31.0,31.0,1544300,0.0,1.0,HON
2000-06-05,31.41,31.52,30.59,31.14,31.14,1599700,0.0,1.0,HON
2000-06-02,31.82,32.44,29.9,31.07,31.07,3298800,0.0,1.0,HON
2000-06-01,29.87,31.35,29.87,31.03,31.03,2125400,0.0,1.0,HON
2000-05-31,30.39,30.62,29.63,29.77,29.77,1632300,0.0,1.0,HON
2000-05-30,29.56,30.42,29.49,30.28,30.28,1897800,0.0,1.0,HON
2000-05-26,29.35,29.84,28.94,29.39,29.39,1541000,0.0,1.0,HON
2000-05-25,29.63,29.7,28.81,29.32,29.32,2061100,0.0,1.0,HON
2000-05-24,29.63,29.87,29.32,29.63,29.63,2258200,0.0,1.0,HON
2000-05-23,29.63,30.04,29.15,29.29,29.29,2785300,0.0,1.0,HON
2000-05-22,29.9,29.9,28.81,29.22,29.22,939900,0.0,1.0,HON
2000-05-19,30.18,30.42,29.7,29.77,29.77,2112200,0.0,1.0,HON
2000-05-18,29.7,30.52,29.7,30.17,30.17,981200,0.0,1.0,HON
2000-05-17,29.7,30.11,29.63,29.7,29.7,1862200,0.1875,1.0,HON
2000-05-16,30.76,31.17,30.52,30.69,30.69,1822100,0.0,1.0,HON
2000-05-15,29.39,30.86,29.22,30.38,30.38,2191400,0.0,1.0,HON
2000-05-12,29.12,29.8,28.98,29.1,29.1,1126200,0.0,1.0,HON
2000-05-11,29.8,29.9,29.22,29.32,29.32,1502500,0.0,1.0,HON
2000-05-10,29.56,29.73,28.84,29.42,29.42,1155200,0.0,1.0,HON
2000-05-09,29.15,29.87,29.15,29.53,29.53,1158800,0.0,1.0,HON
2000-05-08,29.25,30.01,29.19,29.7,29.7,798500,0.0,1.0,HON
2000-05-05,28.71,30.18,28.64,29.7,29.7,1533300,0.0,1.0,HON
2000-05-04,29.42,29.77,28.91,29.12,29.12,2709800,0.0,1.0,HON
2000-05-03,29.94,30.01,29.29,29.63,29.63,1320700,0.0,1.0,HON
2000-05-02,29.94,30.18,29.32,29.53,29.53,1925200,0.0,1.0,HON
2000-05-01,30.14,30.72,29.77,30.35,30.35,1279200,0.0,1.0,HON
2000-04-28,30.48,31.13,29.7,30.62,30.62,1822600,0.0,1.0,HON
2000-04-27,29.66,30.86,29.56,30.24,30.24,2126900,0.0,1.0,HON
2000-04-26,31.71,31.92,30.04,30.45,30.45,2232500,0.0,1.0,HON
2000-04-25,31.1,31.95,30.76,31.61,31.61,2501000,0.0,1.0,HON
2000-04-24,30.62,31.92,30.62,30.76,30.76,2844100,0.0,1.0,HON
2000-04-20,29.7,31.17,29.56,31.17,31.17,2198600,0.0,1.0,HON
2000-04-19,30.04,30.38,29.49,29.7,29.7,2219000,0.0,1.0,HON
2000-04-18,29.66,30.04,29.19,29.39,29.39,2226800,0.0,1.0,HON
2000-04-17,28.84,30.21,28.84,30.07,30.07,2196900,0.0,1.0,HON
2000-04-14,28.98,30.65,28.74,29.6,29.6,3205900,0.0,1.0,HON
2000-04-13,30.48,31.17,29.12,30.31,30.31,4306600,0.0,1.0,HON
2000-04-12,30.28,30.56,28.71,28.91,28.91,1976000,0.0,1.0,HON
2000-04-11,29.66,31.03,29.6,30.65,30.65,2760500,0.0,1.0,HON
2000-04-10,28.23,29.97,27.96,29.25,29.25,2226800,0.0,1.0,HON
2000-04-07,28.3,29.05,28.16,28.23,28.23,1259900,0.0,1.0,HON
2000-04-06,29.12,29.36,27.89,28.5,28.5,1756000,0.0,1.0,HON
2000-04-05,29.25,30.01,28.84,28.84,28.84,1897400,0.0,1.0,HON
2000-04-04,30.01,30.21,28.37,29.39,29.39,2848400,0.0,1.0,HON
2000-04-03,30.07,30.07,29.15,29.73,29.73,3333100,0.0,1.0,HON
2000-03-31,28.98,29.53,27.96,28.81,28.81,4039700,0.0,1.0,HON
2000-03-30,26.83,28.57,26.79,28.16,28.16,4947800,0.0,1.0,HON
2000-03-29,25.5,27.14,25.5,26.79,26.79,2489200,0.0,1.0,HON
2000-03-28,25.91,26.59,25.5,25.6,25.6,2313100,0.0,1.0,HON
2000-03-27,26.66,26.96,25.7,26.25,26.25,2897400,0.0,1.0,HON
2000-03-24,25.32,27.17,25.15,27.13,27.13,3008800,0.0,1.0,HON
2000-03-23,25.56,26.04,25.09,25.29,25.29,3263500,0.0,1.0,HON
2000-03-22,27.0,27.0,25.29,25.29,25.29,2866900,0.0,1.0,HON
2000-03-21,25.7,27.34,25.67,27.34,27.34,3067400,0.0,1.0,HON
2000-03-20,26.11,27.27,25.29,25.97,25.97,3410000,0.0,1.0,HON
2000-03-17,26.59,27.14,25.63,25.63,25.63,4364800,0.0,1.0,HON
2000-03-16,26.18,27.51,25.46,27.2,27.2,3976100,0.0,1.0,HON
2000-03-15,24.13,25.43,23.79,25.12,25.12,3996600,0.0,1.0,HON
2000-03-14,24.44,25.15,24.2,24.61,24.61,2332600,0.0,1.0,HON
2000-03-13,24.54,24.85,23.99,24.4,24.4,2134300,0.0,1.0,HON
2000-03-10,24.88,24.95,23.99,24.81,24.81,3238600,0.0,1.0,HON
2000-03-09,24.27,24.68,23.41,24.06,24.06,4679200,0.0,1.0,HON
2000-03-08,22.8,23.58,22.04,23.34,23.34,4356400,0.0,1.0,HON
2000-03-07,23.79,23.86,22.52,22.86,22.86,3169400,0.0,1.0,HON
2000-03-06,25.02,25.02,24.06,24.23,24.23,2306400,0.0,1.0,HON
2000-03-03,25.22,26.49,24.47,24.88,24.88,3157700,0.0,1.0,HON
2000-03-02,26.32,26.32,24.61,25.09,25.09,2279400,0.0,1.0,HON
2000-03-01,26.79,27.17,25.46,26.32,26.32,2278600,0.0,1.0,HON
2000-02-29,26.79,27.27,26.14,26.32,26.32,2672500,0.0,1.0,HON
2000-02-28,25.5,26.66,24.85,26.25,26.25,2908400,0.0,1.0,HON
2000-02-25,25.02,25.56,24.27,25.46,25.46,2572500,0.0,1.0,HON
2000-02-24,24.71,25.19,23.27,25.02,25.02,3503600,0.0,1.0,HON
2000-02-23,25.84,25.84,24.03,24.71,24.71,2193600,0.0,1.0,HON
2000-02-22,24.09,25.84,23.51,25.84,25.84,2469800,0.0,1.0,HON
2000-02-18,25.26,25.36,24.03,24.23,24.23,2392600,0.0,1.0,HON
2000-02-17,25.29,25.63,24.85,25.39,25.39,2385000,0.0,1.0,HON
2000-02-16,25.22,25.22,24.4,24.54,24.54,2729000,0.1875,1.0,HON
2000-02-15,23.35,25.39,23.28,25.22,25.22,3409900,0.0,1.0,HON
2000-02-14,23.55,24.44,23.21,23.21,23.21,3246700,0.0,1.0,HON
2000-02-11,23.14,24.2,23.01,23.01,23.01,3240000,0.0,1.0,HON
2000-02-10,23.55,24.2,23.08,23.55,23.55,3168200,0.0,1.0,HON
2000-02-09,24.23,24.47,23.14,23.82,23.82,3706600,0.0,1.0,HON
2000-02-08,25.05,25.56,24.47,24.64,24.64,4497100,0.0,1.0,HON
2000-02-07,25.59,25.59,24.23,24.5,24.5,2656600,0.0,1.0,HON
2000-02-04,25.86,25.97,25.39,25.8,25.8,3652000,0.0,1.0,HON
2000-02-03,26.27,26.68,25.46,25.86,25.86,2445100,0.0,1.0,HON
2000-02-02,26.14,26.68,26.0,26.21,26.21,2598900,0.0,1.0,HON
2000-02-01,26.14,26.34,25.66,25.86,25.86,2850600,0.0,1.0,HON
2000-01-31,24.61,26.14,24.61,26.14,26.14,3392700,0.0,1.0,HON
2000-01-28,24.57,25.39,24.4,24.61,24.61,3140100,0.0,1.0,HON
2000-01-27,25.66,26.24,24.3,25.18,25.18,4691000,0.0,1.0,HON
2000-01-26,26.1,26.41,25.12,25.94,25.94,4770500,0.0,1.0,HON
2000-01-25,25.18,26.1,24.5,25.9,25.9,5044200,0.0,1.0,HON
2000-01-24,28.01,28.01,25.59,26.0,26.0,6944600,0.0,1.0,HON
2000-01-21,28.86,28.93,27.19,27.94,27.94,5065300,0.0,1.0,HON
2000-01-20,29.68,30.08,28.62,28.79,28.79,5193200,0.0,1.0,HON
2000-01-19,32.13,32.13,28.59,29.54,29.54,11410700,0.0,1.0,HON
2000-01-18,32.54,32.88,31.38,32.13,32.13,3184300,0.0,1.0,HON
2000-01-14,32.67,32.94,32.26,32.61,32.61,2549000,0.0,1.0,HON
2000-01-13,32.64,32.67,32.4,32.61,32.61,1543900,0.0,1.0,HON
2000-01-12,32.33,32.54,32.16,32.37,32.37,2046200,0.0,1.0,HON
2000-01-11,32.64,32.77,31.99,32.06,32.06,2641000,0.0,1.0,HON
2000-01-10,32.37,32.61,31.75,32.3,32.3,1467400,0.0,1.0,HON
2000-01-07,30.9,32.33,30.73,32.13,32.13,3943400,0.0,1.0,HON
2000-01-06,30.22,30.56,29.68,30.49,30.49,2388000,0.0,1.0,HON
2000-01-05,30.36,30.63,29.78,29.95,29.95,2975700,0.0,1.0,HON
2000-01-04,30.7,30.73,29.44,30.32,30.32,2670300,0.0,1.0,HON
2000-01-03,31.41,31.82,30.77,30.87,30.87,2100800,0.0,1.0,HON
1999-12-31,30.9,31.61,30.9,31.41,31.41,918400,0.0,1.0,HON
1999-12-30,30.84,31.11,30.39,30.9,30.9,1028200,0.0,1.0,HON
1999-12-29,31.01,31.04,30.63,30.9,30.9,1243400,0.0,1.0,HON
1999-12-28,29.92,30.87,29.85,30.39,30.39,2621100,0.0,1.0,HON
1999-12-27,30.02,30.16,29.47,29.61,29.61,5101200,0.0,1.0,HON
1999-12-23,29.81,30.22,29.64,29.98,29.98,4601900,0.0,1.0,HON
1999-12-22,30.7,30.73,29.37,29.44,29.44,6228700,0.0,1.0,HON
1999-12-21,30.84,31.45,29.88,30.87,30.87,12074600,0.0,1.0,HON
1999-12-20,34.65,34.65,30.77,30.84,30.84,8300000,0.0,1.0,HON
1999-12-17,33.62,34.78,33.55,34.71,34.71,4320600,0.0,1.0,HON
1999-12-16,32.81,34.03,32.43,33.62,33.62,2349200,0.0,1.0,HON
1999-12-15,32.67,33.49,32.64,33.1,33.1,2008300,0.0,1.0,HON
1999-12-14,32.13,32.81,32.09,32.61,32.61,2262100,0.0,1.0,HON
1999-12-13,31.58,32.37,31.45,32.23,32.23,2461500,0.0,1.0,HON
1999-12-10,31.93,32.13,31.45,31.65,31.65,2730500,0.0,1.0,HON
1999-12-09,32.81,32.81,31.89,31.93,31.93,2975800,0.0,1.0,HON
1999-12-08,33.42,33.42,32.54,32.7,32.7,2992700,0.0,1.0,HON
1999-12-07,33.59,33.86,33.22,33.59,33.59,4159900,0.0,1.0,HON
1999-12-06,33.76,34.0,32.54,33.59,33.59,1981900,0.0,1.0,HON
1999-12-03,34.24,34.85,33.76,34.17,34.17,2680500,0.0,1.0,HON
1999-12-02,33.46,34.3,32.98,33.08,33.08,1339100,0.0,1.0,HON
1999-12-01,33.7,34.27,33.01,33.08,33.08,4259100,0.0,1.0,HON
1999-11-30,31.92,33.01,31.85,32.67,32.67,2843100,0.0,1.0,HON
1999-11-29,31.61,32.06,31.34,31.96,31.96,3028300,0.0,1.0,HON
1999-11-26,32.06,32.09,31.75,31.82,31.82,523000,0.0,1.0,HON
1999-11-24,32.46,32.57,31.72,31.99,31.99,2023900,0.0,1.0,HON
1999-11-23,33.32,33.35,32.26,32.43,32.43,1813100,0.0,1.0,HON
1999-11-22,32.91,33.52,32.84,33.28,33.28,1482200,0.0,1.0,HON
1999-11-19,33.62,33.76,32.94,33.05,33.05,1153800,0.0,1.0,HON
1999-11-18,34.03,34.03,33.35,33.7,33.7,1547200,0.0,1.0,HON
1999-11-17,33.35,33.9,32.98,33.11,33.11,1340900,0.17,1.0,HON
1999-11-16,33.29,33.56,32.37,33.56,33.56,1543600,0.0,1.0,HON
1999-11-15,33.09,33.94,32.92,33.09,33.09,2201000,0.0,1.0,HON
1999-11-12,31.73,33.12,31.29,32.85,32.85,1856400,0.0,1.0,HON
1999-11-11,31.77,32.07,31.26,31.39,31.39,1715200,0.0,1.0,HON
1999-11-10,30.31,31.9,30.24,31.8,31.8,2483100,0.0,1.0,HON
1999-11-09,30.74,30.74,29.93,30.47,30.47,1556200,0.0,1.0,HON
1999-11-08,30.17,31.05,30.14,30.44,30.44,1473800,0.0,1.0,HON
1999-11-05,30.41,30.47,30.03,30.2,30.2,968600,0.0,1.0,HON
1999-11-04,30.89,30.92,29.87,29.87,29.87,1021200,0.0,1.0,HON
1999-11-03,30.41,30.65,30.24,30.44,30.44,1171800,0.0,1.0,HON
1999-11-02,31.29,31.33,30.41,30.44,30.44,2020400,0.0,1.0,HON
1999-11-01,30.95,31.43,30.95,31.36,31.36,1952900,0.0,1.0,HON
