date,open,high,low,close,adjusted_close,volume,dividend_amount,split_coefficient,thscode
2025-04-29,316.06,316.73,313.0,314.5,314.5,3164531,0.0,1.0,MCD
2025-04-28,317.7,318.02,314.25,316.81,316.81,2578256,0.0,1.0,MCD
2025-04-25,316.5,321.78,315.03,316.74,316.74,2283147,0.0,1.0,MCD
2025-04-24,318.43,318.89,313.53,316.22,316.22,2479485,0.0,1.0,MCD
2025-04-23,318.5,319.9,314.79,318.48,318.48,3210134,0.0,1.0,MCD
2025-04-22,311.76,320.0,311.19,319.08,319.08,4200708,0.0,1.0,MCD
2025-04-21,311.0,311.28,305.12,308.72,308.72,2669905,0.0,1.0,MCD
2025-04-17,309.22,312.99,307.13,311.3,311.3,2728460,0.0,1.0,MCD
2025-04-16,313.57,314.29,307.37,309.1,309.1,3099078,0.0,1.0,MCD
2025-04-15,316.13,317.2,311.84,312.48,312.48,2901367,0.0,1.0,MCD
2025-04-14,312.43,318.2,311.13,316.07,316.07,4068713,0.0,1.0,MCD
2025-04-11,306.47,310.89,303.96,309.9,309.9,4440059,0.0,1.0,MCD
2025-04-10,301.34,307.63,296.92,306.78,306.78,6049543,0.0,1.0,MCD
2025-04-09,297.41,311.65,296.71,303.96,303.96,8265701,0.0,1.0,MCD
2025-04-08,303.78,308.25,294.92,299.83,299.83,5562462,0.0,1.0,MCD
2025-04-07,292.6,304.88,290.5,299.89,299.89,7725857,0.0,1.0,MCD
2025-04-04,314.57,314.96,299.3,300.11,300.11,8831090,0.0,1.0,MCD
2025-04-03,311.38,319.72,311.3,318.27,318.27,7023851,0.0,1.0,MCD
2025-04-02,312.71,313.93,309.83,311.58,311.58,2776755,0.0,1.0,MCD
2025-04-01,313.08,314.78,310.95,313.63,313.63,2411454,0.0,1.0,MCD
2025-03-31,305.0,313.2,304.44,312.37,312.37,4418823,0.0,1.0,MCD
2025-03-28,309.0,310.0,305.98,307.09,307.09,3211862,0.0,1.0,MCD
2025-03-27,315.16,316.64,310.68,312.69,312.69,3119455,0.0,1.0,MCD
2025-03-26,307.9,314.06,307.79,313.58,313.58,2624998,0.0,1.0,MCD
2025-03-25,306.93,308.66,304.03,306.92,306.92,2657170,0.0,1.0,MCD
2025-03-24,306.3,307.95,304.53,305.67,305.67,3443511,0.0,1.0,MCD
2025-03-21,306.39,307.0,301.64,305.44,305.44,6016138,0.0,1.0,MCD
2025-03-20,308.03,309.66,305.51,307.0,307.0,2723487,0.0,1.0,MCD
2025-03-19,303.99,308.08,303.63,306.92,306.92,2812212,0.0,1.0,MCD
2025-03-18,304.97,304.97,302.27,303.6,303.6,2435418,0.0,1.0,MCD
2025-03-17,301.3,305.23,300.03,303.97,303.97,2758628,0.0,1.0,MCD
2025-03-14,296.97,300.67,295.71,299.83,299.83,2696979,0.0,1.0,MCD
2025-03-13,300.43,303.46,297.27,297.5,297.5,4178882,0.0,1.0,MCD
2025-03-12,303.69,306.43,296.35,299.4,299.4,4546240,0.0,1.0,MCD
2025-03-11,317.62,317.7,306.31,306.76,306.76,4513135,0.0,1.0,MCD
2025-03-10,320.09,326.32,315.74,317.25,317.25,4698682,0.0,1.0,MCD
2025-03-07,310.82,323.17,310.35,321.29,321.29,7607616,0.0,1.0,MCD
2025-03-06,307.8,311.35,304.38,310.37,310.37,2954920,0.0,1.0,MCD
2025-03-05,304.0,308.46,303.37,307.45,307.45,2327472,0.0,1.0,MCD
2025-03-04,304.59,312.93,304.59,305.77,305.77,3954691,0.0,1.0,MCD
2025-03-03,308.11,309.49,302.43,304.29,304.29,4371634,1.77,1.0,MCD
2025-02-28,305.83,306.74,302.12,306.55,306.55,4972872,0.0,1.0,MCD
2025-02-27,303.43,309.98,302.46,308.16,308.16,3350723,0.0,1.0,MCD
2025-02-26,309.9,312.73,301.92,302.51,302.51,4140908,0.0,1.0,MCD
2025-02-25,307.39,309.91,306.21,308.92,308.92,3891555,0.0,1.0,MCD
2025-02-24,303.24,308.64,302.36,305.79,305.79,3397553,0.0,1.0,MCD
2025-02-21,302.16,304.19,299.85,303.05,303.05,3036654,0.0,1.0,MCD
2025-02-20,299.09,301.38,296.43,301.3,301.3,3020024,0.0,1.0,MCD
2025-02-19,301.57,302.03,297.78,300.19,300.19,2990851,0.0,1.0,MCD
2025-02-18,305.57,305.57,301.78,303.07,303.07,3368090,0.0,1.0,MCD
2025-02-14,308.41,309.2,306.0,306.77,306.77,2674354,0.0,1.0,MCD
2025-02-13,305.72,309.73,303.86,308.23,308.23,3097175,0.0,1.0,MCD
2025-02-12,307.79,308.3,304.0,305.82,305.82,3110228,0.0,1.0,MCD
2025-02-11,305.59,309.79,304.4,308.42,308.42,4180762,0.0,1.0,MCD
2025-02-10,300.52,308.49,299.77,306.64,306.64,8051997,0.0,1.0,MCD
2025-02-07,292.66,295.13,292.12,292.6,292.6,2858016,0.0,1.0,MCD
2025-02-06,289.9,295.43,288.64,292.66,292.66,3589988,0.0,1.0,MCD
2025-02-05,288.32,288.59,284.68,287.16,287.16,2363168,0.0,1.0,MCD
2025-02-04,288.08,288.96,286.7,288.09,288.09,2977102,0.0,1.0,MCD
2025-02-03,285.36,289.22,282.55,288.37,288.37,3049143,0.0,1.0,MCD
2025-01-31,288.15,289.57,285.69,287.03,287.03,2557033,0.0,1.0,MCD
2025-01-30,289.23,290.39,287.69,288.64,288.64,2125150,0.0,1.0,MCD
2025-01-29,289.69,291.44,288.32,288.43,288.43,2358272,0.0,1.0,MCD
2025-01-28,290.71,292.79,288.32,289.47,289.47,3180370,0.0,1.0,MCD
2025-01-27,284.95,291.73,284.16,291.4,291.4,4343019,0.0,1.0,MCD
2025-01-24,282.86,285.19,281.64,283.81,283.81,2523397,0.0,1.0,MCD
2025-01-23,279.13,283.35,279.03,282.79,282.79,2279408,0.0,1.0,MCD
2025-01-22,281.66,281.89,278.78,279.72,279.72,3660600,0.0,1.0,MCD
2025-01-21,279.14,281.26,277.12,280.98,280.98,3858590,0.0,1.0,MCD
2025-01-17,279.36,282.44,278.38,279.33,279.33,3312793,0.0,1.0,MCD
2025-01-16,278.62,279.32,274.93,278.12,278.12,3403681,0.0,1.0,MCD
2025-01-15,282.69,283.0,278.99,280.67,280.67,2867781,0.0,1.0,MCD
2025-01-14,283.37,283.7,277.76,279.95,279.95,2238889,0.0,1.0,MCD
2025-01-13,281.3,282.85,278.73,281.99,281.99,3394291,0.0,1.0,MCD
2025-01-10,285.84,286.11,280.15,280.68,280.68,3946002,0.0,1.0,MCD
2025-01-08,287.3,287.47,284.89,285.24,285.24,2724217,0.0,1.0,MCD
2025-01-07,292.08,293.22,286.61,287.67,287.67,3419450,0.0,1.0,MCD
2025-01-06,291.58,293.89,290.05,290.49,290.49,2838933,0.0,1.0,MCD
2025-01-03,291.14,293.25,289.02,293.08,293.08,2240254,0.0,1.0,MCD
2025-01-02,289.27,294.05,288.57,290.82,290.82,3118262,0.0,1.0,MCD
2024-12-31,288.4,289.56,286.91,288.21,288.21,1915847,0.0,1.0,MCD
2024-12-30,289.78,289.78,287.33,287.93,287.93,1936678,0.0,1.0,MCD
2024-12-27,291.64,294.76,291.05,291.92,291.92,1617399,0.0,1.0,MCD
2024-12-26,291.31,293.73,290.91,293.1,293.1,1434337,0.0,1.0,MCD
2024-12-24,289.6,292.57,289.11,292.29,292.29,1460985,0.0,1.0,MCD
2024-12-23,290.56,291.4,288.05,289.61,289.61,2492226,0.0,1.0,MCD
2024-12-20,287.85,294.39,287.63,290.99,290.99,7677952,0.0,1.0,MCD
2024-12-19,289.2,291.17,287.18,288.55,288.55,3438533,0.0,1.0,MCD
2024-12-18,293.31,297.25,288.99,289.2,289.2,3800945,0.0,1.0,MCD
2024-12-17,295.9,298.27,293.12,294.37,294.37,3295881,0.0,1.0,MCD
2024-12-16,295.46,300.37,295.45,295.99,295.99,3180071,0.0,1.0,MCD
2024-12-13,294.58,297.47,293.72,294.88,294.88,2547703,0.0,1.0,MCD
2024-12-12,294.49,296.82,293.38,294.91,294.91,2040653,0.0,1.0,MCD
2024-12-11,299.6,300.15,294.26,294.39,294.39,3037616,0.0,1.0,MCD
2024-12-10,298.39,301.07,294.13,298.97,298.97,3522974,0.0,1.0,MCD
2024-12-09,295.86,300.87,295.37,299.63,299.63,2391898,0.0,1.0,MCD
2024-12-06,298.82,302.04,296.88,297.25,297.25,4158690,0.0,1.0,MCD
2024-12-05,293.83,298.01,293.23,297.74,297.74,2594816,0.0,1.0,MCD
2024-12-04,290.59,294.33,290.13,293.38,293.38,3742938,0.0,1.0,MCD
2024-12-03,290.63,293.14,288.61,292.8,292.8,3030992,0.0,1.0,MCD
2024-12-02,291.8,292.53,289.26,290.75,290.75,3150151,1.77,1.0,MCD
2024-11-29,290.7,293.56,290.56,292.53,292.53,1655907,0.0,1.0,MCD
2024-11-27,293.51,295.98,291.51,291.61,291.61,2240280,0.0,1.0,MCD
2024-11-26,293.51,293.78,291.36,292.84,292.84,2254326,0.0,1.0,MCD
2024-11-25,288.33,293.12,288.33,292.71,292.71,5021843,0.0,1.0,MCD
2024-11-22,285.08,287.18,284.75,286.87,286.87,2879063,0.0,1.0,MCD
2024-11-21,281.65,285.2,280.13,285.08,285.08,4475662,0.0,1.0,MCD
2024-11-20,287.2,287.89,284.86,287.49,287.49,2525012,0.0,1.0,MCD
2024-11-19,286.59,288.64,284.22,287.31,287.31,2353251,0.0,1.0,MCD
2024-11-18,289.56,291.96,287.37,287.68,287.68,2866132,0.0,1.0,MCD
2024-11-15,294.22,295.97,286.31,289.19,289.19,4039432,0.0,1.0,MCD
2024-11-14,294.49,296.58,293.1,295.05,295.05,1932557,0.0,1.0,MCD
2024-11-13,295.38,295.61,291.74,293.85,293.85,2327101,0.0,1.0,MCD
2024-11-12,296.61,297.86,294.02,295.14,295.14,2453194,0.0,1.0,MCD
2024-11-11,296.95,300.24,296.49,297.98,297.98,2872440,0.0,1.0,MCD
2024-11-08,292.12,298.28,291.78,295.45,295.45,3279284,0.0,1.0,MCD
2024-11-07,291.37,293.05,290.35,291.19,291.19,3357377,0.0,1.0,MCD
2024-11-06,296.75,296.8,289.28,290.54,290.54,4646422,0.0,1.0,MCD
2024-11-05,290.29,293.88,289.12,293.82,293.82,3032122,0.0,1.0,MCD
2024-11-04,291.27,291.49,288.37,289.4,289.4,2583053,0.0,1.0,MCD
2024-11-01,291.05,293.39,289.83,291.74,291.74,4131804,0.0,1.0,MCD
2024-10-31,288.81,290.92,287.74,288.67,288.67,4277428,0.0,1.0,MCD
2024-10-30,291.04,291.9,286.43,288.09,288.09,4924013,0.0,1.0,MCD
2024-10-29,294.1,299.14,291.53,291.53,291.53,9048877,0.0,1.0,MCD
2024-10-28,295.68,296.39,293.05,293.3,293.3,6655971,0.0,1.0,MCD
2024-10-25,297.46,298.05,288.76,289.17,289.17,8863234,0.0,1.0,MCD
2024-10-24,295.6,298.83,294.77,298.03,298.03,5522591,0.0,1.0,MCD
2024-10-23,289.33,298.05,287.41,295.06,295.06,18791952,0.0,1.0,MCD
2024-10-22,310.39,312.03,309.61,310.99,310.99,5889115,0.0,1.0,MCD
2024-10-21,313.4,314.16,310.71,311.19,311.19,2404056,0.0,1.0,MCD
2024-10-18,311.86,313.45,310.53,312.84,312.84,2531197,0.0,1.0,MCD
2024-10-17,310.29,311.34,308.8,311.0,311.0,3095192,0.0,1.0,MCD
2024-10-16,309.63,310.03,306.46,309.24,309.24,1821486,0.0,1.0,MCD
2024-10-15,308.33,311.65,307.35,309.65,309.65,3067090,0.0,1.0,MCD
2024-10-14,301.56,306.77,300.92,306.19,306.19,2376310,0.0,1.0,MCD
2024-10-11,300.84,301.91,299.41,301.45,301.45,1775710,0.0,1.0,MCD
2024-10-10,300.45,302.15,299.37,300.46,300.46,1739458,0.0,1.0,MCD
2024-10-09,299.38,301.42,298.41,300.26,300.26,1854155,0.0,1.0,MCD
2024-10-08,299.08,299.78,296.83,298.35,298.35,2038348,0.0,1.0,MCD
2024-10-07,300.19,301.53,296.47,297.31,297.31,2091776,0.0,1.0,MCD
2024-10-04,299.48,302.29,297.83,300.19,300.19,2432634,0.0,1.0,MCD
2024-10-03,299.93,300.44,297.72,299.88,299.88,1802561,0.0,1.0,MCD
2024-10-02,297.04,300.5,296.06,300.19,300.19,2352436,0.0,1.0,MCD
2024-10-01,300.93,301.64,298.69,299.42,299.42,3036208,0.0,1.0,MCD
2024-09-30,300.18,301.44,298.55,300.93,300.93,2286978,0.0,1.0,MCD
2024-09-27,299.95,303.35,299.95,300.12,300.12,3402999,0.0,1.0,MCD
2024-09-26,297.61,300.71,297.2,300.08,300.08,1971134,0.0,1.0,MCD
2024-09-25,296.8,298.25,294.89,296.94,296.94,1986241,0.0,1.0,MCD
2024-09-24,295.54,297.9,294.2,296.74,296.74,2408175,0.0,1.0,MCD
2024-09-23,295.48,296.69,293.4,295.54,295.54,2312365,0.0,1.0,MCD
2024-09-20,289.49,294.54,289.39,293.34,293.34,5817302,0.0,1.0,MCD
2024-09-19,290.79,291.61,287.48,290.39,290.39,2271388,0.0,1.0,MCD
2024-09-18,290.42,291.63,286.95,288.59,288.59,1788384,0.0,1.0,MCD
2024-09-17,293.51,293.89,288.73,290.29,290.29,2997493,0.0,1.0,MCD
2024-09-16,293.92,296.58,291.57,293.2,293.2,2916205,0.0,1.0,MCD
2024-09-13,291.03,293.25,289.18,293.04,293.04,2205535,0.0,1.0,MCD
2024-09-12,286.76,289.25,284.87,288.91,288.91,2274712,0.0,1.0,MCD
2024-09-11,287.41,288.01,282.47,286.82,286.82,2747627,0.0,1.0,MCD
2024-09-10,289.37,292.75,287.62,287.84,287.84,2497109,0.0,1.0,MCD
2024-09-09,286.62,288.31,284.41,287.86,287.86,3208635,0.0,1.0,MCD
2024-09-06,284.43,288.75,284.19,286.1,286.1,3863559,0.0,1.0,MCD
2024-09-05,285.6,286.14,282.87,284.58,284.58,2412493,0.0,1.0,MCD
2024-09-04,283.18,285.57,282.63,284.64,284.64,2555153,0.0,1.0,MCD
2024-09-03,282.99,284.82,280.37,282.16,282.16,2902782,1.67,1.0,MCD
2024-08-30,282.52,283.82,281.28,283.61,283.61,2528549,0.0,1.0,MCD
2024-08-29,282.74,284.05,279.79,282.82,282.82,1797229,0.0,1.0,MCD
2024-08-28,284.87,285.86,280.26,282.02,282.02,2603793,0.0,1.0,MCD
2024-08-27,284.02,285.22,283.02,284.57,284.57,2897582,0.0,1.0,MCD
2024-08-26,284.18,287.09,282.83,283.62,283.62,2018540,0.0,1.0,MCD
2024-08-23,285.3,285.69,282.1,284.45,284.45,2145946,0.0,1.0,MCD
2024-08-22,284.48,285.41,282.51,284.15,284.15,1746359,0.0,1.0,MCD
2024-08-21,282.12,284.89,281.25,284.64,284.64,2686435,0.0,1.0,MCD
2024-08-20,281.48,285.18,280.22,280.63,280.63,3697631,0.0,1.0,MCD
2024-08-19,277.39,283.27,276.79,282.51,282.51,5268793,0.0,1.0,MCD
2024-08-16,269.94,274.61,269.89,273.61,273.61,3286217,0.0,1.0,MCD
2024-08-15,267.24,270.93,267.09,270.06,270.06,2445218,0.0,1.0,MCD
2024-08-14,265.13,266.75,263.8,266.4,266.4,2242138,0.0,1.0,MCD
2024-08-13,265.58,267.24,262.86,265.58,265.58,2603592,0.0,1.0,MCD
2024-08-12,262.78,264.81,260.68,264.74,264.74,3008100,0.0,1.0,MCD
2024-08-09,266.94,266.94,262.29,263.22,263.22,2664877,0.0,1.0,MCD
2024-08-08,264.22,268.86,263.39,266.44,266.44,3227234,0.0,1.0,MCD
2024-08-07,264.84,268.36,263.88,264.65,264.65,3539980,0.0,1.0,MCD
2024-08-06,265.13,268.42,263.39,265.33,265.33,3369337,0.0,1.0,MCD
2024-08-05,269.24,273.0,262.99,263.75,263.75,6794876,0.0,1.0,MCD
2024-08-02,264.68,271.96,264.09,271.84,271.84,9585900,0.0,1.0,MCD
2024-08-01,262.15,264.06,257.81,264.04,264.04,4935952,0.0,1.0,MCD
2024-07-31,260.77,262.98,258.59,260.75,260.75,4652053,0.0,1.0,MCD
2024-07-30,256.43,262.69,255.75,261.77,261.77,4936596,0.0,1.0,MCD
2024-07-29,249.11,259.31,245.85,256.84,256.84,9380960,0.0,1.0,MCD
2024-07-26,248.47,249.6,246.36,247.59,247.59,4002852,0.0,1.0,MCD
2024-07-25,249.74,251.61,246.7,247.06,247.06,3323080,0.0,1.0,MCD
2024-07-24,242.01,249.88,241.81,248.93,248.93,5983281,0.0,1.0,MCD
2024-07-23,255.13,255.58,249.07,249.6,249.6,2653141,0.0,1.0,MCD
2024-07-22,253.78,255.24,251.91,255.0,255.0,2759527,0.0,1.0,MCD
2024-07-19,255.83,255.88,250.56,252.77,252.77,3470585,0.0,1.0,MCD
2024-07-18,253.51,257.74,253.09,254.98,254.98,3421839,0.0,1.0,MCD
2024-07-17,254.44,257.46,253.34,256.43,256.43,3711520,0.0,1.0,MCD
2024-07-16,246.6,252.8,245.72,252.76,252.76,4172974,0.0,1.0,MCD
2024-07-15,249.2,251.25,246.79,247.13,247.13,3393612,0.0,1.0,MCD
2024-07-12,249.8,252.42,247.4,249.45,249.45,4543006,0.0,1.0,MCD
2024-07-11,246.82,251.17,245.49,250.34,250.34,5548256,0.0,1.0,MCD
2024-07-10,242.67,246.17,241.59,246.1,246.1,4092739,0.0,1.0,MCD
2024-07-09,242.9,243.07,239.27,241.52,241.52,4930592,0.0,1.0,MCD
2024-07-08,247.35,248.15,242.73,243.51,243.51,3163853,0.0,1.0,MCD
2024-07-05,246.6,247.01,244.45,246.69,246.69,2814312,0.0,1.0,MCD
2024-07-03,244.15,246.59,243.83,245.62,245.62,2026070,0.0,1.0,MCD
2024-07-02,245.31,246.63,243.08,243.45,243.45,3944881,0.0,1.0,MCD
2024-07-01,250.37,250.87,245.35,245.61,245.61,3817576,0.0,1.0,MCD
2024-06-28,253.03,254.95,248.43,250.38,250.38,8958712,0.0,1.0,MCD
2024-06-27,253.48,254.3,252.47,253.65,253.65,2650996,0.0,1.0,MCD
2024-06-26,252.16,253.65,250.22,253.32,253.32,2796088,0.0,1.0,MCD
2024-06-25,255.57,255.57,251.11,252.87,252.87,4252250,0.0,1.0,MCD
2024-06-24,254.46,256.79,253.29,255.82,255.82,3901231,0.0,1.0,MCD
2024-06-21,253.76,256.88,251.13,254.85,254.85,8426647,0.0,1.0,MCD
2024-06-20,245.89,251.21,245.14,249.36,249.36,4046527,0.0,1.0,MCD
2024-06-18,249.5,249.9,244.98,246.4,246.4,2956314,0.0,1.0,MCD
2024-06-17,247.88,250.06,247.47,249.07,249.07,2532906,0.0,1.0,MCD
2024-06-14,248.43,249.18,246.23,249.14,249.14,2806560,0.0,1.0,MCD
2024-06-13,249.15,250.28,246.78,249.26,249.26,3152985,0.0,1.0,MCD
2024-06-12,250.42,251.82,248.97,250.02,250.02,3169566,0.0,1.0,MCD
2024-06-11,248.58,250.23,247.69,249.83,249.83,2729439,0.0,1.0,MCD
2024-06-10,251.52,251.52,248.72,249.37,249.37,2867127,0.0,1.0,MCD
2024-06-07,255.52,256.82,250.87,251.72,251.72,2290085,0.0,1.0,MCD
2024-06-06,256.34,257.2,254.4,256.15,256.15,3354270,0.0,1.0,MCD
2024-06-05,256.92,257.15,254.13,255.44,255.44,4136828,0.0,1.0,MCD
2024-06-04,254.8,258.48,254.71,258.12,258.12,4592727,0.0,1.0,MCD
2024-06-03,253.41,255.4,251.12,255.2,255.2,4342771,1.67,1.0,MCD
2024-05-31,248.14,253.08,247.47,252.73,252.73,6125399,0.0,1.0,MCD
2024-05-30,244.65,246.94,244.15,246.07,246.07,3599768,0.0,1.0,MCD
2024-05-29,247.33,247.76,243.23,243.44,243.44,4029317,0.0,1.0,MCD
2024-05-28,251.27,252.65,246.64,247.51,247.51,4324728,0.0,1.0,MCD
2024-05-24,252.59,254.26,251.39,251.97,251.97,3382879,0.0,1.0,MCD
2024-05-23,258.82,259.3,251.47,251.79,251.79,5636170,0.0,1.0,MCD
2024-05-22,259.55,260.47,258.26,259.45,259.45,1906061,0.0,1.0,MCD
2024-05-21,262.12,262.68,259.13,259.55,259.55,2362574,0.0,1.0,MCD
2024-05-20,265.28,265.65,260.92,261.5,261.5,2651117,0.0,1.0,MCD
2024-05-17,267.54,267.54,264.48,265.9,265.9,2454570,0.0,1.0,MCD
2024-05-16,267.98,269.01,266.43,267.0,267.0,2339864,0.0,1.0,MCD
2024-05-15,264.66,267.84,263.8,267.36,267.36,2982621,0.0,1.0,MCD
2024-05-14,265.65,266.28,262.32,264.22,264.22,3143235,0.0,1.0,MCD
2024-05-13,268.83,270.16,264.69,264.87,264.87,3840670,0.0,1.0,MCD
2024-05-10,261.79,268.83,261.47,268.46,268.46,4983501,0.0,1.0,MCD
2024-05-09,262.07,262.09,260.67,261.58,261.58,3139960,0.0,1.0,MCD
2024-05-08,261.14,262.53,259.73,262.1,262.1,3259842,0.0,1.0,MCD
2024-05-07,263.62,264.23,260.64,261.14,261.14,3160026,0.0,1.0,MCD
2024-05-06,264.61,265.41,262.64,262.89,262.89,2481336,0.0,1.0,MCD
2024-05-03,267.62,268.09,262.49,263.89,263.89,2642344,0.0,1.0,MCD
2024-05-02,267.98,269.74,266.22,266.78,266.78,3083956,0.0,1.0,MCD
2024-05-01,264.92,269.85,263.63,267.9,267.9,4843553,0.0,1.0,MCD
2024-04-30,258.04,270.28,256.38,266.55,266.55,6894367,0.0,1.0,MCD
2024-04-29,267.32,267.9,266.11,267.04,267.04,3187813,0.0,1.0,MCD
2024-04-26,264.78,269.54,263.94,266.59,266.59,3636458,0.0,1.0,MCD
2024-04-25,270.43,273.16,268.19,269.04,269.04,4179755,0.0,1.0,MCD
2024-04-24,268.99,270.44,266.4,270.17,270.17,4071571,0.0,1.0,MCD
2024-04-23,270.24,270.8,267.72,270.29,270.29,3275678,0.0,1.0,MCD
2024-04-22,267.24,269.92,265.84,269.02,269.02,3129435,0.0,1.0,MCD
2024-04-19,265.54,265.74,264.05,265.52,265.52,3017097,0.0,1.0,MCD
2024-04-18,264.53,264.84,262.45,264.53,264.53,3402674,0.0,1.0,MCD
2024-04-17,260.16,263.69,259.2,263.53,263.53,3383099,0.0,1.0,MCD
2024-04-16,259.8,260.64,258.84,259.12,259.12,2912853,0.0,1.0,MCD
2024-04-15,261.49,262.14,259.72,259.9,259.9,3686881,0.0,1.0,MCD
2024-04-12,261.54,261.85,260.24,261.03,261.03,2708630,0.0,1.0,MCD
2024-04-11,263.09,263.46,260.8,262.23,262.23,2519172,0.0,1.0,MCD
2024-04-10,260.62,262.59,258.8,262.28,262.28,3817458,0.0,1.0,MCD
2024-04-09,259.89,263.26,259.18,263.03,263.03,3815104,0.0,1.0,MCD
2024-04-08,260.88,262.3,259.55,261.2,261.2,3411835,0.0,1.0,MCD
2024-04-05,263.01,264.18,260.02,260.35,260.35,6613921,0.0,1.0,MCD
2024-04-04,269.67,269.67,263.5,263.67,263.67,3958778,0.0,1.0,MCD
2024-04-03,269.99,271.35,268.6,268.99,268.99,2638153,0.0,1.0,MCD
2024-04-02,273.34,273.81,270.85,271.13,271.13,2818346,0.0,1.0,MCD
2024-04-01,274.8,274.85,272.01,273.55,273.55,2293133,0.0,1.0,MCD
2024-03-28,275.54,276.64,274.56,275.24,275.24,3454073,0.0,1.0,MCD
2024-03-27,271.48,275.58,271.48,275.31,275.31,2604991,0.0,1.0,MCD
2024-03-26,272.58,272.8,270.58,271.99,271.99,2572061,0.0,1.0,MCD
2024-03-25,273.34,273.91,271.04,271.99,271.99,2985467,0.0,1.0,MCD
2024-03-22,277.13,277.62,275.41,275.91,275.91,2556320,0.0,1.0,MCD
2024-03-21,277.73,278.79,275.92,276.79,276.79,3653332,0.0,1.0,MCD
2024-03-20,276.76,277.83,274.68,277.68,277.68,2867302,0.0,1.0,MCD
2024-03-19,272.56,277.63,271.96,276.14,276.14,4055380,0.0,1.0,MCD
2024-03-18,272.82,273.63,271.46,271.95,271.95,3319435,0.0,1.0,MCD
2024-03-15,275.18,277.47,271.76,272.5,272.5,5071675,0.0,1.0,MCD
2024-03-14,275.7,275.8,271.22,275.03,275.03,4611589,0.0,1.0,MCD
2024-03-13,285.31,286.49,275.88,276.13,276.13,5332878,0.0,1.0,MCD
2024-03-12,288.65,289.31,286.56,287.31,287.31,2032708,0.0,1.0,MCD
2024-03-11,285.2,288.42,284.93,287.81,287.81,2888571,0.0,1.0,MCD
2024-03-08,283.14,286.5,281.96,285.59,285.59,2482336,0.0,1.0,MCD
2024-03-07,287.2,287.9,284.11,284.19,284.19,2237730,0.0,1.0,MCD
2024-03-06,286.35,288.12,285.2,285.96,285.96,2347965,0.0,1.0,MCD
2024-03-05,284.62,286.53,282.05,285.58,285.58,2969609,0.0,1.0,MCD
2024-03-04,282.49,284.31,281.64,284.02,284.02,2832011,0.0,1.0,MCD
2024-03-01,284.46,285.71,282.64,283.81,283.81,3028869,0.0,1.0,MCD
2024-02-29,287.2,287.74,284.77,285.33,285.33,3601848,1.67,1.0,MCD
2024-02-28,285.41,287.41,284.13,286.53,286.53,2507286,0.0,1.0,MCD
2024-02-27,288.09,288.09,284.72,285.14,285.14,2811237,0.0,1.0,MCD
2024-02-26,289.46,289.92,287.71,288.4,288.4,2595344,0.0,1.0,MCD
2024-02-23,287.32,289.98,286.41,289.02,289.02,2199138,0.0,1.0,MCD
2024-02-22,285.38,287.97,284.64,287.24,287.24,3146598,0.0,1.0,MCD
2024-02-21,284.49,286.54,283.68,285.29,285.29,2076811,0.0,1.0,MCD
2024-02-20,283.43,286.83,283.28,284.07,284.07,2263994,0.0,1.0,MCD
2024-02-16,282.26,285.08,280.77,283.45,283.45,2837573,0.0,1.0,MCD
2024-02-15,279.45,283.53,278.85,283.3,283.3,2401617,0.0,1.0,MCD
2024-02-14,278.89,279.86,278.18,279.72,279.72,2139326,0.0,1.0,MCD
2024-02-13,280.16,281.4,277.29,278.69,278.69,2756190,0.0,1.0,MCD
2024-02-12,280.52,282.65,280.29,280.95,280.95,2392314,0.0,1.0,MCD
2024-02-09,283.58,283.93,280.44,280.98,280.98,3323000,0.0,1.0,MCD
2024-02-08,277.8,284.55,275.86,283.37,283.37,4605245,0.0,1.0,MCD
2024-02-07,276.69,282.01,275.78,278.9,278.9,3954659,0.0,1.0,MCD
2024-02-06,274.67,276.33,273.28,276.3,276.3,5928192,0.0,1.0,MCD
2024-02-05,278.59,282.89,275.02,277.58,277.58,7581895,0.0,1.0,MCD
2024-02-02,287.39,289.42,284.75,288.34,288.34,3971607,0.0,1.0,MCD
2024-02-01,283.14,289.38,281.77,289.34,289.34,3380568,0.0,1.0,MCD
2024-01-31,287.22,288.72,283.1,284.13,284.13,3476264,0.0,1.0,MCD
2024-01-30,283.57,286.27,281.69,286.01,286.01,2524205,0.0,1.0,MCD
2024-01-29,283.09,284.17,279.85,283.74,283.74,3899706,0.0,1.0,MCD
2024-01-26,286.67,287.3,283.14,283.69,283.69,4210521,0.0,1.0,MCD
2024-01-25,291.92,292.47,287.4,288.49,288.49,3219625,0.0,1.0,MCD
2024-01-24,291.2,293.18,290.53,291.63,291.63,3208896,0.0,1.0,MCD
2024-01-23,288.72,291.4,288.41,291.25,291.25,1873976,0.0,1.0,MCD
2024-01-22,292.12,293.52,289.0,289.66,289.66,3250224,0.0,1.0,MCD
2024-01-19,289.26,292.25,287.83,291.71,291.71,4250885,0.0,1.0,MCD
2024-01-18,283.52,285.84,282.76,285.73,285.73,2221156,0.0,1.0,MCD
2024-01-17,281.63,283.76,281.61,282.62,282.62,2008289,0.0,1.0,MCD
2024-01-16,284.86,285.62,281.47,282.55,282.55,2859014,0.0,1.0,MCD
2024-01-12,286.79,287.07,284.25,284.86,284.86,1714818,0.0,1.0,MCD
2024-01-11,285.81,286.3,282.12,285.52,285.52,2047352,0.0,1.0,MCD
2024-01-10,282.46,285.75,282.34,285.46,285.46,2199689,0.0,1.0,MCD
2024-01-09,281.13,282.34,279.09,282.34,282.34,2176451,0.0,1.0,MCD
2024-01-08,280.05,283.43,279.09,283.34,283.34,3097218,0.0,1.0,MCD
2024-01-05,280.73,281.81,278.78,280.51,280.51,3405521,0.0,1.0,MCD
2024-01-04,286.66,288.55,282.39,283.18,283.18,4615370,0.0,1.0,MCD
2024-01-03,288.29,289.25,285.62,285.75,285.75,3114788,0.0,1.0,MCD
2024-01-02,286.4,288.56,286.4,288.33,288.33,4458519,0.0,1.0,MCD
2023-12-29,287.15,288.14,286.65,287.81,287.81,2227806,0.0,1.0,MCD
2023-12-28,285.83,287.77,285.38,287.16,287.16,1907271,0.0,1.0,MCD
2023-12-27,283.92,285.99,283.89,285.91,285.91,1887333,0.0,1.0,MCD
2023-12-26,282.68,284.45,282.36,284.27,284.27,1381655,0.0,1.0,MCD
2023-12-22,282.17,283.89,281.98,283.14,283.14,1700320,0.0,1.0,MCD
2023-12-21,282.05,282.98,280.8,282.84,282.84,2313127,0.0,1.0,MCD
2023-12-20,282.2,283.11,280.25,280.51,280.51,2398593,0.0,1.0,MCD
2023-12-19,282.14,283.16,281.1,282.2,282.2,2052559,0.0,1.0,MCD
2023-12-18,280.18,282.07,279.12,281.72,281.72,2490110,0.0,1.0,MCD
2023-12-15,281.89,283.19,277.34,278.84,278.84,6328510,0.0,1.0,MCD
2023-12-14,285.96,286.61,279.56,281.51,281.51,4626777,0.0,1.0,MCD
2023-12-13,283.13,287.29,283.0,287.25,287.25,3312275,0.0,1.0,MCD
2023-12-12,280.64,283.14,280.05,282.87,282.87,2252223,0.0,1.0,MCD
2023-12-11,277.18,280.82,277.18,280.67,280.67,3353037,0.0,1.0,MCD
2023-12-08,278.9,279.45,276.69,277.15,277.15,3623843,0.0,1.0,MCD
2023-12-07,279.06,279.7,277.26,278.38,278.38,3131914,0.0,1.0,MCD
2023-12-06,278.32,278.94,275.09,278.45,278.45,2757546,0.0,1.0,MCD
2023-12-05,278.14,280.29,276.84,278.13,278.13,3005333,0.0,1.0,MCD
2023-12-04,276.63,278.97,276.63,277.74,277.74,3522889,0.0,1.0,MCD
2023-12-01,274.94,278.45,274.7,277.57,277.57,4967526,0.0,1.0,MCD
2023-11-30,272.19,274.0,269.9,273.57,273.57,5030565,1.67,1.0,MCD
2023-11-29,272.32,272.57,269.7,270.55,270.55,2433432,0.0,1.0,MCD
2023-11-28,271.63,273.6,271.48,272.2,272.2,2199591,0.0,1.0,MCD
2023-11-27,272.75,273.95,271.24,271.96,271.96,3703855,0.0,1.0,MCD
2023-11-24,272.12,272.68,271.18,272.64,272.64,1217950,0.0,1.0,MCD
2023-11-22,271.39,272.51,271.34,272.05,272.05,2285961,0.0,1.0,MCD
2023-11-21,270.06,270.83,268.67,270.64,270.64,2941040,0.0,1.0,MCD
2023-11-20,265.7,269.99,265.38,269.25,269.25,3499648,0.0,1.0,MCD
2023-11-17,266.86,267.41,265.51,266.08,266.08,2604865,0.0,1.0,MCD
2023-11-16,261.57,266.48,261.53,266.44,266.44,3593676,0.0,1.0,MCD
2023-11-15,262.88,263.53,259.6,260.91,260.91,2576075,0.0,1.0,MCD
2023-11-14,260.54,262.14,259.91,261.97,261.97,2647793,0.0,1.0,MCD
2023-11-13,258.03,260.27,257.89,259.76,259.76,2591880,0.0,1.0,MCD
2023-11-10,257.96,258.73,255.91,258.4,258.4,2665049,0.0,1.0,MCD
2023-11-09,258.84,258.93,256.62,257.55,257.55,2501652,0.0,1.0,MCD
2023-11-08,259.41,260.59,257.91,258.11,258.11,2223517,0.0,1.0,MCD
2023-11-07,259.38,260.33,258.71,259.25,259.25,2360790,0.0,1.0,MCD
2023-11-06,258.62,259.67,257.93,259.48,259.48,3090714,0.0,1.0,MCD
2023-11-03,258.18,259.19,256.18,258.48,258.48,3126467,0.0,1.0,MCD
2023-11-02,254.35,258.05,254.27,257.5,257.5,4109728,0.0,1.0,MCD
2023-11-01,253.78,254.15,250.73,252.79,252.79,3542997,0.0,1.0,MCD
2023-10-31,254.23,254.45,250.65,252.98,252.98,3990553,0.0,1.0,MCD
2023-10-30,250.98,252.87,245.68,251.03,251.03,6305078,0.0,1.0,MCD
2023-10-27,247.56,250.29,245.94,246.8,246.8,3209027,0.0,1.0,MCD
2023-10-26,249.3,250.44,246.72,246.86,246.86,2702639,0.0,1.0,MCD
2023-10-25,249.07,250.34,247.93,248.99,248.99,2759053,0.0,1.0,MCD
2023-10-24,245.75,248.73,245.75,248.25,248.25,2467986,0.0,1.0,MCD
2023-10-23,247.62,248.22,245.62,245.82,245.82,3409763,0.0,1.0,MCD
2023-10-20,249.88,251.21,248.53,249.06,249.06,3779195,0.0,1.0,MCD
2023-10-19,247.28,253.36,247.28,249.32,249.32,5646173,0.0,1.0,MCD
2023-10-18,243.99,248.08,243.5,247.06,247.06,4559192,0.0,1.0,MCD
2023-10-17,241.32,242.59,240.64,242.34,242.34,2627508,0.0,1.0,MCD
2023-10-16,240.48,241.71,239.37,241.18,241.18,2774674,0.0,1.0,MCD
2023-10-13,238.17,240.09,237.38,239.61,239.61,2647124,0.0,1.0,MCD
2023-10-12,242.87,243.31,237.26,237.56,237.56,3528336,0.0,1.0,MCD
2023-10-11,243.74,243.84,240.64,242.12,242.12,2919421,0.0,1.0,MCD
2023-10-10,242.9,244.55,241.72,242.7,242.7,3129625,0.0,1.0,MCD
2023-10-09,239.04,241.23,238.59,241.16,241.16,2782286,0.0,1.0,MCD
2023-10-06,241.24,242.03,237.12,239.52,239.52,5130674,0.0,1.0,MCD
2023-10-05,247.03,248.81,242.76,243.39,243.39,3799645,0.0,1.0,MCD
2023-10-04,246.38,247.27,245.11,246.84,246.84,2819983,0.0,1.0,MCD
2023-10-03,248.19,249.25,244.97,245.57,245.57,3408128,0.0,1.0,MCD
2023-10-02,252.82,252.88,248.43,248.72,248.72,4425045,0.0,1.0,MCD
2023-09-29,257.79,258.0,252.58,254.21,254.21,3367111,0.0,1.0,MCD
2023-09-28,254.97,256.97,253.91,256.28,256.28,2182553,0.0,1.0,MCD
2023-09-27,258.34,258.55,253.09,254.4,254.4,2734864,0.0,1.0,MCD
2023-09-26,259.4,259.86,257.24,258.34,258.34,2251605,0.0,1.0,MCD
2023-09-25,260.97,262.23,259.48,260.32,260.32,1895538,0.0,1.0,MCD
2023-09-22,261.89,264.05,261.34,262.68,262.68,1958486,0.0,1.0,MCD
2023-09-21,267.23,267.47,261.52,261.71,261.71,2370338,0.0,1.0,MCD
2023-09-20,268.97,270.45,267.43,267.48,267.48,1979858,0.0,1.0,MCD
2023-09-19,266.75,268.5,266.75,268.38,268.38,2128275,0.0,1.0,MCD
2023-09-18,268.95,270.45,267.22,267.99,267.99,2884929,0.0,1.0,MCD
2023-09-15,273.91,273.91,268.0,268.48,268.48,5730667,0.0,1.0,MCD
2023-09-14,273.4,275.59,272.67,274.78,274.78,2219694,0.0,1.0,MCD
2023-09-13,271.8,272.97,270.77,271.89,271.89,1724297,0.0,1.0,MCD
2023-09-12,269.69,271.63,267.95,270.87,270.87,1450296,0.0,1.0,MCD
2023-09-11,269.89,270.31,268.8,269.95,269.95,2433249,0.0,1.0,MCD
2023-09-08,268.33,270.52,268.11,269.43,269.43,2351438,0.0,1.0,MCD
2023-09-07,267.53,269.21,266.42,268.57,268.57,3732754,0.0,1.0,MCD
2023-09-06,268.26,268.88,265.36,265.79,265.79,2705819,0.0,1.0,MCD
2023-09-05,271.15,271.77,269.28,269.38,269.38,2410330,0.0,1.0,MCD
2023-09-01,272.64,273.22,269.35,271.09,271.09,2136591,0.0,1.0,MCD
2023-08-31,273.28,273.85,271.03,271.3,271.3,2979992,1.52,1.0,MCD
2023-08-30,272.38,274.47,271.89,272.8,272.8,2410679,0.0,1.0,MCD
2023-08-29,272.52,273.12,269.15,272.18,272.18,2348500,0.0,1.0,MCD
2023-08-28,273.13,274.68,272.1,272.26,272.26,2317623,0.0,1.0,MCD
2023-08-25,273.3,274.63,272.1,273.13,273.13,3725184,0.0,1.0,MCD
2023-08-24,270.4,273.29,270.4,270.99,270.99,2006481,0.0,1.0,MCD
2023-08-23,270.67,271.76,269.35,270.53,270.53,2308755,0.0,1.0,MCD
2023-08-22,269.46,269.52,267.86,269.03,269.03,2052393,0.0,1.0,MCD
2023-08-21,270.36,270.93,267.46,268.77,268.77,2682569,0.0,1.0,MCD
2023-08-18,270.38,272.32,269.02,270.4,270.4,2624502,0.0,1.0,MCD
2023-08-17,274.64,275.01,270.44,270.52,270.52,2148388,0.0,1.0,MCD
2023-08-16,276.0,277.26,273.56,273.92,273.92,1829562,0.0,1.0,MCD
2023-08-15,276.36,277.45,275.57,276.7,276.7,1883806,0.0,1.0,MCD
2023-08-14,277.17,278.19,276.05,277.19,277.19,1712569,0.0,1.0,MCD
2023-08-11,275.69,277.33,275.22,277.01,277.01,1761803,0.0,1.0,MCD
2023-08-10,277.19,278.69,275.24,276.03,276.03,2436537,0.0,1.0,MCD
2023-08-09,277.37,278.06,276.3,276.63,276.63,1895857,0.0,1.0,MCD
2023-08-08,279.34,279.87,276.93,277.93,277.93,1948498,0.0,1.0,MCD
2023-08-07,276.3,279.67,276.28,279.67,279.67,2176903,0.0,1.0,MCD
2023-08-04,280.64,281.04,275.22,275.47,275.47,2520494,0.0,1.0,MCD
2023-08-03,277.18,279.55,277.03,279.31,279.31,1910814,0.0,1.0,MCD
2023-08-02,278.58,281.64,277.74,277.97,277.97,2390094,0.0,1.0,MCD
2023-08-01,281.21,282.08,278.57,279.36,279.36,1916689,0.0,1.0,MCD
2023-07-31,281.8,282.4,278.38,281.4,281.4,3296143,0.0,1.0,MCD
2023-07-28,283.9,285.72,281.16,282.2,282.2,2843512,0.0,1.0,MCD
2023-07-27,280.25,286.87,279.78,283.31,283.31,4698527,0.0,1.0,MCD
2023-07-26,280.49,280.81,277.85,280.01,280.01,2896877,0.0,1.0,MCD
2023-07-25,282.36,283.06,279.91,280.6,280.6,2780605,0.0,1.0,MCD
2023-07-24,284.09,285.0,282.99,283.43,283.43,2034581,0.0,1.0,MCD
2023-07-21,285.68,287.3,283.44,283.71,283.71,2835490,0.0,1.0,MCD
2023-07-20,282.47,285.59,282.28,285.17,285.17,2104322,0.0,1.0,MCD
2023-07-19,283.13,283.51,281.42,282.29,282.29,1969215,0.0,1.0,MCD
2023-07-18,282.62,283.85,280.7,282.0,282.0,1991753,0.0,1.0,MCD
2023-07-17,283.21,284.91,282.7,282.82,282.82,1670416,0.0,1.0,MCD
2023-07-14,283.37,284.14,282.18,283.07,283.07,1550122,0.0,1.0,MCD
2023-07-13,283.5,284.72,283.14,283.34,283.34,1657134,0.0,1.0,MCD
2023-07-12,284.89,285.14,283.32,283.71,283.71,2156022,0.0,1.0,MCD
2023-07-11,283.41,283.61,280.03,282.88,282.88,1529673,0.0,1.0,MCD
2023-07-10,280.63,283.72,280.57,282.64,282.64,1703743,0.0,1.0,MCD
2023-07-07,281.9,282.51,279.82,280.35,280.35,2586623,0.0,1.0,MCD
2023-07-06,283.44,284.65,281.63,283.05,283.05,2569643,0.0,1.0,MCD
2023-07-05,283.23,285.35,282.74,284.95,284.95,2356221,0.0,1.0,MCD
2023-07-03,285.81,286.39,282.94,282.98,282.98,1601266,0.0,1.0,MCD
2023-06-30,283.26,287.06,283.02,286.4,286.4,2644801,0.0,1.0,MCD
2023-06-29,279.82,282.8,278.53,282.62,282.62,1743969,0.0,1.0,MCD
2023-06-28,279.72,280.08,277.42,280.0,280.0,1666616,0.0,1.0,MCD
2023-06-27,278.63,280.72,277.99,279.58,279.58,1815134,0.0,1.0,MCD
2023-06-26,277.98,278.09,275.52,277.46,277.46,1851773,0.0,1.0,MCD
2023-06-23,279.63,280.68,277.98,278.24,278.24,3720646,0.0,1.0,MCD
2023-06-22,282.76,283.21,279.79,281.5,281.5,1800804,0.0,1.0,MCD
2023-06-21,281.52,283.28,281.03,282.67,282.67,2837179,0.0,1.0,MCD
2023-06-20,281.83,285.22,280.9,281.25,281.25,2729976,0.0,1.0,MCD
2023-06-16,282.66,284.63,281.34,281.88,281.88,4891171,0.0,1.0,MCD
2023-06-15,277.99,281.67,276.66,280.84,280.84,2619166,0.0,1.0,MCD
2023-06-14,276.51,277.91,275.75,276.83,276.83,1964468,0.0,1.0,MCD
2023-06-13,276.89,278.03,275.97,276.94,276.94,2027785,0.0,1.0,MCD
2023-06-12,276.56,277.13,274.97,276.96,276.96,1885237,0.0,1.0,MCD
2023-06-09,274.03,275.72,273.28,275.25,275.25,1976684,0.0,1.0,MCD
2023-06-08,269.66,274.55,268.73,274.28,274.28,3043997,0.0,1.0,MCD
2023-06-07,273.0,273.28,269.99,270.56,270.56,3614835,0.0,1.0,MCD
2023-06-06,278.2,278.55,270.63,273.09,273.09,2771493,0.0,1.0,MCD
2023-06-05,278.33,278.81,276.44,276.82,276.82,1974537,0.0,1.0,MCD
2023-06-02,275.16,278.52,274.63,278.24,278.24,2869403,1.52,1.0,MCD
2023-06-01,272.03,275.01,270.77,274.85,274.85,2605265,0.0,1.0,MCD
2023-05-31,271.99,272.77,270.53,272.21,272.21,2858895,0.0,1.0,MCD
2023-05-30,271.08,273.39,270.84,272.03,272.03,3385240,0.0,1.0,MCD
2023-05-26,272.75,275.69,272.75,273.1,273.1,2148422,0.0,1.0,MCD
2023-05-25,273.81,273.93,271.83,272.6,272.6,2748258,0.0,1.0,MCD
2023-05-24,273.49,274.12,271.7,272.98,272.98,2262065,0.0,1.0,MCD
2023-05-23,275.11,275.45,272.53,273.41,273.41,2943889,0.0,1.0,MCD
2023-05-22,282.18,283.22,276.06,276.26,276.26,2514744,0.0,1.0,MCD
2023-05-19,280.54,282.61,279.24,282.18,282.18,2371249,0.0,1.0,MCD
2023-05-18,279.98,281.11,277.96,280.75,280.75,2410912,0.0,1.0,MCD
2023-05-17,282.15,282.15,279.41,280.18,280.18,2802296,0.0,1.0,MCD
2023-05-16,282.55,282.79,280.68,280.84,280.84,2859744,0.0,1.0,MCD
2023-05-15,282.39,283.22,281.33,282.51,282.51,1700450,0.0,1.0,MCD
2023-05-12,281.83,283.02,280.99,282.74,282.74,1801866,0.0,1.0,MCD
2023-05-11,283.08,283.5,280.09,281.45,281.45,1955152,0.0,1.0,MCD
2023-05-10,282.97,284.52,280.55,283.15,283.15,1849297,0.0,1.0,MCD
2023-05-09,285.12,285.34,282.89,283.24,283.24,1637587,0.0,1.0,MCD
2023-05-08,283.66,283.92,282.2,283.27,283.27,2969801,0.0,1.0,MCD
2023-05-05,282.39,283.58,281.14,283.18,283.18,1815841,0.0,1.0,MCD
2023-05-04,282.66,282.9,280.19,281.81,281.81,2005472,0.0,1.0,MCD
2023-05-03,283.33,283.81,281.32,281.86,281.86,2425452,0.0,1.0,MCD
2023-05-02,283.92,284.96,282.21,284.58,284.58,2083769,0.0,1.0,MCD
2023-05-01,282.34,285.28,282.27,284.12,284.12,2124401,0.0,1.0,MCD
2023-04-28,281.49,282.78,280.61,282.37,282.37,2838198,0.0,1.0,MCD
2023-04-27,277.57,281.7,276.88,281.39,281.39,3142286,0.0,1.0,MCD
2023-04-26,276.86,278.31,276.65,276.65,276.65,3228410,0.0,1.0,MCD
2023-04-25,281.65,281.65,276.33,278.32,278.32,5845217,0.0,1.0,MCD
2023-04-24,279.58,280.15,278.51,279.93,279.93,2995244,0.0,1.0,MCD
2023-04-21,279.09,279.29,277.37,278.85,278.85,2171180,0.0,1.0,MCD
2023-04-20,277.8,278.47,276.76,277.83,277.83,2274152,0.0,1.0,MCD
2023-04-19,277.75,278.41,277.06,278.09,278.09,2254075,0.0,1.0,MCD
2023-04-18,276.31,278.01,275.92,277.75,277.75,2086719,0.0,1.0,MCD
2023-04-17,276.73,277.37,275.14,276.22,276.22,2368778,0.0,1.0,MCD
2023-04-14,276.2,276.82,274.61,275.9,275.9,2054679,0.0,1.0,MCD
2023-04-13,273.6,276.44,273.16,275.99,275.99,3229280,0.0,1.0,MCD
2023-04-12,271.01,273.81,270.67,272.39,272.39,2557446,0.0,1.0,MCD
2023-04-11,270.36,272.62,269.96,271.61,271.61,2732890,0.0,1.0,MCD
2023-04-10,270.37,271.31,269.23,270.94,270.94,1942019,0.0,1.0,MCD
2023-04-06,269.65,270.66,268.83,270.09,270.09,1730953,0.0,1.0,MCD
2023-04-05,270.66,272.09,269.03,269.26,269.26,2600775,0.0,1.0,MCD
2023-04-04,268.68,270.6,267.7,269.51,269.51,2282434,0.0,1.0,MCD
2023-04-03,268.28,270.07,267.03,269.37,269.37,2352716,0.0,1.0,MCD
2023-03-31,266.3,267.94,265.9,266.96,266.96,2902491,0.0,1.0,MCD
2023-03-30,264.72,265.8,263.99,265.22,265.22,1788868,0.0,1.0,MCD
2023-03-29,264.47,265.56,263.94,264.89,264.89,2053558,0.0,1.0,MCD
2023-03-28,261.59,263.72,261.13,263.37,263.37,2035971,0.0,1.0,MCD
2023-03-27,259.69,262.51,258.33,261.45,261.45,2799118,0.0,1.0,MCD
2023-03-24,258.14,259.53,256.68,259.05,259.05,2229368,0.0,1.0,MCD
2023-03-23,255.86,259.19,255.86,257.42,257.42,2263814,0.0,1.0,MCD
2023-03-22,257.82,259.67,255.6,255.75,255.75,2240797,0.0,1.0,MCD
2023-03-21,257.78,258.61,255.51,257.98,257.98,3120195,0.0,1.0,MCD
2023-03-20,255.72,259.1,255.72,258.49,258.49,2109113,0.0,1.0,MCD
2023-03-17,257.37,257.76,253.69,255.11,255.11,5075300,0.0,1.0,MCD
2023-03-16,253.75,258.43,253.49,258.33,258.33,3098073,0.0,1.0,MCD
2023-03-15,252.61,254.36,250.69,254.29,254.29,3419419,0.0,1.0,MCD
2023-03-14,251.21,254.86,250.72,253.87,253.87,3194391,0.0,1.0,MCD
2023-03-13,248.59,255.3,248.59,251.18,251.18,3552410,0.0,1.0,MCD
2023-03-10,251.8,254.52,249.44,250.17,250.17,3093072,0.0,1.0,MCD
2023-03-09,255.01,255.5,249.06,249.79,249.79,2339345,0.0,1.0,MCD
2023-03-08,253.83,254.12,251.23,253.32,253.32,2313951,0.0,1.0,MCD
2023-03-07,259.23,260.79,254.75,255.04,255.04,2766688,0.0,1.0,MCD
2023-03-06,256.97,258.53,256.73,258.39,258.39,2217669,0.0,1.0,MCD
2023-03-03,256.28,257.19,254.16,256.9,256.9,2725884,0.0,1.0,MCD
2023-03-02,250.58,256.31,250.44,255.46,255.46,2386008,0.0,1.0,MCD
2023-03-01,250.66,251.61,249.84,250.83,250.83,2058920,0.0,1.0,MCD
2023-02-28,251.23,252.61,250.92,251.97,251.97,2853396,1.52,1.0,MCD
2023-02-27,251.59,252.8,250.17,251.35,251.35,2024791,0.0,1.0,MCD
2023-02-24,252.42,252.78,248.95,250.31,250.31,2645314,0.0,1.0,MCD
2023-02-23,254.12,254.29,250.57,253.25,253.25,4216978,0.0,1.0,MCD
2023-02-22,254.6,256.76,254.09,255.02,255.02,2192035,0.0,1.0,MCD
2023-02-21,255.63,256.54,254.04,254.93,254.93,2824326,0.0,1.0,MCD
2023-02-17,252.8,256.31,251.87,256.3,256.3,3055817,0.0,1.0,MCD
2023-02-16,251.63,254.13,249.93,252.35,252.35,2785588,0.0,1.0,MCD
2023-02-15,252.77,254.1,251.7,253.04,253.04,1862678,0.0,1.0,MCD
2023-02-14,253.13,253.95,251.17,253.09,253.09,2202289,0.0,1.0,MCD
2023-02-13,250.33,253.26,249.66,252.7,252.7,2418349,0.0,1.0,MCD
2023-02-10,247.64,249.37,247.09,249.11,249.11,3049897,0.0,1.0,MCD
2023-02-09,250.32,250.56,246.99,247.44,247.44,3534565,0.0,1.0,MCD
2023-02-08,251.65,252.41,249.14,249.49,249.49,2801986,0.0,1.0,MCD
2023-02-07,251.58,254.19,250.26,253.78,253.78,2513954,0.0,1.0,MCD
2023-02-06,251.55,254.6,250.95,254.33,254.33,2863920,0.0,1.0,MCD
2023-02-03,249.31,251.77,248.1,250.83,250.83,3008496,0.0,1.0,MCD
2023-02-02,251.46,252.49,248.73,249.86,249.86,3735643,0.0,1.0,MCD
2023-02-01,253.48,254.84,250.14,252.77,252.77,3557746,0.0,1.0,MCD
2023-01-31,251.65,253.94,249.9,253.84,253.84,5477850,0.0,1.0,MCD
2023-01-30,257.89,258.75,256.36,257.15,257.15,2862378,0.0,1.0,MCD
2023-01-27,261.05,261.34,258.18,258.64,258.64,2203174,0.0,1.0,MCD
2023-01-26,259.16,260.82,257.92,260.79,260.79,2222673,0.0,1.0,MCD
2023-01-25,256.62,259.22,255.19,259.16,259.16,3097376,0.0,1.0,MCD
2023-01-24,247.97,256.46,247.97,255.89,255.89,2517100,0.0,1.0,MCD
2023-01-23,255.21,257.42,254.18,255.63,255.63,2434026,0.0,1.0,MCD
2023-01-20,251.02,255.03,249.5,254.96,254.96,2588648,0.0,1.0,MCD
2023-01-19,253.19,255.49,250.17,250.21,250.21,2845599,0.0,1.0,MCD
2023-01-18,259.64,260.46,252.24,252.55,252.55,3276469,0.0,1.0,MCD
2023-01-17,256.33,261.42,256.33,260.21,260.21,3640221,0.0,1.0,MCD
2023-01-13,252.88,255.31,252.4,255.25,255.25,2169133,0.0,1.0,MCD
2023-01-12,255.83,256.23,252.69,253.17,253.17,1933090,0.0,1.0,MCD
2023-01-11,255.85,256.06,253.42,255.18,255.18,2391463,0.0,1.0,MCD
2023-01-10,253.44,255.45,253.42,255.27,255.27,1718418,0.0,1.0,MCD
2023-01-09,256.24,256.26,253.24,253.7,253.7,2654561,0.0,1.0,MCD
2023-01-06,250.38,256.2,250.03,255.8,255.8,2855559,0.0,1.0,MCD
2023-01-05,251.33,251.33,248.12,248.87,248.87,1945566,0.0,1.0,MCD
2023-01-04,252.75,253.03,249.56,250.98,250.98,2584148,0.0,1.0,MCD
2023-01-03,250.17,250.94,246.35,250.92,250.92,2743957,0.0,1.0,MCD
2022-12-30,251.75,251.92,248.14,250.17,250.17,1720151,0.0,1.0,MCD
2022-12-29,252.45,254.23,251.45,252.44,252.44,1393998,0.0,1.0,MCD
2022-12-28,254.41,254.54,251.63,251.67,251.67,1427815,0.0,1.0,MCD
2022-12-27,255.04,255.23,253.08,253.31,253.31,1674718,0.0,1.0,MCD
2022-12-23,252.42,254.74,251.36,254.0,254.0,1269060,0.0,1.0,MCD
2022-12-22,253.72,254.52,250.28,252.29,252.29,2366827,0.0,1.0,MCD
2022-12-21,253.92,256.25,253.75,254.56,254.56,2366831,0.0,1.0,MCD
2022-12-20,253.38,254.35,251.12,253.7,253.7,1785563,0.0,1.0,MCD
2022-12-19,252.75,254.81,251.25,252.35,252.35,2160779,0.0,1.0,MCD
2022-12-16,256.7,257.28,252.28,252.62,252.62,5932459,0.0,1.0,MCD
2022-12-15,259.91,260.47,255.56,257.95,257.95,2735847,0.0,1.0,MCD
2022-12-14,261.26,263.03,258.49,260.61,260.61,2660859,0.0,1.0,MCD
2022-12-13,264.55,265.71,259.76,260.37,260.37,3390149,0.0,1.0,MCD
2022-12-12,258.39,262.68,257.47,262.59,262.59,3230450,0.0,1.0,MCD
2022-12-09,259.73,260.26,257.94,258.24,258.24,1677358,0.0,1.0,MCD
2022-12-08,257.26,259.7,256.9,259.53,259.53,3022742,0.0,1.0,MCD
2022-12-07,258.68,260.09,255.99,256.63,256.63,2766448,0.0,1.0,MCD
2022-12-06,258.02,259.51,256.34,257.99,257.99,3573035,0.0,1.0,MCD
2022-12-05,257.28,258.75,256.31,257.82,257.82,2586940,0.0,1.0,MCD
2022-12-02,256.13,259.58,255.95,259.54,259.54,2807524,0.0,1.0,MCD
2022-12-01,259.31,260.33,257.63,259.54,259.54,2599642,0.0,1.0,MCD
2022-11-30,255.95,259.45,255.2,258.96,258.96,5196674,1.52,1.0,MCD
2022-11-29,255.83,256.7,254.39,256.22,256.22,2873619,0.0,1.0,MCD
2022-11-28,259.49,260.49,257.13,257.61,257.61,3160615,0.0,1.0,MCD
2022-11-25,259.14,259.9,257.59,259.61,259.61,1596579,0.0,1.0,MCD
2022-11-23,260.13,260.22,257.61,257.97,257.97,2514942,0.0,1.0,MCD
2022-11-22,259.61,259.89,258.95,259.38,259.38,2770631,0.0,1.0,MCD
2022-11-21,259.28,259.59,257.81,259.15,259.15,2974548,0.0,1.0,MCD
2022-11-18,258.59,259.7,256.89,258.07,258.07,2699237,0.0,1.0,MCD
2022-11-17,256.84,258.99,255.42,258.06,258.06,2467904,0.0,1.0,MCD
2022-11-16,253.87,259.07,253.87,257.26,257.26,4132650,0.0,1.0,MCD
2022-11-15,255.12,255.86,251.43,252.85,252.85,5429117,0.0,1.0,MCD
2022-11-14,255.77,259.33,255.43,257.03,257.03,3357448,0.0,1.0,MCD
2022-11-11,260.86,261.5,254.11,256.2,256.2,4742826,0.0,1.0,MCD
2022-11-10,265.73,265.9,257.32,260.44,260.44,4510912,0.0,1.0,MCD
2022-11-09,262.92,264.56,262.14,262.24,262.24,2610819,0.0,1.0,MCD
2022-11-08,261.36,263.87,261.02,262.82,262.82,2629039,0.0,1.0,MCD
2022-11-07,259.67,262.51,259.67,260.94,260.94,3029606,0.0,1.0,MCD
2022-11-04,260.17,260.28,256.9,259.25,259.25,3256637,0.0,1.0,MCD
2022-11-03,254.25,259.31,253.36,257.67,257.67,3225427,0.0,1.0,MCD
2022-11-02,257.72,261.18,255.18,255.24,255.24,3070720,0.0,1.0,MCD
2022-11-01,258.37,258.47,254.57,257.67,257.67,2740902,0.0,1.0,MCD
2022-10-31,257.78,258.31,255.65,257.4,257.4,3336099,0.0,1.0,MCD
2022-10-28,252.54,259.43,251.1,259.15,259.15,4647609,0.0,1.0,MCD
2022-10-27,248.28,252.05,247.58,250.27,250.27,4145682,0.0,1.0,MCD
2022-10-26,243.41,246.1,241.78,242.25,242.25,3584203,0.0,1.0,MCD
2022-10-25,240.32,242.88,240.16,241.42,241.42,2688965,0.0,1.0,MCD
2022-10-24,240.99,242.49,238.9,241.03,241.03,4125185,0.0,1.0,MCD
2022-10-21,236.2,241.07,235.53,240.3,240.3,3254868,0.0,1.0,MCD
2022-10-20,235.58,237.66,235.11,235.79,235.79,2410780,0.0,1.0,MCD
2022-10-19,236.01,238.39,235.17,236.71,236.71,3021325,0.0,1.0,MCD
2022-10-18,235.41,236.4,233.41,235.24,235.24,3123554,0.0,1.0,MCD
2022-10-17,232.04,233.38,229.9,232.68,232.68,2758210,0.0,1.0,MCD
2022-10-14,235.14,235.47,228.84,229.55,229.55,2918634,0.0,1.0,MCD
2022-10-13,221.34,235.35,221.34,232.94,232.94,5027008,0.0,1.0,MCD
2022-10-12,223.99,226.6,223.79,223.79,223.79,2709329,0.0,1.0,MCD
2022-10-11,221.05,225.74,220.84,223.78,223.78,3169249,0.0,1.0,MCD
2022-10-10,220.35,223.04,220.35,221.8,221.8,2668736,0.0,1.0,MCD
2022-10-07,220.86,221.47,219.09,220.14,220.14,2294343,0.0,1.0,MCD
2022-10-06,225.94,226.45,221.33,221.61,221.61,2999161,0.0,1.0,MCD
2022-10-05,223.65,226.95,222.92,225.71,225.71,3032973,0.0,1.0,MCD
2022-10-04,223.46,227.55,222.99,225.15,225.15,3685899,0.0,1.0,MCD
2022-10-03,220.45,223.59,218.74,222.17,222.17,3286854,0.0,1.0,MCD
2022-09-30,220.26,221.69,217.67,217.82,217.82,3629346,0.0,1.0,MCD
2022-09-29,223.09,224.36,219.45,221.28,221.28,3053196,0.0,1.0,MCD
2022-09-28,222.91,225.18,220.68,223.68,223.68,4202520,0.0,1.0,MCD
2022-09-27,230.89,231.22,223.32,223.45,223.45,4193797,0.0,1.0,MCD
2022-09-26,232.17,232.46,228.87,230.12,230.12,3179136,0.0,1.0,MCD
2022-09-23,233.37,235.15,230.52,232.18,232.18,2672105,0.0,1.0,MCD
2022-09-22,236.37,236.41,233.79,234.06,234.06,2292951,0.0,1.0,MCD
2022-09-21,240.85,242.53,237.03,237.03,237.03,2438811,0.0,1.0,MCD
2022-09-20,241.77,242.13,238.63,241.1,241.1,2140264,0.0,1.0,MCD
2022-09-19,239.78,243.13,239.17,242.62,242.62,2196034,0.0,1.0,MCD
2022-09-16,237.75,241.5,237.66,240.64,240.64,4304082,0.0,1.0,MCD
2022-09-15,240.75,240.94,238.36,239.28,239.28,2289465,0.0,1.0,MCD
2022-09-14,240.73,243.81,240.13,241.41,241.41,2745402,0.0,1.0,MCD
2022-09-13,243.31,244.46,239.47,240.09,240.09,2604856,0.0,1.0,MCD
2022-09-12,245.45,246.77,244.9,245.8,245.8,2204324,0.0,1.0,MCD
2022-09-09,245.69,246.15,243.76,244.99,244.99,2007248,0.0,1.0,MCD
2022-09-08,243.42,246.47,242.93,245.52,245.52,2448912,0.0,1.0,MCD
2022-09-07,240.86,245.28,240.69,243.96,243.96,4185152,0.0,1.0,MCD
2022-09-06,240.23,242.36,239.2,240.15,240.15,2638579,0.0,1.0,MCD
2022-09-02,243.0,244.11,239.18,240.26,240.26,1791551,0.0,1.0,MCD
2022-09-01,237.72,242.17,237.67,242.11,242.11,2577843,0.0,1.0,MCD
2022-08-31,239.94,241.37,238.08,238.16,238.16,3119229,1.38,1.0,MCD
2022-08-30,240.36,241.03,237.14,238.0,238.0,2051259,0.0,1.0,MCD
2022-08-29,239.89,241.02,239.03,240.04,240.04,2015050,0.0,1.0,MCD
2022-08-26,246.74,247.12,240.72,241.25,241.25,2357840,0.0,1.0,MCD
2022-08-25,245.98,246.63,244.3,246.52,246.52,1330619,0.0,1.0,MCD
2022-08-24,244.78,245.99,243.98,244.92,244.92,1777334,0.0,1.0,MCD
2022-08-23,246.57,247.26,244.61,244.62,244.62,2211064,0.0,1.0,MCD
2022-08-22,248.34,249.55,246.34,246.88,246.88,1986909,0.0,1.0,MCD
2022-08-19,249.69,251.39,249.31,250.25,250.25,1833797,0.0,1.0,MCD
2022-08-18,249.74,251.02,249.2,250.29,250.29,1591923,0.0,1.0,MCD
2022-08-17,249.71,251.59,249.35,250.51,250.51,1699066,0.0,1.0,MCD
2022-08-16,248.84,250.81,248.11,250.02,250.02,1828116,0.0,1.0,MCD
2022-08-15,246.19,249.39,245.29,249.22,249.22,2342816,0.0,1.0,MCD
2022-08-12,243.69,246.47,243.69,246.16,246.16,1530824,0.0,1.0,MCD
2022-08-11,247.12,247.18,242.83,243.44,243.44,2007282,0.0,1.0,MCD
2022-08-10,245.99,247.59,244.58,245.39,245.39,2967962,0.0,1.0,MCD
2022-08-09,241.2,244.3,240.69,244.17,244.17,2315836,0.0,1.0,MCD
2022-08-08,244.11,244.97,239.74,241.11,241.11,2253706,0.0,1.0,MCD
2022-08-05,243.77,244.14,241.36,243.39,243.39,1818555,0.0,1.0,MCD
2022-08-04,245.71,246.16,242.88,244.71,244.71,2089596,0.0,1.0,MCD
2022-08-03,245.1,246.85,243.88,246.07,246.07,2305469,0.0,1.0,MCD
2022-08-02,248.45,249.23,244.95,245.1,245.1,2375235,0.0,1.0,MCD
2022-08-01,246.5,249.24,246.37,248.08,248.08,2383975,0.0,1.0,MCD
2022-07-29,247.54,248.2,246.08,247.28,247.28,2653895,0.0,1.0,MCD
2022-07-28,242.98,247.87,241.82,247.36,247.36,2849053,0.0,1.0,MCD
2022-07-27,240.17,244.03,239.13,243.07,243.07,2718471,0.0,1.0,MCD
2022-07-26,234.31,243.38,233.5,241.38,241.38,5272297,0.0,1.0,MCD
2022-07-25,239.01,239.23,233.46,235.08,235.08,2860421,0.0,1.0,MCD
2022-07-22,238.24,238.98,237.02,238.47,238.47,2226576,0.0,1.0,MCD
2022-07-21,238.47,239.23,236.9,237.98,237.98,2056470,0.0,1.0,MCD
2022-07-20,241.09,241.21,237.98,239.02,239.02,2183656,0.0,1.0,MCD
2022-07-19,238.37,240.94,237.51,240.83,240.83,2181323,0.0,1.0,MCD
2022-07-18,239.64,239.97,236.67,236.99,236.99,2164571,0.0,1.0,MCD
2022-07-15,238.5,240.72,237.96,239.43,239.43,2627237,0.0,1.0,MCD
2022-07-14,234.62,237.63,234.37,237.16,237.16,2371030,0.0,1.0,MCD
2022-07-13,233.75,239.23,233.09,237.23,237.23,2205342,0.0,1.0,MCD
2022-07-12,237.51,240.0,235.44,236.11,236.11,2112805,0.0,1.0,MCD
2022-07-11,236.68,239.8,236.68,237.8,237.8,1478345,0.0,1.0,MCD
2022-07-08,237.16,239.06,236.9,237.76,237.76,1450519,0.0,1.0,MCD
2022-07-07,237.78,239.34,235.83,237.48,237.48,2396689,0.0,1.0,MCD
2022-07-06,237.04,237.41,234.13,236.09,236.09,1948691,0.0,1.0,MCD
2022-07-05,235.8,237.54,234.4,236.87,236.87,2392617,0.0,1.0,MCD
2022-07-01,231.3,237.67,230.97,237.5,237.5,2531474,0.0,1.0,MCD
2022-06-30,233.08,233.4,230.45,231.79,231.79,2786218,0.0,1.0,MCD
2022-06-29,231.1,233.66,230.13,232.6,232.6,2997210,0.0,1.0,MCD
2022-06-28,231.96,234.69,227.7,227.99,227.99,2381745,0.0,1.0,MCD
2022-06-27,232.75,233.57,231.5,231.93,231.93,2059304,0.0,1.0,MCD
2022-06-24,230.27,232.84,229.55,232.75,232.75,3104842,0.0,1.0,MCD
2022-06-23,228.81,230.11,225.76,228.7,228.7,1937201,0.0,1.0,MCD
2022-06-22,224.2,229.61,223.79,228.21,228.21,3054788,0.0,1.0,MCD
2022-06-21,221.78,225.43,219.83,224.95,224.95,3263514,0.0,1.0,MCD
2022-06-17,219.91,221.1,217.98,220.06,220.06,7236261,0.0,1.0,MCD
2022-06-16,221.65,222.82,219.53,220.82,220.82,3271976,0.0,1.0,MCD
2022-06-15,225.2,226.82,221.69,224.3,224.3,3152171,0.0,1.0,MCD
2022-06-14,225.3,228.06,224.04,224.17,224.17,3564777,0.0,1.0,MCD
2022-06-13,218.56,225.43,218.46,223.9,223.9,4697049,0.0,1.0,MCD
2022-06-10,224.56,224.87,222.67,222.87,222.87,1994336,0.0,1.0,MCD
2022-06-09,228.73,230.97,227.24,227.36,227.36,2682889,0.0,1.0,MCD
2022-06-08,232.75,233.3,229.92,230.6,230.6,2101295,0.0,1.0,MCD
2022-06-07,230.97,234.53,230.53,233.73,233.73,2782196,0.0,1.0,MCD
2022-06-06,233.86,234.28,232.22,232.91,232.91,1569322,0.0,1.0,MCD
2022-06-03,233.25,234.98,233.0,233.18,233.18,1838859,1.38,1.0,MCD
2022-06-02,233.05,233.84,229.9,233.78,233.78,2089654,0.0,1.0,MCD
2022-06-01,236.4,236.62,231.74,232.75,232.75,2264141,0.0,1.0,MCD
2022-05-31,233.43,237.42,232.15,235.49,235.49,3924700,0.0,1.0,MCD
2022-05-27,232.96,235.17,232.29,235.17,235.17,2063755,0.0,1.0,MCD
2022-05-26,229.69,232.8,229.31,231.64,231.64,1972341,0.0,1.0,MCD
2022-05-25,226.5,229.41,225.57,227.83,227.83,2641667,0.0,1.0,MCD
2022-05-24,221.75,229.5,221.71,228.31,228.31,5258233,0.0,1.0,MCD
2022-05-23,220.13,223.05,218.02,222.22,222.22,3053463,0.0,1.0,MCD
2022-05-20,216.04,218.54,213.43,218.4,218.4,3208225,0.0,1.0,MCD
2022-05-19,214.28,216.76,213.2,213.82,213.82,3518259,0.0,1.0,MCD
2022-05-18,223.58,224.16,215.1,215.73,215.73,3946143,0.0,1.0,MCD
2022-05-17,229.69,230.62,223.58,225.61,225.61,3205114,0.0,1.0,MCD
2022-05-16,228.25,229.2,224.77,227.86,227.86,2147127,0.0,1.0,MCD
2022-05-13,230.76,230.79,226.22,228.79,228.79,3255435,0.0,1.0,MCD
2022-05-12,229.06,230.05,225.13,228.0,228.0,2860983,0.0,1.0,MCD
2022-05-11,229.01,230.43,227.09,228.22,228.22,2833269,0.0,1.0,MCD
2022-05-10,232.48,234.25,228.69,229.39,229.39,3070804,0.0,1.0,MCD
2022-05-09,230.62,233.33,230.43,231.08,231.08,2918862,0.0,1.0,MCD
2022-05-06,231.74,235.71,231.28,234.15,234.15,2964684,0.0,1.0,MCD
2022-05-05,236.12,237.62,230.42,232.42,232.42,2925873,0.0,1.0,MCD
2022-05-04,229.84,237.89,229.84,237.46,237.46,3268420,0.0,1.0,MCD
2022-05-03,230.99,231.41,226.22,229.57,229.57,2562085,0.0,1.0,MCD
2022-05-02,234.23,234.87,226.2,230.29,230.29,3418657,0.0,1.0,MCD
2022-04-29,237.42,237.95,232.31,232.64,232.64,3388214,0.0,1.0,MCD
2022-04-28,233.37,239.38,231.63,237.34,237.34,3549490,0.0,1.0,MCD
2022-04-27,231.54,234.33,230.67,230.76,230.76,2706541,0.0,1.0,MCD
2022-04-26,233.55,235.68,231.87,232.1,232.1,2936464,0.0,1.0,MCD
2022-04-25,232.91,236.35,231.49,236.11,236.11,2522972,0.0,1.0,MCD
2022-04-22,238.09,238.09,233.37,233.58,233.58,2643584,0.0,1.0,MCD
2022-04-21,240.57,242.39,237.98,238.33,238.33,2477103,0.0,1.0,MCD
2022-04-20,239.03,240.7,237.93,238.89,238.89,2256224,0.0,1.0,MCD
2022-04-19,233.46,238.99,233.46,238.47,238.47,2324504,0.0,1.0,MCD
2022-04-18,233.08,235.75,232.61,234.42,234.42,1426617,0.0,1.0,MCD
2022-04-14,234.67,236.91,233.83,233.9,233.9,2105884,0.0,1.0,MCD
2022-04-13,232.83,234.98,232.51,234.67,234.67,2133851,0.0,1.0,MCD
2022-04-12,234.11,235.56,232.31,232.65,232.65,2725083,0.0,1.0,MCD
2022-04-11,234.59,236.17,233.36,233.85,233.85,2326660,0.0,1.0,MCD
2022-04-08,236.26,238.16,234.28,234.79,234.79,2551093,0.0,1.0,MCD
2022-04-07,234.16,238.54,233.0,237.5,237.5,4041798,0.0,1.0,MCD
2022-04-06,231.22,235.65,229.67,234.79,234.79,2885998,0.0,1.0,MCD
2022-04-05,229.78,233.18,229.16,232.03,232.03,2523565,0.0,1.0,MCD
2022-04-04,230.43,230.87,226.31,230.47,230.47,2501545,0.0,1.0,MCD
2022-04-01,231.67,232.89,229.86,232.73,232.73,2023154,0.0,1.0,MCD
2022-03-31,233.16,234.69,230.89,230.89,230.89,3803454,0.0,1.0,MCD
2022-03-30,231.1,233.89,231.1,232.52,232.52,2227261,0.0,1.0,MCD
2022-03-29,230.02,232.17,228.54,231.72,231.72,2657596,0.0,1.0,MCD
2022-03-28,225.87,226.84,223.96,226.83,226.83,2041783,0.0,1.0,MCD
2022-03-25,224.59,225.82,223.56,225.56,225.56,2132040,0.0,1.0,MCD
2022-03-24,221.81,225.06,220.79,224.33,224.33,2337661,0.0,1.0,MCD
2022-03-23,221.41,222.23,220.31,220.47,220.47,2200593,0.0,1.0,MCD
2022-03-22,221.32,222.63,220.79,222.33,222.33,2918574,0.0,1.0,MCD
2022-03-21,223.7,224.17,218.55,219.72,219.72,3678812,0.0,1.0,MCD
2022-03-18,221.5,223.33,220.34,223.08,223.08,5113235,0.0,1.0,MCD
2022-03-17,220.76,221.73,218.99,221.73,221.73,3752945,0.0,1.0,MCD
2022-03-16,219.3,222.42,218.82,222.35,222.35,4173223,0.0,1.0,MCD
2022-03-15,212.87,219.01,212.87,217.15,217.15,5087427,0.0,1.0,MCD
2022-03-14,211.75,213.3,208.37,211.18,211.18,4436285,0.0,1.0,MCD
2022-03-11,209.84,213.92,209.33,211.83,211.83,6126339,0.0,1.0,MCD
2022-03-10,205.6,207.33,203.24,207.28,207.28,5444938,0.0,1.0,MCD
2022-03-09,211.75,212.18,207.29,207.72,207.72,5630456,0.0,1.0,MCD
2022-03-08,209.46,214.51,207.47,208.02,208.02,5258764,0.0,1.0,MCD
2022-03-07,218.78,218.78,209.33,209.46,209.46,5425045,0.0,1.0,MCD
2022-03-04,219.07,220.72,216.28,220.18,220.18,4186494,0.0,1.0,MCD
2022-03-03,225.03,226.27,220.06,220.96,220.96,4707353,0.0,1.0,MCD
2022-03-02,224.88,226.65,223.72,224.97,224.97,4482140,0.0,1.0,MCD
2022-03-01,226.24,227.45,222.5,223.74,223.74,3910650,0.0,1.0,MCD
2022-02-28,228.23,229.43,226.29,228.54,228.54,4410429,1.38,1.0,MCD
2022-02-25,228.4,231.68,226.2,231.61,231.61,4549747,0.0,1.0,MCD
2022-02-24,225.55,228.01,222.47,227.5,227.5,4856005,0.0,1.0,MCD
2022-02-23,235.39,235.69,229.41,230.07,230.07,3497365,0.0,1.0,MCD
2022-02-22,232.13,236.48,231.75,234.62,234.62,3962458,0.0,1.0,MCD
2022-02-18,232.43,234.24,232.13,232.67,232.67,2813521,0.0,1.0,MCD
2022-02-17,233.49,234.79,232.12,232.98,232.98,2831886,0.0,1.0,MCD
2022-02-16,235.62,236.39,233.23,234.99,234.99,2941810,0.0,1.0,MCD
2022-02-15,236.59,238.54,235.42,235.65,235.65,2171763,0.0,1.0,MCD
2022-02-14,237.6,237.92,233.67,235.26,235.26,2825835,0.0,1.0,MCD
2022-02-11,238.5,240.25,236.51,236.91,236.91,3592716,0.0,1.0,MCD
2022-02-10,240.1,241.81,237.66,238.5,238.5,3246762,0.0,1.0,MCD
2022-02-09,243.25,244.08,240.85,241.27,241.27,2379345,0.0,1.0,MCD
2022-02-08,241.87,243.61,240.57,241.48,241.48,2920071,0.0,1.0,MCD
2022-02-07,242.33,242.87,240.63,241.26,241.26,1959336,0.0,1.0,MCD
2022-02-04,241.28,243.01,239.35,241.46,241.46,1989682,0.0,1.0,MCD
2022-02-03,243.26,244.0,241.47,242.0,242.0,2242396,0.0,1.0,MCD
2022-02-02,240.32,243.83,240.0,243.52,243.52,2371460,0.0,1.0,MCD
2022-02-01,241.17,241.31,237.3,240.46,240.46,2496547,0.0,1.0,MCD
2022-01-31,236.78,240.94,236.24,240.89,240.89,3174167,0.0,1.0,MCD
2022-01-28,232.12,238.01,229.48,237.77,237.77,3833241,0.0,1.0,MCD
2022-01-27,231.75,234.4,227.71,230.95,230.95,5201054,0.0,1.0,MCD
2022-01-26,234.9,236.03,230.13,231.98,231.98,3838994,0.0,1.0,MCD
2022-01-25,232.89,234.47,229.4,232.75,232.75,3908580,0.0,1.0,MCD
2022-01-24,234.33,235.75,230.05,235.47,235.47,5155195,0.0,1.0,MCD
2022-01-21,235.87,239.97,235.54,236.38,236.38,3738309,0.0,1.0,MCD
2022-01-20,238.26,239.65,234.81,235.02,235.02,2602190,0.0,1.0,MCD
2022-01-19,239.13,239.5,236.83,236.96,236.96,2116659,0.0,1.0,MCD
2022-01-18,238.58,238.71,236.12,238.13,238.13,2864350,0.0,1.0,MCD
2022-01-14,242.46,242.55,238.76,239.28,239.28,3460060,0.0,1.0,MCD
2022-01-13,242.71,244.98,241.95,242.71,242.71,2371250,0.0,1.0,MCD
2022-01-12,244.53,245.07,241.66,242.26,242.26,3043954,0.0,1.0,MCD
2022-01-11,244.64,245.07,241.7,243.37,243.37,3074513,0.0,1.0,MCD
2022-01-10,247.64,247.64,243.27,245.5,245.5,3122526,0.0,1.0,MCD
2022-01-07,249.35,250.84,247.9,247.96,247.96,2209088,0.0,1.0,MCD
2022-01-06,248.94,251.39,248.64,250.4,250.4,2908568,0.0,1.0,MCD
2022-01-05,250.04,250.95,247.81,248.08,248.08,2473043,0.0,1.0,MCD
2022-01-04,250.22,251.75,249.08,249.3,249.3,2506018,0.0,1.0,MCD
2022-01-03,250.21,251.36,246.56,249.37,249.37,2750906,0.0,1.0,MCD
2021-12-31,248.83,249.87,248.1,248.89,248.89,1511759,0.0,1.0,MCD
2021-12-30,249.76,249.99,247.62,248.1,248.1,1714555,0.0,1.0,MCD
2021-12-29,249.25,250.43,248.78,249.28,249.28,1318828,0.0,1.0,MCD
2021-12-28,248.44,249.96,248.13,248.72,248.72,1303973,0.0,1.0,MCD
2021-12-27,247.41,249.07,246.97,249.05,249.05,1486007,0.0,1.0,MCD
2021-12-23,246.9,248.24,246.46,246.93,246.93,1509875,0.0,1.0,MCD
2021-12-22,245.41,246.45,245.18,245.99,245.99,1795157,0.0,1.0,MCD
2021-12-21,245.38,247.42,244.58,245.48,245.48,2851827,0.0,1.0,MCD
2021-12-20,241.06,243.22,239.94,243.01,243.01,2824534,0.0,1.0,MCD
2021-12-17,245.12,245.9,242.22,242.98,242.98,5967187,0.0,1.0,MCD
2021-12-16,246.56,247.8,245.2,246.55,246.55,2347749,0.0,1.0,MCD
2021-12-15,243.41,246.67,242.71,245.6,245.6,2641814,0.0,1.0,MCD
2021-12-14,244.19,244.73,243.03,243.74,243.74,3695552,0.0,1.0,MCD
2021-12-13,245.32,246.84,243.63,244.27,244.27,2878831,0.0,1.0,MCD
2021-12-10,245.0,246.29,243.66,246.02,246.02,2529819,0.0,1.0,MCD
2021-12-09,240.94,244.28,239.88,243.57,243.57,2955143,0.0,1.0,MCD
2021-12-08,241.4,244.01,240.56,241.01,241.01,3453106,0.0,1.0,MCD
2021-12-07,238.57,241.75,238.1,241.32,241.32,2596340,0.0,1.0,MCD
2021-12-06,234.35,238.55,234.32,237.49,237.49,3616912,0.0,1.0,MCD
2021-12-03,232.41,232.75,229.86,231.49,231.49,3229856,0.0,1.0,MCD
2021-12-02,228.09,232.43,227.47,231.0,231.0,3290454,0.0,1.0,MCD
2021-12-01,228.18,232.95,226.65,226.71,226.71,3275507,0.0,1.0,MCD
2021-11-30,229.68,230.17,226.5,227.1,227.1,3836063,1.38,1.0,MCD
2021-11-29,232.52,232.96,230.66,231.09,231.09,2084612,0.0,1.0,MCD
2021-11-26,233.13,233.73,229.22,230.82,230.82,2573259,0.0,1.0,MCD
2021-11-24,234.97,238.01,234.55,237.38,237.38,2642849,0.0,1.0,MCD
2021-11-23,235.26,236.16,233.63,236.03,236.03,2770596,0.0,1.0,MCD
2021-11-22,233.28,235.85,232.86,234.03,234.03,2438758,0.0,1.0,MCD
2021-11-19,233.85,233.88,231.02,232.62,232.62,2743402,0.0,1.0,MCD
2021-11-18,233.73,234.04,231.81,234.03,234.03,1751189,0.0,1.0,MCD
2021-11-17,233.04,233.89,231.29,233.3,233.3,1412025,0.0,1.0,MCD
2021-11-16,234.05,234.68,233.01,233.09,233.09,2195461,0.0,1.0,MCD
2021-11-15,231.43,234.29,231.43,233.53,233.53,1709216,0.0,1.0,MCD
2021-11-12,230.95,231.75,229.79,231.43,231.43,1615129,0.0,1.0,MCD
2021-11-11,233.89,233.89,230.13,230.96,230.96,1640596,0.0,1.0,MCD
2021-11-10,231.56,234.25,231.56,233.7,233.7,1794531,0.0,1.0,MCD
2021-11-09,233.5,234.22,231.23,233.26,233.26,2251617,0.0,1.0,MCD
2021-11-08,235.23,236.03,232.6,233.68,233.68,2471271,0.0,1.0,MCD
2021-11-05,235.14,237.77,235.08,235.16,235.16,3224285,0.0,1.0,MCD
2021-11-04,231.85,234.67,231.0,234.01,234.01,2711311,0.0,1.0,MCD
2021-11-03,228.96,231.85,228.89,231.18,231.18,2399239,0.0,1.0,MCD
2021-11-02,232.44,232.86,229.12,230.11,230.11,2345502,0.0,1.0,MCD
2021-11-01,226.94,232.38,226.51,231.35,231.35,4426428,0.0,1.0,MCD
2021-10-29,224.35,227.2,223.86,226.71,226.71,4329465,0.0,1.0,MCD
2021-10-28,224.72,227.2,223.92,226.66,226.66,3448483,0.0,1.0,MCD
2021-10-27,222.55,225.85,220.52,224.1,224.1,5249422,0.0,1.0,MCD
2021-10-26,219.25,220.1,218.02,218.28,218.28,3066386,0.0,1.0,MCD
2021-10-25,220.87,220.89,218.35,219.13,219.13,3178536,0.0,1.0,MCD
2021-10-22,222.24,223.65,219.74,220.14,220.14,3283657,0.0,1.0,MCD
2021-10-21,221.74,223.35,220.95,222.87,222.87,2702367,0.0,1.0,MCD
2021-10-20,221.95,224.02,220.92,221.32,221.32,3040188,0.0,1.0,MCD
2021-10-19,224.56,225.21,222.99,224.14,224.14,2071598,0.0,1.0,MCD
2021-10-18,223.82,224.77,222.63,223.67,223.67,2484874,0.0,1.0,MCD
2021-10-15,226.42,227.47,223.42,223.66,223.66,2564768,0.0,1.0,MCD
2021-10-14,224.24,226.59,223.47,225.78,225.78,2512501,0.0,1.0,MCD
2021-10-13,224.6,225.16,221.49,224.03,224.03,3214784,0.0,1.0,MCD
2021-10-12,228.72,229.52,225.44,225.76,225.76,2346972,0.0,1.0,MCD
2021-10-11,229.06,230.02,227.54,227.66,227.66,1503978,0.0,1.0,MCD
2021-10-08,230.12,230.47,228.15,228.69,228.69,1687649,0.0,1.0,MCD
2021-10-07,228.97,230.77,228.67,229.26,229.26,2423878,0.0,1.0,MCD
2021-10-06,225.79,228.19,224.37,228.14,228.14,2107922,0.0,1.0,MCD
2021-10-05,225.25,227.93,224.36,226.4,226.4,2463265,0.0,1.0,MCD
2021-10-04,223.48,226.02,223.3,224.43,224.43,2236513,0.0,1.0,MCD
2021-10-01,224.42,225.91,221.81,224.29,224.29,2076087,0.0,1.0,MCD
2021-09-30,225.99,226.59,222.34,222.61,222.61,3137256,0.0,1.0,MCD
2021-09-29,225.63,226.85,224.49,225.53,225.53,1719144,0.0,1.0,MCD
2021-09-28,228.31,228.7,224.27,225.06,225.06,3007728,0.0,1.0,MCD
2021-09-27,227.12,229.8,226.45,229.07,229.07,2463273,0.0,1.0,MCD
2021-09-24,227.71,228.4,226.42,227.51,227.51,2508923,0.0,1.0,MCD
2021-09-23,225.04,227.08,224.84,226.0,226.0,2941662,0.0,1.0,MCD
2021-09-22,223.24,226.99,222.93,224.47,224.47,3361958,0.0,1.0,MCD
2021-09-21,221.58,223.75,221.03,222.04,222.04,2008293,0.0,1.0,MCD
2021-09-20,221.47,223.39,218.48,220.74,220.74,4549932,0.0,1.0,MCD
2021-09-17,225.13,225.86,223.32,223.88,223.88,4756852,0.0,1.0,MCD
2021-09-16,221.85,224.9,221.54,224.55,224.55,3410681,0.0,1.0,MCD
2021-09-15,222.02,222.75,219.9,222.49,222.49,2507196,0.0,1.0,MCD
2021-09-14,223.18,223.66,221.12,222.63,222.63,2013793,0.0,1.0,MCD
2021-09-13,222.35,223.24,221.43,222.7,222.7,2294796,0.0,1.0,MCD
2021-09-10,221.88,222.8,220.7,220.83,220.83,2035199,0.0,1.0,MCD
2021-09-09,220.12,222.9,219.52,220.3,220.3,2992467,0.0,1.0,MCD
2021-09-08,218.63,221.08,217.89,220.31,220.31,2718376,0.0,1.0,MCD
2021-09-07,220.3,220.3,217.84,218.06,218.06,1820118,0.0,1.0,MCD
2021-09-03,220.1,221.26,219.28,220.49,220.49,1339289,0.0,1.0,MCD
2021-09-02,220.84,221.54,220.09,221.46,221.46,2140253,0.0,1.0,MCD
2021-09-01,219.62,220.7,219.01,219.87,219.87,2197240,0.0,1.0,MCD
2021-08-31,217.66,219.49,216.66,219.24,219.24,2938351,1.29,1.0,MCD
2021-08-30,217.94,218.33,216.58,217.25,217.25,2245565,0.0,1.0,MCD
2021-08-27,218.03,218.89,217.05,218.07,218.07,1784024,0.0,1.0,MCD
2021-08-26,219.27,219.39,216.64,217.58,217.58,2008052,0.0,1.0,MCD
2021-08-25,218.48,220.02,218.4,219.31,219.31,1668152,0.0,1.0,MCD
2021-08-24,220.74,220.74,218.84,218.94,218.94,1687672,0.0,1.0,MCD
2021-08-23,219.89,220.45,218.54,220.07,220.07,2086876,0.0,1.0,MCD
2021-08-20,217.59,219.82,217.01,219.0,219.0,1989849,0.0,1.0,MCD
2021-08-19,217.34,218.66,216.77,217.84,217.84,1455420,0.0,1.0,MCD
2021-08-18,219.87,220.16,218.35,218.62,218.62,2215750,0.0,1.0,MCD
2021-08-17,220.71,221.16,218.74,220.64,220.64,1651984,0.0,1.0,MCD
2021-08-16,219.47,221.35,219.06,221.28,221.28,2175409,0.0,1.0,MCD
2021-08-13,217.44,219.47,216.96,219.3,219.3,1663688,0.0,1.0,MCD
2021-08-12,216.71,217.41,215.84,217.33,217.33,1491013,0.0,1.0,MCD
2021-08-11,215.05,216.66,214.65,216.3,216.3,1969137,0.0,1.0,MCD
2021-08-10,215.89,215.89,214.17,214.37,214.37,2027812,0.0,1.0,MCD
2021-08-09,216.52,216.78,214.9,215.5,215.5,2093074,0.0,1.0,MCD
2021-08-06,217.34,217.76,216.41,216.95,216.95,1558759,0.0,1.0,MCD
2021-08-05,216.47,217.46,215.19,217.1,217.1,2230520,0.0,1.0,MCD
2021-08-04,217.13,217.26,214.0,215.64,215.64,2240575,0.0,1.0,MCD
2021-08-03,219.98,220.34,216.02,217.58,217.58,3300009,0.0,1.0,MCD
2021-08-02,224.28,224.68,220.1,220.48,220.48,2693869,0.0,1.0,MCD
2021-07-30,223.92,225.35,222.41,222.87,222.87,2336831,0.0,1.0,MCD
2021-07-29,223.43,225.16,223.12,224.08,224.08,2518392,0.0,1.0,MCD
2021-07-28,222.68,223.87,219.79,222.02,222.02,4948543,0.0,1.0,MCD
2021-07-27,224.21,226.86,224.11,226.22,226.22,3135186,0.0,1.0,MCD
2021-07-26,222.22,224.58,221.85,224.04,224.04,2638431,0.0,1.0,MCD
2021-07-23,220.5,225.02,220.02,223.1,223.1,3996402,0.0,1.0,MCD
2021-07-22,216.39,220.1,215.94,219.16,219.16,2538299,0.0,1.0,MCD
2021-07-21,216.69,218.65,216.0,216.65,216.65,2147029,0.0,1.0,MCD
2021-07-20,211.8,216.27,211.4,215.12,215.12,3275605,0.0,1.0,MCD
2021-07-19,213.51,214.25,207.91,210.52,210.52,3774949,0.0,1.0,MCD
2021-07-16,218.36,218.44,215.22,215.56,215.56,1681193,0.0,1.0,MCD
2021-07-15,217.25,217.99,215.72,217.52,217.52,2165952,0.0,1.0,MCD
2021-07-14,217.66,219.51,217.3,217.75,217.75,1993375,0.0,1.0,MCD
2021-07-13,216.4,218.06,215.97,216.87,216.87,1884568,0.0,1.0,MCD
2021-07-12,215.42,216.93,215.33,216.35,216.35,2158655,0.0,1.0,MCD
2021-07-09,214.94,216.92,214.01,216.42,216.42,2560714,0.0,1.0,MCD
2021-07-08,213.91,214.72,212.98,213.81,213.81,1932661,0.0,1.0,MCD
2021-07-07,212.97,215.78,212.78,215.45,215.45,2069409,0.0,1.0,MCD
2021-07-06,214.56,214.78,212.12,213.73,213.73,1762707,0.0,1.0,MCD
2021-07-02,214.03,214.98,213.44,214.54,214.54,1851575,0.0,1.0,MCD
2021-07-01,212.5,213.41,211.89,213.29,213.29,2210460,0.0,1.0,MCD
2021-06-30,212.05,213.27,211.75,212.11,212.11,2450791,0.0,1.0,MCD
2021-06-29,212.61,212.77,211.25,211.54,211.54,1932185,0.0,1.0,MCD
2021-06-28,213.65,213.73,211.21,212.2,212.2,2902037,0.0,1.0,MCD
2021-06-25,213.72,214.33,213.35,213.42,213.42,3000115,0.0,1.0,MCD
2021-06-24,214.97,215.94,213.71,214.26,214.26,1840079,0.0,1.0,MCD
2021-06-23,214.23,215.29,213.68,214.18,214.18,1701512,0.0,1.0,MCD
2021-06-22,214.41,215.67,213.43,214.77,214.77,1758423,0.0,1.0,MCD
2021-06-21,211.78,214.16,210.72,213.87,213.87,2193090,0.0,1.0,MCD
2021-06-18,212.55,213.86,210.12,210.85,210.85,4408221,0.0,1.0,MCD
2021-06-17,215.87,216.96,214.21,214.77,214.77,1895716,0.0,1.0,MCD
2021-06-16,217.82,217.89,214.67,216.33,216.33,2945675,0.0,1.0,MCD
2021-06-15,218.11,218.37,216.4,217.03,217.03,1948582,0.0,1.0,MCD
2021-06-14,217.8,218.34,215.62,217.61,217.61,1836842,0.0,1.0,MCD
2021-06-11,215.79,218.09,215.53,217.57,217.57,2654270,0.0,1.0,MCD
2021-06-10,213.08,215.7,212.97,215.42,215.42,2534059,0.0,1.0,MCD
2021-06-09,213.94,215.17,212.53,212.55,212.55,1982276,0.0,1.0,MCD
2021-06-08,212.58,214.86,212.43,213.63,213.63,2106462,0.0,1.0,MCD
2021-06-07,214.88,214.94,212.27,212.75,212.75,1877063,0.0,1.0,MCD
2021-06-04,214.36,214.69,213.1,214.31,214.31,1615437,0.0,1.0,MCD
2021-06-03,213.56,213.74,211.34,213.45,213.45,3249444,0.0,1.0,MCD
2021-06-02,214.85,215.18,213.78,214.67,214.67,3172033,0.0,1.0,MCD
2021-06-01,216.69,216.7,213.72,214.18,214.18,2574575,0.0,1.0,MCD
2021-05-28,214.99,215.25,213.45,214.77,214.77,2853674,1.29,1.0,MCD
2021-05-27,212.79,214.68,212.24,214.48,214.48,5243094,0.0,1.0,MCD
2021-05-26,213.5,213.5,212.02,212.19,212.19,1564344,0.0,1.0,MCD
2021-05-25,212.03,212.57,210.69,212.0,212.0,2682023,0.0,1.0,MCD
2021-05-24,211.43,212.46,210.98,211.79,211.79,1823438,0.0,1.0,MCD
2021-05-21,212.25,213.15,210.33,211.18,211.18,2601267,0.0,1.0,MCD
2021-05-20,210.7,213.71,210.56,212.03,212.03,1890474,0.0,1.0,MCD
2021-05-19,210.25,210.61,208.38,210.18,210.18,2967215,0.0,1.0,MCD
2021-05-18,211.77,213.01,211.55,211.81,211.81,2913221,0.0,1.0,MCD
2021-05-17,210.78,212.14,210.27,211.58,211.58,1630923,0.0,1.0,MCD
2021-05-14,210.69,212.45,210.47,211.61,211.61,1943122,0.0,1.0,MCD
2021-05-13,208.22,211.03,208.11,209.83,209.83,2819534,0.0,1.0,MCD
2021-05-12,211.97,213.31,207.82,208.16,208.16,3198197,0.0,1.0,MCD
2021-05-11,217.11,217.17,212.05,213.57,213.57,3028848,0.0,1.0,MCD
2021-05-10,214.7,217.28,214.7,216.54,216.54,2031468,0.0,1.0,MCD
2021-05-07,214.61,215.27,213.69,214.46,214.46,1406816,0.0,1.0,MCD
2021-05-06,215.1,215.2,212.94,214.48,214.48,1832704,0.0,1.0,MCD
2021-05-05,213.81,214.93,212.35,214.65,214.65,1524055,0.0,1.0,MCD
2021-05-04,214.27,215.64,213.0,213.57,213.57,2529912,0.0,1.0,MCD
2021-05-03,217.34,217.51,214.96,215.12,215.12,2458195,0.0,1.0,MCD
2021-04-30,213.7,215.79,213.58,215.6,215.6,2640589,0.0,1.0,MCD
2021-04-29,213.69,215.34,212.44,214.8,214.8,3146671,0.0,1.0,MCD
2021-04-28,214.79,215.02,212.11,212.24,212.24,2776969,0.0,1.0,MCD
2021-04-27,212.39,215.19,212.24,214.59,214.59,2623876,0.0,1.0,MCD
2021-04-26,214.41,214.93,211.79,212.15,212.15,2490387,0.0,1.0,MCD
2021-04-23,213.5,214.83,212.87,214.23,214.23,2137862,0.0,1.0,MCD
2021-04-22,212.63,213.73,211.82,212.75,212.75,1839671,0.0,1.0,MCD
2021-04-21,213.06,213.57,211.73,212.11,212.11,2065818,0.0,1.0,MCD
2021-04-20,211.18,212.98,211.03,212.79,212.79,1885666,0.0,1.0,MCD
2021-04-19,212.89,213.05,210.8,211.7,211.7,2254849,0.0,1.0,MCD
2021-04-16,213.38,213.93,212.15,212.86,212.86,2694295,0.0,1.0,MCD
2021-04-15,209.87,211.29,209.31,211.21,211.21,2063107,0.0,1.0,MCD
2021-04-14,211.16,211.22,209.67,210.33,210.33,2129184,0.0,1.0,MCD
2021-04-13,210.45,211.56,209.76,211.25,211.25,2571032,0.0,1.0,MCD
2021-04-12,211.4,212.22,210.49,210.92,210.92,2292729,0.0,1.0,MCD
2021-04-09,210.22,211.51,209.01,211.4,211.4,2729039,0.0,1.0,MCD
2021-04-08,212.43,212.6,209.31,210.27,210.27,2772285,0.0,1.0,MCD
2021-04-07,211.58,212.61,211.18,212.43,212.43,2551332,0.0,1.0,MCD
2021-04-06,209.78,212.12,208.87,211.79,211.79,3230903,0.0,1.0,MCD
2021-04-05,206.94,209.59,206.56,208.99,208.99,2866411,0.0,1.0,MCD
2021-04-01,205.18,206.59,203.9,205.67,205.67,2441261,0.0,1.0,MCD
2021-03-31,204.57,206.84,204.56,204.69,204.69,3564051,0.0,1.0,MCD
2021-03-30,206.51,207.32,204.77,205.46,205.46,2419008,0.0,1.0,MCD
2021-03-29,205.32,208.1,204.84,207.62,207.62,3621281,0.0,1.0,MCD
2021-03-26,204.75,205.73,203.12,205.67,205.67,3263234,0.0,1.0,MCD
2021-03-25,205.61,205.77,203.14,204.75,204.75,3249784,0.0,1.0,MCD
2021-03-24,205.77,207.32,204.6,204.61,204.61,2442483,0.0,1.0,MCD
2021-03-23,204.53,206.76,204.34,204.9,204.9,2794029,0.0,1.0,MCD
2021-03-22,204.01,207.22,203.33,205.54,205.54,4220655,0.0,1.0,MCD
2021-03-19,203.43,205.64,201.82,203.14,203.14,7719379,0.0,1.0,MCD
2021-03-18,204.27,205.8,202.2,203.56,203.56,3254846,0.0,1.0,MCD
2021-03-17,205.08,205.39,200.92,204.66,204.66,5240638,0.0,1.0,MCD
2021-03-16,200.53,202.1,198.32,200.78,200.78,3583426,0.0,1.0,MCD
2021-03-15,195.11,201.41,194.98,201.33,201.33,5483461,0.0,1.0,MCD
2021-03-12,193.64,195.65,193.08,193.92,193.92,2818192,0.0,1.0,MCD
2021-03-11,196.07,196.56,193.14,193.21,193.21,3618040,0.0,1.0,MCD
2021-03-10,190.61,195.09,190.17,194.8,194.8,3447188,0.0,1.0,MCD
2021-03-09,192.35,192.87,190.21,190.45,190.45,3646703,0.0,1.0,MCD
2021-03-08,189.68,192.32,189.17,190.97,190.97,3157129,0.0,1.0,MCD
2021-03-05,187.9,190.16,185.35,189.38,189.38,3608200,0.0,1.0,MCD
2021-03-04,188.27,189.49,185.14,187.07,187.07,3926187,0.0,1.0,MCD
2021-03-03,189.51,190.86,187.77,187.96,187.96,3488639,0.0,1.0,MCD
2021-03-02,189.95,191.69,188.3,190.56,190.56,3016563,0.0,1.0,MCD
2021-03-01,189.36,192.13,189.36,190.18,190.18,2827891,0.0,1.0,MCD
2021-02-26,192.46,193.27,188.25,188.25,188.25,5318758,1.29,1.0,MCD
2021-02-25,193.04,193.24,190.35,191.45,191.45,3123704,0.0,1.0,MCD
2021-02-24,191.35,194.31,190.97,193.55,193.55,2887130,0.0,1.0,MCD
2021-02-23,194.67,195.76,190.98,191.78,191.78,3243046,0.0,1.0,MCD
2021-02-22,191.95,193.31,190.31,192.46,192.46,2909527,0.0,1.0,MCD
2021-02-19,195.39,195.79,192.37,192.62,192.62,3181592,0.0,1.0,MCD
2021-02-18,193.57,195.9,192.99,195.51,195.51,2190987,0.0,1.0,MCD
2021-02-17,194.18,195.02,192.97,193.72,193.72,3262449,0.0,1.0,MCD
2021-02-16,194.55,196.88,194.06,195.15,195.15,2893080,0.0,1.0,MCD
2021-02-12,194.22,194.85,193.3,194.13,194.13,2781322,0.0,1.0,MCD
2021-02-11,194.71,194.94,192.76,194.46,194.46,2583649,0.0,1.0,MCD
2021-02-10,196.83,197.22,194.04,194.58,194.58,3147379,0.0,1.0,MCD
2021-02-09,192.47,196.2,192.19,196.01,196.01,3029604,0.0,1.0,MCD
2021-02-08,192.88,193.3,190.55,192.02,192.02,2696298,0.0,1.0,MCD
2021-02-05,192.94,194.38,192.41,192.93,192.93,2600218,0.0,1.0,MCD
2021-02-04,190.59,192.5,189.38,191.52,191.52,2777644,0.0,1.0,MCD
2021-02-03,189.09,190.58,188.71,189.42,189.42,3020703,0.0,1.0,MCD
2021-02-02,188.85,192.97,188.45,190.37,190.37,2764028,0.0,1.0,MCD
2021-02-01,189.21,190.31,187.5,188.71,188.71,2812476,0.0,1.0,MCD
2021-01-29,186.15,190.04,184.33,188.63,188.63,5203314,0.0,1.0,MCD
2021-01-28,189.34,190.91,186.17,187.7,187.7,5401592,0.0,1.0,MCD
2021-01-27,192.76,193.45,187.86,187.86,187.86,5464011,0.0,1.0,MCD
2021-01-26,192.86,195.59,192.56,195.47,195.47,2907817,0.0,1.0,MCD
2021-01-25,192.6,194.26,191.09,193.62,193.62,2615384,0.0,1.0,MCD
2021-01-22,192.86,194.34,191.65,193.65,193.65,2196479,0.0,1.0,MCD
2021-01-21,194.27,196.0,193.6,193.79,193.79,2676309,0.0,1.0,MCD
2021-01-20,190.72,194.59,190.25,193.88,193.88,4077731,0.0,1.0,MCD
2021-01-19,191.2,191.49,188.66,189.76,189.76,3331595,0.0,1.0,MCD
2021-01-15,188.74,191.22,188.25,190.5,190.5,3593732,0.0,1.0,MCD
2021-01-14,192.49,193.01,188.77,189.23,189.23,3666716,0.0,1.0,MCD
2021-01-13,191.41,193.43,191.41,192.48,192.48,2069926,0.0,1.0,MCD
2021-01-12,193.94,194.52,191.44,192.04,192.04,2934036,0.0,1.0,MCD
2021-01-11,195.21,196.14,193.42,194.43,194.43,2545893,0.0,1.0,MCD
2021-01-08,193.22,196.14,192.61,195.91,195.91,2639146,0.0,1.0,MCD
2021-01-07,193.51,193.51,191.09,192.38,192.38,3142014,0.0,1.0,MCD
2021-01-06,191.77,192.14,189.71,191.49,191.49,3083426,0.0,1.0,MCD
2021-01-05,190.75,192.36,190.24,191.93,191.93,2576065,0.0,1.0,MCD
2021-01-04,194.66,194.87,188.97,190.79,190.79,4055409,0.0,1.0,MCD
2020-12-31,191.72,195.06,191.29,194.74,194.74,2610914,0.0,1.0,MCD
2020-12-30,193.27,193.64,191.75,192.0,192.0,1854990,0.0,1.0,MCD
2020-12-29,194.8,195.83,192.81,193.05,193.05,1665725,0.0,1.0,MCD
2020-12-28,193.3,195.02,192.57,194.23,194.23,2515447,0.0,1.0,MCD
2020-12-24,192.51,193.07,191.62,191.85,191.85,1047650,0.0,1.0,MCD
2020-12-23,192.67,193.7,192.21,192.42,192.42,1658765,0.0,1.0,MCD
2020-12-22,191.68,193.22,190.92,192.33,192.33,2773709,0.0,1.0,MCD
2020-12-21,191.15,192.9,188.78,192.1,192.1,4342480,0.0,1.0,MCD
2020-12-18,195.26,196.8,194.05,195.2,195.2,7929060,0.0,1.0,MCD
2020-12-17,195.48,195.84,193.79,194.44,194.44,2558810,0.0,1.0,MCD
2020-12-16,195.02,197.4,193.91,194.04,194.04,2681984,0.0,1.0,MCD
2020-12-15,193.51,196.22,193.07,195.0,195.0,3799294,0.0,1.0,MCD
2020-12-14,191.25,194.89,190.78,192.33,192.33,4744960,0.0,1.0,MCD
2020-12-11,188.29,189.62,187.62,188.55,188.55,2770817,0.0,1.0,MCD
2020-12-10,189.23,189.46,187.93,188.81,188.81,2956368,0.0,1.0,MCD
2020-12-09,190.12,190.16,188.16,189.4,189.4,3011056,0.0,1.0,MCD
2020-12-08,187.46,189.77,187.33,189.13,189.13,2709447,0.0,1.0,MCD
2020-12-07,189.25,189.78,187.13,189.58,189.58,3826001,0.0,1.0,MCD
2020-12-04,192.04,193.65,190.68,191.26,191.26,3151060,0.0,1.0,MCD
2020-12-03,191.44,193.52,191.09,191.96,191.96,3732543,0.0,1.0,MCD
2020-12-02,194.22,194.58,189.8,191.37,191.37,6223661,0.0,1.0,MCD
2020-12-01,198.65,198.69,195.61,196.16,196.16,4139869,0.0,1.0,MCD
2020-11-30,196.45,197.46,194.61,197.34,197.34,3413588,1.29,1.0,MCD
2020-11-27,197.6,198.85,196.37,196.98,196.98,1394366,0.0,1.0,MCD
2020-11-25,198.47,199.02,196.61,197.89,197.89,1889200,0.0,1.0,MCD
2020-11-24,197.59,199.61,196.91,198.22,198.22,3817394,0.0,1.0,MCD
2020-11-23,194.1,196.32,193.66,195.78,195.78,3011272,0.0,1.0,MCD
2020-11-20,193.42,194.17,192.73,193.15,193.15,3932954,0.0,1.0,MCD
2020-11-19,193.83,194.41,192.47,194.07,194.07,2840460,0.0,1.0,MCD
2020-11-18,194.97,196.54,194.34,194.44,194.44,3095154,0.0,1.0,MCD
2020-11-17,194.51,196.13,193.09,194.88,194.88,2443547,0.0,1.0,MCD
2020-11-16,194.42,195.55,192.74,195.53,195.53,3702131,0.0,1.0,MCD
2020-11-13,192.85,193.42,191.57,192.42,192.42,3072628,0.0,1.0,MCD
2020-11-12,196.28,196.52,190.26,192.23,192.23,4257495,0.0,1.0,MCD
2020-11-11,193.8,197.81,193.34,196.7,196.7,4127212,0.0,1.0,MCD
2020-11-10,194.65,194.87,190.67,192.46,192.46,4255577,0.0,1.0,MCD
2020-11-09,204.61,205.56,186.91,192.37,192.37,7981211,0.0,1.0,MCD
2020-11-06,194.88,196.58,193.3,195.38,195.38,3916076,0.0,1.0,MCD
2020-11-05,194.94,196.86,193.68,195.16,195.16,3622023,0.0,1.0,MCD
2020-11-04,193.97,198.01,192.44,193.86,193.86,3360836,0.0,1.0,MCD
2020-11-03,194.51,196.77,193.03,195.6,195.6,2615017,0.0,1.0,MCD
2020-11-02,194.77,195.16,190.18,191.77,191.77,2983362,0.0,1.0,MCD
2020-10-30,192.71,194.17,189.38,192.17,192.17,3451419,0.0,1.0,MCD
2020-10-29,193.69,196.36,192.23,193.93,193.93,2477582,0.0,1.0,MCD
2020-10-28,197.03,199.02,193.49,193.69,193.69,3273074,0.0,1.0,MCD
2020-10-27,202.52,203.2,200.94,201.16,201.16,1801922,0.0,1.0,MCD
2020-10-26,204.6,205.03,199.36,202.34,202.34,2538058,0.0,1.0,MCD
2020-10-23,207.88,207.88,205.52,206.34,206.34,2278124,0.0,1.0,MCD
2020-10-22,205.49,206.97,204.69,206.74,206.74,1961450,0.0,1.0,MCD
2020-10-21,205.01,207.05,204.99,205.87,205.87,1518200,0.0,1.0,MCD
2020-10-20,204.57,207.51,204.29,205.21,205.21,1883639,0.0,1.0,MCD
2020-10-19,207.1,208.43,203.15,203.9,203.9,2009635,0.0,1.0,MCD
2020-10-16,207.3,209.23,206.74,206.94,206.94,2162939,0.0,1.0,MCD
2020-10-15,204.03,207.51,203.53,207.18,207.18,2178247,0.0,1.0,MCD
2020-10-14,206.07,207.04,205.12,205.36,205.36,1862687,0.0,1.0,MCD
2020-10-13,203.63,206.23,202.93,205.12,205.12,2098972,0.0,1.0,MCD
2020-10-12,202.82,204.36,201.3,204.0,204.0,2412627,0.0,1.0,MCD
2020-10-09,204.75,205.0,201.3,202.84,202.84,3237709,0.0,1.0,MCD
2020-10-08,203.98,204.87,202.35,203.72,203.72,3195785,0.0,1.0,MCD
2020-10-07,203.52,206.07,203.11,204.33,204.33,1972777,0.0,1.0,MCD
2020-10-06,204.65,206.3,201.73,202.17,202.17,2453627,0.0,1.0,MCD
2020-10-05,202.87,204.35,202.1,203.96,203.96,2913824,0.0,1.0,MCD
2020-10-02,196.24,201.51,195.87,200.89,200.89,3833110,0.0,1.0,MCD
2020-10-01,199.92,201.19,196.49,198.11,198.11,2443348,0.0,1.0,MCD
2020-09-30,197.46,200.47,197.05,198.02,198.02,3034100,0.0,1.0,MCD
2020-09-29,198.86,199.35,197.11,197.29,197.29,1732275,0.0,1.0,MCD
2020-09-28,198.48,200.27,197.6,198.72,198.72,2112107,0.0,1.0,MCD
2020-09-25,194.24,197.81,192.76,196.84,196.84,2196831,0.0,1.0,MCD
2020-09-24,193.75,197.05,192.7,194.98,194.98,1727041,0.0,1.0,MCD
2020-09-23,196.38,198.2,193.29,193.95,193.95,2777715,0.0,1.0,MCD
2020-09-22,195.26,195.74,193.57,195.25,195.25,2475978,0.0,1.0,MCD
2020-09-21,195.9,196.72,192.53,195.25,195.25,2831750,0.0,1.0,MCD
2020-09-18,199.95,201.71,198.6,198.73,198.73,3861750,0.0,1.0,MCD
2020-09-17,201.82,201.85,198.94,200.81,200.81,3376985,0.0,1.0,MCD
2020-09-16,200.44,204.55,199.66,202.82,202.82,3464160,0.0,1.0,MCD
2020-09-15,200.07,201.77,199.75,200.62,200.62,2640872,0.0,1.0,MCD
2020-09-14,198.23,200.82,197.89,198.99,198.99,2544140,0.0,1.0,MCD
2020-09-11,196.4,197.74,195.13,196.68,196.68,3616483,0.0,1.0,MCD
2020-09-10,194.62,198.02,194.62,195.99,195.99,3325601,0.0,1.0,MCD
2020-09-09,193.97,196.83,193.47,194.61,194.61,3213195,0.0,1.0,MCD
2020-09-08,190.53,195.15,190.42,192.69,192.69,4107917,0.0,1.0,MCD
2020-09-04,194.24,196.48,190.15,191.02,191.02,3828823,0.0,1.0,MCD
2020-09-03,196.78,196.78,191.18,192.89,192.89,3126675,0.0,1.0,MCD
2020-09-02,192.39,195.9,191.89,195.08,195.08,4091998,0.0,1.0,MCD
2020-09-01,190.22,192.72,189.99,191.89,191.89,2926889,0.0,1.0,MCD
2020-08-31,192.64,193.96,192.0,192.64,192.64,2900867,1.25,1.0,MCD
2020-08-28,190.89,194.38,189.95,192.76,192.76,3212491,0.0,1.0,MCD
2020-08-27,192.25,193.83,190.24,190.32,190.32,3226762,0.0,1.0,MCD
2020-08-26,190.23,192.32,189.79,191.73,191.73,2316855,0.0,1.0,MCD
2020-08-25,191.91,192.11,190.35,190.74,190.74,2302456,0.0,1.0,MCD
2020-08-24,190.39,191.5,189.19,190.71,190.71,2463937,0.0,1.0,MCD
2020-08-21,188.32,190.32,187.7,189.77,189.77,3484853,0.0,1.0,MCD
2020-08-20,186.67,189.25,186.66,188.25,188.25,2085063,0.0,1.0,MCD
2020-08-19,188.56,189.41,187.14,187.92,187.92,2711113,0.0,1.0,MCD
2020-08-18,187.7,188.75,185.88,188.65,188.65,2921676,0.0,1.0,MCD
2020-08-17,185.62,187.91,185.53,187.17,187.17,2541592,0.0,1.0,MCD
2020-08-14,184.73,185.96,184.05,185.7,185.7,2060237,0.0,1.0,MCD
2020-08-13,184.74,185.89,184.19,185.21,185.21,1795023,0.0,1.0,MCD
2020-08-12,185.54,186.03,184.22,184.79,184.79,2167353,0.0,1.0,MCD
2020-08-11,183.87,186.05,183.2,183.87,183.87,2478383,0.0,1.0,MCD
2020-08-10,183.29,184.02,181.67,183.09,183.09,2783695,0.0,1.0,MCD
2020-08-07,182.4,184.02,182.34,183.52,183.52,2979950,0.0,1.0,MCD
2020-08-06,178.3,182.62,177.93,182.24,182.24,3159323,0.0,1.0,MCD
2020-08-05,179.39,179.84,177.52,178.73,178.73,2281830,0.0,1.0,MCD
2020-08-04,174.86,179.12,174.31,178.82,178.82,3700233,0.0,1.0,MCD
2020-08-03,174.3,175.44,173.64,174.37,174.37,3143754,0.0,1.0,MCD
2020-07-31,174.14,174.61,171.89,174.26,174.26,3195486,0.0,1.0,MCD
2020-07-30,174.91,176.16,173.04,175.27,175.27,2705661,0.0,1.0,MCD
2020-07-29,176.07,178.01,175.54,175.99,175.99,3342859,0.0,1.0,MCD
2020-07-28,178.13,179.29,175.35,176.02,176.02,6051015,0.0,1.0,MCD
2020-07-27,178.53,181.65,178.23,180.51,180.51,4541727,0.0,1.0,MCD
2020-07-24,176.6,178.41,175.56,178.24,178.24,2200026,0.0,1.0,MCD
2020-07-23,178.01,178.74,175.81,177.19,177.19,2702178,0.0,1.0,MCD
2020-07-22,173.3,179.08,173.16,178.15,178.15,3484707,0.0,1.0,MCD
2020-07-21,172.51,174.82,172.21,173.09,173.09,3505366,0.0,1.0,MCD
2020-07-20,171.23,172.91,170.75,171.86,171.86,2175600,0.0,1.0,MCD
2020-07-17,171.62,172.12,170.54,171.75,171.75,1972648,0.0,1.0,MCD
2020-07-16,171.43,172.9,170.56,171.25,171.25,2109672,0.0,1.0,MCD
2020-07-15,173.92,174.01,170.31,172.01,172.01,3734137,0.0,1.0,MCD
2020-07-14,166.02,171.17,165.69,171.07,171.07,4135951,0.0,1.0,MCD
2020-07-13,166.47,169.48,165.68,165.86,165.86,3223109,0.0,1.0,MCD
2020-07-10,164.84,166.33,164.15,165.83,165.83,2714066,0.0,1.0,MCD
2020-07-09,167.03,167.36,163.8,165.33,165.33,2331912,0.0,1.0,MCD
2020-07-08,166.38,167.94,165.71,166.7,166.7,2775197,0.0,1.0,MCD
2020-07-07,168.06,168.49,166.16,166.67,166.67,2398224,0.0,1.0,MCD
2020-07-06,166.83,169.27,165.16,169.08,169.08,3170459,0.0,1.0,MCD
2020-07-02,167.73,167.73,164.02,164.61,164.61,2689215,0.0,1.0,MCD
2020-07-01,165.89,167.23,164.79,165.63,165.63,2193008,0.0,1.0,MCD
2020-06-30,164.07,166.12,163.15,165.46,165.46,3163070,0.0,1.0,MCD
2020-06-29,161.96,163.99,160.71,163.96,163.96,2622177,0.0,1.0,MCD
2020-06-26,163.58,163.97,160.45,161.22,161.22,5106402,0.0,1.0,MCD
2020-06-25,164.6,165.11,161.75,163.93,163.93,3141265,0.0,1.0,MCD
2020-06-24,165.9,166.57,162.65,165.3,165.3,4144862,0.0,1.0,MCD
2020-06-23,170.02,170.18,167.12,167.39,167.39,2950934,0.0,1.0,MCD
2020-06-22,166.83,168.42,165.84,168.14,168.14,3220707,0.0,1.0,MCD
2020-06-19,172.47,172.54,167.31,167.34,167.34,6267477,0.0,1.0,MCD
2020-06-18,170.43,171.08,168.53,169.96,169.96,3152684,0.0,1.0,MCD
2020-06-17,172.14,173.0,170.8,171.13,171.13,3152759,0.0,1.0,MCD
2020-06-16,172.21,173.56,168.19,170.71,170.71,5421137,0.0,1.0,MCD
2020-06-15,165.58,170.53,165.16,169.96,169.96,4498715,0.0,1.0,MCD
2020-06-12,171.92,171.92,166.34,169.68,169.68,4107442,0.0,1.0,MCD
2020-06-11,171.23,173.03,167.13,168.19,168.19,5792914,0.0,1.0,MCD
2020-06-10,178.61,179.0,175.51,175.62,175.62,3449002,0.0,1.0,MCD
2020-06-09,179.72,180.8,178.5,178.96,178.96,3727547,0.0,1.0,MCD
2020-06-08,175.52,181.84,175.48,181.77,181.77,4442291,0.0,1.0,MCD
2020-06-05,177.6,179.52,176.04,176.84,176.84,4726963,0.0,1.0,MCD
2020-06-04,172.5,174.24,171.87,173.33,173.33,3469097,0.0,1.0,MCD
2020-06-03,169.05,173.84,168.71,173.37,173.37,3880645,0.0,1.0,MCD
2020-06-02,168.99,169.13,166.91,168.26,168.26,3121268,0.0,1.0,MCD
2020-06-01,167.47,168.48,166.47,168.1,168.1,2168153,0.0,1.0,MCD
2020-05-29,168.12,169.25,166.57,167.12,167.12,5716933,1.25,1.0,MCD
2020-05-28,168.77,169.71,166.36,168.15,168.15,3567328,0.0,1.0,MCD
2020-05-27,168.16,168.17,165.07,167.25,167.25,3992517,0.0,1.0,MCD
2020-05-26,168.92,169.87,164.15,164.69,164.69,3990218,0.0,1.0,MCD
2020-05-22,164.37,165.14,163.21,164.3,164.3,2474575,0.0,1.0,MCD
2020-05-21,164.1,165.26,162.26,164.9,164.9,2927634,0.0,1.0,MCD
2020-05-20,162.16,164.47,160.88,164.03,164.03,4919895,0.0,1.0,MCD
2020-05-19,160.48,161.68,158.66,159.99,159.99,3363955,0.0,1.0,MCD
2020-05-18,160.43,161.4,158.69,160.22,160.22,4652627,0.0,1.0,MCD
2020-05-15,154.18,155.66,152.96,154.86,154.86,6878482,0.0,1.0,MCD
2020-05-14,151.64,156.51,149.55,156.29,156.29,4866357,0.0,1.0,MCD
2020-05-13,156.97,157.32,152.37,153.98,153.98,4726658,0.0,1.0,MCD
2020-05-12,162.13,162.68,157.2,157.29,157.29,3604900,0.0,1.0,MCD
2020-05-11,159.81,162.94,159.06,161.16,161.16,2628966,0.0,1.0,MCD
2020-05-08,163.23,163.43,160.3,161.47,161.47,3411572,0.0,1.0,MCD
2020-05-07,159.93,161.77,158.86,161.37,161.37,3039575,0.0,1.0,MCD
2020-05-06,160.91,161.37,157.58,157.68,157.68,3914973,0.0,1.0,MCD
2020-05-05,163.52,163.81,159.58,159.7,159.7,3827140,0.0,1.0,MCD
2020-05-04,161.54,162.57,159.37,162.04,162.04,4025810,0.0,1.0,MCD
2020-05-01,163.94,165.31,162.29,162.75,162.75,3764076,0.0,1.0,MCD
2020-04-30,162.16,167.78,161.05,167.11,167.11,7122796,0.0,1.0,MCD
2020-04-29,167.98,169.65,166.51,167.34,167.34,3454738,0.0,1.0,MCD
2020-04-28,169.28,169.28,165.34,165.66,165.66,3803300,0.0,1.0,MCD
2020-04-27,164.96,167.83,164.63,165.62,165.62,4046983,0.0,1.0,MCD
2020-04-24,163.28,164.25,161.14,163.96,163.96,3319554,0.0,1.0,MCD
2020-04-23,165.86,166.91,161.55,162.19,162.19,5047598,0.0,1.0,MCD
2020-04-22,161.04,167.26,161.04,166.15,166.15,4243540,0.0,1.0,MCD
2020-04-21,158.03,159.83,156.9,158.22,158.22,4756259,0.0,1.0,MCD
2020-04-20,164.34,165.53,161.76,161.85,161.85,3855035,0.0,1.0,MCD
2020-04-17,162.44,166.44,160.58,165.81,165.81,6467540,0.0,1.0,MCD
2020-04-16,157.7,160.3,153.49,159.93,159.93,7103874,0.0,1.0,MCD
2020-04-15,159.25,161.24,157.94,158.45,158.45,4959056,0.0,1.0,MCD
2020-04-14,163.72,164.38,162.01,163.93,163.93,3863448,0.0,1.0,MCD
2020-04-13,162.76,162.91,157.62,160.48,160.48,3181398,0.0,1.0,MCD
2020-04-09,161.03,165.24,160.04,163.67,163.67,4900741,0.0,1.0,MCD
2020-04-08,155.93,159.86,155.12,158.14,158.14,5663338,0.0,1.0,MCD
2020-04-07,164.41,165.0,156.06,156.45,156.45,7846715,0.0,1.0,MCD
2020-04-06,150.75,158.48,149.9,157.74,157.74,8327470,0.0,1.0,MCD
2020-04-03,142.83,144.54,139.13,142.85,142.85,5049100,0.0,1.0,MCD
2020-04-02,138.1,144.29,138.1,143.89,143.89,4802968,0.0,1.0,MCD
2020-04-01,142.75,143.84,139.3,140.93,140.93,4668309,0.0,1.0,MCD
2020-03-31,148.65,151.03,147.01,147.32,147.32,4518702,0.0,1.0,MCD
2020-03-30,146.94,151.74,145.74,149.8,149.8,5620349,0.0,1.0,MCD
2020-03-27,145.03,151.23,141.86,146.13,146.13,6439640,0.0,1.0,MCD
2020-03-26,146.11,152.29,143.45,149.1,149.1,8259684,0.0,1.0,MCD
2020-03-25,147.01,152.68,141.86,145.21,145.21,9706133,0.0,1.0,MCD
2020-03-24,132.76,145.21,130.17,144.29,144.29,11667708,0.0,1.0,MCD
2020-03-23,127.36,136.51,121.62,122.15,122.15,10649145,0.0,1.0,MCD
2020-03-20,136.84,143.93,131.66,132.3,132.3,11997672,0.0,1.0,MCD
2020-03-19,120.46,137.96,114.23,133.2,133.2,12769487,0.0,1.0,MCD
2020-03-18,122.51,126.26,110.69,122.33,122.33,12611533,0.0,1.0,MCD
2020-03-17,131.88,133.18,120.28,131.53,131.53,13693642,0.0,1.0,MCD
2020-03-16,139.97,144.27,131.53,132.76,132.76,9311478,0.0,1.0,MCD
2020-03-13,158.82,159.9,149.86,157.82,157.82,8040208,0.0,1.0,MCD
2020-03-12,155.72,160.23,150.91,151.58,151.58,9042612,0.0,1.0,MCD
2020-03-11,171.9,174.4,165.57,167.73,167.73,5624351,0.0,1.0,MCD
2020-03-10,170.13,178.19,167.41,178.07,178.07,5831499,0.0,1.0,MCD
2020-03-09,167.21,173.27,164.03,166.49,166.49,7786801,0.0,1.0,MCD
2020-03-06,171.87,177.82,170.36,177.18,177.18,6358561,0.0,1.0,MCD
2020-03-05,180.55,181.68,174.92,176.7,176.7,4105210,0.0,1.0,MCD
2020-03-04,179.91,184.57,179.0,184.45,184.45,4260265,0.0,1.0,MCD
2020-03-03,179.98,183.25,175.66,177.76,177.76,5114601,0.0,1.0,MCD
2020-03-02,172.68,180.47,172.12,180.47,180.47,6152955,0.0,1.0,MCD
2020-02-28,174.63,176.8,168.22,173.0,173.0,11323802,1.25,1.0,MCD
2020-02-27,183.87,185.91,177.88,177.94,177.94,6403236,0.0,1.0,MCD
2020-02-26,188.47,189.94,185.69,186.0,186.0,4190571,0.0,1.0,MCD
2020-02-25,189.96,191.95,186.93,187.77,187.77,5053094,0.0,1.0,MCD
2020-02-24,186.42,190.49,186.01,189.02,189.02,4218836,0.0,1.0,MCD
2020-02-21,190.55,191.55,189.71,191.1,191.1,2791129,0.0,1.0,MCD
2020-02-20,191.35,191.79,188.37,190.4,190.4,2869400,0.0,1.0,MCD
2020-02-19,191.94,192.03,190.87,190.89,190.89,2203389,0.0,1.0,MCD
2020-02-18,191.15,192.14,190.93,191.35,191.35,2712644,0.0,1.0,MCD
2020-02-14,192.55,192.85,191.56,192.18,192.18,1719908,0.0,1.0,MCD
2020-02-13,191.85,193.34,191.39,192.48,192.48,2853357,0.0,1.0,MCD
2020-02-12,191.22,192.52,190.43,192.51,192.51,2844864,0.0,1.0,MCD
2020-02-11,189.45,191.1,189.14,190.98,190.98,2694505,0.0,1.0,MCD
2020-02-10,187.09,188.81,187.01,188.75,188.75,2318557,0.0,1.0,MCD
2020-02-07,188.17,188.42,186.87,187.33,187.33,2421064,0.0,1.0,MCD
2020-02-06,190.09,190.17,188.24,188.45,188.45,2902120,0.0,1.0,MCD
2020-02-05,190.9,191.02,188.57,189.78,189.78,2911352,0.0,1.0,MCD
2020-02-04,191.32,191.83,189.67,190.0,190.0,3367361,0.0,1.0,MCD
2020-02-03,190.33,192.0,189.65,190.49,190.49,3539227,0.0,1.0,MCD
2020-01-31,190.79,192.19,188.69,189.42,189.42,3919913,0.0,1.0,MCD
2020-01-30,189.45,191.87,188.41,191.38,191.38,3559962,0.0,1.0,MCD
2020-01-29,187.4,191.59,186.62,189.84,189.84,5734098,0.0,1.0,MCD
2020-01-28,185.81,187.86,185.78,186.25,186.25,3853023,0.0,1.0,MCD
2020-01-27,184.0,186.45,183.52,185.32,185.32,3386229,0.0,1.0,MCD
2020-01-24,189.61,189.61,186.7,187.01,187.01,3105777,0.0,1.0,MCD
2020-01-23,186.39,189.01,184.69,188.94,188.94,3377640,0.0,1.0,MCD
2020-01-22,188.71,189.15,187.16,187.18,187.18,2757396,0.0,1.0,MCD
2020-01-21,187.12,187.91,186.1,186.93,186.93,4099519,0.0,1.0,MCD
2020-01-17,187.16,188.36,187.1,187.66,187.66,3370231,0.0,1.0,MCD
2020-01-16,186.01,186.89,185.22,186.66,186.66,2726671,0.0,1.0,MCD
2020-01-15,183.54,186.22,183.54,185.7,185.7,3368125,0.0,1.0,MCD
2020-01-14,181.89,183.83,181.89,183.54,183.54,2622714,0.0,1.0,MCD
2020-01-13,183.59,183.94,182.15,182.82,182.82,2784182,0.0,1.0,MCD
2020-01-10,184.53,184.98,183.49,183.49,183.49,2336341,0.0,1.0,MCD
2020-01-09,183.13,185.35,182.46,184.45,184.45,5971602,0.0,1.0,MCD
2020-01-08,179.37,182.98,179.0,182.29,182.29,5284210,0.0,1.0,MCD
2020-01-07,178.71,179.43,177.51,179.38,179.38,4047677,0.0,1.0,MCD
2020-01-06,176.7,179.51,176.48,179.12,179.12,4658923,0.0,1.0,MCD
2020-01-03,176.51,177.54,176.04,177.13,177.13,2767618,0.0,1.0,MCD
2020-01-02,175.28,177.76,175.12,177.75,177.75,3553997,0.0,1.0,MCD
2019-12-31,174.22,175.24,174.01,174.94,174.94,2278597,0.0,1.0,MCD
2019-12-30,174.91,175.11,173.46,174.32,174.32,2242384,0.0,1.0,MCD
2019-12-27,174.69,175.7,174.56,175.43,175.43,2263942,0.0,1.0,MCD
2019-12-26,174.05,174.54,173.66,174.45,174.45,1809571,0.0,1.0,MCD
2019-12-24,173.45,174.52,173.22,174.11,174.11,1152517,0.0,1.0,MCD
2019-12-23,174.88,174.88,173.54,173.69,173.69,2388937,0.0,1.0,MCD
2019-12-20,175.77,176.17,174.09,174.52,174.52,6413481,0.0,1.0,MCD
2019-12-19,173.04,174.56,172.85,174.45,174.45,3344270,0.0,1.0,MCD
2019-12-18,174.04,174.21,172.37,173.19,173.19,4207728,0.0,1.0,MCD
2019-12-17,174.93,175.92,173.91,173.97,173.97,3338237,0.0,1.0,MCD
2019-12-16,174.92,175.43,173.94,175.18,175.18,3650044,0.0,1.0,MCD
2019-12-13,173.55,174.69,172.93,174.51,174.51,2077940,0.0,1.0,MCD
2019-12-12,172.85,174.55,172.55,173.79,173.79,3024609,0.0,1.0,MCD
2019-12-11,173.22,173.29,171.97,172.38,172.38,2480138,0.0,1.0,MCD
2019-12-10,172.29,172.97,171.99,172.58,172.58,2470119,0.0,1.0,MCD
2019-12-09,173.21,173.82,172.0,172.35,172.35,2227477,0.0,1.0,MCD
2019-12-06,172.23,173.28,171.84,172.94,172.94,3095096,0.0,1.0,MCD
2019-12-05,172.19,172.19,170.98,171.93,171.93,2819596,0.0,1.0,MCD
2019-12-04,171.38,172.16,170.76,172.02,172.02,2217187,0.0,1.0,MCD
2019-12-03,172.01,172.66,170.28,170.96,170.96,4076326,0.0,1.0,MCD
2019-12-02,172.96,173.15,171.55,172.79,172.79,3197409,0.0,1.0,MCD
2019-11-29,173.97,173.99,171.98,172.17,172.17,2815480,1.25,1.0,MCD
2019-11-27,170.88,173.0,170.58,172.67,172.67,4132767,0.0,1.0,MCD
2019-11-26,168.89,170.67,168.84,170.66,170.66,3881480,0.0,1.0,MCD
2019-11-25,170.59,170.93,168.54,168.79,168.79,3998785,0.0,1.0,MCD
2019-11-22,169.93,170.14,169.02,169.89,169.89,2417698,0.0,1.0,MCD
2019-11-21,170.89,171.23,169.12,169.2,169.2,3506187,0.0,1.0,MCD
2019-11-20,170.29,171.5,170.24,170.76,170.76,3131227,0.0,1.0,MCD
2019-11-19,170.82,171.0,169.78,170.15,170.15,2909298,0.0,1.0,MCD
2019-11-18,170.82,172.16,170.52,170.89,170.89,3420299,0.0,1.0,MCD
2019-11-15,171.15,171.34,170.04,170.62,170.62,2991180,0.0,1.0,MCD
2019-11-14,171.73,171.97,169.91,170.65,170.65,3173183,0.0,1.0,MCD
2019-11-13,170.44,171.61,170.22,171.53,171.53,3443340,0.0,1.0,MCD
2019-11-12,169.77,170.52,169.56,170.01,170.01,2930611,0.0,1.0,MCD
2019-11-11,170.32,170.87,169.33,169.45,169.45,2744822,0.0,1.0,MCD
2019-11-08,171.17,171.33,169.96,170.3,170.3,3499443,0.0,1.0,MCD
2019-11-07,172.16,172.41,169.17,169.84,169.84,4819712,0.0,1.0,MCD
2019-11-06,170.03,171.76,169.81,170.8,170.8,6472122,0.0,1.0,MCD
2019-11-05,166.82,169.77,166.64,169.05,169.05,10492993,0.0,1.0,MCD
2019-11-04,167.27,167.79,164.97,165.95,165.95,17646687,0.0,1.0,MCD
2019-11-01,173.97,174.14,170.38,170.59,170.59,4188800,0.0,1.0,MCD
2019-10-31,173.64,174.16,172.08,173.02,173.02,4960480,0.0,1.0,MCD
2019-10-30,170.02,173.29,168.61,173.19,173.19,6330296,0.0,1.0,MCD
2019-10-29,168.89,169.94,168.57,169.43,169.43,4451977,0.0,1.0,MCD
2019-10-28,171.51,171.81,168.45,168.69,168.69,7704253,0.0,1.0,MCD
2019-10-25,172.49,172.98,171.0,171.18,171.18,4773074,0.0,1.0,MCD
2019-10-24,175.52,175.53,172.22,172.42,172.42,5003915,0.0,1.0,MCD
2019-10-23,176.02,176.93,174.18,175.23,175.23,7964241,0.0,1.0,MCD
2019-10-22,180.4,180.54,175.18,175.28,175.28,10329242,0.0,1.0,MCD
2019-10-21,184.46,185.39,183.35,184.59,184.59,3738156,0.0,1.0,MCD
2019-10-18,181.91,183.88,181.84,183.4,183.4,3518339,0.0,1.0,MCD
2019-10-17,183.4,184.27,181.94,181.95,181.95,3353713,0.0,1.0,MCD
2019-10-16,182.08,183.78,181.91,183.23,183.23,2909260,0.0,1.0,MCD
2019-10-15,184.33,184.47,181.66,182.28,182.28,3815793,0.0,1.0,MCD
2019-10-14,182.96,184.74,182.78,183.3,183.3,3097767,0.0,1.0,MCD
2019-10-11,187.39,187.6,183.55,183.86,183.86,3961868,0.0,1.0,MCD
2019-10-10,186.27,187.47,186.04,186.27,186.27,2489450,0.0,1.0,MCD
2019-10-09,186.22,187.77,186.15,187.21,187.21,1757019,0.0,1.0,MCD
2019-10-08,185.58,187.48,184.69,185.7,185.7,2565601,0.0,1.0,MCD
2019-10-07,185.69,187.24,185.69,186.41,186.41,3061042,0.0,1.0,MCD
2019-10-04,185.45,186.22,184.76,186.21,186.21,2226894,0.0,1.0,MCD
2019-10-03,181.92,184.75,181.49,184.75,184.75,3516540,0.0,1.0,MCD
2019-10-02,182.9,183.38,180.84,181.44,181.44,4185828,0.0,1.0,MCD
2019-10-01,185.71,186.22,183.37,183.86,183.86,5001308,0.0,1.0,MCD
2019-09-30,187.5,189.44,187.19,188.86,188.86,2496830,0.0,1.0,MCD
2019-09-27,187.41,187.91,186.73,187.5,187.5,2333186,0.0,1.0,MCD
2019-09-26,188.43,189.71,186.9,187.01,187.01,3057768,0.0,1.0,MCD
2019-09-25,186.5,187.49,185.6,187.03,187.03,2430629,0.0,1.0,MCD
2019-09-24,186.92,187.82,186.08,186.5,186.5,3092322,0.0,1.0,MCD
2019-09-23,183.89,186.89,183.89,186.07,186.07,3358183,0.0,1.0,MCD
2019-09-20,185.02,186.29,184.17,184.18,184.18,6008000,0.0,1.0,MCD
2019-09-19,185.05,186.33,184.61,185.18,185.18,2611701,0.0,1.0,MCD
2019-09-18,185.29,185.49,183.22,185.1,185.1,2545454,0.0,1.0,MCD
2019-09-17,182.96,185.46,182.51,184.59,184.59,3692618,0.0,1.0,MCD
2019-09-16,184.1,184.6,182.37,182.43,182.43,3436025,0.0,1.0,MCD
2019-09-13,186.92,187.17,183.8,184.55,184.55,3790162,0.0,1.0,MCD
2019-09-12,186.39,188.27,185.86,186.61,186.61,3438365,0.0,1.0,MCD
2019-09-11,184.45,186.08,183.44,184.9,184.9,3388548,0.0,1.0,MCD
2019-09-10,189.5,189.5,183.21,184.44,184.44,6405023,0.0,1.0,MCD
2019-09-09,193.96,193.96,191.02,191.11,191.11,2534661,0.0,1.0,MCD
2019-09-06,193.35,194.26,193.03,193.54,193.54,1976458,0.0,1.0,MCD
2019-09-05,193.7,193.81,192.11,193.07,193.07,2752067,0.0,1.0,MCD
2019-09-04,191.32,192.87,190.44,192.2,192.2,2252230,0.0,1.0,MCD
2019-09-03,191.7,192.35,190.24,190.99,190.99,3183132,0.0,1.0,MCD
2019-08-30,193.34,193.52,190.82,191.73,191.73,2733665,1.16,1.0,MCD
2019-08-29,192.34,193.38,191.07,192.96,192.96,2730740,0.0,1.0,MCD
2019-08-28,189.53,190.93,188.47,190.8,190.8,2145896,0.0,1.0,MCD
2019-08-27,190.37,190.65,189.04,189.04,189.04,2070202,0.0,1.0,MCD
2019-08-26,189.06,190.02,187.43,189.79,189.79,2553406,0.0,1.0,MCD
2019-08-23,191.77,192.03,187.15,187.82,187.82,3662483,0.0,1.0,MCD
2019-08-22,192.96,193.27,190.64,192.05,192.05,2551256,0.0,1.0,MCD
2019-08-21,192.4,193.18,191.38,193.11,193.11,2053321,0.0,1.0,MCD
2019-08-20,191.49,192.42,191.05,191.15,191.15,2334864,0.0,1.0,MCD
2019-08-19,192.48,192.68,189.96,191.42,191.42,2721167,0.0,1.0,MCD
2019-08-16,191.77,192.33,190.13,191.15,191.15,2475934,0.0,1.0,MCD
2019-08-15,188.99,191.16,188.7,190.98,190.98,2774122,0.0,1.0,MCD
2019-08-14,191.57,192.26,189.32,189.41,189.41,3233712,0.0,1.0,MCD
2019-08-13,192.49,192.68,190.78,192.26,192.26,2923623,0.0,1.0,MCD
2019-08-12,192.88,193.06,189.32,190.01,190.01,2110300,0.0,1.0,MCD
2019-08-09,190.81,194.18,190.81,193.5,193.5,3783954,0.0,1.0,MCD
2019-08-08,190.14,192.26,189.14,190.75,190.75,3724277,0.0,1.0,MCD
2019-08-07,186.59,190.36,184.91,189.72,189.72,3767220,0.0,1.0,MCD
2019-08-06,184.18,187.72,183.64,187.31,187.31,2970342,0.0,1.0,MCD
2019-08-05,186.93,187.78,183.24,184.14,184.14,3685561,0.0,1.0,MCD
2019-08-02,184.88,188.2,184.52,187.66,187.66,3517803,0.0,1.0,MCD
2019-08-01,184.77,186.48,183.84,184.84,184.84,3232059,0.0,1.0,MCD
2019-07-31,185.56,186.11,183.19,184.37,184.37,4048787,0.0,1.0,MCD
2019-07-30,187.5,188.3,185.12,185.79,185.79,2808503,0.0,1.0,MCD
2019-07-29,188.99,190.23,187.5,188.1,188.1,4278616,0.0,1.0,MCD
2019-07-26,190.7,191.58,187.67,188.62,188.62,5029324,0.0,1.0,MCD
2019-07-25,185.81,187.77,185.76,187.63,187.63,3788976,0.0,1.0,MCD
2019-07-24,187.1,188.07,185.73,186.17,186.17,2971648,0.0,1.0,MCD
2019-07-23,188.76,189.21,186.05,187.51,187.51,2503582,0.0,1.0,MCD
2019-07-22,187.06,188.41,185.95,188.12,188.12,2580634,0.0,1.0,MCD
2019-07-19,188.62,189.22,187.07,187.13,187.13,2860462,0.0,1.0,MCD
2019-07-18,187.31,188.95,186.66,188.91,188.91,2261628,0.0,1.0,MCD
2019-07-17,187.22,188.03,186.68,186.99,186.99,1698600,0.0,1.0,MCD
2019-07-16,186.83,188.03,185.62,187.0,187.0,2380836,0.0,1.0,MCD
2019-07-15,186.92,187.85,186.1,187.43,187.43,2408827,0.0,1.0,MCD
2019-07-12,186.1,186.72,184.85,186.36,186.36,1960149,0.0,1.0,MCD
2019-07-11,187.65,187.94,185.15,186.1,186.1,1922802,0.0,1.0,MCD
2019-07-10,185.71,186.77,185.45,186.37,186.37,1842288,0.0,1.0,MCD
2019-07-09,185.48,186.1,185.03,185.57,185.57,1619149,0.0,1.0,MCD
2019-07-08,184.83,185.96,184.82,185.63,185.63,1818123,0.0,1.0,MCD
2019-07-05,185.75,186.38,183.96,184.83,184.83,1876180,0.0,1.0,MCD
2019-07-03,183.59,186.25,183.48,186.2,186.2,2306040,0.0,1.0,MCD
2019-07-02,180.9,183.38,180.52,183.38,183.38,3120250,0.0,1.0,MCD
2019-07-01,182.75,183.24,180.41,180.51,180.51,2692857,0.0,1.0,MCD
2019-06-28,181.03,181.98,180.52,181.7,181.7,3658196,0.0,1.0,MCD
2019-06-27,179.08,180.55,178.67,180.48,180.48,2253671,0.0,1.0,MCD
2019-06-26,179.8,179.95,178.5,178.97,178.97,2576000,0.0,1.0,MCD
2019-06-25,179.19,180.58,179.12,179.99,179.99,3020965,0.0,1.0,MCD
2019-06-24,179.15,179.59,178.17,178.42,178.42,2486835,0.0,1.0,MCD
2019-06-21,179.88,180.19,178.48,178.72,178.72,4267398,0.0,1.0,MCD
2019-06-20,179.37,179.71,178.58,179.47,179.47,2162164,0.0,1.0,MCD
2019-06-19,179.04,179.37,177.28,178.97,178.97,2328409,0.0,1.0,MCD
2019-06-18,179.37,179.72,178.42,178.94,178.94,2470933,0.0,1.0,MCD
2019-06-17,180.02,180.02,177.7,178.33,178.33,2694576,0.0,1.0,MCD
2019-06-14,178.49,180.08,178.3,179.62,179.62,2715937,0.0,1.0,MCD
2019-06-13,179.54,179.72,178.2,178.92,178.92,2277781,0.0,1.0,MCD
2019-06-12,178.92,179.8,178.23,179.31,179.31,2874338,0.0,1.0,MCD
2019-06-11,177.01,178.19,176.21,177.85,177.85,2991501,0.0,1.0,MCD
2019-06-10,180.33,180.33,174.77,176.13,176.13,4647536,0.0,1.0,MCD
2019-06-07,178.06,180.58,178.06,179.79,179.79,4345037,0.0,1.0,MCD
2019-06-06,175.1,177.95,175.02,177.66,177.66,4657847,0.0,1.0,MCD
2019-06-05,175.06,175.48,174.34,175.11,175.11,4294736,0.0,1.0,MCD
2019-06-04,174.12,175.26,173.93,174.67,174.67,3829903,0.0,1.0,MCD
2019-06-03,173.56,174.21,172.65,173.93,173.93,3211789,0.0,1.0,MCD
2019-05-31,172.73,175.02,172.59,173.48,173.48,3669172,1.16,1.0,MCD
2019-05-30,170.5,173.47,170.3,173.31,173.31,2685006,0.0,1.0,MCD
2019-05-29,170.37,171.1,169.5,170.51,170.51,2925087,0.0,1.0,MCD
2019-05-28,172.48,173.44,170.83,171.08,171.08,3675164,0.0,1.0,MCD
2019-05-24,173.86,173.89,171.65,172.04,172.04,2105755,0.0,1.0,MCD
2019-05-23,172.94,173.48,172.32,173.08,173.08,3560545,0.0,1.0,MCD
2019-05-22,173.56,174.12,172.67,173.94,173.94,1760440,0.0,1.0,MCD
2019-05-21,174.75,174.98,173.17,173.84,173.84,2264591,0.0,1.0,MCD
2019-05-20,173.3,174.57,172.48,173.1,173.1,2217366,0.0,1.0,MCD
2019-05-17,172.98,174.3,172.93,173.3,173.3,2239574,0.0,1.0,MCD
2019-05-16,173.42,174.52,173.01,173.97,173.97,2520899,0.0,1.0,MCD
2019-05-15,171.94,173.74,171.8,173.17,173.17,1898987,0.0,1.0,MCD
2019-05-14,172.96,173.64,171.92,172.24,172.24,2787732,0.0,1.0,MCD
2019-05-13,172.24,173.9,171.61,173.13,173.13,2809429,0.0,1.0,MCD
2019-05-10,171.42,174.29,171.38,173.97,173.97,2668932,0.0,1.0,MCD
2019-05-09,171.47,172.5,170.85,172.0,172.0,1923655,0.0,1.0,MCD
2019-05-08,171.98,173.18,171.15,172.26,172.26,2040919,0.0,1.0,MCD
2019-05-07,172.2,173.64,171.13,172.27,172.27,3072542,0.0,1.0,MCD
2019-05-06,170.96,173.26,170.44,173.02,173.02,2371253,0.0,1.0,MCD
2019-05-03,169.92,172.21,169.41,171.82,171.82,2915210,0.0,1.0,MCD
2019-05-02,168.92,169.76,168.16,169.29,169.29,2417953,0.0,1.0,MCD
2019-05-01,170.38,171.53,168.71,168.9,168.9,4059612,0.0,1.0,MCD
2019-04-30,172.97,173.98,170.06,171.86,171.86,6162285,0.0,1.0,MCD
2019-04-29,172.22,172.55,169.97,171.47,171.47,3456076,0.0,1.0,MCD
2019-04-26,172.64,172.76,170.97,171.73,171.73,2302119,0.0,1.0,MCD
2019-04-25,170.92,172.25,170.16,172.17,172.17,2040998,0.0,1.0,MCD
2019-04-24,170.12,172.46,169.92,171.91,171.91,3070150,0.0,1.0,MCD
2019-04-23,169.03,170.45,168.86,169.85,169.85,2192975,0.0,1.0,MCD
2019-04-22,168.76,169.39,168.22,168.69,168.69,1738426,0.0,1.0,MCD
2019-04-18,166.82,169.63,166.72,169.55,169.55,2918415,0.0,1.0,MCD
2019-04-17,167.02,167.32,166.47,166.68,166.68,1875019,0.0,1.0,MCD
2019-04-16,167.45,167.95,166.49,166.76,166.76,1559227,0.0,1.0,MCD
2019-04-15,166.82,167.32,166.02,166.89,166.89,1973531,0.0,1.0,MCD
2019-04-12,164.92,167.26,164.9,166.67,166.67,3238816,0.0,1.0,MCD
2019-04-11,164.65,164.82,163.58,164.3,164.3,1740357,0.0,1.0,MCD
2019-04-10,165.76,166.41,164.2,164.6,164.6,2406813,0.0,1.0,MCD
2019-04-09,164.75,165.52,163.92,165.35,165.35,2279856,0.0,1.0,MCD
2019-04-08,165.89,166.58,164.93,165.15,165.15,2290381,0.0,1.0,MCD
2019-04-05,165.58,166.35,165.34,165.89,165.89,2438651,0.0,1.0,MCD
2019-04-04,164.45,165.91,164.32,165.16,165.16,2324932,0.0,1.0,MCD
2019-04-03,164.3,164.62,163.21,163.84,163.84,2512264,0.0,1.0,MCD
2019-04-02,164.33,164.36,162.41,163.84,163.84,1798034,0.0,1.0,MCD
2019-04-01,165.71,166.02,163.31,163.88,163.88,3195051,0.0,1.0,MCD
2019-03-29,165.49,165.73,164.33,165.19,165.19,2951993,0.0,1.0,MCD
2019-03-28,163.51,164.8,163.48,164.75,164.75,1977103,0.0,1.0,MCD
2019-03-27,163.22,164.11,162.69,163.11,163.11,1684775,0.0,1.0,MCD
2019-03-26,162.36,164.3,162.1,163.08,163.08,2609558,0.0,1.0,MCD
2019-03-25,162.01,162.2,160.07,161.55,161.55,2651646,0.0,1.0,MCD
2019-03-22,161.76,164.1,161.74,162.5,162.5,3319613,0.0,1.0,MCD
2019-03-21,160.44,162.34,160.43,162.12,162.12,2830192,0.0,1.0,MCD
2019-03-20,159.52,161.24,158.6,160.9,160.9,3522394,0.0,1.0,MCD
2019-03-19,160.11,160.38,158.78,159.28,159.28,4102771,0.0,1.0,MCD
2019-03-18,161.78,162.02,159.54,160.01,160.01,3669226,0.0,1.0,MCD
2019-03-15,159.42,161.33,158.41,161.21,161.21,6010520,0.0,1.0,MCD
2019-03-14,158.31,159.0,157.16,158.96,158.96,2375444,0.0,1.0,MCD
2019-03-13,158.77,159.34,158.06,158.37,158.37,2612135,0.0,1.0,MCD
2019-03-12,158.03,158.4,157.15,158.17,158.17,2191830,0.0,1.0,MCD
2019-03-11,156.58,157.55,156.4,157.52,157.52,2071481,0.0,1.0,MCD
2019-03-08,156.36,156.58,155.07,156.14,156.14,2757219,0.0,1.0,MCD
2019-03-07,158.42,158.66,156.53,157.03,157.03,3268106,0.0,1.0,MCD
2019-03-06,158.32,159.59,158.23,158.34,158.34,2083946,0.0,1.0,MCD
2019-03-05,157.1,158.1,156.88,157.75,157.75,3362509,0.0,1.0,MCD
2019-03-04,160.54,160.69,156.32,157.09,157.09,4899760,0.0,1.0,MCD
2019-03-01,160.57,161.49,160.12,160.97,160.97,2690988,0.0,1.0,MCD
2019-02-28,158.43,160.04,158.33,159.92,159.92,3298206,1.16,1.0,MCD
2019-02-27,158.25,159.11,158.05,158.5,158.5,2261701,0.0,1.0,MCD
2019-02-26,158.57,158.89,157.73,158.37,158.37,2219087,0.0,1.0,MCD
2019-02-25,158.99,159.67,157.68,157.85,157.85,3090787,0.0,1.0,MCD
2019-02-22,158.17,158.54,157.32,158.34,158.34,3073495,0.0,1.0,MCD
2019-02-21,155.98,158.48,155.94,158.02,158.02,4391022,0.0,1.0,MCD
2019-02-20,155.14,156.39,155.03,156.02,156.02,3707411,0.0,1.0,MCD
2019-02-19,156.56,157.24,154.87,154.95,154.95,4765391,0.0,1.0,MCD
2019-02-15,153.24,155.58,153.01,155.57,155.57,4648604,0.0,1.0,MCD
2019-02-14,150.35,152.52,149.9,152.03,152.03,4428976,0.0,1.0,MCD
2019-02-13,150.41,150.98,150.19,150.54,150.54,5283032,0.0,1.0,MCD
2019-02-12,151.09,151.52,150.24,150.38,150.38,4692769,0.0,1.0,MCD
2019-02-11,151.48,152.05,150.56,150.63,150.63,3216447,0.0,1.0,MCD
2019-02-08,151.07,151.68,150.75,151.06,151.06,4051647,0.0,1.0,MCD
2019-02-07,152.14,152.36,150.68,151.52,151.52,4176269,0.0,1.0,MCD
2019-02-06,153.48,153.48,152.13,152.29,152.29,3965233,0.0,1.0,MCD
2019-02-05,153.62,155.09,153.19,153.5,153.5,4495881,0.0,1.0,MCD
2019-02-04,153.25,153.68,151.84,153.48,153.48,4533792,0.0,1.0,MCD
2019-02-01,155.21,156.02,152.55,152.76,152.76,6529191,0.0,1.0,MCD
2019-01-31,155.81,157.19,152.89,154.54,154.54,10440122,0.0,1.0,MCD
2019-01-30,158.12,162.33,154.45,157.13,157.13,9489921,0.0,1.0,MCD
2019-01-29,158.43,158.81,156.43,157.47,157.47,3666741,0.0,1.0,MCD
2019-01-28,158.24,158.81,157.18,158.71,158.71,4138677,0.0,1.0,MCD
2019-01-25,163.18,163.74,158.99,159.05,159.05,4408751,0.0,1.0,MCD
2019-01-24,161.53,162.41,160.73,161.97,161.97,3214190,0.0,1.0,MCD
2019-01-23,159.73,160.93,159.15,160.86,160.86,2530657,0.0,1.0,MCD
2019-01-22,157.54,160.33,157.54,159.55,159.55,3190315,0.0,1.0,MCD
2019-01-18,158.22,158.41,156.41,157.82,157.82,3497959,0.0,1.0,MCD
2019-01-17,154.95,156.56,154.76,156.56,156.56,3061038,0.0,1.0,MCD
2019-01-16,156.41,156.92,154.85,155.03,155.03,3376029,0.0,1.0,MCD
2019-01-15,156.87,158.37,156.24,156.48,156.48,3860212,0.0,1.0,MCD
2019-01-14,156.82,157.11,156.19,156.65,156.65,1886302,0.0,1.0,MCD
2019-01-11,156.11,157.67,155.99,157.64,157.64,2348922,0.0,1.0,MCD
2019-01-10,155.46,157.22,155.01,156.94,156.94,2498483,0.0,1.0,MCD
2019-01-09,156.08,156.37,154.9,155.85,155.85,2680712,0.0,1.0,MCD
2019-01-08,157.29,157.58,155.52,156.11,156.11,2941377,0.0,1.0,MCD
2019-01-07,153.99,157.22,153.99,155.79,155.79,3282952,0.0,1.0,MCD
2019-01-04,152.16,154.9,151.87,154.11,154.11,3194259,0.0,1.0,MCD
2019-01-03,151.66,152.53,150.76,151.19,151.19,3728238,0.0,1.0,MCD
2019-01-02,151.63,152.4,150.56,152.19,152.19,2571462,0.0,1.0,MCD
2018-12-31,152.1,153.69,151.79,153.5,153.5,2482576,0.0,1.0,MCD
2018-12-28,152.4,153.43,151.14,151.76,151.76,2896778,0.0,1.0,MCD
2018-12-27,149.8,151.89,147.58,151.89,151.89,3934478,0.0,1.0,MCD
2018-12-26,147.03,150.44,146.12,150.44,150.44,4065567,0.0,1.0,MCD
2018-12-24,150.62,151.51,147.1,147.19,147.19,2400878,0.0,1.0,MCD
2018-12-21,150.0,153.56,150.0,150.54,150.54,8536938,0.0,1.0,MCD
2018-12-20,154.05,154.57,149.15,150.13,150.13,5775271,0.0,1.0,MCD
2018-12-19,156.42,158.17,154.37,154.87,154.87,3883791,0.0,1.0,MCD
2018-12-18,157.53,157.85,154.78,155.35,155.35,4268985,0.0,1.0,MCD
2018-12-17,158.02,158.72,155.77,156.28,156.28,4566870,0.0,1.0,MCD
2018-12-14,160.14,160.14,157.5,158.44,158.44,4450192,0.0,1.0,MCD
2018-12-13,159.05,161.44,158.89,161.15,161.15,2737514,0.0,1.0,MCD
2018-12-12,158.99,159.78,157.63,158.6,158.6,3024671,0.0,1.0,MCD
2018-12-11,161.27,161.5,158.08,158.7,158.7,2889144,0.0,1.0,MCD
2018-12-10,158.15,160.0,156.07,159.62,159.62,3084968,0.0,1.0,MCD
2018-12-07,160.2,161.82,157.9,158.15,158.15,3087954,0.0,1.0,MCD
2018-12-06,157.96,160.57,157.41,160.31,160.31,4878006,0.0,1.0,MCD
2018-12-04,160.6,162.58,159.83,159.95,159.95,4436191,0.0,1.0,MCD
2018-12-03,162.6,162.87,159.63,160.24,160.24,4399266,0.0,1.0,MCD
2018-11-30,162.81,163.57,161.44,162.95,162.95,6635621,1.16,1.0,MCD
2018-11-29,163.85,163.99,162.04,162.6,162.6,4617087,0.0,1.0,MCD
2018-11-28,159.77,161.56,158.7,161.39,161.39,3279454,0.0,1.0,MCD
2018-11-27,157.51,158.63,157.38,158.62,158.62,2194245,0.0,1.0,MCD
2018-11-26,156.71,158.16,156.42,157.99,157.99,3843322,0.0,1.0,MCD
2018-11-23,156.81,157.22,155.56,156.3,156.3,1747670,0.0,1.0,MCD
2018-11-21,157.4,159.43,156.96,156.98,156.98,3410745,0.0,1.0,MCD
2018-11-20,159.52,160.34,157.25,157.83,157.83,3708429,0.0,1.0,MCD
2018-11-19,161.29,162.29,159.62,160.42,160.42,3745905,0.0,1.0,MCD
2018-11-16,157.65,161.32,157.58,161.16,161.16,3759462,0.0,1.0,MCD
2018-11-15,157.2,158.06,155.95,157.7,157.7,3351256,0.0,1.0,MCD
2018-11-14,158.27,159.02,157.53,157.95,157.95,3407486,0.0,1.0,MCD
2018-11-13,158.03,158.87,157.5,158.09,158.09,2358173,0.0,1.0,MCD
2018-11-12,159.76,161.02,157.89,158.4,158.4,3080753,0.0,1.0,MCD
2018-11-09,159.8,160.3,159.0,159.75,159.75,3237062,0.0,1.0,MCD
2018-11-08,158.33,159.83,158.15,159.35,159.35,3318599,0.0,1.0,MCD
2018-11-07,157.22,158.49,156.26,158.3,158.3,4363930,0.0,1.0,MCD
2018-11-06,154.67,157.1,154.21,156.97,156.97,4864654,0.0,1.0,MCD
2018-11-05,152.42,155.59,152.07,154.98,154.98,4747298,0.0,1.0,MCD
2018-11-02,151.59,152.06,149.49,151.85,151.85,4190863,0.0,1.0,MCD
2018-11-01,151.78,152.37,150.09,150.25,150.25,3701151,0.0,1.0,MCD
2018-10-31,153.62,153.75,151.53,151.98,151.98,5424712,0.0,1.0,MCD
2018-10-30,149.07,153.43,149.01,153.35,153.35,5582931,0.0,1.0,MCD
2018-10-29,150.35,151.35,147.96,148.83,148.83,3485180,0.0,1.0,MCD
2018-10-26,150.0,150.29,148.29,148.92,148.92,4741914,0.0,1.0,MCD
2018-10-25,152.55,153.16,150.0,150.61,150.61,4646367,0.0,1.0,MCD
2018-10-24,151.32,152.93,149.86,152.37,152.37,7866377,0.0,1.0,MCD
2018-10-23,147.08,152.81,146.48,152.2,152.2,12918300,0.0,1.0,MCD
2018-10-22,144.32,145.89,142.78,143.16,143.16,5703547,0.0,1.0,MCD
2018-10-19,142.95,144.46,142.87,143.9,143.9,3509973,0.0,1.0,MCD
2018-10-18,143.17,144.33,142.42,143.31,143.31,3378587,0.0,1.0,MCD
2018-10-17,141.3,144.1,140.99,143.28,143.28,3608363,0.0,1.0,MCD
2018-10-16,140.42,141.29,139.95,140.96,140.96,4094663,0.0,1.0,MCD
2018-10-15,141.49,142.16,140.59,140.61,140.61,4265948,0.0,1.0,MCD
2018-10-12,140.84,141.72,139.06,140.74,140.74,3446093,0.0,1.0,MCD
2018-10-11,142.97,144.05,139.03,140.01,140.01,5430672,0.0,1.0,MCD
2018-10-10,147.76,147.77,144.52,144.65,144.65,4190540,0.0,1.0,MCD
2018-10-09,144.47,146.53,144.17,145.91,145.91,4158072,0.0,1.0,MCD
2018-10-08,142.83,144.48,142.72,144.14,144.14,2560488,0.0,1.0,MCD
2018-10-05,142.82,143.9,142.44,143.11,143.11,2822503,0.0,1.0,MCD
2018-10-04,141.66,142.68,141.33,142.44,142.44,3230440,0.0,1.0,MCD
2018-10-03,142.7,143.99,141.22,141.47,141.47,3830275,0.0,1.0,MCD
2018-10-02,142.92,143.51,141.91,141.91,141.91,3071198,0.0,1.0,MCD
2018-10-01,144.65,145.15,143.18,143.19,143.19,3126616,0.0,1.0,MCD
2018-09-28,143.25,144.19,143.05,143.72,143.72,3390221,0.0,1.0,MCD
2018-09-27,142.29,143.71,142.01,143.07,143.07,2390670,0.0,1.0,MCD
2018-09-26,142.96,143.91,142.23,142.41,142.41,3092556,0.0,1.0,MCD
2018-09-25,141.4,143.63,140.96,142.97,142.97,5282930,0.0,1.0,MCD
2018-09-24,140.81,140.97,138.42,140.31,140.31,4375289,0.0,1.0,MCD
2018-09-21,139.79,142.01,139.62,142.01,142.01,8805474,0.0,1.0,MCD
2018-09-20,137.64,138.36,136.92,138.14,138.14,3218707,0.0,1.0,MCD
2018-09-19,136.35,137.02,135.5,136.76,136.76,2821953,0.0,1.0,MCD
2018-09-18,135.89,136.67,135.38,135.55,135.55,3722864,0.0,1.0,MCD
2018-09-17,137.07,137.31,134.51,135.86,135.86,5360039,0.0,1.0,MCD
2018-09-14,140.04,140.13,137.68,138.18,138.18,3939824,0.0,1.0,MCD
2018-09-13,142.14,142.15,138.92,139.52,139.52,3663571,0.0,1.0,MCD
2018-09-12,141.17,142.12,140.67,141.53,141.53,2613354,0.0,1.0,MCD
2018-09-11,141.65,142.56,141.07,141.43,141.43,2946393,0.0,1.0,MCD
2018-09-10,141.31,142.63,141.1,141.82,141.82,3080062,0.0,1.0,MCD
2018-09-07,140.54,141.07,140.16,140.81,140.81,2868309,0.0,1.0,MCD
2018-09-06,140.07,141.16,139.78,140.67,140.67,3133754,0.0,1.0,MCD
2018-09-05,138.84,140.38,138.48,140.25,140.25,2749174,0.0,1.0,MCD
2018-09-04,139.02,139.16,137.52,138.94,138.94,3296272,0.0,1.0,MCD
2018-08-31,138.78,139.96,138.78,139.38,139.38,3649768,1.01,1.0,MCD
2018-08-30,139.2,139.42,138.63,139.0,139.0,3038737,0.0,1.0,MCD
2018-08-29,138.25,139.46,138.05,139.27,139.27,3168231,0.0,1.0,MCD
2018-08-28,137.08,138.04,136.75,138.01,138.01,2138158,0.0,1.0,MCD
2018-08-27,136.81,137.05,135.93,137.02,137.02,2627116,0.0,1.0,MCD
2018-08-24,135.54,136.49,135.16,136.08,136.08,2199440,0.0,1.0,MCD
2018-08-23,137.09,137.29,135.22,135.8,135.8,2755807,0.0,1.0,MCD
2018-08-22,137.81,137.9,136.68,137.08,137.08,2361539,0.0,1.0,MCD
2018-08-21,137.86,138.28,137.48,137.5,137.5,1920897,0.0,1.0,MCD
2018-08-20,137.71,138.46,137.55,138.05,138.05,2659503,0.0,1.0,MCD
2018-08-17,138.23,138.23,136.82,137.59,137.59,2527422,0.0,1.0,MCD
2018-08-16,136.74,138.56,136.74,138.09,138.09,2822325,0.0,1.0,MCD
2018-08-15,136.45,137.0,135.22,136.51,136.51,3355474,0.0,1.0,MCD
2018-08-14,135.2,137.83,135.07,137.12,137.12,3111910,0.0,1.0,MCD
2018-08-13,135.31,135.75,134.26,135.02,135.02,2879590,0.0,1.0,MCD
2018-08-10,135.19,136.19,134.79,135.48,135.48,3343459,0.0,1.0,MCD
2018-08-09,135.62,136.29,134.87,136.01,136.01,2764451,0.0,1.0,MCD
2018-08-08,133.61,135.7,133.34,135.69,135.69,2988536,0.0,1.0,MCD
2018-08-07,133.97,134.22,133.06,133.23,133.23,1929394,0.0,1.0,MCD
2018-08-06,133.22,134.4,132.73,133.81,133.81,2375200,0.0,1.0,MCD
2018-08-03,132.94,134.02,131.74,133.37,133.37,3673120,0.0,1.0,MCD
2018-08-02,133.75,133.99,130.75,132.69,132.69,6245890,0.0,1.0,MCD
2018-08-01,133.68,134.24,132.91,133.98,133.98,4253003,0.0,1.0,MCD
2018-07-31,135.5,135.76,134.25,134.51,134.51,3530344,0.0,1.0,MCD
2018-07-30,134.38,136.63,134.13,135.45,135.45,3274878,0.0,1.0,MCD
2018-07-27,133.69,134.91,133.54,134.46,134.46,4287282,0.0,1.0,MCD
2018-07-26,135.1,135.66,132.09,133.32,133.32,7409782,0.0,1.0,MCD
2018-07-25,134.64,135.75,134.4,135.66,135.66,4369823,0.0,1.0,MCD
2018-07-24,135.96,136.25,134.49,134.85,134.85,3388383,0.0,1.0,MCD
2018-07-23,134.73,135.61,134.08,135.54,135.54,2754730,0.0,1.0,MCD
2018-07-20,134.22,135.2,133.43,134.88,134.88,2697080,0.0,1.0,MCD
2018-07-19,134.55,135.45,134.14,134.4,134.4,4869720,0.0,1.0,MCD
2018-07-18,136.48,136.5,134.74,134.84,134.84,3824040,0.0,1.0,MCD
2018-07-17,135.38,136.61,135.38,136.4,136.4,1877482,0.0,1.0,MCD
2018-07-16,135.43,136.0,134.87,135.57,135.57,2818313,0.0,1.0,MCD
2018-07-13,134.39,135.55,132.58,135.34,135.34,5187544,0.0,1.0,MCD
2018-07-12,135.89,136.42,135.6,135.86,135.86,2360824,0.0,1.0,MCD
2018-07-11,135.66,136.36,134.65,135.43,135.43,3203795,0.0,1.0,MCD
2018-07-10,136.47,137.45,136.15,137.14,137.14,2187530,0.0,1.0,MCD
2018-07-09,137.01,137.29,136.07,136.56,136.56,2477291,0.0,1.0,MCD
2018-07-06,134.71,137.1,134.43,136.12,136.12,3441328,0.0,1.0,MCD
2018-07-05,133.96,134.62,133.62,134.32,134.32,2248320,0.0,1.0,MCD
2018-07-03,134.36,134.75,133.46,133.61,133.61,1437699,0.0,1.0,MCD
2018-07-02,133.19,133.94,132.73,133.94,133.94,3023959,0.0,1.0,MCD
2018-06-29,133.84,134.86,133.26,133.78,133.78,4024512,0.0,1.0,MCD
2018-06-28,134.26,134.33,132.43,133.47,133.47,4136532,0.0,1.0,MCD
2018-06-27,135.8,137.03,134.37,134.41,134.41,4961158,0.0,1.0,MCD
2018-06-26,136.62,138.19,136.44,137.39,137.39,3375117,0.0,1.0,MCD
2018-06-25,139.17,139.17,135.71,136.45,136.45,6126774,0.0,1.0,MCD
2018-06-22,137.7,141.0,137.69,140.5,140.5,10927291,0.0,1.0,MCD
2018-06-21,139.42,139.68,136.22,137.06,137.06,4655807,0.0,1.0,MCD
2018-06-20,140.8,141.33,138.63,138.8,138.8,3649511,0.0,1.0,MCD
2018-06-19,140.56,141.32,140.23,140.85,140.85,3350429,0.0,1.0,MCD
2018-06-18,141.33,142.23,139.86,141.97,141.97,4297727,0.0,1.0,MCD
2018-06-15,141.82,142.25,140.53,142.13,142.13,7384360,0.0,1.0,MCD
2018-06-14,142.62,143.39,142.31,142.63,142.63,2389963,0.0,1.0,MCD
2018-06-13,142.58,143.11,142.2,142.23,142.23,3140508,0.0,1.0,MCD
2018-06-12,142.43,142.79,141.93,142.36,142.36,2985260,0.0,1.0,MCD
2018-06-11,144.33,144.33,141.96,142.15,142.15,3246464,0.0,1.0,MCD
2018-06-08,144.31,146.48,143.83,144.22,144.22,5056578,0.0,1.0,MCD
2018-06-07,139.81,145.15,139.76,144.71,144.71,8342535,0.0,1.0,MCD
2018-06-06,136.43,138.65,136.04,138.64,138.64,3586190,0.0,1.0,MCD
2018-06-05,136.59,137.46,135.74,136.17,136.17,2952304,0.0,1.0,MCD
2018-06-04,136.68,137.03,136.22,136.8,136.8,3174562,0.0,1.0,MCD
2018-06-01,136.53,136.65,135.77,135.89,135.89,3203782,1.01,1.0,MCD
2018-05-31,136.75,137.13,135.7,135.76,135.76,4881141,0.0,1.0,MCD
2018-05-30,136.95,137.53,136.45,137.29,137.29,2396547,0.0,1.0,MCD
2018-05-29,137.81,138.06,135.93,136.28,136.28,3197053,0.0,1.0,MCD
2018-05-25,137.82,139.1,137.53,138.47,138.47,2582090,0.0,1.0,MCD
2018-05-24,136.69,137.96,136.12,137.78,137.78,3378040,0.0,1.0,MCD
2018-05-23,135.49,137.15,135.04,137.12,137.12,3835129,0.0,1.0,MCD
2018-05-22,137.5,137.52,135.04,135.28,135.28,3224003,0.0,1.0,MCD
2018-05-21,137.26,137.42,136.27,137.01,137.01,2424012,0.0,1.0,MCD
2018-05-18,137.17,138.16,136.22,136.58,136.58,2318045,0.0,1.0,MCD
2018-05-17,137.98,138.49,136.37,136.86,136.86,2975505,0.0,1.0,MCD
2018-05-16,138.5,139.09,137.23,138.18,138.18,2522035,0.0,1.0,MCD
2018-05-15,139.37,139.69,137.73,138.35,138.35,3471278,0.0,1.0,MCD
2018-05-14,140.54,140.82,139.41,139.75,139.75,2537289,0.0,1.0,MCD
2018-05-11,139.99,140.82,139.86,140.32,140.32,2258462,0.0,1.0,MCD
2018-05-10,139.53,140.53,139.41,140.05,140.05,1675139,0.0,1.0,MCD
2018-05-09,139.99,140.17,138.34,139.35,139.35,2762488,0.0,1.0,MCD
2018-05-08,139.52,140.49,138.93,139.8,139.8,2808116,0.0,1.0,MCD
2018-05-07,141.49,141.94,139.69,139.99,139.99,3378990,0.0,1.0,MCD
2018-05-04,135.71,140.37,135.66,140.02,140.02,4283643,0.0,1.0,MCD
2018-05-03,136.26,136.46,134.97,135.82,135.82,3450094,0.0,1.0,MCD
2018-05-02,137.57,138.46,136.12,136.33,136.33,4318436,0.0,1.0,MCD
2018-05-01,141.16,141.26,137.53,138.67,138.67,6560143,0.0,1.0,MCD
2018-04-30,139.73,142.49,138.93,142.06,142.06,12954744,0.0,1.0,MCD
2018-04-27,135.31,135.62,134.23,134.31,134.31,4141496,0.0,1.0,MCD
2018-04-26,132.75,135.29,132.06,134.82,134.82,3680630,0.0,1.0,MCD
2018-04-25,133.28,133.49,131.52,132.3,132.3,3688187,0.0,1.0,MCD
2018-04-24,135.54,135.61,133.0,133.48,133.48,2904359,0.0,1.0,MCD
2018-04-23,134.88,135.49,134.18,134.89,134.89,3051878,0.0,1.0,MCD
2018-04-20,135.18,136.37,134.49,134.71,134.71,3961213,0.0,1.0,MCD
2018-04-19,137.12,137.53,134.71,135.35,135.35,3276623,0.0,1.0,MCD
2018-04-18,137.95,138.56,137.23,137.29,137.29,2503128,0.0,1.0,MCD
2018-04-17,137.78,138.7,137.5,137.91,137.91,2861915,0.0,1.0,MCD
2018-04-16,136.85,137.82,136.48,137.13,137.13,3115186,0.0,1.0,MCD
2018-04-13,137.58,138.43,136.82,137.22,137.22,2452777,0.0,1.0,MCD
2018-04-12,138.8,140.33,137.06,137.12,137.12,5178889,0.0,1.0,MCD
2018-04-11,137.87,139.19,137.68,138.58,138.58,2711129,0.0,1.0,MCD
2018-04-10,138.15,139.11,137.49,138.1,138.1,3926051,0.0,1.0,MCD
2018-04-09,137.63,138.78,136.65,136.79,136.79,3581531,0.0,1.0,MCD
2018-04-06,137.8,138.96,136.52,136.81,136.81,4321878,0.0,1.0,MCD
2018-04-05,137.79,139.62,137.23,139.1,139.1,4503889,0.0,1.0,MCD
2018-04-04,134.48,137.57,133.95,137.22,137.22,4888038,0.0,1.0,MCD
2018-04-03,134.04,136.2,133.46,136.09,136.09,4719350,0.0,1.0,MCD
2018-04-02,134.28,135.89,131.72,133.82,133.82,6960137,0.0,1.0,MCD
2018-03-29,134.9,135.61,132.68,132.68,132.68,5289487,0.0,1.0,MCD
2018-03-28,133.92,135.55,133.9,134.4,134.4,3913249,0.0,1.0,MCD
2018-03-27,134.48,135.55,132.75,133.61,133.61,3194878,0.0,1.0,MCD
2018-03-26,132.53,134.22,132.53,134.06,134.06,3419642,0.0,1.0,MCD
2018-03-23,133.7,133.87,131.44,131.49,131.49,3337592,0.0,1.0,MCD
2018-03-22,133.93,135.0,133.08,133.24,133.24,3646979,0.0,1.0,MCD
2018-03-21,135.75,136.1,134.3,134.61,134.61,3494739,0.0,1.0,MCD
2018-03-20,135.54,136.32,135.11,135.22,135.22,3034736,0.0,1.0,MCD
2018-03-19,137.45,137.75,134.23,134.91,134.91,4031469,0.0,1.0,MCD
2018-03-16,137.34,138.49,137.09,137.75,137.75,13580136,0.0,1.0,MCD
2018-03-15,134.66,137.57,134.55,137.12,137.12,5715337,0.0,1.0,MCD
2018-03-14,134.9,135.33,133.41,134.26,134.26,3874466,0.0,1.0,MCD
2018-03-13,134.53,135.66,134.23,134.24,134.24,4305389,0.0,1.0,MCD
2018-03-12,133.83,135.28,133.64,133.83,133.83,4137391,0.0,1.0,MCD
2018-03-09,132.03,133.82,131.37,133.41,133.41,4722315,0.0,1.0,MCD
2018-03-08,129.58,131.18,129.51,131.03,131.03,4246657,0.0,1.0,MCD
2018-03-07,127.15,129.59,126.99,129.28,129.28,4492049,0.0,1.0,MCD
2018-03-06,128.33,128.72,127.38,128.28,128.28,5015408,0.0,1.0,MCD
2018-03-05,125.81,128.52,125.5,128.14,128.14,6397841,0.0,1.0,MCD
2018-03-02,126.34,127.65,124.58,125.8,125.8,11754262,0.0,1.0,MCD
2018-03-01,133.88,136.11,131.69,132.1,132.1,5608962,0.0,1.0,MCD
2018-02-28,136.11,136.78,133.82,133.83,133.83,6043547,1.01,1.0,MCD
2018-02-27,138.42,138.68,135.43,135.44,135.44,4895502,0.0,1.0,MCD
2018-02-26,138.26,138.89,136.82,137.9,137.9,3895851,0.0,1.0,MCD
2018-02-23,136.1,137.68,136.1,137.47,137.47,4209915,0.0,1.0,MCD
2018-02-22,134.0,136.07,133.96,135.44,135.44,4393003,0.0,1.0,MCD
2018-02-21,133.0,136.0,132.86,133.74,133.74,6512546,0.0,1.0,MCD
2018-02-20,132.36,134.18,131.75,132.49,132.49,5185970,0.0,1.0,MCD
2018-02-16,134.44,134.8,133.0,133.02,133.02,7148544,0.0,1.0,MCD
2018-02-15,135.85,136.17,133.88,135.54,135.54,4926716,0.0,1.0,MCD
2018-02-14,136.1,136.59,134.62,134.88,134.88,5846477,0.0,1.0,MCD
2018-02-13,137.41,138.11,136.34,136.91,136.91,5401178,0.0,1.0,MCD
2018-02-12,136.88,139.85,136.15,138.17,138.17,5244251,0.0,1.0,MCD
2018-02-09,134.87,136.56,130.86,135.56,135.56,7172175,0.0,1.0,MCD
2018-02-08,139.68,139.72,133.84,134.02,134.02,5412844,0.0,1.0,MCD
2018-02-07,138.98,141.85,138.7,139.7,139.7,4926698,0.0,1.0,MCD
2018-02-06,133.49,139.99,133.41,139.25,139.25,6782929,0.0,1.0,MCD
2018-02-05,142.14,142.86,129.71,138.13,138.13,7200161,0.0,1.0,MCD
2018-02-02,143.99,145.62,142.46,142.79,142.79,4562063,0.0,1.0,MCD
2018-02-01,143.54,146.3,142.38,144.92,144.92,4747750,0.0,1.0,MCD
2018-01-31,146.35,146.94,143.54,144.28,144.28,6832229,0.0,1.0,MCD
2018-01-30,149.3,149.78,144.03,145.41,145.41,9390600,0.0,1.0,MCD
2018-01-29,150.31,150.65,149.42,149.87,149.87,5998617,0.0,1.0,MCD
2018-01-26,148.1,150.4,147.54,150.36,150.36,3875199,0.0,1.0,MCD
2018-01-25,148.71,148.9,147.24,148.09,148.09,2812304,0.0,1.0,MCD
2018-01-24,149.47,149.47,147.74,148.48,148.48,2727889,0.0,1.0,MCD
2018-01-23,148.01,149.85,147.4,149.06,149.06,2947510,0.0,1.0,MCD
2018-01-22,148.35,149.07,148.05,148.55,148.55,3111806,0.0,1.0,MCD
2018-01-19,147.52,148.91,147.01,148.48,148.48,3687427,0.0,1.0,MCD
2018-01-18,147.69,147.91,146.6,147.17,147.17,2049776,0.0,1.0,MCD
2018-01-17,146.98,148.11,146.59,147.51,147.51,4124839,0.0,1.0,MCD
2018-01-16,146.37,147.03,145.74,146.42,146.42,3661415,0.0,1.0,MCD
2018-01-12,146.15,146.51,145.74,146.33,146.33,2881394,0.0,1.0,MCD
2018-01-11,146.32,147.15,145.09,146.17,146.17,3068998,0.0,1.0,MCD
2018-01-10,146.27,146.69,145.4,146.28,146.28,2172517,0.0,1.0,MCD
2018-01-09,146.88,146.88,145.85,146.3,146.3,2673002,0.0,1.0,MCD
2018-01-08,146.47,146.87,145.79,146.63,146.63,1939624,0.0,1.0,MCD
2018-01-05,146.69,147.53,146.18,146.73,146.73,3731441,0.0,1.0,MCD
2018-01-04,146.05,146.8,145.62,146.44,146.44,2743319,0.0,1.0,MCD
2018-01-03,146.04,146.38,145.0,145.42,145.42,3786929,0.0,1.0,MCD
2018-01-02,146.46,147.09,145.56,146.03,146.03,3494917,0.0,1.0,MCD
2017-12-29,145.83,145.83,144.93,145.1,145.1,2192700,0.0,1.0,MCD
2017-12-28,146.06,146.31,145.52,145.93,145.93,1590045,0.0,1.0,MCD
2017-12-27,144.44,145.63,144.03,145.57,145.57,1571242,0.0,1.0,MCD
2017-12-26,144.24,144.7,144.01,144.4,144.4,1279288,0.0,1.0,MCD
2017-12-22,144.85,145.04,143.78,144.51,144.51,2031711,0.0,1.0,MCD
2017-12-21,145.58,145.63,144.72,144.88,144.88,2319998,0.0,1.0,MCD
2017-12-20,146.31,146.59,144.76,145.15,145.15,2247853,0.0,1.0,MCD
2017-12-19,147.1,147.45,145.91,146.17,146.17,3118191,0.0,1.0,MCD
2017-12-18,147.52,148.19,146.78,146.86,146.86,2412456,0.0,1.0,MCD
2017-12-15,146.49,147.61,146.42,146.74,146.74,6705545,0.0,1.0,MCD
2017-12-14,146.24,146.76,145.7,145.96,145.96,2664560,0.0,1.0,MCD
2017-12-13,145.37,146.65,145.34,146.31,146.31,2539685,0.0,1.0,MCD
2017-12-12,145.85,146.01,144.88,145.2,145.2,2801698,0.0,1.0,MCD
2017-12-11,145.79,146.06,145.19,146.06,146.06,2315470,0.0,1.0,MCD
2017-12-08,145.89,146.3,145.43,145.97,145.97,2218967,0.0,1.0,MCD
2017-12-07,145.47,146.09,144.93,145.77,145.77,2273853,0.0,1.0,MCD
2017-12-06,146.25,147.06,145.85,146.25,146.25,2619230,0.0,1.0,MCD
2017-12-05,146.17,146.9,145.39,145.84,145.84,3224649,0.0,1.0,MCD
2017-12-04,146.07,146.25,143.68,143.86,143.86,3877189,0.0,1.0,MCD
2017-12-01,145.65,145.97,143.64,145.74,145.74,4279176,0.0,1.0,MCD
2017-11-30,143.52,145.99,142.76,144.98,144.98,6023705,1.01,1.0,MCD
2017-11-29,143.9,144.17,141.68,142.84,142.84,4590301,0.0,1.0,MCD
2017-11-28,141.83,143.64,141.67,143.6,143.6,2713805,0.0,1.0,MCD
2017-11-27,141.56,141.79,140.88,141.61,141.61,2082414,0.0,1.0,MCD
2017-11-24,141.54,142.11,141.49,141.73,141.73,963233,0.0,1.0,MCD
2017-11-22,141.87,142.77,141.36,141.68,141.68,2719172,0.0,1.0,MCD
2017-11-21,140.43,141.86,140.39,141.05,141.05,2776123,0.0,1.0,MCD
2017-11-20,140.24,140.68,139.76,139.91,139.91,2442260,0.0,1.0,MCD
2017-11-17,140.42,140.55,139.26,139.73,139.73,2215966,0.0,1.0,MCD
2017-11-16,140.53,141.55,140.41,140.88,140.88,2291228,0.0,1.0,MCD
2017-11-15,140.54,141.38,140.09,140.23,140.23,1958690,0.0,1.0,MCD
2017-11-14,139.83,141.16,139.6,140.9,140.9,2179654,0.0,1.0,MCD
2017-11-13,138.68,140.76,138.36,140.28,140.28,2600204,0.0,1.0,MCD
2017-11-10,139.46,139.8,137.05,138.78,138.78,4223028,0.0,1.0,MCD
2017-11-09,141.41,141.81,139.21,139.97,139.97,4211102,0.0,1.0,MCD
2017-11-08,142.62,143.25,142.02,142.56,142.56,2604954,0.0,1.0,MCD
2017-11-07,142.56,143.17,142.08,143.12,143.12,2479231,0.0,1.0,MCD
2017-11-06,141.56,142.83,141.31,142.54,142.54,3087734,0.0,1.0,MCD
2017-11-03,140.8,142.02,140.47,141.35,141.35,1959484,0.0,1.0,MCD
2017-11-02,139.96,141.2,139.55,140.89,140.89,2282869,0.0,1.0,MCD
2017-11-01,138.89,140.79,138.77,139.44,139.44,2177821,0.0,1.0,MCD
2017-10-31,139.34,140.31,139.24,139.89,139.89,2854661,0.0,1.0,MCD
2017-10-30,138.29,139.6,138.01,139.32,139.32,2046187,0.0,1.0,MCD
2017-10-27,137.53,139.0,137.26,138.62,138.62,2298126,0.0,1.0,MCD
2017-10-26,137.57,138.0,137.24,137.46,137.46,2932489,0.0,1.0,MCD
2017-10-25,136.96,138.39,136.61,137.07,137.07,3321708,0.0,1.0,MCD
2017-10-24,138.51,139.53,137.11,137.35,137.35,7609557,0.0,1.0,MCD
2017-10-23,139.21,139.21,136.69,136.9,136.9,6197728,0.0,1.0,MCD
2017-10-20,140.16,140.72,138.71,139.38,139.38,5567180,0.0,1.0,MCD
2017-10-19,138.98,139.92,138.22,139.55,139.55,2478143,0.0,1.0,MCD
2017-10-18,138.53,139.34,137.36,138.93,138.93,2782448,0.0,1.0,MCD
2017-10-17,138.22,139.14,138.08,138.62,138.62,2370049,0.0,1.0,MCD
2017-10-16,138.66,138.91,137.82,138.3,138.3,2132293,0.0,1.0,MCD
2017-10-13,137.83,138.72,137.52,138.6,138.6,2957429,0.0,1.0,MCD
2017-10-12,136.6,137.79,136.42,137.38,137.38,3021112,0.0,1.0,MCD
2017-10-11,134.85,136.81,134.58,136.74,136.74,3528906,0.0,1.0,MCD
2017-10-10,133.84,135.42,133.75,134.58,134.58,2909565,0.0,1.0,MCD
2017-10-09,133.77,134.51,133.68,134.2,134.2,2116711,0.0,1.0,MCD
2017-10-06,132.91,134.21,132.91,133.76,133.76,3538709,0.0,1.0,MCD
2017-10-05,131.84,133.19,131.84,133.09,133.09,2717053,0.0,1.0,MCD
2017-10-04,131.44,131.94,131.29,131.76,131.76,1789048,0.0,1.0,MCD
2017-10-03,131.37,131.97,131.05,131.47,131.47,2185402,0.0,1.0,MCD
2017-10-02,130.75,131.73,130.58,131.55,131.55,2396347,0.0,1.0,MCD
2017-09-29,132.01,132.46,130.85,131.32,131.32,3660844,0.0,1.0,MCD
2017-09-28,130.88,132.68,130.31,131.99,131.99,4195388,0.0,1.0,MCD
2017-09-27,128.66,129.65,128.6,129.11,129.11,3852689,0.0,1.0,MCD
2017-09-26,130.96,131.45,128.46,128.52,128.52,6184159,0.0,1.0,MCD
2017-09-25,132.82,133.0,130.83,130.96,130.96,3643076,0.0,1.0,MCD
2017-09-22,133.16,133.88,132.89,133.18,133.18,2309891,0.0,1.0,MCD
2017-09-21,133.99,134.17,132.85,133.29,133.29,2502191,0.0,1.0,MCD
2017-09-20,132.34,134.01,132.23,134.0,134.0,3581891,0.0,1.0,MCD
2017-09-19,131.81,132.34,131.02,131.94,131.94,3543908,0.0,1.0,MCD
2017-09-18,132.19,132.25,131.04,131.32,131.32,3831922,0.0,1.0,MCD
2017-09-15,132.25,132.42,131.48,131.52,131.52,7348239,0.0,1.0,MCD
2017-09-14,131.58,131.88,130.79,131.58,131.58,3106247,0.0,1.0,MCD
2017-09-13,131.37,132.24,130.75,131.58,131.58,4686277,0.0,1.0,MCD
2017-09-12,134.27,134.7,130.55,131.02,131.02,10316290,0.0,1.0,MCD
2017-09-11,134.1,135.54,134.03,135.38,135.38,2284377,0.0,1.0,MCD
2017-09-08,133.7,134.42,133.41,133.86,133.86,2973207,0.0,1.0,MCD
2017-09-07,132.82,134.15,132.7,134.01,134.01,2942639,0.0,1.0,MCD
2017-09-06,133.45,133.57,132.61,132.61,132.61,4081502,0.0,1.0,MCD
2017-09-05,133.26,133.91,132.48,133.34,133.34,4000528,0.0,1.0,MCD
2017-09-01,133.99,134.27,133.68,133.94,133.94,1863027,0.0,1.0,MCD
2017-08-31,133.91,134.1,133.55,134.07,134.07,2706483,0.0,1.0,MCD
2017-08-30,132.76,133.8,132.69,133.7,133.7,2234328,0.94,1.0,MCD
2017-08-29,132.65,133.11,132.25,132.8,132.8,3273979,0.0,1.0,MCD
2017-08-28,132.51,133.28,132.2,133.04,133.04,1981060,0.0,1.0,MCD
2017-08-25,132.39,132.76,132.09,132.33,132.33,2001625,0.0,1.0,MCD
2017-08-24,132.57,133.05,131.92,131.99,131.99,1622794,0.0,1.0,MCD
2017-08-23,132.73,132.79,131.96,132.32,132.32,2152400,0.0,1.0,MCD
2017-08-22,132.06,133.26,131.97,133.01,133.01,2071429,0.0,1.0,MCD
2017-08-21,131.79,132.18,131.26,131.95,131.95,1986863,0.0,1.0,MCD
2017-08-18,131.64,131.88,130.83,131.45,131.45,2573192,0.0,1.0,MCD
2017-08-17,132.27,132.92,131.49,131.55,131.55,3009390,0.0,1.0,MCD
2017-08-16,131.55,132.8,131.32,132.4,132.4,2887598,0.0,1.0,MCD
2017-08-15,131.51,132.13,131.1,131.33,131.33,2145812,0.0,1.0,MCD
2017-08-14,131.19,131.56,130.36,131.03,131.03,2798024,0.0,1.0,MCD
2017-08-11,130.71,131.98,130.5,131.06,131.06,2923425,0.0,1.0,MCD
2017-08-10,128.59,130.98,128.52,130.5,130.5,3858258,0.0,1.0,MCD
2017-08-09,129.4,129.71,128.61,129.08,129.08,3002918,0.0,1.0,MCD
2017-08-08,128.87,129.35,128.4,129.08,129.08,3751037,0.0,1.0,MCD
2017-08-07,128.43,129.47,128.31,129.12,129.12,3234514,0.0,1.0,MCD
2017-08-04,128.82,129.0,127.67,128.16,128.16,4422951,0.0,1.0,MCD
2017-08-03,130.45,130.62,128.66,128.91,128.91,3659659,0.0,1.0,MCD
2017-08-02,128.11,130.52,128.07,130.47,130.47,3320022,0.0,1.0,MCD
2017-08-01,129.13,129.9,128.07,128.35,128.35,4156836,0.0,1.0,MCD
2017-07-31,129.91,130.33,129.02,129.26,129.26,4272395,0.0,1.0,MCD
2017-07-28,130.28,130.53,129.21,129.85,129.85,3939072,0.0,1.0,MCD
2017-07-27,130.33,131.17,129.6,130.77,130.77,4621853,0.0,1.0,MCD
2017-07-26,132.28,132.48,129.71,130.4,130.4,4667992,0.0,1.0,MCD
2017-07-25,131.44,133.3,130.43,132.54,132.54,9495200,0.0,1.0,MCD
2017-07-24,128.31,128.49,126.46,126.52,126.52,5288968,0.0,1.0,MCD
2017-07-21,128.36,128.9,127.72,128.25,128.25,3493457,0.0,1.0,MCD
2017-07-20,128.34,129.33,127.94,128.49,128.49,2231826,0.0,1.0,MCD
2017-07-19,128.42,128.7,127.88,128.22,128.22,3047997,0.0,1.0,MCD
2017-07-18,129.15,129.37,127.79,128.28,128.28,3890250,0.0,1.0,MCD
2017-07-17,129.5,129.51,128.9,129.36,129.36,2408715,0.0,1.0,MCD
2017-07-14,129.14,129.56,128.92,129.38,129.38,2393396,0.0,1.0,MCD
2017-07-13,130.39,130.43,128.6,129.18,129.18,3122616,0.0,1.0,MCD
2017-07-12,129.49,130.6,129.37,130.46,130.46,2082031,0.0,1.0,MCD
2017-07-11,129.22,129.88,128.32,129.07,129.07,1927109,0.0,1.0,MCD
2017-07-10,130.21,130.42,129.28,129.58,129.58,2402160,0.0,1.0,MCD
2017-07-07,127.79,130.45,127.61,130.2,130.2,4014251,0.0,1.0,MCD
2017-07-06,127.23,127.86,126.92,127.56,127.56,2004284,0.0,1.0,MCD
2017-07-05,127.33,127.96,126.64,127.54,127.54,2494979,0.0,1.0,MCD
2017-07-03,127.85,128.21,127.04,127.06,127.06,1100658,0.0,1.0,MCD
2017-06-30,127.73,128.12,127.25,127.61,127.61,2467499,0.0,1.0,MCD
2017-06-29,128.8,128.8,126.77,127.59,127.59,1973989,0.0,1.0,MCD
2017-06-28,128.35,128.88,128.1,128.56,128.56,1292345,0.0,1.0,MCD
2017-06-27,128.31,128.99,127.86,128.08,128.08,2136990,0.0,1.0,MCD
2017-06-26,129.3,129.53,127.91,128.28,128.28,2348229,0.0,1.0,MCD
2017-06-23,129.15,129.52,128.67,128.85,128.85,2020571,0.0,1.0,MCD
2017-06-22,128.13,129.07,128.05,128.98,128.98,2001413,0.0,1.0,MCD
2017-06-21,128.46,128.66,127.99,128.09,128.09,2415534,0.0,1.0,MCD
2017-06-20,128.54,129.38,128.18,128.37,128.37,3609943,0.0,1.0,MCD
2017-06-19,126.97,127.63,126.51,127.6,127.6,3160510,0.0,1.0,MCD
2017-06-16,125.8,127.39,125.75,126.64,126.64,5429604,0.0,1.0,MCD
2017-06-15,124.9,126.25,124.69,125.96,125.96,2512407,0.0,1.0,MCD
2017-06-14,125.25,125.88,124.91,125.55,125.55,2674446,0.0,1.0,MCD
2017-06-13,124.03,125.19,123.83,124.83,124.83,4262801,0.0,1.0,MCD
2017-06-12,125.81,125.88,123.35,123.71,123.71,5900861,0.0,1.0,MCD
2017-06-09,126.55,126.64,125.73,126.21,126.21,4134741,0.0,1.0,MCD
2017-06-08,126.65,126.77,125.82,126.17,126.17,3696486,0.0,1.0,MCD
2017-06-07,126.01,126.66,125.59,126.6,126.6,2904458,0.0,1.0,MCD
2017-06-06,126.96,127.14,125.99,126.01,126.01,3656606,0.0,1.0,MCD
2017-06-05,128.01,128.03,127.28,127.31,127.31,2632070,0.0,1.0,MCD
2017-06-02,127.08,128.23,126.77,128.1,128.1,4309500,0.0,1.0,MCD
2017-06-01,125.64,126.97,125.27,126.97,126.97,4339935,0.94,1.0,MCD
2017-05-31,124.31,125.16,123.88,124.95,124.95,6303848,0.0,1.0,MCD
2017-05-30,124.17,124.49,123.82,124.16,124.16,3100797,0.0,1.0,MCD
2017-05-26,124.11,124.41,123.59,124.1,124.1,3256906,0.0,1.0,MCD
2017-05-25,124.06,124.17,123.61,124.03,124.03,3401209,0.0,1.0,MCD
2017-05-24,122.51,124.21,121.73,123.8,123.8,3348932,0.0,1.0,MCD
2017-05-23,122.74,123.0,122.27,122.41,122.41,3259171,0.0,1.0,MCD
2017-05-22,122.81,123.29,122.5,122.72,122.72,3294468,0.0,1.0,MCD
2017-05-19,121.94,123.25,121.6,122.68,122.68,4061581,0.0,1.0,MCD
2017-05-18,121.24,121.93,120.74,121.74,121.74,2701088,0.0,1.0,MCD
2017-05-17,121.43,122.11,121.1,121.24,121.24,3868811,0.0,1.0,MCD
2017-05-16,121.36,122.28,121.13,121.97,121.97,3533947,0.0,1.0,MCD
2017-05-15,120.43,121.23,120.43,121.13,121.13,3308450,0.0,1.0,MCD
2017-05-12,119.66,120.49,119.63,120.37,120.37,2718853,0.0,1.0,MCD
2017-05-11,119.31,119.58,118.75,119.42,119.42,1893482,0.0,1.0,MCD
2017-05-10,119.13,119.78,119.02,119.68,119.68,2272253,0.0,1.0,MCD
2017-05-09,119.32,120.06,119.25,119.54,119.54,3046850,0.0,1.0,MCD
2017-05-08,119.19,119.66,118.96,119.44,119.44,2813004,0.0,1.0,MCD
2017-05-05,118.77,119.23,118.07,119.21,119.21,2438046,0.0,1.0,MCD
2017-05-04,118.1,118.97,117.81,118.79,118.79,4172368,0.0,1.0,MCD
2017-05-03,117.76,118.17,117.09,118.1,118.1,4278437,0.0,1.0,MCD
2017-05-02,116.75,117.43,116.53,116.95,116.95,3751244,0.0,1.0,MCD
2017-05-01,115.82,117.13,115.8,116.89,116.89,3733901,0.0,1.0,MCD
2017-04-28,116.26,116.56,115.75,115.88,115.88,4768504,0.0,1.0,MCD
2017-04-27,117.49,118.24,116.64,116.65,116.65,5134930,0.0,1.0,MCD
2017-04-26,117.34,117.59,116.22,116.63,116.63,7089385,0.0,1.0,MCD
2017-04-25,114.39,117.58,113.6,117.34,117.34,10893800,0.0,1.0,MCD
2017-04-24,111.16,111.59,110.35,111.16,111.16,5040990,0.0,1.0,MCD
2017-04-21,110.59,110.87,110.26,110.48,110.48,3466098,0.0,1.0,MCD
2017-04-20,109.85,110.5,109.84,110.36,110.36,2697250,0.0,1.0,MCD
2017-04-19,109.84,110.14,109.59,109.84,109.84,3132760,0.0,1.0,MCD
2017-04-18,109.32,109.97,109.14,109.56,109.56,3617373,0.0,1.0,MCD
2017-04-17,108.69,109.2,108.41,108.77,108.77,3236373,0.0,1.0,MCD
2017-04-13,108.48,108.6,108.12,108.28,108.28,2429242,0.0,1.0,MCD
2017-04-12,108.74,108.94,108.37,108.7,108.7,3195534,0.0,1.0,MCD
2017-04-11,108.17,108.68,107.49,108.65,108.65,3677631,0.0,1.0,MCD
2017-04-10,107.61,108.19,107.26,107.64,107.64,2709287,0.0,1.0,MCD
2017-04-07,107.67,107.98,107.34,107.62,107.62,2176598,0.0,1.0,MCD
2017-04-06,107.91,108.2,107.62,107.78,107.78,3857127,0.0,1.0,MCD
2017-04-05,107.56,108.96,107.36,107.99,107.99,4052194,0.0,1.0,MCD
2017-04-04,106.94,107.26,106.53,107.06,107.06,3413965,0.0,1.0,MCD
2017-04-03,107.24,107.41,106.71,107.33,107.33,3287117,0.0,1.0,MCD
2017-03-31,107.15,107.81,107.07,107.33,107.33,3041677,0.0,1.0,MCD
2017-03-30,106.62,107.26,106.49,107.09,107.09,2018028,0.0,1.0,MCD
2017-03-29,106.82,107.38,106.52,106.69,106.69,3197762,0.0,1.0,MCD
2017-03-28,107.21,107.46,106.77,107.2,107.2,3487426,0.0,1.0,MCD
2017-03-27,106.89,107.5,106.84,107.23,107.23,2540421,0.0,1.0,MCD
2017-03-24,107.14,107.39,106.96,107.11,107.11,3568234,0.0,1.0,MCD
2017-03-23,106.94,107.31,106.67,106.82,106.82,2774527,0.0,1.0,MCD
2017-03-22,106.48,106.95,106.34,106.91,106.91,3174246,0.0,1.0,MCD
2017-03-21,107.01,107.45,106.15,106.43,106.43,4062394,0.0,1.0,MCD
2017-03-20,106.82,107.22,106.39,106.64,106.64,3415501,0.0,1.0,MCD
2017-03-17,106.47,107.64,106.34,106.53,106.53,12532692,0.0,1.0,MCD
2017-03-16,106.24,106.74,105.94,105.98,105.98,3945669,0.0,1.0,MCD
2017-03-15,106.17,106.24,105.56,105.9,105.9,3529288,0.0,1.0,MCD
2017-03-14,105.71,106.19,105.58,105.83,105.83,2492670,0.0,1.0,MCD
2017-03-13,106.0,106.22,105.46,105.67,105.67,3130804,0.0,1.0,MCD
2017-03-10,106.46,106.48,105.76,105.98,105.98,3178923,0.0,1.0,MCD
2017-03-09,105.95,106.59,105.74,106.11,106.11,3266027,0.0,1.0,MCD
2017-03-08,106.05,106.29,105.56,106.07,106.07,3571805,0.0,1.0,MCD
2017-03-07,106.05,106.25,105.45,106.05,106.05,3332350,0.0,1.0,MCD
2017-03-06,105.91,106.28,105.5,106.02,106.02,3271529,0.0,1.0,MCD
2017-03-03,106.15,106.54,105.53,105.91,105.91,4071613,0.0,1.0,MCD
2017-03-02,106.87,107.5,106.12,106.19,106.19,6737968,0.0,1.0,MCD
2017-03-01,106.01,107.65,105.68,106.87,106.87,5471550,0.0,1.0,MCD
2017-02-28,105.23,105.94,104.82,105.71,105.71,4619263,0.0,1.0,MCD
2017-02-27,105.73,105.79,104.99,105.16,105.16,5183814,0.94,1.0,MCD
2017-02-24,105.51,105.83,105.01,105.75,105.75,3537175,0.0,1.0,MCD
2017-02-23,105.16,105.96,104.76,105.44,105.44,3177951,0.0,1.0,MCD
2017-02-22,104.82,105.31,103.9,105.09,105.09,3670720,0.0,1.0,MCD
2017-02-21,104.53,105.48,104.53,105.25,105.25,4494973,0.0,1.0,MCD
2017-02-17,104.21,105.11,104.13,105.05,105.05,3676882,0.0,1.0,MCD
2017-02-16,104.19,105.07,103.83,104.15,104.15,3006011,0.0,1.0,MCD
2017-02-15,103.29,104.22,103.12,103.97,103.97,2974932,0.0,1.0,MCD
2017-02-14,103.16,103.63,102.97,103.42,103.42,2663074,0.0,1.0,MCD
2017-02-13,103.59,104.13,103.15,103.2,103.2,2993779,0.0,1.0,MCD
2017-02-10,102.49,103.67,102.36,103.43,103.43,3681436,0.0,1.0,MCD
2017-02-09,102.32,102.75,102.23,102.32,102.32,2493605,0.0,1.0,MCD
2017-02-08,102.41,103.05,102.33,102.48,102.48,2835161,0.0,1.0,MCD
2017-02-07,102.71,103.1,102.41,102.41,102.41,2847175,0.0,1.0,MCD
2017-02-06,102.0,102.67,101.89,102.3,102.3,2760096,0.0,1.0,MCD
2017-02-03,101.36,102.35,101.34,102.13,102.13,3183378,0.0,1.0,MCD
2017-02-02,100.73,101.91,100.5,101.29,101.29,3236564,0.0,1.0,MCD
2017-02-01,100.2,100.7,100.04,100.63,100.63,3233576,0.0,1.0,MCD
2017-01-31,101.12,101.39,100.36,100.75,100.75,3733323,0.0,1.0,MCD
2017-01-30,100.95,101.28,100.53,101.12,101.12,3777994,0.0,1.0,MCD
2017-01-27,100.51,101.1,99.86,100.99,100.99,3592676,0.0,1.0,MCD
2017-01-26,100.17,100.6,100.09,100.19,100.19,2497470,0.0,1.0,MCD
2017-01-25,99.87,100.22,99.42,100.11,100.11,3968263,0.0,1.0,MCD
2017-01-24,100.26,100.33,99.07,99.5,99.5,3495211,0.0,1.0,MCD
2017-01-23,100.03,100.35,98.49,99.78,99.78,7022521,0.0,1.0,MCD
2017-01-20,100.5,101.07,100.3,100.5,100.5,4884521,0.0,1.0,MCD
2017-01-19,100.48,101.11,100.32,100.43,100.43,3155158,0.0,1.0,MCD
2017-01-18,100.95,101.11,100.12,100.87,100.87,3394703,0.0,1.0,MCD
2017-01-17,99.26,100.94,99.22,100.9,100.9,4077567,0.0,1.0,MCD
2017-01-13,100.48,100.48,99.55,99.87,99.87,2877498,0.0,1.0,MCD
2017-01-12,98.89,100.54,98.81,100.37,100.37,3480802,0.0,1.0,MCD
2017-01-11,99.41,99.87,99.15,99.36,99.36,3565185,0.0,1.0,MCD
2017-01-10,99.02,99.34,98.42,98.85,98.85,3108394,0.0,1.0,MCD
2017-01-09,99.27,99.51,98.91,98.99,98.99,3021809,0.0,1.0,MCD
2017-01-06,97.76,99.87,97.42,99.27,99.27,4089186,0.0,1.0,MCD
2017-01-05,98.1,98.81,97.9,98.39,98.39,4261070,0.0,1.0,MCD
2017-01-04,97.82,98.43,97.15,98.21,98.21,3780783,0.0,1.0,MCD
2017-01-03,100.17,100.29,97.79,98.33,98.33,5123752,0.0,1.0,MCD
2016-12-30,100.93,101.24,99.83,100.06,100.06,3573909,0.0,1.0,MCD
2016-12-29,100.91,101.4,100.91,100.93,100.93,1943461,0.0,1.0,MCD
2016-12-28,101.05,101.4,100.79,100.84,100.84,1980189,0.0,1.0,MCD
2016-12-27,101.35,101.64,101.08,101.17,101.17,1919649,0.0,1.0,MCD
2016-12-23,101.41,101.79,101.17,101.22,101.22,2164391,0.0,1.0,MCD
2016-12-22,101.21,101.93,101.18,101.7,101.7,3037126,0.0,1.0,MCD
2016-12-21,101.23,101.73,101.19,101.26,101.26,2762783,0.0,1.0,MCD
2016-12-20,101.26,101.85,100.87,101.38,101.38,2768822,0.0,1.0,MCD
2016-12-19,101.3,101.65,100.92,101.1,101.1,3545487,0.0,1.0,MCD
2016-12-16,101.02,101.8,100.73,101.3,101.3,10793788,0.0,1.0,MCD
2016-12-15,101.08,101.4,100.1,100.58,100.58,4402760,0.0,1.0,MCD
2016-12-14,101.0,101.44,100.61,100.98,100.98,4967405,0.0,1.0,MCD
2016-12-13,100.1,101.04,100.09,100.84,100.84,4307966,0.0,1.0,MCD
2016-12-12,99.93,100.49,99.68,100.07,100.07,4172434,0.0,1.0,MCD
2016-12-09,99.11,99.69,98.81,99.68,99.68,2623713,0.0,1.0,MCD
2016-12-08,98.68,99.59,98.23,99.01,99.01,3255709,0.0,1.0,MCD
2016-12-07,98.16,98.75,97.38,98.58,98.58,4059907,0.0,1.0,MCD
2016-12-06,98.06,98.35,97.49,98.02,98.02,3367984,0.0,1.0,MCD
2016-12-05,98.19,98.92,97.84,98.06,98.06,5191935,0.0,1.0,MCD
2016-12-02,97.0,97.41,96.76,97.19,97.19,3348723,0.0,1.0,MCD
2016-12-01,97.79,97.79,96.89,97.38,97.38,4444973,0.0,1.0,MCD
2016-11-30,98.82,99.04,98.04,98.04,98.04,5696096,0.0,1.0,MCD
2016-11-29,98.95,99.29,97.84,99.2,99.2,6370585,0.94,1.0,MCD
2016-11-28,98.19,99.4,98.07,99.36,99.36,5931717,0.0,1.0,MCD
2016-11-25,97.94,98.69,97.81,98.42,98.42,1709105,0.0,1.0,MCD
2016-11-23,97.66,98.5,97.66,97.99,97.99,2872059,0.0,1.0,MCD
2016-11-22,97.47,98.12,96.97,97.63,97.63,3699103,0.0,1.0,MCD
2016-11-21,97.72,98.29,97.03,97.47,97.47,3603269,0.0,1.0,MCD
2016-11-18,97.28,98.07,96.99,97.88,97.88,3655358,0.0,1.0,MCD
2016-11-17,96.97,97.47,96.48,97.43,97.43,2836445,0.0,1.0,MCD
2016-11-16,96.95,97.55,96.63,97.23,97.23,5370685,0.0,1.0,MCD
2016-11-15,95.91,96.64,95.45,96.51,96.51,4447865,0.0,1.0,MCD
2016-11-14,93.79,96.86,93.57,96.13,96.13,7093249,0.0,1.0,MCD
2016-11-11,93.53,93.77,93.12,93.16,93.16,4331192,0.0,1.0,MCD
2016-11-10,93.83,93.83,92.81,93.4,93.4,4437689,0.0,1.0,MCD
2016-11-09,91.43,94.14,91.19,93.78,93.78,5099493,0.0,1.0,MCD
2016-11-08,92.18,93.19,92.17,93.07,93.07,3299857,0.0,1.0,MCD
2016-11-07,91.35,92.4,91.26,92.02,92.02,3842380,0.0,1.0,MCD
2016-11-04,91.35,91.35,90.4,90.57,90.57,3457185,0.0,1.0,MCD
2016-11-03,91.96,92.05,90.96,91.13,91.13,3890162,0.0,1.0,MCD
2016-11-02,91.44,91.98,91.21,91.67,91.67,3512534,0.0,1.0,MCD
2016-11-01,91.88,91.98,91.31,91.56,91.56,3935634,0.0,1.0,MCD
2016-10-31,91.73,91.95,91.18,91.82,91.82,4181575,0.0,1.0,MCD
2016-10-28,91.57,91.64,90.97,91.44,91.44,3304386,0.0,1.0,MCD
2016-10-27,91.49,91.75,91.17,91.42,91.42,2960726,0.0,1.0,MCD
2016-10-26,91.57,91.92,90.86,91.44,91.44,3763114,0.0,1.0,MCD
2016-10-25,92.58,92.61,91.9,91.94,91.94,4878930,0.0,1.0,MCD
2016-10-24,93.19,93.39,91.88,92.63,92.63,6173488,0.0,1.0,MCD
2016-10-21,92.39,93.39,91.97,92.93,92.93,10107761,0.0,1.0,MCD
2016-10-20,90.78,90.78,89.99,90.19,90.19,7238330,0.0,1.0,MCD
2016-10-19,91.12,91.17,90.64,90.75,90.75,6433443,0.0,1.0,MCD
2016-10-18,92.08,92.24,90.73,90.74,90.74,6198363,0.0,1.0,MCD
2016-10-17,92.91,93.31,91.44,91.69,91.69,5655748,0.0,1.0,MCD
2016-10-14,93.72,93.89,93.04,93.06,93.06,5311482,0.0,1.0,MCD
2016-10-13,93.1,94.4,93.04,94.14,94.14,4464728,0.0,1.0,MCD
2016-10-12,92.66,93.99,92.61,93.56,93.56,3340166,0.0,1.0,MCD
2016-10-11,93.52,93.99,92.63,92.72,92.72,3943130,0.0,1.0,MCD
2016-10-10,93.16,93.79,93.12,93.56,93.56,3290302,0.0,1.0,MCD
2016-10-07,92.96,93.26,92.35,92.54,92.54,4153139,0.0,1.0,MCD
2016-10-06,92.37,93.16,91.68,92.92,92.92,3899954,0.0,1.0,MCD
2016-10-05,92.91,93.66,92.48,92.5,92.5,3720334,0.0,1.0,MCD
2016-10-04,93.79,94.22,92.51,92.58,92.58,4742913,0.0,1.0,MCD
2016-10-03,93.81,93.92,93.32,93.51,93.51,3085750,0.0,1.0,MCD
2016-09-30,93.55,94.38,93.55,94.09,94.09,4188694,0.0,1.0,MCD
2016-09-29,93.96,94.59,93.58,93.63,93.63,4924388,0.0,1.0,MCD
2016-09-28,94.93,95.05,93.36,93.95,93.95,5638772,0.0,1.0,MCD
2016-09-27,95.39,95.6,94.92,95.33,95.33,3745396,0.0,1.0,MCD
2016-09-26,95.27,95.38,94.84,95.05,95.05,3022356,0.0,1.0,MCD
2016-09-23,95.02,95.86,94.9,95.57,95.57,2775956,0.0,1.0,MCD
2016-09-22,95.81,96.21,95.66,95.73,95.73,3808722,0.0,1.0,MCD
2016-09-21,95.02,95.47,94.58,95.37,95.37,4528903,0.0,1.0,MCD
2016-09-20,94.39,95.13,94.21,94.98,94.98,3841800,0.0,1.0,MCD
2016-09-19,94.48,94.95,93.77,93.97,93.97,3741507,0.0,1.0,MCD
2016-09-16,94.36,94.83,93.66,94.03,94.03,9498752,0.0,1.0,MCD
2016-09-15,93.7,94.81,93.61,94.73,94.73,3674687,0.0,1.0,MCD
2016-09-14,93.8,94.34,93.65,93.95,93.95,4530713,0.0,1.0,MCD
2016-09-13,94.3,94.3,93.38,93.58,93.58,4162162,0.0,1.0,MCD
2016-09-12,93.37,94.76,93.09,94.58,94.58,5014014,0.0,1.0,MCD
2016-09-09,94.29,94.42,93.46,93.46,93.46,4961070,0.0,1.0,MCD
2016-09-08,95.29,95.52,94.65,94.76,94.76,3085582,0.0,1.0,MCD
2016-09-07,95.65,95.83,94.98,95.37,95.37,2647485,0.0,1.0,MCD
2016-09-06,95.51,97.26,95.36,95.64,95.64,6337848,0.0,1.0,MCD
2016-09-02,94.56,94.71,94.37,94.48,94.48,3410123,0.0,1.0,MCD
2016-09-01,94.22,94.47,93.69,94.13,94.13,3966619,0.0,1.0,MCD
2016-08-31,94.22,94.62,93.96,94.34,94.34,5394668,0.0,1.0,MCD
2016-08-30,94.14,94.51,93.47,94.09,94.09,5085332,0.89,1.0,MCD
2016-08-29,92.76,93.61,92.68,93.41,93.41,4982882,0.0,1.0,MCD
2016-08-26,93.59,93.67,92.24,92.63,92.63,5294499,0.0,1.0,MCD
2016-08-25,93.16,93.71,92.99,93.43,93.43,6693643,0.0,1.0,MCD
2016-08-24,93.2,93.41,92.86,92.98,92.98,4135442,0.0,1.0,MCD
2016-08-23,93.82,93.99,93.12,93.24,93.24,4304209,0.0,1.0,MCD
2016-08-22,93.08,93.67,92.8,93.42,93.42,4484694,0.0,1.0,MCD
2016-08-19,94.54,94.54,93.08,93.09,93.09,7064810,0.0,1.0,MCD
2016-08-18,94.9,95.0,94.54,94.81,94.81,3710532,0.0,1.0,MCD
2016-08-17,95.49,95.49,94.31,94.78,94.78,5184855,0.0,1.0,MCD
2016-08-16,95.76,95.94,95.45,95.46,95.46,3333942,0.0,1.0,MCD
2016-08-15,96.34,96.52,95.93,95.93,95.93,3391619,0.0,1.0,MCD
2016-08-12,96.78,97.15,96.55,96.74,96.74,3015655,0.0,1.0,MCD
2016-08-11,96.22,96.93,96.2,96.63,96.63,3490215,0.0,1.0,MCD
2016-08-10,95.51,96.27,95.23,96.16,96.16,2941743,0.0,1.0,MCD
2016-08-09,95.49,96.43,95.19,95.76,95.76,3491668,0.0,1.0,MCD
2016-08-08,96.46,96.62,95.67,95.75,95.75,3589296,0.0,1.0,MCD
2016-08-05,96.14,96.68,96.0,96.49,96.49,3883771,0.0,1.0,MCD
2016-08-04,95.39,95.96,95.17,95.75,95.75,4313174,0.0,1.0,MCD
2016-08-03,95.32,95.53,94.81,95.12,95.12,4120014,0.0,1.0,MCD
2016-08-02,95.66,96.09,94.79,95.27,95.27,4504168,0.0,1.0,MCD
2016-08-01,95.41,95.83,95.3,95.52,95.52,4208657,0.0,1.0,MCD
2016-07-29,96.43,96.85,95.05,95.23,95.23,7460599,0.0,1.0,MCD
2016-07-28,96.8,97.28,95.8,96.66,96.66,6239355,0.0,1.0,MCD
2016-07-27,98.5,98.58,96.51,96.71,96.71,9938642,0.0,1.0,MCD
2016-07-26,99.96,100.65,97.91,98.51,98.51,14563177,0.0,1.0,MCD
2016-07-25,103.56,103.56,102.68,103.12,103.12,6208267,0.0,1.0,MCD
2016-07-22,103.03,104.09,103.03,103.82,103.82,4304163,0.0,1.0,MCD
2016-07-21,102.33,102.98,101.93,102.94,102.94,3596708,0.0,1.0,MCD
2016-07-20,102.67,102.69,101.63,102.03,102.03,3353243,0.0,1.0,MCD
2016-07-19,100.43,102.47,100.16,102.39,102.39,6276266,0.0,1.0,MCD
2016-07-18,100.37,100.37,99.87,100.21,100.21,5254727,0.0,1.0,MCD
2016-07-15,100.71,100.72,99.87,100.05,100.05,3688225,0.0,1.0,MCD
2016-07-14,100.12,100.54,99.57,100.31,100.31,6011933,0.0,1.0,MCD
2016-07-13,99.04,99.57,98.88,99.41,99.41,3464127,0.0,1.0,MCD
2016-07-12,98.75,99.23,98.72,98.95,98.95,3741880,0.0,1.0,MCD
2016-07-11,98.5,98.85,98.31,98.75,98.75,4266147,0.0,1.0,MCD
2016-07-08,98.12,98.5,98.0,98.19,98.19,3809635,0.0,1.0,MCD
2016-07-07,97.85,98.13,97.46,97.87,97.87,3621346,0.0,1.0,MCD
2016-07-06,96.55,97.91,96.32,97.64,97.64,5102402,0.0,1.0,MCD
2016-07-05,97.23,97.78,97.21,97.74,97.74,5191103,0.0,1.0,MCD
2016-07-01,96.9,97.83,96.85,97.45,97.45,3797986,0.0,1.0,MCD
2016-06-30,96.87,97.49,96.56,97.4,97.4,4808068,0.0,1.0,MCD
2016-06-29,96.45,97.1,96.32,96.72,96.72,5020404,0.0,1.0,MCD
2016-06-28,94.86,96.03,94.56,95.92,95.92,6172876,0.0,1.0,MCD
2016-06-27,95.64,95.64,93.96,94.13,94.13,14159800,0.0,1.0,MCD
2016-06-24,96.13,98.03,95.75,96.68,96.68,6985470,0.0,1.0,MCD
2016-06-23,98.33,98.55,97.65,98.11,98.11,3832286,0.0,1.0,MCD
2016-06-22,98.19,98.3,97.17,97.63,97.63,6578655,0.0,1.0,MCD
2016-06-21,100.3,100.37,99.0,99.26,99.26,4749655,0.0,1.0,MCD
2016-06-20,99.82,100.43,99.78,99.9,99.9,5951035,0.0,1.0,MCD
2016-06-17,98.93,99.32,98.28,98.97,98.97,8331396,0.0,1.0,MCD
2016-06-16,98.62,99.26,97.9,99.13,99.13,3931956,0.0,1.0,MCD
2016-06-15,99.68,99.82,98.85,98.95,98.95,4168099,0.0,1.0,MCD
2016-06-14,99.19,99.71,98.69,99.16,99.16,6351355,0.0,1.0,MCD
2016-06-13,98.71,100.34,98.63,99.55,99.55,5436706,0.0,1.0,MCD
2016-06-10,98.59,99.28,98.43,99.04,99.04,4347385,0.0,1.0,MCD
2016-06-09,98.81,99.63,98.81,99.39,99.39,4583522,0.0,1.0,MCD
2016-06-08,98.73,99.15,97.85,98.84,98.84,3925901,0.0,1.0,MCD
2016-06-07,99.02,99.87,98.67,98.67,98.67,4562104,0.0,1.0,MCD
2016-06-06,98.58,98.89,98.11,98.75,98.75,4901956,0.0,1.0,MCD
2016-06-03,98.01,98.48,97.4,98.22,98.22,4643011,0.0,1.0,MCD
2016-06-02,97.7,98.35,97.57,98.08,98.08,4740240,0.89,1.0,MCD
2016-06-01,97.71,98.62,97.63,98.0,98.0,5057035,0.0,1.0,MCD
2016-05-31,99.07,99.16,97.72,98.08,98.08,7995028,0.0,1.0,MCD
2016-05-27,99.85,100.18,98.92,99.03,99.03,3222780,0.0,1.0,MCD
2016-05-26,99.14,99.62,99.02,99.47,99.47,3715820,0.0,1.0,MCD
2016-05-25,99.43,99.63,98.86,99.04,99.04,5307678,0.0,1.0,MCD
2016-05-24,99.15,100.25,98.84,99.6,99.6,4494420,0.0,1.0,MCD
2016-05-23,98.64,99.42,98.41,98.68,98.68,7081072,0.0,1.0,MCD
2016-05-20,100.23,100.44,98.14,98.48,98.48,9735643,0.0,1.0,MCD
2016-05-19,100.82,100.92,100.18,100.67,100.67,6255136,0.0,1.0,MCD
2016-05-18,102.09,102.42,101.03,101.41,101.41,7303212,0.0,1.0,MCD
2016-05-17,104.14,104.43,102.29,102.6,102.6,5824181,0.0,1.0,MCD
2016-05-16,103.26,104.24,102.89,104.17,104.17,4343605,0.0,1.0,MCD
2016-05-13,104.25,104.59,103.42,103.52,103.52,6568484,0.0,1.0,MCD
2016-05-12,104.25,104.89,103.78,104.55,104.55,4287026,0.0,1.0,MCD
2016-05-11,105.45,105.76,103.77,103.77,103.77,6883809,0.0,1.0,MCD
2016-05-10,105.14,106.03,105.14,105.74,105.74,4082197,0.0,1.0,MCD
2016-05-09,104.98,105.66,104.74,105.12,105.12,5006830,0.0,1.0,MCD
2016-05-06,103.96,104.92,103.32,104.92,104.92,4417799,0.0,1.0,MCD
2016-05-05,103.9,104.44,103.65,103.88,103.88,4519814,0.0,1.0,MCD
2016-05-04,102.5,104.8,102.5,103.92,103.92,6613656,0.0,1.0,MCD
2016-05-03,102.37,103.65,102.35,103.17,103.17,4048446,0.0,1.0,MCD
2016-05-02,101.76,103.03,101.64,103.01,103.01,4830848,0.0,1.0,MCD
2016-04-29,102.79,102.79,101.32,101.64,101.64,6276025,0.0,1.0,MCD
2016-04-28,102.74,103.53,102.4,102.79,102.79,3385701,0.0,1.0,MCD
2016-04-27,102.8,103.3,102.67,103.09,103.09,4435843,0.0,1.0,MCD
2016-04-26,102.38,103.12,102.07,102.62,102.62,4081843,0.0,1.0,MCD
2016-04-25,100.5,102.47,100.45,102.42,102.42,6979925,0.0,1.0,MCD
2016-04-22,102.99,103.17,100.73,100.84,100.84,9309089,0.0,1.0,MCD
2016-04-21,103.29,103.45,100.92,101.07,101.07,7942025,0.0,1.0,MCD
2016-04-20,103.9,104.3,103.26,103.29,103.29,5006310,0.0,1.0,MCD
2016-04-19,103.58,103.93,102.95,103.54,103.54,4605825,0.0,1.0,MCD
2016-04-18,102.81,103.58,102.59,103.53,103.53,4525253,0.0,1.0,MCD
2016-04-15,102.11,102.88,102.01,102.67,102.67,3103720,0.0,1.0,MCD
2016-04-14,102.16,102.92,102.08,102.46,102.46,4834435,0.0,1.0,MCD
2016-04-13,102.62,102.78,101.31,101.96,101.96,4984995,0.0,1.0,MCD
2016-04-12,102.91,103.07,101.96,102.54,102.54,5211366,0.0,1.0,MCD
2016-04-11,103.13,103.4,102.41,102.5,102.5,6973658,0.0,1.0,MCD
2016-04-08,103.07,103.44,102.27,102.82,102.82,3625462,0.0,1.0,MCD
2016-04-07,102.34,103.26,102.06,102.96,102.96,4720711,0.0,1.0,MCD
2016-04-06,102.42,102.6,101.92,102.46,102.46,5619790,0.0,1.0,MCD
2016-04-05,101.92,102.67,101.56,102.35,102.35,6282243,0.0,1.0,MCD
2016-04-04,102.09,102.74,101.95,102.5,102.5,4239465,0.0,1.0,MCD
2016-04-01,100.59,102.36,100.33,102.06,102.06,5212355,0.0,1.0,MCD
2016-03-31,101.36,102.01,100.93,100.99,100.99,7685746,0.0,1.0,MCD
2016-03-30,100.36,101.32,100.12,101.11,101.11,4853563,0.0,1.0,MCD
2016-03-29,99.18,100.09,99.11,99.61,99.61,7188190,0.0,1.0,MCD
2016-03-28,99.64,99.8,98.93,98.97,98.97,4784378,0.0,1.0,MCD
2016-03-24,99.39,99.64,98.56,99.07,99.07,5797096,0.0,1.0,MCD
2016-03-23,99.72,100.44,99.52,99.79,99.79,4143431,0.0,1.0,MCD
2016-03-22,99.47,99.95,99.28,99.49,99.49,3494464,0.0,1.0,MCD
2016-03-21,99.36,100.04,98.87,99.48,99.48,4050102,0.0,1.0,MCD
2016-03-18,99.18,99.73,98.63,99.7,99.7,14783556,0.0,1.0,MCD
2016-03-17,99.05,99.51,98.92,98.96,98.96,6108726,0.0,1.0,MCD
2016-03-16,99.1,99.68,98.57,99.25,99.25,6716710,0.0,1.0,MCD
2016-03-15,98.27,99.44,98.2,99.18,99.18,5061379,0.0,1.0,MCD
2016-03-14,97.88,99.23,97.59,98.75,98.75,7910816,0.0,1.0,MCD
2016-03-11,96.82,98.03,96.71,97.67,97.67,7042093,0.0,1.0,MCD
2016-03-10,96.35,97.11,95.34,96.41,96.41,6171581,0.0,1.0,MCD
2016-03-09,95.81,96.58,95.18,96.13,96.13,6427007,0.0,1.0,MCD
2016-03-08,93.38,95.68,93.38,95.15,95.15,6218776,0.0,1.0,MCD
2016-03-07,94.04,94.47,93.3,94.13,94.13,5640744,0.0,1.0,MCD
2016-03-04,93.79,94.37,93.13,94.16,94.16,5857404,0.0,1.0,MCD
2016-03-03,94.4,94.4,92.66,93.76,93.76,9131979,0.0,1.0,MCD
2016-03-02,95.26,95.4,94.54,95.2,95.2,4267748,0.0,1.0,MCD
2016-03-01,94.74,95.77,94.63,95.5,95.5,4731459,0.0,1.0,MCD
2016-02-29,93.85,95.11,93.78,94.16,94.16,6462561,0.0,1.0,MCD
2016-02-26,94.8,95.03,93.34,94.06,94.06,5193632,0.89,1.0,MCD
2016-02-25,93.64,94.5,93.43,94.39,94.39,6033209,0.0,1.0,MCD
2016-02-24,92.76,93.56,92.34,93.35,93.35,5349845,0.0,1.0,MCD
2016-02-23,93.58,94.22,93.18,93.22,93.22,5276452,0.0,1.0,MCD
2016-02-22,93.56,94.23,93.2,93.84,93.84,6223220,0.0,1.0,MCD
2016-02-19,93.3,93.58,92.35,92.93,92.93,10793653,0.0,1.0,MCD
2016-02-18,94.74,95.26,93.25,93.44,93.44,9706783,0.0,1.0,MCD
2016-02-17,95.04,95.22,93.08,94.61,94.61,12728752,0.0,1.0,MCD
2016-02-16,94.43,95.04,93.78,95.04,95.04,10549594,0.0,1.0,MCD
2016-02-12,93.08,94.36,92.58,94.04,94.04,8551912,0.0,1.0,MCD
2016-02-11,92.3,93.7,92.26,93.09,93.09,7568617,0.0,1.0,MCD
2016-02-10,94.11,94.52,93.51,93.73,93.73,5726298,0.0,1.0,MCD
2016-02-09,92.14,93.94,91.99,93.31,93.31,7523130,0.0,1.0,MCD
2016-02-08,90.95,92.79,89.88,92.54,92.54,11310593,0.0,1.0,MCD
2016-02-05,96.21,96.21,91.67,92.03,92.03,13260510,0.0,1.0,MCD
2016-02-04,96.52,96.68,94.67,96.22,96.22,7594821,0.0,1.0,MCD
2016-02-03,99.17,99.35,96.36,96.87,96.87,9322112,0.0,1.0,MCD
2016-02-02,98.92,99.15,98.17,98.84,98.84,7652438,0.0,1.0,MCD
2016-02-01,98.15,99.55,98.1,99.37,99.37,6188006,0.0,1.0,MCD
2016-01-29,97.9,99.16,97.89,98.71,98.71,10548877,0.0,1.0,MCD
2016-01-28,96.57,97.77,95.85,97.59,97.59,7460432,0.0,1.0,MCD
2016-01-27,96.4,96.99,95.56,96.39,96.39,7407338,0.0,1.0,MCD
2016-01-26,95.37,96.73,94.9,96.04,96.04,8325884,0.0,1.0,MCD
2016-01-25,97.17,97.21,94.26,95.06,95.06,15140066,0.0,1.0,MCD
2016-01-22,94.45,94.7,93.6,94.42,94.42,9010801,0.0,1.0,MCD
2016-01-21,92.91,94.45,92.34,93.97,93.97,9838780,0.0,1.0,MCD
2016-01-20,93.28,94.1,91.21,92.33,92.33,11905195,0.0,1.0,MCD
2016-01-19,93.01,93.87,92.47,93.7,93.7,9194562,0.0,1.0,MCD
2016-01-15,91.12,92.86,91.08,91.85,91.85,10201798,0.0,1.0,MCD
2016-01-14,92.18,93.41,90.11,93.0,93.0,9204308,0.0,1.0,MCD
2016-01-13,93.85,94.0,91.77,91.8,91.8,6985962,0.0,1.0,MCD
2016-01-12,93.33,93.89,92.64,93.65,93.65,5639680,0.0,1.0,MCD
2016-01-11,92.23,93.35,92.17,93.05,93.05,6392810,0.0,1.0,MCD
2016-01-08,92.3,93.68,91.91,92.09,92.09,6103181,0.0,1.0,MCD
2016-01-07,93.65,94.08,92.18,92.23,92.23,7472323,0.0,1.0,MCD
2016-01-06,94.1,95.11,93.95,94.42,94.42,6543740,0.0,1.0,MCD
2016-01-05,93.63,95.08,93.53,95.06,95.06,6312701,0.0,1.0,MCD
2016-01-04,93.5,93.88,92.4,93.76,93.76,9995004,0.0,1.0,MCD
2015-12-31,94.75,95.04,94.05,94.21,94.21,3723186,0.0,1.0,MCD
2015-12-30,95.41,95.69,95.08,95.24,95.24,2400802,0.0,1.0,MCD
2015-12-29,94.9,95.88,94.75,95.75,95.75,3213827,0.0,1.0,MCD
2015-12-28,94.18,94.82,94.14,94.7,94.7,2777327,0.0,1.0,MCD
2015-12-24,94.7,94.89,94.5,94.55,94.55,1659340,0.0,1.0,MCD
2015-12-23,94.11,94.78,93.9,94.74,94.74,3641874,0.0,1.0,MCD
2015-12-22,94.07,94.13,93.01,93.88,93.88,4091991,0.0,1.0,MCD
2015-12-21,93.27,93.89,92.99,93.85,93.85,3344406,0.0,1.0,MCD
2015-12-18,93.09,93.52,92.42,93.03,93.03,11179386,0.0,1.0,MCD
2015-12-17,94.37,94.82,93.69,93.7,93.7,5275921,0.0,1.0,MCD
2015-12-16,93.69,94.7,92.89,93.97,93.97,6305887,0.0,1.0,MCD
2015-12-15,93.7,94.29,93.17,93.25,93.25,6118270,0.0,1.0,MCD
2015-12-14,92.64,93.36,91.43,92.71,92.71,7659077,0.0,1.0,MCD
2015-12-11,92.39,92.99,92.2,92.57,92.57,5735980,0.0,1.0,MCD
2015-12-10,92.99,93.71,92.66,93.46,93.46,5297931,0.0,1.0,MCD
2015-12-09,92.67,93.54,92.42,92.97,92.97,7604711,0.0,1.0,MCD
2015-12-08,92.46,93.19,91.91,92.93,92.93,4814207,0.0,1.0,MCD
2015-12-07,92.35,92.91,92.3,92.84,92.84,4810416,0.0,1.0,MCD
2015-12-04,90.71,92.82,90.45,92.66,92.66,7777601,0.0,1.0,MCD
2015-12-03,90.6,91.26,90.04,90.42,90.42,6558595,0.0,1.0,MCD
2015-12-02,90.99,91.12,90.47,90.69,90.69,5692204,0.0,1.0,MCD
2015-12-01,91.32,91.65,90.74,91.27,91.27,5321741,0.0,1.0,MCD
2015-11-30,91.21,91.3,90.56,91.04,91.04,7844734,0.0,1.0,MCD
2015-11-27,90.68,91.22,90.53,91.09,91.09,2763685,0.89,1.0,MCD
2015-11-25,90.42,90.93,90.17,90.52,90.52,7477123,0.0,1.0,MCD
2015-11-24,90.13,90.65,89.7,90.43,90.43,6047679,0.0,1.0,MCD
2015-11-23,90.21,90.92,90.14,90.58,90.58,4968405,0.0,1.0,MCD
2015-11-20,89.7,90.34,89.57,90.14,90.14,6659387,0.0,1.0,MCD
2015-11-19,89.04,89.98,88.86,89.65,89.65,5323499,0.0,1.0,MCD
2015-11-18,88.07,89.09,87.71,89.04,89.04,5194489,0.0,1.0,MCD
2015-11-17,87.86,88.48,87.41,87.79,87.79,6027595,0.0,1.0,MCD
2015-11-16,86.92,87.88,86.72,87.88,87.88,6731754,0.0,1.0,MCD
2015-11-13,88.51,88.91,86.97,87.02,87.02,8600126,0.0,1.0,MCD
2015-11-12,89.81,90.0,88.67,88.71,88.71,5893390,0.0,1.0,MCD
2015-11-11,89.95,90.55,89.84,90.09,90.09,8396833,0.0,1.0,MCD
2015-11-10,89.23,90.99,87.63,89.59,89.59,12716373,0.0,1.0,MCD
2015-11-09,89.77,89.79,88.94,89.36,89.36,8423804,0.0,1.0,MCD
2015-11-06,88.94,89.76,88.75,89.66,89.66,4615031,0.0,1.0,MCD
2015-11-05,89.1,89.77,88.74,89.3,89.3,5059117,0.0,1.0,MCD
2015-11-04,88.77,89.04,88.08,88.94,88.94,6797075,0.0,1.0,MCD
2015-11-03,88.56,88.87,88.05,88.69,88.69,4584931,0.0,1.0,MCD
2015-11-02,88.99,89.29,88.01,88.71,88.71,5662934,0.0,1.0,MCD
2015-10-30,89.32,89.64,88.82,88.82,88.82,6409469,0.0,1.0,MCD
2015-10-29,89.15,89.38,88.54,89.11,89.11,3752589,0.0,1.0,MCD
2015-10-28,88.38,89.38,88.15,89.37,89.37,4390331,0.0,1.0,MCD
2015-10-27,88.84,88.9,87.51,88.34,88.34,10013138,0.0,1.0,MCD
2015-10-26,88.81,90.17,88.48,88.77,88.77,11478642,0.0,1.0,MCD
2015-10-23,87.97,89.31,87.91,89.09,89.09,11677294,0.0,1.0,MCD
2015-10-22,87.36,87.83,85.76,87.73,87.73,25259316,0.0,1.0,MCD
2015-10-21,82.28,82.49,80.77,81.14,81.14,8307996,0.0,1.0,MCD
2015-10-20,82.33,82.57,81.83,82.17,82.17,4872192,0.0,1.0,MCD
2015-10-19,82.48,83.2,82.41,82.68,82.68,7064295,0.0,1.0,MCD
2015-10-16,82.86,83.09,81.83,82.94,82.94,7167807,0.0,1.0,MCD
2015-10-15,81.16,83.24,80.39,82.02,82.02,10168313,0.0,1.0,MCD
2015-10-14,82.41,83.03,81.05,81.36,81.36,9092540,0.0,1.0,MCD
2015-10-13,81.38,81.91,81.21,81.8,81.8,4697279,0.0,1.0,MCD
2015-10-12,81.25,81.75,81.11,81.69,81.69,3448175,0.0,1.0,MCD
2015-10-09,81.5,81.85,80.92,81.31,81.31,5756563,0.0,1.0,MCD
2015-10-08,80.59,81.87,80.53,81.46,81.46,8218856,0.0,1.0,MCD
2015-10-07,79.72,80.63,79.4,80.53,80.53,6530337,0.0,1.0,MCD
2015-10-06,80.13,80.95,80.05,80.63,80.63,7247356,0.0,1.0,MCD
2015-10-05,79.34,80.43,79.29,80.05,80.05,6501556,0.0,1.0,MCD
2015-10-02,77.02,78.98,76.86,78.96,78.96,4400738,0.0,1.0,MCD
2015-10-01,77.94,78.34,77.28,78.16,78.16,4456554,0.0,1.0,MCD
2015-09-30,77.71,78.1,77.36,77.97,77.97,5406621,0.0,1.0,MCD
2015-09-29,77.12,77.38,76.6,77.13,77.13,6944437,0.0,1.0,MCD
2015-09-28,76.75,77.34,75.79,75.93,75.93,6442820,0.0,1.0,MCD
2015-09-25,77.46,78.1,77.12,77.22,77.22,4825681,0.0,1.0,MCD
2015-09-24,76.62,77.09,76.2,76.98,76.98,4138791,0.0,1.0,MCD
2015-09-23,76.94,77.43,76.76,77.06,77.06,3035339,0.0,1.0,MCD
2015-09-22,76.85,77.61,76.53,76.91,76.91,6254535,0.0,1.0,MCD
2015-09-21,77.13,77.68,76.76,77.47,77.47,4543492,0.0,1.0,MCD
2015-09-18,76.61,77.31,76.16,76.79,76.79,10492672,0.0,1.0,MCD
2015-09-17,78.0,78.31,77.06,77.42,77.42,7954984,0.0,1.0,MCD
2015-09-16,78.06,78.13,77.17,78.09,78.09,5198679,0.0,1.0,MCD
2015-09-15,76.98,78.01,76.55,77.7,77.7,5142633,0.0,1.0,MCD
2015-09-14,77.04,77.27,76.46,76.73,76.73,4557201,0.0,1.0,MCD
2015-09-11,75.54,77.09,75.38,77.08,77.08,6655055,0.0,1.0,MCD
2015-09-10,75.14,75.84,74.97,75.37,75.37,6210823,0.0,1.0,MCD
2015-09-09,76.98,77.06,75.35,75.51,75.51,5129373,0.0,1.0,MCD
2015-09-08,76.21,76.66,75.56,76.58,76.58,5770053,0.0,1.0,MCD
2015-09-04,75.21,75.63,74.63,75.05,75.05,4429092,0.0,1.0,MCD
2015-09-03,76.6,77.09,75.63,75.97,75.97,6313887,0.0,1.0,MCD
2015-09-02,75.73,76.06,74.82,75.99,75.99,6907899,0.0,1.0,MCD
2015-09-01,73.42,74.6,73.27,73.96,73.96,7308209,0.0,1.0,MCD
2015-08-31,75.78,75.87,75.05,75.19,75.19,5085547,0.0,1.0,MCD
2015-08-28,76.07,76.49,75.79,76.16,76.16,5606013,0.85,1.0,MCD
2015-08-27,75.16,76.37,74.96,76.34,76.34,10186890,0.0,1.0,MCD
2015-08-26,72.89,74.67,71.75,74.63,74.63,16418753,0.0,1.0,MCD
2015-08-25,74.88,74.89,71.4,71.54,71.54,11468323,0.0,1.0,MCD
2015-08-24,71.83,75.2,68.63,72.84,72.84,15070701,0.0,1.0,MCD
2015-08-21,77.95,77.96,76.18,76.18,76.18,10979572,0.0,1.0,MCD
2015-08-20,79.01,79.22,78.23,78.25,78.25,6668035,0.0,1.0,MCD
2015-08-19,78.79,79.91,78.58,79.3,79.3,5988661,0.0,1.0,MCD
2015-08-18,78.44,79.57,78.44,79.03,79.03,4257239,0.0,1.0,MCD
2015-08-17,77.65,79.15,77.59,78.95,78.95,5204060,0.0,1.0,MCD
2015-08-14,77.69,78.09,77.43,77.86,77.86,3185582,0.0,1.0,MCD
2015-08-13,76.92,78.29,76.86,77.94,77.94,4636302,0.0,1.0,MCD
2015-08-12,77.08,77.2,76.26,77.09,77.09,4207236,0.0,1.0,MCD
2015-08-11,77.41,77.78,77.18,77.5,77.5,3584996,0.0,1.0,MCD
2015-08-10,78.04,78.4,77.55,77.96,77.96,3994541,0.0,1.0,MCD
2015-08-07,77.88,77.98,77.22,77.59,77.59,3463672,0.0,1.0,MCD
2015-08-06,78.22,78.58,77.82,77.93,77.93,6729292,0.0,1.0,MCD
2015-08-05,78.3,78.55,77.86,78.28,78.28,3504927,0.0,1.0,MCD
2015-08-04,78.02,78.06,77.47,77.76,77.76,2842075,0.0,1.0,MCD
2015-08-03,78.44,78.58,77.67,77.98,77.98,4427199,0.0,1.0,MCD
2015-07-31,78.16,79.3,77.89,78.33,78.33,7646980,0.0,1.0,MCD
2015-07-30,76.55,77.92,76.55,77.78,77.78,5372197,0.0,1.0,MCD
2015-07-29,76.46,77.17,76.08,77.03,77.03,6006535,0.0,1.0,MCD
2015-07-28,75.67,76.41,75.55,76.34,76.34,4862990,0.0,1.0,MCD
2015-07-27,75.3,75.89,75.06,75.33,75.33,5818602,0.0,1.0,MCD
2015-07-24,76.4,76.4,75.37,75.38,75.38,5554324,0.0,1.0,MCD
2015-07-23,77.57,77.65,75.42,76.15,76.15,10380706,0.0,1.0,MCD
2015-07-22,76.64,77.06,76.42,76.54,76.54,5391996,0.0,1.0,MCD
2015-07-21,76.55,76.65,76.05,76.33,76.33,4206403,0.0,1.0,MCD
2015-07-20,76.69,77.03,76.4,76.47,76.47,4947041,0.0,1.0,MCD
2015-07-17,76.63,77.04,76.08,76.47,76.47,6429758,0.0,1.0,MCD
2015-07-16,77.74,77.74,76.25,76.76,76.76,7696176,0.0,1.0,MCD
2015-07-15,76.98,78.15,76.75,77.71,77.71,7572526,0.0,1.0,MCD
2015-07-14,76.96,77.69,76.84,77.48,77.48,5746015,0.0,1.0,MCD
2015-07-13,76.87,77.26,76.63,77.2,77.2,4578676,0.0,1.0,MCD
2015-07-10,76.28,76.69,76.04,76.59,76.59,5179204,0.0,1.0,MCD
2015-07-09,75.8,76.29,75.64,75.68,75.68,5482465,0.0,1.0,MCD
2015-07-08,75.02,75.76,75.02,75.17,75.17,4914297,0.0,1.0,MCD
2015-07-07,75.24,75.91,74.7,75.83,75.83,4794388,0.0,1.0,MCD
2015-07-06,75.21,75.52,74.71,75.02,75.02,3852464,0.0,1.0,MCD
2015-07-02,75.4,75.77,74.97,75.43,75.43,3250897,0.0,1.0,MCD
2015-07-01,74.59,75.16,74.3,75.11,75.11,4446181,0.0,1.0,MCD
2015-06-30,75.24,75.53,74.15,74.57,74.57,6656019,0.0,1.0,MCD
2015-06-29,75.78,76.26,74.84,74.86,74.86,8412742,0.0,1.0,MCD
2015-06-26,75.4,76.36,75.24,76.31,76.31,6039506,0.0,1.0,MCD
2015-06-25,75.85,76.01,75.13,75.13,75.13,4299673,0.0,1.0,MCD
2015-06-24,75.89,76.44,75.8,75.8,75.8,3927133,0.0,1.0,MCD
2015-06-23,76.55,76.84,76.18,76.22,76.22,4541658,0.0,1.0,MCD
2015-06-22,75.54,76.11,75.41,75.98,75.98,3893258,0.0,1.0,MCD
2015-06-19,75.6,76.19,75.28,75.36,75.36,7374940,0.0,1.0,MCD
2015-06-18,75.06,75.79,74.73,75.43,75.43,5100999,0.0,1.0,MCD
2015-06-17,74.15,74.92,74.15,74.69,74.69,3940986,0.0,1.0,MCD
2015-06-16,73.93,74.26,73.81,74.22,74.22,3094773,0.0,1.0,MCD
2015-06-15,74.31,74.51,73.75,73.96,73.96,5861757,0.0,1.0,MCD
2015-06-12,74.84,74.94,74.51,74.56,74.56,3702368,0.0,1.0,MCD
2015-06-11,74.91,75.56,74.91,74.98,74.98,4203867,0.0,1.0,MCD
2015-06-10,74.53,75.01,74.36,74.75,74.75,4828577,0.0,1.0,MCD
2015-06-09,74.92,74.95,74.11,74.3,74.3,7770880,0.0,1.0,MCD
2015-06-08,75.3,75.33,74.71,74.76,74.76,4594648,0.0,1.0,MCD
2015-06-05,75.24,75.37,74.88,74.94,74.94,3959308,0.0,1.0,MCD
2015-06-04,75.53,76.06,75.31,75.54,75.54,4702848,0.0,1.0,MCD
2015-06-03,75.6,76.14,75.27,75.71,75.71,4165709,0.0,1.0,MCD
2015-06-02,75.53,76.06,75.15,75.53,75.53,4430155,0.0,1.0,MCD
2015-06-01,75.17,76.01,75.17,75.47,75.47,4919073,0.0,1.0,MCD
2015-05-29,76.55,76.69,75.17,75.24,75.24,6439130,0.0,1.0,MCD
2015-05-28,76.87,77.03,75.46,75.67,75.67,10204033,0.85,1.0,MCD
2015-05-27,76.95,77.14,76.35,76.71,76.71,8129366,0.0,1.0,MCD
2015-05-26,76.86,77.13,76.23,76.55,76.55,7117177,0.0,1.0,MCD
2015-05-22,77.09,77.35,76.85,76.97,76.97,4559491,0.0,1.0,MCD
2015-05-21,77.67,77.72,77.02,77.19,77.19,4729942,0.0,1.0,MCD
2015-05-20,78.43,78.51,77.3,77.84,77.84,6185055,0.0,1.0,MCD
2015-05-19,76.27,78.59,75.92,78.28,78.28,10809150,0.0,1.0,MCD
2015-05-18,76.17,76.39,75.9,76.21,76.21,4100835,0.0,1.0,MCD
2015-05-15,75.99,77.0,75.84,76.23,76.23,7607155,0.0,1.0,MCD
2015-05-14,75.93,76.09,75.64,75.97,75.97,4743954,0.0,1.0,MCD
2015-05-13,76.25,76.58,75.64,75.69,75.69,6526893,0.0,1.0,MCD
2015-05-12,75.72,76.47,75.36,76.16,76.16,4847951,0.0,1.0,MCD
2015-05-11,76.25,76.5,75.53,75.81,75.81,4123670,0.0,1.0,MCD
2015-05-08,76.34,77.09,76.03,76.37,76.37,7540354,0.0,1.0,MCD
2015-05-07,74.85,75.67,74.73,75.25,75.25,5019232,0.0,1.0,MCD
2015-05-06,74.72,75.15,74.54,74.94,74.94,6609671,0.0,1.0,MCD
2015-05-05,74.94,75.01,74.31,74.74,74.74,7637026,0.0,1.0,MCD
2015-05-04,75.08,76.69,74.68,74.74,74.74,8418290,0.0,1.0,MCD
2015-05-01,75.21,76.17,75.21,76.04,76.04,6280298,0.0,1.0,MCD
2015-04-30,75.15,75.71,74.96,75.07,75.07,8300190,0.0,1.0,MCD
2015-04-29,75.09,75.94,74.7,75.43,75.43,5678230,0.0,1.0,MCD
2015-04-28,74.85,75.33,74.47,75.29,75.29,4357219,0.0,1.0,MCD
2015-04-27,76.77,76.93,74.84,74.98,74.98,7203201,0.0,1.0,MCD
2015-04-24,75.41,77.04,75.29,76.77,76.77,7741339,0.0,1.0,MCD
2015-04-23,75.76,75.82,75.07,75.42,75.42,6317607,0.0,1.0,MCD
2015-04-22,75.42,77.25,74.83,76.07,76.07,19253001,0.0,1.0,MCD
2015-04-21,74.79,75.07,73.51,73.76,73.76,5981687,0.0,1.0,MCD
2015-04-20,73.86,74.84,73.86,74.78,74.78,4382441,0.0,1.0,MCD
2015-04-17,73.96,74.13,73.44,73.77,73.77,6933561,0.0,1.0,MCD
2015-04-16,74.93,75.76,74.26,74.35,74.35,5071657,0.0,1.0,MCD
2015-04-15,75.42,75.85,74.85,74.98,74.98,6604429,0.0,1.0,MCD
2015-04-14,75.54,75.99,75.39,75.87,75.87,4961149,0.0,1.0,MCD
2015-04-13,75.74,76.0,75.47,75.76,75.76,5197891,0.0,1.0,MCD
2015-04-10,75.34,76.16,75.08,76.04,76.04,5937547,0.0,1.0,MCD
2015-04-09,75.3,75.75,74.8,75.07,75.07,4776933,0.0,1.0,MCD
2015-04-08,75.21,75.81,74.63,75.3,75.3,4445210,0.0,1.0,MCD
2015-04-07,74.83,75.25,74.71,74.91,74.91,4443683,0.0,1.0,MCD
2015-04-06,74.45,75.28,74.21,74.86,74.86,4500946,0.0,1.0,MCD
2015-04-02,74.61,74.83,73.64,74.51,74.51,6614276,0.0,1.0,MCD
2015-04-01,75.27,75.43,74.64,74.87,74.87,7484752,0.0,1.0,MCD
2015-03-31,76.06,76.53,75.76,75.76,75.76,5616991,0.0,1.0,MCD
2015-03-30,75.75,76.44,75.71,76.1,76.1,4072090,0.0,1.0,MCD
2015-03-27,75.7,76.08,75.24,75.39,75.39,4642232,0.0,1.0,MCD
2015-03-26,75.88,76.17,74.79,75.92,75.92,10445790,0.0,1.0,MCD
2015-03-25,77.0,77.45,76.28,76.3,76.3,6030491,0.0,1.0,MCD
2015-03-24,76.55,77.63,76.25,77.25,77.25,7538621,0.0,1.0,MCD
2015-03-23,75.26,77.07,75.26,76.68,76.68,9231895,0.0,1.0,MCD
2015-03-20,74.89,75.98,74.73,75.46,75.46,10014005,0.0,1.0,MCD
2015-03-19,75.31,75.43,74.63,74.63,74.63,3615367,0.0,1.0,MCD
2015-03-18,74.65,75.6,74.12,75.42,75.42,5830338,0.0,1.0,MCD
2015-03-17,75.34,75.53,74.63,74.77,74.77,4530709,0.0,1.0,MCD
2015-03-16,75.36,75.78,75.22,75.53,75.53,4772244,0.0,1.0,MCD
2015-03-13,74.83,75.46,74.45,74.91,74.91,5152750,0.0,1.0,MCD
2015-03-12,74.19,74.98,74.08,74.84,74.84,8765071,0.0,1.0,MCD
2015-03-11,74.87,75.24,73.82,73.83,73.83,9382138,0.0,1.0,MCD
2015-03-10,75.35,75.51,74.72,74.87,74.87,7838923,0.0,1.0,MCD
2015-03-09,75.27,76.39,75.27,75.97,75.97,8460337,0.0,1.0,MCD
2015-03-06,76.41,76.97,75.39,75.52,75.52,9677859,0.0,1.0,MCD
2015-03-05,76.98,77.69,76.55,77.06,77.06,9438793,0.0,1.0,MCD
2015-03-04,77.6,78.12,77.11,77.95,77.95,9160107,0.0,1.0,MCD
2015-03-03,77.73,78.09,77.4,77.55,77.55,8149624,0.0,1.0,MCD
2015-03-02,76.68,78.6,76.44,77.75,77.75,12361997,0.0,1.0,MCD
2015-02-27,77.11,77.21,76.58,76.9,76.9,7552453,0.0,1.0,MCD
2015-02-26,75.75,77.66,75.42,77.37,77.37,16098474,0.85,1.0,MCD
2015-02-25,73.17,76.56,73.13,76.06,76.06,16751573,0.0,1.0,MCD
2015-02-24,72.53,73.49,72.23,73.22,73.22,5643590,0.0,1.0,MCD
2015-02-23,72.56,72.78,72.43,72.71,72.71,5681950,0.0,1.0,MCD
2015-02-20,72.59,72.84,72.13,72.61,72.61,8154894,0.0,1.0,MCD
2015-02-19,72.85,72.89,72.27,72.61,72.61,6311275,0.0,1.0,MCD
2015-02-18,72.64,73.08,72.47,72.91,72.91,5617500,0.0,1.0,MCD
2015-02-17,73.33,73.54,72.54,72.74,72.74,5971772,0.0,1.0,MCD
2015-02-13,73.55,73.89,73.18,73.74,73.74,6762195,0.0,1.0,MCD
2015-02-12,72.51,73.7,72.29,73.31,73.31,7910116,0.0,1.0,MCD
2015-02-11,72.59,72.72,71.93,72.63,72.63,5153825,0.0,1.0,MCD
2015-02-10,71.95,72.64,71.67,72.48,72.48,4697610,0.0,1.0,MCD
2015-02-09,71.93,72.04,71.34,71.48,71.48,8202913,0.0,1.0,MCD
2015-02-06,72.58,72.84,72.2,72.46,72.46,4662536,0.0,1.0,MCD
2015-02-05,72.54,73.11,72.47,72.73,72.73,5564058,0.0,1.0,MCD
2015-02-04,72.08,72.8,72.08,72.51,72.51,6464783,0.0,1.0,MCD
2015-02-03,71.42,72.45,71.27,72.41,72.41,7373047,0.0,1.0,MCD
2015-02-02,70.96,71.43,70.49,71.32,71.32,6751332,0.0,1.0,MCD
2015-01-30,71.43,71.93,71.16,71.26,71.26,12385221,0.0,1.0,MCD
2015-01-29,70.54,72.08,70.35,71.9,71.9,19145432,0.0,1.0,MCD
2015-01-28,69.18,69.24,68.43,68.44,68.44,6888412,0.0,1.0,MCD
2015-01-27,69.35,69.62,69.04,69.05,69.05,6640833,0.0,1.0,MCD
2015-01-26,68.91,69.92,68.84,69.9,69.9,7753174,0.0,1.0,MCD
2015-01-23,70.09,70.65,68.94,69.04,69.04,11495800,0.0,1.0,MCD
2015-01-22,69.86,70.13,69.26,70.07,70.07,7534777,0.0,1.0,MCD
2015-01-21,69.51,69.74,69.03,69.65,69.65,8681801,0.0,1.0,MCD
2015-01-20,70.65,70.83,69.56,70.0,70.0,6956059,0.0,1.0,MCD
2015-01-16,70.19,70.69,69.95,70.53,70.53,6926995,0.0,1.0,MCD
2015-01-15,70.9,71.19,70.13,70.45,70.45,5737328,0.0,1.0,MCD
2015-01-14,70.5,70.96,70.25,70.57,70.57,7745521,0.0,1.0,MCD
2015-01-13,72.43,72.81,71.25,71.56,71.56,5979955,0.0,1.0,MCD
2015-01-12,72.1,72.32,71.39,71.7,71.7,3989485,0.0,1.0,MCD
2015-01-09,72.44,72.44,71.53,71.86,71.86,4249065,0.0,1.0,MCD
2015-01-08,72.64,73.22,72.51,72.74,72.74,5476597,0.0,1.0,MCD
2015-01-07,71.9,72.51,71.59,72.47,72.47,6400245,0.0,1.0,MCD
2015-01-06,71.44,72.32,70.83,71.23,71.23,6482427,0.0,1.0,MCD
2015-01-05,71.93,72.22,71.09,71.1,71.1,6211872,0.0,1.0,MCD
2015-01-02,72.57,73.24,71.73,71.9,71.9,6019641,0.0,1.0,MCD
2014-12-31,72.27,73.08,72.14,72.24,72.24,4589312,0.0,1.0,MCD
2014-12-30,73.12,73.24,72.52,72.66,72.66,3257735,0.0,1.0,MCD
2014-12-29,72.71,73.59,72.67,73.27,73.27,4183224,0.0,1.0,MCD
2014-12-26,72.54,73.18,72.43,73.07,73.07,3882505,0.0,1.0,MCD
2014-12-24,72.64,72.88,72.27,72.34,72.34,1736839,0.0,1.0,MCD
2014-12-23,72.74,73.1,72.47,72.64,72.64,3596292,0.0,1.0,MCD
2014-12-22,71.91,72.48,71.72,72.38,72.38,5342228,0.0,1.0,MCD
2014-12-19,72.09,72.71,71.66,71.87,71.87,10284328,0.0,1.0,MCD
2014-12-18,71.14,72.27,70.66,72.21,72.21,11276821,0.0,1.0,MCD
2014-12-17,68.56,70.96,68.23,70.66,70.66,14009957,0.0,1.0,MCD
2014-12-16,67.9,69.96,67.55,68.4,68.4,15105126,0.0,1.0,MCD
2014-12-15,70.12,70.23,68.03,68.2,68.2,10121636,0.0,1.0,MCD
2014-12-12,69.89,70.45,69.71,69.86,69.86,8696256,0.0,1.0,MCD
2014-12-11,69.45,70.27,69.4,70.13,70.13,8972200,0.0,1.0,MCD
2014-12-10,70.18,70.38,69.01,69.38,69.38,12020374,0.0,1.0,MCD
2014-12-09,70.39,70.92,70.16,70.43,70.43,10030415,0.0,1.0,MCD
2014-12-08,71.93,72.26,71.1,71.4,71.4,2168656,0.0,1.0,MCD
2014-12-05,73.84,74.48,73.74,74.25,74.25,6209305,0.0,1.0,MCD
2014-12-04,73.54,74.0,73.35,73.75,73.75,5364929,0.0,1.0,MCD
2014-12-03,73.08,73.67,73.07,73.62,73.62,5324034,0.0,1.0,MCD
2014-12-02,73.4,74.78,73.05,73.32,73.32,10389676,0.0,1.0,MCD
2014-12-01,74.12,74.73,73.73,73.84,73.84,5273749,0.0,1.0,MCD
2014-11-28,73.99,75.09,73.99,74.63,74.63,3442853,0.0,1.0,MCD
2014-11-26,74.29,74.31,73.95,74.18,74.18,3667981,0.85,1.0,MCD
2014-11-25,74.28,74.38,74.01,74.12,74.12,5368952,0.0,1.0,MCD
2014-11-24,73.99,74.45,73.77,74.25,74.25,5222510,0.0,1.0,MCD
2014-11-21,74.48,74.51,73.68,73.88,73.88,5483712,0.0,1.0,MCD
2014-11-20,73.77,74.35,73.74,73.85,73.85,4551662,0.0,1.0,MCD
2014-11-19,73.93,74.35,73.69,73.79,73.79,6631311,0.0,1.0,MCD
2014-11-18,73.39,74.09,72.88,73.67,73.67,6268097,0.0,1.0,MCD
2014-11-17,73.41,73.42,73.05,73.34,73.34,3596519,0.0,1.0,MCD
2014-11-14,72.89,74.26,72.8,73.52,73.52,7793438,0.0,1.0,MCD
2014-11-13,72.98,73.53,72.73,72.96,72.96,4099804,0.0,1.0,MCD
2014-11-12,72.54,72.89,72.47,72.85,72.85,2725702,0.0,1.0,MCD
2014-11-11,72.76,72.92,72.54,72.7,72.7,3429027,0.0,1.0,MCD
2014-11-10,73.02,73.12,72.58,72.68,72.68,5123575,0.0,1.0,MCD
2014-11-07,72.14,72.67,71.88,72.67,72.67,4674632,0.0,1.0,MCD
2014-11-06,72.4,72.54,72.15,72.34,72.34,3597279,0.0,1.0,MCD
2014-11-05,72.6,72.65,72.13,72.32,72.32,4123841,0.0,1.0,MCD
2014-11-04,71.78,72.31,71.66,72.19,72.19,5802179,0.0,1.0,MCD
2014-11-03,71.66,71.66,71.08,71.53,71.53,4069904,0.0,1.0,MCD
2014-10-31,71.76,71.84,70.94,71.63,71.63,6800889,0.0,1.0,MCD
2014-10-30,70.74,71.37,70.68,71.36,71.36,3965528,0.0,1.0,MCD
2014-10-29,70.8,71.16,70.3,70.86,70.86,5300445,0.0,1.0,MCD
2014-10-28,70.67,70.76,70.06,70.76,70.76,5083262,0.0,1.0,MCD
2014-10-27,69.94,70.37,69.92,70.31,70.31,4078248,0.0,1.0,MCD
2014-10-24,69.31,70.14,69.2,70.05,70.05,5263026,0.0,1.0,MCD
2014-10-23,70.18,70.38,69.45,69.55,69.55,5966694,0.0,1.0,MCD
2014-10-22,69.31,69.93,69.23,69.49,69.49,6451565,0.0,1.0,MCD
2014-10-21,68.74,69.88,68.55,69.55,69.55,11421772,0.0,1.0,MCD
2014-10-20,69.51,69.99,69.32,69.99,69.99,5406914,0.0,1.0,MCD
2014-10-17,69.09,69.65,68.5,69.57,69.57,7074463,0.0,1.0,MCD
2014-10-16,68.31,69.0,68.27,68.71,68.71,7526435,0.0,1.0,MCD
2014-10-15,69.15,69.52,68.45,69.11,69.11,10469312,0.0,1.0,MCD
2014-10-14,69.39,70.11,69.26,69.62,69.62,5539480,0.0,1.0,MCD
2014-10-13,70.4,70.62,69.28,69.33,69.33,6182343,0.0,1.0,MCD
2014-10-10,70.88,71.41,70.53,70.53,70.53,5845312,0.0,1.0,MCD
2014-10-09,71.66,71.83,70.85,70.85,70.85,5068638,0.0,1.0,MCD
2014-10-08,71.13,71.79,70.92,71.7,71.7,5592902,0.0,1.0,MCD
2014-10-07,71.46,71.48,70.92,70.92,70.92,6095819,0.0,1.0,MCD
2014-10-06,72.11,72.16,71.6,71.71,71.71,4278576,0.0,1.0,MCD
2014-10-03,72.82,72.82,72.22,72.49,72.49,3948619,0.0,1.0,MCD
2014-10-02,71.86,72.29,71.83,71.92,71.92,4123290,0.0,1.0,MCD
2014-10-01,72.11,72.66,71.84,71.98,71.98,5339523,0.0,1.0,MCD
2014-09-30,73.54,73.64,72.09,72.45,72.45,10036317,0.0,1.0,MCD
2014-09-29,72.03,74.35,71.82,73.53,73.53,16488230,0.0,1.0,MCD
2014-09-26,71.87,72.5,71.85,72.37,72.37,3462523,0.0,1.0,MCD
2014-09-25,72.55,72.83,71.87,71.95,71.95,4523285,0.0,1.0,MCD
2014-09-24,71.6,72.84,71.58,72.6,72.6,7726719,0.0,1.0,MCD
2014-09-23,71.6,71.95,71.4,71.46,71.46,4690186,0.0,1.0,MCD
2014-09-22,71.92,72.19,71.69,71.78,71.78,4747674,0.0,1.0,MCD
2014-09-19,71.79,72.54,71.68,72.11,72.11,9027300,0.0,1.0,MCD
2014-09-18,71.4,71.76,71.27,71.43,71.43,5488900,0.0,1.0,MCD
2014-09-17,71.59,71.7,71.21,71.47,71.47,5738600,0.0,1.0,MCD
2014-09-16,71.27,71.92,71.26,71.64,71.64,5826200,0.0,1.0,MCD
2014-09-15,71.27,71.76,71.26,71.43,71.43,6255000,0.0,1.0,MCD
2014-09-12,71.02,71.71,70.93,71.33,71.33,8033100,0.0,1.0,MCD
2014-09-11,71.02,71.29,70.62,71.04,71.04,5960100,0.0,1.0,MCD
2014-09-10,69.42,71.11,69.18,71.07,71.07,12031400,0.0,1.0,MCD
2014-09-09,70.76,70.84,69.51,69.61,69.61,9795200,0.0,1.0,MCD
2014-09-08,70.92,70.93,70.46,70.69,70.69,5251900,0.0,1.0,MCD
2014-09-05,71.14,71.16,70.92,71.12,71.12,4004600,0.0,1.0,MCD
2014-09-04,71.08,71.24,70.92,71.08,71.08,4849800,0.0,1.0,MCD
2014-09-03,71.27,71.44,71.09,71.17,71.17,4855300,0.0,1.0,MCD
2014-09-02,71.25,71.6,70.83,70.92,70.92,6727100,0.0,1.0,MCD
2014-08-29,71.98,71.98,71.46,71.62,71.62,4635100,0.0,1.0,MCD
2014-08-28,71.56,72.41,71.46,71.94,71.94,5492400,0.81,1.0,MCD
2014-08-27,71.39,71.73,70.92,71.71,71.71,9027300,0.0,1.0,MCD
2014-08-26,71.51,71.82,71.26,71.3,71.3,6392400,0.0,1.0,MCD
2014-08-25,71.86,72.26,71.53,71.55,71.55,4614300,0.0,1.0,MCD
2014-08-22,71.62,71.87,71.42,71.56,71.56,3586900,0.0,1.0,MCD
2014-08-21,71.45,71.8,71.4,71.62,71.62,5981600,0.0,1.0,MCD
2014-08-20,71.56,71.72,71.22,71.36,71.36,4150400,0.0,1.0,MCD
2014-08-19,71.67,71.79,71.42,71.56,71.56,3331700,0.0,1.0,MCD
2014-08-18,71.33,71.78,71.17,71.41,71.41,4398800,0.0,1.0,MCD
2014-08-15,71.27,71.58,70.77,71.06,71.06,4281300,0.0,1.0,MCD
2014-08-14,70.95,71.14,70.66,70.96,70.96,5644500,0.0,1.0,MCD
2014-08-13,71.03,71.46,70.88,71.19,71.19,3599900,0.0,1.0,MCD
2014-08-12,70.79,70.95,70.58,70.89,70.89,3235900,0.0,1.0,MCD
2014-08-11,71.01,71.16,70.81,70.86,70.86,4288400,0.0,1.0,MCD
2014-08-08,70.51,71.1,70.4,70.88,70.88,6505900,0.0,1.0,MCD
2014-08-07,71.08,71.22,70.64,70.7,70.7,3261100,0.0,1.0,MCD
2014-08-06,70.76,71.18,70.73,70.82,70.82,3728000,0.0,1.0,MCD
2014-08-05,71.22,71.45,70.73,70.79,70.79,5494800,0.0,1.0,MCD
2014-08-04,71.45,71.48,70.86,71.45,71.45,7652700,0.0,1.0,MCD
2014-08-01,71.45,71.77,71.37,71.45,71.45,4576400,0.0,1.0,MCD
2014-07-31,72.14,72.25,71.64,71.64,71.64,6826000,0.0,1.0,MCD
2014-07-30,72.88,72.99,72.41,72.7,72.7,6049800,0.0,1.0,MCD
2014-07-29,72.65,73.05,72.51,72.6,72.6,6712700,0.0,1.0,MCD
2014-07-28,72.36,72.71,72.27,72.57,72.57,4863100,0.0,1.0,MCD
2014-07-25,72.25,72.62,72.22,72.52,72.52,4992500,0.0,1.0,MCD
2014-07-24,72.34,72.45,72.18,72.24,72.24,7781700,0.0,1.0,MCD
2014-07-23,72.36,72.6,71.84,72.24,72.24,9483200,0.0,1.0,MCD
2014-07-22,72.27,73.38,72.05,72.94,72.94,12398100,0.0,1.0,MCD
2014-07-21,74.64,74.73,73.91,73.91,73.91,6510600,0.0,1.0,MCD
2014-07-18,74.73,75.08,74.35,75.0,75.0,4044900,0.0,1.0,MCD
2014-07-17,74.98,75.08,74.52,74.53,74.53,4099100,0.0,1.0,MCD
2014-07-16,75.5,75.61,74.83,75.21,75.21,7128700,0.0,1.0,MCD
2014-07-15,76.01,76.05,75.66,75.99,75.99,3787000,0.0,1.0,MCD
2014-07-14,76.29,76.32,75.99,76.12,76.12,4159900,0.0,1.0,MCD
2014-07-11,76.27,76.38,75.79,76.05,76.05,2812500,0.0,1.0,MCD
2014-07-10,75.93,76.56,75.89,76.2,76.2,3274900,0.0,1.0,MCD
2014-07-09,75.99,76.71,75.96,76.58,76.58,5604900,0.0,1.0,MCD
2014-07-08,75.61,76.2,75.56,75.83,75.83,3115100,0.0,1.0,MCD
2014-07-07,76.33,76.33,75.63,75.89,75.89,3951700,0.0,1.0,MCD
2014-07-03,76.77,76.77,76.33,76.51,76.51,2295800,0.0,1.0,MCD
2014-07-02,76.54,76.58,76.03,76.17,76.17,3216700,0.0,1.0,MCD
2014-07-01,76.09,76.8,75.95,76.52,76.52,3787700,0.0,1.0,MCD
2014-06-30,76.73,76.89,76.14,76.33,76.33,4265700,0.0,1.0,MCD
2014-06-27,76.71,77.03,76.64,76.87,76.87,2785500,0.0,1.0,MCD
2014-06-26,76.99,77.2,76.58,76.91,76.91,2783200,0.0,1.0,MCD
2014-06-25,76.59,77.2,76.55,76.99,76.99,3662000,0.0,1.0,MCD
2014-06-24,77.16,77.42,76.83,76.88,76.88,4586400,0.0,1.0,MCD
2014-06-23,77.01,77.27,76.91,77.21,77.21,2919000,0.0,1.0,MCD
2014-06-20,77.43,77.51,77.02,77.22,77.22,5418100,0.0,1.0,MCD
2014-06-19,76.55,77.3,76.55,77.21,77.21,3372200,0.0,1.0,MCD
2014-06-18,77.08,77.12,76.45,76.79,76.79,5441200,0.0,1.0,MCD
2014-06-17,76.45,77.16,76.39,76.73,76.73,6479700,0.0,1.0,MCD
2014-06-16,76.08,76.65,75.95,76.6,76.6,4038600,0.0,1.0,MCD
2014-06-13,75.32,76.21,75.32,76.14,76.14,4014600,0.0,1.0,MCD
2014-06-12,76.08,76.53,75.42,75.58,75.58,5609100,0.0,1.0,MCD
2014-06-11,76.33,76.49,76.02,76.08,76.08,6606100,0.0,1.0,MCD
2014-06-10,76.99,76.99,76.28,76.43,76.43,5961200,0.0,1.0,MCD
2014-06-09,76.97,77.28,76.66,76.81,76.81,3802600,0.0,1.0,MCD
2014-06-06,77.59,77.75,77.11,77.25,77.25,2955500,0.0,1.0,MCD
2014-06-05,77.54,77.74,77.09,77.62,77.62,2407800,0.0,1.0,MCD
2014-06-04,76.8,77.64,76.73,77.61,77.61,3589200,0.0,1.0,MCD
2014-06-03,77.01,77.28,76.83,76.86,76.86,3363500,0.0,1.0,MCD
2014-06-02,76.82,77.66,76.77,77.3,77.3,3001400,0.0,1.0,MCD
2014-05-30,76.71,76.87,76.3,76.85,76.85,4232800,0.0,1.0,MCD
2014-05-29,76.73,76.89,76.42,76.78,76.78,4123700,0.81,1.0,MCD
2014-05-28,76.55,76.7,75.81,76.14,76.14,8930700,0.0,1.0,MCD
2014-05-27,76.82,77.34,76.72,76.94,76.94,5093200,0.0,1.0,MCD
2014-05-23,77.06,77.31,76.49,76.67,76.67,4174300,0.0,1.0,MCD
2014-05-22,77.16,77.4,76.84,77.01,77.01,3376000,0.0,1.0,MCD
2014-05-21,76.45,77.1,76.33,77.09,77.09,2735600,0.0,1.0,MCD
2014-05-20,76.71,77.0,76.25,76.31,76.31,3123700,0.0,1.0,MCD
2014-05-19,77.28,77.29,76.47,76.74,76.74,3859800,0.0,1.0,MCD
2014-05-16,77.08,77.71,76.93,77.52,77.52,5081000,0.0,1.0,MCD
2014-05-15,77.25,77.42,76.78,77.04,77.04,3810800,0.0,1.0,MCD
2014-05-14,77.94,78.01,77.07,77.44,77.44,3826300,0.0,1.0,MCD
2014-05-13,77.66,77.89,77.04,77.82,77.82,3955400,0.0,1.0,MCD
2014-05-12,77.38,77.67,77.26,77.31,77.31,3817400,0.0,1.0,MCD
2014-05-09,76.56,77.38,76.53,77.37,77.37,3649400,0.0,1.0,MCD
2014-05-08,76.67,76.8,76.24,76.63,76.63,3384500,0.0,1.0,MCD
2014-05-07,76.11,76.75,75.88,76.64,76.64,4322600,0.0,1.0,MCD
2014-05-06,75.96,76.14,75.77,75.88,75.88,3075100,0.0,1.0,MCD
2014-05-05,76.2,76.2,75.61,76.02,76.02,3483500,0.0,1.0,MCD
2014-05-02,76.0,76.87,75.91,76.24,76.24,4934000,0.0,1.0,MCD
2014-05-01,75.68,75.95,75.42,75.89,75.89,3531400,0.0,1.0,MCD
2014-04-30,76.33,76.49,75.95,76.2,76.2,4519800,0.0,1.0,MCD
2014-04-29,75.32,76.5,75.02,76.29,76.29,6626100,0.0,1.0,MCD
2014-04-28,75.9,76.05,74.9,75.4,75.4,7444500,0.0,1.0,MCD
2014-04-25,75.05,75.73,74.7,75.71,75.71,5047100,0.0,1.0,MCD
2014-04-24,74.8,75.24,74.51,75.04,75.04,4764900,0.0,1.0,MCD
2014-04-23,74.68,75.16,74.42,74.51,74.51,4179100,0.0,1.0,MCD
2014-04-22,75.18,75.37,74.33,74.65,74.65,8934300,0.0,1.0,MCD
2014-04-21,75.01,75.46,74.6,74.92,74.92,6357000,0.0,1.0,MCD
2014-04-17,75.71,75.92,75.35,75.35,75.35,4545200,0.0,1.0,MCD
2014-04-16,75.92,76.01,75.53,75.79,75.79,3532700,0.0,1.0,MCD
2014-04-15,75.69,75.87,75.22,75.79,75.79,5882400,0.0,1.0,MCD
2014-04-14,74.91,75.28,74.65,75.25,75.25,6155900,0.0,1.0,MCD
2014-04-11,74.53,74.96,74.46,74.63,74.63,6553600,0.0,1.0,MCD
2014-04-10,74.07,75.05,73.78,74.74,74.74,8873000,0.0,1.0,MCD
2014-04-09,73.72,74.07,73.59,73.92,73.92,3669500,0.0,1.0,MCD
2014-04-08,72.89,73.83,72.55,73.72,73.72,5579500,0.0,1.0,MCD
2014-04-07,73.35,73.84,72.59,72.92,72.92,5994600,0.0,1.0,MCD
2014-04-04,73.49,73.98,73.2,73.56,73.56,5409000,0.0,1.0,MCD
2014-04-03,73.68,73.74,73.17,73.41,73.41,2575700,0.0,1.0,MCD
2014-04-02,73.77,73.83,73.17,73.35,73.35,3701200,0.0,1.0,MCD
2014-04-01,73.74,74.05,73.38,73.59,73.59,4494000,0.0,1.0,MCD
2014-03-31,73.24,74.0,73.14,73.68,73.68,4853300,0.0,1.0,MCD
2014-03-28,72.36,73.24,72.32,73.09,73.09,4344100,0.0,1.0,MCD
2014-03-27,71.99,72.43,71.8,72.28,72.28,3756000,0.0,1.0,MCD
2014-03-26,72.19,72.58,72.04,72.04,72.04,4127000,0.0,1.0,MCD
2014-03-25,72.49,72.53,72.03,72.09,72.09,4929800,0.0,1.0,MCD
2014-03-24,72.23,72.71,72.15,72.29,72.29,6393000,0.0,1.0,MCD
2014-03-21,73.07,73.21,71.76,71.76,71.76,12625800,0.0,1.0,MCD
2014-03-20,72.11,72.87,72.02,72.61,72.61,4242600,0.0,1.0,MCD
2014-03-19,73.11,73.13,71.99,72.23,72.23,5556900,0.0,1.0,MCD
2014-03-18,73.51,73.65,73.07,73.14,73.14,3269500,0.0,1.0,MCD
2014-03-17,73.77,73.81,73.26,73.36,73.36,5554300,0.0,1.0,MCD
2014-03-14,73.16,73.58,72.92,73.35,73.35,5510700,0.0,1.0,MCD
2014-03-13,74.34,74.34,72.92,73.19,73.19,5480200,0.0,1.0,MCD
2014-03-12,73.97,74.47,73.77,74.19,74.19,6701700,0.0,1.0,MCD
2014-03-11,72.11,74.35,71.94,74.25,74.25,16354400,0.0,1.0,MCD
2014-03-10,71.6,71.92,71.38,71.56,71.56,4388900,0.0,1.0,MCD
2014-03-07,71.96,72.0,71.38,71.78,71.78,3724000,0.0,1.0,MCD
2014-03-06,71.45,71.91,71.22,71.84,71.84,4362900,0.0,1.0,MCD
2014-03-05,71.66,71.86,71.36,71.42,71.42,3913300,0.0,1.0,MCD
2014-03-04,71.59,71.61,71.3,71.39,71.39,4655200,0.0,1.0,MCD
2014-03-03,70.84,71.26,70.65,70.9,70.9,5149300,0.0,1.0,MCD
2014-02-28,71.49,71.75,71.3,71.52,71.52,5104700,0.0,1.0,MCD
2014-02-27,71.59,71.71,71.14,71.47,71.47,4179600,0.81,1.0,MCD
2014-02-26,72.02,72.1,71.33,71.47,71.47,4265900,0.0,1.0,MCD
2014-02-25,71.89,72.08,71.47,72.01,72.01,4233600,0.0,1.0,MCD
2014-02-24,71.87,72.25,71.73,71.92,71.92,4472200,0.0,1.0,MCD
2014-02-21,71.58,72.29,71.58,71.88,71.88,5284300,0.0,1.0,MCD
2014-02-20,71.29,71.63,71.16,71.36,71.36,2975000,0.0,1.0,MCD
2014-02-19,71.38,72.04,71.15,71.21,71.21,4505500,0.0,1.0,MCD
2014-02-18,71.57,71.97,71.21,71.56,71.56,5454200,0.0,1.0,MCD
2014-02-14,71.03,71.53,70.88,71.38,71.38,3532900,0.0,1.0,MCD
2014-02-13,70.57,71.24,70.43,71.15,71.15,3617900,0.0,1.0,MCD
2014-02-12,71.13,71.3,70.65,70.72,70.72,4268900,0.0,1.0,MCD
2014-02-11,70.85,71.43,70.68,71.06,71.06,5343500,0.0,1.0,MCD
2014-02-10,71.36,71.5,70.45,70.7,70.7,6968200,0.0,1.0,MCD
2014-02-07,70.87,71.51,70.52,71.49,71.49,6591200,0.0,1.0,MCD
2014-02-06,69.96,70.94,69.83,70.76,70.76,5356900,0.0,1.0,MCD
2014-02-05,69.16,69.94,68.73,69.74,69.74,4958900,0.0,1.0,MCD
2014-02-04,69.21,69.66,69.01,69.38,69.38,6300400,0.0,1.0,MCD
2014-02-03,70.46,70.61,69.25,69.33,69.33,6904700,0.0,1.0,MCD
2014-01-31,69.35,70.47,69.28,70.18,70.18,5972500,0.0,1.0,MCD
2014-01-30,69.6,70.06,69.26,69.91,69.91,4987400,0.0,1.0,MCD
2014-01-29,70.03,70.28,69.22,69.42,69.42,8013500,0.0,1.0,MCD
2014-01-28,70.3,70.53,70.13,70.19,70.19,3682800,0.0,1.0,MCD
2014-01-27,70.27,70.56,69.99,70.11,70.11,6607600,0.0,1.0,MCD
2014-01-24,70.6,71.52,70.35,70.38,70.38,6944800,0.0,1.0,MCD
2014-01-23,70.47,71.51,70.43,71.04,71.04,7146000,0.0,1.0,MCD
2014-01-22,70.86,71.04,70.57,70.71,70.71,4976400,0.0,1.0,MCD
2014-01-21,71.07,71.52,70.81,70.86,70.86,6462700,0.0,1.0,MCD
2014-01-17,71.56,71.65,70.63,70.75,70.75,5975300,0.0,1.0,MCD
2014-01-16,71.1,71.77,70.94,71.59,71.59,5058000,0.0,1.0,MCD
2014-01-15,71.17,71.3,70.91,71.15,71.15,3560600,0.0,1.0,MCD
2014-01-14,70.66,71.1,70.65,70.97,70.97,3842200,0.0,1.0,MCD
2014-01-13,71.42,71.42,70.5,70.68,70.68,5753200,0.0,1.0,MCD
2014-01-10,71.42,71.71,71.28,71.4,71.4,5512200,0.0,1.0,MCD
2014-01-09,71.73,71.81,70.99,71.15,71.15,7709000,0.0,1.0,MCD
2014-01-08,71.21,71.33,70.8,71.11,71.11,7669800,0.0,1.0,MCD
2014-01-07,71.83,72.35,71.65,71.83,71.83,4881800,0.0,1.0,MCD
2014-01-06,72.01,72.01,71.19,71.44,71.44,5022700,0.0,1.0,MCD
2014-01-03,72.22,72.32,71.92,71.95,71.95,2965300,0.0,1.0,MCD
2014-01-02,72.15,72.32,71.74,71.85,71.85,2925800,0.0,1.0,MCD
2013-12-31,72.26,72.35,72.02,72.32,72.32,2560900,0.0,1.0,MCD
2013-12-30,72.2,72.41,72.14,72.3,72.3,2293000,0.0,1.0,MCD
2013-12-27,72.2,72.5,72.14,72.23,72.23,1987100,0.0,1.0,MCD
2013-12-26,72.12,72.23,72.02,72.17,72.17,1978300,0.0,1.0,MCD
2013-12-24,71.65,72.11,71.65,71.95,71.95,1155900,0.0,1.0,MCD
2013-12-23,72.08,72.26,71.59,71.77,71.77,3296300,0.0,1.0,MCD
2013-12-20,71.15,71.93,71.06,71.93,71.93,8039500,0.0,1.0,MCD
2013-12-19,71.46,71.77,70.75,70.91,70.91,5476500,0.0,1.0,MCD
2013-12-18,70.55,71.51,70.48,71.5,71.5,5526800,0.0,1.0,MCD
2013-12-17,71.13,71.24,70.26,70.34,70.34,4460300,0.0,1.0,MCD
2013-12-16,70.78,71.38,70.73,71.14,71.14,4868100,0.0,1.0,MCD
2013-12-13,70.2,70.52,70.1,70.39,70.39,3277500,0.0,1.0,MCD
2013-12-12,71.1,71.31,70.09,70.13,70.13,5719900,0.0,1.0,MCD
2013-12-11,71.18,71.34,70.93,71.0,71.0,5194500,0.0,1.0,MCD
2013-12-10,71.32,71.32,70.86,71.12,71.12,4190600,0.0,1.0,MCD
2013-12-09,71.65,71.92,71.14,71.34,71.34,5056100,0.0,1.0,MCD
2013-12-06,71.5,72.25,71.47,72.14,72.14,5811200,0.0,1.0,MCD
2013-12-05,71.08,71.41,70.95,71.12,71.12,5076500,0.0,1.0,MCD
2013-12-04,71.29,71.65,71.07,71.33,71.33,4951300,0.0,1.0,MCD
2013-12-03,72.11,72.11,71.6,71.83,71.83,4851900,0.0,1.0,MCD
2013-12-02,72.51,72.51,71.79,71.93,71.93,4810000,0.0,1.0,MCD
2013-11-29,72.48,72.74,72.35,72.57,72.57,2920300,0.0,1.0,MCD
2013-11-27,72.76,72.79,72.26,72.34,72.34,3501500,0.81,1.0,MCD
2013-11-26,73.03,73.24,72.55,72.58,72.58,5517400,0.0,1.0,MCD
2013-11-25,72.99,73.37,72.91,73.11,73.11,20420800,0.0,1.0,MCD
2013-11-22,72.32,72.81,71.97,72.63,72.63,16495500,0.0,1.0,MCD
2013-11-21,72.29,72.5,72.13,72.21,72.21,12884800,0.0,1.0,MCD
2013-11-20,72.12,72.47,71.83,72.09,72.09,3815100,0.0,1.0,MCD
2013-11-19,72.08,72.65,71.96,72.42,72.42,3836600,0.0,1.0,MCD
2013-11-18,71.62,72.28,71.62,72.18,72.18,4966700,0.0,1.0,MCD
2013-11-15,72.03,72.22,71.25,71.64,71.64,7096800,0.0,1.0,MCD
2013-11-14,72.57,72.95,71.83,72.11,72.11,6594200,0.0,1.0,MCD
2013-11-13,72.04,72.52,71.92,72.52,72.52,4164800,0.0,1.0,MCD
2013-11-12,71.75,72.26,71.58,72.18,72.18,3845000,0.0,1.0,MCD
2013-11-11,71.57,72.06,71.55,71.76,71.76,2573800,0.0,1.0,MCD
2013-11-08,71.82,71.92,71.19,71.7,71.7,5052400,0.0,1.0,MCD
2013-11-07,72.4,72.5,71.53,71.84,71.84,4921000,0.0,1.0,MCD
2013-11-06,72.18,72.57,72.04,72.36,72.36,4365900,0.0,1.0,MCD
2013-11-05,71.98,72.25,71.71,72.0,72.0,4338200,0.0,1.0,MCD
2013-11-04,71.89,72.06,71.57,71.92,71.92,5023900,0.0,1.0,MCD
2013-11-01,71.34,72.06,71.34,71.87,71.87,5127300,0.0,1.0,MCD
2013-10-31,71.1,71.47,71.04,71.34,71.34,4271300,0.0,1.0,MCD
2013-10-30,71.08,71.29,70.76,70.98,70.98,3404300,0.0,1.0,MCD
2013-10-29,70.68,71.03,70.44,70.99,70.99,3975100,0.0,1.0,MCD
2013-10-28,69.99,70.75,69.98,70.49,70.49,3836400,0.0,1.0,MCD
2013-10-25,70.05,70.18,69.74,70.05,70.05,3055900,0.0,1.0,MCD
2013-10-24,69.78,70.08,69.66,69.98,69.98,3640900,0.0,1.0,MCD
2013-10-23,70.28,70.36,69.43,69.63,69.63,4581200,0.0,1.0,MCD
2013-10-22,69.98,70.58,69.63,70.31,70.31,5144000,0.0,1.0,MCD
2013-10-21,69.26,70.11,68.92,69.91,69.91,9137700,0.0,1.0,MCD
2013-10-18,70.73,70.73,69.86,70.36,70.36,7286100,0.0,1.0,MCD
2013-10-17,70.36,70.6,69.96,70.56,70.56,3860500,0.0,1.0,MCD
2013-10-16,69.7,70.39,69.58,70.38,70.38,4708700,0.0,1.0,MCD
2013-10-15,69.47,69.63,69.07,69.33,69.33,5878900,0.0,1.0,MCD
2013-10-14,69.78,70.13,69.61,70.01,70.01,3429700,0.0,1.0,MCD
2013-10-11,69.99,70.07,69.72,70.02,70.02,4132600,0.0,1.0,MCD
2013-10-10,69.64,69.8,69.11,69.8,69.8,4531000,0.0,1.0,MCD
2013-10-09,69.34,69.45,68.84,68.94,68.94,5159400,0.0,1.0,MCD
2013-10-08,69.68,69.91,69.43,69.43,69.43,3643900,0.0,1.0,MCD
2013-10-07,69.67,70.07,69.58,69.74,69.74,3037100,0.0,1.0,MCD
2013-10-04,69.93,70.07,69.77,70.0,70.0,3047700,0.0,1.0,MCD
2013-10-03,70.33,70.37,69.93,69.97,69.97,4855700,0.0,1.0,MCD
2013-10-02,70.65,70.87,69.49,70.42,70.42,7250300,0.0,1.0,MCD
2013-10-01,71.09,71.24,70.85,71.05,71.05,3240700,0.0,1.0,MCD
2013-09-30,71.3,71.47,70.3,71.11,71.11,4404500,0.0,1.0,MCD
2013-09-27,72.35,72.43,71.7,71.78,71.78,3533100,0.0,1.0,MCD
2013-09-26,72.35,72.67,72.28,72.57,72.57,3604900,0.0,1.0,MCD
2013-09-25,72.29,72.43,72.0,72.15,72.15,4053200,0.0,1.0,MCD
2013-09-24,71.8,72.88,71.59,72.27,72.27,4810300,0.0,1.0,MCD
2013-09-23,71.67,72.12,71.56,71.9,71.9,3301600,0.0,1.0,MCD
2013-09-20,72.21,72.47,71.62,71.62,71.62,8077000,0.0,1.0,MCD
2013-09-19,72.8,72.81,71.7,72.38,72.38,6430800,0.0,1.0,MCD
2013-09-18,72.34,73.17,72.17,72.95,72.95,4279600,0.0,1.0,MCD
2013-09-17,72.12,72.7,72.06,72.38,72.38,3256900,0.0,1.0,MCD
2013-09-16,72.35,72.56,71.99,72.22,72.22,3490900,0.0,1.0,MCD
2013-09-13,71.95,72.18,71.79,71.95,71.95,2668700,0.0,1.0,MCD
2013-09-12,72.05,72.32,71.75,71.83,71.83,4277300,0.0,1.0,MCD
2013-09-11,71.44,72.04,71.23,72.04,72.04,3928600,0.0,1.0,MCD
2013-09-10,71.77,71.96,71.33,71.61,71.61,4984300,0.0,1.0,MCD
2013-09-09,71.12,71.54,71.11,71.29,71.29,3525200,0.0,1.0,MCD
2013-09-06,70.86,71.51,70.4,71.15,71.15,4485800,0.0,1.0,MCD
2013-09-05,70.46,71.3,70.28,70.7,70.7,4275300,0.0,1.0,MCD
2013-09-04,69.85,70.48,69.73,70.34,70.34,2898800,0.0,1.0,MCD
2013-09-03,70.29,70.42,69.57,69.86,69.86,3672100,0.0,1.0,MCD
2013-08-30,70.22,70.31,69.58,69.74,69.74,3993000,0.0,1.0,MCD
2013-08-29,70.7,70.94,70.0,70.11,70.11,4796600,0.77,1.0,MCD
2013-08-28,69.65,70.62,69.65,70.44,70.44,5482500,0.0,1.0,MCD
2013-08-27,69.55,69.79,68.93,69.53,69.53,4513100,0.0,1.0,MCD
2013-08-26,69.92,70.34,69.73,69.88,69.88,3060000,0.0,1.0,MCD
2013-08-23,70.07,70.15,69.59,69.75,69.75,12274200,0.0,1.0,MCD
2013-08-22,69.92,70.16,69.81,69.99,69.99,15364400,0.0,1.0,MCD
2013-08-21,69.95,70.25,69.73,69.73,69.73,3430600,0.0,1.0,MCD
2013-08-20,70.03,70.31,69.92,70.02,70.02,2827800,0.0,1.0,MCD
2013-08-19,69.74,70.38,69.69,70.0,70.0,3126200,0.0,1.0,MCD
2013-08-16,69.8,70.02,69.66,69.67,69.67,3324000,0.0,1.0,MCD
2013-08-15,70.05,70.32,69.79,69.94,69.94,4207500,0.0,1.0,MCD
2013-08-14,70.56,70.66,70.12,70.47,70.47,5448700,0.0,1.0,MCD
2013-08-13,71.13,71.19,70.47,70.71,70.71,5188300,0.0,1.0,MCD
2013-08-12,71.48,71.7,71.12,71.15,71.15,3256800,0.0,1.0,MCD
2013-08-09,71.78,72.14,71.17,71.57,71.57,4041800,0.0,1.0,MCD
2013-08-08,72.32,72.58,71.44,71.88,71.88,4862300,0.0,1.0,MCD
2013-08-07,72.29,72.58,72.05,72.09,72.09,3256400,0.0,1.0,MCD
2013-08-06,72.83,72.88,72.12,72.36,72.36,3507200,0.0,1.0,MCD
2013-08-05,72.59,72.9,72.46,72.81,72.81,3326400,0.0,1.0,MCD
2013-08-02,72.45,72.73,72.18,72.73,72.73,3224300,0.0,1.0,MCD
2013-08-01,72.31,72.76,72.09,72.58,72.58,3954600,0.0,1.0,MCD
2013-07-31,72.09,72.25,71.58,71.91,71.91,5343000,0.0,1.0,MCD
2013-07-30,71.85,72.25,71.74,72.12,72.12,4127400,0.0,1.0,MCD
2013-07-29,71.82,71.87,71.4,71.76,71.76,3592500,0.0,1.0,MCD
2013-07-26,71.3,71.91,71.06,71.87,71.87,4561600,0.0,1.0,MCD
2013-07-25,70.88,71.55,70.8,71.48,71.48,4208100,0.0,1.0,MCD
2013-07-24,71.27,71.41,70.6,70.87,70.87,5197900,0.0,1.0,MCD
2013-07-23,71.52,71.65,70.88,70.94,70.94,6989300,0.0,1.0,MCD
2013-07-22,71.67,71.8,71.16,71.54,71.54,13209600,0.0,1.0,MCD
2013-07-19,73.46,73.62,72.97,73.52,73.52,4508300,0.0,1.0,MCD
2013-07-18,73.67,73.88,73.31,73.45,73.45,3401600,0.0,1.0,MCD
2013-07-17,73.35,73.57,72.8,73.39,73.39,5377400,0.0,1.0,MCD
2013-07-16,73.45,74.14,72.93,73.96,73.96,4406200,0.0,1.0,MCD
2013-07-15,74.49,74.59,73.83,73.87,73.87,4480700,0.0,1.0,MCD
2013-07-12,73.75,74.64,73.68,74.48,74.48,4766800,0.0,1.0,MCD
2013-07-11,73.87,74.02,73.14,73.9,73.9,4064100,0.0,1.0,MCD
2013-07-10,73.43,73.58,72.88,73.3,73.3,3532400,0.0,1.0,MCD
2013-07-09,73.49,73.59,72.73,73.31,73.31,4120100,0.0,1.0,MCD
2013-07-08,73.52,73.68,72.99,73.23,73.23,4064300,0.0,1.0,MCD
2013-07-05,73.82,73.93,72.77,73.21,73.21,3933900,0.0,1.0,MCD
2013-07-03,73.28,73.73,73.1,73.57,73.57,1676300,0.0,1.0,MCD
2013-07-02,73.19,73.68,72.87,73.27,73.27,3850500,0.0,1.0,MCD
2013-07-01,72.84,73.54,72.78,73.19,73.19,4053500,0.0,1.0,MCD
2013-06-28,72.96,73.4,72.53,72.58,72.58,5386400,0.0,1.0,MCD
2013-06-27,72.91,73.19,72.68,73.06,73.06,4497100,0.0,1.0,MCD
2013-06-26,72.12,72.69,71.88,72.47,72.47,3585500,0.0,1.0,MCD
2013-06-25,71.79,71.84,71.22,71.5,71.5,3211300,0.0,1.0,MCD
2013-06-24,70.78,71.64,70.4,71.33,71.33,4244500,0.0,1.0,MCD
2013-06-21,71.38,71.67,71.04,71.29,71.29,7227000,0.0,1.0,MCD
2013-06-20,72.12,72.35,70.84,70.96,70.96,5550100,0.0,1.0,MCD
2013-06-19,73.1,73.37,72.24,72.45,72.45,3518200,0.0,1.0,MCD
2013-06-18,72.57,73.35,72.55,73.13,73.13,3340100,0.0,1.0,MCD
2013-06-17,72.8,73.09,72.07,72.39,72.39,4884800,0.0,1.0,MCD
2013-06-14,72.46,72.89,72.02,72.16,72.16,3351100,0.0,1.0,MCD
2013-06-13,71.92,72.64,71.76,72.5,72.5,2927800,0.0,1.0,MCD
2013-06-12,72.39,72.66,71.9,72.03,72.03,4485200,0.0,1.0,MCD
2013-06-11,72.6,72.94,71.9,72.02,72.02,4812800,0.0,1.0,MCD
2013-06-10,73.17,73.45,72.67,72.97,72.97,5718400,0.0,1.0,MCD
2013-06-07,71.16,72.36,71.12,72.06,72.06,5036800,0.0,1.0,MCD
2013-06-06,70.67,70.99,69.77,70.88,70.88,5817300,0.0,1.0,MCD
2013-06-05,71.95,71.97,70.47,70.69,70.69,5394800,0.0,1.0,MCD
2013-06-04,71.86,72.35,71.59,72.12,72.12,4902300,0.0,1.0,MCD
2013-06-03,70.95,71.84,70.8,71.82,71.82,4224000,0.0,1.0,MCD
2013-05-31,71.04,71.64,70.8,70.8,70.8,5443400,0.0,1.0,MCD
2013-05-30,72.16,72.28,70.96,71.17,71.17,8028900,0.77,1.0,MCD
2013-05-29,73.21,73.21,71.49,72.05,72.05,8770700,0.0,1.0,MCD
2013-05-28,73.51,74.15,73.38,73.64,73.64,14083800,0.0,1.0,MCD
2013-05-24,73.22,73.22,72.54,72.95,72.95,13161000,0.0,1.0,MCD
2013-05-23,73.57,73.84,72.99,73.49,73.49,13743100,0.0,1.0,MCD
2013-05-22,74.33,74.49,73.77,74.01,74.01,4648200,0.0,1.0,MCD
2013-05-21,73.94,74.65,73.77,74.3,74.3,4078600,0.0,1.0,MCD
2013-05-20,73.64,74.15,73.64,73.86,73.86,2233100,0.0,1.0,MCD
2013-05-17,73.54,74.12,73.32,73.86,73.86,4015300,0.0,1.0,MCD
2013-05-16,73.89,74.04,73.35,73.56,73.56,4251800,0.0,1.0,MCD
2013-05-15,73.69,74.22,73.69,74.16,74.16,3402600,0.0,1.0,MCD
2013-05-14,73.09,73.82,73.06,73.61,73.61,3810800,0.0,1.0,MCD
2013-05-13,72.76,73.25,72.6,73.02,73.02,3154100,0.0,1.0,MCD
2013-05-10,72.7,72.89,72.3,72.89,72.89,5036900,0.0,1.0,MCD
2013-05-09,73.31,73.64,72.35,72.52,72.52,10628500,0.0,1.0,MCD
2013-05-08,74.4,74.4,73.29,73.43,73.43,5228800,0.0,1.0,MCD
2013-05-07,74.26,74.57,74.04,74.41,74.41,4304200,0.0,1.0,MCD
2013-05-06,74.75,74.78,74.23,74.25,74.25,3314200,0.0,1.0,MCD
2013-05-03,74.86,75.17,74.6,74.86,74.86,4109400,0.0,1.0,MCD
2013-05-02,73.8,74.44,73.56,74.24,74.24,3821100,0.0,1.0,MCD
2013-05-01,74.18,74.52,73.71,73.74,73.74,2720100,0.0,1.0,MCD
2013-04-30,74.39,74.46,73.88,74.3,74.3,4205200,0.0,1.0,MCD
2013-04-29,73.88,74.57,73.58,74.33,74.33,3417700,0.0,1.0,MCD
2013-04-26,73.34,73.46,73.03,73.39,73.39,3113600,0.0,1.0,MCD
2013-04-25,73.66,73.93,73.36,73.42,73.42,3529400,0.0,1.0,MCD
2013-04-24,72.81,73.64,72.81,73.48,73.48,4593000,0.0,1.0,MCD
2013-04-23,72.21,72.92,72.17,72.57,72.57,5753500,0.0,1.0,MCD
2013-04-22,72.27,72.49,71.56,72.25,72.25,5620500,0.0,1.0,MCD
2013-04-19,73.16,73.79,72.34,72.68,72.68,8227700,0.0,1.0,MCD
2013-04-18,74.25,74.36,72.81,74.13,74.13,5696900,0.0,1.0,MCD
2013-04-17,74.6,75.0,74.2,74.59,74.59,4191500,0.0,1.0,MCD
2013-04-16,74.49,74.96,74.21,74.95,74.95,3199300,0.0,1.0,MCD
2013-04-15,75.02,75.24,74.29,74.3,74.3,5643600,0.0,1.0,MCD
2013-04-12,73.83,75.43,73.83,75.35,75.35,5714000,0.0,1.0,MCD
2013-04-11,73.72,74.54,73.72,74.19,74.19,4049400,0.0,1.0,MCD
2013-04-10,73.56,74.01,73.48,73.82,73.82,3159400,0.0,1.0,MCD
2013-04-09,73.83,73.83,73.16,73.51,73.51,3690400,0.0,1.0,MCD
2013-04-08,73.53,73.83,73.36,73.83,73.83,4163600,0.0,1.0,MCD
2013-04-05,72.86,73.81,72.6,73.77,73.77,5693000,0.0,1.0,MCD
2013-04-04,72.41,73.33,72.4,73.2,73.2,5860600,0.0,1.0,MCD
2013-04-03,72.89,73.1,72.06,72.2,72.2,4454400,0.0,1.0,MCD
2013-04-02,72.3,73.05,72.03,72.93,72.93,5136800,0.0,1.0,MCD
2013-04-01,72.31,72.51,71.9,72.05,72.05,3155800,0.0,1.0,MCD
2013-03-28,71.93,72.58,71.77,72.52,72.52,3954700,0.0,1.0,MCD
2013-03-27,71.42,72.22,71.42,71.94,71.94,4401700,0.0,1.0,MCD
2013-03-26,71.54,71.77,71.47,71.65,71.65,4434000,0.0,1.0,MCD
2013-03-25,72.35,72.45,71.37,71.46,71.46,4932500,0.0,1.0,MCD
2013-03-22,71.66,72.46,71.66,72.21,72.21,4160000,0.0,1.0,MCD
2013-03-21,71.65,71.93,71.59,71.67,71.67,3523400,0.0,1.0,MCD
2013-03-20,71.71,71.94,71.71,71.85,71.85,3534900,0.0,1.0,MCD
2013-03-19,71.85,72.01,71.43,71.58,71.58,4648500,0.0,1.0,MCD
2013-03-18,71.98,72.26,71.44,71.7,71.7,3934500,0.0,1.0,MCD
2013-03-15,71.99,72.52,71.88,72.5,72.5,6388000,0.0,1.0,MCD
2013-03-14,72.28,72.29,71.94,72.24,72.24,3649900,0.0,1.0,MCD
2013-03-13,71.82,72.36,71.68,72.29,72.29,3896600,0.0,1.0,MCD
2013-03-12,71.91,71.92,71.67,71.84,71.84,3856000,0.0,1.0,MCD
2013-03-11,71.62,71.93,71.49,71.93,71.93,4853400,0.0,1.0,MCD
2013-03-08,71.38,71.98,71.31,71.8,71.8,8838100,0.0,1.0,MCD
2013-03-07,70.3,70.67,70.3,70.62,70.62,4566400,0.0,1.0,MCD
2013-03-06,69.79,70.43,69.78,70.42,70.42,5052000,0.0,1.0,MCD
2013-03-05,69.5,69.9,69.34,69.69,69.69,5643000,0.0,1.0,MCD
2013-03-04,69.54,69.59,69.01,69.15,69.15,4636900,0.0,1.0,MCD
2013-03-01,69.6,69.7,69.07,69.6,69.6,3823200,0.0,1.0,MCD
2013-02-28,69.62,69.99,69.47,69.76,69.76,3967600,0.0,1.0,MCD
2013-02-27,69.37,69.79,69.18,69.63,69.63,4326800,0.77,1.0,MCD
2013-02-26,69.53,69.69,69.31,69.43,69.43,6451100,0.0,1.0,MCD
2013-02-25,68.83,69.84,68.74,69.37,69.37,9028000,0.0,1.0,MCD
2013-02-22,68.03,68.73,67.72,68.73,68.73,4421300,0.0,1.0,MCD
2013-02-21,67.43,68.16,67.33,67.93,67.93,4424600,0.0,1.0,MCD
2013-02-20,67.73,68.18,67.65,67.77,67.77,4023800,0.0,1.0,MCD
2013-02-19,67.93,68.18,67.66,67.72,67.72,4401900,0.0,1.0,MCD
2013-02-15,67.69,68.05,67.26,67.76,67.76,5094100,0.0,1.0,MCD
2013-02-14,67.73,67.75,67.25,67.51,67.51,5360900,0.0,1.0,MCD
2013-02-13,68.29,68.37,67.46,67.83,67.83,6663100,0.0,1.0,MCD
2013-02-12,68.59,68.79,68.42,68.62,68.62,4526900,0.0,1.0,MCD
2013-02-11,68.37,68.78,68.26,68.67,68.67,3557600,0.0,1.0,MCD
2013-02-08,68.11,68.9,68.09,68.46,68.46,5331600,0.0,1.0,MCD
2013-02-07,68.57,68.6,67.88,68.29,68.29,5619600,0.0,1.0,MCD
2013-02-06,68.18,68.79,68.13,68.6,68.6,4482700,0.0,1.0,MCD
2013-02-05,68.26,68.94,68.2,68.49,68.49,4952800,0.0,1.0,MCD
2013-02-04,68.84,69.12,68.19,68.26,68.26,5933300,0.0,1.0,MCD
2013-02-01,68.97,69.51,68.91,69.24,69.24,5481100,0.0,1.0,MCD
2013-01-31,68.26,68.76,68.16,68.76,68.76,5740500,0.0,1.0,MCD
2013-01-30,68.47,68.62,68.14,68.31,68.31,4657600,0.0,1.0,MCD
2013-01-29,67.94,68.54,67.87,68.49,68.49,4929700,0.0,1.0,MCD
2013-01-28,67.79,68.25,67.57,68.09,68.09,4564600,0.0,1.0,MCD
2013-01-25,67.33,67.79,67.31,67.63,67.63,5461600,0.0,1.0,MCD
2013-01-24,67.53,67.54,67.12,67.33,67.33,5157200,0.0,1.0,MCD
2013-01-23,67.43,67.65,66.57,67.46,67.46,9368000,0.0,1.0,MCD
2013-01-22,66.5,67.35,66.25,67.07,67.07,6967300,0.0,1.0,MCD
2013-01-18,66.44,66.6,66.28,66.57,66.57,5579900,0.0,1.0,MCD
2013-01-17,65.99,66.46,65.89,66.21,66.21,4044600,0.0,1.0,MCD
2013-01-16,65.76,65.9,65.6,65.74,65.74,2925800,0.0,1.0,MCD
2013-01-15,65.75,66.12,65.56,66.03,66.03,3910400,0.0,1.0,MCD
2013-01-14,66.21,66.47,65.98,66.05,66.05,3828100,0.0,1.0,MCD
2013-01-11,66.34,66.37,65.7,66.19,66.19,3692600,0.0,1.0,MCD
2013-01-10,65.92,66.13,65.68,65.95,65.95,4393300,0.0,1.0,MCD
2013-01-09,65.52,65.84,65.2,65.53,65.53,4822100,0.0,1.0,MCD
2013-01-08,65.33,65.64,64.93,65.62,65.62,6285200,0.0,1.0,MCD
2013-01-07,64.78,65.7,64.4,65.6,65.6,5820900,0.0,1.0,MCD
2013-01-04,65.39,65.51,64.71,64.83,64.83,5374100,0.0,1.0,MCD
2013-01-03,65.17,65.45,65.06,65.4,65.4,5473500,0.0,1.0,MCD
2013-01-02,64.51,65.2,64.46,65.03,65.03,7377200,0.0,1.0,MCD
2012-12-31,63.08,63.68,62.64,63.65,63.65,6236600,0.0,1.0,MCD
2012-12-28,63.67,63.89,63.12,63.2,63.2,3725600,0.0,1.0,MCD
2012-12-27,64.15,64.32,63.33,64.02,64.02,4576600,0.0,1.0,MCD
2012-12-26,64.31,64.49,63.78,64.03,64.03,3054000,0.0,1.0,MCD
2012-12-24,64.65,64.72,64.29,64.43,64.43,2375000,0.0,1.0,MCD
2012-12-21,64.69,65.08,64.3,65.07,65.07,10730000,0.0,1.0,MCD
2012-12-20,64.92,65.03,64.55,64.97,64.97,4298900,0.0,1.0,MCD
2012-12-19,65.47,65.56,64.73,64.73,64.73,5152900,0.0,1.0,MCD
2012-12-18,64.94,65.52,64.89,65.32,65.32,5340500,0.0,1.0,MCD
2012-12-17,64.32,64.89,64.23,64.88,64.88,5956500,0.0,1.0,MCD
2012-12-14,64.11,64.5,63.86,64.14,64.14,4364600,0.0,1.0,MCD
2012-12-13,64.42,64.75,64.17,64.35,64.35,4639700,0.0,1.0,MCD
2012-12-12,64.85,64.94,64.37,64.44,64.44,4219500,0.0,1.0,MCD
2012-12-11,64.77,64.81,64.22,64.67,64.67,7333000,0.0,1.0,MCD
2012-12-10,64.92,65.07,64.23,64.52,64.52,9276400,0.0,1.0,MCD
2012-12-07,64.29,64.32,63.65,63.85,63.85,8086500,0.0,1.0,MCD
2012-12-06,62.86,63.78,62.85,63.57,63.57,6580200,0.0,1.0,MCD
2012-12-05,63.09,63.48,62.58,62.76,62.76,5349700,0.0,1.0,MCD
2012-12-04,62.52,63.05,62.25,62.92,62.92,6109700,0.0,1.0,MCD
2012-12-03,63.08,63.09,62.61,62.82,62.82,6638100,0.0,1.0,MCD
2012-11-30,62.12,63.0,62.02,62.81,62.81,7369800,0.0,1.0,MCD
2012-11-29,62.38,62.76,62.13,62.41,62.41,4873900,0.77,1.0,MCD
2012-11-28,61.45,61.98,61.29,61.88,61.88,7155400,0.0,1.0,MCD
2012-11-27,61.68,61.84,61.38,61.45,61.45,4633200,0.0,1.0,MCD
2012-11-26,61.89,61.99,61.37,61.68,61.68,5619200,0.0,1.0,MCD
2012-11-23,62.06,62.28,61.91,62.26,62.26,2474400,0.0,1.0,MCD
2012-11-21,61.55,61.7,61.0,61.52,61.52,3900700,0.0,1.0,MCD
2012-11-20,60.92,61.63,60.87,61.28,61.28,5822800,0.0,1.0,MCD
2012-11-19,60.47,60.83,60.34,60.82,60.82,5559800,0.0,1.0,MCD
2012-11-16,60.2,60.36,59.59,60.17,60.17,6909300,0.0,1.0,MCD
2012-11-15,60.36,60.61,59.8,60.12,60.12,7639100,0.0,1.0,MCD
2012-11-14,60.69,61.23,60.21,60.52,60.52,8157000,0.0,1.0,MCD
2012-11-13,60.62,60.99,60.45,60.54,60.54,4842300,0.0,1.0,MCD
2012-11-12,60.76,61.01,60.51,60.71,60.71,4101900,0.0,1.0,MCD
2012-11-09,60.42,60.87,60.12,60.61,60.61,11030400,0.0,1.0,MCD
2012-11-08,61.79,62.23,60.77,60.89,60.89,11398400,0.0,1.0,MCD
2012-11-07,62.8,62.93,62.01,62.13,62.13,5971900,0.0,1.0,MCD
2012-11-06,62.75,63.03,62.68,62.92,62.92,5581600,0.0,1.0,MCD
2012-11-05,62.2,62.68,62.01,62.55,62.55,5039100,0.0,1.0,MCD
2012-11-02,62.48,62.87,62.05,62.13,62.13,7908400,0.0,1.0,MCD
2012-11-01,62.23,62.3,61.8,62.08,62.08,7374900,0.0,1.0,MCD
2012-10-31,62.57,62.61,61.77,62.08,62.08,6899300,0.0,1.0,MCD
2012-10-26,62.55,62.63,61.95,62.02,62.02,7684500,0.0,1.0,MCD
2012-10-25,62.78,62.79,62.2,62.46,62.46,4978800,0.0,1.0,MCD
2012-10-24,63.26,63.26,62.29,62.43,62.43,6498000,0.0,1.0,MCD
2012-10-23,62.95,63.21,62.45,62.91,62.91,7763800,0.0,1.0,MCD
2012-10-22,63.56,63.71,62.83,63.26,63.26,8142400,0.0,1.0,MCD
2012-10-19,64.42,64.55,63.33,63.46,63.46,19495400,0.0,1.0,MCD
2012-10-18,67.0,67.05,66.24,66.42,66.42,6817600,0.0,1.0,MCD
2012-10-17,67.2,67.35,66.7,67.0,67.0,5623700,0.0,1.0,MCD
2012-10-16,67.21,67.3,66.97,67.3,67.3,4678900,0.0,1.0,MCD
2012-10-15,66.36,67.05,66.27,66.87,66.87,5630700,0.0,1.0,MCD
2012-10-12,66.21,66.3,66.05,66.17,66.17,3411100,0.0,1.0,MCD
2012-10-11,66.27,66.52,66.06,66.06,66.06,4274400,0.0,1.0,MCD
2012-10-10,66.47,66.78,66.06,66.09,66.09,6712100,0.0,1.0,MCD
2012-10-09,65.42,66.23,65.39,65.88,65.88,7048900,0.0,1.0,MCD
2012-10-08,65.06,65.55,64.95,65.47,65.47,3894900,0.0,1.0,MCD
2012-10-05,65.44,65.49,64.87,65.09,65.09,4166200,0.0,1.0,MCD
2012-10-04,65.01,65.22,64.79,65.11,65.11,4478300,0.0,1.0,MCD
2012-10-03,65.16,65.27,64.56,64.62,64.62,6337400,0.0,1.0,MCD
2012-10-02,65.92,65.97,64.89,65.04,65.04,5979500,0.0,1.0,MCD
2012-10-01,65.88,66.16,65.72,65.79,65.79,4939800,0.0,1.0,MCD
2012-09-28,65.81,65.81,64.66,65.62,65.62,9523600,0.0,1.0,MCD
2012-09-27,66.79,66.97,66.6,66.71,66.71,3840400,0.0,1.0,MCD
2012-09-26,66.44,66.77,66.43,66.66,66.66,4392000,0.0,1.0,MCD
2012-09-25,67.17,67.23,66.39,66.42,66.42,4714600,0.0,1.0,MCD
2012-09-24,66.75,67.17,66.63,67.02,67.02,3722000,0.0,1.0,MCD
2012-09-21,66.97,67.17,66.8,67.02,67.02,7247700,0.0,1.0,MCD
2012-09-20,66.36,66.66,66.34,66.62,66.62,3981400,0.0,1.0,MCD
2012-09-19,66.69,66.84,66.35,66.4,66.4,3979900,0.0,1.0,MCD
2012-09-18,65.83,66.59,65.8,66.57,66.57,5272900,0.0,1.0,MCD
2012-09-17,65.62,66.11,65.6,65.9,65.9,5294600,0.0,1.0,MCD
2012-09-14,65.71,65.89,65.42,65.59,65.59,6395000,0.0,1.0,MCD
2012-09-13,64.76,65.72,64.76,65.49,65.49,5666500,0.0,1.0,MCD
2012-09-12,65.42,65.55,64.81,64.96,64.96,5363400,0.0,1.0,MCD
2012-09-11,65.71,65.87,65.21,65.23,65.23,5595500,0.0,1.0,MCD
2012-09-10,65.05,65.44,65.01,65.3,65.3,5008200,0.0,1.0,MCD
2012-09-07,65.14,65.14,64.67,65.1,65.1,4889600,0.0,1.0,MCD
2012-09-06,64.08,64.94,64.06,64.85,64.85,5925100,0.0,1.0,MCD
2012-09-05,63.87,63.98,63.55,63.7,63.7,3597800,0.0,1.0,MCD
2012-09-04,64.02,64.02,63.44,63.69,63.69,4287000,0.0,1.0,MCD
2012-08-31,63.68,64.27,63.58,64.01,64.01,6063800,0.0,1.0,MCD
2012-08-30,63.54,63.67,63.37,63.44,63.44,4567900,0.7,1.0,MCD
2012-08-29,63.22,63.73,63.16,63.62,63.62,4292200,0.0,1.0,MCD
2012-08-28,63.47,63.69,63.13,63.26,63.26,4428700,0.0,1.0,MCD
2012-08-27,63.25,63.74,63.16,63.54,63.54,4313800,0.0,1.0,MCD
2012-08-24,62.6,63.16,62.52,63.1,63.1,3508000,0.0,1.0,MCD
2012-08-23,62.92,63.12,62.54,62.63,62.63,3005900,0.0,1.0,MCD
2012-08-22,62.89,63.02,62.63,62.84,62.84,4269000,0.0,1.0,MCD
2012-08-21,62.63,63.16,62.48,62.82,62.82,4414200,0.0,1.0,MCD
2012-08-20,61.86,62.6,61.85,62.57,62.57,4823500,0.0,1.0,MCD
2012-08-17,62.22,62.35,61.94,61.99,61.99,6704300,0.0,1.0,MCD
2012-08-16,62.41,62.48,62.05,62.06,62.06,5568000,0.0,1.0,MCD
2012-08-15,62.64,62.72,62.27,62.31,62.31,4346200,0.0,1.0,MCD
2012-08-14,62.5,62.65,62.39,62.53,62.53,3828200,0.0,1.0,MCD
2012-08-13,62.77,62.79,62.25,62.38,62.38,4308100,0.0,1.0,MCD
2012-08-10,61.92,62.61,61.88,62.59,62.59,5747400,0.0,1.0,MCD
2012-08-09,62.15,62.42,61.8,61.84,61.84,6023500,0.0,1.0,MCD
2012-08-08,61.65,62.43,61.13,62.11,62.11,14424800,0.0,1.0,MCD
2012-08-07,63.66,63.95,63.14,63.16,63.16,5341900,0.0,1.0,MCD
2012-08-06,63.7,64.17,63.51,63.65,63.65,3490200,0.0,1.0,MCD
2012-08-03,63.99,64.12,63.36,63.58,63.58,4873000,0.0,1.0,MCD
2012-08-02,63.21,63.65,62.85,63.58,63.58,4332700,0.0,1.0,MCD
2012-08-01,63.51,63.76,63.37,63.46,63.46,4133600,0.0,1.0,MCD
2012-07-31,63.24,63.7,63.02,63.41,63.41,4596900,0.0,1.0,MCD
2012-07-30,63.38,63.63,63.24,63.39,63.39,4431600,0.0,1.0,MCD
2012-07-27,63.4,63.65,62.91,63.29,63.29,5932500,0.0,1.0,MCD
2012-07-26,63.29,63.49,62.87,63.16,63.16,4517500,0.0,1.0,MCD
2012-07-25,62.7,62.77,62.33,62.48,62.48,4262200,0.0,1.0,MCD
2012-07-24,63.27,63.49,62.18,62.49,62.49,7036800,0.0,1.0,MCD
2012-07-23,63.31,63.76,62.63,63.11,63.11,12127900,0.0,1.0,MCD
2012-07-20,65.35,65.49,64.86,64.99,64.99,7269800,0.0,1.0,MCD
2012-07-19,65.7,66.22,65.32,65.83,65.83,7430800,0.0,1.0,MCD
2012-07-18,64.89,65.45,64.58,65.44,65.44,5962700,0.0,1.0,MCD
2012-07-17,65.28,65.53,64.73,65.21,65.21,3753800,0.0,1.0,MCD
2012-07-16,65.39,65.48,64.93,65.04,65.04,3601300,0.0,1.0,MCD
2012-07-13,65.48,65.78,65.34,65.49,65.49,6163500,0.0,1.0,MCD
2012-07-12,63.35,65.64,63.29,65.24,65.24,11741900,0.0,1.0,MCD
2012-07-11,64.35,64.44,63.16,63.53,63.53,6230300,0.0,1.0,MCD
2012-07-10,63.89,64.48,63.62,64.04,64.04,6615500,0.0,1.0,MCD
2012-07-09,63.61,63.83,63.39,63.73,63.73,3785000,0.0,1.0,MCD
2012-07-06,63.31,63.82,63.24,63.63,63.63,4533200,0.0,1.0,MCD
2012-07-05,63.01,63.85,62.94,63.37,63.37,5794300,0.0,1.0,MCD
2012-07-03,62.6,62.97,62.41,62.86,62.86,4597000,0.0,1.0,MCD
2012-07-02,62.74,62.74,62.2,62.5,62.5,5088100,0.0,1.0,MCD
2012-06-29,63.21,63.29,62.49,62.82,62.82,6364700,0.0,1.0,MCD
2012-06-28,62.46,62.63,62.01,62.58,62.58,4922600,0.0,1.0,MCD
2012-06-27,63.34,63.51,62.48,62.68,62.68,5940300,0.0,1.0,MCD
2012-06-26,62.85,63.46,62.84,63.23,63.23,4488500,0.0,1.0,MCD
2012-06-25,62.45,62.68,62.23,62.53,62.53,4524400,0.0,1.0,MCD
2012-06-22,62.58,62.87,62.43,62.7,62.7,5325400,0.0,1.0,MCD
2012-06-21,63.22,63.26,62.11,62.19,62.19,5762200,0.0,1.0,MCD
2012-06-20,63.58,63.63,62.56,62.91,62.91,7917500,0.0,1.0,MCD
2012-06-19,63.85,64.05,63.31,63.58,63.58,7601600,0.0,1.0,MCD
2012-06-18,64.29,64.31,63.81,64.04,64.04,6343400,0.0,1.0,MCD
2012-06-15,63.97,64.41,63.68,64.22,64.22,9516800,0.0,1.0,MCD
2012-06-14,62.8,63.81,62.53,63.67,63.67,7646300,0.0,1.0,MCD
2012-06-13,61.7,63.11,61.65,62.43,62.43,8838500,0.0,1.0,MCD
2012-06-12,61.74,62.16,61.5,62.1,62.1,7762000,0.0,1.0,MCD
2012-06-11,63.14,63.19,61.45,61.45,61.45,9511900,0.0,1.0,MCD
2012-06-08,61.31,62.64,60.97,62.27,62.27,12060100,0.0,1.0,MCD
2012-06-07,63.58,63.71,62.45,62.72,62.72,8321500,0.0,1.0,MCD
2012-06-06,62.39,62.92,62.05,62.92,62.92,5936000,0.0,1.0,MCD
2012-06-05,61.18,62.03,61.04,61.79,61.79,7237300,0.0,1.0,MCD
2012-06-04,61.45,61.58,61.04,61.26,61.26,7035200,0.0,1.0,MCD
2012-06-01,62.07,62.54,61.38,61.53,61.53,10832500,0.0,1.0,MCD
2012-05-31,63.79,64.05,63.34,63.4,63.4,6816400,0.7,1.0,MCD
2012-05-30,63.65,63.74,63.26,63.45,63.45,5375600,0.0,1.0,MCD
2012-05-29,64.36,64.59,63.56,64.0,64.0,5380300,0.0,1.0,MCD
2012-05-25,64.53,64.64,63.94,64.11,64.11,3681300,0.0,1.0,MCD
2012-05-24,64.68,64.86,63.95,64.45,64.45,5010000,0.0,1.0,MCD
2012-05-23,64.05,64.48,63.84,64.41,64.41,4236500,0.0,1.0,MCD
2012-05-22,64.75,64.75,64.07,64.31,64.31,5063400,0.0,1.0,MCD
2012-05-21,63.38,64.3,63.29,64.26,64.26,6622500,0.0,1.0,MCD
2012-05-18,63.52,64.15,63.15,63.26,63.26,7990700,0.0,1.0,MCD
2012-05-17,64.27,64.48,63.02,63.1,63.1,9094100,0.0,1.0,MCD
2012-05-16,64.16,64.56,64.06,64.38,64.38,4949100,0.0,1.0,MCD
2012-05-15,64.07,64.6,63.97,64.08,64.08,4890300,0.0,1.0,MCD
2012-05-14,64.45,64.56,63.84,63.99,63.99,6050000,0.0,1.0,MCD
2012-05-11,64.56,65.2,64.55,64.71,64.71,5366500,0.0,1.0,MCD
2012-05-10,65.27,65.29,64.59,64.69,64.69,7129500,0.0,1.0,MCD
2012-05-09,65.48,65.55,64.47,64.73,64.73,8975700,0.0,1.0,MCD
2012-05-08,66.12,66.8,65.46,65.87,65.87,12379500,0.0,1.0,MCD
2012-05-07,67.41,67.61,67.03,67.25,67.25,5089700,0.0,1.0,MCD
2012-05-04,68.19,68.19,67.42,67.5,67.5,4688500,0.0,1.0,MCD
2012-05-03,68.63,68.71,68.15,68.33,68.33,3935200,0.0,1.0,MCD
2012-05-02,68.23,68.8,68.23,68.66,68.66,4348300,0.0,1.0,MCD
2012-05-01,68.46,69.01,68.39,68.44,68.44,5297900,0.0,1.0,MCD
2012-04-30,68.73,68.83,68.36,68.62,68.62,4507200,0.0,1.0,MCD
2012-04-27,67.76,68.67,67.45,68.57,68.57,7373300,0.0,1.0,MCD
2012-04-26,66.85,67.64,66.85,67.48,67.48,4741200,0.0,1.0,MCD
2012-04-25,67.0,67.06,66.74,67.05,67.05,5699600,0.0,1.0,MCD
2012-04-24,66.9,67.21,66.29,66.6,66.6,6223800,0.0,1.0,MCD
2012-04-23,67.44,67.55,66.78,67.02,67.02,5217500,0.0,1.0,MCD
2012-04-20,68.24,68.84,67.35,67.55,67.55,11021200,0.0,1.0,MCD
2012-04-19,68.41,68.47,66.28,67.09,67.09,13939100,0.0,1.0,MCD
2012-04-18,68.31,68.99,68.31,68.54,68.54,5388700,0.0,1.0,MCD
2012-04-17,68.24,68.71,68.24,68.38,68.38,7592700,0.0,1.0,MCD
2012-04-16,68.36,68.93,67.82,68.0,68.0,6236300,0.0,1.0,MCD
2012-04-13,68.67,68.86,68.27,68.28,68.28,5223700,0.0,1.0,MCD
2012-04-12,69.51,69.53,68.55,68.75,68.75,5763900,0.0,1.0,MCD
2012-04-11,69.21,69.52,68.65,69.4,69.4,6366600,0.0,1.0,MCD
2012-04-10,69.55,69.55,68.52,68.77,68.77,7581600,0.0,1.0,MCD
2012-04-09,68.82,70.06,68.75,69.62,69.62,6712700,0.0,1.0,MCD
2012-04-05,68.39,69.47,68.35,69.44,69.44,5469400,0.0,1.0,MCD
2012-04-04,69.18,69.4,68.4,68.64,68.64,7768300,0.0,1.0,MCD
2012-04-03,69.22,70.0,69.21,69.99,69.99,5422200,0.0,1.0,MCD
2012-04-02,68.88,69.57,68.78,69.26,69.26,4603000,0.0,1.0,MCD
2012-03-30,68.92,69.18,68.83,69.07,69.07,4429500,0.0,1.0,MCD
2012-03-29,68.26,68.79,68.25,68.75,68.75,4103600,0.0,1.0,MCD
2012-03-28,68.67,68.89,68.34,68.36,68.36,5055400,0.0,1.0,MCD
2012-03-27,68.5,68.88,68.35,68.54,68.54,4877500,0.0,1.0,MCD
2012-03-26,67.71,68.32,67.67,68.28,68.28,5644100,0.0,1.0,MCD
2012-03-23,67.53,67.55,66.98,67.28,67.28,6041500,0.0,1.0,MCD
2012-03-22,67.69,67.93,67.43,67.45,67.45,7721200,0.0,1.0,MCD
2012-03-21,68.67,68.88,68.1,68.1,68.1,6038600,0.0,1.0,MCD
2012-03-20,68.62,68.9,68.35,68.76,68.76,4757100,0.0,1.0,MCD
2012-03-19,68.55,69.07,68.52,68.81,68.81,4634500,0.0,1.0,MCD
2012-03-16,69.3,69.39,68.7,68.76,68.76,7337000,0.0,1.0,MCD
2012-03-15,68.4,69.14,68.4,69.03,69.03,5768200,0.0,1.0,MCD
2012-03-14,68.08,68.61,68.07,68.5,68.5,7209100,0.0,1.0,MCD
2012-03-13,68.29,68.5,67.86,68.14,68.14,6350900,0.0,1.0,MCD
2012-03-12,68.33,68.64,68.0,68.06,68.06,4503100,0.0,1.0,MCD
2012-03-09,68.62,68.72,67.97,68.19,68.19,7808700,0.0,1.0,MCD
2012-03-08,68.3,68.76,67.92,68.27,68.27,16841200,0.0,1.0,MCD
2012-03-07,70.41,70.72,70.09,70.54,70.54,5873500,0.0,1.0,MCD
2012-03-06,69.83,70.55,69.78,70.33,70.33,6713900,0.0,1.0,MCD
2012-03-05,70.0,70.66,69.59,70.37,70.37,6313200,0.0,1.0,MCD
2012-03-02,69.9,70.16,69.68,70.06,70.06,4311700,0.0,1.0,MCD
2012-03-01,69.9,70.19,69.81,69.88,69.88,4086100,0.0,1.0,MCD
2012-02-29,70.31,70.33,69.89,69.9,69.9,5461000,0.0,1.0,MCD
2012-02-28,70.25,70.48,70.06,70.26,70.26,4365800,0.7,1.0,MCD
2012-02-27,69.94,70.44,69.57,70.17,70.17,4044500,0.0,1.0,MCD
2012-02-24,70.45,70.45,69.96,70.14,70.14,3661800,0.0,1.0,MCD
2012-02-23,70.49,70.65,70.2,70.49,70.49,4166500,0.0,1.0,MCD
2012-02-22,70.03,70.45,70.03,70.38,70.38,3918900,0.0,1.0,MCD
2012-02-21,70.01,70.45,69.92,70.26,70.26,4474800,0.0,1.0,MCD
2012-02-17,69.68,70.1,69.51,69.91,69.91,4931700,0.0,1.0,MCD
2012-02-16,68.77,69.53,68.77,69.4,69.4,3996300,0.0,1.0,MCD
2012-02-15,69.68,69.75,68.74,68.95,68.95,5260500,0.0,1.0,MCD
2012-02-14,69.58,69.67,69.19,69.61,69.61,3520800,0.0,1.0,MCD
2012-02-13,69.73,69.87,69.42,69.68,69.68,2971100,0.0,1.0,MCD
2012-02-10,69.59,69.68,69.18,69.55,69.55,3874700,0.0,1.0,MCD
2012-02-09,69.96,70.24,69.71,69.91,69.91,3608800,0.0,1.0,MCD
2012-02-08,70.7,70.82,69.64,69.96,69.96,5433600,0.0,1.0,MCD
2012-02-07,69.62,70.75,69.61,70.56,70.56,6029900,0.0,1.0,MCD
2012-02-06,69.89,69.92,69.46,69.56,69.56,3486600,0.0,1.0,MCD
2012-02-03,69.35,70.11,69.25,69.93,69.93,5600900,0.0,1.0,MCD
2012-02-02,68.7,69.1,68.7,68.96,68.96,3984000,0.0,1.0,MCD
2012-02-01,69.54,69.56,68.77,68.8,68.8,6141300,0.0,1.0,MCD
2012-01-31,69.25,69.4,68.7,69.26,69.26,6574200,0.0,1.0,MCD
2012-01-30,68.55,69.09,68.31,69.01,69.01,6104900,0.0,1.0,MCD
2012-01-27,68.92,69.18,68.77,69.01,69.01,5135000,0.0,1.0,MCD
2012-01-26,69.6,69.72,69.01,69.35,69.35,4607100,0.0,1.0,MCD
2012-01-25,68.81,69.58,68.56,69.38,69.38,7544000,0.0,1.0,MCD
2012-01-24,70.63,70.63,68.81,69.05,69.05,11654100,0.0,1.0,MCD
2012-01-23,71.12,71.24,69.95,70.59,70.59,6059700,0.0,1.0,MCD
2012-01-20,70.89,71.47,70.81,71.14,71.14,5630400,0.0,1.0,MCD
2012-01-19,71.16,71.18,70.41,70.8,70.8,4763300,0.0,1.0,MCD
2012-01-18,70.55,71.23,70.44,71.01,71.01,4844500,0.0,1.0,MCD
2012-01-17,70.33,70.76,69.96,70.31,70.31,4555800,0.0,1.0,MCD
2012-01-13,70.05,70.22,69.65,70.17,70.17,4134800,0.0,1.0,MCD
2012-01-12,70.18,70.38,69.97,70.32,70.32,4022700,0.0,1.0,MCD
2012-01-11,69.66,70.0,69.47,69.87,69.87,4622500,0.0,1.0,MCD
2012-01-10,70.09,70.24,69.47,69.71,69.71,5075400,0.0,1.0,MCD
2012-01-09,70.54,70.57,69.58,69.67,69.67,4433700,0.0,1.0,MCD
2012-01-06,69.98,70.46,69.83,70.34,70.34,6775300,0.0,1.0,MCD
2012-01-05,69.55,70.2,69.0,69.8,69.8,8163800,0.0,1.0,MCD
2012-01-04,69.3,70.13,69.05,69.49,69.49,6754700,0.0,1.0,MCD
2012-01-03,70.85,71.03,69.05,69.11,69.11,8895900,0.0,1.0,MCD
2011-12-30,70.22,70.49,69.96,70.15,70.15,2957200,0.0,1.0,MCD
2011-12-29,69.75,70.62,69.64,70.49,70.49,3986200,0.0,1.0,MCD
2011-12-28,70.43,70.45,69.54,69.63,69.63,3111600,0.0,1.0,MCD
2011-12-27,70.04,70.49,69.92,70.31,70.31,3052100,0.0,1.0,MCD
2011-12-23,69.11,70.03,69.05,70.03,70.03,3516800,0.0,1.0,MCD
2011-12-22,69.39,69.47,68.91,68.94,68.94,4752500,0.0,1.0,MCD
2011-12-21,69.21,69.57,69.01,69.36,69.36,5414500,0.0,1.0,MCD
2011-12-20,68.57,69.17,68.47,69.1,69.1,5981100,0.0,1.0,MCD
2011-12-19,68.47,68.78,67.81,67.99,67.99,5169500,0.0,1.0,MCD
2011-12-16,68.9,68.96,67.88,68.17,68.17,8867300,0.0,1.0,MCD
2011-12-15,68.88,69.07,68.42,68.62,68.62,5558600,0.0,1.0,MCD
2011-12-14,68.35,68.84,67.94,68.25,68.25,6347200,0.0,1.0,MCD
2011-12-13,69.04,69.19,68.35,68.52,68.52,6862400,0.0,1.0,MCD
2011-12-12,68.29,68.89,67.96,68.86,68.86,5804900,0.0,1.0,MCD
2011-12-09,68.29,68.82,68.26,68.54,68.54,5721200,0.0,1.0,MCD
2011-12-08,67.84,68.73,67.63,67.77,67.77,8123000,0.0,1.0,MCD
2011-12-07,67.01,67.58,66.77,67.44,67.44,5137800,0.0,1.0,MCD
2011-12-06,66.75,67.31,66.3,67.13,67.13,5346500,0.0,1.0,MCD
2011-12-05,67.42,67.54,66.48,66.67,66.67,5906900,0.0,1.0,MCD
2011-12-02,67.38,67.45,66.65,66.91,66.91,4023100,0.0,1.0,MCD
2011-12-01,66.73,67.04,66.58,66.77,66.77,4860300,0.0,1.0,MCD
2011-11-30,66.32,66.8,66.17,66.79,66.79,7683300,0.0,1.0,MCD
2011-11-29,65.4,65.58,65.1,65.35,65.35,5648300,0.7,1.0,MCD
2011-11-28,64.68,65.23,64.59,65.07,65.07,6101200,0.0,1.0,MCD
2011-11-25,63.76,64.16,63.71,63.92,63.92,2452400,0.0,1.0,MCD
2011-11-23,64.07,64.2,63.64,63.76,63.76,4555800,0.0,1.0,MCD
2011-11-22,63.78,64.64,63.72,64.3,64.3,4695700,0.0,1.0,MCD
2011-11-21,63.87,64.28,63.31,64.04,64.04,5869400,0.0,1.0,MCD
2011-11-18,64.24,64.54,63.98,64.36,64.36,4791500,0.0,1.0,MCD
2011-11-17,64.64,64.92,63.65,64.05,64.05,5435000,0.0,1.0,MCD
2011-11-16,65.17,65.47,64.59,64.65,64.65,3915600,0.0,1.0,MCD
2011-11-15,65.15,65.87,65.03,65.56,65.56,5577300,0.0,1.0,MCD
2011-11-14,65.48,65.79,65.14,65.28,65.28,3232200,0.0,1.0,MCD
2011-11-11,65.19,65.9,65.14,65.76,65.76,4425500,0.0,1.0,MCD
2011-11-10,64.74,64.88,64.26,64.72,64.72,4189400,0.0,1.0,MCD
2011-11-09,64.83,65.21,64.09,64.3,64.3,6666000,0.0,1.0,MCD
2011-11-08,65.9,66.24,65.12,65.65,65.65,7195500,0.0,1.0,MCD
2011-11-07,65.18,65.72,64.7,65.67,65.67,4646700,0.0,1.0,MCD
2011-11-04,64.43,65.12,64.06,65.11,65.11,5612500,0.0,1.0,MCD
2011-11-03,64.43,64.65,64.04,64.54,64.54,5245400,0.0,1.0,MCD
2011-11-02,64.08,64.43,63.62,64.22,64.22,5421700,0.0,1.0,MCD
2011-11-01,64.06,64.81,63.65,63.79,63.79,6503500,0.0,1.0,MCD
2011-10-31,64.39,65.02,64.39,64.44,64.44,4544600,0.0,1.0,MCD
2011-10-28,64.88,64.99,64.19,64.74,64.74,4942400,0.0,1.0,MCD
2011-10-27,64.76,65.13,63.86,64.9,64.9,7004300,0.0,1.0,MCD
2011-10-26,64.11,64.31,63.07,63.7,63.7,7046500,0.0,1.0,MCD
2011-10-25,63.75,64.45,63.47,63.69,63.69,6465700,0.0,1.0,MCD
2011-10-24,63.9,64.06,63.43,63.86,63.86,6653900,0.0,1.0,MCD
2011-10-21,63.31,64.16,63.22,64.07,64.07,12081700,0.0,1.0,MCD
2011-10-20,62.46,62.57,61.34,61.77,61.77,6969800,0.0,1.0,MCD
2011-10-19,62.41,62.89,61.98,62.2,62.2,5681700,0.0,1.0,MCD
2011-10-18,61.73,62.46,61.22,62.21,62.21,4864000,0.0,1.0,MCD
2011-10-17,62.05,62.39,61.43,61.53,61.53,4321700,0.0,1.0,MCD
2011-10-14,62.45,62.45,61.86,62.42,62.42,3702300,0.0,1.0,MCD
2011-10-13,61.34,62.42,61.27,61.98,61.98,4990800,0.0,1.0,MCD
2011-10-12,62.34,62.34,61.09,61.32,61.32,7847900,0.0,1.0,MCD
2011-10-11,61.65,62.38,61.54,62.0,62.0,6868200,0.0,1.0,MCD
2011-10-10,61.11,61.43,60.8,61.43,61.43,5136400,0.0,1.0,MCD
2011-10-07,60.58,61.05,60.09,60.52,60.52,5509200,0.0,1.0,MCD
2011-10-06,60.0,60.55,59.73,60.46,60.46,5861000,0.0,1.0,MCD
2011-10-05,60.15,60.22,58.92,59.57,59.57,7730400,0.0,1.0,MCD
2011-10-04,59.03,60.1,58.12,60.02,60.02,10700000,0.0,1.0,MCD
2011-10-03,60.68,60.92,59.69,59.7,59.7,9185600,0.0,1.0,MCD
2011-09-30,61.07,62.58,60.94,60.95,60.95,8776100,0.0,1.0,MCD
2011-09-29,62.08,62.34,60.64,61.61,61.61,8145900,0.0,1.0,MCD
2011-09-28,62.28,62.72,61.06,61.09,61.09,7027800,0.0,1.0,MCD
2011-09-27,62.63,63.16,62.04,62.28,62.28,8043200,0.0,1.0,MCD
2011-09-26,61.05,62.09,60.19,62.0,62.0,7515500,0.0,1.0,MCD
2011-09-23,59.75,60.97,59.51,60.64,60.64,7614900,0.0,1.0,MCD
2011-09-22,59.57,60.36,59.06,59.68,59.68,10785600,0.0,1.0,MCD
2011-09-21,61.95,62.27,60.71,60.74,60.74,5777500,0.0,1.0,MCD
2011-09-20,61.93,62.85,61.77,61.98,61.98,7942200,0.0,1.0,MCD
2011-09-19,60.8,61.92,60.75,61.64,61.64,6471600,0.0,1.0,MCD
2011-09-16,61.25,61.6,61.1,61.27,61.27,7594500,0.0,1.0,MCD
2011-09-15,60.76,61.24,60.64,61.12,61.12,6755100,0.0,1.0,MCD
2011-09-14,59.89,60.93,59.3,60.21,60.21,7666600,0.0,1.0,MCD
2011-09-13,59.8,59.89,59.11,59.77,59.77,6598700,0.0,1.0,MCD
2011-09-12,58.71,59.82,58.41,59.82,59.82,8271000,0.0,1.0,MCD
2011-09-09,59.89,60.0,58.05,59.01,59.01,18444800,0.0,1.0,MCD
2011-09-08,61.88,62.46,61.5,61.5,61.5,7330000,0.0,1.0,MCD
2011-09-07,62.1,62.1,61.5,61.97,61.97,7065300,0.0,1.0,MCD
2011-09-06,60.67,61.73,60.43,61.64,61.64,7198400,0.0,1.0,MCD
2011-09-02,62.09,62.41,61.77,61.83,61.83,5250800,0.0,1.0,MCD
2011-09-01,62.65,63.22,62.48,62.51,62.51,5475400,0.0,1.0,MCD
2011-08-31,63.2,63.29,62.48,62.75,62.75,9168400,0.0,1.0,MCD
2011-08-30,62.63,63.31,62.53,63.0,63.0,6311800,0.61,1.0,MCD
2011-08-29,62.46,62.61,62.09,62.59,62.59,6261700,0.0,1.0,MCD
2011-08-26,61.11,62.38,60.55,62.0,62.0,5958600,0.0,1.0,MCD
2011-08-25,62.09,62.36,60.91,61.16,61.16,8671900,0.0,1.0,MCD
2011-08-24,61.4,62.15,61.04,62.13,62.13,8174400,0.0,1.0,MCD
2011-08-23,60.5,61.74,60.49,61.72,61.72,6617100,0.0,1.0,MCD
2011-08-22,60.81,61.28,60.2,60.5,60.5,7087900,0.0,1.0,MCD
2011-08-19,59.16,60.96,59.16,60.13,60.13,11686500,0.0,1.0,MCD
2011-08-18,59.67,60.16,58.38,59.02,59.02,11373500,0.0,1.0,MCD
2011-08-17,60.07,60.33,59.59,60.32,60.32,5407500,0.0,1.0,MCD
2011-08-16,59.6,60.11,59.07,59.75,59.75,5627300,0.0,1.0,MCD
2011-08-15,59.85,59.89,59.12,59.85,59.85,6470400,0.0,1.0,MCD
2011-08-12,59.69,59.93,59.14,59.63,59.63,6531200,0.0,1.0,MCD
2011-08-11,58.41,59.96,58.21,59.48,59.48,11112100,0.0,1.0,MCD
2011-08-10,58.55,58.91,57.64,57.96,57.96,13493400,0.0,1.0,MCD
2011-08-09,57.54,59.31,56.92,59.26,59.26,15364200,0.0,1.0,MCD
2011-08-08,57.65,58.56,56.54,56.61,56.61,14499500,0.0,1.0,MCD
2011-08-05,58.4,58.96,57.05,58.65,58.65,12502600,0.0,1.0,MCD
2011-08-04,58.87,59.6,58.08,58.1,58.1,10708800,0.0,1.0,MCD
2011-08-03,58.67,59.16,58.6,58.97,58.97,7635100,0.0,1.0,MCD
2011-08-02,59.31,59.69,58.62,58.64,58.64,5604800,0.0,1.0,MCD
2011-08-01,60.31,60.31,59.01,59.56,59.56,4400300,0.0,1.0,MCD
2011-07-29,59.39,59.87,59.16,59.62,59.62,5707000,0.0,1.0,MCD
2011-07-28,59.97,60.51,59.75,59.82,59.82,4864300,0.0,1.0,MCD
2011-07-27,60.61,60.79,60.03,60.04,60.04,6668100,0.0,1.0,MCD
2011-07-26,60.71,60.98,60.55,60.68,60.68,4729100,0.0,1.0,MCD
2011-07-25,60.64,61.35,60.51,60.75,60.75,5346000,0.0,1.0,MCD
2011-07-22,61.01,61.75,60.97,61.05,61.05,11408600,0.0,1.0,MCD
2011-07-21,59.75,60.0,59.3,59.66,59.66,6107200,0.0,1.0,MCD
2011-07-20,59.44,59.69,59.22,59.47,59.47,4114100,0.0,1.0,MCD
2011-07-19,59.08,59.47,58.98,59.43,59.43,4672200,0.0,1.0,MCD
2011-07-18,58.93,59.24,58.7,58.87,58.87,5408100,0.0,1.0,MCD
2011-07-15,59.2,59.32,58.54,58.93,58.93,5892000,0.0,1.0,MCD
2011-07-14,59.3,59.6,58.98,59.16,59.16,6764400,0.0,1.0,MCD
2011-07-13,58.77,59.12,58.47,58.57,58.57,6545200,0.0,1.0,MCD
2011-07-12,58.74,59.32,58.58,58.59,58.59,5498200,0.0,1.0,MCD
2011-07-11,58.82,59.19,58.67,58.84,58.84,5288300,0.0,1.0,MCD
2011-07-08,59.01,59.22,58.77,59.01,59.01,5200100,0.0,1.0,MCD
2011-07-07,59.29,59.49,59.05,59.33,59.33,6072300,0.0,1.0,MCD
2011-07-06,59.04,59.48,58.8,59.19,59.19,5810300,0.0,1.0,MCD
2011-07-05,58.88,59.28,58.82,59.04,59.04,5093000,0.0,1.0,MCD
2011-07-01,58.02,59.15,58.01,59.05,59.05,5829700,0.0,1.0,MCD
2011-06-30,58.39,58.54,58.07,58.13,58.13,4968000,0.0,1.0,MCD
2011-06-29,58.19,58.36,57.97,58.3,58.3,7181000,0.0,1.0,MCD
2011-06-28,56.85,58.19,56.82,58.15,58.15,8545100,0.0,1.0,MCD
2011-06-27,56.19,56.87,56.19,56.75,56.75,4528800,0.0,1.0,MCD
2011-06-24,56.73,56.98,56.34,56.42,56.42,6467700,0.0,1.0,MCD
2011-06-23,56.57,56.76,56.12,56.73,56.73,6677400,0.0,1.0,MCD
2011-06-22,57.12,57.28,56.86,56.98,56.98,4543200,0.0,1.0,MCD
2011-06-21,57.06,57.27,56.87,57.08,57.08,5818300,0.0,1.0,MCD
2011-06-20,56.75,57.2,56.61,57.0,57.0,4792800,0.0,1.0,MCD
2011-06-17,56.68,57.03,56.43,56.89,56.89,7279500,0.0,1.0,MCD
2011-06-16,56.1,56.48,55.77,56.4,56.4,5258800,0.0,1.0,MCD
2011-06-15,55.99,56.45,55.92,56.01,56.01,5353600,0.0,1.0,MCD
2011-06-14,55.88,56.43,55.7,56.16,56.16,5246300,0.0,1.0,MCD
2011-06-13,55.45,56.06,55.42,55.65,55.65,4376000,0.0,1.0,MCD
2011-06-10,55.98,56.1,55.34,55.4,55.4,5466200,0.0,1.0,MCD
2011-06-09,55.94,56.26,55.58,56.02,56.02,4540200,0.0,1.0,MCD
2011-06-08,55.27,56.18,55.15,55.94,55.94,7867600,0.0,1.0,MCD
2011-06-07,55.87,56.69,55.81,55.94,55.94,7248900,0.0,1.0,MCD
2011-06-06,55.56,56.16,55.45,55.63,55.63,6132800,0.0,1.0,MCD
2011-06-03,55.22,55.81,55.16,55.52,55.52,5752100,0.0,1.0,MCD
2011-06-02,55.81,56.03,55.47,55.67,55.67,4764400,0.0,1.0,MCD
2011-06-01,56.16,56.35,55.83,55.83,55.83,5700100,0.0,1.0,MCD
2011-05-31,56.62,56.7,56.03,56.21,56.21,7161400,0.0,1.0,MCD
2011-05-27,56.62,56.67,56.03,56.27,56.27,5443300,0.61,1.0,MCD
2011-05-26,56.71,56.77,56.25,56.4,56.4,7160900,0.0,1.0,MCD
2011-05-25,56.5,56.79,56.46,56.6,56.6,6589800,0.0,1.0,MCD
2011-05-24,56.55,56.85,56.39,56.55,56.55,6309900,0.0,1.0,MCD
2011-05-23,55.79,56.59,55.76,56.45,56.45,6550800,0.0,1.0,MCD
2011-05-20,56.65,56.69,56.1,56.34,56.34,4790700,0.0,1.0,MCD
2011-05-19,55.84,56.54,55.68,56.46,56.46,5909600,0.0,1.0,MCD
2011-05-18,55.36,55.77,55.24,55.77,55.77,4373100,0.0,1.0,MCD
2011-05-17,55.22,55.62,55.04,55.38,55.38,6471600,0.0,1.0,MCD
2011-05-16,55.04,55.6,55.04,55.52,55.52,6244100,0.0,1.0,MCD
2011-05-13,55.15,55.36,55.0,55.25,55.25,5220900,0.0,1.0,MCD
2011-05-12,54.26,55.23,54.13,55.19,55.19,6400000,0.0,1.0,MCD
2011-05-11,54.52,54.72,54.17,54.41,54.41,4304800,0.0,1.0,MCD
2011-05-10,54.41,54.64,54.24,54.54,54.54,4375800,0.0,1.0,MCD
2011-05-09,54.37,54.62,54.11,54.27,54.27,6284700,0.0,1.0,MCD
2011-05-06,53.94,54.31,53.82,53.85,53.85,6076200,0.0,1.0,MCD
2011-05-05,53.95,54.18,53.51,53.78,53.78,6407800,0.0,1.0,MCD
2011-05-04,54.0,54.27,53.93,54.11,54.11,5493400,0.0,1.0,MCD
2011-05-03,53.8,54.12,53.72,54.02,54.02,4446300,0.0,1.0,MCD
2011-05-02,53.65,54.01,53.61,53.81,53.81,4021700,0.0,1.0,MCD
2011-04-29,53.4,53.78,53.22,53.58,53.58,4500000,0.0,1.0,MCD
2011-04-28,53.37,53.67,53.04,53.39,53.39,3991900,0.0,1.0,MCD
2011-04-27,52.97,53.35,52.7,53.28,53.28,5745100,0.0,1.0,MCD
2011-04-26,52.83,52.92,52.38,52.65,52.65,4900000,0.0,1.0,MCD
2011-04-25,52.79,52.86,52.37,52.78,52.78,3831600,0.0,1.0,MCD
2011-04-21,52.96,53.16,52.35,52.63,52.63,9424100,0.0,1.0,MCD
2011-04-20,52.81,53.65,52.8,53.65,53.65,7964800,0.0,1.0,MCD
2011-04-19,52.61,52.69,52.3,52.41,52.41,4810600,0.0,1.0,MCD
2011-04-18,52.61,52.93,52.28,52.69,52.69,4937700,0.0,1.0,MCD
2011-04-15,52.89,53.06,52.46,52.95,52.95,4605700,0.0,1.0,MCD
2011-04-14,52.5,52.84,52.31,52.74,52.74,3488700,0.0,1.0,MCD
2011-04-13,52.67,53.0,52.35,52.61,52.61,4862700,0.0,1.0,MCD
2011-04-12,51.89,52.66,51.89,52.46,52.46,4769000,0.0,1.0,MCD
2011-04-11,52.11,52.35,52.0,52.18,52.18,3940500,0.0,1.0,MCD
2011-04-08,52.18,52.26,51.85,52.03,52.03,3693100,0.0,1.0,MCD
2011-04-07,52.24,52.51,51.77,52.01,52.01,5414400,0.0,1.0,MCD
2011-04-06,52.54,52.63,52.32,52.5,52.5,5657400,0.0,1.0,MCD
2011-04-05,52.18,52.51,51.98,52.41,52.41,4274100,0.0,1.0,MCD
2011-04-04,52.22,52.35,52.1,52.27,52.27,3283100,0.0,1.0,MCD
2011-04-01,52.21,52.35,51.92,52.0,52.0,3889000,0.0,1.0,MCD
2011-03-31,51.89,52.31,51.84,52.07,52.07,4505700,0.0,1.0,MCD
2011-03-30,51.66,52.03,51.63,51.87,51.87,3479500,0.0,1.0,MCD
2011-03-29,51.23,51.63,51.23,51.57,51.57,3008700,0.0,1.0,MCD
2011-03-28,51.7,51.75,51.32,51.32,51.32,3081600,0.0,1.0,MCD
2011-03-25,51.32,51.83,51.16,51.49,51.49,4652000,0.0,1.0,MCD
2011-03-24,51.05,51.32,50.97,51.27,51.27,4306800,0.0,1.0,MCD
2011-03-23,50.46,51.08,50.41,51.0,51.0,5057900,0.0,1.0,MCD
2011-03-22,50.64,50.84,50.31,50.55,50.55,4498800,0.0,1.0,MCD
2011-03-21,50.29,50.79,50.21,50.47,50.47,5353700,0.0,1.0,MCD
2011-03-18,50.28,50.49,49.88,49.94,49.94,9184100,0.0,1.0,MCD
2011-03-17,50.72,50.77,50.03,50.23,50.23,6126100,0.0,1.0,MCD
2011-03-16,51.14,51.15,50.07,50.21,50.21,10583900,0.0,1.0,MCD
2011-03-15,50.98,51.78,50.87,51.4,51.4,6933600,0.0,1.0,MCD
2011-03-14,52.07,52.28,51.63,51.78,51.78,7988500,0.0,1.0,MCD
2011-03-11,52.25,52.72,52.0,52.5,52.5,4448900,0.0,1.0,MCD
2011-03-10,51.76,52.86,51.52,52.47,52.47,8157900,0.0,1.0,MCD
2011-03-09,51.79,52.01,51.46,51.85,51.85,5337800,0.0,1.0,MCD
2011-03-08,51.82,52.04,51.3,51.69,51.69,8950300,0.0,1.0,MCD
2011-03-07,52.26,52.85,51.96,52.2,52.2,7954100,0.0,1.0,MCD
2011-03-04,52.08,52.41,51.7,52.02,52.02,5416400,0.0,1.0,MCD
2011-03-03,51.5,52.44,51.44,52.17,52.17,7390100,0.0,1.0,MCD
2011-03-02,51.09,51.18,50.39,51.11,51.11,7835300,0.0,1.0,MCD
2011-03-01,51.81,51.94,51.12,51.24,51.24,9067200,0.0,1.0,MCD
2011-02-28,50.98,51.92,50.98,51.79,51.79,11324600,0.0,1.0,MCD
2011-02-25,51.25,51.55,50.92,50.94,50.94,6499000,0.61,1.0,MCD
2011-02-24,50.89,51.13,50.6,51.05,51.05,7297100,0.0,1.0,MCD
2011-02-23,51.56,51.89,50.62,51.03,51.03,7034000,0.0,1.0,MCD
2011-02-22,51.55,51.88,51.26,51.38,51.38,7034000,0.0,1.0,MCD
2011-02-18,51.64,51.8,51.15,51.67,51.67,5446900,0.0,1.0,MCD
2011-02-17,51.52,51.67,51.38,51.57,51.57,4338400,0.0,1.0,MCD
2011-02-16,51.77,51.81,51.42,51.6,51.6,4058200,0.0,1.0,MCD
2011-02-15,51.49,51.81,51.45,51.68,51.68,3823000,0.0,1.0,MCD
2011-02-14,51.63,51.89,51.47,51.74,51.74,4512800,0.0,1.0,MCD
2011-02-11,51.45,51.74,51.25,51.68,51.68,4597900,0.0,1.0,MCD
2011-02-10,51.57,51.8,51.26,51.42,51.42,5437100,0.0,1.0,MCD
2011-02-09,51.24,51.57,51.03,51.53,51.53,5845000,0.0,1.0,MCD
2011-02-08,50.48,51.56,50.36,51.15,51.15,11855200,0.0,1.0,MCD
2011-02-07,50.31,50.46,49.75,49.85,49.85,11618600,0.0,1.0,MCD
2011-02-04,50.04,50.56,49.98,50.26,50.26,9699700,0.0,1.0,MCD
2011-02-03,50.12,50.41,50.1,50.11,50.11,11126100,0.0,1.0,MCD
2011-02-02,49.88,50.06,49.6,49.98,49.98,5841900,0.0,1.0,MCD
2011-02-01,50.37,50.4,49.68,49.86,49.86,8468900,0.0,1.0,MCD
2011-01-31,50.09,50.21,49.78,50.0,50.0,6372400,0.0,1.0,MCD
2011-01-28,50.48,50.72,49.58,49.74,49.74,9083500,0.0,1.0,MCD
2011-01-27,51.19,51.21,50.45,50.46,50.46,7610900,0.0,1.0,MCD
2011-01-26,51.3,51.38,51.0,51.02,51.02,6669000,0.0,1.0,MCD
2011-01-25,51.27,51.36,50.9,51.23,51.23,6959800,0.0,1.0,MCD
2011-01-24,50.39,51.48,50.33,51.16,51.16,16395500,0.0,1.0,MCD
2011-01-21,51.41,51.41,50.66,50.91,50.91,9825900,0.0,1.0,MCD
2011-01-20,51.17,51.41,50.69,51.01,51.01,8290300,0.0,1.0,MCD
2011-01-19,50.97,51.2,50.73,51.14,51.14,10696700,0.0,1.0,MCD
2011-01-18,50.67,51.15,50.43,50.69,50.69,11228500,0.0,1.0,MCD
2011-01-14,49.14,50.31,48.96,50.26,50.26,10570000,0.0,1.0,MCD
2011-01-13,49.84,49.92,49.18,49.32,49.32,14512600,0.0,1.0,MCD
2011-01-12,50.39,50.41,49.86,49.96,49.96,3108107,0.0,1.0,MCD
2011-01-11,50.12,50.56,49.93,50.16,50.16,8658800,0.0,1.0,MCD
2011-01-10,50.39,50.54,49.9,49.93,49.93,11338600,0.0,1.0,MCD
2011-01-07,50.46,50.62,49.95,50.48,50.48,11271900,0.0,1.0,MCD
2011-01-06,50.84,50.86,50.28,50.37,50.37,11717100,0.0,1.0,MCD
2011-01-05,50.69,50.84,50.43,50.67,50.67,17904000,0.0,1.0,MCD
2011-01-04,51.41,51.52,50.3,50.43,50.43,36471600,0.0,1.0,MCD
2011-01-03,52.33,52.66,51.99,51.99,51.99,8019700,0.0,1.0,MCD
2010-12-31,52.06,52.17,51.81,52.1,52.1,2485100,0.0,1.0,MCD
2010-12-30,52.17,52.29,51.93,52.1,52.1,2565000,0.0,1.0,MCD
2010-12-29,52.09,52.6,52.01,52.25,52.25,3583900,0.0,1.0,MCD
2010-12-28,51.88,52.0,51.54,51.87,51.87,2962900,0.0,1.0,MCD
2010-12-27,52.08,52.09,51.74,51.87,51.87,2612600,0.0,1.0,MCD
2010-12-23,52.27,52.33,52.1,52.23,52.23,2862600,0.0,1.0,MCD
2010-12-22,52.29,52.51,52.2,52.27,52.27,3518100,0.0,1.0,MCD
2010-12-21,52.36,52.36,51.93,52.17,52.17,4286100,0.0,1.0,MCD
2010-12-20,52.23,52.3,52.14,52.21,52.21,4759200,0.0,1.0,MCD
2010-12-17,52.06,52.23,52.0,52.13,52.13,8998800,0.0,1.0,MCD
2010-12-16,52.39,52.39,51.94,52.06,52.06,6483700,0.0,1.0,MCD
2010-12-15,52.42,52.57,52.2,52.25,52.25,6125800,0.0,1.0,MCD
2010-12-14,52.29,52.51,52.2,52.33,52.33,6040400,0.0,1.0,MCD
2010-12-13,52.76,52.78,52.31,52.33,52.33,6926500,0.0,1.0,MCD
2010-12-10,52.7,52.83,52.48,52.64,52.64,5321100,0.0,1.0,MCD
2010-12-09,53.75,53.76,52.57,52.67,52.67,10593300,0.0,1.0,MCD
2010-12-08,53.5,53.58,53.02,53.44,53.44,9359700,0.0,1.0,MCD
2010-12-07,54.27,54.93,54.23,54.53,54.53,7729000,0.0,1.0,MCD
2010-12-06,54.09,54.26,53.89,54.01,54.01,3113700,0.0,1.0,MCD
2010-12-03,53.83,54.15,53.65,54.13,54.13,3611200,0.0,1.0,MCD
2010-12-02,53.94,54.06,53.77,53.88,53.88,4994400,0.0,1.0,MCD
2010-12-01,53.71,54.01,53.69,53.81,53.81,5323300,0.0,1.0,MCD
2010-11-30,52.78,53.43,52.6,53.14,53.14,5558300,0.0,1.0,MCD
2010-11-29,52.9,53.26,52.36,53.12,53.12,4977600,0.61,1.0,MCD
2010-11-26,53.36,53.38,52.89,52.89,52.89,2576700,0.0,1.0,MCD
2010-11-24,53.45,53.65,53.37,53.53,53.53,4465100,0.0,1.0,MCD
2010-11-23,53.24,53.34,52.83,53.21,53.21,5460400,0.0,1.0,MCD
2010-11-22,53.45,53.56,53.24,53.55,53.55,10939500,0.0,1.0,MCD
2010-11-19,53.28,53.65,53.04,53.63,53.63,10866000,0.0,1.0,MCD
2010-11-18,52.95,53.53,52.95,53.22,53.22,11083200,0.0,1.0,MCD
2010-11-17,52.15,52.88,52.15,52.78,52.78,5272800,0.0,1.0,MCD
2010-11-16,52.93,52.96,51.94,52.14,52.14,6751400,0.0,1.0,MCD
2010-11-15,53.19,53.46,53.05,53.25,53.25,3741600,0.0,1.0,MCD
2010-11-12,53.41,53.51,52.62,53.1,53.1,4946900,0.0,1.0,MCD
2010-11-11,53.45,53.78,53.42,53.67,53.67,4438900,0.0,1.0,MCD
2010-11-10,53.25,53.59,52.97,53.54,53.54,4009900,0.0,1.0,MCD
2010-11-09,53.33,53.37,53.01,53.27,53.27,4534300,0.0,1.0,MCD
2010-11-08,53.16,53.47,53.0,53.41,53.41,4865700,0.0,1.0,MCD
2010-11-05,53.47,53.47,53.07,53.41,53.41,5243200,0.0,1.0,MCD
2010-11-04,53.28,53.52,53.1,53.32,53.32,5607000,0.0,1.0,MCD
2010-11-03,52.81,53.01,52.41,52.87,52.87,4060500,0.0,1.0,MCD
2010-11-02,52.79,53.04,52.71,52.8,52.8,3701400,0.0,1.0,MCD
2010-11-01,52.57,52.95,52.11,52.45,52.45,4957800,0.0,1.0,MCD
2010-10-29,52.26,53.81,52.13,52.37,52.37,4335000,0.0,1.0,MCD
2010-10-28,52.34,52.37,51.94,52.18,52.18,5346300,0.0,1.0,MCD
2010-10-27,52.84,52.95,51.86,52.18,52.18,8459200,0.0,1.0,MCD
2010-10-26,52.93,53.2,52.92,53.04,53.04,4030200,0.0,1.0,MCD
2010-10-25,53.2,53.37,52.95,53.0,53.0,4103000,0.0,1.0,MCD
2010-10-22,52.56,53.03,52.43,52.9,52.9,4224000,0.0,1.0,MCD
2010-10-21,52.83,53.53,52.71,52.83,52.83,7697000,0.0,1.0,MCD
2010-10-20,52.04,52.62,51.97,52.13,52.13,6420300,0.0,1.0,MCD
2010-10-19,51.91,52.27,51.64,51.85,51.85,5226000,0.0,1.0,MCD
2010-10-18,52.22,52.49,51.96,52.07,52.07,5375200,0.0,1.0,MCD
2010-10-15,52.17,52.37,51.81,52.18,52.18,6259200,0.0,1.0,MCD
2010-10-14,51.03,51.92,50.96,51.88,51.88,6616400,0.0,1.0,MCD
2010-10-13,51.11,51.23,50.79,51.01,51.01,4370700,0.0,1.0,MCD
2010-10-12,50.99,51.06,50.43,50.9,50.9,4703500,0.0,1.0,MCD
2010-10-11,51.19,51.35,50.69,50.91,50.91,3653400,0.0,1.0,MCD
2010-10-08,51.12,51.39,50.94,51.25,51.25,4118200,0.0,1.0,MCD
2010-10-07,50.85,51.18,50.85,51.09,51.09,4477200,0.0,1.0,MCD
2010-10-06,51.04,51.15,50.78,50.89,50.89,4732700,0.0,1.0,MCD
2010-10-05,50.77,51.16,50.68,51.06,51.06,5680000,0.0,1.0,MCD
2010-10-04,50.45,50.6,50.11,50.48,50.48,3900300,0.0,1.0,MCD
2010-10-01,50.54,50.64,50.2,50.46,50.46,7192400,0.0,1.0,MCD
2010-09-30,50.19,50.49,49.75,50.18,50.18,7237700,0.0,1.0,MCD
2010-09-29,50.22,50.34,50.04,50.14,50.14,4668100,0.0,1.0,MCD
2010-09-28,50.48,50.48,49.98,50.26,50.26,7047500,0.0,1.0,MCD
2010-09-27,50.66,50.77,50.34,50.35,50.35,5957400,0.0,1.0,MCD
2010-09-24,50.78,50.81,50.47,50.58,50.58,5843400,0.0,1.0,MCD
2010-09-23,50.62,50.8,50.23,50.27,50.27,5921600,0.0,1.0,MCD
2010-09-22,50.75,51.03,50.51,50.6,50.6,5141600,0.0,1.0,MCD
2010-09-21,50.72,51.01,50.43,50.85,50.85,5297300,0.0,1.0,MCD
2010-09-20,50.05,50.74,50.04,50.58,50.58,4211200,0.0,1.0,MCD
2010-09-17,50.24,50.37,49.92,50.05,50.05,7933500,0.0,1.0,MCD
2010-09-16,50.25,50.44,50.07,50.37,50.37,5073300,0.0,1.0,MCD
2010-09-15,49.65,50.39,49.64,50.31,50.31,4549400,0.0,1.0,MCD
2010-09-14,50.15,50.22,49.71,49.8,49.8,6543500,0.0,1.0,MCD
2010-09-13,50.68,50.74,49.84,50.22,50.22,7851500,0.0,1.0,MCD
2010-09-10,49.96,50.6,49.96,50.52,50.52,7483900,0.0,1.0,MCD
2010-09-09,50.06,51.24,49.61,50.08,50.08,14615200,0.0,1.0,MCD
2010-09-08,51.14,51.36,51.01,51.24,51.24,6808700,0.0,1.0,MCD
2010-09-07,50.49,51.17,50.46,51.05,51.05,7188700,0.0,1.0,MCD
2010-09-03,50.44,50.74,50.12,50.57,50.57,7328100,0.0,1.0,MCD
2010-09-02,50.34,50.55,50.03,50.52,50.52,5885200,0.0,1.0,MCD
2010-09-01,49.78,50.24,49.65,50.2,50.2,6746800,0.0,1.0,MCD
2010-08-31,48.87,49.38,48.86,49.2,49.2,5598100,0.0,1.0,MCD
2010-08-30,49.37,49.48,48.99,48.99,48.99,4192900,0.55,1.0,MCD
2010-08-27,49.11,49.51,48.7,49.46,49.46,6592900,0.0,1.0,MCD
2010-08-26,49.25,49.3,48.87,48.9,48.9,5215600,0.0,1.0,MCD
2010-08-25,48.33,49.09,48.33,48.92,48.92,6704600,0.0,1.0,MCD
2010-08-24,48.63,48.86,48.25,48.61,48.61,5846200,0.0,1.0,MCD
2010-08-23,49.15,49.42,49.01,49.02,49.02,5404300,0.0,1.0,MCD
2010-08-20,48.71,48.93,48.58,48.85,48.85,5566300,0.0,1.0,MCD
2010-08-19,48.89,49.06,48.43,48.77,48.77,6950500,0.0,1.0,MCD
2010-08-18,48.95,49.34,48.66,48.96,48.96,6030800,0.0,1.0,MCD
2010-08-17,48.18,49.22,47.95,48.94,48.94,7392900,0.0,1.0,MCD
2010-08-16,47.96,48.21,47.82,47.98,47.98,4935700,0.0,1.0,MCD
2010-08-13,47.92,48.44,47.92,48.05,48.05,5937300,0.0,1.0,MCD
2010-08-12,47.48,48.23,47.48,48.17,48.17,5641400,0.0,1.0,MCD
2010-08-11,48.13,48.34,47.79,47.84,47.84,5478000,0.0,1.0,MCD
2010-08-10,48.46,48.78,48.1,48.69,48.69,5689700,0.0,1.0,MCD
2010-08-09,48.4,49.02,48.36,48.74,48.74,8921200,0.0,1.0,MCD
2010-08-06,46.9,47.99,46.8,47.95,47.95,6775300,0.0,1.0,MCD
2010-08-05,47.12,47.12,46.68,47.09,47.09,5441500,0.0,1.0,MCD
2010-08-04,47.04,47.42,46.93,47.25,47.25,4567100,0.0,1.0,MCD
2010-08-03,46.93,47.35,46.83,47.09,47.09,4946000,0.0,1.0,MCD
2010-08-02,47.12,47.12,46.74,46.96,46.96,5873100,0.0,1.0,MCD
2010-07-30,46.07,46.77,45.85,46.61,46.61,5990300,0.0,1.0,MCD
2010-07-29,46.92,46.96,46.05,46.37,46.37,5131700,0.0,1.0,MCD
2010-07-28,46.93,47.04,46.37,46.63,46.63,6708400,0.0,1.0,MCD
2010-07-27,47.48,47.48,46.78,47.06,47.06,6214900,0.0,1.0,MCD
2010-07-26,46.81,47.37,46.72,47.37,47.37,5525400,0.0,1.0,MCD
2010-07-23,47.3,47.57,46.08,46.72,46.72,12238900,0.0,1.0,MCD
2010-07-22,47.13,47.82,47.13,47.72,47.72,6717900,0.0,1.0,MCD
2010-07-21,47.41,47.46,46.55,46.86,46.86,5734400,0.0,1.0,MCD
2010-07-20,46.43,47.43,46.41,47.37,47.37,5474300,0.0,1.0,MCD
2010-07-19,46.77,47.04,46.42,46.73,46.73,5072700,0.0,1.0,MCD
2010-07-16,47.56,47.64,46.69,46.75,46.75,5981000,0.0,1.0,MCD
2010-07-15,47.39,47.76,47.08,47.68,47.68,5470100,0.0,1.0,MCD
2010-07-14,47.12,47.44,46.9,47.39,47.39,4476100,0.0,1.0,MCD
2010-07-13,47.08,47.5,46.87,47.35,47.35,6072100,0.0,1.0,MCD
2010-07-12,46.09,46.79,46.09,46.75,46.75,5420800,0.0,1.0,MCD
2010-07-09,46.17,46.34,45.95,46.27,46.27,4513000,0.0,1.0,MCD
2010-07-08,45.32,46.22,45.15,46.13,46.13,7871200,0.0,1.0,MCD
2010-07-07,44.17,45.03,44.12,44.99,44.99,6623200,0.0,1.0,MCD
2010-07-06,44.46,44.85,43.87,44.19,44.19,5940700,0.0,1.0,MCD
2010-07-02,44.62,44.78,44.09,44.21,44.21,5280600,0.0,1.0,MCD
2010-07-01,44.6,44.72,43.65,44.59,44.59,10924400,0.0,1.0,MCD
2010-06-30,44.31,44.68,43.98,44.03,44.03,7204900,0.0,1.0,MCD
2010-06-29,44.52,44.64,44.17,44.42,44.42,8715200,0.0,1.0,MCD
2010-06-28,45.17,45.38,44.95,45.0,45.0,4427700,0.0,1.0,MCD
2010-06-25,45.26,45.65,45.03,45.06,45.06,8041700,0.0,1.0,MCD
2010-06-24,45.74,45.81,45.19,45.27,45.27,5942800,0.0,1.0,MCD
2010-06-23,46.0,46.32,45.77,45.87,45.87,5443200,0.0,1.0,MCD
2010-06-22,46.79,47.04,45.82,45.88,45.88,5487700,0.0,1.0,MCD
2010-06-21,46.97,47.12,46.63,46.73,46.73,5203100,0.0,1.0,MCD
2010-06-18,46.96,47.07,46.66,46.71,46.71,8817900,0.0,1.0,MCD
2010-06-17,47.16,47.18,46.37,46.82,46.82,7014900,0.0,1.0,MCD
2010-06-16,46.83,47.12,46.79,46.98,46.98,4548500,0.0,1.0,MCD
2010-06-15,46.75,47.12,46.69,47.06,47.06,6419900,0.0,1.0,MCD
2010-06-14,46.75,46.77,46.32,46.32,46.32,4525300,0.0,1.0,MCD
2010-06-11,46.03,46.49,45.95,46.48,46.48,5367100,0.0,1.0,MCD
2010-06-10,46.11,46.39,45.93,46.37,46.37,6743600,0.0,1.0,MCD
2010-06-09,45.91,46.05,45.48,45.63,45.63,8921800,0.0,1.0,MCD
2010-06-08,44.89,45.75,43.99,45.7,45.7,13565800,0.0,1.0,MCD
2010-06-07,44.54,45.33,44.28,44.62,44.62,9808400,0.0,1.0,MCD
2010-06-04,44.66,45.51,44.46,44.58,44.58,7558000,0.0,1.0,MCD
2010-06-03,45.32,45.62,45.08,45.35,45.35,4402500,0.0,1.0,MCD
2010-06-02,44.47,45.32,44.25,45.3,45.3,5750400,0.0,1.0,MCD
2010-06-01,44.27,44.99,44.14,44.36,44.36,5367700,0.0,1.0,MCD
2010-05-28,44.94,45.2,44.62,44.7,44.7,7164800,0.0,1.0,MCD
2010-05-27,44.39,44.92,44.13,44.92,44.92,9728000,0.55,1.0,MCD
2010-05-26,45.01,45.12,43.76,43.76,43.76,11525200,0.0,1.0,MCD
2010-05-25,44.15,44.98,43.89,44.98,44.98,9257900,0.0,1.0,MCD
2010-05-24,44.98,45.42,44.59,44.86,44.86,6733300,0.0,1.0,MCD
2010-05-21,44.47,45.11,43.46,44.99,44.99,12614800,0.0,1.0,MCD
2010-05-20,45.44,45.98,44.84,44.86,44.86,13571000,0.0,1.0,MCD
2010-05-19,46.18,46.38,45.68,46.01,46.01,7814300,0.0,1.0,MCD
2010-05-18,46.76,46.95,46.3,46.42,46.42,6897800,0.0,1.0,MCD
2010-05-17,46.29,46.57,45.98,46.5,46.5,7467000,0.0,1.0,MCD
2010-05-14,46.59,46.71,45.81,46.14,46.14,9111400,0.0,1.0,MCD
2010-05-13,46.88,47.27,46.71,46.74,46.74,5734000,0.0,1.0,MCD
2010-05-12,46.89,47.03,46.51,46.85,46.85,5655500,0.0,1.0,MCD
2010-05-11,46.52,47.14,46.49,46.73,46.73,6709900,0.0,1.0,MCD
2010-05-10,46.45,47.1,46.24,46.79,46.79,10903300,0.0,1.0,MCD
2010-05-07,45.76,45.96,44.7,45.09,45.09,15280700,0.0,1.0,MCD
2010-05-06,46.71,47.4,44.74,46.02,46.02,16489600,0.0,1.0,MCD
2010-05-05,46.67,47.11,46.49,46.85,46.85,9577700,0.0,1.0,MCD
2010-05-04,47.17,47.27,46.61,46.83,46.83,7240200,0.0,1.0,MCD
2010-05-03,46.99,47.63,46.84,47.35,47.35,5990600,0.0,1.0,MCD
2010-04-30,47.42,47.54,46.67,46.8,46.8,6966600,0.0,1.0,MCD
2010-04-29,46.79,47.54,46.79,47.42,47.42,7357400,0.0,1.0,MCD
2010-04-28,46.73,46.89,46.25,46.63,46.63,7589400,0.0,1.0,MCD
2010-04-27,46.88,47.29,46.67,46.76,46.76,8154400,0.0,1.0,MCD
2010-04-26,47.2,47.34,46.89,47.08,47.08,1774200,0.0,1.0,MCD
2010-04-23,47.2,47.3,46.92,47.17,47.17,1819700,0.0,1.0,MCD
2010-04-22,46.57,47.38,46.49,47.09,47.09,7139600,0.0,1.0,MCD
2010-04-21,46.82,47.2,46.44,46.65,46.65,10738100,0.0,1.0,MCD
2010-04-20,46.4,46.8,46.38,46.63,46.63,7340300,0.0,1.0,MCD
2010-04-19,45.75,46.39,45.74,46.36,46.36,7157900,0.0,1.0,MCD
2010-04-16,45.82,45.93,45.3,45.77,45.77,7876100,0.0,1.0,MCD
2010-04-15,45.95,46.07,45.73,45.85,45.85,4767200,0.0,1.0,MCD
2010-04-14,45.86,46.1,45.78,46.02,46.02,6193000,0.0,1.0,MCD
2010-04-13,45.53,45.78,45.29,45.69,45.69,5652600,0.0,1.0,MCD
2010-04-12,45.59,45.65,45.33,45.43,45.43,4025000,0.0,1.0,MCD
2010-04-09,45.52,45.59,45.18,45.53,45.53,5622100,0.0,1.0,MCD
2010-04-08,45.02,45.77,45.0,45.59,45.59,7141000,0.0,1.0,MCD
2010-04-07,44.95,45.17,44.59,44.88,44.88,6623700,0.0,1.0,MCD
2010-04-06,44.93,45.06,44.85,44.96,44.96,3318300,0.0,1.0,MCD
2010-04-05,44.92,45.21,44.92,45.1,45.1,4875200,0.0,1.0,MCD
2010-04-01,44.46,44.89,44.46,44.8,44.8,5474200,0.0,1.0,MCD
2010-03-31,44.52,44.68,44.17,44.23,44.23,5765600,0.0,1.0,MCD
2010-03-30,44.49,44.74,44.37,44.58,44.58,5093500,0.0,1.0,MCD
2010-03-29,44.72,44.74,44.15,44.47,44.47,6522600,0.0,1.0,MCD
2010-03-26,44.48,44.72,44.37,44.59,44.59,5984100,0.0,1.0,MCD
2010-03-25,44.51,44.71,44.31,44.35,44.35,5705600,0.0,1.0,MCD
2010-03-24,44.41,44.55,44.14,44.29,44.29,6363700,0.0,1.0,MCD
2010-03-23,44.51,44.65,44.31,44.65,44.65,8057700,0.0,1.0,MCD
2010-03-22,43.8,44.59,43.69,44.43,44.43,7386400,0.0,1.0,MCD
2010-03-19,44.35,44.36,43.76,44.11,44.11,10230100,0.0,1.0,MCD
2010-03-18,44.07,44.25,44.0,44.21,44.21,6206700,0.0,1.0,MCD
2010-03-17,43.91,44.05,43.67,44.01,44.01,4818800,0.0,1.0,MCD
2010-03-16,43.9,43.92,43.62,43.8,43.8,5705600,0.0,1.0,MCD
2010-03-15,43.56,43.88,43.55,43.71,43.71,5715100,0.0,1.0,MCD
2010-03-12,43.4,43.74,43.33,43.44,43.44,6601700,0.0,1.0,MCD
2010-03-11,42.96,43.23,42.87,43.23,43.23,4350400,0.0,1.0,MCD
2010-03-10,43.11,43.25,42.91,43.05,43.05,6900200,0.0,1.0,MCD
2010-03-09,43.09,43.42,42.99,43.16,43.16,7126900,0.0,1.0,MCD
2010-03-08,42.7,43.45,42.58,43.17,43.17,11825600,0.0,1.0,MCD
2010-03-05,42.24,42.27,41.93,42.21,42.21,8154600,0.0,1.0,MCD
2010-03-04,42.19,42.29,41.97,42.05,42.05,5958200,0.0,1.0,MCD
2010-03-03,42.6,42.66,42.07,42.19,42.19,6396100,0.0,1.0,MCD
2010-03-02,42.71,42.71,42.37,42.48,42.48,6271700,0.0,1.0,MCD
2010-03-01,42.42,42.52,42.21,42.42,42.42,6320300,0.0,1.0,MCD
2010-02-26,42.74,42.91,42.33,42.33,42.33,8288400,0.0,1.0,MCD
2010-02-25,42.62,42.85,42.27,42.68,42.68,8500000,0.55,1.0,MCD
2010-02-24,42.7,43.09,42.58,42.9,42.9,7579700,0.0,1.0,MCD
2010-02-23,42.58,42.76,42.53,42.64,42.64,7485700,0.0,1.0,MCD
2010-02-22,42.68,42.68,42.49,42.58,42.58,4274900,0.0,1.0,MCD
2010-02-19,42.37,42.66,42.27,42.56,42.56,5622600,0.0,1.0,MCD
2010-02-18,42.14,42.48,42.07,42.39,42.39,4975800,0.0,1.0,MCD
2010-02-17,42.21,42.3,41.92,42.24,42.24,5424600,0.0,1.0,MCD
2010-02-16,41.74,42.19,41.6,42.08,42.08,7090200,0.0,1.0,MCD
2010-02-12,41.55,42.0,41.54,41.8,41.8,6749800,0.0,1.0,MCD
2010-02-11,41.58,41.97,41.11,41.93,41.93,7478900,0.0,1.0,MCD
2010-02-10,41.77,41.96,41.39,41.58,41.58,6161300,0.0,1.0,MCD
2010-02-09,41.51,41.97,41.26,41.79,41.79,10131500,0.0,1.0,MCD
2010-02-08,41.73,41.94,41.36,41.36,41.36,6975100,0.0,1.0,MCD
2010-02-05,42.12,42.29,41.17,41.66,41.66,14007600,0.0,1.0,MCD
2010-02-04,42.85,42.91,42.08,42.11,42.11,10868400,0.0,1.0,MCD
2010-02-03,42.49,43.22,42.47,42.87,42.87,13695300,0.0,1.0,MCD
2010-02-02,41.99,42.1,41.64,42.09,42.09,7271400,0.0,1.0,MCD
2010-02-01,41.3,42.05,41.3,42.0,42.0,8062700,0.0,1.0,MCD
2010-01-29,41.3,41.56,41.01,41.04,41.04,7589600,0.0,1.0,MCD
2010-01-28,41.97,41.99,41.25,41.3,41.3,8560100,0.0,1.0,MCD
2010-01-27,41.85,42.07,41.61,41.89,41.89,8080800,0.0,1.0,MCD
2010-01-26,41.25,42.07,41.25,41.95,41.95,9292700,0.0,1.0,MCD
2010-01-25,41.64,41.81,41.36,41.47,41.47,6382200,0.0,1.0,MCD
2010-01-22,41.56,42.58,41.29,41.67,41.67,15645900,0.0,1.0,MCD
2010-01-21,41.39,41.81,41.28,41.55,41.55,11724100,0.0,1.0,MCD
2010-01-20,41.74,41.81,41.25,41.42,41.42,6996800,0.0,1.0,MCD
2010-01-19,41.35,41.95,41.26,41.73,41.73,8551500,0.0,1.0,MCD
2010-01-15,41.2,41.4,40.79,40.94,40.94,9429100,0.0,1.0,MCD
2010-01-14,41.12,41.24,40.81,41.18,41.18,7095600,0.0,1.0,MCD
2010-01-13,41.32,41.6,41.12,41.14,41.14,8623000,0.0,1.0,MCD
2010-01-12,40.78,41.19,40.76,41.19,41.19,7199400,0.0,1.0,MCD
2010-01-11,40.77,41.04,40.66,40.97,40.97,6081300,0.0,1.0,MCD
2010-01-08,40.93,41.03,40.49,40.65,40.65,6107300,0.0,1.0,MCD
2010-01-07,40.26,40.98,40.17,40.69,40.69,7517700,0.0,1.0,MCD
2010-01-06,40.89,41.03,40.14,40.39,40.39,10551300,0.0,1.0,MCD
2010-01-05,41.19,41.25,40.88,40.95,40.95,7099000,0.0,1.0,MCD
2010-01-04,41.17,41.46,40.96,41.27,41.27,5839300,0.0,1.0,MCD
2009-12-31,41.39,41.46,41.01,41.05,41.05,4495300,0.0,1.0,MCD
2009-12-30,41.71,41.84,41.29,41.34,41.34,6776100,0.0,1.0,MCD
2009-12-29,41.86,42.02,41.78,41.8,41.8,2628900,0.0,1.0,MCD
2009-12-28,41.7,41.87,41.51,41.81,41.81,2389400,0.0,1.0,MCD
2009-12-24,41.64,41.88,41.58,41.69,41.69,2577300,0.0,1.0,MCD
2009-12-23,41.39,41.86,41.13,41.65,41.65,5889700,0.0,1.0,MCD
2009-12-22,41.2,41.47,41.19,41.39,41.39,3418500,0.0,1.0,MCD
2009-12-21,40.91,41.47,40.85,41.19,41.19,4625700,0.0,1.0,MCD
2009-12-18,40.75,41.04,40.74,40.87,40.87,9854100,0.0,1.0,MCD
2009-12-17,40.91,41.07,40.7,40.7,40.7,5418500,0.0,1.0,MCD
2009-12-16,40.97,41.24,40.71,41.03,41.03,5647100,0.0,1.0,MCD
2009-12-15,40.91,41.04,40.68,40.76,40.76,4952700,0.0,1.0,MCD
2009-12-14,40.92,41.02,40.64,40.85,40.85,5632900,0.0,1.0,MCD
2009-12-11,40.34,40.7,40.22,40.53,40.53,5864400,0.0,1.0,MCD
2009-12-10,40.09,40.33,39.9,40.13,40.13,8035900,0.0,1.0,MCD
2009-12-09,39.92,40.12,39.66,39.84,39.84,10911800,0.0,1.0,MCD
2009-12-08,39.74,40.04,39.47,39.84,39.84,14696700,0.0,1.0,MCD
2009-12-07,40.53,40.93,40.29,40.71,40.71,9036800,0.0,1.0,MCD
2009-12-04,41.06,41.22,40.19,40.49,40.49,9497500,0.0,1.0,MCD
2009-12-03,41.17,41.32,40.72,40.74,40.74,10761500,0.0,1.0,MCD
2009-12-02,41.74,41.97,41.08,41.09,41.09,10518400,0.0,1.0,MCD
2009-12-01,41.83,42.1,41.75,41.77,41.77,9614400,0.0,1.0,MCD
2009-11-30,41.91,41.91,41.43,41.58,41.58,6566200,0.0,1.0,MCD
2009-11-27,41.4,41.98,41.4,41.81,41.81,3557900,0.55,1.0,MCD
2009-11-25,41.98,42.1,41.89,42.0,42.0,7602400,0.0,1.0,MCD
2009-11-24,41.72,41.9,41.23,41.85,41.85,8274400,0.0,1.0,MCD
2009-11-23,41.91,41.91,41.5,41.7,41.7,6871700,0.0,1.0,MCD
2009-11-20,41.29,41.83,41.22,41.69,41.69,8850700,0.0,1.0,MCD
2009-11-19,41.67,41.67,41.09,41.33,41.33,5848400,0.0,1.0,MCD
2009-11-18,41.46,41.7,41.2,41.7,41.7,6986500,0.0,1.0,MCD
2009-11-17,41.93,42.02,41.35,41.43,41.43,8589300,0.0,1.0,MCD
2009-11-16,41.66,42.2,41.52,42.06,42.06,12109900,0.0,1.0,MCD
2009-11-13,40.56,41.58,40.52,41.44,41.44,9692300,0.0,1.0,MCD
2009-11-12,40.88,40.93,40.4,40.52,40.52,6417500,0.0,1.0,MCD
2009-11-11,40.85,41.12,40.7,40.95,40.95,6643100,0.0,1.0,MCD
2009-11-10,40.73,40.9,40.39,40.59,40.59,7408400,0.0,1.0,MCD
2009-11-09,40.58,40.98,40.49,40.82,40.82,10517300,0.0,1.0,MCD
2009-11-06,39.79,40.52,39.77,40.22,40.22,10795100,0.0,1.0,MCD
2009-11-05,39.4,40.08,39.29,40.07,40.07,11000400,0.0,1.0,MCD
2009-11-04,38.78,39.66,38.58,39.29,39.29,12294800,0.0,1.0,MCD
2009-11-03,38.33,38.8,38.33,38.61,38.61,6562000,0.0,1.0,MCD
2009-11-02,38.35,38.8,38.19,38.56,38.56,7583300,0.0,1.0,MCD
2009-10-30,38.51,38.78,38.16,38.2,38.2,9878800,0.0,1.0,MCD
2009-10-29,38.44,38.6,38.19,38.54,38.54,6950800,0.0,1.0,MCD
2009-10-28,38.22,38.66,38.19,38.22,38.22,8752500,0.0,1.0,MCD
2009-10-27,38.6,38.63,38.09,38.46,38.46,8336600,0.0,1.0,MCD
2009-10-26,38.78,39.07,38.53,38.58,38.58,9020300,0.0,1.0,MCD
2009-10-23,38.78,38.85,38.46,38.73,38.73,7629500,0.0,1.0,MCD
2009-10-22,39.02,39.49,38.51,38.78,38.78,24641000,0.0,1.0,MCD
2009-10-21,38.32,38.52,37.8,38.02,38.02,9619500,0.0,1.0,MCD
2009-10-20,38.84,38.88,38.2,38.4,38.4,7608600,0.0,1.0,MCD
2009-10-19,38.43,38.75,38.33,38.63,38.63,7560600,0.0,1.0,MCD
2009-10-16,37.85,38.6,37.84,38.31,38.31,9980400,0.0,1.0,MCD
2009-10-15,37.32,37.96,37.32,37.93,37.93,8141000,0.0,1.0,MCD
2009-10-14,37.41,37.75,37.4,37.47,37.47,7580200,0.0,1.0,MCD
2009-10-13,36.96,37.34,36.94,37.18,37.18,6164500,0.0,1.0,MCD
2009-10-12,37.1,37.5,36.87,36.94,36.94,8550100,0.0,1.0,MCD
2009-10-09,36.85,37.0,36.52,36.95,36.95,10227800,0.0,1.0,MCD
2009-10-08,37.45,37.55,37.02,37.06,37.06,8713600,0.0,1.0,MCD
2009-10-07,37.3,37.51,36.97,37.24,37.24,7284400,0.0,1.0,MCD
2009-10-06,36.97,37.57,36.97,37.44,37.44,7164800,0.0,1.0,MCD
2009-10-05,37.08,37.15,36.69,36.89,36.89,8040800,0.0,1.0,MCD
2009-10-02,36.67,37.27,36.56,36.96,36.96,8862000,0.0,1.0,MCD
2009-10-01,37.14,37.24,36.8,36.98,36.98,10006000,0.0,1.0,MCD
2009-09-30,37.12,37.36,36.64,37.19,37.19,9826300,0.0,1.0,MCD
2009-09-29,37.27,37.58,37.18,37.26,37.26,7542100,0.0,1.0,MCD
2009-09-28,37.3,37.58,37.2,37.26,37.26,7784200,0.0,1.0,MCD
2009-09-25,36.81,37.45,36.77,37.12,37.12,11279900,0.0,1.0,MCD
2009-09-24,36.29,36.75,36.2,36.57,36.57,9271400,0.0,1.0,MCD
2009-09-23,36.42,36.67,36.17,36.2,36.2,8589400,0.0,1.0,MCD
2009-09-22,36.82,36.82,36.22,36.37,36.37,8013300,0.0,1.0,MCD
2009-09-21,36.85,36.99,36.39,36.59,36.59,9820100,0.0,1.0,MCD
2009-09-18,36.89,37.15,36.69,37.15,37.15,14364400,0.0,1.0,MCD
2009-09-17,36.76,36.97,36.53,36.8,36.8,9719900,0.0,1.0,MCD
2009-09-16,36.03,36.91,35.84,36.8,36.8,17384000,0.0,1.0,MCD
2009-09-15,35.58,36.03,35.3,35.83,35.83,14272000,0.0,1.0,MCD
2009-09-14,35.26,35.41,35.11,35.34,35.34,10273400,0.0,1.0,MCD
2009-09-11,35.92,35.92,35.34,35.45,35.45,12205600,0.0,1.0,MCD
2009-09-10,36.01,36.1,35.68,35.75,35.75,12450400,0.0,1.0,MCD
2009-09-09,35.92,36.18,35.64,35.9,35.9,17822200,0.0,1.0,MCD
2009-09-08,36.76,36.9,36.5,36.64,36.64,7479600,0.0,1.0,MCD
2009-09-04,36.24,36.65,36.11,36.59,36.59,4877700,0.0,1.0,MCD
2009-09-03,36.2,36.24,35.88,36.22,36.22,5680000,0.0,1.0,MCD
2009-09-02,36.26,36.3,35.64,36.09,36.09,6959000,0.0,1.0,MCD
2009-09-01,36.53,36.76,36.14,36.26,36.26,7785000,0.0,1.0,MCD
2009-08-31,36.33,36.65,36.27,36.65,36.65,7888500,0.0,1.0,MCD
2009-08-28,37.16,37.18,36.34,36.54,36.54,8683600,0.5,1.0,MCD
2009-08-27,36.86,36.94,36.56,36.6,36.6,8462900,0.0,1.0,MCD
2009-08-26,36.48,36.96,36.37,36.82,36.82,8253300,0.0,1.0,MCD
2009-08-25,36.29,36.66,36.27,36.46,36.46,7442300,0.0,1.0,MCD
2009-08-24,36.42,36.42,35.98,36.12,36.12,6638900,0.0,1.0,MCD
2009-08-21,36.5,36.57,36.21,36.35,36.35,7671200,0.0,1.0,MCD
2009-08-20,36.02,36.34,35.95,36.26,36.26,5522000,0.0,1.0,MCD
2009-08-19,35.66,36.17,35.6,35.95,35.95,7963800,0.0,1.0,MCD
2009-08-18,35.25,35.7,35.16,35.7,35.7,10305500,0.0,1.0,MCD
2009-08-17,35.38,35.69,35.21,35.21,35.21,10440700,0.0,1.0,MCD
2009-08-14,35.97,36.04,35.42,35.7,35.7,7705200,0.0,1.0,MCD
2009-08-13,36.46,36.59,35.89,36.03,36.03,9925900,0.0,1.0,MCD
2009-08-12,36.12,36.58,36.02,36.34,36.34,7223000,0.0,1.0,MCD
2009-08-11,36.21,36.41,36.08,36.19,36.19,8713800,0.0,1.0,MCD
2009-08-10,36.04,36.49,36.01,36.35,36.35,11008600,0.0,1.0,MCD
2009-08-07,35.59,35.79,35.39,35.66,35.66,8137200,0.0,1.0,MCD
2009-08-06,35.66,35.69,35.31,35.42,35.42,10248700,0.0,1.0,MCD
2009-08-05,35.61,35.68,35.4,35.59,35.59,9426200,0.0,1.0,MCD
2009-08-04,35.73,35.84,35.47,35.53,35.53,11782200,0.0,1.0,MCD
2009-08-03,35.6,35.78,35.32,35.61,35.61,10607000,0.0,1.0,MCD
2009-07-31,35.91,36.04,35.48,35.57,35.57,13519700,0.0,1.0,MCD
2009-07-30,36.57,36.62,35.88,35.91,35.91,13845700,0.0,1.0,MCD
2009-07-29,36.34,36.79,36.3,36.44,36.44,8002500,0.0,1.0,MCD
2009-07-28,36.11,36.63,36.04,36.48,36.48,8744700,0.0,1.0,MCD
2009-07-27,36.32,36.37,35.98,36.15,36.15,7792100,0.0,1.0,MCD
2009-07-24,36.43,36.48,36.01,36.23,36.23,12337100,0.0,1.0,MCD
2009-07-23,36.81,36.94,35.93,36.23,36.23,34243500,0.0,1.0,MCD
2009-07-22,37.81,38.49,37.78,38.0,38.0,9146200,0.0,1.0,MCD
2009-07-21,37.8,37.9,37.41,37.87,37.87,7748400,0.0,1.0,MCD
2009-07-20,37.61,37.79,37.45,37.65,37.65,8093200,0.0,1.0,MCD
2009-07-17,37.04,37.5,36.99,37.36,37.36,9767400,0.0,1.0,MCD
2009-07-16,36.94,37.03,36.77,36.96,36.96,10080300,0.0,1.0,MCD
2009-07-15,37.13,37.14,36.63,36.87,36.87,11899500,0.0,1.0,MCD
2009-07-14,36.97,37.15,36.73,37.12,37.12,6670400,0.0,1.0,MCD
2009-07-13,36.87,37.16,36.54,36.99,36.99,7057400,0.0,1.0,MCD
2009-07-10,36.54,37.29,36.54,36.85,36.85,6739400,0.0,1.0,MCD
2009-07-09,36.98,37.01,36.35,36.67,36.67,7793600,0.0,1.0,MCD
2009-07-08,36.88,36.94,36.46,36.85,36.85,10771500,0.0,1.0,MCD
2009-07-07,37.47,37.47,36.66,36.69,36.69,8192600,0.0,1.0,MCD
2009-07-06,36.87,37.62,36.69,37.46,37.46,7533100,0.0,1.0,MCD
2009-07-02,37.27,37.36,36.98,37.13,37.13,6970800,0.0,1.0,MCD
2009-07-01,37.24,37.82,37.24,37.61,37.61,5733500,0.0,1.0,MCD
2009-06-30,37.01,37.56,36.96,37.14,37.14,7334500,0.0,1.0,MCD
2009-06-29,36.94,37.05,36.56,36.97,36.97,6641600,0.0,1.0,MCD
2009-06-26,37.07,37.08,36.66,36.82,36.82,8195100,0.0,1.0,MCD
2009-06-25,36.31,37.27,36.27,37.12,37.12,7841400,0.0,1.0,MCD
2009-06-24,36.87,36.88,36.2,36.37,36.37,7297500,0.0,1.0,MCD
2009-06-23,37.17,37.21,36.59,36.66,36.66,7329300,0.0,1.0,MCD
2009-06-22,37.34,37.48,36.9,36.95,36.95,7651100,0.0,1.0,MCD
2009-06-19,37.73,38.0,37.47,37.58,37.58,9602400,0.0,1.0,MCD
2009-06-18,37.18,38.0,36.96,37.57,37.57,6944300,0.0,1.0,MCD
2009-06-17,36.96,37.54,36.96,37.06,37.06,7216600,0.0,1.0,MCD
2009-06-16,37.41,37.41,36.7,36.87,36.87,8714200,0.0,1.0,MCD
2009-06-15,37.53,37.56,36.97,37.32,37.32,7538200,0.0,1.0,MCD
2009-06-12,37.29,37.78,37.14,37.7,37.7,7063000,0.0,1.0,MCD
2009-06-11,37.67,37.92,37.23,37.25,37.25,9316200,0.0,1.0,MCD
2009-06-10,38.5,38.51,37.38,37.7,37.7,9999800,0.0,1.0,MCD
2009-06-09,38.12,38.47,37.95,38.16,38.16,7947200,0.0,1.0,MCD
2009-06-08,37.84,38.23,37.3,37.93,37.93,14756100,0.0,1.0,MCD
2009-06-05,39.02,39.07,38.34,38.67,38.67,10285700,0.0,1.0,MCD
2009-06-04,39.18,39.18,38.63,38.91,38.91,10236900,0.5,1.0,MCD
2009-06-03,38.34,39.09,38.28,39.07,39.07,10424500,0.0,1.0,MCD
2009-06-02,38.16,38.93,38.11,38.68,38.68,9332000,0.0,1.0,MCD
2009-06-01,37.91,38.43,37.75,38.34,38.34,7746100,0.0,1.0,MCD
2009-05-29,37.34,37.82,36.96,37.79,37.79,8060100,0.0,1.0,MCD
2009-05-28,37.09,37.54,36.77,37.24,37.24,8402400,0.0,1.0,MCD
2009-05-27,37.59,37.77,37.01,37.04,37.04,10434900,0.0,1.0,MCD
2009-05-26,36.5,37.75,36.38,37.7,37.7,12256200,0.0,1.0,MCD
2009-05-22,35.82,36.96,35.68,36.57,36.57,10726600,0.0,1.0,MCD
2009-05-21,35.67,36.04,35.38,35.68,35.68,10264600,0.0,1.0,MCD
2009-05-20,35.35,36.52,35.25,36.04,36.04,15246900,0.0,1.0,MCD
2009-05-19,34.81,34.89,34.41,34.51,34.51,6328800,0.0,1.0,MCD
2009-05-18,34.28,34.77,33.98,34.72,34.72,8250700,0.0,1.0,MCD
2009-05-15,34.26,34.94,33.98,34.25,34.25,8267800,0.0,1.0,MCD
2009-05-14,34.18,34.67,34.11,34.32,34.32,8224700,0.0,1.0,MCD
2009-05-13,34.29,34.54,34.04,34.27,34.27,8666900,0.0,1.0,MCD
2009-05-12,35.07,35.11,34.11,34.58,34.58,8466800,0.0,1.0,MCD
2009-05-11,35.13,35.13,34.62,34.85,34.85,9664600,0.0,1.0,MCD
2009-05-08,35.3,35.52,34.92,35.18,35.18,13643700,0.0,1.0,MCD
2009-05-07,34.61,34.83,33.92,34.2,34.2,11227100,0.0,1.0,MCD
2009-05-06,34.31,34.98,34.2,34.4,34.4,12329300,0.0,1.0,MCD
2009-05-05,33.95,34.37,33.94,34.06,34.06,12381900,0.0,1.0,MCD
2009-05-04,33.88,34.58,33.63,33.81,33.81,12988600,0.0,1.0,MCD
2009-05-01,34.09,34.09,33.16,33.57,33.57,11163900,0.0,1.0,MCD
2009-04-30,35.05,35.39,34.02,34.14,34.14,11167400,0.0,1.0,MCD
2009-04-29,35.29,35.35,34.72,34.86,34.86,8888000,0.0,1.0,MCD
2009-04-28,34.63,35.45,34.59,34.93,34.93,7438000,0.0,1.0,MCD
2009-04-27,34.53,35.17,34.45,34.91,34.91,8146900,0.0,1.0,MCD
2009-04-24,35.34,35.52,34.63,34.79,34.79,9941100,0.0,1.0,MCD
2009-04-23,35.08,35.56,34.6,35.43,35.43,9877400,0.0,1.0,MCD
2009-04-22,35.74,36.2,34.72,34.76,34.76,12701000,0.0,1.0,MCD
2009-04-21,35.59,35.97,35.2,35.64,35.64,8925900,0.0,1.0,MCD
2009-04-20,35.56,35.74,35.33,35.45,35.45,7181800,0.0,1.0,MCD
2009-04-17,35.29,36.14,35.11,35.93,35.93,11687400,0.0,1.0,MCD
2009-04-16,34.69,35.14,34.47,35.04,35.04,8563500,0.0,1.0,MCD
2009-04-15,34.63,34.71,33.97,34.56,34.56,12180300,0.0,1.0,MCD
2009-04-14,35.75,35.81,34.93,35.12,35.12,8601200,0.0,1.0,MCD
2009-04-13,36.09,36.3,35.81,35.95,35.95,5506400,0.0,1.0,MCD
2009-04-09,36.06,36.69,35.98,36.31,36.31,7291800,0.0,1.0,MCD
2009-04-08,35.53,35.77,35.27,35.59,35.59,5825800,0.0,1.0,MCD
2009-04-07,35.65,35.73,34.98,35.49,35.49,7128900,0.0,1.0,MCD
2009-04-06,36.18,36.27,35.62,35.84,35.84,6494800,0.0,1.0,MCD
2009-04-03,36.0,36.29,35.59,36.29,36.29,7175700,0.0,1.0,MCD
2009-04-02,35.84,36.56,35.64,36.1,36.1,8797600,0.0,1.0,MCD
2009-04-01,34.79,35.45,34.51,35.39,35.39,8279200,0.0,1.0,MCD
2009-03-31,34.79,35.46,34.77,34.96,34.96,9044500,0.0,1.0,MCD
2009-03-30,34.59,34.7,33.97,34.54,34.54,8702800,0.0,1.0,MCD
2009-03-27,35.53,35.81,35.13,35.24,35.24,6636500,0.0,1.0,MCD
2009-03-26,35.55,35.93,35.09,35.91,35.91,11095700,0.0,1.0,MCD
2009-03-25,34.63,35.26,34.11,35.24,35.24,10880900,0.0,1.0,MCD
2009-03-24,35.24,35.24,34.2,34.25,34.25,9836100,0.0,1.0,MCD
2009-03-23,34.58,35.34,34.02,35.34,35.34,10846700,0.0,1.0,MCD
2009-03-20,34.9,35.38,33.92,34.08,34.08,13789400,0.0,1.0,MCD
2009-03-19,35.65,35.77,34.79,35.05,35.05,10356000,0.0,1.0,MCD
2009-03-18,34.22,35.59,34.22,35.5,35.5,12896800,0.0,1.0,MCD
2009-03-17,33.12,34.4,32.9,34.36,34.36,13657500,0.0,1.0,MCD
2009-03-16,33.73,33.91,33.03,33.12,33.12,9883400,0.0,1.0,MCD
2009-03-13,33.77,33.94,33.23,33.56,33.56,11354900,0.0,1.0,MCD
2009-03-12,32.69,33.59,32.36,33.42,33.42,15302200,0.0,1.0,MCD
2009-03-11,33.72,33.92,32.47,32.69,32.69,16622700,0.0,1.0,MCD
2009-03-10,33.85,34.27,33.36,33.7,33.7,17334300,0.0,1.0,MCD
2009-03-09,33.12,34.25,32.87,33.52,33.52,17924500,0.0,1.0,MCD
2009-03-06,32.83,33.44,32.61,33.39,33.39,18185800,0.0,1.0,MCD
2009-03-05,33.54,33.63,32.31,32.58,32.58,15550300,0.0,1.0,MCD
2009-03-04,34.02,34.4,33.5,34.05,34.05,11618400,0.0,1.0,MCD
2009-03-03,33.4,34.32,33.4,33.59,33.59,14878300,0.0,1.0,MCD
2009-03-02,33.19,33.72,32.85,33.22,33.22,13245200,0.0,1.0,MCD
2009-02-27,32.99,33.9,32.99,33.47,33.47,13381500,0.0,1.0,MCD
2009-02-26,34.97,35.04,33.35,33.44,33.44,10170800,0.5,1.0,MCD
2009-02-25,34.52,35.0,34.22,34.45,34.45,11531100,0.0,1.0,MCD
2009-02-24,34.41,34.86,34.22,34.75,34.75,10903500,0.0,1.0,MCD
2009-02-23,34.74,35.15,34.07,34.18,34.18,10856700,0.0,1.0,MCD
2009-02-20,34.83,35.05,34.3,34.63,34.63,13541100,0.0,1.0,MCD
2009-02-19,35.49,36.24,35.1,35.1,35.1,9524500,0.0,1.0,MCD
2009-02-18,35.54,35.89,35.25,35.8,35.8,9489500,0.0,1.0,MCD
2009-02-17,35.47,35.8,35.07,35.33,35.33,9744100,0.0,1.0,MCD
2009-02-13,36.21,36.54,35.97,36.05,36.05,6976700,0.0,1.0,MCD
2009-02-12,36.04,36.2,35.3,36.15,36.15,12798000,0.0,1.0,MCD
2009-02-11,36.61,36.71,35.94,36.22,36.22,9579700,0.0,1.0,MCD
2009-02-10,37.44,37.45,36.09,36.35,36.35,13322500,0.0,1.0,MCD
2009-02-09,37.46,37.71,36.84,37.45,37.45,12359600,0.0,1.0,MCD
2009-02-06,36.88,37.65,36.88,37.1,37.1,10788700,0.0,1.0,MCD
2009-02-05,36.49,37.17,36.21,37.03,37.03,11066500,0.0,1.0,MCD
2009-02-04,37.55,37.93,36.49,36.72,36.72,9266600,0.0,1.0,MCD
2009-02-03,36.99,37.54,36.29,37.36,37.36,8104300,0.0,1.0,MCD
2009-02-02,36.56,37.08,36.46,36.74,36.74,7652100,0.0,1.0,MCD
2009-01-30,37.12,37.27,36.41,36.82,36.82,9660800,0.0,1.0,MCD
2009-01-29,37.3,37.48,36.82,36.89,36.89,9559400,0.0,1.0,MCD
2009-01-28,37.88,37.88,37.0,37.57,37.57,11110700,0.0,1.0,MCD
2009-01-27,37.31,37.58,37.0,37.13,37.13,9992800,0.0,1.0,MCD
2009-01-26,36.34,37.23,35.82,37.06,37.06,14106700,0.0,1.0,MCD
2009-01-23,36.32,37.26,36.01,36.82,36.82,10266100,0.0,1.0,MCD
2009-01-22,36.85,37.73,36.61,37.26,37.26,10969400,0.0,1.0,MCD
2009-01-21,36.79,37.4,36.27,37.25,37.25,10261400,0.0,1.0,MCD
2009-01-20,37.81,37.95,36.11,36.21,36.21,11930300,0.0,1.0,MCD
2009-01-16,37.27,38.06,37.15,37.86,37.86,12445800,0.0,1.0,MCD
2009-01-15,36.3,37.18,35.88,36.79,36.79,12166300,0.0,1.0,MCD
2009-01-14,37.13,37.2,35.8,36.38,36.38,15340200,0.0,1.0,MCD
2009-01-13,38.27,38.58,37.33,37.64,37.64,9082600,0.0,1.0,MCD
2009-01-12,38.14,38.85,37.92,38.18,38.18,8682900,0.0,1.0,MCD
2009-01-09,38.52,38.68,37.98,38.12,38.12,7150700,0.0,1.0,MCD
2009-01-08,38.6,38.6,37.88,38.4,38.4,9382300,0.0,1.0,MCD
2009-01-07,39.3,39.7,38.61,38.86,38.86,7910400,0.0,1.0,MCD
2009-01-06,40.61,40.9,39.24,39.43,39.43,10855700,0.0,1.0,MCD
2009-01-05,40.14,40.51,39.91,40.33,40.33,7692900,0.0,1.0,MCD
2009-01-02,39.58,40.69,39.47,40.45,40.45,8652700,0.0,1.0,MCD
2008-12-31,39.11,39.59,38.91,39.46,39.46,6230500,0.0,1.0,MCD
2008-12-30,38.63,39.18,38.33,39.18,39.18,5801000,0.0,1.0,MCD
2008-12-29,38.7,38.94,37.94,38.32,38.32,5785900,0.0,1.0,MCD
2008-12-26,39.03,39.07,38.6,38.75,38.75,2410100,0.0,1.0,MCD
2008-12-24,38.66,39.12,38.63,38.89,38.89,818300,0.0,1.0,MCD
2008-12-23,39.1,39.43,38.4,38.49,38.49,2252000,0.0,1.0,MCD
2008-12-22,38.28,38.96,38.12,38.96,38.96,9064900,0.0,1.0,MCD
2008-12-19,39.27,39.45,38.18,38.28,38.28,15966600,0.0,1.0,MCD
2008-12-18,39.99,39.99,38.65,38.89,38.89,11393600,0.0,1.0,MCD
2008-12-17,39.73,40.35,39.46,39.74,39.74,10869400,0.0,1.0,MCD
2008-12-16,38.8,39.98,38.65,39.93,39.93,13487700,0.0,1.0,MCD
2008-12-15,38.51,38.85,38.07,38.51,38.51,7964700,0.0,1.0,MCD
2008-12-12,37.83,38.82,37.77,38.45,38.45,9827700,0.0,1.0,MCD
2008-12-11,38.77,39.63,38.47,38.63,38.63,11650300,0.0,1.0,MCD
2008-12-10,38.21,39.3,37.92,39.13,39.13,11410900,0.0,1.0,MCD
2008-12-09,38.47,38.69,37.46,37.87,37.87,13459500,0.0,1.0,MCD
2008-12-08,40.2,40.61,38.33,38.66,38.66,16959100,0.0,1.0,MCD
2008-12-05,38.14,39.89,37.15,39.8,39.8,17843400,0.0,1.0,MCD
2008-12-04,37.59,39.39,37.29,38.61,38.61,16996200,0.0,1.0,MCD
2008-12-03,36.02,37.97,35.85,37.79,37.79,13454300,0.0,1.0,MCD
2008-12-02,36.09,36.65,35.18,36.2,36.2,10215700,0.0,1.0,MCD
2008-12-01,36.85,37.27,35.53,35.64,35.64,11077100,0.0,1.0,MCD
2008-11-28,36.57,37.43,36.21,37.28,37.28,3916400,0.0,1.0,MCD
2008-11-26,35.32,36.84,35.09,36.74,36.74,9377800,0.5,1.0,MCD
2008-11-25,35.55,35.93,34.5,35.74,35.74,14759300,0.0,1.0,MCD
2008-11-24,34.94,35.55,34.6,34.92,34.92,13472900,0.0,1.0,MCD
2008-11-21,33.77,34.73,32.18,34.7,34.7,20692500,0.0,1.0,MCD
2008-11-20,34.43,35.42,33.08,33.29,33.29,15883200,0.0,1.0,MCD
2008-11-19,35.39,36.45,34.77,34.88,34.88,16144600,0.0,1.0,MCD
2008-11-18,34.62,36.01,34.48,35.55,35.55,12905200,0.0,1.0,MCD
2008-11-17,35.17,35.93,34.92,34.99,34.99,11272300,0.0,1.0,MCD
2008-11-14,34.81,36.68,34.37,35.31,35.31,12851700,0.0,1.0,MCD
2008-11-13,34.07,35.42,32.72,35.39,35.39,15680700,0.0,1.0,MCD
2008-11-12,34.86,35.39,33.82,33.99,33.99,10940200,0.0,1.0,MCD
2008-11-11,35.48,35.87,34.99,35.41,35.41,9076000,0.0,1.0,MCD
2008-11-10,35.96,36.55,35.17,35.53,35.53,8925000,0.0,1.0,MCD
2008-11-07,33.93,35.14,33.93,34.9,34.9,8600900,0.0,1.0,MCD
2008-11-06,34.92,35.77,33.62,34.08,34.08,11095900,0.0,1.0,MCD
2008-11-05,36.19,36.53,35.07,35.23,35.23,8465100,0.0,1.0,MCD
2008-11-04,36.35,36.64,35.48,36.35,36.35,10601300,0.0,1.0,MCD
2008-11-03,36.45,37.07,35.6,35.88,35.88,7761600,0.0,1.0,MCD
2008-10-31,36.41,36.67,35.51,36.45,36.45,11162900,0.0,1.0,MCD
2008-10-30,37.09,37.43,35.77,36.41,36.41,11118200,0.0,1.0,MCD
2008-10-29,35.62,37.71,35.24,35.97,35.97,17848100,0.0,1.0,MCD
2008-10-28,33.19,35.69,32.86,35.62,35.62,13517600,0.0,1.0,MCD
2008-10-27,33.64,34.17,32.49,32.56,32.56,12073500,0.0,1.0,MCD
2008-10-24,32.97,34.32,32.53,33.38,33.38,13436300,0.0,1.0,MCD
2008-10-23,34.85,35.43,33.07,34.97,34.97,13355600,0.0,1.0,MCD
2008-10-22,34.7,35.34,33.72,34.09,34.09,17950300,0.0,1.0,MCD
2008-10-21,35.48,36.44,34.45,34.68,34.68,10833400,0.0,1.0,MCD
2008-10-20,34.52,35.77,34.15,35.76,35.76,8881100,0.0,1.0,MCD
2008-10-17,33.66,35.31,33.09,33.85,33.85,11572900,0.0,1.0,MCD
2008-10-16,32.73,34.77,31.96,34.26,34.26,17272200,0.0,1.0,MCD
2008-10-15,34.59,35.28,32.29,32.43,32.43,13075100,0.0,1.0,MCD
2008-10-14,37.32,37.65,34.38,35.24,35.24,17389100,0.0,1.0,MCD
2008-10-13,34.8,36.25,34.45,36.02,36.02,14492500,0.0,1.0,MCD
2008-10-10,31.48,36.35,28.81,33.56,33.56,33087500,0.0,1.0,MCD
2008-10-09,34.6,35.05,32.77,32.77,32.77,17219700,0.0,1.0,MCD
2008-10-08,33.51,35.12,33.5,33.6,33.6,20739700,0.0,1.0,MCD
2008-10-07,37.08,37.08,33.17,34.58,34.58,15343700,0.0,1.0,MCD
2008-10-06,37.11,37.65,34.89,35.96,35.96,16078600,0.0,1.0,MCD
2008-10-03,39.57,39.61,37.76,37.89,37.89,11059100,0.0,1.0,MCD
2008-10-02,40.04,40.2,38.48,38.93,38.93,10905400,0.0,1.0,MCD
2008-10-01,38.49,40.28,38.29,40.05,40.05,12381800,0.0,1.0,MCD
2008-09-30,38.56,38.84,37.67,38.82,38.82,12966800,0.0,1.0,MCD
2008-09-29,39.69,39.94,37.66,37.85,37.85,12665100,0.0,1.0,MCD
2008-09-26,39.04,39.85,39.04,39.76,39.76,8277400,0.0,1.0,MCD
2008-09-25,38.87,39.45,38.87,39.18,39.18,8920800,0.0,1.0,MCD
2008-09-24,39.01,39.42,38.19,38.65,38.65,8890200,0.0,1.0,MCD
2008-09-23,39.4,40.58,38.57,38.87,38.87,11455600,0.0,1.0,MCD
2008-09-22,40.0,40.74,39.14,39.37,39.37,12146400,0.0,1.0,MCD
2008-09-19,40.68,41.19,40.01,40.25,40.25,13907400,0.0,1.0,MCD
2008-09-18,39.87,40.41,39.06,40.24,40.24,13208400,0.0,1.0,MCD
2008-09-17,40.18,40.78,39.25,39.33,39.33,13401200,0.0,1.0,MCD
2008-09-16,39.94,40.94,39.7,40.45,40.45,15780900,0.0,1.0,MCD
2008-09-15,40.09,40.81,39.69,40.09,40.09,11333200,0.0,1.0,MCD
2008-09-12,40.34,40.81,39.99,40.3,40.3,9374700,0.0,1.0,MCD
2008-09-11,39.36,40.67,39.17,40.62,40.62,13363300,0.0,1.0,MCD
2008-09-10,39.87,40.12,39.38,39.76,39.76,8683800,0.0,1.0,MCD
2008-09-09,39.64,40.67,39.63,39.76,39.76,14469800,0.0,1.0,MCD
2008-09-08,38.54,39.32,38.33,39.27,39.27,10431000,0.0,1.0,MCD
2008-09-05,37.62,38.04,37.47,37.94,37.94,8913000,0.0,1.0,MCD
2008-09-04,38.7,38.72,37.72,37.76,37.76,7760100,0.0,1.0,MCD
2008-09-03,39.72,39.73,38.5,38.83,38.83,10104800,0.0,1.0,MCD
2008-09-02,39.25,40.45,39.25,39.58,39.58,9658900,0.0,1.0,MCD
2008-08-29,39.48,39.6,38.89,39.04,39.04,5955700,0.0,1.0,MCD
2008-08-28,39.22,39.6,38.82,39.57,39.57,5762500,0.375,1.0,MCD
2008-08-27,39.14,39.14,38.38,38.83,38.83,4890800,0.0,1.0,MCD
2008-08-26,38.82,38.94,38.28,38.86,38.86,5547000,0.0,1.0,MCD
2008-08-25,39.53,39.53,38.71,38.83,38.83,5997600,0.0,1.0,MCD
2008-08-22,39.21,39.96,39.21,39.66,39.66,5611000,0.0,1.0,MCD
2008-08-21,38.73,39.31,38.71,38.97,38.97,5135300,0.0,1.0,MCD
2008-08-20,39.18,39.19,38.75,39.04,39.04,4626500,0.0,1.0,MCD
2008-08-19,39.4,39.41,38.93,39.06,39.06,5645300,0.0,1.0,MCD
2008-08-18,39.96,40.17,39.42,39.58,39.58,6953500,0.0,1.0,MCD
2008-08-15,40.11,40.24,39.54,39.79,39.79,5169800,0.0,1.0,MCD
2008-08-14,39.18,40.21,38.78,39.78,39.78,9297900,0.0,1.0,MCD
2008-08-13,40.03,40.08,38.74,39.26,39.26,12390700,0.0,1.0,MCD
2008-08-12,40.78,40.92,39.79,39.99,39.99,13159200,0.0,1.0,MCD
2008-08-11,40.68,41.9,40.51,41.25,41.25,14801100,0.0,1.0,MCD
2008-08-08,39.02,41.43,38.49,41.07,41.07,27536700,0.0,1.0,MCD
2008-08-07,38.71,39.44,38.34,38.69,38.69,12579200,0.0,1.0,MCD
2008-08-06,38.71,39.04,38.41,38.86,38.86,9689800,0.0,1.0,MCD
2008-08-05,38.02,39.03,37.95,38.98,38.98,13334700,0.0,1.0,MCD
2008-08-04,37.42,38.12,37.38,37.87,37.87,6068600,0.0,1.0,MCD
2008-08-01,37.42,37.84,37.17,37.38,37.38,7167600,0.0,1.0,MCD
2008-07-31,37.65,38.14,37.33,37.39,37.39,6960100,0.0,1.0,MCD
2008-07-30,37.56,38.01,37.46,37.81,37.81,7740100,0.0,1.0,MCD
2008-07-29,36.46,37.52,36.25,37.34,37.34,10151700,0.0,1.0,MCD
2008-07-28,36.71,36.95,36.09,36.14,36.14,7273300,0.0,1.0,MCD
2008-07-25,36.64,37.52,36.49,36.68,36.68,7949000,0.0,1.0,MCD
2008-07-24,36.71,37.06,36.27,36.5,36.5,8440300,0.0,1.0,MCD
2008-07-23,38.27,38.28,36.6,37.31,37.31,15047600,0.0,1.0,MCD
2008-07-22,37.21,37.9,37.21,37.6,37.6,9622000,0.0,1.0,MCD
2008-07-21,37.75,38.09,37.02,37.37,37.37,8614800,0.0,1.0,MCD
2008-07-18,37.78,38.15,37.47,37.8,37.8,7258000,0.0,1.0,MCD
2008-07-17,37.4,38.14,36.91,37.76,37.76,9482400,0.0,1.0,MCD
2008-07-16,36.6,37.74,36.4,37.62,37.62,10214600,0.0,1.0,MCD
2008-07-15,35.97,37.19,35.85,36.62,36.62,9576300,0.0,1.0,MCD
2008-07-14,36.2,36.59,35.97,36.33,36.33,7040200,0.0,1.0,MCD
2008-07-11,36.2,36.5,35.77,35.85,35.85,9801500,0.0,1.0,MCD
2008-07-10,36.99,37.09,36.36,36.55,36.55,8735000,0.0,1.0,MCD
2008-07-09,36.71,37.21,36.45,37.06,37.06,10559700,0.0,1.0,MCD
2008-07-08,36.09,36.69,35.85,36.6,36.6,9710800,0.0,1.0,MCD
2008-07-07,35.91,36.28,35.42,35.87,35.87,8011800,0.0,1.0,MCD
2008-07-03,36.02,36.2,35.19,35.77,35.77,5833800,0.0,1.0,MCD
2008-07-02,35.9,36.54,35.76,35.92,35.92,9864800,0.0,1.0,MCD
2008-07-01,34.99,35.87,34.74,35.83,35.83,12089100,0.0,1.0,MCD
2008-06-30,35.46,35.92,34.72,35.16,35.16,12268500,0.0,1.0,MCD
2008-06-27,35.42,35.77,34.5,35.34,35.34,14277700,0.0,1.0,MCD
2008-06-26,35.95,36.34,35.28,35.3,35.3,10465900,0.0,1.0,MCD
2008-06-25,35.86,36.52,35.51,36.3,36.3,8294300,0.0,1.0,MCD
2008-06-24,35.55,36.15,35.07,35.66,35.66,9697500,0.0,1.0,MCD
2008-06-23,36.12,36.3,35.61,35.65,35.65,7033900,0.0,1.0,MCD
2008-06-20,35.99,36.59,35.87,35.9,35.9,10426900,0.0,1.0,MCD
2008-06-19,36.32,36.88,36.19,36.64,36.64,6060400,0.0,1.0,MCD
2008-06-18,36.87,37.15,36.3,36.4,36.4,6248700,0.0,1.0,MCD
2008-06-17,37.69,37.73,36.94,37.03,37.03,5305400,0.0,1.0,MCD
2008-06-16,37.17,37.71,37.14,37.49,37.49,4520700,0.0,1.0,MCD
2008-06-13,37.28,37.73,37.15,37.49,37.49,5033700,0.0,1.0,MCD
2008-06-12,36.89,37.43,36.85,37.11,37.11,6261300,0.0,1.0,MCD
2008-06-11,37.38,37.38,36.67,36.74,36.74,6613400,0.0,1.0,MCD
2008-06-10,36.91,37.78,36.91,37.38,37.38,9083100,0.0,1.0,MCD
2008-06-09,36.5,37.25,36.27,37.09,37.09,11668400,0.0,1.0,MCD
2008-06-06,36.07,36.16,35.55,35.62,35.62,7365800,0.0,1.0,MCD
2008-06-05,36.25,36.59,36.13,36.3,36.3,7715900,0.375,1.0,MCD
2008-06-04,35.82,36.43,35.69,36.03,36.03,7601500,0.0,1.0,MCD
2008-06-03,36.48,36.61,35.55,35.77,35.77,9189000,0.0,1.0,MCD
2008-06-02,36.74,36.78,36.08,36.38,36.38,4930300,0.0,1.0,MCD
2008-05-30,37.0,37.06,36.54,36.86,36.86,5132200,0.0,1.0,MCD
2008-05-29,36.48,37.18,36.42,36.96,36.96,4506500,0.0,1.0,MCD
2008-05-28,36.27,36.69,36.26,36.47,36.47,5481600,0.0,1.0,MCD
2008-05-27,35.96,36.33,35.76,36.11,36.11,5896100,0.0,1.0,MCD
2008-05-23,36.27,36.27,35.61,35.87,35.87,5778800,0.0,1.0,MCD
2008-05-22,36.51,36.82,36.3,36.37,36.37,5111000,0.0,1.0,MCD
2008-05-21,37.14,37.26,36.3,36.53,36.53,7842600,0.0,1.0,MCD
2008-05-20,37.46,37.56,36.75,37.08,37.08,8618600,0.0,1.0,MCD
2008-05-19,37.76,37.82,37.53,37.56,37.56,4924600,0.0,1.0,MCD
2008-05-16,37.82,37.87,37.45,37.61,37.61,5691000,0.0,1.0,MCD
2008-05-15,37.53,37.83,37.07,37.82,37.82,6108400,0.0,1.0,MCD
2008-05-14,38.12,38.22,37.45,37.56,37.56,8562500,0.0,1.0,MCD
2008-05-13,37.84,38.38,37.76,38.01,38.01,6601200,0.0,1.0,MCD
2008-05-12,36.85,37.93,36.85,37.82,37.82,6268300,0.0,1.0,MCD
2008-05-09,36.7,37.02,36.7,36.81,36.81,5219400,0.0,1.0,MCD
2008-05-08,37.12,37.16,36.53,37.14,37.14,7987700,0.0,1.0,MCD
2008-05-07,37.53,37.71,36.82,36.9,36.9,6222700,0.0,1.0,MCD
2008-05-06,37.71,37.72,37.34,37.59,37.59,5146500,0.0,1.0,MCD
2008-05-05,37.88,37.9,37.47,37.82,37.82,5311900,0.0,1.0,MCD
2008-05-02,37.84,38.05,37.78,37.87,37.87,7353400,0.0,1.0,MCD
2008-05-01,37.0,37.86,36.88,37.86,37.86,6954300,0.0,1.0,MCD
2008-04-30,37.29,37.66,37.0,37.02,37.02,8486600,0.0,1.0,MCD
2008-04-29,37.05,37.59,36.76,37.41,37.41,7821800,0.0,1.0,MCD
2008-04-28,37.13,37.28,36.79,37.03,37.03,7705100,0.0,1.0,MCD
2008-04-25,37.13,37.27,36.82,37.08,37.08,7969600,0.0,1.0,MCD
2008-04-24,36.44,37.21,36.22,37.02,37.02,7197200,0.0,1.0,MCD
2008-04-23,36.3,36.94,36.1,36.47,36.47,8813400,0.0,1.0,MCD
2008-04-22,36.0,36.52,35.68,36.26,36.26,10915900,0.0,1.0,MCD
2008-04-21,36.41,36.46,36.07,36.46,36.46,6179000,0.0,1.0,MCD
2008-04-18,35.77,36.33,35.76,36.23,36.23,6762700,0.0,1.0,MCD
2008-04-17,35.42,35.68,35.33,35.62,35.62,5394100,0.0,1.0,MCD
2008-04-16,34.93,35.54,34.61,35.53,35.53,7441300,0.0,1.0,MCD
2008-04-15,34.67,34.88,34.59,34.77,34.77,6655700,0.0,1.0,MCD
2008-04-14,34.48,34.68,34.32,34.51,34.51,3883200,0.0,1.0,MCD
2008-04-11,34.43,34.7,34.26,34.43,34.43,5331500,0.0,1.0,MCD
2008-04-10,34.93,34.93,34.54,34.7,34.7,6762800,0.0,1.0,MCD
2008-04-09,34.64,34.86,34.42,34.64,34.64,7686800,0.0,1.0,MCD
2008-04-08,34.52,34.82,34.43,34.72,34.72,4893900,0.0,1.0,MCD
2008-04-07,34.86,34.95,34.46,34.58,34.58,6744800,0.0,1.0,MCD
2008-04-04,34.93,35.0,34.43,34.62,34.62,7419700,0.0,1.0,MCD
2008-04-03,35.07,35.33,34.66,34.95,34.95,6786400,0.0,1.0,MCD
2008-04-02,35.45,35.57,35.03,35.21,35.21,8375000,0.0,1.0,MCD
2008-04-01,34.95,35.45,34.8,35.36,35.36,13339900,0.0,1.0,MCD
2008-03-31,34.52,34.8,34.52,34.66,34.66,6452300,0.0,1.0,MCD
2008-03-28,34.61,34.76,34.32,34.47,34.47,4778800,0.0,1.0,MCD
2008-03-27,34.73,34.93,34.44,34.46,34.46,8198700,0.0,1.0,MCD
2008-03-26,34.88,34.98,34.3,34.55,34.55,5240900,0.0,1.0,MCD
2008-03-25,34.59,35.11,34.4,34.92,34.92,7557800,0.0,1.0,MCD
2008-03-24,33.86,34.8,33.8,34.66,34.66,7874100,0.0,1.0,MCD
2008-03-20,33.56,34.03,33.34,33.82,33.82,13075600,0.0,1.0,MCD
2008-03-19,34.33,34.48,33.3,33.34,33.34,8740500,0.0,1.0,MCD
2008-03-18,34.05,34.47,33.56,34.08,34.08,10415700,0.0,1.0,MCD
2008-03-17,33.16,34.05,32.94,33.73,33.73,10530900,0.0,1.0,MCD
2008-03-14,34.03,34.29,33.4,34.04,34.04,10275000,0.0,1.0,MCD
2008-03-13,33.18,34.25,33.18,34.11,34.11,11973500,0.0,1.0,MCD
2008-03-12,33.85,33.95,33.31,33.37,33.37,7407900,0.0,1.0,MCD
2008-03-11,33.93,34.05,33.21,33.71,33.71,9330900,0.0,1.0,MCD
2008-03-10,33.98,34.01,32.89,33.43,33.43,17599500,0.0,1.0,MCD
2008-03-07,32.65,32.8,32.31,32.48,32.48,8053000,0.0,1.0,MCD
2008-03-06,33.49,33.68,32.93,32.96,32.96,6526200,0.0,1.0,MCD
2008-03-05,33.45,33.66,33.1,33.52,33.52,7087700,0.0,1.0,MCD
2008-03-04,32.87,33.33,32.7,33.33,33.33,7887800,0.0,1.0,MCD
2008-03-03,33.6,34.02,32.73,33.03,33.03,7495800,0.0,1.0,MCD
2008-02-29,33.82,34.03,33.52,33.62,33.62,7461200,0.0,1.0,MCD
2008-02-28,34.18,34.24,33.74,33.94,33.94,6969500,0.375,1.0,MCD
2008-02-27,34.78,35.18,34.01,34.15,34.15,13814900,0.0,1.0,MCD
2008-02-26,34.36,35.07,34.36,34.84,34.84,9346700,0.0,1.0,MCD
2008-02-25,34.32,34.66,34.02,34.59,34.59,5236600,0.0,1.0,MCD
2008-02-22,34.16,34.37,33.57,34.37,34.37,5963300,0.0,1.0,MCD
2008-02-21,34.73,34.78,34.02,34.09,34.09,5764400,0.0,1.0,MCD
2008-02-20,33.99,34.81,33.95,34.68,34.68,8007600,0.0,1.0,MCD
2008-02-19,34.34,34.55,34.25,34.36,34.36,7853300,0.0,1.0,MCD
2008-02-15,34.2,34.23,33.84,34.13,34.13,6972300,0.0,1.0,MCD
2008-02-14,34.98,35.04,34.25,34.3,34.3,5610900,0.0,1.0,MCD
2008-02-13,34.99,35.22,34.47,34.96,34.96,7739000,0.0,1.0,MCD
2008-02-12,34.78,35.07,34.51,34.79,34.79,9506600,0.0,1.0,MCD
2008-02-11,34.26,34.77,34.06,34.55,34.55,5904900,0.0,1.0,MCD
2008-02-08,33.88,34.81,33.83,34.34,34.34,12940600,0.0,1.0,MCD
2008-02-07,32.94,33.86,32.89,33.61,33.61,11229000,0.0,1.0,MCD
2008-02-06,33.35,33.44,33.04,33.16,33.16,11636200,0.0,1.0,MCD
2008-02-05,32.94,33.63,32.64,33.23,33.23,13425000,0.0,1.0,MCD
2008-02-04,33.47,33.51,32.89,33.25,33.25,6079100,0.0,1.0,MCD
2008-02-01,33.15,33.55,32.62,33.46,33.46,11656900,0.0,1.0,MCD
2008-01-31,31.04,33.07,30.93,33.07,33.07,18338600,0.0,1.0,MCD
2008-01-30,31.57,31.96,31.35,31.48,31.48,13593900,0.0,1.0,MCD
2008-01-29,31.68,31.74,30.9,31.32,31.32,20685000,0.0,1.0,MCD
2008-01-28,31.59,31.74,30.46,31.52,31.52,49724500,0.0,1.0,MCD
2008-01-25,33.61,33.79,33.32,33.39,33.39,12779800,0.0,1.0,MCD
2008-01-24,33.2,33.44,32.7,33.33,33.33,10305400,0.0,1.0,MCD
2008-01-23,31.82,32.74,31.41,32.72,32.72,19158300,0.0,1.0,MCD
2008-01-22,30.81,32.47,30.47,32.37,32.37,16883500,0.0,1.0,MCD
2008-01-18,32.47,32.89,32.25,32.34,32.34,11754400,0.0,1.0,MCD
2008-01-17,32.54,32.73,32.04,32.08,32.08,12878400,0.0,1.0,MCD
2008-01-16,32.97,33.22,32.23,32.35,32.35,13246000,0.0,1.0,MCD
2008-01-15,33.67,34.06,32.98,33.18,33.18,10107000,0.0,1.0,MCD
2008-01-14,33.88,34.13,33.15,33.92,33.92,12932700,0.0,1.0,MCD
2008-01-11,35.03,35.12,32.91,33.52,33.52,33215200,0.0,1.0,MCD
2008-01-10,35.57,36.1,35.15,35.9,35.9,10767000,0.0,1.0,MCD
2008-01-09,35.18,35.5,34.62,35.47,35.47,11600400,0.0,1.0,MCD
2008-01-08,36.07,36.19,35.15,35.23,35.23,10080800,0.0,1.0,MCD
2008-01-07,35.64,35.95,35.1,35.81,35.81,10784500,0.0,1.0,MCD
2008-01-04,35.38,35.47,34.83,35.21,35.21,9687500,0.0,1.0,MCD
2008-01-03,36.03,36.29,35.63,35.75,35.75,6514700,0.0,1.0,MCD
2008-01-02,36.1,36.71,35.73,35.86,35.86,7858300,0.0,1.0,MCD
2007-12-31,36.86,36.99,36.31,36.36,36.36,4346000,0.0,1.0,MCD
2007-12-28,36.73,36.9,36.52,36.72,36.72,5471700,0.0,1.0,MCD
2007-12-27,36.81,36.98,36.51,36.53,36.53,4189400,0.0,1.0,MCD
2007-12-26,37.26,37.34,36.91,36.96,36.96,3314100,0.0,1.0,MCD
2007-12-24,37.04,37.33,37.03,37.22,37.22,2926200,0.0,1.0,MCD
2007-12-21,36.58,37.18,36.41,37.05,37.05,9803500,0.0,1.0,MCD
2007-12-20,36.51,36.51,35.94,36.28,36.28,6540100,0.0,1.0,MCD
2007-12-19,36.89,37.09,36.26,36.32,36.32,6180600,0.0,1.0,MCD
2007-12-18,37.12,37.33,36.74,36.92,36.92,7369900,0.0,1.0,MCD
2007-12-17,37.65,37.65,36.85,36.88,36.88,7289000,0.0,1.0,MCD
2007-12-14,38.02,38.26,37.71,37.75,37.75,6799200,0.0,1.0,MCD
2007-12-13,37.94,38.42,37.71,37.96,37.96,7731800,0.0,1.0,MCD
2007-12-12,39.25,39.31,37.71,38.05,38.05,10201300,0.0,1.0,MCD
2007-12-11,38.17,39.18,38.11,38.96,38.96,12972200,0.0,1.0,MCD
2007-12-10,37.63,38.35,37.46,38.2,38.2,8786700,0.0,1.0,MCD
2007-12-07,37.23,37.5,36.99,37.13,37.13,6121900,0.0,1.0,MCD
2007-12-06,36.73,37.27,36.46,37.2,37.2,6427700,0.0,1.0,MCD
2007-12-05,36.6,36.94,36.45,36.73,36.73,9485400,0.0,1.0,MCD
2007-12-04,36.78,37.32,36.69,37.05,37.05,9330500,0.0,1.0,MCD
2007-12-03,36.04,37.25,35.86,36.92,36.92,10450500,0.0,1.0,MCD
2007-11-30,36.41,36.78,35.92,36.09,36.09,11931700,0.0,1.0,MCD
2007-11-29,35.59,36.04,35.53,36.01,36.01,6500000,0.0,1.0,MCD
2007-11-28,35.44,35.92,35.44,35.78,35.78,10942200,0.0,1.0,MCD
2007-11-27,35.18,35.66,35.11,35.46,35.46,7532200,0.0,1.0,MCD
2007-11-26,35.7,35.7,35.02,35.07,35.07,10468900,0.0,1.0,MCD
2007-11-23,35.55,35.79,35.36,35.62,35.62,4688500,0.0,1.0,MCD
2007-11-21,36.0,36.04,35.38,35.38,35.38,9121100,0.0,1.0,MCD
2007-11-20,36.17,36.29,35.73,36.09,36.09,9414700,0.0,1.0,MCD
2007-11-19,35.72,36.38,35.72,36.17,36.17,10722600,0.0,1.0,MCD
2007-11-16,35.48,36.0,35.48,35.88,35.88,12450900,0.0,1.0,MCD
2007-11-15,34.92,35.36,34.71,35.29,35.29,8701800,0.0,1.0,MCD
2007-11-14,35.52,35.61,34.92,34.99,34.99,8255100,0.0,1.0,MCD
2007-11-13,36.1,36.1,35.04,35.24,35.24,16885600,1.5,1.0,MCD
2007-11-12,35.63,35.63,35.19,35.2,35.2,16654300,0.0,1.0,MCD
2007-11-09,35.48,35.64,34.94,35.07,35.07,10049800,0.0,1.0,MCD
2007-11-08,35.61,35.83,35.37,35.7,35.7,17443800,0.0,1.0,MCD
2007-11-07,35.82,36.0,35.03,35.11,35.11,9703100,0.0,1.0,MCD
2007-11-06,35.91,36.03,35.71,35.93,35.93,7524500,0.0,1.0,MCD
2007-11-05,35.48,36.02,35.34,35.88,35.88,7026200,0.0,1.0,MCD
2007-11-02,35.6,35.75,35.18,35.49,35.49,7664700,0.0,1.0,MCD
2007-11-01,35.69,35.91,35.38,35.48,35.48,6922800,0.0,1.0,MCD
2007-10-31,35.62,35.99,35.38,35.93,35.93,7662000,0.0,1.0,MCD
2007-10-30,35.38,35.79,35.25,35.59,35.59,4553700,0.0,1.0,MCD
2007-10-29,35.13,35.8,35.13,35.59,35.59,6293800,0.0,1.0,MCD
2007-10-26,34.96,35.22,34.64,35.16,35.16,5832200,0.0,1.0,MCD
2007-10-25,34.37,35.05,34.24,34.92,34.92,7870900,0.0,1.0,MCD
2007-10-24,34.21,34.43,33.81,34.37,34.37,8250200,0.0,1.0,MCD
2007-10-23,33.8,34.26,33.49,34.26,34.26,8997200,0.0,1.0,MCD
2007-10-22,33.69,33.83,33.44,33.69,33.69,11976700,0.0,1.0,MCD
2007-10-19,33.89,34.32,33.87,33.93,33.93,8936500,0.0,1.0,MCD
2007-10-18,34.21,34.34,34.08,34.15,34.15,3710400,0.0,1.0,MCD
2007-10-17,34.41,34.45,33.95,34.25,34.25,5481800,0.0,1.0,MCD
2007-10-16,33.83,34.31,33.7,34.16,34.16,9601700,0.0,1.0,MCD
2007-10-15,34.45,34.49,33.63,33.79,33.79,9406200,0.0,1.0,MCD
2007-10-12,34.19,34.49,33.78,34.29,34.29,12560300,0.0,1.0,MCD
2007-10-11,34.46,34.53,33.65,33.83,33.83,7967400,0.0,1.0,MCD
2007-10-10,34.38,34.6,33.84,34.3,34.3,6543900,0.0,1.0,MCD
2007-10-09,34.29,34.56,34.1,34.51,34.51,6463400,0.0,1.0,MCD
2007-10-08,33.74,34.25,33.69,34.2,34.2,4218900,0.0,1.0,MCD
2007-10-05,33.72,34.01,33.63,33.9,33.9,6022800,0.0,1.0,MCD
2007-10-04,33.81,33.91,33.59,33.7,33.7,4871400,0.0,1.0,MCD
2007-10-03,33.65,33.82,33.4,33.74,33.74,5764200,0.0,1.0,MCD
2007-10-02,33.82,33.94,33.48,33.65,33.65,7950600,0.0,1.0,MCD
2007-10-01,32.92,33.81,32.88,33.68,33.68,8244300,0.0,1.0,MCD
2007-09-28,32.75,33.01,32.54,32.76,32.76,7248000,0.0,1.0,MCD
2007-09-27,32.97,33.04,32.51,32.81,32.81,6750300,0.0,1.0,MCD
2007-09-26,32.68,33.03,32.59,32.95,32.95,7709300,0.0,1.0,MCD
2007-09-25,32.95,33.01,32.41,32.56,32.56,13574500,0.0,1.0,MCD
2007-09-24,33.0,33.32,32.9,33.05,33.05,4712800,0.0,1.0,MCD
2007-09-21,33.36,33.36,32.89,32.95,32.95,10275600,0.0,1.0,MCD
2007-09-20,33.32,33.45,32.95,33.0,33.0,8232600,0.0,1.0,MCD
2007-09-19,32.98,33.51,32.92,33.32,33.32,11841900,0.0,1.0,MCD
2007-09-18,33.06,33.19,32.84,33.09,33.09,11114400,0.0,1.0,MCD
2007-09-17,33.26,33.34,32.56,32.86,32.86,11722300,0.0,1.0,MCD
2007-09-14,32.41,33.38,31.94,33.35,33.35,15606300,0.0,1.0,MCD
2007-09-13,31.69,32.88,31.67,32.65,32.65,20106400,0.0,1.0,MCD
2007-09-12,31.2,31.24,30.77,30.79,30.79,7697100,0.0,1.0,MCD
2007-09-11,30.68,31.6,30.63,31.13,31.13,17275900,0.0,1.0,MCD
2007-09-10,29.76,30.44,29.76,30.16,30.16,8932700,0.0,1.0,MCD
2007-09-07,29.77,29.82,29.47,29.61,29.61,5818900,0.0,1.0,MCD
2007-09-06,29.59,29.99,29.35,29.92,29.92,5867600,0.0,1.0,MCD
2007-09-05,29.69,30.07,29.45,29.61,29.61,4145500,0.0,1.0,MCD
2007-09-04,29.54,29.94,29.51,29.86,29.86,5795100,0.0,1.0,MCD
2007-08-31,29.63,29.79,29.54,29.62,29.62,4083600,0.0,1.0,MCD
2007-08-30,29.33,29.59,29.24,29.36,29.36,4129700,0.0,1.0,MCD
2007-08-29,29.29,29.65,28.97,29.58,29.58,6750400,0.0,1.0,MCD
2007-08-28,29.82,29.82,29.17,29.25,29.25,5773500,0.0,1.0,MCD
2007-08-27,30.07,30.4,29.7,29.75,29.75,4535200,0.0,1.0,MCD
2007-08-24,30.0,30.34,29.85,30.14,30.14,5848300,0.0,1.0,MCD
2007-08-23,29.87,30.09,29.77,29.98,29.98,6666200,0.0,1.0,MCD
2007-08-22,29.24,29.74,29.2,29.68,29.68,6384800,0.0,1.0,MCD
2007-08-21,29.18,29.37,28.9,29.15,29.15,5581100,0.0,1.0,MCD
2007-08-20,28.7,29.3,28.66,29.04,29.04,5143600,0.0,1.0,MCD
2007-08-17,29.56,29.59,28.46,28.61,28.61,12152000,0.0,1.0,MCD
2007-08-16,28.17,29.08,28.05,28.91,28.91,10930100,0.0,1.0,MCD
2007-08-15,28.99,29.32,28.56,28.6,28.6,8208200,0.0,1.0,MCD
2007-08-14,29.23,29.29,28.49,28.87,28.87,10058200,0.0,1.0,MCD
2007-08-13,29.88,30.06,29.23,29.29,29.29,6793800,0.0,1.0,MCD
2007-08-10,29.86,30.03,29.22,29.71,29.71,8513100,0.0,1.0,MCD
2007-08-09,29.77,31.2,29.47,30.03,30.03,13259000,0.0,1.0,MCD
2007-08-08,29.92,30.67,29.06,30.24,30.24,10242300,0.0,1.0,MCD
2007-08-07,29.47,30.25,29.47,29.91,29.91,7281700,0.0,1.0,MCD
2007-08-06,29.03,29.79,29.02,29.74,29.74,9994700,0.0,1.0,MCD
2007-08-03,29.49,29.71,29.14,29.18,29.18,7738200,0.0,1.0,MCD
2007-08-02,28.91,29.63,28.91,29.46,29.46,12158900,0.0,1.0,MCD
2007-08-01,28.67,29.09,28.56,29.03,29.03,12486900,0.0,1.0,MCD
2007-07-31,29.14,29.41,28.78,28.79,28.79,8498400,0.0,1.0,MCD
2007-07-30,29.35,29.42,28.9,29.1,29.1,8493700,0.0,1.0,MCD
2007-07-27,29.59,29.79,29.15,29.32,29.32,11279000,0.0,1.0,MCD
2007-07-26,30.46,30.69,29.38,29.77,29.77,17238600,0.0,1.0,MCD
2007-07-25,31.04,31.27,30.54,30.65,30.65,8704500,0.0,1.0,MCD
2007-07-24,31.09,31.74,30.96,31.0,31.0,7149500,0.0,1.0,MCD
2007-07-23,31.66,31.79,31.2,31.57,31.57,5430000,0.0,1.0,MCD
2007-07-20,31.71,32.0,31.24,31.32,31.32,7519200,0.0,1.0,MCD
2007-07-19,31.69,31.71,31.37,31.67,31.67,3352500,0.0,1.0,MCD
2007-07-18,31.41,31.78,31.22,31.39,31.39,5086900,0.0,1.0,MCD
2007-07-17,31.28,31.51,31.27,31.37,31.37,5487100,0.0,1.0,MCD
2007-07-16,31.61,31.61,31.16,31.33,31.33,6155500,0.0,1.0,MCD
2007-07-13,31.11,31.57,30.91,31.22,31.22,6972200,0.0,1.0,MCD
2007-07-12,30.67,31.07,30.37,31.06,31.06,6588100,0.0,1.0,MCD
2007-07-11,30.21,30.6,30.21,30.5,30.5,4307600,0.0,1.0,MCD
2007-07-10,30.6,30.74,30.22,30.27,30.27,6506400,0.0,1.0,MCD
2007-07-09,30.93,30.94,30.55,30.75,30.75,5002700,0.0,1.0,MCD
2007-07-06,30.88,31.04,30.67,30.93,30.93,5881800,0.0,1.0,MCD
2007-07-05,30.91,31.19,30.73,30.8,30.8,6198900,0.0,1.0,MCD
2007-07-03,30.93,31.31,30.87,30.91,30.91,4829700,0.0,1.0,MCD
2007-07-02,30.78,30.91,30.55,30.9,30.9,11794500,0.0,1.0,MCD
2007-06-29,30.8,30.89,30.35,30.52,30.52,6572000,0.0,1.0,MCD
2007-06-28,30.89,30.95,30.54,30.58,30.58,5495800,0.0,1.0,MCD
2007-06-27,31.0,31.07,30.78,30.87,30.87,8439800,0.0,1.0,MCD
2007-06-26,30.97,31.23,30.79,31.12,31.12,8576900,0.0,1.0,MCD
2007-06-25,30.43,31.18,30.18,30.85,30.85,10828900,0.0,1.0,MCD
2007-06-22,30.65,30.72,30.08,30.32,30.32,10489500,0.0,1.0,MCD
2007-06-21,30.86,30.89,30.45,30.71,30.71,4973700,0.0,1.0,MCD
2007-06-20,31.5,31.55,30.85,30.87,30.87,7595500,0.0,1.0,MCD
2007-06-19,31.42,31.8,31.38,31.56,31.56,6007300,0.0,1.0,MCD
2007-06-18,31.31,31.58,31.08,31.51,31.51,5850500,0.0,1.0,MCD
2007-06-15,31.57,31.63,31.35,31.37,31.37,6414900,0.0,1.0,MCD
2007-06-14,31.42,31.59,31.13,31.42,31.42,5096100,0.0,1.0,MCD
2007-06-13,31.06,31.4,30.82,31.38,31.38,7453100,0.0,1.0,MCD
2007-06-12,30.9,31.33,30.88,30.96,30.96,8642100,0.0,1.0,MCD
2007-06-11,30.95,31.04,30.66,30.82,30.82,6096600,0.0,1.0,MCD
2007-06-08,30.67,30.96,30.4,30.92,30.92,11979600,0.0,1.0,MCD
2007-06-07,30.48,30.96,30.19,30.19,30.19,8293000,0.0,1.0,MCD
2007-06-06,30.52,30.6,30.35,30.45,30.45,7469600,0.0,1.0,MCD
2007-06-05,30.73,30.79,30.33,30.58,30.58,6008300,0.0,1.0,MCD
2007-06-04,30.64,30.8,30.34,30.73,30.73,4921300,0.0,1.0,MCD
2007-06-01,30.61,30.81,30.4,30.64,30.64,3883200,0.0,1.0,MCD
2007-05-31,30.46,30.57,30.25,30.4,30.4,7874100,0.0,1.0,MCD
2007-05-30,30.33,30.38,29.94,30.21,30.21,8187000,0.0,1.0,MCD
2007-05-29,30.62,30.62,30.15,30.43,30.43,6444300,0.0,1.0,MCD
2007-05-25,30.63,30.84,30.51,30.61,30.61,4974500,0.0,1.0,MCD
2007-05-24,31.11,31.31,30.51,30.65,30.65,8137100,0.0,1.0,MCD
2007-05-23,31.48,31.57,30.88,31.01,31.01,7066400,0.0,1.0,MCD
2007-05-22,31.35,31.62,31.24,31.57,31.57,9919600,0.0,1.0,MCD
2007-05-21,31.47,31.47,31.26,31.43,31.43,11852000,0.0,1.0,MCD
2007-05-18,31.52,31.52,31.16,31.47,31.47,13455300,0.0,1.0,MCD
2007-05-17,31.03,31.43,30.98,31.43,31.43,13334500,0.0,1.0,MCD
2007-05-16,30.84,31.32,30.51,31.25,31.25,11052900,0.0,1.0,MCD
2007-05-15,30.52,31.2,30.45,30.83,30.83,9826300,0.0,1.0,MCD
2007-05-14,30.43,30.58,30.36,30.45,30.45,7406000,0.0,1.0,MCD
2007-05-11,29.91,30.52,29.82,30.46,30.46,10294800,0.0,1.0,MCD
2007-05-10,29.9,30.14,29.85,30.07,30.07,12465900,0.0,1.0,MCD
2007-05-09,29.7,30.04,29.62,29.97,29.97,6302700,0.0,1.0,MCD
2007-05-08,29.74,29.98,29.65,29.66,29.66,4710500,0.0,1.0,MCD
2007-05-07,30.02,30.07,29.72,29.77,29.77,8175600,0.0,1.0,MCD
2007-05-04,30.05,30.07,29.8,30.02,30.02,4896500,0.0,1.0,MCD
2007-05-03,30.07,30.08,29.82,30.01,30.01,7951100,0.0,1.0,MCD
2007-05-02,29.66,30.1,29.62,30.08,30.08,9376900,0.0,1.0,MCD
2007-05-01,29.02,29.59,28.99,29.55,29.55,6510400,0.0,1.0,MCD
2007-04-30,29.38,29.41,29.02,29.03,29.03,8216000,0.0,1.0,MCD
2007-04-27,29.35,29.53,29.29,29.44,29.44,4018000,0.0,1.0,MCD
2007-04-26,29.33,29.71,29.3,29.6,29.6,6849500,0.0,1.0,MCD
2007-04-25,29.29,29.44,29.06,29.24,29.24,6984800,0.0,1.0,MCD
2007-04-24,29.13,29.26,28.94,29.15,29.15,6624200,0.0,1.0,MCD
2007-04-23,29.11,29.35,29.0,29.25,29.25,6815100,0.0,1.0,MCD
2007-04-20,29.83,29.89,28.67,29.08,29.08,12582100,0.0,1.0,MCD
2007-04-19,29.35,29.47,29.06,29.33,29.33,6564200,0.0,1.0,MCD
2007-04-18,29.3,29.44,29.21,29.39,29.39,6733000,0.0,1.0,MCD
2007-04-17,28.9,29.54,28.9,29.47,29.47,14330000,0.0,1.0,MCD
2007-04-16,28.93,28.93,28.52,28.93,28.93,9647200,0.0,1.0,MCD
2007-04-13,28.47,28.82,28.19,28.65,28.65,9533300,0.0,1.0,MCD
2007-04-12,27.96,28.26,27.75,28.04,28.04,5691700,0.0,1.0,MCD
2007-04-11,27.85,28.11,27.81,27.93,27.93,8634100,0.0,1.0,MCD
2007-04-10,27.82,27.92,27.7,27.85,27.85,5558300,0.0,1.0,MCD
2007-04-09,27.63,28.04,27.55,27.96,27.96,7927500,0.0,1.0,MCD
2007-04-05,27.21,27.55,27.14,27.53,27.53,4870000,0.0,1.0,MCD
2007-04-04,27.09,27.36,27.09,27.2,27.2,3213000,0.0,1.0,MCD
2007-04-03,27.06,27.27,27.03,27.22,27.22,5775600,0.0,1.0,MCD
2007-04-02,26.65,27.15,26.62,26.95,26.95,4659500,0.0,1.0,MCD
2007-03-30,27.03,27.22,26.89,27.09,27.09,4770700,0.0,1.0,MCD
2007-03-29,27.04,27.24,26.86,26.98,26.98,5264800,0.0,1.0,MCD
2007-03-28,26.97,27.09,26.74,26.96,26.96,5982800,0.0,1.0,MCD
2007-03-27,26.98,27.18,26.95,27.09,27.09,4722700,0.0,1.0,MCD
2007-03-26,27.03,27.36,26.85,27.13,27.13,5300500,0.0,1.0,MCD
2007-03-23,26.71,27.15,26.66,27.09,27.09,6040700,0.0,1.0,MCD
2007-03-22,26.79,26.86,26.68,26.75,26.75,6240800,0.0,1.0,MCD
2007-03-21,26.62,26.88,26.35,26.83,26.83,4548900,0.0,1.0,MCD
2007-03-20,26.43,26.67,26.3,26.65,26.65,3929600,0.0,1.0,MCD
2007-03-19,26.25,26.6,26.25,26.38,26.38,4978200,0.0,1.0,MCD
2007-03-16,26.14,26.3,25.56,26.15,26.15,9813600,0.0,1.0,MCD
2007-03-15,26.16,26.31,26.1,26.14,26.14,5665500,0.0,1.0,MCD
2007-03-14,26.2,26.38,25.89,26.25,26.25,6574100,0.0,1.0,MCD
2007-03-13,26.83,26.84,26.12,26.15,26.15,8612900,0.0,1.0,MCD
2007-03-12,26.52,26.99,26.51,26.86,26.86,7331500,0.0,1.0,MCD
2007-03-09,26.46,26.75,26.33,26.55,26.55,6217700,0.0,1.0,MCD
2007-03-08,26.46,26.56,26.1,26.24,26.24,6853100,0.0,1.0,MCD
2007-03-07,25.81,26.01,25.65,25.92,25.92,5990100,0.0,1.0,MCD
2007-03-06,25.96,26.01,25.44,25.92,25.92,7306100,0.0,1.0,MCD
2007-03-05,26.13,26.3,25.77,25.8,25.8,6868500,0.0,1.0,MCD
2007-03-02,26.52,26.74,26.24,26.26,26.26,6448300,0.0,1.0,MCD
2007-03-01,26.1,26.72,25.82,26.52,26.52,10729800,0.0,1.0,MCD
2007-02-28,26.74,26.8,26.09,26.27,26.27,11700600,0.0,1.0,MCD
2007-02-27,27.39,27.51,26.46,26.74,26.74,9690200,0.0,1.0,MCD
2007-02-26,27.66,27.75,27.52,27.54,27.54,5905200,0.0,1.0,MCD
2007-02-23,27.69,27.79,27.56,27.67,27.67,3857700,0.0,1.0,MCD
2007-02-22,27.57,27.72,27.55,27.69,27.69,4804000,0.0,1.0,MCD
2007-02-21,27.51,27.73,27.51,27.64,27.64,5621200,0.0,1.0,MCD
2007-02-20,27.48,27.6,27.09,27.54,27.54,7022100,0.0,1.0,MCD
2007-02-16,27.06,27.29,26.98,27.25,27.25,6806600,0.0,1.0,MCD
2007-02-15,27.0,27.21,26.96,27.05,27.05,4127300,0.0,1.0,MCD
2007-02-14,27.03,27.09,26.89,27.07,27.07,5361000,0.0,1.0,MCD
2007-02-13,26.97,27.04,26.89,27.0,27.0,5110800,0.0,1.0,MCD
2007-02-12,26.76,27.0,26.7,26.9,26.9,5649800,0.0,1.0,MCD
2007-02-09,26.74,27.0,26.71,26.8,26.8,4946700,0.0,1.0,MCD
2007-02-08,26.9,26.96,26.54,26.67,26.67,6018400,0.0,1.0,MCD
2007-02-07,26.91,26.99,26.74,26.89,26.89,3362000,0.0,1.0,MCD
2007-02-06,26.88,26.98,26.72,26.92,26.92,4016600,0.0,1.0,MCD
2007-02-05,26.74,26.89,26.64,26.78,26.78,3520900,0.0,1.0,MCD
2007-02-02,26.75,26.9,26.71,26.78,26.78,4724100,0.0,1.0,MCD
2007-02-01,26.62,26.77,26.58,26.75,26.75,6086700,0.0,1.0,MCD
2007-01-31,26.32,26.72,26.25,26.67,26.67,7350900,0.0,1.0,MCD
2007-01-30,26.15,26.37,26.15,26.32,26.32,5818200,0.0,1.0,MCD
2007-01-29,25.82,26.25,25.71,26.0,26.0,8262100,0.0,1.0,MCD
2007-01-26,25.87,25.91,25.58,25.82,25.82,8542300,0.0,1.0,MCD
2007-01-25,26.45,26.54,25.77,25.86,25.86,10630200,0.0,1.0,MCD
2007-01-24,26.73,26.75,26.48,26.56,26.56,11019000,0.0,1.0,MCD
2007-01-23,26.79,27.06,26.7,26.97,26.97,6140200,0.0,1.0,MCD
2007-01-22,26.94,26.94,26.58,26.67,26.67,4918000,0.0,1.0,MCD
2007-01-19,26.86,27.0,26.64,26.95,26.95,5116900,0.0,1.0,MCD
2007-01-18,26.98,27.06,26.77,26.81,26.81,4690400,0.0,1.0,MCD
2007-01-17,26.8,27.1,26.69,26.98,26.98,9439700,0.0,1.0,MCD
2007-01-16,26.68,26.85,26.56,26.8,26.8,5377700,0.0,1.0,MCD
2007-01-12,26.86,26.87,26.51,26.59,26.59,7103000,0.0,1.0,MCD
2007-01-11,26.59,26.82,26.53,26.77,26.77,5626900,0.0,1.0,MCD
2007-01-10,26.33,26.63,26.13,26.62,26.62,6374800,0.0,1.0,MCD
2007-01-09,26.49,26.55,26.21,26.33,26.33,6832800,0.0,1.0,MCD
2007-01-08,26.16,26.37,26.01,26.29,26.29,4538500,0.0,1.0,MCD
2007-01-05,26.1,26.35,26.06,26.18,26.18,5701000,0.0,1.0,MCD
2007-01-04,26.31,26.38,25.78,26.18,26.18,9776100,0.0,1.0,MCD
2007-01-03,26.25,26.69,26.16,26.38,26.38,7579100,0.0,1.0,MCD
2006-12-29,26.56,26.87,26.52,26.66,26.66,3300500,0.0,1.0,MCD
2006-12-28,26.66,26.84,26.47,26.68,26.68,3414800,0.0,1.0,MCD
2006-12-27,26.35,26.68,26.35,26.66,26.66,3802900,0.0,1.0,MCD
2006-12-26,26.26,26.41,26.16,26.35,26.35,2226100,0.0,1.0,MCD
2006-12-22,26.38,26.45,26.17,26.2,26.2,3559600,0.0,1.0,MCD
2006-12-21,26.46,26.58,26.3,26.38,26.38,5511700,0.0,1.0,MCD
2006-12-20,26.46,26.6,26.3,26.38,26.38,5868000,0.0,1.0,MCD
2006-12-19,26.15,26.46,26.0,26.45,26.45,5906800,0.0,1.0,MCD
2006-12-18,26.06,26.31,26.01,26.15,26.15,5196400,0.0,1.0,MCD
2006-12-15,26.27,26.43,25.93,26.1,26.1,7394700,0.0,1.0,MCD
2006-12-14,26.17,26.42,26.09,26.27,26.27,4642600,0.0,1.0,MCD
2006-12-13,25.98,26.27,25.95,26.21,26.21,5026700,0.0,1.0,MCD
2006-12-12,26.15,26.21,25.74,25.88,25.88,5350600,0.0,1.0,MCD
2006-12-11,26.16,26.33,26.08,26.21,26.21,4611700,0.0,1.0,MCD
2006-12-08,26.17,26.39,26.01,26.32,26.32,7236300,0.0,1.0,MCD
2006-12-07,25.86,26.12,25.83,26.03,26.03,5775800,0.0,1.0,MCD
2006-12-06,25.74,25.86,25.58,25.83,25.83,5631500,0.0,1.0,MCD
2006-12-05,25.56,26.12,25.56,25.71,25.71,6714000,0.0,1.0,MCD
2006-12-04,25.29,25.66,25.26,25.56,25.56,5170900,0.0,1.0,MCD
2006-12-01,25.37,25.41,25.08,25.31,25.31,6326900,0.0,1.0,MCD
2006-11-30,25.22,25.33,24.99,25.24,25.24,6392200,0.0,1.0,MCD
2006-11-29,24.99,25.22,24.94,25.17,25.17,7239100,0.0,1.0,MCD
2006-11-28,24.66,24.94,24.53,24.9,24.9,6660800,0.0,1.0,MCD
2006-11-27,25.26,25.3,24.69,24.72,24.72,7251700,0.0,1.0,MCD
2006-11-24,25.18,25.41,25.06,25.18,25.18,1877600,0.0,1.0,MCD
2006-11-22,25.29,25.41,25.11,25.35,25.35,4708400,0.0,1.0,MCD
2006-11-21,25.24,25.41,25.2,25.29,25.29,8403500,0.0,1.0,MCD
2006-11-20,25.12,25.26,25.05,25.19,25.19,7821800,0.0,1.0,MCD
2006-11-17,25.06,25.15,24.82,25.15,25.15,6196800,0.0,1.0,MCD
2006-11-16,24.84,25.13,24.69,25.06,25.06,7781900,0.0,1.0,MCD
2006-11-15,24.76,25.08,24.65,24.72,24.72,10242900,0.0,1.0,MCD
2006-11-14,25.02,25.04,24.58,24.82,24.82,8263400,0.0,1.0,MCD
2006-11-13,24.78,25.02,24.57,24.96,24.96,10226300,1.0,1.0,MCD
2006-11-10,24.72,24.79,24.65,24.65,24.65,8642600,0.0,1.0,MCD
2006-11-09,24.68,24.73,24.58,24.72,24.72,7620300,0.0,1.0,MCD
2006-11-08,24.44,24.81,24.28,24.68,24.68,7647600,0.0,1.0,MCD
2006-11-07,24.56,24.71,24.46,24.47,24.47,16560500,0.0,1.0,MCD
2006-11-06,24.37,24.6,24.22,24.56,24.56,7915600,0.0,1.0,MCD
2006-11-03,24.69,24.72,24.2,24.22,24.22,7381900,0.0,1.0,MCD
2006-11-02,24.5,24.72,24.44,24.69,24.69,8055200,0.0,1.0,MCD
2006-11-01,24.75,24.75,24.52,24.58,24.58,6753600,0.0,1.0,MCD
2006-10-31,24.77,24.8,24.43,24.62,24.62,10009500,0.0,1.0,MCD
2006-10-30,24.36,24.64,24.2,24.62,24.62,8921300,0.0,1.0,MCD
2006-10-27,24.56,24.62,24.32,24.35,24.35,7309000,0.0,1.0,MCD
2006-10-26,24.62,24.75,24.43,24.73,24.73,6373100,0.0,1.0,MCD
2006-10-25,24.8,24.94,24.48,24.66,24.66,8889400,0.0,1.0,MCD
2006-10-24,24.69,24.93,24.57,24.81,24.81,11380200,0.0,1.0,MCD
2006-10-23,24.29,24.87,24.28,24.75,24.75,12637000,0.0,1.0,MCD
2006-10-20,24.13,24.35,23.95,24.35,24.35,12769900,0.0,1.0,MCD
2006-10-19,24.03,24.35,23.49,23.94,23.94,20300800,0.0,1.0,MCD
2006-10-18,24.66,24.72,24.21,24.35,24.35,15383300,0.0,1.0,MCD
2006-10-17,24.57,24.65,24.35,24.43,24.43,9875900,0.0,1.0,MCD
2006-10-16,24.62,24.82,24.49,24.73,24.73,12451400,0.0,1.0,MCD
2006-10-13,24.6,24.79,24.57,24.73,24.73,24260200,0.0,1.0,MCD
2006-10-12,24.62,24.93,24.55,24.8,24.8,19023900,0.0,1.0,MCD
2006-10-11,23.85,24.24,23.84,24.22,24.22,10757300,0.0,1.0,MCD
2006-10-10,23.78,24.01,23.75,23.98,23.98,8072100,0.0,1.0,MCD
2006-10-09,23.58,23.9,23.49,23.82,23.82,14783200,0.0,1.0,MCD
2006-10-06,23.46,23.65,23.18,23.55,23.55,21206500,0.0,1.0,MCD
2006-10-05,23.46,23.52,23.29,23.37,23.37,86981300,0.0,1.0,MCD
2006-10-04,23.39,23.54,23.31,23.49,23.49,53013400,0.0,1.0,MCD
2006-10-03,23.27,23.52,23.27,23.3,23.3,38317900,0.0,1.0,MCD
2006-10-02,22.97,23.35,22.87,23.2,23.2,14210800,0.0,1.0,MCD
2006-09-29,23.22,23.42,22.97,22.97,22.97,11915800,0.0,1.0,MCD
2006-09-28,23.35,23.45,23.04,23.25,23.25,7592700,0.0,1.0,MCD
2006-09-27,23.15,23.52,23.15,23.38,23.38,14464200,0.0,1.0,MCD
2006-09-26,22.67,22.95,22.64,22.94,22.94,7559900,0.0,1.0,MCD
2006-09-25,22.43,22.88,22.36,22.81,22.81,15575300,0.0,1.0,MCD
2006-09-22,22.48,22.63,22.36,22.44,22.44,5591100,0.0,1.0,MCD
2006-09-21,22.24,22.56,22.2,22.51,22.51,8466200,0.0,1.0,MCD
2006-09-20,22.18,22.27,22.09,22.18,22.18,6323500,0.0,1.0,MCD
2006-09-19,22.04,22.14,21.92,22.07,22.07,5353200,0.0,1.0,MCD
2006-09-18,22.16,22.17,21.9,21.97,21.97,4902800,0.0,1.0,MCD
2006-09-15,22.05,22.21,21.89,22.16,22.16,13112200,0.0,1.0,MCD
2006-09-14,22.11,22.21,21.74,21.92,21.92,9699600,0.0,1.0,MCD
2006-09-13,22.33,22.37,22.2,22.22,22.22,12759300,0.0,1.0,MCD
2006-09-12,21.96,22.48,21.93,22.43,22.43,19393300,0.0,1.0,MCD
2006-09-11,22.08,22.17,21.79,21.8,21.8,11202700,0.0,1.0,MCD
2006-09-08,21.54,22.03,21.35,22.02,22.02,8451700,0.0,1.0,MCD
2006-09-07,21.21,21.5,21.17,21.44,21.44,4125400,0.0,1.0,MCD
2006-09-06,21.35,21.48,21.24,21.27,21.27,5244800,0.0,1.0,MCD
2006-09-05,21.46,21.59,21.39,21.52,21.52,3903900,0.0,1.0,MCD
2006-09-01,21.29,21.61,21.15,21.59,21.59,6925900,0.0,1.0,MCD
2006-08-31,21.23,21.25,21.0,21.08,21.08,2544900,0.0,1.0,MCD
2006-08-30,21.24,21.26,21.02,21.23,21.23,2957000,0.0,1.0,MCD
2006-08-29,21.03,21.23,20.98,21.19,21.19,2968300,0.0,1.0,MCD
2006-08-28,20.64,21.1,20.63,21.03,21.03,3714000,0.0,1.0,MCD
2006-08-25,20.92,20.96,20.65,20.69,20.69,3064800,0.0,1.0,MCD
2006-08-24,20.9,21.07,20.65,21.07,21.07,4326000,0.0,1.0,MCD
2006-08-23,20.88,20.99,20.71,20.9,20.9,3893500,0.0,1.0,MCD
2006-08-22,20.97,21.15,20.8,20.9,20.9,3346300,0.0,1.0,MCD
2006-08-21,21.2,21.2,20.92,20.97,20.97,3379700,0.0,1.0,MCD
2006-08-18,21.28,21.28,21.09,21.25,21.25,3286900,0.0,1.0,MCD
2006-08-17,21.15,21.29,21.09,21.28,21.28,4143700,0.0,1.0,MCD
2006-08-16,20.9,21.13,20.8,21.12,21.12,4412800,0.0,1.0,MCD
2006-08-15,20.66,20.89,20.51,20.85,20.85,4611900,0.0,1.0,MCD
2006-08-14,20.5,20.61,20.35,20.39,20.39,3550700,0.0,1.0,MCD
2006-08-11,20.48,20.53,20.26,20.37,20.37,2507100,0.0,1.0,MCD
2006-08-10,20.1,20.6,20.09,20.48,20.48,4501900,0.0,1.0,MCD
2006-08-09,20.85,20.86,20.12,20.18,20.18,8927200,0.0,1.0,MCD
2006-08-08,20.86,20.95,20.52,20.65,20.65,8325100,0.0,1.0,MCD
2006-08-07,20.7,20.88,20.68,20.86,20.86,2857600,0.0,1.0,MCD
2006-08-04,21.13,21.17,20.69,20.79,20.79,5142900,0.0,1.0,MCD
2006-08-03,20.76,21.14,20.64,21.05,21.05,5452000,0.0,1.0,MCD
2006-08-02,20.85,20.96,20.54,20.9,20.9,5352000,0.0,1.0,MCD
2006-08-01,20.67,20.69,20.46,20.6,20.6,3914700,0.0,1.0,MCD
2006-07-31,20.77,20.85,20.63,20.78,20.78,4098700,0.0,1.0,MCD
2006-07-28,20.79,20.79,20.33,20.72,20.72,5034200,0.0,1.0,MCD
2006-07-27,20.38,20.52,20.23,20.39,20.39,5281300,0.0,1.0,MCD
2006-07-26,20.25,20.42,20.19,20.23,20.23,6801400,0.0,1.0,MCD
2006-07-25,20.55,20.75,20.35,20.41,20.41,8185475,0.0,1.0,MCD
2006-07-24,20.37,20.53,20.3,20.46,20.46,4144800,0.0,1.0,MCD
2006-07-21,20.39,20.41,20.23,20.38,20.38,5696300,0.0,1.0,MCD
2006-07-20,20.5,20.55,20.27,20.36,20.36,4997000,0.0,1.0,MCD
2006-07-19,20.44,20.67,20.38,20.61,20.61,6201000,0.0,1.0,MCD
2006-07-18,20.52,20.65,20.3,20.44,20.44,8332100,0.0,1.0,MCD
2006-07-17,19.97,20.53,19.84,20.39,20.39,12845000,0.0,1.0,MCD
2006-07-14,19.35,19.45,19.23,19.4,19.4,5022400,0.0,1.0,MCD
2006-07-13,19.7,19.78,19.42,19.48,19.48,4478800,0.0,1.0,MCD
2006-07-12,20.19,20.23,19.77,19.85,19.85,5317000,0.0,1.0,MCD
2006-07-11,19.84,20.16,19.55,20.13,20.13,5715000,0.0,1.0,MCD
2006-07-10,19.67,19.9,19.61,19.78,19.78,3825300,0.0,1.0,MCD
2006-07-07,19.78,19.79,19.43,19.48,19.48,4125300,0.0,1.0,MCD
2006-07-06,19.8,19.87,19.63,19.78,19.78,3668100,0.0,1.0,MCD
2006-07-05,19.64,19.89,19.55,19.82,19.82,4384600,0.0,1.0,MCD
2006-07-03,19.73,19.97,19.71,19.95,19.95,1764400,0.0,1.0,MCD
2006-06-30,19.85,20.32,19.71,19.73,19.73,7905700,0.0,1.0,MCD
2006-06-29,19.04,19.78,19.03,19.71,19.71,9137200,0.0,1.0,MCD
2006-06-28,19.08,19.14,18.74,18.77,18.77,8569800,0.0,1.0,MCD
2006-06-27,19.08,19.25,19.08,19.09,19.09,4593800,0.0,1.0,MCD
2006-06-26,19.14,19.26,19.04,19.18,19.18,3812300,0.0,1.0,MCD
2006-06-23,19.11,19.38,19.08,19.14,19.14,3769400,0.0,1.0,MCD
2006-06-22,19.5,19.61,19.07,19.11,19.11,5239700,0.0,1.0,MCD
2006-06-21,19.29,19.7,19.29,19.61,19.61,6911000,0.0,1.0,MCD
2006-06-20,19.41,19.44,19.2,19.35,19.35,5100900,0.0,1.0,MCD
2006-06-19,19.44,19.52,19.24,19.29,19.29,4129400,0.0,1.0,MCD
2006-06-16,19.55,19.58,19.34,19.46,19.46,6044900,0.0,1.0,MCD
2006-06-15,19.33,19.69,19.17,19.58,19.58,6635500,0.0,1.0,MCD
2006-06-14,18.79,19.35,18.77,19.29,19.29,7856300,0.0,1.0,MCD
2006-06-13,19.65,19.65,18.63,18.76,18.76,7657900,0.0,1.0,MCD
2006-06-12,19.64,19.74,19.28,19.34,19.34,5335000,0.0,1.0,MCD
2006-06-09,19.79,19.89,19.61,19.71,19.71,4131600,0.0,1.0,MCD
2006-06-08,19.67,19.81,19.37,19.78,19.78,8470300,0.0,1.0,MCD
2006-06-07,19.67,19.83,19.55,19.57,19.57,5070600,0.0,1.0,MCD
2006-06-06,19.52,19.7,19.27,19.56,19.56,5780300,0.0,1.0,MCD
2006-06-05,19.67,19.71,19.42,19.47,19.47,4387300,0.0,1.0,MCD
2006-06-02,19.73,19.84,19.52,19.68,19.68,4423400,0.0,1.0,MCD
2006-06-01,19.36,19.81,19.35,19.78,19.78,6745800,0.0,1.0,MCD
2006-05-31,19.25,19.54,19.21,19.48,19.48,6087800,0.0,1.0,MCD
2006-05-30,19.26,19.42,19.15,19.21,19.21,4502700,0.0,1.0,MCD
2006-05-26,19.58,19.58,19.31,19.33,19.33,6168500,0.0,1.0,MCD
2006-05-25,19.46,19.54,19.31,19.53,19.53,7128000,0.0,1.0,MCD
2006-05-24,19.75,19.78,19.25,19.35,19.35,9722100,0.0,1.0,MCD
2006-05-23,19.98,20.04,19.69,19.69,19.69,5207900,0.0,1.0,MCD
2006-05-22,20.01,20.05,19.68,19.98,19.98,7387900,0.0,1.0,MCD
2006-05-19,20.35,20.39,19.95,20.05,20.05,6252800,0.0,1.0,MCD
2006-05-18,20.45,20.53,20.21,20.22,20.22,5374800,0.0,1.0,MCD
2006-05-17,20.28,20.41,20.22,20.29,20.29,6572400,0.0,1.0,MCD
2006-05-16,20.58,20.62,20.36,20.38,20.38,3320100,0.0,1.0,MCD
2006-05-15,20.48,20.55,20.32,20.53,20.53,4066000,0.0,1.0,MCD
2006-05-12,20.77,20.86,20.48,20.48,20.48,5397100,0.0,1.0,MCD
2006-05-11,21.11,21.12,20.68,20.76,20.76,4927600,0.0,1.0,MCD
2006-05-10,21.0,21.13,20.96,21.12,21.12,4813600,0.0,1.0,MCD
2006-05-09,20.96,21.1,20.89,21.04,21.04,5933100,0.0,1.0,MCD
2006-05-08,20.68,20.78,20.67,20.78,20.78,4038800,0.0,1.0,MCD
2006-05-05,20.48,20.7,20.46,20.68,20.68,6408400,0.0,1.0,MCD
2006-05-04,20.46,20.6,20.43,20.46,20.46,4646200,0.0,1.0,MCD
2006-05-03,20.19,20.48,20.15,20.47,20.47,4472600,0.0,1.0,MCD
2006-05-02,20.2,20.28,20.09,20.21,20.21,3975400,0.0,1.0,MCD
2006-05-01,20.3,20.41,20.15,20.18,20.18,4054700,0.0,1.0,MCD
2006-04-28,20.32,20.39,20.14,20.3,20.3,4714000,0.0,1.0,MCD
2006-04-27,19.88,20.35,19.88,20.33,20.33,4864300,0.0,1.0,MCD
2006-04-26,19.91,20.04,19.79,20.03,20.03,4218300,0.0,1.0,MCD
2006-04-25,20.0,20.07,19.85,19.88,19.88,7113900,0.0,1.0,MCD
2006-04-24,20.17,20.23,20.01,20.12,20.12,5687200,0.0,1.0,MCD
2006-04-21,20.48,20.55,20.18,20.32,20.32,6320500,0.0,1.0,MCD
2006-04-20,20.29,20.62,20.29,20.6,20.6,5006100,0.0,1.0,MCD
2006-04-19,20.16,20.46,20.16,20.29,20.29,3408600,0.0,1.0,MCD
2006-04-18,20.15,20.36,20.03,20.25,20.25,5441100,0.0,1.0,MCD
2006-04-17,20.42,20.45,19.99,20.15,20.15,6301700,0.0,1.0,MCD
2006-04-13,20.78,20.84,20.38,20.46,20.46,10711400,0.0,1.0,MCD
2006-04-12,20.77,20.79,20.53,20.66,20.66,6314200,0.0,1.0,MCD
2006-04-11,20.78,20.89,20.66,20.88,20.88,5525900,0.0,1.0,MCD
2006-04-10,20.55,20.82,20.52,20.76,20.76,6109500,0.0,1.0,MCD
2006-04-07,20.32,20.55,20.25,20.48,20.48,4716800,0.0,1.0,MCD
2006-04-06,20.44,20.5,20.24,20.32,20.32,4033800,0.0,1.0,MCD
2006-04-05,20.29,20.49,20.22,20.44,20.44,5667500,0.0,1.0,MCD
2006-04-04,20.48,20.5,20.3,20.35,20.35,4283000,0.0,1.0,MCD
2006-04-03,20.29,20.5,20.22,20.39,20.39,5750000,0.0,1.0,MCD
2006-03-31,20.26,20.34,20.12,20.18,20.18,4020100,0.0,1.0,MCD
2006-03-30,20.21,20.43,20.07,20.29,20.29,4039100,0.0,1.0,MCD
2006-03-29,20.08,20.35,20.06,20.32,20.32,2583800,0.0,1.0,MCD
2006-03-28,20.18,20.42,20.13,20.15,20.15,4430800,0.0,1.0,MCD
2006-03-27,20.21,20.35,20.18,20.29,20.29,3338600,0.0,1.0,MCD
2006-03-24,20.28,20.47,20.2,20.38,20.38,3230600,0.0,1.0,MCD
2006-03-23,20.44,20.44,20.18,20.28,20.28,4451300,0.0,1.0,MCD
2006-03-22,20.57,20.63,20.33,20.43,20.43,4218100,0.0,1.0,MCD
2006-03-21,20.36,20.63,20.36,20.49,20.49,5700400,0.0,1.0,MCD
2006-03-20,20.52,20.59,20.36,20.39,20.39,3983900,0.0,1.0,MCD
2006-03-17,20.69,20.7,20.55,20.61,20.61,5983900,0.0,1.0,MCD
2006-03-16,20.38,20.63,20.38,20.59,20.59,5637800,0.0,1.0,MCD
2006-03-15,20.09,20.45,20.08,20.42,20.42,5235500,0.0,1.0,MCD
2006-03-14,20.07,20.21,20.04,20.12,20.12,5652900,0.0,1.0,MCD
2006-03-13,20.28,20.38,20.03,20.15,20.15,6117300,0.0,1.0,MCD
2006-03-10,20.32,20.56,20.28,20.35,20.35,3991100,0.0,1.0,MCD
2006-03-09,20.33,20.39,20.19,20.28,20.28,5009600,0.0,1.0,MCD
2006-03-08,20.36,20.49,20.35,20.36,20.36,6588600,0.0,1.0,MCD
2006-03-07,20.29,20.42,20.22,20.34,20.34,7942300,0.0,1.0,MCD
2006-03-06,20.32,20.53,20.3,20.36,20.36,4145000,0.0,1.0,MCD
2006-03-03,20.41,20.59,20.34,20.46,20.46,5270700,0.0,1.0,MCD
2006-03-02,20.51,20.55,20.37,20.52,20.52,4566200,0.0,1.0,MCD
2006-03-01,20.55,20.66,20.22,20.51,20.51,5910300,0.0,1.0,MCD
2006-02-28,20.73,20.83,20.49,20.5,20.5,5522700,0.0,1.0,MCD
2006-02-27,20.73,20.86,20.62,20.7,20.7,4262100,0.0,1.0,MCD
2006-02-24,20.84,20.86,20.66,20.75,20.75,4802800,0.0,1.0,MCD
2006-02-23,20.99,21.13,20.85,20.9,20.9,3751800,0.0,1.0,MCD
2006-02-22,20.99,21.19,20.98,21.11,21.11,4323400,0.0,1.0,MCD
2006-02-21,21.07,21.14,20.76,20.94,20.94,5250300,0.0,1.0,MCD
2006-02-17,21.36,21.4,21.15,21.17,21.17,4802300,0.0,1.0,MCD
2006-02-16,21.13,21.37,21.06,21.36,21.36,3963500,0.0,1.0,MCD
2006-02-15,21.29,21.3,20.99,21.15,21.15,7669400,0.0,1.0,MCD
2006-02-14,21.35,21.46,21.18,21.36,21.36,5392300,0.0,1.0,MCD
2006-02-13,21.38,21.49,21.23,21.35,21.35,3421100,0.0,1.0,MCD
2006-02-10,21.3,21.41,21.2,21.33,21.33,5741200,0.0,1.0,MCD
2006-02-09,21.32,21.43,21.27,21.32,21.32,4889600,0.0,1.0,MCD
2006-02-08,21.49,21.58,21.29,21.35,21.35,6444300,0.0,1.0,MCD
2006-02-07,21.32,21.44,21.17,21.25,21.25,4868600,0.0,1.0,MCD
2006-02-06,21.14,21.4,21.08,21.22,21.22,7163500,0.0,1.0,MCD
2006-02-03,20.82,21.19,20.81,21.12,21.12,6852900,0.0,1.0,MCD
2006-02-02,20.75,21.03,20.65,20.82,20.82,5409500,0.0,1.0,MCD
2006-02-01,20.56,20.97,20.55,20.95,20.95,7186600,0.0,1.0,MCD
2006-01-31,20.58,20.7,20.49,20.56,20.56,6988200,0.0,1.0,MCD
2006-01-30,20.49,20.59,20.45,20.56,20.56,8004200,0.0,1.0,MCD
2006-01-27,20.52,20.69,20.51,20.58,20.58,7355400,0.0,1.0,MCD
2006-01-26,20.85,20.96,20.41,20.52,20.52,12358000,0.0,1.0,MCD
2006-01-25,21.14,21.22,20.29,20.65,20.65,21016500,0.0,1.0,MCD
2006-01-24,21.1,21.32,20.95,21.05,21.05,9685600,0.0,1.0,MCD
2006-01-23,21.06,21.19,20.71,20.97,20.97,6944500,0.0,1.0,MCD
2006-01-20,20.67,21.09,20.61,21.06,21.06,11436800,0.0,1.0,MCD
2006-01-19,20.73,20.77,20.55,20.67,20.67,9093800,0.0,1.0,MCD
2006-01-18,20.31,20.81,20.21,20.35,20.35,10550100,0.0,1.0,MCD
2006-01-17,20.39,20.64,20.27,20.31,20.31,5499100,0.0,1.0,MCD
2006-01-13,20.35,20.4,20.17,20.24,20.24,4807700,0.0,1.0,MCD
2006-01-12,20.7,20.74,20.4,20.43,20.43,11593600,0.0,1.0,MCD
2006-01-11,20.45,20.76,20.43,20.75,20.75,8209000,0.0,1.0,MCD
2006-01-10,20.32,20.46,20.28,20.4,20.4,7021800,0.0,1.0,MCD
2006-01-09,19.97,20.4,19.96,20.38,20.38,4659900,0.0,1.0,MCD
2006-01-06,20.1,20.14,19.85,20.0,20.0,5877100,0.0,1.0,MCD
2006-01-05,19.86,20.08,19.8,19.88,19.88,6245200,0.0,1.0,MCD
2006-01-04,19.63,19.88,19.62,19.86,19.86,5990200,0.0,1.0,MCD
2006-01-03,20.14,20.14,19.5,19.68,19.68,9250100,0.0,1.0,MCD
2005-12-30,20.02,20.14,19.72,19.8,19.8,4219600,0.0,1.0,MCD
2005-12-29,19.99,20.14,19.97,20.05,20.05,2530600,0.0,1.0,MCD
2005-12-28,20.02,20.19,19.98,20.08,20.08,2212000,0.0,1.0,MCD
2005-12-27,20.3,20.39,19.97,20.02,20.02,3039700,0.0,1.0,MCD
2005-12-23,20.38,20.38,20.16,20.29,20.29,1930300,0.0,1.0,MCD
2005-12-22,20.26,20.36,20.03,20.31,20.31,3326600,0.0,1.0,MCD
2005-12-21,20.08,20.41,20.08,20.22,20.22,4031000,0.0,1.0,MCD
2005-12-20,19.97,20.17,19.85,20.05,20.05,4172500,0.0,1.0,MCD
2005-12-19,20.35,20.51,20.01,20.02,20.02,3801800,0.0,1.0,MCD
2005-12-16,20.55,20.62,20.37,20.41,20.41,7956600,0.0,1.0,MCD
2005-12-15,20.85,20.96,20.46,20.54,20.54,5615400,0.0,1.0,MCD
2005-12-14,20.65,20.93,20.62,20.85,20.85,4990100,0.0,1.0,MCD
2005-12-13,20.17,20.87,20.17,20.71,20.71,5928000,0.0,1.0,MCD
2005-12-12,20.46,20.46,20.16,20.24,20.24,3962900,0.0,1.0,MCD
2005-12-09,20.61,20.68,20.02,20.46,20.46,4617000,0.0,1.0,MCD
2005-12-08,20.62,20.76,20.38,20.45,20.45,5474600,0.0,1.0,MCD
2005-12-07,20.55,20.71,20.44,20.71,20.71,6290600,0.0,1.0,MCD
2005-12-06,20.45,20.71,20.42,20.65,20.65,8155500,0.0,1.0,MCD
2005-12-05,20.4,20.5,20.2,20.3,20.3,6958700,0.0,1.0,MCD
2005-12-02,20.58,20.7,20.41,20.5,20.5,8186900,0.0,1.0,MCD
2005-12-01,20.1,20.78,20.0,20.75,20.75,13905500,0.0,1.0,MCD
2005-11-30,20.05,20.41,19.87,19.88,19.88,8158600,0.0,1.0,MCD
2005-11-29,20.11,20.31,19.89,19.92,19.92,6594800,0.0,1.0,MCD
2005-11-28,19.75,20.02,19.68,19.94,19.94,6393500,0.0,1.0,MCD
2005-11-25,19.83,19.84,19.65,19.65,19.65,2311200,0.0,1.0,MCD
2005-11-23,19.4,19.89,19.38,19.79,19.79,6450800,0.0,1.0,MCD
2005-11-22,19.39,19.42,19.26,19.37,19.37,4723500,0.0,1.0,MCD
2005-11-21,19.39,19.48,19.27,19.42,19.42,4801300,0.0,1.0,MCD
2005-11-18,19.7,19.7,19.34,19.43,19.43,7016200,0.0,1.0,MCD
2005-11-17,19.42,19.59,19.31,19.49,19.49,5802400,0.0,1.0,MCD
2005-11-16,19.59,19.73,19.22,19.26,19.26,6758100,0.0,1.0,MCD
2005-11-15,19.86,19.99,19.47,19.56,19.56,8585100,0.0,1.0,MCD
2005-11-14,19.85,20.11,19.82,19.92,19.92,7199800,0.0,1.0,MCD
2005-11-11,19.58,19.9,19.4,19.85,19.85,6682400,0.0,1.0,MCD
2005-11-10,19.35,19.54,19.21,19.51,19.51,6847600,0.67,1.0,MCD
2005-11-09,19.57,19.67,19.16,19.18,19.18,6877100,0.0,1.0,MCD
2005-11-08,19.4,19.6,19.18,19.57,19.57,9653000,0.0,1.0,MCD
2005-11-07,19.14,19.46,19.05,19.4,19.4,12334000,0.0,1.0,MCD
2005-11-04,19.16,19.27,19.01,19.24,19.24,6116900,0.0,1.0,MCD
2005-11-03,18.68,19.18,18.62,19.13,19.13,10297500,0.0,1.0,MCD
2005-11-02,18.53,18.68,18.38,18.57,18.57,7612400,0.0,1.0,MCD
2005-11-01,18.84,18.84,18.19,18.29,18.29,17401100,0.0,1.0,MCD
2005-10-31,18.59,18.87,18.16,18.19,18.19,18254300,0.0,1.0,MCD
2005-10-28,18.33,18.59,18.16,18.59,18.59,6599100,0.0,1.0,MCD
2005-10-27,18.59,18.64,18.12,18.16,18.16,6098100,0.0,1.0,MCD
2005-10-26,18.99,19.02,18.6,18.6,18.6,4660600,0.0,1.0,MCD
2005-10-25,19.02,19.23,18.79,18.99,18.99,6204400,0.0,1.0,MCD
2005-10-24,18.79,19.08,18.63,19.06,19.06,6886400,0.0,1.0,MCD
2005-10-21,18.32,18.93,18.32,18.7,18.7,11964400,0.0,1.0,MCD
2005-10-20,19.25,19.26,18.43,18.65,18.65,10984400,0.0,1.0,MCD
2005-10-19,18.82,19.58,18.68,19.39,19.39,8869200,0.0,1.0,MCD
2005-10-18,18.88,18.92,18.59,18.69,18.69,4710200,0.0,1.0,MCD
2005-10-17,18.6,18.83,18.6,18.82,18.82,4939800,0.0,1.0,MCD
2005-10-14,18.51,18.63,18.43,18.6,18.6,6701900,0.0,1.0,MCD
2005-10-13,18.63,18.83,18.29,18.45,18.45,10285200,0.0,1.0,MCD
2005-10-12,18.56,18.71,18.2,18.23,18.23,6891500,0.0,1.0,MCD
2005-10-11,19.02,19.22,18.6,18.62,18.62,7477900,0.0,1.0,MCD
2005-10-10,18.69,18.69,18.52,18.62,18.62,5460200,0.0,1.0,MCD
2005-10-07,18.86,18.86,18.47,18.55,18.55,5966800,0.0,1.0,MCD
2005-10-06,18.91,19.1,18.71,18.84,18.84,8038000,0.0,1.0,MCD
2005-10-05,18.85,19.08,18.78,18.91,18.91,7328600,0.0,1.0,MCD
2005-10-04,19.25,19.31,18.89,18.93,18.93,9187500,0.0,1.0,MCD
2005-10-03,19.23,19.56,19.23,19.5,19.5,5742600,0.0,1.0,MCD
2005-09-30,19.28,19.37,19.06,19.28,19.28,7138400,0.0,1.0,MCD
2005-09-29,19.03,19.32,18.99,19.27,19.27,5636000,0.0,1.0,MCD
2005-09-28,19.25,19.54,19.05,19.05,19.05,6425800,0.0,1.0,MCD
2005-09-27,19.11,19.17,18.98,19.0,19.0,9808500,0.0,1.0,MCD
2005-09-26,18.97,19.43,18.97,19.14,19.14,8828200,0.0,1.0,MCD
2005-09-23,18.99,19.33,18.74,18.79,18.79,8232500,0.0,1.0,MCD
2005-09-22,18.09,19.08,18.03,19.05,19.05,12830500,0.0,1.0,MCD
2005-09-21,18.7,18.78,18.02,18.09,18.09,13572300,0.0,1.0,MCD
2005-09-20,19.28,19.49,18.71,18.78,18.78,7783700,0.0,1.0,MCD
2005-09-19,19.44,19.59,19.27,19.28,19.28,7524400,0.0,1.0,MCD
2005-09-16,19.42,20.16,19.31,19.71,19.71,25124600,0.0,1.0,MCD
2005-09-15,18.63,19.28,18.63,19.25,19.25,9369100,0.0,1.0,MCD
2005-09-14,19.17,19.17,18.6,18.63,18.63,7436000,0.0,1.0,MCD
2005-09-13,19.43,19.5,19.06,19.06,19.06,6922500,0.0,1.0,MCD
2005-09-12,19.52,19.67,19.4,19.46,19.46,6572300,0.0,1.0,MCD
2005-09-09,19.21,19.81,19.16,19.65,19.65,12547900,0.0,1.0,MCD
2005-09-08,19.27,19.37,19.1,19.21,19.21,6233500,0.0,1.0,MCD
2005-09-07,19.02,19.5,19.0,19.4,19.4,12166600,0.0,1.0,MCD
2005-09-06,18.72,18.95,18.64,18.8,18.8,6878500,0.0,1.0,MCD
2005-09-02,18.32,18.43,18.26,18.36,18.36,5643600,0.0,1.0,MCD
2005-09-01,18.59,18.63,18.15,18.16,18.16,8614600,0.0,1.0,MCD
2005-08-31,18.74,18.85,18.44,18.68,18.68,6655300,0.0,1.0,MCD
2005-08-30,19.05,19.05,18.54,18.65,18.65,8607700,0.0,1.0,MCD
2005-08-29,19.08,19.25,18.86,19.09,19.09,6764400,0.0,1.0,MCD
2005-08-26,19.05,19.34,18.98,19.27,19.27,7884300,0.0,1.0,MCD
2005-08-25,18.94,19.28,18.94,19.17,19.17,9425800,0.0,1.0,MCD
2005-08-24,18.99,19.14,18.86,18.98,18.98,7465400,0.0,1.0,MCD
2005-08-23,19.1,19.13,18.91,19.02,19.02,5803400,0.0,1.0,MCD
2005-08-22,19.21,19.25,19.02,19.16,19.16,4519900,0.0,1.0,MCD
2005-08-19,19.14,19.31,19.12,19.21,19.21,5510600,0.0,1.0,MCD
2005-08-18,19.34,19.36,19.02,19.22,19.22,6848900,0.0,1.0,MCD
2005-08-17,19.01,19.67,18.98,19.5,19.5,11185600,0.0,1.0,MCD
2005-08-16,19.28,19.41,19.02,19.09,19.09,7406200,0.0,1.0,MCD
2005-08-15,18.78,19.36,18.78,19.34,19.34,6665400,0.0,1.0,MCD
2005-08-12,19.42,19.55,19.04,19.14,19.14,12759300,0.0,1.0,MCD
2005-08-11,18.97,19.97,18.91,19.97,19.97,17421600,0.0,1.0,MCD
2005-08-10,18.68,18.98,18.56,18.82,18.82,8547300,0.0,1.0,MCD
2005-08-09,18.59,18.68,18.44,18.67,18.67,5902700,0.0,1.0,MCD
2005-08-08,18.28,18.64,18.28,18.5,18.5,10226400,0.0,1.0,MCD
2005-08-05,17.9,18.13,17.9,18.02,18.02,5058400,0.0,1.0,MCD
2005-08-04,18.16,18.22,17.9,17.96,17.96,4514900,0.0,1.0,MCD
2005-08-03,18.02,18.27,17.96,18.2,18.2,6199500,0.0,1.0,MCD
2005-08-02,18.03,18.18,17.97,18.12,18.12,5378200,0.0,1.0,MCD
2005-08-01,17.41,18.03,17.41,17.95,17.95,5361800,0.0,1.0,MCD
2005-07-29,17.56,17.95,17.56,17.94,17.94,7402200,0.0,1.0,MCD
2005-07-28,17.33,17.52,17.33,17.43,17.43,4683900,0.0,1.0,MCD
2005-07-27,17.47,17.52,17.25,17.31,17.31,6752800,0.0,1.0,MCD
2005-07-26,17.63,17.71,17.44,17.48,17.48,5244400,0.0,1.0,MCD
2005-07-25,17.64,17.73,17.55,17.63,17.63,4333900,0.0,1.0,MCD
2005-07-22,17.58,17.83,17.56,17.81,17.81,5200800,0.0,1.0,MCD
2005-07-21,17.56,17.99,17.42,17.72,17.72,5540800,0.0,1.0,MCD
2005-07-20,17.66,17.84,17.61,17.79,17.79,4812400,0.0,1.0,MCD
2005-07-19,17.78,17.82,17.69,17.76,17.76,4759700,0.0,1.0,MCD
2005-07-18,17.74,17.83,17.61,17.79,17.79,5227500,0.0,1.0,MCD
2005-07-15,17.22,17.88,17.04,17.84,17.84,14489100,0.0,1.0,MCD
2005-07-14,17.04,17.23,17.0,17.04,17.04,9087000,0.0,1.0,MCD
2005-07-13,16.79,17.05,16.78,17.03,17.03,6471900,0.0,1.0,MCD
2005-07-12,16.82,16.84,16.69,16.78,16.78,5273900,0.0,1.0,MCD
2005-07-11,16.62,16.73,16.55,16.68,16.68,5937800,0.0,1.0,MCD
2005-07-08,16.12,16.62,15.99,16.49,16.49,9319200,0.0,1.0,MCD
2005-07-07,15.85,16.15,15.75,16.12,16.12,6099500,0.0,1.0,MCD
2005-07-06,16.1,16.11,15.89,15.94,15.94,4709800,0.0,1.0,MCD
2005-07-05,16.01,16.17,15.95,16.1,16.1,4017200,0.0,1.0,MCD
2005-07-01,16.01,16.19,15.96,16.08,16.08,4486700,0.0,1.0,MCD
2005-06-30,16.15,16.23,15.97,15.97,15.97,8062100,0.0,1.0,MCD
2005-06-29,16.29,16.37,16.05,16.07,16.07,6386100,0.0,1.0,MCD
2005-06-28,16.21,16.39,16.19,16.26,16.26,5123800,0.0,1.0,MCD
2005-06-27,16.23,16.38,16.19,16.21,16.21,3512800,0.0,1.0,MCD
2005-06-24,16.45,16.51,16.24,16.28,16.28,7044000,0.0,1.0,MCD
2005-06-23,16.66,16.75,16.44,16.45,16.45,6860300,0.0,1.0,MCD
2005-06-22,16.84,16.86,16.67,16.7,16.7,4283800,0.0,1.0,MCD
2005-06-21,16.67,16.8,16.6,16.72,16.72,5860600,0.0,1.0,MCD
2005-06-20,16.61,16.78,16.58,16.73,16.73,3777600,0.0,1.0,MCD
2005-06-17,16.92,16.92,16.68,16.69,16.69,7370600,0.0,1.0,MCD
2005-06-16,16.7,16.8,16.65,16.77,16.77,4905600,0.0,1.0,MCD
2005-06-15,16.87,16.91,16.58,16.66,16.66,6803600,0.0,1.0,MCD
2005-06-14,16.78,17.01,16.78,16.87,16.87,4898000,0.0,1.0,MCD
2005-06-13,16.74,16.95,16.64,16.76,16.76,8162400,0.0,1.0,MCD
2005-06-10,16.75,17.0,16.68,17.0,17.0,7988200,0.0,1.0,MCD
2005-06-09,16.82,16.85,16.55,16.68,16.68,8293800,0.0,1.0,MCD
2005-06-08,17.02,17.07,16.8,16.82,16.82,11257000,0.0,1.0,MCD
2005-06-07,17.47,17.55,16.88,17.02,17.02,11748800,0.0,1.0,MCD
2005-06-06,17.5,17.53,17.38,17.5,17.5,4064100,0.0,1.0,MCD
2005-06-03,17.87,17.89,17.54,17.56,17.56,3814500,0.0,1.0,MCD
2005-06-02,17.78,17.96,17.73,17.91,17.91,3165300,0.0,1.0,MCD
2005-06-01,17.75,17.93,17.67,17.86,17.86,4223500,0.0,1.0,MCD
2005-05-31,17.94,17.94,17.8,17.81,17.81,5551600,0.0,1.0,MCD
2005-05-27,18.07,18.07,17.94,17.99,17.99,2932100,0.0,1.0,MCD
2005-05-26,17.84,18.13,17.82,18.12,18.12,5047200,0.0,1.0,MCD
2005-05-25,17.77,17.84,17.71,17.78,17.78,3762400,0.0,1.0,MCD
2005-05-24,17.95,18.01,17.65,17.77,17.77,5179200,0.0,1.0,MCD
2005-05-23,17.76,18.13,17.76,18.03,18.03,4464600,0.0,1.0,MCD
2005-05-20,17.79,17.92,17.69,17.81,17.81,4019500,0.0,1.0,MCD
2005-05-19,17.75,17.86,17.64,17.83,17.83,5007900,0.0,1.0,MCD
2005-05-18,17.35,17.65,17.31,17.6,17.6,5199100,0.0,1.0,MCD
2005-05-17,17.2,17.3,17.07,17.25,17.25,3429800,0.0,1.0,MCD
2005-05-16,17.1,17.27,17.04,17.2,17.2,3861600,0.0,1.0,MCD
2005-05-13,17.06,17.17,16.98,17.07,17.07,4465000,0.0,1.0,MCD
2005-05-12,17.26,17.32,17.14,17.14,17.14,4864400,0.0,1.0,MCD
2005-05-11,17.27,17.35,17.1,17.18,17.18,5780300,0.0,1.0,MCD
2005-05-10,17.24,17.45,17.15,17.33,17.33,4499200,0.0,1.0,MCD
2005-05-09,17.1,17.35,17.04,17.34,17.34,6065900,0.0,1.0,MCD
2005-05-06,17.25,17.3,16.91,16.91,16.91,6281100,0.0,1.0,MCD
2005-05-05,17.38,17.43,17.13,17.23,17.23,4703100,0.0,1.0,MCD
2005-05-04,17.15,17.42,17.11,17.34,17.34,4829400,0.0,1.0,MCD
2005-05-03,17.11,17.27,17.04,17.15,17.15,6839500,0.0,1.0,MCD
2005-05-02,16.76,17.04,16.76,17.02,17.02,5036000,0.0,1.0,MCD
2005-04-29,17.04,17.15,16.76,16.87,16.87,7557600,0.0,1.0,MCD
2005-04-28,17.18,17.35,17.04,17.04,17.04,5318400,0.0,1.0,MCD
2005-04-27,17.19,17.5,17.15,17.36,17.36,4795900,0.0,1.0,MCD
2005-04-26,17.35,17.42,17.23,17.27,17.27,4676400,0.0,1.0,MCD
2005-04-25,17.25,17.54,17.1,17.43,17.43,5169900,0.0,1.0,MCD
2005-04-22,17.56,17.64,17.12,17.3,17.3,8272000,0.0,1.0,MCD
2005-04-21,17.42,17.56,16.99,17.14,17.14,6525200,0.0,1.0,MCD
2005-04-20,17.32,17.43,17.1,17.23,17.23,5267800,0.0,1.0,MCD
2005-04-19,17.33,17.41,17.2,17.37,17.37,5122100,0.0,1.0,MCD
2005-04-18,17.35,17.39,16.91,17.33,17.33,8465100,0.0,1.0,MCD
2005-04-15,17.63,17.67,17.35,17.44,17.44,6510900,0.0,1.0,MCD
2005-04-14,18.03,18.04,17.69,17.71,17.71,4586400,0.0,1.0,MCD
2005-04-13,18.36,18.37,17.96,17.97,17.97,9357800,0.0,1.0,MCD
2005-04-12,17.61,17.87,17.45,17.79,17.79,5528000,0.0,1.0,MCD
2005-04-11,17.83,17.87,17.57,17.73,17.73,4897000,0.0,1.0,MCD
2005-04-08,18.12,18.29,17.91,17.92,17.92,3420500,0.0,1.0,MCD
2005-04-07,18.07,18.18,17.93,18.11,18.11,3916100,0.0,1.0,MCD
2005-04-06,17.92,18.25,17.84,18.13,18.13,4360500,0.0,1.0,MCD
2005-04-05,17.77,18.01,17.73,17.96,17.96,3643200,0.0,1.0,MCD
2005-04-04,17.88,17.92,17.64,17.84,17.84,5859300,0.0,1.0,MCD
2005-04-01,17.96,18.14,17.77,17.84,17.84,4399000,0.0,1.0,MCD
2005-03-31,18.19,18.19,17.9,17.92,17.92,5400600,0.0,1.0,MCD
2005-03-30,17.83,18.24,17.83,18.22,18.22,4418700,0.0,1.0,MCD
2005-03-29,18.04,18.09,17.82,17.86,17.86,5404500,0.0,1.0,MCD
2005-03-28,18.08,18.28,18.07,18.15,18.15,3355000,0.0,1.0,MCD
2005-03-24,18.17,18.3,18.1,18.18,18.18,3292600,0.0,1.0,MCD
2005-03-23,18.16,18.29,18.06,18.1,18.1,5302400,0.0,1.0,MCD
2005-03-22,18.24,18.37,18.09,18.1,18.1,4669700,0.0,1.0,MCD
2005-03-21,18.28,18.34,18.14,18.24,18.24,3022700,0.0,1.0,MCD
2005-03-18,18.32,18.39,18.02,18.36,18.36,8967600,0.0,1.0,MCD
2005-03-17,18.44,18.6,18.24,18.3,18.3,5287800,0.0,1.0,MCD
2005-03-16,18.59,18.7,18.45,18.6,18.6,3382300,0.0,1.0,MCD
2005-03-15,19.0,19.04,18.59,18.67,18.67,3970100,0.0,1.0,MCD
2005-03-14,18.73,18.99,18.73,18.97,18.97,4486700,0.0,1.0,MCD
2005-03-11,18.85,18.95,18.71,18.76,18.76,3468000,0.0,1.0,MCD
2005-03-10,18.79,18.87,18.71,18.85,18.85,5558500,0.0,1.0,MCD
2005-03-09,18.79,18.99,18.61,18.72,18.72,9408500,0.0,1.0,MCD
2005-03-08,19.57,19.57,18.95,19.27,19.27,8239500,0.0,1.0,MCD
2005-03-07,19.74,19.89,19.67,19.69,19.69,3978100,0.0,1.0,MCD
2005-03-04,19.34,19.7,19.28,19.55,19.55,4868200,0.0,1.0,MCD
2005-03-03,19.16,19.34,18.99,19.23,19.23,3323400,0.0,1.0,MCD
2005-03-02,19.02,19.47,19.02,19.16,19.16,4198400,0.0,1.0,MCD
2005-03-01,19.01,19.24,19.01,19.18,19.18,3378000,0.0,1.0,MCD
2005-02-28,18.98,19.14,18.91,19.04,19.04,4742800,0.0,1.0,MCD
2005-02-25,18.68,18.98,18.6,18.98,18.98,3328000,0.0,1.0,MCD
2005-02-24,18.67,19.18,18.56,18.79,18.79,2794400,0.0,1.0,MCD
2005-02-23,18.45,18.7,18.43,18.67,18.67,4308500,0.0,1.0,MCD
2005-02-22,18.6,18.68,18.39,18.39,18.39,3677400,0.0,1.0,MCD
2005-02-18,18.51,18.71,18.46,18.61,18.61,3830000,0.0,1.0,MCD
2005-02-17,18.7,18.71,18.54,18.59,18.59,3469500,0.0,1.0,MCD
2005-02-16,18.94,18.98,18.66,18.76,18.76,4746300,0.0,1.0,MCD
2005-02-15,18.76,19.1,18.76,19.09,19.09,5985100,0.0,1.0,MCD
2005-02-14,18.56,18.82,18.54,18.77,18.77,3492800,0.0,1.0,MCD
2005-02-11,18.36,18.7,18.3,18.56,18.56,5341200,0.0,1.0,MCD
2005-02-10,18.48,18.54,18.34,18.48,18.48,3584700,0.0,1.0,MCD
2005-02-09,18.65,18.7,18.4,18.4,18.4,4515400,0.0,1.0,MCD
2005-02-08,18.83,18.91,18.64,18.66,18.66,5179300,0.0,1.0,MCD
2005-02-07,18.64,18.91,18.64,18.87,18.87,5516100,0.0,1.0,MCD
2005-02-04,18.32,18.76,18.3,18.75,18.75,5137300,0.0,1.0,MCD
2005-02-03,18.19,18.48,18.07,18.45,18.45,3694200,0.0,1.0,MCD
2005-02-02,18.35,18.43,18.17,18.29,18.29,6577700,0.0,1.0,MCD
2005-02-01,18.45,18.53,18.37,18.41,18.41,5949100,0.0,1.0,MCD
2005-01-31,18.48,18.71,18.48,18.64,18.64,5815000,0.0,1.0,MCD
2005-01-28,18.33,18.56,17.96,18.42,18.42,7837700,0.0,1.0,MCD
2005-01-27,18.5,18.64,18.38,18.49,18.49,6036000,0.0,1.0,MCD
2005-01-26,18.38,18.56,18.34,18.41,18.41,4675000,0.0,1.0,MCD
2005-01-25,18.4,18.47,18.36,18.38,18.38,4957200,0.0,1.0,MCD
2005-01-24,18.18,18.36,18.09,18.27,18.27,5401900,0.0,1.0,MCD
2005-01-21,18.1,18.19,17.92,17.99,17.99,4085500,0.0,1.0,MCD
2005-01-20,18.17,18.29,17.92,18.1,18.1,4047900,0.0,1.0,MCD
2005-01-19,18.25,18.42,18.17,18.2,18.2,4444300,0.0,1.0,MCD
2005-01-18,17.96,18.24,17.89,18.19,18.19,3642900,0.0,1.0,MCD
2005-01-14,17.75,18.05,17.73,18.02,18.02,3919700,0.0,1.0,MCD
2005-01-13,17.98,18.02,17.75,17.78,17.78,3731800,0.0,1.0,MCD
2005-01-12,17.97,18.05,17.82,18.04,18.04,4194300,0.0,1.0,MCD
2005-01-11,18.09,18.23,17.87,17.9,17.9,5045300,0.0,1.0,MCD
2005-01-10,18.23,18.34,18.14,18.23,18.23,3455100,0.0,1.0,MCD
2005-01-07,18.44,18.52,18.26,18.34,18.34,3902200,0.0,1.0,MCD
2005-01-06,18.33,18.54,18.3,18.47,18.47,3671000,0.0,1.0,MCD
2005-01-05,18.47,18.57,18.32,18.32,18.32,4008100,0.0,1.0,MCD
2005-01-04,18.27,18.6,18.27,18.47,18.47,5435100,0.0,1.0,MCD
2005-01-03,18.19,18.55,18.15,18.32,18.32,4906300,0.0,1.0,MCD
2004-12-31,18.65,18.68,18.45,18.45,18.45,2933300,0.0,1.0,MCD
2004-12-30,18.71,18.82,18.62,18.64,18.64,2828000,0.0,1.0,MCD
2004-12-29,18.69,18.76,18.55,18.72,18.72,3127200,0.0,1.0,MCD
2004-12-28,18.58,18.71,18.55,18.68,18.68,3283700,0.0,1.0,MCD
2004-12-27,18.65,18.72,18.49,18.51,18.51,2417700,0.0,1.0,MCD
2004-12-23,18.74,18.85,18.49,18.61,18.61,2824000,0.0,1.0,MCD
2004-12-22,18.81,18.97,18.59,18.72,18.72,4385200,0.0,1.0,MCD
2004-12-21,18.75,18.85,18.65,18.76,18.76,4235000,0.0,1.0,MCD
2004-12-20,18.74,18.87,18.53,18.64,18.64,4484700,0.0,1.0,MCD
2004-12-17,18.81,18.96,18.67,18.73,18.73,7106700,0.0,1.0,MCD
2004-12-16,18.67,18.85,18.6,18.8,18.8,5668600,0.0,1.0,MCD
2004-12-15,18.33,18.71,18.33,18.67,18.67,6104600,0.0,1.0,MCD
2004-12-14,18.41,18.44,18.32,18.37,18.37,5223800,0.0,1.0,MCD
2004-12-13,18.33,18.41,18.26,18.41,18.41,4061800,0.0,1.0,MCD
2004-12-10,18.35,18.35,18.07,18.22,18.22,4021200,0.0,1.0,MCD
2004-12-09,17.96,18.33,17.92,18.29,18.29,7721600,0.0,1.0,MCD
2004-12-08,17.97,18.28,17.96,18.13,18.13,5384600,0.0,1.0,MCD
2004-12-07,17.89,18.06,17.79,17.97,17.97,5115200,0.0,1.0,MCD
2004-12-06,17.96,17.96,17.82,17.89,17.89,3172900,0.0,1.0,MCD
2004-12-03,18.09,18.09,17.91,18.0,18.0,3283700,0.0,1.0,MCD
2004-12-02,18.03,18.18,17.92,18.09,18.09,4122300,0.0,1.0,MCD
2004-12-01,17.79,18.05,17.76,17.96,17.96,6529500,0.0,1.0,MCD
2004-11-30,17.61,17.75,17.56,17.69,17.69,5981400,0.0,1.0,MCD
2004-11-29,17.68,17.76,17.27,17.7,17.7,5229600,0.0,1.0,MCD
2004-11-26,17.46,17.69,17.45,17.6,17.6,1337000,0.0,1.0,MCD
2004-11-24,17.38,17.75,17.38,17.5,17.5,4087500,0.0,1.0,MCD
2004-11-23,16.85,17.34,16.84,17.33,17.33,5600000,0.0,1.0,MCD
2004-11-22,16.95,17.02,16.7,16.91,16.91,4913500,0.0,1.0,MCD
2004-11-19,17.07,17.12,16.69,16.87,16.87,7922100,0.0,1.0,MCD
2004-11-18,17.41,17.6,17.07,17.24,17.24,9666800,0.0,1.0,MCD
2004-11-17,17.45,17.57,17.33,17.5,17.5,4070800,0.0,1.0,MCD
2004-11-16,17.54,17.54,17.33,17.33,17.33,2481300,0.0,1.0,MCD
2004-11-15,17.46,17.58,17.41,17.51,17.51,3491700,0.0,1.0,MCD
2004-11-12,17.49,17.56,17.33,17.56,17.56,3482400,0.0,1.0,MCD
2004-11-11,17.33,17.51,17.23,17.43,17.43,3516400,0.0,1.0,MCD
2004-11-10,17.25,17.42,17.16,17.28,17.28,5405800,0.55,1.0,MCD
2004-11-09,17.0,17.12,16.92,17.06,17.06,4039100,0.0,1.0,MCD
2004-11-08,17.18,17.52,16.98,17.07,17.07,8455300,0.0,1.0,MCD
2004-11-05,16.81,17.1,16.76,16.99,16.99,7508300,0.0,1.0,MCD
2004-11-04,16.57,16.78,16.56,16.75,16.75,7919700,0.0,1.0,MCD
2004-11-03,16.49,16.64,16.26,16.57,16.57,5922500,0.0,1.0,MCD
2004-11-02,16.67,16.8,16.42,16.5,16.5,4254600,0.0,1.0,MCD
2004-11-01,16.42,16.73,16.39,16.72,16.72,4408100,0.0,1.0,MCD
2004-10-29,16.3,16.48,16.21,16.48,16.48,4149800,0.0,1.0,MCD
2004-10-28,16.37,16.45,16.31,16.41,16.41,3659700,0.0,1.0,MCD
2004-10-27,16.21,16.51,16.17,16.5,16.5,3697500,0.0,1.0,MCD
2004-10-26,16.05,16.32,15.94,16.32,16.32,3774300,0.0,1.0,MCD
2004-10-25,16.02,16.14,15.88,16.04,16.04,3644100,0.0,1.0,MCD
2004-10-22,16.09,16.25,16.06,16.12,16.12,4013100,0.0,1.0,MCD
2004-10-21,16.28,16.39,15.98,16.12,16.12,4038500,0.0,1.0,MCD
2004-10-20,16.25,16.3,16.02,16.28,16.28,5219000,0.0,1.0,MCD
2004-10-19,16.51,16.67,16.28,16.39,16.39,7012600,0.0,1.0,MCD
2004-10-18,16.3,16.66,16.28,16.51,16.51,5443300,0.0,1.0,MCD
2004-10-15,16.53,16.67,16.37,16.39,16.39,5329600,0.0,1.0,MCD
2004-10-14,16.19,16.5,16.19,16.44,16.44,6351500,0.0,1.0,MCD
2004-10-13,16.0,16.32,15.86,16.31,16.31,12155000,0.0,1.0,MCD
2004-10-12,15.53,15.65,15.44,15.57,15.57,3913700,0.0,1.0,MCD
2004-10-11,15.79,15.84,15.6,15.65,15.65,3028100,0.0,1.0,MCD
2004-10-08,15.79,15.93,15.77,15.79,15.79,3624500,0.0,1.0,MCD
2004-10-07,15.92,16.08,15.76,15.79,15.79,5878800,0.0,1.0,MCD
2004-10-06,15.77,15.78,15.52,15.74,15.74,5981900,0.0,1.0,MCD
2004-10-05,15.8,15.82,15.7,15.79,15.79,2527400,0.0,1.0,MCD
2004-10-04,15.91,15.97,15.77,15.83,15.83,4825200,0.0,1.0,MCD
2004-10-01,15.83,15.97,15.78,15.91,15.91,4233500,0.0,1.0,MCD
2004-09-30,15.71,15.9,15.66,15.84,15.84,4190300,0.0,1.0,MCD
2004-09-29,15.69,15.8,15.63,15.76,15.76,3305900,0.0,1.0,MCD
2004-09-28,15.7,15.84,15.67,15.8,15.8,3559600,0.0,1.0,MCD
2004-09-27,15.52,15.86,15.5,15.79,15.79,5192300,0.0,1.0,MCD
2004-09-24,15.39,15.67,15.39,15.6,15.6,3740900,0.0,1.0,MCD
2004-09-23,15.32,15.53,15.3,15.34,15.34,3892000,0.0,1.0,MCD
2004-09-22,15.58,15.58,15.23,15.27,15.27,6074200,0.0,1.0,MCD
2004-09-21,15.54,15.74,15.5,15.7,15.7,3037100,0.0,1.0,MCD
2004-09-20,15.62,15.82,15.5,15.53,15.53,3946500,0.0,1.0,MCD
2004-09-17,15.69,15.7,15.58,15.64,15.64,3043100,0.0,1.0,MCD
2004-09-16,15.52,15.68,15.52,15.6,15.6,2338500,0.0,1.0,MCD
2004-09-15,15.6,15.64,15.5,15.56,15.56,3053500,0.0,1.0,MCD
2004-09-14,15.37,15.66,15.28,15.6,15.6,4497800,0.0,1.0,MCD
2004-09-13,15.2,15.36,15.2,15.36,15.36,4160700,0.0,1.0,MCD
2004-09-10,15.39,15.43,15.25,15.29,15.29,4260400,0.0,1.0,MCD
2004-09-09,15.69,15.78,15.47,15.51,15.51,4708300,0.0,1.0,MCD
2004-09-08,15.74,15.82,15.53,15.54,15.54,5029700,0.0,1.0,MCD
2004-09-07,15.68,15.7,15.32,15.48,15.48,4508300,0.0,1.0,MCD
2004-09-03,15.49,15.77,15.49,15.69,15.69,2448200,0.0,1.0,MCD
2004-09-02,15.36,15.56,15.27,15.54,15.54,2675400,0.0,1.0,MCD
2004-09-01,15.28,15.7,15.18,15.37,15.37,2260800,0.0,1.0,MCD
2004-08-31,15.26,15.31,15.07,15.27,15.27,2548700,0.0,1.0,MCD
2004-08-30,15.29,15.47,15.26,15.26,15.26,1494800,0.0,1.0,MCD
2004-08-27,15.3,15.42,15.25,15.36,15.36,1871900,0.0,1.0,MCD
2004-08-26,15.26,15.43,15.23,15.32,15.32,2330900,0.0,1.0,MCD
2004-08-25,15.17,15.26,15.01,15.23,15.23,2886500,0.0,1.0,MCD
2004-08-24,15.04,15.28,15.04,15.19,15.19,2189000,0.0,1.0,MCD
2004-08-23,15.3,15.36,15.06,15.06,15.06,1867300,0.0,1.0,MCD
2004-08-20,14.96,15.3,14.96,15.3,15.3,3070900,0.0,1.0,MCD
2004-08-19,14.96,15.11,14.92,15.04,15.04,1998500,0.0,1.0,MCD
2004-08-18,14.91,15.11,14.85,14.97,14.97,2724600,0.0,1.0,MCD
2004-08-17,14.58,14.95,14.53,14.91,14.91,3679000,0.0,1.0,MCD
2004-08-16,14.53,14.67,14.49,14.56,14.56,3758900,0.0,1.0,MCD
2004-08-13,14.61,14.72,14.52,14.59,14.59,2753200,0.0,1.0,MCD
2004-08-12,14.8,14.91,14.59,14.61,14.61,4205600,0.0,1.0,MCD
2004-08-11,15.08,15.09,14.78,14.89,14.89,3860400,0.0,1.0,MCD
2004-08-10,14.91,15.12,14.79,15.11,15.11,3209800,0.0,1.0,MCD
2004-08-09,14.85,15.07,14.77,14.79,14.79,3177000,0.0,1.0,MCD
2004-08-06,15.02,15.14,14.83,14.89,14.89,4792700,0.0,1.0,MCD
2004-08-05,15.35,15.43,15.14,15.19,15.19,2743400,0.0,1.0,MCD
2004-08-04,15.31,15.37,15.02,15.35,15.35,3312800,0.0,1.0,MCD
2004-08-03,15.54,15.6,15.31,15.4,15.4,2704600,0.0,1.0,MCD
2004-08-02,15.44,15.6,15.44,15.52,15.52,2600500,0.0,1.0,MCD
2004-07-30,15.4,15.56,15.37,15.54,15.54,2589700,0.0,1.0,MCD
2004-07-29,15.43,15.48,15.29,15.4,15.4,2391500,0.0,1.0,MCD
2004-07-28,15.4,15.5,15.24,15.44,15.44,2685000,0.0,1.0,MCD
2004-07-27,15.21,15.62,15.21,15.54,15.54,3530900,0.0,1.0,MCD
2004-07-26,15.38,15.46,15.25,15.25,15.25,3152100,0.0,1.0,MCD
2004-07-23,15.47,15.6,15.25,15.31,15.31,2999600,0.0,1.0,MCD
2004-07-22,15.66,15.76,15.44,15.58,15.58,5644400,0.0,1.0,MCD
2004-07-21,15.94,15.95,15.6,15.63,15.63,4406600,0.0,1.0,MCD
2004-07-20,15.84,15.97,15.8,15.92,15.92,2711300,0.0,1.0,MCD
2004-07-19,15.69,15.94,15.69,15.79,15.79,3274800,0.0,1.0,MCD
2004-07-16,15.83,15.83,15.62,15.72,15.72,3930500,0.0,1.0,MCD
2004-07-15,15.71,15.87,15.69,15.78,15.78,6123600,0.0,1.0,MCD
2004-07-14,15.32,15.82,15.27,15.71,15.71,10355800,0.0,1.0,MCD
2004-07-13,15.17,15.25,15.01,15.08,15.08,3130000,0.0,1.0,MCD
2004-07-12,14.93,15.18,14.93,15.16,15.16,2617000,0.0,1.0,MCD
2004-07-09,14.93,15.05,14.93,14.98,14.98,2365000,0.0,1.0,MCD
2004-07-08,14.87,15.03,14.85,14.98,14.98,2683600,0.0,1.0,MCD
2004-07-07,14.72,15.04,14.72,14.93,14.93,3277600,0.0,1.0,MCD
2004-07-06,14.7,14.79,14.55,14.77,14.77,3250600,0.0,1.0,MCD
2004-07-02,14.87,14.97,14.72,14.76,14.76,2391600,0.0,1.0,MCD
2004-07-01,14.75,14.96,14.75,14.87,14.87,5094700,0.0,1.0,MCD
2004-06-30,14.93,14.95,14.58,14.7,14.7,7796100,0.0,1.0,MCD
2004-06-29,15.04,15.05,14.91,14.93,14.93,3617200,0.0,1.0,MCD
2004-06-28,15.15,15.26,14.92,15.02,15.02,6599400,0.0,1.0,MCD
2004-06-25,15.28,15.35,15.26,15.26,15.26,3542100,0.0,1.0,MCD
2004-06-24,15.26,15.48,15.25,15.31,15.31,3484500,0.0,1.0,MCD
2004-06-23,15.21,15.35,15.13,15.32,15.32,4084800,0.0,1.0,MCD
2004-06-22,15.1,15.26,15.09,15.21,15.21,3009300,0.0,1.0,MCD
2004-06-21,15.15,15.24,15.08,15.18,15.18,2389600,0.0,1.0,MCD
2004-06-18,15.1,15.22,15.03,15.22,15.22,4213700,0.0,1.0,MCD
2004-06-17,15.04,15.17,15.0,15.1,15.1,4083500,0.0,1.0,MCD
2004-06-16,15.11,15.15,15.04,15.1,15.1,3503200,0.0,1.0,MCD
2004-06-15,15.26,15.32,15.01,15.08,15.08,6445300,0.0,1.0,MCD
2004-06-14,15.17,15.38,15.15,15.26,15.26,4753000,0.0,1.0,MCD
2004-06-10,15.11,15.29,15.06,15.29,15.29,4980600,0.0,1.0,MCD
2004-06-09,15.2,15.23,14.99,15.02,15.02,3523100,0.0,1.0,MCD
2004-06-08,15.09,15.23,15.05,15.17,15.17,4501900,0.0,1.0,MCD
2004-06-07,15.24,15.26,14.98,15.04,15.04,5373200,0.0,1.0,MCD
2004-06-04,15.18,15.37,15.07,15.18,15.18,3533400,0.0,1.0,MCD
2004-06-03,14.94,15.28,14.93,14.99,14.99,4844100,0.0,1.0,MCD
2004-06-02,14.81,14.95,14.81,14.94,14.94,3638900,0.0,1.0,MCD
2004-06-01,14.82,15.06,14.78,14.96,14.96,3041300,0.0,1.0,MCD
2004-05-28,14.9,14.98,14.78,14.92,14.92,4617900,0.0,1.0,MCD
2004-05-27,14.67,14.95,14.62,14.85,14.85,6268000,0.0,1.0,MCD
2004-05-26,14.44,14.63,14.41,14.56,14.56,4708200,0.0,1.0,MCD
2004-05-25,14.24,14.45,14.24,14.39,14.39,5841400,0.0,1.0,MCD
2004-05-24,14.36,14.45,14.23,14.33,14.33,4298100,0.0,1.0,MCD
2004-05-21,14.34,14.44,14.32,14.39,14.39,4331500,0.0,1.0,MCD
2004-05-20,14.53,14.65,14.16,14.31,14.31,5335400,0.0,1.0,MCD
2004-05-19,14.7,14.71,14.48,14.56,14.56,3845100,0.0,1.0,MCD
2004-05-18,14.66,14.7,14.49,14.58,14.58,3529900,0.0,1.0,MCD
2004-05-17,14.56,14.72,14.41,14.62,14.62,2849700,0.0,1.0,MCD
2004-05-14,14.75,14.97,14.64,14.79,14.79,2746000,0.0,1.0,MCD
2004-05-13,14.78,14.84,14.58,14.75,14.75,3763200,0.0,1.0,MCD
2004-05-12,14.85,15.17,14.53,14.74,14.74,5934300,0.0,1.0,MCD
2004-05-11,15.02,15.09,14.83,14.95,14.95,5243700,0.0,1.0,MCD
2004-05-10,15.1,15.44,14.98,15.06,15.06,4418600,0.0,1.0,MCD
2004-05-07,15.25,15.43,15.06,15.1,15.1,3515500,0.0,1.0,MCD
2004-05-06,15.56,15.61,15.27,15.41,15.41,2731000,0.0,1.0,MCD
2004-05-05,15.53,15.76,15.46,15.72,15.72,3161100,0.0,1.0,MCD
2004-05-04,15.76,15.76,15.45,15.61,15.61,3017400,0.0,1.0,MCD
2004-05-03,15.5,15.76,15.4,15.69,15.69,3786300,0.0,1.0,MCD
2004-04-30,15.58,15.63,15.37,15.39,15.39,4072100,0.0,1.0,MCD
2004-04-29,15.71,15.71,15.33,15.36,15.36,3574200,0.0,1.0,MCD
2004-04-28,15.7,15.82,15.5,15.61,15.61,6286000,0.0,1.0,MCD
2004-04-27,15.53,15.71,15.29,15.37,15.37,3952000,0.0,1.0,MCD
2004-04-26,15.52,15.57,15.27,15.44,15.44,3956900,0.0,1.0,MCD
2004-04-23,15.46,15.57,15.35,15.45,15.45,3640400,0.0,1.0,MCD
2004-04-22,15.26,15.59,15.23,15.49,15.49,5902800,0.0,1.0,MCD
2004-04-21,15.12,15.26,15.01,15.23,15.23,5134400,0.0,1.0,MCD
2004-04-20,15.29,15.39,15.01,15.01,15.01,5193900,0.0,1.0,MCD
2004-04-19,14.95,15.34,14.95,15.12,15.12,15179300,0.0,1.0,MCD
2004-04-16,15.37,15.63,15.28,15.52,15.52,4317900,0.0,1.0,MCD
2004-04-15,15.26,15.29,14.99,15.22,15.22,6686700,0.0,1.0,MCD
2004-04-14,15.44,15.74,14.92,15.26,15.26,15812600,0.0,1.0,MCD
2004-04-13,16.41,16.52,15.97,15.98,15.98,4626600,0.0,1.0,MCD
2004-04-12,16.29,16.48,16.27,16.4,16.4,3120300,0.0,1.0,MCD
2004-04-08,16.4,16.51,16.06,16.21,16.21,3395900,0.0,1.0,MCD
2004-04-07,16.34,16.58,16.25,16.34,16.34,5193400,0.0,1.0,MCD
2004-04-06,16.46,16.5,16.35,16.4,16.4,3871400,0.0,1.0,MCD
2004-04-05,16.27,16.64,16.26,16.6,16.6,2826000,0.0,1.0,MCD
2004-04-02,16.14,16.53,16.14,16.36,16.36,3369400,0.0,1.0,MCD
2004-04-01,16.25,16.4,16.2,16.34,16.34,3696600,0.0,1.0,MCD
2004-03-31,16.22,16.25,16.08,16.15,16.15,3228000,0.0,1.0,MCD
2004-03-30,16.02,16.28,15.99,16.2,16.2,2617200,0.0,1.0,MCD
2004-03-29,15.84,16.18,15.84,16.09,16.09,5874500,0.0,1.0,MCD
2004-03-26,15.94,16.01,15.73,15.75,15.75,4185000,0.0,1.0,MCD
2004-03-25,15.74,16.11,15.71,16.08,16.08,3400200,0.0,1.0,MCD
2004-03-24,15.62,15.86,15.58,15.66,15.66,3455300,0.0,1.0,MCD
2004-03-23,16.02,16.03,15.57,15.69,15.69,4426400,0.0,1.0,MCD
2004-03-22,15.63,16.23,15.63,16.02,16.02,6544400,0.0,1.0,MCD
2004-03-19,15.84,16.05,15.77,15.88,15.88,6240600,0.0,1.0,MCD
2004-03-18,16.1,16.15,15.7,15.84,15.84,6672200,0.0,1.0,MCD
2004-03-17,16.24,16.3,16.11,16.22,16.22,4023400,0.0,1.0,MCD
2004-03-16,16.3,16.4,16.1,16.2,16.2,3493700,0.0,1.0,MCD
2004-03-15,16.28,16.28,16.03,16.08,16.08,4228900,0.0,1.0,MCD
2004-03-12,16.37,16.44,16.19,16.4,16.4,3233300,0.0,1.0,MCD
2004-03-11,16.28,16.6,16.16,16.22,16.22,5398400,0.0,1.0,MCD
2004-03-10,16.41,16.75,16.34,16.34,16.34,4929300,0.0,1.0,MCD
2004-03-09,16.61,16.9,16.36,16.38,16.38,7616900,0.0,1.0,MCD
2004-03-08,16.87,16.95,16.56,16.57,16.57,5445100,0.0,1.0,MCD
2004-03-05,15.97,16.95,15.97,16.87,16.87,11285300,0.0,1.0,MCD
2004-03-04,16.31,16.49,16.25,16.3,16.3,5007600,0.0,1.0,MCD
2004-03-03,16.04,16.4,16.04,16.33,16.33,5100200,0.0,1.0,MCD
2004-03-02,16.01,16.14,16.01,16.06,16.06,3740800,0.0,1.0,MCD
2004-03-01,16.05,16.15,16.04,16.06,16.06,4812800,0.0,1.0,MCD
2004-02-27,15.44,16.26,15.44,16.0,16.0,5390300,0.0,1.0,MCD
2004-02-26,15.7,16.05,15.69,16.0,16.0,5509700,0.0,1.0,MCD
2004-02-25,15.7,15.86,15.61,15.79,15.79,4734300,0.0,1.0,MCD
2004-02-24,15.7,15.76,15.56,15.62,15.62,4923800,0.0,1.0,MCD
2004-02-23,15.34,15.8,15.34,15.7,15.7,6208800,0.0,1.0,MCD
2004-02-20,15.39,15.47,15.23,15.35,15.35,4831600,0.0,1.0,MCD
2004-02-19,15.36,15.54,15.34,15.4,15.4,5072000,0.0,1.0,MCD
2004-02-18,15.26,15.34,15.21,15.29,15.29,4258600,0.0,1.0,MCD
2004-02-17,15.14,15.29,15.11,15.26,15.26,3214300,0.0,1.0,MCD
2004-02-13,15.04,15.14,14.95,15.05,15.05,3257200,0.0,1.0,MCD
2004-02-12,15.22,15.28,15.06,15.08,15.08,3811200,0.0,1.0,MCD
2004-02-11,15.13,15.29,15.1,15.29,15.29,8295900,0.0,1.0,MCD
2004-02-10,15.14,15.27,15.08,15.14,15.14,3390600,0.0,1.0,MCD
2004-02-09,15.22,15.39,15.14,15.21,15.21,5984900,0.0,1.0,MCD
2004-02-06,15.37,15.41,15.08,15.35,15.35,8223100,0.0,1.0,MCD
2004-02-05,14.83,15.12,14.81,15.09,15.09,5668000,0.0,1.0,MCD
2004-02-04,14.89,14.98,14.85,14.93,14.93,5659000,0.0,1.0,MCD
2004-02-03,14.7,14.83,14.62,14.78,14.78,3297600,0.0,1.0,MCD
2004-02-02,14.59,14.84,14.54,14.69,14.69,5774000,0.0,1.0,MCD
2004-01-30,14.36,14.61,14.35,14.55,14.55,4962300,0.0,1.0,MCD
2004-01-29,14.3,14.45,14.21,14.41,14.41,6641400,0.0,1.0,MCD
2004-01-28,14.44,14.47,13.98,14.05,14.05,6016800,0.0,1.0,MCD
2004-01-27,14.43,14.5,14.36,14.39,14.39,4911700,0.0,1.0,MCD
2004-01-26,14.29,14.39,14.07,14.29,14.29,4841900,0.0,1.0,MCD
2004-01-23,14.32,14.41,14.06,14.27,14.27,4601300,0.0,1.0,MCD
2004-01-22,14.35,14.51,14.31,14.35,14.35,2965200,0.0,1.0,MCD
2004-01-21,14.31,14.49,14.26,14.43,14.43,3649300,0.0,1.0,MCD
2004-01-20,14.37,14.41,14.11,14.23,14.23,4128500,0.0,1.0,MCD
2004-01-16,14.19,14.33,14.13,14.31,14.31,4683100,0.0,1.0,MCD
2004-01-15,14.22,14.4,13.99,14.22,14.22,5403900,0.0,1.0,MCD
2004-01-14,14.02,14.18,14.0,14.17,14.17,6205000,0.0,1.0,MCD
2004-01-13,14.14,14.2,13.87,13.93,13.93,5628300,0.0,1.0,MCD
2004-01-12,14.15,14.22,13.97,14.19,14.19,5013800,0.0,1.0,MCD
2004-01-09,14.29,14.44,14.22,14.22,14.22,4583000,0.0,1.0,MCD
2004-01-08,14.32,14.45,14.23,14.41,14.41,5282400,0.0,1.0,MCD
2004-01-07,14.32,14.39,14.2,14.36,14.36,6675100,0.0,1.0,MCD
2004-01-06,14.12,14.4,14.11,14.32,14.32,5231300,0.0,1.0,MCD
2004-01-05,14.12,14.19,14.02,14.15,14.15,5455000,0.0,1.0,MCD
2004-01-02,14.1,14.15,13.94,14.01,14.01,4576400,0.0,1.0,MCD
2003-12-31,14.04,14.07,13.91,14.04,14.04,4572900,0.0,1.0,MCD
2003-12-30,13.78,14.06,13.76,14.01,14.01,6671200,0.0,1.0,MCD
2003-12-29,13.88,13.94,13.63,13.91,13.91,13575900,0.0,1.0,MCD
2003-12-26,13.57,13.71,13.01,13.62,13.62,7277700,0.0,1.0,MCD
2003-12-24,13.2,13.64,13.06,13.54,13.54,23082500,0.0,1.0,MCD
2003-12-23,14.24,14.32,14.19,14.29,14.29,5293900,0.0,1.0,MCD
2003-12-22,13.63,14.24,13.63,14.22,14.22,6964200,0.0,1.0,MCD
2003-12-19,14.13,14.14,13.33,13.74,13.74,11544700,0.0,1.0,MCD
2003-12-18,13.93,14.1,13.89,14.02,14.02,4668100,0.0,1.0,MCD
2003-12-17,13.99,14.1,13.79,13.85,13.85,6037700,0.0,1.0,MCD
2003-12-16,14.33,14.44,14.04,14.06,14.06,5742200,0.0,1.0,MCD
2003-12-15,14.75,14.76,14.35,14.37,14.37,4367900,0.0,1.0,MCD
2003-12-12,14.62,14.67,14.42,14.57,14.57,3826100,0.0,1.0,MCD
2003-12-11,14.44,14.71,14.44,14.58,14.58,4514200,0.0,1.0,MCD
2003-12-10,14.3,14.44,14.28,14.44,14.44,3227000,0.0,1.0,MCD
2003-12-09,14.59,14.61,14.34,14.37,14.37,4643000,0.0,1.0,MCD
2003-12-08,14.81,14.9,14.39,14.48,14.48,6459600,0.0,1.0,MCD
2003-12-05,14.87,14.95,14.66,14.69,14.69,3603500,0.0,1.0,MCD
2003-12-04,14.96,15.27,14.81,15.01,15.01,6235500,0.0,1.0,MCD
2003-12-03,15.02,15.18,14.89,14.96,14.96,3832600,0.0,1.0,MCD
2003-12-02,14.96,14.99,14.89,14.97,14.97,5465300,0.0,1.0,MCD
2003-12-01,14.67,14.95,14.64,14.89,14.89,5393100,0.0,1.0,MCD
2003-11-28,14.26,14.63,14.26,14.49,14.49,1889900,0.0,1.0,MCD
2003-11-26,14.44,14.54,14.27,14.35,14.35,4763700,0.0,1.0,MCD
2003-11-25,14.48,14.63,14.36,14.56,14.56,3154500,0.0,1.0,MCD
2003-11-24,14.24,14.56,14.23,14.49,14.49,4019600,0.0,1.0,MCD
2003-11-21,14.11,14.28,14.07,14.11,14.11,4474200,0.0,1.0,MCD
2003-11-20,13.94,14.09,13.88,13.95,13.95,3979300,0.0,1.0,MCD
2003-11-19,13.96,13.97,13.83,13.93,13.93,3862100,0.0,1.0,MCD
2003-11-18,14.16,14.28,13.94,13.96,13.96,5886900,0.0,1.0,MCD
2003-11-17,14.51,14.57,13.98,14.13,14.13,6134600,0.0,1.0,MCD
2003-11-14,14.7,14.75,14.42,14.52,14.52,4395400,0.0,1.0,MCD
2003-11-13,14.83,14.86,14.68,14.74,14.74,5809200,0.0,1.0,MCD
2003-11-12,14.67,14.97,14.65,14.83,14.83,6355000,0.4,1.0,MCD
2003-11-11,14.48,14.54,14.37,14.53,14.53,6605600,0.0,1.0,MCD
2003-11-10,14.53,14.69,14.42,14.48,14.48,7040800,0.0,1.0,MCD
2003-11-07,14.88,14.91,14.47,14.48,14.48,13722000,0.0,1.0,MCD
2003-11-06,14.56,14.59,14.35,14.46,14.46,8072500,0.0,1.0,MCD
2003-11-05,14.54,14.81,14.36,14.56,14.56,7599700,0.0,1.0,MCD
2003-11-04,14.2,14.59,14.09,14.54,14.54,10074300,0.0,1.0,MCD
2003-11-03,14.13,14.29,14.04,14.14,14.14,7350300,0.0,1.0,MCD
2003-10-31,13.8,13.96,13.77,13.92,13.92,7744100,0.0,1.0,MCD
2003-10-30,13.7,13.79,13.64,13.77,13.77,3854000,0.0,1.0,MCD
2003-10-29,13.72,13.72,13.51,13.7,13.7,5867100,0.0,1.0,MCD
2003-10-28,13.64,13.7,13.37,13.7,13.7,6690700,0.0,1.0,MCD
2003-10-27,13.46,13.64,13.42,13.5,13.5,4972500,0.0,1.0,MCD
2003-10-24,13.25,13.47,13.15,13.47,13.47,4622800,0.0,1.0,MCD
2003-10-23,13.14,13.45,13.14,13.36,13.36,6996900,0.0,1.0,MCD
2003-10-22,13.31,13.48,13.13,13.31,13.31,8938600,0.0,1.0,MCD
2003-10-21,13.37,13.45,13.1,13.22,13.22,5718700,0.0,1.0,MCD
2003-10-20,13.42,13.48,13.39,13.46,13.46,3551300,0.0,1.0,MCD
2003-10-17,13.39,13.46,13.26,13.45,13.45,4468800,0.0,1.0,MCD
2003-10-16,13.4,13.47,13.25,13.36,13.36,4880200,0.0,1.0,MCD
2003-10-15,13.64,13.64,13.29,13.32,13.32,6484100,0.0,1.0,MCD
2003-10-14,13.53,13.62,13.48,13.58,13.58,3653100,0.0,1.0,MCD
2003-10-13,13.56,13.64,13.5,13.63,13.63,2887100,0.0,1.0,MCD
2003-10-10,13.59,13.64,13.31,13.52,13.52,5703900,0.0,1.0,MCD
2003-10-09,13.61,13.69,13.42,13.48,13.48,6985000,0.0,1.0,MCD
2003-10-08,13.89,13.89,13.4,13.45,13.45,8898200,0.0,1.0,MCD
2003-10-07,13.74,13.85,13.55,13.76,13.76,8097900,0.0,1.0,MCD
2003-10-06,13.45,13.48,13.35,13.42,13.42,4453700,0.0,1.0,MCD
2003-10-03,13.52,13.79,13.41,13.51,13.51,6266900,0.0,1.0,MCD
2003-10-02,13.57,13.78,13.51,13.52,13.52,5702600,0.0,1.0,MCD
2003-10-01,13.22,13.53,13.21,13.48,13.48,6430900,0.0,1.0,MCD
2003-09-30,13.21,13.31,12.95,13.11,13.11,4417000,0.0,1.0,MCD
2003-09-29,13.08,13.22,12.97,13.21,13.21,5132500,0.0,1.0,MCD
2003-09-26,12.83,13.27,12.76,13.14,13.14,7932800,0.0,1.0,MCD
2003-09-25,13.32,13.34,12.97,13.01,13.01,5729200,0.0,1.0,MCD
2003-09-24,13.35,13.57,13.29,13.32,13.32,9402600,0.0,1.0,MCD
2003-09-23,13.29,13.4,13.25,13.31,13.31,4919900,0.0,1.0,MCD
2003-09-22,13.25,13.3,13.13,13.16,13.16,3400400,0.0,1.0,MCD
2003-09-19,13.33,13.37,13.17,13.32,13.32,7493300,0.0,1.0,MCD
2003-09-18,13.17,13.35,13.17,13.31,13.31,6326400,0.0,1.0,MCD
2003-09-17,13.2,13.31,13.17,13.22,13.22,4461000,0.0,1.0,MCD
2003-09-16,13.17,13.25,13.17,13.22,13.22,5930800,0.0,1.0,MCD
2003-09-15,13.06,13.17,13.04,13.08,13.08,5007600,0.0,1.0,MCD
2003-09-12,13.11,13.14,12.95,13.07,13.07,4965700,0.0,1.0,MCD
2003-09-11,13.05,13.27,13.03,13.2,13.2,5309800,0.0,1.0,MCD
2003-09-10,13.08,13.15,12.88,12.92,12.92,4910600,0.0,1.0,MCD
2003-09-09,13.5,13.5,13.11,13.13,13.13,10260200,0.0,1.0,MCD
2003-09-08,12.98,13.08,12.93,13.0,13.0,5213600,0.0,1.0,MCD
2003-09-05,13.02,13.11,12.83,12.97,12.97,5618500,0.0,1.0,MCD
2003-09-04,12.73,13.08,12.7,13.02,13.02,9658300,0.0,1.0,MCD
2003-09-03,12.53,12.64,12.47,12.63,12.63,6741300,0.0,1.0,MCD
2003-09-02,12.5,12.64,12.31,12.53,12.53,6850400,0.0,1.0,MCD
2003-08-29,12.34,12.58,12.28,12.48,12.48,4173500,0.0,1.0,MCD
2003-08-28,12.58,12.64,12.41,12.44,12.44,4295400,0.0,1.0,MCD
2003-08-27,12.47,12.68,12.47,12.56,12.56,4304200,0.0,1.0,MCD
2003-08-26,12.29,12.45,12.19,12.42,12.42,4326800,0.0,1.0,MCD
2003-08-25,12.2,12.39,12.14,12.36,12.36,4139100,0.0,1.0,MCD
2003-08-22,12.48,12.6,12.05,12.22,12.22,7953000,0.0,1.0,MCD
2003-08-21,12.81,12.85,12.5,12.53,12.53,5088900,0.0,1.0,MCD
2003-08-20,12.69,12.83,12.66,12.81,12.81,2740800,0.0,1.0,MCD
2003-08-19,12.66,12.78,12.55,12.74,12.74,3047300,0.0,1.0,MCD
2003-08-18,12.81,12.81,12.61,12.65,12.65,4503200,0.0,1.0,MCD
2003-08-15,12.81,12.81,12.67,12.79,12.79,2884300,0.0,1.0,MCD
2003-08-14,12.75,12.83,12.49,12.78,12.78,7330500,0.0,1.0,MCD
2003-08-13,13.25,13.28,12.82,12.9,12.9,6732300,0.0,1.0,MCD
2003-08-12,13.12,13.33,13.11,13.25,13.25,6500200,0.0,1.0,MCD
2003-08-11,13.2,13.35,12.97,13.23,13.23,6432400,0.0,1.0,MCD
2003-08-08,12.79,13.3,12.75,13.3,13.3,15961700,0.0,1.0,MCD
2003-08-07,12.25,12.38,12.18,12.28,12.28,3422400,0.0,1.0,MCD
2003-08-06,12.08,12.22,12.01,12.15,12.15,4300600,0.0,1.0,MCD
2003-08-05,12.57,12.57,12.2,12.25,12.25,3999600,0.0,1.0,MCD
2003-08-04,12.68,12.72,12.36,12.57,12.57,4703600,0.0,1.0,MCD
2003-08-01,12.81,12.84,12.62,12.79,12.79,4428600,0.0,1.0,MCD
2003-07-31,12.64,12.91,12.61,12.81,12.81,9256600,0.0,1.0,MCD
2003-07-30,12.23,12.53,12.21,12.47,12.47,7254500,0.0,1.0,MCD
2003-07-29,12.12,12.47,11.75,12.33,12.33,10748700,0.0,1.0,MCD
2003-07-28,11.85,11.91,11.66,11.84,11.84,4591600,0.0,1.0,MCD
2003-07-25,11.74,11.96,11.59,11.94,11.94,3978000,0.0,1.0,MCD
2003-07-24,11.89,12.05,11.73,11.74,11.74,3711200,0.0,1.0,MCD
2003-07-23,11.81,11.9,11.66,11.81,11.81,3731200,0.0,1.0,MCD
2003-07-22,11.59,11.83,11.58,11.74,11.74,4073800,0.0,1.0,MCD
2003-07-21,11.91,11.91,11.59,11.62,11.62,6023500,0.0,1.0,MCD
2003-07-18,11.64,11.98,11.6,11.91,11.91,7373900,0.0,1.0,MCD
2003-07-17,11.69,11.73,11.36,11.41,11.41,5163800,0.0,1.0,MCD
2003-07-16,11.75,11.79,11.52,11.76,11.76,10086600,0.0,1.0,MCD
2003-07-15,12.36,12.36,11.63,11.74,11.74,13689300,0.0,1.0,MCD
2003-07-14,12.72,12.76,12.17,12.2,12.2,14126000,0.0,1.0,MCD
2003-07-11,12.39,12.72,12.34,12.57,12.57,5054200,0.0,1.0,MCD
2003-07-10,12.72,12.72,12.32,12.39,12.39,5246200,0.0,1.0,MCD
2003-07-09,12.67,12.82,12.5,12.72,12.72,7697300,0.0,1.0,MCD
2003-07-08,12.68,12.78,12.63,12.69,12.69,7178500,0.0,1.0,MCD
2003-07-07,12.58,12.94,12.51,12.75,12.75,6528600,0.0,1.0,MCD
2003-07-03,12.53,12.81,12.47,12.59,12.59,4350100,0.0,1.0,MCD
2003-07-02,12.14,12.68,12.08,12.65,12.65,6537700,0.0,1.0,MCD
2003-07-01,12.14,12.29,11.92,12.22,12.22,6189300,0.0,1.0,MCD
2003-06-30,12.45,12.54,12.19,12.28,12.28,5748900,0.0,1.0,MCD
2003-06-27,12.44,12.78,12.34,12.45,12.45,5476700,0.0,1.0,MCD
2003-06-26,12.36,12.5,12.22,12.5,12.5,4332600,0.0,1.0,MCD
2003-06-25,12.55,12.58,12.3,12.38,12.38,5600400,0.0,1.0,MCD
2003-06-24,12.53,12.66,12.42,12.54,12.54,6590100,0.0,1.0,MCD
2003-06-23,12.25,12.49,12.13,12.45,12.45,6623700,0.0,1.0,MCD
2003-06-20,12.21,12.29,12.0,12.26,12.26,9686200,0.0,1.0,MCD
2003-06-19,12.07,12.24,11.83,12.0,12.0,7900900,0.0,1.0,MCD
2003-06-18,12.36,12.36,12.22,12.28,12.28,4387000,0.0,1.0,MCD
2003-06-17,12.36,12.43,12.2,12.36,12.36,6999500,0.0,1.0,MCD
2003-06-16,11.93,12.36,11.92,12.36,12.36,5991900,0.0,1.0,MCD
2003-06-13,11.97,12.12,11.86,11.95,11.95,3713000,0.0,1.0,MCD
2003-06-12,12.05,12.14,11.79,12.04,12.04,5308100,0.0,1.0,MCD
2003-06-11,12.05,12.22,11.81,12.05,12.05,8110500,0.0,1.0,MCD
2003-06-10,11.6,12.07,11.41,12.07,12.07,10202700,0.0,1.0,MCD
2003-06-09,11.46,11.65,11.36,11.62,11.62,8762500,0.0,1.0,MCD
2003-06-06,11.11,11.88,11.08,11.73,11.73,20814200,0.0,1.0,MCD
2003-06-05,10.57,10.79,10.47,10.73,10.73,6365700,0.0,1.0,MCD
2003-06-04,10.65,10.71,10.55,10.57,10.57,4967400,0.0,1.0,MCD
2003-06-03,10.52,10.68,10.42,10.67,10.67,4458900,0.0,1.0,MCD
2003-06-02,10.53,10.8,10.43,10.52,10.52,7648400,0.0,1.0,MCD
2003-05-30,10.21,10.48,10.2,10.43,10.43,6125000,0.0,1.0,MCD
2003-05-29,10.11,10.37,10.11,10.21,10.21,4557900,0.0,1.0,MCD
2003-05-28,9.97,10.27,9.94,10.17,10.17,9309600,0.0,1.0,MCD
2003-05-27,9.92,10.03,9.8,9.89,9.89,6552900,0.0,1.0,MCD
2003-05-23,9.74,9.94,9.68,9.91,9.91,6701700,0.0,1.0,MCD
2003-05-22,9.73,9.92,9.65,9.74,9.74,10871500,0.0,1.0,MCD
2003-05-21,9.73,9.74,9.41,9.63,9.63,22420100,0.0,1.0,MCD
2003-05-20,10.11,10.3,9.23,9.44,9.44,27215600,0.0,1.0,MCD
2003-05-19,10.26,10.26,10.08,10.11,10.11,3927000,0.0,1.0,MCD
2003-05-16,10.41,10.43,10.27,10.31,10.31,4385600,0.0,1.0,MCD
2003-05-15,10.3,10.47,10.27,10.36,10.36,8349000,0.0,1.0,MCD
2003-05-14,10.24,10.33,10.05,10.33,10.33,5266900,0.0,1.0,MCD
2003-05-13,10.18,10.26,10.02,10.17,10.17,8963800,0.0,1.0,MCD
2003-05-12,9.79,10.19,9.71,10.18,10.18,8589200,0.0,1.0,MCD
2003-05-09,9.74,9.8,9.67,9.79,9.79,6053800,0.0,1.0,MCD
2003-05-08,9.49,9.68,9.43,9.6,9.6,6003200,0.0,1.0,MCD
2003-05-07,9.82,9.92,9.6,9.68,9.68,7425000,0.0,1.0,MCD
2003-05-06,8.63,10.04,8.63,9.95,9.95,8195200,0.0,1.0,MCD
2003-05-05,9.84,9.84,9.6,9.74,9.74,5003300,0.0,1.0,MCD
2003-05-02,9.59,9.84,9.5,9.79,9.79,4660400,0.0,1.0,MCD
2003-05-01,9.49,9.58,9.3,9.55,9.55,5473300,0.0,1.0,MCD
2003-04-30,9.53,9.62,9.39,9.52,9.52,10335900,0.0,1.0,MCD
2003-04-29,9.59,9.69,9.49,9.62,9.62,9600800,0.0,1.0,MCD
2003-04-28,9.16,9.44,8.99,9.43,9.43,15176600,0.0,1.0,MCD
2003-04-25,8.86,8.91,8.79,8.8,8.8,4201900,0.0,1.0,MCD
2003-04-24,8.8,8.91,8.76,8.86,8.86,3824800,0.0,1.0,MCD
2003-04-23,8.94,8.94,8.81,8.82,8.82,5569900,0.0,1.0,MCD
2003-04-22,8.82,8.96,8.8,8.94,8.94,6030800,0.0,1.0,MCD
2003-04-21,8.94,9.01,8.8,8.91,8.91,4479400,0.0,1.0,MCD
2003-04-17,8.77,8.91,8.36,8.91,8.91,4660400,0.0,1.0,MCD
2003-04-16,8.78,8.82,8.65,8.77,8.77,5860300,0.0,1.0,MCD
2003-04-15,8.77,8.85,8.7,8.82,8.82,5099800,0.0,1.0,MCD
2003-04-14,8.74,8.85,8.6,8.74,8.74,5832800,0.0,1.0,MCD
2003-04-11,8.79,8.87,8.67,8.79,8.79,4512900,0.0,1.0,MCD
2003-04-10,8.71,8.8,8.53,8.8,8.8,6238700,0.0,1.0,MCD
2003-04-09,8.86,8.86,8.56,8.63,8.63,8911300,0.0,1.0,MCD
2003-04-08,8.88,8.94,8.7,8.82,8.82,14791600,0.0,1.0,MCD
2003-04-07,8.3,8.83,8.21,8.8,8.8,20227400,0.0,1.0,MCD
2003-04-04,7.88,8.1,7.88,8.1,8.1,6929300,0.0,1.0,MCD
2003-04-03,8.03,8.04,7.73,7.84,7.84,6190900,0.0,1.0,MCD
2003-04-02,7.85,8.07,7.85,7.97,7.97,7613600,0.0,1.0,MCD
2003-04-01,8.13,8.15,7.8,7.82,7.82,6653500,0.0,1.0,MCD
2003-03-31,8.1,8.15,7.97,8.05,8.05,5990900,0.0,1.0,MCD
2003-03-28,8.07,8.46,7.99,8.26,8.26,8474800,0.0,1.0,MCD
2003-03-27,7.88,8.17,7.86,8.07,8.07,7010500,0.0,1.0,MCD
2003-03-26,7.93,8.01,7.84,7.92,7.92,4533600,0.0,1.0,MCD
2003-03-25,7.81,7.96,7.68,7.88,7.88,3991000,0.0,1.0,MCD
2003-03-24,7.97,8.02,7.76,7.81,7.81,4625800,0.0,1.0,MCD
2003-03-21,8.02,8.2,7.91,8.16,8.16,6466700,0.0,1.0,MCD
2003-03-20,8.11,8.11,7.78,8.01,8.01,4927000,0.0,1.0,MCD
2003-03-19,7.92,8.17,7.86,8.11,8.11,7109700,0.0,1.0,MCD
2003-03-18,7.74,8.02,7.66,7.97,7.97,10155400,0.0,1.0,MCD
2003-03-17,7.54,7.63,7.37,7.63,7.63,8290700,0.0,1.0,MCD
2003-03-14,7.13,7.54,7.1,7.54,7.54,13697400,0.0,1.0,MCD
2003-03-13,7.02,7.15,6.97,7.13,7.13,10172600,0.0,1.0,MCD
2003-03-12,6.93,6.99,6.75,6.89,6.89,8575400,0.0,1.0,MCD
2003-03-11,6.91,7.07,6.91,6.94,6.94,5086900,0.0,1.0,MCD
2003-03-10,7.1,7.13,6.91,6.96,6.96,5142700,0.0,1.0,MCD
2003-03-07,6.94,7.18,6.93,7.14,7.14,7185100,0.0,1.0,MCD
2003-03-06,6.97,7.15,6.97,7.02,7.02,6533900,0.0,1.0,MCD
2003-03-05,7.22,7.27,7.1,7.11,7.11,4830400,0.0,1.0,MCD
2003-03-04,7.24,7.29,7.19,7.19,7.19,3717900,0.0,1.0,MCD
2003-03-03,7.71,7.71,7.34,7.34,7.34,4813200,0.0,1.0,MCD
2003-02-28,7.43,7.62,7.39,7.58,7.58,9021200,0.0,1.0,MCD
2003-02-27,7.17,7.38,7.13,7.38,7.38,7317600,0.0,1.0,MCD
2003-02-26,7.27,7.33,7.11,7.13,7.13,5776300,0.0,1.0,MCD
2003-02-25,7.4,7.4,7.2,7.32,7.32,6676800,0.0,1.0,MCD
2003-02-24,7.57,7.58,7.33,7.39,7.39,4030900,0.0,1.0,MCD
2003-02-21,7.38,7.62,7.36,7.56,7.56,3961400,0.0,1.0,MCD
2003-02-20,7.66,7.66,7.4,7.45,7.45,3686300,0.0,1.0,MCD
2003-02-19,7.51,7.58,7.47,7.52,7.52,4610800,0.0,1.0,MCD
2003-02-18,7.39,7.53,7.38,7.49,7.49,5558000,0.0,1.0,MCD
2003-02-14,7.42,7.59,7.33,7.58,7.58,7219000,0.0,1.0,MCD
2003-02-13,7.6,7.64,7.47,7.56,7.56,5902700,0.0,1.0,MCD
2003-02-12,7.69,7.82,7.61,7.7,7.7,5807600,0.0,1.0,MCD
2003-02-11,7.69,7.89,7.69,7.74,7.74,6907300,0.0,1.0,MCD
2003-02-10,7.59,7.66,7.55,7.63,7.63,4617300,0.0,1.0,MCD
2003-02-07,7.67,7.78,7.51,7.54,7.54,5469300,0.0,1.0,MCD
2003-02-06,7.77,7.86,7.62,7.62,7.62,5625100,0.0,1.0,MCD
2003-02-05,7.96,8.06,7.82,7.83,7.83,4762500,0.0,1.0,MCD
2003-02-04,7.95,8.01,7.82,7.96,7.96,6807300,0.0,1.0,MCD
2003-02-03,7.83,8.14,7.83,8.08,8.08,6697300,0.0,1.0,MCD
2003-01-31,7.93,8.01,7.74,7.93,7.93,8874300,0.0,1.0,MCD
2003-01-30,8.05,8.11,7.91,8.05,8.05,7055600,0.0,1.0,MCD
2003-01-29,8.18,8.23,8.07,8.17,8.17,6954300,0.0,1.0,MCD
2003-01-28,8.18,8.23,8.07,8.17,8.17,6247000,0.0,1.0,MCD
2003-01-27,8.15,8.35,8.15,8.18,8.18,6047700,0.0,1.0,MCD
2003-01-24,8.51,8.52,8.23,8.3,8.3,9160100,0.0,1.0,MCD
2003-01-23,8.31,8.51,8.16,8.35,8.35,14923500,0.0,1.0,MCD
2003-01-22,8.54,8.88,8.46,8.55,8.55,7321500,0.0,1.0,MCD
2003-01-21,8.7,8.71,8.52,8.54,8.54,6566700,0.0,1.0,MCD
2003-01-17,8.82,8.83,8.47,8.6,8.6,14052300,0.0,1.0,MCD
2003-01-16,9.31,9.4,8.71,8.82,8.82,17167700,0.0,1.0,MCD
2003-01-15,9.31,9.38,9.15,9.29,9.29,6401700,0.0,1.0,MCD
2003-01-14,9.55,9.6,9.38,9.44,9.44,7430300,0.0,1.0,MCD
2003-01-13,9.66,9.68,9.49,9.65,9.65,5546100,0.0,1.0,MCD
2003-01-10,9.31,9.6,9.27,9.6,9.6,7726900,0.0,1.0,MCD
2003-01-09,9.35,9.52,9.33,9.39,9.39,8273300,0.0,1.0,MCD
2003-01-08,9.2,9.42,9.16,9.38,9.38,5686000,0.0,1.0,MCD
2003-01-07,9.27,9.29,9.1,9.28,9.28,4952400,0.0,1.0,MCD
2003-01-06,9.05,9.28,9.0,9.27,9.27,7310900,0.0,1.0,MCD
2003-01-03,9.19,9.21,8.92,8.98,8.98,5714800,0.0,1.0,MCD
2003-01-02,9.0,9.24,8.88,9.21,9.21,8308500,0.0,1.0,MCD
2002-12-31,8.74,8.95,8.69,8.95,8.95,7717100,0.0,1.0,MCD
2002-12-30,8.7,8.77,8.57,8.77,8.77,7187600,0.0,1.0,MCD
2002-12-27,8.62,8.72,8.61,8.63,8.63,6064500,0.0,1.0,MCD
2002-12-26,8.63,8.72,8.61,8.67,8.67,5791900,0.0,1.0,MCD
2002-12-24,8.56,8.67,8.53,8.62,8.62,3861900,0.0,1.0,MCD
2002-12-23,8.46,8.66,8.45,8.66,8.66,11363100,0.0,1.0,MCD
2002-12-20,8.63,8.83,8.61,8.77,8.77,19431600,0.0,1.0,MCD
2002-12-19,8.76,8.85,8.64,8.71,8.71,11189100,0.0,1.0,MCD
2002-12-18,8.75,8.95,8.74,8.89,8.89,13276500,0.0,1.0,MCD
2002-12-17,9.21,9.29,8.67,8.9,8.9,35334900,0.0,1.0,MCD
2002-12-16,9.74,9.77,9.54,9.68,9.68,6332700,0.0,1.0,MCD
2002-12-13,9.55,9.85,9.53,9.65,9.65,5476300,0.0,1.0,MCD
2002-12-12,9.58,9.76,9.58,9.69,9.69,5779100,0.0,1.0,MCD
2002-12-11,9.52,9.65,9.43,9.58,9.58,6536300,0.0,1.0,MCD
2002-12-10,9.69,9.73,9.57,9.66,9.66,6246500,0.0,1.0,MCD
2002-12-09,9.94,10.0,9.57,9.69,9.69,9447700,0.0,1.0,MCD
2002-12-06,10.21,10.31,9.96,10.01,10.01,8393200,0.0,1.0,MCD
2002-12-05,10.12,10.67,9.9,10.46,10.46,14118700,0.0,1.0,MCD
2002-12-04,10.03,10.38,9.8,10.23,10.23,7108600,0.0,1.0,MCD
2002-12-03,10.41,10.42,10.1,10.16,10.16,4543000,0.0,1.0,MCD
2002-12-02,10.37,10.49,10.27,10.43,10.43,5120100,0.0,1.0,MCD
2002-11-29,10.23,10.38,10.15,10.3,10.3,2289200,0.0,1.0,MCD
2002-11-27,10.13,10.38,10.11,10.3,10.3,4094800,0.0,1.0,MCD
2002-11-26,10.01,10.24,9.99,10.14,10.14,4250500,0.0,1.0,MCD
2002-11-25,10.29,10.4,10.04,10.15,10.15,6269200,0.0,1.0,MCD
2002-11-22,10.32,10.61,10.31,10.38,10.38,5764200,0.0,1.0,MCD
2002-11-21,10.05,10.51,10.05,10.41,10.41,5377100,0.0,1.0,MCD
2002-11-20,9.9,10.13,9.88,10.05,10.05,4007200,0.0,1.0,MCD
2002-11-19,9.85,10.03,9.77,9.93,9.93,5145300,0.0,1.0,MCD
2002-11-18,9.76,9.97,9.68,9.88,9.88,8322800,0.0,1.0,MCD
2002-11-15,9.63,9.74,9.52,9.68,9.68,6561400,0.0,1.0,MCD
2002-11-14,9.55,9.68,9.44,9.63,9.63,6033100,0.0,1.0,MCD
2002-11-13,9.28,9.57,9.2,9.55,9.55,8041100,0.235,1.0,MCD
2002-11-12,9.34,9.47,8.93,9.39,9.39,10766200,0.0,1.0,MCD
2002-11-11,9.53,9.6,9.38,9.39,9.39,7006900,0.0,1.0,MCD
2002-11-08,9.61,9.84,9.06,9.77,9.77,19940700,0.0,1.0,MCD
2002-11-07,10.44,10.82,10.33,10.61,10.61,7843400,0.0,1.0,MCD
2002-11-06,10.34,10.56,10.27,10.47,10.47,7627900,0.0,1.0,MCD
2002-11-05,10.16,10.4,10.11,10.4,10.4,5764700,0.0,1.0,MCD
2002-11-04,10.06,10.3,10.0,10.12,10.12,7347800,0.0,1.0,MCD
2002-11-01,9.9,10.09,9.88,9.96,9.96,4333200,0.0,1.0,MCD
2002-10-31,9.94,10.11,9.83,9.95,9.95,5394100,0.0,1.0,MCD
2002-10-30,10.08,10.09,9.81,10.0,10.0,4758600,0.0,1.0,MCD
2002-10-29,9.98,10.19,9.83,10.12,10.12,3796300,0.0,1.0,MCD
2002-10-28,10.34,10.35,10.02,10.06,10.06,3868500,0.0,1.0,MCD
2002-10-25,10.12,10.29,10.04,10.16,10.16,5127400,0.0,1.0,MCD
2002-10-24,10.59,10.61,10.2,10.28,10.28,4563400,0.0,1.0,MCD
2002-10-23,10.24,10.64,10.17,10.57,10.57,6447600,0.0,1.0,MCD
2002-10-22,10.41,10.96,10.25,10.41,10.41,16937000,0.0,1.0,MCD
2002-10-21,9.66,10.13,9.61,10.05,10.05,6977500,0.0,1.0,MCD
2002-10-18,9.6,9.68,9.48,9.6,9.6,5251500,0.0,1.0,MCD
2002-10-17,9.66,9.79,9.39,9.79,9.79,6647800,0.0,1.0,MCD
2002-10-16,9.64,9.76,9.51,9.61,9.61,4948600,0.0,1.0,MCD
2002-10-15,9.97,10.19,9.66,9.92,9.92,7869800,0.0,1.0,MCD
2002-10-14,9.79,9.89,9.69,9.87,9.87,3317500,0.0,1.0,MCD
2002-10-11,9.57,10.02,9.47,9.87,9.87,6815000,0.0,1.0,MCD
2002-10-10,8.91,9.51,8.65,9.43,9.43,11885600,0.0,1.0,MCD
2002-10-09,9.53,9.64,9.01,9.1,9.1,7750400,0.0,1.0,MCD
2002-10-08,9.61,9.8,9.45,9.64,9.64,5135300,0.0,1.0,MCD
2002-10-07,9.47,9.72,9.45,9.58,9.58,5395000,0.0,1.0,MCD
2002-10-04,9.86,9.91,9.48,9.61,9.61,5223500,0.0,1.0,MCD
2002-10-03,9.96,10.14,9.74,9.77,9.77,5072700,0.0,1.0,MCD
2002-10-02,9.91,10.37,9.89,9.99,9.99,7297300,0.0,1.0,MCD
2002-10-01,9.8,10.15,9.69,10.04,10.04,7175900,0.0,1.0,MCD
2002-09-30,9.83,9.9,9.57,9.7,9.7,10127700,0.0,1.0,MCD
2002-09-27,10.03,10.35,10.0,10.09,10.09,11367800,0.0,1.0,MCD
2002-09-26,9.93,10.22,9.91,10.13,10.13,7466000,0.0,1.0,MCD
2002-09-25,9.89,10.11,9.8,9.94,9.94,8970600,0.0,1.0,MCD
2002-09-24,9.86,9.93,9.72,9.83,9.83,9042300,0.0,1.0,MCD
2002-09-23,9.8,10.11,9.78,9.97,9.97,9294400,0.0,1.0,MCD
2002-09-20,9.89,10.02,9.78,9.86,9.86,13001200,0.0,1.0,MCD
2002-09-19,9.78,10.11,9.78,9.8,9.8,14969100,0.0,1.0,MCD
2002-09-18,10.22,10.27,9.83,9.97,9.97,19584200,0.0,1.0,MCD
2002-09-17,11.64,11.64,10.38,10.39,10.39,24164600,0.0,1.0,MCD
2002-09-16,11.64,12.05,11.51,11.91,11.91,8819100,0.0,1.0,MCD
2002-09-13,11.04,11.36,10.99,11.28,11.28,8307000,0.0,1.0,MCD
2002-09-12,11.38,11.38,10.92,11.15,11.15,15956100,0.0,1.0,MCD
2002-09-11,11.78,11.85,11.69,11.72,11.72,4819600,0.0,1.0,MCD
2002-09-10,11.86,11.97,11.45,11.7,11.7,6051600,0.0,1.0,MCD
2002-09-09,11.51,11.91,11.48,11.78,11.78,7200600,0.0,1.0,MCD
2002-09-06,12.06,12.19,11.52,11.73,11.73,8580300,0.0,1.0,MCD
2002-09-05,12.0,12.19,11.43,12.07,12.07,10084700,0.0,1.0,MCD
2002-09-04,12.64,12.65,12.08,12.22,12.22,6918100,0.0,1.0,MCD
2002-09-03,12.95,12.96,12.59,12.65,12.65,3968700,0.0,1.0,MCD
2002-08-30,13.09,13.24,12.95,13.05,13.05,2404600,0.0,1.0,MCD
2002-08-29,12.95,13.24,12.78,13.08,13.08,3714800,0.0,1.0,MCD
2002-08-28,12.92,13.23,12.89,12.95,12.95,5003900,0.0,1.0,MCD
2002-08-27,13.18,13.29,12.96,13.1,13.1,3663600,0.0,1.0,MCD
2002-08-26,13.37,13.39,12.82,13.16,13.16,3174500,0.0,1.0,MCD
2002-08-23,13.26,13.52,13.18,13.26,13.26,2833100,0.0,1.0,MCD
2002-08-22,13.56,13.57,13.17,13.4,13.4,3204800,0.0,1.0,MCD
2002-08-21,13.46,13.6,13.32,13.47,13.47,5060600,0.0,1.0,MCD
2002-08-20,13.52,13.52,13.21,13.38,13.38,6032500,0.0,1.0,MCD
2002-08-19,13.02,13.56,12.93,13.52,13.52,4797300,0.0,1.0,MCD
2002-08-16,13.37,13.37,13.03,13.07,13.07,5529700,0.0,1.0,MCD
2002-08-15,12.7,13.27,12.63,13.27,13.27,5306800,0.0,1.0,MCD
2002-08-14,12.34,12.77,12.25,12.63,12.63,5387700,0.0,1.0,MCD
2002-08-13,12.59,12.76,12.4,12.45,12.45,5200900,0.0,1.0,MCD
2002-08-12,12.44,12.79,12.23,12.59,12.59,5669900,0.0,1.0,MCD
2002-08-09,12.1,12.57,12.08,12.5,12.5,6870000,0.0,1.0,MCD
2002-08-08,12.91,13.02,12.12,12.36,12.36,11689500,0.0,1.0,MCD
2002-08-07,12.87,12.98,12.48,12.83,12.83,6070400,0.0,1.0,MCD
2002-08-06,13.09,13.24,12.61,12.62,12.62,5356100,0.0,1.0,MCD
2002-08-05,12.95,13.29,12.95,13.09,13.09,3880600,0.0,1.0,MCD
2002-08-02,13.24,13.37,12.81,13.07,13.07,4221600,0.0,1.0,MCD
2002-08-01,13.54,13.92,13.35,13.37,13.37,5755100,0.0,1.0,MCD
2002-07-31,13.59,13.73,13.35,13.59,13.59,4265400,0.0,1.0,MCD
2002-07-30,13.49,13.89,13.37,13.46,13.46,5802200,0.0,1.0,MCD
2002-07-29,13.43,13.67,13.16,13.56,13.56,5593600,0.0,1.0,MCD
2002-07-26,12.15,12.91,12.03,12.9,12.9,7833600,0.0,1.0,MCD
2002-07-25,12.98,13.27,11.95,12.0,12.0,12944500,0.0,1.0,MCD
2002-07-24,12.63,13.45,12.5,13.06,13.06,9107400,0.0,1.0,MCD
2002-07-23,12.86,13.41,12.85,13.09,13.09,5388100,0.0,1.0,MCD
2002-07-22,12.91,13.41,12.52,12.8,12.8,9788300,0.0,1.0,MCD
2002-07-19,13.73,13.73,13.24,13.28,13.28,5930600,0.0,1.0,MCD
2002-07-18,14.07,14.23,13.79,13.79,13.79,4569000,0.0,1.0,MCD
2002-07-17,14.42,14.55,13.93,14.12,14.12,6011600,0.0,1.0,MCD
2002-07-16,14.38,14.55,14.25,14.31,14.31,4513400,0.0,1.0,MCD
2002-07-15,14.83,14.87,14.25,14.58,14.58,7724700,0.0,1.0,MCD
2002-07-12,15.02,15.06,14.75,14.9,14.9,6179000,0.0,1.0,MCD
2002-07-11,15.35,15.48,15.0,15.04,15.04,10354400,0.0,1.0,MCD
2002-07-10,15.38,15.65,15.33,15.43,15.43,8584600,0.0,1.0,MCD
2002-07-09,15.36,15.46,15.08,15.27,15.27,6434300,0.0,1.0,MCD
2002-07-08,15.24,15.37,15.11,15.32,15.32,4038200,0.0,1.0,MCD
2002-07-05,15.34,15.34,15.15,15.29,15.29,2444000,0.0,1.0,MCD
2002-07-03,15.27,15.43,14.87,15.07,15.07,5867300,0.0,1.0,MCD
2002-07-02,15.43,15.51,15.16,15.22,15.22,3136900,0.0,1.0,MCD
2002-07-01,15.63,15.72,15.39,15.43,15.43,4421500,0.0,1.0,MCD
2002-06-28,15.8,15.83,15.46,15.63,15.63,5790500,0.0,1.0,MCD
2002-06-27,15.78,15.85,15.5,15.75,15.75,5165000,0.0,1.0,MCD
2002-06-26,15.74,15.87,15.31,15.81,15.81,6713700,0.0,1.0,MCD
2002-06-25,15.94,16.16,15.85,15.96,15.96,6270300,0.0,1.0,MCD
2002-06-24,15.94,16.18,15.8,16.02,16.02,4283900,0.0,1.0,MCD
2002-06-21,15.98,16.28,15.85,15.93,15.93,9333600,0.0,1.0,MCD
2002-06-20,16.45,16.49,16.16,16.21,16.21,4129200,0.0,1.0,MCD
2002-06-19,16.42,16.63,16.31,16.47,16.47,3921300,0.0,1.0,MCD
2002-06-18,16.39,16.48,16.22,16.37,16.37,4414200,0.0,1.0,MCD
2002-06-17,16.36,16.43,16.15,16.38,16.38,5793000,0.0,1.0,MCD
2002-06-14,16.27,16.31,15.68,15.99,15.99,6104400,0.0,1.0,MCD
2002-06-13,16.31,16.44,16.16,16.37,16.37,3260900,0.0,1.0,MCD
2002-06-12,16.34,16.56,16.23,16.34,16.34,4315500,0.0,1.0,MCD
2002-06-11,16.61,16.72,16.32,16.37,16.37,4383600,0.0,1.0,MCD
2002-06-10,16.56,16.72,16.48,16.65,16.65,3295600,0.0,1.0,MCD
2002-06-07,16.35,16.52,16.29,16.44,16.44,4744400,0.0,1.0,MCD
2002-06-06,16.47,16.61,16.37,16.48,16.48,3547600,0.0,1.0,MCD
2002-06-05,16.09,16.5,16.07,16.47,16.47,3446600,0.0,1.0,MCD
2002-06-04,16.19,16.26,16.01,16.08,16.08,3723200,0.0,1.0,MCD
2002-06-03,16.48,16.53,16.2,16.2,16.2,3481800,0.0,1.0,MCD
2002-05-31,16.45,16.54,16.3,16.44,16.44,4978700,0.0,1.0,MCD
2002-05-30,16.44,16.61,16.32,16.35,16.35,3611100,0.0,1.0,MCD
2002-05-29,16.69,16.7,16.38,16.48,16.48,4084200,0.0,1.0,MCD
2002-05-28,16.56,16.7,16.54,16.56,16.56,2732700,0.0,1.0,MCD
2002-05-24,16.7,16.77,16.53,16.62,16.62,3574200,0.0,1.0,MCD
2002-05-23,16.78,16.87,16.5,16.7,16.7,4911000,0.0,1.0,MCD
2002-05-22,16.59,16.85,16.53,16.83,16.83,4612800,0.0,1.0,MCD
2002-05-21,16.66,16.7,16.51,16.7,16.7,4969800,0.0,1.0,MCD
2002-05-20,16.37,16.56,16.26,16.55,16.55,3534200,0.0,1.0,MCD
2002-05-17,16.45,16.52,16.2,16.48,16.48,3457300,0.0,1.0,MCD
2002-05-16,16.51,16.62,16.32,16.46,16.46,3765000,0.0,1.0,MCD
2002-05-15,16.48,16.58,16.43,16.51,16.51,5150500,0.0,1.0,MCD
2002-05-14,16.75,16.8,16.39,16.47,16.47,6105500,0.0,1.0,MCD
2002-05-13,16.46,16.76,16.43,16.7,16.7,7737300,0.0,1.0,MCD
2002-05-10,16.16,16.46,16.15,16.37,16.37,6923800,0.0,1.0,MCD
2002-05-09,15.77,16.2,15.77,16.08,16.08,4266800,0.0,1.0,MCD
2002-05-08,16.1,16.14,15.77,15.86,15.86,6518900,0.0,1.0,MCD
2002-05-07,16.12,16.36,15.94,16.04,16.04,6536800,0.0,1.0,MCD
2002-05-06,16.12,16.34,15.98,15.98,15.98,6205300,0.0,1.0,MCD
2002-05-03,15.75,16.15,15.71,16.09,16.09,8193100,0.0,1.0,MCD
2002-05-02,15.65,15.77,15.58,15.65,15.65,5392800,0.0,1.0,MCD
2002-05-01,15.6,15.7,15.41,15.64,15.64,6365800,0.0,1.0,MCD
2002-04-30,15.42,15.72,15.39,15.6,15.6,5078200,0.0,1.0,MCD
2002-04-29,15.38,15.73,15.38,15.49,15.49,3755300,0.0,1.0,MCD
2002-04-26,15.64,15.64,15.43,15.5,15.5,4092200,0.0,1.0,MCD
2002-04-25,15.4,15.82,15.39,15.56,15.56,5446300,0.0,1.0,MCD
2002-04-24,15.79,15.82,15.65,15.65,15.65,6256200,0.0,1.0,MCD
2002-04-23,15.79,16.04,15.65,15.8,15.8,8090000,0.0,1.0,MCD
2002-04-22,15.65,15.87,15.6,15.65,15.65,5023300,0.0,1.0,MCD
2002-04-19,15.78,15.81,15.54,15.71,15.71,7898300,0.0,1.0,MCD
2002-04-18,15.57,15.87,15.49,15.72,15.72,15718100,0.0,1.0,MCD
2002-04-17,15.02,15.1,14.87,14.92,14.92,3556600,0.0,1.0,MCD
2002-04-16,15.15,15.21,15.06,15.1,15.1,3608400,0.0,1.0,MCD
2002-04-15,15.1,15.24,14.91,15.05,15.05,3445600,0.0,1.0,MCD
2002-04-12,15.49,15.49,15.16,15.27,15.27,3588800,0.0,1.0,MCD
2002-04-11,15.41,15.51,15.11,15.22,15.22,4989700,0.0,1.0,MCD
2002-04-10,15.46,15.51,15.19,15.35,15.35,7097800,0.0,1.0,MCD
2002-04-09,15.7,15.91,15.39,15.46,15.46,7697300,0.0,1.0,MCD
2002-04-08,15.38,15.71,15.38,15.65,15.65,2683300,0.0,1.0,MCD
2002-04-05,15.14,15.65,15.14,15.57,15.57,4274100,0.0,1.0,MCD
2002-04-04,15.21,15.29,15.1,15.26,15.26,3526100,0.0,1.0,MCD
2002-04-03,15.08,15.25,14.94,15.1,15.1,3165700,0.0,1.0,MCD
2002-04-02,14.83,15.23,14.83,15.1,15.1,2470600,0.0,1.0,MCD
2002-04-01,15.17,15.17,14.88,14.97,14.97,3040700,0.0,1.0,MCD
2002-03-28,15.35,15.53,15.22,15.24,15.24,2958000,0.0,1.0,MCD
2002-03-27,15.43,15.43,14.98,15.35,15.35,3057100,0.0,1.0,MCD
2002-03-26,14.91,15.21,14.9,15.1,15.1,3029300,0.0,1.0,MCD
2002-03-25,14.91,15.13,14.86,14.95,14.95,4641800,0.0,1.0,MCD
2002-03-22,15.38,15.67,15.19,15.19,15.19,7366800,0.0,1.0,MCD
2002-03-21,15.96,15.96,15.66,15.76,15.76,3336800,0.0,1.0,MCD
2002-03-20,15.61,15.93,15.6,15.79,15.79,3627900,0.0,1.0,MCD
2002-03-19,15.55,15.82,15.55,15.82,15.82,2600100,0.0,1.0,MCD
2002-03-18,15.76,15.81,15.53,15.62,15.62,2980600,0.0,1.0,MCD
2002-03-15,15.63,15.89,15.54,15.77,15.77,5927700,0.0,1.0,MCD
2002-03-14,15.61,15.61,15.37,15.46,15.46,3966500,0.0,1.0,MCD
2002-03-13,15.5,15.9,15.01,15.32,15.32,10266000,0.0,1.0,MCD
2002-03-12,15.68,15.68,15.19,15.57,15.57,5145800,0.0,1.0,MCD
2002-03-11,15.29,15.44,15.25,15.32,15.32,4396200,0.0,1.0,MCD
2002-03-08,15.27,15.49,15.24,15.33,15.33,4279800,0.0,1.0,MCD
2002-03-07,15.38,15.38,15.17,15.24,15.24,4185400,0.0,1.0,MCD
2002-03-06,15.29,15.71,15.26,15.41,15.41,5999500,0.0,1.0,MCD
2002-03-05,14.85,15.27,14.76,15.17,15.17,6318800,0.0,1.0,MCD
2002-03-04,14.44,14.88,14.42,14.75,14.75,5179900,0.0,1.0,MCD
2002-03-01,14.47,14.52,14.32,14.37,14.37,4336400,0.0,1.0,MCD
2002-02-28,14.57,14.64,14.34,14.34,14.34,4267500,0.0,1.0,MCD
2002-02-27,14.55,14.63,14.29,14.49,14.49,4837700,0.0,1.0,MCD
2002-02-26,14.73,14.81,14.53,14.55,14.55,3687000,0.0,1.0,MCD
2002-02-25,14.8,14.86,14.7,14.73,14.73,3466800,0.0,1.0,MCD
2002-02-22,14.55,14.86,14.49,14.8,14.8,2970200,0.0,1.0,MCD
2002-02-21,14.82,14.96,14.55,14.57,14.57,3173300,0.0,1.0,MCD
2002-02-20,14.82,14.82,14.39,14.81,14.81,3675000,0.0,1.0,MCD
2002-02-19,14.54,14.7,14.34,14.39,14.39,5129500,0.0,1.0,MCD
2002-02-15,14.98,14.98,14.69,14.69,14.69,3739900,0.0,1.0,MCD
2002-02-14,14.77,14.86,14.7,14.75,14.75,4358900,0.0,1.0,MCD
2002-02-13,14.75,14.87,14.66,14.79,14.79,4306500,0.0,1.0,MCD
2002-02-12,14.77,14.8,14.64,14.75,14.75,2965700,0.0,1.0,MCD
2002-02-11,14.59,14.91,14.56,14.83,14.83,2654000,0.0,1.0,MCD
2002-02-08,14.83,14.94,14.48,14.68,14.68,4110800,0.0,1.0,MCD
2002-02-07,14.97,15.08,14.85,14.86,14.86,3398200,0.0,1.0,MCD
2002-02-06,14.98,15.02,14.8,14.93,14.93,4937000,0.0,1.0,MCD
2002-02-05,14.66,14.99,14.59,14.94,14.94,4835300,0.0,1.0,MCD
2002-02-04,14.7,14.91,14.61,14.61,14.61,4433200,0.0,1.0,MCD
2002-02-01,14.86,14.86,14.63,14.63,14.63,3430700,0.0,1.0,MCD
2002-01-31,14.83,14.94,14.7,14.93,14.93,4342400,0.0,1.0,MCD
2002-01-30,14.39,14.83,14.34,14.82,14.82,4966900,0.0,1.0,MCD
2002-01-29,14.43,14.83,14.2,14.42,14.42,5414200,0.0,1.0,MCD
2002-01-28,14.49,14.49,14.01,14.49,14.49,4459200,0.0,1.0,MCD
2002-01-25,14.4,14.52,13.94,14.07,14.07,7895500,0.0,1.0,MCD
2002-01-24,15.07,15.08,14.44,14.54,14.54,6085400,0.0,1.0,MCD
2002-01-23,15.05,15.05,14.76,15.05,15.05,5020200,0.0,1.0,MCD
2002-01-22,14.57,14.86,14.57,14.72,14.72,4561600,0.0,1.0,MCD
2002-01-18,14.53,14.75,14.42,14.52,14.52,3142300,0.0,1.0,MCD
2002-01-17,14.46,14.58,14.34,14.54,14.54,4294100,0.0,1.0,MCD
2002-01-16,14.49,14.55,14.31,14.31,14.31,4328600,0.0,1.0,MCD
2002-01-15,14.58,14.66,14.29,14.39,14.39,5553200,0.0,1.0,MCD
2002-01-14,14.57,14.61,14.29,14.29,14.29,3696400,0.0,1.0,MCD
2002-01-11,14.76,14.83,14.47,14.47,14.47,4397100,0.0,1.0,MCD
2002-01-10,14.76,14.98,14.69,14.73,14.73,3525600,0.0,1.0,MCD
2002-01-09,14.95,15.08,14.73,14.76,14.76,3219200,0.0,1.0,MCD
2002-01-08,15.02,15.09,14.83,15.03,15.03,3326000,0.0,1.0,MCD
2002-01-07,14.83,15.09,14.73,14.94,14.94,3683800,0.0,1.0,MCD
2002-01-04,14.86,14.86,14.72,14.82,14.82,4883600,0.0,1.0,MCD
2002-01-03,14.81,14.81,14.57,14.71,14.71,4813300,0.0,1.0,MCD
2002-01-02,14.54,14.63,14.41,14.55,14.55,3855800,0.0,1.0,MCD
2001-12-31,14.51,14.77,14.51,14.54,14.54,3051300,0.0,1.0,MCD
2001-12-28,14.77,14.79,14.57,14.61,14.61,3659600,0.0,1.0,MCD
2001-12-27,14.48,14.77,14.31,14.68,14.68,4841700,0.0,1.0,MCD
2001-12-26,14.14,14.47,14.13,14.34,14.34,3427100,0.0,1.0,MCD
2001-12-24,14.25,14.31,14.19,14.2,14.2,1280900,0.0,1.0,MCD
2001-12-21,14.25,14.35,14.12,14.23,14.23,6083900,0.0,1.0,MCD
2001-12-20,14.36,14.47,14.09,14.09,14.09,4533400,0.0,1.0,MCD
2001-12-19,14.35,14.54,14.35,14.37,14.37,4315500,0.0,1.0,MCD
2001-12-18,14.49,14.64,14.35,14.5,14.5,3427200,0.0,1.0,MCD
2001-12-17,14.74,14.77,14.31,14.31,14.31,5388700,0.0,1.0,MCD
2001-12-14,14.34,14.87,14.31,14.72,14.72,7769600,0.0,1.0,MCD
2001-12-13,13.87,14.18,13.81,14.08,14.08,6166700,0.0,1.0,MCD
2001-12-12,14.66,14.69,13.98,14.08,14.08,8120000,0.0,1.0,MCD
2001-12-11,14.55,14.7,14.5,14.55,14.55,6306900,0.0,1.0,MCD
2001-12-10,14.86,15.1,14.75,14.84,14.84,4267000,0.0,1.0,MCD
2001-12-07,15.2,15.2,14.73,14.77,14.77,4507800,0.0,1.0,MCD
2001-12-06,15.22,15.22,15.0,15.17,15.17,5010300,0.0,1.0,MCD
2001-12-05,14.77,15.1,14.64,15.09,15.09,4398400,0.0,1.0,MCD
2001-12-04,14.81,14.81,14.61,14.76,14.76,4188100,0.0,1.0,MCD
2001-12-03,15.03,15.03,14.61,14.68,14.68,5590900,0.0,1.0,MCD
2001-11-30,14.77,14.85,14.6,14.74,14.74,4178900,0.0,1.0,MCD
2001-11-29,14.61,14.8,14.59,14.71,14.71,2903400,0.0,1.0,MCD
2001-11-28,14.88,14.88,14.55,14.7,14.7,7836600,0.0,1.0,MCD
2001-11-27,14.95,14.96,14.77,14.84,14.84,5821200,0.0,1.0,MCD
2001-11-26,15.01,15.24,14.97,15.05,15.05,5095200,0.0,1.0,MCD
2001-11-23,15.16,15.16,14.99,15.11,15.11,1287400,0.0,1.0,MCD
2001-11-21,14.94,14.94,14.78,14.93,14.93,3011000,0.0,1.0,MCD
2001-11-20,15.07,15.17,14.92,14.95,14.95,5013400,0.0,1.0,MCD
2001-11-19,15.38,15.52,15.08,15.3,15.3,3379700,0.0,1.0,MCD
2001-11-16,15.65,15.65,15.38,15.38,15.38,5665800,0.0,1.0,MCD
2001-11-15,15.24,15.58,15.15,15.58,15.58,4550600,0.0,1.0,MCD
2001-11-14,14.94,15.2,14.94,15.13,15.13,5262300,0.0,1.0,MCD
2001-11-13,14.91,15.13,14.83,15.08,15.08,5343800,0.225,1.0,MCD
2001-11-12,14.59,14.68,14.23,14.58,14.58,3273200,0.0,1.0,MCD
2001-11-09,14.26,14.57,14.16,14.48,14.48,4726900,0.0,1.0,MCD
2001-11-08,14.71,14.78,14.1,14.33,14.33,8060900,0.0,1.0,MCD
2001-11-07,14.85,14.85,14.58,14.72,14.72,3400400,0.0,1.0,MCD
2001-11-06,14.56,14.79,14.52,14.71,14.71,3183600,0.0,1.0,MCD
2001-11-05,14.62,14.71,14.39,14.59,14.59,4099400,0.0,1.0,MCD
2001-11-02,14.44,14.7,14.36,14.59,14.59,3289300,0.0,1.0,MCD
2001-11-01,14.22,14.41,14.07,14.27,14.27,5004700,0.0,1.0,MCD
2001-10-31,14.14,14.37,14.08,14.2,14.2,6537500,0.0,1.0,MCD
2001-10-30,14.65,14.65,13.62,14.16,14.16,13766100,0.0,1.0,MCD
2001-10-29,15.55,15.74,14.86,14.86,14.86,7589000,0.0,1.0,MCD
2001-10-26,15.25,15.8,15.25,15.77,15.77,2986300,0.0,1.0,MCD
2001-10-25,15.12,15.46,14.92,15.44,15.44,3270500,0.0,1.0,MCD
2001-10-24,15.31,15.31,15.04,15.25,15.25,3648400,0.0,1.0,MCD
2001-10-23,15.42,15.47,15.01,15.07,15.07,4088200,0.0,1.0,MCD
2001-10-22,15.26,15.63,15.26,15.47,15.47,3753000,0.0,1.0,MCD
2001-10-19,15.53,15.59,15.26,15.57,15.57,6213900,0.0,1.0,MCD
2001-10-18,15.97,16.01,15.66,15.93,15.93,5027100,0.0,1.0,MCD
2001-10-17,16.29,16.34,15.97,16.02,16.02,4883500,0.0,1.0,MCD
2001-10-16,16.13,16.26,16.04,16.18,16.18,4784200,0.0,1.0,MCD
2001-10-15,16.2,16.33,16.0,16.08,16.08,4995600,0.0,1.0,MCD
2001-10-12,16.1,16.33,15.78,16.07,16.07,4605100,0.0,1.0,MCD
2001-10-11,16.04,16.4,16.0,16.37,16.37,5712500,0.0,1.0,MCD
2001-10-10,15.8,16.08,15.76,16.04,16.04,5326500,0.0,1.0,MCD
2001-10-09,15.73,15.73,15.28,15.68,15.68,2439700,0.0,1.0,MCD
2001-10-08,15.71,15.71,15.4,15.45,15.45,3588800,0.0,1.0,MCD
2001-10-05,15.82,15.82,15.48,15.74,15.74,4423000,0.0,1.0,MCD
2001-10-04,15.76,15.76,15.54,15.76,15.76,6536900,0.0,1.0,MCD
2001-10-03,15.64,15.64,14.99,15.61,15.61,5017900,0.0,1.0,MCD
2001-10-02,14.97,15.06,14.86,15.05,15.05,3640200,0.0,1.0,MCD
2001-10-01,14.97,14.97,14.54,14.89,14.89,4633400,0.0,1.0,MCD
2001-09-28,14.98,15.04,14.52,14.79,14.79,6373700,0.0,1.0,MCD
2001-09-27,14.68,14.71,14.4,14.71,14.71,10036500,0.0,1.0,MCD
2001-09-26,14.57,14.64,14.2,14.3,14.3,6052000,0.0,1.0,MCD
2001-09-25,14.55,14.87,14.16,14.35,14.35,6170800,0.0,1.0,MCD
2001-09-24,14.76,14.9,14.44,14.56,14.56,6082400,0.0,1.0,MCD
2001-09-21,14.98,14.98,14.25,14.75,14.75,7093300,0.0,1.0,MCD
2001-09-20,15.3,15.3,14.8,14.91,14.91,7941100,0.0,1.0,MCD
2001-09-19,15.85,15.85,15.25,15.53,15.53,11570600,0.0,1.0,MCD
2001-09-18,15.46,15.49,15.03,15.26,15.26,4637900,0.0,1.0,MCD
2001-09-17,15.09,15.69,14.96,15.46,15.46,8336300,0.0,1.0,MCD
2001-09-10,16.34,16.46,15.58,15.75,15.75,8200600,0.0,1.0,MCD
2001-09-07,16.46,16.52,16.27,16.32,16.32,4083900,0.0,1.0,MCD
2001-09-06,16.74,16.75,16.51,16.56,16.56,4218000,0.0,1.0,MCD
2001-09-05,16.75,16.81,16.52,16.75,16.75,3711400,0.0,1.0,MCD
2001-09-04,16.47,16.82,16.36,16.77,16.77,4399200,0.0,1.0,MCD
2001-08-31,16.37,16.45,16.29,16.36,16.36,2814500,0.0,1.0,MCD
2001-08-30,16.24,16.4,16.21,16.35,16.35,3229100,0.0,1.0,MCD
2001-08-29,16.18,16.39,16.15,16.34,16.34,4995700,0.0,1.0,MCD
2001-08-28,16.34,16.4,16.19,16.28,16.28,4392400,0.0,1.0,MCD
2001-08-27,16.49,16.6,16.4,16.49,16.49,2890900,0.0,1.0,MCD
2001-08-24,16.72,16.89,16.46,16.61,16.61,4941600,0.0,1.0,MCD
2001-08-23,16.41,16.86,16.4,16.8,16.8,4080500,0.0,1.0,MCD
2001-08-22,16.34,16.59,16.33,16.48,16.48,3172700,0.0,1.0,MCD
2001-08-21,16.34,16.6,16.29,16.34,16.34,4782000,0.0,1.0,MCD
2001-08-20,16.34,16.39,16.23,16.37,16.37,2765900,0.0,1.0,MCD
2001-08-17,16.07,16.38,15.99,16.34,16.34,7711000,0.0,1.0,MCD
2001-08-16,15.61,16.23,15.58,16.18,16.18,7375200,0.0,1.0,MCD
2001-08-15,15.29,15.63,15.28,15.52,15.52,6460100,0.0,1.0,MCD
2001-08-14,15.35,15.35,15.13,15.25,15.25,3386800,0.0,1.0,MCD
2001-08-13,15.26,15.52,15.2,15.26,15.26,1861200,0.0,1.0,MCD
2001-08-10,15.28,15.37,15.08,15.3,15.3,3318800,0.0,1.0,MCD
2001-08-09,15.43,15.53,15.25,15.41,15.41,2872500,0.0,1.0,MCD
2001-08-08,15.59,15.74,15.41,15.48,15.48,2850400,0.0,1.0,MCD
2001-08-07,15.6,15.78,15.56,15.69,15.69,2104100,0.0,1.0,MCD
2001-08-06,15.74,15.84,15.58,15.69,15.69,2053300,0.0,1.0,MCD
2001-08-03,15.8,15.87,15.69,15.8,15.8,1728200,0.0,1.0,MCD
2001-08-02,15.93,16.06,15.74,15.88,15.88,2611000,0.0,1.0,MCD
2001-08-01,15.96,16.07,15.89,16.01,16.01,3745000,0.0,1.0,MCD
2001-07-31,15.87,16.07,15.8,15.87,15.87,4359300,0.0,1.0,MCD
2001-07-30,15.58,15.83,15.5,15.74,15.74,2095400,0.0,1.0,MCD
2001-07-27,15.63,15.75,15.58,15.6,15.6,2585100,0.0,1.0,MCD
2001-07-26,15.78,15.85,15.64,15.76,15.76,3571200,0.0,1.0,MCD
2001-07-25,15.54,16.04,15.5,15.96,15.96,7503800,0.0,1.0,MCD
2001-07-24,15.38,15.58,15.25,15.47,15.47,8264900,0.0,1.0,MCD
2001-07-23,15.24,15.62,15.08,15.13,15.13,6509700,0.0,1.0,MCD
2001-07-20,14.98,15.12,14.95,14.99,14.99,2961600,0.0,1.0,MCD
2001-07-19,15.19,15.22,14.99,15.07,15.07,3008600,0.0,1.0,MCD
2001-07-18,15.09,15.19,15.02,15.09,15.09,3068500,0.0,1.0,MCD
2001-07-17,15.04,15.19,14.88,15.1,15.1,2664800,0.0,1.0,MCD
2001-07-16,14.87,15.19,14.87,15.05,15.05,3607200,0.0,1.0,MCD
2001-07-13,14.62,15.08,14.62,15.06,15.06,4014100,0.0,1.0,MCD
2001-07-12,14.51,14.83,14.27,14.71,14.71,3423200,0.0,1.0,MCD
2001-07-11,14.27,14.73,14.27,14.51,14.51,5751000,0.0,1.0,MCD
2001-07-10,14.63,14.88,14.52,14.65,14.65,5415900,0.0,1.0,MCD
2001-07-09,14.45,14.56,14.33,14.47,14.47,2696000,0.0,1.0,MCD
2001-07-06,14.73,14.74,14.19,14.46,14.46,5248900,0.0,1.0,MCD
2001-07-05,14.88,14.92,14.73,14.74,14.74,2010900,0.0,1.0,MCD
2001-07-03,15.02,15.03,14.67,14.84,14.84,1709900,0.0,1.0,MCD
2001-07-02,14.82,15.0,14.82,14.93,14.93,3917800,0.0,1.0,MCD
2001-06-29,15.14,15.14,14.71,14.74,14.74,14439500,0.0,1.0,MCD
2001-06-28,15.01,15.25,15.0,15.08,15.08,2710400,0.0,1.0,MCD
2001-06-27,14.94,15.12,14.79,14.99,14.99,2946800,0.0,1.0,MCD
2001-06-26,15.23,15.24,14.71,15.0,15.0,9066300,0.0,1.0,MCD
2001-06-25,15.24,15.36,15.07,15.14,15.14,3658300,0.0,1.0,MCD
2001-06-22,15.47,15.49,15.15,15.32,15.32,4046300,0.0,1.0,MCD
2001-06-21,15.25,15.61,15.25,15.6,15.6,3504300,0.0,1.0,MCD
2001-06-20,15.25,15.53,15.14,15.37,15.37,3903200,0.0,1.0,MCD
2001-06-19,15.53,15.69,15.24,15.36,15.36,4407300,0.0,1.0,MCD
2001-06-18,15.48,15.55,15.33,15.53,15.53,5075800,0.0,1.0,MCD
2001-06-15,15.98,16.28,15.48,15.62,15.62,11853500,0.0,1.0,MCD
2001-06-14,16.34,16.56,16.23,16.32,16.32,4808100,0.0,1.0,MCD
2001-06-13,16.3,16.5,16.26,16.34,16.34,3222700,0.0,1.0,MCD
2001-06-12,16.16,16.37,16.06,16.24,16.24,3717600,0.0,1.0,MCD
2001-06-11,16.04,16.34,15.93,16.29,16.29,2642300,0.0,1.0,MCD
2001-06-08,16.16,16.34,15.75,16.04,16.04,2461900,0.0,1.0,MCD
2001-06-07,16.11,16.38,16.08,16.28,16.28,2525700,0.0,1.0,MCD
2001-06-06,16.4,16.59,16.13,16.18,16.18,5231300,0.0,1.0,MCD
2001-06-05,15.94,16.21,15.8,16.02,16.02,4723200,0.0,1.0,MCD
2001-06-04,16.1,16.13,15.84,15.92,15.92,3596600,0.0,1.0,MCD
2001-06-01,16.5,16.53,16.08,16.19,16.19,4096200,0.0,1.0,MCD
2001-05-31,16.39,16.71,16.26,16.5,16.5,5132400,0.0,1.0,MCD
2001-05-30,16.62,16.78,16.48,16.72,16.72,3601200,0.0,1.0,MCD
2001-05-29,16.63,16.77,16.51,16.75,16.75,2782100,0.0,1.0,MCD
2001-05-25,16.6,16.66,16.49,16.62,16.62,2056600,0.0,1.0,MCD
2001-05-24,16.42,16.76,16.41,16.76,16.76,2997300,0.0,1.0,MCD
2001-05-23,16.42,16.53,16.26,16.47,16.47,4142100,0.0,1.0,MCD
2001-05-22,16.74,16.87,16.45,16.62,16.62,6826700,0.0,1.0,MCD
2001-05-21,16.22,16.33,15.81,16.27,16.27,5809200,0.0,1.0,MCD
2001-05-18,15.55,16.29,15.54,16.23,16.23,8899900,0.0,1.0,MCD
2001-05-17,14.98,15.66,14.98,15.53,15.53,7799800,0.0,1.0,MCD
2001-05-16,15.04,15.24,14.93,15.09,15.09,4870500,0.0,1.0,MCD
2001-05-15,15.12,15.31,14.95,14.98,14.98,4320400,0.0,1.0,MCD
2001-05-14,14.98,15.2,14.9,15.12,15.12,6319700,0.0,1.0,MCD
2001-05-11,14.77,15.13,14.74,15.11,15.11,4851300,0.0,1.0,MCD
2001-05-10,14.82,14.82,14.66,14.66,14.66,5256700,0.0,1.0,MCD
2001-05-09,14.33,14.82,14.3,14.82,14.82,6109200,0.0,1.0,MCD
2001-05-08,14.59,14.68,14.44,14.46,14.46,4155100,0.0,1.0,MCD
2001-05-07,14.69,14.71,14.52,14.58,14.58,3380700,0.0,1.0,MCD
2001-05-04,14.4,14.63,14.39,14.61,14.61,6354700,0.0,1.0,MCD
2001-05-03,15.01,15.01,14.57,14.65,14.65,6436500,0.0,1.0,MCD
2001-05-02,15.14,15.14,14.85,15.01,15.01,3582800,0.0,1.0,MCD
2001-05-01,14.85,15.23,14.77,15.13,15.13,4017200,0.0,1.0,MCD
2001-04-30,14.93,15.08,14.65,14.98,14.98,5778400,0.0,1.0,MCD
2001-04-27,14.85,14.96,14.58,14.77,14.77,2824000,0.0,1.0,MCD
2001-04-26,14.63,14.81,14.54,14.72,14.72,3033100,0.0,1.0,MCD
2001-04-25,14.72,14.73,14.5,14.71,14.71,4285700,0.0,1.0,MCD
2001-04-24,14.82,14.85,14.59,14.62,14.62,5059300,0.0,1.0,MCD
2001-04-23,14.75,14.85,14.6,14.69,14.69,3437600,0.0,1.0,MCD
2001-04-20,14.85,14.96,14.55,14.76,14.76,4010000,0.0,1.0,MCD
2001-04-19,14.98,15.2,14.55,14.96,14.96,4907300,0.0,1.0,MCD
2001-04-18,14.68,15.23,14.63,14.98,14.98,4294700,0.0,1.0,MCD
2001-04-17,14.72,14.87,14.65,14.8,14.8,2844000,0.0,1.0,MCD
2001-04-16,14.68,14.87,14.58,14.83,14.83,2444300,0.0,1.0,MCD
2001-04-12,14.4,14.73,14.4,14.65,14.65,2872800,0.0,1.0,MCD
2001-04-11,14.62,14.85,14.47,14.56,14.56,3405000,0.0,1.0,MCD
2001-04-10,14.57,14.91,14.49,14.71,14.71,3751400,0.0,1.0,MCD
2001-04-09,14.14,14.68,14.13,14.54,14.54,3673600,0.0,1.0,MCD
2001-04-06,14.28,14.3,14.03,14.3,14.3,3312400,0.0,1.0,MCD
2001-04-05,14.34,14.46,14.01,14.16,14.16,4362000,0.0,1.0,MCD
2001-04-04,14.14,14.21,13.83,14.21,14.21,5456000,0.0,1.0,MCD
2001-04-03,14.46,14.47,13.96,14.05,14.05,5562400,0.0,1.0,MCD
2001-04-02,14.33,14.85,14.33,14.51,14.51,4560200,0.0,1.0,MCD
2001-03-30,13.97,14.49,13.9,14.46,14.46,5845400,0.0,1.0,MCD
2001-03-29,13.76,14.7,13.67,14.43,14.43,5678900,0.0,1.0,MCD
2001-03-28,13.77,13.9,13.62,13.77,13.77,4168800,0.0,1.0,MCD
2001-03-27,13.78,13.95,13.65,13.8,13.8,5708700,0.0,1.0,MCD
2001-03-26,13.62,13.89,13.48,13.78,13.78,5164300,0.0,1.0,MCD
2001-03-23,13.76,13.8,13.48,13.62,13.62,5210200,0.0,1.0,MCD
2001-03-22,13.7,13.88,13.55,13.68,13.68,7568600,0.0,1.0,MCD
2001-03-21,13.95,14.21,13.8,13.97,13.97,6182500,0.0,1.0,MCD
2001-03-20,14.38,14.43,14.0,14.04,14.04,4981800,0.0,1.0,MCD
2001-03-19,14.29,14.55,14.28,14.37,14.37,4393500,0.0,1.0,MCD
2001-03-16,14.6,14.95,14.22,14.44,14.44,8455500,0.0,1.0,MCD
2001-03-15,14.87,14.88,14.46,14.84,14.84,5756500,0.0,1.0,MCD
2001-03-14,14.33,15.31,14.32,15.01,15.01,9960400,0.0,1.0,MCD
2001-03-13,15.12,15.27,14.79,15.14,15.14,8211200,0.0,1.0,MCD
2001-03-12,15.61,15.61,15.22,15.29,15.29,4978100,0.0,1.0,MCD
2001-03-09,15.96,15.99,15.59,15.77,15.77,3745400,0.0,1.0,MCD
2001-03-08,15.36,15.96,15.35,15.96,15.96,4038800,0.0,1.0,MCD
2001-03-07,15.72,15.78,15.31,15.47,15.47,3803700,0.0,1.0,MCD
2001-03-06,15.31,15.75,15.17,15.72,15.72,5627300,0.0,1.0,MCD
2001-03-05,15.58,15.62,15.5,15.56,15.56,2781400,0.0,1.0,MCD
2001-03-02,15.91,15.91,15.58,15.72,15.72,4924700,0.0,1.0,MCD
2001-03-01,15.82,16.06,15.79,15.91,15.91,4732100,0.0,1.0,MCD
2001-02-28,16.34,16.34,15.8,16.02,16.02,4582200,0.0,1.0,MCD
2001-02-27,16.36,16.44,16.19,16.37,16.37,3666300,0.0,1.0,MCD
2001-02-26,16.37,16.45,16.21,16.28,16.28,2763600,0.0,1.0,MCD
2001-02-23,16.4,16.61,16.32,16.41,16.41,4653000,0.0,1.0,MCD
2001-02-22,16.15,16.53,16.13,16.38,16.38,4020300,0.0,1.0,MCD
2001-02-21,16.47,16.81,16.13,16.17,16.17,4261100,0.0,1.0,MCD
2001-02-20,16.38,16.8,16.38,16.58,16.58,3712700,0.0,1.0,MCD
2001-02-16,16.34,16.59,16.26,16.46,16.46,4590500,0.0,1.0,MCD
2001-02-15,15.96,16.44,15.93,16.39,16.39,7087000,0.0,1.0,MCD
2001-02-14,16.89,16.89,15.87,15.93,15.93,4888600,0.0,1.0,MCD
2001-02-13,16.29,16.53,16.19,16.34,16.34,5234600,0.0,1.0,MCD
2001-02-12,16.21,16.48,16.15,16.25,16.25,3865500,0.0,1.0,MCD
2001-02-09,15.98,16.4,15.95,16.21,16.21,3406200,0.0,1.0,MCD
2001-02-08,16.03,16.16,15.77,15.98,15.98,6959000,0.0,1.0,MCD
2001-02-07,16.35,16.47,15.9,15.95,15.95,6112900,0.0,1.0,MCD
2001-02-06,15.95,16.62,15.94,16.36,16.36,6791300,0.0,1.0,MCD
2001-02-05,15.93,16.09,15.88,15.99,15.99,4410000,0.0,1.0,MCD
2001-02-02,15.83,16.08,15.78,16.03,16.03,5769700,0.0,1.0,MCD
2001-02-01,16.07,16.21,15.78,15.81,15.81,6946800,0.0,1.0,MCD
2001-01-31,15.93,16.07,15.77,15.99,15.99,7850300,0.0,1.0,MCD
2001-01-30,16.07,16.09,15.86,16.04,16.04,5582200,0.0,1.0,MCD
2001-01-29,15.91,16.19,15.25,16.08,16.08,8501700,0.0,1.0,MCD
2001-01-26,16.07,16.31,15.69,15.8,15.8,9631400,0.0,1.0,MCD
2001-01-25,16.78,16.96,15.39,16.1,16.1,20823700,0.0,1.0,MCD
2001-01-24,17.37,17.5,16.51,16.78,16.78,11006600,0.0,1.0,MCD
2001-01-23,18.25,18.25,17.78,17.91,17.91,3290600,0.0,1.0,MCD
2001-01-22,17.78,18.39,17.78,18.25,18.25,3267500,0.0,1.0,MCD
2001-01-19,18.22,18.25,17.81,17.87,17.87,5238500,0.0,1.0,MCD
2001-01-18,18.59,18.69,18.32,18.32,18.32,4744500,0.0,1.0,MCD
2001-01-17,18.46,19.1,18.32,18.9,18.9,5223100,0.0,1.0,MCD
2001-01-16,17.84,18.59,17.5,18.59,18.59,4546000,0.0,1.0,MCD
2001-01-12,17.94,18.49,17.74,18.32,18.32,3284200,0.0,1.0,MCD
2001-01-11,18.15,18.15,17.78,17.81,17.81,2179800,0.0,1.0,MCD
2001-01-10,17.91,18.15,17.6,18.08,18.08,3091800,0.0,1.0,MCD
2001-01-09,17.74,18.11,17.74,18.01,18.01,2778100,0.0,1.0,MCD
2001-01-08,17.91,18.15,17.84,17.98,17.98,2803600,0.0,1.0,MCD
2001-01-05,17.84,17.98,17.74,17.94,17.94,3999100,0.0,1.0,MCD
2001-01-04,18.11,18.46,17.91,17.98,17.98,5953800,0.0,1.0,MCD
2001-01-03,18.28,18.9,18.18,18.35,18.35,3265400,0.0,1.0,MCD
2001-01-02,18.42,18.42,17.98,18.25,18.25,3529800,0.0,1.0,MCD
2000-12-29,18.42,18.79,18.28,18.52,18.52,3338200,0.0,1.0,MCD
2000-12-28,17.87,18.52,17.67,18.46,18.46,3539400,0.0,1.0,MCD
2000-12-27,17.6,18.05,17.5,18.05,18.05,3865600,0.0,1.0,MCD
2000-12-26,17.77,17.84,17.47,17.71,17.71,3365100,0.0,1.0,MCD
2000-12-22,17.71,18.01,17.4,17.81,17.81,3214200,0.0,1.0,MCD
2000-12-21,17.4,17.81,17.33,17.81,17.81,4297600,0.0,1.0,MCD
2000-12-20,17.64,17.84,17.09,17.09,17.09,5257300,0.0,1.0,MCD
2000-12-19,17.71,18.08,17.64,17.91,17.91,4633800,0.0,1.0,MCD
2000-12-18,17.37,17.74,17.26,17.6,17.6,3202600,0.0,1.0,MCD
2000-12-15,17.16,17.57,17.13,17.16,17.16,7806700,0.0,1.0,MCD
2000-12-14,16.89,17.3,16.75,17.19,17.19,5369000,0.0,1.0,MCD
2000-12-13,16.96,17.16,16.65,16.96,16.96,7453800,0.0,1.0,MCD
2000-12-12,16.62,16.99,16.55,16.82,16.82,9798200,0.0,1.0,MCD
2000-12-11,15.93,16.41,15.8,16.31,16.31,12259000,0.0,1.0,MCD
2000-12-08,16.34,16.41,15.66,16.07,16.07,5463100,0.0,1.0,MCD
2000-12-07,16.07,16.69,15.97,16.48,16.48,3239200,0.0,1.0,MCD
2000-12-06,16.45,16.62,15.83,16.14,16.14,4859100,0.0,1.0,MCD
2000-12-05,17.02,17.02,16.41,16.62,16.62,3762800,0.0,1.0,MCD
2000-12-04,16.62,17.23,16.58,17.13,17.13,2857900,0.0,1.0,MCD
2000-12-01,17.5,17.5,16.69,16.86,16.86,5264000,0.0,1.0,MCD
2000-11-30,17.78,17.94,17.16,17.37,17.37,3794900,0.0,1.0,MCD
2000-11-29,17.06,18.11,17.02,17.71,17.71,5271600,0.0,1.0,MCD
2000-11-28,17.23,17.47,16.82,17.02,17.02,5332000,0.0,1.0,MCD
2000-11-27,18.05,18.18,17.16,17.4,17.4,5253000,0.0,1.0,MCD
2000-11-24,18.22,18.52,18.22,18.35,18.35,1475500,0.0,1.0,MCD
2000-11-22,18.15,18.76,18.15,18.66,18.66,3043000,0.0,1.0,MCD
2000-11-21,18.28,18.52,18.08,18.49,18.49,2471800,0.0,1.0,MCD
2000-11-20,17.71,18.46,17.71,18.25,18.25,3091600,0.0,1.0,MCD
2000-11-17,17.71,18.22,17.71,18.22,18.22,3465000,0.0,1.0,MCD
2000-11-16,18.22,18.22,17.81,17.81,17.81,2587800,0.0,1.0,MCD
2000-11-15,18.15,18.39,18.11,18.15,18.15,3670200,0.0,1.0,MCD
2000-11-14,18.01,18.25,17.87,18.22,18.22,4011100,0.0,1.0,MCD
2000-11-13,17.57,18.15,17.54,18.01,18.01,4603700,0.215,1.0,MCD
2000-11-10,16.98,18.0,16.95,17.89,17.89,6093400,0.0,1.0,MCD
2000-11-09,17.05,17.26,16.88,17.18,17.18,2431100,0.0,1.0,MCD
2000-11-08,17.08,17.18,16.91,17.12,17.12,2728400,0.0,1.0,MCD
2000-11-07,17.22,17.49,17.08,17.18,17.18,2333600,0.0,1.0,MCD
2000-11-06,17.32,17.46,17.15,17.32,17.32,2440600,0.0,1.0,MCD
2000-11-03,17.29,17.66,17.15,17.53,17.53,3794400,0.0,1.0,MCD
2000-11-02,17.02,17.32,16.95,17.29,17.29,3065700,0.0,1.0,MCD
2000-11-01,16.64,17.15,16.58,17.12,17.12,3181300,0.0,1.0,MCD
2000-10-31,16.98,17.05,16.61,16.78,16.78,4047100,0.0,1.0,MCD
2000-10-30,16.07,16.95,15.93,16.88,16.88,5916900,0.0,1.0,MCD
2000-10-27,15.53,16.1,15.53,16.1,16.1,3743900,0.0,1.0,MCD
2000-10-26,15.53,15.8,15.5,15.66,15.66,4074800,0.0,1.0,MCD
2000-10-25,15.63,15.83,15.59,15.7,15.7,4246900,0.0,1.0,MCD
2000-10-24,15.86,16.04,15.59,15.77,15.77,5020500,0.0,1.0,MCD
2000-10-23,15.66,15.8,15.59,15.77,15.77,3610200,0.0,1.0,MCD
2000-10-20,15.43,15.5,15.23,15.29,15.29,5199500,0.0,1.0,MCD
2000-10-19,15.63,15.63,14.92,15.09,15.09,6460600,0.0,1.0,MCD
2000-10-18,15.36,15.43,15.05,15.19,15.19,3077800,0.0,1.0,MCD
2000-10-17,15.36,15.43,14.95,15.16,15.16,4310200,0.0,1.0,MCD
2000-10-16,15.93,15.93,15.59,15.7,15.7,2694800,0.0,1.0,MCD
2000-10-13,15.32,15.8,15.16,15.63,15.63,2707100,0.0,1.0,MCD
2000-10-12,16.1,16.13,15.12,15.36,15.36,5741500,0.0,1.0,MCD
2000-10-11,16.24,16.48,16.21,16.24,16.24,2424100,0.0,1.0,MCD
2000-10-10,16.41,16.44,16.21,16.21,16.21,1944800,0.0,1.0,MCD
2000-10-09,16.24,16.31,15.97,16.27,16.27,2179400,0.0,1.0,MCD
2000-10-06,16.17,16.41,15.93,16.17,16.17,3540600,0.0,1.0,MCD
2000-10-05,16.37,16.48,16.07,16.31,16.31,5717500,0.0,1.0,MCD
2000-10-04,16.41,16.51,16.17,16.24,16.24,2199700,0.0,1.0,MCD
2000-10-03,16.31,16.51,16.21,16.37,16.37,3047300,0.0,1.0,MCD
2000-10-02,16.48,16.48,16.24,16.27,16.27,2161800,0.0,1.0,MCD
2000-09-29,16.34,16.44,16.1,16.34,16.34,3074500,0.0,1.0,MCD
2000-09-28,16.21,16.37,16.13,16.17,16.17,3317900,0.0,1.0,MCD
2000-09-27,16.04,16.21,15.97,16.17,16.17,3542400,0.0,1.0,MCD
2000-09-26,15.97,16.31,15.93,16.17,16.17,5603100,0.0,1.0,MCD
2000-09-25,15.83,15.93,15.66,15.93,15.93,4416800,0.0,1.0,MCD
2000-09-22,15.53,15.85,15.26,15.53,15.53,6886900,0.0,1.0,MCD
2000-09-21,15.05,15.29,14.61,14.61,14.61,4128100,0.0,1.0,MCD
2000-09-20,15.09,15.12,14.61,14.99,14.99,4793200,0.0,1.0,MCD
2000-09-19,15.43,15.5,14.92,15.09,15.09,5110200,0.0,1.0,MCD
2000-09-18,15.12,15.46,14.85,15.43,15.43,5527900,0.0,1.0,MCD
2000-09-15,15.59,15.59,14.65,15.16,15.16,10175900,0.0,1.0,MCD
2000-09-14,15.02,15.02,14.28,14.75,14.75,17827100,0.0,1.0,MCD
2000-09-13,15.93,15.97,14.61,14.72,14.72,7816400,0.4688,1.0,MCD
2000-09-12,15.0,15.73,14.8,15.43,15.43,11730400,0.0,1.0,MCD
2000-09-11,15.3,15.33,14.93,15.1,15.1,4514600,0.0,1.0,MCD
2000-09-08,15.6,15.73,15.03,15.3,15.3,6268100,0.0,1.0,MCD
2000-09-07,16.1,16.16,15.46,15.7,15.7,6629500,0.0,1.0,MCD
2000-09-06,15.73,16.13,15.73,16.03,16.03,4009200,0.0,1.0,MCD
2000-09-05,15.73,15.86,15.63,15.8,15.8,5208100,0.0,1.0,MCD
2000-09-01,15.8,15.99,15.6,15.73,15.73,4717000,0.0,1.0,MCD
2000-08-31,16.03,16.16,15.77,15.9,15.9,6792600,0.0,1.0,MCD
2000-08-30,16.2,16.2,15.93,16.16,16.16,4095000,0.0,1.0,MCD
2000-08-29,16.33,16.49,16.06,16.2,16.2,4823800,0.0,1.0,MCD
2000-08-28,15.96,16.2,15.96,16.16,16.16,4056200,0.0,1.0,MCD
2000-08-25,16.23,16.26,15.9,16.16,16.16,4992100,0.0,1.0,MCD
2000-08-24,16.6,16.66,15.96,16.16,16.16,6604900,0.0,1.0,MCD
2000-08-23,16.66,16.89,16.46,16.6,16.6,3414800,0.0,1.0,MCD
2000-08-22,16.86,16.96,16.6,16.66,16.66,3485600,0.0,1.0,MCD
2000-08-21,16.93,16.99,16.63,16.79,16.79,2985800,0.0,1.0,MCD
2000-08-18,16.56,16.99,16.49,16.79,16.79,3335400,0.0,1.0,MCD
2000-08-17,17.1,17.23,16.49,16.63,16.63,4735200,0.0,1.0,MCD
2000-08-16,17.26,17.32,17.19,17.23,17.23,2087600,0.0,1.0,MCD
2000-08-15,17.79,17.89,17.16,17.26,17.26,2872800,0.0,1.0,MCD
2000-08-14,17.79,17.79,17.56,17.72,17.72,2457400,0.0,1.0,MCD
2000-08-11,17.53,17.89,17.49,17.79,17.79,2224100,0.0,1.0,MCD
2000-08-10,17.53,17.59,17.36,17.46,17.46,2316000,0.0,1.0,MCD
2000-08-09,17.46,17.66,17.16,17.39,17.39,3548300,0.0,1.0,MCD
2000-08-08,18.09,18.16,17.59,17.82,17.82,2625500,0.0,1.0,MCD
2000-08-07,17.86,18.22,17.82,17.93,17.93,3078100,0.0,1.0,MCD
2000-08-04,17.63,17.93,17.56,17.76,17.76,2536600,0.0,1.0,MCD
2000-08-03,17.89,18.06,17.66,17.69,17.69,3805700,0.0,1.0,MCD
2000-08-02,17.32,17.86,17.32,17.79,17.79,4643100,0.0,1.0,MCD
2000-08-01,16.96,17.36,16.93,17.36,17.36,3134200,0.0,1.0,MCD
2000-07-31,17.26,17.36,16.73,16.86,16.86,4871300,0.0,1.0,MCD
2000-07-28,17.19,17.46,17.03,17.03,17.03,3092900,0.0,1.0,MCD
2000-07-27,17.56,17.96,17.06,17.13,17.13,6561400,0.0,1.0,MCD
2000-07-26,17.03,17.69,16.86,16.86,16.86,11296100,0.0,1.0,MCD
2000-07-25,16.49,16.7,15.99,16.66,16.66,6895700,0.0,1.0,MCD
2000-07-24,16.43,16.6,16.03,16.1,16.1,4192300,0.0,1.0,MCD
2000-07-21,16.96,16.96,16.26,16.43,16.43,4031800,0.0,1.0,MCD
2000-07-20,16.76,17.03,16.66,16.86,16.86,3266300,0.0,1.0,MCD
2000-07-19,16.66,16.73,16.49,16.7,16.7,3170500,0.0,1.0,MCD
2000-07-18,16.66,16.83,16.49,16.66,16.66,2651700,0.0,1.0,MCD
2000-07-17,16.76,16.79,16.56,16.66,16.66,2669400,0.0,1.0,MCD
2000-07-14,16.66,16.79,16.56,16.7,16.7,3143900,0.0,1.0,MCD
2000-07-13,17.26,17.26,16.49,16.76,16.76,6731700,0.0,1.0,MCD
2000-07-12,17.36,17.36,17.03,17.03,17.03,2893000,0.0,1.0,MCD
2000-07-11,17.49,17.59,17.16,17.32,17.32,3094500,0.0,1.0,MCD
2000-07-10,17.76,17.79,17.13,17.16,17.16,3013900,0.0,1.0,MCD
2000-07-07,17.16,17.82,17.03,17.29,17.29,3766600,0.0,1.0,MCD
2000-07-06,17.06,17.32,17.06,17.13,17.13,4010300,0.0,1.0,MCD
2000-07-05,17.29,17.32,16.83,16.93,16.93,5067000,0.0,1.0,MCD
2000-07-03,17.66,17.76,17.16,17.29,17.29,1681200,0.0,1.0,MCD
2000-06-30,16.76,17.58,16.73,17.53,17.53,6147600,0.0,1.0,MCD
2000-06-29,16.99,16.99,16.53,16.63,16.63,5545100,0.0,1.0,MCD
2000-06-28,17.29,17.46,17.03,17.14,17.14,3179800,0.0,1.0,MCD
2000-06-27,17.69,17.82,17.36,17.39,17.39,3422100,0.0,1.0,MCD
2000-06-26,17.53,17.89,17.49,17.79,17.79,4887200,0.0,1.0,MCD
2000-06-23,16.86,17.66,16.76,17.36,17.36,7978700,0.0,1.0,MCD
2000-06-22,16.63,16.79,16.56,16.73,16.73,3928900,0.0,1.0,MCD
2000-06-21,16.63,16.89,16.53,16.66,16.66,4396800,0.0,1.0,MCD
2000-06-20,16.86,16.89,16.49,16.76,16.76,3930200,0.0,1.0,MCD
2000-06-19,16.96,17.06,16.53,16.76,16.76,4510500,0.0,1.0,MCD
2000-06-16,17.29,17.32,16.66,16.66,16.66,6858000,0.0,1.0,MCD
2000-06-15,16.89,17.19,16.83,17.1,17.1,6280100,0.0,1.0,MCD
2000-06-14,17.03,17.56,16.83,16.89,16.89,5941800,0.0,1.0,MCD
2000-06-13,17.16,17.66,17.06,17.23,17.23,6046900,0.0,1.0,MCD
2000-06-12,17.69,17.72,17.03,17.36,17.36,8145700,0.0,1.0,MCD
2000-06-09,18.89,19.15,16.83,18.03,18.03,15301500,0.0,1.0,MCD
2000-06-08,18.36,19.02,18.36,18.86,18.86,3312300,0.0,1.0,MCD
2000-06-07,18.69,18.79,18.26,18.56,18.56,2518000,0.0,1.0,MCD
2000-06-06,18.69,18.96,18.56,18.69,18.69,3577600,0.0,1.0,MCD
2000-06-05,19.15,19.15,18.76,18.89,18.89,1957900,0.0,1.0,MCD
2000-06-02,19.22,19.32,18.72,19.22,19.22,3701800,0.0,1.0,MCD
2000-06-01,18.92,19.05,18.76,18.96,18.96,2979100,0.0,1.0,MCD
2000-05-31,19.15,19.45,19.09,19.22,19.22,3880700,0.0,1.0,MCD
2000-05-30,19.69,19.72,19.12,19.45,19.45,4210200,0.0,1.0,MCD
2000-05-26,19.82,20.19,19.79,20.09,20.09,3130700,0.0,1.0,MCD
2000-05-25,20.22,20.52,19.76,19.85,19.85,3453100,0.0,1.0,MCD
2000-05-24,20.82,21.25,20.29,20.62,20.62,5108400,0.0,1.0,MCD
2000-05-23,20.42,20.88,20.09,20.82,20.82,2757100,0.0,1.0,MCD
2000-05-22,20.16,20.82,20.12,20.69,20.69,3145000,0.0,1.0,MCD
2000-05-19,20.12,20.62,20.02,20.12,20.12,2985300,0.0,1.0,MCD
2000-05-18,20.65,20.78,20.52,20.55,20.55,1933700,0.0,1.0,MCD
2000-05-17,20.59,20.92,20.38,20.78,20.78,2017900,0.0,1.0,MCD
2000-05-16,20.65,20.88,20.45,20.85,20.85,2753400,0.0,1.0,MCD
2000-05-15,19.92,20.52,19.89,20.32,20.32,2840100,0.0,1.0,MCD
2000-05-12,20.35,20.35,19.82,19.98,19.98,2410500,0.0,1.0,MCD
2000-05-11,20.49,20.65,20.29,20.32,20.32,3185200,0.0,1.0,MCD
2000-05-10,19.79,20.65,19.76,20.55,20.55,5995500,0.0,1.0,MCD
2000-05-09,19.29,19.79,19.26,19.69,19.69,3165700,0.0,1.0,MCD
2000-05-08,19.02,19.22,18.72,19.05,19.05,3115600,0.0,1.0,MCD
2000-05-05,18.89,19.26,18.62,18.99,18.99,4968100,0.0,1.0,MCD
2000-05-04,19.49,19.52,18.92,19.02,19.02,6515400,0.0,1.0,MCD
2000-05-03,20.35,20.59,19.72,19.85,19.85,5243800,0.0,1.0,MCD
2000-05-02,20.42,21.09,20.38,20.85,20.85,3129800,0.0,1.0,MCD
2000-05-01,20.22,20.92,20.22,20.69,20.69,3089100,0.0,1.0,MCD
2000-04-28,20.52,20.62,19.98,20.25,20.25,2936500,0.0,1.0,MCD
2000-04-27,20.29,20.82,20.25,20.65,20.65,2904600,0.0,1.0,MCD
2000-04-26,20.42,20.95,20.42,20.69,20.69,3479300,0.0,1.0,MCD
2000-04-25,20.72,20.99,20.32,20.62,20.62,3975100,0.0,1.0,MCD
2000-04-24,18.76,20.75,18.69,20.75,20.75,9601600,0.0,1.0,MCD
2000-04-20,18.09,19.15,17.96,19.05,19.05,7009700,0.0,1.0,MCD
2000-04-19,17.53,17.66,17.29,17.59,17.59,3473000,0.0,1.0,MCD
2000-04-18,17.96,17.99,16.99,17.29,17.29,5440000,0.0,1.0,MCD
2000-04-17,17.82,18.16,17.59,17.93,17.93,4728900,0.0,1.0,MCD
2000-04-14,17.86,18.52,17.56,17.86,17.86,5744700,0.0,1.0,MCD
2000-04-13,19.15,19.15,18.16,18.16,18.16,7400300,0.0,1.0,MCD
2000-04-12,19.82,20.32,19.32,19.32,19.32,4548200,0.0,1.0,MCD
2000-04-11,19.22,20.09,19.09,20.05,20.05,3354100,0.0,1.0,MCD
2000-04-10,19.62,19.66,19.09,19.36,19.36,3234600,0.0,1.0,MCD
2000-04-07,19.36,19.85,19.22,19.69,19.69,3155400,0.0,1.0,MCD
2000-04-06,20.09,20.25,19.62,19.69,19.69,4124100,0.0,1.0,MCD
2000-04-05,20.22,20.55,19.82,20.52,20.52,4143600,0.0,1.0,MCD
2000-04-04,20.59,20.92,20.05,20.5,20.5,5145500,0.0,1.0,MCD
2000-04-03,20.12,20.55,19.98,20.49,20.49,4459400,0.0,1.0,MCD
2000-03-31,20.16,20.19,19.59,19.89,19.89,3738300,0.0,1.0,MCD
2000-03-30,19.59,20.35,19.59,20.02,20.02,4939100,0.0,1.0,MCD
2000-03-29,18.56,19.72,18.52,19.59,19.59,5292800,0.0,1.0,MCD
2000-03-28,18.09,18.82,18.09,18.69,18.69,2963500,0.0,1.0,MCD
2000-03-27,18.19,18.72,18.16,18.49,18.49,2189900,0.0,1.0,MCD
2000-03-24,18.69,19.12,18.46,18.52,18.52,3188100,0.0,1.0,MCD
2000-03-23,18.09,19.12,18.06,18.72,18.72,4034900,0.0,1.0,MCD
2000-03-22,18.76,19.02,18.62,18.76,18.76,3754000,0.0,1.0,MCD
2000-03-21,18.49,18.89,18.36,18.76,18.76,4239900,0.0,1.0,MCD
2000-03-20,18.22,18.56,18.16,18.39,18.39,2736000,0.0,1.0,MCD
2000-03-17,18.62,18.72,17.96,17.99,17.99,5463000,0.0,1.0,MCD
2000-03-16,17.76,18.29,17.43,18.12,18.12,8241900,0.0,1.0,MCD
2000-03-15,16.33,17.49,16.2,17.29,17.29,7044600,0.0,1.0,MCD
2000-03-14,17.26,17.29,15.99,16.23,16.23,5235700,0.0,1.0,MCD
2000-03-13,17.03,17.26,16.66,17.26,17.26,5659700,0.0,1.0,MCD
2000-03-10,16.73,17.23,16.49,16.89,16.89,4819200,0.0,1.0,MCD
2000-03-09,16.3,17.03,15.96,17.03,17.03,4779200,0.0,1.0,MCD
2000-03-08,16.16,16.63,15.96,16.36,16.36,4015900,0.0,1.0,MCD
2000-03-07,16.76,16.79,15.86,15.9,15.9,6183300,0.0,1.0,MCD
2000-03-06,17.29,17.29,16.56,16.79,16.79,4175100,0.0,1.0,MCD
2000-03-03,16.49,17.19,16.26,17.19,17.19,5193900,0.0,1.0,MCD
2000-03-02,16.56,16.73,16.36,16.43,16.43,4884600,0.0,1.0,MCD
2000-03-01,16.96,16.99,16.56,16.63,16.63,4969800,0.0,1.0,MCD
2000-02-29,16.89,17.26,16.79,16.89,16.89,4883900,0.0,1.0,MCD
2000-02-28,16.63,16.86,16.3,16.56,16.56,3880600,0.0,1.0,MCD
2000-02-25,16.76,16.93,16.36,16.49,16.49,4551200,0.0,1.0,MCD
2000-02-24,17.1,17.23,16.49,16.7,16.7,6154300,0.0,1.0,MCD
2000-02-23,17.26,17.76,17.23,17.36,17.36,4927400,0.0,1.0,MCD
2000-02-22,17.16,17.66,17.13,17.19,17.19,4479500,0.0,1.0,MCD
2000-02-18,17.86,17.93,17.19,17.29,17.29,5494900,0.0,1.0,MCD
2000-02-17,17.86,18.12,17.76,17.96,17.96,4272000,0.0,1.0,MCD
2000-02-16,17.96,18.32,17.69,17.76,17.76,3804900,0.0,1.0,MCD
2000-02-15,17.96,18.16,17.79,17.96,17.96,4669200,0.0,1.0,MCD
2000-02-14,18.79,18.79,17.72,18.03,18.03,4426400,0.0,1.0,MCD
2000-02-11,18.65,18.86,18.52,18.59,18.59,3920500,0.0,1.0,MCD
2000-02-10,18.89,19.29,18.69,18.89,18.89,5353400,0.0,1.0,MCD
2000-02-09,19.52,19.52,18.82,19.09,19.09,5915400,0.0,1.0,MCD
2000-02-08,19.15,20.02,18.89,19.32,19.32,12144800,0.0,1.0,MCD
2000-02-07,18.76,18.96,18.09,18.59,18.59,9992900,0.0,1.0,MCD
2000-02-04,19.09,19.09,18.42,18.69,18.69,7752200,0.0,1.0,MCD
2000-02-03,18.92,19.26,18.32,18.62,18.62,9225700,0.0,1.0,MCD
2000-02-02,19.49,19.55,18.82,18.89,18.89,5769100,0.0,1.0,MCD
2000-02-01,19.92,19.98,19.42,19.49,19.49,4679500,0.0,1.0,MCD
2000-01-31,19.82,20.22,19.76,19.89,19.89,4838300,0.0,1.0,MCD
2000-01-28,19.76,19.92,19.36,19.55,19.55,4444200,0.0,1.0,MCD
2000-01-27,19.15,20.19,19.09,20.02,20.02,12082200,0.0,1.0,MCD
2000-01-26,21.09,21.09,18.46,19.02,19.02,16703200,0.0,1.0,MCD
2000-01-25,21.15,21.42,20.85,21.18,21.18,3304500,0.0,1.0,MCD
2000-01-24,21.95,22.05,21.02,21.02,21.02,3593500,0.0,1.0,MCD
2000-01-21,22.15,22.28,21.52,21.85,21.85,3722600,0.0,1.0,MCD
2000-01-20,22.65,22.65,21.82,22.65,22.65,3309700,0.0,1.0,MCD
2000-01-19,21.82,22.68,21.82,22.55,22.55,3344700,0.0,1.0,MCD
2000-01-18,22.55,22.61,21.92,22.08,22.08,3401100,0.0,1.0,MCD
2000-01-14,22.78,22.78,22.28,22.67,22.67,3365400,0.0,1.0,MCD
2000-01-13,22.71,23.21,22.28,22.51,22.51,5700200,0.0,1.0,MCD
2000-01-12,21.78,22.91,21.62,22.75,22.75,8090000,0.0,1.0,MCD
2000-01-11,21.35,22.08,21.35,21.82,21.82,5440200,0.0,1.0,MCD
2000-01-10,21.28,21.82,21.15,21.32,21.32,4113900,0.0,1.0,MCD
2000-01-07,20.75,21.28,20.69,21.22,21.22,5124700,0.0,1.0,MCD
2000-01-06,20.82,20.95,20.59,20.69,20.69,4809400,0.0,1.0,MCD
2000-01-05,20.65,21.49,20.65,21.09,21.09,5231600,0.0,1.0,MCD
2000-01-04,20.92,21.05,20.42,20.65,20.65,4216500,0.0,1.0,MCD
2000-01-03,21.25,21.32,21.02,21.09,21.09,4520600,0.0,1.0,MCD
1999-12-31,21.25,21.55,20.65,21.45,21.45,1444400,0.0,1.0,MCD
1999-12-30,21.18,21.42,21.09,21.18,21.18,2406300,0.0,1.0,MCD
1999-12-29,21.49,21.58,21.28,21.38,21.38,2706800,0.0,1.0,MCD
1999-12-28,22.08,22.11,21.42,21.62,21.62,2932900,0.0,1.0,MCD
1999-12-27,21.78,22.35,21.71,21.71,21.71,2753700,0.0,1.0,MCD
1999-12-23,21.88,21.88,21.05,21.55,21.55,5596300,0.0,1.0,MCD
1999-12-22,22.08,22.18,21.82,21.85,21.85,3837600,0.0,1.0,MCD
1999-12-21,22.15,22.45,21.78,22.15,22.15,4031000,0.0,1.0,MCD
1999-12-20,22.28,22.85,22.15,22.51,22.51,3302800,0.0,1.0,MCD
1999-12-17,22.58,22.58,21.92,21.95,21.95,5302900,0.0,1.0,MCD
1999-12-16,22.32,22.35,21.98,22.25,22.25,2761700,0.0,1.0,MCD
1999-12-15,22.18,22.55,22.11,22.25,22.25,2644500,0.0,1.0,MCD
1999-12-14,22.35,22.38,21.95,21.95,21.95,5023900,0.0,1.0,MCD
1999-12-13,22.95,23.01,22.35,22.35,22.35,5097000,0.0,1.0,MCD
1999-12-10,23.01,23.25,22.71,23.01,23.01,9404900,0.0,1.0,MCD
1999-12-09,23.81,24.08,23.61,23.75,23.75,2958300,0.0,1.0,MCD
1999-12-08,23.84,24.11,23.61,23.71,23.71,1940500,0.0,1.0,MCD
1999-12-07,24.31,24.34,23.68,23.78,23.78,2930800,0.0,1.0,MCD
1999-12-06,24.11,24.61,24.08,24.51,24.51,1583800,0.0,1.0,MCD
1999-12-03,24.28,24.51,24.08,24.41,24.41,3549800,0.0,1.0,MCD
1999-12-02,24.51,24.51,23.88,24.04,24.04,3755700,0.0,1.0,MCD
1999-12-01,24.01,24.87,23.94,24.49,24.49,3369400,0.0,1.0,MCD
1999-11-30,24.21,24.68,23.94,24.01,24.01,3006200,0.0,1.0,MCD
1999-11-29,23.81,24.31,23.71,24.21,24.21,2631100,0.0488,1.0,MCD
1999-11-26,24.15,24.15,23.68,23.68,23.68,1405700,0.0,1.0,MCD
1999-11-24,24.48,24.65,24.12,24.12,24.12,2557700,0.0,1.0,MCD
1999-11-23,25.01,25.01,24.68,24.82,24.82,2622700,0.0,1.0,MCD
1999-11-22,24.88,25.05,24.78,24.93,24.93,3827500,0.0,1.0,MCD
1999-11-19,24.45,25.21,24.25,25.18,25.18,5732100,0.0,1.0,MCD
1999-11-18,24.45,25.51,24.35,24.98,24.98,7491500,0.0,1.0,MCD
1999-11-17,24.48,24.61,24.35,24.52,24.52,2465700,0.0,1.0,MCD
1999-11-16,24.72,25.05,24.55,24.55,24.55,2486800,0.0,1.0,MCD
1999-11-15,25.28,25.58,24.68,24.92,24.92,2396900,0.0,1.0,MCD
1999-11-12,25.35,26.34,25.21,25.71,25.71,6391000,0.0,1.0,MCD
1999-11-11,24.58,25.15,24.45,24.98,24.98,2985900,0.0,1.0,MCD
1999-11-10,24.28,24.58,24.18,24.48,24.48,3561800,0.0,1.0,MCD
1999-11-09,24.98,25.05,24.35,24.65,24.65,5760500,0.0,1.0,MCD
1999-11-08,24.39,25.01,24.32,24.98,24.98,7536900,0.0,1.0,MCD
1999-11-05,24.28,24.78,24.25,24.72,24.72,7184900,0.0,1.0,MCD
1999-11-04,23.22,24.05,23.09,24.02,24.02,9834800,0.0,1.0,MCD
1999-11-03,21.92,23.09,21.82,22.29,22.29,7600400,0.0,1.0,MCD
1999-11-02,22.36,22.39,21.82,21.92,21.92,2250000,0.0,1.0,MCD
1999-11-01,22.19,22.32,21.92,22.16,22.16,3932900,0.0,1.0,MCD
