date,open,high,low,close,adjusted_close,volume,dividend_amount,split_coefficient,thscode
2025-04-29,137.5,139.22,136.84,138.38,138.38,1917297,0.0,1.0,MMM
2025-04-28,137.32,138.41,136.04,137.93,137.93,2500025,0.0,1.0,MMM
2025-04-25,139.0,139.0,137.1,137.32,137.32,2141381,0.0,1.0,MMM
2025-04-24,135.64,139.76,135.12,138.88,138.88,2921145,0.0,1.0,MMM
2025-04-23,139.38,142.15,135.2,136.06,136.06,4655834,0.0,1.0,MMM
2025-04-22,133.28,137.27,130.36,136.33,136.33,7943810,0.0,1.0,MMM
2025-04-21,129.0,129.84,124.65,126.09,126.09,5971823,0.0,1.0,MMM
2025-04-17,130.34,132.95,130.08,130.21,130.21,4952015,0.0,1.0,MMM
2025-04-16,133.51,134.48,129.87,130.46,130.46,5635829,0.0,1.0,MMM
2025-04-15,136.01,137.47,135.14,135.26,135.26,2541840,0.0,1.0,MMM
2025-04-14,138.11,138.29,134.43,136.01,136.01,3815806,0.0,1.0,MMM
2025-04-11,133.13,136.49,131.66,135.95,135.95,3337840,0.0,1.0,MMM
2025-04-10,135.75,135.78,128.68,132.97,132.97,4757145,0.0,1.0,MMM
2025-04-09,125.0,139.23,123.44,138.32,138.32,6428141,0.0,1.0,MMM
2025-04-08,132.24,133.87,124.82,127.16,127.16,5497234,0.0,1.0,MMM
2025-04-07,124.73,134.37,121.98,128.55,128.55,7174970,0.0,1.0,MMM
2025-04-04,134.19,135.31,126.43,126.91,126.91,9609106,0.0,1.0,MMM
2025-04-03,142.84,144.49,138.85,139.74,139.74,6712325,0.0,1.0,MMM
2025-04-02,145.71,148.17,145.59,147.76,147.76,4411125,0.0,1.0,MMM
2025-04-01,145.7,148.69,144.18,147.67,147.67,3641401,0.0,1.0,MMM
2025-03-31,143.99,147.74,142.18,146.86,146.86,4508634,0.0,1.0,MMM
2025-03-28,147.86,148.85,144.33,144.84,144.84,2581677,0.0,1.0,MMM
2025-03-27,152.67,152.67,148.12,148.44,148.44,2825553,0.0,1.0,MMM
2025-03-26,153.45,154.43,152.06,152.68,152.68,3836902,0.0,1.0,MMM
2025-03-25,153.13,155.0,152.68,153.5,153.5,4118863,0.0,1.0,MMM
2025-03-24,151.7,154.02,150.7,153.15,153.15,3207912,0.0,1.0,MMM
2025-03-21,149.9,150.76,148.07,150.36,150.36,5538606,0.0,1.0,MMM
2025-03-20,151.65,153.65,151.09,151.27,151.27,2579066,0.0,1.0,MMM
2025-03-19,151.19,153.97,150.92,153.21,153.21,2344346,0.0,1.0,MMM
2025-03-18,152.57,153.21,150.5,150.92,150.92,3038475,0.0,1.0,MMM
2025-03-17,150.37,153.98,150.0,153.21,153.21,4562191,0.0,1.0,MMM
2025-03-14,147.92,150.79,147.06,150.41,150.41,4094429,0.0,1.0,MMM
2025-03-13,150.28,151.24,145.91,146.1,146.1,3295006,0.0,1.0,MMM
2025-03-12,148.31,151.24,147.2,150.24,150.24,4196724,0.0,1.0,MMM
2025-03-11,145.73,149.49,145.63,147.54,147.54,5818437,0.0,1.0,MMM
2025-03-10,143.47,149.18,143.12,147.62,147.62,4962646,0.0,1.0,MMM
2025-03-07,144.69,147.22,140.78,146.3,146.3,5891090,0.0,1.0,MMM
2025-03-06,146.39,148.13,145.75,146.94,146.94,4492429,0.0,1.0,MMM
2025-03-05,146.76,149.04,146.0,147.61,147.61,3909783,0.0,1.0,MMM
2025-03-04,150.5,151.04,145.62,145.86,145.86,6787379,0.0,1.0,MMM
2025-03-03,155.5,156.35,151.9,153.42,153.42,5672857,0.0,1.0,MMM
2025-02-28,151.5,155.5,151.0,155.12,155.12,8323108,0.0,1.0,MMM
2025-02-27,148.77,152.56,148.21,150.52,150.52,6576004,0.0,1.0,MMM
2025-02-26,144.38,149.26,141.76,147.43,147.43,5783358,0.0,1.0,MMM
2025-02-25,145.43,147.56,145.34,146.54,146.54,4358789,0.0,1.0,MMM
2025-02-24,144.98,146.4,143.87,145.48,145.48,3447463,0.0,1.0,MMM
2025-02-21,149.08,149.54,144.56,144.98,144.98,4278667,0.0,1.0,MMM
2025-02-20,149.99,150.09,148.04,149.08,149.08,2231527,0.0,1.0,MMM
2025-02-19,148.07,150.36,148.07,150.2,150.2,3216915,0.0,1.0,MMM
2025-02-18,148.18,149.49,148.0,148.99,148.99,2601531,0.0,1.0,MMM
2025-02-14,147.89,149.55,147.74,148.62,148.62,2388382,0.73,1.0,MMM
2025-02-13,148.38,148.99,146.81,147.99,147.99,2047063,0.0,1.0,MMM
2025-02-12,147.97,149.34,147.44,148.14,148.14,2103079,0.0,1.0,MMM
2025-02-11,148.58,149.64,147.84,149.34,149.34,2187764,0.0,1.0,MMM
2025-02-10,149.43,149.86,147.41,148.96,148.96,3531493,0.0,1.0,MMM
2025-02-07,151.75,152.15,148.81,149.14,149.14,3356757,0.0,1.0,MMM
2025-02-06,151.95,152.72,150.83,151.58,151.58,2760375,0.0,1.0,MMM
2025-02-05,151.71,152.87,150.0,151.7,151.7,2841574,0.0,1.0,MMM
2025-02-04,148.73,152.01,148.59,150.94,150.94,3110352,0.0,1.0,MMM
2025-02-03,148.45,150.89,147.43,149.31,149.31,3556258,0.0,1.0,MMM
2025-01-31,154.23,154.24,151.39,151.46,151.46,4164492,0.0,1.0,MMM
2025-01-30,151.26,153.89,151.09,153.65,153.65,3962501,0.0,1.0,MMM
2025-01-29,150.76,152.03,149.9,150.8,150.8,3996082,0.0,1.0,MMM
2025-01-28,150.58,152.21,149.06,150.66,150.66,4286762,0.0,1.0,MMM
2025-01-27,148.27,151.26,148.18,150.78,150.78,4929615,0.0,1.0,MMM
2025-01-24,148.17,149.37,147.68,148.7,148.7,4858639,0.0,1.0,MMM
2025-01-23,148.72,149.72,147.68,148.9,148.9,4439380,0.0,1.0,MMM
2025-01-22,147.16,151.34,146.69,148.39,148.39,7077793,0.0,1.0,MMM
2025-01-21,144.79,149.27,144.29,146.17,146.17,11368492,0.0,1.0,MMM
2025-01-17,138.97,140.97,138.82,140.34,140.34,5724458,0.0,1.0,MMM
2025-01-16,137.35,138.82,135.77,138.5,138.5,4122742,0.0,1.0,MMM
2025-01-15,137.53,138.17,136.45,137.11,137.11,4114327,0.0,1.0,MMM
2025-01-14,133.96,137.03,133.81,136.54,136.54,4629047,0.0,1.0,MMM
2025-01-13,130.09,134.07,128.91,133.94,133.94,4207293,0.0,1.0,MMM
2025-01-10,133.18,133.25,129.99,130.57,130.57,4661931,0.0,1.0,MMM
2025-01-08,131.38,134.02,131.02,133.87,133.87,4675990,0.0,1.0,MMM
2025-01-07,129.45,132.15,129.37,132.12,132.12,3414840,0.0,1.0,MMM
2025-01-06,130.18,130.77,129.25,129.65,129.65,3067149,0.0,1.0,MMM
2025-01-03,129.07,130.22,128.67,129.24,129.24,2273763,0.0,1.0,MMM
2025-01-02,129.65,130.98,128.35,129.07,129.07,3249067,0.0,1.0,MMM
2024-12-31,128.57,129.41,128.03,128.46,128.46,2220414,0.0,1.0,MMM
2024-12-30,128.49,129.28,127.3,128.5,128.5,2153994,0.0,1.0,MMM
2024-12-27,129.28,130.54,128.58,129.54,129.54,1842823,0.0,1.0,MMM
2024-12-26,129.69,130.76,128.6,130.54,130.54,1485103,0.0,1.0,MMM
2024-12-24,128.11,129.72,127.46,129.72,129.72,803216,0.0,1.0,MMM
2024-12-23,127.87,128.56,127.13,128.35,128.35,2067478,0.0,1.0,MMM
2024-12-20,125.75,129.71,125.14,128.65,128.65,8351297,0.0,1.0,MMM
2024-12-19,126.03,127.11,125.1,126.51,126.51,3040663,0.0,1.0,MMM
2024-12-18,127.58,128.74,124.76,124.92,124.92,3748871,0.0,1.0,MMM
2024-12-17,127.78,128.73,127.03,127.42,127.42,2693196,0.0,1.0,MMM
2024-12-16,129.27,129.56,128.23,128.84,128.84,3097874,0.0,1.0,MMM
2024-12-13,129.07,129.53,128.28,129.28,129.28,2382080,0.0,1.0,MMM
2024-12-12,129.02,130.03,128.14,129.12,129.12,2915471,0.0,1.0,MMM
2024-12-11,129.63,130.03,128.63,129.14,129.14,4089900,0.0,1.0,MMM
2024-12-10,129.48,129.96,126.98,129.14,129.14,3225759,0.0,1.0,MMM
2024-12-09,132.45,133.2,130.63,130.85,130.85,3442505,0.0,1.0,MMM
2024-12-06,132.6,133.56,131.55,132.46,132.46,1912419,0.0,1.0,MMM
2024-12-05,130.18,134.92,129.81,132.68,132.68,4171989,0.0,1.0,MMM
2024-12-04,130.29,130.75,128.34,129.81,129.81,2503466,0.0,1.0,MMM
2024-12-03,132.24,132.58,130.1,130.51,130.51,2378362,0.0,1.0,MMM
2024-12-02,132.88,133.12,131.73,132.24,132.24,3002022,0.0,1.0,MMM
2024-11-29,132.21,133.09,131.39,132.88,132.88,1618282,0.0,1.0,MMM
2024-11-27,133.26,134.89,131.71,131.83,131.83,2579605,0.0,1.0,MMM
2024-11-26,129.35,132.58,129.02,132.3,132.3,3080298,0.0,1.0,MMM
2024-11-25,128.58,129.96,126.93,129.68,129.68,5075140,0.0,1.0,MMM
2024-11-22,127.07,127.85,125.75,127.79,127.79,3052490,0.0,1.0,MMM
2024-11-21,127.11,127.95,125.7,126.7,126.7,2544777,0.0,1.0,MMM
2024-11-20,127.37,127.56,126.48,127.22,127.22,1700740,0.0,1.0,MMM
2024-11-19,128.38,128.63,127.37,127.56,127.56,2600637,0.0,1.0,MMM
2024-11-18,129.15,129.75,127.94,129.53,129.53,2433351,0.0,1.0,MMM
2024-11-15,129.47,130.61,129.08,129.16,129.16,1929226,0.7,1.0,MMM
2024-11-14,130.52,131.95,130.42,130.97,130.97,2284136,0.0,1.0,MMM
2024-11-13,130.66,131.71,129.48,130.11,130.11,2675526,0.0,1.0,MMM
2024-11-12,131.44,131.84,127.16,129.02,129.02,3144974,0.0,1.0,MMM
2024-11-11,133.47,133.96,131.42,131.64,131.64,3791282,0.0,1.0,MMM
2024-11-08,132.09,133.64,131.84,132.97,132.97,3466066,0.0,1.0,MMM
2024-11-07,132.0,133.42,131.13,131.71,131.71,3906572,0.0,1.0,MMM
2024-11-06,129.36,133.03,128.27,132.55,132.55,4803188,0.0,1.0,MMM
2024-11-05,124.22,126.59,123.55,125.23,125.23,3943782,0.0,1.0,MMM
2024-11-04,125.94,127.49,124.2,124.56,124.56,3643186,0.0,1.0,MMM
2024-11-01,127.16,127.21,125.55,125.92,125.92,3068858,0.0,1.0,MMM
2024-10-31,125.7,127.83,125.67,127.16,127.16,3408943,0.0,1.0,MMM
2024-10-30,127.68,128.13,126.12,126.26,126.26,2737150,0.0,1.0,MMM
2024-10-29,127.69,128.88,126.46,127.95,127.95,2820351,0.0,1.0,MMM
2024-10-28,125.35,129.46,124.77,128.96,128.96,5239178,0.0,1.0,MMM
2024-10-25,125.31,125.74,123.23,123.47,123.47,3774883,0.0,1.0,MMM
2024-10-24,126.73,127.62,124.58,125.18,125.18,5085135,0.0,1.0,MMM
2024-10-23,129.88,130.8,124.63,126.6,126.6,8116248,0.0,1.0,MMM
2024-10-22,138.76,139.89,129.48,130.38,130.38,13082258,0.0,1.0,MMM
2024-10-21,133.9,134.45,132.38,133.46,133.46,5940581,0.0,1.0,MMM
2024-10-18,134.3,134.73,132.92,133.76,133.76,2791646,0.0,1.0,MMM
2024-10-17,135.21,135.26,133.73,134.29,134.29,2328475,0.0,1.0,MMM
2024-10-16,134.21,135.65,133.95,134.96,134.96,2021056,0.0,1.0,MMM
2024-10-15,134.61,135.55,133.62,134.34,134.34,2465932,0.0,1.0,MMM
2024-10-14,133.03,134.51,132.65,134.37,134.37,2207917,0.0,1.0,MMM
2024-10-11,132.04,133.48,131.74,133.37,133.37,3103642,0.0,1.0,MMM
2024-10-10,133.06,133.11,131.57,132.1,132.1,3060118,0.0,1.0,MMM
2024-10-09,133.21,134.16,132.86,133.63,133.63,2671470,0.0,1.0,MMM
2024-10-08,133.1,133.66,131.94,133.31,133.31,2882081,0.0,1.0,MMM
2024-10-07,133.34,133.89,132.46,133.47,133.47,2254425,0.0,1.0,MMM
2024-10-04,134.45,134.54,132.67,133.89,133.89,2387396,0.0,1.0,MMM
2024-10-03,133.62,134.21,132.47,133.4,133.4,2504927,0.0,1.0,MMM
2024-10-02,135.82,135.82,133.99,134.05,134.05,2624867,0.0,1.0,MMM
2024-10-01,134.61,135.94,133.52,135.66,135.66,3050502,0.0,1.0,MMM
2024-09-30,136.42,136.54,133.85,135.3,135.3,3814148,0.0,1.0,MMM
2024-09-27,137.58,137.87,135.65,135.9,135.9,2956081,0.0,1.0,MMM
2024-09-26,136.15,139.28,136.14,138.01,138.01,4111107,0.0,1.0,MMM
2024-09-25,135.83,136.48,134.65,135.2,135.2,3580080,0.0,1.0,MMM
2024-09-24,135.07,136.53,134.96,135.82,135.82,3145327,0.0,1.0,MMM
2024-09-23,133.32,134.7,133.31,134.25,134.25,2638392,0.0,1.0,MMM
2024-09-20,131.65,133.57,131.41,133.39,133.39,11579638,0.0,1.0,MMM
2024-09-19,133.03,133.94,131.96,132.47,132.47,2691488,0.0,1.0,MMM
2024-09-18,131.9,132.91,130.41,132.0,132.0,2960934,0.0,1.0,MMM
2024-09-17,132.72,133.06,130.96,132.2,132.2,3969018,0.0,1.0,MMM
2024-09-16,132.61,133.9,132.46,133.23,133.23,3069311,0.0,1.0,MMM
2024-09-13,130.53,132.01,130.01,131.82,131.82,2670119,0.0,1.0,MMM
2024-09-12,128.97,131.36,128.77,130.68,130.68,3978880,0.0,1.0,MMM
2024-09-11,128.18,129.05,125.82,128.9,128.9,3283879,0.0,1.0,MMM
2024-09-10,127.53,128.83,127.15,128.76,128.76,2732510,0.0,1.0,MMM
2024-09-09,128.07,129.64,126.88,127.15,127.15,3616263,0.0,1.0,MMM
2024-09-06,129.17,130.75,126.71,127.28,127.28,3562233,0.0,1.0,MMM
2024-09-05,130.57,131.59,129.36,130.06,130.06,2725955,0.0,1.0,MMM
2024-09-04,129.85,131.5,129.51,130.8,130.8,3188715,0.0,1.0,MMM
2024-09-03,131.65,132.41,128.88,129.51,129.51,4024084,0.0,1.0,MMM
2024-08-30,131.71,133.61,131.25,133.31,133.31,6092831,0.0,1.0,MMM
2024-08-29,130.3,131.82,130.0,131.55,131.55,2992832,0.0,1.0,MMM
2024-08-28,130.06,131.26,129.81,130.26,130.26,3274045,0.0,1.0,MMM
2024-08-27,129.98,131.26,129.61,130.06,130.06,2878736,0.0,1.0,MMM
2024-08-26,128.27,130.57,128.27,130.5,130.5,3915794,0.7,1.0,MMM
2024-08-23,127.23,128.63,126.86,128.53,128.53,2618842,0.0,1.0,MMM
2024-08-22,127.11,127.74,126.32,126.61,126.61,2300641,0.0,1.0,MMM
2024-08-21,125.86,127.98,125.69,127.23,127.23,3664550,0.0,1.0,MMM
2024-08-20,125.03,126.09,124.92,125.73,125.73,2792905,0.0,1.0,MMM
2024-08-19,125.12,125.87,124.57,125.12,125.12,2243571,0.0,1.0,MMM
2024-08-16,124.78,125.37,124.07,125.09,125.09,3812693,0.0,1.0,MMM
2024-08-15,125.35,125.96,124.22,125.19,125.19,3359903,0.0,1.0,MMM
2024-08-14,123.04,125.08,122.7,124.22,124.22,3252959,0.0,1.0,MMM
2024-08-13,121.52,123.46,120.84,123.41,123.41,3056591,0.0,1.0,MMM
2024-08-12,122.08,122.17,120.65,121.45,121.45,2585947,0.0,1.0,MMM
2024-08-09,122.71,122.71,121.43,122.25,122.25,3247914,0.0,1.0,MMM
2024-08-08,120.56,123.8,120.29,123.2,123.2,2932882,0.0,1.0,MMM
2024-08-07,123.45,124.61,120.79,120.93,120.93,3410105,0.0,1.0,MMM
2024-08-06,121.45,124.18,120.82,122.96,122.96,4334268,0.0,1.0,MMM
2024-08-05,117.72,123.38,117.47,122.68,122.68,6669666,0.0,1.0,MMM
2024-08-02,123.87,125.77,122.85,123.3,123.3,4021383,0.0,1.0,MMM
2024-08-01,125.53,125.96,122.51,124.52,124.52,5563739,0.0,1.0,MMM
2024-07-31,124.67,126.61,123.39,125.58,125.58,6889922,0.0,1.0,MMM
2024-07-30,123.91,125.72,122.19,124.79,124.79,6746475,0.0,1.0,MMM
2024-07-29,126.02,126.66,122.21,123.23,123.23,10816738,0.0,1.0,MMM
2024-07-26,110.94,126.05,110.94,125.19,125.19,32748920,0.0,1.0,MMM
2024-07-25,101.13,103.17,100.2,101.79,101.79,4598084,0.0,1.0,MMM
2024-07-24,102.94,103.48,101.49,101.65,101.65,3252198,0.0,1.0,MMM
2024-07-23,103.38,103.64,102.56,103.11,103.11,2172621,0.0,1.0,MMM
2024-07-22,102.45,103.42,100.82,103.35,103.35,2686587,0.0,1.0,MMM
2024-07-19,103.13,103.13,101.54,102.31,102.31,2884897,0.0,1.0,MMM
2024-07-18,102.61,103.89,101.84,102.41,102.41,3023902,0.0,1.0,MMM
2024-07-17,101.27,103.18,101.1,103.02,103.02,3567941,0.0,1.0,MMM
2024-07-16,99.31,102.09,99.31,101.71,101.71,3609174,0.0,1.0,MMM
2024-07-15,103.28,103.37,100.98,101.13,101.13,3316717,0.0,1.0,MMM
2024-07-12,102.19,103.67,102.09,102.43,102.43,3381190,0.0,1.0,MMM
2024-07-11,100.8,102.66,100.23,101.63,101.63,4581327,0.0,1.0,MMM
2024-07-10,98.27,100.26,96.74,100.1,100.1,4519547,0.0,1.0,MMM
2024-07-09,99.29,99.89,97.93,98.15,98.15,2809735,0.0,1.0,MMM
2024-07-08,99.94,101.15,99.07,99.54,99.54,2338695,0.0,1.0,MMM
2024-07-05,99.83,100.09,99.08,99.75,99.75,3059577,0.0,1.0,MMM
2024-07-03,99.72,100.57,99.12,100.05,100.05,1230776,0.0,1.0,MMM
2024-07-02,99.01,100.35,98.91,100.05,100.05,2291274,0.0,1.0,MMM
2024-07-01,101.27,101.85,98.66,99.06,99.06,2705605,0.0,1.0,MMM
2024-06-28,101.42,102.36,100.09,100.61,100.61,6196466,0.0,1.0,MMM
2024-06-27,100.38,102.43,100.07,101.58,101.58,4338345,0.0,1.0,MMM
2024-06-26,100.05,100.23,99.02,99.88,99.88,2356088,0.0,1.0,MMM
2024-06-25,101.29,101.59,99.72,100.47,100.47,5164160,0.0,1.0,MMM
2024-06-24,100.6,101.9,100.11,101.4,101.4,2947967,0.0,1.0,MMM
2024-06-21,100.35,100.86,99.39,100.81,100.81,7866227,0.0,1.0,MMM
2024-06-20,98.71,100.76,98.64,100.09,100.09,3476766,0.0,1.0,MMM
2024-06-18,98.52,99.9,98.51,99.21,99.21,3446167,0.0,1.0,MMM
2024-06-17,98.44,99.87,98.38,98.98,98.98,3490032,0.0,1.0,MMM
2024-06-14,98.95,99.85,97.77,99.34,99.34,2685142,0.0,1.0,MMM
2024-06-13,100.44,101.21,99.18,99.97,99.97,5034653,0.0,1.0,MMM
2024-06-12,101.03,102.08,99.2,99.65,99.65,3704729,0.0,1.0,MMM
2024-06-11,98.55,99.9,97.69,99.75,99.75,2831634,0.0,1.0,MMM
2024-06-10,98.88,100.27,98.73,99.1,99.1,3507587,0.0,1.0,MMM
2024-06-07,97.97,100.38,96.88,99.3,99.3,5636659,0.0,1.0,MMM
2024-06-06,97.27,98.01,96.64,96.7,96.7,2509997,0.0,1.0,MMM
2024-06-05,97.29,98.11,96.36,97.53,97.53,3115445,0.0,1.0,MMM
2024-06-04,97.47,97.87,96.17,97.09,97.09,4988057,0.0,1.0,MMM
2024-06-03,98.82,99.23,97.44,98.22,98.22,4508226,0.0,1.0,MMM
2024-05-31,96.54,98.7,95.91,98.59,98.59,21754438,0.0,1.0,MMM
2024-05-30,96.18,96.71,95.39,96.68,96.68,4520612,0.0,1.0,MMM
2024-05-29,96.29,96.39,95.26,96.05,96.05,4826562,0.0,1.0,MMM
2024-05-28,98.02,98.56,96.31,97.16,97.16,4361056,0.0,1.0,MMM
2024-05-24,98.27,98.97,97.8,98.13,98.13,2602227,0.0,1.0,MMM
2024-05-23,98.87,98.97,97.38,97.97,97.97,3845510,0.7,1.0,MMM
2024-05-22,100.35,100.81,98.7,99.22,99.22,3807843,0.0,1.0,MMM
2024-05-21,102.55,102.69,100.36,100.84,100.84,4602985,0.0,1.0,MMM
2024-05-20,102.87,103.67,102.29,102.86,102.86,3962667,0.0,1.0,MMM
2024-05-17,102.86,103.36,102.34,102.91,102.91,5396497,0.0,1.0,MMM
2024-05-16,99.45,102.87,99.32,102.52,102.52,8384504,0.0,1.0,MMM
2024-05-15,97.95,99.4,97.91,98.98,98.98,4203343,0.0,1.0,MMM
2024-05-14,97.7,98.94,97.57,97.85,97.85,2973067,0.0,1.0,MMM
2024-05-13,96.79,99.47,96.79,97.41,97.41,5578802,0.0,1.0,MMM
2024-05-10,96.35,97.43,95.98,96.72,96.72,4157896,0.0,1.0,MMM
2024-05-09,93.94,95.2,93.76,95.16,95.16,2584177,0.0,1.0,MMM
2024-05-08,93.26,94.29,92.89,94.2,94.2,3489861,0.0,1.0,MMM
2024-05-07,94.43,95.01,93.39,93.41,93.41,4408969,0.0,1.0,MMM
2024-05-06,94.92,95.57,94.38,94.43,94.43,4329454,0.0,1.0,MMM
2024-05-03,95.4,96.0,94.68,94.98,94.98,4818713,0.0,1.0,MMM
2024-05-02,95.77,96.2,94.49,94.65,94.65,6317061,0.0,1.0,MMM
2024-05-01,95.91,97.47,95.11,96.24,96.24,11064300,0.0,1.0,MMM
2024-04-30,93.59,95.66,91.69,94.35,94.35,16731854,0.0,1.0,MMM
2024-04-29,89.52,90.55,89.52,90.1,90.1,4957288,0.0,1.0,MMM
2024-04-26,89.46,90.13,89.05,89.78,89.78,4520901,0.0,1.0,MMM
2024-04-25,89.54,89.95,88.63,89.37,89.37,2954822,0.0,1.0,MMM
2024-04-24,90.52,91.15,89.38,89.97,89.97,3813358,0.0,1.0,MMM
2024-04-23,90.9,91.94,90.71,90.92,90.92,3729824,0.0,1.0,MMM
2024-04-22,90.47,90.64,89.65,90.55,90.55,2992931,0.0,1.0,MMM
2024-04-19,89.2,90.34,89.07,90.21,90.21,3588522,0.0,1.0,MMM
2024-04-18,89.36,90.37,88.84,89.44,89.44,3069409,0.0,1.0,MMM
2024-04-17,89.68,90.05,88.31,88.93,88.93,3421571,0.0,1.0,MMM
2024-04-16,88.91,89.29,88.16,89.02,89.02,3036971,0.0,1.0,MMM
2024-04-15,89.93,90.7,88.72,89.26,89.26,3675020,0.0,1.0,MMM
2024-04-12,90.69,90.74,89.11,89.27,89.27,3590782,0.0,1.0,MMM
2024-04-11,90.77,91.47,90.41,91.1,91.1,2993671,0.0,1.0,MMM
2024-04-10,89.73,90.64,88.55,90.56,90.56,3494855,0.0,1.0,MMM
2024-04-09,90.04,91.12,89.95,90.54,90.54,3976387,0.0,1.0,MMM
2024-04-08,89.16,90.82,89.16,89.88,89.88,3614979,0.0,1.0,MMM
2024-04-05,88.41,89.38,87.54,89.0,89.0,3511897,0.0,1.0,MMM
2024-04-04,92.38,93.53,88.22,88.52,88.52,5849591,0.0,1.0,MMM
2024-04-03,91.26,92.59,90.43,91.11,91.11,6035521,0.0,1.0,MMM
2024-04-02,91.02,92.31,89.85,90.77,90.77,8857142,0.0,1.0,MMM
2024-04-01,89.02,92.23,86.26,91.92,91.92,12974031,17.3875,1.0,MMM
2024-03-28,86.31,87.67,86.3,87.52,87.52,4386102,0.0,1.0,MMM
2024-03-27,84.98,86.44,84.98,86.3,86.3,3881023,0.0,1.0,MMM
2024-03-26,85.86,86.36,84.49,84.68,84.68,6086736,0.0,1.0,MMM
2024-03-25,87.38,88.13,86.45,86.5,86.5,5585278,0.0,1.0,MMM
2024-03-22,88.78,89.21,88.08,88.1,88.1,4449245,0.0,1.0,MMM
2024-03-21,89.27,90.09,88.94,89.0,89.0,6594170,0.0,1.0,MMM
2024-03-20,86.63,90.02,86.17,89.2,89.2,7015254,0.0,1.0,MMM
2024-03-19,87.29,88.28,86.26,86.9,86.9,5842707,0.0,1.0,MMM
2024-03-18,86.25,87.7,86.16,86.47,86.47,5537228,0.0,1.0,MMM
2024-03-15,84.98,87.08,84.8,86.63,86.63,26838610,0.0,1.0,MMM
2024-03-14,85.28,86.25,84.36,85.08,85.08,6910244,0.0,1.0,MMM
2024-03-13,82.28,85.88,81.85,85.87,85.87,10785045,0.0,1.0,MMM
2024-03-12,82.67,83.21,80.16,81.45,81.45,13941894,0.0,1.0,MMM
2024-03-11,77.54,77.94,77.11,77.6,77.6,3510706,0.0,1.0,MMM
2024-03-08,77.14,78.17,76.88,77.48,77.48,4118618,0.0,1.0,MMM
2024-03-07,76.77,76.98,75.99,76.42,76.42,3136796,0.0,1.0,MMM
2024-03-06,77.14,77.3,75.85,76.34,76.34,3002829,0.0,1.0,MMM
2024-03-05,75.64,77.05,75.55,76.48,76.48,4390990,0.0,1.0,MMM
2024-03-04,75.17,75.78,74.65,75.45,75.45,5584244,0.0,1.0,MMM
2024-03-01,75.94,75.94,74.99,75.79,75.79,3398066,0.0,1.0,MMM
2024-02-29,75.91,76.15,75.38,76.01,76.01,5158385,0.0,1.0,MMM
2024-02-28,75.91,76.43,75.43,75.46,75.46,2962410,0.0,1.0,MMM
2024-02-27,75.91,76.2,75.48,76.16,76.16,2288509,0.0,1.0,MMM
2024-02-26,76.06,76.32,75.45,75.76,75.76,3272899,0.0,1.0,MMM
2024-02-23,76.23,76.68,75.83,76.39,76.39,3155887,0.0,1.0,MMM
2024-02-22,75.54,76.25,75.2,76.1,76.1,4190480,0.0,1.0,MMM
2024-02-21,75.6,75.88,75.07,75.67,75.67,3399345,0.0,1.0,MMM
2024-02-20,75.17,76.31,74.69,75.76,75.76,4326602,0.0,1.0,MMM
2024-02-16,75.79,75.95,75.25,75.29,75.29,4469540,0.0,1.0,MMM
2024-02-15,75.5,76.37,75.17,76.22,76.22,3812207,1.51,1.0,MMM
2024-02-14,75.5,75.69,74.82,75.03,75.03,5036865,0.0,1.0,MMM
2024-02-13,75.74,76.3,74.19,75.22,75.22,4595564,0.0,1.0,MMM
2024-02-12,75.6,77.17,75.54,76.82,76.82,4091695,0.0,1.0,MMM
2024-02-09,75.66,75.74,75.0,75.42,75.42,3669089,0.0,1.0,MMM
2024-02-08,76.43,76.62,75.26,75.66,75.66,3964295,0.0,1.0,MMM
2024-02-07,76.8,76.89,75.9,76.18,76.18,3780861,0.0,1.0,MMM
2024-02-06,75.29,76.19,75.01,76.12,76.12,3727668,0.0,1.0,MMM
2024-02-05,76.51,76.51,75.16,75.28,75.28,4476887,0.0,1.0,MMM
2024-02-02,77.35,77.45,76.55,77.02,77.02,3712641,0.0,1.0,MMM
2024-02-01,76.63,77.95,76.26,77.86,77.86,3297348,0.0,1.0,MMM
2024-01-31,77.89,77.89,76.44,76.59,76.59,6906829,0.0,1.0,MMM
2024-01-30,78.07,78.35,76.94,77.73,77.73,3200456,0.0,1.0,MMM
2024-01-29,77.93,78.66,77.48,78.24,78.24,3799983,0.0,1.0,MMM
2024-01-26,78.11,78.66,77.76,77.93,77.93,3720173,0.0,1.0,MMM
2024-01-25,76.13,78.16,75.99,77.92,77.92,6122942,0.0,1.0,MMM
2024-01-24,78.45,78.78,75.28,75.69,75.69,9321540,0.0,1.0,MMM
2024-01-23,81.88,81.88,76.4,78.02,78.02,27210880,0.0,1.0,MMM
2024-01-22,88.08,88.82,87.19,87.69,87.69,4916060,0.0,1.0,MMM
2024-01-19,86.65,87.97,85.32,87.48,87.48,3269495,0.0,1.0,MMM
2024-01-18,86.32,86.65,85.52,86.41,86.41,2493062,0.0,1.0,MMM
2024-01-17,86.74,87.4,85.67,86.12,86.12,2639507,0.0,1.0,MMM
2024-01-16,87.41,87.73,86.6,87.38,87.38,3036611,0.0,1.0,MMM
2024-01-12,88.83,89.43,87.59,87.77,87.77,2918538,0.0,1.0,MMM
2024-01-11,87.92,88.49,87.03,88.42,88.42,2685752,0.0,1.0,MMM
2024-01-10,88.5,88.59,87.55,87.92,87.92,1999818,0.0,1.0,MMM
2024-01-09,87.84,88.73,87.15,88.57,88.57,2457998,0.0,1.0,MMM
2024-01-08,87.89,88.46,87.34,88.37,88.37,2119575,0.0,1.0,MMM
2024-01-05,87.66,88.89,87.31,88.15,88.15,1646452,0.0,1.0,MMM
2024-01-04,87.74,88.76,87.44,87.81,87.81,2775925,0.0,1.0,MMM
2024-01-03,88.67,88.86,86.7,87.51,87.51,2966239,0.0,1.0,MMM
2024-01-02,88.18,89.84,88.04,89.3,89.3,2776824,0.0,1.0,MMM
2023-12-29,88.89,89.27,88.28,88.75,88.75,2414408,0.0,1.0,MMM
2023-12-28,88.21,89.45,88.2,89.05,89.05,2809576,0.0,1.0,MMM
2023-12-27,87.68,88.57,87.42,88.28,88.28,2428836,0.0,1.0,MMM
2023-12-26,86.3,88.15,86.27,87.77,87.77,2786348,0.0,1.0,MMM
2023-12-22,85.95,87.19,85.85,86.32,86.32,2281685,0.0,1.0,MMM
2023-12-21,84.61,85.75,84.52,85.7,85.7,2194162,0.0,1.0,MMM
2023-12-20,85.89,86.27,84.13,84.16,84.16,3247439,0.0,1.0,MMM
2023-12-19,86.35,86.66,85.96,86.26,86.26,2634309,0.0,1.0,MMM
2023-12-18,86.86,87.11,85.78,85.95,85.95,3023962,0.0,1.0,MMM
2023-12-15,86.34,87.29,86.02,86.85,86.85,11083431,0.0,1.0,MMM
2023-12-14,85.22,87.38,85.21,86.9,86.9,5764490,0.0,1.0,MMM
2023-12-13,82.81,84.6,80.95,84.58,84.58,5971953,0.0,1.0,MMM
2023-12-12,84.1,84.21,83.08,83.26,83.26,4674523,0.0,1.0,MMM
2023-12-11,84.19,84.6,83.39,83.75,83.75,3485900,0.0,1.0,MMM
2023-12-08,83.92,85.17,83.62,83.92,83.92,3444015,0.0,1.0,MMM
2023-12-07,83.66,84.13,83.13,83.84,83.84,2367807,0.0,1.0,MMM
2023-12-06,82.54,84.09,82.5,83.45,83.45,3563605,0.0,1.0,MMM
2023-12-05,83.41,83.62,82.35,82.55,82.55,3073380,0.0,1.0,MMM
2023-12-04,81.46,84.25,81.37,83.97,83.97,5030211,0.0,1.0,MMM
2023-12-01,80.24,81.35,79.69,81.06,81.06,2783823,0.0,1.0,MMM
2023-11-30,80.08,81.25,79.77,80.43,80.43,6012541,0.0,1.0,MMM
2023-11-29,80.57,80.73,79.66,79.94,79.94,2581644,0.0,1.0,MMM
2023-11-28,78.68,80.45,78.37,79.97,79.97,4334614,0.0,1.0,MMM
2023-11-27,77.93,79.12,77.89,78.8,78.8,3293901,0.0,1.0,MMM
2023-11-24,77.37,77.92,77.22,77.89,77.89,1059854,0.0,1.0,MMM
2023-11-22,77.1,77.76,76.82,77.42,77.42,2394280,0.0,1.0,MMM
2023-11-21,76.81,76.93,76.1,76.3,76.3,2708675,0.0,1.0,MMM
2023-11-20,77.14,77.33,76.68,77.11,77.11,3333563,0.0,1.0,MMM
2023-11-17,78.15,78.22,77.13,77.4,77.4,7587195,0.0,1.0,MMM
2023-11-16,77.84,78.3,77.05,77.7,77.7,3061753,1.5,1.0,MMM
2023-11-15,76.28,77.69,76.28,77.39,77.39,3790178,0.0,1.0,MMM
2023-11-14,75.13,76.32,75.08,75.91,75.91,3321448,0.0,1.0,MMM
2023-11-13,74.09,74.44,73.47,74.09,74.09,2133210,0.0,1.0,MMM
2023-11-10,73.53,74.38,73.26,74.18,74.18,2395590,0.0,1.0,MMM
2023-11-09,74.0,74.5,73.25,73.29,73.29,2124244,0.0,1.0,MMM
2023-11-08,74.65,74.65,72.95,73.79,73.79,3463636,0.0,1.0,MMM
2023-11-07,74.27,74.69,73.99,74.45,74.45,2204166,0.0,1.0,MMM
2023-11-06,75.0,75.07,74.31,74.75,74.75,2155652,0.0,1.0,MMM
2023-11-03,74.75,75.79,74.39,75.02,75.02,2731136,0.0,1.0,MMM
2023-11-02,73.21,73.85,72.77,73.78,73.78,2629104,0.0,1.0,MMM
2023-11-01,72.86,73.01,71.59,72.38,72.38,3496646,0.0,1.0,MMM
2023-10-31,71.52,73.19,71.46,72.7,72.7,4645212,0.0,1.0,MMM
2023-10-30,70.39,71.72,70.16,71.55,71.55,2643542,0.0,1.0,MMM
2023-10-27,71.23,71.33,69.51,69.95,69.95,3312819,0.0,1.0,MMM
2023-10-26,71.74,72.38,70.58,70.86,70.86,3866186,0.0,1.0,MMM
2023-10-25,71.46,72.26,70.89,71.45,71.45,3861732,0.0,1.0,MMM
2023-10-24,72.02,72.6,70.67,72.03,72.03,6417968,0.0,1.0,MMM
2023-10-23,68.74,69.4,68.22,68.42,68.42,3476629,0.0,1.0,MMM
2023-10-20,69.31,69.79,69.05,69.18,69.18,2555438,0.0,1.0,MMM
2023-10-19,70.34,70.98,69.55,69.59,69.59,3066337,0.0,1.0,MMM
2023-10-18,71.71,71.78,70.44,70.66,70.66,2687377,0.0,1.0,MMM
2023-10-17,71.27,72.77,71.2,72.38,72.38,2120204,0.0,1.0,MMM
2023-10-16,71.07,72.04,70.78,71.89,71.89,2664755,0.0,1.0,MMM
2023-10-13,71.3,71.82,70.55,70.88,70.88,2349556,0.0,1.0,MMM
2023-10-12,72.36,72.36,70.7,71.15,71.15,2338045,0.0,1.0,MMM
2023-10-11,72.58,72.72,71.74,72.25,72.25,2121244,0.0,1.0,MMM
2023-10-10,71.94,72.73,71.3,72.45,72.45,3708862,0.0,1.0,MMM
2023-10-09,70.39,71.2,70.3,71.18,71.18,2359835,0.0,1.0,MMM
2023-10-06,69.86,71.3,69.0,70.66,70.66,4458087,0.0,1.0,MMM
2023-10-05,70.34,70.53,69.18,70.2,70.2,4860196,0.0,1.0,MMM
2023-10-04,70.82,71.02,69.79,70.35,70.35,6521346,0.0,1.0,MMM
2023-10-03,71.74,71.89,70.46,70.97,70.97,5375110,0.0,1.0,MMM
2023-10-02,74.05,74.2,71.38,72.11,72.11,8213621,0.0,1.0,MMM
2023-09-29,75.13,75.4,74.61,74.83,74.83,3044072,0.0,1.0,MMM
2023-09-28,74.37,75.01,73.86,74.54,74.54,4083450,0.0,1.0,MMM
2023-09-27,75.24,75.43,74.41,74.7,74.7,3067848,0.0,1.0,MMM
2023-09-26,75.42,76.02,74.83,75.04,75.04,3478186,0.0,1.0,MMM
2023-09-25,77.19,77.45,74.94,75.76,75.76,4444241,0.0,1.0,MMM
2023-09-22,78.0,78.17,77.21,77.56,77.56,3489187,0.0,1.0,MMM
2023-09-21,78.77,79.31,77.85,77.92,77.92,3556802,0.0,1.0,MMM
2023-09-20,79.97,80.64,79.11,79.12,79.12,2457435,0.0,1.0,MMM
2023-09-19,80.74,80.93,79.82,80.11,80.11,2669577,0.0,1.0,MMM
2023-09-18,80.78,81.45,80.02,80.76,80.76,4298607,0.0,1.0,MMM
2023-09-15,81.44,81.86,80.45,80.78,80.78,6002352,0.0,1.0,MMM
2023-09-14,81.2,82.78,80.9,81.78,81.78,4184063,0.0,1.0,MMM
2023-09-13,85.64,85.9,80.34,80.77,80.77,7575059,0.0,1.0,MMM
2023-09-12,85.96,86.96,85.58,85.65,85.65,3196622,0.0,1.0,MMM
2023-09-11,85.52,86.5,85.36,86.24,86.24,2841425,0.0,1.0,MMM
2023-09-08,84.78,85.04,84.26,84.92,84.92,2774697,0.0,1.0,MMM
2023-09-07,84.87,85.36,83.89,84.68,84.68,2906870,0.0,1.0,MMM
2023-09-06,85.14,85.37,84.2,85.02,85.02,2684253,0.0,1.0,MMM
2023-09-05,85.36,86.53,85.03,85.4,85.4,4864287,0.0,1.0,MMM
2023-09-01,85.76,86.56,84.81,85.48,85.48,3640683,0.0,1.0,MMM
2023-08-31,84.68,86.59,84.32,85.26,85.26,6506051,0.0,1.0,MMM
2023-08-30,84.32,84.6,82.81,83.49,83.49,3273939,0.0,1.0,MMM
2023-08-29,83.92,85.4,83.83,84.38,84.38,5243159,0.0,1.0,MMM
2023-08-28,84.17,84.44,82.0,83.22,83.22,7638456,0.0,1.0,MMM
2023-08-25,79.11,79.46,78.35,79.09,79.09,2188616,0.0,1.0,MMM
2023-08-24,79.35,80.46,78.72,78.73,78.73,1900046,0.0,1.0,MMM
2023-08-23,78.93,80.07,78.09,79.65,79.65,3265062,0.0,1.0,MMM
2023-08-22,79.66,79.7,78.42,78.74,78.74,2590598,0.0,1.0,MMM
2023-08-21,79.93,80.01,78.75,79.28,79.28,2302686,0.0,1.0,MMM
2023-08-18,79.91,80.32,79.59,79.94,79.94,2634379,1.5,1.0,MMM
2023-08-17,79.72,80.89,79.61,80.17,80.17,3404064,0.0,1.0,MMM
2023-08-16,79.35,80.11,79.11,79.37,79.37,2853394,0.0,1.0,MMM
2023-08-15,80.76,81.02,79.47,79.65,79.65,3345187,0.0,1.0,MMM
2023-08-14,82.02,82.14,81.03,81.44,81.44,3054598,0.0,1.0,MMM
2023-08-11,81.76,82.52,81.45,82.33,82.33,1628689,0.0,1.0,MMM
2023-08-10,81.95,83.35,81.4,81.82,81.82,2202326,0.0,1.0,MMM
2023-08-09,81.82,82.44,81.43,81.67,81.67,2145106,0.0,1.0,MMM
2023-08-08,82.14,82.21,80.76,81.99,81.99,2912541,0.0,1.0,MMM
2023-08-07,83.47,83.91,82.6,82.87,82.87,2509440,0.0,1.0,MMM
2023-08-04,84.7,85.03,82.74,83.09,83.09,2916182,0.0,1.0,MMM
2023-08-03,85.44,85.71,84.2,84.41,84.41,2822708,0.0,1.0,MMM
2023-08-02,86.23,86.54,85.17,85.76,85.76,3187993,0.0,1.0,MMM
2023-08-01,87.8,88.13,86.88,87.06,87.06,2856473,0.0,1.0,MMM
2023-07-31,88.1,88.41,87.3,87.8,87.8,7242249,0.0,1.0,MMM
2023-07-28,88.09,88.52,87.45,88.1,88.1,2910759,0.0,1.0,MMM
2023-07-27,86.98,89.1,86.98,87.56,87.56,5613488,0.0,1.0,MMM
2023-07-26,86.5,89.04,86.5,88.7,88.7,5594986,0.0,1.0,MMM
2023-07-25,84.69,87.29,84.27,86.49,86.49,8778880,0.0,1.0,MMM
2023-07-24,82.31,83.16,81.88,82.11,82.11,3333380,0.0,1.0,MMM
2023-07-21,82.03,82.32,81.28,82.16,82.16,2502037,0.0,1.0,MMM
2023-07-20,81.24,82.48,80.72,82.13,82.13,2866280,0.0,1.0,MMM
2023-07-19,80.99,81.71,80.8,81.49,81.49,2088934,0.0,1.0,MMM
2023-07-18,80.02,81.54,79.81,81.12,81.12,2490671,0.0,1.0,MMM
2023-07-17,80.24,80.42,79.38,80.09,80.09,2302564,0.0,1.0,MMM
2023-07-14,80.91,80.99,79.97,80.56,80.56,2215758,0.0,1.0,MMM
2023-07-13,80.09,81.05,79.93,81.0,81.0,2492091,0.0,1.0,MMM
2023-07-12,81.48,82.11,79.94,79.98,79.98,3633155,0.0,1.0,MMM
2023-07-11,77.76,80.35,77.47,80.26,80.26,6253504,0.0,1.0,MMM
2023-07-10,76.48,77.58,76.29,76.53,76.53,3767922,0.0,1.0,MMM
2023-07-07,75.75,77.95,75.73,76.61,76.61,3988375,0.0,1.0,MMM
2023-07-06,77.17,77.24,75.26,75.84,75.84,5133163,0.0,1.0,MMM
2023-07-05,79.37,79.83,77.62,77.67,77.67,3945338,0.0,1.0,MMM
2023-07-03,78.91,79.88,78.68,79.65,79.65,1599469,0.0,1.0,MMM
2023-06-30,78.76,79.06,78.12,78.82,78.82,5087002,0.0,1.0,MMM
2023-06-29,77.25,78.32,77.11,78.15,78.15,3496870,0.0,1.0,MMM
2023-06-28,77.38,78.17,76.99,77.62,77.62,3795598,0.0,1.0,MMM
2023-06-27,78.68,78.92,77.23,77.38,77.38,5429368,0.0,1.0,MMM
2023-06-26,78.75,79.44,78.33,79.07,79.07,3655366,0.0,1.0,MMM
2023-06-23,81.35,81.5,78.34,79.31,79.31,7811288,0.0,1.0,MMM
2023-06-22,79.76,79.78,78.46,79.09,79.09,2594899,0.0,1.0,MMM
2023-06-21,80.06,80.55,79.38,79.91,79.91,2518050,0.0,1.0,MMM
2023-06-20,80.94,81.05,79.59,80.56,80.56,2747024,0.0,1.0,MMM
2023-06-16,82.09,82.6,81.24,82.32,82.32,6197456,0.0,1.0,MMM
2023-06-15,80.24,81.97,80.02,81.75,81.75,2822368,0.0,1.0,MMM
2023-06-14,81.24,81.64,79.67,80.28,80.28,3250959,0.0,1.0,MMM
2023-06-13,79.74,81.22,79.41,80.91,80.91,3283265,0.0,1.0,MMM
2023-06-12,79.02,80.67,78.91,79.74,79.74,3500477,0.0,1.0,MMM
2023-06-09,79.3,80.0,77.33,78.67,78.67,4513943,0.0,1.0,MMM
2023-06-08,79.38,79.81,78.42,79.35,79.35,3152525,0.0,1.0,MMM
2023-06-07,77.74,79.66,76.86,79.54,79.54,3341172,0.0,1.0,MMM
2023-06-06,77.22,78.46,76.61,77.4,77.4,4474086,0.0,1.0,MMM
2023-06-05,79.46,80.71,77.1,77.16,77.16,5911964,0.0,1.0,MMM
2023-06-02,75.68,82.33,75.63,80.74,80.74,14162912,0.0,1.0,MMM
2023-06-01,73.61,74.48,72.75,74.24,74.24,3329511,0.0,1.0,MMM
2023-05-31,74.81,75.42,73.38,73.48,73.48,6026610,0.0,1.0,MMM
2023-05-30,76.33,76.54,74.97,75.64,75.64,2870783,0.0,1.0,MMM
2023-05-26,76.42,76.73,75.89,76.34,76.34,2787353,0.0,1.0,MMM
2023-05-25,76.03,76.55,75.09,76.42,76.42,3119602,0.0,1.0,MMM
2023-05-24,79.1,79.3,76.36,76.38,76.38,4132558,0.0,1.0,MMM
2023-05-23,80.09,80.98,79.27,79.3,79.3,3616226,0.0,1.0,MMM
2023-05-22,77.87,80.35,77.42,80.09,80.09,4187327,0.0,1.0,MMM
2023-05-19,78.94,79.11,77.7,77.98,77.98,2699900,0.0,1.0,MMM
2023-05-18,77.52,78.62,77.22,78.46,78.46,2914335,1.5,1.0,MMM
2023-05-17,76.35,77.82,76.03,77.72,77.72,3577976,0.0,1.0,MMM
2023-05-16,77.58,77.61,76.03,76.04,76.04,3744629,0.0,1.0,MMM
2023-05-15,77.63,78.22,77.01,77.96,77.96,2406964,0.0,1.0,MMM
2023-05-12,78.52,78.56,77.01,77.79,77.79,2456105,0.0,1.0,MMM
2023-05-11,77.97,78.36,77.42,78.18,78.18,2774017,0.0,1.0,MMM
2023-05-10,78.66,78.9,77.27,78.28,78.28,2744095,0.0,1.0,MMM
2023-05-09,78.72,78.94,77.89,78.2,78.2,3121575,0.0,1.0,MMM
2023-05-08,80.34,80.62,78.86,79.4,79.4,2094189,0.0,1.0,MMM
2023-05-05,79.75,80.28,79.17,80.18,80.18,1943779,0.0,1.0,MMM
2023-05-04,79.56,79.89,78.17,79.01,79.01,2963164,0.0,1.0,MMM
2023-05-03,80.3,81.15,79.65,79.78,79.78,2056095,0.0,1.0,MMM
2023-05-02,81.85,82.0,79.64,79.89,79.89,3012012,0.0,1.0,MMM
2023-05-01,82.5,82.88,81.89,82.12,82.12,2289449,0.0,1.0,MMM
2023-04-28,81.7,82.55,81.58,82.41,82.41,3983689,0.0,1.0,MMM
2023-04-27,79.97,81.76,79.97,81.71,81.71,2393078,0.0,1.0,MMM
2023-04-26,80.68,81.61,79.73,79.85,79.85,3152908,0.0,1.0,MMM
2023-04-25,81.99,83.24,80.81,80.97,80.97,5071415,0.0,1.0,MMM
2023-04-24,81.5,81.7,80.96,81.51,81.51,3535979,0.0,1.0,MMM
2023-04-21,81.44,81.55,80.73,81.06,81.06,6391798,0.0,1.0,MMM
2023-04-20,81.82,81.92,80.76,81.25,81.25,3695303,0.0,1.0,MMM
2023-04-19,82.0,82.5,81.82,82.3,82.3,1917987,0.0,1.0,MMM
2023-04-18,83.19,83.24,82.14,82.44,82.44,1912079,0.0,1.0,MMM
2023-04-17,82.36,83.09,82.19,82.84,82.84,2430921,0.0,1.0,MMM
2023-04-14,82.23,83.1,81.47,82.06,82.06,2793598,0.0,1.0,MMM
2023-04-13,81.33,82.58,80.75,82.35,82.35,3435218,0.0,1.0,MMM
2023-04-12,81.46,81.58,80.44,80.97,80.97,2724836,0.0,1.0,MMM
2023-04-11,80.4,81.29,80.15,81.12,81.12,2951982,0.0,1.0,MMM
2023-04-10,78.82,80.0,78.39,79.72,79.72,2880168,0.0,1.0,MMM
2023-04-06,79.4,79.75,78.76,78.79,78.79,2419239,0.0,1.0,MMM
2023-04-05,79.41,79.73,78.88,79.36,79.36,2652171,0.0,1.0,MMM
2023-04-04,81.38,81.38,79.19,79.33,79.33,3473313,0.0,1.0,MMM
2023-04-03,81.58,82.11,80.82,81.13,81.13,4017256,0.0,1.0,MMM
2023-03-31,80.3,81.61,79.91,81.54,81.54,3611488,0.0,1.0,MMM
2023-03-30,80.49,80.62,79.54,79.74,79.74,2349717,0.0,1.0,MMM
2023-03-29,79.76,80.09,79.05,80.05,80.05,3221599,0.0,1.0,MMM
2023-03-28,78.81,79.77,78.6,78.93,78.93,2462830,0.0,1.0,MMM
2023-03-27,79.3,79.35,78.05,78.74,78.74,2797628,0.0,1.0,MMM
2023-03-24,77.87,78.62,77.7,78.46,78.46,3553991,0.0,1.0,MMM
2023-03-23,78.87,79.85,78.17,78.36,78.36,3177268,0.0,1.0,MMM
2023-03-22,80.93,81.11,78.74,78.77,78.77,2805505,0.0,1.0,MMM
2023-03-21,81.64,81.83,80.19,80.91,80.91,2623572,0.0,1.0,MMM
2023-03-20,80.23,81.03,80.08,80.92,80.92,2721946,0.0,1.0,MMM
2023-03-17,80.95,81.04,79.11,79.92,79.92,11385779,0.0,1.0,MMM
2023-03-16,78.96,81.02,78.73,80.85,80.85,3642989,0.0,1.0,MMM
2023-03-15,78.6,79.77,77.79,79.74,79.74,4891663,0.0,1.0,MMM
2023-03-14,81.14,81.59,78.64,79.74,79.74,4772015,0.0,1.0,MMM
2023-03-13,80.43,81.21,79.7,80.3,80.3,4211092,0.0,1.0,MMM
2023-03-10,81.88,83.01,80.48,80.73,80.73,3693856,0.0,1.0,MMM
2023-03-09,83.52,84.22,81.78,81.86,81.86,3463725,0.0,1.0,MMM
2023-03-08,83.35,83.61,82.37,83.13,83.13,3434665,0.0,1.0,MMM
2023-03-07,85.34,85.35,83.04,83.08,83.08,3372823,0.0,1.0,MMM
2023-03-06,86.42,86.59,85.09,85.28,85.28,2820795,0.0,1.0,MMM
2023-03-03,85.94,86.88,85.04,86.32,86.32,3040811,0.0,1.0,MMM
2023-03-02,85.14,85.52,83.57,85.26,85.26,7590784,0.0,1.0,MMM
2023-03-01,86.14,87.15,85.14,85.5,85.5,4914735,0.0,1.0,MMM
2023-02-28,83.88,84.5,83.2,83.58,83.58,3380517,0.0,1.0,MMM
2023-02-27,84.45,85.87,83.94,84.0,84.0,3555985,0.0,1.0,MMM
2023-02-24,83.87,84.21,82.83,83.63,83.63,2862947,0.0,1.0,MMM
2023-02-23,85.1,85.56,83.79,84.49,84.49,2943789,0.0,1.0,MMM
2023-02-22,84.97,85.63,84.18,84.52,84.52,2655013,0.0,1.0,MMM
2023-02-21,86.89,87.2,84.7,84.76,84.76,3889126,0.0,1.0,MMM
2023-02-17,86.86,87.7,85.87,87.66,87.66,2827942,0.0,1.0,MMM
2023-02-16,87.28,87.92,85.93,86.89,86.89,2695116,1.5,1.0,MMM
2023-02-15,87.0,87.9,86.66,87.88,87.88,2531260,0.0,1.0,MMM
2023-02-14,87.88,88.1,86.47,87.43,87.43,2462299,0.0,1.0,MMM
2023-02-13,87.56,88.51,87.12,88.25,88.25,2247638,0.0,1.0,MMM
2023-02-10,86.68,87.44,86.28,87.18,87.18,2274503,0.0,1.0,MMM
2023-02-09,89.13,89.41,86.09,86.45,86.45,3601854,0.0,1.0,MMM
2023-02-08,88.93,89.33,88.05,88.23,88.23,2511719,0.0,1.0,MMM
2023-02-07,88.67,89.73,87.86,89.49,89.49,2182743,0.0,1.0,MMM
2023-02-06,89.41,89.77,88.71,89.19,89.19,2487459,0.0,1.0,MMM
2023-02-03,91.05,91.28,89.41,89.94,89.94,2682360,0.0,1.0,MMM
2023-02-02,88.87,92.52,88.43,92.09,92.09,4917204,0.0,1.0,MMM
2023-02-01,87.69,89.37,87.0,88.7,88.7,3100796,0.0,1.0,MMM
2023-01-31,86.62,88.1,86.03,88.1,88.1,5071217,0.0,1.0,MMM
2023-01-30,87.63,88.8,86.17,86.18,86.18,5902886,0.0,1.0,MMM
2023-01-27,87.07,88.63,86.86,88.23,88.23,4114472,0.0,1.0,MMM
2023-01-26,86.9,87.35,85.56,86.93,86.93,4625624,0.0,1.0,MMM
2023-01-25,87.65,88.99,86.32,86.45,86.45,5993235,0.0,1.0,MMM
2023-01-24,88.83,91.87,87.65,88.04,88.04,10276456,0.0,1.0,MMM
2023-01-23,92.33,94.85,92.18,93.87,93.87,3412184,0.0,1.0,MMM
2023-01-20,90.76,92.41,89.38,92.36,92.36,4373522,0.0,1.0,MMM
2023-01-19,93.4,93.61,90.58,90.66,90.66,4979742,0.0,1.0,MMM
2023-01-18,97.11,97.37,93.6,93.97,93.97,4258480,0.0,1.0,MMM
2023-01-17,99.34,99.44,96.76,96.92,96.92,3510879,0.0,1.0,MMM
2023-01-13,98.31,99.22,98.14,99.15,99.15,1693354,0.0,1.0,MMM
2023-01-12,99.21,99.38,97.83,99.02,99.02,1839474,0.0,1.0,MMM
2023-01-11,98.7,98.9,97.7,98.85,98.85,2013593,0.0,1.0,MMM
2023-01-10,97.28,98.14,96.99,98.09,98.09,1648201,0.0,1.0,MMM
2023-01-09,97.22,99.11,96.54,97.06,97.06,2871264,0.0,1.0,MMM
2023-01-06,95.43,97.32,94.74,97.01,97.01,2417142,0.0,1.0,MMM
2023-01-05,95.09,95.36,93.75,94.13,94.13,2606564,0.0,1.0,MMM
2023-01-04,94.43,95.92,93.94,95.81,95.81,2769831,0.0,1.0,MMM
2023-01-03,93.03,93.88,92.15,93.76,93.76,2612812,0.0,1.0,MMM
2022-12-30,91.6,91.89,90.72,91.8,91.8,2096006,0.0,1.0,MMM
2022-12-29,91.0,92.52,90.72,92.3,92.3,2060929,0.0,1.0,MMM
2022-12-28,92.13,92.63,90.53,90.56,90.56,1961048,0.0,1.0,MMM
2022-12-27,91.97,92.5,91.22,92.03,92.03,1811184,0.0,1.0,MMM
2022-12-23,92.47,92.63,90.18,91.97,91.97,2609395,0.0,1.0,MMM
2022-12-22,93.56,93.78,91.25,93.08,93.08,2189473,0.0,1.0,MMM
2022-12-21,93.27,94.81,93.02,94.51,94.51,2578120,0.0,1.0,MMM
2022-12-20,93.39,93.65,92.4,92.49,92.49,2902974,0.0,1.0,MMM
2022-12-19,92.88,94.75,92.75,93.5,93.5,2440223,0.0,1.0,MMM
2022-12-16,92.87,93.24,91.87,93.16,93.16,7599869,0.0,1.0,MMM
2022-12-15,95.53,95.75,93.21,93.69,93.69,3336730,0.0,1.0,MMM
2022-12-14,96.84,98.35,95.57,96.53,96.53,3095742,0.0,1.0,MMM
2022-12-13,99.1,99.54,96.82,97.45,97.45,3256867,0.0,1.0,MMM
2022-12-12,96.52,97.14,95.08,97.11,97.11,3877809,0.0,1.0,MMM
2022-12-09,97.06,97.63,96.21,96.27,96.27,2335026,0.0,1.0,MMM
2022-12-08,97.22,99.09,96.04,96.46,96.46,3785398,0.0,1.0,MMM
2022-12-07,95.18,97.46,95.0,96.73,96.73,2701571,0.0,1.0,MMM
2022-12-06,95.81,96.25,94.4,95.37,95.37,1919505,0.0,1.0,MMM
2022-12-05,95.75,96.05,95.13,95.41,95.41,2143071,0.0,1.0,MMM
2022-12-02,95.51,97.42,95.11,97.22,97.22,1821877,0.0,1.0,MMM
2022-12-01,97.45,98.65,95.93,96.45,96.45,2638939,0.0,1.0,MMM
2022-11-30,96.38,96.65,92.91,96.44,96.44,5830640,0.0,1.0,MMM
2022-11-29,94.99,96.72,94.94,96.56,96.56,1863156,0.0,1.0,MMM
2022-11-28,98.07,98.43,95.02,95.42,95.42,2774046,0.0,1.0,MMM
2022-11-25,98.66,99.38,98.39,98.79,98.79,882383,0.0,1.0,MMM
2022-11-23,98.44,98.85,97.41,97.99,97.99,2349904,0.0,1.0,MMM
2022-11-22,98.1,98.5,97.47,98.45,98.45,1757291,0.0,1.0,MMM
2022-11-21,96.95,97.9,96.63,97.71,97.71,2153620,0.0,1.0,MMM
2022-11-18,97.99,98.25,96.38,97.04,97.04,3176446,0.0,1.0,MMM
2022-11-17,96.57,97.39,95.44,97.34,97.34,2249472,1.49,1.0,MMM
2022-11-16,99.46,99.46,97.16,97.41,97.41,3208298,0.0,1.0,MMM
2022-11-15,100.27,101.0,98.19,99.29,99.29,2515050,0.0,1.0,MMM
2022-11-14,100.3,101.33,99.08,99.15,99.15,2615354,0.0,1.0,MMM
2022-11-11,98.06,101.01,97.72,100.62,100.62,3429332,0.0,1.0,MMM
2022-11-10,96.6,97.81,96.0,97.72,97.72,3159731,0.0,1.0,MMM
2022-11-09,94.8,95.1,93.62,93.7,93.7,1782368,0.0,1.0,MMM
2022-11-08,94.86,95.83,93.86,94.85,94.85,1824829,0.0,1.0,MMM
2022-11-07,94.3,94.7,93.3,94.34,94.34,1914378,0.0,1.0,MMM
2022-11-04,94.18,94.86,93.19,94.46,94.46,2320755,0.0,1.0,MMM
2022-11-03,92.3,94.04,91.65,92.96,92.96,2006927,0.0,1.0,MMM
2022-11-02,94.61,95.95,92.81,92.97,92.97,2561872,0.0,1.0,MMM
2022-11-01,95.92,96.17,94.26,94.81,94.81,2131855,0.0,1.0,MMM
2022-10-31,95.42,95.68,94.86,95.18,95.18,4326370,0.0,1.0,MMM
2022-10-28,93.06,95.85,92.7,95.8,95.8,3812614,0.0,1.0,MMM
2022-10-27,93.44,94.17,92.33,92.92,92.92,3716587,0.0,1.0,MMM
2022-10-26,90.49,93.29,90.49,92.84,92.84,4629026,0.0,1.0,MMM
2022-10-25,85.89,89.74,85.62,89.67,89.67,5014713,0.0,1.0,MMM
2022-10-24,88.93,90.15,88.68,89.58,89.58,3394104,0.0,1.0,MMM
2022-10-21,85.62,88.49,85.54,88.39,88.39,3342468,0.0,1.0,MMM
2022-10-20,86.25,87.51,85.42,85.59,85.59,3142888,0.0,1.0,MMM
2022-10-19,87.09,87.53,85.69,86.41,86.41,2578747,0.0,1.0,MMM
2022-10-18,87.58,88.08,86.6,87.74,87.74,2564178,0.0,1.0,MMM
2022-10-17,87.25,87.56,85.72,86.16,86.16,3003664,0.0,1.0,MMM
2022-10-14,86.46,87.14,85.39,85.98,85.98,3460027,0.0,1.0,MMM
2022-10-13,81.34,86.89,81.02,86.46,86.46,4772741,0.0,1.0,MMM
2022-10-12,82.15,83.01,81.91,82.44,82.44,2751148,0.0,1.0,MMM
2022-10-11,82.1,83.58,81.68,82.36,82.36,2895358,0.0,1.0,MMM
2022-10-10,82.12,82.57,81.11,82.07,82.07,2582369,0.0,1.0,MMM
2022-10-07,83.51,83.81,81.03,81.36,81.36,4296470,0.0,1.0,MMM
2022-10-06,86.53,86.97,83.39,84.08,84.08,4328135,0.0,1.0,MMM
2022-10-05,86.52,87.85,85.82,87.15,87.15,2560131,0.0,1.0,MMM
2022-10-04,86.82,87.76,86.78,87.49,87.49,2802675,0.0,1.0,MMM
2022-10-03,84.51,86.28,83.92,85.67,85.67,2915965,0.0,1.0,MMM
2022-09-30,84.75,85.62,83.53,83.61,83.61,3112788,0.0,1.0,MMM
2022-09-29,85.47,85.81,84.45,84.97,84.97,2315860,0.0,1.0,MMM
2022-09-28,85.89,86.8,85.55,86.47,86.47,3677791,0.0,1.0,MMM
2022-09-27,86.36,86.36,84.31,85.06,85.06,3324265,0.0,1.0,MMM
2022-09-26,85.32,86.12,84.92,85.5,85.5,3598144,0.0,1.0,MMM
2022-09-23,86.06,86.39,84.46,85.5,85.5,3683736,0.0,1.0,MMM
2022-09-22,86.38,87.06,85.83,86.37,86.37,3656931,0.0,1.0,MMM
2022-09-21,88.4,89.31,86.87,86.87,86.87,3735821,0.0,1.0,MMM
2022-09-20,87.24,88.68,86.83,88.17,88.17,4155161,0.0,1.0,MMM
2022-09-19,87.78,88.46,87.23,88.26,88.26,3190303,0.0,1.0,MMM
2022-09-16,86.79,88.77,86.34,88.24,88.24,7261931,0.0,1.0,MMM
2022-09-15,89.15,89.85,87.83,88.09,88.09,4052770,0.0,1.0,MMM
2022-09-14,91.24,91.24,88.01,88.93,88.93,5670514,0.0,1.0,MMM
2022-09-13,92.4,94.28,90.97,91.16,91.16,7765463,0.0,1.0,MMM
2022-09-12,94.07,95.73,93.81,94.02,94.02,18971902,0.0,1.0,MMM
2022-09-09,91.76,93.29,90.7,93.15,93.15,26220314,0.0,1.0,MMM
2022-09-08,89.58,90.64,88.65,90.25,90.25,25741436,0.0,1.0,MMM
2022-09-07,88.26,91.74,87.79,91.22,91.22,37568710,0.0,1.0,MMM
2022-09-06,91.83,91.94,87.76,88.23,88.23,28709647,0.0,1.0,MMM
2022-09-02,95.36,95.62,91.67,92.05,92.05,12321035,0.0,1.0,MMM
2022-09-01,94.06,95.64,93.58,95.06,95.06,31014352,0.0,1.0,MMM
2022-08-31,94.47,95.69,93.53,94.09,94.09,31642145,0.0,1.0,MMM
2022-08-30,96.01,96.66,93.09,94.48,94.48,34478535,0.0,1.0,MMM
2022-08-29,97.45,97.45,94.79,95.67,95.67,50064338,0.0,1.0,MMM
2022-08-26,108.69,108.97,97.37,97.72,97.72,38384100,0.0,1.0,MMM
2022-08-25,106.74,108.41,106.42,108.02,108.02,47355610,0.0,1.0,MMM
2022-08-24,106.62,107.14,105.72,106.72,106.72,15430538,0.0,1.0,MMM
2022-08-23,106.69,107.77,106.47,107.26,107.26,15358361,0.0,1.0,MMM
2022-08-22,108.42,108.72,106.71,107.14,107.14,10183357,0.0,1.0,MMM
2022-08-19,109.42,110.21,108.36,109.87,109.87,12713248,1.49,1.0,MMM
2022-08-18,110.4,110.43,108.89,109.86,109.86,5654302,0.0,1.0,MMM
2022-08-17,111.18,111.44,110.15,110.42,110.42,4876891,0.0,1.0,MMM
2022-08-16,112.7,113.33,111.51,112.54,112.54,4392501,0.0,1.0,MMM
2022-08-15,113.39,113.92,112.71,113.42,113.42,2338168,0.0,1.0,MMM
2022-08-12,112.63,114.07,112.35,114.03,114.03,2347064,0.0,1.0,MMM
2022-08-11,112.35,113.43,111.88,112.09,112.09,2298347,0.0,1.0,MMM
2022-08-10,112.26,112.81,111.48,111.88,111.88,2547090,0.0,1.0,MMM
2022-08-09,111.08,111.64,110.24,110.73,110.73,3033642,0.0,1.0,MMM
2022-08-08,110.87,112.46,110.54,111.21,111.21,3148509,0.0,1.0,MMM
2022-08-05,110.11,111.22,109.64,110.41,110.41,4187422,0.0,1.0,MMM
2022-08-04,107.47,111.1,107.26,110.94,110.94,5904863,0.0,1.0,MMM
2022-08-03,106.28,107.71,106.02,107.47,107.47,2735485,0.0,1.0,MMM
2022-08-02,106.8,107.53,106.08,106.17,106.17,2697932,0.0,1.0,MMM
2022-08-01,106.47,107.9,106.04,107.38,107.38,2855911,0.0,1.0,MMM
2022-07-29,105.44,107.65,104.72,107.29,107.29,3998306,0.0,1.0,MMM
2022-07-28,104.78,105.33,103.59,105.14,105.14,3094219,0.0,1.0,MMM
2022-07-27,104.57,105.02,103.04,104.0,104.0,5030293,0.0,1.0,MMM
2022-07-26,107.49,109.13,103.75,105.42,105.42,12551208,0.0,1.0,MMM
2022-07-25,100.36,101.19,100.2,100.45,100.45,2354081,0.0,1.0,MMM
2022-07-22,100.85,101.08,99.98,100.45,100.45,1760049,0.0,1.0,MMM
2022-07-21,99.65,100.35,99.14,100.33,100.33,1669052,0.0,1.0,MMM
2022-07-20,98.96,99.97,98.76,99.62,99.62,2005433,0.0,1.0,MMM
2022-07-19,97.67,99.07,97.41,98.96,98.96,2812741,0.0,1.0,MMM
2022-07-18,97.51,97.99,96.26,96.55,96.55,2540036,0.0,1.0,MMM
2022-07-15,97.27,97.62,96.06,97.47,97.47,2638640,0.0,1.0,MMM
2022-07-14,95.11,96.28,94.28,96.1,96.1,2525645,0.0,1.0,MMM
2022-07-13,95.87,96.99,95.62,96.15,96.15,2490288,0.0,1.0,MMM
2022-07-12,96.74,98.89,96.66,97.52,97.52,2638143,0.0,1.0,MMM
2022-07-11,96.42,97.75,96.28,96.63,96.63,2693366,0.0,1.0,MMM
2022-07-08,97.23,97.49,95.98,96.41,96.41,2191302,0.0,1.0,MMM
2022-07-07,97.47,97.6,95.55,97.41,97.41,3449723,0.0,1.0,MMM
2022-07-06,96.99,98.11,95.84,97.25,97.25,3031590,0.0,1.0,MMM
2022-07-05,95.11,96.95,94.07,96.78,96.78,3905522,0.0,1.0,MMM
2022-07-01,96.93,97.24,94.83,96.24,96.24,3720829,0.0,1.0,MMM
2022-06-30,96.4,97.53,95.35,96.93,96.93,3341148,0.0,1.0,MMM
2022-06-29,97.37,97.62,96.48,97.2,97.2,2821141,0.0,1.0,MMM
2022-06-28,100.26,100.79,97.48,97.62,97.62,2411676,0.0,1.0,MMM
2022-06-27,100.67,100.87,99.08,99.47,99.47,2388626,0.0,1.0,MMM
2022-06-24,98.51,100.78,98.3,100.61,100.61,3659357,0.0,1.0,MMM
2022-06-23,97.53,98.17,96.25,97.48,97.48,2241021,0.0,1.0,MMM
2022-06-22,96.45,98.56,96.01,97.67,97.67,2901347,0.0,1.0,MMM
2022-06-21,97.62,98.18,96.82,97.38,97.38,3728407,0.0,1.0,MMM
2022-06-17,97.95,98.78,96.41,97.25,97.25,7181134,0.0,1.0,MMM
2022-06-16,99.28,99.28,97.62,98.07,98.07,3728204,0.0,1.0,MMM
2022-06-15,101.68,102.37,99.66,100.61,100.61,3271129,0.0,1.0,MMM
2022-06-14,102.37,103.62,100.66,101.3,101.3,2675159,0.0,1.0,MMM
2022-06-13,102.41,103.62,101.58,102.14,102.14,4115993,0.0,1.0,MMM
2022-06-10,106.36,106.71,103.05,103.1,103.1,5884846,0.0,1.0,MMM
2022-06-09,108.99,110.24,107.96,107.99,107.99,2168307,0.0,1.0,MMM
2022-06-08,109.02,109.81,108.07,108.92,108.92,1711433,0.0,1.0,MMM
2022-06-07,108.93,110.09,107.72,110.0,110.0,1805338,0.0,1.0,MMM
2022-06-06,109.64,110.33,109.09,109.51,109.51,1575658,0.0,1.0,MMM
2022-06-03,110.1,110.45,108.84,109.33,109.33,1876404,0.0,1.0,MMM
2022-06-02,110.49,111.07,108.23,110.99,110.99,1901516,0.0,1.0,MMM
2022-06-01,111.85,111.97,109.05,109.67,109.67,2410422,0.0,1.0,MMM
2022-05-31,111.05,112.23,109.3,111.82,111.82,4144021,0.0,1.0,MMM
2022-05-27,111.01,111.99,110.75,111.98,111.98,1776677,0.0,1.0,MMM
2022-05-26,109.91,111.46,109.88,110.13,110.13,2127269,0.0,1.0,MMM
2022-05-25,108.93,109.47,107.52,109.2,109.2,1876869,0.0,1.0,MMM
2022-05-24,108.12,109.52,105.61,109.17,109.17,2639024,0.0,1.0,MMM
2022-05-23,108.29,109.33,107.86,108.14,108.14,2836070,0.0,1.0,MMM
2022-05-20,110.51,110.81,105.68,107.73,107.73,4195356,0.0,1.0,MMM
2022-05-19,109.5,111.52,107.94,110.07,110.07,2746664,1.49,1.0,MMM
2022-05-18,112.4,112.49,110.09,110.43,110.43,2958657,0.0,1.0,MMM
2022-05-17,112.7,113.07,111.61,112.96,112.96,2106776,0.0,1.0,MMM
2022-05-16,110.64,111.84,108.48,111.59,111.59,2713786,0.0,1.0,MMM
2022-05-13,111.38,111.48,109.72,110.7,110.7,2753460,0.0,1.0,MMM
2022-05-12,108.69,110.94,108.26,110.92,110.92,2819049,0.0,1.0,MMM
2022-05-11,111.21,111.32,108.38,108.56,108.56,2748214,0.0,1.0,MMM
2022-05-10,114.19,114.22,109.84,110.57,110.57,3503463,0.0,1.0,MMM
2022-05-09,110.06,114.02,109.69,112.99,112.99,4163133,0.0,1.0,MMM
2022-05-06,110.68,111.05,108.77,110.87,110.87,2470297,0.0,1.0,MMM
2022-05-05,113.57,113.93,109.91,110.82,110.82,3315935,0.0,1.0,MMM
2022-05-04,110.48,114.68,109.65,114.36,114.36,3667131,0.0,1.0,MMM
2022-05-03,108.41,110.37,108.2,109.8,109.8,2508713,0.0,1.0,MMM
2022-05-02,107.15,109.37,106.61,108.19,108.19,3717302,0.0,1.0,MMM
2022-04-29,109.22,110.15,106.68,106.94,106.94,4152261,0.0,1.0,MMM
2022-04-28,107.33,109.54,106.86,109.1,109.1,2538992,0.0,1.0,MMM
2022-04-27,107.35,108.31,106.57,106.93,106.93,3124401,0.0,1.0,MMM
2022-04-26,107.82,108.98,105.93,106.94,106.94,4800387,0.0,1.0,MMM
2022-04-25,110.26,110.5,108.17,110.18,110.18,3432186,0.0,1.0,MMM
2022-04-22,111.81,111.96,109.91,110.61,110.61,3157404,0.0,1.0,MMM
2022-04-21,112.69,113.52,112.19,112.53,112.53,2337396,0.0,1.0,MMM
2022-04-20,111.82,113.07,111.61,111.66,111.66,1930718,0.0,1.0,MMM
2022-04-19,108.89,111.66,108.89,111.3,111.3,2296031,0.0,1.0,MMM
2022-04-18,109.33,109.98,108.07,108.39,108.39,1775838,0.0,1.0,MMM
2022-04-14,110.22,110.92,109.15,109.28,109.28,2331068,0.0,1.0,MMM
2022-04-13,110.12,110.61,109.42,110.23,110.23,1992148,0.0,1.0,MMM
2022-04-12,112.21,112.36,109.8,110.17,110.17,2613072,0.0,1.0,MMM
2022-04-11,111.55,112.87,111.19,111.31,111.31,2478764,0.0,1.0,MMM
2022-04-08,111.96,112.44,110.76,111.08,111.08,2790528,0.0,1.0,MMM
2022-04-07,110.77,111.57,109.41,111.18,111.18,2198961,0.0,1.0,MMM
2022-04-06,109.24,111.51,109.03,111.44,111.44,2705516,0.0,1.0,MMM
2022-04-05,110.22,111.69,110.12,110.41,110.41,2144791,0.0,1.0,MMM
2022-04-04,110.52,111.23,108.31,110.87,110.87,2632929,0.0,1.0,MMM
2022-04-01,110.95,111.12,108.89,110.99,110.99,2196606,0.0,1.0,MMM
2022-03-31,111.55,112.15,110.33,110.39,110.39,3194048,0.0,1.0,MMM
2022-03-30,112.21,113.64,111.79,112.28,112.28,2395334,0.0,1.0,MMM
2022-03-29,111.96,113.39,111.25,112.76,112.76,2693238,0.0,1.0,MMM
2022-03-28,111.17,111.32,109.14,110.83,110.83,2680123,0.0,1.0,MMM
2022-03-25,110.68,112.1,110.41,111.56,111.56,2240622,0.0,1.0,MMM
2022-03-24,109.83,110.65,109.29,110.46,110.46,2028114,0.0,1.0,MMM
2022-03-23,110.99,111.06,109.41,109.5,109.5,2637203,0.0,1.0,MMM
2022-03-22,110.81,111.84,110.11,111.18,111.18,4250846,0.0,1.0,MMM
2022-03-21,110.25,111.03,109.29,110.17,110.17,4513562,0.0,1.0,MMM
2022-03-18,109.05,110.07,107.68,109.98,109.98,7692611,0.0,1.0,MMM
2022-03-17,107.74,109.52,106.88,109.51,109.51,2786929,0.0,1.0,MMM
2022-03-16,107.34,108.46,105.91,107.89,107.89,3814018,0.0,1.0,MMM
2022-03-15,107.42,107.87,105.73,107.0,107.0,3337321,0.0,1.0,MMM
2022-03-14,104.88,107.73,104.88,106.39,106.39,3910123,0.0,1.0,MMM
2022-03-11,106.38,107.13,104.42,104.52,104.52,4149412,0.0,1.0,MMM
2022-03-10,107.77,108.23,106.28,106.72,106.72,3794041,0.0,1.0,MMM
2022-03-09,109.63,110.67,108.62,108.7,108.7,3337263,0.0,1.0,MMM
2022-03-08,107.69,110.83,106.22,107.81,107.81,4605285,0.0,1.0,MMM
2022-03-07,108.06,108.06,105.71,106.24,106.24,4553995,0.0,1.0,MMM
2022-03-04,108.37,109.51,108.06,108.8,108.8,3235378,0.0,1.0,MMM
2022-03-03,110.12,111.21,109.38,109.96,109.96,3804163,0.0,1.0,MMM
2022-03-02,107.97,110.01,107.45,109.16,109.16,3734597,0.0,1.0,MMM
2022-03-01,110.17,110.49,106.88,107.33,107.33,3313911,0.0,1.0,MMM
2022-02-28,110.69,110.95,108.81,110.22,110.22,4215262,0.0,1.0,MMM
2022-02-25,107.08,112.52,107.03,111.6,111.6,6732652,0.0,1.0,MMM
2022-02-24,105.36,106.69,103.61,106.55,106.55,6107081,0.0,1.0,MMM
2022-02-23,108.81,109.24,106.87,107.05,107.05,3846644,0.0,1.0,MMM
2022-02-22,109.89,110.12,108.17,108.81,108.81,4504580,0.0,1.0,MMM
2022-02-18,109.89,111.01,109.17,109.46,109.46,5018786,0.0,1.0,MMM
2022-02-17,111.85,112.31,110.09,110.21,110.21,6207686,1.49,1.0,MMM
2022-02-16,115.26,115.99,113.13,114.25,114.25,4470039,0.0,1.0,MMM
2022-02-15,116.52,116.78,114.71,115.51,115.51,3336453,0.0,1.0,MMM
2022-02-14,116.98,117.16,114.05,116.0,116.0,4634377,0.0,1.0,MMM
2022-02-11,117.58,118.63,116.58,117.12,117.12,3632727,0.0,1.0,MMM
2022-02-10,118.93,119.51,116.74,117.27,117.27,3633165,0.0,1.0,MMM
2022-02-09,120.06,120.59,118.88,120.13,120.13,2143632,0.0,1.0,MMM
2022-02-08,118.51,119.74,117.69,119.23,119.23,2373928,0.0,1.0,MMM
2022-02-07,118.01,119.15,117.47,118.32,118.32,2441131,0.0,1.0,MMM
2022-02-04,120.24,120.94,117.53,117.99,117.99,4046463,0.0,1.0,MMM
2022-02-03,122.05,122.4,120.47,120.68,120.68,2608683,0.0,1.0,MMM
2022-02-02,123.18,124.25,121.72,122.35,122.35,3191335,0.0,1.0,MMM
2022-02-01,121.56,123.3,120.95,122.91,122.91,2988055,0.0,1.0,MMM
2022-01-31,119.44,122.08,118.63,121.88,121.88,5090398,0.0,1.0,MMM
2022-01-28,123.62,123.88,117.85,119.73,119.73,6221557,0.0,1.0,MMM
2022-01-27,124.14,126.36,123.65,124.92,124.92,2783567,0.0,1.0,MMM
2022-01-26,127.94,128.65,123.48,124.29,124.29,4409950,0.0,1.0,MMM
2022-01-25,127.39,128.15,123.34,127.55,127.55,5051122,0.0,1.0,MMM
2022-01-24,126.16,127.16,123.94,126.86,126.86,4713659,0.0,1.0,MMM
2022-01-21,127.3,129.22,126.68,126.74,126.74,3479056,0.0,1.0,MMM
2022-01-20,131.1,131.57,127.23,127.42,127.42,2817298,0.0,1.0,MMM
2022-01-19,132.02,132.78,130.4,131.02,131.02,1945301,0.0,1.0,MMM
2022-01-18,130.8,131.08,129.33,130.88,130.88,2400098,0.0,1.0,MMM
2022-01-14,132.77,132.77,130.43,131.22,131.22,2286143,0.0,1.0,MMM
2022-01-13,132.05,133.12,131.43,132.89,132.89,2094693,0.0,1.0,MMM
2022-01-12,131.41,132.15,131.11,131.71,131.71,1728455,0.0,1.0,MMM
2022-01-11,130.67,131.81,129.51,131.39,131.39,2259038,0.0,1.0,MMM
2022-01-10,131.74,132.02,129.78,130.24,130.24,2317980,0.0,1.0,MMM
2022-01-07,130.77,132.5,130.1,132.1,132.1,2800232,0.0,1.0,MMM
2022-01-06,132.79,133.08,130.33,130.67,130.67,2505540,0.0,1.0,MMM
2022-01-05,130.03,133.45,129.94,131.77,131.77,2952404,0.0,1.0,MMM
2022-01-04,131.02,133.07,130.69,132.31,132.31,2522194,0.0,1.0,MMM
2022-01-03,130.91,131.47,129.09,130.48,130.48,1930957,0.0,1.0,MMM
2021-12-31,130.33,130.93,129.58,130.4,130.4,1332409,0.0,1.0,MMM
2021-12-30,131.31,131.54,130.36,130.41,130.41,1067313,0.0,1.0,MMM
2021-12-29,130.29,131.33,130.11,130.97,130.97,1222124,0.0,1.0,MMM
2021-12-28,129.82,131.04,129.75,130.41,130.41,1618894,0.0,1.0,MMM
2021-12-27,128.58,129.74,128.4,129.72,129.72,1182979,0.0,1.0,MMM
2021-12-23,126.99,128.93,126.84,128.45,128.45,1955718,0.0,1.0,MMM
2021-12-22,126.94,127.17,125.94,126.74,126.74,2022000,0.0,1.0,MMM
2021-12-21,127.32,127.73,126.43,126.94,126.94,1994276,0.0,1.0,MMM
2021-12-20,127.16,127.65,125.5,126.74,126.74,1981436,0.0,1.0,MMM
2021-12-17,130.57,130.91,127.99,128.29,128.29,4012672,0.0,1.0,MMM
2021-12-16,129.73,131.36,128.33,130.9,130.9,2249979,0.0,1.0,MMM
2021-12-15,128.53,129.37,127.65,129.04,129.04,2139874,0.0,1.0,MMM
2021-12-14,128.36,129.64,127.92,128.26,128.26,2327593,0.0,1.0,MMM
2021-12-13,129.94,130.21,128.04,128.16,128.16,2530053,0.0,1.0,MMM
2021-12-10,130.63,130.63,129.28,130.01,130.01,1543643,0.0,1.0,MMM
2021-12-09,129.56,130.23,128.94,129.16,129.16,1758752,0.0,1.0,MMM
2021-12-08,129.57,129.81,128.05,129.23,129.23,1928066,0.0,1.0,MMM
2021-12-07,130.02,130.92,129.34,129.61,129.61,2323026,0.0,1.0,MMM
2021-12-06,128.12,130.88,127.74,130.09,130.09,3418717,0.0,1.0,MMM
2021-12-03,124.73,126.94,124.2,126.7,126.7,3019015,0.0,1.0,MMM
2021-12-02,125.93,126.84,124.7,124.99,124.99,3367318,0.0,1.0,MMM
2021-12-01,126.67,128.21,125.31,125.34,125.34,3255617,0.0,1.0,MMM
2021-11-30,128.25,129.1,124.76,124.83,124.83,5340338,0.0,1.0,MMM
2021-11-29,129.55,129.81,128.46,129.37,129.37,2324735,0.0,1.0,MMM
2021-11-26,128.12,129.81,127.29,128.85,128.85,1912321,0.0,1.0,MMM
2021-11-24,131.38,131.77,130.33,130.4,130.4,1488526,0.0,1.0,MMM
2021-11-23,132.59,133.11,131.15,131.74,131.74,1944392,0.0,1.0,MMM
2021-11-22,131.59,133.81,131.25,131.89,131.89,2372025,0.0,1.0,MMM
2021-11-19,131.73,132.74,130.76,131.58,131.58,2482658,0.0,1.0,MMM
2021-11-18,133.69,134.01,131.18,131.24,131.24,2534256,1.48,1.0,MMM
2021-11-17,133.51,133.87,132.24,133.49,133.49,2251139,0.0,1.0,MMM
2021-11-16,133.47,134.11,133.02,133.51,133.51,1974979,0.0,1.0,MMM
2021-11-15,134.03,134.73,133.17,133.47,133.47,1463522,0.0,1.0,MMM
2021-11-12,131.75,135.64,131.26,133.72,133.72,4395646,0.0,1.0,MMM
2021-11-11,133.25,133.27,130.7,131.21,131.21,1986950,0.0,1.0,MMM
2021-11-10,132.02,133.12,131.06,132.82,132.82,1712450,0.0,1.0,MMM
2021-11-09,132.05,132.93,131.38,132.02,132.02,1779517,0.0,1.0,MMM
2021-11-08,132.99,133.55,131.25,132.18,132.18,1856059,0.0,1.0,MMM
2021-11-05,132.6,133.84,131.75,132.37,132.37,1814463,0.0,1.0,MMM
2021-11-04,132.85,133.21,131.23,131.5,131.5,2051411,0.0,1.0,MMM
2021-11-03,132.36,132.96,131.04,132.68,132.68,1983422,0.0,1.0,MMM
2021-11-02,131.05,132.58,130.77,132.49,132.49,2208874,0.0,1.0,MMM
2021-11-01,129.99,130.87,129.24,130.75,130.75,1994450,0.0,1.0,MMM
2021-10-29,130.84,131.72,129.69,130.09,130.09,2559518,0.0,1.0,MMM
2021-10-28,129.78,131.06,129.77,130.96,130.96,1944908,0.0,1.0,MMM
2021-10-27,132.71,132.76,129.66,129.77,129.77,2627051,0.0,1.0,MMM
2021-10-26,131.83,133.84,130.45,132.63,132.63,3135751,0.0,1.0,MMM
2021-10-25,131.42,133.2,130.66,132.8,132.8,2705116,0.0,1.0,MMM
2021-10-22,132.93,133.45,131.62,131.64,131.64,2630916,0.0,1.0,MMM
2021-10-21,133.13,133.26,131.43,132.6,132.6,1661082,0.0,1.0,MMM
2021-10-20,132.94,133.37,132.54,132.82,132.82,1788540,0.0,1.0,MMM
2021-10-19,132.83,133.13,132.25,132.74,132.74,1394149,0.0,1.0,MMM
2021-10-18,131.63,132.45,130.58,132.31,132.31,1753331,0.0,1.0,MMM
2021-10-15,131.56,133.24,131.55,132.47,132.47,2160823,0.0,1.0,MMM
2021-10-14,129.6,131.35,129.56,131.29,131.29,2279245,0.0,1.0,MMM
2021-10-13,127.86,129.89,127.44,129.0,129.0,2030578,0.0,1.0,MMM
2021-10-12,128.36,128.79,127.51,127.8,127.8,2155968,0.0,1.0,MMM
2021-10-11,129.61,130.04,128.29,128.35,128.35,2691224,0.0,1.0,MMM
2021-10-08,129.29,129.67,128.71,128.84,128.84,2469608,0.0,1.0,MMM
2021-10-07,131.06,131.62,129.38,129.45,129.45,2878336,0.0,1.0,MMM
2021-10-06,128.6,130.0,127.79,129.89,129.89,2057792,0.0,1.0,MMM
2021-10-05,128.27,130.04,127.83,129.51,129.51,1888308,0.0,1.0,MMM
2021-10-04,126.8,128.94,126.53,128.17,128.17,3010273,0.0,1.0,MMM
2021-10-01,128.33,129.17,126.85,128.64,128.64,2419358,0.0,1.0,MMM
2021-09-30,132.31,132.56,127.68,127.72,127.72,3235823,0.0,1.0,MMM
2021-09-29,131.0,132.07,130.45,131.7,131.7,1675015,0.0,1.0,MMM
2021-09-28,132.38,133.13,130.89,131.09,131.09,2290556,0.0,1.0,MMM
2021-09-27,131.66,133.36,131.65,132.36,132.36,2052116,0.0,1.0,MMM
2021-09-24,132.15,132.56,131.5,131.81,131.81,2077173,0.0,1.0,MMM
2021-09-23,131.16,133.13,131.06,132.17,132.17,2186632,0.0,1.0,MMM
2021-09-22,130.55,131.75,130.28,130.94,130.94,2220767,0.0,1.0,MMM
2021-09-21,131.76,131.84,129.38,129.91,129.91,2980077,0.0,1.0,MMM
2021-09-20,130.07,132.32,129.81,131.44,131.44,4152261,0.0,1.0,MMM
2021-09-17,131.85,132.99,130.63,132.14,132.14,10719870,0.0,1.0,MMM
2021-09-16,134.08,134.4,132.38,132.99,132.99,2553628,0.0,1.0,MMM
2021-09-15,133.11,134.78,132.75,134.11,134.11,2554559,0.0,1.0,MMM
2021-09-14,135.17,135.42,132.28,132.82,132.82,3324124,0.0,1.0,MMM
2021-09-13,134.91,136.82,133.68,134.86,134.86,5046791,0.0,1.0,MMM
2021-09-10,136.05,136.32,134.33,134.37,134.37,2231496,0.0,1.0,MMM
2021-09-09,136.55,137.25,134.74,135.24,135.24,3038635,0.0,1.0,MMM
2021-09-08,135.16,137.17,134.71,136.8,136.8,3657299,0.0,1.0,MMM
2021-09-07,140.46,141.66,135.1,135.12,135.12,5884803,0.0,1.0,MMM
2021-09-03,141.58,142.42,140.98,141.53,141.53,1464566,0.0,1.0,MMM
2021-09-02,141.3,141.92,140.86,141.9,141.9,2094663,0.0,1.0,MMM
2021-09-01,141.65,141.79,140.48,140.84,140.84,1925400,0.0,1.0,MMM
2021-08-31,142.6,142.7,141.36,141.79,141.79,2813878,0.0,1.0,MMM
2021-08-30,142.11,143.64,141.81,142.83,142.83,1264114,0.0,1.0,MMM
2021-08-27,142.71,143.19,141.34,142.01,142.01,2146477,0.0,1.0,MMM
2021-08-26,141.39,142.26,141.0,142.21,142.21,1457292,0.0,1.0,MMM
2021-08-25,141.63,142.01,140.32,141.5,141.5,1612601,0.0,1.0,MMM
2021-08-24,141.85,142.78,141.5,141.79,141.79,1392474,0.0,1.0,MMM
2021-08-23,141.98,142.88,141.02,141.74,141.74,1974289,0.0,1.0,MMM
2021-08-20,141.5,142.07,140.79,141.37,141.37,2397425,1.48,1.0,MMM
2021-08-19,140.9,141.79,140.4,141.16,141.16,2312780,0.0,1.0,MMM
2021-08-18,143.48,143.66,141.85,141.99,141.99,2116228,0.0,1.0,MMM
2021-08-17,145.96,145.96,142.78,144.19,144.19,2287954,0.0,1.0,MMM
2021-08-16,145.3,146.52,144.79,146.19,146.19,1607100,0.0,1.0,MMM
2021-08-13,145.4,145.75,144.73,144.93,144.93,1908982,0.0,1.0,MMM
2021-08-12,145.59,146.23,144.78,145.55,145.55,1232128,0.0,1.0,MMM
2021-08-11,144.52,145.79,144.02,145.65,145.65,2217422,0.0,1.0,MMM
2021-08-10,143.24,144.15,142.85,143.97,143.97,1598458,0.0,1.0,MMM
2021-08-09,142.82,143.18,142.19,142.66,142.66,1193358,0.0,1.0,MMM
2021-08-06,143.2,143.97,142.75,143.16,143.16,1116232,0.0,1.0,MMM
2021-08-05,143.47,143.88,142.55,142.93,142.93,1575275,0.0,1.0,MMM
2021-08-04,144.8,145.1,142.49,142.73,142.73,2057158,0.0,1.0,MMM
2021-08-03,143.46,146.11,142.64,145.26,145.26,2208429,0.0,1.0,MMM
2021-08-02,143.84,145.02,142.66,142.72,142.72,1332499,0.0,1.0,MMM
2021-07-30,143.07,143.97,142.49,143.03,143.03,1910332,0.0,1.0,MMM
2021-07-29,144.52,144.52,143.03,143.19,143.19,2104000,0.0,1.0,MMM
2021-07-28,144.02,144.78,143.14,143.27,143.27,2139174,0.0,1.0,MMM
2021-07-27,142.5,145.28,140.84,144.86,144.86,3000044,0.0,1.0,MMM
2021-07-26,144.84,146.5,144.47,145.72,145.72,2409242,0.0,1.0,MMM
2021-07-23,144.88,145.27,143.75,144.87,144.87,1570761,0.0,1.0,MMM
2021-07-22,145.61,145.71,143.56,143.84,143.84,1700693,0.0,1.0,MMM
2021-07-21,145.33,146.6,144.49,145.07,145.07,1999082,0.0,1.0,MMM
2021-07-20,143.32,146.12,143.12,145.11,145.11,2783406,0.0,1.0,MMM
2021-07-19,142.92,143.46,140.98,142.75,142.75,3146307,0.0,1.0,MMM
2021-07-16,146.77,146.84,143.73,144.06,144.06,2474180,0.0,1.0,MMM
2021-07-15,145.55,146.52,144.9,146.39,146.39,2138698,0.0,1.0,MMM
2021-07-14,144.93,146.81,144.52,146.56,146.56,2457764,0.0,1.0,MMM
2021-07-13,144.58,145.33,143.9,144.23,144.23,1688293,0.0,1.0,MMM
2021-07-12,143.14,145.57,143.0,144.5,144.5,2163956,0.0,1.0,MMM
2021-07-09,144.3,145.89,143.97,145.24,145.24,2446141,0.0,1.0,MMM
2021-07-08,143.43,144.19,142.58,143.27,143.27,2167219,0.0,1.0,MMM
2021-07-07,141.72,144.56,141.72,144.41,144.41,1695276,0.0,1.0,MMM
2021-07-06,141.92,142.91,140.73,142.27,142.27,2546509,0.0,1.0,MMM
2021-07-02,143.6,144.73,143.03,144.44,144.44,1612960,0.0,1.0,MMM
2021-07-01,144.12,144.28,142.89,143.86,143.86,1857920,0.0,1.0,MMM
2021-06-30,141.55,143.78,141.29,143.53,143.53,2592085,0.0,1.0,MMM
2021-06-29,141.77,142.95,141.42,141.65,141.65,1858052,0.0,1.0,MMM
2021-06-28,141.45,142.29,140.46,141.99,141.99,2100532,0.0,1.0,MMM
2021-06-25,139.76,141.14,139.67,140.72,140.72,6175572,0.0,1.0,MMM
2021-06-24,139.67,139.99,138.47,139.65,139.65,2191952,0.0,1.0,MMM
2021-06-23,140.76,141.21,138.94,139.0,139.0,2976477,0.0,1.0,MMM
2021-06-22,140.72,141.66,140.25,141.0,141.0,1772643,0.0,1.0,MMM
2021-06-21,139.88,142.08,139.88,141.05,141.05,2528476,0.0,1.0,MMM
2021-06-18,139.49,139.87,138.4,138.45,138.45,5054614,0.0,1.0,MMM
2021-06-17,142.2,142.71,139.46,141.0,141.0,2584863,0.0,1.0,MMM
2021-06-16,144.93,145.23,142.21,142.28,142.28,2172663,0.0,1.0,MMM
2021-06-15,145.82,145.86,144.18,144.96,144.96,1709935,0.0,1.0,MMM
2021-06-14,146.17,147.11,144.82,145.5,145.5,1745910,0.0,1.0,MMM
2021-06-11,147.23,148.06,145.61,146.55,146.55,1696294,0.0,1.0,MMM
2021-06-10,147.51,148.11,146.52,146.78,146.78,1953085,0.0,1.0,MMM
2021-06-09,147.09,147.1,145.92,146.5,146.5,1707580,0.0,1.0,MMM
2021-06-08,145.96,147.44,145.34,147.11,147.11,1701413,0.0,1.0,MMM
2021-06-07,149.1,149.43,146.91,147.21,147.21,1531166,0.0,1.0,MMM
2021-06-04,147.49,148.94,147.24,148.89,148.89,1868562,0.0,1.0,MMM
2021-06-03,146.32,147.89,145.82,147.17,147.17,1902070,0.0,1.0,MMM
2021-06-02,147.21,147.38,146.22,146.89,146.89,1877461,0.0,1.0,MMM
2021-06-01,148.11,148.19,146.36,146.83,146.83,1567288,0.0,1.0,MMM
2021-05-28,147.32,147.69,146.54,146.71,146.71,1741191,0.0,1.0,MMM
2021-05-27,146.68,147.39,146.41,146.86,146.86,2457573,0.0,1.0,MMM
2021-05-26,145.38,145.81,144.73,145.66,145.66,1847300,0.0,1.0,MMM
2021-05-25,146.58,146.68,145.51,145.75,145.75,1519390,0.0,1.0,MMM
2021-05-24,146.54,147.06,145.9,146.4,146.4,1529434,0.0,1.0,MMM
2021-05-21,145.75,147.23,145.3,145.86,145.86,1537228,0.0,1.0,MMM
2021-05-20,145.3,146.1,144.88,145.71,145.71,1412555,1.48,1.0,MMM
2021-05-19,144.83,145.4,142.98,145.33,145.33,2220212,0.0,1.0,MMM
2021-05-18,147.04,147.18,145.47,145.64,145.64,1771914,0.0,1.0,MMM
2021-05-17,146.76,147.3,146.11,147.13,147.13,1532694,0.0,1.0,MMM
2021-05-14,146.33,147.14,145.62,146.6,146.6,1475527,0.0,1.0,MMM
2021-05-13,142.49,146.36,142.31,145.91,145.91,1684637,0.0,1.0,MMM
2021-05-12,146.04,146.12,142.58,142.65,142.65,2230600,0.0,1.0,MMM
2021-05-11,148.2,148.42,145.18,146.13,146.13,2552787,0.0,1.0,MMM
2021-05-10,147.05,149.88,146.38,148.72,148.72,3212744,0.0,1.0,MMM
2021-05-07,145.12,146.24,144.35,145.67,145.67,1843826,0.0,1.0,MMM
2021-05-06,144.38,145.26,143.79,145.19,145.19,1840761,0.0,1.0,MMM
2021-05-05,143.46,144.7,142.86,144.5,144.5,1397274,0.0,1.0,MMM
2021-05-04,142.38,143.15,141.7,143.02,143.02,1878969,0.0,1.0,MMM
2021-05-03,142.02,143.08,141.07,142.47,142.47,1779899,0.0,1.0,MMM
2021-04-30,141.78,142.74,140.69,141.41,141.41,2507080,0.0,1.0,MMM
2021-04-29,141.17,143.04,140.79,142.78,142.78,1887105,0.0,1.0,MMM
2021-04-28,139.88,141.53,139.74,140.54,140.54,2516938,0.0,1.0,MMM
2021-04-27,137.37,140.49,135.31,139.48,139.48,5224962,0.0,1.0,MMM
2021-04-26,145.6,145.61,143.16,143.2,143.2,2578886,0.0,1.0,MMM
2021-04-23,144.18,145.73,144.17,145.04,145.04,1864611,0.0,1.0,MMM
2021-04-22,143.94,145.02,143.59,144.11,144.11,2215918,0.0,1.0,MMM
2021-04-21,142.24,144.54,142.11,144.09,144.09,2649021,0.0,1.0,MMM
2021-04-20,142.7,143.0,141.63,142.24,142.24,1653197,0.0,1.0,MMM
2021-04-19,142.11,142.52,141.07,142.45,142.45,2200525,0.0,1.0,MMM
2021-04-16,142.54,143.23,142.01,142.44,142.44,2769567,0.0,1.0,MMM
2021-04-15,141.51,141.89,140.53,141.66,141.66,1461700,0.0,1.0,MMM
2021-04-14,140.27,141.59,139.89,141.13,141.13,1575034,0.0,1.0,MMM
2021-04-13,140.6,141.55,140.14,140.93,140.93,2259885,0.0,1.0,MMM
2021-04-12,142.17,142.95,141.35,141.91,141.91,1682186,0.0,1.0,MMM
2021-04-09,140.64,142.72,140.64,142.03,142.03,2159859,0.0,1.0,MMM
2021-04-08,139.46,141.07,139.18,140.39,140.39,2391893,0.0,1.0,MMM
2021-04-07,139.27,140.13,139.1,139.84,139.84,1501599,0.0,1.0,MMM
2021-04-06,139.88,140.31,139.15,139.76,139.76,1472732,0.0,1.0,MMM
2021-04-05,139.08,140.56,138.95,139.85,139.85,1963131,0.0,1.0,MMM
2021-04-01,138.62,139.1,136.89,138.23,138.23,1902344,0.0,1.0,MMM
2021-03-31,139.12,139.46,137.76,138.21,138.21,2426854,0.0,1.0,MMM
2021-03-30,139.86,141.05,139.07,139.62,139.62,1876659,0.0,1.0,MMM
2021-03-29,138.89,141.11,138.81,140.41,140.41,2601919,0.0,1.0,MMM
2021-03-26,138.45,139.84,137.88,139.79,139.79,2677843,0.0,1.0,MMM
2021-03-25,137.47,138.7,136.41,138.51,138.51,2221235,0.0,1.0,MMM
2021-03-24,135.16,138.26,134.91,136.78,136.78,2829189,0.0,1.0,MMM
2021-03-23,135.41,137.52,134.78,135.09,135.09,2768726,0.0,1.0,MMM
2021-03-22,135.04,136.12,134.15,135.91,135.91,2605333,0.0,1.0,MMM
2021-03-19,136.72,137.01,135.35,135.36,135.36,6678852,0.0,1.0,MMM
2021-03-18,135.29,137.79,135.29,137.01,137.01,3050490,0.0,1.0,MMM
2021-03-17,134.37,136.28,134.17,135.07,135.07,2585123,0.0,1.0,MMM
2021-03-16,134.86,135.19,133.41,134.03,134.03,2264001,0.0,1.0,MMM
2021-03-15,133.44,136.02,133.21,135.92,135.92,3300362,0.0,1.0,MMM
2021-03-12,133.14,133.57,132.18,132.65,132.65,2691612,0.0,1.0,MMM
2021-03-11,131.36,132.75,130.62,132.39,132.39,2377493,0.0,1.0,MMM
2021-03-10,130.82,132.98,130.13,132.35,132.35,2370679,0.0,1.0,MMM
2021-03-09,131.63,132.09,129.85,129.96,129.96,2842101,0.0,1.0,MMM
2021-03-08,129.83,133.21,129.78,131.82,131.82,2574984,0.0,1.0,MMM
2021-03-05,128.0,130.24,126.93,129.69,129.69,2262764,0.0,1.0,MMM
2021-03-04,128.61,129.25,124.86,127.42,127.42,3535732,0.0,1.0,MMM
2021-03-03,127.27,129.13,126.82,127.73,127.73,2267840,0.0,1.0,MMM
2021-03-02,126.96,127.53,125.38,127.04,127.04,2272478,0.0,1.0,MMM
2021-03-01,126.03,127.32,126.03,126.54,126.54,1840081,0.0,1.0,MMM
2021-02-26,128.71,128.72,125.25,125.57,125.57,3257517,0.0,1.0,MMM
2021-02-25,127.34,129.65,127.27,128.23,128.23,2627717,0.0,1.0,MMM
2021-02-24,126.25,127.67,124.64,127.42,127.42,2742552,0.0,1.0,MMM
2021-02-23,127.35,127.35,125.32,126.37,126.37,2352428,0.0,1.0,MMM
2021-02-22,126.58,127.03,125.54,126.33,126.33,2266157,0.0,1.0,MMM
2021-02-19,128.81,129.67,126.39,126.63,126.63,2986839,0.0,1.0,MMM
2021-02-18,127.14,128.88,126.35,128.66,128.66,2088619,0.0,1.0,MMM
2021-02-17,126.28,127.18,125.63,126.71,126.71,1577877,0.0,1.0,MMM
2021-02-16,128.4,128.89,126.48,126.7,126.7,1834033,0.0,1.0,MMM
2021-02-12,127.16,128.28,127.11,128.18,128.18,1081644,0.0,1.0,MMM
2021-02-11,128.65,129.03,126.13,127.12,127.12,2188357,1.48,1.0,MMM
2021-02-10,129.38,129.74,128.5,128.82,128.82,1918724,0.0,1.0,MMM
2021-02-09,128.92,129.4,128.18,128.72,128.72,1934314,0.0,1.0,MMM
2021-02-08,127.55,128.67,127.46,128.59,128.59,2355218,0.0,1.0,MMM
2021-02-05,126.34,127.5,125.7,127.34,127.34,1822437,0.0,1.0,MMM
2021-02-04,125.05,126.12,124.85,125.98,125.98,1833193,0.0,1.0,MMM
2021-02-03,124.76,126.23,123.46,124.83,124.83,2874467,0.0,1.0,MMM
2021-02-02,125.38,126.29,124.38,124.5,124.5,2842984,0.0,1.0,MMM
2021-02-01,125.18,125.99,123.76,124.28,124.28,2569687,0.0,1.0,MMM
2021-01-29,129.68,130.17,124.4,124.96,124.96,4217186,0.0,1.0,MMM
2021-01-28,131.6,132.73,129.88,130.48,130.48,4153707,0.0,1.0,MMM
2021-01-27,126.13,133.22,126.03,132.78,132.78,8096996,0.0,1.0,MMM
2021-01-26,123.62,125.8,122.41,125.17,125.17,5148862,0.0,1.0,MMM
2021-01-25,120.14,122.7,119.67,121.21,121.21,3353099,0.0,1.0,MMM
2021-01-22,121.08,121.08,118.97,120.25,120.25,2349343,0.0,1.0,MMM
2021-01-21,121.09,121.99,120.5,121.41,121.41,2688484,0.0,1.0,MMM
2021-01-20,120.25,121.35,119.82,121.09,121.09,2672491,0.0,1.0,MMM
2021-01-19,118.98,120.61,118.66,120.31,120.31,3903171,0.0,1.0,MMM
2021-01-15,117.82,118.27,116.22,117.77,117.77,3550695,0.0,1.0,MMM
2021-01-14,118.99,119.06,117.54,118.38,118.38,2895434,0.0,1.0,MMM
2021-01-13,118.99,119.33,118.12,118.29,118.29,2098001,0.0,1.0,MMM
2021-01-12,118.02,118.92,116.72,118.45,118.45,2946318,0.0,1.0,MMM
2021-01-11,118.16,118.9,117.38,117.52,117.52,2737062,0.0,1.0,MMM
2021-01-08,120.34,120.61,117.1,118.53,118.53,4808130,0.0,1.0,MMM
2021-01-07,122.04,123.39,118.2,120.73,120.73,5863373,0.0,1.0,MMM
2021-01-06,122.87,124.9,122.38,123.91,123.91,3346410,0.0,1.0,MMM
2021-01-05,122.36,123.25,121.4,122.06,122.06,2295297,0.0,1.0,MMM
2021-01-04,124.49,125.34,121.33,122.26,122.26,2996278,0.0,1.0,MMM
2020-12-31,123.86,124.4,123.2,124.34,124.34,1841338,0.0,1.0,MMM
2020-12-30,123.69,124.43,123.34,123.86,123.86,1419086,0.0,1.0,MMM
2020-12-29,124.88,124.95,123.17,123.67,123.67,1219160,0.0,1.0,MMM
2020-12-28,124.71,125.49,124.06,124.28,124.28,1368489,0.0,1.0,MMM
2020-12-24,124.08,124.34,123.37,124.15,124.15,656184,0.0,1.0,MMM
2020-12-23,124.7,125.07,123.75,123.77,123.77,1762603,0.0,1.0,MMM
2020-12-22,124.53,125.15,123.91,124.33,124.33,1381319,0.0,1.0,MMM
2020-12-21,123.5,125.29,123.09,124.96,124.96,1704598,0.0,1.0,MMM
2020-12-18,125.74,126.24,124.57,125.5,125.5,4682043,0.0,1.0,MMM
2020-12-17,125.2,126.24,124.77,125.66,125.66,2327857,0.0,1.0,MMM
2020-12-16,124.21,125.1,124.03,124.78,124.78,1949884,0.0,1.0,MMM
2020-12-15,124.06,124.53,122.75,124.26,124.26,2270590,0.0,1.0,MMM
2020-12-14,124.97,125.34,123.06,123.12,123.12,3700396,0.0,1.0,MMM
2020-12-11,122.57,124.24,122.48,123.79,123.79,1875764,0.0,1.0,MMM
2020-12-10,124.4,124.77,122.85,123.42,123.42,2228955,0.0,1.0,MMM
2020-12-09,122.83,124.95,122.3,124.7,124.7,2790944,0.0,1.0,MMM
2020-12-08,120.75,122.95,120.72,122.68,122.68,1731078,0.0,1.0,MMM
2020-12-07,122.16,122.71,120.35,121.04,121.04,2526799,0.0,1.0,MMM
2020-12-04,122.45,123.18,122.03,122.68,122.68,2663697,0.0,1.0,MMM
2020-12-03,121.67,123.35,121.67,122.24,122.24,2377756,0.0,1.0,MMM
2020-12-02,121.12,122.77,121.09,122.25,122.25,2421915,0.0,1.0,MMM
2020-12-01,123.94,124.98,120.94,121.3,121.3,3851211,0.0,1.0,MMM
2020-11-30,125.04,125.2,122.85,122.88,122.88,6141333,0.0,1.0,MMM
2020-11-27,126.5,127.78,124.9,125.83,125.83,1267131,0.0,1.0,MMM
2020-11-25,125.8,126.15,124.81,126.0,126.0,2052393,0.0,1.0,MMM
2020-11-24,124.49,126.07,124.42,125.97,125.97,2936366,0.0,1.0,MMM
2020-11-23,123.61,124.39,123.39,123.88,123.88,2065084,0.0,1.0,MMM
2020-11-20,122.0,123.03,121.62,122.99,122.99,2657064,0.0,1.0,MMM
2020-11-19,121.34,122.27,120.44,122.08,122.08,2986012,1.47,1.0,MMM
2020-11-18,123.08,123.22,120.84,120.89,120.89,2615812,0.0,1.0,MMM
2020-11-17,122.05,123.08,120.51,122.47,122.47,2589981,0.0,1.0,MMM
2020-11-16,121.75,122.65,120.03,122.63,122.63,2434259,0.0,1.0,MMM
2020-11-13,118.44,120.09,117.99,119.76,119.76,1813755,0.0,1.0,MMM
2020-11-12,118.6,119.34,116.79,117.83,117.83,2217850,0.0,1.0,MMM
2020-11-11,120.42,120.43,118.21,119.35,119.35,2884393,0.0,1.0,MMM
2020-11-10,116.51,119.39,115.58,119.3,119.3,3500448,0.0,1.0,MMM
2020-11-09,122.82,123.74,115.07,115.27,115.27,4418106,0.0,1.0,MMM
2020-11-06,115.43,115.89,113.96,114.98,114.98,1685324,0.0,1.0,MMM
2020-11-05,114.38,115.96,114.28,115.11,115.11,2178474,0.0,1.0,MMM
2020-11-04,114.79,116.59,112.78,112.97,112.97,3140859,0.0,1.0,MMM
2020-11-03,116.28,117.67,115.49,116.74,116.74,1896938,0.0,1.0,MMM
2020-11-02,114.4,115.27,113.51,114.93,114.93,2116638,0.0,1.0,MMM
2020-10-30,111.68,112.82,110.73,112.82,112.82,2234526,0.0,1.0,MMM
2020-10-29,111.52,112.98,110.12,111.78,111.78,2680871,0.0,1.0,MMM
2020-10-28,112.72,114.86,111.53,111.82,111.82,3065174,0.0,1.0,MMM
2020-10-27,116.03,116.37,113.31,113.58,113.58,3894419,0.0,1.0,MMM
2020-10-26,118.27,118.56,115.95,117.2,117.2,3338767,0.0,1.0,MMM
2020-10-23,121.26,121.44,119.22,119.77,119.77,2137484,0.0,1.0,MMM
2020-10-22,119.65,120.6,118.77,120.41,120.41,1663268,0.0,1.0,MMM
2020-10-21,120.15,121.39,119.25,119.32,119.32,1511112,0.0,1.0,MMM
2020-10-20,120.26,122.16,119.9,120.58,120.58,1813211,0.0,1.0,MMM
2020-10-19,120.63,121.56,119.11,119.59,119.59,1910123,0.0,1.0,MMM
2020-10-16,119.86,121.37,119.35,120.59,120.59,2478787,0.0,1.0,MMM
2020-10-15,117.12,119.68,116.94,119.26,119.26,1638271,0.0,1.0,MMM
2020-10-14,117.8,119.58,117.64,118.78,118.78,1435365,0.0,1.0,MMM
2020-10-13,118.71,119.52,117.09,117.53,117.53,1575448,0.0,1.0,MMM
2020-10-12,119.53,120.34,118.58,118.95,118.95,1533855,0.0,1.0,MMM
2020-10-09,119.12,120.24,118.46,119.41,119.41,2015611,0.0,1.0,MMM
2020-10-08,118.0,118.6,117.17,118.29,118.29,1902821,0.0,1.0,MMM
2020-10-07,116.45,118.32,115.96,117.43,117.43,2155563,0.0,1.0,MMM
2020-10-06,115.28,116.87,114.14,114.43,114.43,2022103,0.0,1.0,MMM
2020-10-05,114.44,115.32,114.09,114.79,114.79,1457201,0.0,1.0,MMM
2020-10-02,110.36,114.22,110.21,113.11,113.11,1769035,0.0,1.0,MMM
2020-10-01,113.33,114.19,111.24,112.0,112.0,1989312,0.0,1.0,MMM
2020-09-30,113.51,115.04,111.87,112.98,112.98,3056908,0.0,1.0,MMM
2020-09-29,114.03,114.23,111.99,112.72,112.72,2026047,0.0,1.0,MMM
2020-09-28,114.26,115.77,113.79,114.02,114.02,2098520,0.0,1.0,MMM
2020-09-25,112.37,113.54,112.05,113.04,113.04,1949057,0.0,1.0,MMM
2020-09-24,112.43,114.23,111.49,113.15,113.15,1569695,0.0,1.0,MMM
2020-09-23,114.63,115.84,112.23,112.51,112.51,2248196,0.0,1.0,MMM
2020-09-22,113.6,115.44,113.15,114.5,114.5,2103752,0.0,1.0,MMM
2020-09-21,117.07,117.56,112.6,113.81,113.81,3911678,0.0,1.0,MMM
2020-09-18,121.36,121.87,119.53,119.59,119.59,4084722,0.0,1.0,MMM
2020-09-17,118.5,122.16,117.92,121.59,121.59,2756078,0.0,1.0,MMM
2020-09-16,118.4,120.68,118.15,119.56,119.56,2932828,0.0,1.0,MMM
2020-09-15,119.81,119.86,117.21,117.49,117.49,2056474,0.0,1.0,MMM
2020-09-14,118.26,119.5,117.38,118.82,118.82,2264354,0.0,1.0,MMM
2020-09-11,115.28,117.58,115.01,117.2,117.2,1698664,0.0,1.0,MMM
2020-09-10,117.25,117.56,114.79,115.07,115.07,2054331,0.0,1.0,MMM
2020-09-09,115.67,118.03,115.67,116.87,116.87,2721750,0.0,1.0,MMM
2020-09-08,116.79,116.82,114.18,115.09,115.09,2863890,0.0,1.0,MMM
2020-09-04,118.62,119.28,115.6,116.92,116.92,3266995,0.0,1.0,MMM
2020-09-03,119.91,120.2,116.37,117.3,117.3,3481289,0.0,1.0,MMM
2020-09-02,116.49,119.91,116.48,119.56,119.56,3943678,0.0,1.0,MMM
2020-09-01,114.38,116.77,114.01,116.24,116.24,2901444,0.0,1.0,MMM
2020-08-31,116.49,116.91,114.33,114.98,114.98,2881511,0.0,1.0,MMM
2020-08-28,116.13,117.2,115.62,116.85,116.85,3046525,0.0,1.0,MMM
2020-08-27,116.03,116.63,115.1,115.73,115.73,2325937,0.0,1.0,MMM
2020-08-26,114.88,116.22,114.05,115.6,115.6,2503413,0.0,1.0,MMM
2020-08-25,116.28,116.56,114.56,115.04,115.04,1938629,0.0,1.0,MMM
2020-08-24,113.95,115.64,113.66,115.34,115.34,2604618,0.0,1.0,MMM
2020-08-21,113.51,114.75,113.38,114.06,114.06,2005583,1.47,1.0,MMM
2020-08-20,113.95,114.4,113.5,113.91,113.91,1990620,0.0,1.0,MMM
2020-08-19,115.29,115.81,114.48,114.61,114.61,2012818,0.0,1.0,MMM
2020-08-18,114.93,115.64,114.46,114.9,114.9,1519440,0.0,1.0,MMM
2020-08-17,115.45,116.29,114.39,115.13,115.13,2065541,0.0,1.0,MMM
2020-08-14,115.06,116.24,115.0,116.1,116.1,1607354,0.0,1.0,MMM
2020-08-13,115.69,117.07,115.16,115.93,115.93,2884061,0.0,1.0,MMM
2020-08-12,115.33,116.0,114.18,114.81,114.81,2079670,0.0,1.0,MMM
2020-08-11,114.72,116.48,113.96,114.2,114.2,3764883,0.0,1.0,MMM
2020-08-10,110.82,112.95,110.82,112.84,112.84,2272795,0.0,1.0,MMM
2020-08-07,109.03,110.73,108.39,110.67,110.67,2184531,0.0,1.0,MMM
2020-08-06,108.99,109.38,108.12,109.04,109.04,2885798,0.0,1.0,MMM
2020-08-05,106.36,108.62,106.31,108.59,108.59,2723360,0.0,1.0,MMM
2020-08-04,104.78,105.71,104.61,105.69,105.69,1848626,0.0,1.0,MMM
2020-08-03,105.61,105.84,104.36,105.13,105.13,2265040,0.0,1.0,MMM
2020-07-31,106.02,106.07,104.01,105.18,105.18,3266644,0.0,1.0,MMM
2020-07-30,107.86,108.15,105.8,106.33,106.33,3112986,0.0,1.0,MMM
2020-07-29,109.39,110.11,108.29,109.22,109.22,3322894,0.0,1.0,MMM
2020-07-28,108.67,110.08,107.5,108.57,108.57,7738796,0.0,1.0,MMM
2020-07-27,111.51,114.2,111.37,114.1,114.1,3198457,0.0,1.0,MMM
2020-07-24,111.87,112.95,110.95,111.72,111.72,2524854,0.0,1.0,MMM
2020-07-23,111.14,111.59,110.69,111.34,111.34,2695122,0.0,1.0,MMM
2020-07-22,110.04,111.79,109.75,110.93,110.93,1899582,0.0,1.0,MMM
2020-07-21,109.74,111.58,109.73,110.3,110.3,2756857,0.0,1.0,MMM
2020-07-20,111.03,111.05,109.3,109.3,109.3,1789576,0.0,1.0,MMM
2020-07-17,112.44,112.93,111.49,111.72,111.72,2551721,0.0,1.0,MMM
2020-07-16,111.31,112.47,110.47,112.19,112.19,1800588,0.0,1.0,MMM
2020-07-15,111.82,112.8,111.31,111.37,111.37,3468087,0.0,1.0,MMM
2020-07-14,108.2,111.3,107.59,110.82,110.82,3197226,0.0,1.0,MMM
2020-07-13,107.89,109.69,107.75,108.2,108.2,2216195,0.0,1.0,MMM
2020-07-10,106.03,107.12,105.54,106.84,106.84,1954514,0.0,1.0,MMM
2020-07-09,107.59,108.15,105.57,105.86,105.86,2189306,0.0,1.0,MMM
2020-07-08,108.39,108.76,107.55,108.05,108.05,1661907,0.0,1.0,MMM
2020-07-07,109.1,109.81,108.12,108.22,108.22,1571149,0.0,1.0,MMM
2020-07-06,111.05,111.81,109.77,110.51,110.51,2098207,0.0,1.0,MMM
2020-07-02,110.17,111.05,109.36,109.77,109.77,1982806,0.0,1.0,MMM
2020-07-01,109.28,110.3,108.56,108.64,108.64,1627184,0.0,1.0,MMM
2020-06-30,108.28,109.54,107.68,109.03,109.03,2941638,0.0,1.0,MMM
2020-06-29,107.57,109.4,107.28,108.74,108.74,2145146,0.0,1.0,MMM
2020-06-26,108.06,108.19,105.92,106.61,106.61,2826235,0.0,1.0,MMM
2020-06-25,106.28,108.38,104.92,108.11,108.11,2059554,0.0,1.0,MMM
2020-06-24,109.24,109.55,106.04,106.4,106.4,3041273,0.0,1.0,MMM
2020-06-23,110.41,110.91,109.21,110.33,110.33,2301604,0.0,1.0,MMM
2020-06-22,109.74,110.03,108.68,109.52,109.52,2016706,0.0,1.0,MMM
2020-06-19,112.78,113.3,109.37,110.54,110.54,6405017,0.0,1.0,MMM
2020-06-18,110.49,111.72,110.15,111.28,111.28,1806118,0.0,1.0,MMM
2020-06-17,111.98,112.44,111.12,111.29,111.29,1714598,0.0,1.0,MMM
2020-06-16,113.83,114.2,109.66,111.61,111.61,3386592,0.0,1.0,MMM
2020-06-15,105.46,111.57,105.19,110.25,110.25,4093614,0.0,1.0,MMM
2020-06-12,109.24,110.03,106.06,108.25,108.25,2998750,0.0,1.0,MMM
2020-06-11,111.88,112.01,106.46,106.51,106.51,5015508,0.0,1.0,MMM
2020-06-10,116.66,116.97,114.5,114.56,114.56,2545723,0.0,1.0,MMM
2020-06-09,115.67,117.4,114.69,116.52,116.52,3161571,0.0,1.0,MMM
2020-06-08,116.8,118.5,115.52,116.64,116.64,2986030,0.0,1.0,MMM
2020-06-05,115.33,117.67,115.33,117.02,117.02,4527152,0.0,1.0,MMM
2020-06-04,111.67,113.64,111.26,113.62,113.62,2880571,0.0,1.0,MMM
2020-06-03,111.38,113.0,110.8,112.68,112.68,3671514,0.0,1.0,MMM
2020-06-02,109.56,110.86,109.48,110.19,110.19,2333281,0.0,1.0,MMM
2020-06-01,109.01,110.12,108.26,108.75,108.75,2083371,0.0,1.0,MMM
2020-05-29,108.69,109.65,106.98,109.35,109.35,8632231,0.0,1.0,MMM
2020-05-28,110.93,111.75,107.73,109.61,109.61,6730358,0.0,1.0,MMM
2020-05-27,107.64,110.55,107.18,110.54,110.54,6054958,0.0,1.0,MMM
2020-05-26,105.15,106.93,104.29,106.3,106.3,4615487,0.0,1.0,MMM
2020-05-22,101.87,102.5,101.07,102.36,102.36,2661447,0.0,1.0,MMM
2020-05-21,103.27,103.9,101.59,101.92,101.92,2818488,1.47,1.0,MMM
2020-05-20,103.71,104.79,102.99,103.58,103.58,3427171,0.0,1.0,MMM
2020-05-19,102.76,104.94,101.98,102.68,102.68,4059240,0.0,1.0,MMM
2020-05-18,99.07,103.61,98.62,103.3,103.3,6016818,0.0,1.0,MMM
2020-05-15,93.09,96.1,92.87,95.97,95.97,10111431,0.0,1.0,MMM
2020-05-14,93.42,94.22,90.74,94.11,94.11,5894565,0.0,1.0,MMM
2020-05-13,97.37,97.39,93.42,94.2,94.2,4800469,0.0,1.0,MMM
2020-05-12,101.41,101.88,97.88,97.93,97.93,3026748,0.0,1.0,MMM
2020-05-11,102.29,102.39,100.75,100.85,100.85,3033791,0.0,1.0,MMM
2020-05-08,101.78,103.23,101.3,102.77,102.77,2169654,0.0,1.0,MMM
2020-05-07,102.21,102.31,100.27,100.85,100.85,2800758,0.0,1.0,MMM
2020-05-06,102.27,102.53,101.03,101.17,101.17,2167038,0.0,1.0,MMM
2020-05-05,103.72,103.8,101.79,102.02,102.02,2268212,0.0,1.0,MMM
2020-05-04,102.79,102.8,101.07,102.69,102.69,2228901,0.0,1.0,MMM
2020-05-01,103.32,103.83,102.23,102.83,102.83,2926421,0.0,1.0,MMM
2020-04-30,106.78,107.22,105.01,105.13,105.13,3664517,0.0,1.0,MMM
2020-04-29,109.71,110.87,107.38,108.13,108.13,3974981,0.0,1.0,MMM
2020-04-28,110.74,112.85,107.4,109.07,109.07,8288792,0.0,1.0,MMM
2020-04-27,102.42,106.91,102.34,106.33,106.33,4638117,0.0,1.0,MMM
2020-04-24,100.46,101.96,99.86,101.72,101.72,2246574,0.0,1.0,MMM
2020-04-23,100.05,102.13,99.57,99.88,99.88,2584747,0.0,1.0,MMM
2020-04-22,99.21,99.98,98.06,99.38,99.38,2749482,0.0,1.0,MMM
2020-04-21,98.44,98.8,97.23,98.01,98.01,2331047,0.0,1.0,MMM
2020-04-20,100.17,101.74,99.41,99.42,99.42,2891554,0.0,1.0,MMM
2020-04-17,102.03,102.76,100.2,101.35,101.35,5392576,0.0,1.0,MMM
2020-04-16,100.53,101.34,99.12,100.27,100.27,4163647,0.0,1.0,MMM
2020-04-15,102.55,102.8,100.27,100.45,100.45,3042061,0.0,1.0,MMM
2020-04-14,103.54,104.48,102.45,103.9,103.9,3317629,0.0,1.0,MMM
2020-04-13,102.07,102.82,100.55,101.31,101.31,2641026,0.0,1.0,MMM
2020-04-09,102.73,103.61,101.41,102.26,102.26,4783649,0.0,1.0,MMM
2020-04-08,100.85,103.61,99.59,103.1,103.1,3068630,0.0,1.0,MMM
2020-04-07,102.07,104.24,99.92,100.06,100.06,5495584,0.0,1.0,MMM
2020-04-06,95.4,97.75,94.73,97.36,97.36,5625066,0.0,1.0,MMM
2020-04-03,94.12,95.11,91.97,92.58,92.58,3586246,0.0,1.0,MMM
2020-04-02,91.59,95.64,91.41,95.43,95.43,3778030,0.0,1.0,MMM
2020-04-01,91.34,94.0,90.66,92.13,92.13,3777420,0.0,1.0,MMM
2020-03-31,93.9,96.49,93.89,94.47,94.47,3612906,0.0,1.0,MMM
2020-03-30,91.52,95.5,90.69,95.32,95.32,3867907,0.0,1.0,MMM
2020-03-27,91.92,94.85,90.59,92.2,92.2,4261275,0.0,1.0,MMM
2020-03-26,91.2,94.38,90.38,94.24,94.24,6716591,0.0,1.0,MMM
2020-03-25,92.14,93.21,87.75,91.03,91.03,7740084,0.0,1.0,MMM
2020-03-24,84.62,92.35,83.73,91.84,91.84,9304832,0.0,1.0,MMM
2020-03-23,88.69,88.85,78.92,81.57,81.57,7920348,0.0,1.0,MMM
2020-03-20,95.54,96.35,84.92,86.42,86.42,9582251,0.0,1.0,MMM
2020-03-19,95.3,97.0,91.99,95.16,95.16,6365580,0.0,1.0,MMM
2020-03-18,88.89,96.44,88.85,94.82,94.82,6853640,0.0,1.0,MMM
2020-03-17,91.3,94.65,89.69,93.03,93.03,6533835,0.0,1.0,MMM
2020-03-16,89.86,93.77,88.58,90.59,90.59,7436961,0.0,1.0,MMM
2020-03-13,97.58,98.05,90.65,98.04,98.04,6578229,0.0,1.0,MMM
2020-03-12,96.85,98.06,90.2,92.44,92.44,8212153,0.0,1.0,MMM
2020-03-11,103.61,103.61,101.36,101.89,101.89,4747849,0.0,1.0,MMM
2020-03-10,103.12,106.14,100.26,106.08,106.08,5649744,0.0,1.0,MMM
2020-03-09,101.44,103.43,99.34,99.69,99.69,8186788,0.0,1.0,MMM
2020-03-06,103.52,107.08,102.33,106.33,106.33,7153416,0.0,1.0,MMM
2020-03-05,104.35,106.81,103.49,104.78,104.78,5884892,0.0,1.0,MMM
2020-03-04,101.74,106.57,101.03,106.55,106.55,5771500,0.0,1.0,MMM
2020-03-03,105.49,106.57,99.95,100.51,100.51,8292460,0.0,1.0,MMM
2020-03-02,104.73,106.17,102.67,105.89,105.89,8021045,0.0,1.0,MMM
2020-02-28,106.63,108.45,101.03,103.27,103.27,11498521,0.0,1.0,MMM
2020-02-27,104.65,107.56,103.11,103.91,103.91,8217960,0.0,1.0,MMM
2020-02-26,103.5,105.06,102.48,103.08,103.08,5151670,0.0,1.0,MMM
2020-02-25,106.09,106.18,101.01,101.62,101.62,5262375,0.0,1.0,MMM
2020-02-24,106.88,107.06,105.34,105.56,105.56,3635549,0.0,1.0,MMM
2020-02-21,109.56,109.74,108.04,108.6,108.6,3535306,0.0,1.0,MMM
2020-02-20,110.03,111.68,109.68,109.72,109.72,3274479,0.0,1.0,MMM
2020-02-19,110.08,111.05,109.59,110.26,110.26,2296434,0.0,1.0,MMM
2020-02-18,110.97,111.09,109.36,109.95,109.95,2478890,0.0,1.0,MMM
2020-02-14,110.62,111.51,109.9,111.42,111.42,2233484,0.0,1.0,MMM
2020-02-13,111.94,112.01,110.03,110.55,110.55,3413884,1.47,1.0,MMM
2020-02-12,112.62,113.17,112.16,112.32,112.32,2733117,0.0,1.0,MMM
2020-02-11,110.4,111.44,109.72,111.39,111.39,2275124,0.0,1.0,MMM
2020-02-10,109.85,110.57,108.94,109.81,109.81,2754134,0.0,1.0,MMM
2020-02-07,110.68,111.03,109.46,109.77,109.77,2734378,0.0,1.0,MMM
2020-02-06,112.79,113.14,111.4,111.69,111.69,3412236,0.0,1.0,MMM
2020-02-05,109.11,111.31,108.82,111.31,111.31,3117684,0.0,1.0,MMM
2020-02-04,109.55,109.68,107.65,107.82,107.82,4362837,0.0,1.0,MMM
2020-02-03,109.73,109.92,107.23,107.37,107.37,3925137,0.0,1.0,MMM
2020-01-31,111.08,111.53,108.5,108.79,108.79,5738828,0.0,1.0,MMM
2020-01-30,110.4,111.52,108.86,111.43,111.43,4355602,0.0,1.0,MMM
2020-01-29,114.06,114.15,110.76,111.08,111.08,5343740,0.0,1.0,MMM
2020-01-28,117.87,118.17,113.17,113.54,113.54,8917058,0.0,1.0,MMM
2020-01-27,123.33,123.83,120.37,120.43,120.43,4358825,0.0,1.0,MMM
2020-01-24,122.39,123.29,121.73,122.16,122.16,2641276,0.0,1.0,MMM
2020-01-23,121.42,122.35,120.95,121.87,121.87,2357331,0.0,1.0,MMM
2020-01-22,123.09,123.82,121.97,122.07,122.07,2419673,0.0,1.0,MMM
2020-01-21,124.69,124.73,122.49,123.01,123.01,3367730,0.0,1.0,MMM
2020-01-17,124.11,124.9,123.9,124.35,124.35,3690068,0.0,1.0,MMM
2020-01-16,123.89,124.25,123.21,124.12,124.12,2149441,0.0,1.0,MMM
2020-01-15,124.4,124.7,122.86,123.27,123.27,2482218,0.0,1.0,MMM
2020-01-14,124.06,125.17,123.57,124.36,124.36,2911234,0.0,1.0,MMM
2020-01-13,124.07,124.95,123.67,124.06,124.06,2090455,0.0,1.0,MMM
2020-01-10,124.53,124.92,123.52,123.75,123.75,2103818,0.0,1.0,MMM
2020-01-09,124.46,124.51,123.26,124.25,124.25,2746309,0.0,1.0,MMM
2020-01-08,122.05,124.45,121.81,123.86,123.86,2758311,0.0,1.0,MMM
2020-01-07,122.25,122.4,121.24,121.98,121.98,2172979,0.0,1.0,MMM
2020-01-06,121.47,122.54,120.92,122.48,122.48,1996293,0.0,1.0,MMM
2020-01-03,121.38,122.51,120.43,122.36,122.36,2466777,0.0,1.0,MMM
2020-01-02,121.83,123.43,121.46,123.42,123.42,3601725,0.0,1.0,MMM
2019-12-31,120.15,121.09,120.04,120.97,120.97,1573520,0.0,1.0,MMM
2019-12-30,121.55,122.71,120.4,120.57,120.57,1715019,0.0,1.0,MMM
2019-12-27,121.13,121.74,120.42,121.55,121.55,1472800,0.0,1.0,MMM
2019-12-26,120.99,121.13,120.34,121.09,121.09,1435217,0.0,1.0,MMM
2019-12-24,122.24,122.51,120.71,121.15,121.15,1259530,0.0,1.0,MMM
2019-12-23,121.17,122.86,121.07,122.38,122.38,4876175,0.0,1.0,MMM
2019-12-20,119.85,120.32,118.08,120.25,120.25,7506148,0.0,1.0,MMM
2019-12-19,116.31,118.34,115.98,118.04,118.04,2757585,0.0,1.0,MMM
2019-12-18,116.42,116.57,115.33,115.9,115.9,2270154,0.0,1.0,MMM
2019-12-17,116.81,117.8,116.03,116.52,116.52,2672643,0.0,1.0,MMM
2019-12-16,115.84,117.14,115.33,117.08,117.08,2917225,0.0,1.0,MMM
2019-12-13,116.31,117.34,115.25,115.74,115.74,2098041,0.0,1.0,MMM
2019-12-12,114.33,117.15,114.05,115.58,115.58,2872410,0.0,1.0,MMM
2019-12-11,115.46,115.77,114.74,115.7,115.7,1833347,0.0,1.0,MMM
2019-12-10,115.97,116.15,114.49,114.96,114.96,2670462,0.0,1.0,MMM
2019-12-09,116.16,117.43,115.74,116.45,116.45,2058246,0.0,1.0,MMM
2019-12-06,114.68,117.93,114.68,117.58,117.58,3879957,0.0,1.0,MMM
2019-12-05,114.66,115.11,111.58,112.71,112.71,3309334,0.0,1.0,MMM
2019-12-04,114.11,115.79,113.82,114.61,114.61,2139199,0.0,1.0,MMM
2019-12-03,114.17,114.24,112.73,113.26,113.26,2726832,0.0,1.0,MMM
2019-12-02,116.68,117.73,115.36,115.38,115.38,2342221,0.0,1.0,MMM
2019-11-29,116.86,116.97,116.06,116.41,116.41,942523,0.0,1.0,MMM
2019-11-27,116.57,117.51,116.23,116.99,116.99,1331498,0.0,1.0,MMM
2019-11-26,116.43,116.74,115.68,116.04,116.04,2616977,0.0,1.0,MMM
2019-11-25,115.52,116.81,115.11,116.73,116.73,2761851,0.0,1.0,MMM
2019-11-22,113.48,115.02,113.14,114.92,114.92,3268311,0.0,1.0,MMM
2019-11-21,114.43,114.51,112.8,113.24,113.24,3605204,1.44,1.0,MMM
2019-11-20,115.42,115.56,113.62,114.04,114.04,2689463,0.0,1.0,MMM
2019-11-19,116.73,116.73,115.24,116.02,116.02,1791714,0.0,1.0,MMM
2019-11-18,116.1,116.38,115.0,115.93,115.93,2364618,0.0,1.0,MMM
2019-11-15,116.69,117.39,116.27,116.84,116.84,2616874,0.0,1.0,MMM
2019-11-14,115.55,117.14,115.51,116.19,116.19,1613887,0.0,1.0,MMM
2019-11-13,115.63,116.5,115.27,115.93,115.93,1830831,0.0,1.0,MMM
2019-11-12,115.8,116.97,115.58,116.13,116.13,1740440,0.0,1.0,MMM
2019-11-11,117.26,117.26,115.32,115.63,115.63,2664267,0.0,1.0,MMM
2019-11-08,118.67,118.87,116.99,117.7,117.7,1615587,0.0,1.0,MMM
2019-11-07,119.46,120.12,118.14,118.63,118.63,3358722,0.0,1.0,MMM
2019-11-06,118.9,118.96,117.16,118.28,118.28,3011738,0.0,1.0,MMM
2019-11-05,118.96,119.27,118.12,119.14,119.14,2303316,0.0,1.0,MMM
2019-11-04,116.66,118.96,116.66,118.89,118.89,4139968,0.0,1.0,MMM
2019-11-01,113.48,115.66,113.33,115.62,115.62,2467437,0.0,1.0,MMM
2019-10-31,114.55,114.58,111.18,112.15,112.15,2653127,0.0,1.0,MMM
2019-10-30,114.36,114.59,113.54,114.45,114.45,1780050,0.0,1.0,MMM
2019-10-29,114.22,115.53,113.87,114.75,114.75,2669180,0.0,1.0,MMM
2019-10-28,113.17,115.36,112.98,114.92,114.92,3137474,0.0,1.0,MMM
2019-10-25,110.47,113.95,110.21,112.9,112.9,3104747,0.0,1.0,MMM
2019-10-24,112.27,112.33,108.51,110.05,110.05,5959394,0.0,1.0,MMM
2019-10-23,113.8,114.72,113.22,114.72,114.72,2716963,0.0,1.0,MMM
2019-10-22,113.02,114.82,112.23,113.89,113.89,2083630,0.0,1.0,MMM
2019-10-21,112.48,112.94,112.0,112.8,112.8,2011589,0.0,1.0,MMM
2019-10-18,111.18,111.66,110.79,110.87,110.87,2693736,0.0,1.0,MMM
2019-10-17,110.9,112.49,110.86,111.17,111.17,1984704,0.0,1.0,MMM
2019-10-16,110.87,111.62,110.2,110.24,110.24,1951935,0.0,1.0,MMM
2019-10-15,108.32,111.49,108.32,110.79,110.79,3103740,0.0,1.0,MMM
2019-10-14,107.43,110.39,106.95,109.11,109.11,3283058,0.0,1.0,MMM
2019-10-11,104.77,108.49,104.76,107.47,107.47,4685917,0.0,1.0,MMM
2019-10-10,102.61,104.07,102.56,103.53,103.53,3201641,0.0,1.0,MMM
2019-10-09,103.56,103.62,102.5,102.64,102.64,3430622,0.0,1.0,MMM
2019-10-08,103.55,103.87,102.36,102.47,102.47,2820513,0.0,1.0,MMM
2019-10-07,105.36,105.6,104.36,104.36,104.36,2521952,0.0,1.0,MMM
2019-10-04,105.52,106.08,104.96,105.92,105.92,2648859,0.0,1.0,MMM
2019-10-03,105.46,105.68,102.52,105.52,105.52,3075725,0.0,1.0,MMM
2019-10-02,106.76,106.87,105.11,105.81,105.81,3046851,0.0,1.0,MMM
2019-10-01,112.16,112.3,107.52,107.66,107.66,3283162,0.0,1.0,MMM
2019-09-30,112.3,112.55,111.44,111.75,111.75,2574771,0.0,1.0,MMM
2019-09-27,111.81,112.6,111.16,111.84,111.84,2870298,0.0,1.0,MMM
2019-09-26,111.48,111.76,110.67,111.37,111.37,2784498,0.0,1.0,MMM
2019-09-25,112.0,112.15,111.27,111.48,111.48,2787995,0.0,1.0,MMM
2019-09-24,113.55,113.89,111.59,111.98,111.98,3052338,0.0,1.0,MMM
2019-09-23,112.49,113.81,111.82,113.36,113.36,2114937,0.0,1.0,MMM
2019-09-20,113.81,115.0,113.17,113.36,113.36,3712728,0.0,1.0,MMM
2019-09-19,113.79,114.75,113.46,113.57,113.57,1631502,0.0,1.0,MMM
2019-09-18,113.94,114.23,112.33,113.82,113.82,2190557,0.0,1.0,MMM
2019-09-17,114.04,114.59,113.18,114.25,114.25,2741164,0.0,1.0,MMM
2019-09-16,116.38,116.38,114.14,115.34,115.34,2455097,0.0,1.0,MMM
2019-09-13,115.96,117.25,115.46,116.54,116.54,2534111,0.0,1.0,MMM
2019-09-12,115.3,116.82,114.62,115.95,115.95,2870353,0.0,1.0,MMM
2019-09-11,115.46,115.49,112.41,114.25,114.25,3577666,0.0,1.0,MMM
2019-09-10,112.95,114.95,112.85,114.79,114.79,3240240,0.0,1.0,MMM
2019-09-09,112.16,114.1,111.95,112.8,112.8,3084486,0.0,1.0,MMM
2019-09-06,111.92,112.08,110.77,111.44,111.44,1762344,0.0,1.0,MMM
2019-09-05,110.46,113.12,110.39,111.64,111.64,2421363,0.0,1.0,MMM
2019-09-04,108.65,109.19,108.08,108.81,108.81,1506632,0.0,1.0,MMM
2019-09-03,109.71,109.87,106.9,107.84,107.84,1835782,0.0,1.0,MMM
2019-08-30,109.83,110.22,109.04,109.93,109.93,1967010,0.0,1.0,MMM
2019-08-29,108.29,109.46,108.12,109.01,109.01,3170688,0.0,1.0,MMM
2019-08-28,105.43,107.25,104.68,107.1,107.1,2346761,0.0,1.0,MMM
2019-08-27,106.95,107.05,105.64,105.87,105.87,2281142,0.0,1.0,MMM
2019-08-26,106.73,107.04,105.42,106.12,106.12,2215423,0.0,1.0,MMM
2019-08-23,108.82,109.0,105.55,105.94,105.94,4224008,0.0,1.0,MMM
2019-08-22,110.12,110.75,108.86,109.36,109.36,1441603,0.0,1.0,MMM
2019-08-21,110.59,111.24,109.48,109.54,109.54,1623565,0.0,1.0,MMM
2019-08-20,110.88,110.88,109.41,109.45,109.45,2061691,0.0,1.0,MMM
2019-08-19,111.28,111.45,109.97,110.77,110.77,3197998,0.0,1.0,MMM
2019-08-16,107.29,110.06,107.03,109.78,109.78,3481777,0.0,1.0,MMM
2019-08-15,107.44,108.56,105.79,106.61,106.61,4452733,1.44,1.0,MMM
2019-08-14,109.46,109.71,106.88,106.97,106.97,4056102,0.0,1.0,MMM
2019-08-13,109.5,113.08,109.22,111.06,111.06,3247304,0.0,1.0,MMM
2019-08-12,109.81,110.99,108.82,109.19,109.19,1446300,0.0,1.0,MMM
2019-08-09,110.83,110.97,109.14,110.11,110.11,1582093,0.0,1.0,MMM
2019-08-08,110.72,111.47,110.16,110.62,110.62,3260527,0.0,1.0,MMM
2019-08-07,109.12,110.43,106.45,110.22,110.22,5993166,0.0,1.0,MMM
2019-08-06,111.02,111.46,109.73,110.27,110.27,3494834,0.0,1.0,MMM
2019-08-05,113.8,113.85,110.75,110.95,110.95,2894657,0.0,1.0,MMM
2019-08-02,116.44,116.48,114.38,114.88,114.88,2423102,0.0,1.0,MMM
2019-08-01,117.74,119.67,116.55,116.77,116.77,2381294,0.0,1.0,MMM
2019-07-31,119.66,119.91,116.8,117.69,117.69,3015762,0.0,1.0,MMM
2019-07-30,118.32,119.77,117.07,119.65,119.65,1978939,0.0,1.0,MMM
2019-07-29,117.09,119.64,116.97,119.06,119.06,2638931,0.0,1.0,MMM
2019-07-26,119.65,120.16,114.89,117.19,117.19,4016128,0.0,1.0,MMM
2019-07-25,125.97,126.44,118.99,119.98,119.98,7362223,0.0,1.0,MMM
2019-07-24,119.18,121.44,118.73,120.85,120.85,3532346,0.0,1.0,MMM
2019-07-23,118.55,119.91,118.31,119.57,119.57,2360731,0.0,1.0,MMM
2019-07-22,116.4,118.02,115.94,117.63,117.63,2004610,0.0,1.0,MMM
2019-07-19,116.54,117.2,116.0,116.27,116.27,2360660,0.0,1.0,MMM
2019-07-18,117.49,117.97,116.13,116.57,116.57,2223279,0.0,1.0,MMM
2019-07-17,118.79,118.88,117.27,117.65,117.65,2947472,0.0,1.0,MMM
2019-07-16,116.36,119.39,116.34,118.88,118.88,3918853,0.0,1.0,MMM
2019-07-15,116.79,117.37,115.32,116.42,116.42,2187533,0.0,1.0,MMM
2019-07-12,114.58,116.77,114.0,116.76,116.76,3160670,0.0,1.0,MMM
2019-07-11,112.02,113.9,111.73,113.86,113.86,2815142,0.0,1.0,MMM
2019-07-10,111.94,112.7,111.52,111.61,111.61,2661694,0.0,1.0,MMM
2019-07-09,112.37,112.79,110.66,111.61,111.61,4536143,0.0,1.0,MMM
2019-07-08,114.45,114.83,113.68,113.96,113.96,2285513,0.0,1.0,MMM
2019-07-05,116.53,116.72,114.33,115.86,115.86,1740696,0.0,1.0,MMM
2019-07-03,117.32,117.9,116.48,117.86,117.86,1170675,0.0,1.0,MMM
2019-07-02,117.94,117.94,116.58,117.22,117.22,1555476,0.0,1.0,MMM
2019-07-01,118.19,118.4,116.88,117.55,117.55,2107994,0.0,1.0,MMM
2019-06-28,115.75,117.45,115.7,116.76,116.76,3600970,0.0,1.0,MMM
2019-06-27,116.2,116.39,114.95,115.52,115.52,1718539,0.0,1.0,MMM
2019-06-26,116.09,116.69,115.67,115.77,115.77,1812226,0.0,1.0,MMM
2019-06-25,116.7,116.79,115.37,115.88,115.88,2733265,0.0,1.0,MMM
2019-06-24,116.77,117.43,116.76,116.79,116.79,2711904,0.0,1.0,MMM
2019-06-21,117.03,117.58,116.28,116.77,116.77,4880902,0.0,1.0,MMM
2019-06-20,116.44,117.39,115.65,117.16,117.16,3064186,0.0,1.0,MMM
2019-06-19,115.77,116.4,114.87,115.01,115.01,2777447,0.0,1.0,MMM
2019-06-18,113.06,116.04,112.87,115.76,115.76,3623040,0.0,1.0,MMM
2019-06-17,112.56,112.78,112.12,112.34,112.34,1783368,0.0,1.0,MMM
2019-06-14,113.32,113.33,111.85,112.28,112.28,2719182,0.0,1.0,MMM
2019-06-13,114.08,114.44,113.07,113.73,113.73,2141467,0.0,1.0,MMM
2019-06-12,114.42,114.61,113.56,113.84,113.84,2166416,0.0,1.0,MMM
2019-06-11,114.45,114.75,113.5,113.77,113.77,2227253,0.0,1.0,MMM
2019-06-10,113.24,114.66,113.07,113.36,113.36,2257636,0.0,1.0,MMM
2019-06-07,111.52,112.55,110.9,112.23,112.23,2017674,0.0,1.0,MMM
2019-06-06,110.47,112.05,109.43,110.95,110.95,3581835,0.0,1.0,MMM
2019-06-05,111.24,111.7,109.71,110.37,110.37,3161679,0.0,1.0,MMM
2019-06-04,108.94,111.2,108.84,110.66,110.66,3747008,0.0,1.0,MMM
2019-06-03,107.6,108.78,107.31,107.8,107.8,3726881,0.0,1.0,MMM
2019-05-31,107.66,108.27,107.52,107.6,107.6,3521955,0.0,1.0,MMM
2019-05-30,108.72,109.3,107.77,108.16,108.16,2478748,0.0,1.0,MMM
2019-05-29,109.8,110.33,108.11,108.72,108.72,3669087,0.0,1.0,MMM
2019-05-28,112.35,112.48,110.03,110.03,110.03,4875105,0.0,1.0,MMM
2019-05-24,112.04,112.77,111.36,111.87,111.87,2366928,0.0,1.0,MMM
2019-05-23,112.88,113.36,110.86,111.73,111.73,3830288,1.44,1.0,MMM
2019-05-22,111.81,114.03,111.16,113.35,113.35,4504159,0.0,1.0,MMM
2019-05-21,111.53,111.8,110.97,111.72,111.72,4148575,0.0,1.0,MMM
2019-05-20,112.16,112.16,110.59,111.02,111.02,4374976,0.0,1.0,MMM
2019-05-17,113.52,113.7,112.47,112.92,112.92,4595046,0.0,1.0,MMM
2019-05-16,116.45,116.45,114.43,114.73,114.73,4039493,0.0,1.0,MMM
2019-05-15,116.21,117.3,115.96,116.27,116.27,3015543,0.0,1.0,MMM
2019-05-14,116.72,118.18,116.53,117.0,117.0,4013992,0.0,1.0,MMM
2019-05-13,116.15,116.58,115.39,116.24,116.24,5916911,0.0,1.0,MMM
2019-05-10,116.88,117.75,115.53,117.44,117.44,5012341,0.0,1.0,MMM
2019-05-09,118.4,118.46,116.31,117.05,117.05,5098235,0.0,1.0,MMM
2019-05-08,119.87,120.55,119.2,119.26,119.26,2990518,0.0,1.0,MMM
2019-05-07,121.41,121.47,118.74,119.61,119.61,5415556,0.0,1.0,MMM
2019-05-06,121.56,122.28,120.29,122.23,122.23,6517556,0.0,1.0,MMM
2019-05-03,124.08,124.67,122.93,123.69,123.69,4747767,0.0,1.0,MMM
2019-05-02,123.21,124.54,122.46,123.37,123.37,5654907,0.0,1.0,MMM
2019-05-01,126.54,126.69,124.15,124.25,124.25,3818525,0.0,1.0,MMM
2019-04-30,127.45,127.45,124.57,126.55,126.55,4540971,0.0,1.0,MMM
2019-04-29,127.89,128.34,126.71,127.02,127.02,3803436,0.0,1.0,MMM
2019-04-26,127.23,128.38,126.45,127.99,127.99,4491273,0.0,1.0,MMM
2019-04-25,131.91,132.86,126.61,127.36,127.36,14646157,0.0,1.0,MMM
2019-04-24,146.24,146.75,145.64,146.3,146.3,2048899,0.0,1.0,MMM
2019-04-23,145.58,146.61,145.03,146.58,146.58,1561876,0.0,1.0,MMM
2019-04-22,145.11,146.51,145.09,145.94,145.94,1403478,0.0,1.0,MMM
2019-04-18,145.56,146.69,145.32,146.16,146.16,1780159,0.0,1.0,MMM
2019-04-17,145.33,146.46,145.03,145.34,145.34,1977615,0.0,1.0,MMM
2019-04-16,144.64,145.36,143.89,144.84,144.84,1549643,0.0,1.0,MMM
2019-04-15,144.8,145.15,143.51,144.13,144.13,1483313,0.0,1.0,MMM
2019-04-12,143.64,145.24,143.14,145.19,145.19,1922409,0.0,1.0,MMM
2019-04-11,141.38,142.71,141.2,142.59,142.59,1181248,0.0,1.0,MMM
2019-04-10,141.85,142.04,140.72,141.64,141.64,1348780,0.0,1.0,MMM
2019-04-09,143.19,143.29,141.45,141.54,141.54,1516450,0.0,1.0,MMM
2019-04-08,143.38,143.62,142.55,143.59,143.59,1130042,0.0,1.0,MMM
2019-04-05,144.16,144.57,143.44,143.85,143.85,1391097,0.0,1.0,MMM
2019-04-04,142.57,143.75,141.79,143.59,143.59,1560926,0.0,1.0,MMM
2019-04-03,142.2,142.86,141.86,142.32,142.32,1569956,0.0,1.0,MMM
2019-04-02,141.73,142.04,140.9,141.66,141.66,1413493,0.0,1.0,MMM
2019-04-01,140.16,141.83,139.74,141.53,141.53,2588445,0.0,1.0,MMM
2019-03-29,139.76,139.9,137.7,138.75,138.75,2858396,0.0,1.0,MMM
2019-03-28,138.9,139.39,137.99,139.25,139.25,1670590,0.0,1.0,MMM
2019-03-27,138.5,138.86,136.98,138.34,138.34,2003968,0.0,1.0,MMM
2019-03-26,136.9,138.66,136.74,138.39,138.39,1895577,0.0,1.0,MMM
2019-03-25,135.87,137.21,135.06,135.7,135.7,2020649,0.0,1.0,MMM
2019-03-22,139.09,139.23,136.54,136.67,136.67,2716057,0.0,1.0,MMM
2019-03-21,138.1,140.34,137.54,139.97,139.97,2288068,0.0,1.0,MMM
2019-03-20,139.57,140.57,138.42,139.1,139.1,1734653,0.0,1.0,MMM
2019-03-19,139.63,140.59,139.11,139.58,139.58,2351597,0.0,1.0,MMM
2019-03-18,139.19,139.3,137.3,139.23,139.23,1843555,0.0,1.0,MMM
2019-03-15,139.17,139.34,138.09,138.95,138.95,4394759,0.0,1.0,MMM
2019-03-14,138.03,138.53,137.38,138.48,138.48,1793356,0.0,1.0,MMM
2019-03-13,138.12,138.43,137.32,138.0,138.0,2036665,0.0,1.0,MMM
2019-03-12,138.79,139.16,137.15,137.43,137.43,2115092,0.0,1.0,MMM
2019-03-11,134.81,138.34,134.67,138.3,138.3,2385314,0.0,1.0,MMM
2019-03-08,132.47,134.34,132.22,134.15,134.15,1724488,0.0,1.0,MMM
2019-03-07,135.27,135.27,132.55,133.46,133.46,3339599,0.0,1.0,MMM
2019-03-06,136.72,136.76,135.4,135.43,135.43,1825348,0.0,1.0,MMM
2019-03-05,137.28,138.4,136.12,136.12,136.12,2744490,0.0,1.0,MMM
2019-03-04,139.56,140.22,137.39,138.14,138.14,1990128,0.0,1.0,MMM
2019-03-01,139.44,140.07,138.16,138.56,138.56,1754444,0.0,1.0,MMM
2019-02-28,139.6,139.6,138.2,138.49,138.49,2121733,0.0,1.0,MMM
2019-02-27,139.97,140.03,139.01,139.59,139.59,1540585,0.0,1.0,MMM
2019-02-26,140.62,141.3,139.81,139.82,139.82,1671310,0.0,1.0,MMM
2019-02-25,140.55,141.14,140.46,140.62,140.62,2183547,0.0,1.0,MMM
2019-02-22,138.75,140.01,138.33,139.8,139.8,1534158,0.0,1.0,MMM
2019-02-21,139.01,139.64,138.4,138.75,138.75,1737687,0.0,1.0,MMM
2019-02-20,139.52,139.55,138.44,139.25,139.25,1879145,0.0,1.0,MMM
2019-02-19,138.84,139.67,138.49,139.17,139.17,1534457,0.0,1.0,MMM
2019-02-15,137.87,139.55,137.56,139.47,139.47,2000378,0.0,1.0,MMM
2019-02-14,137.96,138.31,136.26,136.85,136.85,2229753,1.44,1.0,MMM
2019-02-13,137.33,139.52,136.99,139.07,139.07,2967332,0.0,1.0,MMM
2019-02-12,134.53,137.13,134.08,136.98,136.98,2622973,0.0,1.0,MMM
2019-02-11,133.24,133.42,132.39,133.23,133.23,1513457,0.0,1.0,MMM
2019-02-08,132.11,132.53,131.23,132.51,132.51,1451833,0.0,1.0,MMM
2019-02-07,133.3,134.22,131.87,132.52,132.52,1949371,0.0,1.0,MMM
2019-02-06,133.43,134.67,132.79,134.33,134.33,1672422,0.0,1.0,MMM
2019-02-05,133.1,133.37,132.45,133.37,133.37,2036879,0.0,1.0,MMM
2019-02-04,131.97,132.8,130.14,132.76,132.76,1973572,0.0,1.0,MMM
2019-02-01,133.61,133.8,131.49,132.07,132.07,2239400,0.0,1.0,MMM
2019-01-31,131.83,133.21,131.13,132.82,132.82,3338363,0.0,1.0,MMM
2019-01-30,131.44,132.7,129.06,132.14,132.14,2168133,0.0,1.0,MMM
2019-01-29,129.32,132.55,128.78,130.6,130.6,4311097,0.0,1.0,MMM
2019-01-28,128.08,128.28,126.7,128.12,128.12,3156986,0.0,1.0,MMM
2019-01-25,129.12,130.74,128.95,129.91,129.91,2320397,0.0,1.0,MMM
2019-01-24,127.49,128.1,126.99,127.66,127.66,1582949,0.0,1.0,MMM
2019-01-23,127.74,128.65,126.18,127.51,127.51,1653006,0.0,1.0,MMM
2019-01-22,128.79,128.97,126.28,127.49,127.49,2709562,0.0,1.0,MMM
2019-01-18,128.87,130.24,127.56,129.88,129.88,2746603,0.0,1.0,MMM
2019-01-17,125.04,127.92,124.6,127.13,127.13,1978891,0.0,1.0,MMM
2019-01-16,125.01,126.29,124.95,125.65,125.65,2492126,0.0,1.0,MMM
2019-01-15,125.22,126.44,124.57,125.29,125.29,2737349,0.0,1.0,MMM
2019-01-14,126.42,127.87,125.86,127.43,127.43,1914426,0.0,1.0,MMM
2019-01-11,127.21,127.78,126.56,127.46,127.46,2360186,0.0,1.0,MMM
2019-01-10,126.57,128.52,125.6,128.38,128.38,1939317,0.0,1.0,MMM
2019-01-09,128.15,128.61,126.91,127.52,127.52,2163815,0.0,1.0,MMM
2019-01-08,127.98,128.72,125.71,127.11,127.11,2479787,0.0,1.0,MMM
2019-01-07,126.9,127.52,125.1,126.58,126.58,2162158,0.0,1.0,MMM
2019-01-04,123.84,127.31,123.36,126.87,126.87,2995052,0.0,1.0,MMM
2019-01-03,124.85,124.85,121.28,121.86,121.86,3358241,0.0,1.0,MMM
2019-01-02,124.55,126.65,123.81,126.62,126.62,2475193,0.0,1.0,MMM
2018-12-31,126.22,127.09,125.0,126.35,126.35,1804618,0.0,1.0,MMM
2018-12-28,127.19,127.52,125.05,125.58,125.58,2311390,0.0,1.0,MMM
2018-12-27,121.68,126.46,121.27,126.46,126.46,2809032,0.0,1.0,MMM
2018-12-26,118.95,123.56,117.29,123.51,123.51,2925561,0.0,1.0,MMM
2018-12-24,120.62,121.71,118.37,118.45,118.45,2249502,0.0,1.0,MMM
2018-12-21,124.57,126.32,121.78,121.85,121.85,6699190,0.0,1.0,MMM
2018-12-20,125.4,126.74,123.01,124.26,124.26,3609477,0.0,1.0,MMM
2018-12-19,129.97,131.45,125.79,125.97,125.97,3266548,0.0,1.0,MMM
2018-12-18,128.24,130.58,128.08,129.02,129.02,2636317,0.0,1.0,MMM
2018-12-17,129.87,131.46,127.22,127.86,127.86,2547591,0.0,1.0,MMM
2018-12-14,132.7,133.67,129.87,130.04,130.04,2473515,0.0,1.0,MMM
2018-12-13,133.57,134.22,132.31,134.04,134.04,1831731,0.0,1.0,MMM
2018-12-12,133.02,134.36,132.43,132.5,132.5,1918966,0.0,1.0,MMM
2018-12-11,133.46,133.95,130.06,130.94,130.94,1828852,0.0,1.0,MMM
2018-12-10,131.54,131.93,128.41,131.51,131.51,1980356,0.0,1.0,MMM
2018-12-07,134.36,135.52,130.64,131.46,131.46,2254486,0.0,1.0,MMM
2018-12-06,132.37,134.67,131.42,134.4,134.4,2991766,0.0,1.0,MMM
2018-12-04,137.97,138.29,134.01,134.08,134.08,2698694,0.0,1.0,MMM
2018-12-03,140.06,140.55,137.3,138.43,138.43,2493454,0.0,1.0,MMM
2018-11-30,135.52,137.88,135.26,137.88,137.88,3171873,0.0,1.0,MMM
2018-11-29,135.19,136.5,134.39,135.65,135.65,1569231,0.0,1.0,MMM
2018-11-28,133.94,135.51,132.24,135.5,135.5,2184438,0.0,1.0,MMM
2018-11-27,132.04,133.5,130.49,133.08,133.08,2079649,0.0,1.0,MMM
2018-11-26,131.68,133.84,130.85,132.53,132.53,2321035,0.0,1.0,MMM
2018-11-23,131.14,131.75,130.5,130.5,130.5,999927,0.0,1.0,MMM
2018-11-21,132.41,133.41,131.74,131.76,131.76,1832769,1.36,1.0,MMM
2018-11-20,134.08,134.45,131.85,132.06,132.06,2677269,0.0,1.0,MMM
2018-11-19,136.88,137.02,134.6,135.4,135.4,3220380,0.0,1.0,MMM
2018-11-16,133.86,138.16,133.44,137.65,137.65,2620428,0.0,1.0,MMM
2018-11-15,130.23,135.1,129.25,134.96,134.96,3157494,0.0,1.0,MMM
2018-11-14,132.25,132.41,129.28,130.45,130.45,2797664,0.0,1.0,MMM
2018-11-13,130.09,132.3,129.85,130.65,130.65,2168809,0.0,1.0,MMM
2018-11-12,132.1,132.23,129.42,129.77,129.77,2770021,0.0,1.0,MMM
2018-11-09,134.36,134.36,131.53,132.45,132.45,2429281,0.0,1.0,MMM
2018-11-08,132.38,134.54,132.2,134.4,134.4,2534048,0.0,1.0,MMM
2018-11-07,129.87,132.65,128.7,132.57,132.57,2444705,0.0,1.0,MMM
2018-11-06,127.29,128.76,127.11,128.63,128.63,1900381,0.0,1.0,MMM
2018-11-05,127.44,128.14,126.59,127.28,127.28,2886526,0.0,1.0,MMM
2018-11-02,127.55,128.08,126.19,126.99,126.99,3069676,0.0,1.0,MMM
2018-11-01,125.54,127.25,125.2,126.6,126.6,2242755,0.0,1.0,MMM
2018-10-31,125.6,126.53,124.92,125.31,125.31,2845097,0.0,1.0,MMM
2018-10-30,123.05,125.19,121.84,125.01,125.01,2919609,0.0,1.0,MMM
2018-10-29,123.72,124.4,120.63,122.36,122.36,2867556,0.0,1.0,MMM
2018-10-26,120.73,122.94,119.85,121.81,121.81,3546243,0.0,1.0,MMM
2018-10-25,122.88,123.48,120.11,121.84,121.84,3535175,0.0,1.0,MMM
2018-10-24,126.52,127.09,121.17,121.54,121.54,5003514,0.0,1.0,MMM
2018-10-23,124.35,128.36,121.51,126.82,126.82,8255600,0.0,1.0,MMM
2018-10-22,132.55,133.96,131.52,132.62,132.62,3263250,0.0,1.0,MMM
2018-10-19,131.8,132.45,130.65,131.62,131.62,3167309,0.0,1.0,MMM
2018-10-18,133.26,133.38,130.67,131.97,131.97,2339494,0.0,1.0,MMM
2018-10-17,132.9,134.21,132.02,133.65,133.65,1824202,0.0,1.0,MMM
2018-10-16,132.03,133.38,131.22,133.26,133.26,1939519,0.0,1.0,MMM
2018-10-15,130.29,132.18,130.02,131.02,131.02,1812792,0.0,1.0,MMM
2018-10-12,132.3,133.4,129.04,130.56,130.56,2798116,0.0,1.0,MMM
2018-10-11,132.48,133.64,129.42,129.57,129.57,3497220,0.0,1.0,MMM
2018-10-10,137.78,137.78,132.74,133.14,133.14,3525211,0.0,1.0,MMM
2018-10-09,140.07,140.36,138.07,138.59,138.59,2947478,0.0,1.0,MMM
2018-10-08,140.37,141.33,139.8,141.19,141.19,1666709,0.0,1.0,MMM
2018-10-05,141.17,141.62,139.01,140.41,140.41,2140502,0.0,1.0,MMM
2018-10-04,141.5,142.04,139.65,140.84,140.84,1682524,0.0,1.0,MMM
2018-10-03,142.26,143.14,141.56,142.1,142.1,2139342,0.0,1.0,MMM
2018-10-02,139.88,142.16,139.69,142.07,142.07,1749361,0.0,1.0,MMM
2018-10-01,139.89,140.55,139.17,139.75,139.75,1829020,0.0,1.0,MMM
2018-09-28,138.0,139.15,137.56,138.78,138.78,2500188,0.0,1.0,MMM
2018-09-27,139.63,140.2,138.31,138.38,138.38,1609765,0.0,1.0,MMM
2018-09-26,139.29,140.01,138.73,139.01,139.01,1677749,0.0,1.0,MMM
2018-09-25,141.03,141.03,138.49,138.73,138.73,2090572,0.0,1.0,MMM
2018-09-24,141.86,142.18,140.08,140.62,140.62,2044993,0.0,1.0,MMM
2018-09-21,143.13,143.49,142.0,142.48,142.48,5563733,0.0,1.0,MMM
2018-09-20,141.4,142.92,140.46,141.78,141.78,2075050,0.0,1.0,MMM
2018-09-19,139.47,141.04,139.38,140.36,140.36,1884485,0.0,1.0,MMM
2018-09-18,138.47,139.51,137.28,139.32,139.32,1652891,0.0,1.0,MMM
2018-09-17,136.64,138.43,136.53,138.0,138.0,1610393,0.0,1.0,MMM
2018-09-14,137.55,138.51,136.43,136.91,136.91,1721586,0.0,1.0,MMM
2018-09-13,136.56,137.74,136.04,137.68,137.68,2171302,0.0,1.0,MMM
2018-09-12,139.82,141.44,135.61,136.14,136.14,4936955,0.0,1.0,MMM
2018-09-11,139.2,139.77,138.31,139.48,139.48,1967488,0.0,1.0,MMM
2018-09-10,140.73,142.5,140.19,140.24,140.24,2399745,0.0,1.0,MMM
2018-09-07,139.78,140.27,138.29,140.0,140.0,2739156,0.0,1.0,MMM
2018-09-06,139.63,140.53,139.01,140.11,140.11,2363472,0.0,1.0,MMM
2018-09-05,137.18,139.57,136.56,139.51,139.51,1951460,0.0,1.0,MMM
2018-09-04,138.67,138.8,136.7,137.39,137.39,2108469,0.0,1.0,MMM
2018-08-31,138.03,139.44,137.94,138.92,138.92,1943454,0.0,1.0,MMM
2018-08-30,138.12,139.03,137.8,138.45,138.45,2240787,0.0,1.0,MMM
2018-08-29,137.76,138.95,137.33,138.61,138.61,2110317,0.0,1.0,MMM
2018-08-28,137.63,138.39,137.31,137.93,137.93,2136657,0.0,1.0,MMM
2018-08-27,135.79,137.32,135.58,137.21,137.21,1777219,0.0,1.0,MMM
2018-08-24,133.88,135.34,133.74,135.21,135.21,1676634,0.0,1.0,MMM
2018-08-23,133.7,133.8,132.68,133.53,133.53,1367312,1.36,1.0,MMM
2018-08-22,134.62,134.62,133.07,133.63,133.63,1461295,0.0,1.0,MMM
2018-08-21,134.12,134.8,133.72,134.57,134.57,1709730,0.0,1.0,MMM
2018-08-20,134.59,134.64,133.24,133.85,133.85,2091753,0.0,1.0,MMM
2018-08-17,132.99,134.11,132.08,133.97,133.97,1598888,0.0,1.0,MMM
2018-08-16,132.17,133.09,132.04,132.91,132.91,1640184,0.0,1.0,MMM
2018-08-15,130.35,132.0,128.95,131.75,131.75,2028914,0.0,1.0,MMM
2018-08-14,130.7,131.55,130.46,131.19,131.19,1719047,0.0,1.0,MMM
2018-08-13,132.17,132.67,130.52,130.74,130.74,1587360,0.0,1.0,MMM
2018-08-10,133.34,133.55,131.5,132.13,132.13,1893208,0.0,1.0,MMM
2018-08-09,135.52,136.06,133.78,133.97,133.97,1812628,0.0,1.0,MMM
2018-08-08,136.4,136.76,135.27,135.52,135.52,1052133,0.0,1.0,MMM
2018-08-07,136.09,137.13,135.67,136.45,136.45,1314601,0.0,1.0,MMM
2018-08-06,135.72,135.73,134.27,135.23,135.23,1064190,0.0,1.0,MMM
2018-08-03,134.72,135.8,134.25,135.61,135.61,1300321,0.0,1.0,MMM
2018-08-02,134.74,134.76,133.36,134.46,134.46,1699670,0.0,1.0,MMM
2018-08-01,138.03,138.08,135.34,135.46,135.46,2066910,0.0,1.0,MMM
2018-07-31,135.58,139.21,135.1,138.91,138.91,3573142,0.0,1.0,MMM
2018-07-30,136.24,136.9,133.96,134.19,134.19,2040941,0.0,1.0,MMM
2018-07-27,136.52,137.78,135.33,135.7,135.7,2247991,0.0,1.0,MMM
2018-07-26,134.04,136.37,133.89,136.05,136.05,2848251,0.0,1.0,MMM
2018-07-25,131.26,133.78,131.19,133.71,133.71,3345514,0.0,1.0,MMM
2018-07-24,126.23,132.28,124.68,131.29,131.29,8186488,0.0,1.0,MMM
2018-07-23,131.85,131.85,129.33,130.09,130.09,3269127,0.0,1.0,MMM
2018-07-20,130.41,132.78,129.7,132.12,132.12,2335897,0.0,1.0,MMM
2018-07-19,132.0,132.34,130.52,131.89,131.89,2616350,0.0,1.0,MMM
2018-07-18,132.3,132.92,131.73,132.28,132.28,1945041,0.0,1.0,MMM
2018-07-17,131.49,132.85,130.93,132.2,132.2,1920564,0.0,1.0,MMM
2018-07-16,131.86,131.88,130.9,131.57,131.57,1468091,0.0,1.0,MMM
2018-07-13,131.02,132.02,130.85,131.62,131.62,1626079,0.0,1.0,MMM
2018-07-12,130.3,130.85,129.14,130.4,130.4,1733568,0.0,1.0,MMM
2018-07-11,130.73,130.73,129.2,129.33,129.33,1853121,0.0,1.0,MMM
2018-07-10,131.5,132.53,131.1,131.81,131.81,1688695,0.0,1.0,MMM
2018-07-09,129.63,131.39,129.58,131.19,131.19,1967088,0.0,1.0,MMM
2018-07-06,128.94,129.58,128.48,129.18,129.18,1624490,0.0,1.0,MMM
2018-07-05,128.93,129.2,127.59,129.11,129.11,2019274,0.0,1.0,MMM
2018-07-03,128.55,130.16,127.9,128.12,128.12,1228949,0.0,1.0,MMM
2018-07-02,127.88,128.16,126.6,127.91,127.91,1815547,0.0,1.0,MMM
2018-06-29,128.54,130.47,128.53,128.7,128.7,2671550,0.0,1.0,MMM
2018-06-28,127.9,128.78,127.06,128.21,128.21,1978686,0.0,1.0,MMM
2018-06-27,128.6,130.78,127.42,127.52,127.52,2889734,0.0,1.0,MMM
2018-06-26,128.78,129.5,128.22,128.61,128.61,2140213,0.0,1.0,MMM
2018-06-25,128.22,128.44,126.68,128.1,128.1,2922503,0.0,1.0,MMM
2018-06-22,129.14,129.17,127.69,128.56,128.56,2838172,0.0,1.0,MMM
2018-06-21,129.43,129.43,127.31,127.91,127.91,2420380,0.0,1.0,MMM
2018-06-20,130.41,130.85,129.05,129.59,129.59,2348279,0.0,1.0,MMM
2018-06-19,131.67,132.04,129.75,130.45,130.45,3206804,0.0,1.0,MMM
2018-06-18,132.5,133.84,131.01,133.57,133.57,2842825,0.0,1.0,MMM
2018-06-15,132.51,134.16,130.92,134.1,134.1,5449476,0.0,1.0,MMM
2018-06-14,134.61,134.95,133.14,133.22,133.22,2221453,0.0,1.0,MMM
2018-06-13,134.21,134.55,133.29,134.04,134.04,2097873,0.0,1.0,MMM
2018-06-12,134.55,134.74,133.43,134.06,134.06,1806066,0.0,1.0,MMM
2018-06-11,135.16,135.29,134.12,134.19,134.19,2302892,0.0,1.0,MMM
2018-06-08,134.1,135.26,133.73,135.16,135.16,2170219,0.0,1.0,MMM
2018-06-07,133.58,134.7,133.31,134.16,134.16,2279213,0.0,1.0,MMM
2018-06-06,132.05,133.49,131.86,133.37,133.37,2297660,0.0,1.0,MMM
2018-06-05,131.55,132.22,131.43,131.63,131.63,2246119,0.0,1.0,MMM
2018-06-04,131.32,131.95,130.89,131.54,131.54,2408362,0.0,1.0,MMM
2018-06-01,130.03,131.12,129.72,130.58,130.58,1827016,0.0,1.0,MMM
2018-05-31,129.61,129.83,128.4,129.03,129.03,5253129,0.0,1.0,MMM
2018-05-30,128.94,130.44,128.69,129.98,129.98,2143060,0.0,1.0,MMM
2018-05-29,129.54,129.87,127.64,128.06,128.06,2346792,0.0,1.0,MMM
2018-05-25,129.75,130.46,129.49,130.21,130.21,1686498,0.0,1.0,MMM
2018-05-24,130.08,130.96,128.84,130.46,130.46,2055003,0.0,1.0,MMM
2018-05-23,129.37,130.06,128.59,129.98,129.98,2737706,0.0,1.0,MMM
2018-05-22,132.13,132.23,130.01,130.17,130.17,2313924,0.0,1.0,MMM
2018-05-21,131.17,132.76,130.85,132.0,132.0,2126485,0.0,1.0,MMM
2018-05-18,131.03,131.34,129.83,130.16,130.16,2925657,0.0,1.0,MMM
2018-05-17,130.37,131.76,129.99,131.08,131.08,2265781,1.36,1.0,MMM
2018-05-16,130.3,130.64,129.35,130.1,130.1,2913530,0.0,1.0,MMM
2018-05-15,133.19,133.58,131.03,131.53,131.53,2259183,0.0,1.0,MMM
2018-05-14,133.65,133.89,133.0,133.71,133.71,3385944,0.0,1.0,MMM
2018-05-11,133.04,133.45,132.34,133.32,133.32,3155722,0.0,1.0,MMM
2018-05-10,131.66,133.65,131.52,133.23,133.23,2700843,0.0,1.0,MMM
2018-05-09,131.28,133.04,130.85,132.19,132.19,3361255,0.0,1.0,MMM
2018-05-08,129.96,131.33,129.68,131.09,131.09,3273549,0.0,1.0,MMM
2018-05-07,130.0,130.61,129.69,130.13,130.13,2863388,0.0,1.0,MMM
2018-05-04,126.76,129.92,126.1,129.55,129.55,3071746,0.0,1.0,MMM
2018-05-03,126.4,127.82,124.99,127.16,127.16,3425892,0.0,1.0,MMM
2018-05-02,126.81,127.63,126.08,126.39,126.39,4017614,0.0,1.0,MMM
2018-05-01,126.08,127.06,124.4,126.73,126.73,4710476,0.0,1.0,MMM
2018-04-30,127.99,128.88,126.18,126.32,126.32,4008740,0.0,1.0,MMM
2018-04-27,127.86,128.09,126.32,127.44,127.44,3354762,0.0,1.0,MMM
2018-04-26,129.11,129.72,127.47,128.07,128.07,4124297,0.0,1.0,MMM
2018-04-25,130.68,131.1,128.02,129.21,129.21,6204698,0.0,1.0,MMM
2018-04-24,134.19,134.19,127.94,130.7,130.7,11671410,0.0,1.0,MMM
2018-04-23,141.67,142.13,139.55,140.28,140.28,2520707,0.0,1.0,MMM
2018-04-20,141.93,143.14,140.84,141.5,141.5,2634318,0.0,1.0,MMM
2018-04-19,141.69,142.5,141.03,142.21,142.21,1453128,0.0,1.0,MMM
2018-04-18,143.21,143.62,142.41,142.65,142.65,1599252,0.0,1.0,MMM
2018-04-17,142.41,144.06,142.14,143.02,143.02,1853521,0.0,1.0,MMM
2018-04-16,141.14,142.49,140.74,141.46,141.46,2060517,0.0,1.0,MMM
2018-04-13,141.72,142.1,139.36,140.05,140.05,2034539,0.0,1.0,MMM
2018-04-12,140.18,141.45,139.72,140.63,140.63,2292869,0.0,1.0,MMM
2018-04-11,139.19,140.29,138.74,139.28,139.28,1819778,0.0,1.0,MMM
2018-04-10,139.92,142.12,139.86,141.0,141.0,2877276,0.0,1.0,MMM
2018-04-09,138.9,140.92,138.02,138.29,138.29,2186066,0.0,1.0,MMM
2018-04-06,141.27,142.21,137.11,137.92,137.92,2503915,0.0,1.0,MMM
2018-04-05,142.08,143.16,140.72,142.1,142.1,2879937,0.0,1.0,MMM
2018-04-04,138.01,141.61,137.19,141.37,141.37,2488891,0.0,1.0,MMM
2018-04-03,138.41,140.66,137.07,140.57,140.57,3006825,0.0,1.0,MMM
2018-04-02,141.69,142.13,136.12,138.16,138.16,3840833,0.0,1.0,MMM
2018-03-29,141.52,143.86,141.31,142.65,142.65,2643041,0.0,1.0,MMM
2018-03-28,141.16,142.74,139.65,140.71,140.71,2522861,0.0,1.0,MMM
2018-03-27,143.62,144.17,139.53,140.28,140.28,2696665,0.0,1.0,MMM
2018-03-26,141.57,143.48,139.83,143.12,143.12,3573985,0.0,1.0,MMM
2018-03-23,145.23,145.73,139.89,139.94,139.94,4221155,0.0,1.0,MMM
2018-03-22,150.78,150.84,144.78,145.02,145.02,4295470,0.0,1.0,MMM
2018-03-21,151.41,154.15,150.96,152.15,152.15,1588258,0.0,1.0,MMM
2018-03-20,150.84,152.31,150.48,151.05,151.05,1727967,0.0,1.0,MMM
2018-03-19,153.36,153.57,149.63,150.47,150.47,2621661,0.0,1.0,MMM
2018-03-16,153.14,154.77,153.14,154.15,154.15,4858043,0.0,1.0,MMM
2018-03-15,152.85,154.71,152.19,153.27,153.27,1770516,0.0,1.0,MMM
2018-03-14,155.18,155.51,151.96,152.25,152.25,2239704,0.0,1.0,MMM
2018-03-13,156.54,157.89,153.93,154.38,154.38,2009864,0.0,1.0,MMM
2018-03-12,157.32,157.97,155.5,155.83,155.83,2151266,0.0,1.0,MMM
2018-03-09,154.66,156.85,153.47,156.83,156.83,1840871,0.0,1.0,MMM
2018-03-08,153.58,154.45,152.13,153.58,153.58,1955197,0.0,1.0,MMM
2018-03-07,150.25,153.5,149.84,153.08,153.08,2213792,0.0,1.0,MMM
2018-03-06,152.09,153.3,149.98,151.84,151.84,2091101,0.0,1.0,MMM
2018-03-05,149.46,151.87,148.5,151.28,151.28,2235348,0.0,1.0,MMM
2018-03-02,149.3,150.28,147.07,149.7,149.7,2912828,0.0,1.0,MMM
2018-03-01,153.45,153.9,149.15,150.33,150.33,3487126,0.0,1.0,MMM
2018-02-28,157.02,157.44,152.97,153.04,153.04,2461376,0.0,1.0,MMM
2018-02-27,158.95,158.99,156.42,156.46,156.46,1778336,0.0,1.0,MMM
2018-02-26,155.31,159.11,154.99,158.65,158.65,3086811,0.0,1.0,MMM
2018-02-23,153.91,154.58,152.31,154.02,154.02,1616681,0.0,1.0,MMM
2018-02-22,151.04,154.25,150.93,153.36,153.36,2284538,0.0,1.0,MMM
2018-02-21,152.52,154.57,150.82,150.87,150.87,2561377,0.0,1.0,MMM
2018-02-20,152.41,153.79,152.0,152.75,152.75,2675916,0.0,1.0,MMM
2018-02-16,152.69,154.94,151.66,153.79,153.79,2221752,0.0,1.0,MMM
2018-02-15,151.61,152.64,150.03,152.62,152.62,2127496,1.36,1.0,MMM
2018-02-14,148.24,150.45,147.61,149.89,149.89,2337783,0.0,1.0,MMM
2018-02-13,148.41,149.87,147.91,149.48,149.48,2523579,0.0,1.0,MMM
2018-02-12,146.98,148.84,146.08,148.07,148.07,3290351,0.0,1.0,MMM
2018-02-09,145.11,146.63,140.96,145.5,145.5,4518613,0.0,1.0,MMM
2018-02-08,150.64,150.74,143.85,144.0,144.0,3751281,0.0,1.0,MMM
2018-02-07,150.66,153.46,150.42,150.66,150.66,2885570,0.0,1.0,MMM
2018-02-06,146.99,151.55,146.54,150.94,150.94,5108142,0.0,1.0,MMM
2018-02-05,157.32,157.9,146.02,149.53,149.53,6590490,0.0,1.0,MMM
2018-02-02,159.21,160.71,158.21,158.4,158.4,3925658,0.0,1.0,MMM
2018-02-01,159.86,161.58,159.05,160.19,160.19,2665501,0.0,1.0,MMM
2018-01-31,162.48,163.54,161.26,161.84,161.84,3136406,0.0,1.0,MMM
2018-01-30,165.14,165.19,162.43,162.51,162.51,2412632,0.0,1.0,MMM
2018-01-29,167.02,167.55,165.38,165.4,165.4,2306292,0.0,1.0,MMM
2018-01-26,163.73,167.83,163.71,167.09,167.09,3730628,0.0,1.0,MMM
2018-01-25,161.52,164.62,159.65,163.04,163.04,3507873,0.0,1.0,MMM
2018-01-24,160.22,160.58,159.1,160.03,160.03,3471044,0.0,1.0,MMM
2018-01-23,159.52,159.75,158.37,159.13,159.13,1822654,0.0,1.0,MMM
2018-01-22,159.66,160.16,158.34,159.77,159.77,1660506,0.0,1.0,MMM
2018-01-19,159.34,160.55,158.68,160.34,160.34,2013467,0.0,1.0,MMM
2018-01-18,160.31,160.87,158.24,158.88,158.88,2233505,0.0,1.0,MMM
2018-01-17,159.48,160.57,158.81,160.3,160.3,2519000,0.0,1.0,MMM
2018-01-16,158.48,159.7,157.53,158.12,158.12,2411131,0.0,1.0,MMM
2018-01-12,157.04,158.93,156.67,157.95,157.95,1974312,0.0,1.0,MMM
2018-01-11,155.54,156.57,154.9,156.55,156.55,1487650,0.0,1.0,MMM
2018-01-10,155.7,156.72,155.08,155.79,155.79,1640853,0.0,1.0,MMM
2018-01-09,154.8,156.21,154.63,155.88,155.88,1695114,0.0,1.0,MMM
2018-01-08,154.66,155.67,154.53,154.92,154.92,1869025,0.0,1.0,MMM
2018-01-05,154.19,155.64,153.6,155.43,155.43,1835909,0.0,1.0,MMM
2018-01-04,153.12,154.7,152.78,154.22,154.22,2243101,0.0,1.0,MMM
2018-01-03,151.87,152.3,150.72,152.23,152.23,2193713,0.0,1.0,MMM
2018-01-02,152.33,153.16,150.41,152.24,152.24,2930951,0.0,1.0,MMM
2017-12-29,152.78,153.32,152.07,152.07,152.07,1343878,0.0,1.0,MMM
2017-12-28,153.08,153.17,152.01,152.29,152.29,1189738,0.0,1.0,MMM
2017-12-27,152.16,152.82,151.72,152.6,152.6,970508,0.0,1.0,MMM
2017-12-26,151.88,152.65,151.85,152.12,152.12,789090,0.0,1.0,MMM
2017-12-22,152.06,152.53,151.36,151.65,151.65,1280557,0.0,1.0,MMM
2017-12-21,153.09,153.28,151.45,151.69,151.69,2240586,0.0,1.0,MMM
2017-12-20,153.86,154.07,152.79,153.07,153.07,1621638,0.0,1.0,MMM
2017-12-19,154.54,154.89,153.06,154.02,154.02,1868916,0.0,1.0,MMM
2017-12-18,154.94,155.06,153.21,154.04,154.04,2237313,0.0,1.0,MMM
2017-12-15,154.41,154.85,153.54,153.77,153.77,4518732,0.0,1.0,MMM
2017-12-14,154.99,155.57,153.64,153.82,153.82,1984720,0.0,1.0,MMM
2017-12-13,153.06,154.79,152.88,154.48,154.48,2707874,0.0,1.0,MMM
2017-12-12,156.06,156.14,152.55,152.85,152.85,2765496,0.0,1.0,MMM
2017-12-11,154.31,155.19,153.68,154.61,154.61,1742882,0.0,1.0,MMM
2017-12-08,155.06,155.71,153.44,153.85,153.85,1999639,0.0,1.0,MMM
2017-12-07,154.06,155.89,153.72,155.25,155.25,1367270,0.0,1.0,MMM
2017-12-06,154.39,155.76,153.1,154.2,154.2,1924006,0.0,1.0,MMM
2017-12-05,155.2,155.23,153.68,153.93,153.93,1543134,0.0,1.0,MMM
2017-12-04,157.03,157.79,154.1,154.58,154.58,2468747,0.0,1.0,MMM
2017-12-01,157.12,157.4,154.51,155.8,155.8,2232292,0.0,1.0,MMM
2017-11-30,154.32,157.29,153.57,157.09,157.09,4003388,0.0,1.0,MMM
2017-11-29,152.51,153.89,152.24,153.77,153.77,1754594,0.0,1.0,MMM
2017-11-28,151.26,152.43,150.78,152.23,152.23,1797384,0.0,1.0,MMM
2017-11-27,149.73,151.52,149.33,151.18,151.18,1774883,0.0,1.0,MMM
2017-11-24,149.91,149.92,149.12,149.49,149.49,659116,0.0,1.0,MMM
2017-11-22,150.57,151.09,149.5,149.62,149.62,1371820,1.175,1.0,MMM
2017-11-21,149.27,151.52,149.27,150.48,150.48,2035058,0.0,1.0,MMM
2017-11-20,147.78,150.15,147.56,148.8,148.8,1692009,0.0,1.0,MMM
2017-11-17,146.84,147.8,146.39,147.44,147.44,1732091,0.0,1.0,MMM
2017-11-16,146.43,147.84,146.43,147.47,147.47,1225143,0.0,1.0,MMM
2017-11-15,146.61,146.89,145.3,146.18,146.18,1490293,0.0,1.0,MMM
2017-11-14,146.65,147.82,145.76,147.42,147.42,1393163,0.0,1.0,MMM
2017-11-13,145.75,146.84,145.44,146.7,146.7,1765222,0.0,1.0,MMM
2017-11-10,146.22,146.84,145.38,146.21,146.21,1295822,0.0,1.0,MMM
2017-11-09,146.91,147.46,145.95,146.81,146.81,1568596,0.0,1.0,MMM
2017-11-08,147.74,148.26,147.45,147.74,147.74,1510210,0.0,1.0,MMM
2017-11-07,148.09,148.34,147.29,147.88,147.88,1550074,0.0,1.0,MMM
2017-11-06,149.27,149.54,147.94,148.05,148.05,1334651,0.0,1.0,MMM
2017-11-03,148.85,149.51,148.44,149.27,149.27,1531962,0.0,1.0,MMM
2017-11-02,148.0,149.65,147.56,149.28,149.28,1579989,0.0,1.0,MMM
2017-11-01,148.49,148.98,147.27,147.96,147.96,1375491,0.0,1.0,MMM
2017-10-31,148.73,148.87,147.72,147.97,147.97,1891791,0.0,1.0,MMM
2017-10-30,150.2,150.2,148.26,148.5,148.5,2720504,0.0,1.0,MMM
2017-10-27,150.57,151.03,149.49,150.89,150.89,1988609,0.0,1.0,MMM
2017-10-26,153.16,153.5,149.33,149.74,149.74,3346878,0.0,1.0,MMM
2017-10-25,151.07,152.95,150.38,152.93,152.93,3404073,0.0,1.0,MMM
2017-10-24,147.2,153.57,147.2,150.84,150.84,6434602,0.0,1.0,MMM
2017-10-23,142.55,143.21,142.19,142.42,142.42,1962708,0.0,1.0,MMM
2017-10-20,141.39,142.27,140.9,142.27,142.27,1624470,0.0,1.0,MMM
2017-10-19,140.45,140.94,139.79,140.93,140.93,1359787,0.0,1.0,MMM
2017-10-18,139.82,140.54,139.73,140.31,140.31,1413576,0.0,1.0,MMM
2017-10-17,140.45,140.6,139.15,139.97,139.97,1875111,0.0,1.0,MMM
2017-10-16,139.94,140.6,139.62,140.6,140.6,1183691,0.0,1.0,MMM
2017-10-13,140.67,141.26,139.36,139.95,139.95,1461599,0.0,1.0,MMM
2017-10-12,139.23,139.9,139.03,139.87,139.87,1894038,0.0,1.0,MMM
2017-10-11,139.33,139.4,137.99,139.18,139.18,2016870,0.0,1.0,MMM
2017-10-10,139.73,139.88,139.2,139.33,139.33,1170940,0.0,1.0,MMM
2017-10-09,138.82,139.63,138.65,139.28,139.28,1053512,0.0,1.0,MMM
2017-10-06,138.85,139.19,138.38,139.18,139.18,1407074,0.0,1.0,MMM
2017-10-05,139.16,139.88,138.78,139.09,139.09,1738347,0.0,1.0,MMM
2017-10-04,138.11,139.45,137.88,139.18,139.18,1634801,0.0,1.0,MMM
2017-10-03,136.67,137.95,135.88,137.93,137.93,1632186,0.0,1.0,MMM
2017-10-02,135.46,136.78,135.01,136.76,136.76,1280302,0.0,1.0,MMM
2017-09-29,134.39,134.93,134.17,134.93,134.93,1625467,0.0,1.0,MMM
2017-09-28,133.9,134.91,133.87,134.7,134.7,2044226,0.0,1.0,MMM
2017-09-27,135.69,135.88,133.81,134.66,134.66,1803540,0.0,1.0,MMM
2017-09-26,135.8,136.81,135.59,135.65,135.65,1186373,0.0,1.0,MMM
2017-09-25,135.62,135.78,134.59,135.46,135.46,1590418,0.0,1.0,MMM
2017-09-22,134.76,135.83,134.53,135.48,135.48,1442920,0.0,1.0,MMM
2017-09-21,135.57,136.03,135.15,135.27,135.27,1342702,0.0,1.0,MMM
2017-09-20,136.13,136.66,133.9,135.32,135.32,2924577,0.0,1.0,MMM
2017-09-19,137.71,137.98,136.82,137.28,137.28,1347801,0.0,1.0,MMM
2017-09-18,137.56,137.59,136.64,137.41,137.41,1270666,0.0,1.0,MMM
2017-09-15,136.66,137.64,135.42,137.14,137.14,3578537,0.0,1.0,MMM
2017-09-14,134.44,136.22,134.18,135.91,135.91,1976307,0.0,1.0,MMM
2017-09-13,134.43,135.18,134.07,134.66,134.66,1102480,0.0,1.0,MMM
2017-09-12,134.93,135.61,134.52,134.76,134.76,1441167,0.0,1.0,MMM
2017-09-11,132.72,134.85,132.48,134.71,134.71,1771859,0.0,1.0,MMM
2017-09-08,131.36,132.5,130.59,132.22,132.22,1462837,0.0,1.0,MMM
2017-09-07,129.51,131.59,129.51,131.43,131.43,1687251,0.0,1.0,MMM
2017-09-06,129.69,130.01,129.36,129.88,129.88,2179495,0.0,1.0,MMM
2017-09-05,130.01,130.19,128.89,129.19,129.19,1934515,0.0,1.0,MMM
2017-09-01,131.53,131.72,130.64,130.85,130.85,1411075,0.0,1.0,MMM
2017-08-31,131.34,131.53,130.5,131.34,131.34,1543217,0.0,1.0,MMM
2017-08-30,130.44,130.93,129.85,130.93,130.93,1190025,0.0,1.0,MMM
2017-08-29,129.98,130.54,129.42,130.44,130.44,986514,0.0,1.0,MMM
2017-08-28,130.35,130.66,129.75,130.14,130.14,1136407,0.0,1.0,MMM
2017-08-25,130.77,130.78,129.88,129.93,129.93,1238066,0.0,1.0,MMM
2017-08-24,131.06,131.06,129.82,129.93,129.93,1223412,0.0,1.0,MMM
2017-08-23,131.17,131.2,130.05,130.28,130.28,1264423,1.175,1.0,MMM
2017-08-22,131.14,131.57,130.78,131.31,131.31,2043681,0.0,1.0,MMM
2017-08-21,130.25,130.95,129.75,130.73,130.73,1546255,0.0,1.0,MMM
2017-08-18,131.24,131.42,130.03,130.08,130.08,1830572,0.0,1.0,MMM
2017-08-17,132.8,133.01,131.2,131.24,131.24,1318130,0.0,1.0,MMM
2017-08-16,132.43,133.34,132.05,132.88,132.88,1691522,0.0,1.0,MMM
2017-08-15,132.3,132.83,131.98,132.41,132.41,1035755,0.0,1.0,MMM
2017-08-14,132.08,132.7,131.7,132.53,132.53,1254163,0.0,1.0,MMM
2017-08-11,132.2,132.2,131.42,131.64,131.64,1451108,0.0,1.0,MMM
2017-08-10,131.41,132.4,131.13,131.8,131.8,1537868,0.0,1.0,MMM
2017-08-09,132.1,132.88,131.39,131.96,131.96,1610899,0.0,1.0,MMM
2017-08-08,132.19,132.86,131.46,131.93,131.93,1849202,0.0,1.0,MMM
2017-08-07,132.87,133.19,132.09,132.58,132.58,1154496,0.0,1.0,MMM
2017-08-04,132.9,133.32,131.73,132.71,132.71,1516465,0.0,1.0,MMM
2017-08-03,131.6,132.7,131.09,132.69,132.69,2036944,0.0,1.0,MMM
2017-08-02,129.86,131.4,129.62,131.28,131.28,2025858,0.0,1.0,MMM
2017-08-01,129.29,129.94,128.95,129.85,129.85,1967068,0.0,1.0,MMM
2017-07-31,127.82,128.88,127.7,128.57,128.57,1820656,0.0,1.0,MMM
2017-07-28,128.33,128.49,126.98,127.64,127.64,1486137,0.0,1.0,MMM
2017-07-27,127.27,128.18,126.33,127.85,127.85,2174531,0.0,1.0,MMM
2017-07-26,128.11,128.56,126.89,127.2,127.2,2905308,0.0,1.0,MMM
2017-07-25,129.52,130.7,126.01,127.43,127.43,6486500,0.0,1.0,MMM
2017-07-24,134.98,135.27,134.21,134.21,134.21,2114737,0.0,1.0,MMM
2017-07-21,135.27,135.39,133.88,134.95,134.95,2222364,0.0,1.0,MMM
2017-07-20,135.63,136.39,135.53,135.78,135.78,1323187,0.0,1.0,MMM
2017-07-19,135.18,135.56,134.96,135.55,135.55,785886,0.0,1.0,MMM
2017-07-18,134.65,135.18,134.4,135.05,135.05,1559820,0.0,1.0,MMM
2017-07-17,135.62,135.62,134.59,135.29,135.29,1233686,0.0,1.0,MMM
2017-07-14,135.18,135.64,134.62,135.34,135.34,1054338,0.0,1.0,MMM
2017-07-13,134.98,135.49,134.33,134.91,134.91,1137743,0.0,1.0,MMM
2017-07-12,134.79,135.99,134.39,135.04,135.04,1445663,0.0,1.0,MMM
2017-07-11,134.47,134.98,132.93,134.0,134.0,1266968,0.0,1.0,MMM
2017-07-10,133.96,135.32,133.57,134.53,134.53,1308382,0.0,1.0,MMM
2017-07-07,133.25,134.31,132.96,133.95,133.95,1454921,0.0,1.0,MMM
2017-07-06,133.61,134.03,132.86,132.95,132.95,1175987,0.0,1.0,MMM
2017-07-05,134.21,134.37,133.84,134.06,134.06,1063105,0.0,1.0,MMM
2017-07-03,133.66,134.43,133.41,134.1,134.1,1040234,0.0,1.0,MMM
2017-06-30,134.16,134.16,132.84,133.06,133.06,1749132,0.0,1.0,MMM
2017-06-29,134.88,134.88,132.35,132.84,132.84,1792372,0.0,1.0,MMM
2017-06-28,134.71,134.96,134.27,134.61,134.61,1532866,0.0,1.0,MMM
2017-06-27,135.49,135.81,133.82,134.07,134.07,2226566,0.0,1.0,MMM
2017-06-26,136.0,136.43,135.69,135.88,135.88,1319058,0.0,1.0,MMM
2017-06-23,135.49,136.24,135.31,136.07,136.07,1493098,0.0,1.0,MMM
2017-06-22,135.96,136.21,135.55,135.63,135.63,1398732,0.0,1.0,MMM
2017-06-21,136.78,136.78,135.55,136.04,136.04,1609653,0.0,1.0,MMM
2017-06-20,136.42,137.13,136.16,136.36,136.36,1528215,0.0,1.0,MMM
2017-06-19,136.77,136.77,135.94,136.36,136.36,1567633,0.0,1.0,MMM
2017-06-16,135.32,136.42,135.13,136.28,136.28,3407916,0.0,1.0,MMM
2017-06-15,133.89,135.06,133.85,135.04,135.04,1590599,0.0,1.0,MMM
2017-06-14,134.07,134.71,133.91,134.22,134.22,1577807,0.0,1.0,MMM
2017-06-13,132.67,134.0,132.65,133.64,133.64,1684945,0.0,1.0,MMM
2017-06-12,132.33,133.2,131.34,132.54,132.54,2358406,0.0,1.0,MMM
2017-06-09,131.66,132.28,131.43,132.25,132.25,1893115,0.0,1.0,MMM
2017-06-08,130.91,131.68,130.44,131.62,131.62,2441365,0.0,1.0,MMM
2017-06-07,131.48,131.57,130.44,131.02,131.02,1880877,0.0,1.0,MMM
2017-06-06,131.66,132.08,131.28,131.28,131.28,1455362,0.0,1.0,MMM
2017-06-05,132.15,132.51,131.8,131.8,131.8,1247418,0.0,1.0,MMM
2017-06-02,131.06,132.54,130.88,132.1,132.1,1830419,0.0,1.0,MMM
2017-06-01,130.54,130.95,130.17,130.6,130.6,2347313,0.0,1.0,MMM
2017-05-31,129.57,130.68,129.27,130.68,130.68,2945091,0.0,1.0,MMM
2017-05-30,128.02,129.76,127.8,129.38,129.38,2168167,0.0,1.0,MMM
2017-05-26,127.27,128.26,127.16,128.25,128.25,1409579,0.0,1.0,MMM
2017-05-25,126.81,127.57,126.38,127.53,127.53,1460317,0.0,1.0,MMM
2017-05-24,126.86,126.88,126.08,126.22,126.22,1206374,0.0,1.0,MMM
2017-05-23,127.01,127.16,126.24,126.37,126.37,1514189,0.0,1.0,MMM
2017-05-22,125.49,126.97,125.49,126.87,126.87,1835895,0.0,1.0,MMM
2017-05-19,125.46,125.46,124.27,125.14,125.14,1858172,0.0,1.0,MMM
2017-05-18,124.31,125.15,123.69,124.78,124.78,1899375,0.0,1.0,MMM
2017-05-17,124.88,125.21,124.45,124.52,124.52,1877028,1.175,1.0,MMM
2017-05-16,125.45,125.75,125.06,125.73,125.73,1180901,0.0,1.0,MMM
2017-05-15,124.94,125.62,124.66,125.55,125.55,1458454,0.0,1.0,MMM
2017-05-12,124.45,125.23,124.43,124.88,124.88,1244271,0.0,1.0,MMM
2017-05-11,124.54,125.11,124.04,124.99,124.99,1659515,0.0,1.0,MMM
2017-05-10,125.38,125.52,124.85,124.92,124.92,2247749,0.0,1.0,MMM
2017-05-09,126.65,126.65,125.49,125.76,125.76,1746292,0.0,1.0,MMM
2017-05-08,126.32,126.52,125.98,126.2,126.2,1575940,0.0,1.0,MMM
2017-05-05,126.85,126.99,126.41,126.67,126.67,1630354,0.0,1.0,MMM
2017-05-04,125.98,126.76,125.63,126.74,126.74,2320839,0.0,1.0,MMM
2017-05-03,124.9,125.7,124.33,125.55,125.55,2339537,0.0,1.0,MMM
2017-05-02,123.98,124.85,123.61,124.85,124.85,2463719,0.0,1.0,MMM
2017-05-01,124.2,124.34,123.54,123.76,123.76,1498522,0.0,1.0,MMM
2017-04-28,124.61,125.23,124.22,124.41,124.41,2460984,0.0,1.0,MMM
2017-04-27,124.15,124.86,123.95,124.58,124.58,1770196,0.0,1.0,MMM
2017-04-26,124.32,125.09,123.87,123.88,123.88,2634154,0.0,1.0,MMM
2017-04-25,123.24,124.27,122.2,123.96,123.96,4112662,0.0,1.0,MMM
2017-04-24,122.61,123.53,122.56,123.39,123.39,2709554,0.0,1.0,MMM
2017-04-21,121.43,121.73,121.08,121.66,121.66,2584194,0.0,1.0,MMM
2017-04-20,120.72,122.04,120.64,121.44,121.44,1748179,0.0,1.0,MMM
2017-04-19,121.21,121.42,120.4,120.59,120.59,1340386,0.0,1.0,MMM
2017-04-18,120.55,121.24,120.39,120.84,120.84,1176884,0.0,1.0,MMM
2017-04-17,120.26,120.93,120.25,120.93,120.93,1543558,0.0,1.0,MMM
2017-04-13,120.23,120.61,119.83,119.84,119.84,1274376,0.0,1.0,MMM
2017-04-12,120.9,121.01,120.32,120.51,120.51,1416141,0.0,1.0,MMM
2017-04-11,120.15,120.76,120.06,120.75,120.75,1459582,0.0,1.0,MMM
2017-04-10,120.8,121.03,120.26,120.52,120.52,1682689,0.0,1.0,MMM
2017-04-07,120.72,121.06,120.4,120.7,120.7,1025166,0.0,1.0,MMM
2017-04-06,120.96,121.35,120.38,120.63,120.63,1627375,0.0,1.0,MMM
2017-04-05,121.15,122.24,120.73,120.86,120.86,1448737,0.0,1.0,MMM
2017-04-04,121.06,121.33,120.56,120.82,120.82,1349899,0.0,1.0,MMM
2017-04-03,121.89,122.08,120.67,121.16,121.16,1546695,0.0,1.0,MMM
2017-03-31,121.53,122.23,121.33,121.55,121.55,1730048,0.0,1.0,MMM
2017-03-30,121.17,121.65,120.77,121.52,121.52,1835414,0.0,1.0,MMM
2017-03-29,121.08,121.52,120.87,121.13,121.13,1692204,0.0,1.0,MMM
2017-03-28,120.66,121.65,120.45,121.33,121.33,2330159,0.0,1.0,MMM
2017-03-27,121.15,121.34,120.17,120.98,120.98,1984622,0.0,1.0,MMM
2017-03-24,122.05,122.37,121.27,121.66,121.66,1435374,0.0,1.0,MMM
2017-03-23,122.05,122.59,121.48,122.06,122.06,1481951,0.0,1.0,MMM
2017-03-22,122.16,122.53,120.99,122.11,122.11,1627326,0.0,1.0,MMM
2017-03-21,122.92,122.92,121.66,122.06,122.06,1895059,0.0,1.0,MMM
2017-03-20,122.3,122.93,122.15,122.61,122.61,2085593,0.0,1.0,MMM
2017-03-17,121.22,122.2,120.92,122.2,122.2,4228102,0.0,1.0,MMM
2017-03-16,121.38,121.74,120.47,120.9,120.9,1937139,0.0,1.0,MMM
2017-03-15,120.82,121.88,120.52,121.46,121.46,2046978,0.0,1.0,MMM
2017-03-14,121.29,121.62,120.14,120.91,120.91,1893619,0.0,1.0,MMM
2017-03-13,121.83,121.95,120.99,121.67,121.67,1972733,0.0,1.0,MMM
2017-03-10,121.11,121.49,120.72,121.47,121.47,2514991,0.0,1.0,MMM
2017-03-09,120.23,120.95,120.18,120.64,120.64,1556675,0.0,1.0,MMM
2017-03-08,120.52,120.83,120.05,120.39,120.39,1565272,0.0,1.0,MMM
2017-03-07,119.62,120.23,119.59,120.12,120.12,1661986,0.0,1.0,MMM
2017-03-06,120.02,120.22,119.6,120.0,120.0,1668743,0.0,1.0,MMM
2017-03-03,120.61,120.86,119.78,120.26,120.26,1627706,0.0,1.0,MMM
2017-03-02,120.36,120.77,120.09,120.63,120.63,1763962,0.0,1.0,MMM
2017-03-01,119.48,121.05,119.44,120.61,120.61,2226206,0.0,1.0,MMM
2017-02-28,118.63,119.11,118.36,118.38,118.38,1932120,0.0,1.0,MMM
2017-02-27,119.11,119.15,118.4,118.74,118.74,1393808,0.0,1.0,MMM
2017-02-24,118.68,119.69,118.35,119.06,119.06,2126138,0.0,1.0,MMM
2017-02-23,118.1,119.09,117.98,118.92,118.92,2401641,0.0,1.0,MMM
2017-02-22,116.51,118.24,116.31,118.19,118.19,2850946,0.0,1.0,MMM
2017-02-21,116.12,116.65,115.65,116.49,116.49,1736345,0.0,1.0,MMM
2017-02-17,116.53,116.64,115.96,116.22,116.22,1961456,0.0,1.0,MMM
2017-02-16,115.46,116.55,115.38,116.52,116.52,2164045,0.0,1.0,MMM
2017-02-15,114.54,115.51,114.45,115.43,115.43,1762914,1.175,1.0,MMM
2017-02-14,114.16,114.88,114.03,114.63,114.63,2036188,0.0,1.0,MMM
2017-02-13,113.53,114.49,113.15,114.26,114.26,1929821,0.0,1.0,MMM
2017-02-10,112.54,113.35,112.47,112.98,112.98,1392438,0.0,1.0,MMM
2017-02-09,111.64,112.7,111.64,112.47,112.47,2009742,0.0,1.0,MMM
2017-02-08,110.85,112.1,110.77,111.77,111.77,2145683,0.0,1.0,MMM
2017-02-07,111.14,111.34,110.56,110.94,110.94,1247189,0.0,1.0,MMM
2017-02-06,109.9,111.22,109.76,110.52,110.52,1622756,0.0,1.0,MMM
2017-02-03,109.84,110.65,109.73,110.48,110.48,2820960,0.0,1.0,MMM
2017-02-02,109.91,110.32,109.54,109.94,109.94,3106798,0.0,1.0,MMM
2017-02-01,110.57,110.96,110.02,110.57,110.57,2272854,0.0,1.0,MMM
2017-01-31,110.3,110.75,109.71,110.35,110.35,1845467,0.0,1.0,MMM
2017-01-30,111.88,112.18,110.38,110.72,110.72,1823128,0.0,1.0,MMM
2017-01-27,112.02,112.34,111.61,112.02,112.02,1623666,0.0,1.0,MMM
2017-01-26,111.29,111.87,111.12,111.61,111.61,2233979,0.0,1.0,MMM
2017-01-25,111.78,112.75,111.45,111.55,111.55,3462633,0.0,1.0,MMM
2017-01-24,112.04,112.2,110.09,111.07,111.07,3473183,0.0,1.0,MMM
2017-01-23,112.3,112.98,111.8,112.67,112.67,1986783,0.0,1.0,MMM
2017-01-20,113.11,113.27,112.25,112.66,112.66,1761780,0.0,1.0,MMM
2017-01-19,113.14,113.49,112.2,112.78,112.78,1464364,0.0,1.0,MMM
2017-01-18,112.29,113.26,111.96,112.66,112.66,1804904,0.0,1.0,MMM
2017-01-17,111.72,112.15,111.25,111.89,111.89,1557453,0.0,1.0,MMM
2017-01-13,112.09,112.3,111.61,111.97,111.97,1265593,0.0,1.0,MMM
2017-01-12,111.7,112.16,110.93,112.0,112.0,1321766,0.0,1.0,MMM
2017-01-11,111.49,112.64,111.34,112.28,112.28,1579593,0.0,1.0,MMM
2017-01-10,111.95,112.03,111.29,111.46,111.46,2030149,0.0,1.0,MMM
2017-01-09,112.59,112.59,111.85,111.89,111.89,1622625,0.0,1.0,MMM
2017-01-06,111.9,112.73,110.96,112.5,112.5,1625049,0.0,1.0,MMM
2017-01-05,112.52,113.07,111.65,112.17,112.17,1447568,0.0,1.0,MMM
2017-01-04,112.37,112.92,112.11,112.55,112.55,1541985,0.0,1.0,MMM
2017-01-03,112.88,113.62,111.86,112.38,112.38,2510055,0.0,1.0,MMM
2016-12-30,112.98,113.29,112.53,112.71,112.71,1594245,0.0,1.0,MMM
2016-12-29,112.54,113.08,112.37,112.61,112.61,1101983,0.0,1.0,MMM
2016-12-28,112.91,113.27,112.37,112.4,112.4,1287918,0.0,1.0,MMM
2016-12-27,112.77,113.11,112.71,112.93,112.93,651000,0.0,1.0,MMM
2016-12-23,113.04,113.17,112.69,112.83,112.83,731194,0.0,1.0,MMM
2016-12-22,112.91,113.27,112.34,113.11,113.11,1225630,0.0,1.0,MMM
2016-12-21,112.73,113.32,112.62,112.62,112.62,1556047,0.0,1.0,MMM
2016-12-20,112.57,113.19,112.39,112.76,112.76,1378216,0.0,1.0,MMM
2016-12-19,112.11,112.78,111.92,112.45,112.45,1381974,0.0,1.0,MMM
2016-12-16,111.44,112.67,111.44,112.01,112.01,3889730,0.0,1.0,MMM
2016-12-15,111.89,112.09,110.49,111.1,111.1,2055610,0.0,1.0,MMM
2016-12-14,113.08,113.23,111.35,111.47,111.47,2234172,0.0,1.0,MMM
2016-12-13,113.34,113.65,111.58,112.88,112.88,2708604,0.0,1.0,MMM
2016-12-12,112.51,113.5,112.08,113.39,113.39,2295986,0.0,1.0,MMM
2016-12-09,110.69,112.9,110.65,112.66,112.66,2650644,0.0,1.0,MMM
2016-12-08,111.14,111.31,110.31,111.01,111.01,1788382,0.0,1.0,MMM
2016-12-07,108.81,111.13,108.55,111.12,111.12,3164316,0.0,1.0,MMM
2016-12-06,108.45,108.58,108.08,108.44,108.44,1467548,0.0,1.0,MMM
2016-12-05,108.96,109.17,107.99,108.33,108.33,2181327,0.0,1.0,MMM
2016-12-02,108.9,109.63,108.72,108.84,108.84,1871524,0.0,1.0,MMM
2016-12-01,108.34,109.03,108.22,108.96,108.96,1756890,0.0,1.0,MMM
2016-11-30,108.69,109.32,108.31,108.4,108.4,2595787,0.0,1.0,MMM
2016-11-29,108.91,109.38,108.66,109.05,109.05,1483189,0.0,1.0,MMM
2016-11-28,109.55,109.68,108.74,108.88,108.88,1677696,0.0,1.0,MMM
2016-11-25,108.7,109.82,108.7,109.51,109.51,945845,0.0,1.0,MMM
2016-11-23,108.62,109.04,108.41,108.72,108.72,1477958,0.0,1.0,MMM
2016-11-22,108.36,108.62,108.11,108.51,108.51,1553303,0.0,1.0,MMM
2016-11-21,108.2,108.55,107.76,108.26,108.26,1993936,0.0,1.0,MMM
2016-11-18,108.89,109.37,108.75,109.17,109.17,1711068,0.0,1.0,MMM
2016-11-17,108.57,109.35,108.57,109.05,109.05,1783744,0.0,1.0,MMM
2016-11-16,109.28,109.34,108.29,108.57,108.57,2022623,1.11,1.0,MMM
2016-11-15,108.6,109.28,107.81,109.27,109.27,2177504,0.0,1.0,MMM
2016-11-14,109.9,110.07,107.81,108.44,108.44,2607032,0.0,1.0,MMM
2016-11-11,109.16,109.83,108.95,109.8,109.8,1868162,0.0,1.0,MMM
2016-11-10,106.72,109.54,106.48,109.3,109.3,3280034,0.0,1.0,MMM
2016-11-09,104.01,107.24,104.01,106.86,106.86,3659314,0.0,1.0,MMM
2016-11-08,106.55,107.9,106.48,107.26,107.26,1956187,0.0,1.0,MMM
2016-11-07,105.45,106.55,105.35,106.45,106.45,1930929,0.0,1.0,MMM
2016-11-04,104.87,105.27,104.37,104.41,104.41,1927527,0.0,1.0,MMM
2016-11-03,104.19,105.14,103.64,104.63,104.63,2504984,0.0,1.0,MMM
2016-11-02,103.29,104.34,102.8,103.94,103.94,2233414,0.0,1.0,MMM
2016-11-01,103.73,103.99,102.76,103.01,103.01,2455784,0.0,1.0,MMM
2016-10-31,104.4,104.45,103.59,103.67,103.67,2289132,0.0,1.0,MMM
2016-10-28,104.45,104.85,103.57,103.96,103.96,1934281,0.0,1.0,MMM
2016-10-27,104.65,104.7,103.66,103.96,103.96,1486376,0.0,1.0,MMM
2016-10-26,103.91,105.23,103.74,104.43,104.43,2174852,0.0,1.0,MMM
2016-10-25,106.28,106.55,103.55,104.25,104.25,3826056,0.0,1.0,MMM
2016-10-24,108.28,108.77,107.18,107.41,107.41,2668093,0.0,1.0,MMM
2016-10-21,105.43,106.34,105.19,106.3,106.3,2013555,0.0,1.0,MMM
2016-10-20,106.35,106.83,105.98,106.53,106.53,1210539,0.0,1.0,MMM
2016-10-19,107.12,107.2,106.4,106.56,106.56,1164213,0.0,1.0,MMM
2016-10-18,107.67,107.81,106.51,106.58,106.58,1185565,0.0,1.0,MMM
2016-10-17,106.95,107.3,106.58,106.75,106.75,1229184,0.0,1.0,MMM
2016-10-14,107.24,107.49,106.8,106.82,106.82,1512366,0.0,1.0,MMM
2016-10-13,105.91,106.81,105.65,106.63,106.63,1919715,0.0,1.0,MMM
2016-10-12,106.36,106.73,105.92,106.44,106.44,1554146,0.0,1.0,MMM
2016-10-11,106.77,106.91,105.79,106.41,106.41,1998576,0.0,1.0,MMM
2016-10-10,107.77,108.34,107.2,107.33,107.33,1936639,0.0,1.0,MMM
2016-10-07,107.81,107.83,106.64,107.45,107.45,2249588,0.0,1.0,MMM
2016-10-06,107.83,108.07,106.99,107.64,107.64,2273400,0.0,1.0,MMM
2016-10-05,107.66,108.22,107.46,108.11,108.11,2305546,0.0,1.0,MMM
2016-10-04,109.49,109.73,107.37,107.67,107.67,3166931,0.0,1.0,MMM
2016-10-03,109.96,110.35,109.37,109.78,109.78,1785551,0.0,1.0,MMM
2016-09-30,110.74,111.1,110.43,110.52,110.52,2419430,0.0,1.0,MMM
2016-09-29,111.3,111.4,109.67,109.98,109.98,1853613,0.0,1.0,MMM
2016-09-28,110.87,111.62,110.81,111.38,111.38,1693951,0.0,1.0,MMM
2016-09-27,110.13,111.02,110.11,110.57,110.57,2433570,0.0,1.0,MMM
2016-09-26,110.91,110.95,110.25,110.35,110.35,1820997,0.0,1.0,MMM
2016-09-23,112.51,112.7,111.12,111.25,111.25,1910978,0.0,1.0,MMM
2016-09-22,112.78,113.93,112.67,112.79,112.79,1849004,0.0,1.0,MMM
2016-09-21,111.56,112.76,111.32,112.63,112.63,1759977,0.0,1.0,MMM
2016-09-20,111.45,111.95,111.21,111.38,111.38,1598552,0.0,1.0,MMM
2016-09-19,110.41,111.6,110.41,110.83,110.83,1754929,0.0,1.0,MMM
2016-09-16,110.3,110.35,109.37,109.79,109.79,3358842,0.0,1.0,MMM
2016-09-15,110.08,111.01,109.98,110.75,110.75,1683788,0.0,1.0,MMM
2016-09-14,110.35,111.22,109.88,110.14,110.14,1864794,0.0,1.0,MMM
2016-09-13,110.9,111.38,110.35,110.42,110.42,1864569,0.0,1.0,MMM
2016-09-12,109.75,111.88,109.55,111.7,111.7,1913291,0.0,1.0,MMM
2016-09-09,112.19,112.26,110.15,110.15,110.15,2083300,0.0,1.0,MMM
2016-09-08,112.38,113.02,112.22,112.95,112.95,1423980,0.0,1.0,MMM
2016-09-07,112.91,113.23,112.6,112.73,112.73,1133540,0.0,1.0,MMM
2016-09-06,113.24,113.69,112.81,113.18,113.18,1328106,0.0,1.0,MMM
2016-09-02,113.22,113.82,112.94,113.39,113.39,1319039,0.0,1.0,MMM
2016-09-01,112.45,112.99,112.13,112.87,112.87,1095268,0.0,1.0,MMM
2016-08-31,112.57,112.74,112.0,112.41,112.41,1635998,0.0,1.0,MMM
2016-08-30,113.34,113.53,112.63,112.98,112.98,1039808,0.0,1.0,MMM
2016-08-29,112.8,113.33,112.44,113.2,113.2,1051806,0.0,1.0,MMM
2016-08-26,113.01,113.67,112.21,112.52,112.52,1324652,0.0,1.0,MMM
2016-08-25,112.32,113.09,112.29,112.62,112.62,840199,0.0,1.0,MMM
2016-08-24,112.52,112.86,112.27,112.52,112.52,1137075,0.0,1.0,MMM
2016-08-23,112.64,113.23,112.44,112.74,112.74,1195825,0.0,1.0,MMM
2016-08-22,112.37,112.63,111.86,112.3,112.3,1336377,0.0,1.0,MMM
2016-08-19,112.05,112.75,111.68,112.64,112.64,1305289,0.0,1.0,MMM
2016-08-18,112.7,112.7,112.0,112.37,112.37,1088677,0.0,1.0,MMM
2016-08-17,112.05,112.94,111.83,112.81,112.81,1358528,1.11,1.0,MMM
2016-08-16,112.27,112.4,111.7,111.73,111.73,1363554,0.0,1.0,MMM
2016-08-15,112.82,113.06,112.48,112.54,112.54,1268247,0.0,1.0,MMM
2016-08-12,113.11,113.11,112.13,112.36,112.36,1232856,0.0,1.0,MMM
2016-08-11,111.62,112.88,111.5,112.82,112.82,2043437,0.0,1.0,MMM
2016-08-10,111.02,111.48,110.85,111.46,111.46,1226260,0.0,1.0,MMM
2016-08-09,111.18,111.51,110.91,111.19,111.19,1098851,0.0,1.0,MMM
2016-08-08,111.51,111.58,111.12,111.31,111.31,1327693,0.0,1.0,MMM
2016-08-05,111.1,111.58,110.55,111.3,111.3,1799474,0.0,1.0,MMM
2016-08-04,111.55,111.83,110.72,110.83,110.83,1072341,0.0,1.0,MMM
2016-08-03,111.4,111.65,110.93,111.18,111.18,1419250,0.0,1.0,MMM
2016-08-02,111.31,111.33,110.47,111.17,111.17,2115083,0.0,1.0,MMM
2016-08-01,110.37,111.28,110.37,111.13,111.13,1598351,0.0,1.0,MMM
2016-07-29,111.02,111.46,110.71,111.17,111.17,1621915,0.0,1.0,MMM
2016-07-28,110.73,111.18,110.34,110.94,110.94,1799475,0.0,1.0,MMM
2016-07-27,110.58,111.53,110.58,111.12,111.12,2359679,0.0,1.0,MMM
2016-07-26,110.43,111.56,109.79,110.74,110.74,3421578,0.0,1.0,MMM
2016-07-25,112.32,112.46,111.52,111.96,111.96,1936896,0.0,1.0,MMM
2016-07-22,112.46,112.52,111.8,112.47,112.47,1205590,0.0,1.0,MMM
2016-07-21,113.0,113.17,112.01,112.36,112.36,1939921,0.0,1.0,MMM
2016-07-20,113.27,113.61,113.02,113.08,113.08,1413320,0.0,1.0,MMM
2016-07-19,112.89,113.22,112.38,112.97,112.97,1051302,0.0,1.0,MMM
2016-07-18,113.09,113.25,112.66,112.89,112.89,1224381,0.0,1.0,MMM
2016-07-15,113.13,113.34,112.54,113.07,113.07,2475143,0.0,1.0,MMM
2016-07-14,112.29,113.02,112.12,112.76,112.76,1904057,0.0,1.0,MMM
2016-07-13,111.71,111.99,111.38,111.7,111.7,1491437,0.0,1.0,MMM
2016-07-12,111.42,111.96,110.97,111.67,111.67,1922623,0.0,1.0,MMM
2016-07-11,110.58,111.24,110.44,110.95,110.95,1659485,0.0,1.0,MMM
2016-07-08,109.62,110.82,109.59,110.4,110.4,2726594,0.0,1.0,MMM
2016-07-07,109.13,109.48,108.54,109.0,109.0,1842372,0.0,1.0,MMM
2016-07-06,109.2,109.37,108.49,109.18,109.18,2383261,0.0,1.0,MMM
2016-07-05,108.99,109.56,108.15,109.47,109.47,2353554,0.0,1.0,MMM
2016-07-01,109.17,109.75,109.02,109.41,109.41,1930869,0.0,1.0,MMM
2016-06-30,107.25,109.17,107.25,109.15,109.15,2449398,0.0,1.0,MMM
2016-06-29,106.6,107.11,106.19,106.91,106.91,1894081,0.0,1.0,MMM
2016-06-28,104.8,105.76,104.69,105.71,105.71,2237274,0.0,1.0,MMM
2016-06-27,104.58,104.61,102.94,104.21,104.21,2556446,0.0,1.0,MMM
2016-06-24,105.26,106.92,104.96,105.41,105.41,4567121,0.0,1.0,MMM
2016-06-23,107.65,108.55,107.49,108.52,108.52,2021545,0.0,1.0,MMM
2016-06-22,107.1,107.58,106.58,106.73,106.73,1369603,0.0,1.0,MMM
2016-06-21,106.7,107.19,106.62,106.82,106.82,1889260,0.0,1.0,MMM
2016-06-20,106.52,107.71,106.29,106.73,106.73,2162785,0.0,1.0,MMM
2016-06-17,105.96,105.96,104.98,105.3,105.3,3447960,0.0,1.0,MMM
2016-06-16,104.31,106.2,103.85,105.92,105.92,2632136,0.0,1.0,MMM
2016-06-15,104.68,105.25,104.38,104.59,104.59,1694233,0.0,1.0,MMM
2016-06-14,104.27,104.6,103.84,104.47,104.47,2021662,0.0,1.0,MMM
2016-06-13,105.0,105.11,104.16,104.17,104.17,2129881,0.0,1.0,MMM
2016-06-10,105.51,105.52,104.64,105.06,105.06,2123352,0.0,1.0,MMM
2016-06-09,106.27,106.88,105.59,106.04,106.04,2208774,0.0,1.0,MMM
2016-06-08,106.55,107.16,106.37,106.85,106.85,1684867,0.0,1.0,MMM
2016-06-07,106.12,106.89,106.1,106.53,106.53,1723101,0.0,1.0,MMM
2016-06-06,105.24,106.33,105.08,106.01,106.01,1510724,0.0,1.0,MMM
2016-06-03,104.75,105.13,104.41,104.95,104.95,1433491,0.0,1.0,MMM
2016-06-02,105.16,105.16,104.26,104.74,104.74,1980584,0.0,1.0,MMM
2016-06-01,104.58,105.29,104.15,105.14,105.14,1228187,0.0,1.0,MMM
2016-05-31,105.54,105.81,104.5,104.91,104.91,2169597,0.0,1.0,MMM
2016-05-27,105.28,105.36,104.89,105.27,105.27,1099137,0.0,1.0,MMM
2016-05-26,105.97,106.44,105.05,105.28,105.28,1563894,0.0,1.0,MMM
2016-05-25,105.34,106.18,105.18,105.96,105.96,1860038,0.0,1.0,MMM
2016-05-24,104.19,105.21,103.9,105.11,105.11,1627511,0.0,1.0,MMM
2016-05-23,103.02,103.82,102.55,103.54,103.54,1653531,0.0,1.0,MMM
2016-05-20,103.0,103.76,102.8,102.85,102.85,1746994,0.0,1.0,MMM
2016-05-19,103.08,103.51,101.7,102.91,102.91,1657333,0.0,1.0,MMM
2016-05-18,103.78,104.67,103.32,103.98,103.98,1624389,1.11,1.0,MMM
2016-05-17,104.99,105.22,103.46,103.9,103.9,2126015,0.0,1.0,MMM
2016-05-16,104.33,105.2,104.29,104.98,104.98,1826217,0.0,1.0,MMM
2016-05-13,105.29,105.5,103.91,104.22,104.22,1875893,0.0,1.0,MMM
2016-05-12,105.17,105.65,104.49,105.35,105.35,1741928,0.0,1.0,MMM
2016-05-11,105.38,106.05,104.99,105.12,105.12,1786405,0.0,1.0,MMM
2016-05-10,104.78,105.5,104.64,105.42,105.42,1733137,0.0,1.0,MMM
2016-05-09,104.39,104.67,103.83,104.34,104.34,1301262,0.0,1.0,MMM
2016-05-06,103.92,104.67,103.4,104.57,104.57,1630184,0.0,1.0,MMM
2016-05-05,103.69,104.23,103.52,103.88,103.88,1680203,0.0,1.0,MMM
2016-05-04,103.01,103.84,102.96,103.5,103.5,2118061,0.0,1.0,MMM
2016-05-03,103.64,104.07,103.19,104.0,104.0,1922150,0.0,1.0,MMM
2016-05-02,103.59,104.33,103.37,104.23,104.23,1700272,0.0,1.0,MMM
2016-04-29,103.39,103.89,103.09,103.64,103.64,1961760,0.0,1.0,MMM
2016-04-28,103.31,104.5,102.91,103.4,103.4,1654554,0.0,1.0,MMM
2016-04-27,103.4,104.26,102.85,103.87,103.87,2227723,0.0,1.0,MMM
2016-04-26,103.71,103.89,102.15,102.9,102.9,3191913,0.0,1.0,MMM
2016-04-25,104.02,104.34,103.18,104.26,104.26,2378321,0.0,1.0,MMM
2016-04-22,104.7,105.11,103.93,104.43,104.43,1802263,0.0,1.0,MMM
2016-04-21,104.62,105.08,104.28,104.43,104.43,1634976,0.0,1.0,MMM
2016-04-20,105.35,105.54,104.41,104.6,104.6,1439679,0.0,1.0,MMM
2016-04-19,105.21,105.74,104.69,105.04,105.04,1849420,0.0,1.0,MMM
2016-04-18,104.31,105.18,104.26,104.98,104.98,1146593,0.0,1.0,MMM
2016-04-15,104.22,104.64,104.15,104.51,104.51,1417007,0.0,1.0,MMM
2016-04-14,104.64,104.64,103.95,104.12,104.12,1213407,0.0,1.0,MMM
2016-04-13,104.31,104.58,103.84,104.39,104.39,1545911,0.0,1.0,MMM
2016-04-12,103.41,104.27,103.36,104.04,104.04,1636492,0.0,1.0,MMM
2016-04-11,103.48,104.0,103.14,103.15,103.15,1521065,0.0,1.0,MMM
2016-04-08,103.84,104.02,102.85,103.17,103.17,1729301,0.0,1.0,MMM
2016-04-07,102.71,103.55,102.32,103.5,103.5,2728068,0.0,1.0,MMM
2016-04-06,102.38,103.45,102.07,103.29,103.29,2092183,0.0,1.0,MMM
2016-04-05,102.28,103.12,101.95,102.67,102.67,1617437,0.0,1.0,MMM
2016-04-04,103.47,103.71,102.73,103.03,103.03,2022797,0.0,1.0,MMM
2016-04-01,102.56,103.86,102.03,103.73,103.73,2011569,0.0,1.0,MMM
2016-03-31,103.25,103.71,103.09,103.17,103.17,1777204,0.0,1.0,MMM
2016-03-30,102.39,103.54,102.26,103.25,103.25,2195874,0.0,1.0,MMM
2016-03-29,102.12,102.16,101.0,101.79,101.79,2525004,0.0,1.0,MMM
2016-03-28,102.12,103.19,101.9,102.96,102.96,2336768,0.0,1.0,MMM
2016-03-24,101.35,101.88,100.96,101.83,101.83,1868669,0.0,1.0,MMM
2016-03-23,101.92,102.16,101.21,101.71,101.71,2304955,0.0,1.0,MMM
2016-03-22,101.86,102.47,101.79,102.11,102.11,2146288,0.0,1.0,MMM
2016-03-21,102.2,102.36,101.8,102.07,102.07,2095053,0.0,1.0,MMM
2016-03-18,101.64,102.37,101.48,102.37,102.37,5852042,0.0,1.0,MMM
2016-03-17,101.03,101.77,100.83,101.39,101.39,2790076,0.0,1.0,MMM
2016-03-16,100.28,101.11,100.01,100.86,100.86,1927690,0.0,1.0,MMM
2016-03-15,99.17,100.62,98.67,100.56,100.56,1828242,0.0,1.0,MMM
2016-03-14,100.07,100.78,99.69,100.19,100.19,1747318,0.0,1.0,MMM
2016-03-11,99.77,100.34,99.47,100.23,100.23,1697170,0.0,1.0,MMM
2016-03-10,99.55,99.56,98.0,99.0,99.0,1875660,0.0,1.0,MMM
2016-03-09,99.38,99.55,98.77,99.12,99.12,1883182,0.0,1.0,MMM
2016-03-08,98.7,99.45,98.67,99.19,99.19,2010709,0.0,1.0,MMM
2016-03-07,99.06,99.42,97.94,99.42,99.42,2012810,0.0,1.0,MMM
2016-03-04,98.73,99.25,98.4,99.11,99.11,1766328,0.0,1.0,MMM
2016-03-03,98.7,98.88,98.15,98.69,98.69,1926039,0.0,1.0,MMM
2016-03-02,98.38,98.99,98.17,98.7,98.7,1807199,0.0,1.0,MMM
2016-03-01,98.3,98.88,97.59,98.82,98.82,2204125,0.0,1.0,MMM
2016-02-29,97.84,98.52,97.1,97.13,97.13,1992551,0.0,1.0,MMM
2016-02-26,98.54,98.76,97.88,98.0,98.0,1843721,0.0,1.0,MMM
2016-02-25,97.55,98.45,97.22,98.44,98.44,1718362,0.0,1.0,MMM
2016-02-24,95.87,97.59,95.13,97.35,97.35,1937494,0.0,1.0,MMM
2016-02-23,97.6,97.64,96.08,96.7,96.7,1922760,0.0,1.0,MMM
2016-02-22,97.52,98.13,97.28,97.64,97.64,2207565,0.0,1.0,MMM
2016-02-19,97.21,97.27,96.51,96.87,96.87,2121331,0.0,1.0,MMM
2016-02-18,96.81,97.19,96.57,97.08,97.08,2010218,0.0,1.0,MMM
2016-02-17,96.59,97.29,96.34,96.98,96.98,2156064,0.0,1.0,MMM
2016-02-16,95.97,96.53,95.51,96.3,96.3,2140576,0.0,1.0,MMM
2016-02-12,93.81,95.4,93.44,95.33,95.33,2292155,0.0,1.0,MMM
2016-02-11,92.82,94.12,92.26,93.29,93.29,3182232,0.0,1.0,MMM
2016-02-10,95.62,96.28,94.19,94.39,94.39,2911985,1.11,1.0,MMM
2016-02-09,94.02,95.75,93.71,95.12,95.12,2968409,0.0,1.0,MMM
2016-02-08,93.21,94.93,92.83,94.6,94.6,2505155,0.0,1.0,MMM
2016-02-05,94.17,94.59,93.32,94.34,94.34,3368475,0.0,1.0,MMM
2016-02-04,93.69,94.9,93.3,94.32,94.32,3458366,0.0,1.0,MMM
2016-02-03,91.81,93.96,91.57,93.75,93.75,5766459,0.0,1.0,MMM
2016-02-02,90.72,91.15,89.78,90.9,90.9,3581729,0.0,1.0,MMM
2016-02-01,91.79,92.08,91.04,91.43,91.43,2700383,0.0,1.0,MMM
2016-01-29,91.12,92.82,90.98,92.82,92.82,3993161,0.0,1.0,MMM
2016-01-28,89.85,90.88,89.27,90.56,90.56,3067920,0.0,1.0,MMM
2016-01-27,89.1,90.96,88.55,89.47,89.47,3596279,0.0,1.0,MMM
2016-01-26,87.16,89.14,86.26,89.0,89.0,5128273,0.0,1.0,MMM
2016-01-25,85.42,85.67,84.54,84.57,84.57,2805399,0.0,1.0,MMM
2016-01-22,86.14,86.32,84.88,85.76,85.76,2979077,0.0,1.0,MMM
2016-01-21,84.19,85.24,83.69,84.68,84.68,3355469,0.0,1.0,MMM
2016-01-20,84.18,84.68,82.77,84.19,84.19,4136313,0.0,1.0,MMM
2016-01-19,86.12,86.55,84.47,85.07,85.07,3399796,0.0,1.0,MMM
2016-01-15,85.01,86.12,84.34,85.25,85.25,4683496,0.0,1.0,MMM
2016-01-14,85.9,87.56,85.36,86.78,86.78,3720400,0.0,1.0,MMM
2016-01-13,86.61,87.41,85.16,85.27,85.27,2598252,0.0,1.0,MMM
2016-01-12,86.89,87.38,85.52,86.59,86.59,2363612,0.0,1.0,MMM
2016-01-11,86.66,86.94,85.7,86.34,86.34,2775527,0.0,1.0,MMM
2016-01-08,86.89,87.6,86.19,86.36,86.36,2663879,0.0,1.0,MMM
2016-01-07,87.61,87.98,86.45,86.66,86.66,3553519,0.0,1.0,MMM
2016-01-06,89.5,89.6,88.16,88.82,88.82,2997126,0.0,1.0,MMM
2016-01-05,90.25,90.67,89.51,90.64,90.64,2688082,0.0,1.0,MMM
2016-01-04,91.01,91.17,89.38,90.25,90.25,3277188,0.0,1.0,MMM
2015-12-31,93.27,93.51,92.59,92.6,92.6,1607102,0.0,1.0,MMM
2015-12-30,93.92,94.48,93.27,93.38,93.38,1553075,0.0,1.0,MMM
2015-12-29,93.56,94.21,93.44,93.98,93.98,1824690,0.0,1.0,MMM
2015-12-28,92.9,93.29,92.37,92.96,92.96,1275184,0.0,1.0,MMM
2015-12-24,92.71,93.31,92.56,92.94,92.94,848403,0.0,1.0,MMM
2015-12-23,92.02,93.18,91.91,92.92,92.92,2215346,0.0,1.0,MMM
2015-12-22,91.05,91.89,90.53,91.57,91.57,2528661,0.0,1.0,MMM
2015-12-21,90.72,91.18,90.17,90.66,90.66,2284411,0.0,1.0,MMM
2015-12-18,91.11,91.35,90.21,90.31,90.31,5717994,0.0,1.0,MMM
2015-12-17,92.3,92.73,91.49,91.5,91.5,3053902,0.0,1.0,MMM
2015-12-16,91.07,92.54,90.82,92.18,92.18,4773934,0.0,1.0,MMM
2015-12-15,93.43,94.06,90.41,91.06,91.06,8645905,0.0,1.0,MMM
2015-12-14,95.46,96.98,94.87,96.9,96.9,3461796,0.0,1.0,MMM
2015-12-11,95.62,96.14,94.92,95.17,95.17,2523192,0.0,1.0,MMM
2015-12-10,95.73,97.55,95.64,96.83,96.83,2551233,0.0,1.0,MMM
2015-12-09,96.0,97.27,95.24,95.92,95.92,2660838,0.0,1.0,MMM
2015-12-08,96.16,97.04,95.69,96.38,96.38,2350423,0.0,1.0,MMM
2015-12-07,96.83,97.12,96.39,96.97,96.97,2141675,0.0,1.0,MMM
2015-12-04,95.15,97.36,95.02,97.26,97.26,2175780,0.0,1.0,MMM
2015-12-03,96.24,96.45,94.49,94.9,94.9,2609503,0.0,1.0,MMM
2015-12-02,96.44,96.66,95.59,95.71,95.71,2034611,0.0,1.0,MMM
2015-12-01,96.15,96.92,96.0,96.45,96.45,2258862,0.0,1.0,MMM
2015-11-30,97.18,97.41,96.24,96.25,96.25,2934232,0.0,1.0,MMM
2015-11-27,96.82,97.42,96.47,97.12,97.12,876130,0.0,1.0,MMM
2015-11-25,97.16,97.41,96.9,96.9,96.9,1184162,0.0,1.0,MMM
2015-11-24,96.74,97.33,96.44,96.97,96.97,2100625,0.0,1.0,MMM
2015-11-23,97.68,98.21,97.22,97.52,97.52,1430410,0.0,1.0,MMM
2015-11-20,97.54,98.25,97.33,97.71,97.71,1891113,0.0,1.0,MMM
2015-11-19,96.9,97.44,96.33,97.36,97.36,1518046,0.0,1.0,MMM
2015-11-18,96.0,96.82,95.94,96.75,96.75,2226895,1.025,1.0,MMM
2015-11-17,96.71,96.82,95.59,95.9,95.9,2392964,0.0,1.0,MMM
2015-11-16,95.04,96.65,95.04,96.62,96.62,2394999,0.0,1.0,MMM
2015-11-13,95.27,95.84,95.03,95.06,95.06,2434419,0.0,1.0,MMM
2015-11-12,96.36,96.67,95.37,95.46,95.46,2305645,0.0,1.0,MMM
2015-11-11,96.41,97.41,96.21,97.14,97.14,2527087,0.0,1.0,MMM
2015-11-10,96.02,96.28,95.54,96.24,96.24,1962870,0.0,1.0,MMM
2015-11-09,96.9,96.9,95.73,96.17,96.17,2420917,0.0,1.0,MMM
2015-11-06,96.51,97.26,96.33,97.26,97.26,1859945,0.0,1.0,MMM
2015-11-05,97.34,97.46,96.66,97.1,97.1,2023648,0.0,1.0,MMM
2015-11-04,97.11,97.4,96.87,97.05,97.05,2254169,0.0,1.0,MMM
2015-11-03,97.4,97.59,96.9,96.95,96.95,2972122,0.0,1.0,MMM
2015-11-02,96.2,97.77,96.09,97.67,97.67,2701780,0.0,1.0,MMM
2015-10-30,96.37,96.91,96.01,96.01,96.01,2672128,0.0,1.0,MMM
2015-10-29,96.34,96.44,95.81,96.26,96.26,1484607,0.0,1.0,MMM
2015-10-28,95.57,96.7,95.4,96.54,96.54,2724680,0.0,1.0,MMM
2015-10-27,95.27,95.88,94.71,95.72,95.72,1970110,0.0,1.0,MMM
2015-10-26,95.31,95.74,95.05,95.6,95.6,2136125,0.0,1.0,MMM
2015-10-23,95.6,96.0,94.36,95.15,95.15,2997423,0.0,1.0,MMM
2015-10-22,92.43,95.91,92.01,95.27,95.27,5111766,0.0,1.0,MMM
2015-10-21,91.3,92.46,90.94,91.5,91.5,3011800,0.0,1.0,MMM
2015-10-20,90.05,91.41,89.86,91.07,91.07,2409281,0.0,1.0,MMM
2015-10-19,90.37,90.64,89.92,90.39,90.39,2004235,0.0,1.0,MMM
2015-10-16,91.47,91.47,90.07,90.82,90.82,2490502,0.0,1.0,MMM
2015-10-15,91.39,91.54,90.4,91.11,91.11,2589025,0.0,1.0,MMM
2015-10-14,91.0,91.4,90.5,90.58,90.58,2260312,0.0,1.0,MMM
2015-10-13,90.94,91.61,90.83,91.07,91.07,2027618,0.0,1.0,MMM
2015-10-12,91.77,91.95,91.33,91.65,91.65,1429298,0.0,1.0,MMM
2015-10-09,91.34,92.01,91.18,91.55,91.55,2293990,0.0,1.0,MMM
2015-10-08,89.56,91.34,89.53,91.29,91.29,2008766,0.0,1.0,MMM
2015-10-07,89.62,90.72,89.25,90.11,90.11,1957149,0.0,1.0,MMM
2015-10-06,89.16,89.56,88.8,89.04,89.04,2256802,0.0,1.0,MMM
2015-10-05,88.13,89.53,87.72,89.36,89.36,2987249,0.0,1.0,MMM
2015-10-02,84.94,87.52,84.63,87.46,87.46,3064411,0.0,1.0,MMM
2015-10-01,86.85,87.03,85.25,85.99,85.99,2486292,0.0,1.0,MMM
2015-09-30,87.04,87.47,85.81,86.58,86.58,3453568,0.0,1.0,MMM
2015-09-29,84.66,86.82,84.54,86.45,86.45,4945961,0.0,1.0,MMM
2015-09-28,84.46,85.32,84.46,84.51,84.51,3427488,0.0,1.0,MMM
2015-09-25,85.27,85.58,84.63,85.23,85.23,3767165,0.0,1.0,MMM
2015-09-24,83.44,84.3,82.69,84.02,84.02,2690259,0.0,1.0,MMM
2015-09-23,84.6,84.83,83.58,84.07,84.07,2684501,0.0,1.0,MMM
2015-09-22,84.45,84.59,83.82,84.29,84.29,2775119,0.0,1.0,MMM
2015-09-21,85.81,86.16,85.11,85.53,85.53,2492937,0.0,1.0,MMM
2015-09-18,86.22,86.3,85.02,85.27,85.27,6526037,0.0,1.0,MMM
2015-09-17,87.83,88.89,87.04,87.3,87.3,2855145,0.0,1.0,MMM
2015-09-16,87.65,88.23,87.46,88.07,88.07,2060607,0.0,1.0,MMM
2015-09-15,86.45,87.85,86.14,87.7,87.7,2690814,0.0,1.0,MMM
2015-09-14,86.43,86.47,85.52,86.0,86.0,2277158,0.0,1.0,MMM
2015-09-11,85.87,86.31,85.36,86.27,86.27,2506009,0.0,1.0,MMM
2015-09-10,86.11,86.67,85.59,85.98,85.98,2031210,0.0,1.0,MMM
2015-09-09,88.47,88.77,85.85,86.03,86.03,2642784,0.0,1.0,MMM
2015-09-08,86.75,87.67,86.43,87.6,87.6,2432857,0.0,1.0,MMM
2015-09-04,85.47,85.91,84.99,85.4,85.4,3195773,0.0,1.0,MMM
2015-09-03,86.69,87.27,86.3,86.56,86.56,2606203,0.0,1.0,MMM
2015-09-02,85.52,86.26,85.04,86.26,86.26,3312687,0.0,1.0,MMM
2015-09-01,85.15,85.8,84.24,84.59,84.59,3671245,0.0,1.0,MMM
2015-08-31,87.33,87.84,86.74,86.81,86.81,2514923,0.0,1.0,MMM
2015-08-28,87.56,88.14,87.21,88.07,88.07,2664554,0.0,1.0,MMM
2015-08-27,87.8,88.53,86.31,87.88,87.88,4104567,0.0,1.0,MMM
2015-08-26,85.5,87.21,84.6,87.16,87.16,4562006,0.0,1.0,MMM
2015-08-25,86.64,86.76,83.91,84.06,84.06,5435890,0.0,1.0,MMM
2015-08-24,83.74,86.78,81.84,84.63,84.63,7359428,0.0,1.0,MMM
2015-08-21,87.65,88.75,86.67,86.78,86.78,5442006,0.0,1.0,MMM
2015-08-20,88.26,88.48,87.54,87.55,87.55,3281679,0.0,1.0,MMM
2015-08-19,89.29,90.11,88.73,89.09,89.09,2525241,1.025,1.0,MMM
2015-08-18,90.14,90.32,89.68,89.95,89.95,1706387,0.0,1.0,MMM
2015-08-17,89.41,90.55,88.76,90.51,90.51,1648944,0.0,1.0,MMM
2015-08-14,89.55,90.07,89.34,89.93,89.93,1401860,0.0,1.0,MMM
2015-08-13,89.76,90.1,89.2,89.39,89.39,1792788,0.0,1.0,MMM
2015-08-12,89.3,90.19,88.59,90.07,90.07,2054319,0.0,1.0,MMM
2015-08-11,90.97,90.97,89.91,90.05,90.05,1810785,0.0,1.0,MMM
2015-08-10,90.97,91.82,90.9,91.72,91.72,1571784,0.0,1.0,MMM
2015-08-07,90.05,90.97,89.86,90.3,90.3,1669711,0.0,1.0,MMM
2015-08-06,91.51,91.71,90.3,90.52,90.52,1764614,0.0,1.0,MMM
2015-08-05,92.09,92.93,91.53,91.58,91.58,1762361,0.0,1.0,MMM
2015-08-04,91.53,91.9,91.04,91.21,91.21,1811933,0.0,1.0,MMM
2015-08-03,91.45,92.05,90.33,91.04,91.04,2355558,0.0,1.0,MMM
2015-07-31,92.5,92.67,91.59,91.78,91.78,1619622,0.0,1.0,MMM
2015-07-30,91.58,92.02,91.17,91.92,91.92,2120011,0.0,1.0,MMM
2015-07-29,91.84,91.99,91.4,91.85,91.85,2176889,0.0,1.0,MMM
2015-07-28,90.27,92.01,89.95,91.64,91.64,3277739,0.0,1.0,MMM
2015-07-27,90.15,90.36,89.58,90.19,90.19,3117558,0.0,1.0,MMM
2015-07-24,90.28,91.46,90.18,90.56,90.56,3433628,0.0,1.0,MMM
2015-07-23,92.13,93.21,90.38,90.67,90.67,5176373,0.0,1.0,MMM
2015-07-22,94.36,94.8,93.66,94.25,94.25,3067734,0.0,1.0,MMM
2015-07-21,95.06,95.32,94.21,94.46,94.46,2743931,0.0,1.0,MMM
2015-07-20,95.08,95.61,94.77,95.29,95.29,2349080,0.0,1.0,MMM
2015-07-17,94.91,95.44,94.87,95.03,95.03,2428961,0.0,1.0,MMM
2015-07-16,95.57,95.79,95.03,95.32,95.32,2023869,0.0,1.0,MMM
2015-07-15,94.95,95.22,94.55,94.61,94.61,1786207,0.0,1.0,MMM
2015-07-14,94.91,95.26,94.78,95.08,95.08,1812274,0.0,1.0,MMM
2015-07-13,94.86,95.08,94.4,94.89,94.89,2107208,0.0,1.0,MMM
2015-07-10,93.84,94.52,93.7,93.97,93.97,2061221,0.0,1.0,MMM
2015-07-09,93.75,94.31,93.24,93.24,93.24,2069222,0.0,1.0,MMM
2015-07-08,93.44,93.7,92.61,92.61,92.61,2613316,0.0,1.0,MMM
2015-07-07,94.09,94.38,92.89,94.26,94.26,2865946,0.0,1.0,MMM
2015-07-06,93.33,94.35,93.29,94.05,94.05,2171054,0.0,1.0,MMM
2015-07-02,94.66,94.66,93.94,94.23,94.23,2022399,0.0,1.0,MMM
2015-07-01,94.69,94.87,93.8,94.4,94.4,1726793,0.0,1.0,MMM
2015-06-30,94.0,94.18,93.44,93.58,93.58,2561158,0.0,1.0,MMM
2015-06-29,94.56,94.88,93.35,93.37,93.37,2474876,0.0,1.0,MMM
2015-06-26,94.71,95.82,94.57,95.27,95.27,2625489,0.0,1.0,MMM
2015-06-25,95.73,96.02,94.56,94.56,94.56,2563948,0.0,1.0,MMM
2015-06-24,96.84,97.01,95.54,95.54,95.54,2862870,0.0,1.0,MMM
2015-06-23,97.28,97.56,96.74,96.94,96.94,2286400,0.0,1.0,MMM
2015-06-22,96.94,97.46,96.7,96.84,96.84,1447412,0.0,1.0,MMM
2015-06-19,96.65,96.96,96.39,96.4,96.4,3286587,0.0,1.0,MMM
2015-06-18,95.57,97.18,95.45,96.8,96.8,2528893,0.0,1.0,MMM
2015-06-17,94.97,95.57,94.46,95.18,95.18,1839387,0.0,1.0,MMM
2015-06-16,94.3,95.24,94.23,94.91,94.91,1729688,0.0,1.0,MMM
2015-06-15,95.26,95.41,94.24,94.53,94.53,2353069,0.0,1.0,MMM
2015-06-12,96.94,97.03,95.75,95.85,95.85,1910513,0.0,1.0,MMM
2015-06-11,96.5,97.25,96.43,96.95,96.95,1854228,0.0,1.0,MMM
2015-06-10,95.18,96.77,95.18,96.45,96.45,1758925,0.0,1.0,MMM
2015-06-09,95.12,95.98,94.97,95.2,95.2,1810752,0.0,1.0,MMM
2015-06-08,94.91,95.46,94.79,94.97,94.97,1608614,0.0,1.0,MMM
2015-06-05,95.52,95.8,95.2,95.26,95.26,2314771,0.0,1.0,MMM
2015-06-04,96.74,97.27,95.88,96.03,96.03,2237628,0.0,1.0,MMM
2015-06-03,96.8,97.34,96.42,97.13,97.13,2074495,0.0,1.0,MMM
2015-06-02,95.99,96.96,95.79,96.48,96.48,2481192,0.0,1.0,MMM
2015-06-01,96.49,96.89,96.17,96.42,96.42,1906559,0.0,1.0,MMM
2015-05-29,97.3,97.51,96.27,96.48,96.48,2880519,0.0,1.0,MMM
2015-05-28,97.25,97.57,96.8,97.56,97.56,1578079,0.0,1.0,MMM
2015-05-27,96.93,97.83,96.75,97.65,97.65,2625930,0.0,1.0,MMM
2015-05-26,97.63,97.84,96.45,96.79,96.79,2471109,0.0,1.0,MMM
2015-05-22,98.24,98.45,97.43,97.63,97.63,1822803,0.0,1.0,MMM
2015-05-21,98.19,98.46,98.13,98.28,98.28,2401606,0.0,1.0,MMM
2015-05-20,98.5,98.9,98.15,98.19,98.19,1978568,1.025,1.0,MMM
2015-05-19,98.27,98.59,97.96,98.3,98.3,2076094,0.0,1.0,MMM
2015-05-18,98.23,98.59,97.82,98.15,98.15,1748224,0.0,1.0,MMM
2015-05-15,98.32,98.7,98.02,98.41,98.41,1923774,0.0,1.0,MMM
2015-05-14,97.68,98.41,97.51,98.32,98.32,2462309,0.0,1.0,MMM
2015-05-13,96.68,97.47,96.64,97.21,97.21,2587859,0.0,1.0,MMM
2015-05-12,95.65,96.67,95.22,96.47,96.47,1864709,0.0,1.0,MMM
2015-05-11,96.58,97.03,96.3,96.36,96.36,1708711,0.0,1.0,MMM
2015-05-08,96.57,97.27,96.46,96.79,96.79,2025537,0.0,1.0,MMM
2015-05-07,94.75,95.94,94.75,95.59,95.59,2112923,0.0,1.0,MMM
2015-05-06,95.17,95.87,94.35,95.0,95.0,2203122,0.0,1.0,MMM
2015-05-05,95.74,96.09,94.86,95.16,95.16,1947744,0.0,1.0,MMM
2015-05-04,95.46,96.33,95.15,95.83,95.83,2240314,0.0,1.0,MMM
2015-05-01,94.49,95.27,94.49,95.03,95.03,2160149,0.0,1.0,MMM
2015-04-30,94.51,95.17,94.02,94.25,94.25,3510160,0.0,1.0,MMM
2015-04-29,94.87,95.18,94.12,94.6,94.6,3078628,0.0,1.0,MMM
2015-04-28,95.03,95.44,94.12,95.42,95.42,3387920,0.0,1.0,MMM
2015-04-27,96.11,96.46,95.1,95.21,95.21,3448755,0.0,1.0,MMM
2015-04-24,96.31,96.31,95.13,95.82,95.82,3043484,0.0,1.0,MMM
2015-04-23,96.15,97.3,95.59,96.22,96.22,5703839,0.0,1.0,MMM
2015-04-22,98.72,99.37,97.97,99.24,99.24,2228813,0.0,1.0,MMM
2015-04-21,99.83,99.86,98.61,98.83,98.83,1970534,0.0,1.0,MMM
2015-04-20,98.23,99.67,98.07,99.14,99.14,2394237,0.0,1.0,MMM
2015-04-17,99.15,99.16,97.11,97.45,97.45,3063509,0.0,1.0,MMM
2015-04-16,99.88,100.43,99.5,99.97,99.97,1662831,0.0,1.0,MMM
2015-04-15,100.47,100.85,99.96,100.31,100.31,1995871,0.0,1.0,MMM
2015-04-14,99.63,100.33,98.94,100.03,100.03,1915188,0.0,1.0,MMM
2015-04-13,100.5,100.86,99.8,99.94,99.94,1860416,0.0,1.0,MMM
2015-04-10,100.94,101.06,100.17,100.68,100.68,1501941,0.0,1.0,MMM
2015-04-09,100.19,100.75,99.49,100.52,100.52,1680624,0.0,1.0,MMM
2015-04-08,100.17,100.78,99.56,100.2,100.2,1754434,0.0,1.0,MMM
2015-04-07,99.68,100.99,99.61,100.17,100.17,2479504,0.0,1.0,MMM
2015-04-06,97.42,100.03,97.27,99.73,99.73,2560334,0.0,1.0,MMM
2015-04-02,98.46,98.82,97.7,98.11,98.11,1852617,0.0,1.0,MMM
2015-04-01,99.01,99.16,97.57,97.94,97.94,2148057,0.0,1.0,MMM
2015-03-31,99.68,100.04,99.21,99.41,99.41,2081259,0.0,1.0,MMM
2015-03-30,98.96,100.5,98.96,100.07,100.07,1684009,0.0,1.0,MMM
2015-03-27,97.85,98.77,97.64,98.53,98.53,1722661,0.0,1.0,MMM
2015-03-26,97.63,98.46,97.15,97.99,97.99,2050735,0.0,1.0,MMM
2015-03-25,100.18,100.35,98.03,98.05,98.05,2540422,0.0,1.0,MMM
2015-03-24,99.79,101.03,99.76,100.23,100.23,2090967,0.0,1.0,MMM
2015-03-23,100.54,100.59,99.94,100.12,100.12,2155702,0.0,1.0,MMM
2015-03-20,100.09,100.72,99.67,100.34,100.34,4371778,0.0,1.0,MMM
2015-03-19,100.14,100.17,99.35,99.84,99.84,1953456,0.0,1.0,MMM
2015-03-18,98.33,100.61,97.66,100.32,100.32,3062438,0.0,1.0,MMM
2015-03-17,99.75,99.76,98.46,98.97,98.97,2557894,0.0,1.0,MMM
2015-03-16,98.58,100.2,98.58,100.17,100.17,2111158,0.0,1.0,MMM
2015-03-13,98.85,99.07,97.5,98.08,98.08,2284740,0.0,1.0,MMM
2015-03-12,97.99,99.15,97.97,99.12,99.12,1715011,0.0,1.0,MMM
2015-03-11,98.05,98.36,97.42,97.47,97.47,1894304,0.0,1.0,MMM
2015-03-10,99.32,99.35,97.78,97.79,97.79,2564593,0.0,1.0,MMM
2015-03-09,99.27,100.51,99.14,100.26,100.26,1608060,0.0,1.0,MMM
2015-03-06,100.34,100.5,98.84,99.05,99.05,2114438,0.0,1.0,MMM
2015-03-05,100.77,101.06,100.46,100.99,100.99,1547152,0.0,1.0,MMM
2015-03-04,101.4,101.4,100.32,100.74,100.74,1572650,0.0,1.0,MMM
2015-03-03,102.19,102.21,100.86,101.41,101.41,2232405,0.0,1.0,MMM
2015-03-02,101.34,102.75,101.32,102.75,102.75,2223104,0.0,1.0,MMM
2015-02-27,102.25,102.3,101.58,101.64,101.64,1946016,0.0,1.0,MMM
2015-02-26,101.76,102.44,101.63,102.22,102.22,1789346,0.0,1.0,MMM
2015-02-25,101.83,102.25,101.62,101.78,101.78,2019149,0.0,1.0,MMM
2015-02-24,101.41,102.0,101.29,101.92,101.92,1770282,0.0,1.0,MMM
2015-02-23,101.33,101.77,101.07,101.73,101.73,1835977,0.0,1.0,MMM
2015-02-20,100.49,101.41,99.52,101.32,101.32,2416631,0.0,1.0,MMM
2015-02-19,100.88,100.97,100.39,100.7,100.7,1648714,0.0,1.0,MMM
2015-02-18,100.25,100.95,100.05,100.88,100.88,1552002,0.0,1.0,MMM
2015-02-17,100.0,100.59,99.49,100.59,100.59,2100869,0.0,1.0,MMM
2015-02-13,99.98,100.41,99.64,100.0,100.0,1792069,0.0,1.0,MMM
2015-02-12,99.4,100.01,99.35,99.99,99.99,1615661,0.0,1.0,MMM
2015-02-11,99.15,99.42,98.52,99.12,99.12,1695058,1.025,1.0,MMM
2015-02-10,99.06,99.5,98.58,99.31,99.31,1885097,0.0,1.0,MMM
2015-02-09,98.45,99.15,98.13,98.73,98.73,2072981,0.0,1.0,MMM
2015-02-06,99.56,100.43,99.16,99.46,99.46,1826929,0.0,1.0,MMM
2015-02-05,99.01,99.77,98.67,99.75,99.75,2050539,0.0,1.0,MMM
2015-02-04,99.29,99.32,98.37,98.71,98.71,2363703,0.0,1.0,MMM
2015-02-03,98.92,99.53,98.65,99.38,99.38,2604773,0.0,1.0,MMM
2015-02-02,97.1,98.59,96.36,98.47,98.47,2356879,0.0,1.0,MMM
2015-01-30,98.67,98.95,97.2,97.2,97.2,3561680,0.0,1.0,MMM
2015-01-29,98.26,99.52,97.55,99.5,99.5,2674418,0.0,1.0,MMM
2015-01-28,98.59,99.76,98.08,98.19,98.19,3574559,0.0,1.0,MMM
2015-01-27,97.21,98.91,96.39,98.0,98.0,4190749,0.0,1.0,MMM
2015-01-26,98.0,98.39,96.91,98.37,98.37,3556266,0.0,1.0,MMM
2015-01-23,99.27,99.41,98.17,98.23,98.23,2249181,0.0,1.0,MMM
2015-01-22,97.78,99.41,97.1,99.35,99.35,2225819,0.0,1.0,MMM
2015-01-21,96.82,97.85,96.44,97.35,97.35,1597680,0.0,1.0,MMM
2015-01-20,97.46,97.86,95.86,96.99,96.99,2095801,0.0,1.0,MMM
2015-01-16,95.74,97.13,95.28,97.02,97.02,2349676,0.0,1.0,MMM
2015-01-15,96.36,96.69,95.45,95.62,95.62,1881406,0.0,1.0,MMM
2015-01-14,95.25,96.14,94.93,95.73,95.73,1983535,0.0,1.0,MMM
2015-01-13,97.16,98.45,95.5,96.2,96.2,2706698,0.0,1.0,MMM
2015-01-12,97.26,97.26,95.84,96.27,96.27,2149230,0.0,1.0,MMM
2015-01-09,98.13,98.22,96.59,96.8,96.8,2365485,0.0,1.0,MMM
2015-01-08,96.22,98.04,96.14,98.0,98.0,3146333,0.0,1.0,MMM
2015-01-07,95.77,95.99,95.19,95.71,95.71,3081291,0.0,1.0,MMM
2015-01-06,96.32,96.65,94.48,95.02,95.02,3537144,0.0,1.0,MMM
2015-01-05,97.62,98.01,95.87,96.04,96.04,3692901,0.0,1.0,MMM
2015-01-02,98.65,98.87,97.46,98.26,98.26,2117562,0.0,1.0,MMM
2014-12-31,99.42,100.12,98.34,98.41,98.41,1631764,0.0,1.0,MMM
2014-12-30,99.75,99.86,98.99,99.32,99.32,1180680,0.0,1.0,MMM
2014-12-29,99.6,100.09,99.31,99.85,99.85,1218833,0.0,1.0,MMM
2014-12-26,100.22,100.5,99.51,99.58,99.58,1607376,0.0,1.0,MMM
2014-12-24,99.52,100.38,99.52,100.0,100.0,981961,0.0,1.0,MMM
2014-12-23,100.63,100.71,99.94,99.94,99.94,2190067,0.0,1.0,MMM
2014-12-22,99.55,100.2,99.5,100.18,100.18,2090786,0.0,1.0,MMM
2014-12-19,98.69,99.47,98.44,99.11,99.11,4891344,0.0,1.0,MMM
2014-12-18,97.26,99.0,97.02,99.0,99.0,3359781,0.0,1.0,MMM
2014-12-17,95.4,96.36,94.5,96.19,96.19,3948875,0.0,1.0,MMM
2014-12-16,94.19,96.69,94.08,95.26,95.26,3383174,0.0,1.0,MMM
2014-12-15,94.7,94.89,93.19,93.94,93.94,2610662,0.0,1.0,MMM
2014-12-12,94.96,95.22,94.1,94.1,94.1,2823193,0.0,1.0,MMM
2014-12-11,95.34,95.96,94.88,95.32,95.32,2437334,0.0,1.0,MMM
2014-12-10,96.25,96.31,94.45,94.77,94.77,3251563,0.0,1.0,MMM
2014-12-09,95.76,96.49,95.29,96.32,96.32,2051810,0.0,1.0,MMM
2014-12-08,97.08,97.5,95.89,96.38,96.38,1905159,0.0,1.0,MMM
2014-12-05,97.26,97.56,96.95,97.19,97.19,1722974,0.0,1.0,MMM
2014-12-04,97.02,97.58,96.37,97.18,97.18,2165107,0.0,1.0,MMM
2014-12-03,96.49,97.29,95.93,97.18,97.18,3040255,0.0,1.0,MMM
2014-12-02,95.1,96.29,94.95,96.19,96.19,2504391,0.0,1.0,MMM
2014-12-01,94.84,95.53,94.55,94.73,94.73,2502120,0.0,1.0,MMM
2014-11-28,95.58,96.32,95.11,95.88,95.88,1565487,0.0,1.0,MMM
2014-11-26,94.61,94.9,94.33,94.81,94.81,1823224,0.0,1.0,MMM
2014-11-25,95.23,95.64,94.67,94.67,94.67,3646343,0.0,1.0,MMM
2014-11-24,95.92,96.16,95.47,95.76,95.76,2358208,0.0,1.0,MMM
2014-11-21,96.01,96.34,95.58,95.92,95.92,2472003,0.0,1.0,MMM
2014-11-20,94.74,95.56,94.53,95.44,95.44,1748983,0.0,1.0,MMM
2014-11-19,95.43,95.47,94.61,95.13,95.13,2314262,0.855,1.0,MMM
2014-11-18,94.65,95.59,94.63,95.4,95.4,2312206,0.0,1.0,MMM
2014-11-17,94.18,94.81,94.18,94.53,94.53,1674303,0.0,1.0,MMM
2014-11-14,94.44,94.65,93.95,94.63,94.63,1786273,0.0,1.0,MMM
2014-11-13,94.12,94.76,93.81,94.33,94.33,2375052,0.0,1.0,MMM
2014-11-12,93.32,94.05,93.23,93.93,93.93,1500672,0.0,1.0,MMM
2014-11-11,94.09,94.12,93.32,93.59,93.59,1812026,0.0,1.0,MMM
2014-11-10,93.08,93.95,92.96,93.92,93.92,1463470,0.0,1.0,MMM
2014-11-07,93.02,93.3,92.62,93.26,93.26,1882753,0.0,1.0,MMM
2014-11-06,92.75,93.34,92.46,92.96,92.96,2067172,0.0,1.0,MMM
2014-11-05,92.74,93.07,91.82,92.75,92.75,2770390,0.0,1.0,MMM
2014-11-04,91.69,92.47,91.29,92.37,92.37,3128619,0.0,1.0,MMM
2014-11-03,91.23,91.97,91.13,91.32,91.32,2376422,0.0,1.0,MMM
2014-10-31,91.64,92.0,91.2,91.6,91.6,3016319,0.0,1.0,MMM
2014-10-30,89.65,90.79,89.36,90.61,90.61,1836500,0.0,1.0,MMM
2014-10-29,90.18,90.39,89.48,89.96,89.96,2060649,0.0,1.0,MMM
2014-10-28,89.26,90.03,89.09,89.99,89.99,2368229,0.0,1.0,MMM
2014-10-27,88.22,89.18,87.77,89.09,89.09,2844091,0.0,1.0,MMM
2014-10-24,86.38,88.64,86.27,88.52,88.52,4480881,0.0,1.0,MMM
2014-10-23,84.54,88.12,84.54,86.41,86.41,7428192,0.0,1.0,MMM
2014-10-22,83.94,84.05,82.63,82.77,82.77,4294426,0.0,1.0,MMM
2014-10-21,82.45,84.06,82.41,83.95,83.95,3080962,0.0,1.0,MMM
2014-10-20,81.7,82.06,81.47,81.97,81.97,2782534,0.0,1.0,MMM
2014-10-17,80.87,82.12,80.87,81.85,81.85,3749126,0.0,1.0,MMM
2014-10-16,79.48,81.0,79.08,80.45,80.45,3497195,0.0,1.0,MMM
2014-10-15,78.97,80.21,77.8,79.96,79.96,4794670,0.0,1.0,MMM
2014-10-14,79.62,80.98,79.35,79.93,79.93,3644279,0.0,1.0,MMM
2014-10-13,79.98,80.63,78.04,79.17,79.17,4583764,0.0,1.0,MMM
2014-10-10,83.0,83.16,79.72,79.72,79.72,7370317,0.0,1.0,MMM
2014-10-09,84.08,84.29,82.4,82.59,82.59,3768200,0.0,1.0,MMM
2014-10-08,82.36,84.28,82.04,84.24,84.24,4137781,0.0,1.0,MMM
2014-10-07,82.7,83.51,82.01,82.02,82.02,3145016,0.0,1.0,MMM
2014-10-06,83.73,84.16,83.16,83.6,83.6,2464699,0.0,1.0,MMM
2014-10-03,83.0,83.67,82.55,83.5,83.5,3514089,0.0,1.0,MMM
2014-10-02,82.55,82.99,82.18,82.61,82.61,3223934,0.0,1.0,MMM
2014-10-01,84.09,84.39,82.64,82.91,82.91,2925861,0.0,1.0,MMM
2014-09-30,84.89,85.13,84.16,84.4,84.4,2678708,0.0,1.0,MMM
2014-09-29,83.96,84.79,83.79,84.7,84.7,2848278,0.0,1.0,MMM
2014-09-26,84.9,85.12,83.98,84.84,84.84,3557713,0.0,1.0,MMM
2014-09-25,86.03,86.06,84.63,84.88,84.88,2740214,0.0,1.0,MMM
2014-09-24,85.88,86.45,85.62,86.31,86.31,2607517,0.0,1.0,MMM
2014-09-23,86.52,86.73,85.99,86.0,86.0,2048428,0.0,1.0,MMM
2014-09-22,87.52,87.57,86.68,86.8,86.8,2229103,0.0,1.0,MMM
2014-09-19,87.82,88.09,87.28,87.39,87.39,8106200,0.0,1.0,MMM
2014-09-18,86.8,87.61,86.79,87.47,87.47,2364800,0.0,1.0,MMM
2014-09-17,86.33,86.85,85.94,86.6,86.6,2757000,0.0,1.0,MMM
2014-09-16,85.66,86.37,85.54,86.29,86.29,1945100,0.0,1.0,MMM
2014-09-15,85.88,86.19,85.58,86.07,86.07,1868000,0.0,1.0,MMM
2014-09-12,86.05,86.05,85.48,85.75,85.75,2135400,0.0,1.0,MMM
2014-09-11,85.78,86.01,85.54,85.99,85.99,1465400,0.0,1.0,MMM
2014-09-10,86.16,86.37,85.78,86.16,86.16,1558800,0.0,1.0,MMM
2014-09-09,86.2,86.53,85.93,86.06,86.06,1745400,0.0,1.0,MMM
2014-09-08,86.03,86.65,85.85,86.31,86.31,2446100,0.0,1.0,MMM
2014-09-05,85.57,85.97,85.28,85.9,85.9,1989100,0.0,1.0,MMM
2014-09-04,85.91,86.17,85.39,85.55,85.55,1549800,0.0,1.0,MMM
2014-09-03,86.06,86.21,85.51,85.68,85.68,1533600,0.0,1.0,MMM
2014-09-02,85.37,86.15,85.37,85.91,85.91,1578800,0.0,1.0,MMM
2014-08-29,85.82,86.01,85.29,85.78,85.78,1537800,0.0,1.0,MMM
2014-08-28,85.38,85.85,85.2,85.77,85.77,1314100,0.0,1.0,MMM
2014-08-27,86.04,86.29,85.56,85.75,85.75,1402200,0.0,1.0,MMM
2014-08-26,86.38,86.61,86.12,86.14,86.14,1808100,0.0,1.0,MMM
2014-08-25,86.18,86.37,86.03,86.2,86.2,1012900,0.0,1.0,MMM
2014-08-22,86.08,86.28,85.79,85.86,85.86,1547500,0.0,1.0,MMM
2014-08-21,86.25,86.37,85.99,86.08,86.08,1475800,0.0,1.0,MMM
2014-08-20,85.7,86.27,85.48,86.14,86.14,2298800,0.855,1.0,MMM
2014-08-19,85.56,85.88,85.17,85.43,85.43,1592500,0.0,1.0,MMM
2014-08-18,84.54,85.39,84.44,85.35,85.35,1852900,0.0,1.0,MMM
2014-08-15,84.57,84.67,83.51,84.05,84.05,1960900,0.0,1.0,MMM
2014-08-14,84.09,84.32,84.01,84.3,84.3,1586900,0.0,1.0,MMM
2014-08-13,83.71,83.99,83.45,83.98,83.98,3104300,0.0,1.0,MMM
2014-08-12,83.28,83.63,83.16,83.43,83.43,2176100,0.0,1.0,MMM
2014-08-11,83.46,83.8,83.23,83.25,83.25,1919100,0.0,1.0,MMM
2014-08-08,82.49,83.43,82.25,83.41,83.41,2702600,0.0,1.0,MMM
2014-08-07,82.94,83.13,82.29,82.39,82.39,1892500,0.0,1.0,MMM
2014-08-06,82.4,82.87,81.98,82.64,82.64,2679000,0.0,1.0,MMM
2014-08-05,83.28,83.57,82.52,82.78,82.78,2168500,0.0,1.0,MMM
2014-08-04,82.92,83.48,82.44,83.35,83.35,756177,0.0,1.0,MMM
2014-08-01,82.88,83.53,82.36,82.97,82.97,579767,0.0,1.0,MMM
2014-07-31,84.88,85.01,83.26,83.44,83.44,3571100,0.0,1.0,MMM
2014-07-30,85.43,85.74,84.99,85.12,85.12,2458400,0.0,1.0,MMM
2014-07-29,86.0,86.62,85.27,85.29,85.29,2286600,0.0,1.0,MMM
2014-07-28,85.82,86.24,85.15,86.18,86.18,2002200,0.0,1.0,MMM
2014-07-25,86.26,86.43,85.63,85.94,85.94,1601800,0.0,1.0,MMM
2014-07-24,86.17,86.72,85.56,85.95,85.95,2580000,0.0,1.0,MMM
2014-07-23,86.07,86.14,85.59,85.68,85.68,1849400,0.0,1.0,MMM
2014-07-22,85.81,86.27,85.81,85.94,85.94,1608200,0.0,1.0,MMM
2014-07-21,85.67,85.79,85.07,85.46,85.46,1520900,0.0,1.0,MMM
2014-07-18,85.18,85.91,85.01,85.77,85.77,2133000,0.0,1.0,MMM
2014-07-17,86.07,86.27,84.95,85.01,85.01,2776500,0.0,1.0,MMM
2014-07-16,86.04,86.61,85.89,86.56,86.56,1969200,0.0,1.0,MMM
2014-07-15,85.87,86.15,85.49,85.91,85.91,1955700,0.0,1.0,MMM
2014-07-14,85.86,86.29,85.72,85.87,85.87,2114600,0.0,1.0,MMM
2014-07-11,85.36,85.57,85.01,85.46,85.46,1907900,0.0,1.0,MMM
2014-07-10,84.98,85.4,84.83,85.21,85.21,2070100,0.0,1.0,MMM
2014-07-09,85.74,85.89,85.3,85.68,85.68,1521800,0.0,1.0,MMM
2014-07-08,86.0,86.11,85.56,85.61,85.61,1596700,0.0,1.0,MMM
2014-07-07,86.15,86.21,85.57,85.82,85.82,1257900,0.0,1.0,MMM
2014-07-03,86.02,86.3,85.87,86.11,86.11,1142200,0.0,1.0,MMM
2014-07-02,85.41,86.05,85.02,86.01,86.01,1621300,0.0,1.0,MMM
2014-07-01,84.93,85.76,84.91,85.61,85.61,1767600,0.0,1.0,MMM
2014-06-30,85.23,85.24,84.72,84.83,84.83,1878400,0.0,1.0,MMM
2014-06-27,84.79,85.32,84.72,85.09,85.09,1981800,0.0,1.0,MMM
2014-06-26,85.13,85.27,84.42,85.12,85.12,1490900,0.0,1.0,MMM
2014-06-25,84.69,85.5,84.62,85.07,85.07,1321800,0.0,1.0,MMM
2014-06-24,85.11,85.64,84.72,84.74,84.74,1404500,0.0,1.0,MMM
2014-06-23,85.93,86.05,85.28,85.33,85.33,1390200,0.0,1.0,MMM
2014-06-20,85.6,86.05,85.4,85.97,85.97,4204600,0.0,1.0,MMM
2014-06-19,85.59,85.7,85.27,85.57,85.57,1560500,0.0,1.0,MMM
2014-06-18,85.24,85.51,84.55,85.47,85.47,1340700,0.0,1.0,MMM
2014-06-17,84.69,85.27,84.47,85.09,85.09,1209400,0.0,1.0,MMM
2014-06-16,84.64,85.0,84.45,84.88,84.88,1274300,0.0,1.0,MMM
2014-06-13,84.8,85.13,84.59,84.9,84.9,1376200,0.0,1.0,MMM
2014-06-12,85.84,85.84,84.56,84.73,84.73,1839400,0.0,1.0,MMM
2014-06-11,85.67,85.85,85.39,85.52,85.52,1489900,0.0,1.0,MMM
2014-06-10,85.85,85.99,85.55,85.85,85.85,1700000,0.0,1.0,MMM
2014-06-09,85.66,86.18,85.64,86.06,86.06,1800900,0.0,1.0,MMM
2014-06-06,85.27,85.66,85.0,85.66,85.66,1768700,0.0,1.0,MMM
2014-06-05,84.54,85.12,84.03,85.11,85.11,1542300,0.0,1.0,MMM
2014-06-04,84.63,84.69,84.25,84.25,84.25,1335700,0.0,1.0,MMM
2014-06-03,84.14,84.76,83.86,84.62,84.62,2061700,0.0,1.0,MMM
2014-06-02,84.25,84.63,83.91,84.28,84.28,1682300,0.0,1.0,MMM
2014-05-30,84.16,84.49,83.96,84.42,84.42,3908500,0.0,1.0,MMM
2014-05-29,83.8,84.35,83.61,84.32,84.32,1624100,0.0,1.0,MMM
2014-05-28,83.98,84.03,83.54,83.76,83.76,1566100,0.0,1.0,MMM
2014-05-27,83.8,83.86,83.58,83.76,83.76,1512300,0.0,1.0,MMM
2014-05-23,83.05,83.61,82.94,83.58,83.58,1209400,0.0,1.0,MMM
2014-05-22,83.33,83.48,83.06,83.09,83.09,1550100,0.0,1.0,MMM
2014-05-21,82.77,83.38,82.77,83.3,83.3,1641000,0.855,1.0,MMM
2014-05-20,83.35,83.53,82.34,82.54,82.54,1845100,0.0,1.0,MMM
2014-05-19,82.45,83.59,82.4,83.39,83.39,1529200,0.0,1.0,MMM
2014-05-16,82.96,83.11,82.36,83.07,83.07,1901700,0.0,1.0,MMM
2014-05-15,83.33,83.43,82.42,82.99,82.99,2388400,0.0,1.0,MMM
2014-05-14,83.87,84.04,83.24,83.35,83.35,2113400,0.0,1.0,MMM
2014-05-13,84.17,84.39,83.77,83.84,83.84,1695400,0.0,1.0,MMM
2014-05-12,83.46,84.14,83.42,84.07,84.07,2972100,0.0,1.0,MMM
2014-05-09,82.74,83.22,82.56,83.2,83.2,2093000,0.0,1.0,MMM
2014-05-08,82.93,83.66,82.71,82.9,82.9,1939400,0.0,1.0,MMM
2014-05-07,82.4,83.14,81.92,83.08,83.08,2238500,0.0,1.0,MMM
2014-05-06,82.57,82.66,81.92,81.99,81.99,2299700,0.0,1.0,MMM
2014-05-05,81.9,83.03,81.61,82.77,82.77,2710900,0.0,1.0,MMM
2014-05-02,83.37,83.49,82.33,82.48,82.48,5758500,0.0,1.0,MMM
2014-05-01,82.11,83.29,81.89,82.89,82.89,3997400,0.0,1.0,MMM
2014-04-30,81.01,81.94,80.84,81.87,81.87,2904000,0.0,1.0,MMM
2014-04-29,81.15,81.17,80.38,80.97,80.97,1820900,0.0,1.0,MMM
2014-04-28,80.9,81.44,80.04,80.78,80.78,2244300,0.0,1.0,MMM
2014-04-25,80.35,80.62,79.87,80.38,80.38,2093100,0.0,1.0,MMM
2014-04-24,80.28,80.64,79.47,80.44,80.44,2847800,0.0,1.0,MMM
2014-04-23,81.71,81.76,81.17,81.23,81.23,2847500,0.0,1.0,MMM
2014-04-22,81.53,82.13,81.31,81.76,81.76,2252500,0.0,1.0,MMM
2014-04-21,80.79,81.65,80.75,81.6,81.6,1781100,0.0,1.0,MMM
2014-04-17,80.82,81.38,80.79,81.07,81.07,2645600,0.0,1.0,MMM
2014-04-16,79.57,80.51,79.35,80.51,80.51,2135200,0.0,1.0,MMM
2014-04-15,78.45,79.08,77.71,78.93,78.93,2119000,0.0,1.0,MMM
2014-04-14,78.55,78.59,77.71,78.38,78.38,2058100,0.0,1.0,MMM
2014-04-11,78.51,78.78,77.93,77.93,77.93,2368200,0.0,1.0,MMM
2014-04-10,79.9,80.31,78.82,78.86,78.86,2857200,0.0,1.0,MMM
2014-04-09,79.47,79.98,79.17,79.96,79.96,2671900,0.0,1.0,MMM
2014-04-08,79.14,79.56,78.54,79.37,79.37,2893600,0.0,1.0,MMM
2014-04-07,79.94,80.2,79.11,79.11,79.11,2807500,0.0,1.0,MMM
2014-04-04,80.58,81.1,79.92,79.97,79.97,2735300,0.0,1.0,MMM
2014-04-03,80.18,80.75,79.88,80.14,80.14,2676200,0.0,1.0,MMM
2014-04-02,80.05,80.2,79.66,80.05,80.05,3281400,0.0,1.0,MMM
2014-04-01,79.98,80.44,79.86,80.37,80.37,2370800,0.0,1.0,MMM
2014-03-31,79.24,79.98,79.22,79.85,79.85,2711800,0.0,1.0,MMM
2014-03-28,78.63,79.45,78.39,78.99,78.99,1906500,0.0,1.0,MMM
2014-03-27,78.18,78.58,77.81,78.19,78.19,2402500,0.0,1.0,MMM
2014-03-26,79.27,79.4,78.34,78.34,78.34,2318900,0.0,1.0,MMM
2014-03-25,78.68,79.19,78.23,78.91,78.91,2897600,0.0,1.0,MMM
2014-03-24,78.48,78.7,77.63,77.95,77.95,2793600,0.0,1.0,MMM
2014-03-21,78.63,79.02,78.23,78.36,78.36,5920400,0.0,1.0,MMM
2014-03-20,77.2,78.2,77.03,77.95,77.95,2577500,0.0,1.0,MMM
2014-03-19,78.14,78.2,76.86,77.25,77.25,2141000,0.0,1.0,MMM
2014-03-18,77.99,78.42,77.85,78.14,78.14,2032800,0.0,1.0,MMM
2014-03-17,76.91,78.11,76.91,77.86,77.86,2529400,0.0,1.0,MMM
2014-03-14,76.57,77.18,76.35,76.42,76.42,2975100,0.0,1.0,MMM
2014-03-13,78.4,78.68,76.9,77.0,77.0,2520700,0.0,1.0,MMM
2014-03-12,77.74,78.15,77.46,78.04,78.04,2637000,0.0,1.0,MMM
2014-03-11,78.72,78.78,77.83,78.0,78.0,1928900,0.0,1.0,MMM
2014-03-10,78.87,78.92,78.35,78.62,78.62,1966100,0.0,1.0,MMM
2014-03-07,79.39,79.47,78.71,78.94,78.94,2381400,0.0,1.0,MMM
2014-03-06,79.09,79.31,78.89,78.92,78.92,2236800,0.0,1.0,MMM
2014-03-05,78.09,78.9,77.81,78.79,78.79,3551400,0.0,1.0,MMM
2014-03-04,77.65,78.34,77.45,78.1,78.1,6975500,0.0,1.0,MMM
2014-03-03,78.33,78.76,77.51,77.82,77.82,2814400,0.0,1.0,MMM
2014-02-28,78.99,79.58,78.83,79.31,79.31,3179400,0.0,1.0,MMM
2014-02-27,78.07,79.22,77.7,79.08,79.08,3124000,0.0,1.0,MMM
2014-02-26,78.36,78.56,77.86,78.21,78.21,2771100,0.0,1.0,MMM
2014-02-25,77.86,78.54,77.62,78.25,78.25,2863100,0.0,1.0,MMM
2014-02-24,77.63,78.56,77.37,77.82,77.82,2454300,0.0,1.0,MMM
2014-02-21,77.44,77.89,77.29,77.45,77.45,2574300,0.0,1.0,MMM
2014-02-20,76.9,77.72,76.55,77.44,77.44,2155800,0.0,1.0,MMM
2014-02-19,77.31,78.12,76.79,76.85,76.85,2719400,0.0,1.0,MMM
2014-02-18,77.88,78.14,77.49,77.58,77.58,2876500,0.0,1.0,MMM
2014-02-14,76.39,77.81,76.23,77.77,77.77,3030000,0.0,1.0,MMM
2014-02-13,76.1,76.75,75.73,76.6,76.6,2850600,0.0,1.0,MMM
2014-02-12,76.72,77.11,76.53,76.78,76.78,2100600,0.855,1.0,MMM
2014-02-11,75.85,76.9,75.82,76.6,76.6,2604000,0.0,1.0,MMM
2014-02-10,75.82,76.26,75.45,75.85,75.85,3317400,0.0,1.0,MMM
2014-02-07,75.77,76.25,75.33,76.22,76.22,3263200,0.0,1.0,MMM
2014-02-06,74.62,75.56,74.33,75.38,75.38,3828400,0.0,1.0,MMM
2014-02-05,74.86,75.3,73.64,74.48,74.48,4960000,0.0,1.0,MMM
2014-02-04,73.74,74.65,72.59,74.11,74.11,7412500,0.0,1.0,MMM
2014-02-03,74.98,75.2,72.29,72.46,72.46,4245100,0.0,1.0,MMM
2014-01-31,74.04,75.56,73.93,74.97,74.97,3715400,0.0,1.0,MMM
2014-01-30,76.0,76.0,73.99,74.88,74.88,4102600,0.0,1.0,MMM
2014-01-29,76.08,76.77,75.44,76.17,76.17,3584000,0.0,1.0,MMM
2014-01-28,75.69,76.03,75.5,75.91,75.91,2734200,0.0,1.0,MMM
2014-01-27,76.04,76.37,75.24,75.42,75.42,3312800,0.0,1.0,MMM
2014-01-24,78.21,78.21,76.15,76.15,76.15,3776100,0.0,1.0,MMM
2014-01-23,79.32,79.33,78.33,78.78,78.78,2720300,0.0,1.0,MMM
2014-01-22,80.32,80.4,79.73,79.81,79.81,2118800,0.0,1.0,MMM
2014-01-21,80.97,81.26,79.71,80.11,80.11,2705700,0.0,1.0,MMM
2014-01-17,80.69,81.14,80.11,80.3,80.3,2327900,0.0,1.0,MMM
2014-01-16,80.55,80.99,80.49,80.8,80.8,1792700,0.0,1.0,MMM
2014-01-15,80.57,81.18,80.45,80.96,80.96,3025900,0.0,1.0,MMM
2014-01-14,79.01,80.36,78.8,80.36,80.36,2479700,0.0,1.0,MMM
2014-01-13,79.42,80.15,78.7,78.76,78.76,2633400,0.0,1.0,MMM
2014-01-10,80.09,80.23,79.35,79.64,79.64,3254300,0.0,1.0,MMM
2014-01-09,80.13,80.37,79.65,79.8,79.8,2539900,0.0,1.0,MMM
2014-01-08,80.4,80.56,79.73,79.9,79.9,3122700,0.0,1.0,MMM
2014-01-07,80.38,80.82,80.19,80.5,80.5,2525500,0.0,1.0,MMM
2014-01-06,81.14,81.46,80.4,80.49,80.49,2712100,0.0,1.0,MMM
2014-01-03,80.92,81.22,80.72,80.97,80.97,2133300,0.0,1.0,MMM
2014-01-02,80.73,81.29,80.47,80.78,80.78,3052100,0.0,1.0,MMM
2013-12-31,81.87,82.12,81.57,82.02,82.02,1846500,0.0,1.0,MMM
2013-12-30,81.33,81.67,81.16,81.53,81.53,1714300,0.0,1.0,MMM
2013-12-27,81.16,81.52,81.02,81.49,81.49,1894900,0.0,1.0,MMM
2013-12-26,80.29,81.1,80.14,80.87,80.87,2158200,0.0,1.0,MMM
2013-12-24,80.25,80.32,79.74,80.11,80.11,1311700,0.0,1.0,MMM
2013-12-23,80.18,80.37,79.72,80.0,80.0,3439600,0.0,1.0,MMM
2013-12-20,79.99,80.75,79.88,79.95,79.95,5856800,0.0,1.0,MMM
2013-12-19,78.98,79.84,78.79,79.77,79.77,4080900,0.0,1.0,MMM
2013-12-18,76.89,79.42,76.89,79.42,79.42,5580000,0.0,1.0,MMM
2013-12-17,76.27,76.97,76.01,76.84,76.84,6206800,0.0,1.0,MMM
2013-12-16,74.14,75.3,73.96,74.66,74.66,2805300,0.0,1.0,MMM
2013-12-13,74.06,74.47,73.67,73.94,73.94,1743400,0.0,1.0,MMM
2013-12-12,74.05,74.5,73.67,74.02,74.02,2486700,0.0,1.0,MMM
2013-12-11,75.29,75.83,74.1,74.14,74.14,3897500,0.0,1.0,MMM
2013-12-10,74.9,75.16,74.58,74.59,74.59,2353100,0.0,1.0,MMM
2013-12-09,75.32,75.54,75.08,75.19,75.19,2064400,0.0,1.0,MMM
2013-12-06,74.97,75.32,74.77,75.21,75.21,2886100,0.0,1.0,MMM
2013-12-05,73.92,74.65,73.81,74.17,74.17,2842700,0.0,1.0,MMM
2013-12-04,73.66,74.61,73.38,73.95,73.95,3450700,0.0,1.0,MMM
2013-12-03,73.72,74.5,73.19,74.04,74.04,7864500,0.0,1.0,MMM
2013-12-02,77.0,77.19,74.5,74.67,74.67,6897900,0.0,1.0,MMM
2013-11-29,78.08,78.46,77.98,78.08,78.08,2029000,0.0,1.0,MMM
2013-11-27,77.56,78.16,77.16,78.07,78.07,2433500,0.0,1.0,MMM
2013-11-26,76.87,77.57,76.8,77.28,77.28,4229600,0.0,1.0,MMM
2013-11-25,77.08,77.12,76.57,76.74,76.74,2496300,0.0,1.0,MMM
2013-11-22,76.23,77.52,75.92,76.62,76.62,1644800,0.0,1.0,MMM
2013-11-21,75.84,76.26,75.78,76.23,76.23,1576100,0.0,1.0,MMM
2013-11-20,75.73,76.2,75.18,75.54,75.54,2691800,0.635,1.0,MMM
2013-11-19,75.66,76.11,75.61,75.68,75.68,2532500,0.0,1.0,MMM
2013-11-18,75.6,75.94,75.52,75.73,75.73,2148200,0.0,1.0,MMM
2013-11-15,75.16,75.65,75.06,75.56,75.56,2360400,0.0,1.0,MMM
2013-11-14,75.05,75.72,74.95,75.53,75.53,2569800,0.0,1.0,MMM
2013-11-13,74.41,74.87,74.16,74.83,74.83,2426300,0.0,1.0,MMM
2013-11-12,74.58,74.83,74.23,74.7,74.7,2428600,0.0,1.0,MMM
2013-11-11,74.22,74.59,74.05,74.46,74.46,1751500,0.0,1.0,MMM
2013-11-08,73.34,74.5,73.34,74.48,74.48,2234300,0.0,1.0,MMM
2013-11-07,73.99,74.42,73.46,73.56,73.56,3188900,0.0,1.0,MMM
2013-11-06,73.59,74.09,73.46,73.98,73.98,1910300,0.0,1.0,MMM
2013-11-05,73.18,73.59,72.66,73.39,73.39,1757900,0.0,1.0,MMM
2013-11-04,73.31,73.61,73.07,73.51,73.51,1741500,0.0,1.0,MMM
2013-11-01,73.77,73.87,72.81,73.27,73.27,1676600,0.0,1.0,MMM
2013-10-31,72.72,73.55,72.71,73.24,73.24,2327200,0.0,1.0,MMM
2013-10-30,73.07,73.31,72.6,72.62,72.62,2107700,0.0,1.0,MMM
2013-10-29,72.79,73.02,72.52,72.91,72.91,1986700,0.0,1.0,MMM
2013-10-28,72.24,72.93,72.04,72.7,72.7,2358400,0.0,1.0,MMM
2013-10-25,71.61,72.43,71.5,72.4,72.4,2054300,0.0,1.0,MMM
2013-10-24,71.56,72.72,71.4,71.86,71.86,3851100,0.0,1.0,MMM
2013-10-23,71.83,72.0,71.29,71.69,71.69,2337500,0.0,1.0,MMM
2013-10-22,71.79,72.35,71.74,72.04,72.04,2053500,0.0,1.0,MMM
2013-10-21,71.46,71.76,71.39,71.72,71.72,1762200,0.0,1.0,MMM
2013-10-18,71.5,71.84,71.23,71.49,71.49,2590500,0.0,1.0,MMM
2013-10-17,70.26,71.5,70.25,71.36,71.36,2791700,0.0,1.0,MMM
2013-10-16,70.33,70.38,69.91,70.38,70.38,2646400,0.0,1.0,MMM
2013-10-15,70.58,70.64,69.71,69.73,69.73,2720500,0.0,1.0,MMM
2013-10-14,69.98,70.82,69.83,70.65,70.65,1866800,0.0,1.0,MMM
2013-10-11,69.34,70.28,68.9,70.25,70.25,2492700,0.0,1.0,MMM
2013-10-10,69.02,69.45,68.86,69.45,69.45,2688800,0.0,1.0,MMM
2013-10-09,68.24,68.65,67.88,68.42,68.42,2499200,0.0,1.0,MMM
2013-10-08,69.09,69.38,68.15,68.18,68.18,2869000,0.0,1.0,MMM
2013-10-07,68.99,69.4,68.83,69.07,69.07,1931200,0.0,1.0,MMM
2013-10-04,68.88,69.66,68.74,69.48,69.48,1983700,0.0,1.0,MMM
2013-10-03,69.08,69.31,68.6,68.99,68.99,2525800,0.0,1.0,MMM
2013-10-02,69.33,69.59,68.92,69.37,69.37,2056500,0.0,1.0,MMM
2013-10-01,69.65,69.73,69.13,69.61,69.61,1854800,0.0,1.0,MMM
2013-09-30,69.48,69.81,69.06,69.49,69.49,2104700,0.0,1.0,MMM
2013-09-27,69.82,70.01,69.4,69.96,69.96,2028100,0.0,1.0,MMM
2013-09-26,70.18,70.41,69.79,70.22,70.22,2240900,0.0,1.0,MMM
2013-09-25,70.35,70.54,69.93,69.95,69.95,2173400,0.0,1.0,MMM
2013-09-24,70.55,70.92,70.23,70.3,70.3,3585100,0.0,1.0,MMM
2013-09-23,70.08,70.69,70.05,70.48,70.48,3468500,0.0,1.0,MMM
2013-09-20,70.71,70.96,69.84,69.84,69.84,6999000,0.0,1.0,MMM
2013-09-19,70.5,71.15,70.5,70.75,70.75,2912400,0.0,1.0,MMM
2013-09-18,69.98,70.71,69.76,70.58,70.58,3307700,0.0,1.0,MMM
2013-09-17,69.29,69.94,69.05,69.79,69.79,2436000,0.0,1.0,MMM
2013-09-16,69.71,69.83,69.29,69.38,69.38,2756300,0.0,1.0,MMM
2013-09-13,68.95,69.16,68.86,69.02,69.02,1973300,0.0,1.0,MMM
2013-09-12,69.13,69.2,68.67,68.79,68.79,2399700,0.0,1.0,MMM
2013-09-11,68.45,69.08,68.43,69.08,69.08,1889000,0.0,1.0,MMM
2013-09-10,68.27,68.59,68.13,68.43,68.43,2572800,0.0,1.0,MMM
2013-09-09,67.29,68.17,67.22,67.94,67.94,1976800,0.0,1.0,MMM
2013-09-06,66.98,67.4,66.28,66.95,66.95,1965600,0.0,1.0,MMM
2013-09-05,66.54,66.99,66.36,66.85,66.85,1947900,0.0,1.0,MMM
2013-09-04,65.81,66.84,65.81,66.66,66.66,2312200,0.0,1.0,MMM
2013-09-03,66.67,66.88,65.67,65.89,65.89,2168100,0.0,1.0,MMM
2013-08-30,66.11,66.19,65.67,66.1,66.1,2205600,0.0,1.0,MMM
2013-08-29,65.68,66.24,65.51,65.95,65.95,1457200,0.0,1.0,MMM
2013-08-28,65.47,66.0,65.39,65.76,65.76,1545800,0.0,1.0,MMM
2013-08-27,66.0,66.24,65.57,65.6,65.6,1907500,0.0,1.0,MMM
2013-08-26,66.56,67.02,66.36,66.53,66.53,1815700,0.0,1.0,MMM
2013-08-23,66.78,66.92,66.1,66.57,66.57,1953300,0.0,1.0,MMM
2013-08-22,66.11,66.86,65.96,66.73,66.73,2002000,0.0,1.0,MMM
2013-08-21,66.8,66.83,65.96,66.0,66.0,2293700,0.635,1.0,MMM
2013-08-20,66.85,67.07,66.66,66.79,66.79,2153600,0.0,1.0,MMM
2013-08-19,67.03,67.11,66.82,66.9,66.9,1829300,0.0,1.0,MMM
2013-08-16,66.94,67.25,66.92,67.07,67.07,2332800,0.0,1.0,MMM
2013-08-15,67.66,67.66,66.92,67.04,67.04,1994900,0.0,1.0,MMM
2013-08-14,68.81,68.81,68.04,68.07,68.07,2021400,0.0,1.0,MMM
2013-08-13,68.59,68.97,67.82,68.67,68.67,2023300,0.0,1.0,MMM
2013-08-12,68.29,68.73,68.12,68.51,68.51,1647400,0.0,1.0,MMM
2013-08-09,68.71,68.98,68.11,68.47,68.47,2460100,0.0,1.0,MMM
2013-08-08,68.44,68.87,68.08,68.68,68.68,2380600,0.0,1.0,MMM
2013-08-07,67.88,68.26,67.73,68.19,68.19,1934000,0.0,1.0,MMM
2013-08-06,68.18,68.26,67.79,68.0,68.0,1841100,0.0,1.0,MMM
2013-08-05,68.38,68.43,68.18,68.24,68.24,1351800,0.0,1.0,MMM
2013-08-02,68.27,68.49,67.98,68.44,68.44,1899300,0.0,1.0,MMM
2013-08-01,68.51,69.02,68.44,68.52,68.52,2997000,0.0,1.0,MMM
2013-07-31,67.78,68.63,67.71,67.96,67.96,2694000,0.0,1.0,MMM
2013-07-30,67.65,67.78,67.32,67.62,67.62,2285200,0.0,1.0,MMM
2013-07-29,67.37,67.6,67.16,67.48,67.48,1460400,0.0,1.0,MMM
2013-07-26,67.23,67.67,66.75,67.66,67.66,2332200,0.0,1.0,MMM
2013-07-25,66.72,67.65,66.46,67.45,67.45,3346700,0.0,1.0,MMM
2013-07-24,67.75,67.76,67.16,67.32,67.32,1808800,0.0,1.0,MMM
2013-07-23,67.38,67.88,67.13,67.56,67.56,2254400,0.0,1.0,MMM
2013-07-22,67.13,67.6,66.93,67.29,67.29,2823500,0.0,1.0,MMM
2013-07-19,66.75,67.4,66.75,67.24,67.24,3093900,0.0,1.0,MMM
2013-07-18,66.32,66.98,66.3,66.83,66.83,2945800,0.0,1.0,MMM
2013-07-17,66.53,66.71,66.15,66.34,66.34,2096600,0.0,1.0,MMM
2013-07-16,66.54,66.81,66.01,66.17,66.17,2458400,0.0,1.0,MMM
2013-07-15,66.63,66.83,66.41,66.46,66.46,2064400,0.0,1.0,MMM
2013-07-12,66.3,66.69,66.13,66.63,66.63,2291700,0.0,1.0,MMM
2013-07-11,66.18,66.41,66.07,66.28,66.28,2387500,0.0,1.0,MMM
2013-07-10,65.61,65.9,65.34,65.64,65.64,2307500,0.0,1.0,MMM
2013-07-09,65.45,65.69,65.27,65.6,65.6,2196200,0.0,1.0,MMM
2013-07-08,64.81,65.27,64.76,64.89,64.89,2571600,0.0,1.0,MMM
2013-07-05,63.87,64.56,63.58,64.55,64.55,2064500,0.0,1.0,MMM
2013-07-03,62.66,63.6,62.62,63.34,63.34,1358800,0.0,1.0,MMM
2013-07-02,63.11,63.51,62.69,62.92,62.92,3008800,0.0,1.0,MMM
2013-07-01,62.71,63.87,62.71,63.26,63.26,2668800,0.0,1.0,MMM
2013-06-28,63.58,63.93,63.16,63.28,63.28,3428500,0.0,1.0,MMM
2013-06-27,63.97,64.18,63.64,63.8,63.8,2229600,0.0,1.0,MMM
2013-06-26,63.12,63.65,62.92,63.47,63.47,2524400,0.0,1.0,MMM
2013-06-25,62.62,62.93,62.23,62.64,62.64,2676700,0.0,1.0,MMM
2013-06-24,62.95,62.95,62.01,62.21,62.21,3602500,0.0,1.0,MMM
2013-06-21,63.37,63.69,62.93,63.42,63.42,4674400,0.0,1.0,MMM
2013-06-20,64.07,64.1,62.8,62.95,62.95,2975600,0.0,1.0,MMM
2013-06-19,65.37,65.54,64.54,64.57,64.57,1971700,0.0,1.0,MMM
2013-06-18,64.85,65.53,64.76,65.38,65.38,1695300,0.0,1.0,MMM
2013-06-17,64.73,65.32,64.61,64.76,64.76,2617800,0.0,1.0,MMM
2013-06-14,64.41,64.85,64.09,64.25,64.25,2016800,0.0,1.0,MMM
2013-06-13,63.05,64.49,62.84,64.35,64.35,2604200,0.0,1.0,MMM
2013-06-12,64.23,64.27,63.05,63.1,63.1,2400700,0.0,1.0,MMM
2013-06-11,63.6,64.28,63.37,63.78,63.78,1752100,0.0,1.0,MMM
2013-06-10,64.47,64.5,63.97,64.13,64.13,2224100,0.0,1.0,MMM
2013-06-07,63.3,64.31,63.06,64.3,64.3,3374900,0.0,1.0,MMM
2013-06-06,62.77,62.95,62.29,62.89,62.89,2680800,0.0,1.0,MMM
2013-06-05,63.54,63.59,62.73,62.84,62.84,2690400,0.0,1.0,MMM
2013-06-04,64.03,64.35,63.38,63.67,63.67,2508500,0.0,1.0,MMM
2013-06-03,64.06,64.21,63.48,64.01,64.01,2647100,0.0,1.0,MMM
2013-05-31,64.11,64.94,63.81,63.81,63.81,3207700,0.0,1.0,MMM
2013-05-30,64.43,64.81,64.24,64.48,64.48,2599200,0.0,1.0,MMM
2013-05-29,64.26,64.44,63.93,64.31,64.31,2113600,0.0,1.0,MMM
2013-05-28,64.32,65.03,64.26,64.58,64.58,2722000,0.0,1.0,MMM
2013-05-24,63.58,63.94,63.36,63.81,63.81,2228400,0.0,1.0,MMM
2013-05-23,63.69,64.06,63.41,63.89,63.89,2568400,0.0,1.0,MMM
2013-05-22,64.58,64.98,63.99,64.11,64.11,3833200,0.635,1.0,MMM
2013-05-21,64.51,64.64,64.17,64.45,64.45,2473300,0.0,1.0,MMM
2013-05-20,63.94,64.48,63.85,64.28,64.28,2457300,0.0,1.0,MMM
2013-05-17,63.96,64.32,63.83,64.09,64.09,4060400,0.0,1.0,MMM
2013-05-16,63.99,64.27,63.84,63.91,63.91,2685900,0.0,1.0,MMM
2013-05-15,63.52,64.28,63.46,64.16,64.16,2912600,0.0,1.0,MMM
2013-05-14,63.48,63.75,63.45,63.63,63.63,2481000,0.0,1.0,MMM
2013-05-13,63.29,63.71,63.13,63.58,63.58,2044400,0.0,1.0,MMM
2013-05-10,63.34,63.66,63.15,63.57,63.57,2993300,0.0,1.0,MMM
2013-05-09,62.21,63.59,62.21,63.25,63.25,4487000,0.0,1.0,MMM
2013-05-08,62.16,62.31,62.01,62.26,62.26,2654400,0.0,1.0,MMM
2013-05-07,61.92,62.36,61.88,62.15,62.15,2235200,0.0,1.0,MMM
2013-05-06,61.93,62.14,61.83,62.05,62.05,2174400,0.0,1.0,MMM
2013-05-03,61.54,62.49,61.48,62.05,62.05,3013100,0.0,1.0,MMM
2013-05-02,60.44,61.21,60.37,61.02,61.02,3119500,0.0,1.0,MMM
2013-05-01,60.29,60.49,60.08,60.16,60.16,3258900,0.0,1.0,MMM
2013-04-30,59.83,60.27,59.25,60.25,60.25,3768800,0.0,1.0,MMM
2013-04-29,59.79,59.96,59.2,59.74,59.74,2903700,0.0,1.0,MMM
2013-04-26,60.4,60.52,59.53,59.72,59.72,3359400,0.0,1.0,MMM
2013-04-25,60.11,60.79,59.55,60.35,60.35,9027000,0.0,1.0,MMM
2013-04-24,61.92,62.23,61.71,62.07,62.07,3238200,0.0,1.0,MMM
2013-04-23,61.13,61.86,60.91,61.79,61.79,3209800,0.0,1.0,MMM
2013-04-22,60.83,61.05,60.5,60.88,60.88,2646800,0.0,1.0,MMM
2013-04-19,60.6,60.92,60.31,60.83,60.83,3323000,0.0,1.0,MMM
2013-04-18,60.9,60.98,60.0,60.41,60.41,3144700,0.0,1.0,MMM
2013-04-17,60.69,60.88,60.38,60.69,60.69,3155300,0.0,1.0,MMM
2013-04-16,61.39,61.48,60.82,61.08,61.08,2636800,0.0,1.0,MMM
2013-04-15,61.65,62.09,60.84,60.85,60.85,3677400,0.0,1.0,MMM
2013-04-12,62.08,62.3,61.75,61.96,61.96,2111400,0.0,1.0,MMM
2013-04-11,62.06,62.56,62.06,62.29,62.29,2137800,0.0,1.0,MMM
2013-04-10,61.04,62.1,61.01,61.96,61.96,3262400,0.0,1.0,MMM
2013-04-09,60.99,61.39,60.64,60.96,60.96,2370600,0.0,1.0,MMM
2013-04-08,60.91,61.23,60.47,60.85,60.85,1947700,0.0,1.0,MMM
2013-04-05,60.1,60.92,60.04,60.87,60.87,2477800,0.0,1.0,MMM
2013-04-04,60.89,61.12,60.59,60.89,60.89,1771200,0.0,1.0,MMM
2013-04-03,61.34,61.55,60.66,60.81,60.81,3278900,0.0,1.0,MMM
2013-04-02,60.88,61.45,60.87,61.29,61.29,2097500,0.0,1.0,MMM
2013-04-01,60.99,61.09,60.66,60.79,60.79,1684300,0.0,1.0,MMM
2013-03-28,60.8,61.19,60.58,61.17,61.17,2276700,0.0,1.0,MMM
2013-03-27,60.62,60.7,60.4,60.58,60.58,2129500,0.0,1.0,MMM
2013-03-26,60.65,61.12,60.65,61.03,61.03,1893500,0.0,1.0,MMM
2013-03-25,61.3,61.45,60.23,60.51,60.51,3739200,0.0,1.0,MMM
2013-03-22,60.47,61.27,60.47,61.23,61.23,2409800,0.0,1.0,MMM
2013-03-21,60.64,60.68,60.26,60.38,60.38,1937300,0.0,1.0,MMM
2013-03-20,60.94,61.09,60.64,60.8,60.8,1799500,0.0,1.0,MMM
2013-03-19,60.89,60.98,60.21,60.52,60.52,3211400,0.0,1.0,MMM
2013-03-18,60.55,60.97,60.54,60.65,60.65,1811400,0.0,1.0,MMM
2013-03-15,60.93,61.5,60.91,61.22,61.22,5148400,0.0,1.0,MMM
2013-03-14,60.61,61.0,60.57,61.0,61.0,2203400,0.0,1.0,MMM
2013-03-13,60.49,60.75,60.35,60.47,60.47,2059600,0.0,1.0,MMM
2013-03-12,60.89,60.98,60.39,60.49,60.49,2226800,0.0,1.0,MMM
2013-03-11,60.61,60.97,60.61,60.88,60.88,1720600,0.0,1.0,MMM
2013-03-08,60.42,60.88,60.32,60.83,60.83,2357200,0.0,1.0,MMM
2013-03-07,60.3,60.51,60.12,60.15,60.15,1875200,0.0,1.0,MMM
2013-03-06,60.26,60.66,60.11,60.22,60.22,3470300,0.0,1.0,MMM
2013-03-05,59.7,60.31,59.64,60.1,60.1,2632200,0.0,1.0,MMM
2013-03-04,59.56,59.56,59.03,59.43,59.43,2566300,0.0,1.0,MMM
2013-03-01,59.49,59.81,59.11,59.71,59.71,2660400,0.0,1.0,MMM
2013-02-28,59.61,60.16,59.35,59.84,59.84,2870100,0.0,1.0,MMM
2013-02-27,58.75,59.8,58.66,59.59,59.59,2353700,0.0,1.0,MMM
2013-02-26,58.75,59.07,58.64,58.87,58.87,2471900,0.0,1.0,MMM
2013-02-25,59.79,59.86,58.55,58.55,58.55,3021900,0.0,1.0,MMM
2013-02-22,59.26,59.67,59.16,59.58,59.58,2158100,0.0,1.0,MMM
2013-02-21,59.2,59.35,58.92,59.11,59.11,2758000,0.0,1.0,MMM
2013-02-20,59.95,60.07,59.35,59.35,59.35,2995400,0.0,1.0,MMM
2013-02-19,59.51,60.07,59.45,59.95,59.95,2988500,0.0,1.0,MMM
2013-02-15,59.3,59.48,59.05,59.4,59.4,2326200,0.0,1.0,MMM
2013-02-14,58.94,59.35,58.82,59.14,59.14,2217500,0.0,1.0,MMM
2013-02-13,59.28,59.49,59.02,59.19,59.19,1699900,0.635,1.0,MMM
2013-02-12,58.71,59.24,58.69,59.17,59.17,1928000,0.0,1.0,MMM
2013-02-11,58.55,58.83,58.35,58.69,58.69,1715500,0.0,1.0,MMM
2013-02-08,58.53,59.09,58.35,58.71,58.71,1937800,0.0,1.0,MMM
2013-02-07,58.7,58.75,58.02,58.46,58.46,2277600,0.0,1.0,MMM
2013-02-06,57.83,58.9,57.8,58.73,58.73,3510600,0.0,1.0,MMM
2013-02-05,57.94,58.29,57.9,58.04,58.04,2833100,0.0,1.0,MMM
2013-02-04,57.63,57.88,57.52,57.63,57.63,1987600,0.0,1.0,MMM
2013-02-01,58.01,58.33,57.85,58.08,58.08,3853600,0.0,1.0,MMM
2013-01-31,57.58,57.73,57.23,57.5,57.5,3763100,0.0,1.0,MMM
2013-01-30,58.22,58.3,57.58,57.64,57.64,2822800,0.0,1.0,MMM
2013-01-29,57.38,58.26,57.22,58.22,58.22,3530700,0.0,1.0,MMM
2013-01-28,57.75,57.75,57.34,57.56,57.56,2964900,0.0,1.0,MMM
2013-01-25,57.07,57.68,56.95,57.52,57.52,4237800,0.0,1.0,MMM
2013-01-24,56.83,57.08,56.5,57.0,57.0,3816300,0.0,1.0,MMM
2013-01-23,56.6,57.01,56.51,56.9,56.9,3579300,0.0,1.0,MMM
2013-01-22,56.27,56.8,56.1,56.8,56.8,3215200,0.0,1.0,MMM
2013-01-18,56.28,56.5,56.07,56.47,56.47,3187900,0.0,1.0,MMM
2013-01-17,55.92,56.33,55.76,56.09,56.09,2803900,0.0,1.0,MMM
2013-01-16,55.47,55.87,55.43,55.81,55.81,2092300,0.0,1.0,MMM
2013-01-15,55.37,55.7,55.23,55.64,55.64,2106400,0.0,1.0,MMM
2013-01-14,55.13,55.69,54.95,55.52,55.52,2592500,0.0,1.0,MMM
2013-01-11,54.81,55.28,54.45,55.06,55.06,2923900,0.0,1.0,MMM
2013-01-10,55.31,55.47,55.09,55.41,55.41,2600600,0.0,1.0,MMM
2013-01-09,54.83,55.32,54.73,55.13,55.13,2359700,0.0,1.0,MMM
2013-01-08,54.42,54.76,54.38,54.61,54.61,2655500,0.0,1.0,MMM
2013-01-07,54.34,54.75,54.19,54.61,54.61,2745800,0.0,1.0,MMM
2013-01-04,54.21,54.6,54.06,54.54,54.54,2704900,0.0,1.0,MMM
2013-01-03,53.95,54.29,53.83,54.14,54.14,2704600,0.0,1.0,MMM
2013-01-02,53.86,54.21,53.73,54.2,54.2,3206700,0.0,1.0,MMM
2012-12-31,52.35,53.14,52.27,53.1,53.1,2580600,0.0,1.0,MMM
2012-12-28,52.6,53.07,52.39,52.49,52.49,1877300,0.0,1.0,MMM
2012-12-27,53.25,53.28,52.42,52.98,52.98,2360900,0.0,1.0,MMM
2012-12-26,53.38,53.6,53.04,53.22,53.22,1542900,0.0,1.0,MMM
2012-12-24,53.01,53.6,53.01,53.29,53.29,953400,0.0,1.0,MMM
2012-12-21,53.06,53.56,52.58,53.24,53.24,5975500,0.0,1.0,MMM
2012-12-20,53.38,53.84,53.3,53.83,53.83,3289800,0.0,1.0,MMM
2012-12-19,53.71,53.74,53.17,53.2,53.2,3254800,0.0,1.0,MMM
2012-12-18,53.26,53.76,53.18,53.67,53.67,2800000,0.0,1.0,MMM
2012-12-17,52.84,53.25,52.69,53.2,53.2,2750700,0.0,1.0,MMM
2012-12-14,52.61,52.94,52.61,52.77,52.77,2709000,0.0,1.0,MMM
2012-12-13,53.16,53.44,52.7,52.9,52.9,2621400,0.0,1.0,MMM
2012-12-12,53.6,53.76,52.91,53.25,53.25,4064900,0.0,1.0,MMM
2012-12-11,52.98,53.7,52.9,53.57,53.57,3821600,0.0,1.0,MMM
2012-12-10,52.25,52.89,52.24,52.54,52.54,2847700,0.0,1.0,MMM
2012-12-07,52.18,52.42,51.86,52.33,52.33,2476400,0.0,1.0,MMM
2012-12-06,51.93,52.09,51.65,52.01,52.01,2027700,0.0,1.0,MMM
2012-12-05,51.64,52.15,51.24,51.9,51.9,2996600,0.0,1.0,MMM
2012-12-04,51.65,51.86,51.47,51.54,51.54,1969800,0.0,1.0,MMM
2012-12-03,52.27,52.43,51.54,51.64,51.64,1929200,0.0,1.0,MMM
2012-11-30,51.86,52.15,51.75,52.01,52.01,2284900,0.0,1.0,MMM
2012-11-29,52.24,52.59,51.76,51.84,51.84,2364000,0.0,1.0,MMM
2012-11-28,51.53,52.04,51.17,52.0,52.0,2426200,0.0,1.0,MMM
2012-11-27,51.58,52.02,51.54,51.65,51.65,2504200,0.0,1.0,MMM
2012-11-26,51.21,51.61,51.21,51.52,51.52,1910200,0.0,1.0,MMM
2012-11-23,51.06,51.66,50.98,51.63,51.63,1101100,0.0,1.0,MMM
2012-11-21,50.94,50.98,50.7,50.86,50.86,2011300,0.0,1.0,MMM
2012-11-20,50.94,51.29,50.55,50.91,50.91,2035100,0.59,1.0,MMM
2012-11-19,50.7,50.96,50.43,50.89,50.89,2688600,0.0,1.0,MMM
2012-11-16,50.06,50.78,49.85,50.28,50.28,5237100,0.0,1.0,MMM
2012-11-15,49.28,50.16,49.28,50.0,50.0,3291600,0.0,1.0,MMM
2012-11-14,50.66,50.78,49.46,49.6,49.6,2882700,0.0,1.0,MMM
2012-11-13,50.33,51.24,50.2,50.61,50.61,2985900,0.0,1.0,MMM
2012-11-12,50.54,50.94,50.28,50.66,50.66,2220100,0.0,1.0,MMM
2012-11-09,50.33,50.88,50.05,50.45,50.45,3176400,0.0,1.0,MMM
2012-11-08,50.62,51.03,50.25,50.31,50.31,3005900,0.0,1.0,MMM
2012-11-07,51.32,51.32,50.4,50.78,50.78,4593100,0.0,1.0,MMM
2012-11-06,51.1,51.83,51.06,51.62,51.62,2806100,0.0,1.0,MMM
2012-11-05,50.04,51.04,50.04,50.9,50.9,2387800,0.0,1.0,MMM
2012-11-02,50.91,51.11,50.44,50.54,50.54,3051900,0.0,1.0,MMM
2012-11-01,49.96,50.79,49.9,50.7,50.7,3306600,0.0,1.0,MMM
2012-10-31,50.01,50.39,49.7,49.77,49.77,3360400,0.0,1.0,MMM
2012-10-26,49.94,50.3,49.76,50.01,50.01,3592600,0.0,1.0,MMM
2012-10-25,50.4,50.47,49.66,49.89,49.89,4613900,0.0,1.0,MMM
2012-10-24,50.58,50.87,50.08,50.21,50.21,3321300,0.0,1.0,MMM
2012-10-23,50.94,51.42,50.32,50.41,50.41,5866000,0.0,1.0,MMM
2012-10-22,52.5,52.87,51.98,52.57,52.57,3130800,0.0,1.0,MMM
2012-10-19,53.75,53.75,52.66,52.8,52.8,3804100,0.0,1.0,MMM
2012-10-18,53.79,53.97,53.5,53.82,53.82,2538800,0.0,1.0,MMM
2012-10-17,53.94,54.03,53.71,53.86,53.86,3191800,0.0,1.0,MMM
2012-10-16,53.41,53.6,53.0,53.53,53.53,2857500,0.0,1.0,MMM
2012-10-15,52.67,52.87,52.48,52.71,52.71,2916300,0.0,1.0,MMM
2012-10-12,52.81,53.03,52.49,52.69,52.69,2566100,0.0,1.0,MMM
2012-10-11,53.32,53.33,52.71,52.74,52.74,2429200,0.0,1.0,MMM
2012-10-10,53.37,53.4,52.92,52.99,52.99,2561600,0.0,1.0,MMM
2012-10-09,54.13,54.13,53.35,53.37,53.37,2989500,0.0,1.0,MMM
2012-10-08,53.71,54.23,53.69,54.18,54.18,2607600,0.0,1.0,MMM
2012-10-05,53.82,54.08,53.66,53.95,53.95,3663600,0.0,1.0,MMM
2012-10-04,53.43,53.7,53.21,53.65,53.65,2531400,0.0,1.0,MMM
2012-10-03,53.29,53.4,52.83,53.28,53.28,2610300,0.0,1.0,MMM
2012-10-02,53.53,53.57,52.89,53.14,53.14,3602300,0.0,1.0,MMM
2012-10-01,52.78,53.56,52.39,53.0,53.0,3900600,0.0,1.0,MMM
2012-09-28,52.53,52.75,52.1,52.5,52.5,2559500,0.0,1.0,MMM
2012-09-27,52.77,52.95,52.24,52.73,52.73,2081400,0.0,1.0,MMM
2012-09-26,52.77,53.06,52.57,52.6,52.6,2612900,0.0,1.0,MMM
2012-09-25,53.37,53.46,52.67,52.74,52.74,3800400,0.0,1.0,MMM
2012-09-24,52.75,53.45,52.7,53.25,53.25,3037400,0.0,1.0,MMM
2012-09-21,53.44,53.44,52.8,52.95,52.95,9547000,0.0,1.0,MMM
2012-09-20,52.95,53.19,52.78,53.16,53.16,2075600,0.0,1.0,MMM
2012-09-19,52.77,53.44,52.68,53.19,53.19,2723500,0.0,1.0,MMM
2012-09-18,53.28,53.4,52.96,53.08,53.08,2477500,0.0,1.0,MMM
2012-09-17,53.21,53.45,53.11,53.28,53.28,3290300,0.0,1.0,MMM
2012-09-14,52.75,53.39,52.58,53.39,53.39,4993000,0.0,1.0,MMM
2012-09-13,51.65,52.51,51.39,52.3,52.3,2729300,0.0,1.0,MMM
2012-09-12,52.04,52.07,51.39,51.59,51.59,2409600,0.0,1.0,MMM
2012-09-11,51.54,52.03,51.5,51.79,51.79,2403400,0.0,1.0,MMM
2012-09-10,52.42,52.44,51.48,51.51,51.51,6356100,0.0,1.0,MMM
2012-09-07,53.05,53.2,52.66,52.73,52.73,3215400,0.0,1.0,MMM
2012-09-06,52.48,53.05,52.3,52.99,52.99,3223400,0.0,1.0,MMM
2012-09-05,52.22,52.26,51.76,52.12,52.12,2985500,0.0,1.0,MMM
2012-09-04,52.28,52.45,51.75,52.08,52.08,2532300,0.0,1.0,MMM
2012-08-31,52.52,52.83,52.21,52.61,52.61,1917300,0.0,1.0,MMM
2012-08-30,52.29,52.35,51.87,52.13,52.13,1729600,0.0,1.0,MMM
2012-08-29,52.55,52.72,52.44,52.51,52.51,1736000,0.0,1.0,MMM
2012-08-28,52.47,52.7,52.38,52.44,52.44,1913000,0.0,1.0,MMM
2012-08-27,52.79,52.82,52.49,52.6,52.6,1880000,0.0,1.0,MMM
2012-08-24,52.28,52.82,52.23,52.74,52.74,1945800,0.0,1.0,MMM
2012-08-23,52.63,52.65,52.15,52.25,52.25,1823500,0.0,1.0,MMM
2012-08-22,52.58,53.04,52.51,52.65,52.65,2464000,0.59,1.0,MMM
2012-08-21,53.05,53.12,52.49,52.62,52.62,2302800,0.0,1.0,MMM
2012-08-20,53.06,53.16,52.81,53.0,53.0,1639500,0.0,1.0,MMM
2012-08-17,53.02,53.23,52.83,53.2,53.2,3069600,0.0,1.0,MMM
2012-08-16,52.36,52.99,52.05,52.92,52.92,3395200,0.0,1.0,MMM
2012-08-15,51.94,52.35,51.9,52.24,52.24,1983400,0.0,1.0,MMM
2012-08-14,52.14,52.22,51.94,52.1,52.1,1843500,0.0,1.0,MMM
2012-08-13,52.1,52.27,51.79,52.16,52.16,2075400,0.0,1.0,MMM
2012-08-10,51.58,52.1,51.34,52.1,52.1,1755100,0.0,1.0,MMM
2012-08-09,51.65,51.97,51.56,51.7,51.7,1834900,0.0,1.0,MMM
2012-08-08,51.64,51.98,51.51,51.73,51.73,2022300,0.0,1.0,MMM
2012-08-07,51.77,52.11,51.72,51.77,51.77,1764800,0.0,1.0,MMM
2012-08-06,51.94,52.13,51.6,51.6,51.6,1858500,0.0,1.0,MMM
2012-08-03,51.39,51.82,51.38,51.77,51.77,2713500,0.0,1.0,MMM
2012-08-02,50.87,51.22,50.37,50.85,50.85,2949800,0.0,1.0,MMM
2012-08-01,51.74,51.82,51.15,51.48,51.48,2149700,0.0,1.0,MMM
2012-07-31,51.37,51.74,51.3,51.5,51.5,2720200,0.0,1.0,MMM
2012-07-30,51.6,51.91,51.32,51.53,51.53,2714900,0.0,1.0,MMM
2012-07-27,51.34,51.98,51.18,51.77,51.77,3915400,0.0,1.0,MMM
2012-07-26,50.81,51.94,50.54,51.14,51.14,4759400,0.0,1.0,MMM
2012-07-25,50.07,50.33,49.65,50.1,50.1,3541200,0.0,1.0,MMM
2012-07-24,50.4,50.53,49.44,49.81,49.81,2850400,0.0,1.0,MMM
2012-07-23,49.93,50.56,49.55,50.44,50.44,2434800,0.0,1.0,MMM
2012-07-20,50.91,51.08,50.72,50.8,50.8,3024800,0.0,1.0,MMM
2012-07-19,51.3,51.48,51.03,51.27,51.27,3355100,0.0,1.0,MMM
2012-07-18,50.1,51.36,49.99,51.3,51.3,4273300,0.0,1.0,MMM
2012-07-17,49.82,50.44,49.42,50.23,50.23,3078500,0.0,1.0,MMM
2012-07-16,49.74,50.04,49.55,49.73,49.73,2848100,0.0,1.0,MMM
2012-07-13,48.73,49.58,48.73,49.45,49.45,2599300,0.0,1.0,MMM
2012-07-12,48.89,49.1,48.17,48.78,48.78,4938300,0.0,1.0,MMM
2012-07-11,49.89,50.11,49.12,49.59,49.59,4208600,0.0,1.0,MMM
2012-07-10,50.29,50.7,49.65,49.82,49.82,3356800,0.0,1.0,MMM
2012-07-09,50.16,50.29,49.85,50.22,50.22,2600900,0.0,1.0,MMM
2012-07-06,50.13,50.46,49.87,50.24,50.24,2192900,0.0,1.0,MMM
2012-07-05,50.35,50.78,50.16,50.56,50.56,1924800,0.0,1.0,MMM
2012-07-03,50.3,50.66,50.29,50.64,50.64,1410400,0.0,1.0,MMM
2012-07-02,50.41,50.63,49.84,50.4,50.4,2289700,0.0,1.0,MMM
2012-06-29,50.03,50.58,49.87,50.58,50.58,4629400,0.0,1.0,MMM
2012-06-28,48.75,49.25,48.54,49.2,49.2,3267100,0.0,1.0,MMM
2012-06-27,48.77,49.45,48.68,49.2,49.2,2887800,0.0,1.0,MMM
2012-06-26,48.5,48.81,48.15,48.65,48.65,2389100,0.0,1.0,MMM
2012-06-25,48.47,48.72,48.24,48.46,48.46,2908900,0.0,1.0,MMM
2012-06-22,49.17,49.19,48.76,49.02,49.02,3026000,0.0,1.0,MMM
2012-06-21,49.7,49.89,48.9,48.96,48.96,3722800,0.0,1.0,MMM
2012-06-20,49.64,49.84,49.31,49.42,49.42,3446800,0.0,1.0,MMM
2012-06-19,49.58,49.77,49.41,49.58,49.58,3212500,0.0,1.0,MMM
2012-06-18,49.15,49.46,48.93,49.29,49.29,2950600,0.0,1.0,MMM
2012-06-15,49.43,49.63,49.12,49.36,49.36,4696100,0.0,1.0,MMM
2012-06-14,48.72,49.24,48.58,49.03,49.03,3334900,0.0,1.0,MMM
2012-06-13,48.72,49.0,48.39,48.62,48.62,2661900,0.0,1.0,MMM
2012-06-12,48.36,48.97,48.11,48.96,48.96,2570900,0.0,1.0,MMM
2012-06-11,48.85,48.85,48.03,48.09,48.09,2098200,0.0,1.0,MMM
2012-06-08,48.09,48.6,47.98,48.55,48.55,2146200,0.0,1.0,MMM
2012-06-07,48.32,48.66,48.17,48.27,48.27,3032400,0.0,1.0,MMM
2012-06-06,46.98,47.78,46.87,47.77,47.77,2776300,0.0,1.0,MMM
2012-06-05,46.62,46.78,46.43,46.58,46.58,3268700,0.0,1.0,MMM
2012-06-04,46.74,46.85,46.28,46.64,46.64,2899900,0.0,1.0,MMM
2012-06-01,46.88,47.41,46.7,46.77,46.77,3539200,0.0,1.0,MMM
2012-05-31,47.67,48.01,47.35,47.65,47.65,3683200,0.0,1.0,MMM
2012-05-30,48.02,48.05,47.48,47.67,47.67,2697100,0.0,1.0,MMM
2012-05-29,48.2,48.55,48.06,48.4,48.4,2142200,0.0,1.0,MMM
2012-05-25,47.91,48.09,47.64,47.86,47.86,2346000,0.0,1.0,MMM
2012-05-24,47.96,47.98,47.44,47.97,47.97,2322100,0.0,1.0,MMM
2012-05-23,47.06,47.92,46.83,47.87,47.87,3200000,0.0,1.0,MMM
2012-05-22,47.81,47.98,47.24,47.49,47.49,3000900,0.0,1.0,MMM
2012-05-21,47.35,47.77,47.28,47.68,47.68,2450000,0.0,1.0,MMM
2012-05-18,47.86,47.86,47.01,47.14,47.14,3602900,0.0,1.0,MMM
2012-05-17,48.3,48.34,47.56,47.61,47.61,2777200,0.0,1.0,MMM
2012-05-16,48.5,48.7,48.13,48.18,48.18,2770600,0.59,1.0,MMM
2012-05-15,48.19,48.47,47.93,48.09,48.09,2611300,0.0,1.0,MMM
2012-05-14,47.91,48.52,47.79,48.12,48.12,2631900,0.0,1.0,MMM
2012-05-11,48.48,49.04,48.35,48.62,48.62,2601800,0.0,1.0,MMM
2012-05-10,48.85,49.16,48.71,48.85,48.85,2828500,0.0,1.0,MMM
2012-05-09,48.57,49.24,48.2,48.93,48.93,3192800,0.0,1.0,MMM
2012-05-08,48.84,49.27,48.38,49.09,49.09,2710400,0.0,1.0,MMM
2012-05-07,49.17,49.68,49.17,49.34,49.34,2753500,0.0,1.0,MMM
2012-05-04,49.99,50.03,49.5,49.71,49.71,2823800,0.0,1.0,MMM
2012-05-03,50.18,50.37,49.96,50.12,50.12,2343600,0.0,1.0,MMM
2012-05-02,49.99,50.23,49.83,50.19,50.19,2100200,0.0,1.0,MMM
2012-05-01,49.97,50.43,49.75,50.23,50.23,2294200,0.0,1.0,MMM
2012-04-30,50.04,50.15,49.74,50.1,50.1,2072900,0.0,1.0,MMM
2012-04-27,50.13,50.2,49.76,50.1,50.1,2618000,0.0,1.0,MMM
2012-04-26,49.67,50.21,49.62,50.08,50.08,2750900,0.0,1.0,MMM
2012-04-25,49.89,50.04,49.62,49.78,49.78,2962900,0.0,1.0,MMM
2012-04-24,50.08,50.32,49.55,49.61,49.61,5701200,0.0,1.0,MMM
2012-04-23,48.51,48.91,48.23,48.85,48.85,2769900,0.0,1.0,MMM
2012-04-20,48.77,49.22,48.72,49.04,49.04,3177200,0.0,1.0,MMM
2012-04-19,48.88,49.08,48.29,48.66,48.66,2565000,0.0,1.0,MMM
2012-04-18,48.72,49.13,48.6,48.85,48.85,1781600,0.0,1.0,MMM
2012-04-17,48.61,49.15,48.58,49.03,49.03,2354200,0.0,1.0,MMM
2012-04-16,48.24,48.74,48.17,48.44,48.44,3060200,0.0,1.0,MMM
2012-04-13,48.49,48.55,47.97,48.04,48.04,2609700,0.0,1.0,MMM
2012-04-12,48.05,48.74,47.7,48.7,48.7,2476000,0.0,1.0,MMM
2012-04-11,47.86,48.04,47.72,47.85,47.85,2527700,0.0,1.0,MMM
2012-04-10,48.32,48.44,47.34,47.42,47.42,3651000,0.0,1.0,MMM
2012-04-09,48.35,48.65,48.16,48.4,48.4,1932700,0.0,1.0,MMM
2012-04-05,48.98,49.22,48.76,48.93,48.93,2048400,0.0,1.0,MMM
2012-04-04,49.32,49.36,48.86,49.25,49.25,2392700,0.0,1.0,MMM
2012-04-03,50.0,50.01,49.45,49.78,49.78,735383,0.0,1.0,MMM
2012-04-02,49.82,50.1,49.37,50.03,50.03,786003,0.0,1.0,MMM
2012-03-30,50.02,50.06,49.76,50.01,50.01,2471800,0.0,1.0,MMM
2012-03-29,49.27,49.8,49.18,49.77,49.77,2207100,0.0,1.0,MMM
2012-03-28,50.06,50.24,49.36,49.59,49.59,2289600,0.0,1.0,MMM
2012-03-27,50.11,50.13,49.86,49.98,49.98,2308400,0.0,1.0,MMM
2012-03-26,49.85,50.09,49.67,49.96,49.96,2572500,0.0,1.0,MMM
2012-03-23,49.69,49.71,49.35,49.59,49.59,2326100,0.0,1.0,MMM
2012-03-22,49.62,49.77,49.18,49.66,49.66,3064200,0.0,1.0,MMM
2012-03-21,50.13,50.26,49.78,49.85,49.85,2433800,0.0,1.0,MMM
2012-03-20,49.99,50.31,49.76,50.09,50.09,2485300,0.0,1.0,MMM
2012-03-19,50.19,50.4,50.01,50.31,50.31,2585400,0.0,1.0,MMM
2012-03-16,50.39,50.46,50.1,50.21,50.21,5007100,0.0,1.0,MMM
2012-03-15,49.9,50.46,49.8,50.46,50.46,3252200,0.0,1.0,MMM
2012-03-14,49.67,50.04,49.67,49.82,49.82,2960900,0.0,1.0,MMM
2012-03-13,49.2,49.77,49.06,49.76,49.76,3107100,0.0,1.0,MMM
2012-03-12,48.83,49.2,48.75,49.08,49.08,2049300,0.0,1.0,MMM
2012-03-09,48.67,48.93,48.58,48.66,48.66,1958300,0.0,1.0,MMM
2012-03-08,48.25,48.74,48.2,48.61,48.61,2603200,0.0,1.0,MMM
2012-03-07,47.79,48.03,47.59,47.92,47.92,3150800,0.0,1.0,MMM
2012-03-06,48.06,48.14,47.56,47.63,47.63,3547900,0.0,1.0,MMM
2012-03-05,49.0,49.03,48.43,48.81,48.81,2701900,0.0,1.0,MMM
2012-03-02,49.04,49.09,48.8,49.07,49.07,2820500,0.0,1.0,MMM
2012-03-01,49.18,49.46,48.87,49.05,49.05,2525200,0.0,1.0,MMM
2012-02-29,49.41,49.52,48.92,49.11,49.11,3277700,0.0,1.0,MMM
2012-02-28,49.24,49.45,48.9,49.21,49.21,2497700,0.0,1.0,MMM
2012-02-27,49.01,49.52,48.83,49.38,49.38,3012900,0.0,1.0,MMM
2012-02-24,49.36,49.59,49.27,49.45,49.45,2524800,0.0,1.0,MMM
2012-02-23,49.27,49.44,48.93,49.28,49.28,3531300,0.0,1.0,MMM
2012-02-22,49.14,49.39,49.03,49.2,49.2,2650000,0.0,1.0,MMM
2012-02-21,49.19,49.36,49.0,49.11,49.11,2406700,0.0,1.0,MMM
2012-02-17,49.33,49.42,49.04,49.09,49.09,2834600,0.0,1.0,MMM
2012-02-16,48.77,49.2,48.75,49.14,49.14,2548800,0.0,1.0,MMM
2012-02-15,49.01,49.18,48.64,48.78,48.78,3647000,0.59,1.0,MMM
2012-02-14,48.78,49.0,48.57,49.0,49.0,2850300,0.0,1.0,MMM
2012-02-13,48.76,49.05,48.54,49.02,49.02,2530600,0.0,1.0,MMM
2012-02-10,48.56,48.76,48.31,48.52,48.52,3085700,0.0,1.0,MMM
2012-02-09,48.75,49.1,48.7,49.01,49.01,3031600,0.0,1.0,MMM
2012-02-08,49.07,49.17,48.83,48.99,48.99,2522800,0.0,1.0,MMM
2012-02-07,48.63,49.13,48.27,48.94,48.94,2959100,0.0,1.0,MMM
2012-02-06,48.53,48.97,48.53,48.76,48.76,2189300,0.0,1.0,MMM
2012-02-03,49.05,49.17,48.71,48.85,48.85,3195500,0.0,1.0,MMM
2012-02-02,48.59,48.88,48.48,48.69,48.69,2288000,0.0,1.0,MMM
2012-02-01,48.74,48.99,48.57,48.64,48.64,3005500,0.0,1.0,MMM
2012-01-31,48.94,48.94,47.77,48.29,48.29,3552100,0.0,1.0,MMM
2012-01-30,48.17,48.78,48.12,48.64,48.64,3148400,0.0,1.0,MMM
2012-01-27,48.53,48.89,48.26,48.7,48.7,3747200,0.0,1.0,MMM
2012-01-26,48.73,49.0,48.45,48.77,48.77,4898900,0.0,1.0,MMM
2012-01-25,47.5,48.26,47.33,48.16,48.16,4412000,0.0,1.0,MMM
2012-01-24,47.48,47.86,47.13,47.85,47.85,3895600,0.0,1.0,MMM
2012-01-23,47.72,47.92,47.51,47.67,47.67,3494800,0.0,1.0,MMM
2012-01-20,47.58,47.72,47.31,47.7,47.7,3522600,0.0,1.0,MMM
2012-01-19,47.39,48.02,47.29,47.78,47.78,3413700,0.0,1.0,MMM
2012-01-18,46.85,47.4,46.79,47.37,47.37,3721100,0.0,1.0,MMM
2012-01-17,47.25,47.54,46.85,46.9,46.9,2694900,0.0,1.0,MMM
2012-01-13,46.64,46.84,46.26,46.55,46.55,3092900,0.0,1.0,MMM
2012-01-12,46.98,47.13,46.64,46.93,46.93,3649900,0.0,1.0,MMM
2012-01-11,46.35,46.72,46.26,46.65,46.65,4465300,0.0,1.0,MMM
2012-01-10,47.1,47.44,46.8,46.94,46.94,3438400,0.0,1.0,MMM
2012-01-09,46.54,46.81,46.36,46.7,46.7,2796600,0.0,1.0,MMM
2012-01-06,46.65,46.91,46.4,46.43,46.43,2839200,0.0,1.0,MMM
2012-01-05,46.51,46.7,46.05,46.66,46.66,3116400,0.0,1.0,MMM
2012-01-04,46.29,46.92,46.28,46.88,46.88,3007400,0.0,1.0,MMM
2012-01-03,46.64,47.02,46.42,46.49,46.49,3380100,0.0,1.0,MMM
2011-12-30,45.79,45.91,45.44,45.51,45.51,1706500,0.0,1.0,MMM
2011-12-29,45.31,45.77,45.21,45.72,45.72,1935200,0.0,1.0,MMM
2011-12-28,45.79,45.91,45.07,45.19,45.19,2613300,0.0,1.0,MMM
2011-12-27,45.61,46.02,45.45,45.82,45.82,1722600,0.0,1.0,MMM
2011-12-23,45.24,45.78,44.98,45.77,45.77,2042200,0.0,1.0,MMM
2011-12-22,44.7,45.21,44.51,45.09,45.09,3164200,0.0,1.0,MMM
2011-12-21,44.79,44.81,43.98,44.55,44.55,3611800,0.0,1.0,MMM
2011-12-20,44.1,44.77,43.92,44.72,44.72,4660200,0.0,1.0,MMM
2011-12-19,44.0,44.27,43.16,43.33,43.33,3485400,0.0,1.0,MMM
2011-12-16,44.28,44.56,43.67,43.92,43.92,6492600,0.0,1.0,MMM
2011-12-15,44.23,44.43,43.77,43.91,43.91,3247000,0.0,1.0,MMM
2011-12-14,44.09,44.24,43.58,43.72,43.72,4203000,0.0,1.0,MMM
2011-12-13,45.11,45.23,43.94,44.22,44.22,3975800,0.0,1.0,MMM
2011-12-12,45.61,45.66,44.57,44.88,44.88,3338000,0.0,1.0,MMM
2011-12-09,45.06,45.9,44.98,45.77,45.77,4075500,0.0,1.0,MMM
2011-12-08,45.57,45.74,44.69,44.8,44.8,3980600,0.0,1.0,MMM
2011-12-07,45.68,46.07,44.98,45.88,45.88,4306100,0.0,1.0,MMM
2011-12-06,45.73,46.11,45.45,45.73,45.73,6011800,0.0,1.0,MMM
2011-12-05,45.29,45.44,44.74,45.07,45.07,5910500,0.0,1.0,MMM
2011-12-02,45.32,45.36,44.02,44.42,44.42,5578000,0.0,1.0,MMM
2011-12-01,45.24,45.28,44.69,44.72,44.72,3867100,0.0,1.0,MMM
2011-11-30,44.39,45.13,44.23,45.13,45.13,8721000,0.0,1.0,MMM
2011-11-29,43.44,43.54,42.89,43.01,43.01,3853300,0.0,1.0,MMM
2011-11-28,42.99,43.44,42.91,43.28,43.28,4923100,0.0,1.0,MMM
2011-11-25,42.07,42.8,42.07,42.39,42.39,2094000,0.0,1.0,MMM
2011-11-23,42.92,42.97,42.04,42.07,42.07,4149900,0.0,1.0,MMM
2011-11-22,43.23,43.96,43.13,43.34,43.34,4170600,0.55,1.0,MMM
2011-11-21,43.84,44.04,42.88,43.35,43.35,5438800,0.0,1.0,MMM
2011-11-18,44.62,44.8,44.23,44.53,44.53,3928300,0.0,1.0,MMM
2011-11-17,45.08,45.16,44.05,44.47,44.47,5077900,0.0,1.0,MMM
2011-11-16,44.95,45.95,44.71,45.27,45.27,5097100,0.0,1.0,MMM
2011-11-15,45.03,45.55,44.82,45.27,45.27,3602400,0.0,1.0,MMM
2011-11-14,45.1,45.61,45.0,45.27,45.27,3168600,0.0,1.0,MMM
2011-11-11,44.96,45.71,44.96,45.5,45.5,3645800,0.0,1.0,MMM
2011-11-10,44.41,44.88,44.04,44.41,44.41,4646300,0.0,1.0,MMM
2011-11-09,44.31,44.41,43.39,43.68,43.68,6393500,0.0,1.0,MMM
2011-11-08,44.4,45.34,44.24,45.25,45.25,4230500,0.0,1.0,MMM
2011-11-07,43.83,44.34,43.3,44.06,44.06,4311700,0.0,1.0,MMM
2011-11-04,43.67,43.98,43.2,43.85,43.85,3771900,0.0,1.0,MMM
2011-11-03,43.61,44.14,43.07,44.04,44.04,4337800,0.0,1.0,MMM
2011-11-02,42.79,43.48,42.77,43.16,43.16,3559600,0.0,1.0,MMM
2011-11-01,43.07,43.25,42.17,42.32,42.32,5772100,0.0,1.0,MMM
2011-10-31,44.17,44.56,43.64,43.69,43.69,4022500,0.0,1.0,MMM
2011-10-28,45.08,45.25,44.51,44.79,44.79,5252000,0.0,1.0,MMM
2011-10-27,43.97,45.52,43.64,45.02,45.02,7413700,0.0,1.0,MMM
2011-10-26,43.12,43.35,42.01,42.59,42.59,5788900,0.0,1.0,MMM
2011-10-25,42.51,43.69,42.18,42.6,42.6,12651800,0.0,1.0,MMM
2011-10-24,44.41,45.56,44.36,45.44,45.44,5428700,0.0,1.0,MMM
2011-10-21,43.89,44.55,43.67,44.5,44.5,5125200,0.0,1.0,MMM
2011-10-20,43.0,43.72,42.64,43.51,43.51,4087300,0.0,1.0,MMM
2011-10-19,43.27,43.61,42.73,42.96,42.96,3865000,0.0,1.0,MMM
2011-10-18,42.12,43.77,41.86,43.33,43.33,4167200,0.0,1.0,MMM
2011-10-17,43.48,43.71,41.84,41.96,41.96,4359500,0.0,1.0,MMM
2011-10-14,43.65,43.81,43.19,43.62,43.62,2840800,0.0,1.0,MMM
2011-10-13,43.28,43.35,42.39,43.02,43.02,3726900,0.0,1.0,MMM
2011-10-12,42.43,43.87,42.43,43.33,43.33,5663300,0.0,1.0,MMM
2011-10-11,42.33,42.51,41.96,42.26,42.26,3320200,0.0,1.0,MMM
2011-10-10,41.54,42.43,41.52,42.42,42.42,3855600,0.0,1.0,MMM
2011-10-07,41.58,41.72,40.41,40.82,40.82,5291800,0.0,1.0,MMM
2011-10-06,40.21,41.3,39.82,41.28,41.28,4835800,0.0,1.0,MMM
2011-10-05,39.67,40.28,39.27,40.11,40.11,5467000,0.0,1.0,MMM
2011-10-04,38.78,39.91,37.95,39.82,39.82,8700000,0.0,1.0,MMM
2011-10-03,39.33,40.5,39.22,39.22,39.22,7619300,0.0,1.0,MMM
2011-09-30,40.87,40.89,39.65,39.7,39.7,7184500,0.0,1.0,MMM
2011-09-29,41.45,41.85,40.64,41.21,41.21,5633500,0.0,1.0,MMM
2011-09-28,42.26,42.69,40.64,40.7,40.7,5932100,0.0,1.0,MMM
2011-09-27,42.23,43.0,41.92,42.18,42.18,4875300,0.0,1.0,MMM
2011-09-26,41.13,41.62,40.61,41.58,41.58,5033400,0.0,1.0,MMM
2011-09-23,40.17,41.1,40.0,40.91,40.91,4583800,0.0,1.0,MMM
2011-09-22,41.37,41.42,39.81,40.31,40.31,10108500,0.0,1.0,MMM
2011-09-21,43.87,44.1,42.17,42.21,42.21,4957800,0.0,1.0,MMM
2011-09-20,43.93,44.19,43.38,43.8,43.8,3914800,0.0,1.0,MMM
2011-09-19,44.0,44.0,43.06,43.8,43.8,4552700,0.0,1.0,MMM
2011-09-16,45.03,45.15,44.24,44.53,44.53,6027600,0.0,1.0,MMM
2011-09-15,44.34,44.81,43.95,44.58,44.58,4222300,0.0,1.0,MMM
2011-09-14,43.11,44.45,42.53,43.93,43.93,5402500,0.0,1.0,MMM
2011-09-13,43.29,43.57,42.68,43.03,43.03,6469100,0.0,1.0,MMM
2011-09-12,42.34,43.29,42.02,43.25,43.25,5848900,0.0,1.0,MMM
2011-09-09,43.16,43.23,42.02,42.38,42.38,7423400,0.0,1.0,MMM
2011-09-08,44.17,44.6,43.56,43.83,43.83,4722200,0.0,1.0,MMM
2011-09-07,43.88,44.59,43.5,44.55,44.55,5213800,0.0,1.0,MMM
2011-09-06,42.82,43.27,42.41,43.17,43.17,5271200,0.0,1.0,MMM
2011-09-02,44.25,44.42,43.64,43.88,43.88,4391300,0.0,1.0,MMM
2011-09-01,45.91,46.42,44.94,45.13,45.13,4535400,0.0,1.0,MMM
2011-08-31,45.73,46.1,45.45,45.88,45.88,4737700,0.0,1.0,MMM
2011-08-30,45.17,45.68,44.63,45.38,45.38,3734200,0.0,1.0,MMM
2011-08-29,44.96,45.47,44.73,45.4,45.4,3467000,0.0,1.0,MMM
2011-08-26,42.98,44.38,42.3,44.24,44.24,5390000,0.0,1.0,MMM
2011-08-25,44.49,44.6,43.01,43.24,43.24,6604500,0.0,1.0,MMM
2011-08-24,43.9,44.49,43.6,44.4,44.4,5176800,0.0,1.0,MMM
2011-08-23,42.67,44.13,42.51,44.05,44.05,5819100,0.0,1.0,MMM
2011-08-22,43.32,43.42,42.3,42.55,42.55,4434200,0.0,1.0,MMM
2011-08-19,42.38,43.58,42.36,42.51,42.51,6151600,0.0,1.0,MMM
2011-08-18,44.14,44.25,42.43,42.81,42.81,8546300,0.0,1.0,MMM
2011-08-17,45.45,45.91,44.56,44.75,44.75,5429400,0.55,1.0,MMM
2011-08-16,45.33,45.41,44.51,45.11,45.11,5078200,0.0,1.0,MMM
2011-08-15,45.4,45.95,45.02,45.76,45.76,4157200,0.0,1.0,MMM
2011-08-12,44.98,45.45,44.38,45.33,45.33,5718100,0.0,1.0,MMM
2011-08-11,43.22,45.23,43.0,44.61,44.61,7142300,0.0,1.0,MMM
2011-08-10,44.49,44.61,42.84,42.97,42.97,9377400,0.0,1.0,MMM
2011-08-09,44.06,45.51,42.87,45.42,45.42,12008400,0.0,1.0,MMM
2011-08-08,44.35,44.69,43.13,43.16,43.16,11496200,0.0,1.0,MMM
2011-08-05,45.83,46.26,44.62,45.45,45.45,8453100,0.0,1.0,MMM
2011-08-04,46.72,46.72,45.1,45.16,45.16,9061600,0.0,1.0,MMM
2011-08-03,46.99,47.48,46.58,47.33,47.33,6277000,0.0,1.0,MMM
2011-08-02,47.05,47.92,46.82,46.83,46.83,6406300,0.0,1.0,MMM
2011-08-01,48.32,48.42,46.98,47.66,47.66,5997600,0.0,1.0,MMM
2011-07-29,47.75,48.17,47.56,47.86,47.86,4883800,0.0,1.0,MMM
2011-07-28,48.44,48.73,48.01,48.1,48.1,4285900,0.0,1.0,MMM
2011-07-27,49.26,49.28,48.19,48.38,48.38,6658400,0.0,1.0,MMM
2011-07-26,50.48,50.8,49.19,49.39,49.39,11432000,0.0,1.0,MMM
2011-07-25,52.09,52.47,51.57,52.21,52.21,3438600,0.0,1.0,MMM
2011-07-22,52.77,52.93,52.24,52.38,52.38,2846200,0.0,1.0,MMM
2011-07-21,52.18,52.77,51.9,52.64,52.64,3540400,0.0,1.0,MMM
2011-07-20,52.08,52.13,51.71,51.76,51.76,2808000,0.0,1.0,MMM
2011-07-19,52.14,52.14,51.29,51.77,51.77,4756900,0.0,1.0,MMM
2011-07-18,52.23,52.24,51.47,51.96,51.96,2951400,0.0,1.0,MMM
2011-07-15,52.29,52.52,52.02,52.43,52.43,3924000,0.0,1.0,MMM
2011-07-14,52.08,52.6,51.93,52.16,52.16,5397100,0.0,1.0,MMM
2011-07-13,52.77,53.44,52.74,52.83,52.83,2816100,0.0,1.0,MMM
2011-07-12,53.33,53.4,52.62,52.66,52.66,4578100,0.0,1.0,MMM
2011-07-11,52.97,53.27,52.76,53.03,53.03,4510200,0.0,1.0,MMM
2011-07-08,53.34,53.64,53.27,53.61,53.61,3014900,0.0,1.0,MMM
2011-07-07,53.68,53.93,53.37,53.81,53.81,3312100,0.0,1.0,MMM
2011-07-06,52.79,53.55,52.78,53.41,53.41,3704100,0.0,1.0,MMM
2011-07-05,52.94,53.2,52.76,52.8,52.8,3064200,0.0,1.0,MMM
2011-07-01,52.08,53.25,52.08,53.09,53.09,4659700,0.0,1.0,MMM
2011-06-30,51.29,52.21,51.27,52.09,52.09,4201800,0.0,1.0,MMM
2011-06-29,51.31,51.43,50.9,51.14,51.14,3071700,0.0,1.0,MMM
2011-06-28,50.87,51.09,50.76,51.09,51.09,2730000,0.0,1.0,MMM
2011-06-27,50.02,50.89,49.89,50.67,50.67,2783700,0.0,1.0,MMM
2011-06-24,50.71,50.82,49.8,49.92,49.92,4179900,0.0,1.0,MMM
2011-06-23,50.55,50.76,49.83,50.71,50.71,3804200,0.0,1.0,MMM
2011-06-22,51.26,51.58,50.92,50.97,50.97,2675400,0.0,1.0,MMM
2011-06-21,50.97,51.51,50.71,51.31,51.31,2438300,0.0,1.0,MMM
2011-06-20,50.21,51.01,50.2,50.84,50.84,2026700,0.0,1.0,MMM
2011-06-17,50.69,50.87,50.27,50.41,50.41,3764100,0.0,1.0,MMM
2011-06-16,50.02,50.46,49.79,50.3,50.3,2995700,0.0,1.0,MMM
2011-06-15,50.36,50.57,49.75,50.0,50.0,3407700,0.0,1.0,MMM
2011-06-14,50.68,51.07,50.55,50.85,50.85,2839100,0.0,1.0,MMM
2011-06-13,50.06,50.46,49.93,50.14,50.14,2543300,0.0,1.0,MMM
2011-06-10,50.22,50.47,49.78,49.83,49.83,2765200,0.0,1.0,MMM
2011-06-09,50.18,50.76,49.97,50.51,50.51,2493300,0.0,1.0,MMM
2011-06-08,49.95,50.17,49.63,49.93,49.93,3469900,0.0,1.0,MMM
2011-06-07,49.9,50.52,49.84,49.9,49.9,3049700,0.0,1.0,MMM
2011-06-06,49.64,49.94,49.56,49.77,49.77,2964500,0.0,1.0,MMM
2011-06-03,49.53,50.11,49.53,49.81,49.81,3108300,0.0,1.0,MMM
2011-06-02,50.17,50.59,49.96,50.23,50.23,2745200,0.0,1.0,MMM
2011-06-01,51.81,51.81,50.16,50.22,50.22,3456200,0.0,1.0,MMM
2011-05-31,51.65,52.0,51.35,51.84,51.84,3181300,0.0,1.0,MMM
2011-05-27,51.33,51.62,51.13,51.34,51.34,1987200,0.0,1.0,MMM
2011-05-26,50.89,51.19,50.54,50.98,50.98,2669200,0.0,1.0,MMM
2011-05-25,50.28,51.09,50.19,50.91,50.91,2814300,0.0,1.0,MMM
2011-05-24,51.03,51.03,50.49,50.51,50.51,3218300,0.0,1.0,MMM
2011-05-23,50.69,51.01,50.4,50.8,50.8,2988900,0.0,1.0,MMM
2011-05-20,51.93,51.98,51.15,51.39,51.39,3486900,0.0,1.0,MMM
2011-05-19,51.81,52.18,51.59,52.02,52.02,2385400,0.0,1.0,MMM
2011-05-18,51.47,51.73,50.94,51.59,51.59,3340200,0.55,1.0,MMM
2011-05-17,52.03,52.12,50.86,51.25,51.25,4845500,0.0,1.0,MMM
2011-05-16,52.17,52.54,52.02,52.12,52.12,2605500,0.0,1.0,MMM
2011-05-13,52.75,53.06,51.98,52.42,52.42,2918900,0.0,1.0,MMM
2011-05-12,51.97,52.93,51.93,52.77,52.77,3949300,0.0,1.0,MMM
2011-05-11,52.29,52.42,51.57,52.16,52.16,3458300,0.0,1.0,MMM
2011-05-10,52.55,52.65,52.22,52.26,52.26,3285600,0.0,1.0,MMM
2011-05-09,52.04,52.67,52.04,52.41,52.41,2039000,0.0,1.0,MMM
2011-05-06,52.27,52.87,52.07,52.2,52.2,3666500,0.0,1.0,MMM
2011-05-05,52.21,52.57,51.54,51.83,51.83,4159700,0.0,1.0,MMM
2011-05-04,52.72,52.96,52.28,52.53,52.53,3226100,0.0,1.0,MMM
2011-05-03,52.93,53.24,52.73,52.87,52.87,2938700,0.0,1.0,MMM
2011-05-02,53.28,53.48,52.77,52.92,52.92,3025000,0.0,1.0,MMM
2011-04-29,52.92,53.24,52.89,53.08,53.08,3086000,0.0,1.0,MMM
2011-04-28,52.48,53.13,52.47,53.09,53.09,3597800,0.0,1.0,MMM
2011-04-27,52.24,52.71,52.08,52.67,52.67,3774200,0.0,1.0,MMM
2011-04-26,51.88,52.74,51.54,52.39,52.39,8004300,0.0,1.0,MMM
2011-04-25,51.28,51.5,50.93,51.39,51.39,2187100,0.0,1.0,MMM
2011-04-21,51.38,51.56,51.14,51.28,51.28,2926600,0.0,1.0,MMM
2011-04-20,50.76,51.56,50.74,51.2,51.2,3635400,0.0,1.0,MMM
2011-04-19,50.04,50.25,49.94,50.16,50.16,2435100,0.0,1.0,MMM
2011-04-18,50.2,50.2,49.46,49.93,49.93,3639300,0.0,1.0,MMM
2011-04-15,50.72,50.86,50.22,50.68,50.68,3110700,0.0,1.0,MMM
2011-04-14,50.47,50.9,50.1,50.75,50.75,2290200,0.0,1.0,MMM
2011-04-13,50.82,50.92,50.53,50.7,50.7,2834700,0.0,1.0,MMM
2011-04-12,50.89,50.93,50.25,50.44,50.44,3894500,0.0,1.0,MMM
2011-04-11,51.1,51.68,51.0,51.22,51.22,3221500,0.0,1.0,MMM
2011-04-08,51.1,51.19,50.57,50.9,50.9,2462700,0.0,1.0,MMM
2011-04-07,51.06,51.29,50.56,50.88,50.88,3428700,0.0,1.0,MMM
2011-04-06,51.29,51.38,50.9,51.23,51.23,2498400,0.0,1.0,MMM
2011-04-05,51.06,51.33,50.79,50.99,50.99,2253400,0.0,1.0,MMM
2011-04-04,50.61,51.23,50.61,51.13,51.13,1956600,0.0,1.0,MMM
2011-04-01,51.07,51.51,50.57,50.85,50.85,3546700,0.0,1.0,MMM
2011-03-31,50.46,51.15,50.43,51.05,51.05,3202900,0.0,1.0,MMM
2011-03-30,50.69,50.87,50.41,50.49,50.49,3566500,0.0,1.0,MMM
2011-03-29,50.38,50.73,50.18,50.69,50.69,2221400,0.0,1.0,MMM
2011-03-28,50.46,50.68,50.3,50.3,50.3,2414300,0.0,1.0,MMM
2011-03-25,50.71,50.76,50.31,50.38,50.38,2748500,0.0,1.0,MMM
2011-03-24,50.57,50.77,50.17,50.55,50.55,2595800,0.0,1.0,MMM
2011-03-23,49.48,50.59,49.47,50.31,50.31,3978100,0.0,1.0,MMM
2011-03-22,49.67,49.95,49.37,49.52,49.52,2067100,0.0,1.0,MMM
2011-03-21,49.29,50.12,49.23,49.66,49.66,3576000,0.0,1.0,MMM
2011-03-18,48.99,49.2,48.34,48.59,48.59,4823200,0.0,1.0,MMM
2011-03-17,48.37,48.58,48.08,48.43,48.43,3581300,0.0,1.0,MMM
2011-03-16,48.63,48.73,47.45,47.8,47.8,6387500,0.0,1.0,MMM
2011-03-15,48.62,49.19,48.08,48.87,48.87,5273500,0.0,1.0,MMM
2011-03-14,49.8,49.8,49.09,49.7,49.7,3549000,0.0,1.0,MMM
2011-03-11,48.98,50.26,48.98,50.02,50.02,3513000,0.0,1.0,MMM
2011-03-10,50.41,50.41,49.14,49.15,49.15,5098400,0.0,1.0,MMM
2011-03-09,51.06,51.18,50.55,50.87,50.87,2117900,0.0,1.0,MMM
2011-03-08,50.44,51.41,50.4,51.19,51.19,3623700,0.0,1.0,MMM
2011-03-07,50.55,51.08,50.25,50.45,50.45,3790500,0.0,1.0,MMM
2011-03-04,50.62,50.94,49.88,50.34,50.34,2770400,0.0,1.0,MMM
2011-03-03,50.15,51.0,50.15,50.68,50.68,3061100,0.0,1.0,MMM
2011-03-02,49.27,50.34,49.27,49.86,49.86,2809500,0.0,1.0,MMM
2011-03-01,50.34,50.43,49.38,49.39,49.39,4008100,0.0,1.0,MMM
2011-02-28,50.18,50.58,49.74,50.36,50.36,4797400,0.0,1.0,MMM
2011-02-25,49.01,49.51,48.97,49.28,49.28,2859500,0.0,1.0,MMM
2011-02-24,49.38,49.54,48.74,49.16,49.16,3995700,0.0,1.0,MMM
2011-02-23,50.55,50.55,49.07,49.28,49.28,5360900,0.0,1.0,MMM
2011-02-22,50.63,51.14,50.14,50.23,50.23,5032300,0.0,1.0,MMM
2011-02-18,50.63,50.76,50.26,50.76,50.76,3435200,0.0,1.0,MMM
2011-02-17,50.31,50.76,50.25,50.63,50.63,3134200,0.0,1.0,MMM
2011-02-16,49.94,50.75,49.93,50.41,50.41,3906500,0.55,1.0,MMM
2011-02-15,49.68,50.01,49.39,49.94,49.94,2971900,0.0,1.0,MMM
2011-02-14,49.78,50.1,49.78,49.88,49.88,3418500,0.0,1.0,MMM
2011-02-11,49.04,49.91,48.88,49.83,49.83,3410000,0.0,1.0,MMM
2011-02-10,48.98,49.22,48.83,49.1,49.1,2787500,0.0,1.0,MMM
2011-02-09,48.67,49.31,48.66,49.27,49.27,4786500,0.0,1.0,MMM
2011-02-08,48.29,48.58,48.19,48.56,48.56,2708000,0.0,1.0,MMM
2011-02-07,47.86,48.44,47.66,48.19,48.19,2621700,0.0,1.0,MMM
2011-02-04,47.72,47.98,47.58,47.92,47.92,1973900,0.0,1.0,MMM
2011-02-03,47.67,47.91,47.52,47.74,47.74,1982200,0.0,1.0,MMM
2011-02-02,47.59,48.01,47.59,47.63,47.63,2892600,0.0,1.0,MMM
2011-02-01,47.78,47.93,47.46,47.65,47.65,3995200,0.0,1.0,MMM
2011-01-31,47.73,47.87,47.39,47.72,47.72,4116500,0.0,1.0,MMM
2011-01-28,48.54,48.68,47.36,47.46,47.46,4927600,0.0,1.0,MMM
2011-01-27,48.42,49.01,48.32,48.41,48.41,3282400,0.0,1.0,MMM
2011-01-26,48.08,48.7,48.0,48.62,48.62,4097800,0.0,1.0,MMM
2011-01-25,48.53,48.58,47.33,48.04,48.04,7480800,0.0,1.0,MMM
2011-01-24,48.42,49.12,48.34,49.02,49.02,6319600,0.0,1.0,MMM
2011-01-21,48.12,48.52,47.97,48.47,48.47,3911300,0.0,1.0,MMM
2011-01-20,47.69,47.97,47.36,47.79,47.79,2167400,0.0,1.0,MMM
2011-01-19,47.9,48.17,47.58,47.74,47.74,2302200,0.0,1.0,MMM
2011-01-18,47.68,48.04,47.61,47.84,47.84,2323700,0.0,1.0,MMM
2011-01-14,47.62,47.83,47.47,47.82,47.82,2094300,0.0,1.0,MMM
2011-01-13,48.02,48.24,47.64,47.79,47.79,2351900,0.0,1.0,MMM
2011-01-12,47.78,48.18,47.72,48.12,48.12,2732900,0.0,1.0,MMM
2011-01-11,47.4,47.95,47.4,47.62,47.62,3024400,0.0,1.0,MMM
2011-01-10,46.53,47.4,46.53,47.3,47.3,3475200,0.0,1.0,MMM
2011-01-07,46.98,47.39,46.65,46.8,46.8,3355500,0.0,1.0,MMM
2011-01-06,47.15,47.33,46.48,46.76,46.76,3452600,0.0,1.0,MMM
2011-01-05,46.84,47.71,46.75,47.04,47.04,4081300,0.0,1.0,MMM
2011-01-04,47.22,47.37,46.83,47.04,47.04,2644100,0.0,1.0,MMM
2011-01-03,47.09,47.4,47.08,47.11,47.11,2632800,0.0,1.0,MMM
2010-12-31,46.97,47.21,46.69,46.84,46.84,1791500,0.0,1.0,MMM
2010-12-30,47.1,47.24,46.88,46.97,46.97,1502900,0.0,1.0,MMM
2010-12-29,47.14,47.33,46.98,47.09,47.09,1666800,0.0,1.0,MMM
2010-12-28,47.23,47.45,46.92,47.08,47.08,1769700,0.0,1.0,MMM
2010-12-27,46.89,47.36,46.68,47.23,47.23,1585500,0.0,1.0,MMM
2010-12-23,47.11,47.15,46.8,46.94,46.94,1890200,0.0,1.0,MMM
2010-12-22,46.9,47.17,46.59,47.07,47.07,2396800,0.0,1.0,MMM
2010-12-21,47.5,47.55,46.8,46.97,46.97,3265900,0.0,1.0,MMM
2010-12-20,47.01,47.67,46.74,47.41,47.41,4002600,0.0,1.0,MMM
2010-12-17,46.89,47.03,46.63,46.88,46.88,3655800,0.0,1.0,MMM
2010-12-16,46.62,46.99,46.22,46.9,46.9,2670600,0.0,1.0,MMM
2010-12-15,46.59,47.22,46.38,46.58,46.58,4758500,0.0,1.0,MMM
2010-12-14,46.26,46.63,46.15,46.59,46.59,2873400,0.0,1.0,MMM
2010-12-13,45.89,46.53,45.83,46.3,46.3,4264300,0.0,1.0,MMM
2010-12-10,45.78,45.82,45.46,45.77,45.77,4453200,0.0,1.0,MMM
2010-12-09,46.13,46.16,45.44,45.65,45.65,3598100,0.0,1.0,MMM
2010-12-08,45.18,46.04,45.18,45.96,45.96,5145300,0.0,1.0,MMM
2010-12-07,47.05,47.26,45.49,45.7,45.7,10359600,0.0,1.0,MMM
2010-12-06,47.22,47.45,47.02,47.16,47.16,3165400,0.0,1.0,MMM
2010-12-03,46.71,47.35,46.58,47.19,47.19,2910700,0.0,1.0,MMM
2010-12-02,46.81,47.29,46.76,46.96,46.96,4257900,0.0,1.0,MMM
2010-12-01,46.37,47.08,46.35,46.71,46.71,5153700,0.0,1.0,MMM
2010-11-30,45.19,45.76,45.07,45.58,45.58,3463500,0.0,1.0,MMM
2010-11-29,45.43,45.8,45.05,45.71,45.71,3590000,0.0,1.0,MMM
2010-11-26,45.84,46.18,45.55,45.81,45.81,1661300,0.0,1.0,MMM
2010-11-24,45.86,46.03,45.64,45.95,45.95,3857600,0.0,1.0,MMM
2010-11-23,45.55,45.89,45.13,45.37,45.37,3933200,0.0,1.0,MMM
2010-11-22,45.95,46.17,45.58,46.08,46.08,2976300,0.0,1.0,MMM
2010-11-19,46.42,46.44,45.99,46.14,46.14,3221300,0.0,1.0,MMM
2010-11-18,46.05,46.54,45.9,46.44,46.44,3576400,0.0,1.0,MMM
2010-11-17,45.64,45.88,45.33,45.57,45.57,3130600,0.525,1.0,MMM
2010-11-16,46.23,46.27,45.29,45.44,45.44,5699800,0.0,1.0,MMM
2010-11-15,46.76,46.81,46.47,46.5,46.5,3131100,0.0,1.0,MMM
2010-11-12,46.4,47.02,46.19,46.52,46.52,4123700,0.0,1.0,MMM
2010-11-11,46.24,46.69,45.97,46.66,46.66,5850800,0.0,1.0,MMM
2010-11-10,46.01,46.65,46.01,46.52,46.52,3999000,0.0,1.0,MMM
2010-11-09,46.57,46.57,45.82,46.01,46.01,4920500,0.0,1.0,MMM
2010-11-08,46.28,46.71,46.15,46.31,46.31,5515100,0.0,1.0,MMM
2010-11-05,47.18,47.19,46.39,46.57,46.57,3724300,0.0,1.0,MMM
2010-11-04,46.55,47.4,46.44,46.95,46.95,6606100,0.0,1.0,MMM
2010-11-03,45.93,46.16,44.93,46.01,46.01,4081700,0.0,1.0,MMM
2010-11-02,45.75,45.88,45.48,45.74,45.74,3815200,0.0,1.0,MMM
2010-11-01,45.62,46.01,45.0,45.3,45.3,4467200,0.0,1.0,MMM
2010-10-29,45.86,45.96,45.35,45.43,45.43,6085200,0.0,1.0,MMM
2010-10-28,47.37,47.47,45.2,45.89,45.89,16228100,0.0,1.0,MMM
2010-10-27,48.54,48.83,47.77,48.75,48.75,3398500,0.0,1.0,MMM
2010-10-26,48.91,49.08,48.62,48.8,48.8,2268200,0.0,1.0,MMM
2010-10-25,48.89,49.35,48.89,49.03,49.03,3192900,0.0,1.0,MMM
2010-10-22,48.79,48.89,48.56,48.78,48.78,2310800,0.0,1.0,MMM
2010-10-21,48.48,49.03,48.39,48.84,48.84,5633800,0.0,1.0,MMM
2010-10-20,47.86,48.52,47.79,48.26,48.26,2819400,0.0,1.0,MMM
2010-10-19,47.87,47.99,47.2,47.77,47.77,3888100,0.0,1.0,MMM
2010-10-18,48.06,48.5,47.84,48.36,48.36,2692000,0.0,1.0,MMM
2010-10-15,48.41,48.49,47.67,48.08,48.08,3097100,0.0,1.0,MMM
2010-10-14,48.09,48.15,47.66,48.05,48.05,2313700,0.0,1.0,MMM
2010-10-13,47.54,48.4,47.54,48.08,48.08,3179900,0.0,1.0,MMM
2010-10-12,47.43,47.76,46.81,47.55,47.55,2501400,0.0,1.0,MMM
2010-10-11,48.27,48.28,47.45,47.6,47.6,2605900,0.0,1.0,MMM
2010-10-08,48.45,48.45,47.7,48.09,48.09,2264400,0.0,1.0,MMM
2010-10-07,48.47,48.5,47.71,47.95,47.95,3321900,0.0,1.0,MMM
2010-10-06,47.82,48.49,47.82,48.49,48.49,4137400,0.0,1.0,MMM
2010-10-05,47.1,48.01,47.1,47.93,47.93,4612200,0.0,1.0,MMM
2010-10-04,47.09,47.32,46.45,46.77,46.77,2286300,0.0,1.0,MMM
2010-10-01,47.13,47.41,46.88,47.26,47.26,3200900,0.0,1.0,MMM
2010-09-30,47.35,47.47,46.5,46.77,46.77,3634700,0.0,1.0,MMM
2010-09-29,46.75,47.28,46.56,47.02,47.02,2915700,0.0,1.0,MMM
2010-09-28,46.74,47.1,46.09,46.95,46.95,2582600,0.0,1.0,MMM
2010-09-27,46.85,46.99,46.43,46.49,46.49,2494700,0.0,1.0,MMM
2010-09-24,46.61,47.18,46.28,46.91,46.91,3420400,0.0,1.0,MMM
2010-09-23,46.31,46.79,46.04,46.14,46.14,1994000,0.0,1.0,MMM
2010-09-22,46.7,47.02,46.46,46.73,46.73,2473000,0.0,1.0,MMM
2010-09-21,46.74,47.26,46.42,46.69,46.69,3680200,0.0,1.0,MMM
2010-09-20,46.53,47.27,46.42,47.15,47.15,3657900,0.0,1.0,MMM
2010-09-17,46.04,46.48,45.9,46.43,46.43,5967100,0.0,1.0,MMM
2010-09-16,45.32,45.85,45.28,45.82,45.82,2431800,0.0,1.0,MMM
2010-09-15,45.56,45.72,45.11,45.62,45.62,2175900,0.0,1.0,MMM
2010-09-14,45.68,45.85,45.32,45.65,45.65,3319500,0.0,1.0,MMM
2010-09-13,45.61,45.83,45.42,45.77,45.77,2863500,0.0,1.0,MMM
2010-09-10,44.7,45.35,44.58,45.28,45.28,2166300,0.0,1.0,MMM
2010-09-09,45.27,45.35,44.49,44.75,44.75,2471700,0.0,1.0,MMM
2010-09-08,44.35,45.15,44.35,44.64,44.64,2787000,0.0,1.0,MMM
2010-09-07,44.9,44.98,44.24,44.31,44.31,3099200,0.0,1.0,MMM
2010-09-03,44.55,45.15,44.53,45.03,45.03,2939700,0.0,1.0,MMM
2010-09-02,43.93,44.17,43.6,44.16,44.16,2477800,0.0,1.0,MMM
2010-09-01,42.89,43.75,42.77,43.7,43.7,4507000,0.0,1.0,MMM
2010-08-31,42.92,43.26,42.29,42.37,42.37,4956000,0.0,1.0,MMM
2010-08-30,43.46,43.52,42.93,42.96,42.96,2408400,0.0,1.0,MMM
2010-08-27,43.22,43.74,42.72,43.69,43.69,3445900,0.0,1.0,MMM
2010-08-26,43.83,43.87,42.88,43.03,43.03,3577000,0.0,1.0,MMM
2010-08-25,43.16,43.75,42.87,43.56,43.56,3577100,0.0,1.0,MMM
2010-08-24,43.26,43.69,42.87,43.4,43.4,4475900,0.0,1.0,MMM
2010-08-23,43.7,44.39,43.64,43.74,43.74,3243400,0.0,1.0,MMM
2010-08-20,43.69,43.93,43.21,43.51,43.51,4355400,0.0,1.0,MMM
2010-08-19,44.95,45.01,43.8,44.13,44.13,3959300,0.0,1.0,MMM
2010-08-18,45.19,45.31,44.45,45.1,45.1,3198900,0.525,1.0,MMM
2010-08-17,44.46,45.51,44.32,45.08,45.08,4374600,0.0,1.0,MMM
2010-08-16,44.67,45.01,44.13,44.72,44.72,2358400,0.0,1.0,MMM
2010-08-13,44.97,45.27,44.89,45.03,45.03,2079100,0.0,1.0,MMM
2010-08-12,44.65,45.37,44.58,45.03,45.03,3435300,0.0,1.0,MMM
2010-08-11,46.05,46.1,44.78,45.08,45.08,4505600,0.0,1.0,MMM
2010-08-10,46.86,47.05,46.02,46.7,46.7,3641400,0.0,1.0,MMM
2010-08-09,47.03,47.38,46.86,47.19,47.19,3187400,0.0,1.0,MMM
2010-08-06,46.53,46.93,46.11,46.79,46.79,2701300,0.0,1.0,MMM
2010-08-05,46.8,47.13,46.62,47.02,47.02,2523600,0.0,1.0,MMM
2010-08-04,46.8,47.21,46.76,47.17,47.17,2222600,0.0,1.0,MMM
2010-08-03,46.63,46.93,46.46,46.75,46.75,2855500,0.0,1.0,MMM
2010-08-02,46.53,47.05,46.49,46.86,46.86,3639000,0.0,1.0,MMM
2010-07-30,45.83,46.29,45.49,45.85,45.85,4744600,0.0,1.0,MMM
2010-07-29,46.66,46.89,45.95,46.28,46.28,3344200,0.0,1.0,MMM
2010-07-28,46.34,46.64,46.22,46.47,46.47,2824600,0.0,1.0,MMM
2010-07-27,46.72,46.85,46.28,46.53,46.53,4243800,0.0,1.0,MMM
2010-07-26,46.37,46.89,46.04,46.81,46.81,4834500,0.0,1.0,MMM
2010-07-23,45.4,46.25,45.22,46.19,46.19,4559100,0.0,1.0,MMM
2010-07-22,45.42,45.64,44.95,45.43,45.43,7153200,0.0,1.0,MMM
2010-07-21,44.3,44.55,43.6,44.12,44.12,4992700,0.0,1.0,MMM
2010-07-20,43.14,44.14,42.89,44.06,44.06,3050800,0.0,1.0,MMM
2010-07-19,43.68,43.71,42.93,43.54,43.54,3054200,0.0,1.0,MMM
2010-07-16,44.34,44.37,43.26,43.39,43.39,4302500,0.0,1.0,MMM
2010-07-15,44.58,44.58,43.7,44.52,44.52,4642000,0.0,1.0,MMM
2010-07-14,44.56,44.86,44.22,44.52,44.52,3114300,0.0,1.0,MMM
2010-07-13,44.41,45.33,44.41,44.79,44.79,5137400,0.0,1.0,MMM
2010-07-12,43.89,44.1,43.61,44.1,44.1,3206600,0.0,1.0,MMM
2010-07-09,43.48,44.09,43.48,44.04,44.04,2817400,0.0,1.0,MMM
2010-07-08,43.48,43.74,42.93,43.54,43.54,3975800,0.0,1.0,MMM
2010-07-07,42.05,43.19,41.77,43.16,43.16,4957900,0.0,1.0,MMM
2010-07-06,42.05,42.55,41.54,41.89,41.89,4012500,0.0,1.0,MMM
2010-07-02,42.24,42.35,41.3,41.64,41.64,3776900,0.0,1.0,MMM
2010-07-01,42.38,42.55,41.72,42.11,42.11,6811700,0.0,1.0,MMM
2010-06-30,41.92,43.0,41.92,42.34,42.34,6942900,0.0,1.0,MMM
2010-06-29,42.2,42.37,41.2,42.07,42.07,8545400,0.0,1.0,MMM
2010-06-28,42.32,42.74,41.97,42.34,42.34,3094000,0.0,1.0,MMM
2010-06-25,42.1,42.4,41.75,42.29,42.29,4339900,0.0,1.0,MMM
2010-06-24,42.78,42.8,41.74,41.91,41.91,4340100,0.0,1.0,MMM
2010-06-23,43.01,43.23,42.59,42.95,42.95,3567100,0.0,1.0,MMM
2010-06-22,43.8,43.89,42.82,42.9,42.9,3116800,0.0,1.0,MMM
2010-06-21,43.93,44.49,43.46,43.67,43.67,4064000,0.0,1.0,MMM
2010-06-18,43.33,43.62,43.09,43.52,43.52,5255800,0.0,1.0,MMM
2010-06-17,43.6,43.62,42.83,43.44,43.44,3976400,0.0,1.0,MMM
2010-06-16,42.5,43.42,42.34,43.36,43.36,5359800,0.0,1.0,MMM
2010-06-15,42.4,42.81,42.21,42.76,42.76,3233200,0.0,1.0,MMM
2010-06-14,42.34,42.52,41.84,41.89,41.89,3612000,0.0,1.0,MMM
2010-06-11,41.09,42.02,41.07,41.97,41.97,4627700,0.0,1.0,MMM
2010-06-10,40.62,41.59,40.54,41.51,41.51,6204500,0.0,1.0,MMM
2010-06-09,40.46,40.79,39.94,40.09,40.09,4803100,0.0,1.0,MMM
2010-06-08,40.06,40.28,38.98,40.16,40.16,7229500,0.0,1.0,MMM
2010-06-07,40.83,41.2,40.04,40.06,40.06,5947800,0.0,1.0,MMM
2010-06-04,41.43,41.43,40.63,40.79,40.79,8152800,0.0,1.0,MMM
2010-06-03,42.5,42.76,41.63,41.99,41.99,7880900,0.0,1.0,MMM
2010-06-02,42.13,42.29,41.55,42.21,42.21,5773600,0.0,1.0,MMM
2010-06-01,42.2,42.81,41.8,41.85,41.85,4340200,0.0,1.0,MMM
2010-05-28,43.7,43.79,42.22,42.51,42.51,6482800,0.0,1.0,MMM
2010-05-27,43.1,43.7,42.91,43.65,43.65,4554900,0.0,1.0,MMM
2010-05-26,42.88,43.25,42.36,42.44,42.44,4720900,0.0,1.0,MMM
2010-05-25,42.19,42.64,41.44,42.6,42.6,5705200,0.0,1.0,MMM
2010-05-24,43.28,43.28,42.58,42.66,42.66,3625900,0.0,1.0,MMM
2010-05-21,42.04,43.3,41.89,43.26,43.26,6489700,0.0,1.0,MMM
2010-05-20,43.51,43.67,42.62,42.66,42.66,8752700,0.0,1.0,MMM
2010-05-19,44.67,44.67,43.93,44.25,44.25,6405200,0.525,1.0,MMM
2010-05-18,45.32,45.92,44.66,44.75,44.75,5219900,0.0,1.0,MMM
2010-05-17,45.21,45.35,44.22,45.11,45.11,3191700,0.0,1.0,MMM
2010-05-14,45.31,45.57,44.72,45.11,45.11,4138400,0.0,1.0,MMM
2010-05-13,45.84,46.34,45.5,45.59,45.59,3314300,0.0,1.0,MMM
2010-05-12,45.48,46.14,45.39,46.04,46.04,3431000,0.0,1.0,MMM
2010-05-11,45.37,45.79,45.21,45.3,45.3,4760800,0.0,1.0,MMM
2010-05-10,45.6,46.36,45.22,45.79,45.79,6271600,0.0,1.0,MMM
2010-05-07,44.56,44.91,43.28,44.01,44.01,8368800,0.0,1.0,MMM
2010-05-06,45.84,48.22,36.21,44.87,44.87,9156000,0.0,1.0,MMM
2010-05-05,46.36,46.46,45.85,46.12,46.12,4880000,0.0,1.0,MMM
2010-05-04,47.52,47.52,46.35,46.7,46.7,5456400,0.0,1.0,MMM
2010-05-03,47.51,47.94,47.2,47.84,47.84,4647400,0.0,1.0,MMM
2010-04-30,47.25,47.78,47.09,47.23,47.23,5262000,0.0,1.0,MMM
2010-04-29,47.38,47.94,47.22,47.58,47.58,5284200,0.0,1.0,MMM
2010-04-28,47.35,47.45,46.69,47.0,47.0,5730600,0.0,1.0,MMM
2010-04-27,47.9,48.07,46.75,46.86,46.86,11138700,0.0,1.0,MMM
2010-04-26,46.25,46.76,46.2,46.58,46.58,6288900,0.0,1.0,MMM
2010-04-23,45.9,46.39,45.77,46.12,46.12,3990600,0.0,1.0,MMM
2010-04-22,45.33,45.88,44.99,45.84,45.84,4627700,0.0,1.0,MMM
2010-04-21,45.51,45.73,45.31,45.65,45.65,4522900,0.0,1.0,MMM
2010-04-20,44.96,45.73,44.91,45.42,45.42,5735000,0.0,1.0,MMM
2010-04-19,44.54,44.81,44.29,44.69,44.69,3554200,0.0,1.0,MMM
2010-04-16,45.12,45.25,44.32,44.62,44.62,5342300,0.0,1.0,MMM
2010-04-15,44.82,45.28,44.71,45.28,45.28,4535500,0.0,1.0,MMM
2010-04-14,44.7,44.99,44.47,44.95,44.95,3632100,0.0,1.0,MMM
2010-04-13,44.23,44.87,44.05,44.71,44.71,4256000,0.0,1.0,MMM
2010-04-12,44.62,44.62,44.26,44.36,44.36,2626100,0.0,1.0,MMM
2010-04-09,44.2,44.57,44.1,44.47,44.47,2883900,0.0,1.0,MMM
2010-04-08,44.43,44.53,44.09,44.18,44.18,3757700,0.0,1.0,MMM
2010-04-07,44.8,45.08,44.32,44.56,44.56,4463500,0.0,1.0,MMM
2010-04-06,44.69,44.99,44.5,44.93,44.93,3208500,0.0,1.0,MMM
2010-04-05,44.86,45.0,44.52,44.84,44.84,2600800,0.0,1.0,MMM
2010-04-01,44.67,44.87,44.42,44.66,44.66,2965800,0.0,1.0,MMM
2010-03-31,44.77,44.99,44.4,44.51,44.51,4336700,0.0,1.0,MMM
2010-03-30,43.87,45.01,43.81,44.89,44.89,8704600,0.0,1.0,MMM
2010-03-29,43.27,43.51,43.16,43.34,43.34,3102600,0.0,1.0,MMM
2010-03-26,43.2,43.34,43.01,43.15,43.15,3815300,0.0,1.0,MMM
2010-03-25,43.68,43.81,43.06,43.11,43.11,4942500,0.0,1.0,MMM
2010-03-24,43.6,43.84,43.37,43.47,43.47,3102500,0.0,1.0,MMM
2010-03-23,43.73,43.9,43.23,43.86,43.86,4153100,0.0,1.0,MMM
2010-03-22,43.41,43.78,43.41,43.59,43.59,3256700,0.0,1.0,MMM
2010-03-19,44.64,44.74,43.42,43.66,43.66,6876200,0.0,1.0,MMM
2010-03-18,43.84,44.61,43.68,44.57,44.57,4939500,0.0,1.0,MMM
2010-03-17,43.64,43.9,43.49,43.77,43.77,3989700,0.0,1.0,MMM
2010-03-16,43.28,43.5,42.9,43.5,43.5,4242200,0.0,1.0,MMM
2010-03-15,43.23,43.5,43.03,43.28,43.28,2622300,0.0,1.0,MMM
2010-03-12,43.45,43.5,43.1,43.35,43.35,2945900,0.0,1.0,MMM
2010-03-11,43.28,43.43,42.88,43.28,43.28,4048100,0.0,1.0,MMM
2010-03-10,43.64,43.71,43.28,43.44,43.44,3584600,0.0,1.0,MMM
2010-03-09,43.23,43.75,43.01,43.67,43.67,4249800,0.0,1.0,MMM
2010-03-08,43.9,43.96,43.27,43.31,43.31,3627900,0.0,1.0,MMM
2010-03-05,43.33,43.94,43.27,43.91,43.91,3142600,0.0,1.0,MMM
2010-03-04,43.15,43.34,42.92,43.16,43.16,2620300,0.0,1.0,MMM
2010-03-03,43.23,43.51,43.07,43.15,43.15,2852300,0.0,1.0,MMM
2010-03-02,43.01,43.35,42.92,43.21,43.21,3365600,0.0,1.0,MMM
2010-03-01,42.92,43.12,42.8,42.92,42.92,2545100,0.0,1.0,MMM
2010-02-26,42.47,42.79,42.13,42.69,42.69,3224400,0.0,1.0,MMM
2010-02-25,42.17,42.49,41.89,42.47,42.47,4106300,0.0,1.0,MMM
2010-02-24,42.61,42.93,42.35,42.65,42.65,3530700,0.0,1.0,MMM
2010-02-23,42.83,43.19,42.44,42.46,42.46,3981900,0.0,1.0,MMM
2010-02-22,43.52,43.55,42.91,42.98,42.98,3025400,0.0,1.0,MMM
2010-02-19,43.22,43.54,42.94,43.42,43.42,3217900,0.0,1.0,MMM
2010-02-18,42.64,43.24,42.64,43.2,43.2,2702400,0.0,1.0,MMM
2010-02-17,42.84,42.98,42.47,42.69,42.69,3095200,0.525,1.0,MMM
2010-02-16,42.38,42.67,41.99,42.3,42.3,3619100,0.0,1.0,MMM
2010-02-12,41.88,41.93,41.31,41.9,41.9,5443000,0.0,1.0,MMM
2010-02-11,41.92,42.54,41.72,42.48,42.48,5524500,0.0,1.0,MMM
2010-02-10,41.7,41.96,41.28,41.61,41.61,2445200,0.0,1.0,MMM
2010-02-09,41.43,42.02,41.22,41.66,41.66,4252500,0.0,1.0,MMM
2010-02-08,41.53,41.53,40.88,41.03,41.03,4407300,0.0,1.0,MMM
2010-02-05,41.89,42.07,40.89,41.56,41.56,5408000,0.0,1.0,MMM
2010-02-04,42.93,42.93,41.72,41.92,41.92,5312600,0.0,1.0,MMM
2010-02-03,42.25,43.22,42.25,43.13,43.13,3401300,0.0,1.0,MMM
2010-02-02,42.71,42.83,42.17,42.56,42.56,4690000,0.0,1.0,MMM
2010-02-01,42.78,42.81,42.3,42.57,42.57,3632700,0.0,1.0,MMM
2010-01-29,43.05,43.33,42.43,42.59,42.59,4347000,0.0,1.0,MMM
2010-01-28,43.72,43.73,41.86,42.73,42.73,6820700,0.0,1.0,MMM
2010-01-27,43.04,43.84,42.87,43.55,43.55,5066900,0.0,1.0,MMM
2010-01-26,43.11,43.78,42.89,43.2,43.2,3138000,0.0,1.0,MMM
2010-01-25,43.57,43.87,43.12,43.3,43.3,3386600,0.0,1.0,MMM
2010-01-22,43.61,43.83,43.02,43.12,43.12,4809000,0.0,1.0,MMM
2010-01-21,44.77,44.77,43.7,43.76,43.76,4783200,0.0,1.0,MMM
2010-01-20,44.89,45.05,44.24,44.83,44.83,3671200,0.0,1.0,MMM
2010-01-19,44.36,45.07,44.19,45.05,45.05,4500400,0.0,1.0,MMM
2010-01-15,44.2,44.5,43.85,44.12,44.12,3955000,0.0,1.0,MMM
2010-01-14,44.31,44.42,44.15,44.19,44.19,2634100,0.0,1.0,MMM
2010-01-13,44.51,44.51,44.03,44.34,44.34,3102000,0.0,1.0,MMM
2010-01-12,44.23,44.55,44.08,44.48,44.48,3031800,0.0,1.0,MMM
2010-01-11,44.65,44.77,44.14,44.44,44.44,2927100,0.0,1.0,MMM
2010-01-08,44.29,44.62,44.08,44.62,44.62,3405800,0.0,1.0,MMM
2010-01-07,44.09,44.33,43.46,44.31,44.31,4470100,0.0,1.0,MMM
2010-01-06,44.39,44.77,44.19,44.28,44.28,5268500,0.0,1.0,MMM
2010-01-05,43.82,44.04,43.24,43.66,43.66,2847000,0.0,1.0,MMM
2010-01-04,43.97,44.16,43.75,43.93,43.93,3043700,0.0,1.0,MMM
2009-12-31,44.34,44.49,43.68,43.75,43.75,2049800,0.0,1.0,MMM
2009-12-30,44.45,44.61,44.27,44.4,44.4,2595000,0.0,1.0,MMM
2009-12-29,44.34,44.62,44.27,44.52,44.52,3865900,0.0,1.0,MMM
2009-12-28,43.81,44.24,43.75,44.16,44.16,2353800,0.0,1.0,MMM
2009-12-24,43.56,43.92,43.56,43.69,43.69,931200,0.0,1.0,MMM
2009-12-23,43.37,43.56,43.08,43.49,43.49,1900200,0.0,1.0,MMM
2009-12-22,43.31,43.56,43.15,43.37,43.37,1844100,0.0,1.0,MMM
2009-12-21,42.88,43.51,42.83,43.09,43.09,2761300,0.0,1.0,MMM
2009-12-18,42.76,43.05,42.63,42.85,42.85,6667700,0.0,1.0,MMM
2009-12-17,43.07,43.12,42.52,42.58,42.58,3841700,0.0,1.0,MMM
2009-12-16,43.67,43.93,43.14,43.25,43.25,3979200,0.0,1.0,MMM
2009-12-15,43.45,43.89,43.15,43.76,43.76,4633000,0.0,1.0,MMM
2009-12-14,43.4,43.48,43.2,43.35,43.35,4999400,0.0,1.0,MMM
2009-12-11,42.64,43.29,42.57,43.26,43.26,4788800,0.0,1.0,MMM
2009-12-10,42.31,42.74,42.19,42.7,42.7,5050900,0.0,1.0,MMM
2009-12-09,41.41,42.3,41.3,42.2,42.2,6599400,0.0,1.0,MMM
2009-12-08,40.4,40.98,40.22,40.81,40.81,5046700,0.0,1.0,MMM
2009-12-07,41.23,41.73,41.09,41.23,41.23,3056100,0.0,1.0,MMM
2009-12-04,41.06,41.59,40.94,41.4,41.4,4376000,0.0,1.0,MMM
2009-12-03,41.49,41.63,40.74,40.83,40.83,2992800,0.0,1.0,MMM
2009-12-02,41.5,41.88,41.23,41.49,41.49,2977300,0.0,1.0,MMM
2009-12-01,41.2,41.81,41.19,41.61,41.61,3058400,0.0,1.0,MMM
2009-11-30,40.69,41.18,40.47,40.98,40.98,3930100,0.0,1.0,MMM
2009-11-27,40.28,40.87,40.28,40.62,40.62,1865900,0.0,1.0,MMM
2009-11-25,41.21,41.28,41.01,41.23,41.23,1939200,0.0,1.0,MMM
2009-11-24,41.03,41.21,40.73,41.07,41.07,2776600,0.0,1.0,MMM
2009-11-23,40.83,41.31,40.72,41.13,41.13,3397500,0.0,1.0,MMM
2009-11-20,40.81,40.86,40.35,40.56,40.56,3027500,0.0,1.0,MMM
2009-11-19,40.99,41.09,40.34,40.88,40.88,2527900,0.0,1.0,MMM
2009-11-18,41.31,41.35,40.92,41.17,41.17,2540500,0.51,1.0,MMM
2009-11-17,40.95,41.42,40.95,41.42,41.42,3094600,0.0,1.0,MMM
2009-11-16,40.77,41.16,40.71,41.02,41.02,2994500,0.0,1.0,MMM
2009-11-13,40.6,40.95,40.34,40.65,40.65,2423500,0.0,1.0,MMM
2009-11-12,40.96,41.1,40.46,40.59,40.59,2451700,0.0,1.0,MMM
2009-11-11,41.06,41.53,40.86,40.99,40.99,2876400,0.0,1.0,MMM
2009-11-10,40.5,41.16,40.5,41.0,41.0,3503800,0.0,1.0,MMM
2009-11-09,39.92,40.63,39.69,40.59,40.59,3950800,0.0,1.0,MMM
2009-11-06,39.36,39.86,39.26,39.65,39.65,1865200,0.0,1.0,MMM
2009-11-05,39.17,39.79,39.15,39.67,39.67,3097600,0.0,1.0,MMM
2009-11-04,39.26,39.58,38.85,38.94,38.94,4076200,0.0,1.0,MMM
2009-11-03,38.91,39.24,38.72,38.94,38.94,3479200,0.0,1.0,MMM
2009-11-02,38.83,39.4,38.56,39.05,39.05,3931700,0.0,1.0,MMM
2009-10-30,39.48,39.81,38.45,38.68,38.68,4526200,0.0,1.0,MMM
2009-10-29,39.26,39.94,39.24,39.68,39.68,4203100,0.0,1.0,MMM
2009-10-28,39.98,40.11,39.05,39.15,39.15,4401600,0.0,1.0,MMM
2009-10-27,40.48,40.62,39.86,39.96,39.96,4502500,0.0,1.0,MMM
2009-10-26,40.83,41.33,40.04,40.39,40.39,3881300,0.0,1.0,MMM
2009-10-23,41.23,41.41,40.38,40.91,40.91,5455500,0.0,1.0,MMM
2009-10-22,41.01,41.67,40.55,41.42,41.42,7186800,0.0,1.0,MMM
2009-10-21,39.82,40.68,39.82,40.13,40.13,3540500,0.0,1.0,MMM
2009-10-20,40.09,40.34,39.75,39.93,39.93,3508100,0.0,1.0,MMM
2009-10-19,40.1,40.52,39.86,40.13,40.13,3066700,0.0,1.0,MMM
2009-10-16,39.97,40.48,39.67,39.97,39.97,3332000,0.0,1.0,MMM
2009-10-15,40.06,40.6,40.06,40.36,40.36,3693700,0.0,1.0,MMM
2009-10-14,39.62,40.45,39.47,40.26,40.26,4121900,0.0,1.0,MMM
2009-10-13,39.33,39.54,39.01,39.25,39.25,2460100,0.0,1.0,MMM
2009-10-12,39.35,39.73,39.15,39.37,39.37,2405400,0.0,1.0,MMM
2009-10-09,39.15,39.29,38.9,39.29,39.29,2803800,0.0,1.0,MMM
2009-10-08,38.58,39.4,38.58,39.18,39.18,3298900,0.0,1.0,MMM
2009-10-07,38.66,38.83,38.24,38.45,38.45,3167600,0.0,1.0,MMM
2009-10-06,38.62,39.3,38.55,38.87,38.87,2730700,0.0,1.0,MMM
2009-10-05,37.82,38.59,37.8,38.39,38.39,2636000,0.0,1.0,MMM
2009-10-02,37.75,38.04,37.65,37.82,37.82,3242900,0.0,1.0,MMM
2009-10-01,38.67,38.84,38.06,38.14,38.14,4362700,0.0,1.0,MMM
2009-09-30,38.94,39.43,38.26,38.8,38.8,4561800,0.0,1.0,MMM
2009-09-29,39.32,39.56,38.83,38.87,38.87,3200500,0.0,1.0,MMM
2009-09-28,38.87,39.65,38.87,39.44,39.44,2390400,0.0,1.0,MMM
2009-09-25,38.93,39.11,38.57,38.8,38.8,3470700,0.0,1.0,MMM
2009-09-24,39.25,39.56,38.71,38.96,38.96,3109500,0.0,1.0,MMM
2009-09-23,39.49,39.96,39.06,39.13,39.13,3344400,0.0,1.0,MMM
2009-09-22,39.34,39.51,38.95,39.42,39.42,2209900,0.0,1.0,MMM
2009-09-21,38.86,39.26,38.86,39.19,39.19,2560400,0.0,1.0,MMM
2009-09-18,39.49,39.56,39.17,39.23,39.23,4387900,0.0,1.0,MMM
2009-09-17,39.61,39.67,39.17,39.37,39.37,3371500,0.0,1.0,MMM
2009-09-16,39.31,39.69,39.17,39.63,39.63,2722500,0.0,1.0,MMM
2009-09-15,39.24,39.37,38.91,39.26,39.26,3566900,0.0,1.0,MMM
2009-09-14,38.76,39.24,38.6,39.2,39.2,3466400,0.0,1.0,MMM
2009-09-11,39.12,39.16,38.76,38.91,38.91,3331400,0.0,1.0,MMM
2009-09-10,38.41,39.11,38.12,39.11,39.11,4135200,0.0,1.0,MMM
2009-09-09,37.65,38.64,37.65,38.47,38.47,4771200,0.0,1.0,MMM
2009-09-08,37.7,38.01,37.54,37.69,37.69,3368600,0.0,1.0,MMM
2009-09-04,37.32,37.61,37.02,37.51,37.51,2251700,0.0,1.0,MMM
2009-09-03,37.19,37.39,36.88,37.34,37.34,3194700,0.0,1.0,MMM
2009-09-02,37.05,37.42,36.74,37.11,37.11,3259000,0.0,1.0,MMM
2009-09-01,37.75,38.27,36.77,36.87,36.87,5864000,0.0,1.0,MMM
2009-08-31,37.56,37.91,37.43,37.91,37.91,3349200,0.0,1.0,MMM
2009-08-28,37.84,37.93,37.28,37.81,37.81,3493400,0.0,1.0,MMM
2009-08-27,37.58,37.77,37.04,37.66,37.66,4076400,0.0,1.0,MMM
2009-08-26,38.22,38.24,37.47,37.55,37.55,4703500,0.0,1.0,MMM
2009-08-25,38.18,38.49,37.98,38.21,38.21,3442000,0.0,1.0,MMM
2009-08-24,38.24,38.38,37.86,38.15,38.15,2504500,0.0,1.0,MMM
2009-08-21,37.85,38.33,37.46,38.19,38.19,4324700,0.0,1.0,MMM
2009-08-20,37.21,37.52,37.07,37.45,37.45,2542800,0.0,1.0,MMM
2009-08-19,36.46,37.35,36.41,37.22,37.22,3907500,0.51,1.0,MMM
2009-08-18,36.74,36.85,36.49,36.72,36.72,3417700,0.0,1.0,MMM
2009-08-17,36.79,37.05,36.29,36.58,36.58,4417300,0.0,1.0,MMM
2009-08-14,37.77,37.84,36.87,37.23,37.23,3597500,0.0,1.0,MMM
2009-08-13,37.73,38.06,37.6,37.9,37.9,4348700,0.0,1.0,MMM
2009-08-12,37.26,37.93,37.03,37.76,37.76,4806800,0.0,1.0,MMM
2009-08-11,36.98,37.34,36.71,37.24,37.24,4802100,0.0,1.0,MMM
2009-08-10,37.89,37.89,36.71,37.01,37.01,5923800,0.0,1.0,MMM
2009-08-07,37.94,38.37,37.75,38.05,38.05,4455200,0.0,1.0,MMM
2009-08-06,37.57,37.89,37.47,37.79,37.79,4297300,0.0,1.0,MMM
2009-08-05,37.77,37.97,37.18,37.49,37.49,4526400,0.0,1.0,MMM
2009-08-04,37.43,37.84,37.32,37.6,37.6,4795000,0.0,1.0,MMM
2009-08-03,37.48,37.84,37.19,37.66,37.66,5571300,0.0,1.0,MMM
2009-07-31,36.64,37.26,36.64,36.81,36.81,4484100,0.0,1.0,MMM
2009-07-30,36.4,36.87,36.11,36.49,36.49,4271800,0.0,1.0,MMM
2009-07-29,36.19,36.37,35.69,35.87,35.87,4666400,0.0,1.0,MMM
2009-07-28,36.36,36.64,36.15,36.48,36.48,4394600,0.0,1.0,MMM
2009-07-27,36.22,36.7,36.17,36.49,36.49,4158100,0.0,1.0,MMM
2009-07-24,36.23,36.49,35.68,36.24,36.24,6128100,0.0,1.0,MMM
2009-07-23,34.75,36.39,34.63,36.24,36.24,10778600,0.0,1.0,MMM
2009-07-22,33.54,33.87,33.43,33.76,33.76,4161900,0.0,1.0,MMM
2009-07-21,33.64,33.79,33.07,33.51,33.51,5030000,0.0,1.0,MMM
2009-07-20,33.21,33.38,32.93,33.32,33.32,3824900,0.0,1.0,MMM
2009-07-17,32.96,33.14,32.45,32.84,32.84,4580700,0.0,1.0,MMM
2009-07-16,32.32,33.17,32.27,33.09,33.09,4129000,0.0,1.0,MMM
2009-07-15,31.95,32.44,31.81,32.36,32.36,5023100,0.0,1.0,MMM
2009-07-14,31.56,31.84,31.32,31.65,31.65,3538200,0.0,1.0,MMM
2009-07-13,31.23,31.6,30.95,31.58,31.58,4041600,0.0,1.0,MMM
2009-07-10,30.63,31.28,30.52,31.21,31.21,3911400,0.0,1.0,MMM
2009-07-09,30.94,31.04,30.67,30.84,30.84,3164200,0.0,1.0,MMM
2009-07-08,30.73,30.93,30.18,30.81,30.81,6101500,0.0,1.0,MMM
2009-07-07,31.89,32.0,30.64,30.67,30.67,7289400,0.0,1.0,MMM
2009-07-06,31.25,31.73,31.13,31.67,31.67,5791600,0.0,1.0,MMM
2009-07-02,31.27,31.71,31.15,31.43,31.43,5582800,0.0,1.0,MMM
2009-07-01,31.48,31.99,31.37,31.71,31.71,3839900,0.0,1.0,MMM
2009-06-30,31.29,31.48,31.11,31.37,31.37,6597200,0.0,1.0,MMM
2009-06-29,30.99,31.36,30.69,31.3,31.3,3194300,0.0,1.0,MMM
2009-06-26,30.7,31.04,30.63,30.93,30.93,2988600,0.0,1.0,MMM
2009-06-25,29.94,30.83,29.81,30.75,30.75,3807900,0.0,1.0,MMM
2009-06-24,29.99,30.56,29.84,30.0,30.0,4447700,0.0,1.0,MMM
2009-06-23,30.14,30.14,29.55,29.78,29.78,4161200,0.0,1.0,MMM
2009-06-22,30.6,30.89,29.97,30.0,30.0,5272900,0.0,1.0,MMM
2009-06-19,31.05,31.42,30.76,30.99,30.99,5868100,0.0,1.0,MMM
2009-06-18,30.74,31.29,30.71,30.96,30.96,3194500,0.0,1.0,MMM
2009-06-17,30.58,31.03,30.58,30.82,30.82,3826100,0.0,1.0,MMM
2009-06-16,31.01,31.09,30.41,30.49,30.49,3791500,0.0,1.0,MMM
2009-06-15,31.53,31.53,30.65,30.96,30.96,4231600,0.0,1.0,MMM
2009-06-12,31.51,31.84,31.27,31.84,31.84,3229000,0.0,1.0,MMM
2009-06-11,31.62,32.08,31.58,31.62,31.62,3627300,0.0,1.0,MMM
2009-06-10,31.64,31.96,31.05,31.56,31.56,4433100,0.0,1.0,MMM
2009-06-09,31.63,31.63,31.19,31.5,31.5,4387400,0.0,1.0,MMM
2009-06-08,31.83,31.87,30.83,31.68,31.68,5144400,0.0,1.0,MMM
2009-06-05,31.63,31.99,31.34,31.81,31.81,6642100,0.0,1.0,MMM
2009-06-04,31.11,31.3,30.86,31.24,31.24,3282200,0.0,1.0,MMM
2009-06-03,31.09,31.3,30.66,31.06,31.06,3927800,0.0,1.0,MMM
2009-06-02,30.92,31.48,30.82,31.3,31.3,4231000,0.0,1.0,MMM
2009-06-01,30.22,31.25,30.22,30.95,30.95,6007300,0.0,1.0,MMM
2009-05-29,29.59,29.84,29.2,29.81,29.81,3782600,0.0,1.0,MMM
2009-05-28,29.36,29.69,28.83,29.52,29.52,3933300,0.0,1.0,MMM
2009-05-27,30.23,30.34,29.21,29.25,29.25,4904100,0.0,1.0,MMM
2009-05-26,29.21,30.32,28.89,30.23,30.23,4140000,0.0,1.0,MMM
2009-05-22,29.66,29.75,29.23,29.27,29.27,3773900,0.0,1.0,MMM
2009-05-21,29.99,30.12,29.24,29.52,29.52,4721600,0.0,1.0,MMM
2009-05-20,30.85,31.15,30.34,30.38,30.38,3736900,0.51,1.0,MMM
2009-05-19,30.57,30.79,30.14,30.53,30.53,4100400,0.0,1.0,MMM
2009-05-18,30.17,30.7,30.06,30.65,30.65,4224800,0.0,1.0,MMM
2009-05-15,29.89,30.4,29.76,29.97,29.97,4747300,0.0,1.0,MMM
2009-05-14,29.58,30.17,29.51,29.98,29.98,4640800,0.0,1.0,MMM
2009-05-13,30.21,30.37,29.29,29.46,29.46,5679600,0.0,1.0,MMM
2009-05-12,30.75,30.94,30.19,30.8,30.8,4082800,0.0,1.0,MMM
2009-05-11,30.74,30.83,30.37,30.59,30.59,3896100,0.0,1.0,MMM
2009-05-08,30.64,31.17,30.63,31.09,31.09,5408200,0.0,1.0,MMM
2009-05-07,30.53,30.82,30.0,30.41,30.41,5627600,0.0,1.0,MMM
2009-05-06,30.4,30.72,29.92,30.6,30.6,5067100,0.0,1.0,MMM
2009-05-05,30.23,30.41,29.9,30.23,30.23,4302400,0.0,1.0,MMM
2009-05-04,29.96,30.41,29.81,30.26,30.26,4520100,0.0,1.0,MMM
2009-05-01,29.78,30.0,29.48,29.95,29.95,4083200,0.0,1.0,MMM
2009-04-30,30.11,30.52,29.49,29.81,29.81,5355800,0.0,1.0,MMM
2009-04-29,29.49,29.98,29.38,29.76,29.76,4622100,0.0,1.0,MMM
2009-04-28,29.39,29.84,29.13,29.26,29.26,4552700,0.0,1.0,MMM
2009-04-27,29.21,30.08,29.17,29.68,29.68,7436400,0.0,1.0,MMM
2009-04-24,28.08,29.51,27.81,29.49,29.49,11541000,0.0,1.0,MMM
2009-04-23,27.55,28.11,27.02,28.05,28.05,6210900,0.0,1.0,MMM
2009-04-22,27.23,28.12,27.04,27.46,27.46,5893700,0.0,1.0,MMM
2009-04-21,27.04,27.66,26.91,27.58,27.58,5059100,0.0,1.0,MMM
2009-04-20,27.63,27.68,26.72,26.89,26.89,4697100,0.0,1.0,MMM
2009-04-17,28.48,28.48,27.76,27.84,27.84,6641000,0.0,1.0,MMM
2009-04-16,27.86,28.46,27.53,28.34,28.34,5735600,0.0,1.0,MMM
2009-04-15,27.31,27.96,27.09,27.8,27.8,4527800,0.0,1.0,MMM
2009-04-14,27.39,27.71,27.17,27.39,27.39,4634300,0.0,1.0,MMM
2009-04-13,27.31,27.81,26.93,27.61,27.61,4586200,0.0,1.0,MMM
2009-04-09,27.22,27.79,27.22,27.49,27.49,5753900,0.0,1.0,MMM
2009-04-08,26.35,26.79,26.18,26.59,26.59,4089300,0.0,1.0,MMM
2009-04-07,26.65,26.71,26.22,26.29,26.29,4060600,0.0,1.0,MMM
2009-04-06,26.91,27.01,26.5,26.95,26.95,3885300,0.0,1.0,MMM
2009-04-03,27.03,27.16,26.52,26.96,26.96,4931100,0.0,1.0,MMM
2009-04-02,26.7,27.37,26.6,26.97,26.97,6961000,0.0,1.0,MMM
2009-04-01,25.33,26.32,25.21,26.21,26.21,5773100,0.0,1.0,MMM
2009-03-31,25.41,26.16,25.24,25.73,25.73,7183100,0.0,1.0,MMM
2009-03-30,25.73,25.84,24.88,25.17,25.17,4797300,0.0,1.0,MMM
2009-03-27,26.03,26.41,25.84,26.04,26.04,4684300,0.0,1.0,MMM
2009-03-26,25.54,26.46,25.37,26.41,26.41,7299000,0.0,1.0,MMM
2009-03-25,25.28,26.27,24.71,25.37,25.37,7846700,0.0,1.0,MMM
2009-03-24,25.07,25.59,24.87,24.97,24.97,4964700,0.0,1.0,MMM
2009-03-23,24.22,25.57,24.1,25.52,25.52,7438500,0.0,1.0,MMM
2009-03-20,24.51,24.62,23.6,23.77,23.77,8475400,0.0,1.0,MMM
2009-03-19,25.39,25.45,24.39,24.56,24.56,6993700,0.0,1.0,MMM
2009-03-18,24.98,25.74,24.67,25.46,25.46,6244100,0.0,1.0,MMM
2009-03-17,24.54,25.24,24.54,25.23,25.23,4977600,0.0,1.0,MMM
2009-03-16,25.09,25.15,24.5,24.56,24.56,5167300,0.0,1.0,MMM
2009-03-13,25.0,25.1,24.48,24.84,24.84,5058300,0.0,1.0,MMM
2009-03-12,24.35,24.85,23.86,24.84,24.84,6201500,0.0,1.0,MMM
2009-03-11,23.22,24.41,23.22,24.22,24.22,8235400,0.0,1.0,MMM
2009-03-10,21.78,23.57,21.63,23.54,23.54,10699800,0.0,1.0,MMM
2009-03-09,21.38,21.97,21.32,21.77,21.77,7150100,0.0,1.0,MMM
2009-03-06,22.17,22.4,21.15,21.65,21.65,9174100,0.0,1.0,MMM
2009-03-05,22.52,22.78,21.75,22.0,22.0,8217600,0.0,1.0,MMM
2009-03-04,22.71,23.51,22.56,23.19,23.19,9040400,0.0,1.0,MMM
2009-03-03,22.34,22.76,22.1,22.31,22.31,9081400,0.0,1.0,MMM
2009-03-02,23.05,23.38,22.12,22.17,22.17,8116600,0.0,1.0,MMM
2009-02-27,23.62,23.99,23.37,23.52,23.52,6911300,0.0,1.0,MMM
2009-02-26,24.43,24.56,23.95,23.97,23.97,6426200,0.0,1.0,MMM
2009-02-25,24.35,24.55,23.82,24.12,24.12,8566600,0.0,1.0,MMM
2009-02-24,23.66,24.64,23.47,24.53,24.53,8260400,0.0,1.0,MMM
2009-02-23,24.61,24.63,23.47,23.5,23.5,6776500,0.0,1.0,MMM
2009-02-20,24.24,24.8,24.03,24.45,24.45,8729300,0.0,1.0,MMM
2009-02-19,24.1,24.86,24.1,24.36,24.36,5554600,0.0,1.0,MMM
2009-02-18,24.51,24.62,24.12,24.39,24.39,4963800,0.51,1.0,MMM
2009-02-17,25.05,25.05,24.16,24.28,24.28,8653800,0.0,1.0,MMM
2009-02-13,25.9,25.9,25.21,25.3,25.3,4810600,0.0,1.0,MMM
2009-02-12,25.83,25.88,24.9,25.58,25.58,8495400,0.0,1.0,MMM
2009-02-11,26.51,26.72,25.98,26.26,26.26,5847600,0.0,1.0,MMM
2009-02-10,27.57,27.7,26.0,26.15,26.15,6909600,0.0,1.0,MMM
2009-02-09,26.86,27.98,26.77,27.7,27.7,7146900,0.0,1.0,MMM
2009-02-06,26.43,27.09,26.31,26.82,26.82,5305900,0.0,1.0,MMM
2009-02-05,25.88,26.53,25.6,26.39,26.39,5291000,0.0,1.0,MMM
2009-02-04,26.57,26.85,25.91,26.03,26.03,4722400,0.0,1.0,MMM
2009-02-03,26.24,26.53,25.75,26.44,26.44,7715700,0.0,1.0,MMM
2009-02-02,27.02,27.14,25.68,25.91,25.91,9052900,0.0,1.0,MMM
2009-01-30,28.97,29.08,27.28,27.54,27.54,7620300,0.0,1.0,MMM
2009-01-29,28.48,29.54,28.17,28.95,28.95,8154300,0.0,1.0,MMM
2009-01-28,27.87,28.59,27.54,28.37,28.37,6105400,0.0,1.0,MMM
2009-01-27,27.52,27.9,27.25,27.64,27.64,4722700,0.0,1.0,MMM
2009-01-26,27.41,27.93,27.11,27.42,27.42,5185200,0.0,1.0,MMM
2009-01-23,27.14,27.47,26.78,27.08,27.08,5684800,0.0,1.0,MMM
2009-01-22,27.46,27.94,27.04,27.67,27.67,4788900,0.0,1.0,MMM
2009-01-21,27.96,28.05,27.0,27.77,27.77,5892800,0.0,1.0,MMM
2009-01-20,28.61,28.97,27.57,27.6,27.6,5683600,0.0,1.0,MMM
2009-01-16,28.46,28.99,28.1,28.88,28.88,5621900,0.0,1.0,MMM
2009-01-15,28.2,28.54,27.79,28.24,28.24,4777400,0.0,1.0,MMM
2009-01-14,28.31,28.67,27.9,28.18,28.18,4520800,0.0,1.0,MMM
2009-01-13,29.1,29.33,28.52,28.8,28.8,4430100,0.0,1.0,MMM
2009-01-12,29.51,29.64,29.02,29.22,29.22,4182500,0.0,1.0,MMM
2009-01-09,30.1,30.21,29.47,29.56,29.56,3661000,0.0,1.0,MMM
2009-01-08,29.53,30.05,29.41,29.99,29.99,3944900,0.0,1.0,MMM
2009-01-07,30.0,30.18,29.48,29.73,29.73,4598100,0.0,1.0,MMM
2009-01-06,30.07,30.62,30.0,30.3,30.3,4966200,0.0,1.0,MMM
2009-01-05,30.1,30.25,29.75,29.95,29.95,3768800,0.0,1.0,MMM
2009-01-02,29.46,30.4,29.45,30.3,30.3,5313900,0.0,1.0,MMM
2008-12-31,29.3,29.65,29.02,29.46,29.46,4005800,0.0,1.0,MMM
2008-12-30,28.44,29.32,28.27,29.27,29.27,3775000,0.0,1.0,MMM
2008-12-29,28.44,28.67,27.78,28.34,28.34,3037000,0.0,1.0,MMM
2008-12-26,28.44,28.72,28.42,28.53,28.53,1634300,0.0,1.0,MMM
2008-12-24,28.47,28.66,28.34,28.41,28.41,1336400,0.0,1.0,MMM
2008-12-23,29.03,29.44,28.31,28.38,28.38,3286400,0.0,1.0,MMM
2008-12-22,28.94,29.21,28.29,28.86,28.86,4210100,0.0,1.0,MMM
2008-12-19,29.69,29.71,28.79,28.98,28.98,7536900,0.0,1.0,MMM
2008-12-18,30.15,30.34,28.81,29.03,29.03,5574500,0.0,1.0,MMM
2008-12-17,29.44,30.46,29.44,29.99,29.99,5847400,0.0,1.0,MMM
2008-12-16,28.45,30.0,28.31,29.85,29.85,9334200,0.0,1.0,MMM
2008-12-15,28.97,29.04,28.11,28.48,28.48,5557100,0.0,1.0,MMM
2008-12-12,27.78,28.96,27.43,28.69,28.69,4723400,0.0,1.0,MMM
2008-12-11,29.06,29.3,27.98,28.23,28.23,7404600,0.0,1.0,MMM
2008-12-10,29.13,29.84,28.91,29.45,29.45,5391200,0.0,1.0,MMM
2008-12-09,28.39,29.05,28.16,28.74,28.74,8788600,0.0,1.0,MMM
2008-12-08,30.21,31.06,28.38,29.37,29.37,14082600,0.0,1.0,MMM
2008-12-05,29.8,30.94,29.61,30.64,30.64,10272200,0.0,1.0,MMM
2008-12-04,30.78,30.95,29.74,30.27,30.27,9290700,0.0,1.0,MMM
2008-12-03,30.54,31.59,30.28,31.08,31.08,8972800,0.0,1.0,MMM
2008-12-02,31.07,31.81,30.11,31.16,31.16,11934400,0.0,1.0,MMM
2008-12-01,33.25,33.91,31.79,31.92,31.92,9715700,0.0,1.0,MMM
2008-11-28,33.37,34.3,32.87,34.26,34.26,3205500,0.0,1.0,MMM
2008-11-26,31.97,33.79,31.94,33.74,33.74,6396000,0.0,1.0,MMM
2008-11-25,32.94,33.02,31.65,32.58,32.58,8689800,0.0,1.0,MMM
2008-11-24,31.74,32.89,31.23,32.38,32.38,10617300,0.0,1.0,MMM
2008-11-21,29.58,31.54,28.99,31.38,31.38,14803200,0.0,1.0,MMM
2008-11-20,29.82,31.26,28.8,29.07,29.07,11517100,0.0,1.0,MMM
2008-11-19,31.65,31.92,30.0,30.09,30.09,8329600,0.5,1.0,MMM
2008-11-18,30.57,31.68,30.2,31.56,31.56,9223700,0.0,1.0,MMM
2008-11-17,31.64,31.94,30.47,30.86,30.86,6571200,0.0,1.0,MMM
2008-11-14,32.09,33.48,31.78,32.01,32.01,6996600,0.0,1.0,MMM
2008-11-13,30.07,32.93,29.39,32.7,32.7,11086500,0.0,1.0,MMM
2008-11-12,31.05,31.44,30.07,30.17,30.17,8203700,0.0,1.0,MMM
2008-11-11,32.42,32.96,31.17,31.66,31.66,6573400,0.0,1.0,MMM
2008-11-10,33.49,33.79,32.53,32.97,32.97,5755500,0.0,1.0,MMM
2008-11-07,31.94,32.91,31.64,32.91,32.91,6134000,0.0,1.0,MMM
2008-11-06,32.51,33.23,31.51,31.65,31.65,7842900,0.0,1.0,MMM
2008-11-05,32.81,34.25,32.68,32.75,32.75,8213300,0.0,1.0,MMM
2008-11-04,33.22,33.62,32.57,33.3,33.3,5896200,0.0,1.0,MMM
2008-11-03,32.26,32.82,32.22,32.54,32.54,3677600,0.0,1.0,MMM
2008-10-31,31.71,32.77,31.34,32.64,32.64,7259400,0.0,1.0,MMM
2008-10-30,32.73,32.77,31.12,31.75,31.75,7141000,0.0,1.0,MMM
2008-10-29,32.63,32.98,31.41,31.72,31.72,11277700,0.0,1.0,MMM
2008-10-28,31.01,32.77,29.61,32.64,32.64,9364400,0.0,1.0,MMM
2008-10-27,29.75,31.86,29.69,30.64,30.64,9268500,0.0,1.0,MMM
2008-10-24,29.62,31.22,29.2,30.26,30.26,10095000,0.0,1.0,MMM
2008-10-23,29.71,31.52,29.31,31.24,31.24,15117300,0.0,1.0,MMM
2008-10-22,30.08,30.91,28.97,29.54,29.54,11002300,0.0,1.0,MMM
2008-10-21,30.53,31.43,29.98,30.48,30.48,10744000,0.0,1.0,MMM
2008-10-20,29.27,29.27,27.92,29.19,29.19,6668500,0.0,1.0,MMM
2008-10-17,28.51,29.95,28.05,28.67,28.67,7288100,0.0,1.0,MMM
2008-10-16,27.8,29.33,26.57,29.07,29.07,10485700,0.0,1.0,MMM
2008-10-15,29.47,30.14,27.72,27.76,27.76,9646200,0.0,1.0,MMM
2008-10-14,31.45,32.28,29.64,30.14,30.14,10622700,0.0,1.0,MMM
2008-10-13,29.82,30.31,28.43,30.26,30.26,10511700,0.0,1.0,MMM
2008-10-10,26.31,28.65,25.38,27.54,27.54,16317000,0.0,1.0,MMM
2008-10-09,29.19,29.73,27.1,27.16,27.16,11647700,0.0,1.0,MMM
2008-10-08,30.18,31.44,29.05,29.12,29.12,13349200,0.0,1.0,MMM
2008-10-07,32.36,32.74,30.39,30.44,30.44,8798100,0.0,1.0,MMM
2008-10-06,32.03,32.68,30.93,31.98,31.98,10949000,0.0,1.0,MMM
2008-10-03,33.55,34.14,32.75,32.79,32.79,6588000,0.0,1.0,MMM
2008-10-02,33.96,34.39,33.25,33.3,33.3,7880100,0.0,1.0,MMM
2008-10-01,34.35,34.67,33.94,34.21,34.21,4615700,0.0,1.0,MMM
2008-09-30,34.15,34.82,34.07,34.67,34.67,7093900,0.0,1.0,MMM
2008-09-29,34.99,34.99,33.25,33.66,33.66,8246900,0.0,1.0,MMM
2008-09-26,34.92,35.37,34.64,35.25,35.25,4302300,0.0,1.0,MMM
2008-09-25,34.93,35.55,34.93,35.39,35.39,5291300,0.0,1.0,MMM
2008-09-24,35.23,35.66,34.46,34.81,34.81,5756400,0.0,1.0,MMM
2008-09-23,35.92,36.05,35.02,35.02,35.02,5786300,0.0,1.0,MMM
2008-09-22,36.94,37.56,35.71,35.89,35.89,5715400,0.0,1.0,MMM
2008-09-19,37.68,37.92,36.04,36.89,36.89,10138600,0.0,1.0,MMM
2008-09-18,35.28,36.16,34.53,35.79,35.79,10863000,0.0,1.0,MMM
2008-09-17,34.68,35.5,34.44,34.95,34.95,8901700,0.0,1.0,MMM
2008-09-16,34.76,35.69,34.68,35.39,35.39,8718800,0.0,1.0,MMM
2008-09-15,34.53,35.66,34.52,34.96,34.96,6903900,0.0,1.0,MMM
2008-09-12,35.46,35.78,35.15,35.61,35.61,5702000,0.0,1.0,MMM
2008-09-11,34.64,35.57,34.61,35.5,35.5,5187100,0.0,1.0,MMM
2008-09-10,35.52,35.59,34.77,34.86,34.86,5740900,0.0,1.0,MMM
2008-09-09,35.79,36.04,35.18,35.25,35.25,6627900,0.0,1.0,MMM
2008-09-08,35.6,36.54,35.6,36.13,36.13,6063200,0.0,1.0,MMM
2008-09-05,35.27,35.4,34.78,35.12,35.12,5452400,0.0,1.0,MMM
2008-09-04,35.65,35.76,35.25,35.4,35.4,6032200,0.0,1.0,MMM
2008-09-03,35.69,36.19,35.43,35.95,35.95,5710400,0.0,1.0,MMM
2008-09-02,36.74,37.37,35.94,36.1,36.1,4766800,0.0,1.0,MMM
2008-08-29,36.62,36.83,36.3,36.34,36.34,3440100,0.0,1.0,MMM
2008-08-28,36.04,36.88,35.99,36.8,36.8,3889600,0.0,1.0,MMM
2008-08-27,35.88,36.15,35.6,35.9,35.9,3481300,0.0,1.0,MMM
2008-08-26,35.77,36.19,35.65,35.9,35.9,2761100,0.0,1.0,MMM
2008-08-25,36.28,36.52,35.67,35.9,35.9,3733200,0.0,1.0,MMM
2008-08-22,35.99,36.91,35.81,36.69,36.69,3062400,0.0,1.0,MMM
2008-08-21,35.66,36.19,35.4,35.99,35.99,2978000,0.0,1.0,MMM
2008-08-20,36.16,36.26,35.68,35.88,35.88,2930700,0.5,1.0,MMM
2008-08-19,36.37,36.45,35.71,35.94,35.94,3688200,0.0,1.0,MMM
2008-08-18,37.09,37.25,36.31,36.52,36.52,4294100,0.0,1.0,MMM
2008-08-15,36.84,37.35,36.84,37.04,37.04,4407800,0.0,1.0,MMM
2008-08-14,36.57,37.23,36.4,36.81,36.81,2992100,0.0,1.0,MMM
2008-08-13,37.04,37.27,36.39,36.77,36.77,3847600,0.0,1.0,MMM
2008-08-12,37.57,37.57,36.99,37.1,37.1,4087600,0.0,1.0,MMM
2008-08-11,36.89,37.64,36.89,37.49,37.49,5461500,0.0,1.0,MMM
2008-08-08,35.86,37.25,35.86,37.04,37.04,5424900,0.0,1.0,MMM
2008-08-07,35.95,36.31,35.61,35.88,35.88,4324200,0.0,1.0,MMM
2008-08-06,36.16,36.33,35.71,36.19,36.19,3929000,0.0,1.0,MMM
2008-08-05,35.4,36.31,35.28,36.23,36.23,4878600,0.0,1.0,MMM
2008-08-04,35.3,35.5,34.95,35.16,35.16,2279700,0.0,1.0,MMM
2008-08-01,35.55,35.82,35.2,35.36,35.36,3026400,0.0,1.0,MMM
2008-07-31,35.71,35.91,35.43,35.48,35.48,4254200,0.0,1.0,MMM
2008-07-30,35.66,36.01,35.31,35.94,35.94,3860200,0.0,1.0,MMM
2008-07-29,35.17,35.57,35.06,35.53,35.53,3599600,0.0,1.0,MMM
2008-07-28,35.72,35.78,34.97,35.1,35.1,4832600,0.0,1.0,MMM
2008-07-25,36.05,36.24,35.4,35.76,35.76,4947500,0.0,1.0,MMM
2008-07-24,36.49,36.68,35.74,35.81,35.81,6515000,0.0,1.0,MMM
2008-07-23,35.52,35.82,35.31,35.69,35.69,4189600,0.0,1.0,MMM
2008-07-22,34.33,35.51,34.32,35.43,35.43,5804800,0.0,1.0,MMM
2008-07-21,34.96,35.13,34.23,34.64,34.64,3354600,0.0,1.0,MMM
2008-07-18,35.02,35.05,34.43,34.75,34.75,4473900,0.0,1.0,MMM
2008-07-17,34.89,35.07,34.04,35.01,35.01,5856300,0.0,1.0,MMM
2008-07-16,34.22,34.61,33.91,34.6,34.6,4636500,0.0,1.0,MMM
2008-07-15,34.58,34.61,33.9,34.12,34.12,8230000,0.0,1.0,MMM
2008-07-14,34.98,35.28,34.6,34.79,34.79,5117900,0.0,1.0,MMM
2008-07-11,34.41,34.97,34.15,34.64,34.64,6262400,0.0,1.0,MMM
2008-07-10,34.67,35.16,34.43,34.74,34.74,5286200,0.0,1.0,MMM
2008-07-09,35.33,35.89,34.56,34.6,34.6,6226600,0.0,1.0,MMM
2008-07-08,35.24,35.87,35.04,35.8,35.8,5163700,0.0,1.0,MMM
2008-07-07,35.23,35.73,34.92,35.21,35.21,4913300,0.0,1.0,MMM
2008-07-03,34.66,35.26,34.62,35.01,35.01,3083300,0.0,1.0,MMM
2008-07-02,35.37,35.37,34.52,34.52,34.52,4661200,0.0,1.0,MMM
2008-07-01,34.61,35.31,34.06,35.17,35.17,6353100,0.0,1.0,MMM
2008-06-30,35.02,35.13,34.58,35.08,35.08,5333800,0.0,1.0,MMM
2008-06-27,35.52,35.52,34.72,35.04,35.04,7481700,0.0,1.0,MMM
2008-06-26,36.44,36.44,35.4,35.41,35.41,7371800,0.0,1.0,MMM
2008-06-25,36.49,36.92,36.44,36.58,36.58,4846300,0.0,1.0,MMM
2008-06-24,36.71,37.03,36.49,36.51,36.51,4535200,0.0,1.0,MMM
2008-06-23,36.97,37.02,36.69,36.77,36.77,3004400,0.0,1.0,MMM
2008-06-20,36.71,37.3,36.6,36.8,36.8,7367800,0.0,1.0,MMM
2008-06-19,37.4,37.53,37.17,37.36,37.36,3544100,0.0,1.0,MMM
2008-06-18,37.62,37.92,37.39,37.45,37.45,3561400,0.0,1.0,MMM
2008-06-17,38.02,38.16,37.73,37.79,37.79,3561700,0.0,1.0,MMM
2008-06-16,38.19,38.37,37.85,37.9,37.9,4156500,0.0,1.0,MMM
2008-06-13,38.4,38.57,37.99,38.37,38.37,3915100,0.0,1.0,MMM
2008-06-12,38.05,38.52,37.93,38.08,38.08,3791600,0.0,1.0,MMM
2008-06-11,38.31,38.31,37.83,37.94,37.94,4905500,0.0,1.0,MMM
2008-06-10,37.87,38.45,37.87,38.31,38.31,2995500,0.0,1.0,MMM
2008-06-09,37.96,38.34,37.68,38.22,38.22,4402400,0.0,1.0,MMM
2008-06-06,38.67,38.82,37.73,37.73,37.73,5984400,0.0,1.0,MMM
2008-06-05,38.6,39.12,38.49,39.06,39.06,3805800,0.0,1.0,MMM
2008-06-04,38.47,39.02,38.21,38.49,38.49,4667800,0.0,1.0,MMM
2008-06-03,38.56,38.64,38.05,38.42,38.42,4848000,0.0,1.0,MMM
2008-06-02,39.02,39.06,38.21,38.43,38.43,3942600,0.0,1.0,MMM
2008-05-30,38.77,39.24,38.77,39.09,39.09,3486700,0.0,1.0,MMM
2008-05-29,38.61,39.42,38.61,39.19,39.19,3433100,0.0,1.0,MMM
2008-05-28,38.48,38.82,38.46,38.76,38.76,3681600,0.0,1.0,MMM
2008-05-27,38.17,38.68,38.08,38.39,38.39,2789000,0.0,1.0,MMM
2008-05-23,38.43,38.44,38.05,38.21,38.21,2879100,0.0,1.0,MMM
2008-05-22,38.49,38.71,38.24,38.63,38.63,3843200,0.0,1.0,MMM
2008-05-21,39.07,39.08,38.22,38.37,38.37,4429800,0.5,1.0,MMM
2008-05-20,39.58,39.59,38.6,38.82,38.82,5215400,0.0,1.0,MMM
2008-05-19,39.39,40.0,39.3,39.58,39.58,3141900,0.0,1.0,MMM
2008-05-16,39.05,39.47,38.79,39.39,39.39,4147600,0.0,1.0,MMM
2008-05-15,38.91,39.12,38.65,38.99,38.99,3473900,0.0,1.0,MMM
2008-05-14,38.9,39.37,38.65,38.92,38.92,2922700,0.0,1.0,MMM
2008-05-13,38.92,39.23,38.51,38.65,38.65,3407400,0.0,1.0,MMM
2008-05-12,38.39,38.89,38.03,38.89,38.89,3552100,0.0,1.0,MMM
2008-05-09,38.05,38.39,37.97,38.22,38.22,3871600,0.0,1.0,MMM
2008-05-08,38.56,38.74,38.29,38.53,38.53,3796000,0.0,1.0,MMM
2008-05-07,39.03,39.12,38.3,38.4,38.4,4089200,0.0,1.0,MMM
2008-05-06,38.78,38.99,38.43,38.94,38.94,2891400,0.0,1.0,MMM
2008-05-05,39.37,39.45,38.73,38.83,38.83,3845900,0.0,1.0,MMM
2008-05-02,39.28,39.78,39.17,39.33,39.33,3756600,0.0,1.0,MMM
2008-05-01,38.53,39.08,38.35,38.98,38.98,3783700,0.0,1.0,MMM
2008-04-30,38.56,39.18,38.48,38.51,38.51,4690900,0.0,1.0,MMM
2008-04-29,38.65,38.92,38.45,38.49,38.49,3612100,0.0,1.0,MMM
2008-04-28,38.86,39.05,38.5,38.62,38.62,5155000,0.0,1.0,MMM
2008-04-25,39.48,39.49,38.29,38.97,38.97,5551200,0.0,1.0,MMM
2008-04-24,40.66,40.66,38.83,39.62,39.62,6323400,0.0,1.0,MMM
2008-04-23,40.5,40.9,40.27,40.37,40.37,3623900,0.0,1.0,MMM
2008-04-22,41.14,41.16,40.32,40.65,40.65,2724400,0.0,1.0,MMM
2008-04-21,41.56,41.58,41.01,41.23,41.23,2907900,0.0,1.0,MMM
2008-04-18,40.98,41.67,40.65,41.51,41.51,4716600,0.0,1.0,MMM
2008-04-17,40.34,40.59,39.7,40.38,40.38,3207100,0.0,1.0,MMM
2008-04-16,39.69,40.66,39.62,40.4,40.4,5284800,0.0,1.0,MMM
2008-04-15,39.33,39.53,39.19,39.48,39.48,2672600,0.0,1.0,MMM
2008-04-14,39.2,39.58,38.91,39.19,39.19,4447800,0.0,1.0,MMM
2008-04-11,39.53,39.6,39.12,39.29,39.29,5613200,0.0,1.0,MMM
2008-04-10,39.9,40.52,39.78,40.23,40.23,3747300,0.0,1.0,MMM
2008-04-09,40.05,40.12,39.46,39.85,39.85,2967100,0.0,1.0,MMM
2008-04-08,39.81,40.19,39.8,40.0,40.0,3469400,0.0,1.0,MMM
2008-04-07,40.54,40.87,40.14,40.15,40.15,3081600,0.0,1.0,MMM
2008-04-04,40.32,40.6,39.77,40.32,40.32,2800700,0.0,1.0,MMM
2008-04-03,40.45,40.56,39.97,40.14,40.14,3280600,0.0,1.0,MMM
2008-04-02,40.76,40.85,40.35,40.52,40.52,2871700,0.0,1.0,MMM
2008-04-01,39.86,40.83,39.78,40.72,40.72,4813600,0.0,1.0,MMM
2008-03-31,39.17,39.8,39.09,39.63,39.63,3505600,0.0,1.0,MMM
2008-03-28,39.25,39.53,38.98,39.03,39.03,2006400,0.0,1.0,MMM
2008-03-27,39.55,39.61,38.99,38.99,38.99,3600200,0.0,1.0,MMM
2008-03-26,39.4,39.44,39.0,39.39,39.39,3700200,0.0,1.0,MMM
2008-03-25,39.46,39.68,39.19,39.55,39.55,3888700,0.0,1.0,MMM
2008-03-24,39.13,39.66,39.01,39.38,39.38,4342200,0.0,1.0,MMM
2008-03-20,39.39,39.79,38.79,39.05,39.05,6937300,0.0,1.0,MMM
2008-03-19,40.68,40.9,39.33,39.79,39.79,4450700,0.0,1.0,MMM
2008-03-18,39.95,40.54,39.57,40.54,40.54,4569000,0.0,1.0,MMM
2008-03-17,37.88,39.69,37.68,39.31,39.31,5050600,0.0,1.0,MMM
2008-03-14,39.92,39.92,38.37,38.82,38.82,4882800,0.0,1.0,MMM
2008-03-13,38.8,39.85,38.64,39.6,39.6,4292300,0.0,1.0,MMM
2008-03-12,39.04,39.78,39.04,39.27,39.27,3961900,0.0,1.0,MMM
2008-03-11,38.71,39.06,38.06,39.03,39.03,4377800,0.0,1.0,MMM
2008-03-10,38.42,38.61,37.7,37.8,37.8,4206300,0.0,1.0,MMM
2008-03-07,38.76,39.05,38.22,38.31,38.31,5199100,0.0,1.0,MMM
2008-03-06,39.41,39.68,39.0,39.03,39.03,4713900,0.0,1.0,MMM
2008-03-05,39.51,39.86,39.02,39.52,39.52,3866500,0.0,1.0,MMM
2008-03-04,39.02,39.42,38.8,39.26,39.26,4390000,0.0,1.0,MMM
2008-03-03,39.25,39.38,38.87,39.3,39.3,2425500,0.0,1.0,MMM
2008-02-29,39.67,39.88,39.15,39.26,39.26,3091300,0.0,1.0,MMM
2008-02-28,40.09,40.2,39.68,39.96,39.96,2701400,0.0,1.0,MMM
2008-02-27,40.4,40.64,40.1,40.3,40.3,2804800,0.0,1.0,MMM
2008-02-26,40.45,40.86,40.29,40.71,40.71,3177700,0.0,1.0,MMM
2008-02-25,39.84,40.58,39.6,40.56,40.56,2936600,0.0,1.0,MMM
2008-02-22,39.72,39.96,39.18,39.89,39.89,3490900,0.0,1.0,MMM
2008-02-21,40.09,40.38,39.4,39.54,39.54,4084000,0.0,1.0,MMM
2008-02-20,39.72,40.16,39.28,40.03,40.03,3242400,0.5,1.0,MMM
2008-02-19,39.98,40.24,39.59,39.74,39.74,3496500,0.0,1.0,MMM
2008-02-15,39.95,40.11,39.58,39.79,39.79,3632600,0.0,1.0,MMM
2008-02-14,40.48,40.63,39.91,39.95,39.95,2485700,0.0,1.0,MMM
2008-02-13,39.59,40.56,39.55,40.5,40.5,3780900,0.0,1.0,MMM
2008-02-12,39.62,39.73,39.11,39.36,39.36,3663800,0.0,1.0,MMM
2008-02-11,38.95,39.6,38.74,39.45,39.45,2097300,0.0,1.0,MMM
2008-02-08,39.24,39.41,38.73,39.09,39.09,2822000,0.0,1.0,MMM
2008-02-07,39.3,39.58,38.95,39.37,39.37,3484400,0.0,1.0,MMM
2008-02-06,39.55,39.78,39.22,39.4,39.4,3871100,0.0,1.0,MMM
2008-02-05,39.47,39.77,39.27,39.36,39.36,4802400,0.0,1.0,MMM
2008-02-04,40.5,40.56,40.05,40.09,40.09,3377400,0.0,1.0,MMM
2008-02-01,39.81,40.45,39.63,40.41,40.41,4739800,0.0,1.0,MMM
2008-01-31,38.43,39.81,38.34,39.64,39.64,5432200,0.0,1.0,MMM
2008-01-30,38.82,39.56,38.56,38.92,38.92,4583300,0.0,1.0,MMM
2008-01-29,38.81,39.15,37.92,38.83,38.83,5061700,0.0,1.0,MMM
2008-01-28,37.8,38.58,37.62,38.54,38.54,4611700,0.0,1.0,MMM
2008-01-25,38.23,38.23,37.36,37.58,37.58,3910200,0.0,1.0,MMM
2008-01-24,38.02,38.23,37.32,37.69,37.69,4805900,0.0,1.0,MMM
2008-01-23,36.44,37.93,35.85,37.87,37.87,7000800,0.0,1.0,MMM
2008-01-22,36.38,37.63,35.86,37.4,37.4,6573400,0.0,1.0,MMM
2008-01-18,37.56,38.04,36.85,37.28,37.28,7053200,0.0,1.0,MMM
2008-01-17,38.51,38.66,37.06,37.3,37.3,7093000,0.0,1.0,MMM
2008-01-16,38.23,39.1,38.23,38.47,38.47,4467500,0.0,1.0,MMM
2008-01-15,38.69,39.16,38.33,38.41,38.41,4206500,0.0,1.0,MMM
2008-01-14,38.88,39.13,38.57,39.06,39.06,2927600,0.0,1.0,MMM
2008-01-11,39.69,40.34,38.3,38.61,38.61,8414500,0.0,1.0,MMM
2008-01-10,39.69,40.16,39.32,39.91,39.91,6835800,0.0,1.0,MMM
2008-01-09,39.85,40.22,39.06,39.91,39.91,6422300,0.0,1.0,MMM
2008-01-08,40.48,40.84,39.86,39.91,39.91,5711200,0.0,1.0,MMM
2008-01-07,40.8,40.88,40.19,40.36,40.36,4223800,0.0,1.0,MMM
2008-01-04,41.0,41.13,40.58,40.69,40.69,3620300,0.0,1.0,MMM
2008-01-03,41.12,41.54,40.99,41.15,41.15,2724100,0.0,1.0,MMM
2008-01-02,41.92,42.18,40.92,41.16,41.16,4453700,0.0,1.0,MMM
2007-12-31,42.2,42.4,41.94,41.96,41.96,1740700,0.0,1.0,MMM
2007-12-28,42.86,42.86,41.99,42.34,42.34,2162700,0.0,1.0,MMM
2007-12-27,42.62,43.05,42.44,42.5,42.5,2278100,0.0,1.0,MMM
2007-12-26,42.8,43.28,42.67,42.83,42.83,2142300,0.0,1.0,MMM
2007-12-24,42.82,43.06,42.45,42.93,42.93,889500,0.0,1.0,MMM
2007-12-21,42.31,43.21,42.21,42.82,42.82,7031000,0.0,1.0,MMM
2007-12-20,42.32,42.46,41.73,42.04,42.04,3398600,0.0,1.0,MMM
2007-12-19,42.64,42.72,41.86,42.26,42.26,3733200,0.0,1.0,MMM
2007-12-18,42.9,42.95,42.31,42.72,42.72,3080500,0.0,1.0,MMM
2007-12-17,42.74,43.14,42.49,42.69,42.69,3731500,0.0,1.0,MMM
2007-12-14,42.86,43.58,42.74,42.76,42.76,3373200,0.0,1.0,MMM
2007-12-13,43.0,43.32,42.47,43.25,43.25,4294000,0.0,1.0,MMM
2007-12-12,43.84,44.14,42.78,43.12,43.12,7253900,0.0,1.0,MMM
2007-12-11,43.32,43.32,42.12,42.12,42.12,4310900,0.0,1.0,MMM
2007-12-10,43.12,43.37,42.93,43.16,43.16,3291900,0.0,1.0,MMM
2007-12-07,42.3,43.06,41.83,42.89,42.89,3709400,0.0,1.0,MMM
2007-12-06,41.67,42.3,41.58,42.21,42.21,2937500,0.0,1.0,MMM
2007-12-05,41.15,41.8,41.06,41.68,41.68,3255800,0.0,1.0,MMM
2007-12-04,40.76,41.27,40.61,40.85,40.85,3189000,0.0,1.0,MMM
2007-12-03,41.52,41.79,40.78,40.91,40.91,4272100,0.0,1.0,MMM
2007-11-30,42.02,42.27,40.99,41.43,41.43,5738700,0.0,1.0,MMM
2007-11-29,41.34,41.85,41.29,41.61,41.61,3226400,0.0,1.0,MMM
2007-11-28,41.09,41.7,40.83,41.51,41.51,4377400,0.0,1.0,MMM
2007-11-27,40.6,41.0,40.29,40.87,40.87,4319100,0.0,1.0,MMM
2007-11-26,41.1,41.28,40.25,40.31,40.31,4067600,0.0,1.0,MMM
2007-11-23,40.72,41.18,40.34,41.18,41.18,1726100,0.0,1.0,MMM
2007-11-21,40.61,41.05,40.43,40.43,40.43,4703300,0.0,1.0,MMM
2007-11-20,40.8,41.14,40.32,40.86,40.86,4429500,0.48,1.0,MMM
2007-11-19,40.18,40.74,40.09,40.42,40.42,5022900,0.0,1.0,MMM
2007-11-16,39.64,40.37,39.47,40.36,40.36,6464800,0.0,1.0,MMM
2007-11-15,39.6,39.96,39.24,39.41,39.41,4204000,0.0,1.0,MMM
2007-11-14,40.35,40.53,39.6,39.68,39.68,3663000,0.0,1.0,MMM
2007-11-13,39.6,40.23,39.2,40.19,40.19,5014600,0.0,1.0,MMM
2007-11-12,39.35,39.72,39.07,39.19,39.19,4726700,0.0,1.0,MMM
2007-11-09,39.57,40.32,39.17,39.34,39.34,9138500,0.0,1.0,MMM
2007-11-08,41.23,41.35,40.34,40.98,40.98,7583000,0.0,1.0,MMM
2007-11-07,42.2,42.2,41.2,41.2,41.2,4484700,0.0,1.0,MMM
2007-11-06,42.11,42.39,41.66,42.28,42.28,3328000,0.0,1.0,MMM
2007-11-05,42.02,42.22,41.48,42.08,42.08,3743800,0.0,1.0,MMM
2007-11-02,41.9,42.05,41.14,42.0,42.0,4917600,0.0,1.0,MMM
2007-11-01,42.58,42.69,41.5,41.51,41.51,4342500,0.0,1.0,MMM
2007-10-31,42.54,43.0,42.23,42.73,42.73,4638300,0.0,1.0,MMM
2007-10-30,42.52,42.66,42.21,42.44,42.44,2791700,0.0,1.0,MMM
2007-10-29,42.77,42.81,42.18,42.53,42.53,3650200,0.0,1.0,MMM
2007-10-26,42.79,42.79,42.34,42.61,42.61,2863100,0.0,1.0,MMM
2007-10-25,42.88,42.95,42.17,42.59,42.59,4088600,0.0,1.0,MMM
2007-10-24,42.51,42.62,41.76,42.6,42.6,5005700,0.0,1.0,MMM
2007-10-23,42.98,43.07,41.75,42.51,42.51,7482300,0.0,1.0,MMM
2007-10-22,42.23,42.9,41.6,42.69,42.69,8993900,0.0,1.0,MMM
2007-10-19,45.96,46.01,42.69,42.85,42.85,15248300,0.0,1.0,MMM
2007-10-18,46.64,47.18,46.12,46.87,46.87,2495900,0.0,1.0,MMM
2007-10-17,46.82,47.02,46.06,46.63,46.63,3415500,0.0,1.0,MMM
2007-10-16,46.72,46.8,46.26,46.5,46.5,2798700,0.0,1.0,MMM
2007-10-15,46.59,46.87,46.27,46.7,46.7,3028800,0.0,1.0,MMM
2007-10-12,46.84,46.95,46.36,46.59,46.59,2621200,0.0,1.0,MMM
2007-10-11,47.54,47.74,46.47,46.68,46.68,3679400,0.0,1.0,MMM
2007-10-10,47.06,47.99,47.06,47.41,47.41,2931600,0.0,1.0,MMM
2007-10-09,46.94,47.49,46.93,47.31,47.31,3458900,0.0,1.0,MMM
2007-10-08,47.37,47.47,47.01,47.2,47.2,2216800,0.0,1.0,MMM
2007-10-05,46.88,47.46,46.82,47.42,47.42,3760200,0.0,1.0,MMM
2007-10-04,46.75,46.95,46.52,46.63,46.63,2409400,0.0,1.0,MMM
2007-10-03,46.34,46.9,46.24,46.6,46.6,2833500,0.0,1.0,MMM
2007-10-02,46.68,46.94,46.3,46.45,46.45,3492900,0.0,1.0,MMM
2007-10-01,46.43,47.0,46.35,46.87,46.87,4186600,0.0,1.0,MMM
2007-09-28,46.5,46.5,46.06,46.3,46.3,3845600,0.0,1.0,MMM
2007-09-27,45.91,46.31,45.86,46.2,46.2,3255000,0.0,1.0,MMM
2007-09-26,45.6,45.98,45.4,45.78,45.78,3407300,0.0,1.0,MMM
2007-09-25,45.26,45.66,44.69,45.47,45.47,2409100,0.0,1.0,MMM
2007-09-24,45.32,45.88,45.27,45.42,45.42,3198200,0.0,1.0,MMM
2007-09-21,45.76,45.76,45.14,45.36,45.36,4976500,0.0,1.0,MMM
2007-09-20,45.14,45.66,45.07,45.24,45.24,3315400,0.0,1.0,MMM
2007-09-19,45.39,45.64,45.06,45.5,45.5,4796300,0.0,1.0,MMM
2007-09-18,44.16,45.4,44.16,45.35,45.35,4353300,0.0,1.0,MMM
2007-09-17,44.01,44.4,43.9,44.0,44.0,1894500,0.0,1.0,MMM
2007-09-14,43.86,44.26,43.76,44.04,44.04,2345100,0.0,1.0,MMM
2007-09-13,44.36,44.37,43.88,44.08,44.08,3090900,0.0,1.0,MMM
2007-09-12,43.81,44.41,43.69,44.07,44.07,3176200,0.0,1.0,MMM
2007-09-11,43.54,43.84,43.36,43.66,43.66,3369000,0.0,1.0,MMM
2007-09-10,44.1,44.46,43.15,43.45,43.45,5234100,0.0,1.0,MMM
2007-09-07,44.72,44.72,43.87,43.99,43.99,3581200,0.0,1.0,MMM
2007-09-06,44.66,45.04,44.57,44.84,44.84,2639200,0.0,1.0,MMM
2007-09-05,44.72,44.9,44.31,44.49,44.49,3231400,0.0,1.0,MMM
2007-09-04,45.0,45.27,44.48,45.1,45.1,3048300,0.0,1.0,MMM
2007-08-31,44.43,45.27,44.3,45.02,45.02,4933800,0.0,1.0,MMM
2007-08-30,43.73,44.52,43.58,44.21,44.21,3543900,0.0,1.0,MMM
2007-08-29,43.56,43.96,43.29,43.91,43.91,2763300,0.0,1.0,MMM
2007-08-28,43.83,44.27,43.33,43.35,43.35,3174800,0.0,1.0,MMM
2007-08-27,43.93,44.17,43.51,43.88,43.88,2182400,0.0,1.0,MMM
2007-08-24,43.78,44.11,43.54,44.11,44.11,2987400,0.0,1.0,MMM
2007-08-23,44.2,44.2,43.65,43.91,43.91,2714500,0.0,1.0,MMM
2007-08-22,43.79,44.32,43.56,44.07,44.07,3059800,0.48,1.0,MMM
2007-08-21,43.35,43.67,43.13,43.53,43.53,3081600,0.0,1.0,MMM
2007-08-20,43.08,43.72,43.01,43.44,43.44,3214900,0.0,1.0,MMM
2007-08-17,42.81,43.85,42.33,43.22,43.22,6135100,0.0,1.0,MMM
2007-08-16,40.95,42.46,40.95,42.02,42.02,6718500,0.0,1.0,MMM
2007-08-15,41.8,42.53,41.79,41.86,41.86,3913400,0.0,1.0,MMM
2007-08-14,42.45,42.69,42.02,42.2,42.2,3468500,0.0,1.0,MMM
2007-08-13,42.89,42.89,42.2,42.44,42.44,3204900,0.0,1.0,MMM
2007-08-10,42.5,42.66,41.71,42.3,42.3,5881900,0.0,1.0,MMM
2007-08-09,43.25,43.37,42.7,42.74,42.74,5069600,0.0,1.0,MMM
2007-08-08,43.25,43.58,42.81,43.38,43.38,4757100,0.0,1.0,MMM
2007-08-07,42.79,43.65,42.79,43.32,43.32,4512200,0.0,1.0,MMM
2007-08-06,43.16,43.49,42.62,43.19,43.19,5717800,0.0,1.0,MMM
2007-08-03,43.64,43.87,43.06,43.09,43.09,5021400,0.0,1.0,MMM
2007-08-02,43.83,44.02,43.5,43.85,43.85,3854600,0.0,1.0,MMM
2007-08-01,43.77,44.03,43.18,43.83,43.83,5677300,0.0,1.0,MMM
2007-07-31,44.02,44.52,43.69,43.76,43.76,5724600,0.0,1.0,MMM
2007-07-30,44.38,44.73,44.17,44.38,44.38,4845800,0.0,1.0,MMM
2007-07-27,44.48,45.27,44.31,44.31,44.31,6248700,0.0,1.0,MMM
2007-07-26,44.1,45.23,43.67,44.31,44.31,7577700,0.0,1.0,MMM
2007-07-25,44.41,44.43,43.32,44.1,44.1,5098100,0.0,1.0,MMM
2007-07-24,44.55,44.89,43.97,44.14,44.14,3644400,0.0,1.0,MMM
2007-07-23,44.59,44.99,44.46,44.72,44.72,2767300,0.0,1.0,MMM
2007-07-20,44.53,44.98,43.6,44.39,44.39,5109500,0.0,1.0,MMM
2007-07-19,45.17,45.25,44.49,44.86,44.86,2788400,0.0,1.0,MMM
2007-07-18,44.83,45.25,44.78,45.02,45.02,4352500,0.0,1.0,MMM
2007-07-17,45.0,45.11,44.58,44.82,44.82,2550100,0.0,1.0,MMM
2007-07-16,44.6,45.43,44.2,44.72,44.72,4584100,0.0,1.0,MMM
2007-07-13,44.08,44.41,43.99,44.4,44.4,3609800,0.0,1.0,MMM
2007-07-12,43.14,44.27,43.11,44.25,44.25,4195000,0.0,1.0,MMM
2007-07-11,42.92,43.44,42.85,43.24,43.24,2567600,0.0,1.0,MMM
2007-07-10,43.27,43.48,42.9,42.92,42.92,3430700,0.0,1.0,MMM
2007-07-09,43.29,43.58,43.25,43.36,43.36,2323600,0.0,1.0,MMM
2007-07-06,43.28,43.7,43.09,43.36,43.36,2009300,0.0,1.0,MMM
2007-07-05,43.15,43.5,43.0,43.19,43.19,1886000,0.0,1.0,MMM
2007-07-03,43.3,43.39,43.08,43.27,43.27,1053200,0.0,1.0,MMM
2007-07-02,42.95,43.3,42.88,43.3,43.3,2407400,0.0,1.0,MMM
2007-06-29,42.86,43.23,42.43,42.71,42.71,3322100,0.0,1.0,MMM
2007-06-28,42.81,42.94,42.56,42.74,42.74,2342400,0.0,1.0,MMM
2007-06-27,42.23,42.92,42.21,42.88,42.88,3255900,0.0,1.0,MMM
2007-06-26,42.56,42.81,42.27,42.36,42.36,3034400,0.0,1.0,MMM
2007-06-25,42.61,43.17,42.25,42.44,42.44,2879300,0.0,1.0,MMM
2007-06-22,42.96,43.01,42.38,42.53,42.53,4802200,0.0,1.0,MMM
2007-06-21,42.87,43.22,42.38,43.01,43.01,2723400,0.0,1.0,MMM
2007-06-20,43.29,43.45,42.81,42.85,42.85,2788200,0.0,1.0,MMM
2007-06-19,43.02,43.27,42.77,43.22,43.22,2348100,0.0,1.0,MMM
2007-06-18,43.15,43.32,42.72,43.12,43.12,2789900,0.0,1.0,MMM
2007-06-15,43.1,43.54,43.07,43.14,43.14,4520800,0.0,1.0,MMM
2007-06-14,43.18,43.24,42.77,43.02,43.02,2881200,0.0,1.0,MMM
2007-06-13,42.17,42.93,41.84,42.91,42.91,4541400,0.0,1.0,MMM
2007-06-12,41.98,42.18,41.53,41.85,41.85,3425800,0.0,1.0,MMM
2007-06-11,42.29,42.31,41.91,41.98,41.98,2923700,0.0,1.0,MMM
2007-06-08,41.77,42.32,41.61,42.29,42.29,3599500,0.0,1.0,MMM
2007-06-07,42.62,42.77,41.54,41.77,41.77,4791400,0.0,1.0,MMM
2007-06-06,43.04,43.04,42.46,42.62,42.62,3008200,0.0,1.0,MMM
2007-06-05,43.34,43.48,42.92,43.04,43.04,2529000,0.0,1.0,MMM
2007-06-04,43.52,43.52,43.09,43.34,43.34,2320000,0.0,1.0,MMM
2007-06-01,43.27,43.52,43.02,43.52,43.52,2852900,0.0,1.0,MMM
2007-05-31,43.27,43.53,43.12,43.28,43.28,3561400,0.0,1.0,MMM
2007-05-30,42.96,43.28,42.75,43.27,43.27,3607600,0.0,1.0,MMM
2007-05-29,42.79,43.17,42.44,42.96,42.96,3294000,0.0,1.0,MMM
2007-05-25,43.08,43.29,42.89,42.98,42.98,2793800,0.0,1.0,MMM
2007-05-24,43.12,43.81,42.83,42.89,42.89,4452600,0.0,1.0,MMM
2007-05-23,43.13,43.54,43.09,43.27,43.27,3393300,0.0,1.0,MMM
2007-05-22,42.84,43.33,42.83,43.2,43.2,3567500,0.0,1.0,MMM
2007-05-21,42.75,42.9,42.62,42.84,42.84,3580600,0.0,1.0,MMM
2007-05-18,42.78,42.97,42.71,42.76,42.76,3953400,0.0,1.0,MMM
2007-05-17,42.42,42.76,42.2,42.65,42.65,4186400,0.0,1.0,MMM
2007-05-16,42.56,42.56,41.78,42.32,42.32,3930600,0.48,1.0,MMM
2007-05-15,41.78,42.61,41.52,42.17,42.17,6580100,0.0,1.0,MMM
2007-05-14,41.74,41.88,41.31,41.51,41.51,3498200,0.0,1.0,MMM
2007-05-11,41.49,42.01,41.49,41.86,41.86,4106200,0.0,1.0,MMM
2007-05-10,41.6,41.77,41.29,41.42,41.42,3181300,0.0,1.0,MMM
2007-05-09,41.3,41.84,41.3,41.77,41.77,4050500,0.0,1.0,MMM
2007-05-08,41.21,41.57,41.18,41.49,41.49,3406800,0.0,1.0,MMM
2007-05-07,41.21,41.6,41.08,41.56,41.56,3646900,0.0,1.0,MMM
2007-05-04,41.06,41.28,40.95,41.21,41.21,2936100,0.0,1.0,MMM
2007-05-03,41.26,41.3,40.87,41.14,41.14,4850800,0.0,1.0,MMM
2007-05-02,40.81,41.47,40.71,41.31,41.31,5224600,0.0,1.0,MMM
2007-05-01,40.5,40.97,40.21,40.92,40.92,5560200,0.0,1.0,MMM
2007-04-30,39.73,40.74,39.58,40.5,40.5,6321800,0.0,1.0,MMM
2007-04-27,39.13,40.27,39.0,39.91,39.91,6776500,0.0,1.0,MMM
2007-04-26,39.3,39.68,38.77,39.37,39.37,14209100,0.0,1.0,MMM
2007-04-25,37.66,37.93,37.41,37.67,37.67,4650400,0.0,1.0,MMM
2007-04-24,37.75,37.85,37.44,37.68,37.68,3734100,0.0,1.0,MMM
2007-04-23,38.12,38.12,37.69,37.82,37.82,3573800,0.0,1.0,MMM
2007-04-20,38.15,38.41,37.94,38.05,38.05,4741300,0.0,1.0,MMM
2007-04-19,37.37,38.12,37.34,37.96,37.96,3557800,0.0,1.0,MMM
2007-04-18,37.85,37.86,37.56,37.72,37.72,2094800,0.0,1.0,MMM
2007-04-17,37.68,37.91,37.43,37.82,37.82,2381300,0.0,1.0,MMM
2007-04-16,37.64,37.84,37.54,37.76,37.76,2483600,0.0,1.0,MMM
2007-04-13,37.8,37.8,37.15,37.54,37.54,2453700,0.0,1.0,MMM
2007-04-12,37.33,37.64,37.17,37.54,37.54,2288100,0.0,1.0,MMM
2007-04-11,37.36,37.53,37.15,37.3,37.3,2793400,0.0,1.0,MMM
2007-04-10,37.62,37.68,37.4,37.44,37.44,2149800,0.0,1.0,MMM
2007-04-09,37.55,37.7,37.34,37.6,37.6,2127800,0.0,1.0,MMM
2007-04-05,37.7,37.7,37.37,37.56,37.56,2484700,0.0,1.0,MMM
2007-04-04,37.93,38.04,37.65,37.76,37.76,2595100,0.0,1.0,MMM
2007-04-03,37.45,37.98,37.42,37.91,37.91,3094800,0.0,1.0,MMM
2007-04-02,37.41,37.41,37.15,37.33,37.33,2414400,0.0,1.0,MMM
2007-03-30,37.18,37.7,37.03,37.4,37.4,3400500,0.0,1.0,MMM
2007-03-29,37.38,37.38,36.92,37.24,37.24,4233300,0.0,1.0,MMM
2007-03-28,37.55,37.76,37.28,37.38,37.38,3186300,0.0,1.0,MMM
2007-03-27,37.9,37.91,37.59,37.76,37.76,2692200,0.0,1.0,MMM
2007-03-26,38.0,38.01,37.65,37.87,37.87,3542100,0.0,1.0,MMM
2007-03-23,37.97,38.25,37.87,38.16,38.16,2780900,0.0,1.0,MMM
2007-03-22,37.72,38.17,37.64,38.06,38.06,4071900,0.0,1.0,MMM
2007-03-21,37.31,37.71,37.22,37.63,37.63,3086300,0.0,1.0,MMM
2007-03-20,37.43,37.44,37.21,37.38,37.38,2379600,0.0,1.0,MMM
2007-03-19,36.97,37.42,36.95,37.37,37.37,3200500,0.0,1.0,MMM
2007-03-16,37.3,37.32,36.78,36.84,36.84,5054500,0.0,1.0,MMM
2007-03-15,37.09,37.32,37.03,37.19,37.19,3930100,0.0,1.0,MMM
2007-03-14,36.59,37.11,36.42,37.09,37.09,4612800,0.0,1.0,MMM
2007-03-13,36.58,36.95,36.53,36.59,36.59,3053700,0.0,1.0,MMM
2007-03-12,36.51,36.84,36.51,36.78,36.78,1974200,0.0,1.0,MMM
2007-03-09,36.5,36.85,36.48,36.57,36.57,3346200,0.0,1.0,MMM
2007-03-08,36.23,36.78,36.21,36.47,36.47,3815900,0.0,1.0,MMM
2007-03-07,35.97,36.31,35.81,36.11,36.11,3775600,0.0,1.0,MMM
2007-03-06,35.88,36.06,35.72,35.95,35.95,4308500,0.0,1.0,MMM
2007-03-05,35.73,36.1,35.67,35.81,35.81,4905700,0.0,1.0,MMM
2007-03-02,35.85,36.11,35.72,35.73,35.73,5008700,0.0,1.0,MMM
2007-03-01,36.21,36.22,35.73,36.05,36.05,4470900,0.0,1.0,MMM
2007-02-28,36.33,36.7,35.98,36.25,36.25,5290200,0.0,1.0,MMM
2007-02-27,37.25,37.28,35.98,36.46,36.46,5865700,0.0,1.0,MMM
2007-02-26,37.34,37.59,37.01,37.25,37.25,2594000,0.0,1.0,MMM
2007-02-23,37.43,37.47,37.17,37.29,37.29,1987400,0.0,1.0,MMM
2007-02-22,37.31,37.56,37.25,37.36,37.36,2795600,0.0,1.0,MMM
2007-02-21,37.24,37.47,37.14,37.3,37.3,2820400,0.48,1.0,MMM
2007-02-20,37.2,37.32,36.93,37.01,37.01,3962200,0.0,1.0,MMM
2007-02-16,37.4,37.65,37.16,37.37,37.37,3794200,0.0,1.0,MMM
2007-02-15,37.4,37.63,37.25,37.4,37.4,3627500,0.0,1.0,MMM
2007-02-14,37.17,37.41,37.09,37.37,37.37,3888100,0.0,1.0,MMM
2007-02-13,36.96,37.4,36.84,37.17,37.17,7193200,0.0,1.0,MMM
2007-02-12,36.25,36.41,36.18,36.27,36.27,2026200,0.0,1.0,MMM
2007-02-09,36.3,36.47,36.11,36.25,36.25,2550300,0.0,1.0,MMM
2007-02-08,36.41,36.42,36.04,36.3,36.3,3840200,0.0,1.0,MMM
2007-02-07,36.13,36.47,36.12,36.3,36.3,4051900,0.0,1.0,MMM
2007-02-06,35.94,36.23,35.9,36.12,36.12,4872900,0.0,1.0,MMM
2007-02-05,36.02,36.12,35.84,35.95,35.95,6350000,0.0,1.0,MMM
2007-02-02,35.92,36.02,35.85,35.92,35.92,5584500,0.0,1.0,MMM
2007-02-01,36.35,36.39,35.84,35.98,35.98,6501600,0.0,1.0,MMM
2007-01-31,36.09,36.32,35.54,36.13,36.13,9284500,0.0,1.0,MMM
2007-01-30,36.47,37.05,36.1,36.33,36.33,15657900,0.0,1.0,MMM
2007-01-29,38.19,38.51,38.05,38.4,38.4,3420300,0.0,1.0,MMM
2007-01-26,38.4,38.51,38.04,38.27,38.27,1996300,0.0,1.0,MMM
2007-01-25,38.69,38.78,38.33,38.42,38.42,2888700,0.0,1.0,MMM
2007-01-24,38.34,38.74,38.34,38.66,38.66,1772700,0.0,1.0,MMM
2007-01-23,38.28,38.49,38.09,38.34,38.34,1949500,0.0,1.0,MMM
2007-01-22,38.54,38.56,37.99,38.17,38.17,2139300,0.0,1.0,MMM
2007-01-19,38.46,38.85,38.33,38.54,38.54,2912100,0.0,1.0,MMM
2007-01-18,38.41,38.76,38.22,38.32,38.32,1963000,0.0,1.0,MMM
2007-01-17,38.58,38.67,38.3,38.37,38.37,2711300,0.0,1.0,MMM
2007-01-16,38.65,38.72,38.38,38.69,38.69,2526600,0.0,1.0,MMM
2007-01-12,38.13,38.66,38.04,38.59,38.59,2582200,0.0,1.0,MMM
2007-01-11,37.9,38.43,37.87,38.25,38.25,2372500,0.0,1.0,MMM
2007-01-10,37.6,37.91,37.46,37.86,37.86,1787500,0.0,1.0,MMM
2007-01-09,37.93,38.04,37.66,37.78,37.78,1896800,0.0,1.0,MMM
2007-01-08,37.54,37.95,37.43,37.73,37.73,2434500,0.0,1.0,MMM
2007-01-05,37.88,37.88,37.45,37.65,37.65,2765200,0.0,1.0,MMM
2007-01-04,38.13,38.13,37.66,37.91,37.91,2968400,0.0,1.0,MMM
2007-01-03,37.7,38.34,37.63,38.06,38.06,3781500,0.0,1.0,MMM
2006-12-29,37.98,38.17,37.84,37.9,37.9,1826600,0.0,1.0,MMM
2006-12-28,38.17,38.36,37.94,38.01,38.01,1686500,0.0,1.0,MMM
2006-12-27,38.09,38.26,38.0,38.16,38.16,1750300,0.0,1.0,MMM
2006-12-26,38.01,38.11,37.69,37.95,37.95,1963600,0.0,1.0,MMM
2006-12-22,38.33,38.42,38.1,38.1,38.1,1660800,0.0,1.0,MMM
2006-12-21,38.42,38.57,38.3,38.32,38.32,2368300,0.0,1.0,MMM
2006-12-20,38.08,38.51,38.0,38.33,38.33,2305300,0.0,1.0,MMM
2006-12-19,38.06,38.15,37.8,37.98,37.98,2844800,0.0,1.0,MMM
2006-12-18,38.1,38.42,38.04,38.1,38.1,2328100,0.0,1.0,MMM
2006-12-15,38.74,38.74,38.02,38.08,38.08,6215700,0.0,1.0,MMM
2006-12-14,38.61,38.64,38.17,38.31,38.31,3219800,0.0,1.0,MMM
2006-12-13,38.66,38.75,38.4,38.54,38.54,2561800,0.0,1.0,MMM
2006-12-12,38.34,38.61,38.04,38.42,38.42,4008300,0.0,1.0,MMM
2006-12-11,38.3,38.52,37.97,38.34,38.34,2811500,0.0,1.0,MMM
2006-12-08,38.11,38.28,37.61,38.2,38.2,5472500,0.0,1.0,MMM
2006-12-07,38.79,38.89,38.5,38.69,38.69,2516200,0.0,1.0,MMM
2006-12-06,39.17,39.22,38.76,38.81,38.81,2357400,0.0,1.0,MMM
2006-12-05,38.73,39.41,38.73,39.18,39.18,2734700,0.0,1.0,MMM
2006-12-04,39.11,39.53,38.91,39.34,39.34,2896700,0.0,1.0,MMM
2006-12-01,39.66,39.66,38.38,38.89,38.89,5475200,0.0,1.0,MMM
2006-11-30,39.33,39.78,39.18,39.61,39.61,2355000,0.0,1.0,MMM
2006-11-29,39.2,39.49,39.16,39.38,39.38,1779600,0.0,1.0,MMM
2006-11-28,38.85,39.24,38.78,39.1,39.1,2150700,0.0,1.0,MMM
2006-11-27,39.44,39.46,38.93,39.02,39.02,2833900,0.0,1.0,MMM
2006-11-24,39.32,39.63,39.27,39.46,39.46,694500,0.0,1.0,MMM
2006-11-22,39.68,39.76,39.32,39.62,39.62,1885100,0.0,1.0,MMM
2006-11-21,39.35,39.85,39.2,39.7,39.7,2842200,0.46,1.0,MMM
2006-11-20,39.36,39.41,39.09,39.13,39.13,1875200,0.0,1.0,MMM
2006-11-17,38.92,39.53,38.81,39.36,39.36,3049100,0.0,1.0,MMM
2006-11-16,38.81,39.14,38.75,38.83,38.83,1937200,0.0,1.0,MMM
2006-11-15,38.61,39.24,38.61,39.03,39.03,3439100,0.0,1.0,MMM
2006-11-14,38.44,38.78,38.12,38.73,38.73,2937900,0.0,1.0,MMM
2006-11-13,38.23,38.57,38.12,38.44,38.44,2574900,0.0,1.0,MMM
2006-11-10,38.27,38.38,38.05,38.29,38.29,2088900,0.0,1.0,MMM
2006-11-09,38.47,38.63,38.0,38.15,38.15,3261600,0.0,1.0,MMM
2006-11-08,38.41,38.56,38.2,38.41,38.41,1731500,0.0,1.0,MMM
2006-11-07,38.57,38.75,38.33,38.41,38.41,2122200,0.0,1.0,MMM
2006-11-06,38.15,38.57,38.0,38.49,38.49,2133900,0.0,1.0,MMM
2006-11-03,38.24,38.36,37.78,38.0,38.0,1814000,0.0,1.0,MMM
2006-11-02,38.12,38.35,38.0,38.14,38.14,2899900,0.0,1.0,MMM
2006-11-01,38.12,38.26,37.85,38.12,38.12,2910500,0.0,1.0,MMM
2006-10-31,38.2,38.49,37.77,38.12,38.12,2677300,0.0,1.0,MMM
2006-10-30,38.1,38.32,37.98,38.17,38.17,1193400,0.0,1.0,MMM
2006-10-27,38.3,38.55,38.14,38.18,38.18,2329100,0.0,1.0,MMM
2006-10-26,38.42,38.44,37.98,38.32,38.32,2392200,0.0,1.0,MMM
2006-10-25,38.56,38.66,38.11,38.42,38.42,2297600,0.0,1.0,MMM
2006-10-24,38.66,38.97,38.54,38.63,38.63,3196500,0.0,1.0,MMM
2006-10-23,38.35,39.11,37.96,38.73,38.73,5275100,0.0,1.0,MMM
2006-10-20,37.78,38.4,37.38,37.95,37.95,7998800,0.0,1.0,MMM
2006-10-19,36.52,36.98,36.52,36.94,36.94,2781500,0.0,1.0,MMM
2006-10-18,36.75,36.87,36.36,36.52,36.52,2566500,0.0,1.0,MMM
2006-10-17,36.39,36.75,36.34,36.65,36.65,2517000,0.0,1.0,MMM
2006-10-16,36.56,36.75,36.43,36.63,36.63,1932400,0.0,1.0,MMM
2006-10-13,36.67,36.71,36.44,36.46,36.46,1753200,0.0,1.0,MMM
2006-10-12,36.48,36.53,36.2,36.48,36.48,2110700,0.0,1.0,MMM
2006-10-11,36.36,36.56,36.26,36.49,36.49,2665400,0.0,1.0,MMM
2006-10-10,36.6,36.64,36.34,36.36,36.36,1898500,0.0,1.0,MMM
2006-10-09,36.54,36.71,36.48,36.65,36.65,1817900,0.0,1.0,MMM
2006-10-06,36.73,36.83,36.64,36.73,36.73,2595100,0.0,1.0,MMM
2006-10-05,36.27,36.73,36.27,36.71,36.71,2616500,0.0,1.0,MMM
2006-10-04,35.8,36.28,35.8,36.2,36.2,3025200,0.0,1.0,MMM
2006-10-03,35.43,35.84,35.3,35.8,35.8,2974100,0.0,1.0,MMM
2006-10-02,36.12,36.12,35.46,35.59,35.59,2943000,0.0,1.0,MMM
2006-09-29,36.07,36.27,35.93,35.99,35.99,2592200,0.0,1.0,MMM
2006-09-28,36.26,36.26,35.84,36.07,36.07,2736900,0.0,1.0,MMM
2006-09-27,36.2,36.25,35.95,36.1,36.1,3383700,0.0,1.0,MMM
2006-09-26,35.78,36.27,35.78,36.15,36.15,4888700,0.0,1.0,MMM
2006-09-25,35.39,35.69,35.12,35.64,35.64,4234500,0.0,1.0,MMM
2006-09-22,35.45,35.57,34.92,35.33,35.33,2408800,0.0,1.0,MMM
2006-09-21,35.66,35.76,35.14,35.35,35.35,3337700,0.0,1.0,MMM
2006-09-20,35.45,35.83,35.38,35.5,35.5,3855000,0.0,1.0,MMM
2006-09-19,36.16,36.45,35.28,35.42,35.42,2620900,0.0,1.0,MMM
2006-09-18,35.85,35.98,35.54,35.73,35.73,2478700,0.0,1.0,MMM
2006-09-15,35.91,36.12,35.79,35.85,35.85,5656700,0.0,1.0,MMM
2006-09-14,35.49,35.67,35.4,35.56,35.56,2624700,0.0,1.0,MMM
2006-09-13,35.11,35.68,35.11,35.48,35.48,3556400,0.0,1.0,MMM
2006-09-12,34.66,35.18,34.44,35.09,35.09,3867600,0.0,1.0,MMM
2006-09-11,34.58,34.58,34.24,34.5,34.5,2189500,0.0,1.0,MMM
2006-09-08,34.21,34.62,34.14,34.58,34.58,2316400,0.0,1.0,MMM
2006-09-07,34.58,34.67,34.14,34.14,34.14,3276800,0.0,1.0,MMM
2006-09-06,34.53,34.69,34.35,34.58,34.58,2503700,0.0,1.0,MMM
2006-09-05,34.82,34.82,34.4,34.5,34.5,2913000,0.0,1.0,MMM
2006-09-01,34.69,34.97,34.65,34.68,34.68,2487300,0.0,1.0,MMM
2006-08-31,34.72,34.8,34.55,34.67,34.67,1780800,0.0,1.0,MMM
2006-08-30,34.82,34.82,34.54,34.55,34.55,2572100,0.0,1.0,MMM
2006-08-29,34.3,34.73,34.07,34.63,34.63,3208000,0.0,1.0,MMM
2006-08-28,33.73,34.47,33.73,34.3,34.3,2658400,0.0,1.0,MMM
2006-08-25,33.88,34.04,33.67,33.81,33.81,3085100,0.0,1.0,MMM
2006-08-24,34.09,34.13,33.68,33.9,33.9,2485000,0.0,1.0,MMM
2006-08-23,34.36,34.54,33.87,34.01,34.01,2783700,0.46,1.0,MMM
2006-08-22,34.17,34.46,34.17,34.25,34.25,2092600,0.0,1.0,MMM
2006-08-21,34.25,34.33,34.08,34.17,34.17,2436900,0.0,1.0,MMM
2006-08-18,34.36,34.38,34.12,34.21,34.21,2485700,0.0,1.0,MMM
2006-08-17,34.01,34.38,33.87,34.21,34.21,3167400,0.0,1.0,MMM
2006-08-16,33.77,34.08,33.7,34.01,34.01,5245000,0.0,1.0,MMM
2006-08-15,33.38,33.55,33.24,33.52,33.52,4650600,0.0,1.0,MMM
2006-08-14,32.92,33.28,32.89,32.97,32.97,4531200,0.0,1.0,MMM
2006-08-11,32.87,33.12,32.85,32.92,32.92,3368600,0.0,1.0,MMM
2006-08-10,32.87,33.16,32.8,32.87,32.87,3124500,0.0,1.0,MMM
2006-08-09,33.32,33.32,32.76,32.81,32.81,3581000,0.0,1.0,MMM
2006-08-08,33.37,33.39,32.8,32.94,32.94,4072500,0.0,1.0,MMM
2006-08-07,33.34,33.35,33.04,33.15,33.15,3613700,0.0,1.0,MMM
2006-08-04,33.58,33.77,33.18,33.37,33.37,4134800,0.0,1.0,MMM
2006-08-03,33.44,33.53,33.25,33.28,33.28,4595900,0.0,1.0,MMM
2006-08-02,33.59,33.67,33.41,33.44,33.44,4835300,0.0,1.0,MMM
2006-08-01,33.63,33.68,33.36,33.59,33.59,3403200,0.0,1.0,MMM
2006-07-31,33.68,34.1,33.65,33.82,33.82,3069800,0.0,1.0,MMM
2006-07-28,33.78,33.91,33.52,33.88,33.88,4012000,0.0,1.0,MMM
2006-07-27,33.87,33.97,33.37,33.51,33.51,6141000,0.0,1.0,MMM
2006-07-26,32.72,33.55,32.36,33.18,33.18,9168600,0.0,1.0,MMM
2006-07-25,34.11,34.12,32.21,32.72,32.72,18859900,0.0,1.0,MMM
2006-07-24,34.13,34.44,33.99,34.44,34.44,3472600,0.0,1.0,MMM
2006-07-21,34.23,34.46,33.59,33.98,33.98,5617600,0.0,1.0,MMM
2006-07-20,34.3,34.45,34.14,34.16,34.16,3413500,0.0,1.0,MMM
2006-07-19,34.18,34.29,33.94,34.12,34.12,5367700,0.0,1.0,MMM
2006-07-18,34.06,34.12,33.87,34.04,34.04,5283000,0.0,1.0,MMM
2006-07-17,34.21,34.35,33.71,33.95,33.95,5183900,0.0,1.0,MMM
2006-07-14,34.43,34.58,34.05,34.22,34.22,4350900,0.0,1.0,MMM
2006-07-13,34.82,34.86,34.31,34.41,34.41,4816000,0.0,1.0,MMM
2006-07-12,35.31,35.36,34.81,34.94,34.94,4320700,0.0,1.0,MMM
2006-07-11,35.19,35.42,34.9,35.11,35.11,5431100,0.0,1.0,MMM
2006-07-10,35.8,35.85,34.98,35.12,35.12,9215500,0.0,1.0,MMM
2006-07-07,36.27,36.65,35.47,35.6,35.6,24358800,0.0,1.0,MMM
2006-07-06,38.85,39.2,38.82,39.1,39.1,2280500,0.0,1.0,MMM
2006-07-05,38.87,38.88,38.49,38.7,38.7,2157900,0.0,1.0,MMM
2006-07-03,38.99,39.03,38.81,38.97,38.97,654600,0.0,1.0,MMM
2006-06-30,39.22,39.27,38.78,38.8,38.8,3268700,0.0,1.0,MMM
2006-06-29,38.09,39.15,38.09,38.99,38.99,2765500,0.0,1.0,MMM
2006-06-28,37.81,38.13,37.77,38.09,38.09,1787900,0.0,1.0,MMM
2006-06-27,38.63,38.88,37.77,37.81,37.81,2527400,0.0,1.0,MMM
2006-06-26,38.4,38.6,38.24,38.54,38.54,1626900,0.0,1.0,MMM
2006-06-23,38.24,38.57,38.19,38.4,38.4,2398400,0.0,1.0,MMM
2006-06-22,38.75,38.82,38.09,38.24,38.24,1793800,0.0,1.0,MMM
2006-06-21,38.39,39.07,38.39,38.63,38.63,2337200,0.0,1.0,MMM
2006-06-20,38.16,38.73,37.98,38.38,38.38,2139400,0.0,1.0,MMM
2006-06-19,38.77,38.77,37.9,38.16,38.16,2448300,0.0,1.0,MMM
2006-06-16,38.91,38.99,38.58,38.68,38.68,3509500,0.0,1.0,MMM
2006-06-15,38.27,39.08,38.07,38.87,38.87,3190000,0.0,1.0,MMM
2006-06-14,38.34,38.66,38.09,38.39,38.39,2488900,0.0,1.0,MMM
2006-06-13,38.6,39.03,38.41,38.41,38.41,3444200,0.0,1.0,MMM
2006-06-12,38.84,38.96,38.38,38.51,38.51,2535100,0.0,1.0,MMM
2006-06-09,39.1,39.33,38.55,38.77,38.77,2561200,0.0,1.0,MMM
2006-06-08,38.34,39.37,38.07,39.27,39.27,4435400,0.0,1.0,MMM
2006-06-07,39.52,39.53,38.6,38.6,38.6,3797800,0.0,1.0,MMM
2006-06-06,39.97,40.31,39.05,39.52,39.52,4299900,0.0,1.0,MMM
2006-06-05,40.4,40.51,39.82,39.85,39.85,2599500,0.0,1.0,MMM
2006-06-02,40.74,40.95,40.6,40.73,40.73,2318900,0.0,1.0,MMM
2006-06-01,40.19,40.68,39.94,40.6,40.6,1721800,0.0,1.0,MMM
2006-05-31,40.21,40.65,39.95,40.19,40.19,3364300,0.0,1.0,MMM
2006-05-30,40.12,40.35,40.04,40.1,40.1,2334600,0.0,1.0,MMM
2006-05-26,40.0,40.36,39.83,40.29,40.29,1838000,0.0,1.0,MMM
2006-05-25,40.33,40.47,39.81,40.0,40.0,2821900,0.0,1.0,MMM
2006-05-24,39.97,40.4,39.71,40.27,40.27,2906600,0.0,1.0,MMM
2006-05-23,40.16,40.37,39.88,40.09,40.09,2783600,0.0,1.0,MMM
2006-05-22,40.5,40.64,39.68,40.23,40.23,3006500,0.0,1.0,MMM
2006-05-19,40.62,40.8,40.22,40.5,40.5,2796400,0.0,1.0,MMM
2006-05-18,40.18,40.75,40.18,40.43,40.43,2690500,0.0,1.0,MMM
2006-05-17,41.27,41.3,40.41,40.56,40.56,4156000,0.46,1.0,MMM
2006-05-16,41.63,41.73,41.2,41.24,41.24,3198400,0.0,1.0,MMM
2006-05-15,41.43,41.67,41.13,41.63,41.63,2597500,0.0,1.0,MMM
2006-05-12,41.52,41.89,41.21,41.37,41.37,2526500,0.0,1.0,MMM
2006-05-11,41.69,41.88,41.47,41.65,41.65,2558100,0.0,1.0,MMM
2006-05-10,41.69,41.93,41.68,41.88,41.88,2818300,0.0,1.0,MMM
2006-05-09,41.86,41.95,41.48,41.85,41.85,4014700,0.0,1.0,MMM
2006-05-08,41.62,42.22,41.6,42.11,42.11,3523600,0.0,1.0,MMM
2006-05-05,41.42,41.71,41.35,41.71,41.71,3632000,0.0,1.0,MMM
2006-05-04,41.05,41.41,41.02,41.32,41.32,3324700,0.0,1.0,MMM
2006-05-03,40.5,41.05,40.43,41.05,41.05,3317600,0.0,1.0,MMM
2006-05-02,40.69,40.76,39.94,40.38,40.38,3807300,0.0,1.0,MMM
2006-05-01,40.86,40.96,40.54,40.6,40.6,2848100,0.0,1.0,MMM
2006-04-28,40.62,40.86,40.59,40.82,40.82,2531000,0.0,1.0,MMM
2006-04-27,40.62,40.94,40.38,40.72,40.72,2991300,0.0,1.0,MMM
2006-04-26,40.65,40.93,40.42,40.86,40.86,2704600,0.0,1.0,MMM
2006-04-25,40.85,40.85,40.33,40.52,40.52,3955800,0.0,1.0,MMM
2006-04-24,40.14,41.05,40.14,40.83,40.83,4363700,0.0,1.0,MMM
2006-04-21,40.14,40.85,40.09,40.64,40.64,9268200,0.0,1.0,MMM
2006-04-20,39.11,39.65,38.88,39.47,39.47,4281500,0.0,1.0,MMM
2006-04-19,39.03,39.37,39.02,39.12,39.12,2922500,0.0,1.0,MMM
2006-04-18,38.4,39.28,38.39,38.99,38.99,4374600,0.0,1.0,MMM
2006-04-17,38.49,38.57,37.9,38.35,38.35,3122500,0.0,1.0,MMM
2006-04-13,38.66,38.96,38.5,38.69,38.69,1793900,0.0,1.0,MMM
2006-04-12,38.6,38.88,38.22,38.75,38.75,2456800,0.0,1.0,MMM
2006-04-11,38.31,38.76,38.31,38.6,38.6,2791600,0.0,1.0,MMM
2006-04-10,38.63,38.88,38.28,38.69,38.69,2564200,0.0,1.0,MMM
2006-04-07,38.82,39.22,38.61,38.72,38.72,4107900,0.0,1.0,MMM
2006-04-06,38.11,39.19,38.01,38.89,38.89,10471100,0.0,1.0,MMM
2006-04-05,37.22,37.22,36.7,37.01,37.01,2784100,0.0,1.0,MMM
2006-04-04,36.79,37.27,36.56,36.79,36.79,3634600,0.0,1.0,MMM
2006-04-03,36.3,36.88,36.2,36.24,36.24,3603000,0.0,1.0,MMM
2006-03-31,36.56,36.74,36.13,36.17,36.17,3125800,0.0,1.0,MMM
2006-03-30,37.06,37.09,36.31,36.56,36.56,3362600,0.0,1.0,MMM
2006-03-29,37.15,37.62,37.06,37.06,37.06,5262600,0.0,1.0,MMM
2006-03-28,36.72,36.89,36.39,36.46,36.46,3511000,0.0,1.0,MMM
2006-03-27,36.65,36.9,36.56,36.72,36.72,2792500,0.0,1.0,MMM
2006-03-24,36.63,36.82,36.5,36.7,36.7,3419400,0.0,1.0,MMM
2006-03-23,36.64,36.77,36.32,36.68,36.68,3468700,0.0,1.0,MMM
2006-03-22,35.72,36.39,35.72,36.35,36.35,2954700,0.0,1.0,MMM
2006-03-21,35.93,36.0,35.66,35.8,35.8,3197700,0.0,1.0,MMM
2006-03-20,35.76,35.93,35.62,35.84,35.84,1748700,0.0,1.0,MMM
2006-03-17,35.98,36.05,35.72,35.74,35.74,4049500,0.0,1.0,MMM
2006-03-16,35.59,36.06,35.5,35.78,35.78,4338200,0.0,1.0,MMM
2006-03-15,35.01,35.47,34.89,35.36,35.36,2863500,0.0,1.0,MMM
2006-03-14,34.49,35.24,34.49,35.13,35.13,2629000,0.0,1.0,MMM
2006-03-13,34.48,34.65,34.35,34.45,34.45,1997600,0.0,1.0,MMM
2006-03-10,34.36,34.79,34.35,34.56,34.56,1832700,0.0,1.0,MMM
2006-03-09,34.66,34.77,34.29,34.31,34.31,2148800,0.0,1.0,MMM
2006-03-08,34.65,34.91,34.43,34.58,34.58,2494700,0.0,1.0,MMM
2006-03-07,34.31,34.57,34.08,34.53,34.53,2954800,0.0,1.0,MMM
2006-03-06,34.62,34.79,34.18,34.38,34.38,3587200,0.0,1.0,MMM
2006-03-03,34.91,35.02,34.72,34.82,34.82,3093200,0.0,1.0,MMM
2006-03-02,35.19,35.26,34.88,34.91,34.91,2657100,0.0,1.0,MMM
2006-03-01,35.39,35.45,35.12,35.2,35.2,2035500,0.0,1.0,MMM
2006-02-28,35.22,35.4,34.94,35.16,35.16,2695300,0.0,1.0,MMM
2006-02-27,35.36,35.67,35.21,35.21,35.21,2774300,0.0,1.0,MMM
2006-02-24,35.33,35.44,34.94,35.32,35.32,1931100,0.0,1.0,MMM
2006-02-23,34.93,35.4,34.88,35.19,35.19,2694800,0.0,1.0,MMM
2006-02-22,34.97,35.23,34.87,34.87,34.87,2674100,0.46,1.0,MMM
2006-02-21,34.98,35.18,34.59,34.76,34.76,3706300,0.0,1.0,MMM
2006-02-17,34.73,35.21,34.7,35.03,35.03,2338600,0.0,1.0,MMM
2006-02-16,34.76,34.83,34.43,34.69,34.69,2923000,0.0,1.0,MMM
2006-02-15,35.0,35.22,34.71,34.72,34.72,2672900,0.0,1.0,MMM
2006-02-14,35.02,35.19,34.86,35.0,35.0,3859400,0.0,1.0,MMM
2006-02-13,34.52,34.86,34.49,34.62,34.62,2320300,0.0,1.0,MMM
2006-02-10,34.33,34.66,33.95,34.48,34.48,2931700,0.0,1.0,MMM
2006-02-09,33.88,34.61,33.83,34.24,34.24,3798100,0.0,1.0,MMM
2006-02-08,33.55,33.85,33.38,33.71,33.71,2846100,0.0,1.0,MMM
2006-02-07,33.79,33.85,33.51,33.55,33.55,3132800,0.0,1.0,MMM
2006-02-06,33.71,33.86,33.71,33.79,33.79,2551500,0.0,1.0,MMM
2006-02-03,34.07,34.23,33.71,33.76,33.76,3258300,0.0,1.0,MMM
2006-02-02,34.74,34.99,34.21,34.26,34.26,3207100,0.0,1.0,MMM
2006-02-01,34.33,34.85,34.19,34.75,34.75,3829100,0.0,1.0,MMM
2006-01-31,34.38,34.78,34.17,34.54,34.54,5317900,0.0,1.0,MMM
2006-01-30,34.62,34.82,34.39,34.5,34.5,3463600,0.0,1.0,MMM
2006-01-27,34.4,34.78,34.38,34.5,34.5,3813100,0.0,1.0,MMM
2006-01-26,34.77,34.87,34.2,34.52,34.52,5027500,0.0,1.0,MMM
2006-01-25,34.78,35.06,34.54,34.66,34.66,7475200,0.0,1.0,MMM
2006-01-24,35.14,35.9,35.0,35.23,35.23,5511200,0.0,1.0,MMM
2006-01-23,35.85,36.2,35.52,35.94,35.94,2953500,0.0,1.0,MMM
2006-01-20,36.52,36.52,35.7,35.73,35.73,3284500,0.0,1.0,MMM
2006-01-19,36.65,36.74,36.42,36.52,36.52,1807100,0.0,1.0,MMM
2006-01-18,36.56,36.69,36.33,36.56,36.56,1833600,0.0,1.0,MMM
2006-01-17,36.61,36.86,36.56,36.6,36.6,2073400,0.0,1.0,MMM
2006-01-13,36.54,37.13,36.54,36.8,36.8,1925300,0.0,1.0,MMM
2006-01-12,37.13,37.15,36.66,36.89,36.89,2121100,0.0,1.0,MMM
2006-01-11,37.25,37.35,36.96,37.21,37.21,1909900,0.0,1.0,MMM
2006-01-10,37.51,37.52,37.07,37.29,37.29,1919900,0.0,1.0,MMM
2006-01-09,37.27,37.91,37.26,37.52,37.52,1845600,0.0,1.0,MMM
2006-01-06,37.34,37.46,36.87,37.34,37.34,2479500,0.0,1.0,MMM
2006-01-05,37.23,37.35,36.83,37.03,37.03,2529500,0.0,1.0,MMM
2006-01-04,37.74,37.74,37.16,37.37,37.37,2558000,0.0,1.0,MMM
2006-01-03,36.92,37.68,36.68,37.56,37.56,3117200,0.0,1.0,MMM
2005-12-30,37.09,37.18,36.78,36.8,36.8,1728600,0.0,1.0,MMM
2005-12-29,37.2,37.35,37.09,37.17,37.17,1374000,0.0,1.0,MMM
2005-12-28,36.84,37.26,36.82,37.13,37.13,1615600,0.0,1.0,MMM
2005-12-27,37.34,37.51,36.73,36.74,36.74,1826700,0.0,1.0,MMM
2005-12-23,36.98,37.48,34.89,37.32,37.32,1095700,0.0,1.0,MMM
2005-12-22,37.26,37.48,36.89,37.34,37.34,2386500,0.0,1.0,MMM
2005-12-21,36.86,37.16,36.83,37.06,37.06,1919700,0.0,1.0,MMM
2005-12-20,36.71,37.16,36.7,36.77,36.77,2974100,0.0,1.0,MMM
2005-12-19,36.51,36.92,36.49,36.83,36.83,2731100,0.0,1.0,MMM
2005-12-16,37.01,37.12,36.51,36.6,36.6,4755800,0.0,1.0,MMM
2005-12-15,36.74,37.03,36.55,36.79,36.79,2910600,0.0,1.0,MMM
2005-12-14,36.48,36.99,36.48,36.82,36.82,2102600,0.0,1.0,MMM
2005-12-13,36.75,36.94,36.41,36.54,36.54,2458300,0.0,1.0,MMM
2005-12-12,36.98,37.11,36.46,36.61,36.61,1990800,0.0,1.0,MMM
2005-12-09,36.78,37.07,36.52,36.97,36.97,2526300,0.0,1.0,MMM
2005-12-08,36.96,37.03,36.49,36.53,36.53,2247000,0.0,1.0,MMM
2005-12-07,37.23,37.46,36.61,36.74,36.74,3821000,0.0,1.0,MMM
2005-12-06,37.25,37.37,36.81,36.89,36.89,3448600,0.0,1.0,MMM
2005-12-05,37.56,37.89,37.1,37.19,37.19,2861800,0.0,1.0,MMM
2005-12-02,37.54,37.86,37.48,37.7,37.7,1734400,0.0,1.0,MMM
2005-12-01,37.4,37.91,37.39,37.64,37.64,2796200,0.0,1.0,MMM
2005-11-30,37.2,37.61,37.15,37.26,37.26,2928400,0.0,1.0,MMM
2005-11-29,37.14,37.39,37.12,37.2,37.2,2498300,0.0,1.0,MMM
2005-11-28,37.27,37.3,37.0,37.13,37.13,2268000,0.0,1.0,MMM
2005-11-25,37.07,37.2,36.92,37.19,37.19,1165000,0.0,1.0,MMM
2005-11-23,37.07,37.22,36.93,37.1,37.1,2635000,0.0,1.0,MMM
2005-11-22,37.56,37.66,36.87,37.17,37.17,4084500,0.42,1.0,MMM
2005-11-21,37.03,37.49,36.89,37.42,37.42,2577200,0.0,1.0,MMM
2005-11-18,37.19,37.19,36.67,36.91,36.91,3700000,0.0,1.0,MMM
2005-11-17,36.51,36.58,36.17,36.49,36.49,3958500,0.0,1.0,MMM
2005-11-16,37.03,37.14,36.14,36.32,36.32,4949300,0.0,1.0,MMM
2005-11-15,36.64,37.11,36.59,36.87,36.87,2579200,0.0,1.0,MMM
2005-11-14,36.53,36.77,36.48,36.66,36.66,2305200,0.0,1.0,MMM
2005-11-11,36.56,36.72,36.49,36.63,36.63,2075500,0.0,1.0,MMM
2005-11-10,35.94,36.51,35.78,36.45,36.45,3005100,0.0,1.0,MMM
2005-11-09,35.89,36.21,35.81,35.94,35.94,2414900,0.0,1.0,MMM
2005-11-08,35.82,36.07,35.66,35.87,35.87,1895000,0.0,1.0,MMM
2005-11-07,35.73,36.06,35.59,35.82,35.82,1821300,0.0,1.0,MMM
2005-11-04,35.59,35.85,35.37,35.48,35.48,2476100,0.0,1.0,MMM
2005-11-03,35.56,35.77,35.24,35.49,35.49,2522500,0.0,1.0,MMM
2005-11-02,35.46,35.62,35.14,35.49,35.49,3676700,0.0,1.0,MMM
2005-11-01,35.66,35.66,35.19,35.36,35.36,3679400,0.0,1.0,MMM
2005-10-31,36.01,36.12,35.68,35.89,35.89,3530400,0.0,1.0,MMM
2005-10-28,35.54,36.01,35.33,36.01,36.01,2727000,0.0,1.0,MMM
2005-10-27,35.62,35.85,35.31,35.33,35.33,1929700,0.0,1.0,MMM
2005-10-26,35.7,35.98,35.5,35.5,35.5,2012200,0.0,1.0,MMM
2005-10-25,35.78,36.03,35.49,35.74,35.74,2938700,0.0,1.0,MMM
2005-10-24,35.61,35.72,35.41,35.69,35.69,2375400,0.0,1.0,MMM
2005-10-21,35.3,35.73,35.29,35.37,35.37,3111500,0.0,1.0,MMM
2005-10-20,35.73,35.87,35.19,35.38,35.38,3332200,0.0,1.0,MMM
2005-10-19,35.29,35.73,35.02,35.73,35.73,4182700,0.0,1.0,MMM
2005-10-18,34.62,35.61,34.52,35.29,35.29,7015700,0.0,1.0,MMM
2005-10-17,33.54,34.33,33.43,34.23,34.23,4737100,0.0,1.0,MMM
2005-10-14,33.19,33.43,33.1,33.4,33.4,2565900,0.0,1.0,MMM
2005-10-13,33.11,33.48,32.92,33.09,33.09,3405300,0.0,1.0,MMM
2005-10-12,33.2,33.65,33.13,33.24,33.24,3729600,0.0,1.0,MMM
2005-10-11,33.65,33.67,33.23,33.32,33.32,2861300,0.0,1.0,MMM
2005-10-10,34.01,34.1,33.66,33.72,33.72,1958900,0.0,1.0,MMM
2005-10-07,33.77,34.0,33.66,33.88,33.88,2306900,0.0,1.0,MMM
2005-10-06,33.7,33.9,33.29,33.59,33.59,3921100,0.0,1.0,MMM
2005-10-05,33.73,33.97,33.6,33.61,33.61,3615700,0.0,1.0,MMM
2005-10-04,34.26,34.43,33.72,33.77,33.77,2830800,0.0,1.0,MMM
2005-10-03,34.6,34.78,34.22,34.26,34.26,2140800,0.0,1.0,MMM
2005-09-30,34.56,34.7,34.48,34.65,34.65,1855800,0.0,1.0,MMM
2005-09-29,34.43,34.66,34.23,34.56,34.56,2824000,0.0,1.0,MMM
2005-09-28,34.72,34.78,34.11,34.33,34.33,3060100,0.0,1.0,MMM
2005-09-27,34.48,34.66,34.38,34.56,34.56,1991400,0.0,1.0,MMM
2005-09-26,34.52,34.68,34.44,34.54,34.54,2588900,0.0,1.0,MMM
2005-09-23,34.38,34.46,34.12,34.27,34.27,2181800,0.0,1.0,MMM
2005-09-22,34.1,34.55,34.09,34.38,34.38,2442400,0.0,1.0,MMM
2005-09-21,34.18,34.35,33.96,34.16,34.16,2942500,0.0,1.0,MMM
2005-09-20,34.19,34.47,34.1,34.17,34.17,2664100,0.0,1.0,MMM
2005-09-19,34.6,34.62,34.08,34.24,34.24,2860100,0.0,1.0,MMM
2005-09-16,34.79,34.86,34.39,34.64,34.64,3959500,0.0,1.0,MMM
2005-09-15,34.72,34.86,34.4,34.62,34.62,2450300,0.0,1.0,MMM
2005-09-14,35.02,35.18,34.74,34.82,34.82,2407400,0.0,1.0,MMM
2005-09-13,34.97,35.22,34.94,34.95,34.95,3004200,0.0,1.0,MMM
2005-09-12,34.82,35.2,34.71,35.06,35.06,3933600,0.0,1.0,MMM
2005-09-09,34.69,34.89,34.52,34.72,34.72,2527100,0.0,1.0,MMM
2005-09-08,34.12,34.86,34.11,34.53,34.53,3615200,0.0,1.0,MMM
2005-09-07,34.4,35.09,34.34,34.84,34.84,3857400,0.0,1.0,MMM
2005-09-06,34.04,34.36,33.9,34.34,34.34,3239300,0.0,1.0,MMM
2005-09-02,33.72,33.86,33.55,33.77,33.77,2507300,0.0,1.0,MMM
2005-09-01,33.72,33.88,33.35,33.47,33.47,3004600,0.0,1.0,MMM
2005-08-31,33.47,33.65,33.3,33.6,33.6,2845000,0.0,1.0,MMM
2005-08-30,33.57,33.7,33.37,33.52,33.52,2386200,0.0,1.0,MMM
2005-08-29,33.3,33.71,33.25,33.57,33.57,1881100,0.0,1.0,MMM
2005-08-26,33.62,33.68,33.32,33.53,33.53,2995900,0.0,1.0,MMM
2005-08-25,33.78,33.79,33.56,33.67,33.67,2167600,0.0,1.0,MMM
2005-08-24,33.41,33.83,33.27,33.68,33.68,3735600,0.0,1.0,MMM
2005-08-23,33.97,33.97,33.46,33.53,33.53,3331300,0.0,1.0,MMM
2005-08-22,34.18,34.46,33.72,33.97,33.97,2856200,0.0,1.0,MMM
2005-08-19,34.08,34.43,33.97,34.04,34.04,2924100,0.0,1.0,MMM
2005-08-18,33.95,34.0,33.67,33.97,33.97,3032700,0.0,1.0,MMM
2005-08-17,33.65,34.03,33.6,33.89,33.89,2634100,0.42,1.0,MMM
2005-08-16,33.92,33.95,33.64,33.65,33.65,2481900,0.0,1.0,MMM
2005-08-15,33.81,34.1,33.43,33.89,33.89,3377900,0.0,1.0,MMM
2005-08-12,33.97,34.01,33.78,33.78,33.78,2723100,0.0,1.0,MMM
2005-08-11,33.91,34.01,33.73,33.98,33.98,3486300,0.0,1.0,MMM
2005-08-10,33.89,34.14,33.72,33.81,33.81,5062400,0.0,1.0,MMM
2005-08-09,34.03,34.23,33.77,33.81,33.81,3984500,0.0,1.0,MMM
2005-08-08,34.22,34.38,33.81,33.97,33.97,3747200,0.0,1.0,MMM
2005-08-05,34.44,34.58,34.23,34.27,34.27,2693800,0.0,1.0,MMM
2005-08-04,34.84,34.84,34.28,34.44,34.44,3281100,0.0,1.0,MMM
2005-08-03,35.0,35.1,34.71,34.84,34.84,3350800,0.0,1.0,MMM
2005-08-02,35.36,35.45,35.05,35.16,35.16,2441800,0.0,1.0,MMM
2005-08-01,35.26,35.38,35.08,35.36,35.36,2502800,0.0,1.0,MMM
2005-07-29,35.16,35.37,34.94,35.22,35.22,3068200,0.0,1.0,MMM
2005-07-28,34.6,35.12,34.58,35.08,35.08,3188600,0.0,1.0,MMM
2005-07-27,34.79,34.84,34.43,34.58,34.58,3194500,0.0,1.0,MMM
2005-07-26,35.04,35.04,34.64,34.64,34.64,2664000,0.0,1.0,MMM
2005-07-25,35.14,35.36,34.7,34.83,34.83,2943200,0.0,1.0,MMM
2005-07-22,35.12,35.19,34.75,35.08,35.08,2857200,0.0,1.0,MMM
2005-07-21,35.27,35.4,34.87,35.0,35.0,2799900,0.0,1.0,MMM
2005-07-20,34.8,35.1,34.74,35.07,35.07,2828100,0.0,1.0,MMM
2005-07-19,35.01,35.15,34.74,34.88,34.88,4230400,0.0,1.0,MMM
2005-07-18,35.43,35.75,34.88,35.0,35.0,4631600,0.0,1.0,MMM
2005-07-15,35.59,36.03,35.25,35.43,35.43,3573800,0.0,1.0,MMM
2005-07-14,35.27,35.67,35.25,35.42,35.42,2791600,0.0,1.0,MMM
2005-07-13,35.26,35.42,34.99,35.27,35.27,3299300,0.0,1.0,MMM
2005-07-12,35.75,35.75,35.15,35.16,35.16,3687700,0.0,1.0,MMM
2005-07-11,35.4,35.76,35.23,35.75,35.75,3709900,0.0,1.0,MMM
2005-07-08,34.7,35.33,34.56,35.22,35.22,3345000,0.0,1.0,MMM
2005-07-07,33.81,34.7,33.51,34.66,34.66,3714400,0.0,1.0,MMM
2005-07-06,34.57,34.57,34.2,34.2,34.2,3753600,0.0,1.0,MMM
2005-07-05,34.3,34.69,34.28,34.57,34.57,3999300,0.0,1.0,MMM
2005-07-01,33.95,34.33,33.35,34.28,34.28,8866000,0.0,1.0,MMM
2005-06-30,34.86,35.0,33.92,33.95,33.95,14756900,0.0,1.0,MMM
2005-06-29,36.19,36.19,35.67,35.7,35.7,2225100,0.0,1.0,MMM
2005-06-28,35.83,36.26,35.71,36.2,36.2,3008000,0.0,1.0,MMM
2005-06-27,35.54,35.84,35.45,35.59,35.59,2282700,0.0,1.0,MMM
2005-06-24,35.57,35.83,35.36,35.44,35.44,4004000,0.0,1.0,MMM
2005-06-23,36.72,36.74,35.49,35.62,35.62,4737000,0.0,1.0,MMM
2005-06-22,36.55,36.86,36.31,36.57,36.57,3977800,0.0,1.0,MMM
2005-06-21,36.34,36.62,36.16,36.24,36.24,2822300,0.0,1.0,MMM
2005-06-20,36.39,36.57,36.2,36.24,36.24,2281200,0.0,1.0,MMM
2005-06-17,36.29,36.88,36.08,36.12,36.12,3939400,0.0,1.0,MMM
2005-06-16,35.75,36.15,35.57,36.0,36.0,2295700,0.0,1.0,MMM
2005-06-15,36.11,36.18,35.59,35.75,35.75,2612400,0.0,1.0,MMM
2005-06-14,35.97,36.17,35.85,36.0,36.0,2363200,0.0,1.0,MMM
2005-06-13,35.67,36.13,35.5,35.73,35.73,2556500,0.0,1.0,MMM
2005-06-10,35.69,35.96,35.4,35.59,35.59,2776900,0.0,1.0,MMM
2005-06-09,35.95,36.17,35.59,35.77,35.77,2720900,0.0,1.0,MMM
2005-06-08,36.12,36.14,35.85,35.95,35.95,2042700,0.0,1.0,MMM
2005-06-07,35.92,36.36,35.78,35.85,35.85,2725100,0.0,1.0,MMM
2005-06-06,35.62,35.8,35.49,35.76,35.76,1611100,0.0,1.0,MMM
2005-06-03,35.96,36.08,35.57,35.69,35.69,2305500,0.0,1.0,MMM
2005-06-02,36.16,36.21,35.85,35.95,35.95,2219200,0.0,1.0,MMM
2005-06-01,36.05,36.53,35.9,36.16,36.16,2085900,0.0,1.0,MMM
2005-05-31,36.16,36.29,35.99,35.99,35.99,3337000,0.0,1.0,MMM
2005-05-27,36.12,36.37,36.12,36.15,36.15,1511700,0.0,1.0,MMM
2005-05-26,36.53,36.53,35.94,36.15,36.15,3051300,0.0,1.0,MMM
2005-05-25,36.71,36.71,36.15,36.18,36.18,2589800,0.0,1.0,MMM
2005-05-24,36.68,36.85,36.6,36.71,36.71,2263500,0.0,1.0,MMM
2005-05-23,36.3,37.2,36.2,36.87,36.87,2962500,0.0,1.0,MMM
2005-05-20,36.53,36.53,35.85,36.18,36.18,3465200,0.0,1.0,MMM
2005-05-19,36.67,36.71,36.42,36.56,36.56,2191900,0.0,1.0,MMM
2005-05-18,36.15,36.82,36.04,36.67,36.67,2247300,0.42,1.0,MMM
2005-05-17,35.52,36.03,35.38,35.97,35.97,2414300,0.0,1.0,MMM
2005-05-16,35.48,35.8,35.34,35.69,35.69,1931800,0.0,1.0,MMM
2005-05-13,35.53,35.63,35.07,35.31,35.31,2553700,0.0,1.0,MMM
2005-05-12,36.07,36.08,35.34,35.39,35.39,2371700,0.0,1.0,MMM
2005-05-11,35.86,36.0,35.49,35.96,35.96,2806200,0.0,1.0,MMM
2005-05-10,36.23,36.23,35.49,35.78,35.78,3866900,0.0,1.0,MMM
2005-05-09,36.05,36.3,35.87,36.3,36.3,2310700,0.0,1.0,MMM
2005-05-06,36.23,36.54,36.04,36.12,36.12,2286200,0.0,1.0,MMM
2005-05-05,36.13,36.41,36.01,36.18,36.18,2600200,0.0,1.0,MMM
2005-05-04,35.82,36.26,35.58,36.13,36.13,3013100,0.0,1.0,MMM
2005-05-03,35.89,36.1,35.62,35.85,35.85,3141600,0.0,1.0,MMM
2005-05-02,35.71,36.03,35.61,35.91,35.91,2834500,0.0,1.0,MMM
2005-04-29,35.36,35.78,35.0,35.71,35.71,2955800,0.0,1.0,MMM
2005-04-28,35.45,35.5,35.08,35.14,35.14,3213400,0.0,1.0,MMM
2005-04-27,35.43,35.89,35.15,35.78,35.78,2750200,0.0,1.0,MMM
2005-04-26,36.2,36.35,35.56,35.56,35.56,2724900,0.0,1.0,MMM
2005-04-25,36.27,36.54,36.06,36.2,36.2,2461300,0.0,1.0,MMM
2005-04-22,36.39,36.39,35.67,35.99,35.99,2715800,0.0,1.0,MMM
2005-04-21,35.92,36.53,35.64,36.46,36.46,3657800,0.0,1.0,MMM
2005-04-20,36.04,36.24,35.26,35.45,35.45,4921700,0.0,1.0,MMM
2005-04-19,35.78,36.52,35.73,35.93,35.93,7149900,0.0,1.0,MMM
2005-04-18,37.18,37.37,35.21,35.45,35.45,13236700,0.0,1.0,MMM
2005-04-15,38.48,38.52,37.6,37.76,37.76,4636300,0.0,1.0,MMM
2005-04-14,39.18,39.2,38.37,38.47,38.47,3206600,0.0,1.0,MMM
2005-04-13,39.68,39.86,39.14,39.33,39.33,2294600,0.0,1.0,MMM
2005-04-12,39.34,39.92,39.01,39.81,39.81,2307000,0.0,1.0,MMM
2005-04-11,39.58,39.64,39.32,39.45,39.45,1588000,0.0,1.0,MMM
2005-04-08,39.7,39.86,39.46,39.49,39.49,1660700,0.0,1.0,MMM
2005-04-07,39.74,39.88,39.6,39.77,39.77,2131900,0.0,1.0,MMM
2005-04-06,39.7,39.99,39.59,39.61,39.61,2333500,0.0,1.0,MMM
2005-04-05,39.55,39.7,39.16,39.45,39.45,2863200,0.0,1.0,MMM
2005-04-04,39.81,39.89,39.5,39.56,39.56,2448700,0.0,1.0,MMM
2005-04-01,40.17,40.26,39.73,39.75,39.75,2293700,0.0,1.0,MMM
2005-03-31,40.14,40.44,39.96,40.02,40.02,2609400,0.0,1.0,MMM
2005-03-30,39.63,40.2,39.63,40.16,40.16,1999000,0.0,1.0,MMM
2005-03-29,39.78,40.19,39.51,39.53,39.53,2752700,0.0,1.0,MMM
2005-03-28,39.83,40.05,39.75,39.78,39.78,1561300,0.0,1.0,MMM
2005-03-24,39.81,40.0,39.65,39.83,39.83,1843600,0.0,1.0,MMM
2005-03-23,39.77,39.93,39.52,39.73,39.73,2366300,0.0,1.0,MMM
2005-03-22,39.92,40.49,39.86,39.88,39.88,2086700,0.0,1.0,MMM
2005-03-21,40.17,40.26,39.84,40.01,40.01,1695300,0.0,1.0,MMM
2005-03-18,40.35,40.66,39.96,40.24,40.24,5264900,0.0,1.0,MMM
2005-03-17,40.1,40.38,39.9,40.15,40.15,1995800,0.0,1.0,MMM
2005-03-16,40.0,40.58,40.0,40.17,40.17,2758900,0.0,1.0,MMM
2005-03-15,40.17,40.52,40.1,40.1,40.1,2199300,0.0,1.0,MMM
2005-03-14,40.05,40.4,39.82,40.12,40.12,2579700,0.0,1.0,MMM
2005-03-11,40.47,40.63,39.94,39.99,39.99,2396200,0.0,1.0,MMM
2005-03-10,40.21,40.53,39.81,40.47,40.47,2523500,0.0,1.0,MMM
2005-03-09,40.26,40.55,40.19,40.22,40.22,2563800,0.0,1.0,MMM
2005-03-08,40.36,40.57,40.21,40.34,40.34,2697000,0.0,1.0,MMM
2005-03-07,40.38,40.84,40.33,40.5,40.5,3619900,0.0,1.0,MMM
2005-03-04,40.07,40.48,39.75,40.38,40.38,2906800,0.0,1.0,MMM
2005-03-03,39.68,39.68,39.01,39.65,39.65,2412900,0.0,1.0,MMM
2005-03-02,39.42,39.74,39.24,39.49,39.49,2182400,0.0,1.0,MMM
2005-03-01,39.21,39.7,39.07,39.45,39.45,2289900,0.0,1.0,MMM
2005-02-28,39.51,39.53,39.11,39.2,39.2,2163300,0.0,1.0,MMM
2005-02-25,39.32,39.65,39.09,39.51,39.51,2252100,0.0,1.0,MMM
2005-02-24,39.13,39.36,38.75,39.36,39.36,2692200,0.0,1.0,MMM
2005-02-23,39.08,39.37,38.96,39.19,39.19,3078400,0.42,1.0,MMM
2005-02-22,39.69,39.9,38.97,39.06,39.06,2989400,0.0,1.0,MMM
2005-02-18,39.86,40.2,39.73,39.76,39.76,2957100,0.0,1.0,MMM
2005-02-17,40.19,40.34,39.83,39.83,39.83,2913700,0.0,1.0,MMM
2005-02-16,39.73,40.42,39.67,40.34,40.34,2962300,0.0,1.0,MMM
2005-02-15,39.5,40.0,39.37,39.96,39.96,3753600,0.0,1.0,MMM
2005-02-14,39.25,39.48,39.11,39.32,39.32,2012500,0.0,1.0,MMM
2005-02-11,39.03,39.28,38.68,39.05,39.05,2578100,0.0,1.0,MMM
2005-02-10,38.75,39.07,38.73,38.99,38.99,1915300,0.0,1.0,MMM
2005-02-09,39.19,39.21,38.66,38.73,38.73,1780800,0.0,1.0,MMM
2005-02-08,38.83,39.31,38.7,39.19,39.19,2020000,0.0,1.0,MMM
2005-02-07,39.06,39.27,38.92,38.98,38.98,1715200,0.0,1.0,MMM
2005-02-04,38.83,39.13,38.77,39.07,39.07,2451300,0.0,1.0,MMM
2005-02-03,38.76,38.89,38.55,38.73,38.73,2314400,0.0,1.0,MMM
2005-02-02,38.93,38.94,38.67,38.73,38.73,2908000,0.0,1.0,MMM
2005-02-01,39.2,39.36,38.94,39.07,39.07,3010200,0.0,1.0,MMM
2005-01-31,38.85,39.27,38.85,39.2,39.2,2800700,0.0,1.0,MMM
2005-01-28,38.52,38.76,38.47,38.69,38.69,2046600,0.0,1.0,MMM
2005-01-27,38.57,38.8,38.31,38.52,38.52,2564100,0.0,1.0,MMM
2005-01-26,38.56,38.99,38.56,38.77,38.77,2919500,0.0,1.0,MMM
2005-01-25,38.18,38.58,38.11,38.49,38.49,3480400,0.0,1.0,MMM
2005-01-24,37.87,38.09,37.54,37.93,37.93,4046300,0.0,1.0,MMM
2005-01-21,38.45,38.63,37.73,37.77,37.77,4259500,0.0,1.0,MMM
2005-01-20,38.43,38.83,38.14,38.55,38.55,3234000,0.0,1.0,MMM
2005-01-19,38.34,38.47,38.15,38.19,38.19,4878000,0.0,1.0,MMM
2005-01-18,39.03,39.5,37.93,38.12,38.12,7161400,0.0,1.0,MMM
2005-01-14,38.94,39.15,38.62,39.02,39.02,3082200,0.0,1.0,MMM
2005-01-13,39.34,39.73,38.81,38.94,38.94,4172400,0.0,1.0,MMM
2005-01-12,39.31,39.5,39.04,39.48,39.48,4183500,0.0,1.0,MMM
2005-01-11,39.01,39.5,38.97,39.37,39.37,4757100,0.0,1.0,MMM
2005-01-10,38.25,39.18,38.25,39.01,39.01,4343700,0.0,1.0,MMM
2005-01-07,37.87,38.48,37.76,38.25,38.25,3293000,0.0,1.0,MMM
2005-01-06,37.59,38.29,37.56,37.86,37.86,3014500,0.0,1.0,MMM
2005-01-05,37.97,38.08,37.52,37.52,37.52,2895300,0.0,1.0,MMM
2005-01-04,38.29,38.58,37.95,37.98,37.98,3644600,0.0,1.0,MMM
2005-01-03,38.19,38.76,38.13,38.29,38.29,3192000,0.0,1.0,MMM
2004-12-31,38.45,38.46,38.14,38.14,38.14,1440800,0.0,1.0,MMM
2004-12-30,38.43,38.58,38.41,38.45,38.45,1271700,0.0,1.0,MMM
2004-12-29,38.45,38.57,38.33,38.45,38.45,1695200,0.0,1.0,MMM
2004-12-28,38.29,38.57,38.25,38.57,38.57,2120900,0.0,1.0,MMM
2004-12-27,38.38,38.57,38.18,38.18,38.18,2216000,0.0,1.0,MMM
2004-12-23,38.04,38.56,38.04,38.36,38.36,3031100,0.0,1.0,MMM
2004-12-22,37.64,37.95,37.53,37.88,37.88,2881000,0.0,1.0,MMM
2004-12-21,37.53,37.73,37.46,37.69,37.69,2810700,0.0,1.0,MMM
2004-12-20,37.27,37.79,37.27,37.53,37.53,3540900,0.0,1.0,MMM
2004-12-17,37.36,37.6,37.2,37.47,37.47,6293200,0.0,1.0,MMM
2004-12-16,36.78,37.46,36.71,37.13,37.13,4854100,0.0,1.0,MMM
2004-12-15,36.65,36.92,36.57,36.75,36.75,4183900,0.0,1.0,MMM
2004-12-14,36.48,36.81,36.46,36.48,36.48,3409800,0.0,1.0,MMM
2004-12-13,36.74,36.92,36.31,36.47,36.47,3889700,0.0,1.0,MMM
2004-12-10,36.53,36.8,36.5,36.62,36.62,2666400,0.0,1.0,MMM
2004-12-09,36.74,36.85,36.49,36.7,36.7,3855500,0.0,1.0,MMM
2004-12-08,36.71,37.0,36.69,36.82,36.82,2412800,0.0,1.0,MMM
2004-12-07,37.47,37.64,36.64,36.65,36.65,3506100,0.0,1.0,MMM
2004-12-06,37.53,37.57,37.3,37.35,37.35,2408200,0.0,1.0,MMM
2004-12-03,37.23,38.02,37.11,37.68,37.68,4940900,0.0,1.0,MMM
2004-12-02,37.27,37.53,36.99,37.14,37.14,2981900,0.0,1.0,MMM
2004-12-01,36.94,37.39,36.94,37.39,37.39,3833800,0.0,1.0,MMM
2004-11-30,37.18,37.41,36.92,36.99,36.99,4306700,0.0,1.0,MMM
2004-11-29,37.27,37.48,36.88,37.18,37.18,3116900,0.0,1.0,MMM
2004-11-26,37.18,37.38,37.18,37.25,37.25,1138600,0.0,1.0,MMM
2004-11-24,37.26,37.4,37.2,37.29,37.29,2616000,0.0,1.0,MMM
2004-11-23,37.52,37.53,37.2,37.29,37.29,2964100,0.0,1.0,MMM
2004-11-22,37.62,37.62,37.35,37.52,37.52,2812000,0.0,1.0,MMM
2004-11-19,38.19,38.22,37.53,37.62,37.62,2571000,0.0,1.0,MMM
2004-11-18,38.11,38.36,38.11,38.28,38.28,2186000,0.0,1.0,MMM
2004-11-17,38.1,38.52,37.97,38.21,38.21,2819900,0.36,1.0,MMM
2004-11-16,38.03,38.04,37.74,37.83,37.83,2825400,0.0,1.0,MMM
2004-11-15,38.31,38.36,37.95,38.07,38.07,3054600,0.0,1.0,MMM
2004-11-12,37.94,38.25,37.89,38.25,38.25,2676900,0.0,1.0,MMM
2004-11-11,37.64,37.95,37.44,37.88,37.88,2547500,0.0,1.0,MMM
2004-11-10,37.54,37.62,37.26,37.41,37.41,2871200,0.0,1.0,MMM
2004-11-09,37.77,37.87,37.39,37.57,37.57,2108300,0.0,1.0,MMM
2004-11-08,37.66,37.84,37.4,37.65,37.65,2969000,0.0,1.0,MMM
2004-11-05,36.32,37.76,36.32,37.66,37.66,6746600,0.0,1.0,MMM
2004-11-04,34.95,36.16,34.73,36.13,36.13,6238000,0.0,1.0,MMM
2004-11-03,35.16,35.95,34.75,34.84,34.84,5547300,0.0,1.0,MMM
2004-11-02,35.33,35.97,34.98,35.11,35.11,3892700,0.0,1.0,MMM
2004-11-01,35.86,35.86,35.23,35.59,35.59,2905400,0.0,1.0,MMM
2004-10-29,35.6,35.96,35.6,35.89,35.89,2112400,0.0,1.0,MMM
2004-10-28,35.64,36.0,35.58,35.7,35.7,2252700,0.0,1.0,MMM
2004-10-27,35.08,36.0,34.92,35.89,35.89,3534100,0.0,1.0,MMM
2004-10-26,34.89,35.28,34.82,35.27,35.27,3642800,0.0,1.0,MMM
2004-10-25,34.87,35.19,34.72,34.97,34.97,2926600,0.0,1.0,MMM
2004-10-22,36.02,36.09,34.98,35.11,35.11,4004600,0.0,1.0,MMM
2004-10-21,35.6,35.98,35.42,35.9,35.9,4062600,0.0,1.0,MMM
2004-10-20,34.95,35.68,34.63,35.53,35.53,5347100,0.0,1.0,MMM
2004-10-19,35.53,35.63,34.82,34.88,34.88,4897600,0.0,1.0,MMM
2004-10-18,34.7,35.45,33.92,35.21,35.21,14470200,0.0,1.0,MMM
2004-10-15,35.93,36.34,35.93,36.08,36.08,3205500,0.0,1.0,MMM
2004-10-14,36.16,36.24,35.77,35.9,35.9,3030000,0.0,1.0,MMM
2004-10-13,36.76,36.83,35.67,36.08,36.08,3746300,0.0,1.0,MMM
2004-10-12,36.62,36.64,36.33,36.38,36.38,2240500,0.0,1.0,MMM
2004-10-11,36.78,36.96,36.65,36.65,36.65,1559800,0.0,1.0,MMM
2004-10-08,36.9,36.91,36.47,36.67,36.67,2614900,0.0,1.0,MMM
2004-10-07,37.93,37.93,36.85,36.86,36.86,2663900,0.0,1.0,MMM
2004-10-06,36.84,37.59,36.67,37.54,37.54,3455000,0.0,1.0,MMM
2004-10-05,36.53,36.54,36.14,36.44,36.44,2951200,0.0,1.0,MMM
2004-10-04,37.08,37.18,36.52,36.52,36.52,2985500,0.0,1.0,MMM
2004-10-01,37.01,37.36,36.87,36.87,36.87,3581800,0.0,1.0,MMM
2004-09-30,36.4,37.17,36.33,37.0,37.0,4114500,0.0,1.0,MMM
2004-09-29,36.48,36.6,36.23,36.45,36.45,2694200,0.0,1.0,MMM
2004-09-28,36.21,36.67,36.05,36.58,36.58,4120700,0.0,1.0,MMM
2004-09-27,36.4,36.4,35.95,35.95,35.95,3306900,0.0,1.0,MMM
2004-09-24,36.49,36.74,36.4,36.4,36.4,3184600,0.0,1.0,MMM
2004-09-23,37.02,37.08,36.41,36.41,36.41,3975200,0.0,1.0,MMM
2004-09-22,37.57,37.57,37.03,37.12,37.12,2955500,0.0,1.0,MMM
2004-09-21,37.6,37.85,37.2,37.74,37.74,3028100,0.0,1.0,MMM
2004-09-20,38.01,38.06,37.41,37.45,37.45,2788500,0.0,1.0,MMM
2004-09-17,37.96,38.29,37.82,38.09,38.09,3567700,0.0,1.0,MMM
2004-09-16,38.03,38.27,37.9,37.96,37.96,2335700,0.0,1.0,MMM
2004-09-15,38.83,38.83,37.94,37.94,37.94,3714000,0.0,1.0,MMM
2004-09-14,39.17,39.18,38.8,38.83,38.83,2235600,0.0,1.0,MMM
2004-09-13,39.18,39.31,38.99,39.17,39.17,2281700,0.0,1.0,MMM
2004-09-10,38.82,39.19,38.65,39.18,39.18,1843500,0.0,1.0,MMM
2004-09-09,38.91,39.0,38.75,38.8,38.8,1782000,0.0,1.0,MMM
2004-09-08,38.97,38.97,38.56,38.8,38.8,2254700,0.0,1.0,MMM
2004-09-07,38.96,39.14,38.76,38.97,38.97,2185000,0.0,1.0,MMM
2004-09-03,38.67,38.94,38.57,38.84,38.84,1778800,0.0,1.0,MMM
2004-09-02,38.29,38.68,38.08,38.65,38.65,2259900,0.0,1.0,MMM
2004-09-01,38.0,38.45,38.0,38.34,38.34,2054400,0.0,1.0,MMM
2004-08-31,37.65,38.15,37.55,38.11,38.11,2508100,0.0,1.0,MMM
2004-08-30,37.71,37.84,37.53,37.62,37.62,1481000,0.0,1.0,MMM
2004-08-27,37.45,37.8,37.37,37.7,37.7,1134600,0.0,1.0,MMM
2004-08-26,37.58,37.93,37.5,37.6,37.6,1616700,0.0,1.0,MMM
2004-08-25,37.18,37.64,36.88,37.57,37.57,2094800,0.0,1.0,MMM
2004-08-24,37.34,37.45,37.1,37.28,37.28,1336600,0.0,1.0,MMM
2004-08-23,37.1,37.45,37.01,37.18,37.18,1563400,0.0,1.0,MMM
2004-08-20,36.83,37.22,36.81,37.14,37.14,1785100,0.0,1.0,MMM
2004-08-19,36.9,37.09,36.82,37.01,37.01,2239200,0.0,1.0,MMM
2004-08-18,36.18,37.01,36.0,37.01,37.01,2757200,0.36,1.0,MMM
2004-08-17,36.0,36.39,36.0,36.24,36.24,2878100,0.0,1.0,MMM
2004-08-16,36.0,36.17,35.81,36.03,36.03,2903800,0.0,1.0,MMM
2004-08-13,36.0,36.16,35.56,35.77,35.77,2100700,0.0,1.0,MMM
2004-08-12,36.4,36.48,35.81,35.83,35.83,3187000,0.0,1.0,MMM
2004-08-11,36.53,36.61,36.02,36.49,36.49,3401200,0.0,1.0,MMM
2004-08-10,36.85,36.91,36.08,36.67,36.67,3981300,0.0,1.0,MMM
2004-08-09,36.76,37.16,36.55,36.6,36.6,2556600,0.0,1.0,MMM
2004-08-06,37.2,37.4,36.69,36.79,36.79,3228600,0.0,1.0,MMM
2004-08-05,38.15,38.54,37.53,37.57,37.57,2577400,0.0,1.0,MMM
2004-08-04,37.95,38.53,37.83,38.31,38.31,2018300,0.0,1.0,MMM
2004-08-03,38.35,38.39,37.96,38.2,38.2,1776600,0.0,1.0,MMM
2004-08-02,37.91,38.62,37.72,38.48,38.48,2412000,0.0,1.0,MMM
2004-07-30,37.83,38.05,37.74,37.94,37.94,1885300,0.0,1.0,MMM
2004-07-29,38.09,38.09,37.59,37.83,37.83,2822700,0.0,1.0,MMM
2004-07-28,38.25,38.25,37.19,37.77,37.77,4493900,0.0,1.0,MMM
2004-07-27,37.76,38.44,37.59,38.25,38.25,2789300,0.0,1.0,MMM
2004-07-26,38.06,38.23,37.48,37.6,37.6,3350400,0.0,1.0,MMM
2004-07-23,38.55,38.58,37.91,38.06,38.06,2739600,0.0,1.0,MMM
2004-07-22,38.24,38.74,38.23,38.55,38.55,3765900,0.0,1.0,MMM
2004-07-21,39.24,39.24,38.44,38.5,38.5,3557100,0.0,1.0,MMM
2004-07-20,38.44,39.15,38.35,39.15,39.15,4972700,0.0,1.0,MMM
2004-07-19,39.38,39.39,37.86,38.25,38.25,10521700,0.0,1.0,MMM
2004-07-16,41.13,41.13,40.43,40.46,40.46,2545000,0.0,1.0,MMM
2004-07-15,40.62,41.08,40.62,40.82,40.82,2074100,0.0,1.0,MMM
2004-07-14,39.88,40.85,39.88,40.62,40.62,2044800,0.0,1.0,MMM
2004-07-13,40.28,40.48,40.14,40.25,40.25,2278900,0.0,1.0,MMM
2004-07-12,40.43,40.53,40.05,40.49,40.49,1605900,0.0,1.0,MMM
2004-07-09,40.63,40.85,40.21,40.37,40.37,1781300,0.0,1.0,MMM
2004-07-08,40.73,40.99,40.37,40.41,40.41,2343600,0.0,1.0,MMM
2004-07-07,40.33,40.74,40.24,40.73,40.73,2454300,0.0,1.0,MMM
2004-07-06,40.11,40.52,40.07,40.33,40.33,2305900,0.0,1.0,MMM
2004-07-02,40.69,40.71,40.26,40.3,40.3,1711900,0.0,1.0,MMM
2004-07-01,41.46,41.51,40.44,40.61,40.61,2627200,0.0,1.0,MMM
2004-06-30,41.37,41.59,41.07,41.46,41.46,3069800,0.0,1.0,MMM
2004-06-29,40.85,41.46,40.77,41.36,41.36,2577700,0.0,1.0,MMM
2004-06-28,41.02,41.25,40.67,40.85,40.85,1865500,0.0,1.0,MMM
2004-06-25,40.81,41.16,40.57,40.84,40.84,2939100,0.0,1.0,MMM
2004-06-24,41.06,41.14,40.75,40.8,40.8,1875800,0.0,1.0,MMM
2004-06-23,41.0,41.32,40.79,41.25,41.25,2989400,0.0,1.0,MMM
2004-06-22,40.44,41.22,40.21,41.22,41.22,3797100,0.0,1.0,MMM
2004-06-21,40.03,40.48,40.03,40.2,40.2,2429200,0.0,1.0,MMM
2004-06-18,39.58,40.35,39.58,40.11,40.11,3702400,0.0,1.0,MMM
2004-06-17,39.15,39.72,39.15,39.58,39.58,1497900,0.0,1.0,MMM
2004-06-16,39.41,39.49,39.17,39.27,39.27,2371600,0.0,1.0,MMM
2004-06-15,39.59,39.62,39.17,39.41,39.41,1927200,0.0,1.0,MMM
2004-06-14,39.43,39.59,39.1,39.22,39.22,1975500,0.0,1.0,MMM
2004-06-10,39.35,39.74,39.35,39.71,39.71,1655500,0.0,1.0,MMM
2004-06-09,39.61,39.76,39.34,39.34,39.34,1766000,0.0,1.0,MMM
2004-06-08,39.06,39.7,39.06,39.67,39.67,1950300,0.0,1.0,MMM
2004-06-07,39.09,39.38,38.99,39.23,39.23,2443100,0.0,1.0,MMM
2004-06-04,39.29,39.45,39.04,39.09,39.09,1738000,0.0,1.0,MMM
2004-06-03,39.36,39.56,39.05,39.05,39.05,1630900,0.0,1.0,MMM
2004-06-02,39.36,39.55,39.06,39.43,39.43,1832700,0.0,1.0,MMM
2004-06-01,38.75,39.29,38.7,39.07,39.07,2365200,0.0,1.0,MMM
2004-05-28,39.15,39.27,38.81,38.95,38.95,1650600,0.0,1.0,MMM
2004-05-27,38.94,39.51,38.88,39.13,39.13,2742900,0.0,1.0,MMM
2004-05-26,38.56,38.83,38.47,38.69,38.69,1837100,0.0,1.0,MMM
2004-05-25,38.02,38.65,37.62,38.53,38.53,3102700,0.0,1.0,MMM
2004-05-24,38.2,38.67,37.97,38.02,38.02,2246700,0.0,1.0,MMM
2004-05-21,38.13,38.51,37.96,38.19,38.19,1974800,0.0,1.0,MMM
2004-05-20,37.98,38.12,37.78,37.86,37.86,2439700,0.0,1.0,MMM
2004-05-19,38.23,38.89,37.87,37.91,37.91,2578000,0.36,1.0,MMM
2004-05-18,38.21,38.34,37.93,38.12,38.12,2958200,0.0,1.0,MMM
2004-05-17,37.95,38.47,37.95,38.17,38.17,2774500,0.0,1.0,MMM
2004-05-14,38.53,38.79,38.23,38.44,38.44,2735800,0.0,1.0,MMM
2004-05-13,38.98,39.21,38.63,38.76,38.76,2509700,0.0,1.0,MMM
2004-05-12,38.34,39.17,38.3,39.14,39.14,2814700,0.0,1.0,MMM
2004-05-11,38.74,39.07,38.33,38.59,38.59,2745500,0.0,1.0,MMM
2004-05-10,38.36,38.5,38.01,38.31,38.31,3089400,0.0,1.0,MMM
2004-05-07,38.73,39.29,38.57,38.72,38.72,2243300,0.0,1.0,MMM
2004-05-06,39.04,39.23,38.54,38.88,38.88,2819500,0.0,1.0,MMM
2004-05-05,39.67,39.83,39.31,39.33,39.33,2443100,0.0,1.0,MMM
2004-05-04,39.64,40.01,39.45,39.67,39.67,2872700,0.0,1.0,MMM
2004-05-03,39.67,40.2,39.56,39.91,39.91,2296300,0.0,1.0,MMM
2004-04-30,39.46,40.05,39.45,39.66,39.66,2990900,0.0,1.0,MMM
2004-04-29,39.77,40.13,39.41,39.5,39.5,3166400,0.0,1.0,MMM
2004-04-28,40.31,40.38,39.72,39.77,39.77,2698200,0.0,1.0,MMM
2004-04-27,40.03,40.62,40.03,40.53,40.53,3211000,0.0,1.0,MMM
2004-04-26,40.13,40.48,40.13,40.24,40.24,2909000,0.0,1.0,MMM
2004-04-23,39.58,40.68,39.44,40.31,40.31,5057200,0.0,1.0,MMM
2004-04-22,38.42,39.98,38.42,39.88,39.88,4789600,0.0,1.0,MMM
2004-04-21,38.16,38.7,38.02,38.49,38.49,2185900,0.0,1.0,MMM
2004-04-20,38.52,38.94,38.15,38.16,38.16,2724800,0.0,1.0,MMM
2004-04-19,38.5,39.04,37.95,38.41,38.41,5273200,0.0,1.0,MMM
2004-04-16,38.2,38.45,37.87,38.4,38.4,2234400,0.0,1.0,MMM
2004-04-15,37.91,38.12,37.65,38.0,38.0,2077700,0.0,1.0,MMM
2004-04-14,37.44,38.05,37.42,37.91,37.91,1861400,0.0,1.0,MMM
2004-04-13,38.3,38.36,37.75,37.78,37.78,2397800,0.0,1.0,MMM
2004-04-12,37.89,38.35,37.88,38.35,38.35,1512900,0.0,1.0,MMM
2004-04-08,38.04,38.17,37.65,37.8,37.8,2340800,0.0,1.0,MMM
2004-04-07,37.89,38.06,37.73,37.95,37.95,2952600,0.0,1.0,MMM
2004-04-06,37.77,38.01,37.65,37.99,37.99,1653000,0.0,1.0,MMM
2004-04-05,37.56,37.96,37.52,37.95,37.95,2237300,0.0,1.0,MMM
2004-04-02,37.61,37.67,37.24,37.5,37.5,2888900,0.0,1.0,MMM
2004-04-01,37.55,37.61,37.1,37.17,37.17,2866000,0.0,1.0,MMM
2004-03-31,37.57,37.6,37.15,37.55,37.55,2986400,0.0,1.0,MMM
2004-03-30,36.95,37.5,36.87,37.46,37.46,3000700,0.0,1.0,MMM
2004-03-29,36.69,37.1,36.68,37.06,37.06,2651500,0.0,1.0,MMM
2004-03-26,36.96,37.07,36.46,36.68,36.68,2615700,0.0,1.0,MMM
2004-03-25,36.69,37.16,36.33,37.16,37.16,3210300,0.0,1.0,MMM
2004-03-24,36.51,36.76,36.28,36.43,36.43,2619400,0.0,1.0,MMM
2004-03-23,36.69,36.92,36.46,36.51,36.51,3209800,0.0,1.0,MMM
2004-03-22,36.28,36.68,36.24,36.56,36.56,3858100,0.0,1.0,MMM
2004-03-19,36.63,36.96,36.55,36.58,36.58,3577300,0.0,1.0,MMM
2004-03-18,36.33,36.8,36.09,36.63,36.63,3553800,0.0,1.0,MMM
2004-03-17,36.44,36.59,36.15,36.49,36.49,3714400,0.0,1.0,MMM
2004-03-16,35.45,36.39,35.45,36.14,36.14,7482900,0.0,1.0,MMM
2004-03-15,34.9,34.9,34.1,34.34,34.34,3473600,0.0,1.0,MMM
2004-03-12,34.56,34.99,34.4,34.96,34.96,3324500,0.0,1.0,MMM
2004-03-11,34.52,35.27,34.46,34.56,34.56,4397500,0.0,1.0,MMM
2004-03-10,35.67,35.82,34.76,34.85,34.85,4185500,0.0,1.0,MMM
2004-03-09,35.62,35.84,35.43,35.7,35.7,2604200,0.0,1.0,MMM
2004-03-08,36.06,36.12,35.57,35.62,35.62,2377000,0.0,1.0,MMM
2004-03-05,36.14,36.46,35.95,36.07,36.07,2852900,0.0,1.0,MMM
2004-03-04,36.23,36.39,35.95,36.18,36.18,1951300,0.0,1.0,MMM
2004-03-03,35.92,36.42,35.91,36.21,36.21,2837900,0.0,1.0,MMM
2004-03-02,36.21,36.36,35.91,35.91,35.91,2216800,0.0,1.0,MMM
2004-03-01,35.99,36.28,35.81,36.13,36.13,2364800,0.0,1.0,MMM
2004-02-27,35.89,36.16,35.59,35.78,35.78,2946600,0.0,1.0,MMM
2004-02-26,35.92,36.25,35.77,35.85,35.85,3521800,0.0,1.0,MMM
2004-02-25,36.25,36.55,35.86,36.03,36.03,3097500,0.0,1.0,MMM
2004-02-24,36.8,37.01,36.29,36.45,36.45,2422300,0.0,1.0,MMM
2004-02-23,36.57,36.98,36.51,36.89,36.89,2259800,0.0,1.0,MMM
2004-02-20,36.4,36.8,36.3,36.55,36.55,2397500,0.0,1.0,MMM
2004-02-19,36.68,36.81,36.2,36.28,36.28,2413500,0.0,1.0,MMM
2004-02-18,36.78,36.84,36.32,36.53,36.53,2285300,0.36,1.0,MMM
2004-02-17,36.71,36.85,36.41,36.67,36.67,2695200,0.0,1.0,MMM
2004-02-13,37.0,37.02,36.38,36.38,36.38,2839300,0.0,1.0,MMM
2004-02-12,37.16,37.17,36.92,36.97,36.97,2058700,0.0,1.0,MMM
2004-02-11,36.87,37.19,36.86,37.16,37.16,2842000,0.0,1.0,MMM
2004-02-10,36.32,37.16,36.11,37.09,37.09,3347900,0.0,1.0,MMM
2004-02-09,36.43,36.63,36.17,36.25,36.25,2076800,0.0,1.0,MMM
2004-02-06,36.07,36.57,36.07,36.44,36.44,2718700,0.0,1.0,MMM
2004-02-05,36.11,36.29,35.93,36.07,36.07,2605400,0.0,1.0,MMM
2004-02-04,36.02,36.44,35.82,36.27,36.27,3458200,0.0,1.0,MMM
2004-02-03,35.61,36.19,35.43,36.02,36.02,3753000,0.0,1.0,MMM
2004-02-02,36.02,36.34,35.41,35.61,35.61,3959200,0.0,1.0,MMM
2004-01-30,36.16,36.23,35.8,36.11,36.11,3389700,0.0,1.0,MMM
2004-01-29,36.53,36.64,36.14,36.3,36.3,4690800,0.0,1.0,MMM
2004-01-28,37.55,37.73,36.32,36.52,36.52,4283400,0.0,1.0,MMM
2004-01-27,37.74,37.94,37.44,37.48,37.48,2877300,0.0,1.0,MMM
2004-01-26,37.42,37.73,37.39,37.65,37.65,2925700,0.0,1.0,MMM
2004-01-23,37.73,37.75,37.32,37.42,37.42,2633600,0.0,1.0,MMM
2004-01-22,37.43,37.78,37.32,37.49,37.49,3805400,0.0,1.0,MMM
2004-01-21,36.96,37.72,36.57,37.32,37.32,7712200,0.0,1.0,MMM
2004-01-20,39.35,39.35,36.57,36.71,36.71,9737300,0.0,1.0,MMM
2004-01-16,38.78,39.2,38.72,39.03,39.03,3635900,0.0,1.0,MMM
2004-01-15,38.21,38.59,37.94,38.49,38.49,2599600,0.0,1.0,MMM
2004-01-14,37.95,38.34,37.94,38.21,38.21,2088300,0.0,1.0,MMM
2004-01-13,37.92,38.1,37.67,37.84,37.84,2159700,0.0,1.0,MMM
2004-01-12,37.68,38.03,37.55,37.97,37.97,2841300,0.0,1.0,MMM
2004-01-09,37.6,37.98,37.45,37.62,37.62,3310600,0.0,1.0,MMM
2004-01-08,38.0,38.01,37.61,37.75,37.75,3489300,0.0,1.0,MMM
2004-01-07,38.4,38.46,37.76,38.0,38.0,4293600,0.0,1.0,MMM
2004-01-06,38.58,38.79,38.53,38.67,38.67,2983100,0.0,1.0,MMM
2004-01-05,38.16,38.81,38.04,38.79,38.79,2985200,0.0,1.0,MMM
2004-01-02,38.81,38.89,37.94,38.06,38.06,2591700,0.0,1.0,MMM
2003-12-31,38.57,38.84,38.53,38.82,38.82,1626300,0.0,1.0,MMM
2003-12-30,38.53,38.63,38.36,38.48,38.48,1459700,0.0,1.0,MMM
2003-12-29,38.4,38.62,38.15,38.58,38.58,2346300,0.0,1.0,MMM
2003-12-26,38.5,38.64,38.39,38.45,38.45,874200,0.0,1.0,MMM
2003-12-24,38.63,38.66,38.45,38.46,38.46,767400,0.0,1.0,MMM
2003-12-23,38.87,38.88,38.39,38.63,38.63,2447300,0.0,1.0,MMM
2003-12-22,38.52,38.99,38.51,38.92,38.92,2860200,0.0,1.0,MMM
2003-12-19,38.14,38.69,38.14,38.38,38.38,4551700,0.0,1.0,MMM
2003-12-18,38.12,38.12,37.85,38.09,38.09,2912200,0.0,1.0,MMM
2003-12-17,37.89,38.13,37.67,38.1,38.1,2022300,0.0,1.0,MMM
2003-12-16,37.44,37.95,37.44,37.88,37.88,2464600,0.0,1.0,MMM
2003-12-15,37.68,38.09,37.32,37.44,37.44,3560100,0.0,1.0,MMM
2003-12-12,37.24,37.48,36.89,37.19,37.19,2238600,0.0,1.0,MMM
2003-12-11,37.07,37.3,36.89,37.09,37.09,2675500,0.0,1.0,MMM
2003-12-10,37.48,37.49,36.83,36.95,36.95,2213900,0.0,1.0,MMM
2003-12-09,37.48,37.8,37.33,37.45,37.45,2831600,0.0,1.0,MMM
2003-12-08,36.89,37.43,36.86,37.41,37.41,2396300,0.0,1.0,MMM
2003-12-05,36.93,37.18,36.83,36.86,36.86,2030600,0.0,1.0,MMM
2003-12-04,36.85,37.15,36.82,37.12,37.12,2118800,0.0,1.0,MMM
2003-12-03,36.91,37.27,36.87,36.98,36.98,2901400,0.0,1.0,MMM
2003-12-02,37.15,37.2,36.88,36.96,36.96,2658800,0.0,1.0,MMM
2003-12-01,36.3,37.28,36.25,37.26,37.26,3392100,0.0,1.0,MMM
2003-11-28,35.91,36.18,35.86,36.09,36.09,710300,0.0,1.0,MMM
2003-11-26,36.27,36.3,35.91,36.19,36.19,1558500,0.0,1.0,MMM
2003-11-25,36.3,36.3,35.88,36.14,36.14,2139100,0.0,1.0,MMM
2003-11-24,35.59,36.36,35.53,36.32,36.32,2812400,0.0,1.0,MMM
2003-11-21,35.14,35.49,35.04,35.39,35.39,2050200,0.0,1.0,MMM
2003-11-20,34.74,35.37,34.7,35.06,35.06,2846000,0.0,1.0,MMM
2003-11-19,35.13,35.15,34.86,35.09,35.09,3187500,0.33,1.0,MMM
2003-11-18,35.54,35.79,35.03,35.1,35.1,2881500,0.0,1.0,MMM
2003-11-17,35.7,35.7,35.16,35.54,35.54,2495500,0.0,1.0,MMM
2003-11-14,36.32,36.44,35.55,35.7,35.7,2460400,0.0,1.0,MMM
2003-11-13,35.81,36.25,35.64,36.21,36.21,1929300,0.0,1.0,MMM
2003-11-12,35.69,35.91,35.49,35.87,35.87,2035800,0.0,1.0,MMM
2003-11-11,35.84,35.9,35.55,35.69,35.69,2248000,0.0,1.0,MMM
2003-11-10,35.93,36.03,35.75,35.84,35.84,1740400,0.0,1.0,MMM
2003-11-07,36.21,36.32,35.85,35.93,35.93,2107900,0.0,1.0,MMM
2003-11-06,35.69,36.25,35.69,36.19,36.19,2367600,0.0,1.0,MMM
2003-11-05,36.14,36.37,35.74,35.99,35.99,2727200,0.0,1.0,MMM
2003-11-04,35.75,36.27,35.68,36.14,36.14,2903000,0.0,1.0,MMM
2003-11-03,35.89,36.06,35.67,35.82,35.82,2807900,0.0,1.0,MMM
2003-10-31,35.49,36.05,35.47,35.85,35.85,3065000,0.0,1.0,MMM
2003-10-30,35.26,35.67,35.26,35.49,35.49,2576500,0.0,1.0,MMM
2003-10-29,35.12,35.39,34.87,35.26,35.26,2411300,0.0,1.0,MMM
2003-10-28,34.65,35.16,34.5,35.12,35.12,3359900,0.0,1.0,MMM
2003-10-27,34.4,34.61,34.34,34.43,34.43,2247900,0.0,1.0,MMM
2003-10-24,34.52,34.61,34.16,34.4,34.4,2162800,0.0,1.0,MMM
2003-10-23,34.47,34.61,34.22,34.52,34.52,2335300,0.0,1.0,MMM
2003-10-22,34.31,34.63,34.15,34.47,34.47,3724100,0.0,1.0,MMM
2003-10-21,34.54,34.57,34.22,34.32,34.32,3233700,0.0,1.0,MMM
2003-10-20,34.41,34.41,33.39,34.31,34.31,5653900,0.0,1.0,MMM
2003-10-17,33.5,33.7,33.32,33.66,33.66,3074500,0.0,1.0,MMM
2003-10-16,33.55,33.78,33.31,33.45,33.45,3149000,0.0,1.0,MMM
2003-10-15,33.98,33.99,33.42,33.5,33.5,2771500,0.0,1.0,MMM
2003-10-14,33.79,33.94,33.52,33.94,33.94,2112200,0.0,1.0,MMM
2003-10-13,33.89,34.03,33.7,33.88,33.88,1941100,0.0,1.0,MMM
2003-10-10,33.64,33.94,33.59,33.66,33.66,2845000,0.0,1.0,MMM
2003-10-09,33.37,33.77,33.3,33.7,33.7,3751700,0.0,1.0,MMM
2003-10-08,33.33,33.33,32.94,33.05,33.05,2040300,0.0,1.0,MMM
2003-10-07,33.11,33.33,32.96,33.32,33.32,2216000,0.0,1.0,MMM
2003-10-06,33.2,33.41,32.97,33.16,33.16,2782800,0.0,1.0,MMM
2003-10-03,33.25,33.66,33.15,33.2,33.2,5580200,0.0,1.0,MMM
2003-10-02,32.28,32.5,32.07,32.4,32.4,2874100,0.0,1.0,MMM
2003-10-01,31.79,32.25,31.73,32.23,32.23,4448900,0.0,1.0,MMM
2003-09-30,31.78,31.94,31.34,31.4,31.4,2600600,0.0,2.0,MMM
2003-09-29,32.55,32.55,31.82,31.94,31.94,17487400,0.0,1.0,MMM
2003-09-26,32.54,32.81,32.47,32.61,32.61,6336000,0.0,1.0,MMM
2003-09-25,32.08,32.32,32.05,32.19,32.19,3614600,0.0,1.0,MMM
2003-09-24,32.42,32.44,32.04,32.08,32.08,3189400,0.0,1.0,MMM
2003-09-23,32.28,32.5,32.26,32.45,32.45,2897600,0.0,1.0,MMM
2003-09-22,32.06,32.41,32.06,32.3,32.3,3975000,0.0,1.0,MMM
2003-09-19,32.24,32.49,31.95,32.27,32.27,5031400,0.0,1.0,MMM
2003-09-18,31.94,32.31,31.88,32.24,32.24,2997200,0.0,1.0,MMM
2003-09-17,32.01,32.17,31.87,31.88,31.88,3514400,0.0,1.0,MMM
2003-09-16,31.52,32.0,31.51,32.0,32.0,3249000,0.0,1.0,MMM
2003-09-15,31.49,31.62,31.24,31.46,31.46,3579400,0.0,1.0,MMM
2003-09-12,31.45,31.65,31.31,31.42,31.42,4366000,0.0,1.0,MMM
2003-09-11,31.06,31.74,31.06,31.57,31.57,4233800,0.0,1.0,MMM
2003-09-10,31.23,31.34,30.98,31.05,31.05,3919000,0.0,1.0,MMM
2003-09-09,31.28,31.66,31.21,31.23,31.23,4290400,0.0,1.0,MMM
2003-09-08,31.64,31.64,31.17,31.36,31.36,5128400,0.0,1.0,MMM
2003-09-05,31.7,31.75,31.28,31.52,31.52,5267000,0.0,1.0,MMM
2003-09-04,32.42,32.45,31.77,31.82,31.82,5643200,0.0,1.0,MMM
2003-09-03,31.86,32.46,31.8,32.41,32.41,5978400,0.0,1.0,MMM
2003-09-02,32.05,32.18,31.81,31.86,31.86,6536400,0.0,1.0,MMM
2003-08-29,32.33,32.44,32.19,32.38,32.38,2250600,0.0,1.0,MMM
2003-08-28,32.44,32.5,32.14,32.33,32.33,2768800,0.0,1.0,MMM
2003-08-27,32.7,32.75,32.49,32.49,32.49,2502800,0.0,1.0,MMM
2003-08-26,32.59,32.82,32.41,32.76,32.76,2360200,0.0,1.0,MMM
2003-08-25,32.66,32.71,32.48,32.59,32.59,2286600,0.0,1.0,MMM
2003-08-22,32.89,33.12,32.62,32.62,32.62,4036800,0.0,1.0,MMM
2003-08-21,32.74,33.05,32.73,32.89,32.89,3226800,0.0,1.0,MMM
2003-08-20,32.83,32.83,32.53,32.69,32.69,2944000,0.66,1.0,MMM
2003-08-19,32.66,32.73,32.4,32.68,32.68,3261400,0.0,1.0,MMM
2003-08-18,32.24,32.77,32.24,32.66,32.66,3627400,0.0,1.0,MMM
2003-08-15,32.32,32.32,31.99,32.28,32.28,2503600,0.0,1.0,MMM
2003-08-14,32.42,32.42,31.81,32.16,32.16,6521600,0.0,1.0,MMM
2003-08-13,32.58,32.77,32.58,32.69,32.69,5373000,0.0,1.0,MMM
2003-08-12,32.13,32.59,32.03,32.57,32.57,5247400,0.0,1.0,MMM
2003-08-11,31.66,32.11,31.59,32.11,32.11,5559800,0.0,1.0,MMM
2003-08-08,31.42,31.66,31.34,31.66,31.66,2708400,0.0,1.0,MMM
2003-08-07,31.21,31.46,31.17,31.42,31.42,3327600,0.0,1.0,MMM
2003-08-06,31.38,31.52,31.23,31.27,31.27,3449600,0.0,1.0,MMM
2003-08-05,31.66,31.75,31.4,31.44,31.44,3298000,0.0,1.0,MMM
2003-08-04,31.45,31.77,31.23,31.7,31.7,3579000,0.0,1.0,MMM
2003-08-01,31.54,31.73,31.43,31.45,31.45,3661400,0.0,1.0,MMM
2003-07-31,31.59,32.05,31.58,31.72,31.72,4318000,0.0,1.0,MMM
2003-07-30,31.58,31.66,31.37,31.54,31.54,3855200,0.0,1.0,MMM
2003-07-29,31.8,31.87,31.52,31.57,31.57,4026600,0.0,1.0,MMM
2003-07-28,31.86,31.96,31.73,31.9,31.9,5760400,0.0,1.0,MMM
2003-07-25,31.53,32.02,31.43,31.99,31.99,5304800,0.0,1.0,MMM
2003-07-24,31.45,31.69,31.37,31.53,31.53,6890600,0.0,1.0,MMM
2003-07-23,31.14,31.39,30.78,31.39,31.39,4040800,0.0,1.0,MMM
2003-07-22,30.85,31.17,30.6,31.14,31.14,7348600,0.0,1.0,MMM
2003-07-21,29.97,30.94,29.97,30.85,30.85,13116800,0.0,1.0,MMM
2003-07-18,29.07,29.45,28.86,29.45,29.45,6146200,0.0,1.0,MMM
2003-07-17,28.73,28.95,28.69,28.81,28.81,3848600,0.0,1.0,MMM
2003-07-16,29.01,29.04,28.72,28.87,28.87,2839800,0.0,1.0,MMM
2003-07-15,29.4,29.4,28.86,28.98,28.98,4260600,0.0,1.0,MMM
2003-07-14,29.49,29.63,29.1,29.18,29.18,3886200,0.0,1.0,MMM
2003-07-11,29.16,29.37,29.11,29.24,29.24,2292000,0.0,1.0,MMM
2003-07-10,29.19,29.38,29.08,29.16,29.16,3500400,0.0,1.0,MMM
2003-07-09,29.38,29.43,29.09,29.26,29.26,2872200,0.0,1.0,MMM
2003-07-08,29.38,29.47,29.05,29.37,29.37,3922000,0.0,1.0,MMM
2003-07-07,29.27,29.64,29.26,29.44,29.44,5117800,0.0,1.0,MMM
2003-07-03,29.19,29.3,28.96,29.05,29.05,2067600,0.0,1.0,MMM
2003-07-02,29.16,29.39,29.11,29.39,29.39,2362600,0.0,1.0,MMM
2003-07-01,29.18,29.18,28.74,29.16,29.16,3436200,0.0,1.0,MMM
2003-06-30,29.13,29.3,28.92,29.18,29.18,3609600,0.0,1.0,MMM
2003-06-27,29.47,29.49,29.02,29.1,29.1,2756400,0.0,1.0,MMM
2003-06-26,29.2,29.53,29.17,29.48,29.48,2862600,0.0,1.0,MMM
2003-06-25,29.4,29.69,29.19,29.26,29.26,3813000,0.0,1.0,MMM
2003-06-24,29.32,29.54,29.3,29.4,29.4,3020200,0.0,1.0,MMM
2003-06-23,29.59,29.59,29.2,29.32,29.32,3666200,0.0,1.0,MMM
2003-06-20,29.88,29.93,29.46,29.59,29.59,6912000,0.0,1.0,MMM
2003-06-19,29.81,30.3,29.6,29.73,29.73,6436600,0.0,1.0,MMM
2003-06-18,29.52,29.85,29.31,29.81,29.81,6107400,0.0,1.0,MMM
2003-06-17,29.52,29.52,29.19,29.43,29.43,3959600,0.0,1.0,MMM
2003-06-16,29.06,29.52,29.04,29.52,29.52,4161800,0.0,1.0,MMM
2003-06-13,29.07,29.1,28.85,28.92,28.92,3947800,0.0,1.0,MMM
2003-06-12,29.07,29.16,28.62,29.04,29.04,3433200,0.0,1.0,MMM
2003-06-11,28.52,28.95,28.51,28.95,28.95,2917800,0.0,1.0,MMM
2003-06-10,28.72,28.73,28.29,28.56,28.56,2985800,0.0,1.0,MMM
2003-06-09,28.6,28.84,28.3,28.56,28.56,2966400,0.0,1.0,MMM
2003-06-06,28.79,29.07,28.6,28.6,28.6,5573000,0.0,1.0,MMM
2003-06-05,28.47,28.67,28.17,28.43,28.43,3997600,0.0,1.0,MMM
2003-06-04,28.51,28.87,28.37,28.73,28.73,3890400,0.0,1.0,MMM
2003-06-03,28.3,28.59,28.28,28.55,28.55,3053000,0.0,1.0,MMM
2003-06-02,28.79,28.89,28.25,28.28,28.28,4307200,0.0,1.0,MMM
2003-05-30,28.06,28.62,28.04,28.61,28.61,5376000,0.0,1.0,MMM
2003-05-29,28.34,28.51,27.84,27.9,27.9,4450200,0.0,1.0,MMM
2003-05-28,28.68,28.68,28.18,28.28,28.28,4205600,0.0,1.0,MMM
2003-05-27,27.94,28.59,27.75,28.53,28.53,3930400,0.0,1.0,MMM
2003-05-23,28.29,28.29,27.92,27.94,27.94,2602400,0.0,1.0,MMM
2003-05-22,27.94,28.34,27.93,28.23,28.23,4662400,0.0,1.0,MMM
2003-05-21,28.08,28.16,27.72,27.89,27.89,4121600,0.66,1.0,MMM
2003-05-20,28.1,28.12,27.79,28.08,28.08,4507200,0.0,1.0,MMM
2003-05-19,28.18,28.24,27.89,27.9,27.9,3639200,0.0,1.0,MMM
2003-05-16,28.33,28.42,28.15,28.23,28.23,5100800,0.0,1.0,MMM
2003-05-15,27.73,28.35,27.73,28.32,28.32,5331400,0.0,1.0,MMM
2003-05-14,27.91,27.93,27.52,27.72,27.72,3886600,0.0,1.0,MMM
2003-05-13,27.81,28.02,27.66,27.79,27.79,3742200,0.0,1.0,MMM
2003-05-12,27.64,28.11,27.37,28.01,28.01,4550800,0.0,1.0,MMM
2003-05-09,27.74,27.85,27.57,27.64,27.64,5528000,0.0,1.0,MMM
2003-05-08,27.35,27.93,27.12,27.7,27.7,6604400,0.0,1.0,MMM
2003-05-07,27.64,27.64,27.24,27.35,27.35,6594800,0.0,1.0,MMM
2003-05-06,28.09,28.09,27.42,27.64,27.64,7668000,0.0,1.0,MMM
2003-05-05,28.36,28.48,27.94,28.09,28.09,3858600,0.0,1.0,MMM
2003-05-02,27.91,28.44,27.9,28.39,28.39,4067200,0.0,1.0,MMM
2003-05-01,28.37,28.37,27.95,28.11,28.11,4541000,0.0,1.0,MMM
2003-04-30,28.57,28.57,28.2,28.37,28.37,6427400,0.0,1.0,MMM
2003-04-29,28.54,28.72,28.37,28.57,28.57,4441800,0.0,1.0,MMM
2003-04-28,27.71,28.59,27.6,28.54,28.54,6930000,0.0,1.0,MMM
2003-04-25,28.17,28.3,27.59,27.66,27.66,7243400,0.0,1.0,MMM
2003-04-24,28.76,28.76,28.25,28.29,28.29,7519400,0.0,1.0,MMM
2003-04-23,29.17,29.18,28.7,28.76,28.76,5964400,0.0,1.0,MMM
2003-04-22,28.88,29.21,28.72,29.2,29.2,7232400,0.0,1.0,MMM
2003-04-21,29.26,29.52,29.09,29.22,29.22,6073400,0.0,1.0,MMM
2003-04-17,29.03,29.36,28.8,29.25,29.25,7316200,0.0,1.0,MMM
2003-04-16,30.08,30.08,28.84,29.03,29.03,10524600,0.0,1.0,MMM
2003-04-15,29.93,30.1,29.64,30.08,30.08,5021800,0.0,1.0,MMM
2003-04-14,29.91,30.1,29.69,29.99,29.99,4219600,0.0,1.0,MMM
2003-04-11,29.88,30.27,29.78,29.91,29.91,4490400,0.0,1.0,MMM
2003-04-10,29.62,30.0,29.6,29.88,29.88,3534800,0.0,1.0,MMM
2003-04-09,30.04,30.32,29.61,29.62,29.62,4636600,0.0,1.0,MMM
2003-04-08,29.84,30.13,29.75,30.04,30.04,4860200,0.0,1.0,MMM
2003-04-07,30.37,30.78,29.77,29.83,29.83,7657200,0.0,1.0,MMM
2003-04-04,30.13,30.29,29.84,30.15,30.15,5309200,0.0,1.0,MMM
2003-04-03,30.08,30.36,29.96,30.12,30.12,4681000,0.0,1.0,MMM
2003-04-02,29.77,30.27,29.76,30.08,30.08,5502200,0.0,1.0,MMM
2003-04-01,29.27,29.63,29.17,29.45,29.45,5949800,0.0,1.0,MMM
2003-03-31,28.78,29.48,28.78,29.26,29.26,5498800,0.0,1.0,MMM
2003-03-28,29.64,29.68,29.28,29.37,29.37,3907800,0.0,1.0,MMM
2003-03-27,29.39,29.84,29.23,29.64,29.64,4418600,0.0,1.0,MMM
2003-03-26,29.77,29.8,29.44,29.64,29.64,4827200,0.0,1.0,MMM
2003-03-25,29.39,30.02,29.32,29.77,29.77,6462400,0.0,1.0,MMM
2003-03-24,29.73,29.84,29.32,29.39,29.39,7008000,0.0,1.0,MMM
2003-03-21,29.59,30.38,29.39,30.25,30.25,9234600,0.0,1.0,MMM
2003-03-20,29.19,29.53,28.76,29.39,29.39,7166800,0.0,1.0,MMM
2003-03-19,29.26,29.26,28.81,29.19,29.19,5885200,0.0,1.0,MMM
2003-03-18,28.92,29.26,28.87,29.26,29.26,6156400,0.0,1.0,MMM
2003-03-17,28.2,29.19,28.02,29.14,29.14,7795200,0.0,1.0,MMM
2003-03-14,28.29,28.51,28.06,28.27,28.27,5838400,0.0,1.0,MMM
2003-03-13,27.68,28.24,27.57,28.22,28.22,6831800,0.0,1.0,MMM
2003-03-12,27.28,27.39,26.89,27.34,27.34,5866200,0.0,1.0,MMM
2003-03-11,27.39,27.64,27.23,27.23,27.23,4989400,0.0,1.0,MMM
2003-03-10,27.82,27.91,27.34,27.39,27.39,4439000,0.0,1.0,MMM
2003-03-07,27.68,28.11,27.52,28.02,28.02,5674600,0.0,1.0,MMM
2003-03-06,28.11,28.15,27.68,27.79,27.79,4685000,0.0,1.0,MMM
2003-03-05,27.88,28.15,27.73,28.15,28.15,4691400,0.0,1.0,MMM
2003-03-04,28.11,28.15,27.73,27.84,27.84,4286200,0.0,1.0,MMM
2003-03-03,28.33,28.58,28.09,28.09,28.09,3150400,0.0,1.0,MMM
2003-02-28,28.45,28.6,27.97,28.22,28.22,4763600,0.0,1.0,MMM
2003-02-27,28.27,28.51,28.09,28.4,28.4,4367400,0.0,1.0,MMM
2003-02-26,28.29,28.36,28.04,28.09,28.09,3870000,0.0,1.0,MMM
2003-02-25,28.13,28.29,27.7,28.29,28.29,5993600,0.0,1.0,MMM
2003-02-24,28.56,28.56,28.09,28.13,28.13,3945000,0.0,1.0,MMM
2003-02-21,28.24,28.56,28.06,28.56,28.56,5295200,0.0,1.0,MMM
2003-02-20,28.36,28.38,28.02,28.11,28.11,3551200,0.0,1.0,MMM
2003-02-19,28.49,28.51,28.09,28.33,28.33,3434400,0.66,1.0,MMM
2003-02-18,28.01,28.54,28.01,28.34,28.34,5251800,0.0,1.0,MMM
2003-02-14,27.58,28.01,27.38,28.01,28.01,6224000,0.0,1.0,MMM
2003-02-13,27.43,27.58,26.93,27.4,27.4,5132000,0.0,1.0,MMM
2003-02-12,27.65,27.78,27.36,27.38,27.38,3754000,0.0,1.0,MMM
2003-02-11,27.87,27.98,27.54,27.56,27.56,3663000,0.0,1.0,MMM
2003-02-10,27.43,27.76,27.25,27.69,27.69,3698600,0.0,1.0,MMM
2003-02-07,27.65,27.74,27.34,27.43,27.43,3598600,0.0,1.0,MMM
2003-02-06,27.63,27.74,27.4,27.54,27.54,3813000,0.0,1.0,MMM
2003-02-05,27.76,28.01,27.54,27.56,27.56,4242800,0.0,1.0,MMM
2003-02-04,27.83,27.87,27.43,27.56,27.56,5291400,0.0,1.0,MMM
2003-02-03,28.12,28.21,27.87,27.98,27.98,5096000,0.0,1.0,MMM
2003-01-31,27.69,28.3,27.67,27.9,27.9,5861800,0.0,1.0,MMM
2003-01-30,28.3,28.41,27.74,27.74,27.74,5023800,0.0,1.0,MMM
2003-01-29,28.05,28.23,27.96,28.16,28.16,4736000,0.0,1.0,MMM
2003-01-28,28.05,28.23,27.96,28.16,28.16,3648200,0.0,1.0,MMM
2003-01-27,28.19,28.48,28.01,28.01,28.01,4903400,0.0,1.0,MMM
2003-01-24,28.72,28.79,28.28,28.3,28.3,4780000,0.0,1.0,MMM
2003-01-23,28.54,28.9,28.46,28.88,28.88,5275200,0.0,1.0,MMM
2003-01-22,28.14,28.68,28.14,28.54,28.54,6220800,0.0,1.0,MMM
2003-01-21,28.41,28.48,28.05,28.12,28.12,4441400,0.0,1.0,MMM
2003-01-17,28.12,28.32,28.03,28.28,28.28,4052600,0.0,1.0,MMM
2003-01-16,28.59,28.66,28.25,28.37,28.37,3131600,0.0,1.0,MMM
2003-01-15,28.66,28.72,28.28,28.43,28.43,3286200,0.0,1.0,MMM
2003-01-14,28.37,28.71,28.29,28.65,28.65,4068200,0.0,1.0,MMM
2003-01-13,28.34,28.66,28.1,28.32,28.32,3172800,0.0,1.0,MMM
2003-01-10,28.3,28.52,28.19,28.34,28.34,3984000,0.0,1.0,MMM
2003-01-09,28.21,28.61,28.12,28.59,28.59,3804000,0.0,1.0,MMM
2003-01-08,28.39,28.39,28.03,28.14,28.14,4605600,0.0,1.0,MMM
2003-01-07,28.28,28.63,28.28,28.46,28.46,4320600,0.0,1.0,MMM
2003-01-06,28.14,28.52,28.1,28.48,28.48,3824600,0.0,1.0,MMM
2003-01-03,28.28,28.37,28.14,28.28,28.28,2754400,0.0,1.0,MMM
2003-01-02,27.6,28.39,27.56,28.39,28.39,4358200,0.0,1.0,MMM
2002-12-31,27.58,27.63,27.22,27.6,27.6,3104200,0.0,1.0,MMM
2002-12-30,27.18,27.65,27.09,27.54,27.54,3033200,0.0,1.0,MMM
2002-12-27,27.58,27.63,27.16,27.16,27.16,2322200,0.0,1.0,MMM
2002-12-26,27.63,28.03,27.47,27.58,27.58,2062000,0.0,1.0,MMM
2002-12-24,27.58,27.78,27.58,27.63,27.63,1021800,0.0,1.0,MMM
2002-12-23,27.74,27.83,27.54,27.67,27.67,2425000,0.0,1.0,MMM
2002-12-20,27.13,27.85,27.11,27.78,27.78,6973000,0.0,1.0,MMM
2002-12-19,27.0,27.38,26.93,26.93,26.93,5632400,0.0,1.0,MMM
2002-12-18,27.03,27.18,26.86,27.06,27.06,4440000,0.0,1.0,MMM
2002-12-17,27.65,27.67,27.18,27.2,27.2,4177800,0.0,1.0,MMM
2002-12-16,27.29,27.69,27.29,27.69,27.69,4889800,0.0,1.0,MMM
2002-12-13,27.6,27.6,27.2,27.27,27.27,3490800,0.0,1.0,MMM
2002-12-12,28.05,28.05,27.65,27.69,27.69,3134200,0.0,1.0,MMM
2002-12-11,28.01,28.14,27.76,27.92,27.92,3180200,0.0,1.0,MMM
2002-12-10,27.85,28.05,27.63,28.01,28.01,3715400,0.0,1.0,MMM
2002-12-09,28.23,28.25,27.76,27.78,27.78,3277800,0.0,1.0,MMM
2002-12-06,27.98,28.34,27.9,28.23,28.23,3184200,0.0,1.0,MMM
2002-12-05,28.7,28.79,28.12,28.19,28.19,3771400,0.0,1.0,MMM
2002-12-04,28.66,28.86,28.46,28.66,28.66,3522600,0.0,1.0,MMM
2002-12-03,28.57,28.9,28.57,28.7,28.7,3117000,0.0,1.0,MMM
2002-12-02,29.17,29.22,28.41,28.75,28.75,4538400,0.0,1.0,MMM
2002-11-29,28.99,29.13,28.86,29.08,29.08,1588000,0.0,1.0,MMM
2002-11-27,28.41,29.06,28.25,29.01,29.01,4127000,0.0,1.0,MMM
2002-11-26,28.39,28.63,28.07,28.07,28.07,5330800,0.0,1.0,MMM
2002-11-25,28.9,29.19,28.61,28.81,28.81,4967800,0.0,1.0,MMM
2002-11-22,29.33,29.46,28.97,29.04,29.04,4577000,0.0,1.0,MMM
2002-11-21,28.81,29.33,28.79,29.33,29.33,6488600,0.0,1.0,MMM
2002-11-20,28.54,28.81,28.37,28.81,28.81,3757400,0.62,1.0,MMM
2002-11-19,28.45,28.72,28.25,28.52,28.52,3734600,0.0,1.0,MMM
2002-11-18,28.85,29.01,28.34,28.41,28.41,4322400,0.0,1.0,MMM
2002-11-15,28.74,28.85,28.54,28.85,28.85,7480800,0.0,1.0,MMM
2002-11-14,28.74,29.05,28.74,28.96,28.96,6005800,0.0,1.0,MMM
2002-11-13,28.25,28.81,28.23,28.68,28.68,4947400,0.0,1.0,MMM
2002-11-12,28.21,28.83,28.21,28.47,28.47,5242800,0.0,1.0,MMM
2002-11-11,28.59,28.59,28.1,28.16,28.16,3246400,0.0,1.0,MMM
2002-11-08,28.61,28.81,28.36,28.59,28.59,4199600,0.0,1.0,MMM
2002-11-07,29.08,29.08,28.52,28.65,28.65,3916000,0.0,1.0,MMM
2002-11-06,28.74,29.14,28.43,29.08,29.08,4764800,0.0,1.0,MMM
2002-11-05,28.61,28.81,28.45,28.7,28.7,3343800,0.0,1.0,MMM
2002-11-04,28.76,29.17,28.54,28.59,28.59,6080600,0.0,1.0,MMM
2002-11-01,28.23,28.65,27.98,28.54,28.54,3834400,0.0,1.0,MMM
2002-10-31,28.36,28.52,28.03,28.27,28.27,3923400,0.0,1.0,MMM
2002-10-30,28.03,28.47,27.85,28.36,28.36,4005000,0.0,1.0,MMM
2002-10-29,27.85,28.1,27.41,28.03,28.03,5026800,0.0,1.0,MMM
2002-10-28,28.59,28.7,27.85,27.94,27.94,4039000,0.0,1.0,MMM
2002-10-25,27.92,28.47,27.83,28.45,28.45,4409600,0.0,1.0,MMM
2002-10-24,28.92,28.92,27.9,28.01,28.01,6542600,0.0,1.0,MMM
2002-10-23,28.47,28.88,28.32,28.83,28.83,5557400,0.0,1.0,MMM
2002-10-22,28.74,28.74,28.1,28.7,28.7,6616400,0.0,1.0,MMM
2002-10-21,27.88,28.74,27.5,28.74,28.74,8997000,0.0,1.0,MMM
2002-10-18,27.63,27.96,27.47,27.92,27.92,4869600,0.0,1.0,MMM
2002-10-17,27.92,28.18,27.65,27.87,27.87,5205400,0.0,1.0,MMM
2002-10-16,27.85,27.85,27.32,27.47,27.47,6082600,0.0,1.0,MMM
2002-10-15,27.18,27.92,27.18,27.92,27.92,7960000,0.0,1.0,MMM
2002-10-14,26.71,27.16,26.65,26.96,26.96,4810200,0.0,1.0,MMM
2002-10-11,26.2,26.87,26.2,26.87,26.87,7082800,0.0,1.0,MMM
2002-10-10,25.02,26.07,24.93,25.98,25.98,7862200,0.0,1.0,MMM
2002-10-09,25.13,25.49,24.82,25.02,25.02,8268000,0.0,1.0,MMM
2002-10-08,25.02,25.73,24.71,25.36,25.36,9842000,0.0,1.0,MMM
2002-10-07,25.51,25.85,24.71,24.71,24.71,7135200,0.0,1.0,MMM
2002-10-04,25.62,25.89,25.13,25.51,25.51,6564800,0.0,1.0,MMM
2002-10-03,25.51,26.14,25.31,25.62,25.62,6002800,0.0,1.0,MMM
2002-10-02,25.91,25.91,25.47,25.51,25.51,7531600,0.0,1.0,MMM
2002-10-01,24.69,25.98,24.69,25.91,25.91,8194000,0.0,1.0,MMM
2002-09-30,25.09,25.09,24.17,24.51,24.51,9548800,0.0,1.0,MMM
2002-09-27,25.8,25.8,24.91,25.09,25.09,6098200,0.0,1.0,MMM
2002-09-26,25.24,25.93,25.24,25.8,25.8,10742200,0.0,1.0,MMM
2002-09-25,25.51,25.6,24.89,25.24,25.24,10163400,0.0,1.0,MMM
2002-09-24,25.85,26.09,25.13,25.2,25.2,7701400,0.0,1.0,MMM
2002-09-23,26.27,26.4,25.85,26.18,26.18,4712400,0.0,1.0,MMM
2002-09-20,26.34,26.74,26.16,26.63,26.63,7759400,0.0,1.0,MMM
2002-09-19,26.02,26.74,26.0,26.11,26.11,6402000,0.0,1.0,MMM
2002-09-18,26.0,26.67,25.76,26.38,26.38,5877000,0.0,1.0,MMM
2002-09-17,26.54,26.87,25.87,26.0,26.0,5560800,0.0,1.0,MMM
2002-09-16,26.76,26.8,26.42,26.54,26.54,4202400,0.0,1.0,MMM
2002-09-13,27.25,27.25,26.54,26.69,26.69,6484200,0.0,1.0,MMM
2002-09-12,27.56,27.56,27.18,27.25,27.25,4624400,0.0,1.0,MMM
2002-09-11,28.34,28.34,27.56,27.61,27.61,3480400,0.0,1.0,MMM
2002-09-10,27.65,27.92,27.45,27.9,27.9,3130000,0.0,1.0,MMM
2002-09-09,27.27,27.72,27.07,27.65,27.65,2770400,0.0,1.0,MMM
2002-09-06,26.98,27.52,26.98,27.32,27.32,2982400,0.0,1.0,MMM
2002-09-05,26.51,27.05,26.38,26.89,26.89,4726000,0.0,1.0,MMM
2002-09-04,26.76,27.05,26.36,26.89,26.89,5602200,0.0,1.0,MMM
2002-09-03,27.56,27.58,26.71,26.74,26.74,5086600,0.0,1.0,MMM
2002-08-30,27.76,28.14,27.69,27.85,27.85,2891400,0.0,1.0,MMM
2002-08-29,27.67,28.03,27.49,27.78,27.78,3817400,0.0,1.0,MMM
2002-08-28,28.12,28.18,27.72,27.85,27.85,3087000,0.0,1.0,MMM
2002-08-27,28.63,28.72,28.1,28.27,28.27,3979000,0.0,1.0,MMM
2002-08-26,28.18,28.45,27.85,28.36,28.36,2829600,0.0,1.0,MMM
2002-08-23,28.07,28.5,27.96,28.14,28.14,3203000,0.0,1.0,MMM
2002-08-22,28.63,28.7,28.03,28.34,28.34,4742800,0.0,1.0,MMM
2002-08-21,28.74,28.85,28.32,28.7,28.7,4123800,0.62,1.0,MMM
2002-08-20,28.49,28.67,28.23,28.58,28.58,4478600,0.0,1.0,MMM
2002-08-19,28.01,28.69,27.96,28.67,28.67,4467200,0.0,1.0,MMM
2002-08-16,28.07,28.32,27.78,28.07,28.07,4568200,0.0,1.0,MMM
2002-08-15,28.05,28.38,27.74,28.12,28.12,6212200,0.0,1.0,MMM
2002-08-14,27.5,28.09,26.83,28.05,28.05,8334000,0.0,1.0,MMM
2002-08-13,27.72,28.14,27.41,27.5,27.5,6027600,0.0,1.0,MMM
2002-08-12,27.72,27.94,27.32,27.85,27.85,4786400,0.0,1.0,MMM
2002-08-09,27.83,28.18,27.52,27.98,27.98,4169600,0.0,1.0,MMM
2002-08-08,27.12,28.01,27.07,27.98,27.98,5526200,0.0,1.0,MMM
2002-08-07,27.27,27.56,26.59,27.45,27.45,6282800,0.0,1.0,MMM
2002-08-06,26.25,27.3,26.05,26.9,26.9,7741800,0.0,1.0,MMM
2002-08-05,26.4,26.56,25.83,25.88,25.88,4950400,0.0,1.0,MMM
2002-08-02,26.96,27.27,26.14,26.59,26.59,6358800,0.0,1.0,MMM
2002-08-01,27.78,27.85,27.01,27.07,27.07,5790200,0.0,1.0,MMM
2002-07-31,27.61,27.96,27.23,27.89,27.89,7425600,0.0,1.0,MMM
2002-07-30,28.07,28.29,27.38,27.83,27.83,7853000,0.0,1.0,MMM
2002-07-29,26.99,28.16,26.96,28.09,28.09,6632800,0.0,1.0,MMM
2002-07-26,26.61,26.94,26.39,26.81,26.81,5789000,0.0,1.0,MMM
2002-07-25,26.5,27.05,25.83,26.61,26.61,10389800,0.0,1.0,MMM
2002-07-24,24.79,26.61,24.55,26.54,26.54,11071000,0.0,1.0,MMM
2002-07-23,24.61,25.23,24.41,24.79,24.79,10135000,0.0,1.0,MMM
2002-07-22,24.35,25.1,23.99,24.17,24.17,12608600,0.0,1.0,MMM
2002-07-19,25.88,25.88,24.15,24.15,24.15,9727000,0.0,1.0,MMM
2002-07-18,26.03,26.25,25.72,25.88,25.88,6325400,0.0,1.0,MMM
2002-07-17,26.12,26.28,25.63,26.05,26.05,5661200,0.0,1.0,MMM
2002-07-16,26.05,26.36,25.5,25.7,25.7,6432000,0.0,1.0,MMM
2002-07-15,26.59,26.59,25.48,26.36,26.36,9856600,0.0,1.0,MMM
2002-07-12,27.14,27.36,26.63,26.81,26.81,6010800,0.0,1.0,MMM
2002-07-11,27.1,27.5,26.68,26.92,26.92,7696600,0.0,1.0,MMM
2002-07-10,28.38,28.49,27.5,27.5,27.5,6210600,0.0,1.0,MMM
2002-07-09,28.65,28.85,28.32,28.38,28.38,4564600,0.0,1.0,MMM
2002-07-08,28.74,28.83,28.47,28.65,28.65,4487600,0.0,1.0,MMM
2002-07-05,28.27,28.8,28.07,28.8,28.8,1833000,0.0,1.0,MMM
2002-07-03,27.89,28.16,27.3,27.96,27.96,4477400,0.0,1.0,MMM
2002-07-02,28.25,28.27,27.81,27.89,27.89,5736600,0.0,1.0,MMM
2002-07-01,27.89,28.54,27.83,28.25,28.25,7480800,0.0,1.0,MMM
2002-06-28,27.54,27.76,27.27,27.27,27.27,4014400,0.0,1.0,MMM
2002-06-27,27.19,27.76,27.03,27.76,27.76,3947200,0.0,1.0,MMM
2002-06-26,26.79,27.25,26.48,27.14,27.14,4717400,0.0,1.0,MMM
2002-06-25,27.72,27.92,27.14,27.19,27.19,3504400,0.0,1.0,MMM
2002-06-24,27.5,27.72,27.1,27.52,27.52,4076200,0.0,1.0,MMM
2002-06-21,27.87,28.16,27.38,27.5,27.5,5587400,0.0,1.0,MMM
2002-06-20,28.25,28.58,28.03,28.12,28.12,3165800,0.0,1.0,MMM
2002-06-19,28.38,28.74,28.23,28.34,28.34,3921000,0.0,1.0,MMM
2002-06-18,28.25,28.49,28.07,28.49,28.49,2182600,0.0,1.0,MMM
2002-06-17,27.94,28.21,27.74,28.18,28.18,2909800,0.0,1.0,MMM
2002-06-14,27.72,27.98,27.25,27.96,27.96,4126800,0.0,1.0,MMM
2002-06-13,28.23,28.27,27.74,27.89,27.89,2358800,0.0,1.0,MMM
2002-06-12,27.78,28.29,27.58,28.29,28.29,3430200,0.0,1.0,MMM
2002-06-11,27.94,28.27,27.78,27.83,27.83,3389200,0.0,1.0,MMM
2002-06-10,27.58,28.03,27.5,27.94,27.94,2967400,0.0,1.0,MMM
2002-06-07,27.03,27.67,27.03,27.58,27.58,2961200,0.0,1.0,MMM
2002-06-06,27.94,27.96,27.34,27.41,27.41,3202000,0.0,1.0,MMM
2002-06-05,27.72,28.09,27.67,27.87,27.87,2892800,0.0,1.0,MMM
2002-06-04,27.61,27.76,27.43,27.74,27.74,3229000,0.0,1.0,MMM
2002-06-03,27.76,28.05,27.5,27.61,27.61,3623600,0.0,1.0,MMM
2002-05-31,27.85,28.16,27.81,27.81,27.81,2961400,0.0,1.0,MMM
2002-05-30,27.72,28.03,27.67,27.74,27.74,3245600,0.0,1.0,MMM
2002-05-29,28.27,28.38,27.72,27.72,27.72,4740000,0.0,1.0,MMM
2002-05-28,28.6,28.65,28.12,28.12,28.12,2714800,0.0,1.0,MMM
2002-05-24,28.63,28.69,28.36,28.38,28.38,2980600,0.0,1.0,MMM
2002-05-23,28.49,28.65,28.34,28.49,28.49,6152400,0.0,1.0,MMM
2002-05-22,28.16,28.38,27.98,28.27,28.27,2089400,0.62,1.0,MMM
2002-05-21,28.31,28.51,27.96,28.02,28.02,2843400,0.0,1.0,MMM
2002-05-20,28.64,28.64,28.2,28.29,28.29,2666600,0.0,1.0,MMM
2002-05-17,28.47,28.71,28.38,28.71,28.71,2933200,0.0,1.0,MMM
2002-05-16,28.58,28.82,28.4,28.55,28.55,2618800,0.0,1.0,MMM
2002-05-15,28.58,28.71,28.42,28.58,28.58,3493400,0.0,1.0,MMM
2002-05-14,28.51,28.69,28.25,28.69,28.69,4717800,0.0,1.0,MMM
2002-05-13,28.02,28.42,27.89,28.36,28.36,3922800,0.0,1.0,MMM
2002-05-10,27.89,28.25,27.89,28.0,28.0,4127800,0.0,1.0,MMM
2002-05-09,27.78,28.07,27.76,27.87,27.87,3004200,0.0,1.0,MMM
2002-05-08,27.72,28.07,27.72,27.85,27.85,3936000,0.0,1.0,MMM
2002-05-07,27.36,27.78,27.21,27.43,27.43,4415000,0.0,1.0,MMM
2002-05-06,27.83,28.02,27.41,27.41,27.41,3217800,0.0,1.0,MMM
2002-05-03,27.85,28.02,27.61,28.02,28.02,3572200,0.0,1.0,MMM
2002-05-02,27.8,28.11,27.8,28.07,28.07,3714600,0.0,1.0,MMM
2002-05-01,27.76,27.98,27.14,27.8,27.8,3874200,0.0,1.0,MMM
2002-04-30,27.05,27.91,27.05,27.76,27.76,3116000,0.0,1.0,MMM
2002-04-29,27.3,27.45,27.03,27.05,27.05,3056400,0.0,1.0,MMM
2002-04-26,28.02,28.05,27.43,27.45,27.45,3666600,0.0,1.0,MMM
2002-04-25,27.58,28.02,27.56,28.02,28.02,3454600,0.0,1.0,MMM
2002-04-24,27.41,28.0,27.36,27.69,27.69,4755800,0.0,1.0,MMM
2002-04-23,27.54,27.69,27.27,27.43,27.43,3782200,0.0,1.0,MMM
2002-04-22,27.63,28.27,27.23,27.58,27.58,7387800,0.0,1.0,MMM
2002-04-19,27.43,27.58,27.12,27.56,27.56,2415200,0.0,1.0,MMM
2002-04-18,27.23,27.43,26.97,27.3,27.3,2331600,0.0,1.0,MMM
2002-04-17,27.36,27.58,27.08,27.25,27.25,2379600,0.0,1.0,MMM
2002-04-16,27.03,27.56,27.03,27.45,27.45,3754000,0.0,1.0,MMM
2002-04-15,27.1,27.27,26.79,26.83,26.83,2929800,0.0,1.0,MMM
2002-04-12,27.47,27.47,26.9,26.97,26.97,3803600,0.0,1.0,MMM
2002-04-11,27.61,27.76,27.27,27.32,27.32,5051600,0.0,1.0,MMM
2002-04-10,27.38,27.69,27.16,27.61,27.61,5183000,0.0,1.0,MMM
2002-04-09,27.27,27.65,27.12,27.56,27.56,5830400,0.0,1.0,MMM
2002-04-08,26.68,27.36,26.66,27.27,27.27,5231600,0.0,1.0,MMM
2002-04-05,26.57,26.92,26.26,26.9,26.9,15237200,0.0,1.0,MMM
2002-04-04,24.96,25.33,24.87,25.18,25.18,3048600,0.0,1.0,MMM
2002-04-03,25.02,25.2,24.78,24.91,24.91,3654000,0.0,1.0,MMM
2002-04-02,25.44,25.55,25.09,25.38,25.38,2408400,0.0,1.0,MMM
2002-04-01,25.51,25.51,25.0,25.44,25.44,2370000,0.0,1.0,MMM
2002-03-28,25.58,25.69,24.91,25.38,25.38,4141000,0.0,1.0,MMM
2002-03-27,26.02,26.02,25.66,25.82,25.82,2440800,0.0,1.0,MMM
2002-03-26,25.51,25.88,25.51,25.75,25.75,2819800,0.0,1.0,MMM
2002-03-25,25.8,25.84,25.46,25.53,25.53,2450000,0.0,1.0,MMM
2002-03-22,26.04,26.04,25.53,25.69,25.69,3768600,0.0,1.0,MMM
2002-03-21,26.52,26.52,25.82,26.1,26.1,2802000,0.0,1.0,MMM
2002-03-20,26.83,26.83,26.46,26.46,26.46,2752600,0.0,1.0,MMM
2002-03-19,27.05,27.14,26.81,26.85,26.85,3806200,0.0,1.0,MMM
2002-03-18,27.03,27.05,26.79,26.97,26.97,2578800,0.0,1.0,MMM
2002-03-15,26.63,26.83,26.48,26.79,26.79,5668200,0.0,1.0,MMM
2002-03-14,26.7,26.7,26.33,26.61,26.61,3033800,0.0,1.0,MMM
2002-03-13,26.79,26.92,26.37,26.37,26.37,3308400,0.0,1.0,MMM
2002-03-12,27.03,27.03,26.26,26.77,26.77,3821200,0.0,1.0,MMM
2002-03-11,26.7,26.7,26.39,26.59,26.59,3187600,0.0,1.0,MMM
2002-03-08,26.79,27.1,26.57,26.81,26.81,3139200,0.0,1.0,MMM
2002-03-07,26.77,26.79,26.35,26.72,26.72,3769600,0.0,1.0,MMM
2002-03-06,26.68,26.92,26.66,26.83,26.83,3747000,0.0,1.0,MMM
2002-03-05,26.85,27.3,26.44,26.52,26.52,4847400,0.0,1.0,MMM
2002-03-04,26.48,27.25,26.33,27.14,27.14,5199600,0.0,1.0,MMM
2002-03-01,25.86,26.7,25.86,26.55,26.55,3850200,0.0,1.0,MMM
2002-02-28,26.28,26.41,25.99,26.02,26.02,3455800,0.0,1.0,MMM
2002-02-27,26.37,26.57,26.13,26.26,26.26,4093400,0.0,1.0,MMM
2002-02-26,26.46,26.52,26.04,26.33,26.33,5105600,0.0,1.0,MMM
2002-02-25,26.26,26.66,26.08,26.59,26.59,5658200,0.0,1.0,MMM
2002-02-22,25.6,26.33,25.6,26.26,26.26,4747200,0.0,1.0,MMM
2002-02-21,25.88,26.15,25.6,25.6,25.6,4535000,0.0,1.0,MMM
2002-02-20,25.97,25.97,25.07,25.84,25.84,3624000,0.62,1.0,MMM
2002-02-19,25.35,25.4,24.98,25.02,25.02,3964400,0.0,1.0,MMM
2002-02-15,25.84,25.84,25.29,25.35,25.35,4486600,0.0,1.0,MMM
2002-02-14,25.46,25.7,25.24,25.66,25.66,3168200,0.0,1.0,MMM
2002-02-13,25.18,25.68,25.18,25.42,25.42,2968000,0.0,1.0,MMM
2002-02-12,25.02,25.24,24.87,25.07,25.07,2706600,0.0,1.0,MMM
2002-02-11,24.26,25.09,24.26,25.02,25.02,4416600,0.0,1.0,MMM
2002-02-08,23.95,24.47,23.71,24.41,24.41,7498400,0.0,1.0,MMM
2002-02-07,24.21,24.43,23.95,24.04,24.04,2598200,0.0,1.0,MMM
2002-02-06,23.99,24.26,23.84,24.08,24.08,3949800,0.0,1.0,MMM
2002-02-05,24.12,24.32,23.73,23.86,23.86,4725800,0.0,1.0,MMM
2002-02-04,24.72,24.72,24.04,24.04,24.04,3363800,0.0,1.0,MMM
2002-02-01,24.89,24.89,24.26,24.87,24.87,4746200,0.0,1.0,MMM
2002-01-31,24.12,24.8,24.08,24.36,24.36,4525600,0.0,1.0,MMM
2002-01-30,23.68,24.21,23.16,24.12,24.12,7653800,0.0,1.0,MMM
2002-01-29,24.26,24.41,23.77,23.86,23.86,3756800,0.0,1.0,MMM
2002-01-28,24.36,24.36,24.04,24.26,24.26,3059800,0.0,1.0,MMM
2002-01-25,23.99,24.69,23.86,24.41,24.41,5438000,0.0,1.0,MMM
2002-01-24,23.55,24.17,23.55,24.04,24.04,4580200,0.0,1.0,MMM
2002-01-23,23.75,23.75,23.05,23.6,23.6,4060800,0.0,1.0,MMM
2002-01-22,23.64,23.88,23.25,23.36,23.36,4692200,0.0,1.0,MMM
2002-01-18,22.94,23.71,22.74,23.44,23.44,8667600,0.0,1.0,MMM
2002-01-17,22.98,23.03,21.95,22.94,22.94,15854000,0.0,1.0,MMM
2002-01-16,23.82,23.82,21.99,22.76,22.76,22779600,0.0,1.0,MMM
2002-01-15,24.54,24.67,23.95,24.04,24.04,5943800,0.0,1.0,MMM
2002-01-14,24.98,25.05,24.45,24.54,24.54,5101800,0.0,1.0,MMM
2002-01-11,24.85,25.13,24.69,24.98,24.98,4191400,0.0,1.0,MMM
2002-01-10,25.02,25.18,24.39,24.85,24.85,6459600,0.0,1.0,MMM
2002-01-09,25.31,25.7,25.11,25.18,25.18,3140800,0.0,1.0,MMM
2002-01-08,25.44,25.48,25.13,25.26,25.26,3065800,0.0,1.0,MMM
2002-01-07,25.68,25.84,25.35,25.4,25.4,3521000,0.0,1.0,MMM
2002-01-04,25.9,25.9,25.57,25.7,25.7,4065400,0.0,1.0,MMM
2002-01-03,25.79,25.79,25.57,25.64,25.64,3695800,0.0,1.0,MMM
2002-01-02,25.68,25.9,25.51,25.7,25.7,4287000,0.0,1.0,MMM
2001-12-31,26.32,26.32,25.95,25.95,25.95,3447800,0.0,1.0,MMM
2001-12-28,26.34,26.38,26.19,26.32,26.32,2044200,0.0,1.0,MMM
2001-12-27,26.49,26.6,26.25,26.38,26.38,1653000,0.0,1.0,MMM
2001-12-26,26.21,26.76,26.16,26.47,26.47,2089400,0.0,1.0,MMM
2001-12-24,26.16,26.32,26.08,26.21,26.21,929600,0.0,1.0,MMM
2001-12-21,26.01,26.21,25.88,26.16,26.16,4210000,0.0,1.0,MMM
2001-12-20,26.27,26.3,25.95,26.01,26.01,3302000,0.0,1.0,MMM
2001-12-19,25.99,26.32,25.92,26.3,26.3,2367200,0.0,1.0,MMM
2001-12-18,25.79,26.32,25.79,26.23,26.23,3605600,0.0,1.0,MMM
2001-12-17,25.31,25.97,25.31,25.75,25.75,3464400,0.0,1.0,MMM
2001-12-14,25.24,25.46,25.02,25.42,25.42,2744200,0.0,1.0,MMM
2001-12-13,25.42,25.44,25.2,25.24,25.24,2617400,0.0,1.0,MMM
2001-12-12,25.44,25.57,25.26,25.46,25.46,3045600,0.0,1.0,MMM
2001-12-11,25.53,25.62,25.31,25.42,25.42,2426600,0.0,1.0,MMM
2001-12-10,25.86,25.9,25.26,25.37,25.37,3076000,0.0,1.0,MMM
2001-12-07,26.08,26.08,25.77,25.97,25.97,2409200,0.0,1.0,MMM
2001-12-06,26.27,26.27,25.9,26.08,26.08,2181200,0.0,1.0,MMM
2001-12-05,25.68,26.23,25.68,26.1,26.1,3158000,0.0,1.0,MMM
2001-12-04,25.13,25.59,25.02,25.55,25.55,2541200,0.0,1.0,MMM
2001-12-03,25.11,25.11,24.74,25.0,25.0,2315200,0.0,1.0,MMM
2001-11-30,25.29,25.37,25.16,25.16,25.16,2455800,0.0,1.0,MMM
2001-11-29,25.16,25.42,25.07,25.29,25.29,2707600,0.0,1.0,MMM
2001-11-28,25.42,25.42,25.09,25.16,25.16,2895800,0.0,1.0,MMM
2001-11-27,25.64,25.66,25.31,25.51,25.51,2774200,0.0,1.0,MMM
2001-11-26,25.73,25.75,25.46,25.68,25.68,2420000,0.0,1.0,MMM
2001-11-23,25.79,25.79,25.33,25.75,25.75,1178800,0.0,1.0,MMM
2001-11-21,25.53,25.53,25.22,25.33,25.33,2526400,0.0,1.0,MMM
2001-11-20,25.33,25.68,25.33,25.51,25.51,3083600,0.6,1.0,MMM
2001-11-19,25.29,25.7,25.18,25.48,25.48,3208200,0.0,1.0,MMM
2001-11-16,25.29,25.44,24.89,25.11,25.11,4258600,0.0,1.0,MMM
2001-11-15,25.09,25.33,24.96,25.03,25.03,2882000,0.0,1.0,MMM
2001-11-14,25.11,25.31,24.79,25.09,25.09,3650800,0.0,1.0,MMM
2001-11-13,24.37,24.89,24.35,24.76,24.76,3097200,0.0,1.0,MMM
2001-11-12,24.24,24.5,23.96,24.24,24.24,3910000,0.0,1.0,MMM
2001-11-09,24.28,24.57,24.15,24.35,24.35,2595200,0.0,1.0,MMM
2001-11-08,24.13,24.7,24.13,24.33,24.33,3475200,0.0,1.0,MMM
2001-11-07,24.5,24.5,23.87,24.13,24.13,3299000,0.0,1.0,MMM
2001-11-06,24.13,24.13,23.5,23.89,23.89,6284600,0.0,1.0,MMM
2001-11-05,24.0,24.28,23.96,24.13,24.13,3513400,0.0,1.0,MMM
2001-11-02,23.26,23.87,23.15,23.63,23.63,3054600,0.0,1.0,MMM
2001-11-01,22.84,23.28,22.58,23.21,23.21,3289200,0.0,1.0,MMM
2001-10-31,23.24,23.37,22.78,22.8,22.8,3176400,0.0,1.0,MMM
2001-10-30,23.24,23.24,22.71,23.02,23.02,4158000,0.0,1.0,MMM
2001-10-29,23.72,23.87,23.21,23.26,23.26,4189600,0.0,1.0,MMM
2001-10-26,23.72,24.02,23.5,23.98,23.98,2491400,0.0,1.0,MMM
2001-10-25,23.28,23.78,23.15,23.74,23.74,3485800,0.0,1.0,MMM
2001-10-24,23.41,23.41,23.15,23.3,23.3,3121200,0.0,1.0,MMM
2001-10-23,23.58,23.58,23.13,23.24,23.24,4075000,0.0,1.0,MMM
2001-10-22,22.06,23.58,22.06,23.45,23.45,6962200,0.0,1.0,MMM
2001-10-19,22.36,22.45,22.1,22.32,22.32,4515800,0.0,1.0,MMM
2001-10-18,22.54,22.69,22.14,22.49,22.49,4013800,0.0,1.0,MMM
2001-10-17,23.43,23.5,22.49,22.54,22.54,4404600,0.0,1.0,MMM
2001-10-16,23.1,23.32,22.91,23.19,23.19,3437600,0.0,1.0,MMM
2001-10-15,22.65,23.15,22.62,23.1,23.1,2792800,0.0,1.0,MMM
2001-10-12,23.04,23.26,22.67,22.82,22.82,4195200,0.0,1.0,MMM
2001-10-11,22.58,23.37,22.56,23.17,23.17,6248400,0.0,1.0,MMM
2001-10-10,21.53,22.47,21.4,22.23,22.23,4500200,0.0,1.0,MMM
2001-10-09,21.79,21.79,21.28,21.5,21.5,2936400,0.0,1.0,MMM
2001-10-08,21.78,21.78,21.34,21.5,21.5,3651000,0.0,1.0,MMM
2001-10-05,21.84,21.84,21.32,21.78,21.78,3257200,0.0,1.0,MMM
2001-10-04,21.95,21.95,21.58,21.76,21.76,4342600,0.0,1.0,MMM
2001-10-03,21.79,21.79,20.99,21.75,21.75,4597800,0.0,1.0,MMM
2001-10-02,21.15,21.34,21.03,21.23,21.23,4148000,0.0,1.0,MMM
2001-10-01,21.4,21.47,20.79,21.15,21.15,5230600,0.0,1.0,MMM
2001-09-28,21.4,21.57,21.14,21.49,21.49,4894000,0.0,1.0,MMM
2001-09-27,20.39,21.07,20.03,21.03,21.03,4472800,0.0,1.0,MMM
2001-09-26,20.51,20.51,20.23,20.39,20.39,4282800,0.0,1.0,MMM
2001-09-25,19.87,20.53,19.77,20.34,20.34,5168800,0.0,1.0,MMM
2001-09-24,20.2,20.2,18.99,20.02,20.02,6966000,0.0,1.0,MMM
2001-09-21,20.09,20.09,18.75,18.99,18.99,12220600,0.0,1.0,MMM
2001-09-20,20.27,20.27,19.54,19.72,19.72,6416200,0.0,1.0,MMM
2001-09-19,20.81,20.81,19.33,20.19,20.19,6716200,0.0,1.0,MMM
2001-09-18,20.85,21.23,20.39,20.56,20.56,6034800,0.0,1.0,MMM
2001-09-17,22.19,22.19,20.62,20.84,20.84,7105000,0.0,1.0,MMM
2001-09-10,22.01,22.69,21.92,22.32,22.32,5046200,0.0,1.0,MMM
2001-09-07,22.45,22.56,22.01,22.01,22.01,4707600,0.0,1.0,MMM
2001-09-06,22.93,22.97,22.49,22.69,22.69,3272000,0.0,1.0,MMM
2001-09-05,22.93,23.21,22.6,22.93,22.93,4040600,0.0,1.0,MMM
2001-09-04,22.73,23.5,22.73,22.84,22.84,4309400,0.0,1.0,MMM
2001-08-31,22.82,23.1,22.62,22.73,22.73,2352200,0.0,1.0,MMM
2001-08-30,23.52,23.52,22.51,22.75,22.75,3987600,0.0,1.0,MMM
2001-08-29,23.89,24.02,23.19,23.32,23.32,3602200,0.0,1.0,MMM
2001-08-28,24.04,24.06,23.67,23.87,23.87,2438800,0.0,1.0,MMM
2001-08-27,24.35,24.35,24.11,24.15,24.15,1800600,0.0,1.0,MMM
2001-08-24,23.69,24.41,23.48,24.15,24.15,2782400,0.0,1.0,MMM
2001-08-23,23.98,23.98,23.58,23.67,23.67,2964800,0.0,1.0,MMM
2001-08-22,23.69,24.11,23.39,23.98,23.98,4081000,0.6,1.0,MMM
2001-08-21,23.72,24.22,23.37,23.41,23.41,3683600,0.0,1.0,MMM
2001-08-20,23.6,23.78,23.4,23.59,23.59,2216400,0.0,1.0,MMM
2001-08-17,24.09,24.09,23.56,23.61,23.61,4144400,0.0,1.0,MMM
2001-08-16,23.89,23.89,23.35,23.67,23.67,3492400,0.0,1.0,MMM
2001-08-15,23.76,24.22,23.63,23.83,23.83,2851600,0.0,1.0,MMM
2001-08-14,23.96,24.11,23.61,23.7,23.7,2318600,0.0,1.0,MMM
2001-08-13,23.74,24.02,23.65,24.0,24.0,2225800,0.0,1.0,MMM
2001-08-10,23.41,23.89,23.3,23.87,23.87,3292200,0.0,1.0,MMM
2001-08-09,23.39,23.54,23.15,23.35,23.35,3115400,0.0,1.0,MMM
2001-08-08,24.09,24.17,23.37,23.5,23.5,2580200,0.0,1.0,MMM
2001-08-07,23.85,24.09,23.78,24.09,24.09,2257000,0.0,1.0,MMM
2001-08-06,24.13,24.24,23.72,23.76,23.76,1872200,0.0,1.0,MMM
2001-08-03,24.22,24.33,23.89,24.26,24.26,2241200,0.0,1.0,MMM
2001-08-02,24.26,24.43,24.15,24.17,24.17,2204000,0.0,1.0,MMM
2001-08-01,24.22,24.43,24.0,24.11,24.11,3209200,0.0,1.0,MMM
2001-07-31,23.93,24.48,23.85,24.3,24.3,3270200,0.0,1.0,MMM
2001-07-30,24.22,24.33,23.67,23.74,23.74,2091400,0.0,1.0,MMM
2001-07-27,24.22,24.37,24.06,24.22,24.22,2186200,0.0,1.0,MMM
2001-07-26,23.98,24.3,23.61,24.22,24.22,3007400,0.0,1.0,MMM
2001-07-25,23.3,24.0,23.3,23.98,23.98,3752200,0.0,1.0,MMM
2001-07-24,24.22,24.22,23.2,23.26,23.26,5238200,0.0,1.0,MMM
2001-07-23,24.82,24.89,24.11,24.17,24.17,2763200,0.0,1.0,MMM
2001-07-20,24.91,24.91,24.37,24.54,24.54,3592600,0.0,1.0,MMM
2001-07-19,24.91,25.19,24.56,24.91,24.91,4547400,0.0,1.0,MMM
2001-07-18,24.52,24.72,24.33,24.72,24.72,3767200,0.0,1.0,MMM
2001-07-17,23.91,24.76,23.91,24.52,24.52,4070400,0.0,1.0,MMM
2001-07-16,24.19,24.43,23.91,23.91,23.91,3138800,0.0,1.0,MMM
2001-07-13,24.54,24.65,24.19,24.37,24.37,2790400,0.0,1.0,MMM
2001-07-12,24.33,24.76,24.26,24.65,24.65,3116000,0.0,1.0,MMM
2001-07-11,24.13,24.43,23.89,24.26,24.26,3926200,0.0,1.0,MMM
2001-07-10,24.89,25.06,24.22,24.26,24.26,3834200,0.0,1.0,MMM
2001-07-09,24.76,24.98,24.5,24.95,24.95,3938200,0.0,1.0,MMM
2001-07-06,25.17,25.24,24.69,24.89,24.89,3345600,0.0,1.0,MMM
2001-07-05,25.24,25.45,25.06,25.28,25.28,2476000,0.0,1.0,MMM
2001-07-03,25.19,25.52,25.09,25.37,25.37,2464200,0.0,1.0,MMM
2001-07-02,23.89,25.5,23.74,25.48,25.48,11605600,0.0,1.0,MMM
2001-06-29,25.17,25.54,24.78,24.78,24.78,4077400,0.0,1.0,MMM
2001-06-28,25.17,25.63,25.11,25.17,25.17,2937800,0.0,1.0,MMM
2001-06-27,25.17,25.39,24.76,24.82,24.82,3741000,0.0,1.0,MMM
2001-06-26,24.98,25.35,24.91,24.98,24.98,4600200,0.0,1.0,MMM
2001-06-25,25.41,25.78,25.13,25.13,25.13,3780800,0.0,1.0,MMM
2001-06-22,25.39,25.63,25.3,25.37,25.37,2918400,0.0,1.0,MMM
2001-06-21,25.56,25.76,25.09,25.26,25.26,7828600,0.0,1.0,MMM
2001-06-20,26.15,26.15,25.41,25.76,25.76,6549400,0.0,1.0,MMM
2001-06-19,26.54,26.71,26.13,26.15,26.15,3400400,0.0,1.0,MMM
2001-06-18,26.28,26.84,26.28,26.54,26.54,3260600,0.0,1.0,MMM
2001-06-15,26.28,26.67,26.02,26.26,26.26,5069200,0.0,1.0,MMM
2001-06-14,26.48,26.58,26.08,26.24,26.24,2752800,0.0,1.0,MMM
2001-06-13,26.58,26.93,26.43,26.5,26.5,2817000,0.0,1.0,MMM
2001-06-12,26.13,26.58,26.04,26.52,26.52,4083600,0.0,1.0,MMM
2001-06-11,26.11,26.26,25.87,26.13,26.13,1700200,0.0,1.0,MMM
2001-06-08,26.39,26.39,26.04,26.08,26.08,1930800,0.0,1.0,MMM
2001-06-07,26.39,26.74,26.26,26.45,26.45,2293800,0.0,1.0,MMM
2001-06-06,26.5,26.5,26.26,26.41,26.41,3007600,0.0,1.0,MMM
2001-06-05,26.11,26.48,25.87,26.39,26.39,3104800,0.0,1.0,MMM
2001-06-04,25.87,26.3,25.74,26.06,26.06,2398000,0.0,1.0,MMM
2001-06-01,25.65,26.02,25.15,25.93,25.93,4273800,0.0,1.0,MMM
2001-05-31,25.5,25.93,25.5,25.76,25.76,3122800,0.0,1.0,MMM
2001-05-30,25.8,25.95,25.35,25.5,25.5,3375000,0.0,1.0,MMM
2001-05-29,25.85,26.21,25.63,26.02,26.02,3110800,0.0,1.0,MMM
2001-05-25,25.91,26.08,25.8,25.8,25.8,2095000,0.0,1.0,MMM
2001-05-24,26.26,26.39,25.63,25.85,25.85,5119800,0.0,1.0,MMM
2001-05-23,26.19,26.3,26.08,26.19,26.19,2805600,0.0,1.0,MMM
2001-05-22,26.78,26.8,26.17,26.28,26.28,4311600,0.0,1.0,MMM
2001-05-21,26.74,26.91,26.56,26.74,26.74,2800000,0.0,1.0,MMM
2001-05-18,26.89,27.02,26.5,26.74,26.74,3933200,0.0,1.0,MMM
2001-05-17,27.15,27.58,26.65,26.87,26.87,8058800,0.0,1.0,MMM
2001-05-16,25.65,27.28,25.54,27.26,27.26,7170600,0.6,1.0,MMM
2001-05-15,25.57,25.9,25.46,25.55,25.55,2843200,0.0,1.0,MMM
2001-05-14,25.38,25.59,25.36,25.57,25.57,1640800,0.0,1.0,MMM
2001-05-11,25.51,25.68,25.18,25.38,25.38,2259800,0.0,1.0,MMM
2001-05-10,25.38,25.72,25.36,25.51,25.51,2344000,0.0,1.0,MMM
2001-05-09,25.16,25.53,25.14,25.27,25.27,2607800,0.0,1.0,MMM
2001-05-08,25.48,25.66,25.03,25.16,25.16,3610000,0.0,1.0,MMM
2001-05-07,25.79,26.09,25.42,25.48,25.48,2934200,0.0,1.0,MMM
2001-05-04,25.25,25.94,25.1,25.94,25.94,4185400,0.0,1.0,MMM
2001-05-03,25.25,25.68,24.94,25.46,25.46,4016800,0.0,1.0,MMM
2001-05-02,25.61,25.61,25.01,25.2,25.2,4315800,0.0,1.0,MMM
2001-05-01,25.72,25.72,25.16,25.4,25.4,3515800,0.0,1.0,MMM
2001-04-30,25.72,26.35,25.59,25.72,25.72,5043400,0.0,1.0,MMM
2001-04-27,25.4,25.87,25.36,25.72,25.72,3171000,0.0,1.0,MMM
2001-04-26,25.36,25.66,24.97,25.46,25.46,2607000,0.0,1.0,MMM
2001-04-25,25.1,25.38,24.77,25.29,25.29,3360200,0.0,1.0,MMM
2001-04-24,25.12,25.87,24.97,25.1,25.1,6300200,0.0,1.0,MMM
2001-04-23,24.34,25.23,23.99,25.14,25.14,5980200,0.0,1.0,MMM
2001-04-20,24.75,24.88,24.25,24.32,24.32,4346000,0.0,1.0,MMM
2001-04-19,25.03,25.18,24.64,25.18,25.18,3849400,0.0,1.0,MMM
2001-04-18,23.91,25.36,23.54,25.07,25.07,6839600,0.0,1.0,MMM
2001-04-17,23.67,23.93,23.39,23.54,23.54,3664400,0.0,1.0,MMM
2001-04-16,23.28,23.93,23.28,23.89,23.89,4091600,0.0,1.0,MMM
2001-04-12,22.91,23.39,22.78,23.28,23.28,3257600,0.0,1.0,MMM
2001-04-11,23.99,24.04,22.98,23.09,23.09,4574400,0.0,1.0,MMM
2001-04-10,22.8,24.17,22.76,23.47,23.47,7774400,0.0,1.0,MMM
2001-04-09,22.44,22.74,22.29,22.61,22.61,3954400,0.0,1.0,MMM
2001-04-06,22.13,22.24,21.79,22.05,22.05,3722600,0.0,1.0,MMM
2001-04-05,21.83,22.46,21.83,22.31,22.31,5920400,0.0,1.0,MMM
2001-04-04,21.59,22.05,21.0,21.32,21.32,8049800,0.0,1.0,MMM
2001-04-03,21.92,22.05,21.29,21.6,21.6,6518000,0.0,1.0,MMM
2001-04-02,22.39,22.93,21.94,22.07,22.07,4640600,0.0,1.0,MMM
2001-03-30,22.29,22.76,22.07,22.46,22.46,3696200,0.0,1.0,MMM
2001-03-29,22.48,22.48,21.75,22.22,22.22,4987000,0.0,1.0,MMM
2001-03-28,22.42,22.7,22.16,22.65,22.65,4470600,0.0,1.0,MMM
2001-03-27,22.48,22.98,22.22,22.78,22.78,6526400,0.0,1.0,MMM
2001-03-26,21.94,23.02,21.94,22.48,22.48,5447400,0.0,1.0,MMM
2001-03-23,22.11,22.37,21.51,22.0,22.0,7820400,0.0,1.0,MMM
2001-03-22,21.83,22.37,21.29,22.0,22.0,13475400,0.0,1.0,MMM
2001-03-21,22.74,22.87,22.05,22.39,22.39,8985600,0.0,1.0,MMM
2001-03-20,23.34,23.67,22.74,22.74,22.74,5505000,0.0,1.0,MMM
2001-03-19,22.91,23.5,22.74,23.34,23.34,4714400,0.0,1.0,MMM
2001-03-16,23.84,23.84,22.8,22.91,22.91,6756800,0.0,1.0,MMM
2001-03-15,23.65,23.76,23.34,23.6,23.6,4221600,0.0,1.0,MMM
2001-03-14,22.7,23.78,22.59,23.24,23.24,11314000,0.0,1.0,MMM
2001-03-13,24.4,24.4,23.02,23.28,23.28,9926000,0.0,1.0,MMM
2001-03-12,25.07,25.25,23.99,24.17,24.17,5499600,0.0,1.0,MMM
2001-03-09,25.27,25.9,24.88,25.16,25.16,6008200,0.0,1.0,MMM
2001-03-08,24.62,25.4,24.49,25.33,25.33,4856800,0.0,1.0,MMM
2001-03-07,24.27,24.47,24.25,24.4,24.4,2920800,0.0,1.0,MMM
2001-03-06,24.53,24.53,24.19,24.27,24.27,3172200,0.0,1.0,MMM
2001-03-05,24.25,24.45,24.1,24.25,24.25,2659000,0.0,1.0,MMM
2001-03-02,23.69,24.43,23.45,24.06,24.06,5335400,0.0,1.0,MMM
2001-03-01,24.38,24.4,23.63,23.69,23.69,5021800,0.0,1.0,MMM
2001-02-28,24.43,24.66,24.21,24.38,24.38,4183200,0.0,1.0,MMM
2001-02-27,24.27,24.53,23.93,24.43,24.43,3815800,0.0,1.0,MMM
2001-02-26,23.99,24.19,23.8,24.08,24.08,3368000,0.0,1.0,MMM
2001-02-23,23.99,24.08,23.76,23.86,23.86,5620400,0.0,1.0,MMM
2001-02-22,24.3,24.32,23.47,23.84,23.84,4349600,0.0,1.0,MMM
2001-02-21,24.43,24.68,24.06,24.06,24.06,3193800,0.6,1.0,MMM
2001-02-20,24.34,24.66,24.34,24.47,24.47,3459400,0.0,1.0,MMM
2001-02-16,24.68,24.72,23.97,24.34,24.34,3509600,0.0,1.0,MMM
2001-02-15,23.84,24.7,23.67,24.68,24.68,2804200,0.0,1.0,MMM
2001-02-14,24.53,24.53,23.43,23.86,23.86,4208000,0.0,1.0,MMM
2001-02-13,24.19,24.81,24.12,24.53,24.53,3377200,0.0,1.0,MMM
2001-02-12,23.76,24.19,23.74,24.19,24.19,2721800,0.0,1.0,MMM
2001-02-09,24.14,24.14,23.74,23.8,23.8,1741800,0.0,1.0,MMM
2001-02-08,24.27,24.29,23.91,24.1,24.1,2102400,0.0,1.0,MMM
2001-02-07,23.89,24.55,23.89,24.06,24.06,2803600,0.0,1.0,MMM
2001-02-06,23.89,24.36,23.69,24.02,24.02,3080600,0.0,1.0,MMM
2001-02-05,23.28,23.99,23.28,23.61,23.61,3290600,0.0,1.0,MMM
2001-02-02,23.82,24.02,23.13,23.37,23.37,3324200,0.0,1.0,MMM
2001-02-01,23.84,24.4,23.54,23.99,23.99,3784600,0.0,1.0,MMM
2001-01-31,23.95,24.27,23.74,23.8,23.8,4077800,0.0,1.0,MMM
2001-01-30,22.96,24.08,22.9,23.95,23.95,4625200,0.0,1.0,MMM
2001-01-29,23.07,23.18,22.77,23.07,23.07,3075400,0.0,1.0,MMM
2001-01-26,23.56,23.78,22.98,23.07,23.07,2956000,0.0,1.0,MMM
2001-01-25,23.0,23.61,22.38,23.54,23.54,4224000,0.0,1.0,MMM
2001-01-24,23.54,23.78,22.75,23.03,23.03,3703000,0.0,1.0,MMM
2001-01-23,23.41,24.02,23.31,23.86,23.86,3528800,0.0,1.0,MMM
2001-01-22,22.92,23.43,22.66,23.41,23.41,4052400,0.0,1.0,MMM
2001-01-19,23.41,23.41,22.83,22.96,22.96,4061600,0.0,1.0,MMM
2001-01-18,23.65,23.65,23.18,23.43,23.43,5365800,0.0,1.0,MMM
2001-01-17,22.9,23.65,22.77,23.65,23.65,11552200,0.0,1.0,MMM
2001-01-16,23.78,24.4,23.67,24.4,24.4,4247400,0.0,1.0,MMM
2001-01-12,24.1,24.12,23.33,23.59,23.59,3655800,0.0,1.0,MMM
2001-01-11,24.17,24.49,23.56,24.1,24.1,4190600,0.0,1.0,MMM
2001-01-10,23.78,24.19,23.43,24.14,24.14,4344400,0.0,1.0,MMM
2001-01-09,24.7,24.77,24.1,24.38,24.38,3962800,0.0,1.0,MMM
2001-01-08,24.29,24.81,23.56,24.79,24.79,5486600,0.0,1.0,MMM
2001-01-05,25.15,25.15,23.78,24.64,24.64,8367000,0.0,1.0,MMM
2001-01-04,25.35,25.69,24.85,25.58,25.58,4060400,0.0,1.0,MMM
2001-01-03,25.37,25.78,25.03,25.33,25.33,4754400,0.0,1.0,MMM
2001-01-02,25.39,26.12,25.26,25.63,25.63,4651200,0.0,1.0,MMM
2000-12-29,26.21,26.42,25.71,25.91,25.91,2754200,0.0,1.0,MMM
2000-12-28,25.48,26.42,25.0,26.21,26.21,4287200,0.0,1.0,MMM
2000-12-27,24.92,25.67,24.6,25.63,25.63,2565600,0.0,1.0,MMM
2000-12-26,24.38,24.72,24.12,24.72,24.72,1999600,0.0,1.0,MMM
2000-12-22,24.17,24.38,23.84,24.25,24.25,3660000,0.0,1.0,MMM
2000-12-21,23.97,24.49,23.54,24.23,24.23,4810600,0.0,1.0,MMM
2000-12-20,23.71,24.45,23.71,24.27,24.27,3838800,0.0,1.0,MMM
2000-12-19,24.64,24.94,24.21,24.47,24.47,4642000,0.0,1.0,MMM
2000-12-18,24.49,24.7,24.32,24.64,24.64,4021800,0.0,1.0,MMM
2000-12-15,24.36,24.47,23.93,24.12,24.12,5946400,0.0,1.0,MMM
2000-12-14,24.32,24.6,23.69,23.86,23.86,4081200,0.0,1.0,MMM
2000-12-13,24.51,24.72,24.19,24.47,24.47,2852600,0.0,1.0,MMM
2000-12-12,24.6,24.68,24.42,24.49,24.49,4116400,0.0,1.0,MMM
2000-12-11,24.9,25.0,24.62,24.79,24.79,3296600,0.0,1.0,MMM
2000-12-08,24.7,25.2,24.42,25.13,25.13,6358600,0.0,1.0,MMM
2000-12-07,24.57,24.68,24.19,24.66,24.66,7502400,0.0,1.0,MMM
2000-12-06,24.81,25.11,24.64,24.75,24.75,12515200,0.0,1.0,MMM
2000-12-05,23.07,25.58,23.07,25.07,25.07,29116000,0.0,1.0,MMM
2000-12-04,21.47,22.92,21.38,22.57,22.57,12211000,0.0,1.0,MMM
2000-12-01,21.34,21.56,21.34,21.42,21.42,2528600,0.0,1.0,MMM
2000-11-30,21.52,21.56,21.15,21.47,21.47,2936400,0.0,1.0,MMM
2000-11-29,21.31,21.52,21.3,21.52,21.52,2641200,0.0,1.0,MMM
2000-11-28,21.18,21.78,21.1,21.26,21.26,3735800,0.0,1.0,MMM
2000-11-27,20.65,21.5,20.45,21.34,21.34,4653800,0.0,1.0,MMM
2000-11-24,20.6,20.65,20.45,20.6,20.6,990800,0.0,1.0,MMM
2000-11-22,20.44,20.85,20.44,20.6,20.6,2156600,0.0,1.0,MMM
2000-11-21,20.26,20.61,20.26,20.57,20.57,2340400,0.58,1.0,MMM
2000-11-20,20.61,20.66,20.14,20.22,20.22,3055400,0.0,1.0,MMM
2000-11-17,20.52,20.73,20.34,20.52,20.52,3314400,0.0,1.0,MMM
2000-11-16,20.78,20.81,20.02,20.37,20.37,3067600,0.0,1.0,MMM
2000-11-15,20.1,20.66,20.1,20.38,20.38,2950600,0.0,1.0,MMM
2000-11-14,20.1,20.4,19.82,20.3,20.3,2655000,0.0,1.0,MMM
2000-11-13,20.12,20.46,20.1,20.26,20.26,2245400,0.0,1.0,MMM
2000-11-10,20.86,21.04,20.22,20.3,20.3,1960000,0.0,1.0,MMM
2000-11-09,20.6,21.05,20.33,20.81,20.81,2205800,0.0,1.0,MMM
2000-11-08,20.85,21.32,20.46,20.8,20.8,2876400,0.0,1.0,MMM
2000-11-07,21.0,21.0,20.52,20.72,20.72,1812200,0.0,1.0,MMM
2000-11-06,20.25,21.0,20.14,20.81,20.81,3368000,0.0,1.0,MMM
2000-11-03,20.24,20.31,20.05,20.28,20.28,2503000,0.0,1.0,MMM
2000-11-02,20.34,20.5,20.18,20.29,20.29,2785800,0.0,1.0,MMM
2000-11-01,20.57,20.93,20.26,20.33,20.33,2673200,0.0,1.0,MMM
2000-10-31,20.14,20.68,19.78,20.65,20.65,4168000,0.0,1.0,MMM
2000-10-30,19.93,20.46,19.67,20.3,20.3,2955200,0.0,1.0,MMM
2000-10-27,19.73,19.98,19.37,19.98,19.98,2140800,0.0,1.0,MMM
2000-10-26,19.22,19.9,19.19,19.7,19.7,2265000,0.0,1.0,MMM
2000-10-25,19.07,19.27,19.03,19.26,19.26,2882400,0.0,1.0,MMM
2000-10-24,19.42,19.66,19.14,19.25,19.25,2279400,0.0,1.0,MMM
2000-10-23,19.66,20.09,18.91,19.19,19.19,5694200,0.0,1.0,MMM
2000-10-20,18.81,18.99,17.94,18.65,18.65,10243000,0.0,1.0,MMM
2000-10-19,19.5,19.5,18.9,19.02,19.02,4775400,0.0,1.0,MMM
2000-10-18,19.29,19.53,19.29,19.47,19.47,4213400,0.0,1.0,MMM
2000-10-17,19.77,19.96,19.43,19.47,19.47,4001600,0.0,1.0,MMM
2000-10-16,19.58,20.28,19.58,19.7,19.7,2857000,0.0,1.0,MMM
2000-10-13,19.37,19.51,19.37,19.45,19.45,6227800,0.0,1.0,MMM
2000-10-12,19.9,19.91,19.34,19.42,19.42,4886800,0.0,1.0,MMM
2000-10-11,20.19,20.4,19.89,19.93,19.93,2367200,0.0,1.0,MMM
2000-10-10,19.7,20.28,19.7,19.9,19.9,2328800,0.0,1.0,MMM
2000-10-09,19.73,20.15,19.61,19.61,19.61,1789600,0.0,1.0,MMM
2000-10-06,20.03,20.25,19.7,19.7,19.7,2792000,0.0,1.0,MMM
2000-10-05,20.3,20.3,19.89,19.93,19.93,2555200,0.0,1.0,MMM
2000-10-04,19.94,20.52,19.94,20.41,20.41,4045800,0.0,1.0,MMM
2000-10-03,19.55,20.29,19.55,20.09,20.09,2911600,0.0,1.0,MMM
2000-10-02,19.65,19.81,19.41,19.59,19.59,2493400,0.0,1.0,MMM
2000-09-29,19.53,19.96,19.45,19.47,19.47,3258200,0.0,1.0,MMM
2000-09-28,19.27,19.97,19.25,19.58,19.58,3306000,0.0,1.0,MMM
2000-09-27,19.22,19.5,19.06,19.22,19.22,5071600,0.0,1.0,MMM
2000-09-26,19.23,19.45,18.9,19.21,19.21,5865800,0.0,1.0,MMM
2000-09-25,18.81,19.25,18.75,19.23,19.23,4293800,0.0,1.0,MMM
2000-09-22,18.7,19.13,18.43,18.86,18.86,5092400,0.0,1.0,MMM
2000-09-21,18.09,18.77,18.06,18.47,18.47,5820200,0.0,1.0,MMM
2000-09-20,17.9,18.1,17.2,17.47,17.47,4520000,0.0,1.0,MMM
2000-09-19,17.99,18.1,17.75,17.93,17.93,3305400,0.0,1.0,MMM
2000-09-18,18.03,18.09,17.52,17.78,17.78,4220200,0.0,1.0,MMM
2000-09-15,18.43,18.43,17.98,18.19,18.19,4802000,0.0,1.0,MMM
2000-09-14,18.43,18.47,17.98,18.16,18.16,3947600,0.0,1.0,MMM
2000-09-13,18.94,19.22,18.42,18.49,18.49,2644000,0.0,1.0,MMM
2000-09-12,18.9,19.17,18.81,18.82,18.82,2537400,0.0,1.0,MMM
2000-09-11,19.34,19.35,18.89,19.01,19.01,2630800,0.0,1.0,MMM
2000-09-08,19.29,19.53,19.02,19.22,19.22,3726800,0.0,1.0,MMM
2000-09-07,19.87,19.93,19.58,19.58,19.58,3829800,0.0,1.0,MMM
2000-09-06,19.99,20.5,19.98,20.12,20.12,2737800,0.0,1.0,MMM
2000-09-05,19.75,19.85,19.57,19.71,19.71,2271600,0.0,1.0,MMM
2000-09-01,20.08,20.21,19.77,19.77,19.77,3204400,0.0,1.0,MMM
2000-08-31,19.91,20.42,19.87,19.88,19.88,2093200,0.0,1.0,MMM
2000-08-30,20.22,20.33,19.93,19.96,19.96,1784400,0.0,1.0,MMM
2000-08-29,20.38,20.44,20.22,20.22,20.22,1900600,0.0,1.0,MMM
2000-08-28,20.52,20.82,20.33,20.33,20.33,1608000,0.0,1.0,MMM
2000-08-25,20.31,20.46,20.31,20.46,20.46,1572800,0.0,1.0,MMM
2000-08-24,20.45,20.49,20.19,20.26,20.26,1656600,0.0,1.0,MMM
2000-08-23,20.56,20.69,20.37,20.5,20.5,1747200,0.58,1.0,MMM
2000-08-22,20.15,20.6,20.13,20.46,20.46,1498800,0.0,1.0,MMM
2000-08-21,20.26,20.35,20.09,20.17,20.17,1057200,0.0,1.0,MMM
2000-08-18,20.29,20.29,20.13,20.21,20.21,1513000,0.0,1.0,MMM
2000-08-17,20.14,20.31,20.03,20.23,20.23,1728200,0.0,1.0,MMM
2000-08-16,20.18,20.18,19.98,20.01,20.01,1871000,0.0,1.0,MMM
2000-08-15,20.35,20.37,20.02,20.15,20.15,1630800,0.0,1.0,MMM
2000-08-14,20.45,20.45,19.93,20.33,20.33,2292200,0.0,1.0,MMM
2000-08-11,20.17,20.7,20.17,20.55,20.55,3663800,0.0,1.0,MMM
2000-08-10,19.74,20.29,19.74,20.15,20.15,3862000,0.0,1.0,MMM
2000-08-09,19.6,19.85,19.46,19.65,19.65,3140600,0.0,1.0,MMM
2000-08-08,19.32,19.58,19.16,19.41,19.41,2862400,0.0,1.0,MMM
2000-08-07,19.12,19.32,19.12,19.3,19.3,1593400,0.0,1.0,MMM
2000-08-04,19.1,19.26,19.04,19.12,19.12,2032800,0.0,1.0,MMM
2000-08-03,19.26,19.32,19.1,19.1,19.1,2093400,0.0,1.0,MMM
2000-08-02,19.02,19.25,18.88,19.17,19.17,2003400,0.0,1.0,MMM
2000-08-01,19.22,19.37,18.96,18.99,18.99,2711400,0.0,1.0,MMM
2000-07-31,19.32,19.4,19.13,19.13,19.13,2240400,0.0,1.0,MMM
2000-07-28,18.96,19.46,18.88,19.33,19.33,2395000,0.0,1.0,MMM
2000-07-27,19.06,19.2,18.81,18.91,18.91,2069400,0.0,1.0,MMM
2000-07-26,18.89,19.42,18.81,18.81,18.81,3960400,0.0,1.0,MMM
2000-07-25,18.8,19.05,18.73,18.76,18.76,2013800,0.0,1.0,MMM
2000-07-24,18.27,19.2,18.27,18.92,18.92,2589800,0.0,1.0,MMM
2000-07-21,18.33,18.35,18.12,18.35,18.35,1425800,0.0,1.0,MMM
2000-07-20,18.43,18.45,18.27,18.37,18.37,2226600,0.0,1.0,MMM
2000-07-19,18.91,18.92,18.32,18.37,18.37,3098800,0.0,1.0,MMM
2000-07-18,18.51,18.81,18.49,18.69,18.69,1502000,0.0,1.0,MMM
2000-07-17,18.48,18.59,18.31,18.53,18.53,1871400,0.0,1.0,MMM
2000-07-14,18.97,18.97,18.4,18.67,18.67,2259000,0.0,1.0,MMM
2000-07-13,19.3,19.3,19.01,19.02,19.02,1662400,0.0,1.0,MMM
2000-07-12,19.17,19.24,18.92,19.13,19.13,3123000,0.0,1.0,MMM
2000-07-11,18.52,19.1,18.43,18.89,18.89,3193600,0.0,1.0,MMM
2000-07-10,18.11,18.61,18.08,18.52,18.52,2613800,0.0,1.0,MMM
2000-07-07,18.4,18.64,18.27,18.3,18.3,2649200,0.0,1.0,MMM
2000-07-06,18.57,18.72,18.37,18.39,18.39,2555800,0.0,1.0,MMM
2000-07-05,18.26,18.99,18.03,18.8,18.8,3385400,0.0,1.0,MMM
2000-07-03,17.63,17.92,17.63,17.86,17.86,1629400,0.0,1.0,MMM
2000-06-30,18.12,18.27,17.52,17.63,17.63,3603600,0.0,1.0,MMM
2000-06-29,17.95,18.44,17.88,18.17,18.17,2552800,0.0,1.0,MMM
2000-06-28,18.41,18.45,18.15,18.28,18.28,2110400,0.0,1.0,MMM
2000-06-27,18.37,18.67,18.31,18.4,18.4,3072800,0.0,1.0,MMM
2000-06-26,17.92,18.26,17.91,18.16,18.16,2224800,0.0,1.0,MMM
2000-06-23,18.03,18.03,17.86,17.94,17.94,1579600,0.0,1.0,MMM
2000-06-22,18.33,18.64,18.04,18.28,18.28,2798200,0.0,1.0,MMM
2000-06-21,17.95,18.37,17.86,18.32,18.32,3272600,0.0,1.0,MMM
2000-06-20,17.76,18.06,17.22,17.46,17.46,2799400,0.0,1.0,MMM
2000-06-19,18.03,18.16,17.62,17.74,17.74,2423400,0.0,1.0,MMM
2000-06-16,18.36,18.36,17.94,17.94,17.94,3842800,0.0,1.0,MMM
2000-06-15,17.91,18.56,17.9,18.36,18.36,4171400,0.0,1.0,MMM
2000-06-14,17.84,18.04,17.74,17.88,17.88,2748600,0.0,1.0,MMM
2000-06-13,17.34,17.7,17.34,17.39,17.39,2151200,0.0,1.0,MMM
2000-06-12,17.42,17.8,17.39,17.41,17.41,2021400,0.0,1.0,MMM
2000-06-09,17.41,17.46,17.25,17.41,17.41,2146200,0.0,1.0,MMM
2000-06-08,17.41,17.42,17.09,17.37,17.37,2483200,0.0,1.0,MMM
2000-06-07,17.48,17.67,17.31,17.37,17.37,3176600,0.0,1.0,MMM
2000-06-06,18.06,18.06,17.43,17.48,17.48,3139200,0.0,1.0,MMM
2000-06-05,17.98,18.07,17.87,18.07,18.07,2704600,0.0,1.0,MMM
2000-06-02,18.37,18.43,17.84,17.91,17.91,3331600,0.0,1.0,MMM
2000-06-01,18.28,18.28,17.92,18.03,18.03,2034000,0.0,1.0,MMM
2000-05-31,18.3,18.55,18.27,18.39,18.39,2137000,0.0,1.0,MMM
2000-05-30,17.98,18.39,17.94,18.08,18.08,1573200,0.0,1.0,MMM
2000-05-26,18.1,18.35,17.84,17.84,17.84,1784600,0.0,1.0,MMM
2000-05-25,18.55,18.75,17.84,18.04,18.04,2512800,0.0,1.0,MMM
2000-05-24,18.06,18.85,18.06,18.73,18.73,3241000,0.0,1.0,MMM
2000-05-23,17.88,17.99,17.68,17.87,17.87,1528400,0.0,1.0,MMM
2000-05-22,18.0,18.14,17.71,17.88,17.88,2568600,0.0,1.0,MMM
2000-05-19,18.31,18.4,17.79,17.95,17.95,2749400,0.0,1.0,MMM
2000-05-18,18.73,18.83,18.48,18.49,18.49,1599600,0.0,1.0,MMM
2000-05-17,18.77,18.93,18.61,18.69,18.69,2193000,0.58,1.0,MMM
2000-05-16,18.19,19.27,18.06,19.0,19.0,4051400,0.0,1.0,MMM
2000-05-15,18.02,18.35,18.0,18.14,18.14,2635000,0.0,1.0,MMM
2000-05-12,17.99,18.15,17.83,17.91,17.91,1838400,0.0,1.0,MMM
2000-05-11,18.21,18.33,18.06,18.14,18.14,2347400,0.0,1.0,MMM
2000-05-10,18.2,18.25,17.9,18.14,18.14,1998400,0.0,1.0,MMM
2000-05-09,18.36,18.54,18.04,18.15,18.15,1949200,0.0,1.0,MMM
2000-05-08,18.52,18.52,18.04,18.42,18.42,1760000,0.0,1.0,MMM
2000-05-05,17.98,18.41,17.9,18.29,18.29,2376400,0.0,1.0,MMM
2000-05-04,18.19,18.5,17.88,18.03,18.03,2766200,0.0,1.0,MMM
2000-05-03,18.35,18.62,18.0,18.11,18.11,2445200,0.0,1.0,MMM
2000-05-02,18.15,18.48,18.07,18.35,18.35,2459200,0.0,1.0,MMM
2000-05-01,18.29,18.69,17.95,18.35,18.35,3476400,0.0,1.0,MMM
2000-04-28,18.45,18.48,18.15,18.28,18.28,2947000,0.0,1.0,MMM
2000-04-27,18.68,18.97,18.0,18.45,18.45,4835200,0.0,1.0,MMM
2000-04-26,19.73,19.73,18.44,18.77,18.77,6956600,0.0,1.0,MMM
2000-04-25,20.29,20.32,18.68,19.8,19.8,9044200,0.0,1.0,MMM
2000-04-24,19.26,20.6,19.26,20.55,20.55,3558200,0.0,1.0,MMM
2000-04-20,19.09,19.48,18.99,19.47,19.47,1983800,0.0,1.0,MMM
2000-04-19,18.91,19.39,18.81,19.09,19.09,1665200,0.0,1.0,MMM
2000-04-18,19.02,19.02,18.57,18.97,18.97,2419200,0.0,1.0,MMM
2000-04-17,18.82,19.11,18.58,18.97,18.97,2893600,0.0,1.0,MMM
2000-04-14,19.85,19.9,18.64,19.16,19.16,6141600,0.0,1.0,MMM
2000-04-13,19.97,20.34,19.36,19.99,19.99,4152200,0.0,1.0,MMM
2000-04-12,20.53,20.75,19.97,19.97,19.97,2454600,0.0,1.0,MMM
2000-04-11,19.57,20.48,19.57,20.14,20.14,2952200,0.0,1.0,MMM
2000-04-10,19.39,20.02,19.36,19.57,19.57,2110600,0.0,1.0,MMM
2000-04-07,19.76,20.07,19.34,19.34,19.34,2501200,0.0,1.0,MMM
2000-04-06,19.27,20.02,19.27,19.71,19.71,1756400,0.0,1.0,MMM
2000-04-05,19.6,20.01,19.22,19.23,19.23,2875800,0.0,1.0,MMM
2000-04-04,19.41,20.17,18.89,19.61,19.61,4841000,0.0,1.0,MMM
2000-04-03,18.86,19.49,18.83,19.39,19.39,2871400,0.0,1.0,MMM
2000-03-31,19.07,19.41,18.69,18.69,18.69,2459200,0.0,1.0,MMM
2000-03-30,18.58,19.36,18.49,18.78,18.78,3155800,0.0,1.0,MMM
2000-03-29,18.78,18.78,18.44,18.49,18.49,3280800,0.0,1.0,MMM
2000-03-28,18.57,19.11,18.49,18.76,18.76,2448000,0.0,1.0,MMM
2000-03-27,19.19,19.4,18.6,18.7,18.7,3254200,0.0,1.0,MMM
2000-03-24,18.99,19.68,18.93,19.18,19.18,5925000,0.0,1.0,MMM
2000-03-23,17.88,18.41,17.88,18.36,18.36,4972000,0.0,1.0,MMM
2000-03-22,18.78,18.86,17.94,18.15,18.15,4404800,0.0,1.0,MMM
2000-03-21,18.32,19.31,18.27,19.09,19.09,3827600,0.0,1.0,MMM
2000-03-20,18.14,18.53,18.02,18.36,18.36,2727600,0.0,1.0,MMM
2000-03-17,18.35,18.82,18.12,18.12,18.12,4068200,0.0,1.0,MMM
2000-03-16,17.88,18.83,17.71,18.58,18.58,4804800,0.0,1.0,MMM
2000-03-15,16.5,17.67,16.5,17.41,17.41,4240000,0.0,1.0,MMM
2000-03-14,16.71,16.88,16.58,16.7,16.7,3156600,0.0,1.0,MMM
2000-03-13,16.67,16.99,16.62,16.67,16.67,3787800,0.0,1.0,MMM
2000-03-10,17.02,17.45,16.96,17.2,17.2,5751600,0.0,1.0,MMM
2000-03-09,17.05,17.29,16.99,17.08,17.08,3258200,0.0,1.0,MMM
2000-03-08,17.49,17.78,17.09,17.42,17.42,4693200,0.0,1.0,MMM
2000-03-07,18.62,18.76,17.3,17.46,17.46,5195600,0.0,1.0,MMM
2000-03-06,18.85,19.26,18.41,18.41,18.41,2052600,0.0,1.0,MMM
2000-03-03,18.52,19.97,18.46,18.89,18.89,4581000,0.0,1.0,MMM
2000-03-02,18.18,18.52,18.08,18.16,18.16,2186000,0.0,1.0,MMM
2000-03-01,18.4,18.52,17.95,18.18,18.18,2891600,0.0,1.0,MMM
2000-02-29,18.0,18.82,17.86,18.61,18.61,2765400,0.0,1.0,MMM
2000-02-28,18.35,18.76,17.94,18.24,18.24,3076600,0.0,1.0,MMM
2000-02-25,18.6,18.85,17.98,18.1,18.1,3627200,0.0,1.0,MMM
2000-02-24,19.39,19.44,18.9,19.2,19.2,3800200,0.0,1.0,MMM
2000-02-23,19.28,19.82,19.16,19.48,19.48,4460800,0.58,1.0,MMM
2000-02-22,18.4,18.97,18.14,18.9,18.9,2884600,0.0,1.0,MMM
2000-02-18,18.85,19.02,18.11,18.36,18.36,2864200,0.0,1.0,MMM
2000-02-17,18.66,19.27,18.65,18.8,18.8,3405400,0.0,1.0,MMM
2000-02-16,18.53,18.95,18.36,18.52,18.52,2581800,0.0,1.0,MMM
2000-02-15,17.56,18.99,17.51,18.69,18.69,3736000,0.0,1.0,MMM
2000-02-14,17.46,17.77,17.28,17.38,17.38,3356400,0.0,1.0,MMM
2000-02-11,17.9,18.14,17.05,17.39,17.39,4491600,0.0,1.0,MMM
2000-02-10,18.3,18.3,17.89,18.03,18.03,4020000,0.0,1.0,MMM
2000-02-09,18.59,18.66,18.35,18.38,18.38,2600400,0.0,1.0,MMM
2000-02-08,18.38,18.91,18.34,18.39,18.39,2884000,0.0,1.0,MMM
2000-02-07,18.72,18.74,18.17,18.38,18.38,3935400,0.0,1.0,MMM
2000-02-04,19.28,19.39,18.68,18.68,18.68,3293400,0.0,1.0,MMM
2000-02-03,19.28,19.32,18.87,19.23,19.23,3520600,0.0,1.0,MMM
2000-02-02,19.54,19.71,19.29,19.4,19.4,2924200,0.0,1.0,MMM
2000-02-01,19.79,20.17,19.66,19.74,19.74,2642200,0.0,1.0,MMM
2000-01-31,19.35,20.42,19.31,19.63,19.63,3282800,0.0,1.0,MMM
2000-01-28,20.08,20.09,19.35,19.35,19.35,3747400,0.0,1.0,MMM
2000-01-27,20.38,20.62,20.14,20.18,20.18,2914800,0.0,1.0,MMM
2000-01-26,20.11,20.45,19.99,20.2,20.2,7020800,0.0,1.0,MMM
2000-01-25,19.9,19.9,18.93,19.16,19.16,3691200,0.0,1.0,MMM
2000-01-24,20.09,20.09,19.22,19.45,19.45,2971000,0.0,1.0,MMM
2000-01-21,19.97,20.25,19.83,19.91,19.91,4491800,0.0,1.0,MMM
2000-01-20,20.77,20.84,19.82,19.95,19.95,3104600,0.0,1.0,MMM
2000-01-19,20.5,20.96,20.5,20.72,20.72,2628200,0.0,1.0,MMM
2000-01-18,20.39,20.81,20.37,20.37,20.37,2114800,0.0,1.0,MMM
2000-01-14,21.14,21.16,20.75,20.83,20.83,2541800,0.0,1.0,MMM
2000-01-13,21.24,21.37,21.05,21.14,21.14,2244400,0.0,1.0,MMM
2000-01-12,21.37,21.73,21.14,21.14,21.14,2868400,0.0,1.0,MMM
2000-01-11,21.14,21.5,21.08,21.08,21.08,2357600,0.0,1.0,MMM
2000-01-10,21.05,21.7,20.97,21.45,21.45,3863800,0.0,1.0,MMM
2000-01-07,21.2,21.77,20.96,21.56,21.56,4101200,0.0,1.0,MMM
2000-01-06,19.78,21.5,19.78,21.14,21.14,5975800,0.0,1.0,MMM
2000-01-05,19.11,19.99,19.11,19.97,19.97,3699400,0.0,1.0,MMM
2000-01-04,19.48,19.88,19.01,19.01,19.01,2713800,0.0,1.0,MMM
2000-01-03,20.14,20.22,19.73,19.79,19.79,2173400,0.0,1.0,MMM
1999-12-31,20.3,20.71,20.13,20.53,20.53,1021200,0.0,1.0,MMM
1999-12-30,20.42,20.72,20.21,20.21,20.21,1706400,0.0,1.0,MMM
1999-12-29,20.26,20.5,20.09,20.45,20.45,1942000,0.0,1.0,MMM
1999-12-28,19.67,20.32,19.61,20.32,20.32,1786400,0.0,1.0,MMM
1999-12-27,19.31,19.92,19.31,19.66,19.66,1861000,0.0,1.0,MMM
1999-12-23,19.5,19.62,19.48,19.52,19.52,1703600,0.0,1.0,MMM
1999-12-22,19.32,19.84,19.32,19.36,19.36,2295800,0.0,1.0,MMM
1999-12-21,19.56,19.77,19.27,19.29,19.29,2796000,0.0,1.0,MMM
1999-12-20,19.61,19.83,19.31,19.6,19.6,2131800,0.0,1.0,MMM
1999-12-17,19.92,20.08,19.82,19.95,19.95,4574800,0.0,1.0,MMM
1999-12-16,19.82,19.86,19.62,19.65,19.65,1622800,0.0,1.0,MMM
1999-12-15,19.71,20.14,19.71,19.97,19.97,2979800,0.0,1.0,MMM
1999-12-14,19.71,20.32,19.7,19.75,19.75,2668600,0.0,1.0,MMM
1999-12-13,19.66,19.82,19.49,19.66,19.66,1752000,0.0,1.0,MMM
1999-12-10,19.58,19.79,19.5,19.7,19.7,1440800,0.0,1.0,MMM
1999-12-09,19.97,20.14,19.61,19.65,19.65,1541400,0.0,1.0,MMM
1999-12-08,19.69,20.01,19.53,19.71,19.71,2124600,0.0,1.0,MMM
1999-12-07,20.45,20.45,19.5,19.5,19.5,2190400,0.0,1.0,MMM
1999-12-06,20.66,20.77,20.42,20.51,20.51,1282200,0.0,1.0,MMM
1999-12-03,20.45,21.14,20.45,20.83,20.83,3060600,0.0,1.0,MMM
1999-12-02,19.92,20.64,19.91,20.38,20.38,2617400,0.0,1.0,MMM
1999-12-01,19.86,19.97,19.62,19.8,19.8,2062600,0.0,1.0,MMM
1999-11-30,19.84,20.09,19.67,20.04,20.04,3230800,0.0,1.0,MMM
1999-11-29,19.77,19.92,19.54,19.91,19.91,2673000,0.0,1.0,MMM
1999-11-26,20.14,20.14,20.01,20.03,20.03,818400,0.0,1.0,MMM
1999-11-24,20.24,20.63,20.13,20.14,20.14,2883800,0.0,1.0,MMM
1999-11-23,20.7,20.7,20.21,20.29,20.29,2535600,0.0,1.0,MMM
1999-11-22,21.08,21.16,20.75,20.75,20.75,2019000,0.0,1.0,MMM
1999-11-19,21.58,21.62,21.37,21.45,21.45,2365400,0.0,1.0,MMM
1999-11-18,21.31,21.68,21.24,21.56,21.56,2718000,0.0,1.0,MMM
1999-11-17,20.97,21.45,20.97,21.29,21.29,2313000,0.56,1.0,MMM
1999-11-16,20.33,21.11,20.33,21.09,21.09,3260200,0.0,1.0,MMM
1999-11-15,19.87,20.52,19.85,20.32,20.32,1604800,0.0,1.0,MMM
1999-11-12,19.66,19.98,19.56,19.96,19.96,2871400,0.0,1.0,MMM
1999-11-11,19.71,19.85,19.59,19.6,19.6,1372400,0.0,1.0,MMM
1999-11-10,19.5,19.8,19.42,19.76,19.76,1695200,0.0,1.0,MMM
1999-11-09,19.87,19.89,19.6,19.62,19.62,1645800,0.0,1.0,MMM
1999-11-08,19.88,20.06,19.75,19.81,19.81,1788200,0.0,1.0,MMM
1999-11-05,19.92,20.07,19.87,19.96,19.96,1512800,0.0,1.0,MMM
1999-11-04,19.79,20.0,19.72,19.76,19.76,2422400,0.0,1.0,MMM
1999-11-03,19.74,19.96,19.67,19.71,19.71,2461800,0.0,1.0,MMM
1999-11-02,19.76,20.05,19.7,19.79,19.79,2790600,0.0,1.0,MMM
1999-11-01,19.84,20.06,19.55,19.6,19.6,2182000,0.0,1.0,MMM
