date,open,high,low,close,adjusted_close,volume,dividend_amount,split_coefficient,thscode
2025-04-29,421.19,421.75,409.1,409.23,409.23,9909076,0.0,1.0,UNH
2025-04-28,419.75,424.12,415.55,420.0,420.0,6614294,0.0,1.0,UNH
2025-04-25,423.56,423.56,412.02,418.64,418.64,9263777,0.0,1.0,UNH
2025-04-24,427.57,429.9,423.65,424.25,424.25,7629125,0.0,1.0,UNH
2025-04-23,427.07,438.85,423.75,427.96,427.96,8345659,0.0,1.0,UNH
2025-04-22,424.64,431.5,417.12,427.18,427.18,10156865,0.0,1.0,UNH
2025-04-21,449.76,453.5,424.81,425.33,425.33,13029860,0.0,1.0,UNH
2025-04-17,481.95,489.79,447.1,454.11,454.11,29120168,0.0,1.0,UNH
2025-04-16,585.32,594.81,582.96,585.04,585.04,4192093,0.0,1.0,UNH
2025-04-15,592.24,592.86,582.01,583.59,583.59,3871279,0.0,1.0,UNH
2025-04-14,595.0,595.63,579.29,587.06,587.06,4839273,0.0,1.0,UNH
2025-04-11,588.92,606.36,586.53,599.47,599.47,6121458,0.0,1.0,UNH
2025-04-10,580.24,601.88,580.0,594.4,594.4,8645986,0.0,1.0,UNH
2025-04-09,560.14,589.4,554.46,578.5,578.5,12691858,0.0,1.0,UNH
2025-04-08,582.17,585.01,547.46,553.08,553.08,11762283,0.0,1.0,UNH
2025-04-07,513.4,529.2,503.59,524.7,524.7,7356702,0.0,1.0,UNH
2025-04-04,540.64,551.74,524.84,525.05,525.05,9918989,0.0,1.0,UNH
2025-04-03,529.99,548.5,529.29,540.44,540.44,6457925,0.0,1.0,UNH
2025-04-02,522.95,525.0,516.8,523.2,523.2,2378909,0.0,1.0,UNH
2025-04-01,525.74,528.17,520.95,523.12,523.12,2962708,0.0,1.0,UNH
2025-03-31,519.18,528.12,518.59,523.75,523.75,5238670,0.0,1.0,UNH
2025-03-28,516.87,520.98,515.05,516.04,516.04,2379100,0.0,1.0,UNH
2025-03-27,516.28,521.08,512.95,515.72,515.72,2822160,0.0,1.0,UNH
2025-03-26,515.2,522.95,512.85,518.2,518.2,3255026,0.0,1.0,UNH
2025-03-25,518.28,519.0,511.53,513.43,513.43,3015143,0.0,1.0,UNH
2025-03-24,515.08,518.24,511.12,516.5,516.5,3841080,0.0,1.0,UNH
2025-03-21,511.68,519.0,505.09,516.85,516.85,10244942,0.0,1.0,UNH
2025-03-20,505.25,514.39,503.51,511.3,511.3,4965390,0.0,1.0,UNH
2025-03-19,505.04,506.35,500.06,503.2,503.2,3317606,0.0,1.0,UNH
2025-03-18,502.24,505.97,497.82,503.8,503.8,3617629,0.0,1.0,UNH
2025-03-17,487.51,500.61,485.94,499.02,499.02,5152316,0.0,1.0,UNH
2025-03-14,481.0,489.45,478.24,488.65,488.65,3915911,0.0,1.0,UNH
2025-03-13,479.45,484.06,475.0,481.52,481.52,2877044,0.0,1.0,UNH
2025-03-12,483.14,487.6,478.82,481.11,481.11,3681016,0.0,1.0,UNH
2025-03-11,482.5,486.76,477.14,486.04,486.04,4101015,0.0,1.0,UNH
2025-03-10,492.28,497.85,477.71,480.22,480.22,4790405,2.1,1.0,UNH
2025-03-07,481.72,497.74,481.26,491.33,491.33,5434096,0.0,1.0,UNH
2025-03-06,473.93,485.99,469.94,485.6,485.6,4963988,0.0,1.0,UNH
2025-03-05,469.02,476.99,468.96,473.91,473.91,3637102,0.0,1.0,UNH
2025-03-04,467.7,477.12,464.43,472.54,472.54,5864135,0.0,1.0,UNH
2025-03-03,472.3,475.2,463.18,465.02,465.02,5700194,0.0,1.0,UNH
2025-02-28,464.97,474.29,462.46,472.89,472.89,6146326,0.0,1.0,UNH
2025-02-27,464.14,473.33,463.0,466.52,466.52,4216771,0.0,1.0,UNH
2025-02-26,462.63,470.99,456.21,461.57,461.57,5108381,0.0,1.0,UNH
2025-02-25,458.76,468.71,448.11,468.33,468.33,9100970,0.0,1.0,UNH
2025-02-24,464.64,465.96,455.01,459.51,459.51,6919337,0.0,1.0,UNH
2025-02-21,437.64,467.65,436.59,464.39,464.39,19864874,0.0,1.0,UNH
2025-02-20,502.99,506.22,498.06,500.23,500.23,4144301,0.0,1.0,UNH
2025-02-19,499.15,509.63,495.98,508.81,508.81,4380314,0.0,1.0,UNH
2025-02-18,508.72,513.75,494.84,498.55,498.55,8759280,0.0,1.0,UNH
2025-02-14,526.7,530.88,520.63,521.23,521.23,3705326,0.0,1.0,UNH
2025-02-13,528.59,532.0,524.81,528.87,528.87,2835051,0.0,1.0,UNH
2025-02-12,537.5,539.99,523.22,525.1,525.1,3859241,0.0,1.0,UNH
2025-02-11,532.67,545.16,525.96,531.6,531.6,2632107,0.0,1.0,UNH
2025-02-10,525.37,531.83,521.1,531.05,531.05,3143143,0.0,1.0,UNH
2025-02-07,526.9,530.07,523.1,524.74,524.74,3349299,0.0,1.0,UNH
2025-02-06,535.55,536.75,522.98,527.73,527.73,3926829,0.0,1.0,UNH
2025-02-05,528.42,538.35,519.64,537.46,537.46,4621558,0.0,1.0,UNH
2025-02-04,542.83,546.42,539.15,543.08,543.08,2869935,0.0,1.0,UNH
2025-02-03,539.64,551.5,538.71,545.79,545.79,4083572,0.0,1.0,UNH
2025-01-31,540.87,546.77,539.05,540.13,540.13,4120661,0.0,1.0,UNH
2025-01-30,537.12,544.73,532.67,543.19,543.19,2924741,0.0,1.0,UNH
2025-01-29,539.37,541.11,531.68,535.76,535.76,2737638,0.0,1.0,UNH
2025-01-28,540.65,544.12,535.49,540.12,540.12,3162659,0.0,1.0,UNH
2025-01-27,537.63,549.5,537.63,541.15,541.15,4262959,0.0,1.0,UNH
2025-01-24,525.81,532.3,522.23,530.19,530.19,3671163,0.0,1.0,UNH
2025-01-23,525.57,529.17,517.06,527.46,527.46,4580802,0.0,1.0,UNH
2025-01-22,519.39,522.16,513.75,517.46,517.46,3756139,0.0,1.0,UNH
2025-01-21,511.81,522.71,510.59,522.7,522.7,5682082,0.0,1.0,UNH
2025-01-17,503.42,519.55,500.61,507.54,507.54,7495719,0.0,1.0,UNH
2025-01-16,528.04,537.49,507.78,508.37,508.37,9059887,0.0,1.0,UNH
2025-01-15,534.76,543.91,532.0,541.05,541.05,4103865,0.0,1.0,UNH
2025-01-14,537.3,542.18,534.21,541.37,541.37,3978259,0.0,1.0,UNH
2025-01-13,532.72,545.02,530.82,538.78,538.78,6472465,0.0,1.0,UNH
2025-01-10,524.35,533.12,516.21,518.42,518.42,5467532,0.0,1.0,UNH
2025-01-08,512.25,522.39,507.29,522.24,522.24,4141728,0.0,1.0,UNH
2025-01-07,516.59,517.24,508.99,512.01,512.01,3914545,0.0,1.0,UNH
2025-01-06,510.77,518.03,507.6,511.43,511.43,4444836,0.0,1.0,UNH
2025-01-03,504.15,514.04,503.18,510.77,510.77,3020428,0.0,1.0,UNH
2025-01-02,505.79,509.88,501.1,502.31,502.31,4237395,0.0,1.0,UNH
2024-12-31,507.13,508.78,501.15,503.66,503.66,4214367,0.0,1.0,UNH
2024-12-30,504.65,507.51,498.48,505.59,505.59,5409047,0.0,1.0,UNH
2024-12-27,507.2,510.95,505.59,507.77,507.77,3471799,0.0,1.0,UNH
2024-12-26,503.45,509.99,502.53,508.92,508.92,3387986,0.0,1.0,UNH
2024-12-24,502.2,503.9,498.41,503.9,503.9,1824393,0.0,1.0,UNH
2024-12-23,498.58,506.56,496.88,504.14,504.14,4285978,0.0,1.0,UNH
2024-12-20,487.16,500.45,486.6,497.95,497.95,10956886,0.0,1.0,UNH
2024-12-19,497.96,501.46,484.12,487.12,487.12,7418073,0.0,1.0,UNH
2024-12-18,486.3,504.33,483.88,497.54,497.54,10147601,0.0,1.0,UNH
2024-12-17,484.88,493.44,473.75,483.41,483.41,14132661,0.0,1.0,UNH
2024-12-16,515.74,519.43,493.92,496.33,496.33,8879986,0.0,1.0,UNH
2024-12-13,513.39,525.23,508.5,518.21,518.21,8202905,0.0,1.0,UNH
2024-12-12,529.22,531.67,511.95,513.51,513.51,9403795,0.0,1.0,UNH
2024-12-11,553.24,555.67,530.35,531.21,531.21,10362991,0.0,1.0,UNH
2024-12-10,559.55,565.28,554.6,562.73,562.73,5360590,0.0,1.0,UNH
2024-12-09,549.6,560.53,542.27,558.18,558.18,7684650,2.1,1.0,UNH
2024-12-06,577.41,577.41,539.75,545.18,545.18,13003644,0.0,1.0,UNH
2024-12-05,600.75,604.08,569.25,574.3,574.3,5943684,0.0,1.0,UNH
2024-12-04,606.09,617.8,602.07,605.86,605.86,4147575,0.0,1.0,UNH
2024-12-03,605.92,610.78,599.94,600.35,600.35,2329878,0.0,1.0,UNH
2024-12-02,609.05,609.05,595.92,603.61,603.61,3365099,0.0,1.0,UNH
2024-11-29,603.89,610.81,601.72,605.28,605.28,2010812,0.0,1.0,UNH
2024-11-27,606.1,612.47,601.8,603.47,603.47,2269792,0.0,1.0,UNH
2024-11-26,603.33,603.56,594.05,601.89,601.89,2693612,0.0,1.0,UNH
2024-11-25,592.76,604.92,590.21,600.94,600.94,5146485,0.0,1.0,UNH
2024-11-22,593.73,596.41,583.92,586.1,586.1,3198124,0.0,1.0,UNH
2024-11-21,595.16,599.13,591.91,592.67,592.67,2722929,0.0,1.0,UNH
2024-11-20,578.01,597.78,576.86,595.65,595.65,3928765,0.0,1.0,UNH
2024-11-19,578.02,582.1,572.12,572.34,572.34,3198346,0.0,1.0,UNH
2024-11-18,584.68,589.35,580.6,584.89,584.89,2577124,0.0,1.0,UNH
2024-11-15,587.14,594.1,585.19,587.45,587.45,3423919,0.0,1.0,UNH
2024-11-14,598.61,601.11,584.24,588.36,588.36,3079199,0.0,1.0,UNH
2024-11-13,608.05,608.06,598.19,600.98,600.98,3409793,0.0,1.0,UNH
2024-11-12,614.58,619.44,608.82,609.71,609.71,2809603,0.0,1.0,UNH
2024-11-11,611.92,625.64,608.97,620.2,620.2,3003242,0.0,1.0,UNH
2024-11-08,604.09,614.8,600.32,610.84,610.84,3875838,0.0,1.0,UNH
2024-11-07,593.86,602.74,591.34,600.56,600.56,5254274,0.0,1.0,UNH
2024-11-06,599.02,600.61,586.08,591.87,591.87,6591301,0.0,1.0,UNH
2024-11-05,553.77,564.15,549.93,562.45,562.45,2608133,0.0,1.0,UNH
2024-11-04,562.17,564.0,550.93,553.27,553.27,2656777,0.0,1.0,UNH
2024-11-01,560.56,565.72,559.35,562.98,562.98,2548368,0.0,1.0,UNH
2024-10-31,556.35,563.86,556.35,559.94,559.94,2490014,0.0,1.0,UNH
2024-10-30,556.72,565.71,556.42,558.42,558.42,2323558,0.0,1.0,UNH
2024-10-29,558.28,563.1,556.13,557.59,557.59,2600448,0.0,1.0,UNH
2024-10-28,561.68,563.74,558.27,560.68,560.68,1826559,0.0,1.0,UNH
2024-10-25,561.59,566.89,559.06,560.0,560.0,2513728,0.0,1.0,UNH
2024-10-24,560.43,567.09,555.79,556.28,556.28,2590197,0.0,1.0,UNH
2024-10-23,567.51,569.51,555.48,560.08,560.08,2912085,0.0,1.0,UNH
2024-10-22,563.27,568.42,560.93,565.26,565.26,2594048,0.0,1.0,UNH
2024-10-21,565.04,574.6,564.11,566.86,566.86,3018013,0.0,1.0,UNH
2024-10-18,562.28,566.34,558.49,565.01,565.01,3687045,0.0,1.0,UNH
2024-10-17,556.06,564.87,554.21,561.46,561.46,5588677,0.0,1.0,UNH
2024-10-16,552.52,571.53,550.64,566.73,566.73,5103928,0.0,1.0,UNH
2024-10-15,547.57,565.1,538.62,551.8,551.8,11939357,0.0,1.0,UNH
2024-10-14,594.28,603.72,592.56,600.51,600.51,2447087,0.0,1.0,UNH
2024-10-11,591.68,596.67,591.39,593.22,593.22,1909733,0.0,1.0,UNH
2024-10-10,590.38,594.12,587.98,592.88,592.88,2143284,0.0,1.0,UNH
2024-10-09,577.46,588.02,575.93,586.45,586.45,2207858,0.0,1.0,UNH
2024-10-08,583.31,584.46,574.88,576.89,576.89,2231446,0.0,1.0,UNH
2024-10-07,584.04,587.66,578.62,578.85,578.85,2591083,0.0,1.0,UNH
2024-10-04,587.35,591.32,583.69,586.43,586.43,2463201,0.0,1.0,UNH
2024-10-03,585.84,588.44,579.65,587.97,587.97,2645877,0.0,1.0,UNH
2024-10-02,599.38,599.64,579.54,587.53,587.53,3667113,0.0,1.0,UNH
2024-10-01,580.28,583.95,576.08,578.59,578.59,2648628,0.0,1.0,UNH
2024-09-30,578.79,581.69,574.07,579.96,579.96,3009766,0.0,1.0,UNH
2024-09-27,573.02,581.98,571.94,577.15,577.15,2986238,0.0,1.0,UNH
2024-09-26,570.36,571.95,566.3,570.17,570.17,2751960,0.0,1.0,UNH
2024-09-25,573.21,576.42,568.46,571.66,571.66,2658894,0.0,1.0,UNH
2024-09-24,566.21,572.65,561.43,570.55,570.55,3188511,0.0,1.0,UNH
2024-09-23,571.84,574.76,567.38,568.78,568.78,2386142,0.0,1.0,UNH
2024-09-20,567.08,574.17,565.05,570.36,570.36,5398749,0.0,1.0,UNH
2024-09-19,579.01,580.11,569.94,572.41,572.41,2945679,0.0,1.0,UNH
2024-09-18,572.2,579.8,567.69,575.96,575.96,2988303,0.0,1.0,UNH
2024-09-17,581.28,581.98,571.74,573.3,573.3,3415975,0.0,1.0,UNH
2024-09-16,590.2,593.96,583.02,584.39,584.39,2548647,2.1,1.0,UNH
2024-09-13,584.23,590.75,580.42,587.43,587.43,2242003,0.0,1.0,UNH
2024-09-12,581.71,583.66,576.45,581.6,581.6,3395835,0.0,1.0,UNH
2024-09-11,582.31,584.54,572.26,582.91,582.91,3563783,0.0,1.0,UNH
2024-09-10,588.31,597.79,584.3,592.09,592.09,2863494,0.0,1.0,UNH
2024-09-09,591.38,592.53,568.6,587.21,587.21,3411393,0.0,1.0,UNH
2024-09-06,588.96,593.65,585.39,589.96,589.96,2926369,0.0,1.0,UNH
2024-09-05,597.19,598.97,582.83,588.59,588.59,2144906,0.0,1.0,UNH
2024-09-04,593.04,600.89,590.95,597.18,597.18,2788868,0.0,1.0,UNH
2024-09-03,585.65,593.7,584.96,591.74,591.74,3175479,0.0,1.0,UNH
2024-08-30,583.16,586.38,579.79,583.36,583.36,2944705,0.0,1.0,UNH
2024-08-29,583.83,585.74,577.6,584.71,584.71,1953372,0.0,1.0,UNH
2024-08-28,582.18,585.97,577.1,581.72,581.72,1657042,0.0,1.0,UNH
2024-08-27,582.64,585.47,577.01,580.54,580.54,1581952,0.0,1.0,UNH
2024-08-26,581.23,585.23,578.95,580.32,580.32,1800112,0.0,1.0,UNH
2024-08-23,574.26,578.42,571.74,577.73,577.73,2376416,0.0,1.0,UNH
2024-08-22,572.53,576.19,564.0,572.01,572.01,2282117,0.0,1.0,UNH
2024-08-21,574.77,576.63,570.74,571.37,571.37,2844546,0.0,1.0,UNH
2024-08-20,573.13,577.04,568.83,573.92,573.92,1677473,0.0,1.0,UNH
2024-08-19,571.38,576.54,570.38,572.07,572.07,1847941,0.0,1.0,UNH
2024-08-16,574.19,574.91,567.44,570.98,570.98,2728939,0.0,1.0,UNH
2024-08-15,572.95,576.58,566.86,572.89,572.89,2751927,0.0,1.0,UNH
2024-08-14,568.57,574.38,566.62,572.95,572.95,2344386,0.0,1.0,UNH
2024-08-13,563.38,569.06,562.4,567.58,567.58,2369555,0.0,1.0,UNH
2024-08-12,555.8,562.4,554.55,558.74,558.74,2532389,0.0,1.0,UNH
2024-08-09,558.0,559.37,551.17,552.28,552.28,2976835,0.0,1.0,UNH
2024-08-08,557.83,565.81,557.83,559.68,559.68,2860848,0.0,1.0,UNH
2024-08-07,560.04,565.02,550.57,559.52,559.52,4320853,0.0,1.0,UNH
2024-08-06,561.62,570.82,556.01,561.76,561.76,3216525,0.0,1.0,UNH
2024-08-05,575.37,580.02,560.19,563.35,563.35,4587352,0.0,1.0,UNH
2024-08-02,575.58,584.68,568.58,582.99,582.99,5094041,0.0,1.0,UNH
2024-08-01,570.51,580.69,560.53,566.13,566.13,3680778,0.0,1.0,UNH
2024-07-31,558.88,574.17,555.8,569.48,569.48,4713230,0.0,1.0,UNH
2024-07-30,560.33,572.71,559.43,569.65,569.65,4139053,0.0,1.0,UNH
2024-07-29,559.15,564.73,555.25,560.18,560.18,2965169,0.0,1.0,UNH
2024-07-26,553.51,572.42,553.51,563.12,563.12,3202023,0.0,1.0,UNH
2024-07-25,555.48,563.28,552.1,553.19,553.19,3102947,0.0,1.0,UNH
2024-07-24,553.51,554.62,546.61,553.26,553.26,3156232,0.0,1.0,UNH
2024-07-23,552.31,552.36,546.4,548.27,548.27,2785570,0.0,1.0,UNH
2024-07-22,556.52,557.71,550.62,552.06,552.06,3377308,0.0,1.0,UNH
2024-07-19,560.55,563.29,555.03,558.78,558.78,4290440,0.0,1.0,UNH
2024-07-18,557.96,574.76,554.91,557.8,557.8,6834821,0.0,1.0,UNH
2024-07-17,547.58,566.96,544.91,566.63,566.63,10330780,0.0,1.0,UNH
2024-07-16,527.71,543.54,521.02,542.51,542.51,11061994,0.0,1.0,UNH
2024-07-15,518.16,524.68,507.84,509.4,509.4,5127979,0.0,1.0,UNH
2024-07-12,501.04,508.6,497.59,505.6,505.6,3570624,0.0,1.0,UNH
2024-07-11,491.93,502.83,491.93,498.51,498.51,3536225,0.0,1.0,UNH
2024-07-10,485.25,495.69,484.44,495.12,495.12,3189837,0.0,1.0,UNH
2024-07-09,482.67,489.66,480.45,486.41,486.41,3057284,0.0,1.0,UNH
2024-07-08,483.52,488.15,480.53,483.67,483.67,3450841,0.0,1.0,UNH
2024-07-05,483.33,483.99,478.88,482.35,482.35,3498996,0.0,1.0,UNH
2024-07-03,491.36,492.31,480.88,484.21,484.21,2239210,0.0,1.0,UNH
2024-07-02,488.53,492.69,487.67,492.46,492.46,3312171,0.0,1.0,UNH
2024-07-01,500.87,503.01,487.18,488.92,488.92,4523141,0.0,1.0,UNH
2024-06-28,490.62,503.49,483.73,503.36,503.36,22734197,0.0,1.0,UNH
2024-06-27,479.43,483.31,476.46,480.8,480.8,2992070,0.0,1.0,UNH
2024-06-26,478.88,481.79,475.89,478.43,478.43,3153096,0.0,1.0,UNH
2024-06-25,484.95,484.95,475.03,478.88,478.88,3209889,0.0,1.0,UNH
2024-06-24,483.19,485.2,478.88,484.3,484.3,5139763,0.0,1.0,UNH
2024-06-21,478.82,482.64,475.02,477.0,477.0,6775974,0.0,1.0,UNH
2024-06-20,474.48,480.29,472.57,478.9,478.9,5258232,0.0,1.0,UNH
2024-06-18,485.02,485.96,473.49,475.47,475.47,3692708,0.0,1.0,UNH
2024-06-17,485.63,487.4,483.03,483.56,483.56,2407163,2.1,1.0,UNH
2024-06-14,488.97,489.98,483.95,489.26,489.26,3188374,0.0,1.0,UNH
2024-06-13,482.53,494.06,476.72,489.43,489.43,4951694,0.0,1.0,UNH
2024-06-12,492.09,492.09,479.71,485.27,485.27,4048214,0.0,1.0,UNH
2024-06-11,483.1,489.91,482.53,488.37,488.37,4599726,0.0,1.0,UNH
2024-06-10,483.23,487.55,478.5,487.17,487.17,3332892,0.0,1.0,UNH
2024-06-07,494.1,494.91,482.66,482.93,482.93,3416349,0.0,1.0,UNH
2024-06-06,495.68,496.71,489.41,493.98,493.98,2419608,0.0,1.0,UNH
2024-06-05,500.65,501.05,490.91,495.16,495.16,2464359,0.0,1.0,UNH
2024-06-04,490.67,500.23,486.77,497.49,497.49,3178436,0.0,1.0,UNH
2024-06-03,486.31,490.79,485.27,489.57,489.57,2795265,0.0,1.0,UNH
2024-05-31,474.78,490.53,474.78,487.53,487.53,6694985,0.0,1.0,UNH
2024-05-30,474.69,478.34,470.44,474.03,474.03,5170507,0.0,1.0,UNH
2024-05-29,484.55,486.09,465.78,477.05,477.05,7521587,0.0,1.0,UNH
2024-05-28,498.64,498.64,493.96,495.71,495.71,2912992,0.0,1.0,UNH
2024-05-24,507.95,508.96,499.49,500.13,500.13,2528228,0.0,1.0,UNH
2024-05-23,510.12,512.0,507.08,508.66,508.66,3055555,0.0,1.0,UNH
2024-05-22,514.55,517.96,512.41,513.1,513.1,2299273,0.0,1.0,UNH
2024-05-21,510.12,516.42,507.76,515.27,515.27,2521986,0.0,1.0,UNH
2024-05-20,516.33,516.33,508.37,509.05,509.05,2476393,0.0,1.0,UNH
2024-05-17,514.67,517.53,511.78,516.33,516.33,2657396,0.0,1.0,UNH
2024-05-16,511.77,519.81,511.29,513.02,513.02,3655775,0.0,1.0,UNH
2024-05-15,506.69,514.32,506.69,509.36,509.36,2981351,0.0,1.0,UNH
2024-05-14,506.44,508.01,499.28,505.75,505.75,2949795,0.0,1.0,UNH
2024-05-13,503.95,506.53,499.29,503.65,503.65,2454689,0.0,1.0,UNH
2024-05-10,500.95,505.45,498.98,504.7,504.7,2784585,0.0,1.0,UNH
2024-05-09,494.2,499.94,494.2,499.01,499.01,2343066,0.0,1.0,UNH
2024-05-08,496.2,498.98,492.17,495.25,495.25,3079031,0.0,1.0,UNH
2024-05-07,488.15,493.72,487.21,493.04,493.04,3752131,0.0,1.0,UNH
2024-05-06,484.69,487.04,484.22,486.56,486.56,2029503,0.0,1.0,UNH
2024-05-03,483.1,484.99,478.1,484.66,484.66,2487811,0.0,1.0,UNH
2024-05-02,476.62,485.88,476.29,485.17,485.17,3561404,0.0,1.0,UNH
2024-05-01,471.68,481.45,469.52,476.45,476.45,2729234,0.0,1.0,UNH
2024-04-30,481.23,481.96,474.96,476.05,476.05,3367521,0.0,1.0,UNH
2024-04-29,487.87,489.48,480.05,481.29,481.29,2192838,0.0,1.0,UNH
2024-04-26,484.22,489.37,483.63,487.51,487.51,2727016,0.0,1.0,UNH
2024-04-25,481.23,489.27,479.82,486.05,486.05,4329652,0.0,1.0,UNH
2024-04-24,476.13,481.13,473.11,479.59,479.59,3724418,0.0,1.0,UNH
2024-04-23,483.23,486.49,477.3,478.49,478.49,3646662,0.0,1.0,UNH
2024-04-22,489.91,491.52,482.88,483.46,483.46,4697677,0.0,1.0,UNH
2024-04-19,489.14,499.28,487.72,493.2,493.2,6618600,0.0,1.0,UNH
2024-04-18,478.44,494.06,478.28,485.38,485.38,8880448,0.0,1.0,UNH
2024-04-17,471.03,480.28,467.08,471.41,471.41,8759779,0.0,1.0,UNH
2024-04-16,469.23,472.16,458.24,461.47,461.47,11816517,0.0,1.0,UNH
2024-04-15,435.01,441.26,435.0,438.58,438.58,5376771,0.0,1.0,UNH
2024-04-12,433.37,435.24,429.48,432.25,432.25,6045671,0.0,1.0,UNH
2024-04-11,443.27,443.64,434.5,434.73,434.73,5844125,0.0,1.0,UNH
2024-04-10,448.29,451.48,442.67,442.93,442.93,4493483,0.0,1.0,UNH
2024-04-09,447.09,452.49,445.3,452.45,452.45,3504006,0.0,1.0,UNH
2024-04-08,448.76,449.97,446.42,448.79,448.79,4508809,0.0,1.0,UNH
2024-04-05,443.56,450.51,442.89,448.53,448.53,5718412,0.0,1.0,UNH
2024-04-04,453.53,454.42,444.77,448.18,448.18,5172962,0.0,1.0,UNH
2024-04-03,454.69,455.53,448.34,452.47,452.47,4423274,0.0,1.0,UNH
2024-04-02,452.33,456.35,442.49,450.89,450.89,11829315,0.0,1.0,UNH
2024-04-01,486.65,487.94,480.97,481.95,481.95,2683014,0.0,1.0,UNH
2024-03-28,487.17,488.03,481.56,486.88,486.88,3820008,0.0,1.0,UNH
2024-03-27,485.89,487.89,483.54,485.3,485.3,2653185,0.0,1.0,UNH
2024-03-26,480.41,485.54,477.55,484.52,484.52,3113314,0.0,1.0,UNH
2024-03-25,482.84,483.71,476.41,478.19,478.19,2786141,0.0,1.0,UNH
2024-03-22,487.37,487.99,482.02,482.32,482.32,2847269,0.0,1.0,UNH
2024-03-21,484.49,488.35,483.51,483.91,483.91,3693408,0.0,1.0,UNH
2024-03-20,484.68,486.78,481.7,486.41,486.41,3548160,0.0,1.0,UNH
2024-03-19,481.92,485.64,480.07,485.52,485.52,2511743,0.0,1.0,UNH
2024-03-18,484.32,484.32,478.68,479.35,479.35,2970640,0.0,1.0,UNH
2024-03-15,479.74,483.45,479.74,483.06,483.06,5713536,0.0,1.0,UNH
2024-03-14,480.99,481.93,477.52,481.27,481.27,3374581,0.0,1.0,UNH
2024-03-13,485.71,488.15,477.65,480.28,480.28,3494658,0.0,1.0,UNH
2024-03-12,480.41,484.49,479.64,481.61,481.61,3868566,0.0,1.0,UNH
2024-03-11,469.46,482.55,468.47,481.41,481.41,4407058,0.0,1.0,UNH
2024-03-08,470.76,476.59,467.26,469.03,469.03,4673567,1.88,1.0,UNH
2024-03-07,464.67,471.72,464.28,469.36,469.36,5102043,0.0,1.0,UNH
2024-03-06,465.1,470.36,458.97,463.3,463.3,5577493,0.0,1.0,UNH
2024-03-05,472.89,473.39,461.35,463.84,463.84,5296200,0.0,1.0,UNH
2024-03-04,473.73,477.45,470.65,472.38,472.38,5239810,0.0,1.0,UNH
2024-03-01,479.79,480.37,467.86,479.89,479.89,7315039,0.0,1.0,UNH
2024-02-29,488.69,491.87,481.92,483.88,483.88,6833167,0.0,1.0,UNH
2024-02-28,485.69,488.74,474.86,488.47,488.47,9558553,0.0,1.0,UNH
2024-02-27,514.43,515.24,501.97,503.31,503.31,3780619,0.0,1.0,UNH
2024-02-26,517.92,522.32,513.99,514.98,514.98,2308927,0.0,1.0,UNH
2024-02-23,516.38,520.05,513.84,516.86,516.86,2502146,0.0,1.0,UNH
2024-02-22,513.88,516.37,508.38,516.14,516.14,3186819,0.0,1.0,UNH
2024-02-21,513.36,513.38,507.35,511.7,511.7,2096023,0.0,1.0,UNH
2024-02-20,513.89,515.03,509.19,510.8,510.8,2600288,0.0,1.0,UNH
2024-02-16,512.02,513.48,508.68,511.28,511.28,2135586,0.0,1.0,UNH
2024-02-15,507.16,511.48,505.65,510.63,510.63,2292306,0.0,1.0,UNH
2024-02-14,505.12,508.32,504.17,506.76,506.76,1918535,0.0,1.0,UNH
2024-02-13,511.72,516.56,504.09,506.68,506.68,3436087,0.0,1.0,UNH
2024-02-12,508.02,508.77,502.72,507.45,507.45,3194016,0.0,1.0,UNH
2024-02-09,508.77,510.15,506.13,508.02,508.02,2715493,0.0,1.0,UNH
2024-02-08,510.38,511.88,507.1,509.85,509.85,3342976,0.0,1.0,UNH
2024-02-07,503.89,510.74,502.6,509.17,509.17,4109062,0.0,1.0,UNH
2024-02-06,494.02,500.88,492.56,500.62,500.62,2745515,0.0,1.0,UNH
2024-02-05,499.92,504.07,490.21,493.06,493.06,3646516,0.0,1.0,UNH
2024-02-02,498.25,502.81,495.44,500.19,500.19,3804521,0.0,1.0,UNH
2024-02-01,498.81,500.18,493.1,497.16,497.16,4242580,0.0,1.0,UNH
2024-01-31,494.58,504.86,494.58,501.67,501.67,5358104,0.0,1.0,UNH
2024-01-30,494.61,496.09,489.39,493.7,493.7,4931215,0.0,1.0,UNH
2024-01-29,493.21,496.54,491.29,494.61,494.61,4554106,0.0,1.0,UNH
2024-01-26,483.57,493.78,480.26,493.29,493.29,6212173,0.0,1.0,UNH
2024-01-25,477.99,485.76,469.57,483.69,483.69,14671004,0.0,1.0,UNH
2024-01-24,507.71,511.46,502.85,503.13,503.13,2867963,0.0,1.0,UNH
2024-01-23,502.41,507.88,502.0,505.37,505.37,2673106,0.0,1.0,UNH
2024-01-22,494.02,503.46,486.73,502.89,502.89,5922855,0.0,1.0,UNH
2024-01-19,504.86,507.36,491.94,493.65,493.65,6143395,0.0,1.0,UNH
2024-01-18,495.28,506.67,487.67,506.18,506.18,7367041,0.0,1.0,UNH
2024-01-17,511.02,520.21,509.76,514.61,514.61,3791496,0.0,1.0,UNH
2024-01-16,513.4,514.18,506.38,508.93,508.93,3736718,0.0,1.0,UNH
2024-01-12,508.65,518.08,503.03,511.24,511.24,6327267,0.0,1.0,UNH
2024-01-11,525.58,529.53,524.01,529.06,529.06,2814058,0.0,1.0,UNH
2024-01-10,527.51,530.55,525.6,527.06,527.06,2179994,0.0,1.0,UNH
2024-01-09,527.41,528.99,521.85,527.77,527.77,2677038,0.0,1.0,UNH
2024-01-08,528.78,529.62,517.61,525.96,525.96,2648939,0.0,1.0,UNH
2024-01-05,536.23,536.23,523.22,526.8,526.8,2813853,0.0,1.0,UNH
2024-01-04,534.27,538.19,532.31,534.68,534.68,2994377,0.0,1.0,UNH
2024-01-03,532.35,536.03,528.86,531.36,531.36,2891500,0.0,1.0,UNH
2024-01-02,516.47,529.04,516.3,528.72,528.72,3415659,0.0,1.0,UNH
2023-12-29,515.63,517.84,513.61,516.11,516.11,2080197,0.0,1.0,UNH
2023-12-28,513.17,517.48,512.65,514.57,514.57,2001208,0.0,1.0,UNH
2023-12-27,509.52,512.86,509.14,512.5,512.5,1850387,0.0,1.0,UNH
2023-12-26,509.65,511.21,507.77,509.79,509.79,1390912,0.0,1.0,UNH
2023-12-22,509.65,512.71,507.82,510.07,510.07,1759571,0.0,1.0,UNH
2023-12-21,508.67,510.57,506.33,509.65,509.65,2491554,0.0,1.0,UNH
2023-12-20,513.54,514.5,505.72,505.77,505.77,3847805,0.0,1.0,UNH
2023-12-19,514.26,517.23,511.51,513.72,513.72,3640149,0.0,1.0,UNH
2023-12-18,518.69,521.01,514.89,516.19,516.19,3260319,0.0,1.0,UNH
2023-12-15,519.57,523.0,512.67,520.67,520.67,9030116,0.0,1.0,UNH
2023-12-14,533.59,534.19,518.98,523.72,523.72,5386810,0.0,1.0,UNH
2023-12-13,533.29,538.6,527.99,538.2,538.2,2876618,0.0,1.0,UNH
2023-12-12,535.06,536.71,531.97,534.98,534.98,2706170,0.0,1.0,UNH
2023-12-11,538.94,539.17,528.45,532.98,532.98,3655411,0.0,1.0,UNH
2023-12-08,539.39,540.87,533.82,538.95,538.95,2039910,0.0,1.0,UNH
2023-12-07,540.5,540.65,533.8,537.48,537.48,2511800,0.0,1.0,UNH
2023-12-06,536.78,541.02,536.33,538.71,538.71,2233245,0.0,1.0,UNH
2023-12-05,538.29,541.65,534.62,539.43,539.43,2645818,0.0,1.0,UNH
2023-12-04,537.47,541.01,532.35,537.49,537.49,2709303,0.0,1.0,UNH
2023-12-01,539.59,543.78,534.43,536.39,536.39,3462153,1.88,1.0,UNH
2023-11-30,523.44,541.18,521.71,540.23,540.23,7121207,0.0,1.0,UNH
2023-11-29,517.79,529.37,516.47,522.65,522.65,4549977,0.0,1.0,UNH
2023-11-28,533.06,533.24,527.63,528.08,528.08,2859309,0.0,1.0,UNH
2023-11-27,534.49,538.2,529.06,531.06,531.06,2675815,0.0,1.0,UNH
2023-11-24,532.37,534.97,530.3,534.49,534.49,1134977,0.0,1.0,UNH
2023-11-22,530.46,531.86,527.81,531.23,531.23,2234478,0.0,1.0,UNH
2023-11-21,525.38,529.19,521.88,527.16,527.16,2115756,0.0,1.0,UNH
2023-11-20,521.31,523.98,519.55,522.77,522.77,2518566,0.0,1.0,UNH
2023-11-17,527.82,528.07,516.17,523.93,523.93,2676925,0.0,1.0,UNH
2023-11-16,526.0,532.31,525.09,527.38,527.38,2360281,0.0,1.0,UNH
2023-11-15,527.61,528.01,519.45,526.0,526.0,2473801,0.0,1.0,UNH
2023-11-14,526.61,530.17,524.15,528.01,528.01,2453957,0.0,1.0,UNH
2023-11-13,528.68,531.61,525.52,530.07,530.07,1507912,0.0,1.0,UNH
2023-11-10,530.18,530.18,523.67,528.74,528.74,2480816,0.0,1.0,UNH
2023-11-09,525.21,528.45,522.16,526.58,526.58,1819805,0.0,1.0,UNH
2023-11-08,527.56,528.92,521.83,524.36,524.36,1769355,0.0,1.0,UNH
2023-11-07,523.02,527.22,519.27,525.44,525.44,2604887,0.0,1.0,UNH
2023-11-06,519.38,523.67,517.84,521.17,521.17,2684944,0.0,1.0,UNH
2023-11-03,522.25,523.63,516.62,518.67,518.67,2739692,0.0,1.0,UNH
2023-11-02,519.74,524.47,514.8,523.78,523.78,2351091,0.0,1.0,UNH
2023-11-01,517.77,523.48,514.66,519.35,519.35,2747517,0.0,1.0,UNH
2023-10-31,522.67,524.31,519.37,523.22,523.22,2464432,0.0,1.0,UNH
2023-10-30,512.9,519.57,510.89,517.78,517.78,2555488,0.0,1.0,UNH
2023-10-27,513.87,515.58,509.25,512.57,512.57,2585616,0.0,1.0,UNH
2023-10-26,513.59,518.25,510.48,516.19,516.19,2675811,0.0,1.0,UNH
2023-10-25,515.12,520.09,508.1,517.99,517.99,2380055,0.0,1.0,UNH
2023-10-24,510.81,518.44,510.04,512.9,512.9,1978223,0.0,1.0,UNH
2023-10-23,514.89,515.62,508.3,509.55,509.55,2357728,0.0,1.0,UNH
2023-10-20,518.77,522.12,514.63,514.89,514.89,2811061,0.0,1.0,UNH
2023-10-19,524.45,525.94,517.06,519.38,519.38,2351431,0.0,1.0,UNH
2023-10-18,530.53,531.45,523.06,523.71,523.71,2551563,0.0,1.0,UNH
2023-10-17,527.5,529.94,522.25,524.28,524.28,2586106,0.0,1.0,UNH
2023-10-16,530.66,534.18,523.77,525.63,525.63,3827781,0.0,1.0,UNH
2023-10-13,520.96,531.91,519.74,526.97,526.97,5245988,0.0,1.0,UNH
2023-10-12,512.39,516.4,510.22,513.43,513.43,2377335,0.0,1.0,UNH
2023-10-11,508.92,513.48,508.24,512.05,512.05,2819534,0.0,1.0,UNH
2023-10-10,514.37,515.97,511.03,512.16,512.16,2455689,0.0,1.0,UNH
2023-10-09,509.14,514.73,508.26,514.38,514.38,2341552,0.0,1.0,UNH
2023-10-06,504.55,513.83,504.09,512.72,512.72,3647187,0.0,1.0,UNH
2023-10-05,499.83,506.27,499.45,504.34,504.34,2790666,0.0,1.0,UNH
2023-10-04,497.75,500.03,494.94,498.85,498.85,2801845,0.0,1.0,UNH
2023-10-03,501.47,502.14,496.65,497.73,497.73,3143403,0.0,1.0,UNH
2023-10-02,493.88,502.98,491.54,502.71,502.71,3550376,0.0,1.0,UNH
2023-09-29,498.1,498.13,492.19,492.57,492.57,3006233,0.0,1.0,UNH
2023-09-28,494.31,502.3,493.37,498.35,498.35,2922128,0.0,1.0,UNH
2023-09-27,494.57,494.69,489.51,492.12,492.12,2593742,0.0,1.0,UNH
2023-09-26,497.21,497.68,492.76,493.8,493.8,2420166,0.0,1.0,UNH
2023-09-25,496.55,499.16,494.96,498.52,498.52,2758591,0.0,1.0,UNH
2023-09-22,487.5,497.69,486.55,494.44,494.44,4558659,0.0,1.0,UNH
2023-09-21,482.8,493.5,481.72,489.59,489.59,4703959,0.0,1.0,UNH
2023-09-20,471.63,483.7,468.1,480.79,480.79,3725282,0.0,1.0,UNH
2023-09-19,472.61,474.54,465.56,469.58,469.58,3230987,0.0,1.0,UNH
2023-09-18,477.16,477.48,472.45,474.86,474.86,1997493,0.0,1.0,UNH
2023-09-15,474.55,478.53,472.98,475.49,475.49,5334308,0.0,1.0,UNH
2023-09-14,471.51,474.09,467.75,472.46,472.46,2334531,0.0,1.0,UNH
2023-09-13,470.34,472.89,468.41,468.78,468.78,2197825,0.0,1.0,UNH
2023-09-12,466.38,472.5,461.24,468.84,468.84,2195320,0.0,1.0,UNH
2023-09-11,470.87,472.69,466.99,468.33,468.33,2059286,0.0,1.0,UNH
2023-09-08,469.13,471.84,467.72,469.69,469.69,1858464,1.88,1.0,UNH
2023-09-07,467.02,474.03,465.75,471.79,471.79,2928070,0.0,1.0,UNH
2023-09-06,469.15,470.19,463.59,464.14,464.14,2596242,0.0,1.0,UNH
2023-09-05,465.17,471.59,464.72,467.9,467.9,3443268,0.0,1.0,UNH
2023-09-01,466.14,467.75,460.65,463.45,463.45,3165860,0.0,1.0,UNH
2023-08-31,479.14,480.56,463.5,463.79,463.79,4927736,0.0,1.0,UNH
2023-08-30,480.73,483.37,477.13,478.33,478.33,2283649,0.0,1.0,UNH
2023-08-29,478.28,479.71,474.87,479.6,479.6,2113674,0.0,1.0,UNH
2023-08-28,477.32,479.82,476.0,478.09,478.09,1344594,0.0,1.0,UNH
2023-08-25,476.77,477.96,471.64,475.99,475.99,1923586,0.0,1.0,UNH
2023-08-24,478.24,482.12,474.13,475.0,475.0,2311263,0.0,1.0,UNH
2023-08-23,479.76,480.74,474.83,476.3,476.3,2011353,0.0,1.0,UNH
2023-08-22,482.12,483.45,478.14,479.12,479.12,2079660,0.0,1.0,UNH
2023-08-21,484.15,486.82,482.9,484.32,484.32,1533600,0.0,1.0,UNH
2023-08-18,481.5,487.49,480.25,485.06,485.06,2364508,0.0,1.0,UNH
2023-08-17,482.18,487.77,478.62,480.7,480.7,3009465,0.0,1.0,UNH
2023-08-16,494.36,496.79,489.33,490.04,490.04,1454137,0.0,1.0,UNH
2023-08-15,497.85,499.86,492.68,493.09,493.09,1817631,0.0,1.0,UNH
2023-08-14,495.48,499.71,494.61,497.21,497.21,2127417,0.0,1.0,UNH
2023-08-11,492.06,496.96,490.72,494.37,494.37,2029635,0.0,1.0,UNH
2023-08-10,490.93,498.29,489.28,489.96,489.96,2179754,0.0,1.0,UNH
2023-08-09,490.47,492.15,487.43,488.63,488.63,1917137,0.0,1.0,UNH
2023-08-08,489.5,494.52,486.6,492.28,492.28,2422671,0.0,1.0,UNH
2023-08-07,492.16,499.81,491.1,497.03,497.03,2430910,0.0,1.0,UNH
2023-08-04,496.31,497.18,488.28,489.23,489.23,2411227,0.0,1.0,UNH
2023-08-03,489.39,492.42,487.59,491.31,491.31,2443050,0.0,1.0,UNH
2023-08-02,496.01,496.77,489.49,491.25,491.25,3221607,0.0,1.0,UNH
2023-08-01,493.88,496.35,489.0,491.19,491.19,2161660,0.0,1.0,UNH
2023-07-31,489.5,494.25,485.66,492.78,492.78,2441688,0.0,1.0,UNH
2023-07-28,491.65,493.86,483.93,489.41,489.41,2930900,0.0,1.0,UNH
2023-07-27,494.92,496.79,489.62,491.67,491.67,3028276,0.0,1.0,UNH
2023-07-26,497.81,502.01,493.03,494.36,494.36,3697182,0.0,1.0,UNH
2023-07-25,496.31,498.74,493.66,497.21,497.21,2730622,0.0,1.0,UNH
2023-07-24,491.76,496.09,491.02,495.02,495.02,2278967,0.0,1.0,UNH
2023-07-21,491.49,496.7,490.98,492.93,492.93,2887339,0.0,1.0,UNH
2023-07-20,493.06,495.02,487.09,490.7,490.7,2963123,0.0,1.0,UNH
2023-07-19,493.91,500.84,488.99,490.18,490.18,4956477,0.0,1.0,UNH
2023-07-18,476.19,490.88,474.41,486.58,486.58,8817931,0.0,1.0,UNH
2023-07-17,468.19,471.59,465.46,471.08,471.08,4582703,0.0,1.0,UNH
2023-07-14,450.13,471.98,447.76,467.28,467.28,11379333,0.0,1.0,UNH
2023-07-13,439.87,442.69,435.17,435.73,435.73,7276840,0.0,1.0,UNH
2023-07-12,450.57,452.34,439.14,439.57,439.57,7287591,0.0,1.0,UNH
2023-07-11,449.96,453.97,448.76,450.46,450.46,3087467,0.0,1.0,UNH
2023-07-10,447.65,450.67,446.83,450.62,450.62,4339421,0.0,1.0,UNH
2023-07-07,452.52,456.03,448.45,449.19,449.19,4131582,0.0,1.0,UNH
2023-07-06,456.75,459.72,454.12,456.76,456.76,3914139,0.0,1.0,UNH
2023-07-05,463.25,464.48,457.96,458.57,458.57,5053717,0.0,1.0,UNH
2023-07-03,465.26,467.32,463.51,465.05,465.05,1915740,0.0,1.0,UNH
2023-06-30,465.17,469.16,462.36,467.74,467.74,3970398,0.0,1.0,UNH
2023-06-29,462.33,466.83,460.38,463.65,463.65,2979403,0.0,1.0,UNH
2023-06-28,469.02,469.18,461.26,461.71,461.71,3670111,0.0,1.0,UNH
2023-06-27,465.29,470.21,464.94,469.6,469.6,3693167,0.0,1.0,UNH
2023-06-26,465.3,468.39,460.3,466.2,466.2,2968328,0.0,1.0,UNH
2023-06-23,465.49,469.33,463.76,464.19,464.19,4862584,0.0,1.0,UNH
2023-06-22,465.34,470.21,465.17,466.19,466.19,3179488,0.0,1.0,UNH
2023-06-21,456.36,466.5,454.65,463.95,463.95,4886662,0.0,1.0,UNH
2023-06-20,444.49,457.86,444.49,456.79,456.79,4598303,0.0,1.0,UNH
2023-06-16,453.63,455.94,445.64,446.18,446.18,7699120,0.0,1.0,UNH
2023-06-15,449.59,459.33,448.54,453.38,453.38,6798125,1.88,1.0,UNH
2023-06-14,440.66,446.46,431.97,445.72,445.72,14672357,0.0,1.0,UNH
2023-06-13,475.77,479.45,473.63,476.2,476.2,3016633,0.0,1.0,UNH
2023-06-12,477.16,479.24,473.69,477.44,477.44,2207832,0.0,1.0,UNH
2023-06-09,474.92,482.9,472.24,478.44,478.44,3174372,0.0,1.0,UNH
2023-06-08,469.49,476.69,467.59,475.15,475.15,2726055,0.0,1.0,UNH
2023-06-07,474.88,475.36,466.79,467.3,467.3,4381722,0.0,1.0,UNH
2023-06-06,484.52,484.52,468.79,472.57,472.57,3816607,0.0,1.0,UNH
2023-06-05,485.3,487.43,482.12,482.87,482.87,2688805,0.0,1.0,UNH
2023-06-02,476.87,485.61,475.28,484.21,484.21,3064711,0.0,1.0,UNH
2023-06-01,472.79,483.44,471.16,478.45,478.45,3376556,0.0,1.0,UNH
2023-05-31,463.41,472.41,462.44,472.25,472.25,4503585,0.0,1.0,UNH
2023-05-30,462.02,470.93,461.39,465.09,465.09,3180817,0.0,1.0,UNH
2023-05-26,463.36,473.37,463.3,466.71,466.71,3135257,0.0,1.0,UNH
2023-05-25,462.94,466.95,459.71,463.01,463.01,2684136,0.0,1.0,UNH
2023-05-24,465.83,468.42,464.16,466.04,466.04,1904673,0.0,1.0,UNH
2023-05-23,461.53,468.52,458.01,464.69,464.69,2874407,0.0,1.0,UNH
2023-05-22,465.66,467.37,463.21,465.84,465.84,2242831,0.0,1.0,UNH
2023-05-19,464.83,469.89,463.11,464.09,464.09,2318047,0.0,1.0,UNH
2023-05-18,467.22,467.71,459.31,464.49,464.49,3040115,0.0,1.0,UNH
2023-05-17,465.24,470.47,462.85,469.9,469.9,2682082,0.0,1.0,UNH
2023-05-16,472.62,474.16,464.28,464.96,464.96,2179518,0.0,1.0,UNH
2023-05-15,476.29,476.66,468.82,471.89,471.89,2169713,0.0,1.0,UNH
2023-05-12,473.73,477.74,472.74,476.12,476.12,1536748,0.0,1.0,UNH
2023-05-11,472.99,475.04,470.72,473.73,473.73,2384419,0.0,1.0,UNH
2023-05-10,474.35,478.29,472.64,475.0,475.0,2018899,0.0,1.0,UNH
2023-05-09,477.68,484.04,475.22,475.3,475.3,2038644,0.0,1.0,UNH
2023-05-08,476.91,479.14,473.3,477.47,477.47,1738461,0.0,1.0,UNH
2023-05-05,478.86,485.44,476.9,479.08,479.08,2329402,0.0,1.0,UNH
2023-05-04,472.07,474.63,467.13,472.29,472.29,2555690,0.0,1.0,UNH
2023-05-03,479.19,480.21,473.02,474.39,474.39,1749709,0.0,1.0,UNH
2023-05-02,480.02,481.43,474.22,478.21,478.21,2152342,0.0,1.0,UNH
2023-05-01,479.38,484.02,476.68,480.45,480.45,2105592,0.0,1.0,UNH
2023-04-28,473.66,478.77,473.11,476.95,476.95,2398914,0.0,1.0,UNH
2023-04-27,467.37,475.88,467.37,475.38,475.38,2473223,0.0,1.0,UNH
2023-04-26,470.93,472.7,463.65,468.1,468.1,2899105,0.0,1.0,UNH
2023-04-25,477.53,483.17,475.49,476.79,476.79,2937292,0.0,1.0,UNH
2023-04-24,468.54,475.14,467.8,473.9,473.9,2322433,0.0,1.0,UNH
2023-04-21,474.97,475.64,467.31,468.94,468.94,3165280,0.0,1.0,UNH
2023-04-20,470.54,474.59,468.4,472.47,472.47,3283234,0.0,1.0,UNH
2023-04-19,485.25,486.53,468.75,471.25,471.25,5809078,0.0,1.0,UNH
2023-04-18,488.18,491.4,482.82,488.96,488.96,3232033,0.0,1.0,UNH
2023-04-17,493.07,493.92,487.29,489.81,489.81,3645537,0.0,1.0,UNH
2023-04-14,505.94,511.02,492.86,496.05,496.05,4871970,0.0,1.0,UNH
2023-04-13,507.8,514.13,504.49,510.04,510.04,4224353,0.0,1.0,UNH
2023-04-12,508.83,510.5,504.04,505.16,505.16,3422561,0.0,1.0,UNH
2023-04-11,500.26,506.16,499.37,504.95,504.95,3065335,0.0,1.0,UNH
2023-04-10,495.1,499.54,492.46,499.33,499.33,2714548,0.0,1.0,UNH
2023-04-06,495.28,498.42,491.55,497.04,497.04,3472551,0.0,1.0,UNH
2023-04-05,482.09,496.0,480.84,493.57,493.57,4964776,0.0,1.0,UNH
2023-04-04,477.87,480.84,476.71,478.08,478.08,2624755,0.0,1.0,UNH
2023-04-03,470.28,480.87,468.62,478.99,478.99,4729089,0.0,1.0,UNH
2023-03-31,457.02,461.35,455.64,458.05,458.05,3996695,0.0,1.0,UNH
2023-03-30,452.22,455.94,446.89,455.6,455.6,3324845,0.0,1.0,UNH
2023-03-29,460.5,461.24,450.65,452.24,452.24,3733210,0.0,1.0,UNH
2023-03-28,467.17,468.91,456.21,458.04,458.04,2369491,0.0,1.0,UNH
2023-03-27,470.62,471.33,463.87,467.08,467.08,2271779,0.0,1.0,UNH
2023-03-24,454.56,462.21,453.21,461.35,461.35,2533418,0.0,1.0,UNH
2023-03-23,462.73,465.89,452.32,455.46,455.46,3284884,0.0,1.0,UNH
2023-03-22,467.13,470.8,460.22,460.89,460.89,2632211,0.0,1.0,UNH
2023-03-21,463.68,466.64,461.09,465.33,465.33,3163424,0.0,1.0,UNH
2023-03-20,455.54,465.06,455.54,462.29,462.29,3119552,0.0,1.0,UNH
2023-03-17,456.89,457.49,451.96,455.06,455.06,5289996,0.0,1.0,UNH
2023-03-16,450.42,458.83,448.86,457.5,457.5,2941004,0.0,1.0,UNH
2023-03-15,446.81,454.46,445.11,451.11,451.11,3770207,0.0,1.0,UNH
2023-03-14,450.36,455.39,444.93,450.29,450.29,3258220,0.0,1.0,UNH
2023-03-13,444.54,455.9,444.54,449.42,449.42,2971643,0.0,1.0,UNH
2023-03-10,448.54,454.44,443.52,446.17,446.17,3787451,1.65,1.0,UNH
2023-03-09,457.73,457.73,447.88,449.0,449.0,2780394,0.0,1.0,UNH
2023-03-08,455.61,459.12,450.79,454.5,454.5,3036582,0.0,1.0,UNH
2023-03-07,466.45,467.26,456.39,457.66,457.66,2589219,0.0,1.0,UNH
2023-03-06,464.9,467.78,462.61,464.33,464.33,3812682,0.0,1.0,UNH
2023-03-03,461.59,462.71,457.99,462.18,462.18,2863285,0.0,1.0,UNH
2023-03-02,458.95,463.99,457.06,461.35,461.35,2189176,0.0,1.0,UNH
2023-03-01,457.4,462.03,455.85,458.96,458.96,2996913,0.0,1.0,UNH
2023-02-28,466.15,466.82,457.7,459.65,459.65,3902052,0.0,1.0,UNH
2023-02-27,472.04,474.14,465.47,466.78,466.78,3006212,0.0,1.0,UNH
2023-02-24,472.83,475.66,466.48,467.76,467.76,2940610,0.0,1.0,UNH
2023-02-23,470.01,476.45,469.24,474.86,474.86,2511809,0.0,1.0,UNH
2023-02-22,475.95,476.99,471.95,472.16,472.16,2982761,0.0,1.0,UNH
2023-02-21,479.7,484.24,473.72,474.5,474.5,2877341,0.0,1.0,UNH
2023-02-17,470.7,482.37,470.67,482.0,482.0,3891503,0.0,1.0,UNH
2023-02-16,474.34,477.1,470.6,470.67,470.67,2611457,0.0,1.0,UNH
2023-02-15,472.89,475.0,471.68,474.44,474.44,2243051,0.0,1.0,UNH
2023-02-14,477.38,480.91,472.35,475.97,475.97,2072571,0.0,1.0,UNH
2023-02-13,477.1,482.76,474.93,478.4,478.4,2589104,0.0,1.0,UNH
2023-02-10,472.39,478.7,472.03,477.34,477.34,3418087,0.0,1.0,UNH
2023-02-09,469.01,472.94,465.89,469.11,469.11,3664633,0.0,1.0,UNH
2023-02-08,459.2,468.44,458.85,466.68,466.68,3466399,0.0,1.0,UNH
2023-02-07,454.92,461.72,452.98,460.56,460.56,3394630,0.0,1.0,UNH
2023-02-06,455.85,462.58,454.89,458.98,458.98,4174173,0.0,1.0,UNH
2023-02-03,458.97,462.4,453.68,455.87,455.87,5440070,0.0,1.0,UNH
2023-02-02,477.35,478.06,448.02,454.72,454.72,11169877,0.0,1.0,UNH
2023-02-01,482.84,487.12,478.71,479.99,479.99,3451202,0.0,1.0,UNH
2023-01-31,480.96,488.2,476.26,482.11,482.11,5567038,0.0,1.0,UNH
2023-01-30,471.12,478.3,468.21,469.17,469.17,3606855,0.0,1.0,UNH
2023-01-27,476.49,476.49,467.89,469.42,469.42,3177132,0.0,1.0,UNH
2023-01-26,475.65,479.46,473.79,475.63,475.63,3004962,0.0,1.0,UNH
2023-01-25,472.54,478.41,469.11,475.65,475.65,3037315,0.0,1.0,UNH
2023-01-24,483.14,483.14,463.57,474.78,474.78,3036295,0.0,1.0,UNH
2023-01-23,470.03,473.33,464.92,469.19,469.19,3418670,0.0,1.0,UNH
2023-01-20,468.92,470.33,462.61,470.06,470.06,3525905,0.0,1.0,UNH
2023-01-19,461.52,469.75,461.05,467.79,467.79,4549554,0.0,1.0,UNH
2023-01-18,471.35,472.75,458.5,459.94,459.94,4398196,0.0,1.0,UNH
2023-01-17,474.39,476.07,467.23,468.48,468.48,4495565,0.0,1.0,UNH
2023-01-13,469.48,492.07,469.37,472.82,472.82,5390067,0.0,1.0,UNH
2023-01-12,473.23,481.66,468.62,478.71,478.71,3726800,0.0,1.0,UNH
2023-01-11,468.68,478.64,468.4,476.52,476.52,4274212,0.0,1.0,UNH
2023-01-10,472.12,473.69,466.16,469.37,469.37,3164038,0.0,1.0,UNH
2023-01-09,475.56,482.88,471.82,473.29,473.29,3702782,0.0,1.0,UNH
2023-01-06,474.77,476.0,470.86,473.23,473.23,4841278,0.0,1.0,UNH
2023-01-05,483.87,484.91,471.78,473.19,473.19,5497123,0.0,1.0,UNH
2023-01-04,500.89,500.89,483.47,487.24,487.24,5070439,0.0,1.0,UNH
2023-01-03,507.16,507.64,494.63,500.89,500.89,3525627,0.0,1.0,UNH
2022-12-30,511.86,512.35,506.88,512.04,512.04,1849605,0.0,1.0,UNH
2022-12-29,514.32,515.42,510.76,511.75,511.75,1379681,0.0,1.0,UNH
2022-12-28,516.76,519.73,509.68,510.37,510.37,1694377,0.0,1.0,UNH
2022-12-27,515.66,517.5,511.71,513.79,513.79,1596719,0.0,1.0,UNH
2022-12-23,506.17,513.13,505.0,513.13,513.13,1292327,0.0,1.0,UNH
2022-12-22,508.46,510.91,503.78,509.05,509.05,1852690,0.0,1.0,UNH
2022-12-21,505.71,509.82,500.37,509.49,509.49,2182136,0.0,1.0,UNH
2022-12-20,508.96,508.96,501.92,502.41,502.41,2086249,0.0,1.0,UNH
2022-12-19,506.65,509.17,503.1,505.68,505.68,1808107,0.0,1.0,UNH
2022-12-16,507.18,507.82,498.07,505.78,505.78,7109084,0.0,1.0,UNH
2022-12-15,515.72,515.79,507.49,509.62,509.62,2964503,0.0,1.0,UNH
2022-12-14,523.39,524.88,513.38,519.94,519.94,2654614,0.0,1.0,UNH
2022-12-13,531.72,532.14,516.79,519.8,519.8,3369673,0.0,1.0,UNH
2022-12-12,523.31,527.39,520.83,527.18,527.18,2714056,0.0,1.0,UNH
2022-12-09,529.18,529.72,520.43,520.75,520.75,2852394,0.0,1.0,UNH
2022-12-08,526.22,532.43,525.17,529.17,529.17,2272332,0.0,1.0,UNH
2022-12-07,522.33,527.22,521.17,524.33,524.33,2849099,0.0,1.0,UNH
2022-12-06,516.13,522.09,515.96,520.86,520.86,3097655,0.0,1.0,UNH
2022-12-05,513.3,521.89,512.71,516.73,516.73,2424963,0.0,1.0,UNH
2022-12-02,514.6,520.18,514.22,517.81,517.81,2346191,1.65,1.0,UNH
2022-12-01,531.82,532.44,515.88,516.95,516.95,2997802,0.0,1.0,UNH
2022-11-30,510.02,527.7,507.87,527.39,527.39,9688890,0.0,1.0,UNH
2022-11-29,511.9,513.15,504.18,508.37,508.37,3751059,0.0,1.0,UNH
2022-11-28,515.91,519.52,511.92,512.48,512.48,2702268,0.0,1.0,UNH
2022-11-25,514.14,520.74,512.72,517.63,517.63,1419205,0.0,1.0,UNH
2022-11-23,505.48,510.72,503.55,510.01,510.01,2238349,0.0,1.0,UNH
2022-11-22,500.61,505.15,500.58,503.64,503.64,2567508,0.0,1.0,UNH
2022-11-21,509.34,512.17,496.22,497.96,497.96,3349944,0.0,1.0,UNH
2022-11-18,502.71,513.18,500.14,510.29,510.29,3566312,0.0,1.0,UNH
2022-11-17,493.12,507.39,493.12,496.15,496.15,4247498,0.0,1.0,UNH
2022-11-16,487.08,495.01,486.68,492.5,492.5,3430771,0.0,1.0,UNH
2022-11-15,493.74,497.43,482.15,484.31,484.31,5103837,0.0,1.0,UNH
2022-11-14,502.59,509.31,494.32,494.65,494.65,5238379,0.0,1.0,UNH
2022-11-11,525.97,525.97,490.7,502.67,502.67,7034283,0.0,1.0,UNH
2022-11-10,528.52,531.19,514.1,523.94,523.94,3426381,0.0,1.0,UNH
2022-11-09,533.19,533.99,519.38,520.56,520.56,2672602,0.0,1.0,UNH
2022-11-08,526.71,534.17,521.85,532.49,532.49,2797204,0.0,1.0,UNH
2022-11-07,518.16,526.61,515.56,524.75,524.75,2540371,0.0,1.0,UNH
2022-11-04,526.71,527.39,507.54,518.16,518.16,3513052,0.0,1.0,UNH
2022-11-03,521.6,527.5,518.12,523.4,523.4,2245262,0.0,1.0,UNH
2022-11-02,524.17,533.96,522.88,523.22,523.22,2697704,0.0,1.0,UNH
2022-11-01,534.36,535.03,523.98,526.96,526.96,3339099,0.0,1.0,UNH
2022-10-31,534.36,537.35,529.67,534.51,534.51,2770635,0.0,1.0,UNH
2022-10-28,524.71,532.44,523.47,530.74,530.74,2761938,0.0,1.0,UNH
2022-10-27,526.2,526.2,519.69,521.65,521.65,2212194,0.0,1.0,UNH
2022-10-26,521.25,527.28,520.12,522.97,522.97,2863742,0.0,1.0,UNH
2022-10-25,517.79,523.7,514.05,520.13,520.13,2411856,0.0,1.0,UNH
2022-10-24,518.06,526.16,517.8,521.46,521.46,2627131,0.0,1.0,UNH
2022-10-21,498.8,516.58,498.75,513.88,513.88,2896214,0.0,1.0,UNH
2022-10-20,503.6,509.73,500.45,501.51,501.51,2390876,0.0,1.0,UNH
2022-10-19,502.34,504.34,495.47,500.97,500.97,2500475,0.0,1.0,UNH
2022-10-18,512.22,512.22,499.05,502.79,502.79,2345539,0.0,1.0,UNH
2022-10-17,498.49,504.81,496.12,502.48,502.48,3282253,0.0,1.0,UNH
2022-10-14,500.67,510.21,492.9,494.05,494.05,5629394,0.0,1.0,UNH
2022-10-13,475.1,494.38,469.6,490.95,490.95,3999686,0.0,1.0,UNH
2022-10-12,483.46,489.35,479.69,481.37,481.37,2254405,0.0,1.0,UNH
2022-10-11,478.49,487.98,476.77,481.23,481.23,2844484,0.0,1.0,UNH
2022-10-10,486.8,487.48,476.61,480.31,480.31,2459074,0.0,1.0,UNH
2022-10-07,495.05,495.05,482.43,486.08,486.08,3273730,0.0,1.0,UNH
2022-10-06,508.69,508.92,497.53,499.83,499.83,2187472,0.0,1.0,UNH
2022-10-05,501.63,509.67,500.79,507.47,507.47,2281842,0.0,1.0,UNH
2022-10-04,499.08,505.08,497.61,503.72,503.72,3189949,0.0,1.0,UNH
2022-10-03,488.23,498.56,486.61,496.34,496.34,2562378,0.0,1.0,UNH
2022-09-30,492.1,497.34,486.07,486.26,486.26,3115982,0.0,1.0,UNH
2022-09-29,495.63,495.63,483.79,489.91,489.91,2391995,0.0,1.0,UNH
2022-09-28,487.65,497.07,482.18,494.83,494.83,3027461,0.0,1.0,UNH
2022-09-27,491.39,497.58,484.86,489.47,489.47,2583422,0.0,1.0,UNH
2022-09-26,488.52,493.51,480.45,489.46,489.46,2867422,0.0,1.0,UNH
2022-09-23,494.46,495.52,487.55,494.51,494.51,2536898,0.0,1.0,UNH
2022-09-22,492.03,501.6,487.29,498.22,498.22,2276736,0.0,1.0,UNH
2022-09-21,505.51,508.38,492.98,493.04,493.04,2427676,0.0,1.0,UNH
2022-09-20,504.75,505.16,495.67,503.36,503.36,2421736,0.0,1.0,UNH
2022-09-19,499.31,504.52,493.9,504.08,504.08,2130831,0.0,1.0,UNH
2022-09-16,499.24,503.38,497.85,501.65,501.65,3981880,0.0,1.0,UNH
2022-09-15,497.1,508.35,495.02,503.47,503.47,3058112,0.0,1.0,UNH
2022-09-14,494.89,496.22,487.28,490.82,490.82,2648242,0.0,1.0,UNH
2022-09-13,504.52,505.73,492.93,494.85,494.85,3172459,0.0,1.0,UNH
2022-09-12,505.48,515.13,503.07,511.5,511.5,2792131,0.0,1.0,UNH
2022-09-09,508.2,508.2,503.15,504.84,504.84,2495566,1.65,1.0,UNH
2022-09-08,500.01,507.24,497.95,506.3,506.3,1557462,0.0,1.0,UNH
2022-09-07,496.22,502.45,493.99,500.71,500.71,2504420,0.0,1.0,UNH
2022-09-06,499.03,506.24,496.14,496.87,496.87,2711803,0.0,1.0,UNH
2022-09-02,508.33,508.49,493.15,495.59,495.59,1944395,0.0,1.0,UNH
2022-09-01,498.45,503.18,494.38,502.93,502.93,2085325,0.0,1.0,UNH
2022-08-31,499.88,505.91,498.28,498.45,498.45,2891267,0.0,1.0,UNH
2022-08-30,509.09,509.74,500.81,501.82,501.82,2013614,0.0,1.0,UNH
2022-08-29,504.85,511.48,501.85,508.47,508.47,1674213,0.0,1.0,UNH
2022-08-26,520.46,521.35,506.98,507.97,507.97,1906675,0.0,1.0,UNH
2022-08-25,513.5,520.23,509.89,519.8,519.8,1966031,0.0,1.0,UNH
2022-08-24,515.1,518.16,513.51,514.89,514.89,1761303,0.0,1.0,UNH
2022-08-23,521.45,521.45,511.77,514.26,514.26,2039750,0.0,1.0,UNH
2022-08-22,519.62,527.43,519.59,522.68,522.68,1673062,0.0,1.0,UNH
2022-08-19,523.57,530.89,522.91,526.28,526.28,2257960,0.0,1.0,UNH
2022-08-18,523.1,526.09,520.04,523.3,523.3,1486507,0.0,1.0,UNH
2022-08-17,523.32,525.77,519.8,523.09,523.09,1471658,0.0,1.0,UNH
2022-08-16,523.29,525.43,520.58,524.16,524.16,1773163,0.0,1.0,UNH
2022-08-15,519.89,525.21,516.91,522.74,522.74,1447471,0.0,1.0,UNH
2022-08-12,514.08,522.51,512.96,521.84,521.84,1981072,0.0,1.0,UNH
2022-08-11,516.6,516.98,508.38,511.44,511.44,3006208,0.0,1.0,UNH
2022-08-10,518.54,520.19,512.35,516.1,516.1,2291822,0.0,1.0,UNH
2022-08-09,518.29,523.8,514.82,515.66,515.66,2147371,0.0,1.0,UNH
2022-08-08,518.2,519.54,511.97,515.03,515.03,1656562,0.0,1.0,UNH
2022-08-05,508.69,513.97,506.35,513.55,513.55,2373351,0.0,1.0,UNH
2022-08-04,517.61,518.7,511.34,512.29,512.29,2368022,0.0,1.0,UNH
2022-08-03,515.66,521.76,514.15,518.91,518.91,1802871,0.0,1.0,UNH
2022-08-02,515.94,518.8,510.34,513.93,513.93,2114181,0.0,1.0,UNH
2022-08-01,520.47,521.79,509.65,513.86,513.86,2335110,0.0,1.0,UNH
2022-07-29,518.3,521.99,515.11,520.54,520.54,2945668,0.0,1.0,UNH
2022-07-28,515.88,522.45,510.36,519.72,519.72,2344515,0.0,1.0,UNH
2022-07-27,512.09,516.24,506.81,513.12,513.12,2254226,0.0,1.0,UNH
2022-07-26,512.34,516.03,509.68,510.22,510.22,2637778,0.0,1.0,UNH
2022-07-25,504.94,511.47,503.14,508.18,508.18,2337174,0.0,1.0,UNH
2022-07-22,504.85,506.39,497.56,500.45,500.45,1850361,0.0,1.0,UNH
2022-07-21,498.51,501.47,490.59,501.46,501.46,2667760,0.0,1.0,UNH
2022-07-20,512.0,512.58,495.0,498.59,498.59,4327501,0.0,1.0,UNH
2022-07-19,500.14,512.38,499.66,512.0,512.0,2953499,0.0,1.0,UNH
2022-07-18,509.65,510.77,497.89,498.49,498.49,3211973,0.0,1.0,UNH
2022-07-15,504.91,510.6,494.73,508.45,508.45,5742524,0.0,1.0,UNH
2022-07-14,475.1,485.55,472.49,482.23,482.23,3765477,0.0,1.0,UNH
2022-07-13,487.64,491.28,481.04,481.09,481.09,3467663,0.0,1.0,UNH
2022-07-12,492.62,498.27,490.09,493.74,493.74,2706479,0.0,1.0,UNH
2022-07-11,494.16,500.51,491.23,496.17,496.17,1743844,0.0,1.0,UNH
2022-07-08,491.71,507.13,490.47,497.78,497.78,3092242,0.0,1.0,UNH
2022-07-07,494.54,496.5,491.64,493.7,493.7,2385476,0.0,1.0,UNH
2022-07-06,485.31,496.61,484.03,494.57,494.57,2506694,0.0,1.0,UNH
2022-07-05,487.23,490.46,472.46,484.93,484.93,3029679,0.0,1.0,UNH
2022-07-01,491.72,496.72,482.12,496.6,496.6,2426595,0.0,1.0,UNH
2022-06-30,492.9,495.56,489.23,492.98,492.98,3568973,0.0,1.0,UNH
2022-06-29,488.39,497.85,485.67,494.98,494.98,3823386,0.0,1.0,UNH
2022-06-28,491.49,497.76,484.77,488.0,488.0,4978896,0.0,1.0,UNH
2022-06-27,473.02,491.31,472.78,485.33,485.33,3907063,0.0,1.0,UNH
2022-06-24,479.36,479.67,467.0,475.71,475.71,15861102,0.0,1.0,UNH
2022-06-23,475.05,483.33,472.18,479.72,479.72,4687671,0.0,1.0,UNH
2022-06-22,456.59,475.98,455.46,469.99,469.99,5062327,0.0,1.0,UNH
2022-06-21,439.4,465.61,438.72,461.01,461.01,5726819,0.0,1.0,UNH
2022-06-17,432.63,442.91,431.62,433.89,433.89,5277373,0.0,1.0,UNH
2022-06-16,435.17,439.4,432.56,437.75,437.75,3135644,1.65,1.0,UNH
2022-06-15,443.93,448.54,436.57,444.06,444.06,2550650,0.0,1.0,UNH
2022-06-14,447.09,448.69,437.44,441.59,441.59,3814182,0.0,1.0,UNH
2022-06-13,454.38,460.32,446.86,449.19,449.19,3764760,0.0,1.0,UNH
2022-06-10,463.63,468.75,459.93,463.47,463.47,2600182,0.0,1.0,UNH
2022-06-09,471.36,474.78,466.32,468.06,468.06,3148961,0.0,1.0,UNH
2022-06-08,472.43,476.16,467.22,471.98,471.98,3268069,0.0,1.0,UNH
2022-06-07,468.13,475.88,465.85,475.4,475.4,2341954,0.0,1.0,UNH
2022-06-06,468.06,472.08,465.06,468.78,468.78,1781544,0.0,1.0,UNH
2022-06-03,467.01,470.2,463.73,464.41,464.41,1756929,0.0,1.0,UNH
2022-06-02,472.43,474.49,461.88,470.77,470.77,2093659,0.0,1.0,UNH
2022-06-01,476.56,479.49,466.48,471.04,471.04,1766078,0.0,1.0,UNH
2022-05-31,481.63,482.1,474.02,475.09,475.09,4003074,0.0,1.0,UNH
2022-05-27,469.56,484.97,468.02,484.97,484.97,3349142,0.0,1.0,UNH
2022-05-26,479.83,485.11,477.6,480.3,480.3,2705786,0.0,1.0,UNH
2022-05-25,476.75,480.38,469.81,476.34,476.34,3161599,0.0,1.0,UNH
2022-05-24,469.36,476.33,467.32,475.84,475.84,2658056,0.0,1.0,UNH
2022-05-23,465.06,474.09,465.06,470.59,470.59,2279825,0.0,1.0,UNH
2022-05-20,460.36,466.19,451.69,464.52,464.52,3068172,0.0,1.0,UNH
2022-05-19,444.05,460.55,443.1,457.66,457.66,3813778,0.0,1.0,UNH
2022-05-18,466.94,467.85,447.91,450.8,450.8,3240456,0.0,1.0,UNH
2022-05-17,472.43,473.12,467.13,471.02,471.02,2289028,0.0,1.0,UNH
2022-05-16,464.22,473.92,463.01,467.86,467.86,2338841,0.0,1.0,UNH
2022-05-13,459.98,465.74,455.03,464.21,464.21,2453460,0.0,1.0,UNH
2022-05-12,464.88,465.63,450.84,457.89,457.89,3997597,0.0,1.0,UNH
2022-05-11,463.24,478.67,463.24,464.92,464.92,3936256,0.0,1.0,UNH
2022-05-10,472.25,474.68,460.11,466.7,466.7,4275796,0.0,1.0,UNH
2022-05-09,468.99,473.03,463.28,465.18,465.18,3862856,0.0,1.0,UNH
2022-05-06,463.83,479.67,463.82,477.81,477.81,3260260,0.0,1.0,UNH
2022-05-05,485.06,488.37,467.87,473.12,473.12,3359731,0.0,1.0,UNH
2022-05-04,477.69,487.51,471.56,485.46,485.46,3950604,0.0,1.0,UNH
2022-05-03,479.25,483.45,475.76,477.81,477.81,2763469,0.0,1.0,UNH
2022-05-02,488.51,491.09,471.8,479.27,479.27,3184294,0.0,1.0,UNH
2022-04-29,496.2,497.2,484.83,486.35,486.35,2873166,0.0,1.0,UNH
2022-04-28,494.2,503.3,490.76,501.52,501.52,2584196,0.0,1.0,UNH
2022-04-27,492.43,498.16,487.56,491.38,491.38,3353693,0.0,1.0,UNH
2022-04-26,501.35,503.28,491.09,491.35,491.35,2869754,0.0,1.0,UNH
2022-04-25,497.68,503.28,489.39,501.38,501.38,3030378,0.0,1.0,UNH
2022-04-22,508.83,510.06,497.47,498.19,498.19,3453260,0.0,1.0,UNH
2022-04-21,521.68,524.07,512.63,513.97,513.97,2539864,0.0,1.0,UNH
2022-04-20,518.47,524.42,515.47,522.17,522.17,2955637,0.0,1.0,UNH
2022-04-19,512.49,518.79,511.87,514.22,514.22,2207570,0.0,1.0,UNH
2022-04-18,514.41,517.38,507.22,510.76,510.76,2087301,0.0,1.0,UNH
2022-04-14,514.99,529.13,510.75,511.47,511.47,4211268,0.0,1.0,UNH
2022-04-13,510.03,514.78,505.54,513.55,513.55,3011998,0.0,1.0,UNH
2022-04-12,512.03,517.12,507.6,510.41,510.41,3575727,0.0,1.0,UNH
2022-04-11,519.86,523.7,513.21,513.97,513.97,3573972,0.0,1.0,UNH
2022-04-08,515.47,525.0,514.61,522.12,522.12,3986655,0.0,1.0,UNH
2022-04-07,506.86,514.78,505.32,513.51,513.51,2866953,0.0,1.0,UNH
2022-04-06,495.59,510.22,495.38,508.53,508.53,3955553,0.0,1.0,UNH
2022-04-05,487.73,501.82,485.82,495.15,495.15,2905259,0.0,1.0,UNH
2022-04-04,489.85,490.1,482.5,487.75,487.75,2658095,0.0,1.0,UNH
2022-04-01,488.38,492.3,484.48,490.21,490.21,2344164,0.0,1.0,UNH
2022-03-31,494.52,499.1,487.42,487.7,487.7,3979655,0.0,1.0,UNH
2022-03-30,492.62,498.44,490.1,498.08,498.08,3041170,0.0,1.0,UNH
2022-03-29,494.52,496.9,485.15,488.43,488.43,3478451,0.0,1.0,UNH
2022-03-28,491.86,494.56,486.59,490.79,490.79,2643027,0.0,1.0,UNH
2022-03-25,491.74,493.98,487.01,490.63,490.63,2492800,0.0,1.0,UNH
2022-03-24,482.95,493.26,481.86,491.04,491.04,2789323,0.0,1.0,UNH
2022-03-23,480.34,484.92,479.45,481.26,481.26,2753285,0.0,1.0,UNH
2022-03-22,487.03,489.5,482.8,483.26,483.26,2682975,0.0,1.0,UNH
2022-03-21,482.96,490.6,482.34,485.49,485.49,2610551,0.0,1.0,UNH
2022-03-18,486.53,488.38,479.66,484.02,484.02,4991611,0.0,1.0,UNH
2022-03-17,474.34,484.98,473.56,484.88,484.88,2357157,0.0,1.0,UNH
2022-03-16,478.01,483.43,468.61,476.5,476.5,3497127,0.0,1.0,UNH
2022-03-15,468.61,478.11,466.03,476.17,476.17,3043036,0.0,1.0,UNH
2022-03-14,468.99,473.95,464.09,466.62,466.62,2704148,0.0,1.0,UNH
2022-03-11,466.53,472.24,461.44,461.79,461.79,2615085,1.45,1.0,UNH
2022-03-10,457.03,470.74,455.6,468.58,468.58,2834819,0.0,1.0,UNH
2022-03-09,460.13,465.02,451.56,462.98,462.98,3115667,0.0,1.0,UNH
2022-03-08,456.52,461.95,449.58,451.43,451.43,3849520,0.0,1.0,UNH
2022-03-07,476.74,476.74,460.55,464.22,464.22,4123289,0.0,1.0,UNH
2022-03-04,458.33,476.41,455.27,475.45,475.45,4172420,0.0,1.0,UNH
2022-03-03,463.39,468.52,459.78,463.95,463.95,3139373,0.0,1.0,UNH
2022-03-02,455.94,464.5,455.66,462.8,462.8,3675930,0.0,1.0,UNH
2022-03-01,448.98,454.77,445.96,454.09,454.09,2917576,0.0,1.0,UNH
2022-02-28,444.18,455.1,443.95,453.73,453.73,3918405,0.0,1.0,UNH
2022-02-25,435.4,453.64,435.0,453.62,453.62,3314383,0.0,1.0,UNH
2022-02-24,428.61,435.35,425.0,434.68,434.68,3933013,0.0,1.0,UNH
2022-02-23,445.45,445.96,437.49,438.24,438.24,2840271,0.0,1.0,UNH
2022-02-22,442.25,445.45,436.52,440.99,440.99,2770194,0.0,1.0,UNH
2022-02-18,448.37,452.82,445.11,446.04,446.04,2992317,0.0,1.0,UNH
2022-02-17,455.92,456.99,447.07,448.46,448.46,2403087,0.0,1.0,UNH
2022-02-16,453.38,459.32,449.46,457.72,457.72,2651838,0.0,1.0,UNH
2022-02-15,453.8,458.78,453.09,455.98,455.98,3001062,0.0,1.0,UNH
2022-02-14,453.01,455.51,447.49,452.33,452.33,2549550,0.0,1.0,UNH
2022-02-11,462.13,467.61,454.27,455.88,455.88,2493767,0.0,1.0,UNH
2022-02-10,469.34,471.23,462.5,464.07,464.07,2626102,0.0,1.0,UNH
2022-02-09,473.88,477.62,473.2,474.93,474.93,2818193,0.0,1.0,UNH
2022-02-08,458.95,472.61,458.95,470.45,470.45,3534674,0.0,1.0,UNH
2022-02-07,462.35,464.59,458.91,461.2,461.2,2937150,0.0,1.0,UNH
2022-02-04,459.34,466.84,457.85,460.69,460.69,3066628,0.0,1.0,UNH
2022-02-03,475.45,476.91,461.07,466.03,466.03,4370853,0.0,1.0,UNH
2022-02-02,447.24,459.56,447.24,457.46,457.46,3026806,0.0,1.0,UNH
2022-02-01,452.9,452.9,441.22,446.62,446.62,3148584,0.0,1.0,UNH
2022-01-31,443.37,451.16,442.79,450.58,450.58,3500457,0.0,1.0,UNH
2022-01-28,439.93,444.59,433.91,444.38,444.38,3364353,0.0,1.0,UNH
2022-01-27,436.77,446.87,435.75,440.12,440.12,3508851,0.0,1.0,UNH
2022-01-26,437.12,442.3,432.35,437.1,437.1,4435865,0.0,1.0,UNH
2022-01-25,432.94,438.11,426.46,435.59,435.59,3428905,0.0,1.0,UNH
2022-01-24,436.76,442.55,427.28,440.76,440.76,4782531,0.0,1.0,UNH
2022-01-21,441.94,448.89,439.62,439.71,439.71,4273182,0.0,1.0,UNH
2022-01-20,442.77,449.69,440.51,441.46,441.46,3228619,0.0,1.0,UNH
2022-01-19,446.23,453.37,440.04,441.0,441.0,3961802,0.0,1.0,UNH
2022-01-18,443.53,444.04,437.02,439.54,439.54,3850100,0.0,1.0,UNH
2022-01-14,448.03,451.16,443.44,446.88,446.88,3665568,0.0,1.0,UNH
2022-01-13,453.75,454.38,444.3,445.68,445.68,3005301,0.0,1.0,UNH
2022-01-12,447.15,453.21,444.64,451.68,451.68,3502254,0.0,1.0,UNH
2022-01-11,445.46,448.56,439.24,447.18,447.18,3330330,0.0,1.0,UNH
2022-01-10,434.78,444.19,433.3,443.37,443.37,5831782,0.0,1.0,UNH
2022-01-07,445.93,446.2,434.36,437.26,437.26,5494221,0.0,1.0,UNH
2022-01-06,457.67,461.61,441.57,447.8,447.8,6555181,0.0,1.0,UNH
2022-01-05,471.75,473.88,466.91,466.91,466.91,3921068,0.0,1.0,UNH
2022-01-04,479.79,480.31,468.04,468.06,468.06,3908144,0.0,1.0,UNH
2022-01-03,476.74,479.5,470.11,478.91,478.91,3034118,0.0,1.0,UNH
2021-12-31,480.68,483.29,478.68,478.78,478.78,1638257,0.0,1.0,UNH
2021-12-30,484.3,485.54,480.22,480.96,480.96,1309798,0.0,1.0,UNH
2021-12-29,481.29,483.62,478.64,482.06,482.06,1573962,0.0,1.0,UNH
2021-12-28,478.64,481.81,477.12,479.54,479.54,1495560,0.0,1.0,UNH
2021-12-27,475.48,477.02,473.53,476.26,476.26,1349434,0.0,1.0,UNH
2021-12-23,471.97,474.97,469.88,472.33,472.33,1706591,0.0,1.0,UNH
2021-12-22,464.48,472.4,463.29,471.14,471.14,1687590,0.0,1.0,UNH
2021-12-21,464.36,466.25,459.76,464.54,464.54,2535993,0.0,1.0,UNH
2021-12-20,459.57,462.44,453.15,461.22,461.22,3145690,0.0,1.0,UNH
2021-12-17,468.56,470.19,463.75,464.46,464.46,5716464,0.0,1.0,UNH
2021-12-16,471.03,473.84,467.31,469.93,469.93,4080828,0.0,1.0,UNH
2021-12-15,458.24,472.35,457.8,471.38,471.38,4188582,0.0,1.0,UNH
2021-12-14,457.43,460.56,454.98,457.15,457.15,3018220,0.0,1.0,UNH
2021-12-13,454.83,457.91,451.96,455.89,455.89,2724800,0.0,1.0,UNH
2021-12-10,450.04,456.22,449.1,455.98,455.98,2572300,0.0,1.0,UNH
2021-12-09,446.73,452.4,445.62,451.3,451.3,2977510,0.0,1.0,UNH
2021-12-08,444.4,448.29,440.97,447.05,447.05,3228297,0.0,1.0,UNH
2021-12-07,441.22,444.08,438.82,443.11,443.11,3105216,0.0,1.0,UNH
2021-12-06,431.11,440.3,430.51,438.7,438.7,4721697,0.0,1.0,UNH
2021-12-03,426.94,433.3,424.46,428.42,428.42,3038334,1.45,1.0,UNH
2021-12-02,421.17,425.67,417.44,423.9,423.9,4738801,0.0,1.0,UNH
2021-12-01,430.43,433.31,422.11,422.3,422.3,4325958,0.0,1.0,UNH
2021-11-30,424.89,428.97,419.37,422.19,422.19,7435449,0.0,1.0,UNH
2021-11-29,421.56,430.61,418.7,429.58,429.58,4079718,0.0,1.0,UNH
2021-11-26,422.86,425.95,416.48,418.09,418.09,2480600,0.0,1.0,UNH
2021-11-24,424.49,428.61,423.54,427.84,427.84,2248937,0.0,1.0,UNH
2021-11-23,414.39,425.33,414.38,424.96,424.96,2857609,0.0,1.0,UNH
2021-11-22,420.86,421.74,415.7,415.84,415.84,2598754,0.0,1.0,UNH
2021-11-19,425.91,427.16,417.7,418.18,418.18,3536082,0.0,1.0,UNH
2021-11-18,426.48,430.35,424.94,427.18,427.18,2073808,0.0,1.0,UNH
2021-11-17,428.05,431.45,426.48,426.69,426.69,2281511,0.0,1.0,UNH
2021-11-16,430.52,435.62,427.08,427.32,427.32,3383816,0.0,1.0,UNH
2021-11-15,435.29,435.48,428.16,428.44,428.44,2849840,0.0,1.0,UNH
2021-11-12,437.82,438.14,434.41,436.23,436.23,2570170,0.0,1.0,UNH
2021-11-11,437.19,438.0,432.85,434.71,434.71,2246838,0.0,1.0,UNH
2021-11-10,442.31,442.89,433.98,437.09,437.09,2818195,0.0,1.0,UNH
2021-11-09,439.68,441.44,437.46,441.32,441.32,2654207,0.0,1.0,UNH
2021-11-08,434.19,441.17,431.78,439.68,439.68,2279871,0.0,1.0,UNH
2021-11-05,435.12,438.63,432.03,433.21,433.21,2904970,0.0,1.0,UNH
2021-11-04,434.91,435.77,429.74,434.11,434.11,2517324,0.0,1.0,UNH
2021-11-03,428.08,434.83,424.87,434.65,434.65,2438191,0.0,1.0,UNH
2021-11-02,433.63,433.8,428.04,429.62,429.62,2595664,0.0,1.0,UNH
2021-11-01,438.92,442.66,428.8,431.59,431.59,2188357,0.0,1.0,UNH
2021-10-29,431.87,438.51,430.59,437.63,437.63,2497757,0.0,1.0,UNH
2021-10-28,430.53,435.19,430.08,432.85,432.85,1672551,0.0,1.0,UNH
2021-10-27,432.09,437.61,430.99,430.99,430.99,3520637,0.0,1.0,UNH
2021-10-26,428.15,435.01,425.39,432.09,432.09,3103922,0.0,1.0,UNH
2021-10-25,427.68,430.19,424.3,427.2,427.2,3553683,0.0,1.0,UNH
2021-10-22,418.98,427.01,418.62,426.88,426.88,2736159,0.0,1.0,UNH
2021-10-21,413.9,420.56,413.5,420.35,420.35,2465157,0.0,1.0,UNH
2021-10-20,405.82,413.93,405.67,413.51,413.51,2764103,0.0,1.0,UNH
2021-10-19,405.66,406.6,402.4,403.33,403.33,1616762,0.0,1.0,UNH
2021-10-18,406.77,406.77,402.82,403.56,403.56,2232846,0.0,1.0,UNH
2021-10-15,401.12,409.14,400.6,406.84,406.84,3312213,0.0,1.0,UNH
2021-10-14,404.55,412.0,397.08,399.51,399.51,6038968,0.0,1.0,UNH
2021-10-13,383.34,385.21,378.37,383.54,383.54,3022259,0.0,1.0,UNH
2021-10-12,385.02,388.13,382.36,383.24,383.24,2415888,0.0,1.0,UNH
2021-10-11,387.77,390.82,384.16,384.91,384.91,2164172,0.0,1.0,UNH
2021-10-08,386.25,388.83,382.67,388.2,388.2,2012300,0.0,1.0,UNH
2021-10-07,377.08,387.93,377.04,384.63,384.63,2813903,0.0,1.0,UNH
2021-10-06,371.37,375.2,366.71,374.7,374.7,2809162,0.0,1.0,UNH
2021-10-05,370.03,376.37,369.94,373.92,373.92,3269575,0.0,1.0,UNH
2021-10-04,372.2,375.55,365.68,367.82,367.82,3074800,0.0,1.0,UNH
2021-10-01,372.18,374.17,364.12,372.97,372.97,3146595,0.0,1.0,UNH
2021-09-30,381.58,383.48,371.1,371.36,371.36,3779978,0.0,1.0,UNH
2021-09-29,377.31,381.92,376.17,380.55,380.55,2056513,0.0,1.0,UNH
2021-09-28,382.63,383.96,377.33,378.85,378.85,3115355,0.0,1.0,UNH
2021-09-27,387.6,391.71,384.88,385.17,385.17,2608595,0.0,1.0,UNH
2021-09-24,386.76,387.66,385.13,386.89,386.89,1950406,0.0,1.0,UNH
2021-09-23,389.48,394.28,387.3,387.79,387.79,2681575,0.0,1.0,UNH
2021-09-22,384.86,391.57,384.86,388.43,388.43,3629528,0.0,1.0,UNH
2021-09-21,394.43,398.01,391.77,391.89,391.89,2382332,0.0,1.0,UNH
2021-09-20,396.24,398.5,388.45,392.23,392.23,2799803,0.0,1.0,UNH
2021-09-17,394.39,400.21,394.39,399.32,399.32,4534224,0.0,1.0,UNH
2021-09-16,398.86,402.4,394.38,396.17,396.17,2262750,0.0,1.0,UNH
2021-09-15,392.06,400.52,389.19,396.81,396.81,3180913,0.0,1.0,UNH
2021-09-14,396.88,396.88,390.96,392.08,392.08,2879816,0.0,1.0,UNH
2021-09-13,387.75,396.14,386.29,393.96,393.96,3068508,0.0,1.0,UNH
2021-09-10,394.95,395.37,382.62,383.88,383.88,4215812,1.45,1.0,UNH
2021-09-09,393.33,397.95,391.99,392.58,392.58,3508654,0.0,1.0,UNH
2021-09-08,398.87,400.46,392.25,393.38,393.38,2262485,0.0,1.0,UNH
2021-09-07,398.03,399.88,395.45,398.92,398.92,1920360,0.0,1.0,UNH
2021-09-03,399.57,401.53,398.32,400.45,400.45,1604878,0.0,1.0,UNH
2021-09-02,396.95,401.91,396.08,401.26,401.26,3137553,0.0,1.0,UNH
2021-09-01,394.47,397.62,389.45,395.23,395.23,2034426,0.0,1.0,UNH
2021-08-31,394.9,398.44,392.26,394.21,394.21,4249141,0.0,1.0,UNH
2021-08-30,396.57,398.28,395.74,396.13,396.13,1284534,0.0,1.0,UNH
2021-08-27,395.86,398.07,394.06,396.57,396.57,1621625,0.0,1.0,UNH
2021-08-26,397.53,399.06,394.55,394.76,394.76,1385426,0.0,1.0,UNH
2021-08-25,399.5,401.17,397.22,397.5,397.5,1939263,0.0,1.0,UNH
2021-08-24,402.97,403.37,399.37,400.97,400.97,1619511,0.0,1.0,UNH
2021-08-23,407.74,407.74,402.38,402.82,402.82,2375913,0.0,1.0,UNH
2021-08-20,405.65,408.5,404.29,406.94,406.94,2401874,0.0,1.0,UNH
2021-08-19,393.37,405.65,390.55,405.22,405.22,3204670,0.0,1.0,UNH
2021-08-18,399.02,399.25,394.99,395.21,395.21,3037085,0.0,1.0,UNH
2021-08-17,395.0,400.11,394.55,399.43,399.43,2257975,0.0,1.0,UNH
2021-08-16,388.12,395.3,385.74,395.1,395.1,2377942,0.0,1.0,UNH
2021-08-13,385.51,388.32,384.41,387.96,387.96,1536032,0.0,1.0,UNH
2021-08-12,385.43,387.07,382.88,384.45,384.45,1940158,0.0,1.0,UNH
2021-08-11,391.14,391.99,385.91,386.13,386.13,1542591,0.0,1.0,UNH
2021-08-10,388.76,391.73,386.92,389.96,389.96,1441848,0.0,1.0,UNH
2021-08-09,392.96,394.17,388.6,389.1,389.1,1509781,0.0,1.0,UNH
2021-08-06,390.18,394.68,390.18,393.12,393.12,1944057,0.0,1.0,UNH
2021-08-05,399.69,399.87,386.27,389.4,389.4,3598649,0.0,1.0,UNH
2021-08-04,399.68,401.21,397.47,399.2,399.2,1995410,0.0,1.0,UNH
2021-08-03,393.78,399.77,393.08,399.54,399.54,2496628,0.0,1.0,UNH
2021-08-02,391.65,394.37,390.93,393.55,393.55,1806710,0.0,1.0,UNH
2021-07-30,388.99,391.84,388.51,390.38,390.38,1864207,0.0,1.0,UNH
2021-07-29,389.49,390.72,386.78,390.24,390.24,1548884,0.0,1.0,UNH
2021-07-28,392.53,392.53,385.24,387.49,387.49,2446949,0.0,1.0,UNH
2021-07-27,390.17,393.25,387.76,393.1,393.1,2630593,0.0,1.0,UNH
2021-07-26,394.74,395.54,389.13,391.63,391.63,2232878,0.0,1.0,UNH
2021-07-23,395.75,397.12,393.95,395.57,395.57,1611877,0.0,1.0,UNH
2021-07-22,393.97,394.74,391.81,393.74,393.74,1421946,0.0,1.0,UNH
2021-07-21,394.96,395.12,389.06,392.67,392.67,1863958,0.0,1.0,UNH
2021-07-20,389.22,395.59,388.85,391.09,391.09,3186929,0.0,1.0,UNH
2021-07-19,395.13,397.3,385.25,387.38,387.38,3611295,0.0,1.0,UNH
2021-07-16,399.03,399.91,395.51,397.46,397.46,2625375,0.0,1.0,UNH
2021-07-15,390.08,399.38,385.62,397.79,397.79,3546506,0.0,1.0,UNH
2021-07-14,398.47,400.14,391.45,392.76,392.76,3538730,0.0,1.0,UNH
2021-07-13,394.31,397.45,393.68,396.36,396.36,2948990,0.0,1.0,UNH
2021-07-12,389.24,394.33,388.57,393.99,393.99,2802629,0.0,1.0,UNH
2021-07-09,390.67,391.35,388.87,390.27,390.27,2078874,0.0,1.0,UNH
2021-07-08,386.96,389.06,383.61,388.23,388.23,2032596,0.0,1.0,UNH
2021-07-07,388.6,390.34,385.62,389.85,389.85,2270451,0.0,1.0,UNH
2021-07-06,387.01,389.37,384.21,388.52,388.52,2615260,0.0,1.0,UNH
2021-07-02,383.62,388.15,382.48,387.67,387.67,1982443,0.0,1.0,UNH
2021-07-01,380.73,383.73,380.52,383.43,383.43,2678291,0.0,1.0,UNH
2021-06-30,376.47,380.13,375.77,379.22,379.22,2875702,0.0,1.0,UNH
2021-06-29,380.67,381.83,376.42,377.0,377.0,2458834,0.0,1.0,UNH
2021-06-28,383.49,383.53,376.84,380.19,380.19,3193451,0.0,1.0,UNH
2021-06-25,378.9,388.25,377.87,383.49,383.49,16928876,0.0,1.0,UNH
2021-06-24,377.21,380.85,375.81,377.73,377.73,3309150,0.0,1.0,UNH
2021-06-23,376.74,377.86,374.32,374.6,374.6,2942116,0.0,1.0,UNH
2021-06-22,379.38,379.42,376.74,377.56,377.56,3964629,0.0,1.0,UNH
2021-06-21,368.74,378.04,368.59,376.98,376.98,3839370,0.0,1.0,UNH
2021-06-18,366.76,371.85,366.73,368.74,368.74,5521433,1.45,1.0,UNH
2021-06-17,373.62,375.58,372.31,374.9,374.9,3532149,0.0,1.0,UNH
2021-06-16,378.44,380.37,374.26,374.8,374.8,3292435,0.0,1.0,UNH
2021-06-15,377.36,378.81,374.07,377.66,377.66,2845842,0.0,1.0,UNH
2021-06-14,374.85,376.9,372.8,376.61,376.61,2675015,0.0,1.0,UNH
2021-06-11,380.56,380.57,372.47,375.41,375.41,3094507,0.0,1.0,UNH
2021-06-10,379.2,380.09,375.95,378.8,378.8,4033653,0.0,1.0,UNH
2021-06-09,380.54,382.85,377.89,378.44,378.44,1925796,0.0,1.0,UNH
2021-06-08,378.08,379.99,376.21,379.04,379.04,3051309,0.0,1.0,UNH
2021-06-07,383.96,384.2,376.16,377.63,377.63,3353805,0.0,1.0,UNH
2021-06-04,387.74,387.78,381.78,382.72,382.72,2991121,0.0,1.0,UNH
2021-06-03,380.7,386.6,380.08,384.91,384.91,2281157,0.0,1.0,UNH
2021-06-02,386.02,386.02,381.69,382.92,382.92,2232967,0.0,1.0,UNH
2021-06-01,390.35,390.35,383.2,383.74,383.74,2199581,0.0,1.0,UNH
2021-05-28,389.38,391.99,386.85,388.64,388.64,2368025,0.0,1.0,UNH
2021-05-27,391.47,391.65,387.19,389.38,389.38,2041955,0.0,1.0,UNH
2021-05-26,388.81,391.83,387.79,389.86,389.86,1903928,0.0,1.0,UNH
2021-05-25,388.58,390.47,385.79,389.71,389.71,2285601,0.0,1.0,UNH
2021-05-24,389.07,390.51,386.76,387.73,387.73,1883815,0.0,1.0,UNH
2021-05-21,387.55,394.97,386.32,388.37,388.37,4295746,0.0,1.0,UNH
2021-05-20,386.39,390.45,385.25,385.55,385.55,2105974,0.0,1.0,UNH
2021-05-19,386.35,387.51,381.41,386.36,386.36,2783146,0.0,1.0,UNH
2021-05-18,386.54,389.63,383.31,387.19,387.19,2694776,0.0,1.0,UNH
2021-05-17,386.18,389.2,385.48,385.54,385.54,1584082,0.0,1.0,UNH
2021-05-14,387.77,389.28,385.42,386.64,386.64,2072948,0.0,1.0,UNH
2021-05-13,383.32,389.83,381.47,385.47,385.47,2638499,0.0,1.0,UNH
2021-05-12,386.16,387.63,381.81,382.46,382.46,2888410,0.0,1.0,UNH
2021-05-11,397.21,398.43,387.41,388.44,388.44,3024021,0.0,1.0,UNH
2021-05-10,395.58,401.91,394.58,397.11,397.11,2489255,0.0,1.0,UNH
2021-05-07,391.55,395.34,390.67,394.05,394.05,1851063,0.0,1.0,UNH
2021-05-06,389.66,393.3,389.25,391.52,391.52,3058890,0.0,1.0,UNH
2021-05-05,387.3,389.43,386.48,389.19,389.19,2047018,0.0,1.0,UNH
2021-05-04,382.57,389.16,380.7,388.1,388.1,3237206,0.0,1.0,UNH
2021-05-03,378.34,383.79,377.9,382.96,382.96,2568596,0.0,1.0,UNH
2021-04-30,378.34,379.15,375.84,376.27,376.27,2328135,0.0,1.0,UNH
2021-04-29,374.33,379.44,373.91,378.86,378.86,1996547,0.0,1.0,UNH
2021-04-28,372.85,374.56,371.08,372.29,372.29,1886514,0.0,1.0,UNH
2021-04-27,372.36,373.93,370.13,372.21,372.21,1758509,0.0,1.0,UNH
2021-04-26,377.22,377.4,372.88,373.49,373.49,1642260,0.0,1.0,UNH
2021-04-23,373.27,379.28,372.21,377.69,377.69,2263403,0.0,1.0,UNH
2021-04-22,375.93,376.23,370.97,374.13,374.13,2718851,0.0,1.0,UNH
2021-04-21,376.32,378.79,373.1,376.27,376.27,2473336,0.0,1.0,UNH
2021-04-20,367.83,375.4,367.41,374.12,374.12,3348284,0.0,1.0,UNH
2021-04-19,367.96,371.16,366.52,367.81,367.81,2965522,0.0,1.0,UNH
2021-04-16,371.66,371.66,363.67,368.92,368.92,4532625,0.0,1.0,UNH
2021-04-15,358.53,370.19,358.53,367.97,367.97,4488251,0.0,1.0,UNH
2021-04-14,354.13,356.65,353.41,354.4,354.4,2805633,0.0,1.0,UNH
2021-04-13,354.99,357.88,353.18,353.34,353.34,2652332,0.0,1.0,UNH
2021-04-12,353.32,358.37,352.9,355.02,355.02,3057307,0.0,1.0,UNH
2021-04-09,347.54,355.33,346.26,355.04,355.04,2483494,0.0,1.0,UNH
2021-04-08,342.59,346.18,342.59,344.27,344.27,2426651,0.0,1.0,UNH
2021-04-07,343.61,345.21,340.18,344.98,344.98,2159172,0.0,1.0,UNH
2021-04-06,347.94,348.89,342.22,343.78,343.78,2698564,0.0,1.0,UNH
2021-04-05,348.73,351.57,346.87,349.26,349.26,2709486,0.0,1.0,UNH
2021-04-01,351.17,351.63,345.09,346.33,346.33,2977791,0.0,1.0,UNH
2021-03-31,351.73,355.7,350.79,351.05,351.05,3356472,0.0,1.0,UNH
2021-03-30,356.22,358.41,350.79,352.45,352.45,3066057,0.0,1.0,UNH
2021-03-29,355.09,359.0,353.8,357.64,357.64,2740463,0.0,1.0,UNH
2021-03-26,350.67,355.75,349.36,355.21,355.21,2959773,0.0,1.0,UNH
2021-03-25,349.66,351.08,342.86,350.12,350.12,3021494,0.0,1.0,UNH
2021-03-24,345.37,352.68,344.86,349.66,349.66,3407781,0.0,1.0,UNH
2021-03-23,348.01,350.55,346.47,347.68,347.68,3100090,0.0,1.0,UNH
2021-03-22,344.38,347.75,339.76,346.13,346.13,3505213,0.0,1.0,UNH
2021-03-19,341.47,349.53,338.72,344.92,344.92,8572926,0.0,1.0,UNH
2021-03-18,332.93,343.73,332.43,341.59,341.59,3311649,0.0,1.0,UNH
2021-03-17,335.1,337.84,331.95,332.28,332.28,2633061,0.0,1.0,UNH
2021-03-16,333.55,335.28,332.02,334.56,334.56,2904194,0.0,1.0,UNH
2021-03-15,336.75,337.71,331.69,333.88,333.88,2343695,0.0,1.0,UNH
2021-03-12,333.21,336.66,332.1,335.9,335.9,2088664,1.25,1.0,UNH
2021-03-11,329.78,334.68,328.95,331.98,331.98,2520563,0.0,1.0,UNH
2021-03-10,332.74,333.28,327.66,328.69,328.69,3012275,0.0,1.0,UNH
2021-03-09,331.81,339.64,330.33,330.93,330.93,4277593,0.0,1.0,UNH
2021-03-08,326.26,332.83,324.93,329.23,329.23,3419860,0.0,1.0,UNH
2021-03-05,314.99,327.46,314.98,326.34,326.34,4563095,0.0,1.0,UNH
2021-03-04,314.18,320.46,312.77,313.85,313.85,4991609,0.0,1.0,UNH
2021-03-03,313.39,317.94,312.88,312.96,312.96,3039667,0.0,1.0,UNH
2021-03-02,314.96,317.47,313.92,314.63,314.63,2568915,0.0,1.0,UNH
2021-03-01,314.36,318.64,313.72,314.64,314.64,4199115,0.0,1.0,UNH
2021-02-26,310.78,317.7,310.12,312.35,312.35,5385981,0.0,1.0,UNH
2021-02-25,311.2,313.65,307.78,309.2,309.2,2471516,0.0,1.0,UNH
2021-02-24,308.84,313.65,306.54,312.34,312.34,3360533,0.0,1.0,UNH
2021-02-23,310.25,313.97,307.1,309.8,309.8,3225724,0.0,1.0,UNH
2021-02-22,302.27,309.37,301.19,308.04,308.04,2685816,0.0,1.0,UNH
2021-02-19,309.09,309.18,304.73,305.17,305.17,2313753,0.0,1.0,UNH
2021-02-18,306.41,309.87,305.75,308.77,308.77,2385100,0.0,1.0,UNH
2021-02-17,304.11,308.95,302.97,307.31,307.31,2579836,0.0,1.0,UNH
2021-02-16,307.78,310.11,303.19,305.21,305.21,4339162,0.0,1.0,UNH
2021-02-12,311.84,312.52,308.27,308.61,308.61,2760970,0.0,1.0,UNH
2021-02-11,314.96,316.51,311.67,313.15,313.15,2776664,0.0,1.0,UNH
2021-02-10,312.76,315.68,310.05,313.46,313.46,4094804,0.0,1.0,UNH
2021-02-09,304.53,311.25,302.47,309.92,309.92,4080414,0.0,1.0,UNH
2021-02-08,307.45,307.46,304.44,304.94,304.94,4758181,0.0,1.0,UNH
2021-02-05,312.25,313.54,304.14,305.1,305.1,7227908,0.0,1.0,UNH
2021-02-04,312.44,315.24,308.75,309.62,309.62,5962249,0.0,1.0,UNH
2021-02-03,317.79,319.82,314.59,317.68,317.68,2537417,0.0,1.0,UNH
2021-02-02,316.94,324.03,316.94,318.46,318.46,2465453,0.0,1.0,UNH
2021-02-01,314.99,317.93,312.84,314.02,314.02,3020168,0.0,1.0,UNH
2021-01-29,316.4,318.74,310.86,313.63,313.63,3899501,0.0,1.0,UNH
2021-01-28,316.51,325.85,314.5,317.93,317.93,2770191,0.0,1.0,UNH
2021-01-27,316.88,317.79,309.33,313.07,313.07,4770898,0.0,1.0,UNH
2021-01-26,329.55,330.49,322.08,322.59,322.59,2467549,0.0,1.0,UNH
2021-01-25,326.39,329.43,323.99,327.01,327.01,2506366,0.0,1.0,UNH
2021-01-22,332.18,333.41,326.75,326.76,326.76,2585351,0.0,1.0,UNH
2021-01-21,329.83,339.31,329.76,333.77,333.77,3750194,0.0,1.0,UNH
2021-01-20,330.84,331.02,325.15,329.86,329.86,3036808,0.0,1.0,UNH
2021-01-19,334.91,335.61,330.53,331.13,331.13,3361269,0.0,1.0,UNH
2021-01-15,328.24,331.94,325.06,330.29,330.29,3776994,0.0,1.0,UNH
2021-01-14,335.51,337.35,329.46,329.57,329.57,2919879,0.0,1.0,UNH
2021-01-13,334.75,335.47,330.22,333.81,333.81,1974477,0.0,1.0,UNH
2021-01-12,336.53,338.54,333.98,336.0,336.0,2346279,0.0,1.0,UNH
2021-01-11,340.93,342.5,337.71,339.17,339.17,2695180,0.0,1.0,UNH
2021-01-08,345.05,345.51,337.3,341.66,341.66,2948002,0.0,1.0,UNH
2021-01-07,337.1,344.53,336.51,343.2,343.2,3366710,0.0,1.0,UNH
2021-01-06,316.95,337.99,315.07,337.78,337.78,6561435,0.0,1.0,UNH
2021-01-05,327.84,330.35,323.88,324.18,324.18,3160458,0.0,1.0,UNH
2021-01-04,330.43,331.02,320.02,328.6,328.6,4203821,0.0,1.0,UNH
2020-12-31,324.4,330.09,323.47,329.71,329.71,1969227,0.0,1.0,UNH
2020-12-30,326.32,328.14,323.87,324.36,324.36,1866024,0.0,1.0,UNH
2020-12-29,327.18,330.28,324.37,326.58,326.58,2275855,0.0,1.0,UNH
2020-12-28,322.68,326.99,322.54,325.26,325.26,2260528,0.0,1.0,UNH
2020-12-24,316.32,320.99,316.32,320.41,320.41,1360598,0.0,1.0,UNH
2020-12-23,316.37,321.22,315.93,317.4,317.4,2348234,0.0,1.0,UNH
2020-12-22,315.12,316.83,313.53,314.97,314.97,2069883,0.0,1.0,UNH
2020-12-21,312.21,316.8,309.7,315.98,315.98,2893022,0.0,1.0,UNH
2020-12-18,322.03,322.12,314.02,318.14,318.14,8743007,0.0,1.0,UNH
2020-12-17,319.49,322.11,317.13,321.24,321.24,2525662,0.0,1.0,UNH
2020-12-16,316.69,321.23,314.27,319.05,319.05,2365672,0.0,1.0,UNH
2020-12-15,318.86,320.62,316.88,319.36,319.36,2616862,0.0,1.0,UNH
2020-12-14,319.69,322.7,315.77,316.03,316.03,2478953,0.0,1.0,UNH
2020-12-11,317.91,318.61,314.33,316.91,316.91,3071737,0.0,1.0,UNH
2020-12-10,324.52,324.8,318.97,319.34,319.34,2896940,0.0,1.0,UNH
2020-12-09,328.02,328.51,321.18,323.81,323.81,2600442,0.0,1.0,UNH
2020-12-08,324.13,328.97,323.5,327.06,327.06,2471262,0.0,1.0,UNH
2020-12-07,327.86,328.96,324.57,327.06,327.06,2999382,0.0,1.0,UNH
2020-12-04,325.31,330.45,325.07,328.96,328.96,3255426,1.25,1.0,UNH
2020-12-03,325.93,330.49,324.61,326.66,326.66,4169186,0.0,1.0,UNH
2020-12-02,320.19,329.61,319.93,325.61,325.61,2864281,0.0,1.0,UNH
2020-12-01,323.0,331.74,318.46,319.64,319.64,3752691,0.0,1.0,UNH
2020-11-30,313.95,316.6,309.43,315.1,315.1,5265707,0.0,1.0,UNH
2020-11-27,312.47,317.5,310.88,316.6,316.6,1558621,0.0,1.0,UNH
2020-11-25,317.42,317.42,308.35,312.15,312.15,3145335,0.0,1.0,UNH
2020-11-24,314.95,318.53,313.3,314.79,314.79,3753225,0.0,1.0,UNH
2020-11-23,314.36,315.02,310.65,313.9,313.9,2538118,0.0,1.0,UNH
2020-11-20,313.84,316.34,310.76,313.56,313.56,3702637,0.0,1.0,UNH
2020-11-19,320.67,321.4,313.22,315.72,315.72,3935570,0.0,1.0,UNH
2020-11-18,331.11,331.69,321.42,322.75,322.75,2722477,0.0,1.0,UNH
2020-11-17,330.14,331.04,325.55,329.86,329.86,2557624,0.0,1.0,UNH
2020-11-16,336.28,336.87,328.84,334.29,334.29,2790381,0.0,1.0,UNH
2020-11-13,334.32,335.33,330.51,333.21,333.21,2442331,0.0,1.0,UNH
2020-11-12,329.21,337.75,327.66,332.03,332.03,2908228,0.0,1.0,UNH
2020-11-11,333.67,334.28,327.34,329.49,329.49,2048494,0.0,1.0,UNH
2020-11-10,327.42,333.42,326.18,331.35,331.35,3733236,0.0,1.0,UNH
2020-11-09,343.18,344.71,326.94,327.9,327.9,4635344,0.0,1.0,UNH
2020-11-06,328.23,329.77,322.81,325.52,325.52,2994932,0.0,1.0,UNH
2020-11-05,335.46,338.18,327.6,332.02,332.02,4786472,0.0,1.0,UNH
2020-11-04,323.43,337.68,319.6,332.17,332.17,10344924,0.0,1.0,UNH
2020-11-03,297.42,305.82,295.12,301.06,301.06,4043876,0.0,1.0,UNH
2020-11-02,292.9,292.9,287.95,292.39,292.39,4519209,0.0,1.0,UNH
2020-10-30,284.08,287.77,280.68,285.87,285.87,3557355,0.0,1.0,UNH
2020-10-29,287.23,289.93,282.42,284.5,284.5,3279189,0.0,1.0,UNH
2020-10-28,293.54,297.74,288.02,288.55,288.55,3301655,0.0,1.0,UNH
2020-10-27,302.66,303.06,299.26,300.27,300.27,2427684,0.0,1.0,UNH
2020-10-26,305.71,307.05,298.42,302.66,302.66,2408460,0.0,1.0,UNH
2020-10-23,308.37,314.45,307.41,309.72,309.72,2349525,0.0,1.0,UNH
2020-10-22,301.96,307.34,301.9,305.16,305.16,2100739,0.0,1.0,UNH
2020-10-21,302.99,305.87,301.83,302.4,302.4,2139034,0.0,1.0,UNH
2020-10-20,305.99,307.87,302.86,302.99,302.99,1988669,0.0,1.0,UNH
2020-10-19,307.79,309.89,301.72,303.74,303.74,2482339,0.0,1.0,UNH
2020-10-16,304.91,311.36,304.22,309.07,309.07,3293344,0.0,1.0,UNH
2020-10-15,298.71,306.32,296.35,304.07,304.07,3172686,0.0,1.0,UNH
2020-10-14,301.73,309.69,299.98,301.52,301.52,4455722,0.0,1.0,UNH
2020-10-13,307.75,312.63,307.01,310.49,310.49,2713530,0.0,1.0,UNH
2020-10-12,308.33,312.5,308.23,309.13,309.13,2424163,0.0,1.0,UNH
2020-10-09,304.16,307.44,303.46,307.14,307.14,2028946,0.0,1.0,UNH
2020-10-08,303.0,304.8,300.72,302.05,302.05,2056700,0.0,1.0,UNH
2020-10-07,295.87,304.23,295.87,302.76,302.76,2596552,0.0,1.0,UNH
2020-10-06,298.81,300.07,293.69,294.59,294.59,2434408,0.0,1.0,UNH
2020-10-05,295.17,298.31,293.35,298.06,298.06,1638618,0.0,1.0,UNH
2020-10-02,292.39,297.35,288.89,292.28,292.28,2338048,0.0,1.0,UNH
2020-10-01,293.15,295.27,289.63,293.3,293.3,2731236,0.0,1.0,UNH
2020-09-30,284.82,294.66,284.79,292.08,292.08,3497316,0.0,1.0,UNH
2020-09-29,284.49,286.21,281.69,284.94,284.94,1797818,0.0,1.0,UNH
2020-09-28,287.04,290.43,283.71,284.08,284.08,2575710,0.0,1.0,UNH
2020-09-25,272.86,284.12,272.83,283.4,283.4,2455819,0.0,1.0,UNH
2020-09-24,273.74,276.3,271.35,274.18,274.18,2869110,0.0,1.0,UNH
2020-09-23,276.37,277.4,273.4,273.69,273.69,3710122,0.0,1.0,UNH
2020-09-22,279.59,281.63,274.42,275.68,275.68,3163604,0.0,1.0,UNH
2020-09-21,281.49,281.55,273.24,280.29,280.29,4124741,0.0,1.0,UNH
2020-09-18,285.75,290.79,284.59,288.57,288.57,3795806,0.0,1.0,UNH
2020-09-17,285.27,287.97,283.03,285.72,285.72,2394205,0.0,1.0,UNH
2020-09-16,289.55,292.53,286.86,287.16,287.16,3438228,0.0,1.0,UNH
2020-09-15,290.47,291.79,286.72,287.83,287.83,1468486,0.0,1.0,UNH
2020-09-14,283.87,291.47,283.87,289.08,289.08,1795515,0.0,1.0,UNH
2020-09-11,285.8,287.11,278.51,282.44,282.44,3086088,1.25,1.0,UNH
2020-09-10,291.77,293.37,283.36,284.18,284.18,2421619,0.0,1.0,UNH
2020-09-09,288.92,294.18,287.75,291.11,291.11,2195680,0.0,1.0,UNH
2020-09-08,290.18,290.59,283.47,286.66,286.66,2594530,0.0,1.0,UNH
2020-09-04,295.27,296.53,286.08,291.09,291.09,2901147,0.0,1.0,UNH
2020-09-03,300.42,302.12,292.7,295.04,295.04,3872533,0.0,1.0,UNH
2020-09-02,291.61,299.75,291.61,298.78,298.78,2846460,0.0,1.0,UNH
2020-09-01,289.37,293.63,289.22,291.86,291.86,2487188,0.0,1.0,UNH
2020-08-31,293.79,298.14,291.59,291.6,291.6,4341556,0.0,1.0,UNH
2020-08-28,291.41,294.65,288.26,293.3,293.3,2883586,0.0,1.0,UNH
2020-08-27,289.61,293.68,285.02,290.78,290.78,2321100,0.0,1.0,UNH
2020-08-26,290.14,290.49,283.26,288.12,288.12,3178972,0.0,1.0,UNH
2020-08-25,291.28,291.42,287.17,291.29,291.29,1879520,0.0,1.0,UNH
2020-08-24,295.58,295.66,285.95,288.14,288.14,2922446,0.0,1.0,UNH
2020-08-21,290.42,294.15,289.31,293.09,293.09,2488477,0.0,1.0,UNH
2020-08-20,293.73,294.15,291.1,292.33,292.33,2245791,0.0,1.0,UNH
2020-08-19,295.54,298.08,294.06,294.26,294.26,2066691,0.0,1.0,UNH
2020-08-18,300.4,301.04,294.55,295.58,295.58,2520285,0.0,1.0,UNH
2020-08-17,299.91,302.1,297.95,299.03,299.03,2700639,0.0,1.0,UNH
2020-08-14,299.06,302.22,297.36,302.0,302.0,1787375,0.0,1.0,UNH
2020-08-13,299.19,300.3,296.54,299.97,299.97,2159587,0.0,1.0,UNH
2020-08-12,296.69,301.62,296.35,300.67,300.67,2916495,0.0,1.0,UNH
2020-08-11,301.28,302.82,293.57,294.4,294.4,3018248,0.0,1.0,UNH
2020-08-10,295.75,298.99,294.43,297.71,297.71,2563849,0.0,1.0,UNH
2020-08-07,292.34,297.62,292.34,295.78,295.78,2600751,0.0,1.0,UNH
2020-08-06,291.09,295.04,289.6,293.01,293.01,3305601,0.0,1.0,UNH
2020-08-05,286.27,291.98,284.58,291.53,291.53,3014732,0.0,1.0,UNH
2020-08-04,281.68,288.16,279.96,284.09,284.09,3595182,0.0,1.0,UNH
2020-08-03,283.24,284.47,279.15,283.26,283.26,2628889,0.0,1.0,UNH
2020-07-31,283.1,283.38,278.07,282.49,282.49,3913650,0.0,1.0,UNH
2020-07-30,281.46,285.92,278.86,284.77,284.77,2205343,0.0,1.0,UNH
2020-07-29,281.26,288.99,279.89,286.13,286.13,2672724,0.0,1.0,UNH
2020-07-28,277.92,281.2,277.29,279.83,279.83,2257492,0.0,1.0,UNH
2020-07-27,278.43,281.88,277.44,278.59,278.59,2060506,0.0,1.0,UNH
2020-07-24,283.0,283.89,279.17,280.63,280.63,2415759,0.0,1.0,UNH
2020-07-23,287.54,287.82,281.08,282.66,282.66,2367675,0.0,1.0,UNH
2020-07-22,284.43,286.34,281.58,286.15,286.15,1935771,0.0,1.0,UNH
2020-07-21,284.59,286.42,282.79,284.66,284.66,2339785,0.0,1.0,UNH
2020-07-20,286.23,287.92,282.11,283.12,283.12,2374932,0.0,1.0,UNH
2020-07-17,288.37,290.13,285.72,285.99,285.99,3016515,0.0,1.0,UNH
2020-07-16,284.57,290.02,282.84,286.56,286.56,3843930,0.0,1.0,UNH
2020-07-15,280.94,289.87,278.64,283.69,283.69,5114764,0.0,1.0,UNH
2020-07-14,277.85,288.98,276.82,287.84,287.84,4225643,0.0,1.0,UNH
2020-07-13,272.51,284.11,272.21,279.62,279.62,4261793,0.0,1.0,UNH
2020-07-10,274.52,274.52,267.86,271.71,271.71,2391551,0.0,1.0,UNH
2020-07-09,275.32,278.54,268.23,271.65,271.65,3061029,0.0,1.0,UNH
2020-07-08,277.42,280.7,275.86,278.36,278.36,1986571,0.0,1.0,UNH
2020-07-07,280.51,283.21,276.11,276.77,276.77,2075305,0.0,1.0,UNH
2020-07-06,282.69,283.15,279.27,282.51,282.51,2394544,0.0,1.0,UNH
2020-07-02,280.36,282.77,277.26,278.27,278.27,1971686,0.0,1.0,UNH
2020-07-01,276.0,280.27,275.45,277.78,277.78,2306448,0.0,1.0,UNH
2020-06-30,269.23,276.58,268.38,275.18,275.18,2931403,0.0,1.0,UNH
2020-06-29,269.12,272.69,267.41,270.34,270.34,2356713,0.0,1.0,UNH
2020-06-26,275.36,276.7,266.66,267.65,267.65,5043217,0.0,1.0,UNH
2020-06-25,268.96,276.89,266.89,276.37,276.37,3111352,0.0,1.0,UNH
2020-06-24,274.29,277.19,266.43,269.8,269.8,3398554,0.0,1.0,UNH
2020-06-23,274.3,279.22,271.56,277.65,277.65,4023359,0.0,1.0,UNH
2020-06-22,270.37,273.36,267.07,273.05,273.05,2170290,0.0,1.0,UNH
2020-06-19,274.7,276.65,271.41,271.72,271.72,5172840,1.25,1.0,UNH
2020-06-18,269.81,271.06,266.25,270.78,270.78,2922872,0.0,1.0,UNH
2020-06-17,274.15,274.15,270.55,271.82,271.82,2537809,0.0,1.0,UNH
2020-06-16,274.46,276.44,267.03,272.19,272.19,4245320,0.0,1.0,UNH
2020-06-15,258.28,266.62,254.27,265.95,265.95,4494376,0.0,1.0,UNH
2020-06-12,270.01,273.22,258.91,264.9,264.9,5416185,0.0,1.0,UNH
2020-06-11,281.82,281.82,260.86,263.58,263.58,6637443,0.0,1.0,UNH
2020-06-10,287.0,288.28,281.35,284.04,284.04,3293695,0.0,1.0,UNH
2020-06-09,287.89,290.45,285.51,287.25,287.25,3061520,0.0,1.0,UNH
2020-06-08,286.72,293.41,286.06,287.5,287.5,4633521,0.0,1.0,UNH
2020-06-05,282.41,291.96,279.16,289.71,289.71,5553228,0.0,1.0,UNH
2020-06-04,281.65,282.85,273.39,276.91,276.91,4373644,0.0,1.0,UNH
2020-06-03,285.99,288.1,281.24,283.67,283.67,4360043,0.0,1.0,UNH
2020-06-02,283.88,286.22,280.3,284.56,284.56,2756763,0.0,1.0,UNH
2020-06-01,282.43,284.25,279.22,284.21,284.21,2893945,0.0,1.0,UNH
2020-05-29,283.08,286.47,279.49,283.2,283.2,6251466,0.0,1.0,UNH
2020-05-28,284.22,287.67,281.75,282.39,282.39,4387457,0.0,1.0,UNH
2020-05-27,276.3,282.23,270.15,282.2,282.2,5617624,0.0,1.0,UNH
2020-05-26,275.45,275.94,271.73,273.95,273.95,4567935,0.0,1.0,UNH
2020-05-22,266.9,269.63,264.57,269.35,269.35,2922192,0.0,1.0,UNH
2020-05-21,265.73,269.53,264.7,266.54,266.54,3604782,0.0,1.0,UNH
2020-05-20,272.1,272.1,266.34,267.54,267.54,3199609,0.0,1.0,UNH
2020-05-19,270.09,273.71,268.37,268.52,268.52,3058582,0.0,1.0,UNH
2020-05-18,277.29,278.44,271.28,272.53,272.53,4014769,0.0,1.0,UNH
2020-05-15,271.65,278.7,270.08,270.3,270.3,12182186,0.0,1.0,UNH
2020-05-14,256.34,271.68,256.07,269.97,269.97,5704273,0.0,1.0,UNH
2020-05-13,264.29,266.06,255.99,258.26,258.26,5472173,0.0,1.0,UNH
2020-05-12,271.05,272.33,267.27,267.27,267.27,4211716,0.0,1.0,UNH
2020-05-11,265.28,269.5,265.0,268.19,268.19,3490697,0.0,1.0,UNH
2020-05-08,268.93,269.41,265.38,266.62,266.62,3199949,0.0,1.0,UNH
2020-05-07,270.39,271.53,264.32,264.76,264.76,3162328,0.0,1.0,UNH
2020-05-06,274.15,276.54,267.96,268.26,268.26,2578448,0.0,1.0,UNH
2020-05-05,269.37,274.98,266.89,272.23,272.23,2500455,0.0,1.0,UNH
2020-05-04,264.29,267.49,262.08,267.12,267.12,2894192,0.0,1.0,UNH
2020-05-01,267.91,268.48,259.75,264.31,264.31,3526099,0.0,1.0,UNH
2020-04-30,266.3,274.05,265.25,271.7,271.7,7629191,0.0,1.0,UNH
2020-04-29,271.27,271.96,265.78,267.22,267.22,4254069,0.0,1.0,UNH
2020-04-28,276.84,277.07,265.34,267.88,267.88,3861362,0.0,1.0,UNH
2020-04-27,272.39,275.78,269.99,273.1,273.1,3705579,0.0,1.0,UNH
2020-04-24,266.89,271.17,263.83,270.61,270.61,3264950,0.0,1.0,UNH
2020-04-23,259.24,267.98,258.76,265.07,265.07,4417842,0.0,1.0,UNH
2020-04-22,259.73,263.67,257.06,257.35,257.35,3663332,0.0,1.0,UNH
2020-04-21,255.43,260.12,253.85,254.72,254.72,3975331,0.0,1.0,UNH
2020-04-20,265.04,268.49,261.3,262.11,262.11,4071143,0.0,1.0,UNH
2020-04-17,279.62,282.41,266.71,269.93,269.93,5856978,0.0,1.0,UNH
2020-04-16,263.31,278.7,260.13,277.24,277.24,7735550,0.0,1.0,UNH
2020-04-15,256.71,262.89,251.46,261.68,261.68,7839788,0.0,1.0,UNH
2020-04-14,249.9,253.68,248.04,251.29,251.29,4772207,0.0,1.0,UNH
2020-04-13,243.45,246.15,239.85,244.8,244.8,2964686,0.0,1.0,UNH
2020-04-09,246.18,251.2,243.02,245.37,245.37,4922000,0.0,1.0,UNH
2020-04-08,230.1,250.05,228.77,248.81,248.81,6385882,0.0,1.0,UNH
2020-04-07,241.36,247.77,229.03,230.43,230.43,4982587,0.0,1.0,UNH
2020-04-06,222.96,231.59,218.42,230.71,230.71,6365311,0.0,1.0,UNH
2020-04-03,221.4,222.34,211.13,213.19,213.19,4649266,0.0,1.0,UNH
2020-04-02,218.59,224.82,209.98,223.37,223.37,4336650,0.0,1.0,UNH
2020-04-01,221.74,229.1,218.72,220.47,220.47,4546746,0.0,1.0,UNH
2020-03-31,226.19,236.46,225.74,231.67,231.67,5449215,0.0,1.0,UNH
2020-03-30,225.41,236.05,225.41,233.44,233.44,5327921,0.0,1.0,UNH
2020-03-27,225.69,233.73,221.32,225.23,225.23,4879463,0.0,1.0,UNH
2020-03-26,217.41,239.64,215.8,237.25,237.25,7517518,0.0,1.0,UNH
2020-03-25,203.53,229.93,200.66,217.84,217.84,10012757,0.0,1.0,UNH
2020-03-24,187.79,204.63,184.87,204.19,204.19,8885537,0.0,1.0,UNH
2020-03-23,187.69,191.14,174.39,181.02,181.02,10651402,0.0,1.0,UNH
2020-03-20,207.33,216.12,189.01,191.92,191.92,9362637,0.0,1.0,UNH
2020-03-19,201.57,210.06,194.1,204.19,204.19,8062892,0.0,1.0,UNH
2020-03-18,209.72,215.01,185.97,201.65,201.65,12655441,0.0,1.0,UNH
2020-03-17,214.43,231.1,212.08,226.88,226.88,9640576,0.0,1.0,UNH
2020-03-16,226.6,228.23,208.05,209.06,209.06,10294054,0.0,1.0,UNH
2020-03-13,242.46,253.82,225.07,252.72,252.72,9302268,1.08,1.0,UNH
2020-03-12,240.58,251.9,231.33,231.71,231.71,10361301,0.0,1.0,UNH
2020-03-11,254.24,263.94,252.85,257.03,257.03,7724616,0.0,1.0,UNH
2020-03-10,258.83,262.7,252.15,259.09,259.09,7363915,0.0,1.0,UNH
2020-03-09,244.71,260.42,239.88,253.02,253.02,8057145,0.0,1.0,UNH
2020-03-06,254.85,263.69,251.59,262.67,262.67,5361322,0.0,1.0,UNH
2020-03-05,260.57,267.81,259.03,261.83,261.83,5907644,0.0,1.0,UNH
2020-03-04,268.34,273.75,261.13,267.81,267.81,14530318,0.0,1.0,UNH
2020-03-03,254.79,259.41,239.87,241.88,241.88,9179952,0.0,1.0,UNH
2020-03-02,238.12,252.83,231.63,252.71,252.71,8863396,0.0,1.0,UNH
2020-02-28,227.81,237.9,226.98,235.92,235.92,9959339,0.0,1.0,UNH
2020-02-27,239.12,242.57,233.24,234.96,234.96,7600729,0.0,1.0,UNH
2020-02-26,244.95,249.68,239.39,243.36,243.36,6806558,0.0,1.0,UNH
2020-02-25,259.23,260.92,242.44,243.72,243.72,8167844,0.0,1.0,UNH
2020-02-24,265.46,267.41,256.9,257.04,257.04,8783911,0.0,1.0,UNH
2020-02-21,278.03,279.92,276.31,278.92,278.92,2987070,0.0,1.0,UNH
2020-02-20,280.56,281.44,275.64,279.57,279.57,2883665,0.0,1.0,UNH
2020-02-19,280.71,283.8,280.12,282.51,282.51,3020954,0.0,1.0,UNH
2020-02-18,277.29,280.69,276.67,279.58,279.58,3241661,0.0,1.0,UNH
2020-02-14,279.64,281.27,275.11,276.47,276.47,2485560,0.0,1.0,UNH
2020-02-13,277.72,283.05,277.72,279.63,279.63,3565456,0.0,1.0,UNH
2020-02-12,272.97,282.22,272.05,280.82,280.82,6701787,0.0,1.0,UNH
2020-02-11,265.43,269.79,264.55,269.07,269.07,2990166,0.0,1.0,UNH
2020-02-10,264.85,267.68,264.13,265.59,265.59,3145784,0.0,1.0,UNH
2020-02-07,271.0,271.48,267.33,267.62,267.62,3425916,0.0,1.0,UNH
2020-02-06,274.82,275.07,268.34,270.62,270.62,3043940,0.0,1.0,UNH
2020-02-05,264.27,274.82,264.12,273.64,273.64,5760323,0.0,1.0,UNH
2020-02-04,256.57,262.33,256.2,259.87,259.87,4290155,0.0,1.0,UNH
2020-02-03,254.58,256.17,250.59,253.56,253.56,5646834,0.0,1.0,UNH
2020-01-31,257.4,257.96,250.93,252.1,252.1,5532583,0.0,1.0,UNH
2020-01-30,260.79,260.79,255.31,260.0,260.0,4211121,0.0,1.0,UNH
2020-01-29,262.79,264.82,259.91,261.77,261.77,3962202,0.0,1.0,UNH
2020-01-28,262.71,266.83,262.14,264.52,264.52,4340903,0.0,1.0,UNH
2020-01-27,266.49,266.57,259.15,262.87,262.87,4399151,0.0,1.0,UNH
2020-01-24,276.06,277.53,269.79,270.94,270.94,3677979,0.0,1.0,UNH
2020-01-23,277.6,278.13,274.5,277.1,277.1,3169596,0.0,1.0,UNH
2020-01-22,279.44,279.57,275.14,278.14,278.14,3117557,0.0,1.0,UNH
2020-01-21,274.72,279.95,273.9,278.09,278.09,4962781,0.0,1.0,UNH
2020-01-17,277.6,278.24,273.78,276.18,276.18,4363150,0.0,1.0,UNH
2020-01-16,275.74,278.51,273.83,278.28,278.28,3709349,0.0,1.0,UNH
2020-01-15,267.44,277.26,267.42,274.27,274.27,6081200,0.0,1.0,UNH
2020-01-14,264.27,266.71,263.02,266.71,266.71,6052841,0.0,1.0,UNH
2020-01-13,272.39,272.46,263.73,264.5,264.5,6994688,0.0,1.0,UNH
2020-01-10,273.96,273.96,270.39,273.09,273.09,2477918,0.0,1.0,UNH
2020-01-09,272.31,275.0,271.78,272.25,272.25,2838201,0.0,1.0,UNH
2020-01-08,269.73,275.17,268.38,273.8,273.8,3379131,0.0,1.0,UNH
2020-01-07,268.99,269.72,266.1,268.15,268.15,2496065,0.0,1.0,UNH
2020-01-06,266.49,269.88,265.77,269.78,269.78,3075610,0.0,1.0,UNH
2020-01-03,265.82,270.08,263.12,267.92,267.92,2711442,0.0,1.0,UNH
2020-01-02,272.02,273.62,268.15,270.66,270.66,2543430,0.0,1.0,UNH
2019-12-31,271.73,272.13,269.41,272.02,272.02,2224187,0.0,1.0,UNH
2019-12-30,273.94,274.39,271.53,271.9,271.9,1511688,0.0,1.0,UNH
2019-12-27,273.9,274.39,272.98,273.87,273.87,1547073,0.0,1.0,UNH
2019-12-26,273.25,274.13,272.54,273.57,273.57,1050578,0.0,1.0,UNH
2019-12-24,273.21,273.74,271.64,272.54,272.54,714032,0.0,1.0,UNH
2019-12-23,271.52,273.75,270.94,273.05,273.05,2098935,0.0,1.0,UNH
2019-12-20,276.58,277.6,270.66,270.74,270.74,6606636,0.0,1.0,UNH
2019-12-19,272.97,275.0,271.69,272.62,272.62,2905870,0.0,1.0,UNH
2019-12-18,269.27,272.84,269.26,271.03,271.03,3535608,0.0,1.0,UNH
2019-12-17,269.49,270.91,267.57,268.78,268.78,4409072,0.0,1.0,UNH
2019-12-16,266.46,273.38,265.62,270.22,270.22,4663327,0.0,1.0,UNH
2019-12-13,263.69,266.32,262.9,264.16,264.16,3599254,0.0,1.0,UNH
2019-12-12,260.04,262.78,259.13,262.43,262.43,2995769,0.0,1.0,UNH
2019-12-11,257.52,259.7,257.27,259.55,259.55,2546407,0.0,1.0,UNH
2019-12-10,256.87,258.72,253.55,258.64,258.64,2515210,0.0,1.0,UNH
2019-12-09,259.8,259.89,256.7,256.81,256.81,2697049,0.0,1.0,UNH
2019-12-06,261.72,261.9,258.27,259.26,259.26,2828890,1.08,1.0,UNH
2019-12-05,257.39,260.69,255.77,259.94,259.94,3357292,0.0,1.0,UNH
2019-12-04,259.59,259.79,256.84,257.47,257.47,2694083,0.0,1.0,UNH
2019-12-03,255.3,256.64,252.43,255.24,255.24,3256979,0.0,1.0,UNH
2019-12-02,259.73,259.94,256.78,257.78,257.78,2517060,0.0,1.0,UNH
2019-11-29,256.34,258.94,255.63,257.97,257.97,1520936,0.0,1.0,UNH
2019-11-27,259.02,259.87,256.89,258.71,258.71,2323945,0.0,1.0,UNH
2019-11-26,258.75,260.17,258.24,259.38,259.38,3000164,0.0,1.0,UNH
2019-11-25,256.05,260.86,255.34,260.55,260.55,4082902,0.0,1.0,UNH
2019-11-22,254.9,256.04,253.49,255.18,255.18,2802656,0.0,1.0,UNH
2019-11-21,253.69,255.96,252.48,254.91,254.91,3309835,0.0,1.0,UNH
2019-11-20,250.95,254.43,250.02,254.0,254.0,4141566,0.0,1.0,UNH
2019-11-19,253.71,253.82,250.3,252.78,252.78,3996075,0.0,1.0,UNH
2019-11-18,247.95,256.67,247.95,251.58,251.58,6985184,0.0,1.0,UNH
2019-11-15,236.07,254.01,235.38,248.32,248.32,10135764,0.0,1.0,UNH
2019-11-14,233.94,236.05,233.64,235.81,235.81,2101895,0.0,1.0,UNH
2019-11-13,234.93,236.78,233.38,233.73,233.73,3423640,0.0,1.0,UNH
2019-11-12,233.75,235.75,233.58,235.28,235.28,1892490,0.0,1.0,UNH
2019-11-11,235.1,236.4,233.51,234.21,234.21,1753781,0.0,1.0,UNH
2019-11-08,236.68,238.13,235.05,236.87,236.87,2200245,0.0,1.0,UNH
2019-11-07,232.24,236.66,231.6,236.4,236.4,3643880,0.0,1.0,UNH
2019-11-06,230.17,232.28,229.6,230.92,230.92,3667273,0.0,1.0,UNH
2019-11-05,233.89,234.38,230.52,230.72,230.72,5391566,0.0,1.0,UNH
2019-11-04,233.79,233.97,230.36,231.59,231.59,3185927,0.0,1.0,UNH
2019-11-01,234.12,236.28,232.43,232.48,232.48,2918412,0.0,1.0,UNH
2019-10-31,234.48,235.71,230.36,232.93,232.93,3960344,0.0,1.0,UNH
2019-10-30,232.44,235.31,232.27,234.87,234.87,3299164,0.0,1.0,UNH
2019-10-29,227.71,233.39,227.04,232.55,232.55,3510607,0.0,1.0,UNH
2019-10-28,226.07,228.96,225.76,227.72,227.72,2954092,0.0,1.0,UNH
2019-10-25,224.83,226.83,223.21,225.75,225.75,2814949,0.0,1.0,UNH
2019-10-24,228.63,229.05,224.83,225.38,225.38,2558234,0.0,1.0,UNH
2019-10-23,228.96,232.05,227.43,228.41,228.41,3910170,0.0,1.0,UNH
2019-10-22,224.58,231.82,224.13,229.96,229.96,5797356,0.0,1.0,UNH
2019-10-21,225.85,226.39,223.21,224.84,224.84,3179077,0.0,1.0,UNH
2019-10-18,225.33,227.13,222.85,226.15,226.15,4922121,0.0,1.0,UNH
2019-10-17,220.02,225.47,218.71,224.61,224.61,6627446,0.0,1.0,UNH
2019-10-16,217.8,218.9,215.77,218.45,218.45,5395723,0.0,1.0,UNH
2019-10-15,214.49,221.08,213.01,219.92,219.92,13467446,0.0,1.0,UNH
2019-10-14,204.29,205.87,202.7,203.33,203.33,4291254,0.0,1.0,UNH
2019-10-11,207.89,210.95,204.25,204.7,204.7,5918800,0.0,1.0,UNH
2019-10-10,201.12,206.59,200.5,206.23,206.23,5300342,0.0,1.0,UNH
2019-10-09,204.36,205.99,202.94,204.71,204.71,4501243,0.0,1.0,UNH
2019-10-08,202.32,204.61,201.31,202.89,202.89,4876735,0.0,1.0,UNH
2019-10-07,201.91,205.12,201.86,203.93,203.93,3874304,0.0,1.0,UNH
2019-10-04,199.88,202.66,198.31,202.6,202.6,3711041,0.0,1.0,UNH
2019-10-03,198.76,199.43,196.38,198.51,198.51,3858573,0.0,1.0,UNH
2019-10-02,199.24,202.2,198.44,199.79,199.79,4925322,0.0,1.0,UNH
2019-10-01,202.04,202.04,195.49,200.22,200.22,5529703,0.0,1.0,UNH
2019-09-30,196.93,201.43,196.45,200.32,200.32,5329871,0.0,1.0,UNH
2019-09-27,201.11,201.76,198.2,198.42,198.42,4834816,0.0,1.0,UNH
2019-09-26,205.59,206.13,196.73,198.62,198.62,10455488,0.0,1.0,UNH
2019-09-25,206.73,208.78,204.75,204.79,204.79,4672081,0.0,1.0,UNH
2019-09-24,211.43,211.86,205.48,207.4,207.4,5047174,0.0,1.0,UNH
2019-09-23,211.79,212.72,210.46,210.87,210.87,3483928,0.0,1.0,UNH
2019-09-20,216.4,216.61,213.78,214.67,214.67,6253041,0.0,1.0,UNH
2019-09-19,213.85,215.65,213.14,214.63,214.63,2725773,0.0,1.0,UNH
2019-09-18,212.74,214.89,211.3,212.57,212.57,2977007,0.0,1.0,UNH
2019-09-17,214.84,215.68,213.08,214.33,214.33,2408251,0.0,1.0,UNH
2019-09-16,214.61,217.58,213.99,216.09,216.09,2973582,0.0,1.0,UNH
2019-09-13,214.76,218.05,213.43,215.33,215.33,4523112,1.08,1.0,UNH
2019-09-12,215.62,216.9,210.75,211.12,211.12,4710026,0.0,1.0,UNH
2019-09-11,213.31,214.93,209.73,214.89,214.89,3167732,0.0,1.0,UNH
2019-09-10,212.36,214.97,211.79,213.29,213.29,4257570,0.0,1.0,UNH
2019-09-09,210.11,212.87,209.71,211.65,211.65,3895558,0.0,1.0,UNH
2019-09-06,211.19,212.83,209.74,210.11,210.11,4183195,0.0,1.0,UNH
2019-09-05,211.03,212.42,208.81,210.65,210.65,4256911,0.0,1.0,UNH
2019-09-04,212.82,213.74,207.82,208.03,208.03,4526047,0.0,1.0,UNH
2019-09-03,212.63,213.02,209.63,211.6,211.6,3381979,0.0,1.0,UNH
2019-08-30,214.4,215.66,213.13,214.7,214.7,3384133,0.0,1.0,UNH
2019-08-29,209.58,213.14,209.2,211.6,211.6,4052586,0.0,1.0,UNH
2019-08-28,204.08,210.82,202.57,208.6,208.6,4847412,0.0,1.0,UNH
2019-08-27,212.61,213.23,204.24,204.54,204.54,4988764,0.0,1.0,UNH
2019-08-26,213.34,215.21,211.45,212.02,212.02,2918839,0.0,1.0,UNH
2019-08-23,213.69,215.71,210.46,211.64,211.64,4827798,0.0,1.0,UNH
2019-08-22,220.53,220.53,213.48,213.73,213.73,4498791,0.0,1.0,UNH
2019-08-21,220.38,221.94,219.56,220.53,220.53,2761928,0.0,1.0,UNH
2019-08-20,224.07,224.43,220.13,220.35,220.35,3201507,0.0,1.0,UNH
2019-08-19,227.08,228.0,223.96,224.53,224.53,2672254,0.0,1.0,UNH
2019-08-16,225.14,226.73,224.04,225.43,225.43,2810022,0.0,1.0,UNH
2019-08-15,224.2,225.03,221.54,224.1,224.1,2513465,0.0,1.0,UNH
2019-08-14,226.38,227.92,222.97,223.14,223.14,3464315,0.0,1.0,UNH
2019-08-13,221.75,229.8,221.59,228.66,228.66,2774735,0.0,1.0,UNH
2019-08-12,226.44,227.51,222.99,223.14,223.14,3550184,0.0,1.0,UNH
2019-08-09,227.29,229.77,225.84,228.12,228.12,2535030,0.0,1.0,UNH
2019-08-08,225.88,227.24,223.3,227.2,227.2,2830705,0.0,1.0,UNH
2019-08-07,225.96,226.66,221.36,226.12,226.12,3205805,0.0,1.0,UNH
2019-08-06,225.65,227.8,223.48,227.8,227.8,3532969,0.0,1.0,UNH
2019-08-05,227.66,229.33,222.58,224.85,224.85,5812447,0.0,1.0,UNH
2019-08-02,229.1,230.82,225.8,229.43,229.43,2677632,0.0,1.0,UNH
2019-08-01,228.64,230.83,226.88,228.69,228.69,3613635,0.0,1.0,UNH
2019-07-31,235.18,235.95,227.99,228.47,228.47,3532351,0.0,1.0,UNH
2019-07-30,231.82,234.02,229.81,233.9,233.9,1908834,0.0,1.0,UNH
2019-07-29,231.99,234.24,231.53,232.89,232.89,2005512,0.0,1.0,UNH
2019-07-26,228.48,232.94,226.18,232.08,232.08,3362651,0.0,1.0,UNH
2019-07-25,230.42,231.9,227.81,228.19,228.19,3362958,0.0,1.0,UNH
2019-07-24,231.94,231.98,224.91,230.42,230.42,4864203,0.0,1.0,UNH
2019-07-23,233.48,234.98,231.23,233.98,233.98,2889283,0.0,1.0,UNH
2019-07-22,236.85,237.59,233.54,234.26,234.26,4104305,0.0,1.0,UNH
2019-07-19,239.57,241.05,235.25,235.48,235.48,4413227,0.0,1.0,UNH
2019-07-18,243.73,244.53,236.04,239.11,239.11,5827020,0.0,1.0,UNH
2019-07-17,242.23,246.53,241.77,244.66,244.66,3995150,0.0,1.0,UNH
2019-07-16,243.45,245.11,241.48,242.83,242.83,3121564,0.0,1.0,UNH
2019-07-15,243.2,245.57,242.46,244.02,244.02,2611403,0.0,1.0,UNH
2019-07-12,240.05,244.54,240.05,243.97,243.97,5336201,0.0,1.0,UNH
2019-07-11,234.7,240.11,228.51,239.62,239.62,10268790,0.0,1.0,UNH
2019-07-10,226.46,228.56,225.23,227.07,227.07,2753028,0.0,1.0,UNH
2019-07-09,224.45,225.78,223.59,225.71,225.71,2775012,0.0,1.0,UNH
2019-07-08,226.09,227.53,224.68,227.4,227.4,1902630,0.0,1.0,UNH
2019-07-05,224.23,228.24,223.93,226.62,226.62,2965094,0.0,1.0,UNH
2019-07-03,224.17,227.11,223.91,224.99,224.99,2559448,0.0,1.0,UNH
2019-07-02,222.58,223.87,219.78,223.85,223.85,3864785,0.0,1.0,UNH
2019-07-01,225.66,225.87,220.87,222.63,222.63,4109079,0.0,1.0,UNH
2019-06-28,226.17,226.4,218.97,223.88,223.88,6727648,0.0,1.0,UNH
2019-06-27,224.11,227.68,223.1,226.02,226.02,3366173,0.0,1.0,UNH
2019-06-26,227.55,227.62,223.08,223.39,223.39,3852920,0.0,1.0,UNH
2019-06-25,228.74,230.33,227.01,227.23,227.23,3183010,0.0,1.0,UNH
2019-06-24,230.6,231.79,227.42,229.05,229.05,3163758,0.0,1.0,UNH
2019-06-21,228.26,232.58,226.54,231.47,231.47,6323527,0.0,1.0,UNH
2019-06-20,230.85,231.97,226.99,227.33,227.33,3800826,0.0,1.0,UNH
2019-06-19,225.71,230.64,225.26,229.55,229.55,4204589,0.0,1.0,UNH
2019-06-18,227.09,228.77,224.93,225.44,225.44,3482480,0.0,1.0,UNH
2019-06-17,225.71,226.72,224.99,225.68,225.68,2270430,0.0,1.0,UNH
2019-06-14,224.54,225.8,222.77,225.13,225.13,2165579,1.08,1.0,UNH
2019-06-13,223.64,224.12,222.09,223.77,223.77,3108249,0.0,1.0,UNH
2019-06-12,224.9,225.18,221.34,223.35,223.35,3251825,0.0,1.0,UNH
2019-06-11,227.02,229.01,224.47,224.6,224.6,3043114,0.0,1.0,UNH
2019-06-10,225.71,228.07,224.71,226.68,226.68,2330953,0.0,1.0,UNH
2019-06-07,221.89,225.7,221.24,225.42,225.42,2837457,0.0,1.0,UNH
2019-06-06,222.1,222.84,220.82,220.9,220.9,2630136,0.0,1.0,UNH
2019-06-05,222.14,224.53,220.36,221.77,221.77,3194422,0.0,1.0,UNH
2019-06-04,217.53,220.2,214.52,219.93,219.93,4992042,0.0,1.0,UNH
2019-06-03,220.6,222.71,215.6,216.1,216.1,4999517,0.0,1.0,UNH
2019-05-31,221.02,222.55,218.77,220.88,220.88,3285843,0.0,1.0,UNH
2019-05-30,220.99,224.13,220.46,222.44,222.44,2646971,0.0,1.0,UNH
2019-05-29,219.1,222.01,217.32,221.43,221.43,3958382,0.0,1.0,UNH
2019-05-28,227.01,227.74,221.05,221.12,221.12,6172696,0.0,1.0,UNH
2019-05-24,225.86,227.79,224.27,226.21,226.21,2974038,0.0,1.0,UNH
2019-05-23,226.53,226.69,223.25,225.18,225.18,3934570,0.0,1.0,UNH
2019-05-22,227.55,229.32,227.2,227.77,227.77,4038028,0.0,1.0,UNH
2019-05-21,225.64,229.45,225.45,228.32,228.32,5345383,0.0,1.0,UNH
2019-05-20,219.24,225.4,219.03,224.71,224.71,5390767,0.0,1.0,UNH
2019-05-17,215.74,221.47,215.27,220.5,220.5,4486406,0.0,1.0,UNH
2019-05-16,215.49,219.65,215.33,216.31,216.31,4456363,0.0,1.0,UNH
2019-05-15,214.67,216.98,212.5,215.66,215.66,5099948,0.0,1.0,UNH
2019-05-14,219.82,220.14,215.84,215.98,215.98,5329698,0.0,1.0,UNH
2019-05-13,216.0,219.33,215.77,218.83,218.83,4684437,0.0,1.0,UNH
2019-05-10,219.21,221.63,215.92,219.78,219.78,4374392,0.0,1.0,UNH
2019-05-09,216.13,219.73,215.28,217.39,217.39,4299681,0.0,1.0,UNH
2019-05-08,217.41,219.98,215.16,218.46,218.46,3768388,0.0,1.0,UNH
2019-05-07,218.5,222.12,215.95,217.46,217.46,5104669,0.0,1.0,UNH
2019-05-06,208.43,219.76,207.82,219.7,219.7,7180213,0.0,1.0,UNH
2019-05-03,212.7,213.67,207.53,211.89,211.89,4323138,0.0,1.0,UNH
2019-05-02,210.93,213.16,208.35,212.34,212.34,5499206,0.0,1.0,UNH
2019-05-01,212.91,214.33,210.43,211.89,211.89,4823160,0.0,1.0,UNH
2019-04-30,217.49,217.49,210.28,212.91,212.91,7632279,0.0,1.0,UNH
2019-04-29,216.87,217.47,213.91,216.91,216.91,5345317,0.0,1.0,UNH
2019-04-26,212.06,216.6,211.19,216.5,216.5,6186619,0.0,1.0,UNH
2019-04-25,208.76,212.04,208.4,210.83,210.83,5954533,0.0,1.0,UNH
2019-04-24,210.19,211.59,208.05,210.43,210.43,6104122,0.0,1.0,UNH
2019-04-23,208.51,211.88,206.54,210.64,210.64,10261445,0.0,1.0,UNH
2019-04-22,204.62,207.88,202.34,207.47,207.47,11191845,0.0,1.0,UNH
2019-04-18,198.36,203.71,195.68,202.57,202.57,13927214,0.0,1.0,UNH
2019-04-17,204.43,204.84,190.07,198.08,198.08,22101404,0.0,1.0,UNH
2019-04-16,217.42,217.42,197.15,201.85,201.85,27361432,0.0,1.0,UNH
2019-04-15,206.24,210.99,205.0,210.29,210.29,10021785,0.0,1.0,UNH
2019-04-12,216.04,216.3,201.67,203.91,203.91,13979434,0.0,1.0,UNH
2019-04-11,224.77,225.56,212.55,215.06,215.06,8223350,0.0,1.0,UNH
2019-04-10,227.26,228.26,224.28,224.75,224.75,2753784,0.0,1.0,UNH
2019-04-09,226.16,228.32,224.68,227.27,227.27,2904072,0.0,1.0,UNH
2019-04-08,228.08,228.08,225.0,227.23,227.23,2195490,0.0,1.0,UNH
2019-04-05,227.42,227.75,223.96,227.26,227.26,3343112,0.0,1.0,UNH
2019-04-04,224.25,227.56,223.48,225.99,225.99,2255521,0.0,1.0,UNH
2019-04-03,225.0,226.13,223.43,224.58,224.58,2851456,0.0,1.0,UNH
2019-04-02,224.27,225.09,221.8,223.27,223.27,4057091,0.0,1.0,UNH
2019-04-01,228.11,228.56,222.04,224.3,224.3,4809459,0.0,1.0,UNH
2019-03-29,223.16,226.33,220.95,225.87,225.87,4294167,0.0,1.0,UNH
2019-03-28,221.61,221.84,218.23,221.28,221.28,3601531,0.0,1.0,UNH
2019-03-27,221.93,224.43,217.56,220.8,220.8,4819232,0.0,1.0,UNH
2019-03-26,225.87,226.45,220.81,222.34,222.34,4416183,0.0,1.0,UNH
2019-03-25,226.02,226.02,219.95,225.51,225.51,4110942,0.0,1.0,UNH
2019-03-22,228.9,229.47,225.63,225.72,225.72,3778238,0.0,1.0,UNH
2019-03-21,227.64,231.08,227.15,230.22,230.22,2699799,0.0,1.0,UNH
2019-03-20,235.16,235.4,228.35,228.83,228.83,4193496,0.0,1.0,UNH
2019-03-19,233.81,236.83,233.07,234.89,234.89,4164789,0.0,1.0,UNH
2019-03-18,230.81,233.23,228.76,232.94,232.94,3927379,0.0,1.0,UNH
2019-03-15,232.34,232.71,228.32,229.65,229.65,6466186,0.0,1.0,UNH
2019-03-14,231.12,233.0,230.51,231.36,231.36,3865160,0.0,1.0,UNH
2019-03-13,226.51,230.9,225.71,230.43,230.43,4882034,0.0,1.0,UNH
2019-03-12,223.76,226.07,222.66,224.61,224.61,4235832,0.0,1.0,UNH
2019-03-11,218.52,222.91,215.97,222.12,222.12,4539618,0.0,1.0,UNH
2019-03-08,214.81,218.7,214.34,216.76,216.76,4921739,0.9,1.0,UNH
2019-03-07,218.68,219.49,214.36,215.41,215.41,5033537,0.0,1.0,UNH
2019-03-06,220.0,220.0,215.71,217.57,217.57,4878747,0.0,1.0,UNH
2019-03-05,215.25,221.32,213.81,219.71,219.71,6924867,0.0,1.0,UNH
2019-03-04,225.8,226.1,213.42,214.79,214.79,8646329,0.0,1.0,UNH
2019-03-01,221.65,225.69,221.65,224.01,224.01,6921274,0.0,1.0,UNH
2019-02-28,227.24,229.29,217.64,220.43,220.43,11034345,0.0,1.0,UNH
2019-02-27,238.08,238.08,226.55,227.59,227.59,8952928,0.0,1.0,UNH
2019-02-26,240.85,241.55,239.16,239.32,239.32,3212929,0.0,1.0,UNH
2019-02-25,243.51,244.05,240.6,240.8,240.8,3679125,0.0,1.0,UNH
2019-02-22,242.53,244.25,242.03,243.08,243.08,3191090,0.0,1.0,UNH
2019-02-21,245.23,245.66,241.25,242.44,242.44,2554273,0.0,1.0,UNH
2019-02-20,244.99,246.25,244.06,245.27,245.27,2802803,0.0,1.0,UNH
2019-02-19,246.78,247.98,245.06,246.09,246.09,2486689,0.0,1.0,UNH
2019-02-15,243.7,246.74,242.64,246.74,246.74,3673690,0.0,1.0,UNH
2019-02-14,239.56,243.05,239.08,241.46,241.46,3015655,0.0,1.0,UNH
2019-02-13,239.82,242.34,239.48,240.07,240.07,3066743,0.0,1.0,UNH
2019-02-12,235.9,240.25,233.81,239.8,239.8,4327961,0.0,1.0,UNH
2019-02-11,237.68,237.69,233.28,234.01,234.01,4856174,0.0,1.0,UNH
2019-02-08,243.44,244.53,236.9,238.34,238.34,4547448,0.0,1.0,UNH
2019-02-07,244.48,246.24,243.22,244.8,244.8,2458498,0.0,1.0,UNH
2019-02-06,241.29,245.65,241.14,245.26,245.26,2569965,0.0,1.0,UNH
2019-02-05,245.82,247.62,241.93,242.36,242.36,3597224,0.0,1.0,UNH
2019-02-04,244.18,244.52,240.5,244.08,244.08,3398925,0.0,1.0,UNH
2019-02-01,244.32,245.16,242.1,244.55,244.55,3946753,0.0,1.0,UNH
2019-01-31,246.15,247.3,244.79,245.9,245.9,4055122,0.0,1.0,UNH
2019-01-30,245.43,247.93,243.16,246.05,246.05,3659233,0.0,1.0,UNH
2019-01-29,242.07,244.3,241.56,243.29,243.29,2173024,0.0,1.0,UNH
2019-01-28,242.89,242.92,240.81,242.77,242.77,2837679,0.0,1.0,UNH
2019-01-25,244.62,246.09,241.8,243.94,243.94,2809188,0.0,1.0,UNH
2019-01-24,242.8,244.04,240.49,242.19,242.19,2927350,0.0,1.0,UNH
2019-01-23,243.67,245.23,239.95,243.0,243.0,2971227,0.0,1.0,UNH
2019-01-22,240.31,243.44,240.02,241.79,241.79,4052696,0.0,1.0,UNH
2019-01-18,238.98,242.31,237.0,241.62,241.62,4844751,0.0,1.0,UNH
2019-01-17,237.51,238.2,234.69,236.4,236.4,3583901,0.0,1.0,UNH
2019-01-16,235.46,238.61,234.95,237.94,237.94,6069471,0.0,1.0,UNH
2019-01-15,227.51,233.81,224.78,233.76,233.76,5325776,0.0,1.0,UNH
2019-01-14,224.41,227.44,223.97,225.75,225.75,4955469,0.0,1.0,UNH
2019-01-11,221.55,225.47,221.39,225.39,225.39,3967094,0.0,1.0,UNH
2019-01-10,220.3,223.09,219.7,222.84,222.84,3374481,0.0,1.0,UNH
2019-01-09,222.74,224.45,220.29,221.72,221.72,3425451,0.0,1.0,UNH
2019-01-08,220.53,222.77,218.15,221.41,221.41,3618666,0.0,1.0,UNH
2019-01-07,218.78,220.21,216.8,218.48,218.48,4132953,0.0,1.0,UNH
2019-01-04,218.23,221.56,217.32,218.07,218.07,5367608,0.0,1.0,UNH
2019-01-03,221.58,221.58,214.89,215.55,215.55,4623172,0.0,1.0,UNH
2019-01-02,222.96,224.19,219.75,221.59,221.59,4063606,0.0,1.0,UNH
2018-12-31,225.75,227.77,224.73,226.71,226.71,3123223,0.0,1.0,UNH
2018-12-28,224.52,227.32,222.79,224.09,224.09,3312862,0.0,1.0,UNH
2018-12-27,217.59,223.84,214.08,223.84,223.84,4295787,0.0,1.0,UNH
2018-12-26,211.77,221.48,210.96,221.46,221.46,4159282,0.0,1.0,UNH
2018-12-24,214.99,216.5,211.64,211.99,211.99,3090955,0.0,1.0,UNH
2018-12-21,219.08,225.24,216.09,216.9,216.9,12209672,0.0,1.0,UNH
2018-12-20,226.15,226.61,218.46,220.63,220.63,7311673,0.0,1.0,UNH
2018-12-19,229.67,233.48,225.32,227.79,227.79,5468527,0.0,1.0,UNH
2018-12-18,236.34,236.6,225.87,230.22,230.22,5065719,0.0,1.0,UNH
2018-12-17,237.56,239.12,233.64,234.86,234.86,5807157,0.0,1.0,UNH
2018-12-14,246.04,246.23,239.99,241.18,241.18,3360509,0.0,1.0,UNH
2018-12-13,246.5,248.73,245.37,247.67,247.67,2350792,0.0,1.0,UNH
2018-12-12,247.49,249.86,246.16,246.3,246.3,3167856,0.0,1.0,UNH
2018-12-11,245.33,247.11,241.77,243.18,243.18,3102759,0.0,1.0,UNH
2018-12-10,244.43,244.8,236.82,242.56,242.56,4061644,0.0,1.0,UNH
2018-12-07,249.14,251.56,243.24,244.97,244.97,3507115,0.0,1.0,UNH
2018-12-06,248.46,252.03,241.39,251.95,251.95,6694612,0.0,1.0,UNH
2018-12-04,260.41,262.04,252.0,253.49,253.49,4635456,0.0,1.0,UNH
2018-12-03,257.54,260.76,257.28,260.57,260.57,4178268,0.0,1.0,UNH
2018-11-30,257.53,258.13,253.97,256.05,256.05,6143329,0.9,1.0,UNH
2018-11-29,254.39,258.95,254.28,256.31,256.31,4177754,0.0,1.0,UNH
2018-11-28,247.49,256.18,247.49,254.86,254.86,5044449,0.0,1.0,UNH
2018-11-27,240.91,246.11,240.42,245.97,245.97,3497396,0.0,1.0,UNH
2018-11-26,240.05,243.39,239.03,241.45,241.45,3879762,0.0,1.0,UNH
2018-11-23,235.86,238.53,234.3,237.33,237.33,1159250,0.0,1.0,UNH
2018-11-21,238.21,240.06,236.27,236.36,236.36,3234298,0.0,1.0,UNH
2018-11-20,240.96,242.01,236.22,237.22,237.22,3617826,0.0,1.0,UNH
2018-11-19,246.27,246.99,239.65,241.35,241.35,3670800,0.0,1.0,UNH
2018-11-16,240.39,246.56,240.32,245.94,245.94,3857794,0.0,1.0,UNH
2018-11-15,239.49,241.23,236.63,240.34,240.34,3657641,0.0,1.0,UNH
2018-11-14,244.29,245.4,238.9,240.36,240.36,3511858,0.0,1.0,UNH
2018-11-13,247.27,248.2,243.24,244.22,244.22,2516970,0.0,1.0,UNH
2018-11-12,250.37,252.0,246.74,247.09,247.09,3140648,0.0,1.0,UNH
2018-11-09,251.15,252.19,248.73,250.87,250.87,2904456,0.0,1.0,UNH
2018-11-08,250.37,252.19,249.19,250.96,250.96,3809137,0.0,1.0,UNH
2018-11-07,242.12,251.05,242.12,249.13,249.13,5797082,0.0,1.0,UNH
2018-11-06,236.49,239.5,236.49,239.07,239.07,2582391,0.0,1.0,UNH
2018-11-05,237.81,238.58,235.92,236.77,236.77,3287028,0.0,1.0,UNH
2018-11-02,240.04,241.65,235.46,236.77,236.77,2593987,0.0,1.0,UNH
2018-11-01,238.51,240.1,235.64,236.7,236.7,2771291,0.0,1.0,UNH
2018-10-31,236.65,239.55,236.06,237.08,237.08,4230215,0.0,1.0,UNH
2018-10-30,232.86,235.58,230.4,234.3,234.3,4169239,0.0,1.0,UNH
2018-10-29,235.6,237.71,229.8,232.7,232.7,3697710,0.0,1.0,UNH
2018-10-26,237.22,238.04,233.16,234.21,234.21,4830769,0.0,1.0,UNH
2018-10-25,234.19,240.56,229.84,239.7,239.7,4675643,0.0,1.0,UNH
2018-10-24,239.5,240.69,232.17,232.52,232.52,5265555,0.0,1.0,UNH
2018-10-23,235.6,240.87,235.13,240.27,240.27,4081802,0.0,1.0,UNH
2018-10-22,241.98,242.05,235.91,237.85,237.85,2618459,0.0,1.0,UNH
2018-10-19,241.86,243.1,239.39,240.67,240.67,3336617,0.0,1.0,UNH
2018-10-18,242.53,243.01,239.22,242.04,242.04,3132093,0.0,1.0,UNH
2018-10-17,245.1,245.84,240.97,242.48,242.48,3985133,0.0,1.0,UNH
2018-10-16,244.65,247.48,240.39,247.26,247.26,6453592,0.0,1.0,UNH
2018-10-15,235.98,238.07,235.23,236.09,236.09,3583446,0.0,1.0,UNH
2018-10-12,235.59,237.12,233.01,235.5,235.5,4006323,0.0,1.0,UNH
2018-10-11,237.67,239.85,232.03,233.25,233.25,4558462,0.0,1.0,UNH
2018-10-10,245.47,246.22,238.14,238.65,238.65,4267341,0.0,1.0,UNH
2018-10-09,244.2,246.71,243.54,245.03,245.03,2510398,0.0,1.0,UNH
2018-10-08,243.88,244.61,240.98,244.03,244.03,1864975,0.0,1.0,UNH
2018-10-05,243.71,245.84,243.07,244.2,244.2,2045692,0.0,1.0,UNH
2018-10-04,245.84,246.4,242.49,243.41,243.41,2186551,0.0,1.0,UNH
2018-10-03,246.74,246.81,244.72,245.75,245.75,3002336,0.0,1.0,UNH
2018-10-02,244.02,246.24,242.66,245.5,245.5,2777570,0.0,1.0,UNH
2018-10-01,242.44,244.95,242.23,244.11,244.11,3314889,0.0,1.0,UNH
2018-09-28,239.83,241.47,239.35,241.34,241.34,2875098,0.0,1.0,UNH
2018-09-27,238.58,240.77,238.52,240.08,240.08,2761357,0.0,1.0,UNH
2018-09-26,239.94,240.84,238.08,238.5,238.5,2237976,0.0,1.0,UNH
2018-09-25,242.48,242.51,238.61,239.04,239.04,3789664,0.0,1.0,UNH
2018-09-24,242.22,244.5,241.91,242.54,242.54,2699802,0.0,1.0,UNH
2018-09-21,241.39,242.97,241.17,241.91,241.91,5671802,0.0,1.0,UNH
2018-09-20,241.37,243.06,241.36,241.66,241.66,2094990,0.0,1.0,UNH
2018-09-19,239.91,240.95,238.73,240.69,240.69,2274307,0.0,1.0,UNH
2018-09-18,238.52,239.57,237.67,238.84,238.84,3557116,0.0,1.0,UNH
2018-09-17,241.75,241.9,238.95,239.37,239.37,1940361,0.0,1.0,UNH
2018-09-14,240.76,241.89,238.83,240.68,240.68,2084640,0.0,1.0,UNH
2018-09-13,239.63,241.02,238.96,240.84,240.84,2734504,0.0,1.0,UNH
2018-09-12,236.87,239.93,236.63,238.28,238.28,2236267,0.0,1.0,UNH
2018-09-11,233.97,237.14,233.57,236.8,236.8,2283313,0.0,1.0,UNH
2018-09-10,242.01,242.03,234.72,235.61,235.61,4145700,0.0,1.0,UNH
2018-09-07,244.6,245.98,242.67,243.37,243.37,2958324,0.0,1.0,UNH
2018-09-06,242.75,244.95,242.15,244.61,244.61,2556068,0.9,1.0,UNH
2018-09-05,242.81,243.03,241.34,241.98,241.98,2230593,0.0,1.0,UNH
2018-09-04,242.31,243.58,241.01,242.77,242.77,2097301,0.0,1.0,UNH
2018-08-31,242.56,243.4,241.58,242.72,242.72,2961516,0.0,1.0,UNH
2018-08-30,243.63,244.27,242.41,242.66,242.66,2976348,0.0,1.0,UNH
2018-08-29,242.66,243.5,241.63,243.21,243.21,2880646,0.0,1.0,UNH
2018-08-28,242.8,243.34,241.7,242.77,242.77,2604184,0.0,1.0,UNH
2018-08-27,239.59,241.81,239.07,241.48,241.48,2614138,0.0,1.0,UNH
2018-08-24,236.66,239.4,236.66,238.94,238.94,2238686,0.0,1.0,UNH
2018-08-23,236.0,237.39,234.68,236.36,236.36,1603548,0.0,1.0,UNH
2018-08-22,236.84,236.84,235.3,235.74,235.74,2148534,0.0,1.0,UNH
2018-08-21,236.75,237.35,235.73,236.6,236.6,1559266,0.0,1.0,UNH
2018-08-20,237.79,238.23,236.49,237.24,237.24,1786166,0.0,1.0,UNH
2018-08-17,238.28,238.81,236.63,237.18,237.18,1969679,0.0,1.0,UNH
2018-08-16,236.49,238.46,236.38,237.88,237.88,2115921,0.0,1.0,UNH
2018-08-15,236.86,237.51,234.34,235.63,235.63,2017726,0.0,1.0,UNH
2018-08-14,235.88,238.96,235.84,238.22,238.22,1941909,0.0,1.0,UNH
2018-08-13,235.98,237.38,235.35,235.9,235.9,1635347,0.0,1.0,UNH
2018-08-10,235.52,236.43,234.27,235.4,235.4,1625059,0.0,1.0,UNH
2018-08-09,234.99,237.8,234.45,236.51,236.51,2315032,0.0,1.0,UNH
2018-08-08,233.37,234.62,233.19,234.0,234.0,1494253,0.0,1.0,UNH
2018-08-07,232.94,234.03,232.48,232.95,232.95,1462806,0.0,1.0,UNH
2018-08-06,231.91,232.85,230.98,232.14,232.14,1398440,0.0,1.0,UNH
2018-08-03,231.86,232.87,229.92,232.56,232.56,1422323,0.0,1.0,UNH
2018-08-02,229.2,231.73,228.05,231.53,231.53,1854444,0.0,1.0,UNH
2018-08-01,231.55,231.55,228.57,229.08,229.08,3006726,0.0,1.0,UNH
2018-07-31,229.78,230.73,228.61,228.94,228.94,2356023,0.0,1.0,UNH
2018-07-30,231.38,232.26,228.84,229.5,229.5,1681607,0.0,1.0,UNH
2018-07-27,233.08,233.08,230.91,231.41,231.41,1656790,0.0,1.0,UNH
2018-07-26,231.68,233.15,231.28,232.36,232.36,2021347,0.0,1.0,UNH
2018-07-25,230.38,230.8,228.54,230.43,230.43,3048005,0.0,1.0,UNH
2018-07-24,230.43,230.52,227.85,229.43,229.43,2476529,0.0,1.0,UNH
2018-07-23,228.66,230.76,228.23,228.51,228.51,1479621,0.0,1.0,UNH
2018-07-20,227.09,229.24,227.09,228.47,228.47,2014299,0.0,1.0,UNH
2018-07-19,230.84,231.91,227.71,228.68,228.68,2307632,0.0,1.0,UNH
2018-07-18,227.04,232.01,226.43,230.93,230.93,3359842,0.0,1.0,UNH
2018-07-17,227.43,228.31,222.66,226.29,226.29,6932309,0.0,1.0,UNH
2018-07-16,233.53,233.67,231.86,232.34,232.34,3625425,0.0,1.0,UNH
2018-07-13,231.81,234.18,231.48,233.9,233.9,2356197,0.0,1.0,UNH
2018-07-12,231.62,232.2,230.48,231.5,231.5,1592817,0.0,1.0,UNH
2018-07-11,230.68,231.46,229.41,230.18,230.18,1486018,0.0,1.0,UNH
2018-07-10,229.81,232.27,229.42,231.04,231.04,2012223,0.0,1.0,UNH
2018-07-09,227.96,229.66,226.98,229.35,229.35,2039553,0.0,1.0,UNH
2018-07-06,226.95,227.6,225.51,226.72,226.72,1572267,0.0,1.0,UNH
2018-07-05,225.23,226.87,223.84,226.48,226.48,2183067,0.0,1.0,UNH
2018-07-03,224.5,224.9,223.09,223.3,223.3,1247991,0.0,1.0,UNH
2018-07-02,221.51,223.98,220.72,223.75,223.75,1793431,0.0,1.0,UNH
2018-06-29,221.42,223.77,221.15,221.82,221.82,2787779,0.0,1.0,UNH
2018-06-28,223.44,224.22,219.01,221.42,221.42,3556904,0.0,1.0,UNH
2018-06-27,226.29,227.62,224.34,224.38,224.38,2480999,0.0,1.0,UNH
2018-06-26,226.54,228.27,225.62,225.82,225.82,2157980,0.0,1.0,UNH
2018-06-25,229.97,230.67,224.78,226.67,226.67,3060769,0.0,1.0,UNH
2018-06-22,228.06,230.65,227.11,229.98,229.98,2743131,0.0,1.0,UNH
2018-06-21,228.7,229.33,226.86,227.74,227.74,2150281,0.0,1.0,UNH
2018-06-20,229.03,229.4,227.73,228.57,228.57,2580440,0.0,1.0,UNH
2018-06-19,228.72,229.02,227.08,228.76,228.76,2370154,0.0,1.0,UNH
2018-06-18,229.65,230.56,227.97,230.44,230.44,1961879,0.0,1.0,UNH
2018-06-15,229.89,231.44,228.35,231.44,231.44,4772229,0.9,1.0,UNH
2018-06-14,229.27,230.64,228.54,230.04,230.04,2456594,0.0,1.0,UNH
2018-06-13,228.97,231.3,227.48,227.83,227.83,3138291,0.0,1.0,UNH
2018-06-12,228.12,228.79,225.39,228.47,228.47,2567198,0.0,1.0,UNH
2018-06-11,226.0,229.74,225.6,228.65,228.65,2775180,0.0,1.0,UNH
2018-06-08,224.75,226.59,223.5,225.85,225.85,3034554,0.0,1.0,UNH
2018-06-07,225.02,225.24,223.66,224.32,224.32,2117186,0.0,1.0,UNH
2018-06-06,221.93,224.09,220.85,224.02,224.02,2650301,0.0,1.0,UNH
2018-06-05,220.82,220.83,217.95,220.22,220.22,1531865,0.0,1.0,UNH
2018-06-04,219.83,220.95,218.7,220.4,220.4,2188866,0.0,1.0,UNH
2018-06-01,219.6,219.6,217.39,219.25,219.25,2371387,0.0,1.0,UNH
2018-05-31,220.02,220.51,216.84,217.59,217.59,2966087,0.0,1.0,UNH
2018-05-30,219.6,221.41,218.6,220.68,220.68,2071942,0.0,1.0,UNH
2018-05-29,219.71,219.71,216.45,218.19,218.19,2837814,0.0,1.0,UNH
2018-05-25,218.89,221.26,218.43,220.69,220.69,1554906,0.0,1.0,UNH
2018-05-24,220.35,221.13,218.21,218.69,218.69,2610418,0.0,1.0,UNH
2018-05-23,219.86,221.19,217.71,220.07,220.07,3047844,0.0,1.0,UNH
2018-05-22,223.44,223.48,219.69,220.9,220.9,2644110,0.0,1.0,UNH
2018-05-21,220.74,224.49,220.59,223.35,223.35,3040706,0.0,1.0,UNH
2018-05-18,219.27,220.52,218.38,220.41,220.41,2283818,0.0,1.0,UNH
2018-05-17,217.57,219.44,216.72,218.9,218.9,2418730,0.0,1.0,UNH
2018-05-16,215.92,217.86,214.94,217.78,217.78,1906100,0.0,1.0,UNH
2018-05-15,217.91,218.23,215.03,215.78,215.78,2396560,0.0,1.0,UNH
2018-05-14,215.24,219.54,215.17,218.84,218.84,3893625,0.0,1.0,UNH
2018-05-11,210.45,215.15,209.88,214.68,214.68,3044883,0.0,1.0,UNH
2018-05-10,207.36,211.09,206.64,210.56,210.56,2168955,0.0,1.0,UNH
2018-05-09,209.97,210.3,205.63,206.51,206.51,3504188,0.0,1.0,UNH
2018-05-08,210.57,210.57,207.81,209.05,209.05,2698268,0.0,1.0,UNH
2018-05-07,212.52,213.52,209.59,210.63,210.63,3237793,0.0,1.0,UNH
2018-05-04,210.01,213.21,209.17,212.54,212.54,1999865,0.0,1.0,UNH
2018-05-03,209.0,211.55,206.6,210.96,210.96,2731552,0.0,1.0,UNH
2018-05-02,212.07,212.82,209.8,210.34,210.34,3542681,0.0,1.0,UNH
2018-05-01,213.53,213.97,211.15,213.39,213.39,2633467,0.0,1.0,UNH
2018-04-30,217.13,217.13,212.99,212.99,212.99,3446885,0.0,1.0,UNH
2018-04-27,214.1,216.72,213.66,216.39,216.39,2301751,0.0,1.0,UNH
2018-04-26,212.38,214.28,211.12,213.56,213.56,2252787,0.0,1.0,UNH
2018-04-25,210.33,211.82,207.62,211.64,211.64,2932258,0.0,1.0,UNH
2018-04-24,212.58,213.82,209.53,211.02,211.02,2771226,0.0,1.0,UNH
2018-04-23,211.99,212.82,210.0,211.13,211.13,3051703,0.0,1.0,UNH
2018-04-20,212.67,213.62,210.37,211.78,211.78,2842009,0.0,1.0,UNH
2018-04-19,212.81,214.67,211.55,212.41,212.41,2734927,0.0,1.0,UNH
2018-04-18,215.33,216.0,212.9,212.99,212.99,2940074,0.0,1.0,UNH
2018-04-17,215.61,217.74,212.7,214.92,214.92,6180286,0.0,1.0,UNH
2018-04-16,204.62,208.89,203.93,207.51,207.51,4510623,0.0,1.0,UNH
2018-04-13,202.81,203.73,200.99,202.07,202.07,2496580,0.0,1.0,UNH
2018-04-12,201.85,203.39,201.28,202.03,202.03,2664457,0.0,1.0,UNH
2018-04-11,202.06,203.07,199.73,199.92,199.92,3482120,0.0,1.0,UNH
2018-04-10,203.08,205.56,201.36,204.33,204.33,2773227,0.0,1.0,UNH
2018-04-09,203.24,203.73,200.34,200.67,200.67,3031520,0.0,1.0,UNH
2018-04-06,204.2,205.59,199.85,201.78,201.78,3231724,0.0,1.0,UNH
2018-04-05,206.73,208.64,204.34,206.38,206.38,3348090,0.0,1.0,UNH
2018-04-04,198.83,206.75,198.59,206.13,206.13,4674010,0.0,1.0,UNH
2018-04-03,198.52,202.81,197.93,202.34,202.34,4651997,0.0,1.0,UNH
2018-04-02,196.82,200.91,193.37,195.69,195.69,6220689,0.0,1.0,UNH
2018-03-29,197.65,201.23,192.81,192.81,192.81,5529392,0.0,1.0,UNH
2018-03-28,197.21,198.13,195.54,196.86,196.86,3179518,0.0,1.0,UNH
2018-03-27,198.5,199.97,194.98,196.37,196.37,3661781,0.0,1.0,UNH
2018-03-26,193.88,197.68,193.44,197.37,197.37,3355677,0.0,1.0,UNH
2018-03-23,194.38,196.17,191.45,191.5,191.5,5514827,0.0,1.0,UNH
2018-03-22,199.7,199.71,193.8,193.9,193.9,5553756,0.0,1.0,UNH
2018-03-21,204.02,204.91,200.75,200.75,200.75,3408998,0.0,1.0,UNH
2018-03-20,202.86,205.06,201.71,204.32,204.32,3393616,0.0,1.0,UNH
2018-03-19,204.8,205.39,201.53,202.76,202.76,3308958,0.0,1.0,UNH
2018-03-16,206.92,208.37,205.19,205.29,205.29,5316977,0.0,1.0,UNH
2018-03-15,203.46,207.91,203.31,206.75,206.75,3191807,0.0,1.0,UNH
2018-03-14,204.64,206.67,202.73,203.06,203.06,2929437,0.0,1.0,UNH
2018-03-13,201.39,205.47,201.06,204.46,204.46,3313748,0.0,1.0,UNH
2018-03-12,203.81,204.52,200.71,200.71,200.71,3112794,0.0,1.0,UNH
2018-03-09,203.72,204.09,200.46,203.1,203.1,4805255,0.0,1.0,UNH
2018-03-08,205.36,205.41,201.74,202.47,202.47,3454916,0.75,1.0,UNH
2018-03-07,201.46,204.57,200.92,204.08,204.08,3242203,0.0,1.0,UNH
2018-03-06,205.56,205.77,201.05,203.1,203.1,2652763,0.0,1.0,UNH
2018-03-05,200.58,206.02,200.06,205.08,205.08,2627307,0.0,1.0,UNH
2018-03-02,200.43,202.78,199.88,202.21,202.21,2613605,0.0,1.0,UNH
2018-03-01,202.67,205.89,200.01,201.55,201.55,3514589,0.0,1.0,UNH
2018-02-28,210.5,210.8,203.02,203.08,203.08,4329325,0.0,1.0,UNH
2018-02-27,210.48,211.82,208.72,208.79,208.79,2897948,0.0,1.0,UNH
2018-02-26,208.0,210.58,206.26,210.18,210.18,3081532,0.0,1.0,UNH
2018-02-23,204.65,206.82,202.86,206.68,206.68,2349926,0.0,1.0,UNH
2018-02-22,203.21,206.39,202.11,203.92,203.92,2767850,0.0,1.0,UNH
2018-02-21,203.07,205.95,202.14,202.16,202.16,3359289,0.0,1.0,UNH
2018-02-20,204.66,205.41,202.59,203.53,203.53,2972753,0.0,1.0,UNH
2018-02-16,202.93,207.03,202.67,205.97,205.97,3602311,0.0,1.0,UNH
2018-02-15,205.88,206.53,199.11,202.96,202.96,4526099,0.0,1.0,UNH
2018-02-14,202.0,205.94,201.07,205.44,205.44,2871040,0.0,1.0,UNH
2018-02-13,200.38,203.95,199.7,203.51,203.51,3319842,0.0,1.0,UNH
2018-02-12,199.74,204.74,199.48,202.66,202.66,4901754,0.0,1.0,UNH
2018-02-09,195.76,200.5,190.38,198.41,198.41,6208110,0.0,1.0,UNH
2018-02-08,202.34,203.51,194.19,194.37,194.37,4875622,0.0,1.0,UNH
2018-02-07,199.64,205.89,198.91,202.78,202.78,5458395,0.0,1.0,UNH
2018-02-06,190.55,203.4,188.76,202.2,202.2,6859988,0.0,1.0,UNH
2018-02-05,207.24,209.32,187.21,197.57,197.57,6094954,0.0,1.0,UNH
2018-02-02,209.23,212.19,207.6,208.22,208.22,3830714,0.0,1.0,UNH
2018-02-01,211.26,213.55,209.97,211.22,211.22,4255635,0.0,1.0,UNH
2018-01-31,218.06,221.8,211.7,212.62,212.62,5145057,0.0,1.0,UNH
2018-01-30,209.12,217.97,208.42,212.5,212.5,11516549,0.0,1.0,UNH
2018-01-29,223.84,225.2,222.16,222.17,222.17,2475392,0.0,1.0,UNH
2018-01-26,220.0,223.36,219.52,223.12,223.12,2497081,0.0,1.0,UNH
2018-01-25,219.78,221.07,219.01,220.16,220.16,2350862,0.0,1.0,UNH
2018-01-24,220.91,222.08,218.84,219.87,219.87,2619808,0.0,1.0,UNH
2018-01-23,218.2,221.78,217.68,220.19,220.19,3024557,0.0,1.0,UNH
2018-01-22,218.74,218.92,216.73,218.71,218.71,3721744,0.0,1.0,UNH
2018-01-19,219.27,219.42,216.47,218.52,218.52,4289381,0.0,1.0,UNH
2018-01-18,214.85,219.01,214.21,218.35,218.35,6108385,0.0,1.0,UNH
2018-01-17,210.73,214.58,209.99,214.1,214.1,5090707,0.0,1.0,UNH
2018-01-16,209.56,211.02,207.65,209.14,209.14,6845209,0.0,1.0,UNH
2018-01-12,204.24,206.44,203.41,205.31,205.31,3914459,0.0,1.0,UNH
2018-01-11,201.31,202.87,200.87,202.39,202.39,2542128,0.0,1.0,UNH
2018-01-10,201.89,202.05,200.27,201.32,201.32,2310727,0.0,1.0,UNH
2018-01-09,201.83,203.51,200.52,202.83,202.83,2624009,0.0,1.0,UNH
2018-01-08,204.85,205.37,201.69,201.83,201.83,2730381,0.0,1.0,UNH
2018-01-05,202.21,205.68,201.79,205.39,205.39,2385007,0.0,1.0,UNH
2018-01-04,201.45,203.03,201.3,201.55,201.55,2643607,0.0,1.0,UNH
2018-01-03,199.01,200.97,198.02,200.68,200.68,2353723,0.0,1.0,UNH
2018-01-02,198.47,199.75,197.55,198.59,198.59,3276075,0.0,1.0,UNH
2017-12-29,201.1,201.1,197.97,197.97,197.97,2263645,0.0,1.0,UNH
2017-12-28,198.86,200.06,197.69,200.04,200.04,1451334,0.0,1.0,UNH
2017-12-27,197.53,198.85,196.88,197.93,197.93,1576592,0.0,1.0,UNH
2017-12-26,196.74,197.93,196.74,197.19,197.19,1481453,0.0,1.0,UNH
2017-12-22,199.35,199.66,196.16,197.55,197.55,1956539,0.0,1.0,UNH
2017-12-21,200.16,201.09,198.78,199.07,199.07,2926894,0.0,1.0,UNH
2017-12-20,200.02,201.94,199.11,199.69,199.69,2566610,0.0,1.0,UNH
2017-12-19,200.03,200.96,198.32,199.38,199.38,2332940,0.0,1.0,UNH
2017-12-18,200.83,201.87,199.52,199.95,199.95,2875223,0.0,1.0,UNH
2017-12-15,200.21,200.92,198.12,199.19,199.19,5901705,0.0,1.0,UNH
2017-12-14,202.49,203.81,198.46,198.67,198.67,2782512,0.0,1.0,UNH
2017-12-13,199.11,202.0,198.66,201.46,201.46,3042354,0.0,1.0,UNH
2017-12-12,199.63,200.62,198.68,199.79,199.79,2291684,0.0,1.0,UNH
2017-12-11,201.29,201.88,199.38,200.04,200.04,1587344,0.0,1.0,UNH
2017-12-08,198.05,201.44,197.75,201.06,201.06,2207110,0.0,1.0,UNH
2017-12-07,198.08,198.1,195.93,197.69,197.69,2658247,0.0,1.0,UNH
2017-12-06,198.47,199.31,196.68,197.5,197.5,2390893,0.0,1.0,UNH
2017-12-05,198.45,200.89,196.8,197.63,197.63,3140492,0.0,1.0,UNH
2017-12-04,205.87,208.12,198.81,198.83,198.83,5591486,0.0,1.0,UNH
2017-12-01,205.54,205.83,198.52,203.64,203.64,3326098,0.0,1.0,UNH
2017-11-30,200.99,205.41,199.61,204.89,204.89,6846394,0.75,1.0,UNH
2017-11-29,194.85,200.73,194.54,199.48,199.48,4247248,0.0,1.0,UNH
2017-11-28,191.43,193.6,190.2,193.45,193.45,2888884,0.0,1.0,UNH
2017-11-27,189.97,191.76,189.57,190.1,190.1,2852856,0.0,1.0,UNH
2017-11-24,189.75,190.58,188.85,190.2,190.2,743961,0.0,1.0,UNH
2017-11-22,189.98,190.47,188.64,189.05,189.05,2257764,0.0,1.0,UNH
2017-11-21,188.97,190.51,188.63,190.28,190.28,2327411,0.0,1.0,UNH
2017-11-20,187.95,188.56,187.58,188.18,188.18,2040368,0.0,1.0,UNH
2017-11-17,188.37,189.26,187.19,187.87,187.87,1881773,0.0,1.0,UNH
2017-11-16,188.3,189.75,187.87,188.97,188.97,1910335,0.0,1.0,UNH
2017-11-15,188.74,189.73,187.61,187.83,187.83,1807113,0.0,1.0,UNH
2017-11-14,189.93,190.37,188.78,189.49,189.49,1865458,0.0,1.0,UNH
2017-11-13,188.23,191.12,187.9,190.34,190.34,2608814,0.0,1.0,UNH
2017-11-10,189.26,189.57,188.13,188.91,188.91,1300918,0.0,1.0,UNH
2017-11-09,188.48,189.53,187.18,189.35,189.35,1838784,0.0,1.0,UNH
2017-11-08,189.82,190.57,188.58,188.64,188.64,2261114,0.0,1.0,UNH
2017-11-07,190.41,191.12,188.75,190.37,190.37,1777825,0.0,1.0,UNH
2017-11-06,189.66,191.47,189.57,189.85,189.85,2239061,0.0,1.0,UNH
2017-11-03,188.6,191.38,188.04,190.52,190.52,2196909,0.0,1.0,UNH
2017-11-02,188.05,189.28,187.07,188.94,188.94,2812244,0.0,1.0,UNH
2017-11-01,189.4,190.31,186.99,187.53,187.53,1878630,0.0,1.0,UNH
2017-10-31,187.41,188.42,185.99,188.15,188.15,3678228,0.0,1.0,UNH
2017-10-30,189.93,190.43,187.4,187.41,187.41,2365906,0.0,1.0,UNH
2017-10-27,187.19,190.43,186.65,190.28,190.28,4380408,0.0,1.0,UNH
2017-10-26,186.09,189.48,185.79,187.19,187.19,4279385,0.0,1.0,UNH
2017-10-25,186.45,187.19,185.33,185.74,185.74,2198422,0.0,1.0,UNH
2017-10-24,184.72,186.37,184.27,186.3,186.3,3016787,0.0,1.0,UNH
2017-10-23,185.79,186.57,184.2,185.28,185.28,2254429,0.0,1.0,UNH
2017-10-20,182.82,186.35,182.31,185.71,185.71,5111152,0.0,1.0,UNH
2017-10-19,183.9,184.15,181.42,181.91,181.91,3363266,0.0,1.0,UNH
2017-10-18,182.41,185.99,182.3,183.69,183.69,4794606,0.0,1.0,UNH
2017-10-17,176.14,184.93,175.76,182.49,182.49,8882178,0.0,1.0,UNH
2017-10-16,172.27,173.03,171.27,172.92,172.92,2915690,0.0,1.0,UNH
2017-10-13,169.69,172.48,166.47,172.31,172.31,5393000,0.0,1.0,UNH
2017-10-12,174.54,174.85,172.5,172.67,172.67,2836379,0.0,1.0,UNH
2017-10-11,174.2,175.49,173.27,174.76,174.76,2838542,0.0,1.0,UNH
2017-10-10,175.66,175.81,173.34,174.24,174.24,2499112,0.0,1.0,UNH
2017-10-09,177.22,177.5,175.23,175.69,175.69,3294497,0.0,1.0,UNH
2017-10-06,177.13,179.0,176.78,177.27,177.27,2753930,0.0,1.0,UNH
2017-10-05,178.94,178.94,175.93,177.13,177.13,3841544,0.0,1.0,UNH
2017-10-04,178.14,179.66,177.6,179.43,179.43,2275969,0.0,1.0,UNH
2017-10-03,176.77,178.51,176.55,177.78,177.78,2528871,0.0,1.0,UNH
2017-10-02,175.95,177.13,175.72,176.71,176.71,2584903,0.0,1.0,UNH
2017-09-29,175.26,175.51,174.06,175.29,175.29,2631669,0.0,1.0,UNH
2017-09-28,173.86,175.91,173.2,175.51,175.51,2075015,0.0,1.0,UNH
2017-09-27,172.92,175.08,171.61,174.07,174.07,3177192,0.0,1.0,UNH
2017-09-26,172.12,173.96,171.88,172.47,172.47,2774465,0.0,1.0,UNH
2017-09-25,172.98,175.7,170.88,171.62,171.62,3060480,0.0,1.0,UNH
2017-09-22,174.63,175.31,168.49,172.77,172.77,5543547,0.0,1.0,UNH
2017-09-21,175.09,175.54,174.44,174.72,174.72,1881452,0.0,1.0,UNH
2017-09-20,174.55,175.28,173.69,175.2,175.2,2748704,0.0,1.0,UNH
2017-09-19,177.61,177.75,172.19,174.22,174.22,3811489,0.0,1.0,UNH
2017-09-18,177.37,177.95,176.78,177.38,177.38,1915203,0.0,1.0,UNH
2017-09-15,177.68,178.75,176.5,177.38,177.38,4090952,0.0,1.0,UNH
2017-09-14,177.17,177.55,176.4,176.97,176.97,2362027,0.0,1.0,UNH
2017-09-13,177.04,179.68,177.02,177.51,177.51,2359284,0.0,1.0,UNH
2017-09-12,178.5,178.53,176.24,176.74,176.74,2541492,0.0,1.0,UNH
2017-09-11,178.33,179.38,177.91,178.63,178.63,3225105,0.0,1.0,UNH
2017-09-08,177.6,177.98,176.32,176.99,176.99,2192230,0.0,1.0,UNH
2017-09-07,177.01,178.54,176.38,177.37,177.37,2662250,0.75,1.0,UNH
2017-09-06,177.92,178.32,176.22,176.89,176.89,2977448,0.0,1.0,UNH
2017-09-05,177.62,178.72,177.18,177.71,177.71,2700827,0.0,1.0,UNH
2017-09-01,178.14,178.32,176.87,178.11,178.11,2241797,0.0,1.0,UNH
2017-08-31,175.59,177.88,175.11,177.35,177.35,2981661,0.0,1.0,UNH
2017-08-30,175.1,175.55,174.05,174.66,174.66,1480807,0.0,1.0,UNH
2017-08-29,173.72,175.69,173.27,175.41,175.41,2067299,0.0,1.0,UNH
2017-08-28,173.51,174.59,173.3,173.95,173.95,1957259,0.0,1.0,UNH
2017-08-25,174.17,174.35,173.1,173.3,173.3,1370564,0.0,1.0,UNH
2017-08-24,173.47,173.93,173.17,173.65,173.65,1901514,0.0,1.0,UNH
2017-08-23,173.43,173.51,172.73,173.19,173.19,1534775,0.0,1.0,UNH
2017-08-22,171.33,173.84,170.8,173.68,173.68,1970087,0.0,1.0,UNH
2017-08-21,170.2,171.47,170.2,171.22,171.22,1705822,0.0,1.0,UNH
2017-08-18,171.95,172.27,169.98,170.14,170.14,2845508,0.0,1.0,UNH
2017-08-17,172.76,173.19,171.79,171.82,171.82,2362101,0.0,1.0,UNH
2017-08-16,173.7,174.11,171.94,172.77,172.77,1860924,0.0,1.0,UNH
2017-08-15,173.4,173.88,172.81,173.43,173.43,1563243,0.0,1.0,UNH
2017-08-14,173.51,173.65,172.0,172.72,172.72,2310272,0.0,1.0,UNH
2017-08-11,172.9,173.46,171.79,172.11,172.11,2210718,0.0,1.0,UNH
2017-08-10,173.21,173.33,171.55,171.7,171.7,2642601,0.0,1.0,UNH
2017-08-09,173.78,174.19,173.13,173.72,173.72,2005300,0.0,1.0,UNH
2017-08-08,173.59,173.86,173.05,173.78,173.78,1725334,0.0,1.0,UNH
2017-08-07,173.7,174.24,172.89,173.68,173.68,2057507,0.0,1.0,UNH
2017-08-04,173.83,174.8,173.51,173.76,173.76,2782057,0.0,1.0,UNH
2017-08-03,172.32,173.84,172.1,173.67,173.67,2868930,0.0,1.0,UNH
2017-08-02,171.32,172.49,171.32,172.09,172.09,2463792,0.0,1.0,UNH
2017-08-01,172.44,172.44,170.86,171.4,171.4,3317312,0.0,1.0,UNH
2017-07-31,170.83,171.74,170.43,171.03,171.03,3767109,0.0,1.0,UNH
2017-07-28,168.62,170.52,167.27,170.44,170.44,1894880,0.0,1.0,UNH
2017-07-27,169.63,169.85,168.04,168.46,168.46,2623376,0.0,1.0,UNH
2017-07-26,169.43,170.78,168.86,170.08,170.08,2668795,0.0,1.0,UNH
2017-07-25,171.31,171.62,169.68,169.77,169.77,1916424,0.0,1.0,UNH
2017-07-24,171.01,171.35,169.98,170.21,170.21,2315160,0.0,1.0,UNH
2017-07-21,170.64,172.09,169.95,171.0,171.0,4885618,0.0,1.0,UNH
2017-07-20,168.89,171.13,168.45,170.75,170.75,3057503,0.0,1.0,UNH
2017-07-19,167.19,168.89,167.19,168.69,168.69,3388430,0.0,1.0,UNH
2017-07-18,166.69,166.92,163.94,166.6,166.6,4227671,0.0,1.0,UNH
2017-07-17,166.8,166.96,165.63,166.16,166.16,2433714,0.0,1.0,UNH
2017-07-14,165.68,166.85,164.75,166.65,166.65,2625745,0.0,1.0,UNH
2017-07-13,166.74,166.99,165.24,165.38,165.38,2353497,0.0,1.0,UNH
2017-07-12,166.55,167.01,166.21,166.46,166.46,3339421,0.0,1.0,UNH
2017-07-11,166.74,167.33,165.04,165.8,165.8,2662647,0.0,1.0,UNH
2017-07-10,167.03,167.63,165.98,166.69,166.69,2568117,0.0,1.0,UNH
2017-07-07,167.05,168.01,166.75,167.59,167.59,2130041,0.0,1.0,UNH
2017-07-06,167.74,167.8,165.98,166.68,166.68,1829507,0.0,1.0,UNH
2017-07-05,165.97,167.95,165.6,167.85,167.85,2583483,0.0,1.0,UNH
2017-07-03,166.11,167.21,165.61,166.43,166.43,2087013,0.0,1.0,UNH
2017-06-30,165.09,166.02,164.89,165.33,165.33,2352397,0.0,1.0,UNH
2017-06-29,165.69,165.93,164.36,165.2,165.2,2186565,0.0,1.0,UNH
2017-06-28,165.56,166.12,165.04,165.58,165.58,2351634,0.0,1.0,UNH
2017-06-27,165.6,166.56,164.26,164.6,164.6,2680374,0.0,1.0,UNH
2017-06-26,165.07,165.75,163.52,165.06,165.06,2327361,0.0,1.0,UNH
2017-06-23,166.09,166.09,164.18,165.18,165.18,3373013,0.0,1.0,UNH
2017-06-22,164.87,168.22,164.76,166.29,166.29,3693779,0.0,1.0,UNH
2017-06-21,163.61,165.05,162.91,164.88,164.88,2782295,0.0,1.0,UNH
2017-06-20,162.95,163.55,162.47,163.41,163.41,2671943,0.0,1.0,UNH
2017-06-19,162.55,163.19,161.17,163.19,163.19,3781848,0.0,1.0,UNH
2017-06-16,161.24,162.69,160.84,161.95,161.95,4463175,0.0,1.0,UNH
2017-06-15,162.06,163.62,160.58,160.84,160.84,3076040,0.75,1.0,UNH
2017-06-14,160.67,162.35,160.67,161.93,161.93,2039269,0.0,1.0,UNH
2017-06-13,159.13,161.07,159.07,160.76,160.76,2454889,0.0,1.0,UNH
2017-06-12,160.73,161.45,156.65,159.17,159.17,3701213,0.0,1.0,UNH
2017-06-09,161.47,161.96,160.6,161.13,161.13,2392197,0.0,1.0,UNH
2017-06-08,162.8,163.17,160.7,161.33,161.33,3065022,0.0,1.0,UNH
2017-06-07,161.61,162.91,159.52,162.68,162.68,3783593,0.0,1.0,UNH
2017-06-06,159.11,160.77,158.48,160.56,160.56,3438468,0.0,1.0,UNH
2017-06-05,159.41,160.12,159.09,159.27,159.27,2640579,0.0,1.0,UNH
2017-06-02,159.76,159.76,158.36,159.29,159.29,2608165,0.0,1.0,UNH
2017-06-01,156.09,159.46,155.56,159.46,159.46,2803855,0.0,1.0,UNH
2017-05-31,157.07,157.08,155.32,155.55,155.55,3205206,0.0,1.0,UNH
2017-05-30,157.65,158.13,156.49,156.8,156.8,2274810,0.0,1.0,UNH
2017-05-26,157.77,158.85,157.17,157.61,157.61,1577632,0.0,1.0,UNH
2017-05-25,156.56,158.7,156.23,158.1,158.1,3208724,0.0,1.0,UNH
2017-05-24,155.79,156.37,154.97,155.92,155.92,1612319,0.0,1.0,UNH
2017-05-23,154.9,155.85,154.25,155.59,155.59,2471494,0.0,1.0,UNH
2017-05-22,153.38,155.3,153.26,155.13,155.13,3480347,0.0,1.0,UNH
2017-05-19,153.0,153.57,151.17,153.25,153.25,3867235,0.0,1.0,UNH
2017-05-18,149.4,154.49,149.06,152.24,152.24,3901173,0.0,1.0,UNH
2017-05-17,148.25,151.3,147.98,149.94,149.94,4432867,0.0,1.0,UNH
2017-05-16,151.55,151.84,148.51,149.28,149.28,4340371,0.0,1.0,UNH
2017-05-15,152.54,152.73,151.16,152.31,152.31,2829728,0.0,1.0,UNH
2017-05-12,153.3,153.96,152.3,152.56,152.56,2301607,0.0,1.0,UNH
2017-05-11,153.4,154.38,152.44,153.9,153.9,1850982,0.0,1.0,UNH
2017-05-10,153.65,154.18,153.14,153.96,153.96,1568702,0.0,1.0,UNH
2017-05-09,154.59,155.19,153.38,153.83,153.83,1651328,0.0,1.0,UNH
2017-05-08,154.44,155.0,154.12,154.9,154.9,2505936,0.0,1.0,UNH
2017-05-05,154.98,155.29,153.89,154.61,154.61,2047335,0.0,1.0,UNH
2017-05-04,153.66,154.69,153.07,154.52,154.52,2583702,0.0,1.0,UNH
2017-05-03,154.28,154.77,152.6,153.21,153.21,3622176,0.0,1.0,UNH
2017-05-02,155.31,155.72,151.2,154.63,154.63,4947320,0.0,1.0,UNH
2017-05-01,155.39,156.4,154.58,155.03,155.03,2709651,0.0,1.0,UNH
2017-04-28,155.05,155.39,154.42,155.29,155.29,2003313,0.0,1.0,UNH
2017-04-27,154.57,156.34,154.52,155.06,155.06,2405299,0.0,1.0,UNH
2017-04-26,154.58,155.97,154.49,154.84,154.84,2806907,0.0,1.0,UNH
2017-04-25,154.06,155.16,153.79,154.54,154.54,2636422,0.0,1.0,UNH
2017-04-24,153.31,153.76,152.46,153.02,153.02,2830275,0.0,1.0,UNH
2017-04-21,152.84,153.28,151.37,151.98,151.98,2982272,0.0,1.0,UNH
2017-04-20,150.53,152.9,149.51,152.32,152.32,3652113,0.0,1.0,UNH
2017-04-19,150.59,152.01,149.79,150.29,150.29,4703352,0.0,1.0,UNH
2017-04-18,151.01,151.16,148.91,149.7,149.7,5526173,0.0,1.0,UNH
2017-04-17,146.5,148.66,146.48,148.45,148.45,4396665,0.0,1.0,UNH
2017-04-13,146.47,147.09,146.22,146.48,146.48,1979846,0.0,1.0,UNH
2017-04-12,147.69,147.77,146.16,147.01,147.01,2978737,0.0,1.0,UNH
2017-04-11,146.42,147.26,146.16,147.25,147.25,3172925,0.0,1.0,UNH
2017-04-10,147.57,148.29,146.76,146.94,146.94,3234913,0.0,1.0,UNH
2017-04-07,146.48,147.84,146.18,147.42,147.42,2928086,0.0,1.0,UNH
2017-04-06,146.91,147.42,146.37,146.81,146.81,2923993,0.0,1.0,UNH
2017-04-05,147.19,148.52,146.71,146.84,146.84,3541623,0.0,1.0,UNH
2017-04-04,147.29,147.8,146.33,146.49,146.49,2885973,0.0,1.0,UNH
2017-04-03,146.18,147.53,145.85,147.04,147.04,3473710,0.0,1.0,UNH
2017-03-31,146.19,146.6,145.4,145.63,145.63,3496122,0.0,1.0,UNH
2017-03-30,145.31,147.34,145.15,146.5,146.5,2993828,0.0,1.0,UNH
2017-03-29,146.21,146.49,144.51,145.13,145.13,5900387,0.0,1.0,UNH
2017-03-28,146.14,147.46,145.48,146.82,146.82,7327109,0.0,1.0,UNH
2017-03-27,145.62,146.61,145.01,146.16,146.16,4383024,0.0,1.0,UNH
2017-03-24,147.58,148.64,145.94,146.51,146.51,5243877,0.0,1.0,UNH
2017-03-23,147.61,148.23,146.31,146.77,146.77,3947412,0.0,1.0,UNH
2017-03-22,149.29,149.51,147.07,148.32,148.32,2999769,0.0,1.0,UNH
2017-03-21,149.77,149.9,148.34,148.91,148.91,4953057,0.0,1.0,UNH
2017-03-20,150.89,151.17,149.11,149.18,149.18,3928639,0.0,1.0,UNH
2017-03-17,151.92,152.32,150.59,150.69,150.69,5622866,0.0,1.0,UNH
2017-03-16,152.79,152.85,151.15,152.11,152.11,3138566,0.0,1.0,UNH
2017-03-15,150.38,152.7,150.32,152.53,152.53,2807585,0.0,1.0,UNH
2017-03-14,150.65,151.11,149.62,150.12,150.12,2522844,0.0,1.0,UNH
2017-03-13,150.94,151.78,150.55,151.14,151.14,3130164,0.0,1.0,UNH
2017-03-10,149.55,150.95,149.23,150.93,150.93,3716433,0.0,1.0,UNH
2017-03-09,149.31,150.13,148.95,149.19,149.19,3631873,0.0,1.0,UNH
2017-03-08,148.83,149.59,148.11,149.1,149.1,2048154,0.625,1.0,UNH
2017-03-07,149.02,149.83,148.56,148.89,148.89,2702284,0.0,1.0,UNH
2017-03-06,148.12,149.82,147.85,149.24,149.24,2576499,0.0,1.0,UNH
2017-03-03,148.07,149.02,147.4,148.8,148.8,2254393,0.0,1.0,UNH
2017-03-02,148.91,149.0,147.7,148.01,148.01,1889729,0.0,1.0,UNH
2017-03-01,147.49,149.15,147.16,148.57,148.57,3514174,0.0,1.0,UNH
2017-02-28,146.39,147.53,145.88,146.31,146.31,4382037,0.0,1.0,UNH
2017-02-27,144.34,146.38,144.03,146.31,146.31,4071564,0.0,1.0,UNH
2017-02-24,143.91,144.28,143.09,144.25,144.25,2715668,0.0,1.0,UNH
2017-02-23,142.72,143.85,142.16,143.85,143.85,2460188,0.0,1.0,UNH
2017-02-22,142.35,143.12,141.23,142.05,142.05,2725286,0.0,1.0,UNH
2017-02-21,139.44,142.27,139.35,142.05,142.05,5418758,0.0,1.0,UNH
2017-02-17,140.66,141.69,138.44,139.44,139.44,12032677,0.0,1.0,UNH
2017-02-16,145.77,145.94,143.61,144.78,144.78,3191646,0.0,1.0,UNH
2017-02-15,143.83,145.87,143.83,145.34,145.34,4537859,0.0,1.0,UNH
2017-02-14,142.83,144.64,142.65,144.32,144.32,2969704,0.0,1.0,UNH
2017-02-13,142.16,143.33,142.16,143.31,143.31,3275839,0.0,1.0,UNH
2017-02-10,141.65,142.95,141.63,142.21,142.21,1905884,0.0,1.0,UNH
2017-02-09,141.85,142.7,141.16,141.94,141.94,3056783,0.0,1.0,UNH
2017-02-08,141.55,142.1,141.02,141.82,141.82,2339728,0.0,1.0,UNH
2017-02-07,142.48,143.03,141.14,142.02,142.02,2942701,0.0,1.0,UNH
2017-02-06,142.88,143.78,141.74,142.0,142.0,3478970,0.0,1.0,UNH
2017-02-03,142.55,143.32,141.73,143.2,143.2,2762478,0.0,1.0,UNH
2017-02-02,143.78,144.42,141.78,142.22,142.22,4714006,0.0,1.0,UNH
2017-02-01,143.98,145.0,143.34,143.94,143.94,3718557,0.0,1.0,UNH
2017-01-31,142.98,143.48,141.56,143.4,143.4,3036991,0.0,1.0,UNH
2017-01-30,144.15,144.61,142.71,143.4,143.4,2784550,0.0,1.0,UNH
2017-01-27,144.64,144.91,143.86,144.19,144.19,3110360,0.0,1.0,UNH
2017-01-26,143.19,144.71,142.65,143.98,143.98,4201682,0.0,1.0,UNH
2017-01-25,142.27,143.3,141.86,142.64,142.64,3605753,0.0,1.0,UNH
2017-01-24,140.98,142.71,140.75,141.93,141.93,3514096,0.0,1.0,UNH
2017-01-23,140.33,141.12,138.5,140.72,140.72,4062438,0.0,1.0,UNH
2017-01-20,140.68,141.37,139.61,140.36,140.36,3578965,0.0,1.0,UNH
2017-01-19,139.55,142.03,139.1,140.4,140.4,4976871,0.0,1.0,UNH
2017-01-18,142.48,142.61,138.09,139.55,139.55,6591459,0.0,1.0,UNH
2017-01-17,143.86,144.17,139.34,142.13,142.13,5475764,0.0,1.0,UNH
2017-01-13,143.46,143.97,142.79,143.14,143.14,3182390,0.0,1.0,UNH
2017-01-12,143.04,144.15,142.33,143.63,143.63,2555823,0.0,1.0,UNH
2017-01-11,142.7,144.15,142.09,143.22,143.22,3330608,0.0,1.0,UNH
2017-01-10,142.67,144.18,141.99,142.94,142.94,3500741,0.0,1.0,UNH
2017-01-09,143.32,143.7,142.24,143.27,143.27,3041495,0.0,1.0,UNH
2017-01-06,143.09,144.15,142.53,143.68,143.68,3081255,0.0,1.0,UNH
2017-01-05,143.09,143.87,142.88,143.47,143.47,2961043,0.0,1.0,UNH
2017-01-04,143.63,143.83,141.32,143.24,143.24,2695217,0.0,1.0,UNH
2017-01-03,142.55,143.55,140.79,142.83,142.83,3540336,0.0,1.0,UNH
2016-12-30,142.76,142.86,141.41,141.58,141.58,2855596,0.0,1.0,UNH
2016-12-29,143.24,143.63,141.89,142.47,142.47,2476270,0.0,1.0,UNH
2016-12-28,143.46,144.42,142.71,142.82,142.82,1669083,0.0,1.0,UNH
2016-12-27,144.43,145.05,143.71,143.88,143.88,1343946,0.0,1.0,UNH
2016-12-23,142.93,144.24,142.03,144.23,144.23,2044472,0.0,1.0,UNH
2016-12-22,142.78,143.21,141.79,142.94,142.94,2741699,0.0,1.0,UNH
2016-12-21,142.8,143.57,141.21,142.72,142.72,2768116,0.0,1.0,UNH
2016-12-20,143.06,144.3,142.79,142.95,142.95,3131151,0.0,1.0,UNH
2016-12-19,144.28,145.03,142.63,142.91,142.91,4732617,0.0,1.0,UNH
2016-12-16,142.77,145.08,142.6,145.03,145.03,7605227,0.0,1.0,UNH
2016-12-15,141.43,142.69,141.04,142.09,142.09,4422949,0.0,1.0,UNH
2016-12-14,142.55,143.14,140.41,141.42,141.42,3885004,0.0,1.0,UNH
2016-12-13,141.9,143.06,141.6,142.02,142.02,3868877,0.0,1.0,UNH
2016-12-12,140.51,141.25,139.56,141.1,141.1,3471430,0.0,1.0,UNH
2016-12-09,141.12,141.69,139.52,141.65,141.65,4007213,0.0,1.0,UNH
2016-12-08,141.02,141.76,139.78,140.94,140.94,3407518,0.0,1.0,UNH
2016-12-07,139.68,141.53,138.32,141.02,141.02,4552337,0.0,1.0,UNH
2016-12-06,139.93,139.98,138.24,139.18,139.18,3216730,0.0,1.0,UNH
2016-12-05,141.71,142.14,138.21,139.45,139.45,5854226,0.0,1.0,UNH
2016-12-02,142.43,143.78,142.04,142.19,142.19,3480032,0.0,1.0,UNH
2016-12-01,140.77,143.07,140.77,142.38,142.38,5250119,0.0,1.0,UNH
2016-11-30,139.31,141.33,138.95,140.06,140.06,7142359,0.625,1.0,UNH
2016-11-29,138.29,139.34,136.74,138.87,138.87,5827435,0.0,1.0,UNH
2016-11-28,134.59,134.69,132.18,134.04,134.04,5029589,0.0,1.0,UNH
2016-11-25,135.64,136.14,134.48,134.65,134.65,1664542,0.0,1.0,UNH
2016-11-23,133.95,135.47,133.02,135.3,135.3,2838847,0.0,1.0,UNH
2016-11-22,133.13,134.76,132.67,134.17,134.17,4992120,0.0,1.0,UNH
2016-11-21,131.93,132.76,130.91,132.54,132.54,3867791,0.0,1.0,UNH
2016-11-18,133.1,133.64,131.65,131.69,131.69,5664818,0.0,1.0,UNH
2016-11-17,133.78,133.87,132.35,132.86,132.86,4683031,0.0,1.0,UNH
2016-11-16,133.93,134.82,133.26,133.5,133.5,3899008,0.0,1.0,UNH
2016-11-15,135.27,135.67,133.51,134.14,134.14,4910721,0.0,1.0,UNH
2016-11-14,129.82,134.75,129.57,134.19,134.19,5740425,0.0,1.0,UNH
2016-11-11,129.28,129.97,128.66,129.02,129.02,4475449,0.0,1.0,UNH
2016-11-10,125.43,129.16,125.13,128.77,128.77,6075529,0.0,1.0,UNH
2016-11-09,122.96,127.06,120.04,125.04,125.04,8042434,0.0,1.0,UNH
2016-11-08,124.56,126.55,124.25,125.92,125.92,4389113,0.0,1.0,UNH
2016-11-07,123.01,125.52,122.97,125.07,125.07,3896555,0.0,1.0,UNH
2016-11-04,122.0,122.39,121.33,121.35,121.35,3520737,0.0,1.0,UNH
2016-11-03,122.64,123.67,121.3,121.45,121.45,2989689,0.0,1.0,UNH
2016-11-02,122.5,124.45,122.42,122.47,122.47,3149707,0.0,1.0,UNH
2016-11-01,124.7,124.7,122.33,122.86,122.86,3391410,0.0,1.0,UNH
2016-10-31,124.07,124.72,123.34,124.54,124.54,3761070,0.0,1.0,UNH
2016-10-28,124.83,125.44,122.87,123.67,123.67,4033636,0.0,1.0,UNH
2016-10-27,125.76,126.23,124.76,125.08,125.08,3358006,0.0,1.0,UNH
2016-10-26,126.67,126.7,125.03,125.33,125.33,3267632,0.0,1.0,UNH
2016-10-25,127.67,128.11,126.54,126.7,126.7,3095334,0.0,1.0,UNH
2016-10-24,128.65,128.85,126.91,127.5,127.5,2929259,0.0,1.0,UNH
2016-10-21,127.12,128.16,126.68,128.1,128.1,3331766,0.0,1.0,UNH
2016-10-20,127.32,128.55,126.87,127.83,127.83,5203669,0.0,1.0,UNH
2016-10-19,126.73,128.97,125.85,127.22,127.22,5796032,0.0,1.0,UNH
2016-10-18,122.66,126.85,121.49,126.35,126.35,10141914,0.0,1.0,UNH
2016-10-17,118.13,118.46,117.22,118.19,118.19,3602532,0.0,1.0,UNH
2016-10-14,118.77,119.41,117.98,118.01,118.01,3452918,0.0,1.0,UNH
2016-10-13,118.65,118.65,117.74,118.25,118.25,3425680,0.0,1.0,UNH
2016-10-12,118.94,119.59,117.76,119.05,119.05,4287859,0.0,1.0,UNH
2016-10-11,121.0,121.33,118.4,118.74,118.74,3353588,0.0,1.0,UNH
2016-10-10,120.7,121.91,120.7,121.67,121.67,2585956,0.0,1.0,UNH
2016-10-07,120.91,121.21,119.82,120.42,120.42,2568603,0.0,1.0,UNH
2016-10-06,121.0,121.15,119.54,120.26,120.26,4025313,0.0,1.0,UNH
2016-10-05,121.79,122.42,120.37,121.25,121.25,4625613,0.0,1.0,UNH
2016-10-04,122.21,122.8,120.86,121.74,121.74,2452575,0.0,1.0,UNH
2016-10-03,122.79,123.12,121.63,122.04,122.04,2724399,0.0,1.0,UNH
2016-09-30,122.64,123.79,121.97,123.37,123.37,4164080,0.0,1.0,UNH
2016-09-29,123.52,123.61,121.46,121.89,121.89,2200954,0.0,1.0,UNH
2016-09-28,124.36,124.87,123.07,123.73,123.73,1990377,0.0,1.0,UNH
2016-09-27,123.36,124.11,122.21,124.06,124.06,3048640,0.0,1.0,UNH
2016-09-26,123.32,123.52,122.4,123.12,123.12,2636458,0.0,1.0,UNH
2016-09-23,124.26,124.93,123.68,123.82,123.82,2801957,0.0,1.0,UNH
2016-09-22,123.8,124.61,123.65,124.28,124.28,3018312,0.0,1.0,UNH
2016-09-21,121.78,123.33,121.59,123.29,123.29,3506621,0.0,1.0,UNH
2016-09-20,121.72,122.07,120.77,121.14,121.14,2425739,0.0,1.0,UNH
2016-09-19,122.2,122.83,121.18,121.32,121.32,3239511,0.0,1.0,UNH
2016-09-16,119.5,122.09,119.43,122.02,122.02,7421705,0.0,1.0,UNH
2016-09-15,117.22,119.92,117.09,119.5,119.5,3332592,0.0,1.0,UNH
2016-09-14,117.96,118.69,117.18,117.81,117.81,4592442,0.0,1.0,UNH
2016-09-13,118.29,119.09,117.52,118.03,118.03,3331542,0.0,1.0,UNH
2016-09-12,116.94,119.59,116.66,119.43,119.43,3457351,0.0,1.0,UNH
2016-09-09,118.7,119.09,117.74,117.74,117.74,3322258,0.0,1.0,UNH
2016-09-08,118.49,119.51,118.44,119.35,119.35,2826741,0.0,1.0,UNH
2016-09-07,118.96,119.81,118.26,118.95,118.95,2816745,0.625,1.0,UNH
2016-09-06,119.83,120.03,118.96,119.26,119.26,2242382,0.0,1.0,UNH
2016-09-02,119.73,119.97,119.08,119.82,119.82,2390452,0.0,1.0,UNH
2016-09-01,120.01,120.15,118.72,119.06,119.06,2765361,0.0,1.0,UNH
2016-08-31,119.77,120.01,118.89,119.33,119.33,2837267,0.0,1.0,UNH
2016-08-30,120.17,120.77,119.5,120.05,120.05,2026603,0.0,1.0,UNH
2016-08-29,120.34,121.08,119.71,120.4,120.4,2315890,0.0,1.0,UNH
2016-08-26,120.75,121.31,119.28,119.83,119.83,3082388,0.0,1.0,UNH
2016-08-25,122.58,122.58,120.19,120.43,120.43,3891024,0.0,1.0,UNH
2016-08-24,124.55,124.62,122.37,122.68,122.68,2529814,0.0,1.0,UNH
2016-08-23,125.19,125.31,124.33,124.56,124.56,2295478,0.0,1.0,UNH
2016-08-22,124.65,125.43,124.3,124.63,124.63,1588064,0.0,1.0,UNH
2016-08-19,124.24,124.77,123.87,124.59,124.59,1950174,0.0,1.0,UNH
2016-08-18,124.26,125.29,123.91,124.7,124.7,1572687,0.0,1.0,UNH
2016-08-17,123.93,124.47,123.38,124.3,124.3,1849066,0.0,1.0,UNH
2016-08-16,123.81,124.22,123.09,123.74,123.74,1688497,0.0,1.0,UNH
2016-08-15,125.39,125.53,124.1,124.22,124.22,2369632,0.0,1.0,UNH
2016-08-12,124.69,125.55,124.11,125.32,125.32,1787907,0.0,1.0,UNH
2016-08-11,124.76,125.48,124.06,125.1,125.1,1857522,0.0,1.0,UNH
2016-08-10,124.44,124.85,123.61,124.72,124.72,1866291,0.0,1.0,UNH
2016-08-09,125.03,125.54,124.27,124.39,124.39,2140652,0.0,1.0,UNH
2016-08-08,125.09,125.49,124.43,124.67,124.67,1846428,0.0,1.0,UNH
2016-08-05,125.72,125.9,124.9,125.42,125.42,2000143,0.0,1.0,UNH
2016-08-04,125.52,125.85,124.78,125.17,125.17,1890871,0.0,1.0,UNH
2016-08-03,125.72,125.97,124.93,125.32,125.32,1963586,0.0,1.0,UNH
2016-08-02,126.14,126.28,124.85,125.58,125.58,2679144,0.0,1.0,UNH
2016-08-01,125.8,126.45,125.46,125.88,125.88,2494774,0.0,1.0,UNH
2016-07-29,124.42,126.21,124.2,125.6,125.6,3269716,0.0,1.0,UNH
2016-07-28,123.99,125.46,123.84,125.22,125.22,2517003,0.0,1.0,UNH
2016-07-27,123.82,124.85,122.72,124.27,124.27,2681628,0.0,1.0,UNH
2016-07-26,124.5,124.71,123.69,124.29,124.29,2668125,0.0,1.0,UNH
2016-07-25,125.91,126.21,124.03,124.31,124.31,2725566,0.0,1.0,UNH
2016-07-22,126.03,126.35,125.36,126.03,126.03,2697500,0.0,1.0,UNH
2016-07-21,125.17,126.07,124.67,125.31,125.31,3502312,0.0,1.0,UNH
2016-07-20,125.84,126.73,125.26,125.45,125.45,5489502,0.0,1.0,UNH
2016-07-19,123.46,125.1,122.2,125.07,125.07,5325629,0.0,1.0,UNH
2016-07-18,124.34,124.46,122.46,123.46,123.46,4166243,0.0,1.0,UNH
2016-07-15,124.24,125.24,123.73,123.96,123.96,3746354,0.0,1.0,UNH
2016-07-14,124.89,125.3,123.21,123.53,123.53,3000678,0.0,1.0,UNH
2016-07-13,123.64,124.19,122.73,124.1,124.1,3161194,0.0,1.0,UNH
2016-07-12,123.58,123.63,122.24,122.67,122.67,4310126,0.0,1.0,UNH
2016-07-11,123.91,124.2,122.81,123.08,123.08,4083998,0.0,1.0,UNH
2016-07-08,124.29,124.36,122.4,123.91,123.91,3605502,0.0,1.0,UNH
2016-07-07,124.88,125.13,122.75,123.5,123.5,3515540,0.0,1.0,UNH
2016-07-06,123.66,125.39,123.65,124.88,124.88,4083326,0.0,1.0,UNH
2016-07-05,122.93,124.47,122.82,124.17,124.17,3749293,0.0,1.0,UNH
2016-07-01,123.81,124.37,123.34,123.55,123.55,2882458,0.0,1.0,UNH
2016-06-30,123.39,123.95,123.01,123.85,123.85,4730819,0.0,1.0,UNH
2016-06-29,122.62,123.39,122.45,123.25,123.25,3704526,0.0,1.0,UNH
2016-06-28,121.23,122.0,120.74,121.67,121.67,4160163,0.0,1.0,UNH
2016-06-27,119.42,120.51,118.83,120.26,120.26,4026435,0.0,1.0,UNH
2016-06-24,118.99,121.59,118.54,120.42,120.42,4474516,0.0,1.0,UNH
2016-06-23,122.23,122.78,121.05,122.09,122.09,2646815,0.0,1.0,UNH
2016-06-22,121.44,122.39,120.72,120.96,120.96,2375253,0.0,1.0,UNH
2016-06-21,122.1,122.12,121.1,121.21,121.21,2021426,0.0,1.0,UNH
2016-06-20,122.11,122.66,121.17,121.5,121.5,3731651,0.0,1.0,UNH
2016-06-17,121.71,121.79,119.77,120.77,120.77,4430918,0.0,1.0,UNH
2016-06-16,120.35,121.82,119.62,121.62,121.62,3176122,0.0,1.0,UNH
2016-06-15,120.82,121.19,120.21,120.39,120.39,2369365,0.625,1.0,UNH
2016-06-14,120.39,120.72,119.92,120.38,120.38,2970571,0.0,1.0,UNH
2016-06-13,121.37,122.35,120.56,120.57,120.57,2813615,0.0,1.0,UNH
2016-06-10,122.46,122.58,121.05,121.58,121.58,2805779,0.0,1.0,UNH
2016-06-09,122.67,123.0,121.84,122.83,122.83,3682416,0.0,1.0,UNH
2016-06-08,119.86,123.02,119.62,122.59,122.59,6180785,0.0,1.0,UNH
2016-06-07,120.63,120.93,119.52,119.57,119.57,2943165,0.0,1.0,UNH
2016-06-06,119.55,120.84,119.19,120.63,120.63,2960016,0.0,1.0,UNH
2016-06-03,118.41,119.73,118.01,119.48,119.48,3625603,0.0,1.0,UNH
2016-06-02,117.23,118.88,117.01,118.78,118.78,4015018,0.0,1.0,UNH
2016-06-01,116.64,117.74,116.15,117.46,117.46,2618138,0.0,1.0,UNH
2016-05-31,117.53,117.66,116.55,116.71,116.71,3634146,0.0,1.0,UNH
2016-05-27,116.11,117.46,116.09,117.0,117.0,1833441,0.0,1.0,UNH
2016-05-26,116.57,116.97,115.83,116.11,116.11,1499328,0.0,1.0,UNH
2016-05-25,116.31,117.26,115.94,116.5,116.5,2211337,0.0,1.0,UNH
2016-05-24,114.17,116.12,113.78,115.77,115.77,2702419,0.0,1.0,UNH
2016-05-23,113.62,114.56,113.52,113.88,113.88,3036471,0.0,1.0,UNH
2016-05-20,114.06,115.07,113.68,114.33,114.33,2538163,0.0,1.0,UNH
2016-05-19,113.24,114.49,112.43,113.51,113.51,2756045,0.0,1.0,UNH
2016-05-18,112.73,114.62,112.58,113.95,113.95,2253759,0.0,1.0,UNH
2016-05-17,114.01,114.57,112.63,113.13,113.13,2294547,0.0,1.0,UNH
2016-05-16,112.42,114.26,112.23,114.07,114.07,2466033,0.0,1.0,UNH
2016-05-13,112.72,113.54,112.24,112.64,112.64,3137335,0.0,1.0,UNH
2016-05-12,114.38,114.64,112.42,113.28,113.28,3210422,0.0,1.0,UNH
2016-05-11,116.77,117.0,114.02,114.11,114.11,3450778,0.0,1.0,UNH
2016-05-10,116.06,116.65,115.76,116.63,116.63,2223527,0.0,1.0,UNH
2016-05-09,115.04,116.64,114.88,115.84,115.84,2191779,0.0,1.0,UNH
2016-05-06,115.33,115.5,114.03,115.29,115.29,2618614,0.0,1.0,UNH
2016-05-05,115.3,116.37,115.12,115.53,115.53,2054691,0.0,1.0,UNH
2016-05-04,114.4,115.61,114.02,115.28,115.28,2909277,0.0,1.0,UNH
2016-05-03,114.71,116.33,114.5,115.66,115.66,3632324,0.0,1.0,UNH
2016-05-02,115.79,116.07,114.31,115.34,115.34,2887782,0.0,1.0,UNH
2016-04-29,114.43,115.15,112.58,114.98,114.98,4161071,0.0,1.0,UNH
2016-04-28,115.95,117.34,114.98,115.32,115.32,3330317,0.0,1.0,UNH
2016-04-27,117.3,117.51,115.17,115.95,115.95,3358722,0.0,1.0,UNH
2016-04-26,116.98,117.53,116.13,117.21,117.21,2637466,0.0,1.0,UNH
2016-04-25,116.75,117.06,115.77,116.81,116.81,2702128,0.0,1.0,UNH
2016-04-22,116.76,117.29,116.17,117.12,117.12,2782268,0.0,1.0,UNH
2016-04-21,116.62,117.0,115.63,116.09,116.09,3785921,0.0,1.0,UNH
2016-04-20,114.64,117.97,114.3,116.94,116.94,7320974,0.0,1.0,UNH
2016-04-19,113.59,114.64,112.74,113.95,113.95,4340035,0.0,1.0,UNH
2016-04-18,110.79,111.79,110.54,111.6,111.6,2717084,0.0,1.0,UNH
2016-04-15,111.67,111.82,110.21,111.18,111.18,2835230,0.0,1.0,UNH
2016-04-14,111.52,112.26,111.38,111.75,111.75,1674578,0.0,1.0,UNH
2016-04-13,111.46,112.34,111.13,111.55,111.55,2592359,0.0,1.0,UNH
2016-04-12,110.28,111.2,109.49,110.72,110.72,2887244,0.0,1.0,UNH
2016-04-11,109.87,110.84,109.87,110.3,110.3,3119234,0.0,1.0,UNH
2016-04-08,111.06,111.89,109.37,109.74,109.74,3642689,0.0,1.0,UNH
2016-04-07,111.34,112.15,110.22,110.78,110.78,3186604,0.0,1.0,UNH
2016-04-06,111.09,112.13,110.79,111.79,111.79,3021346,0.0,1.0,UNH
2016-04-05,112.59,113.04,110.8,110.92,110.92,4439814,0.0,1.0,UNH
2016-04-04,113.95,114.12,112.53,113.06,113.06,2811778,0.0,1.0,UNH
2016-04-01,112.37,113.89,112.08,113.44,113.44,3901675,0.0,1.0,UNH
2016-03-31,113.2,113.48,112.02,112.55,112.55,3181784,0.0,1.0,UNH
2016-03-30,113.59,114.47,112.98,113.23,113.23,2578505,0.0,1.0,UNH
2016-03-29,112.87,113.59,112.23,113.36,113.36,2463118,0.0,1.0,UNH
2016-03-28,112.48,113.07,111.77,112.57,112.57,1955202,0.0,1.0,UNH
2016-03-24,112.61,113.79,111.04,112.28,112.28,4153996,0.0,1.0,UNH
2016-03-23,111.89,113.81,111.78,113.33,113.33,6166362,0.0,1.0,UNH
2016-03-22,110.58,112.47,110.03,111.78,111.78,3984005,0.0,1.0,UNH
2016-03-21,110.23,110.89,109.74,110.66,110.66,2667008,0.0,1.0,UNH
2016-03-18,109.02,110.96,108.73,110.65,110.65,6948407,0.0,1.0,UNH
2016-03-17,108.8,109.11,106.72,108.73,108.73,3911441,0.0,1.0,UNH
2016-03-16,108.61,109.62,108.48,109.06,109.06,597892,0.0,1.0,UNH
2016-03-15,108.74,109.55,108.44,109.01,109.01,896569,0.0,1.0,UNH
2016-03-14,108.97,110.03,108.58,109.34,109.34,2856220,0.0,1.0,UNH
2016-03-11,106.93,109.42,106.74,109.23,109.23,3765960,0.0,1.0,UNH
2016-03-10,105.83,107.19,105.14,106.6,106.6,2638429,0.0,1.0,UNH
2016-03-09,106.42,106.63,105.17,105.74,105.74,2094097,0.5,1.0,UNH
2016-03-08,105.46,106.36,104.98,105.79,105.79,2507343,0.0,1.0,UNH
2016-03-07,105.29,106.73,105.13,105.88,105.88,2315423,0.0,1.0,UNH
2016-03-04,105.49,106.25,104.99,105.91,105.91,2873930,0.0,1.0,UNH
2016-03-03,105.09,105.96,104.43,105.93,105.93,3064146,0.0,1.0,UNH
2016-03-02,105.42,105.95,104.67,105.45,105.45,2670930,0.0,1.0,UNH
2016-03-01,103.9,106.28,103.8,105.8,105.8,3295498,0.0,1.0,UNH
2016-02-29,105.3,105.93,103.45,103.56,103.56,4526052,0.0,1.0,UNH
2016-02-26,105.63,106.31,105.12,105.5,105.5,2877828,0.0,1.0,UNH
2016-02-25,104.52,105.42,104.19,105.39,105.39,2281481,0.0,1.0,UNH
2016-02-24,104.29,104.63,102.46,104.52,104.52,2559687,0.0,1.0,UNH
2016-02-23,104.9,105.91,104.58,105.35,105.35,2804371,0.0,1.0,UNH
2016-02-22,103.58,106.21,103.44,105.45,105.45,5054758,0.0,1.0,UNH
2016-02-19,102.17,103.09,100.89,102.33,102.33,4481125,0.0,1.0,UNH
2016-02-18,103.04,104.35,101.79,102.13,102.13,3847147,0.0,1.0,UNH
2016-02-17,100.43,102.95,100.17,102.87,102.87,4465264,0.0,1.0,UNH
2016-02-16,97.94,100.23,97.85,100.13,100.13,3445698,0.0,1.0,UNH
2016-02-12,96.69,97.31,95.83,97.23,97.23,2552095,0.0,1.0,UNH
2016-02-11,96.8,97.12,95.73,96.19,96.19,3955031,0.0,1.0,UNH
2016-02-10,96.81,99.55,96.81,98.03,98.03,3023348,0.0,1.0,UNH
2016-02-09,95.1,97.63,94.9,96.66,96.66,3680202,0.0,1.0,UNH
2016-02-08,96.09,96.63,94.63,95.67,95.67,5050159,0.0,1.0,UNH
2016-02-05,99.19,99.31,96.43,97.15,97.15,3330817,0.0,1.0,UNH
2016-02-04,97.97,99.61,97.43,99.3,99.3,3608238,0.0,1.0,UNH
2016-02-03,99.45,99.45,95.91,98.04,98.04,3462331,0.0,1.0,UNH
2016-02-02,99.96,100.34,98.49,99.03,99.03,2997694,0.0,1.0,UNH
2016-02-01,99.85,101.0,99.23,100.77,100.77,4333531,0.0,1.0,UNH
2016-01-29,97.33,100.14,96.19,100.14,100.14,5280844,0.0,1.0,UNH
2016-01-28,97.64,98.48,96.18,96.85,96.85,3525521,0.0,1.0,UNH
2016-01-27,99.5,99.83,97.25,97.68,97.68,4719874,0.0,1.0,UNH
2016-01-26,98.18,99.29,97.18,99.09,99.09,4593148,0.0,1.0,UNH
2016-01-25,99.58,100.27,98.13,98.59,98.59,2908450,0.0,1.0,UNH
2016-01-22,99.71,100.13,99.03,99.42,99.42,3622152,0.0,1.0,UNH
2016-01-21,99.71,100.42,97.62,98.69,98.69,5413190,0.0,1.0,UNH
2016-01-20,97.47,100.64,95.78,99.82,99.82,8380500,0.0,1.0,UNH
2016-01-19,96.95,99.27,95.3,97.89,97.89,7122232,0.0,1.0,UNH
2016-01-15,94.85,96.22,93.73,95.02,95.02,6356945,0.0,1.0,UNH
2016-01-14,94.56,97.22,93.49,96.31,96.31,4238172,0.0,1.0,UNH
2016-01-13,97.75,98.29,94.72,94.98,94.98,3434267,0.0,1.0,UNH
2016-01-12,95.96,98.37,95.69,97.62,97.62,4037787,0.0,1.0,UNH
2016-01-11,96.09,96.19,94.08,95.29,95.29,4525815,0.0,1.0,UNH
2016-01-08,97.69,98.26,95.44,95.79,95.79,4422365,0.0,1.0,UNH
2016-01-07,98.81,99.21,96.89,97.47,97.47,5276916,0.0,1.0,UNH
2016-01-06,100.68,101.43,99.56,100.43,100.43,2677303,0.0,1.0,UNH
2016-01-05,101.49,102.51,101.05,101.46,101.46,2816727,0.0,1.0,UNH
2016-01-04,101.66,101.66,99.59,101.27,101.27,4990855,0.0,1.0,UNH
2015-12-31,103.16,103.8,102.05,102.29,102.29,2372492,0.0,1.0,UNH
2015-12-30,104.37,104.44,103.18,103.41,103.41,1747681,0.0,1.0,UNH
2015-12-29,103.36,104.7,103.22,104.19,104.19,2027597,0.0,1.0,UNH
2015-12-28,102.83,103.14,102.07,102.89,102.89,1582598,0.0,1.0,UNH
2015-12-24,103.07,103.63,102.86,102.9,102.9,900064,0.0,1.0,UNH
2015-12-23,102.52,103.33,102.22,103.21,103.21,2479615,0.0,1.0,UNH
2015-12-22,102.77,102.9,101.05,102.12,102.12,2821566,0.0,1.0,UNH
2015-12-21,101.36,102.41,100.87,102.09,102.09,3185166,0.0,1.0,UNH
2015-12-18,103.14,103.36,100.71,100.71,100.71,7557689,0.0,1.0,UNH
2015-12-17,103.33,105.29,103.16,103.67,103.67,3945750,0.0,1.0,UNH
2015-12-16,102.87,104.14,101.65,103.33,103.33,3516798,0.0,1.0,UNH
2015-12-15,101.63,103.04,101.44,102.27,102.27,3124083,0.0,1.0,UNH
2015-12-14,100.76,101.51,99.5,100.74,100.74,3867188,0.0,1.0,UNH
2015-12-11,100.04,102.03,99.67,100.85,100.85,3830793,0.0,1.0,UNH
2015-12-10,100.04,101.78,99.43,101.05,101.05,3202586,0.0,1.0,UNH
2015-12-09,100.35,101.58,99.7,100.04,100.04,3839106,0.0,1.0,UNH
2015-12-08,99.96,101.17,99.09,100.76,100.76,3551921,0.0,1.0,UNH
2015-12-07,102.51,102.51,100.17,100.79,100.79,3164319,0.0,1.0,UNH
2015-12-04,100.51,102.83,100.21,102.38,102.38,3588162,0.0,1.0,UNH
2015-12-03,102.43,102.85,99.5,100.0,100.0,4287079,0.0,1.0,UNH
2015-12-02,101.08,103.81,100.96,102.29,102.29,6070833,0.5,1.0,UNH
2015-12-01,98.3,100.76,97.89,100.67,100.67,5466961,0.0,1.0,UNH
2015-11-30,99.2,99.42,97.52,97.59,97.59,4602953,0.0,1.0,UNH
2015-11-27,99.13,100.36,98.78,99.0,99.0,1740503,0.0,1.0,UNH
2015-11-25,98.25,99.62,97.84,99.07,99.07,2959195,0.0,1.0,UNH
2015-11-24,96.44,98.23,96.16,98.01,98.01,3244841,0.0,1.0,UNH
2015-11-23,97.82,99.13,97.06,97.12,97.12,3780416,0.0,1.0,UNH
2015-11-20,96.02,99.09,95.77,97.82,97.82,7059415,0.0,1.0,UNH
2015-11-19,95.06,98.46,94.91,95.79,95.79,15730925,0.0,1.0,UNH
2015-11-18,98.93,101.77,98.49,101.52,101.52,3319376,0.0,1.0,UNH
2015-11-17,98.48,99.96,97.99,99.05,99.05,1981353,0.0,1.0,UNH
2015-11-16,96.03,98.83,95.93,98.55,98.55,2449664,0.0,1.0,UNH
2015-11-13,97.4,97.86,96.27,96.47,96.47,3767250,0.0,1.0,UNH
2015-11-12,98.5,99.35,97.44,97.69,97.69,3341095,0.0,1.0,UNH
2015-11-11,100.74,101.19,99.01,99.18,99.18,2374191,0.0,1.0,UNH
2015-11-10,98.94,100.62,98.74,100.35,100.35,2842605,0.0,1.0,UNH
2015-11-09,98.82,99.26,97.85,98.94,98.94,2755074,0.0,1.0,UNH
2015-11-06,99.78,100.27,98.72,99.41,99.41,4106820,0.0,1.0,UNH
2015-11-05,99.56,101.11,98.39,100.64,100.64,4009060,0.0,1.0,UNH
2015-11-04,101.83,101.96,98.76,99.26,99.26,5396183,0.0,1.0,UNH
2015-11-03,102.32,102.57,100.66,101.88,101.88,2757279,0.0,1.0,UNH
2015-11-02,102.73,103.86,102.04,102.77,102.77,3874210,0.0,1.0,UNH
2015-10-30,103.84,104.23,101.98,101.98,101.98,4237848,0.0,1.0,UNH
2015-10-29,103.72,105.35,103.48,103.65,103.65,3257509,0.0,1.0,UNH
2015-10-28,103.7,104.03,100.36,103.71,103.71,4405528,0.0,1.0,UNH
2015-10-27,100.78,103.49,100.36,103.36,103.36,4008360,0.0,1.0,UNH
2015-10-26,100.37,101.31,99.58,100.9,100.9,3377107,0.0,1.0,UNH
2015-10-23,99.1,100.98,98.74,100.37,100.37,5497462,0.0,1.0,UNH
2015-10-22,102.36,103.07,95.31,98.55,98.55,10474871,0.0,1.0,UNH
2015-10-21,104.5,104.6,99.81,102.27,102.27,5338969,0.0,1.0,UNH
2015-10-20,104.46,105.26,103.64,104.27,104.27,3278381,0.0,1.0,UNH
2015-10-19,103.71,104.69,103.21,104.54,104.54,3707510,0.0,1.0,UNH
2015-10-16,104.64,104.64,102.68,103.89,103.89,4416084,0.0,1.0,UNH
2015-10-15,103.04,104.34,100.41,104.05,104.05,8012435,0.0,1.0,UNH
2015-10-14,107.24,108.23,104.63,105.7,105.7,5592107,0.0,1.0,UNH
2015-10-13,106.64,109.09,105.28,107.36,107.36,6655729,0.0,1.0,UNH
2015-10-12,103.05,106.56,102.66,106.08,106.08,5840042,0.0,1.0,UNH
2015-10-09,100.43,103.45,100.41,103.27,103.27,4485089,0.0,1.0,UNH
2015-10-08,100.81,101.26,99.49,100.51,100.51,3646546,0.0,1.0,UNH
2015-10-07,100.84,101.14,99.23,100.81,100.81,4293891,0.0,1.0,UNH
2015-10-06,103.44,103.56,99.29,100.49,100.49,4652024,0.0,1.0,UNH
2015-10-05,103.62,104.2,102.29,103.6,103.6,3491193,0.0,1.0,UNH
2015-10-02,99.7,102.91,99.42,102.89,102.89,3520669,0.0,1.0,UNH
2015-10-01,100.39,101.06,99.5,100.97,100.97,3767995,0.0,1.0,UNH
2015-09-30,99.91,101.24,99.47,100.45,100.45,4601644,0.0,1.0,UNH
2015-09-29,97.75,99.45,96.64,98.9,98.9,5142683,0.0,1.0,UNH
2015-09-28,100.05,100.29,96.12,97.58,97.58,5625811,0.0,1.0,UNH
2015-09-25,105.79,105.99,99.78,100.76,100.76,8060109,0.0,1.0,UNH
2015-09-24,105.94,106.18,103.27,104.85,104.85,4735625,0.0,1.0,UNH
2015-09-23,106.5,107.55,105.67,106.75,106.75,3131294,0.0,1.0,UNH
2015-09-22,105.15,107.19,105.15,106.44,106.44,4566806,0.0,1.0,UNH
2015-09-21,106.93,107.6,105.11,107.32,107.32,3476697,0.0,1.0,UNH
2015-09-18,105.82,107.17,105.48,106.04,106.04,7458385,0.0,1.0,UNH
2015-09-17,105.2,108.34,104.68,106.73,106.73,5466515,0.0,1.0,UNH
2015-09-16,104.14,105.08,103.52,104.9,104.9,3475624,0.0,1.0,UNH
2015-09-15,102.7,104.43,101.68,103.93,103.93,3072109,0.0,1.0,UNH
2015-09-14,103.07,103.47,101.44,102.0,102.0,2686455,0.0,1.0,UNH
2015-09-11,100.59,102.93,100.32,102.78,102.78,3752421,0.0,1.0,UNH
2015-09-10,99.45,102.12,99.34,101.11,101.11,5525458,0.0,1.0,UNH
2015-09-09,101.56,101.93,99.43,99.65,99.65,3753474,0.5,1.0,UNH
2015-09-08,98.4,100.19,98.0,100.08,100.08,3990602,0.0,1.0,UNH
2015-09-04,96.99,97.48,95.92,96.87,96.87,3395894,0.0,1.0,UNH
2015-09-03,98.92,99.94,97.82,98.27,98.27,3137062,0.0,1.0,UNH
2015-09-02,98.14,98.8,97.02,98.48,98.48,4522083,0.0,1.0,UNH
2015-09-01,97.85,98.47,96.62,97.1,97.1,4658118,0.0,1.0,UNH
2015-08-31,101.19,102.4,99.28,99.75,99.75,4086795,0.0,1.0,UNH
2015-08-28,101.33,101.59,100.01,101.11,101.11,3333129,0.0,1.0,UNH
2015-08-27,99.15,101.59,99.11,101.53,101.53,5781650,0.0,1.0,UNH
2015-08-26,97.04,98.14,95.08,97.82,97.82,7486648,0.0,1.0,UNH
2015-08-25,97.42,98.79,94.66,94.82,94.82,8109067,0.0,1.0,UNH
2015-08-24,95.58,99.14,81.9,95.21,95.21,8823364,0.0,1.0,UNH
2015-08-21,101.95,102.42,100.02,100.25,100.25,5627187,0.0,1.0,UNH
2015-08-20,105.39,105.54,103.27,103.27,103.27,3201606,0.0,1.0,UNH
2015-08-19,107.52,107.76,105.91,106.23,106.23,3411490,0.0,1.0,UNH
2015-08-18,106.8,108.81,106.75,108.2,108.2,4140190,0.0,1.0,UNH
2015-08-17,103.8,106.86,103.71,106.75,106.75,2951800,0.0,1.0,UNH
2015-08-14,103.95,104.47,103.68,104.34,104.34,2040515,0.0,1.0,UNH
2015-08-13,104.6,105.17,103.71,103.9,103.9,3248620,0.0,1.0,UNH
2015-08-12,104.54,104.99,102.64,104.49,104.49,3050323,0.0,1.0,UNH
2015-08-11,104.55,106.06,104.55,105.4,105.4,2755968,0.0,1.0,UNH
2015-08-10,105.61,106.34,105.13,105.59,105.59,2479950,0.0,1.0,UNH
2015-08-07,104.93,105.06,103.68,105.02,105.02,2276284,0.0,1.0,UNH
2015-08-06,107.22,107.46,105.01,105.21,105.21,3014845,0.0,1.0,UNH
2015-08-05,104.97,107.11,104.97,106.84,106.84,3803348,0.0,1.0,UNH
2015-08-04,104.82,104.86,103.65,104.18,104.18,2058219,0.0,1.0,UNH
2015-08-03,104.84,105.33,103.58,104.22,104.22,2541250,0.0,1.0,UNH
2015-07-31,103.86,105.8,103.86,104.66,104.66,3592980,0.0,1.0,UNH
2015-07-30,104.44,105.11,103.07,103.94,103.94,3732435,0.0,1.0,UNH
2015-07-29,105.02,105.27,103.99,104.77,104.77,3924387,0.0,1.0,UNH
2015-07-28,102.37,104.81,102.16,104.77,104.77,5216843,0.0,1.0,UNH
2015-07-27,101.63,101.81,100.58,101.63,101.63,3752304,0.0,1.0,UNH
2015-07-24,102.7,103.21,101.37,101.68,101.68,3840093,0.0,1.0,UNH
2015-07-23,104.86,104.9,102.39,102.88,102.88,4896078,0.0,1.0,UNH
2015-07-22,104.29,104.52,103.52,103.98,103.98,3385696,0.0,1.0,UNH
2015-07-21,105.67,105.8,103.75,104.2,104.2,4238693,0.0,1.0,UNH
2015-07-20,106.95,107.1,105.46,105.74,105.74,3199739,0.0,1.0,UNH
2015-07-17,107.51,107.75,106.65,106.78,106.78,3702647,0.0,1.0,UNH
2015-07-16,108.13,108.2,105.27,107.71,107.71,7216574,0.0,1.0,UNH
2015-07-15,107.72,108.67,106.74,108.51,108.51,5067255,0.0,1.0,UNH
2015-07-14,105.34,107.94,105.18,107.77,107.77,4192361,0.0,1.0,UNH
2015-07-13,106.13,106.69,105.02,105.57,105.57,3766898,0.0,1.0,UNH
2015-07-10,104.31,105.83,104.06,105.31,105.31,4033477,0.0,1.0,UNH
2015-07-09,103.49,103.94,102.86,102.89,102.89,3315646,0.0,1.0,UNH
2015-07-08,102.64,103.45,102.07,102.4,102.4,4009815,0.0,1.0,UNH
2015-07-07,105.49,105.87,101.57,104.06,104.06,6476201,0.0,1.0,UNH
2015-07-06,103.11,106.13,102.82,105.32,105.32,6522842,0.0,1.0,UNH
2015-07-02,106.75,106.8,104.34,105.02,105.02,3682344,0.0,1.0,UNH
2015-07-01,106.0,106.6,105.37,106.37,106.37,3269320,0.0,1.0,UNH
2015-06-30,105.54,105.99,104.32,105.18,105.18,4982584,0.0,1.0,UNH
2015-06-29,105.21,106.07,104.41,104.48,104.48,3603962,0.0,1.0,UNH
2015-06-26,106.72,107.0,105.81,106.26,106.26,16358025,0.0,1.0,UNH
2015-06-25,103.09,106.4,103.02,105.46,105.46,6145780,0.0,1.0,UNH
2015-06-24,105.87,106.04,102.68,102.74,102.74,4649925,0.0,1.0,UNH
2015-06-23,104.64,105.84,104.33,105.82,105.82,4991031,0.0,1.0,UNH
2015-06-22,104.86,105.38,103.4,103.67,103.67,4428497,0.0,1.0,UNH
2015-06-19,104.02,104.21,103.37,103.74,103.74,4176615,0.0,1.0,UNH
2015-06-18,103.79,104.65,103.39,104.22,104.22,3478319,0.0,1.0,UNH
2015-06-17,105.09,105.35,102.74,103.23,103.23,4805900,0.0,1.0,UNH
2015-06-16,102.71,105.34,102.59,104.79,104.79,7229358,0.0,1.0,UNH
2015-06-15,100.72,104.21,100.01,102.58,102.58,6809507,0.0,1.0,UNH
2015-06-12,102.46,102.59,101.3,101.43,101.43,3076621,0.0,1.0,UNH
2015-06-11,102.09,103.4,101.92,102.87,102.87,3815604,0.5,1.0,UNH
2015-06-10,100.47,102.06,100.22,101.78,101.78,4006416,0.0,1.0,UNH
2015-06-09,100.39,100.77,99.41,100.44,100.44,3047335,0.0,1.0,UNH
2015-06-08,99.92,101.02,99.86,100.37,100.37,3271253,0.0,1.0,UNH
2015-06-05,99.87,100.23,99.04,100.05,100.05,2724464,0.0,1.0,UNH
2015-06-04,101.24,101.28,99.62,100.15,100.15,3300333,0.0,1.0,UNH
2015-06-03,101.31,102.16,100.83,101.61,101.61,3438063,0.0,1.0,UNH
2015-06-02,102.59,102.75,100.8,101.09,101.09,4219453,0.0,1.0,UNH
2015-06-01,103.49,103.5,101.95,102.9,102.9,3876398,0.0,1.0,UNH
2015-05-29,103.08,104.42,101.08,103.2,103.2,6019926,0.0,1.0,UNH
2015-05-28,102.43,102.87,101.56,102.7,102.7,2873631,0.0,1.0,UNH
2015-05-27,102.06,102.9,101.53,102.55,102.55,2887650,0.0,1.0,UNH
2015-05-26,102.35,102.67,101.05,101.51,101.51,3014428,0.0,1.0,UNH
2015-05-22,103.28,103.69,102.29,102.67,102.67,2945924,0.0,1.0,UNH
2015-05-21,103.68,103.75,103.07,103.42,103.42,2983475,0.0,1.0,UNH
2015-05-20,103.65,104.61,103.05,104.09,104.09,3378970,0.0,1.0,UNH
2015-05-19,102.87,103.99,102.76,103.5,103.5,3554852,0.0,1.0,UNH
2015-05-18,102.35,103.01,102.03,102.85,102.85,2824605,0.0,1.0,UNH
2015-05-15,101.98,102.47,101.57,102.45,102.45,3083804,0.0,1.0,UNH
2015-05-14,100.6,101.84,99.77,101.76,101.76,4771211,0.0,1.0,UNH
2015-05-13,98.41,99.85,98.41,99.47,99.47,3667715,0.0,1.0,UNH
2015-05-12,98.07,98.8,97.73,98.42,98.42,3844554,0.0,1.0,UNH
2015-05-11,99.26,99.41,98.49,98.53,98.53,3376389,0.0,1.0,UNH
2015-05-08,99.53,100.1,98.77,99.32,99.32,3065739,0.0,1.0,UNH
2015-05-07,97.14,98.85,97.11,98.53,98.53,3300160,0.0,1.0,UNH
2015-05-06,97.87,98.29,96.72,97.44,97.44,3369777,0.0,1.0,UNH
2015-05-05,97.82,98.11,97.02,97.33,97.33,3960419,0.0,1.0,UNH
2015-05-04,97.62,98.67,97.4,98.35,98.35,3531225,0.0,1.0,UNH
2015-05-01,96.4,97.58,95.93,97.19,97.19,5805060,0.0,1.0,UNH
2015-04-30,97.47,98.16,95.4,95.64,95.64,6705005,0.0,1.0,UNH
2015-04-29,99.78,100.72,96.19,97.54,97.54,7120016,0.0,1.0,UNH
2015-04-28,100.35,101.08,98.11,100.96,100.96,4144626,0.0,1.0,UNH
2015-04-27,102.32,102.52,99.65,99.8,99.8,5174080,0.0,1.0,UNH
2015-04-24,101.55,102.24,101.32,101.9,101.9,3139223,0.0,1.0,UNH
2015-04-23,100.86,101.81,100.41,101.53,101.53,3244247,0.0,1.0,UNH
2015-04-22,102.63,102.97,100.59,101.14,101.14,3846609,0.0,1.0,UNH
2015-04-21,102.17,102.71,101.96,102.41,102.41,3379795,0.0,1.0,UNH
2015-04-20,102.9,103.31,101.37,101.81,101.81,4651035,0.0,1.0,UNH
2015-04-17,103.88,103.93,101.08,101.92,101.92,4389860,0.0,1.0,UNH
2015-04-16,104.68,105.02,103.47,104.4,104.4,7068037,0.0,1.0,UNH
2015-04-15,103.35,103.66,100.06,100.72,100.72,7343997,0.0,1.0,UNH
2015-04-14,102.46,103.18,101.75,102.96,102.96,3208819,0.0,1.0,UNH
2015-04-13,103.88,104.15,102.28,102.48,102.48,3961024,0.0,1.0,UNH
2015-04-10,101.78,102.25,101.28,102.17,102.17,2231886,0.0,1.0,UNH
2015-04-09,101.16,101.96,100.96,101.78,101.78,2247228,0.0,1.0,UNH
2015-04-08,101.12,102.02,100.85,101.47,101.47,2626960,0.0,1.0,UNH
2015-04-07,102.55,102.88,100.68,100.75,100.75,2528272,0.0,1.0,UNH
2015-04-06,99.61,101.75,99.55,101.05,101.05,2544720,0.0,1.0,UNH
2015-04-02,100.96,101.63,100.34,100.76,100.76,2497135,0.0,1.0,UNH
2015-04-01,102.61,102.61,100.05,100.83,100.83,4826179,0.0,1.0,UNH
2015-03-31,103.71,103.82,101.5,101.56,101.56,4573033,0.0,1.0,UNH
2015-03-30,105.02,106.25,103.48,103.88,103.88,5178347,0.0,1.0,UNH
2015-03-27,99.64,101.5,99.61,101.32,101.32,2608508,0.0,1.0,UNH
2015-03-26,99.65,100.63,98.39,99.8,99.8,2856404,0.0,1.0,UNH
2015-03-25,102.04,102.81,100.03,100.05,100.05,3385395,0.0,1.0,UNH
2015-03-24,102.08,102.72,101.38,101.41,101.41,3054684,0.0,1.0,UNH
2015-03-23,102.58,103.44,101.81,102.2,102.2,4576531,0.0,1.0,UNH
2015-03-20,104.18,104.34,102.17,102.29,102.29,7195722,0.0,1.0,UNH
2015-03-19,103.02,103.97,102.87,103.68,103.68,4032485,0.0,1.0,UNH
2015-03-18,100.82,103.47,100.22,102.99,102.99,5533519,0.0,1.0,UNH
2015-03-17,101.38,101.42,100.38,100.96,100.96,3303518,0.0,1.0,UNH
2015-03-16,99.59,101.9,99.44,101.75,101.75,4692162,0.0,1.0,UNH
2015-03-13,98.25,99.07,97.47,98.95,98.95,3066826,0.0,1.0,UNH
2015-03-12,97.29,98.77,97.14,98.63,98.63,3258580,0.0,1.0,UNH
2015-03-11,96.93,97.52,96.71,96.77,96.77,2593663,0.375,1.0,UNH
2015-03-10,97.77,97.9,96.23,96.23,96.23,3957926,0.0,1.0,UNH
2015-03-09,96.67,98.37,96.58,98.32,98.32,3942031,0.0,1.0,UNH
2015-03-06,98.54,98.54,96.36,96.59,96.59,3196855,0.0,1.0,UNH
2015-03-05,97.61,99.02,97.61,98.22,98.22,2941428,0.0,1.0,UNH
2015-03-04,96.05,97.52,95.54,97.39,97.39,3180942,0.0,1.0,UNH
2015-03-03,97.51,97.97,96.15,96.57,96.57,3163749,0.0,1.0,UNH
2015-03-02,97.35,98.28,97.33,97.89,97.89,2952183,0.0,1.0,UNH
2015-02-27,97.35,97.76,97.04,97.23,97.23,4016356,0.0,1.0,UNH
2015-02-26,97.9,98.08,97.01,97.26,97.26,3126809,0.0,1.0,UNH
2015-02-25,99.11,99.11,97.31,97.59,97.59,3845920,0.0,1.0,UNH
2015-02-24,99.48,99.76,98.68,98.77,98.77,3582753,0.0,1.0,UNH
2015-02-23,96.68,99.68,96.56,99.6,99.6,7059978,0.0,1.0,UNH
2015-02-20,94.09,96.54,93.65,96.37,96.37,4646968,0.0,1.0,UNH
2015-02-19,93.73,94.43,93.65,94.15,94.15,2674720,0.0,1.0,UNH
2015-02-18,93.27,94.31,93.23,93.93,93.93,2958530,0.0,1.0,UNH
2015-02-17,93.56,93.92,92.86,93.92,93.92,3430574,0.0,1.0,UNH
2015-02-13,93.86,93.99,93.0,93.65,93.65,3727640,0.0,1.0,UNH
2015-02-12,94.72,94.79,93.12,93.99,93.99,3378023,0.0,1.0,UNH
2015-02-11,93.04,94.18,92.74,94.0,94.0,3798377,0.0,1.0,UNH
2015-02-10,91.78,93.66,91.67,93.24,93.24,5437375,0.0,1.0,UNH
2015-02-09,91.5,91.76,90.94,91.12,91.12,3909714,0.0,1.0,UNH
2015-02-06,92.92,93.61,91.72,92.07,92.07,3661402,0.0,1.0,UNH
2015-02-05,92.69,93.96,92.69,93.12,93.12,3297694,0.0,1.0,UNH
2015-02-04,91.41,93.05,91.34,92.35,92.35,4768658,0.0,1.0,UNH
2015-02-03,91.86,92.41,91.15,92.25,92.25,4192622,0.0,1.0,UNH
2015-02-02,91.33,91.85,89.91,91.81,91.81,4656862,0.0,1.0,UNH
2015-01-30,92.94,93.6,90.82,90.92,90.92,5397460,0.0,1.0,UNH
2015-01-29,92.54,93.77,91.34,93.6,93.6,4911947,0.0,1.0,UNH
2015-01-28,94.61,94.88,92.8,92.81,92.81,6633549,0.0,1.0,UNH
2015-01-27,94.94,95.2,94.06,94.13,94.13,4718269,0.0,1.0,UNH
2015-01-26,95.84,95.84,94.78,95.5,95.5,4203420,0.0,1.0,UNH
2015-01-23,97.24,97.82,95.84,95.84,95.84,5255967,0.0,1.0,UNH
2015-01-22,93.91,97.65,93.55,97.42,97.42,8054998,0.0,1.0,UNH
2015-01-21,91.15,93.66,90.38,93.54,93.54,8293577,0.0,1.0,UNH
2015-01-20,90.87,91.03,89.42,90.38,90.38,6526243,0.0,1.0,UNH
2015-01-16,89.42,90.7,88.69,90.51,90.51,6045454,0.0,1.0,UNH
2015-01-15,88.62,89.5,88.25,89.39,89.39,5888889,0.0,1.0,UNH
2015-01-14,86.95,88.55,86.58,88.42,88.42,4725564,0.0,1.0,UNH
2015-01-13,88.94,90.36,87.14,88.2,88.2,3895630,0.0,1.0,UNH
2015-01-12,88.85,88.99,87.2,87.75,87.75,3051543,0.0,1.0,UNH
2015-01-09,89.35,89.53,88.05,88.75,88.75,3360459,0.0,1.0,UNH
2015-01-08,86.91,89.83,86.18,89.59,89.59,5346134,0.0,1.0,UNH
2015-01-07,84.68,85.83,84.64,85.51,85.51,3225790,0.0,1.0,UNH
2015-01-06,85.42,85.69,84.25,84.64,84.64,3468294,0.0,1.0,UNH
2015-01-05,85.83,85.95,84.49,84.82,84.82,4684055,0.0,1.0,UNH
2015-01-02,86.85,87.81,85.58,86.24,86.24,3070081,0.0,1.0,UNH
2014-12-31,88.24,88.72,86.45,86.5,86.5,2313864,0.0,1.0,UNH
2014-12-30,87.49,88.19,87.49,88.01,88.01,1767578,0.0,1.0,UNH
2014-12-29,87.61,88.14,87.13,87.56,87.56,1708084,0.0,1.0,UNH
2014-12-26,87.79,88.14,87.42,87.75,87.75,2019906,0.0,1.0,UNH
2014-12-24,88.14,88.41,87.74,87.86,87.86,951739,0.0,1.0,UNH
2014-12-23,88.75,88.93,87.66,88.01,88.01,3036241,0.0,1.0,UNH
2014-12-22,87.78,88.34,87.68,88.17,88.17,2398129,0.0,1.0,UNH
2014-12-19,87.28,88.99,87.28,87.7,87.7,7986510,0.0,1.0,UNH
2014-12-18,85.81,87.5,85.49,87.49,87.49,4681027,0.0,1.0,UNH
2014-12-17,82.62,85.35,82.29,84.83,84.83,6235009,0.0,1.0,UNH
2014-12-16,83.56,84.52,81.93,82.02,82.02,4843791,0.0,1.0,UNH
2014-12-15,84.54,85.35,83.35,84.09,84.09,3649272,0.0,1.0,UNH
2014-12-12,85.21,85.92,84.45,84.51,84.51,3086461,0.0,1.0,UNH
2014-12-11,85.05,86.14,84.92,85.34,85.34,2940571,0.0,1.0,UNH
2014-12-10,86.23,86.44,84.72,84.79,84.79,3908657,0.0,1.0,UNH
2014-12-09,84.75,86.5,84.5,86.44,86.44,3782705,0.0,1.0,UNH
2014-12-08,85.84,86.34,85.26,85.5,85.5,3085821,0.0,1.0,UNH
2014-12-05,85.41,86.18,85.29,85.85,85.85,3104852,0.0,1.0,UNH
2014-12-04,86.29,86.36,85.07,85.29,85.29,4089785,0.0,1.0,UNH
2014-12-03,85.47,86.71,85.31,86.25,86.25,6689029,0.375,1.0,UNH
2014-12-02,84.4,85.25,83.72,85.11,85.11,5297240,0.0,1.0,UNH
2014-12-01,84.19,85.11,83.56,84.45,84.45,4892834,0.0,1.0,UNH
2014-11-28,84.14,84.76,83.91,84.08,84.08,2177486,0.0,1.0,UNH
2014-11-26,83.54,84.18,83.39,83.64,83.64,2765874,0.0,1.0,UNH
2014-11-25,82.69,83.67,82.62,83.46,83.46,4066251,0.0,1.0,UNH
2014-11-24,82.92,82.94,82.28,82.61,82.61,3998787,0.0,1.0,UNH
2014-11-21,83.04,83.58,82.34,82.45,82.45,4408560,0.0,1.0,UNH
2014-11-20,82.23,82.57,81.99,82.57,82.57,3316654,0.0,1.0,UNH
2014-11-19,83.32,83.9,82.52,82.57,82.57,3433847,0.0,1.0,UNH
2014-11-18,82.69,84.07,82.57,83.71,83.71,4320839,0.0,1.0,UNH
2014-11-17,81.16,82.43,80.85,82.24,82.24,3297638,0.0,1.0,UNH
2014-11-14,81.86,81.94,80.88,81.08,81.08,2709453,0.0,1.0,UNH
2014-11-13,81.53,82.47,81.33,81.76,81.76,2767673,0.0,1.0,UNH
2014-11-12,81.19,81.82,80.58,81.57,81.57,2897642,0.0,1.0,UNH
2014-11-11,81.03,81.63,80.75,81.58,81.58,2291363,0.0,1.0,UNH
2014-11-10,79.86,80.99,79.71,80.78,80.78,4087673,0.0,1.0,UNH
2014-11-07,81.42,81.6,79.29,79.8,79.8,6155418,0.0,1.0,UNH
2014-11-06,81.88,82.39,81.76,82.02,82.02,3743249,0.0,1.0,UNH
2014-11-05,81.48,81.85,81.01,81.67,81.67,3454715,0.0,1.0,UNH
2014-11-04,80.98,81.5,80.34,80.97,80.97,4437644,0.0,1.0,UNH
2014-11-03,81.37,81.56,80.56,80.87,80.87,4001207,0.0,1.0,UNH
2014-10-31,80.99,81.56,80.4,81.0,81.0,5031542,0.0,1.0,UNH
2014-10-30,78.91,80.26,78.86,80.03,80.03,2836374,0.0,1.0,UNH
2014-10-29,79.2,79.86,79.02,79.25,79.25,4330718,0.0,1.0,UNH
2014-10-28,77.62,79.1,77.03,78.98,78.98,4751011,0.0,1.0,UNH
2014-10-27,77.95,78.67,77.9,78.54,78.54,3948931,0.0,1.0,UNH
2014-10-24,77.29,78.18,77.23,78.12,78.12,2977334,0.0,1.0,UNH
2014-10-23,77.53,77.82,77.08,77.29,77.29,3159178,0.0,1.0,UNH
2014-10-22,77.95,77.95,76.48,76.53,76.53,4290263,0.0,1.0,UNH
2014-10-21,76.01,77.65,75.75,77.54,77.54,5882126,0.0,1.0,UNH
2014-10-20,75.23,75.74,75.02,75.48,75.48,4895885,0.0,1.0,UNH
2014-10-17,74.04,75.71,73.96,75.17,75.17,8532850,0.0,1.0,UNH
2014-10-16,72.26,73.91,71.69,72.8,72.8,10233008,0.0,1.0,UNH
2014-10-15,70.05,70.74,68.82,70.04,70.04,8308870,0.0,1.0,UNH
2014-10-14,71.9,72.1,70.38,70.61,70.61,5929537,0.0,1.0,UNH
2014-10-13,72.65,73.27,71.41,71.57,71.57,3677943,0.0,1.0,UNH
2014-10-10,72.54,74.02,72.51,72.8,72.8,4036846,0.0,1.0,UNH
2014-10-09,73.61,73.79,72.15,72.41,72.41,4432816,0.0,1.0,UNH
2014-10-08,71.86,74.03,71.6,73.84,73.84,4791144,0.0,1.0,UNH
2014-10-07,72.38,72.57,71.55,71.77,71.77,3416980,0.0,1.0,UNH
2014-10-06,73.87,74.12,72.42,72.54,72.54,2596071,0.0,1.0,UNH
2014-10-03,72.78,73.56,72.52,73.33,73.33,3108068,0.0,1.0,UNH
2014-10-02,72.34,72.69,71.38,72.38,72.38,3046995,0.0,1.0,UNH
2014-10-01,73.32,73.54,72.13,72.36,72.36,4140232,0.0,1.0,UNH
2014-09-30,73.9,74.24,73.41,73.53,73.53,2843214,0.0,1.0,UNH
2014-09-29,72.96,74.13,72.96,73.75,73.75,3114772,0.0,1.0,UNH
2014-09-26,73.53,74.14,73.24,73.83,73.83,2260493,0.0,1.0,UNH
2014-09-25,74.84,75.02,73.34,73.47,73.47,3616309,0.0,1.0,UNH
2014-09-24,73.84,75.41,73.83,75.2,75.2,2545178,0.0,1.0,UNH
2014-09-23,74.44,74.76,73.64,73.82,73.82,2639414,0.0,1.0,UNH
2014-09-22,74.85,75.4,74.58,74.83,74.83,2333819,0.0,1.0,UNH
2014-09-19,75.46,75.64,74.71,74.85,74.85,6486300,0.0,1.0,UNH
2014-09-18,74.53,75.0,74.33,74.71,74.71,2584000,0.0,1.0,UNH
2014-09-17,74.13,74.65,73.72,74.16,74.16,3302700,0.0,1.0,UNH
2014-09-16,73.32,74.48,73.19,74.31,74.31,2973700,0.0,1.0,UNH
2014-09-15,73.57,74.02,73.17,73.34,73.34,2441800,0.0,1.0,UNH
2014-09-12,74.37,74.37,73.2,73.47,73.47,2582400,0.0,1.0,UNH
2014-09-11,73.96,74.27,73.49,74.24,74.24,3034500,0.0,1.0,UNH
2014-09-10,75.4,75.45,73.9,74.38,74.38,3355800,0.375,1.0,UNH
2014-09-09,74.7,75.42,74.27,75.18,75.18,4409400,0.0,1.0,UNH
2014-09-08,74.45,74.7,74.21,74.62,74.62,2298000,0.0,1.0,UNH
2014-09-05,73.81,74.53,73.63,74.49,74.49,3873500,0.0,1.0,UNH
2014-09-04,73.65,75.08,73.61,73.9,73.9,3650100,0.0,1.0,UNH
2014-09-03,73.66,74.15,73.36,73.67,73.67,2824400,0.0,1.0,UNH
2014-09-02,73.95,74.04,72.8,73.33,73.33,3726100,0.0,1.0,UNH
2014-08-29,73.64,74.05,73.3,73.58,73.58,3297500,0.0,1.0,UNH
2014-08-28,73.0,73.85,72.6,73.29,73.29,2749700,0.0,1.0,UNH
2014-08-27,72.31,73.83,72.12,73.33,73.33,5800700,0.0,1.0,UNH
2014-08-26,71.69,72.44,71.43,72.26,72.26,2267800,0.0,1.0,UNH
2014-08-25,71.64,71.94,71.26,71.51,71.51,1988100,0.0,1.0,UNH
2014-08-22,70.97,71.3,70.85,71.12,71.12,2089300,0.0,1.0,UNH
2014-08-21,70.97,71.39,70.96,71.11,71.11,2648500,0.0,1.0,UNH
2014-08-20,70.41,71.09,69.91,70.82,70.82,2579600,0.0,1.0,UNH
2014-08-19,70.02,71.1,69.65,70.86,70.86,3549300,0.0,1.0,UNH
2014-08-18,69.41,70.01,69.06,69.9,69.9,2795800,0.0,1.0,UNH
2014-08-15,69.79,69.84,68.6,69.16,69.16,2442700,0.0,1.0,UNH
2014-08-14,69.36,69.67,68.05,69.45,69.45,2241100,0.0,1.0,UNH
2014-08-13,68.44,69.33,68.24,69.19,69.19,3049900,0.0,1.0,UNH
2014-08-12,67.58,68.24,67.51,68.1,68.1,3206200,0.0,1.0,UNH
2014-08-11,68.24,68.46,67.71,67.8,67.8,3460000,0.0,1.0,UNH
2014-08-08,67.41,68.07,66.84,68.01,68.01,3713400,0.0,1.0,UNH
2014-08-07,68.76,68.83,67.2,67.28,67.28,5465400,0.0,1.0,UNH
2014-08-06,68.72,69.71,68.54,69.18,69.18,3311300,0.0,1.0,UNH
2014-08-05,69.46,70.06,68.39,68.75,68.75,4599500,0.0,1.0,UNH
2014-08-04,69.26,70.05,68.95,69.84,69.84,783102,0.0,1.0,UNH
2014-08-01,68.88,69.66,68.4,69.17,69.17,1031395,0.0,1.0,UNH
2014-07-31,69.41,69.76,68.37,68.8,68.8,5345400,0.0,1.0,UNH
2014-07-30,71.95,72.04,69.37,70.41,70.41,7171800,0.0,1.0,UNH
2014-07-29,72.12,72.63,71.3,71.53,71.53,4897800,0.0,1.0,UNH
2014-07-28,72.18,72.92,71.81,72.79,72.79,2206900,0.0,1.0,UNH
2014-07-25,71.41,72.16,71.3,71.88,71.88,3362600,0.0,1.0,UNH
2014-07-24,72.54,73.28,72.4,72.73,72.73,4022400,0.0,1.0,UNH
2014-07-23,73.27,73.47,72.81,72.95,72.95,2596300,0.0,1.0,UNH
2014-07-22,72.6,73.65,72.55,73.05,73.05,4366900,0.0,1.0,UNH
2014-07-21,72.34,72.4,71.33,72.2,72.2,4025100,0.0,1.0,UNH
2014-07-18,72.55,72.82,71.67,72.6,72.6,3892100,0.0,1.0,UNH
2014-07-17,71.52,74.06,70.82,72.25,72.25,7117900,0.0,1.0,UNH
2014-07-16,71.36,71.42,70.64,71.1,71.1,3955200,0.0,1.0,UNH
2014-07-15,71.34,71.93,71.08,71.22,71.22,4356300,0.0,1.0,UNH
2014-07-14,70.74,71.89,70.63,71.53,71.53,3794500,0.0,1.0,UNH
2014-07-11,69.54,70.57,69.37,70.35,70.35,2758400,0.0,1.0,UNH
2014-07-10,69.0,70.04,68.8,69.68,69.68,3829400,0.0,1.0,UNH
2014-07-09,69.59,70.24,69.51,70.24,70.24,3079500,0.0,1.0,UNH
2014-07-08,69.62,69.67,69.08,69.55,69.55,2967300,0.0,1.0,UNH
2014-07-07,70.45,70.54,69.43,69.79,69.79,2558500,0.0,1.0,UNH
2014-07-03,70.11,70.83,69.88,70.75,70.75,2183400,0.0,1.0,UNH
2014-07-02,69.44,70.05,68.82,70.02,70.02,3693500,0.0,1.0,UNH
2014-07-01,69.39,69.9,69.31,69.51,69.51,5482400,0.0,1.0,UNH
2014-06-30,69.84,70.07,69.26,69.39,69.39,3916100,0.0,1.0,UNH
2014-06-27,69.34,69.7,69.02,69.61,69.61,4755600,0.0,1.0,UNH
2014-06-26,70.01,70.01,69.32,69.85,69.85,2915900,0.0,1.0,UNH
2014-06-25,69.06,69.93,68.6,69.9,69.9,3629200,0.0,1.0,UNH
2014-06-24,69.12,69.93,69.11,69.39,69.39,4685500,0.0,1.0,UNH
2014-06-23,69.09,69.31,68.74,69.17,69.17,3066900,0.0,1.0,UNH
2014-06-20,68.61,69.17,68.3,69.11,69.11,7366500,0.0,1.0,UNH
2014-06-19,67.36,68.58,67.28,68.34,68.34,4538600,0.0,1.0,UNH
2014-06-18,66.36,67.37,66.02,67.24,67.24,4823000,0.0,1.0,UNH
2014-06-17,66.13,66.42,65.81,66.36,66.36,3430900,0.0,1.0,UNH
2014-06-16,67.21,67.24,66.05,66.21,66.21,4542900,0.0,1.0,UNH
2014-06-13,67.35,67.37,66.72,67.21,67.21,2265200,0.0,1.0,UNH
2014-06-12,67.72,67.91,67.14,67.43,67.43,2560000,0.375,1.0,UNH
2014-06-11,67.39,67.88,67.1,67.73,67.73,2733500,0.0,1.0,UNH
2014-06-10,67.25,67.59,67.14,67.43,67.43,2459200,0.0,1.0,UNH
2014-06-09,67.63,67.8,66.97,67.39,67.39,2801700,0.0,1.0,UNH
2014-06-06,67.58,67.86,67.23,67.53,67.53,3286600,0.0,1.0,UNH
2014-06-05,68.0,68.22,67.32,67.42,67.42,3453700,0.0,1.0,UNH
2014-06-04,67.36,68.07,67.15,68.02,68.02,3552900,0.0,1.0,UNH
2014-06-03,67.01,67.74,66.98,67.49,67.49,2841100,0.0,1.0,UNH
2014-06-02,67.4,67.53,67.02,67.14,67.14,1986400,0.0,1.0,UNH
2014-05-30,66.95,67.37,66.64,67.28,67.28,5139900,0.0,1.0,UNH
2014-05-29,66.41,67.1,65.97,67.06,67.06,3526800,0.0,1.0,UNH
2014-05-28,66.72,66.92,66.15,66.39,66.39,2250900,0.0,1.0,UNH
2014-05-27,66.94,67.02,66.46,66.84,66.84,2645500,0.0,1.0,UNH
2014-05-23,66.45,66.75,66.21,66.55,66.55,2251500,0.0,1.0,UNH
2014-05-22,65.66,66.43,65.59,66.19,66.19,3146900,0.0,1.0,UNH
2014-05-21,64.81,65.8,64.74,65.66,65.66,2401200,0.0,1.0,UNH
2014-05-20,65.22,65.39,64.52,64.77,64.77,2806500,0.0,1.0,UNH
2014-05-19,64.57,65.25,64.52,65.22,65.22,2149100,0.0,1.0,UNH
2014-05-16,64.51,64.78,64.22,64.76,64.76,2974600,0.0,1.0,UNH
2014-05-15,65.19,65.33,64.41,64.62,64.62,3075200,0.0,1.0,UNH
2014-05-14,65.94,65.94,65.01,65.2,65.2,2635300,0.0,1.0,UNH
2014-05-13,65.78,66.09,65.5,65.93,65.93,3059000,0.0,1.0,UNH
2014-05-12,65.22,65.92,65.14,65.68,65.68,3110900,0.0,1.0,UNH
2014-05-09,64.9,65.31,64.73,65.01,65.01,3465600,0.0,1.0,UNH
2014-05-08,65.75,65.95,64.84,64.96,64.96,4943100,0.0,1.0,UNH
2014-05-07,63.86,65.86,63.43,65.82,65.82,6383500,0.0,1.0,UNH
2014-05-06,63.48,63.87,63.27,63.59,63.59,4728200,0.0,1.0,UNH
2014-05-05,63.22,63.63,62.77,63.56,63.56,4476100,0.0,1.0,UNH
2014-05-02,63.1,63.64,62.95,63.39,63.39,3794700,0.0,1.0,UNH
2014-05-01,63.41,63.7,62.74,63.32,63.32,4598000,0.0,1.0,UNH
2014-04-30,63.58,64.37,63.3,63.4,63.4,6435900,0.0,1.0,UNH
2014-04-29,64.17,64.39,63.27,63.53,63.53,4813200,0.0,1.0,UNH
2014-04-28,64.51,64.7,63.72,63.99,63.99,5346800,0.0,1.0,UNH
2014-04-25,64.69,65.3,63.56,63.92,63.92,5416200,0.0,1.0,UNH
2014-04-24,64.34,65.12,64.13,64.71,64.71,4604900,0.0,1.0,UNH
2014-04-23,64.05,64.27,63.46,63.64,63.64,4645700,0.0,1.0,UNH
2014-04-22,63.53,64.37,63.32,64.01,64.01,6199400,0.0,1.0,UNH
2014-04-21,63.96,64.62,63.19,63.32,63.32,6912500,0.0,1.0,UNH
2014-04-17,63.74,64.76,62.19,64.02,64.02,13427200,0.0,1.0,UNH
2014-04-16,67.16,67.2,65.45,66.06,66.06,8098100,0.0,1.0,UNH
2014-04-15,67.05,67.35,65.95,67.18,67.18,4719100,0.0,1.0,UNH
2014-04-14,67.12,67.32,66.22,66.9,66.9,4013700,0.0,1.0,UNH
2014-04-11,67.4,67.57,66.59,66.7,66.7,3418700,0.0,1.0,UNH
2014-04-10,68.79,69.27,67.4,67.58,67.58,4850000,0.0,1.0,UNH
2014-04-09,68.27,68.91,68.01,68.76,68.76,3308900,0.0,1.0,UNH
2014-04-08,68.49,68.9,67.68,68.15,68.15,4044900,0.0,1.0,UNH
2014-04-07,68.86,69.26,68.22,68.5,68.5,5286700,0.0,1.0,UNH
2014-04-04,69.86,70.07,68.75,68.88,68.88,4788100,0.0,1.0,UNH
2014-04-03,68.98,69.58,68.94,69.49,69.49,4214700,0.0,1.0,UNH
2014-04-02,68.89,69.06,68.66,68.95,68.95,3832100,0.0,1.0,UNH
2014-04-01,69.58,70.17,68.93,69.14,69.14,4339800,0.0,1.0,UNH
2014-03-31,69.35,69.51,68.78,69.27,69.27,3513700,0.0,1.0,UNH
2014-03-28,68.77,69.58,68.65,68.96,68.96,4787400,0.0,1.0,UNH
2014-03-27,68.93,69.2,68.25,68.45,68.45,5453900,0.0,1.0,UNH
2014-03-26,68.84,69.53,68.49,68.89,68.89,6910000,0.0,1.0,UNH
2014-03-25,68.93,69.41,68.42,68.52,68.52,4588800,0.0,1.0,UNH
2014-03-24,68.98,69.04,68.32,68.67,68.67,5306200,0.0,1.0,UNH
2014-03-21,69.44,70.4,68.69,68.72,68.72,11828100,0.0,1.0,UNH
2014-03-20,67.24,68.93,67.11,68.88,68.88,7786500,0.0,1.0,UNH
2014-03-19,65.96,67.84,65.85,67.56,67.56,9060100,0.0,1.0,UNH
2014-03-18,65.03,65.94,64.86,65.9,65.9,3670800,0.0,1.0,UNH
2014-03-17,64.33,65.07,64.29,64.85,64.85,3517900,0.0,1.0,UNH
2014-03-14,65.07,65.07,63.92,63.96,63.96,5128700,0.0,1.0,UNH
2014-03-13,65.7,65.99,65.02,65.06,65.06,3178600,0.0,1.0,UNH
2014-03-12,65.29,65.65,65.25,65.56,65.56,2875400,0.28,1.0,UNH
2014-03-11,65.59,66.04,65.26,65.48,65.48,3471200,0.0,1.0,UNH
2014-03-10,65.06,65.58,64.91,65.56,65.56,2986400,0.0,1.0,UNH
2014-03-07,65.67,65.72,64.86,65.16,65.16,3434700,0.0,1.0,UNH
2014-03-06,65.79,65.95,65.28,65.36,65.36,4200500,0.0,1.0,UNH
2014-03-05,65.88,66.08,65.31,65.66,65.66,3917600,0.0,1.0,UNH
2014-03-04,65.44,66.14,65.28,65.77,65.77,5164500,0.0,1.0,UNH
2014-03-03,64.57,65.21,64.43,64.91,64.91,3673400,0.0,1.0,UNH
2014-02-28,64.01,65.42,63.81,65.05,65.05,6176600,0.0,1.0,UNH
2014-02-27,63.79,64.33,63.64,64.0,64.0,4227300,0.0,1.0,UNH
2014-02-26,63.42,64.09,62.95,64.03,64.03,5433200,0.0,1.0,UNH
2014-02-25,63.96,64.1,63.25,63.41,63.41,3761800,0.0,1.0,UNH
2014-02-24,62.41,64.63,62.3,63.99,63.99,9559000,0.0,1.0,UNH
2014-02-21,61.82,62.38,61.74,62.14,62.14,4552300,0.0,1.0,UNH
2014-02-20,61.96,62.39,61.65,61.86,61.86,4134000,0.0,1.0,UNH
2014-02-19,61.92,62.56,61.81,61.92,61.92,3926500,0.0,1.0,UNH
2014-02-18,61.89,62.82,61.83,62.15,62.15,5538400,0.0,1.0,UNH
2014-02-14,59.91,62.16,59.77,61.89,61.89,6848800,0.0,1.0,UNH
2014-02-13,59.04,60.17,58.87,59.95,59.95,3788000,0.0,1.0,UNH
2014-02-12,59.7,60.02,58.91,59.13,59.13,4120600,0.0,1.0,UNH
2014-02-11,58.73,59.66,58.58,59.45,59.45,5543000,0.0,1.0,UNH
2014-02-10,59.7,59.83,58.57,58.71,58.71,7774000,0.0,1.0,UNH
2014-02-07,59.35,60.32,59.02,60.07,60.07,6902900,0.0,1.0,UNH
2014-02-06,59.58,59.82,59.0,59.66,59.66,4765600,0.0,1.0,UNH
2014-02-05,58.88,59.94,58.79,59.62,59.62,4394300,0.0,1.0,UNH
2014-02-04,59.6,59.77,58.76,59.36,59.36,4646100,0.0,1.0,UNH
2014-02-03,60.73,60.79,59.47,59.55,59.55,4526100,0.0,1.0,UNH
2014-01-31,60.5,60.91,60.15,60.85,60.85,4291500,0.0,1.0,UNH
2014-01-30,60.36,61.49,60.22,61.29,61.29,4254000,0.0,1.0,UNH
2014-01-29,60.1,61.42,59.64,59.99,59.99,6005100,0.0,1.0,UNH
2014-01-28,60.32,60.92,60.17,60.37,60.37,2932700,0.0,1.0,UNH
2014-01-27,60.03,60.78,59.89,60.32,60.32,4233600,0.0,1.0,UNH
2014-01-24,61.31,61.39,60.09,60.28,60.28,5523600,0.0,1.0,UNH
2014-01-23,61.2,62.04,61.03,61.62,61.62,5050300,0.0,1.0,UNH
2014-01-22,62.15,62.24,61.66,61.79,61.79,4864700,0.0,1.0,UNH
2014-01-21,61.22,61.98,60.96,61.59,61.59,6379300,0.0,1.0,UNH
2014-01-17,61.56,61.56,60.87,61.05,61.05,5551300,0.0,1.0,UNH
2014-01-16,62.41,63.0,60.74,61.25,61.25,8892800,0.0,1.0,UNH
2014-01-15,62.29,63.02,62.29,63.0,63.0,7043300,0.0,1.0,UNH
2014-01-14,62.34,62.58,62.04,62.31,62.31,5783900,0.0,1.0,UNH
2014-01-13,62.86,63.14,62.02,62.25,62.25,5248700,0.0,1.0,UNH
2014-01-10,64.15,64.23,62.76,62.89,62.89,6632200,0.0,1.0,UNH
2014-01-09,63.69,64.18,63.69,64.05,64.05,6291500,0.0,1.0,UNH
2014-01-08,64.26,64.37,63.54,63.66,63.66,6172200,0.0,1.0,UNH
2014-01-07,63.09,65.1,63.09,64.41,64.41,6542500,0.0,1.0,UNH
2014-01-06,63.49,63.49,62.4,62.5,62.5,3424500,0.0,1.0,UNH
2014-01-03,62.97,63.78,62.8,63.22,63.22,3206400,0.0,1.0,UNH
2014-01-02,63.06,63.38,62.73,62.78,62.78,3067000,0.0,1.0,UNH
2013-12-31,63.14,63.59,62.83,63.39,63.39,2280000,0.0,1.0,UNH
2013-12-30,63.01,63.17,62.56,62.95,62.95,1983800,0.0,1.0,UNH
2013-12-27,63.14,63.41,62.78,62.88,62.88,2859900,0.0,1.0,UNH
2013-12-26,62.67,63.11,62.53,63.01,63.01,2121000,0.0,1.0,UNH
2013-12-24,62.46,62.65,62.23,62.41,62.41,1253500,0.0,1.0,UNH
2013-12-23,62.16,62.79,62.05,62.59,62.59,3263100,0.0,1.0,UNH
2013-12-20,61.14,62.07,61.13,61.75,61.75,7511500,0.0,1.0,UNH
2013-12-19,60.76,61.05,60.33,60.94,60.94,4359200,0.0,1.0,UNH
2013-12-18,59.8,61.0,59.52,60.93,60.93,4975700,0.0,1.0,UNH
2013-12-17,59.96,59.96,59.1,59.54,59.54,4280100,0.0,1.0,UNH
2013-12-16,59.54,60.09,59.38,59.82,59.82,4369500,0.0,1.0,UNH
2013-12-13,59.94,60.49,59.32,59.33,59.33,4737000,0.0,1.0,UNH
2013-12-12,60.77,61.09,59.7,59.78,59.78,5815300,0.0,1.0,UNH
2013-12-11,62.36,62.38,60.53,60.73,60.73,7304300,0.0,1.0,UNH
2013-12-10,62.04,62.64,62.03,62.34,62.34,3741100,0.0,1.0,UNH
2013-12-09,61.88,62.56,61.82,62.06,62.06,3988600,0.0,1.0,UNH
2013-12-06,61.65,62.06,61.32,61.88,61.88,3886000,0.0,1.0,UNH
2013-12-05,61.72,62.03,61.07,61.24,61.24,4104700,0.0,1.0,UNH
2013-12-04,61.47,62.64,61.07,62.0,62.0,5548700,0.28,1.0,UNH
2013-12-03,62.18,62.18,61.15,61.83,61.83,5162400,0.0,1.0,UNH
2013-12-02,61.76,62.44,61.76,62.19,62.19,4276000,0.0,1.0,UNH
2013-11-29,62.56,62.84,62.25,62.46,62.46,2025600,0.0,1.0,UNH
2013-11-27,62.62,62.84,62.13,62.36,62.36,3640600,0.0,1.0,UNH
2013-11-26,62.24,62.89,62.1,62.5,62.5,4635400,0.0,1.0,UNH
2013-11-25,62.06,62.61,61.88,62.12,62.12,3773900,0.0,1.0,UNH
2013-11-22,61.15,61.85,61.05,61.84,61.84,3178400,0.0,1.0,UNH
2013-11-21,60.71,61.79,60.69,61.15,61.15,4368000,0.0,1.0,UNH
2013-11-20,60.28,61.1,60.1,60.37,60.37,5031300,0.0,1.0,UNH
2013-11-19,60.18,60.31,59.76,60.06,60.06,4260900,0.0,1.0,UNH
2013-11-18,60.36,60.47,59.96,60.11,60.11,3263700,0.0,1.0,UNH
2013-11-15,59.65,60.35,59.62,60.27,60.27,3872600,0.0,1.0,UNH
2013-11-14,59.83,60.05,59.49,59.91,59.91,3581200,0.0,1.0,UNH
2013-11-13,58.66,59.65,58.55,59.55,59.55,3879500,0.0,1.0,UNH
2013-11-12,59.1,59.46,58.6,58.66,58.66,3604800,0.0,1.0,UNH
2013-11-11,59.32,59.5,58.95,59.13,59.13,3082600,0.0,1.0,UNH
2013-11-08,58.45,59.15,58.4,59.13,59.13,3741900,0.0,1.0,UNH
2013-11-07,59.46,59.53,58.42,58.5,58.5,4497300,0.0,1.0,UNH
2013-11-06,57.76,59.56,57.7,58.95,58.95,5479400,0.0,1.0,UNH
2013-11-05,57.45,57.82,57.25,57.63,57.63,3328700,0.0,1.0,UNH
2013-11-04,57.68,58.09,57.33,57.83,57.83,3698700,0.0,1.0,UNH
2013-11-01,57.25,57.62,56.99,57.56,57.56,4459000,0.0,1.0,UNH
2013-10-31,57.36,57.62,56.91,57.25,57.25,4216700,0.0,1.0,UNH
2013-10-30,57.13,57.59,56.84,57.04,57.04,4360500,0.0,1.0,UNH
2013-10-29,56.09,57.15,56.06,57.1,57.1,5860000,0.0,1.0,UNH
2013-10-28,56.65,56.86,55.95,56.14,56.14,6989300,0.0,1.0,UNH
2013-10-25,56.62,57.18,56.42,56.71,56.71,6892500,0.0,1.0,UNH
2013-10-24,57.04,57.36,56.34,56.7,56.7,6352500,0.0,1.0,UNH
2013-10-23,57.46,57.54,56.73,57.04,57.04,8227700,0.0,1.0,UNH
2013-10-22,57.21,58.4,57.21,57.75,57.75,7647300,0.0,1.0,UNH
2013-10-21,57.57,57.67,56.27,57.2,57.2,11496900,0.0,1.0,UNH
2013-10-18,59.76,59.84,56.64,57.67,57.67,21080600,0.0,1.0,UNH
2013-10-17,60.19,61.12,59.59,59.85,59.85,21810200,0.0,1.0,UNH
2013-10-16,62.48,63.31,62.38,63.06,63.06,4368600,0.0,1.0,UNH
2013-10-15,62.49,62.84,61.86,61.95,61.95,2922900,0.0,1.0,UNH
2013-10-14,61.94,62.74,61.66,62.66,62.66,2562200,0.0,1.0,UNH
2013-10-11,62.0,62.29,61.64,62.29,62.29,2935800,0.0,1.0,UNH
2013-10-10,60.49,62.04,60.25,62.04,62.04,4894300,0.0,1.0,UNH
2013-10-09,60.14,60.28,59.69,59.86,59.86,4464100,0.0,1.0,UNH
2013-10-08,60.38,60.73,59.91,59.95,59.95,6049100,0.0,1.0,UNH
2013-10-07,60.88,60.97,60.52,60.53,60.53,4787000,0.0,1.0,UNH
2013-10-04,60.8,61.33,60.58,61.21,61.21,4297600,0.0,1.0,UNH
2013-10-03,60.8,61.2,60.6,60.82,60.82,5038300,0.0,1.0,UNH
2013-10-02,60.58,60.91,60.44,60.86,60.86,2705700,0.0,1.0,UNH
2013-10-01,60.17,61.17,60.09,60.87,60.87,4322300,0.0,1.0,UNH
2013-09-30,59.79,60.11,59.55,60.06,60.06,4183600,0.0,1.0,UNH
2013-09-27,60.13,60.48,59.96,60.37,60.37,3548000,0.0,1.0,UNH
2013-09-26,60.38,61.06,60.32,60.52,60.52,2413200,0.0,1.0,UNH
2013-09-25,60.63,60.94,60.27,60.37,60.37,4812900,0.0,1.0,UNH
2013-09-24,60.53,61.17,60.07,60.65,60.65,4855200,0.0,1.0,UNH
2013-09-23,59.38,60.33,59.23,60.23,60.23,4482500,0.0,1.0,UNH
2013-09-20,59.17,60.17,59.04,59.18,59.18,9088700,0.0,1.0,UNH
2013-09-19,61.3,61.32,59.23,59.41,59.41,8322900,0.0,1.0,UNH
2013-09-18,62.19,62.22,60.75,61.26,61.26,7725600,0.0,1.0,UNH
2013-09-17,62.99,63.19,62.0,62.32,62.32,5138100,0.0,1.0,UNH
2013-09-16,62.97,63.64,62.87,63.0,63.0,4224800,0.0,1.0,UNH
2013-09-13,62.83,63.11,62.16,62.46,62.46,3421000,0.0,1.0,UNH
2013-09-12,63.17,63.32,62.65,62.68,62.68,2823800,0.0,1.0,UNH
2013-09-11,62.55,63.06,62.34,63.05,63.05,3819200,0.28,1.0,UNH
2013-09-10,62.33,62.36,61.7,62.36,62.36,3925400,0.0,1.0,UNH
2013-09-09,61.92,62.29,61.65,62.04,62.04,2629600,0.0,1.0,UNH
2013-09-06,62.03,62.49,60.62,61.88,61.88,3584100,0.0,1.0,UNH
2013-09-05,61.28,62.02,61.11,61.86,61.86,2861600,0.0,1.0,UNH
2013-09-04,60.54,61.29,60.33,61.29,61.29,3333600,0.0,1.0,UNH
2013-09-03,60.0,60.8,59.98,60.63,60.63,3801500,0.0,1.0,UNH
2013-08-30,60.54,60.84,59.73,59.94,59.94,4186200,0.0,1.0,UNH
2013-08-29,59.61,60.85,59.45,60.53,60.53,5243500,0.0,1.0,UNH
2013-08-28,59.66,60.29,59.62,59.77,59.77,3297700,0.0,1.0,UNH
2013-08-27,60.12,60.28,59.59,59.76,59.76,3626200,0.0,1.0,UNH
2013-08-26,60.69,60.93,60.39,60.48,60.48,2797700,0.0,1.0,UNH
2013-08-23,60.17,60.76,60.08,60.61,60.61,3215600,0.0,1.0,UNH
2013-08-22,60.19,60.78,60.02,60.13,60.13,2959400,0.0,1.0,UNH
2013-08-21,60.31,60.44,59.72,60.03,60.03,3314200,0.0,1.0,UNH
2013-08-20,60.03,60.86,59.83,60.54,60.54,3110000,0.0,1.0,UNH
2013-08-19,59.77,60.33,59.71,59.92,59.92,2794800,0.0,1.0,UNH
2013-08-16,59.45,60.14,59.32,59.68,59.68,3323600,0.0,1.0,UNH
2013-08-15,60.15,60.68,59.63,59.66,59.66,3402000,0.0,1.0,UNH
2013-08-14,61.15,61.25,60.42,60.57,60.57,3079000,0.0,1.0,UNH
2013-08-13,60.52,61.32,60.42,61.29,61.29,2627400,0.0,1.0,UNH
2013-08-12,60.5,60.65,60.17,60.48,60.48,3043300,0.0,1.0,UNH
2013-08-09,61.16,61.49,60.38,60.94,60.94,2556900,0.0,1.0,UNH
2013-08-08,61.12,61.55,60.88,61.14,61.14,2171600,0.0,1.0,UNH
2013-08-07,61.14,61.33,60.68,60.93,60.93,2807300,0.0,1.0,UNH
2013-08-06,61.14,61.3,60.6,61.2,61.2,3089500,0.0,1.0,UNH
2013-08-05,60.46,61.48,60.41,61.28,61.28,2871000,0.0,1.0,UNH
2013-08-02,61.02,61.02,60.1,60.38,60.38,3622500,0.0,1.0,UNH
2013-08-01,61.19,61.43,60.91,61.13,61.13,3254000,0.0,1.0,UNH
2013-07-31,60.55,61.55,60.55,60.87,60.87,5964700,0.0,1.0,UNH
2013-07-30,60.89,61.18,60.14,60.38,60.38,5375400,0.0,1.0,UNH
2013-07-29,60.25,60.88,60.13,60.82,60.82,3835300,0.0,1.0,UNH
2013-07-26,60.27,60.65,59.8,60.33,60.33,3826000,0.0,1.0,UNH
2013-07-25,60.23,60.68,59.91,60.68,60.68,3840600,0.0,1.0,UNH
2013-07-24,60.84,61.12,60.31,60.6,60.6,6023300,0.0,1.0,UNH
2013-07-23,60.33,60.78,60.01,60.74,60.74,3934300,0.0,1.0,UNH
2013-07-22,59.79,60.61,59.66,60.31,60.31,5038000,0.0,1.0,UNH
2013-07-19,59.0,60.23,58.62,59.7,59.7,7504900,0.0,1.0,UNH
2013-07-18,57.94,59.2,57.58,58.95,58.95,14082900,0.0,1.0,UNH
2013-07-17,55.99,56.35,55.08,55.34,55.34,8904300,0.0,1.0,UNH
2013-07-16,56.18,56.27,55.61,55.91,55.91,5459600,0.0,1.0,UNH
2013-07-15,56.93,56.98,56.37,56.5,56.5,3813600,0.0,1.0,UNH
2013-07-12,57.29,57.44,56.56,56.82,56.82,4645600,0.0,1.0,UNH
2013-07-11,57.04,57.28,56.52,57.12,57.12,6588900,0.0,1.0,UNH
2013-07-10,56.82,57.44,56.49,56.56,56.56,4383900,0.0,1.0,UNH
2013-07-09,56.83,57.19,56.22,56.79,56.79,4275700,0.0,1.0,UNH
2013-07-08,55.94,56.47,55.45,56.45,56.45,6192500,0.0,1.0,UNH
2013-07-05,55.11,55.3,54.54,55.29,55.29,2356500,0.0,1.0,UNH
2013-07-03,54.27,55.02,54.02,54.76,54.76,2271100,0.0,1.0,UNH
2013-07-02,54.67,54.86,54.35,54.54,54.54,4484800,0.0,1.0,UNH
2013-07-01,55.05,55.45,54.74,54.84,54.84,3736500,0.0,1.0,UNH
2013-06-28,54.83,55.25,54.34,54.71,54.71,6867800,0.0,1.0,UNH
2013-06-27,54.36,55.3,54.28,55.22,55.22,4483600,0.0,1.0,UNH
2013-06-26,53.5,54.36,53.49,54.13,54.13,4851700,0.0,1.0,UNH
2013-06-25,54.34,54.76,53.19,53.25,53.25,4959100,0.0,1.0,UNH
2013-06-24,53.05,54.34,53.02,54.02,54.02,5717100,0.0,1.0,UNH
2013-06-21,53.63,54.17,53.0,53.39,53.39,7806500,0.0,1.0,UNH
2013-06-20,54.14,54.16,53.18,53.31,53.31,5748300,0.0,1.0,UNH
2013-06-19,54.9,55.28,54.5,54.53,54.53,6370200,0.0,1.0,UNH
2013-06-18,54.23,54.9,53.86,54.88,54.88,5183300,0.0,1.0,UNH
2013-06-17,53.72,54.51,53.56,53.78,53.78,4975000,0.0,1.0,UNH
2013-06-14,53.58,53.85,53.13,53.31,53.31,3122600,0.0,1.0,UNH
2013-06-13,53.22,53.65,52.76,53.6,53.6,4379500,0.28,1.0,UNH
2013-06-12,53.44,53.67,52.93,53.1,53.1,3891100,0.0,1.0,UNH
2013-06-11,52.54,53.71,52.16,53.18,53.18,6063400,0.0,1.0,UNH
2013-06-10,52.06,53.16,52.05,52.98,52.98,5256600,0.0,1.0,UNH
2013-06-07,51.8,52.35,51.33,52.05,52.05,5214700,0.0,1.0,UNH
2013-06-06,51.37,51.51,50.7,51.51,51.51,4711400,0.0,1.0,UNH
2013-06-05,52.42,52.5,51.29,51.37,51.37,5380100,0.0,1.0,UNH
2013-06-04,52.08,52.4,51.51,51.88,51.88,5151100,0.0,1.0,UNH
2013-06-03,52.32,52.41,51.65,52.24,52.24,3756200,0.0,1.0,UNH
2013-05-31,53.62,53.95,52.08,52.1,52.1,5888300,0.0,1.0,UNH
2013-05-30,52.77,53.99,52.43,53.79,53.79,5671300,0.0,1.0,UNH
2013-05-29,52.68,52.87,52.25,52.7,52.7,5009100,0.0,1.0,UNH
2013-05-28,51.99,52.89,51.91,52.69,52.69,5341000,0.0,1.0,UNH
2013-05-24,51.6,52.01,51.15,51.63,51.63,4697900,0.0,1.0,UNH
2013-05-23,51.65,52.26,51.43,51.88,51.88,4479100,0.0,1.0,UNH
2013-05-22,51.58,52.64,51.19,51.81,51.81,6317500,0.0,1.0,UNH
2013-05-21,52.05,52.44,51.95,52.3,52.3,3248400,0.0,1.0,UNH
2013-05-20,52.19,52.34,51.93,52.04,52.04,2688200,0.0,1.0,UNH
2013-05-17,51.79,52.67,51.76,52.28,52.28,5840800,0.0,1.0,UNH
2013-05-16,51.0,51.87,50.91,51.69,51.69,6904800,0.0,1.0,UNH
2013-05-15,51.18,51.81,50.88,51.25,51.25,6808200,0.0,1.0,UNH
2013-05-14,51.83,51.98,51.2,51.35,51.35,5390300,0.0,1.0,UNH
2013-05-13,52.14,52.24,51.79,51.9,51.9,3490400,0.0,1.0,UNH
2013-05-10,51.61,52.4,51.42,52.34,52.34,5015700,0.0,1.0,UNH
2013-05-09,51.79,52.04,51.13,51.59,51.59,6416700,0.0,1.0,UNH
2013-05-08,50.18,52.22,50.17,52.0,52.0,10032800,0.0,1.0,UNH
2013-05-07,49.98,50.85,49.86,50.33,50.33,4830700,0.0,1.0,UNH
2013-05-06,49.4,50.52,49.35,50.08,50.08,5609600,0.0,1.0,UNH
2013-05-03,49.74,49.94,48.97,49.02,49.02,5149500,0.0,1.0,UNH
2013-05-02,49.67,50.23,49.41,49.48,49.48,6072500,0.0,1.0,UNH
2013-05-01,49.88,50.28,49.33,49.68,49.68,4897800,0.0,1.0,UNH
2013-04-30,50.03,50.23,49.26,49.86,49.86,5701800,0.0,1.0,UNH
2013-04-29,49.87,50.32,49.76,49.92,49.92,4861600,0.0,1.0,UNH
2013-04-26,49.3,50.04,49.19,49.48,49.48,5798100,0.0,1.0,UNH
2013-04-25,49.19,49.42,48.76,49.37,49.37,5669100,0.0,1.0,UNH
2013-04-24,49.0,49.29,48.85,48.91,48.91,5883000,0.0,1.0,UNH
2013-04-23,49.47,49.63,48.35,48.7,48.7,6277700,0.0,1.0,UNH
2013-04-22,49.91,50.0,48.78,49.27,49.27,6020900,0.0,1.0,UNH
2013-04-19,49.86,50.54,49.47,49.95,49.95,6524600,0.0,1.0,UNH
2013-04-18,49.41,50.54,48.28,49.66,49.66,14015000,0.0,1.0,UNH
2013-04-17,51.9,52.54,51.55,51.6,51.6,8429000,0.0,1.0,UNH
2013-04-16,51.73,52.41,51.39,52.25,52.25,4976400,0.0,1.0,UNH
2013-04-15,52.18,52.41,51.23,51.24,51.24,4625600,0.0,1.0,UNH
2013-04-12,52.27,52.64,52.09,52.44,52.44,4162000,0.0,1.0,UNH
2013-04-11,51.9,52.41,51.85,52.39,52.39,4738900,0.0,1.0,UNH
2013-04-10,51.84,52.08,51.66,51.92,51.92,4400600,0.0,1.0,UNH
2013-04-09,51.65,52.05,51.54,51.73,51.73,4405900,0.0,1.0,UNH
2013-04-08,51.64,51.89,50.99,51.49,51.49,4545600,0.0,1.0,UNH
2013-04-05,51.51,52.04,51.29,51.66,51.66,6841300,0.0,1.0,UNH
2013-04-04,51.37,51.99,51.15,51.6,51.6,7648400,0.0,1.0,UNH
2013-04-03,51.92,52.2,51.26,51.3,51.3,10140400,0.0,1.0,UNH
2013-04-02,51.27,53.2,51.16,51.36,51.36,22664600,0.0,1.0,UNH
2013-04-01,47.55,49.38,47.43,49.06,49.06,9006100,0.0,1.0,UNH
2013-03-28,47.14,47.68,46.99,47.59,47.59,5685400,0.0,1.0,UNH
2013-03-27,46.21,47.44,46.12,47.1,47.1,8525800,0.0,1.0,UNH
2013-03-26,45.87,46.4,45.83,46.3,46.3,6059700,0.0,1.0,UNH
2013-03-25,45.46,45.85,45.29,45.64,45.64,5142500,0.0,1.0,UNH
2013-03-22,45.87,46.0,45.11,45.31,45.31,5415900,0.0,1.0,UNH
2013-03-21,45.5,46.05,45.45,45.81,45.81,4953700,0.0,1.0,UNH
2013-03-20,46.15,46.2,45.6,45.66,45.66,4528800,0.0,1.0,UNH
2013-03-19,45.76,46.09,45.69,45.9,45.9,5486600,0.0,1.0,UNH
2013-03-18,45.17,46.15,45.16,45.76,45.76,5974200,0.0,1.0,UNH
2013-03-15,45.45,45.67,45.27,45.53,45.53,7888300,0.0,1.0,UNH
2013-03-14,45.41,45.6,44.97,45.53,45.53,5066800,0.0,1.0,UNH
2013-03-13,45.49,45.66,45.21,45.32,45.32,4343000,0.2125,1.0,UNH
2013-03-12,44.89,45.58,44.81,45.44,45.44,5466300,0.0,1.0,UNH
2013-03-11,44.61,45.28,44.54,44.92,44.92,4008700,0.0,1.0,UNH
2013-03-08,44.72,44.96,44.35,44.59,44.59,4584400,0.0,1.0,UNH
2013-03-07,44.55,44.9,44.49,44.58,44.58,4455700,0.0,1.0,UNH
2013-03-06,44.38,44.7,44.21,44.43,44.43,5562600,0.0,1.0,UNH
2013-03-05,44.28,44.62,44.07,44.33,44.33,4911700,0.0,1.0,UNH
2013-03-04,44.18,44.33,44.03,44.19,44.19,4783000,0.0,1.0,UNH
2013-03-01,44.2,44.58,43.82,44.35,44.35,6972100,0.0,1.0,UNH
2013-02-28,44.6,44.72,44.24,44.29,44.29,5879800,0.0,1.0,UNH
2013-02-27,43.89,44.76,43.86,44.64,44.64,5133800,0.0,1.0,UNH
2013-02-26,44.34,44.41,43.51,43.96,43.96,6325100,0.0,1.0,UNH
2013-02-25,45.32,45.37,44.16,44.17,44.17,6807800,0.0,1.0,UNH
2013-02-22,45.91,45.92,44.96,45.14,45.14,8400700,0.0,1.0,UNH
2013-02-21,46.05,46.36,45.48,45.78,45.78,6357300,0.0,1.0,UNH
2013-02-20,46.83,46.89,45.73,45.75,45.75,7542900,0.0,1.0,UNH
2013-02-19,44.91,47.14,44.78,46.95,46.95,14566200,0.0,1.0,UNH
2013-02-15,47.28,47.64,47.27,47.5,47.5,5750400,0.0,1.0,UNH
2013-02-14,47.24,47.41,47.03,47.28,47.28,5173800,0.0,1.0,UNH
2013-02-13,47.24,47.54,47.03,47.43,47.43,4261200,0.0,1.0,UNH
2013-02-12,47.4,47.55,47.18,47.24,47.24,4448600,0.0,1.0,UNH
2013-02-11,47.7,47.82,47.28,47.33,47.33,4166800,0.0,1.0,UNH
2013-02-08,47.37,48.27,47.33,47.85,47.85,4554600,0.0,1.0,UNH
2013-02-07,47.53,47.65,46.94,47.28,47.28,6050700,0.0,1.0,UNH
2013-02-06,47.6,47.68,47.32,47.55,47.55,5266100,0.0,1.0,UNH
2013-02-05,47.29,47.92,47.09,47.87,47.87,8645500,0.0,1.0,UNH
2013-02-04,45.84,46.71,45.84,46.2,46.2,4795700,0.0,1.0,UNH
2013-02-01,46.19,46.27,45.88,46.22,46.22,6369500,0.0,1.0,UNH
2013-01-31,46.27,46.44,45.75,45.75,45.75,6957500,0.0,1.0,UNH
2013-01-30,46.61,46.77,46.34,46.47,46.47,6269200,0.0,1.0,UNH
2013-01-29,46.2,46.98,46.14,46.64,46.64,7317600,0.0,1.0,UNH
2013-01-28,46.75,46.85,46.24,46.25,46.25,5736900,0.0,1.0,UNH
2013-01-25,46.7,46.72,46.17,46.44,46.44,5604700,0.0,1.0,UNH
2013-01-24,46.43,46.77,46.32,46.59,46.59,4221700,0.0,1.0,UNH
2013-01-23,46.5,46.61,45.95,46.33,46.33,6665700,0.0,1.0,UNH
2013-01-22,45.29,46.48,45.21,46.42,46.42,9330000,0.0,1.0,UNH
2013-01-18,45.08,45.27,44.93,45.21,45.21,7023900,0.0,1.0,UNH
2013-01-17,44.55,45.19,44.06,45.08,45.08,14438900,0.0,1.0,UNH
2013-01-16,44.45,44.58,44.2,44.47,44.47,6474500,0.0,1.0,UNH
2013-01-15,44.1,44.62,44.09,44.43,44.43,5802900,0.0,1.0,UNH
2013-01-14,43.81,45.1,43.59,44.22,44.22,7119900,0.0,1.0,UNH
2013-01-11,44.25,44.25,43.36,43.77,43.77,10182500,0.0,1.0,UNH
2013-01-10,43.52,44.08,43.36,44.01,44.01,6506500,0.0,1.0,UNH
2013-01-09,42.75,43.51,42.68,43.4,43.4,5154300,0.0,1.0,UNH
2013-01-08,43.09,43.29,42.56,42.59,42.59,8196200,0.0,1.0,UNH
2013-01-07,43.0,43.36,42.72,43.17,43.17,7804500,0.0,1.0,UNH
2013-01-04,43.26,43.7,43.14,43.17,43.17,10458000,0.0,1.0,UNH
2013-01-03,44.28,44.35,42.97,43.08,43.08,14413200,0.0,1.0,UNH
2013-01-02,45.48,45.58,44.76,45.2,45.2,5358100,0.0,1.0,UNH
2012-12-31,44.44,44.96,44.33,44.95,44.95,4948700,0.0,1.0,UNH
2012-12-28,44.82,45.28,44.58,44.63,44.63,3137400,0.0,1.0,UNH
2012-12-27,44.85,45.24,44.71,45.11,45.11,3245700,0.0,1.0,UNH
2012-12-26,45.41,45.45,44.85,44.93,44.93,3232400,0.0,1.0,UNH
2012-12-24,45.41,45.62,45.19,45.45,45.45,1713900,0.0,1.0,UNH
2012-12-21,45.89,46.01,45.1,45.6,45.6,9440100,0.0,1.0,UNH
2012-12-20,45.15,46.0,45.12,45.96,45.96,5025900,0.0,1.0,UNH
2012-12-19,45.68,45.68,45.1,45.15,45.15,5537600,0.0,1.0,UNH
2012-12-18,45.26,45.86,45.14,45.54,45.54,4637800,0.0,1.0,UNH
2012-12-17,44.81,45.2,44.73,45.05,45.05,6336900,0.0,1.0,UNH
2012-12-14,44.89,45.19,44.68,44.79,44.79,3468700,0.0,1.0,UNH
2012-12-13,45.76,45.9,45.01,45.06,45.06,4911800,0.0,1.0,UNH
2012-12-12,45.58,46.26,45.49,45.78,45.78,7054000,0.0,1.0,UNH
2012-12-11,44.96,45.56,44.81,45.38,45.38,4970400,0.0,1.0,UNH
2012-12-10,44.64,45.02,44.53,44.91,44.91,4113500,0.0,1.0,UNH
2012-12-07,44.58,44.67,44.24,44.64,44.64,4206200,0.2125,1.0,UNH
2012-12-06,44.49,44.49,43.98,44.28,44.28,3771900,0.0,1.0,UNH
2012-12-05,44.35,44.76,44.25,44.44,44.44,4495100,0.0,1.0,UNH
2012-12-04,44.54,44.77,44.18,44.19,44.19,5948900,0.0,1.0,UNH
2012-12-03,45.04,45.36,44.43,44.48,44.48,3861300,0.0,1.0,UNH
2012-11-30,44.72,45.3,44.63,44.89,44.89,7818600,0.0,1.0,UNH
2012-11-29,43.96,45.06,43.75,44.87,44.87,10911600,0.0,1.0,UNH
2012-11-28,43.14,43.94,43.12,43.54,43.54,5744200,0.0,1.0,UNH
2012-11-27,43.85,44.43,43.38,43.41,43.41,7859400,0.0,1.0,UNH
2012-11-26,43.74,44.25,43.55,44.18,44.18,5692900,0.0,1.0,UNH
2012-11-23,44.3,44.52,44.16,44.51,44.51,1709300,0.0,1.0,UNH
2012-11-21,43.91,44.33,43.6,44.18,44.18,5097000,0.0,1.0,UNH
2012-11-20,43.68,43.9,43.47,43.86,43.86,4737800,0.0,1.0,UNH
2012-11-19,43.11,43.67,42.8,43.67,43.67,5868900,0.0,1.0,UNH
2012-11-16,42.3,43.08,42.21,42.84,42.84,6388000,0.0,1.0,UNH
2012-11-15,42.32,42.69,42.17,42.3,42.3,6668600,0.0,1.0,UNH
2012-11-14,43.24,43.28,42.17,42.3,42.3,5792500,0.0,1.0,UNH
2012-11-13,42.95,43.73,42.92,43.08,43.08,5669900,0.0,1.0,UNH
2012-11-12,43.78,44.17,42.96,43.09,43.09,5944000,0.0,1.0,UNH
2012-11-09,44.04,44.57,43.45,43.66,43.66,8585800,0.0,1.0,UNH
2012-11-08,44.86,45.38,44.09,44.11,44.11,8846100,0.0,1.0,UNH
2012-11-07,45.71,45.73,44.07,44.79,44.79,13812600,0.0,1.0,UNH
2012-11-06,45.63,46.63,45.11,46.55,46.55,4880800,0.0,1.0,UNH
2012-11-05,46.44,46.55,45.26,45.63,45.63,6149600,0.0,1.0,UNH
2012-11-02,47.07,47.25,46.22,46.26,46.26,4948200,0.0,1.0,UNH
2012-11-01,46.11,47.12,46.11,47.01,47.01,4833700,0.0,1.0,UNH
2012-10-31,46.34,46.36,45.82,46.22,46.22,4157700,0.0,1.0,UNH
2012-10-26,46.34,46.44,45.68,46.04,46.04,3346700,0.0,1.0,UNH
2012-10-25,46.17,46.82,46.06,46.4,46.4,4701900,0.0,1.0,UNH
2012-10-24,46.59,46.78,46.03,46.16,46.16,4545000,0.0,1.0,UNH
2012-10-23,46.29,46.49,45.69,46.37,46.37,5557400,0.0,1.0,UNH
2012-10-22,45.83,46.74,45.77,46.67,46.67,5723600,0.0,1.0,UNH
2012-10-19,46.23,46.3,45.71,45.94,45.94,5704800,0.0,1.0,UNH
2012-10-18,46.06,46.58,46.03,46.23,46.23,5384500,0.0,1.0,UNH
2012-10-17,47.53,47.63,45.93,46.22,46.22,6255200,0.0,1.0,UNH
2012-10-16,47.21,47.75,46.44,46.95,46.95,7531600,0.0,1.0,UNH
2012-10-15,47.16,47.7,46.98,47.45,47.45,4193300,0.0,1.0,UNH
2012-10-12,47.67,47.67,46.98,47.11,47.11,4283900,0.0,1.0,UNH
2012-10-11,47.49,48.02,47.32,47.59,47.59,5035900,0.0,1.0,UNH
2012-10-10,47.4,47.68,46.99,47.14,47.14,4141500,0.0,1.0,UNH
2012-10-09,47.54,47.74,47.13,47.44,47.44,5093300,0.0,1.0,UNH
2012-10-08,47.54,48.11,47.31,47.54,47.54,6050700,0.0,1.0,UNH
2012-10-05,47.96,48.0,46.92,47.16,47.16,6078300,0.0,1.0,UNH
2012-10-04,47.17,48.0,47.06,47.85,47.85,6897300,0.0,1.0,UNH
2012-10-03,47.03,47.17,46.74,46.93,46.93,4662900,0.0,1.0,UNH
2012-10-02,46.6,46.96,46.48,46.88,46.88,3828700,0.0,1.0,UNH
2012-10-01,45.99,46.69,45.83,46.6,46.6,4424400,0.0,1.0,UNH
2012-09-28,46.18,46.21,45.55,45.74,45.74,5838100,0.0,1.0,UNH
2012-09-27,46.46,46.59,45.98,46.42,46.42,4245400,0.0,1.0,UNH
2012-09-26,46.5,46.84,46.02,46.04,46.04,5562000,0.0,1.0,UNH
2012-09-25,46.41,46.64,46.09,46.39,46.39,6343300,0.0,1.0,UNH
2012-09-24,46.29,46.75,46.1,46.21,46.21,6443800,0.0,1.0,UNH
2012-09-21,45.47,46.41,45.32,46.37,46.37,26628600,0.0,1.0,UNH
2012-09-20,45.14,45.37,44.91,45.35,45.35,5776100,0.0,1.0,UNH
2012-09-19,45.45,45.66,45.18,45.36,45.36,6195400,0.0,1.0,UNH
2012-09-18,44.85,45.75,44.82,45.51,45.51,6600300,0.0,1.0,UNH
2012-09-17,45.06,45.1,44.58,44.97,44.97,5481600,0.0,1.0,UNH
2012-09-14,45.15,45.62,44.38,44.78,44.78,15735800,0.0,1.0,UNH
2012-09-13,43.45,44.55,43.4,44.48,44.48,6316500,0.0,1.0,UNH
2012-09-12,43.48,44.01,43.48,43.6,43.6,4834000,0.2125,1.0,UNH
2012-09-11,44.16,44.33,43.32,43.41,43.41,6575400,0.0,1.0,UNH
2012-09-10,45.22,45.22,44.02,44.18,44.18,5447700,0.0,1.0,UNH
2012-09-07,45.19,45.43,44.97,45.12,45.12,3732700,0.0,1.0,UNH
2012-09-06,44.85,45.21,44.81,45.13,45.13,3741600,0.0,1.0,UNH
2012-09-05,45.0,45.16,44.54,44.62,44.62,4166100,0.0,1.0,UNH
2012-09-04,44.72,44.95,44.39,44.85,44.85,4233900,0.0,1.0,UNH
2012-08-31,45.08,45.24,44.57,44.64,44.64,5070900,0.0,1.0,UNH
2012-08-30,44.77,45.15,44.62,44.96,44.96,5188200,0.0,1.0,UNH
2012-08-29,44.83,45.19,44.69,44.92,44.92,4611900,0.0,1.0,UNH
2012-08-28,44.72,45.05,44.57,44.67,44.67,4611700,0.0,1.0,UNH
2012-08-27,44.49,45.21,44.3,44.9,44.9,4773600,0.0,1.0,UNH
2012-08-24,44.29,44.67,44.24,44.53,44.53,4143200,0.0,1.0,UNH
2012-08-23,44.39,44.68,44.2,44.33,44.33,4450300,0.0,1.0,UNH
2012-08-22,43.93,44.48,43.86,44.37,44.37,5367100,0.0,1.0,UNH
2012-08-21,43.93,44.31,43.78,43.92,43.92,5323300,0.0,1.0,UNH
2012-08-20,43.55,44.08,43.37,43.74,43.74,4930500,0.0,1.0,UNH
2012-08-17,44.1,44.1,43.47,43.68,43.68,4653600,0.0,1.0,UNH
2012-08-16,43.44,44.01,43.39,43.89,43.89,5598900,0.0,1.0,UNH
2012-08-15,42.67,43.5,42.59,43.42,43.42,4647300,0.0,1.0,UNH
2012-08-14,42.91,42.97,42.59,42.73,42.73,3460200,0.0,1.0,UNH
2012-08-13,42.45,42.75,42.26,42.67,42.67,4259900,0.0,1.0,UNH
2012-08-10,42.62,42.84,42.5,42.67,42.67,5381700,0.0,1.0,UNH
2012-08-09,43.22,43.4,42.5,42.77,42.77,4890700,0.0,1.0,UNH
2012-08-08,43.0,43.49,42.68,43.35,43.35,5718000,0.0,1.0,UNH
2012-08-07,42.24,43.39,42.1,43.19,43.19,6590800,0.0,1.0,UNH
2012-08-06,42.63,42.82,41.9,41.93,41.93,4982600,0.0,1.0,UNH
2012-08-03,42.24,42.96,41.62,42.43,42.43,6408000,0.0,1.0,UNH
2012-08-02,41.72,42.55,41.37,42.01,42.01,7320500,0.0,1.0,UNH
2012-08-01,42.1,42.68,41.72,42.1,42.1,7617600,0.0,1.0,UNH
2012-07-31,43.36,43.73,41.99,42.0,42.0,9879500,0.0,1.0,UNH
2012-07-30,43.84,44.16,43.48,43.79,43.79,4405400,0.0,1.0,UNH
2012-07-27,42.59,43.99,42.5,43.85,43.85,8569900,0.0,1.0,UNH
2012-07-26,43.67,43.86,41.84,42.76,42.76,10510600,0.0,1.0,UNH
2012-07-25,42.34,43.54,41.94,43.14,43.14,19603900,0.0,1.0,UNH
2012-07-24,44.92,45.3,44.65,45.13,45.13,7561100,0.0,1.0,UNH
2012-07-23,44.7,45.27,44.37,44.81,44.81,6037000,0.0,1.0,UNH
2012-07-20,45.11,45.9,45.1,45.55,45.55,8367300,0.0,1.0,UNH
2012-07-19,47.18,47.35,44.09,45.21,45.21,16696600,0.0,1.0,UNH
2012-07-18,45.66,46.43,45.11,46.33,46.33,5090200,0.0,1.0,UNH
2012-07-17,45.39,46.2,45.13,45.96,45.96,6180000,0.0,1.0,UNH
2012-07-16,45.36,45.45,44.99,45.35,45.35,3170100,0.0,1.0,UNH
2012-07-13,44.9,45.67,44.86,45.38,45.38,5053000,0.0,1.0,UNH
2012-07-12,45.94,45.96,44.76,44.86,44.86,6079200,0.0,1.0,UNH
2012-07-11,45.85,46.28,45.79,46.07,46.07,5316400,0.0,1.0,UNH
2012-07-10,46.26,46.4,45.41,45.79,45.79,5662700,0.0,1.0,UNH
2012-07-09,46.28,46.58,45.65,46.11,46.11,4241500,0.0,1.0,UNH
2012-07-06,45.45,45.99,45.34,45.89,45.89,4458600,0.0,1.0,UNH
2012-07-05,45.12,46.17,45.1,45.88,45.88,6937800,0.0,1.0,UNH
2012-07-03,46.36,46.64,45.01,45.12,45.12,8460200,0.0,1.0,UNH
2012-07-02,48.41,48.76,46.01,46.25,46.25,12997500,0.0,1.0,UNH
2012-06-29,49.61,49.82,47.58,48.09,48.09,11121700,0.0,1.0,UNH
2012-06-28,48.4,49.74,45.5,49.0,49.0,25319900,0.0,1.0,UNH
2012-06-27,48.92,49.82,48.36,48.74,48.74,7088700,0.0,1.0,UNH
2012-06-26,47.4,48.64,47.05,48.34,48.34,7458200,0.0,1.0,UNH
2012-06-25,48.17,48.59,47.39,47.43,47.43,6884400,0.0,1.0,UNH
2012-06-22,48.09,48.94,48.02,48.56,48.56,7494300,0.0,1.0,UNH
2012-06-21,49.19,49.36,47.9,47.96,47.96,5320500,0.0,1.0,UNH
2012-06-20,49.29,49.52,48.75,49.0,49.0,4344500,0.0,1.0,UNH
2012-06-19,48.98,49.94,48.81,49.54,49.54,8602400,0.0,1.0,UNH
2012-06-18,48.33,48.89,47.83,48.85,48.85,9718000,0.0,1.0,UNH
2012-06-15,49.07,49.2,48.1,48.42,48.42,9021000,0.0,1.0,UNH
2012-06-14,47.82,48.82,47.59,48.71,48.71,6649800,0.0,1.0,UNH
2012-06-13,47.45,48.12,47.33,47.69,47.69,6373600,0.2125,1.0,UNH
2012-06-12,47.07,47.61,46.69,47.38,47.38,6023900,0.0,1.0,UNH
2012-06-11,47.69,47.82,47.02,47.07,47.07,6236300,0.0,1.0,UNH
2012-06-08,46.56,47.83,46.56,47.51,47.51,6406900,0.0,1.0,UNH
2012-06-07,47.34,47.83,47.02,47.06,47.06,7249100,0.0,1.0,UNH
2012-06-06,46.37,47.26,46.28,47.26,47.26,6776600,0.0,1.0,UNH
2012-06-05,44.92,46.03,44.83,45.9,45.9,6112200,0.0,1.0,UNH
2012-06-04,44.86,45.34,44.8,44.98,44.98,5508000,0.0,1.0,UNH
2012-06-01,45.23,45.78,45.0,45.08,45.08,5703900,0.0,1.0,UNH
2012-05-31,46.04,46.14,45.43,45.68,45.68,6343300,0.0,1.0,UNH
2012-05-30,45.87,46.26,45.69,46.01,46.01,4398100,0.0,1.0,UNH
2012-05-29,45.94,46.08,45.46,45.99,45.99,5005900,0.0,1.0,UNH
2012-05-25,46.01,46.33,45.76,45.97,45.97,4306500,0.0,1.0,UNH
2012-05-24,45.08,46.48,45.06,46.05,46.05,7192400,0.0,1.0,UNH
2012-05-23,45.42,45.77,44.81,45.35,45.35,4671800,0.0,1.0,UNH
2012-05-22,45.67,46.39,45.46,45.64,45.64,5832200,0.0,1.0,UNH
2012-05-21,44.31,45.54,44.3,45.5,45.5,4825900,0.0,1.0,UNH
2012-05-18,44.96,45.33,44.05,44.22,44.22,6420400,0.0,1.0,UNH
2012-05-17,45.11,45.43,44.83,44.95,44.95,5465300,0.0,1.0,UNH
2012-05-16,45.08,45.29,44.92,44.97,44.97,4036200,0.0,1.0,UNH
2012-05-15,45.07,45.62,44.85,45.0,45.0,5514500,0.0,1.0,UNH
2012-05-14,44.9,45.52,44.7,45.18,45.18,4634300,0.0,1.0,UNH
2012-05-11,45.22,45.58,45.07,45.22,45.22,3937800,0.0,1.0,UNH
2012-05-10,45.51,45.75,45.08,45.29,45.29,4030800,0.0,1.0,UNH
2012-05-09,45.35,45.84,44.93,45.23,45.23,6635800,0.0,1.0,UNH
2012-05-08,45.25,45.85,44.98,45.72,45.72,4702900,0.0,1.0,UNH
2012-05-07,44.52,45.4,44.45,45.26,45.26,4076600,0.0,1.0,UNH
2012-05-04,45.58,45.65,44.77,44.82,44.82,5787500,0.0,1.0,UNH
2012-05-03,46.3,46.3,45.37,45.64,45.64,7296800,0.0,1.0,UNH
2012-05-02,46.5,47.03,46.34,46.41,46.41,5175400,0.0,1.0,UNH
2012-05-01,46.09,47.01,45.99,46.8,46.8,4887100,0.0,1.0,UNH
2012-04-30,46.65,47.08,45.44,45.99,45.99,9874300,0.0,1.0,UNH
2012-04-27,48.01,48.11,47.17,47.43,47.43,7509600,0.0,1.0,UNH
2012-04-26,46.64,48.06,46.26,47.81,47.81,9384700,0.0,1.0,UNH
2012-04-25,48.16,48.74,48.06,48.22,48.22,6091300,0.0,1.0,UNH
2012-04-24,48.34,48.49,47.89,48.1,48.1,5030600,0.0,1.0,UNH
2012-04-23,48.36,48.6,48.25,48.48,48.48,4471400,0.0,1.0,UNH
2012-04-20,48.46,48.91,48.27,48.75,48.75,8378800,0.0,1.0,UNH
2012-04-19,46.92,48.61,46.68,48.09,48.09,10754500,0.0,1.0,UNH
2012-04-18,47.26,47.26,46.78,46.95,46.95,6551300,0.0,1.0,UNH
2012-04-17,47.19,47.84,46.94,47.59,47.59,5896300,0.0,1.0,UNH
2012-04-16,47.8,47.8,46.98,46.98,46.98,6628000,0.0,1.0,UNH
2012-04-13,47.83,47.96,47.3,47.55,47.55,5655400,0.0,1.0,UNH
2012-04-12,47.53,48.02,47.28,47.89,47.89,4303200,0.0,1.0,UNH
2012-04-11,47.57,47.95,47.39,47.53,47.53,6496000,0.0,1.0,UNH
2012-04-10,47.48,47.78,46.87,47.15,47.15,5841700,0.0,1.0,UNH
2012-04-09,47.93,48.22,47.52,47.62,47.62,4755600,0.0,1.0,UNH
2012-04-05,48.18,48.48,48.0,48.34,48.34,4826800,0.0,1.0,UNH
2012-04-04,48.46,48.56,48.06,48.38,48.38,4791300,0.0,1.0,UNH
2012-04-03,48.34,48.82,48.1,48.66,48.66,7948100,0.0,1.0,UNH
2012-04-02,48.28,48.55,47.6,48.43,48.43,9105900,0.0,1.0,UNH
2012-03-30,47.48,48.68,47.3,48.28,48.28,10802600,0.0,1.0,UNH
2012-03-29,45.05,47.77,45.03,47.6,47.6,17258500,0.0,1.0,UNH
2012-03-28,45.37,45.84,44.95,45.41,45.41,5435300,0.0,1.0,UNH
2012-03-27,45.26,45.52,44.38,45.4,45.4,7455900,0.0,1.0,UNH
2012-03-26,44.14,45.13,44.12,45.13,45.13,5098400,0.0,1.0,UNH
2012-03-23,44.13,44.22,43.84,43.95,43.95,6471200,0.0,1.0,UNH
2012-03-22,43.92,44.4,43.74,44.13,44.13,7550900,0.0,1.0,UNH
2012-03-21,45.04,45.04,44.2,44.21,44.21,6252500,0.0,1.0,UNH
2012-03-20,45.81,45.89,44.83,44.87,44.87,5378100,0.0,1.0,UNH
2012-03-19,46.12,46.15,45.71,45.98,45.98,5347700,0.0,1.0,UNH
2012-03-16,45.53,45.72,45.38,45.53,45.53,8510100,0.0,1.0,UNH
2012-03-15,45.79,46.08,45.49,45.63,45.63,4598700,0.0,1.0,UNH
2012-03-14,45.18,45.76,45.08,45.69,45.69,6684000,0.0,1.0,UNH
2012-03-13,45.15,45.36,44.8,45.32,45.32,6497400,0.0,1.0,UNH
2012-03-12,45.71,45.77,45.01,45.07,45.07,4567000,0.0,1.0,UNH
2012-03-09,45.67,45.96,45.46,45.69,45.69,4743200,0.0,1.0,UNH
2012-03-08,44.94,45.9,44.9,45.55,45.55,4883600,0.0,1.0,UNH
2012-03-07,44.53,44.83,44.43,44.55,44.55,4474900,0.0,1.0,UNH
2012-03-06,44.81,45.39,44.33,44.61,44.61,4445700,0.0,1.0,UNH
2012-03-05,45.58,45.93,45.08,45.08,45.08,4739900,0.0,1.0,UNH
2012-03-02,45.84,45.91,45.35,45.74,45.74,4408900,0.0,1.0,UNH
2012-03-01,45.67,45.95,45.53,45.86,45.86,4258200,0.1625,1.0,UNH
2012-02-29,45.73,45.82,45.38,45.53,45.53,5582600,0.0,1.0,UNH
2012-02-28,45.44,45.7,45.13,45.61,45.61,4538200,0.0,1.0,UNH
2012-02-27,45.2,45.87,45.14,45.52,45.52,5355900,0.0,1.0,UNH
2012-02-24,45.01,45.53,44.92,45.45,45.45,5004500,0.0,1.0,UNH
2012-02-23,45.04,45.21,44.64,44.87,44.87,7195800,0.0,1.0,UNH
2012-02-22,44.97,45.44,44.66,45.07,45.07,6760100,0.0,1.0,UNH
2012-02-21,44.91,45.35,44.82,45.18,45.18,7502200,0.0,1.0,UNH
2012-02-17,44.77,44.8,44.55,44.66,44.66,6387400,0.0,1.0,UNH
2012-02-16,44.61,44.83,44.32,44.75,44.75,6907700,0.0,1.0,UNH
2012-02-15,44.54,44.79,44.28,44.61,44.61,7009300,0.0,1.0,UNH
2012-02-14,44.02,44.5,43.75,44.48,44.48,5982000,0.0,1.0,UNH
2012-02-13,43.7,44.3,43.6,43.98,43.98,5703700,0.0,1.0,UNH
2012-02-10,42.94,43.7,42.72,43.55,43.55,6574700,0.0,1.0,UNH
2012-02-09,42.64,43.72,42.63,43.34,43.34,9613500,0.0,1.0,UNH
2012-02-08,42.47,42.77,42.18,42.59,42.59,6022000,0.0,1.0,UNH
2012-02-07,41.73,42.58,41.58,42.5,42.5,5243300,0.0,1.0,UNH
2012-02-06,41.64,41.98,41.39,41.89,41.89,8577100,0.0,1.0,UNH
2012-02-03,43.08,43.1,41.45,41.91,41.91,9676900,0.0,1.0,UNH
2012-02-02,43.49,43.49,42.48,42.91,42.91,5319200,0.0,1.0,UNH
2012-02-01,42.6,43.79,42.57,43.5,43.5,7480600,0.0,1.0,UNH
2012-01-31,41.98,43.19,41.96,42.3,42.3,8843000,0.0,1.0,UNH
2012-01-30,41.51,41.79,40.89,41.71,41.71,4852400,0.0,1.0,UNH
2012-01-27,41.11,41.85,41.1,41.67,41.67,7027300,0.0,1.0,UNH
2012-01-26,42.15,42.24,40.76,41.12,41.12,13576200,0.0,1.0,UNH
2012-01-25,41.35,42.18,40.69,42.12,42.12,13121500,0.0,1.0,UNH
2012-01-24,42.69,42.9,41.84,41.92,41.92,10397800,0.0,1.0,UNH
2012-01-23,42.63,43.33,42.44,42.82,42.82,7535900,0.0,1.0,UNH
2012-01-20,42.75,42.89,42.15,42.69,42.69,8873800,0.0,1.0,UNH
2012-01-19,42.72,43.3,42.0,42.73,42.73,18656600,0.0,1.0,UNH
2012-01-18,43.57,44.25,43.23,44.06,44.06,8389800,0.0,1.0,UNH
2012-01-17,43.33,43.81,43.18,43.75,43.75,6495700,0.0,1.0,UNH
2012-01-13,43.03,43.12,42.41,43.04,43.04,4995700,0.0,1.0,UNH
2012-01-12,43.47,43.48,42.9,43.18,43.18,4550300,0.0,1.0,UNH
2012-01-11,42.87,43.39,42.52,43.3,43.3,4281600,0.0,1.0,UNH
2012-01-10,43.25,43.32,42.77,42.98,42.98,7063200,0.0,1.0,UNH
2012-01-09,42.99,43.26,42.85,43.06,43.06,5079300,0.0,1.0,UNH
2012-01-06,43.08,43.63,42.86,43.11,43.11,5321700,0.0,1.0,UNH
2012-01-05,42.38,43.07,42.31,42.95,42.95,6330100,0.0,1.0,UNH
2012-01-04,41.87,42.67,41.86,42.67,42.67,5406400,0.0,1.0,UNH
2012-01-03,41.85,42.23,41.74,42.05,42.05,6021000,0.0,1.0,UNH
2011-12-30,41.7,41.8,41.39,41.39,41.39,2205400,0.0,1.0,UNH
2011-12-29,41.6,42.12,41.56,41.8,41.8,3774000,0.0,1.0,UNH
2011-12-28,41.94,42.06,41.38,41.42,41.42,2959600,0.0,1.0,UNH
2011-12-27,41.94,42.23,41.73,41.94,41.94,2999300,0.0,1.0,UNH
2011-12-23,41.61,42.06,41.4,41.94,41.94,3898000,0.0,1.0,UNH
2011-12-22,40.75,41.6,40.71,41.43,41.43,4627100,0.0,1.0,UNH
2011-12-21,40.7,40.84,40.47,40.83,40.83,6695000,0.0,1.0,UNH
2011-12-20,40.36,40.79,40.31,40.69,40.69,6053300,0.0,1.0,UNH
2011-12-19,39.96,40.48,39.89,40.0,40.0,5877400,0.0,1.0,UNH
2011-12-16,40.04,40.43,39.78,40.02,40.02,10214200,0.0,1.0,UNH
2011-12-15,39.11,39.86,39.11,39.63,39.63,9354200,0.0,1.0,UNH
2011-12-14,39.09,39.45,38.9,39.01,39.01,7513500,0.0,1.0,UNH
2011-12-13,39.56,40.27,38.96,39.15,39.15,5267700,0.0,1.0,UNH
2011-12-12,39.78,40.02,39.16,39.37,39.37,4947700,0.0,1.0,UNH
2011-12-09,39.38,40.09,39.3,39.95,39.95,5713500,0.0,1.0,UNH
2011-12-08,40.21,40.47,39.19,39.33,39.33,8641800,0.0,1.0,UNH
2011-12-07,39.2,40.59,39.06,40.3,40.3,10200500,0.0,1.0,UNH
2011-12-06,39.5,39.76,39.27,39.44,39.44,8306100,0.0,1.0,UNH
2011-12-05,39.89,40.43,39.13,39.42,39.42,8135400,0.1625,1.0,UNH
2011-12-02,39.47,39.89,39.1,39.26,39.26,7639100,0.0,1.0,UNH
2011-12-01,39.55,39.94,39.4,39.5,39.5,7021500,0.0,1.0,UNH
2011-11-30,38.55,39.79,38.25,39.7,39.7,11702500,0.0,1.0,UNH
2011-11-29,36.88,37.6,36.7,37.35,37.35,6457300,0.0,1.0,UNH
2011-11-28,36.19,37.03,36.13,36.65,36.65,8826400,0.0,1.0,UNH
2011-11-25,35.45,36.0,35.38,35.55,35.55,2985100,0.0,1.0,UNH
2011-11-23,35.78,35.9,35.34,35.46,35.46,5515800,0.0,1.0,UNH
2011-11-22,36.08,36.62,35.8,36.16,36.16,4758800,0.0,1.0,UNH
2011-11-21,35.6,36.43,35.6,36.17,36.17,6656300,0.0,1.0,UNH
2011-11-18,36.31,36.42,35.93,36.26,36.26,5972300,0.0,1.0,UNH
2011-11-17,36.62,36.85,35.86,36.24,36.24,8147900,0.0,1.0,UNH
2011-11-16,37.44,37.68,36.5,36.56,36.56,8053800,0.0,1.0,UNH
2011-11-15,38.1,38.23,37.57,37.89,37.89,4911600,0.0,1.0,UNH
2011-11-14,38.2,38.51,37.98,38.21,38.21,4734200,0.0,1.0,UNH
2011-11-11,37.95,38.67,37.84,38.36,38.36,5104500,0.0,1.0,UNH
2011-11-10,37.49,37.69,36.99,37.55,37.55,5479700,0.0,1.0,UNH
2011-11-09,36.81,37.53,36.74,37.07,37.07,6423200,0.0,1.0,UNH
2011-11-08,36.87,37.66,36.69,37.57,37.57,7086400,0.0,1.0,UNH
2011-11-07,37.0,37.23,36.47,36.77,36.77,7919000,0.0,1.0,UNH
2011-11-04,37.5,37.53,36.7,37.1,37.1,8010400,0.0,1.0,UNH
2011-11-03,38.1,38.16,37.28,37.59,37.59,6721300,0.0,1.0,UNH
2011-11-02,38.26,38.26,37.5,37.74,37.74,7858100,0.0,1.0,UNH
2011-11-01,38.1,38.34,37.4,37.62,37.62,11125900,0.0,1.0,UNH
2011-10-31,39.38,39.85,39.04,39.06,39.06,6164900,0.0,1.0,UNH
2011-10-28,40.02,40.17,39.23,39.76,39.76,6377300,0.0,1.0,UNH
2011-10-27,40.64,40.7,39.73,40.03,40.03,10025800,0.0,1.0,UNH
2011-10-26,40.24,40.28,39.18,39.69,39.69,10387600,0.0,1.0,UNH
2011-10-25,38.8,40.13,38.8,39.69,39.69,7477100,0.0,1.0,UNH
2011-10-24,39.24,40.08,39.07,39.91,39.91,7146200,0.0,1.0,UNH
2011-10-21,38.61,39.48,38.51,39.01,39.01,9218800,0.0,1.0,UNH
2011-10-20,38.0,38.25,37.4,38.16,38.16,7985300,0.0,1.0,UNH
2011-10-19,36.96,38.6,36.8,37.81,37.81,12250600,0.0,1.0,UNH
2011-10-18,36.01,37.37,34.89,36.91,36.91,23926900,0.0,1.0,UNH
2011-10-17,38.15,38.75,37.82,37.93,37.93,5944600,0.0,1.0,UNH
2011-10-14,38.44,38.54,37.88,38.44,38.44,6074100,0.0,1.0,UNH
2011-10-13,37.46,37.95,37.18,37.88,37.88,5034600,0.0,1.0,UNH
2011-10-12,38.43,38.79,37.75,37.75,37.75,7267400,0.0,1.0,UNH
2011-10-11,37.75,38.11,37.35,37.97,37.97,4639600,0.0,1.0,UNH
2011-10-10,37.05,37.87,37.05,37.87,37.87,4752100,0.0,1.0,UNH
2011-10-07,36.63,37.0,36.18,36.54,36.54,5962900,0.0,1.0,UNH
2011-10-06,36.32,36.75,35.8,36.58,36.58,5804800,0.0,1.0,UNH
2011-10-05,35.44,36.37,34.87,36.18,36.18,8455800,0.0,1.0,UNH
2011-10-04,34.28,34.87,33.63,34.82,34.82,13800000,0.0,1.0,UNH
2011-10-03,37.26,37.62,34.9,34.94,34.94,12717100,0.0,1.0,UNH
2011-09-30,37.51,38.45,37.13,37.54,37.54,10485400,0.0,1.0,UNH
2011-09-29,39.36,39.67,37.27,37.92,37.92,9154500,0.0,1.0,UNH
2011-09-28,40.11,40.31,38.71,38.78,38.78,7338900,0.0,1.0,UNH
2011-09-27,40.38,41.02,39.77,40.25,40.25,8030600,0.0,1.0,UNH
2011-09-26,39.18,39.76,38.73,39.73,39.73,7147400,0.0,1.0,UNH
2011-09-23,38.1,38.97,37.83,38.75,38.75,7130000,0.0,1.0,UNH
2011-09-22,38.05,38.8,37.71,38.33,38.33,10065200,0.0,1.0,UNH
2011-09-21,40.64,41.03,39.06,39.08,39.08,7002700,0.0,1.0,UNH
2011-09-20,40.73,41.71,40.16,40.56,40.56,8440000,0.0,1.0,UNH
2011-09-19,40.42,40.85,40.2,40.66,40.66,8956300,0.0,1.0,UNH
2011-09-16,41.57,41.66,40.16,41.32,41.32,11790300,0.0,1.0,UNH
2011-09-15,39.98,41.3,39.56,41.14,41.14,11325800,0.0,1.0,UNH
2011-09-14,39.32,40.22,38.26,39.63,39.63,10108400,0.0,1.0,UNH
2011-09-13,37.75,39.25,37.7,39.06,39.06,11932000,0.0,1.0,UNH
2011-09-12,36.73,37.71,36.17,37.66,37.66,8216100,0.0,1.0,UNH
2011-09-09,37.93,38.21,36.86,37.05,37.05,9076000,0.0,1.0,UNH
2011-09-08,38.05,39.07,37.97,38.42,38.42,7435200,0.0,1.0,UNH
2011-09-07,37.83,38.62,37.6,38.43,38.43,6823700,0.0,1.0,UNH
2011-09-06,36.32,37.29,35.89,37.21,37.21,6797700,0.0,1.0,UNH
2011-09-02,37.27,38.06,37.19,37.22,37.22,5102800,0.1625,1.0,UNH
2011-09-01,38.59,39.24,38.22,38.27,38.27,6493800,0.0,1.0,UNH
2011-08-31,38.72,39.33,38.13,38.54,38.54,6516400,0.0,1.0,UNH
2011-08-30,37.75,38.62,37.47,38.35,38.35,6002600,0.0,1.0,UNH
2011-08-29,37.51,37.98,37.29,37.93,37.93,4036700,0.0,1.0,UNH
2011-08-26,35.97,37.38,35.29,37.08,37.08,6009900,0.0,1.0,UNH
2011-08-25,37.53,37.64,36.36,36.57,36.57,5878900,0.0,1.0,UNH
2011-08-24,36.2,37.31,36.01,37.24,37.24,6286100,0.0,1.0,UNH
2011-08-23,35.53,36.48,34.98,36.4,36.4,9080100,0.0,1.0,UNH
2011-08-22,35.83,35.93,35.11,35.37,35.37,7162800,0.0,1.0,UNH
2011-08-19,34.99,35.88,34.86,35.14,35.14,8882900,0.0,1.0,UNH
2011-08-18,36.0,36.22,35.19,35.6,35.6,9901300,0.0,1.0,UNH
2011-08-17,37.05,37.48,36.61,36.93,36.93,4924400,0.0,1.0,UNH
2011-08-16,37.13,37.22,36.22,36.91,36.91,10044500,0.0,1.0,UNH
2011-08-15,36.65,37.33,36.48,37.26,37.26,8314700,0.0,1.0,UNH
2011-08-12,35.52,36.77,35.52,36.35,36.35,9500600,0.0,1.0,UNH
2011-08-11,33.7,36.03,33.47,35.63,35.63,13915800,0.0,1.0,UNH
2011-08-10,35.75,35.91,33.8,33.95,33.95,12690300,0.0,1.0,UNH
2011-08-09,34.33,36.34,33.91,36.28,36.28,19959800,0.0,1.0,UNH
2011-08-08,35.12,36.03,33.86,34.01,34.01,16743400,0.0,1.0,UNH
2011-08-05,36.97,37.49,35.89,36.95,36.95,14313700,0.0,1.0,UNH
2011-08-04,37.79,37.89,36.52,36.56,36.56,10154500,0.0,1.0,UNH
2011-08-03,38.11,38.36,37.29,38.27,38.27,8304300,0.0,1.0,UNH
2011-08-02,38.68,39.29,37.93,38.11,38.11,10060500,0.0,1.0,UNH
2011-08-01,40.78,40.85,37.06,38.95,38.95,23228700,0.0,1.0,UNH
2011-07-29,39.83,40.63,39.02,40.26,40.26,10759500,0.0,1.0,UNH
2011-07-28,40.43,41.28,40.39,40.49,40.49,7703600,0.0,1.0,UNH
2011-07-27,41.02,41.32,40.32,40.47,40.47,10581400,0.0,1.0,UNH
2011-07-26,42.09,42.32,41.5,41.58,41.58,5670100,0.0,1.0,UNH
2011-07-25,42.57,42.85,41.77,41.88,41.88,6533500,0.0,1.0,UNH
2011-07-22,42.6,42.88,42.28,42.79,42.79,5717300,0.0,1.0,UNH
2011-07-21,42.11,42.91,41.93,42.3,42.3,7831500,0.0,1.0,UNH
2011-07-20,41.98,42.08,41.34,41.78,41.78,7748900,0.0,1.0,UNH
2011-07-19,41.67,41.98,40.52,41.73,41.73,13946300,0.0,1.0,UNH
2011-07-18,41.85,42.34,41.41,42.14,42.14,7257700,0.0,1.0,UNH
2011-07-15,42.56,42.66,41.92,42.15,42.15,7030500,0.0,1.0,UNH
2011-07-14,42.02,42.63,42.01,42.4,42.4,7167600,0.0,1.0,UNH
2011-07-13,41.81,42.69,41.81,41.96,41.96,4869400,0.0,1.0,UNH
2011-07-12,41.16,42.2,41.15,41.7,41.7,6631700,0.0,1.0,UNH
2011-07-11,41.68,41.81,41.16,41.32,41.32,6037500,0.0,1.0,UNH
2011-07-08,42.18,42.44,41.81,42.24,42.24,6927300,0.0,1.0,UNH
2011-07-07,43.22,43.4,42.15,42.69,42.69,7559100,0.0,1.0,UNH
2011-07-06,42.87,43.17,42.62,43.09,43.09,5319100,0.0,1.0,UNH
2011-07-05,43.05,43.08,42.4,42.87,42.87,4822300,0.0,1.0,UNH
2011-07-01,42.05,43.21,41.82,43.09,43.09,8152700,0.0,1.0,UNH
2011-06-30,41.98,42.21,41.71,41.84,41.84,6394000,0.0,1.0,UNH
2011-06-29,42.02,42.08,41.42,41.81,41.81,5630100,0.0,1.0,UNH
2011-06-28,41.64,42.16,41.38,41.99,41.99,5957100,0.0,1.0,UNH
2011-06-27,40.82,41.57,40.65,41.39,41.39,4544700,0.0,1.0,UNH
2011-06-24,41.57,41.68,40.73,40.93,40.93,7398600,0.0,1.0,UNH
2011-06-23,41.38,41.61,40.59,41.49,41.49,9979800,0.0,1.0,UNH
2011-06-22,42.16,42.7,41.95,42.0,42.0,6999500,0.0,1.0,UNH
2011-06-21,41.86,42.38,41.59,42.36,42.36,9781300,0.0,1.0,UNH
2011-06-20,40.39,41.89,40.27,41.59,41.59,8987600,0.0,1.0,UNH
2011-06-17,40.64,40.87,40.33,40.52,40.52,9675100,0.0,1.0,UNH
2011-06-16,39.96,40.43,39.5,40.28,40.28,9101200,0.0,1.0,UNH
2011-06-15,39.92,40.52,39.69,40.03,40.03,8991300,0.0,1.0,UNH
2011-06-14,40.07,40.56,39.93,40.23,40.23,6986300,0.0,1.0,UNH
2011-06-13,40.25,40.52,39.8,39.83,39.83,6362200,0.0,1.0,UNH
2011-06-10,40.83,40.85,39.87,40.08,40.08,8545400,0.0,1.0,UNH
2011-06-09,39.38,41.05,39.23,41.04,41.04,11530000,0.0,1.0,UNH
2011-06-08,38.92,39.34,38.59,39.1,39.1,6564200,0.0,1.0,UNH
2011-06-07,39.38,39.62,38.91,38.91,38.91,4530900,0.0,1.0,UNH
2011-06-06,39.49,39.59,38.94,39.06,39.06,5187400,0.0,1.0,UNH
2011-06-03,39.42,40.0,39.31,39.62,39.62,7949200,0.1625,1.0,UNH
2011-06-02,39.29,40.01,39.03,39.93,39.93,8258700,0.0,1.0,UNH
2011-06-01,39.37,39.61,39.01,39.09,39.09,6614800,0.0,1.0,UNH
2011-05-31,39.34,39.57,39.09,39.57,39.57,6412000,0.0,1.0,UNH
2011-05-27,38.72,39.06,38.47,39.05,39.05,6039500,0.0,1.0,UNH
2011-05-26,38.54,38.72,37.97,38.56,38.56,11917200,0.0,1.0,UNH
2011-05-25,38.56,39.06,38.47,38.7,38.7,9448100,0.0,1.0,UNH
2011-05-24,39.74,39.76,38.64,38.77,38.77,9573100,0.0,1.0,UNH
2011-05-23,39.97,39.99,39.33,39.74,39.74,6741800,0.0,1.0,UNH
2011-05-20,40.8,41.03,40.2,40.21,40.21,10827500,0.0,1.0,UNH
2011-05-19,41.03,41.05,40.57,40.87,40.87,6101100,0.0,1.0,UNH
2011-05-18,40.31,40.98,40.22,40.91,40.91,7140400,0.0,1.0,UNH
2011-05-17,40.31,40.99,40.18,40.41,40.41,7224900,0.0,1.0,UNH
2011-05-16,40.07,41.01,39.92,40.56,40.56,6018900,0.0,1.0,UNH
2011-05-13,41.16,41.6,40.23,40.38,40.38,11099500,0.0,1.0,UNH
2011-05-12,40.43,40.71,39.67,40.49,40.49,5311300,0.0,1.0,UNH
2011-05-11,40.83,40.91,40.03,40.44,40.44,6196800,0.0,1.0,UNH
2011-05-10,41.0,41.21,40.58,40.83,40.83,5635900,0.0,1.0,UNH
2011-05-09,40.22,41.16,40.22,40.8,40.8,5665200,0.0,1.0,UNH
2011-05-06,40.47,40.62,40.14,40.52,40.52,6295300,0.0,1.0,UNH
2011-05-05,39.97,40.54,39.63,40.08,40.08,7393900,0.0,1.0,UNH
2011-05-04,40.06,40.23,39.58,40.07,40.07,7553000,0.0,1.0,UNH
2011-05-03,40.16,40.43,39.94,40.16,40.16,5879100,0.0,1.0,UNH
2011-05-02,39.94,40.58,39.8,40.32,40.32,9858200,0.0,1.0,UNH
2011-04-29,39.57,39.93,39.35,39.8,39.8,9542700,0.0,1.0,UNH
2011-04-28,38.96,39.69,38.85,39.69,39.69,7913500,0.0,1.0,UNH
2011-04-27,38.42,39.05,37.9,38.97,38.97,10513300,0.0,1.0,UNH
2011-04-26,38.9,39.41,37.94,38.28,38.28,10500000,0.0,1.0,UNH
2011-04-25,38.11,38.92,38.06,38.57,38.57,6650100,0.0,1.0,UNH
2011-04-21,38.88,39.53,38.45,38.65,38.65,18367400,0.0,1.0,UNH
2011-04-20,36.2,36.2,35.72,35.77,35.77,5168100,0.0,1.0,UNH
2011-04-19,35.25,35.55,35.01,35.54,35.54,5731300,0.0,1.0,UNH
2011-04-18,36.0,36.06,35.05,35.21,35.21,6722600,0.0,1.0,UNH
2011-04-15,36.38,36.44,36.03,36.36,36.36,5783300,0.0,1.0,UNH
2011-04-14,35.73,36.36,35.47,36.23,36.23,4719700,0.0,1.0,UNH
2011-04-13,36.28,36.52,35.64,35.84,35.84,4766300,0.0,1.0,UNH
2011-04-12,35.72,36.3,35.6,36.23,36.23,3959100,0.0,1.0,UNH
2011-04-11,35.84,35.97,35.44,35.83,35.83,6048700,0.0,1.0,UNH
2011-04-08,36.07,36.57,35.68,35.88,35.88,4723900,0.0,1.0,UNH
2011-04-07,36.19,36.9,35.91,35.92,35.92,2070040,0.0,1.0,UNH
2011-04-06,36.53,36.59,36.24,36.35,36.35,5158600,0.0,1.0,UNH
2011-04-05,36.27,36.6,36.2,36.45,36.45,4950900,0.0,1.0,UNH
2011-04-04,37.14,37.26,36.8,36.86,36.86,3499900,0.0,1.0,UNH
2011-04-01,36.78,36.98,36.62,36.87,36.87,4511600,0.0,1.0,UNH
2011-03-31,36.9,36.99,36.47,36.54,36.54,5374300,0.0,1.0,UNH
2011-03-30,36.15,36.85,36.04,36.7,36.7,6533900,0.0,1.0,UNH
2011-03-29,35.37,35.96,35.37,35.96,35.96,4202900,0.0,1.0,UNH
2011-03-28,35.5,35.61,35.17,35.47,35.47,3531100,0.0,1.0,UNH
2011-03-25,35.27,35.59,35.25,35.37,35.37,4190300,0.0,1.0,UNH
2011-03-24,34.96,35.52,34.77,35.41,35.41,3917900,0.0,1.0,UNH
2011-03-23,34.47,34.66,34.27,34.56,34.56,3348200,0.0,1.0,UNH
2011-03-22,34.97,35.34,34.49,34.55,34.55,4505300,0.0,1.0,UNH
2011-03-21,34.63,35.11,34.49,34.92,34.92,4592100,0.0,1.0,UNH
2011-03-18,34.25,34.64,34.2,34.44,34.44,7372200,0.0,1.0,UNH
2011-03-17,34.28,34.54,33.88,34.17,34.17,5850600,0.0,1.0,UNH
2011-03-16,34.5,34.51,33.52,33.84,33.84,7141200,0.0,1.0,UNH
2011-03-15,34.23,34.83,34.08,34.59,34.59,4397900,0.0,1.0,UNH
2011-03-14,35.01,35.11,34.64,34.89,34.89,4516400,0.0,1.0,UNH
2011-03-11,35.47,35.62,34.97,35.24,35.24,4774800,0.0,1.0,UNH
2011-03-10,35.81,35.81,35.25,35.4,35.4,5117600,0.0,1.0,UNH
2011-03-09,35.5,35.98,35.19,35.97,35.97,4553400,0.0,1.0,UNH
2011-03-08,35.25,35.65,34.86,35.43,35.43,4696700,0.0,1.0,UNH
2011-03-07,35.95,36.19,35.01,35.22,35.22,6084100,0.0,1.0,UNH
2011-03-04,36.09,36.27,35.47,35.93,35.93,5622100,0.0,1.0,UNH
2011-03-03,35.79,36.29,35.36,36.21,36.21,8739600,0.125,1.0,UNH
2011-03-02,34.3,35.3,34.22,35.12,35.12,7233800,0.0,1.0,UNH
2011-03-01,34.31,34.63,34.17,34.22,34.22,5547400,0.0,1.0,UNH
2011-02-28,34.4,34.62,34.14,34.33,34.33,6644900,0.0,1.0,UNH
2011-02-25,34.54,34.68,34.19,34.28,34.28,5498700,0.0,1.0,UNH
2011-02-24,34.53,34.95,34.17,34.46,34.46,6313200,0.0,1.0,UNH
2011-02-23,34.33,35.22,34.31,34.59,34.59,7102200,0.0,1.0,UNH
2011-02-22,35.36,35.74,34.45,34.63,34.63,10738900,0.0,1.0,UNH
2011-02-18,34.42,34.91,34.31,34.54,34.54,6034900,0.0,1.0,UNH
2011-02-17,34.13,34.46,33.98,34.34,34.34,4823300,0.0,1.0,UNH
2011-02-16,34.02,34.31,33.85,34.26,34.26,4993700,0.0,1.0,UNH
2011-02-15,33.95,34.23,33.77,33.88,33.88,4392700,0.0,1.0,UNH
2011-02-14,34.05,34.27,33.55,34.23,34.23,3752200,0.0,1.0,UNH
2011-02-11,33.99,34.54,33.89,34.17,34.17,5051100,0.0,1.0,UNH
2011-02-10,34.09,34.33,33.88,34.21,34.21,5457200,0.0,1.0,UNH
2011-02-09,33.84,34.23,33.72,33.92,33.92,5232500,0.0,1.0,UNH
2011-02-08,33.47,34.3,33.37,33.84,33.84,5618500,0.0,1.0,UNH
2011-02-07,33.97,34.07,33.51,33.71,33.71,7114100,0.0,1.0,UNH
2011-02-04,34.79,35.39,33.89,34.25,34.25,8338500,0.0,1.0,UNH
2011-02-03,33.68,35.54,32.97,34.7,34.7,14831200,0.0,1.0,UNH
2011-02-02,33.65,34.07,33.59,33.82,33.82,4285800,0.0,1.0,UNH
2011-02-01,33.34,34.0,33.29,33.92,33.92,9074600,0.0,1.0,UNH
2011-01-31,33.07,33.31,32.82,33.09,33.09,7320400,0.0,1.0,UNH
2011-01-28,34.11,34.21,32.94,33.0,33.0,7767400,0.0,1.0,UNH
2011-01-27,33.01,34.2,32.6,34.09,34.09,13558000,0.0,1.0,UNH
2011-01-26,32.72,33.16,32.34,32.45,32.45,8937900,0.0,1.0,UNH
2011-01-25,32.0,33.05,31.97,32.75,32.75,10000100,0.0,1.0,UNH
2011-01-24,32.58,32.65,32.01,32.09,32.09,7604100,0.0,1.0,UNH
2011-01-21,32.71,32.72,32.35,32.58,32.58,7384200,0.0,1.0,UNH
2011-01-20,32.25,32.65,31.74,32.5,32.5,11293100,0.0,1.0,UNH
2011-01-19,32.95,33.07,32.34,32.7,32.7,9424600,0.0,1.0,UNH
2011-01-18,32.88,33.05,32.63,32.96,32.96,6738900,0.0,1.0,UNH
2011-01-14,31.83,32.97,31.77,32.87,32.87,10560400,0.0,1.0,UNH
2011-01-13,31.66,31.92,31.38,31.92,31.92,8618200,0.0,1.0,UNH
2011-01-12,31.63,31.71,31.29,31.33,31.33,5872400,0.0,1.0,UNH
2011-01-11,31.06,31.52,30.91,31.51,31.51,5569100,0.0,1.0,UNH
2011-01-10,31.07,31.16,30.64,31.0,31.0,5725300,0.0,1.0,UNH
2011-01-07,30.94,31.07,30.68,31.0,31.0,6437700,0.0,1.0,UNH
2011-01-06,30.6,30.96,30.43,30.93,30.93,7157300,0.0,1.0,UNH
2011-01-05,30.23,30.48,30.06,30.3,30.3,7528100,0.0,1.0,UNH
2011-01-04,29.85,30.23,29.69,30.21,30.21,6724300,0.0,1.0,UNH
2011-01-03,29.33,29.97,29.32,29.93,29.93,8212400,0.0,1.0,UNH
2010-12-31,29.05,29.19,28.85,29.11,29.11,2828000,0.0,1.0,UNH
2010-12-30,28.95,29.05,28.79,28.97,28.97,2865500,0.0,1.0,UNH
2010-12-29,28.89,29.05,28.76,28.95,28.95,3593700,0.0,1.0,UNH
2010-12-28,28.63,28.83,28.52,28.8,28.8,3082900,0.0,1.0,UNH
2010-12-27,28.62,28.79,28.58,28.65,28.65,2810600,0.0,1.0,UNH
2010-12-23,28.88,29.1,28.72,28.84,28.84,3808500,0.0,1.0,UNH
2010-12-22,28.55,28.92,28.44,28.89,28.89,5115000,0.0,1.0,UNH
2010-12-21,28.31,28.87,28.26,28.48,28.48,6873900,0.0,1.0,UNH
2010-12-20,28.45,28.48,28.2,28.36,28.36,6407700,0.0,1.0,UNH
2010-12-17,28.7,28.71,28.19,28.26,28.26,18279900,0.0,1.0,UNH
2010-12-16,28.58,28.83,28.17,28.71,28.71,10177800,0.0,1.0,UNH
2010-12-15,29.24,29.3,28.31,28.58,28.58,13520200,0.0,1.0,UNH
2010-12-14,29.5,29.89,29.3,29.43,29.43,8351800,0.0,1.0,UNH
2010-12-13,29.64,30.52,29.52,29.75,29.75,11122300,0.0,1.0,UNH
2010-12-10,29.66,29.71,29.37,29.56,29.56,7979300,0.0,1.0,UNH
2010-12-09,30.0,30.0,29.37,29.55,29.55,8309700,0.0,1.0,UNH
2010-12-08,29.76,29.84,29.57,29.7,29.7,5753700,0.0,1.0,UNH
2010-12-07,30.21,30.33,29.61,29.64,29.64,8523900,0.0,1.0,UNH
2010-12-06,30.37,30.54,30.02,30.06,30.06,5179900,0.0,1.0,UNH
2010-12-03,30.4,30.62,30.14,30.49,30.49,5383200,0.125,1.0,UNH
2010-12-02,30.28,30.58,30.24,30.57,30.57,8600200,0.0,1.0,UNH
2010-12-01,29.84,30.45,29.84,30.27,30.27,11012000,0.0,1.0,UNH
2010-11-30,29.18,29.71,28.96,29.34,29.34,12039400,0.0,1.0,UNH
2010-11-29,28.56,29.47,28.16,29.4,29.4,10899000,0.0,1.0,UNH
2010-11-26,28.73,29.14,28.72,28.83,28.83,2972200,0.0,1.0,UNH
2010-11-24,29.42,29.53,28.94,29.07,29.07,6306100,0.0,1.0,UNH
2010-11-23,29.05,29.2,28.75,28.97,28.97,6577900,0.0,1.0,UNH
2010-11-22,29.98,30.07,28.58,29.3,29.3,14972500,0.0,1.0,UNH
2010-11-19,28.56,29.32,28.4,28.93,28.93,14341600,0.0,1.0,UNH
2010-11-18,27.79,28.89,27.72,28.63,28.63,9207900,0.0,1.0,UNH
2010-11-17,28.2,28.4,27.79,28.39,28.39,9578000,0.0,1.0,UNH
2010-11-16,28.35,28.43,27.97,28.13,28.13,10840800,0.0,1.0,UNH
2010-11-15,29.18,29.23,28.48,28.5,28.5,9124200,0.0,1.0,UNH
2010-11-12,29.9,30.0,29.11,29.47,29.47,7373900,0.0,1.0,UNH
2010-11-11,29.71,30.13,29.52,30.11,30.11,5396400,0.0,1.0,UNH
2010-11-10,29.5,29.87,28.9,29.86,29.86,8385100,0.0,1.0,UNH
2010-11-09,29.92,29.96,29.58,29.71,29.71,6027600,0.0,1.0,UNH
2010-11-08,29.43,29.88,29.42,29.83,29.83,4370500,0.0,1.0,UNH
2010-11-05,29.51,29.88,29.31,29.62,29.62,7190400,0.0,1.0,UNH
2010-11-04,29.73,29.77,29.23,29.57,29.57,6839700,0.0,1.0,UNH
2010-11-03,29.45,30.09,28.98,29.46,29.46,10730400,0.0,1.0,UNH
2010-11-02,29.25,29.8,29.22,29.73,29.73,9988000,0.0,1.0,UNH
2010-11-01,29.14,29.44,28.69,29.02,29.02,7671800,0.0,1.0,UNH
2010-10-29,29.25,29.67,28.77,28.97,28.97,6696900,0.0,1.0,UNH
2010-10-28,29.15,29.25,28.89,29.13,29.13,6281600,0.0,1.0,UNH
2010-10-27,29.93,30.02,28.69,28.87,28.87,12700700,0.0,1.0,UNH
2010-10-26,30.14,30.28,29.85,30.19,30.19,8050600,0.0,1.0,UNH
2010-10-25,30.15,30.49,30.1,30.18,30.18,7456100,0.0,1.0,UNH
2010-10-22,29.49,29.94,29.26,29.94,29.94,6622900,0.0,1.0,UNH
2010-10-21,29.61,29.61,29.02,29.32,29.32,6840200,0.0,1.0,UNH
2010-10-20,28.49,29.53,28.49,29.51,29.51,10386500,0.0,1.0,UNH
2010-10-19,28.63,28.86,28.06,28.36,28.36,13178200,0.0,1.0,UNH
2010-10-18,29.0,29.22,28.8,29.13,29.13,8035000,0.0,1.0,UNH
2010-10-15,28.93,29.11,28.74,28.91,28.91,7825200,0.0,1.0,UNH
2010-10-14,28.33,29.14,28.31,28.75,28.75,10274300,0.0,1.0,UNH
2010-10-13,28.2,28.62,28.14,28.38,28.38,8050100,0.0,1.0,UNH
2010-10-12,27.74,28.17,27.67,28.14,28.14,6766300,0.0,1.0,UNH
2010-10-11,27.39,28.04,27.38,27.84,27.84,6746300,0.0,1.0,UNH
2010-10-08,27.68,27.76,27.47,27.6,27.6,6022300,0.0,1.0,UNH
2010-10-07,27.63,27.79,27.41,27.59,27.59,6878900,0.0,1.0,UNH
2010-10-06,28.16,28.3,27.27,27.28,27.28,13815400,0.0,1.0,UNH
2010-10-05,27.94,28.23,27.76,28.18,28.18,6887400,0.0,1.0,UNH
2010-10-04,28.36,28.36,27.6,27.75,27.75,5883300,0.0,1.0,UNH
2010-10-01,28.18,28.5,27.93,28.47,28.47,6503500,0.0,1.0,UNH
2010-09-30,28.52,28.57,28.19,28.21,28.21,7847200,0.0,1.0,UNH
2010-09-29,28.05,28.29,27.89,28.28,28.28,7872500,0.0,1.0,UNH
2010-09-28,28.49,28.61,28.05,28.16,28.16,8410300,0.0,1.0,UNH
2010-09-27,28.79,28.79,28.32,28.4,28.4,7505200,0.0,1.0,UNH
2010-09-24,28.88,28.88,28.61,28.71,28.71,8558100,0.0,1.0,UNH
2010-09-23,28.44,28.77,28.28,28.48,28.48,6711800,0.0,1.0,UNH
2010-09-22,28.22,28.69,28.05,28.67,28.67,7184300,0.0,1.0,UNH
2010-09-21,28.04,28.53,27.99,28.33,28.33,6428000,0.0,1.0,UNH
2010-09-20,27.62,28.15,27.6,28.07,28.07,5639200,0.0,1.0,UNH
2010-09-17,27.69,27.81,27.42,27.42,27.42,7286900,0.0,1.0,UNH
2010-09-16,27.5,27.63,27.26,27.51,27.51,6153700,0.0,1.0,UNH
2010-09-15,27.72,27.8,27.29,27.54,27.54,11169600,0.0,1.0,UNH
2010-09-14,27.33,28.12,27.3,27.81,27.81,8716000,0.0,1.0,UNH
2010-09-13,27.95,28.34,27.86,27.9,27.9,7101400,0.0,1.0,UNH
2010-09-10,27.31,27.83,27.16,27.71,27.71,8940700,0.125,1.0,UNH
2010-09-09,27.3,27.42,27.16,27.24,27.24,7507100,0.0,1.0,UNH
2010-09-08,27.05,27.19,26.68,27.1,27.1,8552100,0.0,1.0,UNH
2010-09-07,27.03,27.29,26.92,27.05,27.05,6831800,0.0,1.0,UNH
2010-09-03,26.38,27.15,26.35,27.15,27.15,7760900,0.0,1.0,UNH
2010-09-02,26.28,26.36,25.85,26.31,26.31,5430000,0.0,1.0,UNH
2010-09-01,25.63,26.12,25.49,26.09,26.09,8623100,0.0,1.0,UNH
2010-08-31,25.47,25.79,25.16,25.4,25.4,8650800,0.0,1.0,UNH
2010-08-30,25.88,26.0,25.52,25.55,25.55,7173200,0.0,1.0,UNH
2010-08-27,25.59,25.96,25.2,25.92,25.92,7051400,0.0,1.0,UNH
2010-08-26,25.65,25.93,25.5,25.5,25.5,9944700,0.0,1.0,UNH
2010-08-25,24.76,25.82,24.68,25.59,25.59,10921200,0.0,1.0,UNH
2010-08-24,24.98,25.16,24.71,24.85,24.85,7509700,0.0,1.0,UNH
2010-08-23,25.32,25.76,25.2,25.22,25.22,5077300,0.0,1.0,UNH
2010-08-20,25.42,25.48,25.13,25.31,25.31,5330200,0.0,1.0,UNH
2010-08-19,25.92,25.99,25.43,25.45,25.45,7067700,0.0,1.0,UNH
2010-08-18,25.84,26.39,25.72,26.05,26.05,6444900,0.0,1.0,UNH
2010-08-17,25.8,26.08,25.6,25.9,25.9,5544800,0.0,1.0,UNH
2010-08-16,25.5,25.61,25.11,25.54,25.54,5231900,0.0,1.0,UNH
2010-08-13,25.63,25.77,25.34,25.64,25.64,6868600,0.0,1.0,UNH
2010-08-12,25.39,25.81,25.28,25.72,25.72,8998000,0.0,1.0,UNH
2010-08-11,26.3,26.54,25.41,25.61,25.61,17250600,0.0,1.0,UNH
2010-08-10,26.66,26.92,26.39,26.68,26.68,7957600,0.0,1.0,UNH
2010-08-09,26.82,27.05,26.71,26.81,26.81,6059400,0.0,1.0,UNH
2010-08-06,26.48,26.86,26.39,26.78,26.78,7479400,0.0,1.0,UNH
2010-08-05,26.23,26.81,26.16,26.76,26.76,7829600,0.0,1.0,UNH
2010-08-04,25.96,26.61,25.94,26.35,26.35,9379500,0.0,1.0,UNH
2010-08-03,25.13,26.08,25.04,25.96,25.96,9954200,0.0,1.0,UNH
2010-08-02,24.73,25.27,24.68,25.17,25.17,7440900,0.0,1.0,UNH
2010-07-30,24.18,24.56,23.97,24.38,24.38,4893200,0.0,1.0,UNH
2010-07-29,24.41,24.72,24.05,24.37,24.37,5540300,0.0,1.0,UNH
2010-07-28,24.65,24.76,24.14,24.28,24.28,7981800,0.0,1.0,UNH
2010-07-27,25.24,25.4,24.52,24.64,24.64,11856600,0.0,1.0,UNH
2010-07-26,24.69,25.21,24.69,25.2,25.2,5479000,0.0,1.0,UNH
2010-07-23,24.82,25.02,24.61,24.76,24.76,5746700,0.0,1.0,UNH
2010-07-22,24.89,24.98,24.54,24.82,24.82,9202600,0.0,1.0,UNH
2010-07-21,24.7,24.92,24.48,24.58,24.58,8884400,0.0,1.0,UNH
2010-07-20,25.1,25.21,24.21,24.68,24.68,13493900,0.0,1.0,UNH
2010-07-19,24.4,24.79,24.25,24.68,24.68,8575500,0.0,1.0,UNH
2010-07-16,24.6,24.92,24.14,24.29,24.29,9411300,0.0,1.0,UNH
2010-07-15,24.27,24.76,24.11,24.72,24.72,9214500,0.0,1.0,UNH
2010-07-14,24.02,24.33,23.84,24.27,24.27,4711100,0.0,1.0,UNH
2010-07-13,24.21,24.23,23.86,24.13,24.13,6905100,0.0,1.0,UNH
2010-07-12,23.95,24.08,23.71,24.05,24.05,8901800,0.0,1.0,UNH
2010-07-09,23.82,24.12,23.63,23.99,23.99,6971100,0.0,1.0,UNH
2010-07-08,23.47,23.93,23.42,23.76,23.76,8996400,0.0,1.0,UNH
2010-07-07,23.2,23.42,23.06,23.38,23.38,8978500,0.0,1.0,UNH
2010-07-06,22.81,23.27,22.65,23.13,23.13,13395000,0.0,1.0,UNH
2010-07-02,22.33,22.78,22.25,22.66,22.66,9312900,0.0,1.0,UNH
2010-07-01,22.67,22.67,21.72,22.3,22.3,15600900,0.0,1.0,UNH
2010-06-30,22.83,23.03,22.67,22.74,22.74,11078500,0.0,1.0,UNH
2010-06-29,23.12,23.24,22.79,22.92,22.92,14389900,0.0,1.0,UNH
2010-06-28,23.91,24.28,23.31,23.37,23.37,9883000,0.0,1.0,UNH
2010-06-25,23.82,24.11,23.68,23.92,23.92,14216100,0.0,1.0,UNH
2010-06-24,24.08,24.14,23.72,23.83,23.83,8952600,0.0,1.0,UNH
2010-06-23,24.64,24.76,24.11,24.19,24.19,8358400,0.0,1.0,UNH
2010-06-22,24.91,25.09,24.48,24.53,24.53,6578200,0.0,1.0,UNH
2010-06-21,25.31,25.46,24.86,24.94,24.94,7110500,0.0,1.0,UNH
2010-06-18,25.22,25.32,24.98,25.08,25.08,10243000,0.0,1.0,UNH
2010-06-17,25.25,25.25,24.96,25.22,25.22,9370800,0.0,1.0,UNH
2010-06-16,24.69,25.32,24.69,25.13,25.13,10152000,0.0,1.0,UNH
2010-06-15,24.74,24.98,24.63,24.97,24.97,9569200,0.0,1.0,UNH
2010-06-14,24.6,24.77,24.46,24.49,24.49,8390100,0.0,1.0,UNH
2010-06-11,24.42,24.68,24.12,24.56,24.56,9072700,0.0,1.0,UNH
2010-06-10,24.76,24.92,24.19,24.58,24.58,11766600,0.0,1.0,UNH
2010-06-09,24.73,24.95,24.38,24.44,24.44,10126400,0.0,1.0,UNH
2010-06-08,24.36,24.91,24.23,24.73,24.73,18435500,0.0,1.0,UNH
2010-06-07,24.4,24.88,23.47,24.39,24.39,16847400,0.0,1.0,UNH
2010-06-04,24.09,25.31,23.93,24.29,24.29,16676300,0.0,1.0,UNH
2010-06-03,23.95,24.41,23.75,24.39,24.39,8064800,0.125,1.0,UNH
2010-06-02,23.22,23.87,23.02,23.85,23.85,7967800,0.0,1.0,UNH
2010-06-01,23.27,23.61,23.04,23.11,23.11,8178500,0.0,1.0,UNH
2010-05-28,23.35,23.45,23.0,23.18,23.18,11697300,0.0,1.0,UNH
2010-05-27,23.37,23.38,23.0,23.38,23.38,6502100,0.0,1.0,UNH
2010-05-26,23.16,23.56,22.94,22.96,22.96,9613100,0.0,1.0,UNH
2010-05-25,22.59,23.04,22.41,23.02,23.02,8547300,0.0,1.0,UNH
2010-05-24,22.8,23.27,22.46,22.99,22.99,7996700,0.0,1.0,UNH
2010-05-21,22.76,23.18,22.45,22.88,22.88,11502800,0.0,1.0,UNH
2010-05-20,23.54,23.64,23.08,23.09,23.09,10194300,0.0,1.0,UNH
2010-05-19,24.01,24.12,23.72,23.91,23.91,10096000,0.0,1.0,UNH
2010-05-18,24.34,24.51,23.98,24.06,24.06,8907900,0.0,1.0,UNH
2010-05-17,24.3,24.5,23.82,24.27,24.27,8658100,0.0,1.0,UNH
2010-05-14,23.9,24.3,23.57,24.23,24.23,12201000,0.0,1.0,UNH
2010-05-13,24.08,24.26,23.86,24.06,24.06,7148300,0.0,1.0,UNH
2010-05-12,23.8,24.22,23.75,24.18,24.18,11345400,0.0,1.0,UNH
2010-05-11,23.77,23.98,23.56,23.8,23.8,9614100,0.0,1.0,UNH
2010-05-10,23.11,23.97,23.06,23.82,23.82,9059800,0.0,1.0,UNH
2010-05-07,23.16,23.34,22.53,23.14,23.14,14194800,0.0,1.0,UNH
2010-05-06,24.04,24.14,22.3,23.31,23.31,10439100,0.0,1.0,UNH
2010-05-05,23.31,24.0,23.23,23.92,23.92,11359500,0.0,1.0,UNH
2010-05-04,23.93,23.96,23.35,23.51,23.51,11745200,0.0,1.0,UNH
2010-05-03,24.32,24.38,23.83,24.13,24.13,9553500,0.0,1.0,UNH
2010-04-30,24.99,24.99,24.1,24.17,24.17,15545900,0.0,1.0,UNH
2010-04-29,24.57,25.31,24.55,24.96,24.96,13609500,0.0,1.0,UNH
2010-04-28,23.86,24.41,23.69,24.27,24.27,13270600,0.0,1.0,UNH
2010-04-27,23.79,24.21,23.62,23.76,23.76,16204300,0.0,1.0,UNH
2010-04-26,24.81,24.84,23.68,23.8,23.8,16596800,0.0,1.0,UNH
2010-04-23,24.17,24.69,24.14,24.68,24.68,14799000,0.0,1.0,UNH
2010-04-22,24.12,24.34,23.82,24.29,24.29,14148700,0.0,1.0,UNH
2010-04-21,24.83,25.08,23.99,24.13,24.13,13735400,0.0,1.0,UNH
2010-04-20,25.69,25.7,24.13,24.7,24.7,26564000,0.0,1.0,UNH
2010-04-19,24.37,25.25,24.37,24.9,24.9,13524400,0.0,1.0,UNH
2010-04-16,24.35,24.81,24.19,24.5,24.5,15355500,0.0,1.0,UNH
2010-04-15,24.77,24.96,23.98,24.42,24.42,25271500,0.0,1.0,UNH
2010-04-14,25.6,25.61,24.67,24.76,24.76,16499100,0.0,1.0,UNH
2010-04-13,25.87,26.06,25.38,25.64,25.64,11119100,0.0,1.0,UNH
2010-04-12,25.66,25.82,25.52,25.72,25.72,8763300,0.0,1.0,UNH
2010-04-09,26.04,26.08,25.2,25.72,25.72,12831400,0.0,1.0,UNH
2010-04-08,26.19,26.28,25.67,26.01,26.01,11174600,0.0,1.0,UNH
2010-04-07,26.74,26.74,26.11,26.26,26.26,8395900,0.0,1.0,UNH
2010-04-06,26.53,27.11,26.51,26.64,26.64,9430900,0.0,1.0,UNH
2010-04-05,26.41,26.49,26.13,26.42,26.42,6722000,0.0,1.0,UNH
2010-04-01,26.15,26.3,25.93,26.3,26.3,6713400,0.03,1.0,UNH
2010-03-31,26.21,26.38,25.89,26.03,26.03,6961600,0.0,1.0,UNH
2010-03-30,26.12,26.52,25.97,26.34,26.34,7253100,0.0,1.0,UNH
2010-03-29,26.02,26.3,25.91,26.16,26.16,7967200,0.0,1.0,UNH
2010-03-26,26.37,26.5,25.97,25.99,25.99,8751000,0.0,1.0,UNH
2010-03-25,26.1,26.5,25.97,26.38,26.38,14786200,0.0,1.0,UNH
2010-03-24,26.4,26.56,26.07,26.07,26.07,10825800,0.0,1.0,UNH
2010-03-23,26.58,26.66,26.26,26.42,26.42,11409500,0.0,1.0,UNH
2010-03-22,27.46,28.01,26.46,26.53,26.53,20218800,0.0,1.0,UNH
2010-03-19,26.86,27.64,26.86,27.4,27.4,21827600,0.0,1.0,UNH
2010-03-18,25.86,26.84,25.48,26.76,26.76,15407200,0.0,1.0,UNH
2010-03-17,26.42,26.42,25.7,26.09,26.09,10614400,0.0,1.0,UNH
2010-03-16,25.61,26.38,25.56,26.33,26.33,12932100,0.0,1.0,UNH
2010-03-15,26.11,26.11,25.44,25.91,25.91,13520100,0.0,1.0,UNH
2010-03-12,26.83,26.88,26.11,26.22,26.22,9450400,0.0,1.0,UNH
2010-03-11,26.36,26.73,26.24,26.69,26.69,14678000,0.0,1.0,UNH
2010-03-10,26.3,26.73,26.24,26.48,26.48,7419000,0.0,1.0,UNH
2010-03-09,26.43,26.65,26.34,26.35,26.35,8770800,0.0,1.0,UNH
2010-03-08,26.88,26.96,26.31,26.37,26.37,7734800,0.0,1.0,UNH
2010-03-05,26.31,26.92,26.26,26.88,26.88,8133300,0.0,1.0,UNH
2010-03-04,27.17,27.17,25.83,26.25,26.25,17386600,0.0,1.0,UNH
2010-03-03,27.13,27.36,26.9,27.17,27.17,8089700,0.0,1.0,UNH
2010-03-02,27.17,27.38,26.77,27.05,27.05,7081500,0.0,1.0,UNH
2010-03-01,27.09,27.66,26.71,27.12,27.12,10970800,0.0,1.0,UNH
2010-02-26,26.7,27.32,26.58,26.97,26.97,9684700,0.0,1.0,UNH
2010-02-25,26.54,27.07,26.16,26.65,26.65,14779500,0.0,1.0,UNH
2010-02-24,26.19,26.81,25.78,26.78,26.78,10982600,0.0,1.0,UNH
2010-02-23,26.19,26.42,25.77,26.14,26.14,10746500,0.0,1.0,UNH
2010-02-22,25.58,26.38,25.4,26.35,26.35,16338800,0.0,1.0,UNH
2010-02-19,25.83,26.11,25.36,25.44,25.44,11508200,0.0,1.0,UNH
2010-02-18,25.68,26.28,25.59,26.04,26.04,10327100,0.0,1.0,UNH
2010-02-17,25.24,26.46,25.24,25.93,25.93,11690900,0.0,1.0,UNH
2010-02-16,25.75,25.97,25.01,25.2,25.2,13934200,0.0,1.0,UNH
2010-02-12,26.11,26.17,25.52,25.64,25.64,11688700,0.0,1.0,UNH
2010-02-11,26.06,26.45,25.84,26.38,26.38,7857600,0.0,1.0,UNH
2010-02-10,26.29,26.42,25.73,26.06,26.06,10755200,0.0,1.0,UNH
2010-02-09,26.07,26.34,25.49,26.29,26.29,11236500,0.0,1.0,UNH
2010-02-08,25.68,26.25,25.68,25.82,25.82,9558200,0.0,1.0,UNH
2010-02-05,25.83,25.99,25.36,25.92,25.92,12666000,0.0,1.0,UNH
2010-02-04,26.48,26.48,25.8,25.86,25.86,10648500,0.0,1.0,UNH
2010-02-03,27.09,27.13,26.15,26.54,26.54,1944200,0.0,1.0,UNH
2010-02-02,26.39,27.18,26.23,27.13,27.13,3312400,0.0,1.0,UNH
2010-02-01,26.31,26.62,25.67,26.39,26.39,13710200,0.0,1.0,UNH
2010-01-29,26.62,26.93,26.26,26.29,26.29,11931500,0.0,1.0,UNH
2010-01-28,26.55,27.16,26.32,26.63,26.63,16742100,0.0,1.0,UNH
2010-01-27,25.76,26.71,25.58,26.48,26.48,14387100,0.0,1.0,UNH
2010-01-26,25.9,26.22,25.84,25.84,25.84,11057200,0.0,1.0,UNH
2010-01-25,26.73,26.86,26.26,26.29,26.29,10925800,0.0,1.0,UNH
2010-01-22,26.94,27.17,26.37,26.42,26.42,21021600,0.0,1.0,UNH
2010-01-21,28.22,28.43,26.29,26.37,26.37,29192700,0.0,1.0,UNH
2010-01-20,28.63,28.73,27.32,27.52,27.52,26854700,0.0,1.0,UNH
2010-01-19,27.53,28.6,27.48,27.99,27.99,26477900,0.0,1.0,UNH
2010-01-15,26.72,27.08,26.37,26.89,26.89,19382000,0.0,1.0,UNH
2010-01-14,26.03,26.55,25.75,26.54,26.54,8818300,0.0,1.0,UNH
2010-01-13,25.48,25.93,25.24,25.92,25.92,8797200,0.0,1.0,UNH
2010-01-12,26.05,26.22,25.13,25.53,25.53,13121500,0.0,1.0,UNH
2010-01-11,26.06,26.39,26.05,26.23,26.23,7206900,0.0,1.0,UNH
2010-01-08,26.18,26.23,25.76,26.05,26.05,7228700,0.0,1.0,UNH
2010-01-07,25.17,26.33,25.17,26.3,26.3,11789800,0.0,1.0,UNH
2010-01-06,25.17,25.54,25.02,25.32,25.32,9761100,0.0,1.0,UNH
2010-01-05,25.28,25.47,24.92,25.08,25.08,11180700,0.0,1.0,UNH
2010-01-04,25.0,25.17,24.67,25.12,25.12,12199500,0.0,1.0,UNH
2009-12-31,24.66,24.81,24.26,24.28,24.28,5354200,0.0,1.0,UNH
2009-12-30,24.58,24.7,24.38,24.7,24.7,5806300,0.0,1.0,UNH
2009-12-29,24.77,25.06,24.47,24.58,24.58,9200000,0.0,1.0,UNH
2009-12-28,25.12,25.36,24.76,25.01,25.01,7968700,0.0,1.0,UNH
2009-12-24,25.4,25.41,24.89,25.24,25.24,4963400,0.0,1.0,UNH
2009-12-23,25.68,26.01,25.11,25.19,25.19,9500100,0.0,1.0,UNH
2009-12-22,25.8,25.9,25.64,25.75,25.75,10356400,0.0,1.0,UNH
2009-12-21,25.47,26.49,25.43,25.63,25.63,24416000,0.0,1.0,UNH
2009-12-18,25.4,25.49,24.76,25.13,25.13,15694400,0.0,1.0,UNH
2009-12-17,25.56,25.75,24.94,25.35,25.35,14802800,0.0,1.0,UNH
2009-12-16,25.09,25.75,25.02,25.65,25.65,34897200,0.0,1.0,UNH
2009-12-15,24.62,25.0,24.6,24.95,24.95,28990900,0.0,1.0,UNH
2009-12-14,24.6,24.89,24.5,24.66,24.66,20357700,0.0,1.0,UNH
2009-12-11,24.24,24.73,24.22,24.28,24.28,19072800,0.0,1.0,UNH
2009-12-10,22.88,24.47,22.74,24.15,24.15,27521700,0.0,1.0,UNH
2009-12-09,23.01,23.58,22.41,22.7,22.7,19103600,0.0,1.0,UNH
2009-12-08,22.43,23.04,22.36,22.67,22.67,15897400,0.0,1.0,UNH
2009-12-07,21.94,22.68,21.92,22.54,22.54,11281000,0.0,1.0,UNH
2009-12-04,22.03,22.35,21.75,21.88,21.88,11814700,0.0,1.0,UNH
2009-12-03,22.52,22.67,21.75,21.77,21.77,15325700,0.0,1.0,UNH
2009-12-02,22.88,22.94,22.43,22.54,22.54,11500500,0.0,1.0,UNH
2009-12-01,23.1,23.25,22.81,22.86,22.86,9705800,0.0,1.0,UNH
2009-11-30,23.45,23.49,22.7,22.84,22.84,12634400,0.0,1.0,UNH
2009-11-27,23.09,23.61,22.86,23.45,23.45,5456500,0.0,1.0,UNH
2009-11-25,23.56,23.69,23.4,23.53,23.53,8060900,0.0,1.0,UNH
2009-11-24,23.37,23.65,22.98,23.55,23.55,7241100,0.0,1.0,UNH
2009-11-23,23.05,23.56,23.05,23.17,23.17,9622100,0.0,1.0,UNH
2009-11-20,22.54,22.92,22.54,22.75,22.75,9008200,0.0,1.0,UNH
2009-11-19,22.83,22.88,22.2,22.81,22.81,6991000,0.0,1.0,UNH
2009-11-18,23.08,23.19,22.82,23.0,23.0,7327600,0.0,1.0,UNH
2009-11-17,23.07,23.25,22.93,23.08,23.08,6103400,0.0,1.0,UNH
2009-11-16,23.29,23.5,23.06,23.22,23.22,8281300,0.0,1.0,UNH
2009-11-13,23.01,23.38,22.98,23.17,23.17,6267600,0.0,1.0,UNH
2009-11-12,23.44,23.44,22.86,22.91,22.91,8428600,0.0,1.0,UNH
2009-11-11,23.09,23.44,22.83,23.4,23.4,8794200,0.0,1.0,UNH
2009-11-10,23.1,23.25,22.8,23.08,23.08,8063300,0.0,1.0,UNH
2009-11-09,22.55,23.29,22.46,23.21,23.21,11751800,0.0,1.0,UNH
2009-11-06,22.39,22.9,22.15,22.84,22.84,11891400,0.0,1.0,UNH
2009-11-05,22.27,22.61,22.04,22.47,22.47,11991700,0.0,1.0,UNH
2009-11-04,22.0,23.07,22.0,22.2,22.2,22424700,0.0,1.0,UNH
2009-11-03,21.17,21.51,20.92,21.44,21.44,11443700,0.0,1.0,UNH
2009-11-02,20.73,21.2,20.43,21.05,21.05,8189400,0.0,1.0,UNH
2009-10-30,20.97,21.34,20.63,20.67,20.67,11745700,0.0,1.0,UNH
2009-10-29,20.76,21.18,20.71,21.09,21.09,13044200,0.0,1.0,UNH
2009-10-28,20.94,21.12,20.56,20.62,20.62,11505700,0.0,1.0,UNH
2009-10-27,20.15,21.35,20.07,21.11,21.11,20485300,0.0,1.0,UNH
2009-10-26,20.66,20.86,20.15,20.16,20.16,14347500,0.0,1.0,UNH
2009-10-23,20.79,20.89,20.39,20.59,20.59,8293000,0.0,1.0,UNH
2009-10-22,19.96,20.71,19.93,20.48,20.48,13756100,0.0,1.0,UNH
2009-10-21,20.69,20.77,19.94,20.01,20.01,11959800,0.0,1.0,UNH
2009-10-20,20.46,21.13,20.31,20.68,20.68,21392200,0.0,1.0,UNH
2009-10-19,19.57,19.91,19.45,19.85,19.85,10270400,0.0,1.0,UNH
2009-10-16,19.68,19.89,19.38,19.48,19.48,12367000,0.0,1.0,UNH
2009-10-15,19.73,19.84,19.42,19.56,19.56,11123600,0.0,1.0,UNH
2009-10-14,19.61,19.86,19.4,19.81,19.81,9801800,0.0,1.0,UNH
2009-10-13,20.05,20.05,19.09,19.35,19.35,19003700,0.0,1.0,UNH
2009-10-12,19.76,20.33,19.76,20.1,20.1,13952400,0.0,1.0,UNH
2009-10-09,19.48,19.96,19.45,19.65,19.65,16555000,0.0,1.0,UNH
2009-10-08,19.35,19.46,18.72,19.25,19.25,24531700,0.0,1.0,UNH
2009-10-07,19.45,20.19,19.44,19.96,19.96,12081700,0.0,1.0,UNH
2009-10-06,19.49,19.59,18.98,19.42,19.42,11192200,0.0,1.0,UNH
2009-10-05,19.42,19.52,19.08,19.15,19.15,12436800,0.0,1.0,UNH
2009-10-02,19.66,19.84,19.08,19.34,19.34,11219600,0.0,1.0,UNH
2009-10-01,19.83,20.43,19.68,19.75,19.75,17202100,0.0,1.0,UNH
2009-09-30,20.04,20.39,19.53,19.95,19.95,22933900,0.0,1.0,UNH
2009-09-29,20.65,21.06,19.87,20.46,20.46,23216300,0.0,1.0,UNH
2009-09-28,20.27,20.78,20.2,20.55,20.55,8795400,0.0,1.0,UNH
2009-09-25,20.72,20.86,20.02,20.19,20.19,16839100,0.0,1.0,UNH
2009-09-24,21.29,21.54,20.7,20.74,20.74,13992100,0.0,1.0,UNH
2009-09-23,22.19,22.19,21.21,21.25,21.25,15226100,0.0,1.0,UNH
2009-09-22,22.88,22.93,21.92,21.97,21.97,12943800,0.0,1.0,UNH
2009-09-21,22.66,23.05,22.48,22.78,22.78,8258400,0.0,1.0,UNH
2009-09-18,23.01,23.31,22.63,22.77,22.77,15698600,0.0,1.0,UNH
2009-09-17,23.46,23.8,23.21,23.37,23.37,11461300,0.0,1.0,UNH
2009-09-16,22.27,23.37,22.15,23.33,23.33,14119100,0.0,1.0,UNH
2009-09-15,22.96,22.97,22.03,22.07,22.07,13570400,0.0,1.0,UNH
2009-09-14,22.98,23.24,22.65,22.91,22.91,7354500,0.0,1.0,UNH
2009-09-11,23.2,23.43,22.92,23.16,23.16,5430600,0.0,1.0,UNH
2009-09-10,22.43,23.25,22.35,23.19,23.19,9136500,0.0,1.0,UNH
2009-09-09,22.32,22.66,22.07,22.62,22.62,10975000,0.0,1.0,UNH
2009-09-08,23.09,23.1,21.98,22.18,22.18,13752600,0.0,1.0,UNH
2009-09-04,22.94,23.3,22.74,23.01,23.01,5837100,0.0,1.0,UNH
2009-09-03,23.05,23.18,22.33,23.0,23.0,10479600,0.0,1.0,UNH
2009-09-02,21.8,23.21,21.8,22.83,22.83,14380400,0.0,1.0,UNH
2009-09-01,22.26,22.68,21.72,21.77,21.77,10171000,0.0,1.0,UNH
2009-08-31,22.28,22.93,22.07,22.31,22.31,7603900,0.0,1.0,UNH
2009-08-28,23.18,23.21,22.29,22.45,22.45,9074200,0.0,1.0,UNH
2009-08-27,22.96,23.27,22.72,23.05,23.05,7784000,0.0,1.0,UNH
2009-08-26,23.76,23.77,22.95,23.05,23.05,10143100,0.0,1.0,UNH
2009-08-25,23.72,23.9,23.25,23.84,23.84,10207500,0.0,1.0,UNH
2009-08-24,23.17,23.68,22.74,23.65,23.65,11908000,0.0,1.0,UNH
2009-08-21,22.88,23.14,22.52,23.04,23.04,8182700,0.0,1.0,UNH
2009-08-20,22.35,23.05,22.32,22.62,22.62,8741100,0.0,1.0,UNH
2009-08-19,22.11,22.54,21.99,22.45,22.45,7561900,0.0,1.0,UNH
2009-08-18,22.61,22.69,22.15,22.45,22.45,8269600,0.0,1.0,UNH
2009-08-17,22.08,23.64,22.08,22.69,22.69,14909500,0.0,1.0,UNH
2009-08-14,22.37,22.7,21.99,22.35,22.35,6718400,0.0,1.0,UNH
2009-08-13,22.02,22.64,21.66,22.6,22.6,7858600,0.0,1.0,UNH
2009-08-12,22.11,22.4,21.91,22.14,22.14,6901500,0.0,1.0,UNH
2009-08-11,21.56,22.27,21.35,22.16,22.16,11762400,0.0,1.0,UNH
2009-08-10,21.09,21.62,20.86,21.56,21.56,7705000,0.0,1.0,UNH
2009-08-07,20.78,21.23,20.7,21.12,21.12,8506500,0.0,1.0,UNH
2009-08-06,20.93,21.07,20.25,20.7,20.7,11043400,0.0,1.0,UNH
2009-08-05,21.41,21.42,20.75,20.86,20.86,7892500,0.0,1.0,UNH
2009-08-04,21.66,21.89,21.11,21.45,21.45,8508800,0.0,1.0,UNH
2009-08-03,22.58,22.62,21.56,21.8,21.8,12181300,0.0,1.0,UNH
2009-07-31,22.37,22.59,22.1,22.35,22.35,8317500,0.0,1.0,UNH
2009-07-30,22.97,23.11,22.11,22.39,22.39,13690200,0.0,1.0,UNH
2009-07-29,22.73,23.58,22.46,22.63,22.63,17007300,0.0,1.0,UNH
2009-07-28,22.13,23.67,21.88,23.17,23.17,17732800,0.0,1.0,UNH
2009-07-27,21.58,22.46,21.56,22.0,22.0,7030300,0.0,1.0,UNH
2009-07-24,21.69,21.93,20.71,21.76,21.76,7961000,0.0,1.0,UNH
2009-07-23,20.91,21.78,20.74,21.55,21.55,9955300,0.0,1.0,UNH
2009-07-22,20.4,21.19,20.21,20.71,20.71,11307100,0.0,1.0,UNH
2009-07-21,20.3,20.61,19.88,20.39,20.39,12851000,0.0,1.0,UNH
2009-07-20,20.11,20.11,19.41,19.79,19.79,8006700,0.0,1.0,UNH
2009-07-17,20.12,20.31,19.75,19.99,19.99,9050100,0.0,1.0,UNH
2009-07-16,19.76,20.35,19.37,20.11,20.11,11892400,0.0,1.0,UNH
2009-07-15,19.96,19.99,19.24,19.84,19.84,12532300,0.0,1.0,UNH
2009-07-14,20.37,20.5,19.61,19.73,19.73,9708400,0.0,1.0,UNH
2009-07-13,19.69,20.01,19.33,19.92,19.92,5801600,0.0,1.0,UNH
2009-07-10,19.84,20.23,19.43,19.65,19.65,5621200,0.0,1.0,UNH
2009-07-09,19.82,20.39,19.29,19.87,19.87,8967800,0.0,1.0,UNH
2009-07-08,20.12,20.2,19.05,19.65,19.65,11864900,0.0,1.0,UNH
2009-07-07,19.16,20.96,19.12,20.05,20.05,19892000,0.0,1.0,UNH
2009-07-06,19.05,19.34,18.87,19.19,19.19,7908100,0.0,1.0,UNH
2009-07-02,19.86,20.0,19.03,19.1,19.1,10398500,0.0,1.0,UNH
2009-07-01,19.99,20.3,19.64,20.04,20.04,6875300,0.0,1.0,UNH
2009-06-30,19.92,20.27,19.62,19.9,19.9,10177400,0.0,1.0,UNH
2009-06-29,19.76,20.11,19.51,20.01,20.01,7976400,0.0,1.0,UNH
2009-06-26,19.86,20.11,19.56,19.73,19.73,15564900,0.0,1.0,UNH
2009-06-25,19.63,20.64,19.56,19.91,19.91,14774400,0.0,1.0,UNH
2009-06-24,19.6,20.19,19.41,19.76,19.76,9147500,0.0,1.0,UNH
2009-06-23,19.51,20.21,19.27,19.55,19.55,9052100,0.0,1.0,UNH
2009-06-22,19.99,20.06,19.49,19.57,19.57,9727600,0.0,1.0,UNH
2009-06-19,20.66,21.09,19.93,20.26,20.26,21833600,0.0,1.0,UNH
2009-06-18,19.18,20.46,19.1,20.27,20.27,16954800,0.0,1.0,UNH
2009-06-17,19.14,19.64,18.98,19.14,19.14,12144300,0.0,1.0,UNH
2009-06-16,18.84,19.83,18.54,19.14,19.14,14164100,0.0,1.0,UNH
2009-06-15,19.13,19.25,18.67,18.73,18.73,13557500,0.0,1.0,UNH
2009-06-12,18.96,19.46,18.7,19.29,19.29,15141300,0.0,1.0,UNH
2009-06-11,18.92,19.38,18.51,19.16,19.16,31038100,0.0,1.0,UNH
2009-06-10,20.73,20.94,20.25,20.5,20.5,9867400,0.0,1.0,UNH
2009-06-09,21.02,21.09,20.2,20.7,20.7,12179500,0.0,1.0,UNH
2009-06-08,21.5,21.51,20.44,20.75,20.75,10476700,0.0,1.0,UNH
2009-06-05,22.01,22.11,20.96,21.59,21.59,8517500,0.0,1.0,UNH
2009-06-04,22.09,22.25,21.52,21.72,21.72,6605900,0.0,1.0,UNH
2009-06-03,21.74,22.18,21.19,21.91,21.91,11787700,0.0,1.0,UNH
2009-06-02,22.08,22.65,21.6,22.39,22.39,9444800,0.0,1.0,UNH
2009-06-01,21.43,22.03,21.24,21.91,21.91,8330000,0.0,1.0,UNH
2009-05-29,21.72,21.81,20.71,21.19,21.19,11723600,0.0,1.0,UNH
2009-05-28,21.88,22.6,21.56,21.66,21.66,9964100,0.0,1.0,UNH
2009-05-27,21.47,22.19,21.44,21.9,21.9,7596100,0.0,1.0,UNH
2009-05-26,20.88,21.84,20.6,21.66,21.66,10316400,0.0,1.0,UNH
2009-05-22,21.47,21.78,20.82,20.95,20.95,6591500,0.0,1.0,UNH
2009-05-21,21.8,22.68,21.22,21.45,21.45,9292300,0.0,1.0,UNH
2009-05-20,22.05,22.61,21.61,22.13,22.13,9396300,0.0,1.0,UNH
2009-05-19,22.07,22.47,21.71,21.88,21.88,6927600,0.0,1.0,UNH
2009-05-18,22.06,22.17,21.19,22.15,22.15,10816500,0.0,1.0,UNH
2009-05-15,22.1,22.9,21.64,21.92,21.92,8907900,0.0,1.0,UNH
2009-05-14,22.04,22.47,21.52,22.15,22.15,6013100,0.0,1.0,UNH
2009-05-13,21.56,22.54,21.11,22.03,22.03,9800700,0.0,1.0,UNH
2009-05-12,21.56,22.15,21.01,21.76,21.76,9918900,0.0,1.0,UNH
2009-05-11,22.51,22.73,21.83,21.98,21.98,9914700,0.0,1.0,UNH
2009-05-08,22.9,23.65,22.74,23.0,23.0,17012400,0.0,1.0,UNH
2009-05-07,20.55,22.72,20.55,22.62,22.62,17479200,0.0,1.0,UNH
2009-05-06,20.51,20.71,20.11,20.66,20.66,9675400,0.0,1.0,UNH
2009-05-05,18.82,20.46,18.82,20.36,20.36,13811900,0.0,1.0,UNH
2009-05-04,18.31,18.93,18.16,18.9,18.9,9592300,0.0,1.0,UNH
2009-05-01,18.77,18.78,18.12,18.3,18.3,10355700,0.0,1.0,UNH
2009-04-30,19.44,19.49,18.62,18.74,18.74,10722700,0.0,1.0,UNH
2009-04-29,19.16,19.32,18.54,19.02,19.02,11349100,0.0,1.0,UNH
2009-04-28,18.32,19.55,18.08,19.03,19.03,14061200,0.0,1.0,UNH
2009-04-27,18.48,18.77,18.11,18.33,18.33,11906800,0.0,1.0,UNH
2009-04-24,18.67,18.81,17.97,18.37,18.37,14607200,0.0,1.0,UNH
2009-04-23,18.4,18.76,17.49,18.45,18.45,15036800,0.0,1.0,UNH
2009-04-22,18.21,18.82,17.92,18.17,18.17,17248100,0.0,1.0,UNH
2009-04-21,20.22,20.48,18.1,18.16,18.16,23880900,0.0,1.0,UNH
2009-04-20,18.74,19.81,18.74,19.29,19.29,9951200,0.0,1.0,UNH
2009-04-17,19.37,19.44,18.4,19.23,19.23,13915400,0.0,1.0,UNH
2009-04-16,20.17,20.79,18.86,19.41,19.41,12370500,0.0,1.0,UNH
2009-04-15,19.39,20.59,19.18,20.0,20.0,15740600,0.0,1.0,UNH
2009-04-14,19.26,19.81,18.86,19.52,19.52,11141200,0.0,1.0,UNH
2009-04-13,19.21,19.58,18.72,19.41,19.41,10678000,0.0,1.0,UNH
2009-04-09,18.77,19.05,18.32,19.01,19.01,8783700,0.0,1.0,UNH
2009-04-08,19.21,19.43,17.96,18.21,18.21,15949800,0.0,1.0,UNH
2009-04-07,17.05,18.93,16.49,18.68,18.68,21519900,0.0,1.0,UNH
2009-04-06,16.2,17.57,16.13,17.47,17.47,12855600,0.0,1.0,UNH
2009-04-03,16.77,17.13,16.04,16.36,16.36,9655100,0.0,1.0,UNH
2009-04-02,16.86,17.33,16.59,16.78,16.78,14884600,0.0,1.0,UNH
2009-04-01,16.42,16.81,15.81,16.47,16.47,12819300,0.0,1.0,UNH
2009-03-31,16.61,17.22,16.41,16.67,16.67,9877800,0.03,1.0,UNH
2009-03-30,16.27,16.6,16.04,16.34,16.34,8537100,0.0,1.0,UNH
2009-03-27,16.94,17.14,16.63,16.77,16.77,6794600,0.0,1.0,UNH
2009-03-26,16.84,17.34,16.6,17.2,17.2,12733100,0.0,1.0,UNH
2009-03-25,16.94,17.24,16.4,16.85,16.85,14040500,0.0,1.0,UNH
2009-03-24,17.25,17.5,16.79,16.8,16.8,8353700,0.0,1.0,UNH
2009-03-23,16.86,17.56,16.34,17.54,17.54,10350900,0.0,1.0,UNH
2009-03-20,17.27,17.39,16.11,16.41,16.41,13299800,0.0,1.0,UNH
2009-03-19,17.73,17.82,16.78,16.94,16.94,8968000,0.0,1.0,UNH
2009-03-18,16.96,18.21,16.93,17.46,17.46,11402800,0.0,1.0,UNH
2009-03-17,16.79,17.37,16.19,17.13,17.13,12679300,0.0,1.0,UNH
2009-03-16,17.21,17.3,16.4,16.45,16.45,8086100,0.0,1.0,UNH
2009-03-13,16.32,17.25,16.22,16.99,16.99,11716000,0.0,1.0,UNH
2009-03-12,15.14,16.39,15.0,16.24,16.24,15471200,0.0,1.0,UNH
2009-03-11,15.45,16.16,14.93,15.21,15.21,15788800,0.0,1.0,UNH
2009-03-10,14.03,15.42,14.03,15.36,15.36,18763300,0.0,1.0,UNH
2009-03-09,14.06,14.55,13.63,14.15,14.15,13752500,0.0,1.0,UNH
2009-03-06,13.18,14.37,12.98,14.24,14.24,24728700,0.0,1.0,UNH
2009-03-05,13.94,14.19,12.87,13.01,13.01,23363700,0.0,1.0,UNH
2009-03-04,14.41,14.72,14.02,14.29,14.29,30539200,0.0,1.0,UNH
2009-03-03,14.11,14.92,13.4,14.16,14.16,33608100,0.0,1.0,UNH
2009-03-02,15.27,15.31,13.52,13.91,13.91,30818800,0.0,1.0,UNH
2009-02-27,16.06,16.39,15.45,15.63,15.63,19846800,0.0,1.0,UNH
2009-02-26,18.5,18.57,15.52,15.97,15.97,34614900,0.0,1.0,UNH
2009-02-25,19.17,19.17,17.95,18.32,18.32,14346100,0.0,1.0,UNH
2009-02-24,18.91,19.64,18.77,19.26,19.26,13996100,0.0,1.0,UNH
2009-02-23,21.16,21.4,18.57,18.95,18.95,29258700,0.0,1.0,UNH
2009-02-20,22.38,22.72,21.91,22.26,22.26,14396200,0.0,1.0,UNH
2009-02-19,22.74,23.38,22.5,22.79,22.79,10142100,0.0,1.0,UNH
2009-02-18,22.62,22.62,22.11,22.54,22.54,10999400,0.0,1.0,UNH
2009-02-17,22.42,22.93,21.67,22.61,22.61,13399000,0.0,1.0,UNH
2009-02-13,23.4,23.42,22.79,23.04,23.04,9258200,0.0,1.0,UNH
2009-02-12,22.11,23.5,21.88,23.45,23.45,16370900,0.0,1.0,UNH
2009-02-11,22.11,22.82,22.0,22.71,22.71,14523700,0.0,1.0,UNH
2009-02-10,23.28,23.59,22.15,22.25,22.25,12561200,0.0,1.0,UNH
2009-02-09,23.53,23.63,23.0,23.48,23.48,12664700,0.0,1.0,UNH
2009-02-06,22.89,23.41,22.67,23.02,23.02,15279600,0.0,1.0,UNH
2009-02-05,22.8,23.13,22.69,22.91,22.91,13264500,0.0,1.0,UNH
2009-02-04,23.71,23.82,22.87,23.05,23.05,13014100,0.0,1.0,UNH
2009-02-03,23.55,24.06,22.82,23.66,23.66,12365200,0.0,1.0,UNH
2009-02-02,22.27,23.47,22.11,23.19,23.19,9313100,0.0,1.0,UNH
2009-01-30,22.88,22.99,22.0,22.54,22.54,9325100,0.0,1.0,UNH
2009-01-29,23.61,23.63,22.68,22.82,22.82,8842900,0.0,1.0,UNH
2009-01-28,23.47,24.06,23.27,23.86,23.86,16850900,0.0,1.0,UNH
2009-01-27,22.49,23.47,22.34,23.13,23.13,14528200,0.0,1.0,UNH
2009-01-26,22.4,22.84,22.11,22.39,22.39,11956600,0.0,1.0,UNH
2009-01-23,21.55,22.73,20.63,22.31,22.31,14194800,0.0,1.0,UNH
2009-01-22,20.24,21.83,20.09,21.63,21.63,19846600,0.0,1.0,UNH
2009-01-21,19.26,19.98,18.98,19.93,19.93,8206400,0.0,1.0,UNH
2009-01-20,20.21,20.69,19.12,19.22,19.22,8196900,0.0,1.0,UNH
2009-01-16,20.2,20.38,19.7,20.28,20.28,9587900,0.0,1.0,UNH
2009-01-15,19.14,20.0,18.98,19.8,19.8,10735100,0.0,1.0,UNH
2009-01-14,19.65,19.86,18.91,19.16,19.16,7846700,0.0,1.0,UNH
2009-01-13,19.82,20.91,19.77,20.17,20.17,10393800,0.0,1.0,UNH
2009-01-12,21.14,21.31,20.12,20.38,20.38,6242600,0.0,1.0,UNH
2009-01-09,21.28,21.48,20.52,21.04,21.04,5931400,0.0,1.0,UNH
2009-01-08,20.76,21.41,20.48,21.25,21.25,6106900,0.0,1.0,UNH
2009-01-07,21.25,21.54,20.71,20.92,20.92,8228400,0.0,1.0,UNH
2009-01-06,21.57,21.77,20.53,21.08,21.08,7423000,0.0,1.0,UNH
2009-01-05,21.8,22.01,21.13,21.59,21.59,8518900,0.0,1.0,UNH
2009-01-02,21.24,22.05,21.11,21.95,21.95,4885900,0.0,1.0,UNH
2008-12-31,21.53,21.72,20.84,21.16,21.16,5584600,0.0,1.0,UNH
2008-12-30,20.54,21.57,20.49,21.51,21.51,5886600,0.0,1.0,UNH
2008-12-29,21.01,21.01,19.95,20.34,20.34,5507900,0.0,1.0,UNH
2008-12-26,20.75,21.06,20.67,20.92,20.92,2108200,0.0,1.0,UNH
2008-12-24,20.81,21.06,20.27,20.65,20.65,1965700,0.0,1.0,UNH
2008-12-23,20.63,21.16,20.46,20.67,20.67,5888900,0.0,1.0,UNH
2008-12-22,21.06,21.33,19.89,20.48,20.48,8160500,0.0,1.0,UNH
2008-12-19,20.45,21.41,19.82,21.07,21.07,17398000,0.0,1.0,UNH
2008-12-18,19.22,19.95,18.85,19.82,19.82,10148800,0.0,1.0,UNH
2008-12-17,19.06,19.76,18.83,19.01,19.01,8141000,0.0,1.0,UNH
2008-12-16,18.34,19.8,17.9,19.37,19.37,11878600,0.0,1.0,UNH
2008-12-15,18.81,19.47,18.66,18.92,18.92,10733200,0.0,1.0,UNH
2008-12-12,18.15,18.96,17.94,18.73,18.73,8309400,0.0,1.0,UNH
2008-12-11,16.95,19.06,16.87,18.69,18.69,13822100,0.0,1.0,UNH
2008-12-10,16.71,17.35,16.62,17.16,17.16,7030600,0.0,1.0,UNH
2008-12-09,16.89,17.64,16.06,16.53,16.53,8246400,0.0,1.0,UNH
2008-12-08,17.48,17.57,16.61,17.06,17.06,7721800,0.0,1.0,UNH
2008-12-05,15.53,17.16,15.3,17.03,17.03,8246800,0.0,1.0,UNH
2008-12-04,15.94,16.6,15.54,15.83,15.83,7406500,0.0,1.0,UNH
2008-12-03,15.78,16.33,15.15,16.21,16.21,8016700,0.0,1.0,UNH
2008-12-02,16.31,16.88,15.31,16.16,16.16,8941500,0.0,1.0,UNH
2008-12-01,17.24,17.85,15.94,16.01,16.01,11531800,0.0,1.0,UNH
2008-11-28,16.55,17.01,16.51,16.71,16.71,3549700,0.0,1.0,UNH
2008-11-26,15.85,16.83,15.69,16.69,16.69,9609700,0.0,1.0,UNH
2008-11-25,15.58,16.7,15.47,16.49,16.49,13391300,0.0,1.0,UNH
2008-11-24,13.98,15.43,13.75,15.17,15.17,13471700,0.0,1.0,UNH
2008-11-21,13.3,13.68,12.08,13.64,13.64,17653300,0.0,1.0,UNH
2008-11-20,14.0,14.84,12.67,12.97,12.97,13078000,0.0,1.0,UNH
2008-11-19,15.04,15.53,14.08,14.1,14.1,9254900,0.0,1.0,UNH
2008-11-18,14.78,15.55,14.41,15.14,15.14,12303900,0.0,1.0,UNH
2008-11-17,15.69,15.93,15.03,15.03,15.03,8951100,0.0,1.0,UNH
2008-11-14,16.12,17.17,15.92,15.93,15.93,9847900,0.0,1.0,UNH
2008-11-13,15.1,16.6,14.21,16.58,16.58,13802000,0.0,1.0,UNH
2008-11-12,15.91,15.91,14.98,15.01,15.01,8305500,0.0,1.0,UNH
2008-11-11,16.77,16.77,15.58,16.04,16.04,9592200,0.0,1.0,UNH
2008-11-10,17.91,18.08,16.78,17.06,17.06,7087800,0.0,1.0,UNH
2008-11-07,17.83,18.23,17.37,17.84,17.84,7309700,0.0,1.0,UNH
2008-11-06,17.98,18.43,17.48,17.63,17.63,11371800,0.0,1.0,UNH
2008-11-05,17.96,18.81,17.88,18.11,18.11,11475300,0.0,1.0,UNH
2008-11-04,19.33,19.48,17.94,18.15,18.15,10569500,0.0,1.0,UNH
2008-11-03,18.84,19.08,18.5,18.69,18.69,5451000,0.0,1.0,UNH
2008-10-31,17.56,19.24,16.94,18.88,18.88,14807400,0.0,1.0,UNH
2008-10-30,18.05,18.05,16.8,17.81,17.81,9410800,0.0,1.0,UNH
2008-10-29,17.75,18.04,16.71,16.96,16.96,14461400,0.0,1.0,UNH
2008-10-28,16.92,17.88,15.91,17.86,17.86,11767800,0.0,1.0,UNH
2008-10-27,17.75,18.24,16.07,16.25,16.25,11761500,0.0,1.0,UNH
2008-10-24,17.64,18.65,16.91,18.22,18.22,10412300,0.0,1.0,UNH
2008-10-23,19.3,19.72,17.64,19.04,19.04,10879900,0.0,1.0,UNH
2008-10-22,18.85,19.74,18.06,19.14,19.14,15369300,0.0,1.0,UNH
2008-10-21,20.0,20.67,19.89,20.09,20.09,13449800,0.0,1.0,UNH
2008-10-20,19.58,20.37,19.25,20.29,20.29,9741400,0.0,1.0,UNH
2008-10-17,18.29,19.67,17.95,19.4,19.4,17641700,0.0,1.0,UNH
2008-10-16,18.79,19.09,16.47,18.0,18.0,20106300,0.0,1.0,UNH
2008-10-15,17.96,18.33,17.16,17.24,17.24,11159000,0.0,1.0,UNH
2008-10-14,19.34,20.09,18.03,18.29,18.29,14809700,0.0,1.0,UNH
2008-10-13,14.37,18.71,14.18,18.6,18.6,17691700,0.0,1.0,UNH
2008-10-10,13.23,15.11,11.54,13.8,13.8,22748600,0.0,1.0,UNH
2008-10-09,16.01,16.04,13.95,14.16,14.16,18043400,0.0,1.0,UNH
2008-10-08,16.12,16.72,15.27,15.27,15.27,12460900,0.0,1.0,UNH
2008-10-07,17.9,18.1,16.32,16.32,16.32,11134900,0.0,1.0,UNH
2008-10-06,18.91,19.08,17.22,17.71,17.71,12613300,0.0,1.0,UNH
2008-10-03,19.93,20.12,19.08,19.18,19.18,7621800,0.0,1.0,UNH
2008-10-02,19.96,20.25,19.65,19.7,19.7,10096200,0.0,1.0,UNH
2008-10-01,20.66,20.66,19.7,19.95,19.95,7038900,0.0,1.0,UNH
2008-09-30,18.84,20.68,18.83,20.2,20.2,10648200,0.0,1.0,UNH
2008-09-29,20.09,20.68,16.71,16.71,16.71,8695700,0.0,1.0,UNH
2008-09-26,19.89,20.84,19.89,20.53,20.53,4545800,0.0,1.0,UNH
2008-09-25,20.04,20.65,19.97,20.28,20.28,5511600,0.0,1.0,UNH
2008-09-24,20.69,20.9,19.87,19.97,19.97,4908000,0.0,1.0,UNH
2008-09-23,20.9,21.88,20.08,20.68,20.68,6472000,0.0,1.0,UNH
2008-09-22,21.48,21.55,20.79,21.1,21.1,6717500,0.0,1.0,UNH
2008-09-19,23.82,23.86,20.95,21.31,21.31,13050400,0.0,1.0,UNH
2008-09-18,20.56,21.26,19.81,21.14,21.14,12795600,0.0,1.0,UNH
2008-09-17,21.08,21.88,20.28,20.29,20.29,12287900,0.0,1.0,UNH
2008-09-16,22.06,22.11,20.56,21.3,21.3,17597900,0.0,1.0,UNH
2008-09-15,22.89,23.24,22.19,22.28,22.28,10762700,0.0,1.0,UNH
2008-09-12,23.86,23.86,23.0,23.55,23.55,7194800,0.0,1.0,UNH
2008-09-11,22.69,23.86,22.69,23.83,23.83,10032900,0.0,1.0,UNH
2008-09-10,22.68,23.53,22.61,23.32,23.32,8168400,0.0,1.0,UNH
2008-09-09,23.12,23.88,22.66,22.66,22.66,12618500,0.0,1.0,UNH
2008-09-08,22.8,23.27,22.45,23.2,23.2,8880900,0.0,1.0,UNH
2008-09-05,22.19,22.28,21.66,22.04,22.04,10914200,0.0,1.0,UNH
2008-09-04,23.51,23.56,22.05,22.32,22.32,13517500,0.0,1.0,UNH
2008-09-03,23.21,23.71,23.05,23.61,23.61,5111300,0.0,1.0,UNH
2008-09-02,24.25,24.97,23.07,23.29,23.29,12849800,0.0,1.0,UNH
2008-08-29,23.9,24.46,23.75,24.22,24.22,7137300,0.0,1.0,UNH
2008-08-28,23.51,24.04,23.41,23.91,23.91,5952400,0.0,1.0,UNH
2008-08-27,23.43,23.75,22.93,23.41,23.41,5643500,0.0,1.0,UNH
2008-08-26,23.31,24.15,23.08,23.44,23.44,6095000,0.0,1.0,UNH
2008-08-25,24.29,24.38,23.2,23.32,23.32,6565400,0.0,1.0,UNH
2008-08-22,24.23,24.44,23.95,24.35,24.35,6666400,0.0,1.0,UNH
2008-08-21,23.94,24.45,23.75,24.1,24.1,5937900,0.0,1.0,UNH
2008-08-20,24.62,24.62,23.78,24.06,24.06,7075300,0.0,1.0,UNH
2008-08-19,25.43,25.56,23.85,24.64,24.64,12564800,0.0,1.0,UNH
2008-08-18,26.45,26.64,25.38,25.56,25.56,8541000,0.0,1.0,UNH
2008-08-15,25.41,26.33,24.76,26.26,26.26,9848100,0.0,1.0,UNH
2008-08-14,25.22,25.74,24.74,25.37,25.37,7737000,0.0,1.0,UNH
2008-08-13,25.05,25.32,24.56,25.15,25.15,7219400,0.0,1.0,UNH
2008-08-12,24.97,25.41,24.8,25.04,25.04,7479300,0.0,1.0,UNH
2008-08-11,24.72,25.35,24.06,24.86,24.86,7417400,0.0,1.0,UNH
2008-08-08,23.28,24.81,23.28,24.66,24.66,10644200,0.0,1.0,UNH
2008-08-07,23.7,23.82,23.08,23.2,23.2,7074200,0.0,1.0,UNH
2008-08-06,24.19,24.19,23.36,23.75,23.75,9772900,0.0,1.0,UNH
2008-08-05,23.04,24.25,23.04,24.22,24.22,13067600,0.0,1.0,UNH
2008-08-04,22.83,23.47,21.88,23.04,23.04,11467400,0.0,1.0,UNH
2008-08-01,22.27,22.52,21.83,22.38,22.38,10702100,0.0,1.0,UNH
2008-07-31,21.57,23.05,21.57,22.34,22.34,17290000,0.0,1.0,UNH
2008-07-30,22.0,22.22,21.23,21.7,21.7,10490000,0.0,1.0,UNH
2008-07-29,21.36,22.0,21.18,21.9,21.9,7623700,0.0,1.0,UNH
2008-07-28,21.85,22.23,21.3,21.3,21.3,8837000,0.0,1.0,UNH
2008-07-25,21.49,21.96,21.4,21.84,21.84,11244200,0.0,1.0,UNH
2008-07-24,22.07,22.23,21.33,21.49,21.49,11180800,0.0,1.0,UNH
2008-07-23,22.21,22.38,21.7,22.08,22.08,26577700,0.0,1.0,UNH
2008-07-22,19.41,21.0,19.21,20.85,20.85,26171000,0.0,1.0,UNH
2008-07-21,19.2,19.36,18.9,18.96,18.96,13714500,0.0,1.0,UNH
2008-07-18,18.87,19.32,18.49,19.01,19.01,15625200,0.0,1.0,UNH
2008-07-17,17.98,18.83,17.89,18.76,18.76,16009900,0.0,1.0,UNH
2008-07-16,17.82,18.03,17.48,17.92,17.92,19159200,0.0,1.0,UNH
2008-07-15,17.43,17.83,16.86,17.76,17.76,16152700,0.0,1.0,UNH
2008-07-14,17.65,17.9,17.52,17.64,17.64,10634900,0.0,1.0,UNH
2008-07-11,17.31,17.94,17.13,17.63,17.63,14181300,0.0,1.0,UNH
2008-07-10,18.22,18.43,17.64,17.96,17.96,12975200,0.0,1.0,UNH
2008-07-09,18.57,18.74,18.1,18.24,18.24,16839800,0.0,1.0,UNH
2008-07-08,18.12,19.16,17.91,18.52,18.52,23354900,0.0,1.0,UNH
2008-07-07,18.07,18.83,18.04,18.54,18.54,17254000,0.0,1.0,UNH
2008-07-03,19.49,19.88,18.07,18.26,18.26,22763500,0.0,1.0,UNH
2008-07-02,21.49,21.72,19.92,19.98,19.98,27401600,0.0,1.0,UNH
2008-07-01,20.78,20.84,20.12,20.39,20.39,11956400,0.0,1.0,UNH
2008-06-30,20.72,21.14,20.28,20.88,20.88,15309500,0.0,1.0,UNH
2008-06-27,20.92,21.24,20.67,20.69,20.69,20100800,0.0,1.0,UNH
2008-06-26,21.06,21.72,20.6,20.66,20.66,12442100,0.0,1.0,UNH
2008-06-25,21.06,21.67,21.06,21.31,21.31,8488200,0.0,1.0,UNH
2008-06-24,20.8,21.28,20.62,21.02,21.02,13895800,0.0,1.0,UNH
2008-06-23,21.66,21.67,20.86,20.99,20.99,15516700,0.0,1.0,UNH
2008-06-20,21.66,22.23,21.48,21.57,21.57,17673700,0.0,1.0,UNH
2008-06-19,21.58,22.84,21.42,22.19,22.19,51415000,0.0,1.0,UNH
2008-06-18,23.84,24.18,23.78,24.04,24.04,18323000,0.0,1.0,UNH
2008-06-17,24.09,24.27,23.83,23.86,23.86,7366800,0.0,1.0,UNH
2008-06-16,24.38,24.45,23.8,24.02,24.02,11135300,0.0,1.0,UNH
2008-06-13,24.08,24.57,23.86,24.45,24.45,18258400,0.0,1.0,UNH
2008-06-12,25.49,25.54,24.64,24.67,24.67,15830200,0.0,1.0,UNH
2008-06-11,25.85,25.92,25.26,25.42,25.42,11565800,0.0,1.0,UNH
2008-06-10,26.0,26.26,25.84,25.93,25.93,9300200,0.0,1.0,UNH
2008-06-09,26.28,26.45,26.05,26.2,26.2,9009800,0.0,1.0,UNH
2008-06-06,26.82,26.96,26.24,26.27,26.27,12431000,0.0,1.0,UNH
2008-06-05,26.94,27.17,26.7,27.0,27.0,10629800,0.0,1.0,UNH
2008-06-04,26.98,27.13,26.78,26.9,26.9,11208500,0.0,1.0,UNH
2008-06-03,27.08,27.29,26.65,27.01,27.01,9692600,0.0,1.0,UNH
2008-06-02,27.22,27.38,26.78,27.04,27.04,10343700,0.0,1.0,UNH
2008-05-30,27.51,27.63,27.09,27.21,27.21,7643400,0.0,1.0,UNH
2008-05-29,27.13,27.66,27.05,27.44,27.44,11342700,0.0,1.0,UNH
2008-05-28,27.79,28.03,27.21,27.23,27.23,15387500,0.0,1.0,UNH
2008-05-27,27.6,28.03,27.54,27.86,27.86,10348000,0.0,1.0,UNH
2008-05-23,28.24,28.27,27.3,27.64,27.64,12066300,0.0,1.0,UNH
2008-05-22,27.29,28.45,27.05,28.08,28.08,16315500,0.0,1.0,UNH
2008-05-21,27.05,27.47,26.9,27.17,27.17,12849000,0.0,1.0,UNH
2008-05-20,26.77,27.2,26.62,27.09,27.09,19432000,0.0,1.0,UNH
2008-05-19,25.92,26.73,25.81,26.6,26.6,13271900,0.0,1.0,UNH
2008-05-16,25.54,25.92,25.34,25.71,25.71,17738000,0.0,1.0,UNH
2008-05-15,25.54,25.64,25.05,25.22,25.22,16034800,0.0,1.0,UNH
2008-05-14,25.89,26.09,25.47,25.47,25.47,10210200,0.0,1.0,UNH
2008-05-13,26.1,26.32,25.85,25.89,25.89,6172000,0.0,1.0,UNH
2008-05-12,25.96,26.39,25.9,26.08,26.08,5080700,0.0,1.0,UNH
2008-05-09,26.32,26.42,25.95,26.2,26.2,5168500,0.0,1.0,UNH
2008-05-08,26.05,26.7,25.85,26.25,26.25,7207100,0.0,1.0,UNH
2008-05-07,26.04,26.43,25.9,25.98,25.98,8573600,0.0,1.0,UNH
2008-05-06,26.31,26.47,25.9,26.09,26.09,11935500,0.0,1.0,UNH
2008-05-05,26.7,27.07,26.3,26.31,26.31,11348000,0.0,1.0,UNH
2008-05-02,26.27,27.33,26.26,26.62,26.62,12916900,0.0,1.0,UNH
2008-05-01,26.17,26.39,25.71,26.17,26.17,26252600,0.0,1.0,UNH
2008-04-30,26.73,26.73,25.85,25.96,25.96,14293400,0.0,1.0,UNH
2008-04-29,26.62,26.63,26.2,26.57,26.57,10580800,0.0,1.0,UNH
2008-04-28,27.05,27.17,26.62,26.76,26.76,9751200,0.0,1.0,UNH
2008-04-25,26.9,27.28,26.7,27.04,27.04,10066100,0.0,1.0,UNH
2008-04-24,27.44,28.07,26.58,26.72,26.72,10118800,0.0,1.0,UNH
2008-04-23,27.09,27.98,26.86,27.63,27.63,17846700,0.0,1.0,UNH
2008-04-22,26.73,27.88,26.63,27.17,27.17,28718500,0.0,1.0,UNH
2008-04-21,29.46,30.31,29.46,30.08,30.08,8088300,0.0,1.0,UNH
2008-04-18,29.31,29.78,28.68,29.63,29.63,9058800,0.0,1.0,UNH
2008-04-17,28.41,29.2,28.41,29.19,29.19,7013500,0.0,1.0,UNH
2008-04-16,29.46,29.65,28.45,28.48,28.48,11659600,0.0,1.0,UNH
2008-04-15,28.75,30.31,28.7,29.62,29.62,9010100,0.0,1.0,UNH
2008-04-14,28.52,28.88,28.26,28.87,28.87,4541600,0.0,1.0,UNH
2008-04-11,29.04,29.43,28.42,28.53,28.53,7061600,0.0,1.0,UNH
2008-04-10,29.43,30.11,29.05,29.11,29.11,6794700,0.0,1.0,UNH
2008-04-09,30.09,30.45,29.55,29.66,29.66,7126600,0.0,1.0,UNH
2008-04-08,29.04,30.49,29.04,30.29,30.29,12245600,0.0,1.0,UNH
2008-04-07,29.23,29.49,29.03,29.17,29.17,7077800,0.0,1.0,UNH
2008-04-04,28.76,29.18,28.65,29.04,29.04,5706400,0.0,1.0,UNH
2008-04-03,29.15,29.35,28.14,28.76,28.76,11752400,0.0,1.0,UNH
2008-04-02,28.48,29.28,28.48,28.61,28.61,9386800,0.0,1.0,UNH
2008-04-01,27.71,28.84,27.52,28.84,28.84,8887700,0.0,1.0,UNH
2008-03-31,27.0,27.72,26.91,27.33,27.33,14104200,0.06,1.0,UNH
2008-03-28,27.19,27.48,26.92,27.32,27.32,8048500,0.0,1.0,UNH
2008-03-27,27.08,27.33,26.85,27.0,27.0,11709500,0.0,1.0,UNH
2008-03-26,27.99,27.99,26.95,27.08,27.08,15311800,0.0,1.0,UNH
2008-03-25,28.09,28.17,27.64,28.02,28.02,9606500,0.0,1.0,UNH
2008-03-24,28.26,28.59,28.04,28.36,28.36,7288100,0.0,1.0,UNH
2008-03-20,28.23,28.37,27.67,28.05,28.05,12731500,0.0,1.0,UNH
2008-03-19,27.6,29.04,27.41,28.23,28.23,14692900,0.0,1.0,UNH
2008-03-18,27.24,27.84,26.66,27.84,27.84,19636900,0.0,1.0,UNH
2008-03-17,28.48,29.16,26.79,26.87,26.87,21053600,0.0,1.0,UNH
2008-03-14,30.68,31.54,29.09,29.53,29.53,13008400,0.0,1.0,UNH
2008-03-13,29.94,31.49,29.47,30.4,30.4,30377600,0.0,1.0,UNH
2008-03-12,28.3,30.67,27.53,29.13,29.13,35342400,0.0,1.0,UNH
2008-03-11,32.22,32.77,29.64,30.37,30.37,37638000,0.0,1.0,UNH
2008-03-10,35.86,36.31,35.71,35.79,35.79,6165400,0.0,1.0,UNH
2008-03-07,36.21,36.29,35.85,35.9,35.9,7434000,0.0,1.0,UNH
2008-03-06,37.35,37.39,36.33,36.38,36.38,6788000,0.0,1.0,UNH
2008-03-05,37.09,37.62,36.94,37.5,37.5,5990500,0.0,1.0,UNH
2008-03-04,36.54,37.44,36.54,37.13,37.13,8082300,0.0,1.0,UNH
2008-03-03,36.9,36.93,36.17,36.81,36.81,8229300,0.0,1.0,UNH
2008-02-29,37.82,37.88,36.78,36.91,36.91,10785100,0.0,1.0,UNH
2008-02-28,38.84,38.98,38.08,38.12,38.12,5639700,0.0,1.0,UNH
2008-02-27,38.75,39.37,38.75,39.05,39.05,7392400,0.0,1.0,UNH
2008-02-26,37.99,38.88,37.72,38.86,38.86,7154700,0.0,1.0,UNH
2008-02-25,37.56,38.24,37.56,38.1,38.1,6475100,0.0,1.0,UNH
2008-02-22,37.72,38.2,37.12,37.61,37.61,5900800,0.0,1.0,UNH
2008-02-21,38.25,38.25,37.88,37.96,37.96,4833500,0.0,1.0,UNH
2008-02-20,38.26,38.26,37.72,38.2,38.2,5012100,0.0,1.0,UNH
2008-02-19,38.33,38.51,37.94,38.18,38.18,5411200,0.0,1.0,UNH
2008-02-15,37.09,37.91,36.8,37.91,37.91,8617000,0.0,1.0,UNH
2008-02-14,37.23,37.4,36.69,37.01,37.01,7993500,0.0,1.0,UNH
2008-02-13,37.8,37.84,34.94,37.3,37.3,29371900,0.0,1.0,UNH
2008-02-12,38.5,38.63,38.03,38.33,38.33,7282300,0.0,1.0,UNH
2008-02-11,38.28,38.41,37.63,38.29,38.29,6717800,0.0,1.0,UNH
2008-02-08,38.8,38.8,37.79,38.28,38.28,5966200,0.0,1.0,UNH
2008-02-07,38.99,39.4,38.64,38.93,38.93,6909700,0.0,1.0,UNH
2008-02-06,39.42,39.55,39.13,39.21,39.21,6428300,0.0,1.0,UNH
2008-02-05,39.48,39.89,39.23,39.23,39.23,6981300,0.0,1.0,UNH
2008-02-04,39.78,39.85,39.54,39.63,39.63,4484300,0.0,1.0,UNH
2008-02-01,39.99,40.52,39.43,39.78,39.78,7346800,0.0,1.0,UNH
2008-01-31,39.76,40.59,39.17,40.37,40.37,8361900,0.0,1.0,UNH
2008-01-30,40.09,40.74,39.81,39.83,39.83,9818900,0.0,1.0,UNH
2008-01-29,41.47,41.47,39.8,40.32,40.32,9873700,0.0,1.0,UNH
2008-01-28,39.68,41.29,39.38,41.29,41.29,13295200,0.0,1.0,UNH
2008-01-25,39.61,39.86,39.31,39.71,39.71,12519600,0.0,1.0,UNH
2008-01-24,40.0,40.13,39.13,39.56,39.56,11488400,0.0,1.0,UNH
2008-01-23,39.56,40.05,38.21,39.98,39.98,15512200,0.0,1.0,UNH
2008-01-22,41.09,42.07,39.96,40.67,40.67,16447400,0.0,1.0,UNH
2008-01-18,43.39,43.58,42.17,43.2,43.2,9705200,0.0,1.0,UNH
2008-01-17,44.1,44.1,42.71,43.17,43.17,7686000,0.0,1.0,UNH
2008-01-16,43.36,44.68,43.36,43.9,43.9,8403500,0.0,1.0,UNH
2008-01-15,43.68,43.99,43.3,43.64,43.64,6703900,0.0,1.0,UNH
2008-01-14,44.65,44.87,43.74,44.01,44.01,6194000,0.0,1.0,UNH
2008-01-11,44.41,44.94,44.05,44.4,44.4,6135400,0.0,1.0,UNH
2008-01-10,44.4,44.69,43.73,44.54,44.54,6413600,0.0,1.0,UNH
2008-01-09,44.54,45.64,44.27,44.62,44.62,9381400,0.0,1.0,UNH
2008-01-08,45.3,45.64,44.45,44.64,44.64,8142700,0.0,1.0,UNH
2008-01-07,44.1,45.35,44.1,45.17,45.17,6093200,0.0,1.0,UNH
2008-01-04,44.91,45.21,44.42,44.47,44.47,7250600,0.0,1.0,UNH
2008-01-03,45.07,45.49,44.88,45.21,45.21,4864000,0.0,1.0,UNH
2008-01-02,45.41,45.95,44.83,45.0,45.0,7698700,0.0,1.0,UNH
2007-12-31,46.22,46.51,45.95,46.22,46.22,3394900,0.0,1.0,UNH
2007-12-28,46.61,46.85,46.12,46.28,46.28,3735400,0.0,1.0,UNH
2007-12-27,46.22,47.2,46.22,46.34,46.34,4671800,0.0,1.0,UNH
2007-12-26,46.76,46.99,46.65,46.81,46.81,3192300,0.0,1.0,UNH
2007-12-24,46.66,47.22,46.66,46.76,46.76,1934400,0.0,1.0,UNH
2007-12-21,46.08,47.12,46.08,46.84,46.84,11114800,0.0,1.0,UNH
2007-12-20,45.79,46.31,45.34,46.15,46.15,6728800,0.0,1.0,UNH
2007-12-19,45.34,45.79,44.67,45.55,45.55,4455600,0.0,1.0,UNH
2007-12-18,45.26,45.64,44.74,45.42,45.42,6548300,0.0,1.0,UNH
2007-12-17,44.95,45.42,44.76,44.94,44.94,5754600,0.0,1.0,UNH
2007-12-14,44.68,45.61,43.76,45.05,45.05,6931000,0.0,1.0,UNH
2007-12-13,45.26,45.81,44.93,45.29,45.29,8543000,0.0,1.0,UNH
2007-12-12,45.64,46.33,45.47,45.64,45.64,13495200,0.0,1.0,UNH
2007-12-11,45.93,46.18,45.21,45.32,45.32,11885800,0.0,1.0,UNH
2007-12-10,44.99,46.02,44.85,45.95,45.95,11171800,0.0,1.0,UNH
2007-12-07,44.45,45.26,43.89,44.99,44.99,8187700,0.0,1.0,UNH
2007-12-06,43.06,44.47,43.0,44.45,44.45,6723600,0.0,1.0,UNH
2007-12-05,43.63,43.63,43.06,43.42,43.42,10883600,0.0,1.0,UNH
2007-12-04,43.1,43.67,42.8,43.14,43.14,9493200,0.0,1.0,UNH
2007-12-03,43.33,43.62,42.91,43.38,43.38,7170700,0.0,1.0,UNH
2007-11-30,43.64,43.68,42.93,43.68,43.68,6047100,0.0,1.0,UNH
2007-11-29,43.37,43.65,43.34,43.49,43.49,6164600,0.0,1.0,UNH
2007-11-28,43.35,43.52,42.61,43.45,43.45,8769300,0.0,1.0,UNH
2007-11-27,42.35,43.22,42.25,43.11,43.11,7889600,0.0,1.0,UNH
2007-11-26,42.91,43.53,42.34,42.39,42.39,6500600,0.0,1.0,UNH
2007-11-23,42.61,43.0,42.6,42.94,42.94,2963700,0.0,1.0,UNH
2007-11-21,42.84,43.2,42.17,42.41,42.41,7021500,0.0,1.0,UNH
2007-11-20,42.46,43.24,42.37,42.94,42.94,8674200,0.0,1.0,UNH
2007-11-19,42.29,42.64,42.1,42.48,42.48,8233200,0.0,1.0,UNH
2007-11-16,42.3,42.67,42.0,42.42,42.42,8204700,0.0,1.0,UNH
2007-11-15,41.87,42.72,41.87,42.1,42.1,7615200,0.0,1.0,UNH
2007-11-14,42.5,42.62,41.82,42.12,42.12,7846700,0.0,1.0,UNH
2007-11-13,41.93,42.33,41.63,42.33,42.33,11340300,0.0,1.0,UNH
2007-11-12,40.88,42.09,40.88,41.8,41.8,13544100,0.0,1.0,UNH
2007-11-09,39.86,41.47,39.62,41.03,41.03,16514700,0.0,1.0,UNH
2007-11-08,39.78,39.98,39.34,39.94,39.94,7339100,0.0,1.0,UNH
2007-11-07,39.51,40.13,39.32,39.59,39.59,10515700,0.0,1.0,UNH
2007-11-06,39.03,39.43,38.83,39.38,39.38,4752000,0.0,1.0,UNH
2007-11-05,38.51,39.28,38.51,39.01,39.01,6618400,0.0,1.0,UNH
2007-11-02,38.35,38.94,38.21,38.86,38.86,7492800,0.0,1.0,UNH
2007-11-01,38.77,39.25,38.51,38.55,38.55,6727600,0.0,1.0,UNH
2007-10-31,38.55,39.4,38.43,39.03,39.03,9457100,0.0,1.0,UNH
2007-10-30,37.93,38.28,37.64,38.04,38.04,5111300,0.0,1.0,UNH
2007-10-29,38.3,38.51,37.96,38.08,38.08,4789800,0.0,1.0,UNH
2007-10-26,38.61,38.74,37.32,38.11,38.11,6127600,0.0,1.0,UNH
2007-10-25,38.49,38.88,38.26,38.54,38.54,6569800,0.0,1.0,UNH
2007-10-24,39.11,39.24,38.04,38.49,38.49,7371800,0.0,1.0,UNH
2007-10-23,38.26,39.02,38.24,38.78,38.78,6565100,0.0,1.0,UNH
2007-10-22,37.51,38.26,37.39,38.22,38.22,7585700,0.0,1.0,UNH
2007-10-19,37.91,38.09,37.62,37.68,37.68,11601200,0.0,1.0,UNH
2007-10-18,38.91,38.91,38.05,38.2,38.2,20643600,0.0,1.0,UNH
2007-10-17,38.51,39.24,38.32,38.59,38.59,5703600,0.0,1.0,UNH
2007-10-16,38.84,39.0,38.4,38.51,38.51,6462000,0.0,1.0,UNH
2007-10-15,39.51,39.51,38.71,38.86,38.86,8021300,0.0,1.0,UNH
2007-10-12,39.1,39.69,39.03,39.46,39.46,9159300,0.0,1.0,UNH
2007-10-11,39.34,39.39,39.07,39.18,39.18,10103300,0.0,1.0,UNH
2007-10-10,38.5,39.45,38.47,39.17,39.17,13164600,0.0,1.0,UNH
2007-10-09,37.95,38.51,37.93,38.51,38.51,7991400,0.0,1.0,UNH
2007-10-08,37.88,38.09,37.86,37.97,37.97,3853800,0.0,1.0,UNH
2007-10-05,37.67,38.13,37.62,37.88,37.88,7696600,0.0,1.0,UNH
2007-10-04,37.66,37.83,37.44,37.62,37.62,8023900,0.0,1.0,UNH
2007-10-03,37.96,37.96,37.0,37.36,37.36,13402800,0.0,1.0,UNH
2007-10-02,38.28,38.44,37.66,38.03,38.03,8577600,0.0,1.0,UNH
2007-10-01,38.81,38.9,38.05,38.23,38.23,7450800,0.0,1.0,UNH
2007-09-28,38.93,38.93,38.12,38.46,38.46,12939200,0.0,1.0,UNH
2007-09-27,39.27,39.29,39.1,39.12,39.12,7162100,0.0,1.0,UNH
2007-09-26,39.32,39.34,39.01,39.16,39.16,8035400,0.0,1.0,UNH
2007-09-25,39.33,39.63,39.25,39.29,39.29,7868700,0.0,1.0,UNH
2007-09-24,39.71,39.78,39.25,39.36,39.36,12594500,0.0,1.0,UNH
2007-09-21,39.84,39.84,39.53,39.63,39.63,9616200,0.0,1.0,UNH
2007-09-20,39.55,39.71,39.35,39.55,39.55,5387300,0.0,1.0,UNH
2007-09-19,39.9,40.05,39.39,39.58,39.58,7488600,0.0,1.0,UNH
2007-09-18,39.79,40.09,39.33,39.78,39.78,9324900,0.0,1.0,UNH
2007-09-17,39.49,39.79,39.36,39.67,39.67,6284300,0.0,1.0,UNH
2007-09-14,39.13,39.83,39.06,39.63,39.63,7101700,0.0,1.0,UNH
2007-09-13,39.43,39.59,39.22,39.35,39.35,5046800,0.0,1.0,UNH
2007-09-12,39.33,39.5,39.19,39.28,39.28,6619700,0.0,1.0,UNH
2007-09-11,39.24,39.49,38.74,39.36,39.36,5778100,0.0,1.0,UNH
2007-09-10,39.18,39.29,38.89,39.01,39.01,6124300,0.0,1.0,UNH
2007-09-07,39.03,39.31,38.9,39.06,39.06,4200100,0.0,1.0,UNH
2007-09-06,38.93,39.48,38.93,39.39,39.39,4168900,0.0,1.0,UNH
2007-09-05,39.59,39.71,39.02,39.14,39.14,6183800,0.0,1.0,UNH
2007-09-04,39.79,40.3,39.7,39.86,39.86,7922300,0.0,1.0,UNH
2007-08-31,39.15,39.94,38.92,39.71,39.71,9211400,0.0,1.0,UNH
2007-08-30,38.66,39.3,38.38,38.95,38.95,6553300,0.0,1.0,UNH
2007-08-29,38.76,38.91,38.33,38.66,38.66,6245200,0.0,1.0,UNH
2007-08-28,39.2,39.42,38.6,38.62,38.62,5267400,0.0,1.0,UNH
2007-08-27,39.24,39.66,39.06,39.06,39.06,4221300,0.0,1.0,UNH
2007-08-24,38.43,39.54,38.25,39.4,39.4,6220000,0.0,1.0,UNH
2007-08-23,38.83,38.91,38.39,38.61,38.61,5916500,0.0,1.0,UNH
2007-08-22,38.91,39.09,38.2,38.63,38.63,10318200,0.0,1.0,UNH
2007-08-21,39.35,39.64,39.13,39.36,39.36,5805300,0.0,1.0,UNH
2007-08-20,39.8,40.08,39.09,39.35,39.35,7082900,0.0,1.0,UNH
2007-08-17,39.26,39.6,38.83,39.55,39.55,9515400,0.0,1.0,UNH
2007-08-16,38.59,39.01,38.09,38.8,38.8,9655400,0.0,1.0,UNH
2007-08-15,38.79,39.78,38.71,39.01,39.01,10229600,0.0,1.0,UNH
2007-08-14,39.14,39.21,38.25,38.5,38.5,6202000,0.0,1.0,UNH
2007-08-13,38.0,39.7,37.96,38.94,38.94,12146600,0.0,1.0,UNH
2007-08-10,36.85,38.17,36.57,37.7,37.7,11879500,0.0,1.0,UNH
2007-08-09,37.95,38.09,36.55,36.79,36.79,14537200,0.0,1.0,UNH
2007-08-08,38.36,38.36,37.28,37.78,37.78,10244600,0.0,1.0,UNH
2007-08-07,38.4,38.97,36.39,38.11,38.11,9495000,0.0,1.0,UNH
2007-08-06,37.92,38.55,37.73,38.51,38.51,9647900,0.0,1.0,UNH
2007-08-03,39.11,39.11,37.64,37.72,37.72,10970100,0.0,1.0,UNH
2007-08-02,37.72,38.75,37.72,38.4,38.4,10394800,0.0,1.0,UNH
2007-08-01,38.31,38.81,37.61,38.11,38.11,11590900,0.0,1.0,UNH
2007-07-31,39.04,39.09,38.22,38.46,38.46,10434800,0.0,1.0,UNH
2007-07-30,39.23,39.9,38.71,38.86,38.86,7892100,0.0,1.0,UNH
2007-07-27,39.63,40.01,38.99,39.01,39.01,10559500,0.0,1.0,UNH
2007-07-26,40.11,40.59,39.55,39.87,39.87,8703200,0.0,1.0,UNH
2007-07-25,40.49,40.83,40.26,40.67,40.67,8547700,0.0,1.0,UNH
2007-07-24,40.63,40.94,40.47,40.5,40.5,8679200,0.0,1.0,UNH
2007-07-23,40.9,41.02,40.55,40.63,40.63,6810200,0.0,1.0,UNH
2007-07-20,41.03,41.21,40.32,40.75,40.75,9549000,0.0,1.0,UNH
2007-07-19,41.25,41.53,40.74,41.21,41.21,17658500,0.0,1.0,UNH
2007-07-18,42.89,42.96,42.2,42.55,42.55,9001700,0.0,1.0,UNH
2007-07-17,41.82,42.42,41.76,42.09,42.09,5691200,0.0,1.0,UNH
2007-07-16,42.8,42.8,41.98,42.05,42.05,6168300,0.0,1.0,UNH
2007-07-13,42.09,42.15,41.59,42.07,42.07,4476300,0.0,1.0,UNH
2007-07-12,40.8,42.17,40.6,42.16,42.16,12038400,0.0,1.0,UNH
2007-07-11,40.84,41.21,40.62,40.82,40.82,12962500,0.0,1.0,UNH
2007-07-10,41.09,41.67,40.87,40.94,40.94,7001600,0.0,1.0,UNH
2007-07-09,42.09,42.14,41.25,41.27,41.27,7362800,0.0,1.0,UNH
2007-07-06,41.71,42.23,41.38,42.1,42.1,4825800,0.0,1.0,UNH
2007-07-05,41.4,41.73,41.06,41.65,41.65,6866000,0.0,1.0,UNH
2007-07-03,41.47,41.64,41.09,41.4,41.4,2751200,0.0,1.0,UNH
2007-07-02,40.97,41.47,40.88,41.47,41.47,6847500,0.0,1.0,UNH
2007-06-29,41.69,42.09,40.26,40.61,40.61,10126000,0.0,1.0,UNH
2007-06-28,40.92,41.57,40.86,41.37,41.37,6556300,0.0,1.0,UNH
2007-06-27,40.66,41.1,40.54,41.09,41.09,4839800,0.0,1.0,UNH
2007-06-26,41.13,41.33,40.79,41.13,41.13,5170500,0.0,1.0,UNH
2007-06-25,40.94,41.12,40.67,40.9,40.9,6007200,0.0,1.0,UNH
2007-06-22,41.04,41.21,40.52,40.74,40.74,7963200,0.0,1.0,UNH
2007-06-21,40.9,41.12,40.6,41.11,41.11,7153500,0.0,1.0,UNH
2007-06-20,41.87,41.92,40.81,40.9,40.9,12729100,0.0,1.0,UNH
2007-06-19,41.84,42.03,41.77,41.88,41.88,5666400,0.0,1.0,UNH
2007-06-18,41.94,42.24,41.82,41.98,41.98,4328700,0.0,1.0,UNH
2007-06-15,42.18,42.29,41.91,42.01,42.01,7574800,0.0,1.0,UNH
2007-06-14,42.25,42.25,41.93,42.05,42.05,4175300,0.0,1.0,UNH
2007-06-13,42.29,42.29,41.57,42.17,42.17,7285000,0.0,1.0,UNH
2007-06-12,42.01,42.33,41.9,42.08,42.08,6583200,0.0,1.0,UNH
2007-06-11,42.42,42.64,42.13,42.24,42.24,4416600,0.0,1.0,UNH
2007-06-08,42.52,42.75,42.1,42.62,42.62,5842100,0.0,1.0,UNH
2007-06-07,42.14,43.07,42.14,42.37,42.37,6274200,0.0,1.0,UNH
2007-06-06,43.13,43.38,42.74,42.86,42.86,4652900,0.0,1.0,UNH
2007-06-05,43.64,43.78,43.14,43.44,43.44,5617800,0.0,1.0,UNH
2007-06-04,43.6,44.03,43.6,43.83,43.83,4580400,0.0,1.0,UNH
2007-06-01,43.63,44.05,43.53,43.84,43.84,6150700,0.0,1.0,UNH
2007-05-31,43.48,43.93,43.29,43.49,43.49,7238100,0.0,1.0,UNH
2007-05-30,43.14,43.6,43.06,43.33,43.33,4266900,0.0,1.0,UNH
2007-05-29,43.2,43.51,43.2,43.33,43.33,5129700,0.0,1.0,UNH
2007-05-25,43.36,43.37,42.91,43.21,43.21,4909800,0.0,1.0,UNH
2007-05-24,42.71,43.22,42.62,43.05,43.05,8538300,0.0,1.0,UNH
2007-05-23,42.79,43.08,42.57,42.83,42.83,6721000,0.0,1.0,UNH
2007-05-22,42.8,43.16,42.37,42.79,42.79,6655700,0.0,1.0,UNH
2007-05-21,42.44,43.08,42.18,42.48,42.48,6847900,0.0,1.0,UNH
2007-05-18,42.67,42.72,42.2,42.46,42.46,5922600,0.0,1.0,UNH
2007-05-17,42.54,42.88,42.27,42.6,42.6,4840800,0.0,1.0,UNH
2007-05-16,41.97,42.74,41.76,42.72,42.72,6847500,0.0,1.0,UNH
2007-05-15,42.0,42.2,41.71,41.83,41.83,6632000,0.0,1.0,UNH
2007-05-14,42.43,42.48,41.91,41.95,41.95,5883800,0.0,1.0,UNH
2007-05-11,42.11,42.72,41.98,42.56,42.56,7440700,0.0,1.0,UNH
2007-05-10,41.96,42.55,41.29,42.1,42.1,4780800,0.0,1.0,UNH
2007-05-09,42.17,42.48,41.88,42.16,42.16,6941500,0.0,1.0,UNH
2007-05-08,42.09,42.29,41.91,42.17,42.17,8615500,0.0,1.0,UNH
2007-05-07,42.56,42.82,42.21,42.29,42.29,8083500,0.0,1.0,UNH
2007-05-04,42.21,42.75,42.09,42.54,42.54,5999900,0.0,1.0,UNH
2007-05-03,42.84,42.88,42.08,42.24,42.24,7602000,0.0,1.0,UNH
2007-05-02,42.17,42.84,41.87,42.71,42.71,7340900,0.0,1.0,UNH
2007-05-01,42.02,42.09,41.64,41.89,41.89,9132800,0.0,1.0,UNH
2007-04-30,42.53,42.53,41.88,42.14,42.14,7393900,0.0,1.0,UNH
2007-04-27,41.87,42.29,41.87,42.21,42.21,6330800,0.0,1.0,UNH
2007-04-26,42.37,42.58,41.44,41.86,41.86,14477500,0.0,1.0,UNH
2007-04-25,42.8,42.8,41.56,42.04,42.04,14426200,0.0,1.0,UNH
2007-04-24,42.8,43.18,42.37,43.06,43.06,9378500,0.0,1.0,UNH
2007-04-23,42.25,42.91,42.09,42.84,42.84,7865400,0.0,1.0,UNH
2007-04-20,41.68,42.76,41.38,42.25,42.25,13710900,0.0,1.0,UNH
2007-04-19,40.82,41.68,40.7,41.33,41.33,19605100,0.0,1.0,UNH
2007-04-18,43.06,43.64,42.78,43.05,43.05,7377000,0.0,1.0,UNH
2007-04-17,43.5,43.79,42.95,43.37,43.37,12462200,0.0,1.0,UNH
2007-04-16,42.06,42.76,41.89,42.76,42.76,6470900,0.0,1.0,UNH
2007-04-13,42.37,42.37,41.45,42.05,42.05,6946800,0.0,1.0,UNH
2007-04-12,42.02,42.37,41.9,42.18,42.18,5216000,0.0,1.0,UNH
2007-04-11,42.78,43.05,42.01,42.2,42.2,10239700,0.0,1.0,UNH
2007-04-10,43.56,43.75,42.81,43.07,43.07,8314800,0.0,1.0,UNH
2007-04-09,43.79,43.98,43.52,43.58,43.58,8099000,0.0,1.0,UNH
2007-04-05,43.53,44.39,43.45,43.94,43.94,9043800,0.0,1.0,UNH
2007-04-04,43.37,43.99,43.2,43.72,43.72,8705200,0.0,1.0,UNH
2007-04-03,42.98,43.56,42.88,43.37,43.37,9027800,0.0,1.0,UNH
2007-04-02,42.41,42.84,42.19,42.67,42.67,8847400,0.0,1.0,UNH
2007-03-30,41.96,42.27,41.71,42.06,42.06,8706200,0.0,1.0,UNH
2007-03-29,42.59,42.68,41.57,41.96,41.96,26372300,0.03,1.0,UNH
2007-03-28,43.83,45.03,43.33,43.48,43.48,12456100,0.0,1.0,UNH
2007-03-27,44.89,44.93,43.57,44.33,44.33,15167800,0.0,1.0,UNH
2007-03-26,44.67,45.32,44.6,45.14,45.14,9689000,0.0,1.0,UNH
2007-03-23,44.02,45.03,43.87,44.85,44.85,8674100,0.0,1.0,UNH
2007-03-22,43.73,44.63,43.37,44.2,44.2,12849200,0.0,1.0,UNH
2007-03-21,42.9,43.76,42.3,43.67,43.67,13092400,0.0,1.0,UNH
2007-03-20,43.1,43.58,42.76,42.94,42.94,9084100,0.0,1.0,UNH
2007-03-19,42.49,43.27,42.33,43.1,43.1,7729800,0.0,1.0,UNH
2007-03-16,43.1,43.36,41.98,42.17,42.17,12425700,0.0,1.0,UNH
2007-03-15,42.36,43.04,42.21,42.9,42.9,6508200,0.0,1.0,UNH
2007-03-14,42.38,42.82,41.85,42.36,42.36,8599100,0.0,1.0,UNH
2007-03-13,42.28,42.87,42.04,42.06,42.06,10299700,0.0,1.0,UNH
2007-03-12,42.26,42.55,41.8,42.28,42.28,6895600,0.0,1.0,UNH
2007-03-09,42.46,42.7,41.94,42.06,42.06,4786100,0.0,1.0,UNH
2007-03-08,42.99,43.06,42.15,42.33,42.33,6038300,0.0,1.0,UNH
2007-03-07,42.71,42.86,42.15,42.7,42.7,6584300,0.0,1.0,UNH
2007-03-06,43.15,43.25,42.49,42.84,42.84,13281200,0.0,1.0,UNH
2007-03-05,42.7,43.53,42.01,42.03,42.03,9355200,0.0,1.0,UNH
2007-03-02,43.14,43.71,42.06,43.0,43.0,13175700,0.0,1.0,UNH
2007-03-01,41.26,42.22,40.67,41.86,41.86,8698200,0.0,1.0,UNH
2007-02-28,41.29,41.84,41.04,41.41,41.41,7015300,0.0,1.0,UNH
2007-02-27,42.24,42.6,40.43,41.04,41.04,8615400,0.0,1.0,UNH
2007-02-26,42.2,42.34,41.8,42.23,42.23,4700700,0.0,1.0,UNH
2007-02-23,42.92,43.09,41.97,42.09,42.09,4587700,0.0,1.0,UNH
2007-02-22,42.71,42.86,42.42,42.63,42.63,3893100,0.0,1.0,UNH
2007-02-21,42.72,42.96,42.23,42.48,42.48,4792000,0.0,1.0,UNH
2007-02-20,43.29,43.61,42.55,42.71,42.71,6237000,0.0,1.0,UNH
2007-02-16,42.47,43.08,42.4,42.82,42.82,6276000,0.0,1.0,UNH
2007-02-15,41.27,42.98,41.25,42.55,42.55,8389500,0.0,1.0,UNH
2007-02-14,41.04,41.22,40.72,40.98,40.98,5125200,0.0,1.0,UNH
2007-02-13,41.22,41.43,40.84,40.96,40.96,6080700,0.0,1.0,UNH
2007-02-12,40.83,41.26,40.78,40.97,40.97,4360200,0.0,1.0,UNH
2007-02-09,40.7,40.89,40.28,40.38,40.38,4438700,0.0,1.0,UNH
2007-02-08,40.7,41.0,40.61,40.67,40.67,4105700,0.0,1.0,UNH
2007-02-07,40.79,40.79,40.47,40.67,40.67,5172000,0.0,1.0,UNH
2007-02-06,41.11,41.18,40.09,40.47,40.47,10969400,0.0,1.0,UNH
2007-02-05,41.23,41.93,41.16,41.53,41.53,6472500,0.0,1.0,UNH
2007-02-02,41.94,42.42,41.87,41.99,41.99,4959500,0.0,1.0,UNH
2007-02-01,41.48,42.24,41.1,41.9,41.9,4694500,0.0,1.0,UNH
2007-01-31,41.67,41.67,40.83,41.48,41.48,4265600,0.0,1.0,UNH
2007-01-30,41.29,41.69,41.12,41.44,41.44,5881200,0.0,1.0,UNH
2007-01-29,40.75,41.28,40.75,41.06,41.06,5026500,0.0,1.0,UNH
2007-01-26,41.32,41.38,40.7,40.9,40.9,4097600,0.0,1.0,UNH
2007-01-25,41.11,41.59,41.11,41.35,41.35,4976800,0.0,1.0,UNH
2007-01-24,40.72,41.52,40.29,41.11,41.11,8157300,0.0,1.0,UNH
2007-01-23,41.43,41.63,40.79,40.85,40.85,7639300,0.0,1.0,UNH
2007-01-22,42.22,42.26,41.31,41.42,41.42,8795700,0.0,1.0,UNH
2007-01-19,42.7,42.7,42.13,42.22,42.22,8131200,0.0,1.0,UNH
2007-01-18,42.86,43.33,42.35,42.7,42.7,13144300,0.0,1.0,UNH
2007-01-17,44.4,44.67,44.06,44.17,44.17,6731900,0.0,1.0,UNH
2007-01-16,43.65,44.4,43.43,44.25,44.25,8213400,0.0,1.0,UNH
2007-01-12,43.17,43.92,43.06,43.73,43.73,8345700,0.0,1.0,UNH
2007-01-11,42.15,43.25,42.02,43.21,43.21,5491000,0.0,1.0,UNH
2007-01-10,41.92,42.26,41.43,41.93,41.93,5075600,0.0,1.0,UNH
2007-01-09,42.32,42.34,41.61,41.81,41.81,5483900,0.0,1.0,UNH
2007-01-08,41.52,42.45,41.44,42.32,42.32,4344100,0.0,1.0,UNH
2007-01-05,41.97,42.1,41.21,41.71,41.71,6215700,0.0,1.0,UNH
2007-01-04,41.67,42.06,41.31,41.99,41.99,5152500,0.0,1.0,UNH
2007-01-03,42.7,43.13,41.52,41.72,41.72,8360300,0.0,1.0,UNH
2006-12-29,42.41,42.89,42.38,42.64,42.64,4410400,0.0,1.0,UNH
2006-12-28,41.99,42.66,41.96,42.59,42.59,3626100,0.0,1.0,UNH
2006-12-27,41.48,42.54,41.31,42.37,42.37,4915000,0.0,1.0,UNH
2006-12-26,42.6,42.72,42.06,42.25,42.25,2317000,0.0,1.0,UNH
2006-12-22,42.67,42.79,41.99,42.42,42.42,4569100,0.0,1.0,UNH
2006-12-21,42.77,43.22,42.56,42.8,42.8,8171700,0.0,1.0,UNH
2006-12-20,41.67,42.62,41.54,42.51,42.51,10252900,0.0,1.0,UNH
2006-12-19,40.08,41.69,40.07,41.53,41.53,13074400,0.0,1.0,UNH
2006-12-18,39.84,40.1,39.67,40.0,40.0,5465300,0.0,1.0,UNH
2006-12-15,39.56,39.8,39.0,39.75,39.75,7423600,0.0,1.0,UNH
2006-12-14,39.68,39.85,39.36,39.44,39.44,7522900,0.0,1.0,UNH
2006-12-13,40.02,40.13,39.4,39.45,39.45,6556600,0.0,1.0,UNH
2006-12-12,39.61,39.98,39.49,39.71,39.71,7116500,0.0,1.0,UNH
2006-12-11,39.6,39.93,39.17,39.75,39.75,4475300,0.0,1.0,UNH
2006-12-08,39.18,39.64,39.11,39.61,39.61,6141000,0.0,1.0,UNH
2006-12-07,38.95,39.88,38.89,39.28,39.28,10122900,0.0,1.0,UNH
2006-12-06,38.91,39.0,38.67,38.9,38.9,9797200,0.0,1.0,UNH
2006-12-05,38.97,39.02,38.64,38.79,38.79,4601200,0.0,1.0,UNH
2006-12-04,38.77,39.31,38.59,38.82,38.82,7844100,0.0,1.0,UNH
2006-12-01,39.24,39.56,38.48,38.75,38.75,7665800,0.0,1.0,UNH
2006-11-30,38.06,39.27,38.02,38.95,38.95,11434700,0.0,1.0,UNH
2006-11-29,37.67,37.79,37.25,37.75,37.75,8221000,0.0,1.0,UNH
2006-11-28,36.71,38.1,36.71,37.57,37.57,9759500,0.0,1.0,UNH
2006-11-27,37.06,37.21,36.65,36.65,36.65,5616900,0.0,1.0,UNH
2006-11-24,36.83,37.3,36.66,37.07,37.07,1842400,0.0,1.0,UNH
2006-11-22,36.69,37.05,36.68,36.95,36.95,4855300,0.0,1.0,UNH
2006-11-21,37.3,37.3,36.66,36.77,36.77,6131700,0.0,1.0,UNH
2006-11-20,37.87,37.99,37.09,37.15,37.15,6017800,0.0,1.0,UNH
2006-11-17,37.78,37.84,37.21,37.5,37.5,5714800,0.0,1.0,UNH
2006-11-16,38.25,38.33,37.7,37.79,37.79,5271300,0.0,1.0,UNH
2006-11-15,37.61,38.16,37.58,38.06,38.06,7700300,0.0,1.0,UNH
2006-11-14,37.32,37.71,37.19,37.65,37.65,8889300,0.0,1.0,UNH
2006-11-13,36.7,37.19,36.35,37.1,37.1,9117500,0.0,1.0,UNH
2006-11-10,36.07,36.9,35.94,36.6,36.6,10615800,0.0,1.0,UNH
2006-11-09,38.1,38.1,35.81,35.93,35.93,21445100,0.0,1.0,UNH
2006-11-08,38.33,38.63,37.6,38.1,38.1,15683000,0.0,1.0,UNH
2006-11-07,38.7,39.68,38.37,39.34,39.34,9393900,0.0,1.0,UNH
2006-11-06,37.97,38.67,37.96,38.42,38.42,6218100,0.0,1.0,UNH
2006-11-03,38.69,38.69,37.67,37.96,37.96,6676300,0.0,1.0,UNH
2006-11-02,38.17,39.05,38.17,38.59,38.59,5651900,0.0,1.0,UNH
2006-11-01,39.16,39.32,37.98,38.33,38.33,5523200,0.0,1.0,UNH
2006-10-31,38.97,39.12,38.53,38.71,38.71,6353500,0.0,1.0,UNH
2006-10-30,39.4,39.52,38.68,38.91,38.91,5325600,0.0,1.0,UNH
2006-10-27,39.09,39.61,38.83,39.21,39.21,5413500,0.0,1.0,UNH
2006-10-26,39.13,39.4,38.81,39.18,39.18,7951800,0.0,1.0,UNH
2006-10-25,39.56,39.6,38.44,38.6,38.6,13030300,0.0,1.0,UNH
2006-10-24,40.08,40.31,39.55,39.56,39.56,7961900,0.0,1.0,UNH
2006-10-23,40.29,40.62,39.94,40.19,40.19,6835900,0.0,1.0,UNH
2006-10-20,40.36,40.83,40.14,40.24,40.24,12075800,0.0,1.0,UNH
2006-10-19,38.72,40.5,38.72,40.2,40.2,21289100,0.0,1.0,UNH
2006-10-18,37.31,38.12,37.02,38.1,38.1,9840300,0.0,1.0,UNH
2006-10-17,37.52,37.83,36.99,37.09,37.09,15103400,0.0,1.0,UNH
2006-10-16,37.78,39.97,37.42,37.73,37.73,32185700,0.0,1.0,UNH
2006-10-13,39.09,39.21,38.51,38.69,38.69,7707300,0.0,1.0,UNH
2006-10-12,39.68,39.68,38.95,39.38,39.38,5007900,0.0,1.0,UNH
2006-10-11,39.38,39.98,39.13,39.76,39.76,4648900,0.0,1.0,UNH
2006-10-10,40.44,40.46,39.33,39.4,39.4,5325500,0.0,1.0,UNH
2006-10-09,40.87,40.87,40.17,40.25,40.25,3768100,0.0,1.0,UNH
2006-10-06,40.23,41.75,40.13,40.87,40.87,9803400,0.0,1.0,UNH
2006-10-05,39.06,40.26,38.97,40.21,40.21,5942600,0.0,1.0,UNH
2006-10-04,39.16,39.44,38.9,39.33,39.33,5259800,0.0,1.0,UNH
2006-10-03,39.23,39.51,38.85,39.35,39.35,4814500,0.0,1.0,UNH
2006-10-02,38.98,39.35,38.51,39.23,39.23,4923600,0.0,1.0,UNH
2006-09-29,39.13,39.48,38.82,39.05,39.05,5875600,0.0,1.0,UNH
2006-09-28,39.05,39.29,38.89,39.25,39.25,3614400,0.0,1.0,UNH
2006-09-27,38.59,39.14,38.02,38.95,38.95,6510100,0.0,1.0,UNH
2006-09-26,39.25,39.25,38.53,38.59,38.59,5621500,0.0,1.0,UNH
2006-09-25,39.22,39.31,38.33,38.75,38.75,5900000,0.0,1.0,UNH
2006-09-22,39.92,39.92,38.81,38.87,38.87,7753300,0.0,1.0,UNH
2006-09-21,40.78,41.19,39.7,39.91,39.91,4932000,0.0,1.0,UNH
2006-09-20,41.06,41.26,40.84,40.9,40.9,2802900,0.0,1.0,UNH
2006-09-19,41.11,41.39,40.57,41.17,41.17,4244500,0.0,1.0,UNH
2006-09-18,41.39,41.94,41.21,41.34,41.34,5669200,0.0,1.0,UNH
2006-09-15,41.3,41.57,41.19,41.44,41.44,5922000,0.0,1.0,UNH
2006-09-14,41.31,41.43,40.87,41.12,41.12,3341600,0.0,1.0,UNH
2006-09-13,41.48,41.89,41.21,41.31,41.31,3840300,0.0,1.0,UNH
2006-09-12,41.21,41.8,40.98,41.69,41.69,5188400,0.0,1.0,UNH
2006-09-11,39.87,41.07,39.85,40.95,40.95,3799000,0.0,1.0,UNH
2006-09-08,40.16,40.58,39.95,40.4,40.4,3330700,0.0,1.0,UNH
2006-09-07,40.08,40.33,39.66,39.85,39.85,2410100,0.0,1.0,UNH
2006-09-06,40.09,40.56,39.45,40.02,40.02,4551300,0.0,1.0,UNH
2006-09-05,41.19,41.25,40.2,40.24,40.24,4540100,0.0,1.0,UNH
2006-09-01,41.23,41.29,40.74,41.11,41.11,4312600,0.0,1.0,UNH
2006-08-31,41.07,41.29,40.67,41.23,41.23,4325200,0.0,1.0,UNH
2006-08-30,40.7,41.33,40.46,41.07,41.07,4515800,0.0,1.0,UNH
2006-08-29,40.28,40.94,40.16,40.5,40.5,3936000,0.0,1.0,UNH
2006-08-28,40.11,41.07,40.06,40.74,40.74,4092200,0.0,1.0,UNH
2006-08-25,40.28,40.53,39.8,40.38,40.38,2908200,0.0,1.0,UNH
2006-08-24,39.44,40.71,39.4,40.6,40.6,5342400,0.0,1.0,UNH
2006-08-23,39.4,39.64,39.25,39.4,39.4,2213900,0.0,1.0,UNH
2006-08-22,39.29,39.83,39.25,39.4,39.4,3905500,0.0,1.0,UNH
2006-08-21,38.9,39.63,38.9,39.33,39.33,3092200,0.0,1.0,UNH
2006-08-18,38.85,39.32,38.51,39.29,39.29,5029900,0.0,1.0,UNH
2006-08-17,38.21,39.19,38.19,38.92,38.92,5228300,0.0,1.0,UNH
2006-08-16,38.33,38.49,37.97,38.21,38.21,4098200,0.0,1.0,UNH
2006-08-15,38.25,38.33,37.9,38.2,38.2,3074000,0.0,1.0,UNH
2006-08-14,38.1,38.21,37.71,37.83,37.83,4225700,0.0,1.0,UNH
2006-08-11,37.54,37.89,37.29,37.75,37.75,3743600,0.0,1.0,UNH
2006-08-10,37.54,37.98,36.9,37.62,37.62,10786800,0.0,1.0,UNH
2006-08-09,39.58,39.66,38.81,38.87,38.87,3533400,0.0,1.0,UNH
2006-08-08,38.75,39.45,38.71,39.22,39.22,4884300,0.0,1.0,UNH
2006-08-07,38.34,38.84,38.21,38.48,38.48,2977800,0.0,1.0,UNH
2006-08-04,38.33,38.97,38.02,38.54,38.54,5253900,0.0,1.0,UNH
2006-08-03,38.6,38.71,37.8,37.91,37.91,5074900,0.0,1.0,UNH
2006-08-02,38.67,39.37,38.44,38.55,38.55,7799900,0.0,1.0,UNH
2006-08-01,37.7,38.1,37.67,37.95,37.95,4002600,0.0,1.0,UNH
2006-07-31,37.7,38.61,37.52,37.96,37.96,6357800,0.0,1.0,UNH
2006-07-28,39.56,40.11,37.67,37.98,37.98,10645700,0.0,1.0,UNH
2006-07-27,38.65,39.33,37.62,39.25,39.25,15388600,0.0,1.0,UNH
2006-07-26,40.67,40.81,39.9,40.1,40.1,5497400,0.0,1.0,UNH
2006-07-25,40.33,41.01,40.06,40.87,40.87,5764600,0.0,1.0,UNH
2006-07-24,39.76,40.38,39.63,40.32,40.32,7216400,0.0,1.0,UNH
2006-07-21,40.0,40.0,39.17,39.68,39.68,7790900,0.0,1.0,UNH
2006-07-20,41.22,41.22,39.26,39.85,39.85,10538600,0.0,1.0,UNH
2006-07-19,39.61,40.59,39.4,40.42,40.42,17651000,0.0,1.0,UNH
2006-07-18,38.09,38.74,37.6,38.41,38.41,9171400,0.0,1.0,UNH
2006-07-17,37.56,38.41,37.52,37.82,37.82,4742500,0.0,1.0,UNH
2006-07-14,37.98,38.02,37.28,37.74,37.74,5044400,0.0,1.0,UNH
2006-07-13,38.15,38.68,37.94,38.1,38.1,5419500,0.0,1.0,UNH
2006-07-12,38.4,38.84,37.7,38.14,38.14,6576000,0.0,1.0,UNH
2006-07-11,37.3,38.85,37.22,38.17,38.17,15099500,0.0,1.0,UNH
2006-07-10,36.11,37.26,36.07,37.16,37.16,6973100,0.0,1.0,UNH
2006-07-07,35.91,36.18,35.72,36.02,36.02,4568800,0.0,1.0,UNH
2006-07-06,35.56,36.21,35.34,35.58,35.58,5323200,0.0,1.0,UNH
2006-07-05,35.71,35.9,35.15,35.8,35.8,5041600,0.0,1.0,UNH
2006-07-03,35.6,35.77,35.24,35.72,35.72,2175800,0.0,1.0,UNH
2006-06-30,35.73,35.95,35.14,35.54,35.54,7551500,0.0,1.0,UNH
2006-06-29,36.35,36.37,35.26,35.72,35.72,5401800,0.0,1.0,UNH
2006-06-28,34.64,35.4,34.05,35.26,35.26,7270400,0.0,1.0,UNH
2006-06-27,35.49,35.69,35.06,35.1,35.1,4393100,0.0,1.0,UNH
2006-06-26,35.8,36.27,35.44,35.67,35.67,4391200,0.0,1.0,UNH
2006-06-23,35.27,36.25,35.0,35.9,35.9,6156800,0.0,1.0,UNH
2006-06-22,35.08,35.87,35.08,35.26,35.26,5785900,0.0,1.0,UNH
2006-06-21,34.52,35.4,34.52,34.98,34.98,5706300,0.0,1.0,UNH
2006-06-20,34.68,35.06,34.52,34.69,34.69,5288500,0.0,1.0,UNH
2006-06-19,35.31,35.32,34.37,34.52,34.52,6743700,0.0,1.0,UNH
2006-06-16,35.63,35.71,35.08,35.15,35.15,7265100,0.0,1.0,UNH
2006-06-15,35.71,35.83,35.08,35.52,35.52,7777500,0.0,1.0,UNH
2006-06-14,35.52,35.93,35.36,35.7,35.7,5954700,0.0,1.0,UNH
2006-06-13,35.57,36.23,35.52,36.06,36.06,6359800,0.0,1.0,UNH
2006-06-12,36.42,36.63,35.63,35.84,35.84,4526700,0.0,1.0,UNH
2006-06-09,36.51,36.75,36.21,36.33,36.33,5693100,0.0,1.0,UNH
2006-06-08,37.08,37.26,36.34,36.71,36.71,6128300,0.0,1.0,UNH
2006-06-07,36.9,37.21,36.67,36.73,36.73,5290700,0.0,1.0,UNH
2006-06-06,36.75,37.08,36.19,36.65,36.65,6846900,0.0,1.0,UNH
2006-06-05,37.06,37.39,36.54,36.68,36.68,7065100,0.0,1.0,UNH
2006-06-02,36.73,37.6,36.73,37.29,37.29,12669300,0.0,1.0,UNH
2006-06-01,35.03,36.43,34.98,36.29,36.29,11753300,0.0,1.0,UNH
2006-05-31,34.72,35.04,34.49,34.89,34.89,9254900,0.0,1.0,UNH
2006-05-30,34.38,34.77,33.97,34.39,34.39,8673000,0.0,1.0,UNH
2006-05-26,33.73,34.45,33.69,34.22,34.22,8613600,0.0,1.0,UNH
2006-05-25,33.41,33.87,33.41,33.67,33.67,12934600,0.0,1.0,UNH
2006-05-24,33.49,33.94,32.89,33.4,33.4,20166900,0.0,1.0,UNH
2006-05-23,34.73,35.03,33.73,33.98,33.98,12139900,0.0,1.0,UNH
2006-05-22,35.0,35.37,34.43,34.54,34.54,12017300,0.0,1.0,UNH
2006-05-19,35.98,36.03,35.08,35.25,35.25,15505500,0.0,1.0,UNH
2006-05-18,36.38,36.67,35.44,35.95,35.95,17695600,0.0,1.0,UNH
2006-05-17,37.3,37.84,36.67,37.21,37.21,8631500,0.0,1.0,UNH
2006-05-16,37.36,38.02,37.21,37.31,37.31,10947600,0.0,1.0,UNH
2006-05-15,36.39,37.29,36.19,37.06,37.06,11640200,0.0,1.0,UNH
2006-05-12,34.92,36.64,34.6,36.38,36.38,17054700,0.0,1.0,UNH
2006-05-11,35.79,35.98,34.87,35.21,35.21,30196200,0.0,1.0,UNH
2006-05-10,35.52,36.85,35.17,36.64,36.64,29520300,0.0,1.0,UNH
2006-05-09,35.46,35.56,34.37,34.76,34.76,30915600,0.0,1.0,UNH
2006-05-08,36.51,37.02,35.62,35.78,35.78,19356900,0.0,1.0,UNH
2006-05-05,37.06,37.21,36.44,36.82,36.82,13241300,0.0,1.0,UNH
2006-05-04,36.98,37.42,36.57,36.93,36.93,11609000,0.0,1.0,UNH
2006-05-03,38.34,38.35,36.76,36.99,36.99,23876600,0.0,1.0,UNH
2006-05-02,39.37,39.68,38.45,38.56,38.56,11589500,0.0,1.0,UNH
2006-05-01,39.48,39.86,39.13,39.52,39.52,10991400,0.0,1.0,UNH
2006-04-28,38.24,39.6,38.03,39.48,39.48,15281800,0.0,1.0,UNH
2006-04-27,38.41,38.48,36.95,37.9,37.9,29892500,0.0,1.0,UNH
2006-04-26,39.36,39.68,38.73,38.87,38.87,12356600,0.0,1.0,UNH
2006-04-25,39.84,40.12,39.04,39.17,39.17,8586000,0.0,1.0,UNH
2006-04-24,38.99,40.02,38.97,39.81,39.81,11713600,0.0,1.0,UNH
2006-04-21,40.28,40.28,39.27,39.34,39.34,8944100,0.0,1.0,UNH
2006-04-20,39.17,40.3,38.93,39.78,39.78,19329200,0.0,1.0,UNH
2006-04-19,38.97,39.68,37.65,39.03,39.03,41951500,0.0,1.0,UNH
2006-04-18,41.79,42.01,39.29,39.42,39.42,41589900,0.0,1.0,UNH
2006-04-17,41.99,42.09,40.83,41.01,41.01,10399800,0.0,1.0,UNH
2006-04-13,42.43,42.7,42.11,42.46,42.46,7685500,0.0,1.0,UNH
2006-04-12,40.91,42.52,40.91,42.43,42.43,12100500,0.0,1.0,UNH
2006-04-11,41.62,41.91,40.38,40.91,40.91,14551300,0.0,1.0,UNH
2006-04-10,42.54,42.56,40.82,41.61,41.61,19075000,0.0,1.0,UNH
2006-04-07,43.37,43.83,42.58,42.61,42.61,8073100,0.0,1.0,UNH
2006-04-06,43.93,43.94,42.63,43.26,43.26,12065600,0.0,1.0,UNH
2006-04-05,43.79,44.23,43.69,43.89,43.89,5678600,0.0,1.0,UNH
2006-04-04,44.02,44.21,43.65,43.89,43.89,6934400,0.0,1.0,UNH
2006-04-03,44.63,44.92,43.92,44.02,44.02,7603400,0.0,1.0,UNH
2006-03-31,44.65,44.96,44.05,44.33,44.33,9771000,0.0,1.0,UNH
2006-03-30,44.48,45.21,44.22,44.65,44.65,8091100,0.03,1.0,UNH
2006-03-29,44.02,44.86,43.87,44.38,44.38,9507000,0.0,1.0,UNH
2006-03-28,43.28,43.5,42.2,43.09,43.09,12203500,0.0,1.0,UNH
2006-03-27,43.99,44.22,43.49,43.57,43.57,11124700,0.0,1.0,UNH
2006-03-24,44.56,45.04,43.98,44.25,44.25,4938800,0.0,1.0,UNH
2006-03-23,44.62,44.86,44.3,44.71,44.71,5577500,0.0,1.0,UNH
2006-03-22,44.25,45.14,43.63,44.93,44.93,4434600,0.0,1.0,UNH
2006-03-21,45.01,45.14,44.07,44.59,44.59,5928000,0.0,1.0,UNH
2006-03-20,44.88,45.14,44.54,44.84,44.84,4382400,0.0,1.0,UNH
2006-03-17,45.13,45.14,44.54,44.97,44.97,6645800,0.0,1.0,UNH
2006-03-16,45.44,45.48,44.79,44.87,44.87,6071300,0.0,1.0,UNH
2006-03-15,45.13,45.63,44.86,45.48,45.48,6608100,0.0,1.0,UNH
2006-03-14,44.02,45.17,43.98,45.13,45.13,7598000,0.0,1.0,UNH
2006-03-13,44.47,44.5,42.72,44.21,44.21,12402100,0.0,1.0,UNH
2006-03-10,44.73,45.05,44.54,44.56,44.56,6983600,0.0,1.0,UNH
2006-03-09,45.61,45.9,44.64,44.69,44.69,5283100,0.0,1.0,UNH
2006-03-08,44.76,45.49,44.67,45.37,45.37,6063300,0.0,1.0,UNH
2006-03-07,44.6,45.47,44.5,44.75,44.75,6308800,0.0,1.0,UNH
2006-03-06,44.66,45.04,44.61,44.98,44.98,5800300,0.0,1.0,UNH
2006-03-03,45.49,45.75,44.81,44.9,44.9,6531000,0.0,1.0,UNH
2006-03-02,46.01,46.18,45.39,45.67,45.67,5964400,0.0,1.0,UNH
2006-03-01,46.05,46.37,45.88,46.35,46.35,5289900,0.0,1.0,UNH
2006-02-28,46.74,46.82,45.9,46.19,46.19,5301200,0.0,1.0,UNH
2006-02-27,46.8,46.93,46.66,46.75,46.75,3247000,0.0,1.0,UNH
2006-02-24,46.88,47.17,46.41,46.71,46.71,5348000,0.0,1.0,UNH
2006-02-23,47.5,47.5,47.09,47.16,47.16,4772500,0.0,1.0,UNH
2006-02-22,46.28,47.44,46.28,47.23,47.23,5297100,0.0,1.0,UNH
2006-02-21,46.64,46.83,45.96,46.14,46.14,4688800,0.0,1.0,UNH
2006-02-17,46.21,46.32,45.87,46.01,46.01,7065300,0.0,1.0,UNH
2006-02-16,46.99,47.01,46.11,46.4,46.4,5087600,0.0,1.0,UNH
2006-02-15,47.12,47.4,46.58,46.8,46.8,4335100,0.0,1.0,UNH
2006-02-14,46.4,47.17,46.4,47.16,47.16,4771900,0.0,1.0,UNH
2006-02-13,46.4,46.63,46.14,46.48,46.48,3357500,0.0,1.0,UNH
2006-02-10,46.13,46.63,45.53,46.48,46.48,4224000,0.0,1.0,UNH
2006-02-09,46.4,46.95,46.04,46.07,46.07,5747900,0.0,1.0,UNH
2006-02-08,45.77,46.07,43.83,45.68,45.68,7318700,0.0,1.0,UNH
2006-02-07,46.4,46.87,45.77,45.79,45.79,5174300,0.0,1.0,UNH
2006-02-06,47.07,47.28,46.21,46.44,46.44,4891600,0.0,1.0,UNH
2006-02-03,47.09,47.51,46.87,47.29,47.29,5392400,0.0,1.0,UNH
2006-02-02,47.38,47.39,46.6,47.09,47.09,6235200,0.0,1.0,UNH
2006-02-01,47.04,47.4,46.84,47.2,47.2,7522900,0.0,1.0,UNH
2006-01-31,46.14,47.55,46.02,47.13,47.13,10652700,0.0,1.0,UNH
2006-01-30,46.44,46.56,45.73,45.82,45.82,6738800,0.0,1.0,UNH
2006-01-27,46.2,46.63,46.02,46.44,46.44,6418600,0.0,1.0,UNH
2006-01-26,46.0,46.42,45.31,45.92,45.92,9949700,0.0,1.0,UNH
2006-01-25,46.59,46.71,45.57,45.99,45.99,6529400,0.0,1.0,UNH
2006-01-24,46.05,46.56,46.05,46.25,46.25,8250200,0.0,1.0,UNH
2006-01-23,47.2,47.46,45.79,46.0,46.0,9610500,0.0,1.0,UNH
2006-01-20,48.7,48.7,47.11,47.18,47.18,10087400,0.0,1.0,UNH
2006-01-19,48.63,49.26,47.03,48.76,48.76,13389600,0.0,1.0,UNH
2006-01-18,48.39,48.99,48.05,48.56,48.56,7104900,0.0,1.0,UNH
2006-01-17,47.75,48.39,47.58,48.39,48.39,6332500,0.0,1.0,UNH
2006-01-13,48.66,48.66,47.36,48.34,48.34,11002500,0.0,1.0,UNH
2006-01-12,49.1,49.9,48.97,49.6,49.6,5374100,0.0,1.0,UNH
2006-01-11,49.66,49.74,48.88,49.06,49.06,5515800,0.0,1.0,UNH
2006-01-10,48.74,49.79,48.74,49.66,49.66,6237800,0.0,1.0,UNH
2006-01-09,49.89,49.89,48.59,48.7,48.7,8828900,0.0,1.0,UNH
2006-01-06,49.78,49.92,49.2,49.89,49.89,5577600,0.0,1.0,UNH
2006-01-05,49.36,49.88,48.78,48.93,48.93,5624200,0.0,1.0,UNH
2006-01-04,49.09,49.34,48.86,49.08,49.08,5585200,0.0,1.0,UNH
2006-01-03,49.66,49.66,48.07,48.97,48.97,8070500,0.0,1.0,UNH
2005-12-30,49.59,49.78,49.28,49.29,49.29,3388100,0.0,1.0,UNH
2005-12-29,50.31,50.33,49.78,49.89,49.89,3556600,0.0,1.0,UNH
2005-12-28,50.37,50.65,50.17,50.33,50.33,3890200,0.0,1.0,UNH
2005-12-27,51.24,51.25,50.14,50.45,50.45,4856800,0.0,1.0,UNH
2005-12-23,50.73,50.85,50.21,50.49,50.49,3908300,0.0,1.0,UNH
2005-12-22,50.63,50.86,50.19,50.57,50.57,8951700,0.0,1.0,UNH
2005-12-21,50.67,51.16,50.31,50.6,50.6,13802700,0.0,1.0,UNH
2005-12-20,49.06,50.62,49.02,50.02,50.02,7769200,0.0,1.0,UNH
2005-12-19,49.78,50.09,48.41,49.06,49.06,12231700,0.0,1.0,UNH
2005-12-16,50.53,50.76,50.0,50.08,50.08,4788000,0.0,1.0,UNH
2005-12-15,50.1,50.33,49.61,50.24,50.24,4109900,0.0,1.0,UNH
2005-12-14,50.35,50.56,49.93,49.97,49.97,3095100,0.0,1.0,UNH
2005-12-13,50.11,50.5,49.66,50.31,50.31,5316300,0.0,1.0,UNH
2005-12-12,50.51,50.6,49.19,50.13,50.13,4086300,0.0,1.0,UNH
2005-12-09,50.09,50.73,49.3,50.5,50.5,2972600,0.0,1.0,UNH
2005-12-08,49.66,50.0,49.31,49.94,49.94,3976400,0.0,1.0,UNH
2005-12-07,49.94,49.97,49.22,49.66,49.66,5074000,0.0,1.0,UNH
2005-12-06,49.89,50.91,48.98,50.16,50.16,5650200,0.0,1.0,UNH
2005-12-05,49.01,49.51,48.67,49.45,49.45,4634600,0.0,1.0,UNH
2005-12-02,48.76,49.29,48.76,49.16,49.16,3443700,0.0,1.0,UNH
2005-12-01,47.93,48.79,47.88,48.76,48.76,5504000,0.0,1.0,UNH
2005-11-30,47.97,48.11,47.44,47.48,47.48,5491600,0.0,1.0,UNH
2005-11-29,46.4,47.9,46.4,47.65,47.65,6894500,0.0,1.0,UNH
2005-11-28,47.64,47.72,46.32,46.32,46.32,6060800,0.0,1.0,UNH
2005-11-25,48.11,48.16,47.72,47.72,47.72,1713200,0.0,1.0,UNH
2005-11-23,48.13,48.2,47.87,48.01,48.01,3035500,0.0,1.0,UNH
2005-11-22,48.09,48.26,47.91,48.13,48.13,3744800,0.0,1.0,UNH
2005-11-21,48.39,48.55,48.03,48.23,48.23,5542000,0.0,1.0,UNH
2005-11-18,48.43,48.9,48.11,48.36,48.36,4937200,0.0,1.0,UNH
2005-11-17,48.19,48.38,47.63,48.37,48.37,4555800,0.0,1.0,UNH
2005-11-16,47.58,48.06,47.51,47.9,47.9,5215500,0.0,1.0,UNH
2005-11-15,47.21,47.49,47.13,47.4,47.4,4435700,0.0,1.0,UNH
2005-11-14,47.4,47.4,46.9,46.91,46.91,3739900,0.0,1.0,UNH
2005-11-11,47.12,47.42,46.88,47.32,47.32,3442800,0.0,1.0,UNH
2005-11-10,45.97,47.1,45.81,47.03,47.03,7370000,0.0,1.0,UNH
2005-11-09,46.06,46.31,45.29,45.5,45.5,5127500,0.0,1.0,UNH
2005-11-08,46.05,46.23,45.83,46.06,46.06,3639700,0.0,1.0,UNH
2005-11-07,46.4,46.56,46.02,46.4,46.4,3732600,0.0,1.0,UNH
2005-11-04,46.05,46.36,45.81,46.02,46.02,8213600,0.0,1.0,UNH
2005-11-03,47.51,47.51,45.72,45.75,45.75,13835900,0.0,1.0,UNH
2005-11-02,46.21,47.51,46.21,47.25,47.25,8163400,0.0,1.0,UNH
2005-11-01,46.1,47.14,46.01,46.8,46.8,10326600,0.0,1.0,UNH
2005-10-31,45.18,46.15,44.91,45.92,45.92,6624200,0.0,1.0,UNH
2005-10-28,43.83,45.0,43.83,45.0,45.0,8224300,0.0,1.0,UNH
2005-10-27,43.98,44.07,43.17,43.32,43.32,5078400,0.0,1.0,UNH
2005-10-26,44.46,44.83,42.71,42.82,42.82,9077400,0.0,1.0,UNH
2005-10-25,45.23,45.27,43.75,44.37,44.37,7084300,0.0,1.0,UNH
2005-10-24,45.77,45.86,45.25,45.36,45.36,4277400,0.0,1.0,UNH
2005-10-21,45.38,45.86,44.83,45.33,45.33,6067300,0.0,1.0,UNH
2005-10-20,46.32,46.32,45.28,45.3,45.3,5228900,0.0,1.0,UNH
2005-10-19,44.85,46.22,44.84,46.17,46.17,5653200,0.0,1.0,UNH
2005-10-18,44.42,45.06,44.42,44.83,44.83,4658100,0.0,1.0,UNH
2005-10-17,44.82,44.84,44.37,44.77,44.77,4411000,0.0,1.0,UNH
2005-10-14,44.02,45.05,43.74,44.76,44.76,8061000,0.0,1.0,UNH
2005-10-13,43.31,43.5,42.85,42.99,42.99,6319800,0.0,1.0,UNH
2005-10-12,43.71,44.1,43.38,43.65,43.65,4996500,0.0,1.0,UNH
2005-10-11,44.34,44.58,43.72,43.77,43.77,4149500,0.0,1.0,UNH
2005-10-10,44.71,45.03,44.33,44.33,44.33,3310600,0.0,1.0,UNH
2005-10-07,44.6,44.88,44.53,44.71,44.71,3217500,0.0,1.0,UNH
2005-10-06,44.74,45.21,44.38,44.75,44.75,4698700,0.0,1.0,UNH
2005-10-05,45.25,45.72,44.58,44.78,44.78,5651600,0.0,1.0,UNH
2005-10-04,45.25,46.01,45.12,45.26,45.26,6347800,0.0,1.0,UNH
2005-10-03,44.59,45.15,44.54,45.04,45.04,5065000,0.0,1.0,UNH
2005-09-30,44.2,44.94,44.16,44.58,44.58,6656300,0.0,1.0,UNH
2005-09-29,43.36,44.41,43.36,44.2,44.2,4683300,0.0,1.0,UNH
2005-09-28,44.34,44.34,43.52,43.9,43.9,5539800,0.0,1.0,UNH
2005-09-27,43.87,44.34,43.83,43.83,43.83,5005300,0.0,1.0,UNH
2005-09-26,44.02,44.27,43.71,43.94,43.94,5999200,0.0,1.0,UNH
2005-09-23,42.74,44.01,42.55,43.63,43.63,12424900,0.0,1.0,UNH
2005-09-22,41.72,42.72,41.72,42.54,42.54,5339400,0.0,1.0,UNH
2005-09-21,42.09,42.32,41.5,41.72,41.72,5282900,0.0,1.0,UNH
2005-09-20,42.68,42.75,41.57,41.74,41.74,4785000,0.0,1.0,UNH
2005-09-19,42.88,42.91,42.16,42.44,42.44,2731200,0.0,1.0,UNH
2005-09-16,42.45,42.88,42.19,42.87,42.87,6548500,0.0,1.0,UNH
2005-09-15,42.06,42.69,42.06,42.36,42.36,4587700,0.0,1.0,UNH
2005-09-14,42.08,42.26,41.9,41.99,41.99,4075700,0.0,1.0,UNH
2005-09-13,42.73,42.96,42.04,42.06,42.06,5865000,0.0,1.0,UNH
2005-09-12,43.44,43.45,42.91,43.05,43.05,4839700,0.0,1.0,UNH
2005-09-09,42.75,43.52,42.75,43.24,43.24,5095100,0.0,1.0,UNH
2005-09-08,42.67,42.86,42.16,42.7,42.7,5456300,0.0,1.0,UNH
2005-09-07,42.28,42.44,42.13,42.4,42.4,3663900,0.0,1.0,UNH
2005-09-06,41.76,42.23,41.72,42.19,42.19,4053500,0.0,1.0,UNH
2005-09-02,41.49,41.88,41.4,41.67,41.67,3555500,0.0,1.0,UNH
2005-09-01,40.85,41.53,40.12,41.29,41.29,5597500,0.0,1.0,UNH
2005-08-31,40.26,40.87,39.98,40.85,40.85,4497100,0.0,1.0,UNH
2005-08-30,40.3,40.36,39.96,40.04,40.04,4216600,0.0,1.0,UNH
2005-08-29,39.86,40.34,39.73,40.3,40.3,2925600,0.0,1.0,UNH
2005-08-26,40.21,40.38,39.84,40.02,40.02,3848200,0.0,1.0,UNH
2005-08-25,40.29,40.31,39.9,40.17,40.17,3349100,0.0,1.0,UNH
2005-08-24,40.72,40.8,40.03,40.16,40.16,3521900,0.0,1.0,UNH
2005-08-23,40.66,40.93,40.49,40.5,40.5,3124400,0.0,1.0,UNH
2005-08-22,40.9,41.01,40.61,40.74,40.74,2955400,0.0,1.0,UNH
2005-08-19,40.69,41.01,40.6,40.6,40.6,3139900,0.0,1.0,UNH
2005-08-18,40.77,41.02,40.65,40.69,40.69,2489300,0.0,1.0,UNH
2005-08-17,40.74,40.97,40.51,40.66,40.66,3490000,0.0,1.0,UNH
2005-08-16,41.25,41.43,40.53,40.53,40.53,3179200,0.0,1.0,UNH
2005-08-15,41.43,41.45,40.95,41.23,41.23,2574500,0.0,1.0,UNH
2005-08-12,42.04,42.34,41.03,41.32,41.32,2854800,0.0,1.0,UNH
2005-08-11,41.08,41.72,41.06,41.54,41.54,3648300,0.0,1.0,UNH
2005-08-10,41.26,41.57,40.94,40.94,40.94,3871700,0.0,1.0,UNH
2005-08-09,40.64,41.11,40.47,41.07,41.07,5291600,0.0,1.0,UNH
2005-08-08,41.48,41.48,40.49,40.6,40.6,4793400,0.0,1.0,UNH
2005-08-05,42.03,42.03,41.05,41.3,41.3,6605800,0.0,1.0,UNH
2005-08-04,42.18,42.28,41.9,42.01,42.01,4969400,0.0,1.0,UNH
2005-08-03,42.11,42.24,41.96,42.17,42.17,4557000,0.0,1.0,UNH
2005-08-02,41.74,42.08,41.66,42.06,42.06,5143300,0.0,1.0,UNH
2005-08-01,41.52,42.03,41.27,41.74,41.74,5474800,0.0,1.0,UNH
2005-07-29,41.98,41.99,41.41,41.49,41.49,6310200,0.0,1.0,UNH
2005-07-28,41.16,42.23,41.06,41.98,41.98,7996600,0.0,1.0,UNH
2005-07-27,41.37,41.64,40.54,40.79,40.79,6974900,0.0,1.0,UNH
2005-07-26,40.54,41.56,40.54,41.25,41.25,8586200,0.0,1.0,UNH
2005-07-25,40.45,40.69,40.15,40.3,40.3,6013500,0.0,1.0,UNH
2005-07-22,39.3,40.49,39.27,40.3,40.3,8936700,0.0,1.0,UNH
2005-07-21,38.87,39.46,37.88,39.0,39.0,13331400,0.0,1.0,UNH
2005-07-20,39.94,40.09,39.23,39.46,39.46,7005900,0.0,1.0,UNH
2005-07-19,40.5,40.53,39.62,40.12,40.12,6622100,0.0,1.0,UNH
2005-07-18,40.49,40.61,40.3,40.3,40.3,5178800,0.0,1.0,UNH
2005-07-15,40.1,40.85,39.95,40.31,40.31,8325200,0.0,1.0,UNH
2005-07-14,41.01,41.29,39.86,39.86,39.86,11669800,0.0,1.0,UNH
2005-07-13,41.09,41.17,40.38,40.77,40.77,7432600,0.0,1.0,UNH
2005-07-12,41.67,41.96,40.98,41.07,41.07,6813700,0.0,1.0,UNH
2005-07-11,42.09,42.32,41.59,41.59,41.59,6785600,0.0,1.0,UNH
2005-07-08,42.64,42.64,42.08,42.08,42.08,7231200,0.0,1.0,UNH
2005-07-07,42.45,43.23,42.24,42.43,42.43,10788600,0.0,1.0,UNH
2005-07-06,42.4,43.23,41.08,42.44,42.44,13158300,0.0,1.0,UNH
2005-07-05,42.08,42.57,41.84,42.22,42.22,4410600,0.0,1.0,UNH
2005-07-01,42.04,42.04,41.4,41.89,41.89,3879900,0.0,1.0,UNH
2005-06-30,42.15,42.54,41.26,41.36,41.36,6069000,0.0,1.0,UNH
2005-06-29,41.89,42.55,41.87,42.15,42.15,5446800,0.0,1.0,UNH
2005-06-28,40.97,41.88,40.93,41.8,41.8,4676900,0.0,1.0,UNH
2005-06-27,40.68,40.95,40.61,40.71,40.71,3162900,0.0,1.0,UNH
2005-06-24,40.97,41.3,40.68,40.69,40.69,5233300,0.0,1.0,UNH
2005-06-23,40.85,41.3,40.83,41.01,41.01,4397400,0.0,1.0,UNH
2005-06-22,41.18,41.3,40.75,40.75,40.75,4268800,0.0,1.0,UNH
2005-06-21,40.97,41.64,40.53,41.14,41.14,4175200,0.0,1.0,UNH
2005-06-20,41.24,41.25,38.98,40.92,40.92,4142800,0.0,1.0,UNH
2005-06-17,41.25,41.25,40.94,41.13,41.13,5565800,0.0,1.0,UNH
2005-06-16,40.93,41.15,40.58,40.88,40.88,3961400,0.0,1.0,UNH
2005-06-15,41.31,41.31,40.49,40.91,40.91,4267500,0.0,1.0,UNH
2005-06-14,40.77,41.37,40.77,40.98,40.98,4838900,0.0,1.0,UNH
2005-06-13,40.4,40.76,40.38,40.61,40.61,3163300,0.0,1.0,UNH
2005-06-10,41.05,41.05,40.07,40.29,40.29,4118600,0.0,1.0,UNH
2005-06-09,40.45,41.28,40.3,41.05,41.05,4789300,0.0,1.0,UNH
2005-06-08,41.25,41.33,40.22,40.6,40.6,6118900,0.0,1.0,UNH
2005-06-07,41.21,41.64,40.45,41.02,41.02,7512100,0.0,1.0,UNH
2005-06-06,40.41,40.45,40.1,40.45,40.45,4030000,0.0,1.0,UNH
2005-06-03,40.24,40.72,40.05,40.14,40.14,5586200,0.0,1.0,UNH
2005-06-02,39.25,40.14,39.14,39.96,39.96,7376100,0.0,1.0,UNH
2005-06-01,38.63,39.3,38.48,39.05,39.05,4609700,0.0,1.0,UNH
2005-05-31,38.99,39.19,38.47,38.54,38.54,2013150,0.0,2.0,UNH
2005-05-27,38.57,38.87,38.41,38.78,38.78,3509200,0.0,1.0,UNH
2005-05-26,38.47,38.65,38.38,38.53,38.53,3173400,0.0,1.0,UNH
2005-05-25,38.67,38.77,38.22,38.34,38.34,3908200,0.0,1.0,UNH
2005-05-24,38.77,38.87,38.48,38.59,38.59,5595800,0.0,1.0,UNH
2005-05-23,38.35,38.76,38.23,38.63,38.63,6754800,0.0,1.0,UNH
2005-05-20,38.23,38.39,38.21,38.27,38.27,5964800,0.0,1.0,UNH
2005-05-19,38.13,38.36,37.96,38.31,38.31,8047200,0.0,1.0,UNH
2005-05-18,38.83,38.88,37.79,38.0,38.0,14641800,0.0,1.0,UNH
2005-05-17,38.15,38.64,37.96,38.62,38.62,4482000,0.0,1.0,UNH
2005-05-16,38.07,38.44,37.98,38.41,38.41,3817400,0.0,1.0,UNH
2005-05-13,38.87,38.87,37.21,37.83,37.83,8465000,0.0,1.0,UNH
2005-05-12,39.05,39.25,38.87,38.88,38.88,5875200,0.0,1.0,UNH
2005-05-11,38.77,38.99,38.3,38.87,38.87,5226600,0.0,1.0,UNH
2005-05-10,38.94,39.25,38.72,38.81,38.81,5778000,0.0,1.0,UNH
2005-05-09,39.07,39.32,38.67,39.1,39.1,5509400,0.0,1.0,UNH
2005-05-06,38.83,39.23,38.8,39.03,39.03,6171200,0.0,1.0,UNH
2005-05-05,38.84,38.94,38.47,38.55,38.55,5563200,0.0,1.0,UNH
2005-05-04,38.71,39.09,38.55,38.59,38.59,8295200,0.0,1.0,UNH
2005-05-03,37.72,38.46,37.49,38.36,38.36,9787800,0.0,1.0,UNH
2005-05-02,37.31,37.8,37.31,37.55,37.55,5504800,0.0,1.0,UNH
2005-04-29,36.77,37.56,36.69,37.48,37.48,7281400,0.0,1.0,UNH
2005-04-28,36.79,36.84,36.23,36.68,36.68,6771000,0.0,1.0,UNH
2005-04-27,35.73,36.84,35.14,36.76,36.76,8586400,0.0,1.0,UNH
2005-04-26,35.83,36.25,35.69,35.72,35.72,5553800,0.0,1.0,UNH
2005-04-25,36.1,36.11,35.56,35.99,35.99,9156000,0.0,1.0,UNH
2005-04-22,36.52,36.52,35.96,36.19,36.19,5440200,0.0,1.0,UNH
2005-04-21,36.81,36.96,36.21,36.65,36.65,6278600,0.0,1.0,UNH
2005-04-20,37.22,37.22,36.41,36.55,36.55,6901200,0.0,1.0,UNH
2005-04-19,36.09,36.98,36.09,36.96,36.96,9370400,0.0,1.0,UNH
2005-04-18,37.07,37.07,35.52,36.16,36.16,11377400,0.0,1.0,UNH
2005-04-15,36.73,37.67,36.58,36.99,36.99,10236000,0.0,1.0,UNH
2005-04-14,38.03,38.15,36.69,37.25,37.25,14320400,0.0,1.0,UNH
2005-04-13,38.59,38.83,37.28,38.06,38.06,8299600,0.0,1.0,UNH
2005-04-12,38.56,38.65,37.82,38.55,38.55,7787200,0.0,1.0,UNH
2005-04-11,39.02,39.18,38.52,38.55,38.55,6149400,0.0,1.0,UNH
2005-04-08,39.5,39.52,38.86,39.03,39.03,5506200,0.0,1.0,UNH
2005-04-07,39.06,39.56,38.87,39.3,39.3,5129200,0.0,1.0,UNH
2005-04-06,38.84,39.23,38.75,38.88,38.88,5697400,0.0,1.0,UNH
2005-04-05,38.27,38.84,38.24,38.84,38.84,6652400,0.0,1.0,UNH
2005-04-04,37.89,38.37,37.79,38.27,38.27,7468400,0.0,1.0,UNH
2005-04-01,37.98,38.17,37.5,38.01,38.01,6994800,0.0,1.0,UNH
2005-03-31,37.9,38.33,37.79,37.83,37.83,7575800,0.0,1.0,UNH
2005-03-30,37.13,37.99,36.85,37.96,37.96,6992600,0.03,1.0,UNH
2005-03-29,37.09,37.12,36.79,36.91,36.91,5135600,0.0,1.0,UNH
2005-03-28,36.99,37.17,36.69,36.92,36.92,5015000,0.0,1.0,UNH
2005-03-24,36.63,37.06,36.54,36.81,36.81,4111200,0.0,1.0,UNH
2005-03-23,36.28,36.79,36.12,36.63,36.63,5375600,0.0,1.0,UNH
2005-03-22,36.43,37.03,36.43,36.5,36.5,5078200,0.0,1.0,UNH
2005-03-21,36.46,36.47,35.97,36.33,36.33,4991000,0.0,1.0,UNH
2005-03-18,36.22,36.38,35.81,36.18,36.18,6771200,0.0,1.0,UNH
2005-03-17,35.94,36.42,35.53,36.12,36.12,5190800,0.0,1.0,UNH
2005-03-16,35.69,35.76,35.45,35.58,35.58,4420000,0.0,1.0,UNH
2005-03-15,36.08,36.18,35.67,35.72,35.72,5361200,0.0,1.0,UNH
2005-03-14,35.8,36.24,35.64,35.87,35.87,3561000,0.0,1.0,UNH
2005-03-11,36.48,36.61,35.73,35.8,35.8,4051400,0.0,1.0,UNH
2005-03-10,35.86,36.42,35.86,36.25,36.25,4433000,0.0,1.0,UNH
2005-03-09,35.74,35.99,35.37,35.78,35.78,4079400,0.0,1.0,UNH
2005-03-08,36.16,36.27,35.79,35.82,35.82,5869600,0.0,1.0,UNH
2005-03-07,36.89,37.1,36.1,36.16,36.16,5007800,0.0,1.0,UNH
2005-03-04,36.56,37.13,36.45,36.99,36.99,3647600,0.0,1.0,UNH
2005-03-03,36.3,36.45,36.02,36.33,36.33,4119400,0.0,1.0,UNH
2005-03-02,35.77,36.74,35.75,36.26,36.26,4695800,0.0,1.0,UNH
2005-03-01,35.96,36.18,35.78,36.01,36.01,3699800,0.0,1.0,UNH
2005-02-28,36.05,36.43,35.84,36.14,36.14,4779200,0.0,1.0,UNH
2005-02-25,35.53,36.27,35.47,36.24,36.24,5175200,0.0,1.0,UNH
2005-02-24,35.03,35.41,34.74,35.41,35.41,4709200,0.0,1.0,UNH
2005-02-23,34.45,35.22,34.45,35.03,35.03,4139200,0.0,1.0,UNH
2005-02-22,34.9,35.05,34.36,34.45,34.45,7393400,0.0,1.0,UNH
2005-02-18,35.33,35.39,35.19,35.31,35.31,3898600,0.0,1.0,UNH
2005-02-17,35.53,35.63,35.18,35.3,35.3,4055600,0.0,1.0,UNH
2005-02-16,35.6,35.74,35.35,35.63,35.63,3695200,0.0,1.0,UNH
2005-02-15,35.41,35.79,35.38,35.76,35.76,5515600,0.0,1.0,UNH
2005-02-14,34.8,35.48,34.7,35.27,35.27,4230800,0.0,1.0,UNH
2005-02-11,34.93,35.24,34.68,34.79,34.79,5457600,0.0,1.0,UNH
2005-02-10,34.99,35.1,34.61,34.9,34.9,5493400,0.0,1.0,UNH
2005-02-09,35.23,35.54,34.45,34.57,34.57,5712600,0.0,1.0,UNH
2005-02-08,35.58,35.6,35.06,35.24,35.24,6125600,0.0,1.0,UNH
2005-02-07,36.03,36.03,35.19,35.26,35.26,9093200,0.0,1.0,UNH
2005-02-04,35.7,36.4,35.7,36.39,36.39,4584800,0.0,1.0,UNH
2005-02-03,35.68,36.07,35.55,35.91,35.91,4504400,0.0,1.0,UNH
2005-02-02,35.8,35.92,35.48,35.68,35.68,5495000,0.0,1.0,UNH
2005-02-01,35.27,36.08,35.21,35.95,35.95,6627400,0.0,1.0,UNH
2005-01-31,35.05,35.35,35.03,35.25,35.25,4454400,0.0,1.0,UNH
2005-01-28,34.99,35.07,34.68,34.95,34.95,3807600,0.0,1.0,UNH
2005-01-27,34.42,35.17,34.42,35.07,35.07,5150800,0.0,1.0,UNH
2005-01-26,34.91,35.14,34.71,34.81,34.81,4652600,0.0,1.0,UNH
2005-01-25,34.99,35.47,34.72,34.79,34.79,4913600,0.0,1.0,UNH
2005-01-24,35.6,35.62,34.9,34.99,34.99,6587800,0.0,1.0,UNH
2005-01-21,34.35,35.36,34.35,35.23,35.23,9431400,0.0,1.0,UNH
2005-01-20,35.62,35.66,33.89,34.35,34.35,13230600,0.0,1.0,UNH
2005-01-19,35.21,35.27,34.73,35.0,35.0,4284600,0.0,1.0,UNH
2005-01-18,35.25,35.39,34.93,35.21,35.21,5881800,0.0,1.0,UNH
2005-01-14,35.05,35.56,35.02,35.51,35.51,4235600,0.0,1.0,UNH
2005-01-13,35.1,35.58,34.95,35.05,35.05,6493400,0.0,1.0,UNH
2005-01-12,34.89,35.09,34.72,34.93,34.93,4137400,0.0,1.0,UNH
2005-01-11,34.71,34.87,34.54,34.7,34.7,4238600,0.0,1.0,UNH
2005-01-10,34.57,35.09,34.55,34.73,34.73,5375200,0.0,1.0,UNH
2005-01-07,34.85,35.18,34.34,34.59,34.59,6653200,0.0,1.0,UNH
2005-01-06,34.18,34.93,34.18,34.86,34.86,4837600,0.0,1.0,UNH
2005-01-05,34.0,34.53,33.93,34.11,34.11,4577600,0.0,1.0,UNH
2005-01-04,34.34,34.56,33.8,33.99,33.99,5582000,0.0,1.0,UNH
2005-01-03,34.57,34.79,34.29,34.34,34.34,6252600,0.0,1.0,UNH
2004-12-31,34.83,35.19,34.77,34.9,34.9,3056800,0.0,1.0,UNH
2004-12-30,34.65,34.97,34.59,34.83,34.83,3060400,0.0,1.0,UNH
2004-12-29,34.32,34.76,34.24,34.63,34.63,3312000,0.0,1.0,UNH
2004-12-28,34.09,34.55,33.92,34.49,34.49,3184400,0.0,1.0,UNH
2004-12-27,33.94,34.22,33.82,33.97,33.97,2981600,0.0,1.0,UNH
2004-12-23,33.87,34.02,33.7,33.7,33.7,2610400,0.0,1.0,UNH
2004-12-22,34.06,34.06,33.72,33.89,33.89,4714800,0.0,1.0,UNH
2004-12-21,33.86,34.06,33.61,33.79,33.79,4816000,0.0,1.0,UNH
2004-12-20,34.02,34.29,33.52,33.6,33.6,5266200,0.0,1.0,UNH
2004-12-17,33.83,34.34,33.72,33.84,33.84,7738800,0.0,1.0,UNH
2004-12-16,34.34,34.38,33.86,34.12,34.12,6913400,0.0,1.0,UNH
2004-12-15,34.45,34.47,33.9,34.19,34.19,4992200,0.0,1.0,UNH
2004-12-14,34.0,34.71,33.86,34.45,34.45,7446600,0.0,1.0,UNH
2004-12-13,33.69,34.52,33.57,33.99,33.99,12231200,0.0,1.0,UNH
2004-12-10,33.52,33.68,33.15,33.61,33.61,5186000,0.0,1.0,UNH
2004-12-09,32.65,33.63,32.44,33.6,33.6,7172600,0.0,1.0,UNH
2004-12-08,31.71,32.75,31.69,32.73,32.73,6558800,0.0,1.0,UNH
2004-12-07,32.06,32.16,31.43,31.6,31.6,9265400,0.0,1.0,UNH
2004-12-06,32.14,32.3,31.66,32.21,32.21,7039600,0.0,1.0,UNH
2004-12-03,32.46,32.87,32.44,32.64,32.64,5222800,0.0,1.0,UNH
2004-12-02,32.53,32.62,32.33,32.45,32.45,5520000,0.0,1.0,UNH
2004-12-01,32.51,32.89,32.32,32.57,32.57,10310000,0.0,1.0,UNH
2004-11-30,32.9,33.01,32.59,32.85,32.85,10285800,0.0,1.0,UNH
2004-11-29,33.34,33.44,32.84,32.9,32.9,5391800,0.0,1.0,UNH
2004-11-26,32.67,33.39,32.67,33.26,33.26,1899600,0.0,1.0,UNH
2004-11-24,32.71,32.83,32.49,32.62,32.62,2930000,0.0,1.0,UNH
2004-11-23,32.41,32.79,32.19,32.71,32.71,4670800,0.0,1.0,UNH
2004-11-22,32.16,32.6,32.0,32.5,32.5,4220000,0.0,1.0,UNH
2004-11-19,32.89,32.97,32.03,32.4,32.4,4417600,0.0,1.0,UNH
2004-11-18,32.45,32.83,32.33,32.72,32.72,4480800,0.0,1.0,UNH
2004-11-17,32.9,32.9,31.97,32.23,32.23,3888400,0.0,1.0,UNH
2004-11-16,32.33,32.41,31.81,32.02,32.02,4560400,0.0,1.0,UNH
2004-11-15,32.25,32.44,32.04,32.38,32.38,6983200,0.0,1.0,UNH
2004-11-12,32.39,32.39,31.56,32.31,32.31,9760200,0.0,1.0,UNH
2004-11-11,32.1,32.59,31.9,32.39,32.39,6447000,0.0,1.0,UNH
2004-11-10,31.5,32.31,31.41,32.1,32.1,7204200,0.0,1.0,UNH
2004-11-09,31.82,32.0,31.41,31.45,31.45,9697200,0.0,1.0,UNH
2004-11-08,31.36,31.66,31.31,31.51,31.51,4736400,0.0,1.0,UNH
2004-11-05,30.95,31.59,30.94,31.51,31.51,7749200,0.0,1.0,UNH
2004-11-04,29.93,30.89,29.84,30.83,30.83,11276200,0.0,1.0,UNH
2004-11-03,29.64,30.43,29.64,29.95,29.95,11935400,0.0,1.0,UNH
2004-11-02,28.75,29.15,28.51,28.52,28.52,8684200,0.0,1.0,UNH
2004-11-01,28.63,28.75,28.38,28.63,28.63,7565400,0.0,1.0,UNH
2004-10-29,28.73,28.84,28.51,28.71,28.71,6300200,0.0,1.0,UNH
2004-10-28,28.92,29.01,28.34,28.8,28.8,8391400,0.0,1.0,UNH
2004-10-27,28.34,29.03,28.15,28.86,28.86,7764400,0.0,1.0,UNH
2004-10-26,27.82,28.24,27.82,28.15,28.15,10955200,0.0,1.0,UNH
2004-10-25,27.5,27.75,27.15,27.44,27.44,6794200,0.0,1.0,UNH
2004-10-22,27.04,27.85,27.04,27.7,27.7,10189800,0.0,1.0,UNH
2004-10-21,27.6,27.85,26.57,27.06,27.06,15085200,0.0,1.0,UNH
2004-10-20,26.39,28.32,26.09,27.7,27.7,21949800,0.0,1.0,UNH
2004-10-19,28.78,28.78,25.62,26.37,26.37,43429800,0.0,1.0,UNH
2004-10-18,28.96,29.21,28.88,29.08,29.08,6348000,0.0,1.0,UNH
2004-10-15,28.8,29.23,28.11,29.08,29.08,12027400,0.0,1.0,UNH
2004-10-14,29.42,29.69,28.8,28.81,28.81,12697200,0.0,1.0,UNH
2004-10-13,28.91,28.92,28.39,28.55,28.55,7235600,0.0,1.0,UNH
2004-10-12,29.05,29.05,28.63,28.78,28.78,6306400,0.0,1.0,UNH
2004-10-11,29.16,29.34,28.96,29.04,29.04,3205800,0.0,1.0,UNH
2004-10-08,29.7,29.73,28.8,29.1,29.1,8382600,0.0,1.0,UNH
2004-10-07,29.58,29.81,29.45,29.69,29.69,6549400,0.0,1.0,UNH
2004-10-06,29.27,29.61,29.26,29.58,29.58,3495600,0.0,1.0,UNH
2004-10-05,29.03,29.56,28.98,29.26,29.26,5189200,0.0,1.0,UNH
2004-10-04,29.25,29.52,29.03,29.03,29.03,5804800,0.0,1.0,UNH
2004-10-01,29.38,29.64,29.03,29.25,29.25,7091400,0.0,1.0,UNH
2004-09-30,28.88,29.42,28.77,29.24,29.24,8119600,0.0,1.0,UNH
2004-09-29,29.21,29.21,28.53,28.63,28.63,11144000,0.0,1.0,UNH
2004-09-28,28.78,29.64,28.69,29.21,29.21,8995000,0.0,1.0,UNH
2004-09-27,28.28,28.8,28.1,28.78,28.78,6643600,0.0,1.0,UNH
2004-09-24,27.75,28.46,27.73,28.28,28.28,4486400,0.0,1.0,UNH
2004-09-23,28.02,28.02,27.56,27.79,27.79,4094400,0.0,1.0,UNH
2004-09-22,27.96,28.05,27.69,27.87,27.87,4616600,0.0,1.0,UNH
2004-09-21,27.81,28.16,27.64,27.96,27.96,4668200,0.0,1.0,UNH
2004-09-20,26.63,27.75,26.63,27.66,27.66,2920600,0.0,1.0,UNH
2004-09-17,27.39,27.74,27.28,27.68,27.68,5174400,0.0,1.0,UNH
2004-09-16,27.87,27.87,27.6,27.67,27.67,3947200,0.0,1.0,UNH
2004-09-15,27.54,27.97,27.49,27.87,27.87,7341000,0.0,1.0,UNH
2004-09-14,27.51,27.73,27.24,27.73,27.73,5230200,0.0,1.0,UNH
2004-09-13,27.36,27.62,27.29,27.36,27.36,4433200,0.0,1.0,UNH
2004-09-10,27.12,27.35,27.0,27.31,27.31,2878000,0.0,1.0,UNH
2004-09-09,27.2,27.31,27.13,27.2,27.2,4603200,0.0,1.0,UNH
2004-09-08,27.13,27.38,27.1,27.2,27.2,6229200,0.0,1.0,UNH
2004-09-07,26.58,27.06,26.58,27.03,27.03,5462800,0.0,1.0,UNH
2004-09-03,26.56,26.83,26.54,26.58,26.58,3393800,0.0,1.0,UNH
2004-09-02,26.33,26.76,26.11,26.7,26.7,3614600,0.0,1.0,UNH
2004-09-01,26.16,26.51,26.14,26.43,26.43,3915000,0.0,1.0,UNH
2004-08-31,25.95,26.23,25.87,26.22,26.22,4267400,0.0,1.0,UNH
2004-08-30,25.93,26.11,25.81,25.84,25.84,2512400,0.0,1.0,UNH
2004-08-27,25.89,26.11,25.87,26.03,26.03,2054200,0.0,1.0,UNH
2004-08-26,25.84,25.99,25.73,25.89,25.89,2476000,0.0,1.0,UNH
2004-08-25,25.76,25.87,25.61,25.84,25.84,3121400,0.0,1.0,UNH
2004-08-24,25.77,26.04,25.67,25.76,25.76,3101200,0.0,1.0,UNH
2004-08-23,25.92,26.11,25.64,25.76,25.76,3346200,0.0,1.0,UNH
2004-08-20,25.73,26.03,25.73,26.0,26.0,2773200,0.0,1.0,UNH
2004-08-19,25.77,25.8,25.42,25.73,25.73,3655400,0.0,1.0,UNH
2004-08-18,25.71,25.95,25.63,25.8,25.8,3572400,0.0,1.0,UNH
2004-08-17,25.76,25.86,25.55,25.77,25.77,5296000,0.0,1.0,UNH
2004-08-16,25.66,25.9,25.49,25.86,25.86,3798400,0.0,1.0,UNH
2004-08-13,25.51,25.77,25.51,25.73,25.73,6019600,0.0,1.0,UNH
2004-08-12,25.3,25.55,25.2,25.48,25.48,5930200,0.0,1.0,UNH
2004-08-11,24.76,25.52,24.73,25.45,25.45,6553000,0.0,1.0,UNH
2004-08-10,24.54,25.01,24.54,25.01,25.01,6317400,0.0,1.0,UNH
2004-08-09,24.38,24.46,24.27,24.33,24.33,4370000,0.0,1.0,UNH
2004-08-06,24.15,24.5,24.07,24.32,24.32,6629200,0.0,1.0,UNH
2004-08-05,24.74,24.96,24.57,24.57,24.57,4996400,0.0,1.0,UNH
2004-08-04,24.76,24.97,24.53,24.72,24.72,5282600,0.0,1.0,UNH
2004-08-03,24.98,25.05,24.68,24.71,24.71,6757400,0.0,1.0,UNH
2004-08-02,24.63,25.07,24.6,25.0,25.0,6589800,0.0,1.0,UNH
2004-07-30,25.15,25.32,24.64,24.94,24.94,12278400,0.0,1.0,UNH
2004-07-29,24.88,25.84,24.78,25.38,25.38,31397000,0.0,1.0,UNH
2004-07-28,24.58,24.66,24.04,24.5,24.5,7769600,0.0,1.0,UNH
2004-07-27,25.26,25.26,23.82,24.38,24.38,16582800,0.0,1.0,UNH
2004-07-26,24.83,25.34,24.83,25.25,25.25,7167400,0.0,1.0,UNH
2004-07-23,25.25,25.26,24.66,24.94,24.94,7330400,0.0,1.0,UNH
2004-07-22,25.29,25.52,24.9,25.35,25.35,6478200,0.0,1.0,UNH
2004-07-21,26.21,26.21,25.5,25.5,25.5,5563000,0.0,1.0,UNH
2004-07-20,26.01,26.14,25.72,26.14,26.14,5850600,0.0,1.0,UNH
2004-07-19,25.97,26.08,25.51,25.9,25.9,6634400,0.0,1.0,UNH
2004-07-16,26.17,26.19,25.87,26.03,26.03,9925000,0.0,1.0,UNH
2004-07-15,24.55,26.08,24.55,26.05,26.05,15104200,0.0,1.0,UNH
2004-07-14,24.7,24.93,24.48,24.54,24.54,6228600,0.0,1.0,UNH
2004-07-13,24.28,24.71,24.27,24.58,24.58,6332400,0.0,1.0,UNH
2004-07-12,23.99,24.13,23.71,24.0,24.0,4823600,0.0,1.0,UNH
2004-07-09,23.95,24.19,23.69,23.89,23.89,6050800,0.0,1.0,UNH
2004-07-08,24.28,24.43,23.89,23.92,23.92,4545800,0.0,1.0,UNH
2004-07-07,23.85,24.37,23.81,24.29,24.29,4909200,0.0,1.0,UNH
2004-07-06,24.07,24.09,23.53,23.82,23.82,7073200,0.0,1.0,UNH
2004-07-02,24.32,24.35,24.05,24.17,24.17,3731400,0.0,1.0,UNH
2004-07-01,24.3,24.63,24.19,24.5,24.5,5915400,0.0,1.0,UNH
2004-06-30,24.46,24.7,24.36,24.68,24.68,4474600,0.0,1.0,UNH
2004-06-29,24.19,24.54,24.19,24.35,24.35,4138400,0.0,1.0,UNH
2004-06-28,24.51,24.64,23.91,24.09,24.09,6539200,0.0,1.0,UNH
2004-06-25,24.42,24.7,24.36,24.48,24.48,5434800,0.0,1.0,UNH
2004-06-24,24.37,24.54,24.13,24.3,24.3,6023400,0.0,1.0,UNH
2004-06-23,24.36,24.46,24.09,24.37,24.37,6658600,0.0,1.0,UNH
2004-06-22,24.67,24.76,24.25,24.34,24.34,7446000,0.0,1.0,UNH
2004-06-21,25.38,25.38,24.6,24.67,24.67,9431600,0.0,1.0,UNH
2004-06-18,25.28,25.45,25.22,25.38,25.38,4981000,0.0,1.0,UNH
2004-06-17,25.32,25.46,25.22,25.28,25.28,4181000,0.0,1.0,UNH
2004-06-16,25.3,25.47,25.19,25.3,25.3,3614000,0.0,1.0,UNH
2004-06-15,25.28,25.41,25.06,25.26,25.26,4098400,0.0,1.0,UNH
2004-06-14,25.18,25.43,25.02,25.2,25.2,4372800,0.0,1.0,UNH
2004-06-10,25.76,25.8,25.25,25.32,25.32,5122600,0.0,1.0,UNH
2004-06-09,25.77,25.96,25.62,25.63,25.63,4101200,0.0,1.0,UNH
2004-06-08,25.53,25.85,25.4,25.8,25.8,6408600,0.0,1.0,UNH
2004-06-07,25.77,26.09,25.72,25.98,25.98,3784600,0.0,1.0,UNH
2004-06-04,26.01,26.05,25.66,25.75,25.75,5353400,0.0,1.0,UNH
2004-06-03,26.13,26.15,25.84,26.0,26.0,7407400,0.0,1.0,UNH
2004-06-02,26.03,26.11,25.69,26.04,26.04,5960600,0.0,1.0,UNH
2004-06-01,25.97,26.17,25.65,25.93,25.93,7209000,0.0,1.0,UNH
2004-05-28,25.53,25.9,25.45,25.87,25.87,7110800,0.0,1.0,UNH
2004-05-27,25.01,25.55,24.97,25.55,25.55,11126800,0.0,1.0,UNH
2004-05-26,25.22,25.36,24.78,24.98,24.98,9423800,0.0,1.0,UNH
2004-05-25,25.22,25.33,25.01,25.22,25.22,5592400,0.0,1.0,UNH
2004-05-24,25.06,25.43,25.01,25.26,25.26,6141800,0.0,1.0,UNH
2004-05-21,24.95,25.2,24.77,25.06,25.06,7680200,0.0,1.0,UNH
2004-05-20,25.0,25.0,24.51,24.84,24.84,7510600,0.0,1.0,UNH
2004-05-19,25.0,25.36,24.86,25.04,25.04,7940400,0.0,1.0,UNH
2004-05-18,24.87,25.17,24.83,24.96,24.96,5195400,0.0,1.0,UNH
2004-05-17,24.58,24.99,24.39,24.82,24.82,5237600,0.0,1.0,UNH
2004-05-14,24.66,25.0,24.41,24.79,24.79,5716400,0.0,1.0,UNH
2004-05-13,24.5,24.85,24.47,24.71,24.71,5878200,0.0,1.0,UNH
2004-05-12,24.19,24.64,24.14,24.53,24.53,6470400,0.0,1.0,UNH
2004-05-11,23.92,24.34,23.9,24.32,24.32,7510800,0.0,1.0,UNH
2004-05-10,24.0,24.0,23.24,23.92,23.92,8979600,0.0,1.0,UNH
2004-05-07,24.3,24.62,23.97,24.0,24.0,6557200,0.0,1.0,UNH
2004-05-06,24.62,24.71,24.18,24.46,24.46,6344200,0.0,1.0,UNH
2004-05-05,24.44,24.83,24.39,24.8,24.8,6424400,0.0,1.0,UNH
2004-05-04,24.52,24.6,24.35,24.38,24.38,7168200,0.0,1.0,UNH
2004-05-03,24.38,24.78,24.08,24.76,24.76,7755200,0.0,1.0,UNH
2004-04-30,24.69,24.76,24.19,24.38,24.38,8378400,0.0,1.0,UNH
2004-04-29,25.12,25.17,24.66,24.69,24.69,6735600,0.0,1.0,UNH
2004-04-28,25.58,25.6,25.02,25.12,25.12,7985400,0.0,1.0,UNH
2004-04-27,25.61,25.84,25.22,25.58,25.58,24536600,0.0,1.0,UNH
2004-04-26,26.15,26.2,25.22,25.34,25.34,9575400,0.0,1.0,UNH
2004-04-23,26.17,26.24,26.03,26.15,26.15,2523800,0.0,1.0,UNH
2004-04-22,25.54,26.3,25.54,26.25,26.25,6527400,0.0,1.0,UNH
2004-04-21,25.28,25.79,25.23,25.68,25.68,6768400,0.0,1.0,UNH
2004-04-20,25.7,25.74,25.1,25.18,25.18,6904400,0.0,1.0,UNH
2004-04-19,25.87,26.06,25.8,25.8,25.8,7295400,0.0,1.0,UNH
2004-04-16,25.38,26.11,25.08,25.93,25.93,9732400,0.0,1.0,UNH
2004-04-15,25.61,25.85,24.48,25.36,25.36,22416800,0.0,1.0,UNH
2004-04-14,26.72,27.06,26.1,26.53,26.53,5099000,0.0,1.0,UNH
2004-04-13,27.16,27.16,26.62,26.72,26.72,5088600,0.0,1.0,UNH
2004-04-12,26.54,27.04,26.47,26.99,26.99,3295200,0.0,1.0,UNH
2004-04-08,26.56,26.65,26.2,26.37,26.37,2611600,0.0,1.0,UNH
2004-04-07,26.56,26.57,26.24,26.51,26.51,3334200,0.0,1.0,UNH
2004-04-06,26.47,26.66,26.37,26.64,26.64,4191000,0.0,1.0,UNH
2004-04-05,26.07,26.56,26.02,26.56,26.56,5603400,0.0,1.0,UNH
2004-04-02,25.79,26.07,25.65,25.82,25.82,4385000,0.0,1.0,UNH
2004-04-01,25.51,25.77,25.5,25.76,25.76,4411800,0.0,1.0,UNH
2004-03-31,25.32,25.57,25.17,25.55,25.55,3800000,0.0,1.0,UNH
2004-03-30,25.44,25.44,25.02,25.23,25.23,3783800,0.03,1.0,UNH
2004-03-29,24.91,25.13,24.81,25.07,25.07,4554400,0.0,1.0,UNH
2004-03-26,24.65,24.75,24.53,24.6,24.6,3785800,0.0,1.0,UNH
2004-03-25,24.75,24.87,24.35,24.69,24.69,4577800,0.0,1.0,UNH
2004-03-24,25.2,25.2,24.46,24.57,24.57,6591600,0.0,1.0,UNH
2004-03-23,24.97,25.42,24.61,25.24,25.24,4958400,0.0,1.0,UNH
2004-03-22,25.15,25.26,24.83,24.95,24.95,4611000,0.0,1.0,UNH
2004-03-19,25.19,25.3,25.05,25.15,25.15,5538200,0.0,1.0,UNH
2004-03-18,25.1,25.44,25.09,25.4,25.4,4089600,0.0,1.0,UNH
2004-03-17,24.71,25.24,24.7,25.1,25.1,3813200,0.0,1.0,UNH
2004-03-16,24.77,25.12,24.72,24.93,24.93,5380600,0.0,1.0,UNH
2004-03-15,24.35,24.75,24.35,24.62,24.62,3550200,0.0,1.0,UNH
2004-03-12,24.22,24.57,24.1,24.5,24.5,4629800,0.0,1.0,UNH
2004-03-11,24.42,24.48,24.02,24.02,24.02,4574600,0.0,1.0,UNH
2004-03-10,24.44,24.55,24.3,24.42,24.42,5235000,0.0,1.0,UNH
2004-03-09,24.51,24.53,24.25,24.34,24.34,5029400,0.0,1.0,UNH
2004-03-08,25.04,25.04,24.73,24.75,24.75,4818400,0.0,1.0,UNH
2004-03-05,24.55,25.16,24.54,25.03,25.03,6338600,0.0,1.0,UNH
2004-03-04,24.75,24.77,24.51,24.77,24.77,5388400,0.0,1.0,UNH
2004-03-03,24.35,24.71,24.35,24.7,24.7,7821800,0.0,1.0,UNH
2004-03-02,24.44,24.55,24.21,24.29,24.29,5216000,0.0,1.0,UNH
2004-03-01,24.57,24.71,24.36,24.43,24.43,5242000,0.0,1.0,UNH
2004-02-27,24.57,24.69,24.47,24.57,24.57,4890400,0.0,1.0,UNH
2004-02-26,24.43,24.69,23.98,24.56,24.56,6991400,0.0,1.0,UNH
2004-02-25,24.51,24.66,24.33,24.52,24.52,5036600,0.0,1.0,UNH
2004-02-24,24.23,24.56,24.23,24.54,24.54,5143400,0.0,1.0,UNH
2004-02-23,24.29,24.35,24.1,24.26,24.26,4608600,0.0,1.0,UNH
2004-02-20,24.31,24.46,23.92,24.19,24.19,5626600,0.0,1.0,UNH
2004-02-19,24.15,24.49,24.07,24.19,24.19,6757200,0.0,1.0,UNH
2004-02-18,24.06,24.18,23.86,23.9,23.9,6803200,0.0,1.0,UNH
2004-02-17,23.78,24.06,23.66,23.98,23.98,4619800,0.0,1.0,UNH
2004-02-13,23.52,23.77,23.42,23.65,23.65,6720000,0.0,1.0,UNH
2004-02-12,23.66,23.76,23.44,23.46,23.46,8163000,0.0,1.0,UNH
2004-02-11,23.78,23.78,23.14,23.54,23.54,10029200,0.0,1.0,UNH
2004-02-10,23.55,23.86,23.54,23.78,23.78,11177200,0.0,1.0,UNH
2004-02-09,23.68,23.75,23.44,23.6,23.6,3283400,0.0,1.0,UNH
2004-02-06,23.3,23.68,23.12,23.63,23.63,3985600,0.0,1.0,UNH
2004-02-05,23.48,23.54,23.03,23.43,23.43,5426600,0.0,1.0,UNH
2004-02-04,23.81,23.88,23.69,23.81,23.81,3396800,0.0,1.0,UNH
2004-02-03,23.8,23.87,23.54,23.81,23.81,4115000,0.0,1.0,UNH
2004-02-02,24.1,24.15,23.65,23.79,23.79,8136800,0.0,1.0,UNH
2004-01-30,24.1,24.16,23.87,24.13,24.13,4653400,0.0,1.0,UNH
2004-01-29,23.74,24.17,23.51,24.14,24.14,6065400,0.0,1.0,UNH
2004-01-28,23.58,23.76,23.48,23.55,23.55,4438400,0.0,1.0,UNH
2004-01-27,23.77,23.77,23.46,23.56,23.56,3593000,0.0,1.0,UNH
2004-01-26,23.65,23.78,23.36,23.74,23.74,3292600,0.0,1.0,UNH
2004-01-23,24.04,24.04,23.29,23.65,23.65,5273200,0.0,1.0,UNH
2004-01-22,23.66,24.1,23.54,24.04,24.04,9719200,0.0,1.0,UNH
2004-01-21,23.22,23.26,22.99,23.16,23.16,4043400,0.0,1.0,UNH
2004-01-20,23.28,23.46,23.06,23.21,23.21,4150800,0.0,1.0,UNH
2004-01-16,23.22,23.3,22.96,23.25,23.25,4826200,0.0,1.0,UNH
2004-01-15,22.95,23.24,22.61,23.1,23.1,6498800,0.0,1.0,UNH
2004-01-14,22.57,22.98,22.47,22.98,22.98,5012800,0.0,1.0,UNH
2004-01-13,22.59,22.61,22.26,22.4,22.4,5563000,0.0,1.0,UNH
2004-01-12,22.65,22.71,22.37,22.47,22.47,4224400,0.0,1.0,UNH
2004-01-09,22.76,22.77,22.37,22.55,22.55,4552400,0.0,1.0,UNH
2004-01-08,22.71,22.97,22.71,22.76,22.76,5619200,0.0,1.0,UNH
2004-01-07,22.71,22.72,22.35,22.71,22.71,5916400,0.0,1.0,UNH
2004-01-06,22.29,22.66,22.26,22.5,22.5,8181800,0.0,1.0,UNH
2004-01-05,22.59,23.28,21.97,22.27,22.27,16714000,0.0,1.0,UNH
2004-01-02,23.4,23.51,23.15,23.4,23.4,6243600,0.0,1.0,UNH
2003-12-31,23.1,23.25,22.96,23.06,23.06,5115200,0.0,1.0,UNH
2003-12-30,23.03,23.03,22.7,22.91,22.91,3737800,0.0,1.0,UNH
2003-12-29,22.47,23.08,22.39,23.03,23.03,5714000,0.0,1.0,UNH
2003-12-26,22.33,22.47,22.28,22.39,22.39,1457400,0.0,1.0,UNH
2003-12-24,22.2,22.37,22.05,22.28,22.28,1288800,0.0,1.0,UNH
2003-12-23,22.31,22.36,22.13,22.2,22.2,3728400,0.0,1.0,UNH
2003-12-22,22.31,22.42,22.12,22.36,22.36,4738400,0.0,1.0,UNH
2003-12-19,22.33,22.37,22.0,22.21,22.21,6463200,0.0,1.0,UNH
2003-12-18,22.16,22.41,22.14,22.31,22.31,5528600,0.0,1.0,UNH
2003-12-17,21.75,22.19,21.71,22.16,22.16,7271600,0.0,1.0,UNH
2003-12-16,21.59,21.76,21.53,21.75,21.75,4246600,0.0,1.0,UNH
2003-12-15,21.8,21.84,21.55,21.59,21.59,4600600,0.0,1.0,UNH
2003-12-12,21.42,21.6,21.31,21.59,21.59,3349800,0.0,1.0,UNH
2003-12-11,21.19,21.52,21.17,21.3,21.3,4780000,0.0,1.0,UNH
2003-12-10,21.1,21.12,20.83,21.1,21.1,3880400,0.0,1.0,UNH
2003-12-09,21.38,21.42,21.11,21.16,21.16,3681400,0.0,1.0,UNH
2003-12-08,21.15,21.35,21.02,21.31,21.31,3248600,0.0,1.0,UNH
2003-12-05,21.46,21.46,21.04,21.15,21.15,4418000,0.0,1.0,UNH
2003-12-04,21.6,21.62,21.24,21.47,21.47,4582000,0.0,1.0,UNH
2003-12-03,21.8,21.85,21.44,21.6,21.6,4901200,0.0,1.0,UNH
2003-12-02,21.66,21.79,21.49,21.76,21.76,5649400,0.0,1.0,UNH
2003-12-01,21.42,21.67,21.36,21.66,21.66,4232600,0.0,1.0,UNH
2003-11-28,21.31,21.76,21.16,21.36,21.36,2435200,0.0,1.0,UNH
2003-11-26,21.36,21.36,21.1,21.31,21.31,4981400,0.0,1.0,UNH
2003-11-25,20.92,21.38,20.67,21.33,21.33,6366400,0.0,1.0,UNH
2003-11-24,20.59,20.93,20.56,20.92,20.92,5820400,0.0,1.0,UNH
2003-11-21,20.43,20.51,20.05,20.5,20.5,7094400,0.0,1.0,UNH
2003-11-20,20.37,20.43,20.05,20.13,20.13,5793000,0.0,1.0,UNH
2003-11-19,19.78,20.52,19.62,20.44,20.44,12004800,0.0,1.0,UNH
2003-11-18,19.78,19.82,19.42,19.46,19.46,4141400,0.0,1.0,UNH
2003-11-17,19.69,19.81,19.35,19.76,19.76,4000200,0.0,1.0,UNH
2003-11-14,19.78,19.91,19.6,19.69,19.69,4433200,0.0,1.0,UNH
2003-11-13,19.67,19.82,19.58,19.78,19.78,5786200,0.0,1.0,UNH
2003-11-12,19.06,19.72,19.06,19.67,19.67,6597800,0.0,1.0,UNH
2003-11-11,19.12,19.44,19.09,19.39,19.39,5906800,0.0,1.0,UNH
2003-11-10,18.93,19.22,18.93,19.12,19.12,7621400,0.0,1.0,UNH
2003-11-07,19.46,19.46,18.86,18.96,18.96,13116400,0.0,1.0,UNH
2003-11-06,19.82,19.83,19.35,19.46,19.46,7779600,0.0,1.0,UNH
2003-11-05,19.61,19.87,19.52,19.82,19.82,6968000,0.0,1.0,UNH
2003-11-04,19.98,20.16,19.62,19.69,19.69,9676400,0.0,1.0,UNH
2003-11-03,20.33,20.36,19.94,19.98,19.98,8052800,0.0,1.0,UNH
2003-10-31,20.43,20.58,20.14,20.16,20.16,8392000,0.0,1.0,UNH
2003-10-30,20.89,20.89,20.06,20.23,20.23,9547600,0.0,1.0,UNH
2003-10-29,20.75,20.98,20.68,20.71,20.71,6759400,0.0,1.0,UNH
2003-10-28,20.81,21.14,20.65,20.75,20.75,11444600,0.0,1.0,UNH
2003-10-27,20.81,21.4,20.22,20.77,20.77,23816200,0.0,1.0,UNH
2003-10-24,21.39,21.65,21.16,21.5,21.5,4088800,0.0,1.0,UNH
2003-10-23,21.64,21.72,21.36,21.39,21.39,5065800,0.0,1.0,UNH
2003-10-22,22.01,22.01,21.68,21.8,21.8,2948000,0.0,1.0,UNH
2003-10-21,21.76,22.05,21.32,22.01,22.01,5840400,0.0,1.0,UNH
2003-10-20,21.56,21.8,21.48,21.76,21.76,6224000,0.0,1.0,UNH
2003-10-17,21.32,21.44,21.24,21.4,21.4,5051600,0.0,1.0,UNH
2003-10-16,20.83,21.4,20.77,21.15,21.15,8438000,0.0,1.0,UNH
2003-10-15,20.69,20.9,20.33,20.34,20.34,5604600,0.0,1.0,UNH
2003-10-14,20.98,20.98,20.65,20.79,20.79,3228400,0.0,1.0,UNH
2003-10-13,20.9,21.11,20.84,20.98,20.98,4213000,0.0,1.0,UNH
2003-10-10,20.44,20.72,20.44,20.68,20.68,2811000,0.0,1.0,UNH
2003-10-09,20.57,20.61,20.34,20.44,20.44,3717000,0.0,1.0,UNH
2003-10-08,20.47,20.57,20.28,20.31,20.31,3131000,0.0,1.0,UNH
2003-10-07,20.21,20.51,20.21,20.47,20.47,4290400,0.0,1.0,UNH
2003-10-06,20.85,20.89,20.29,20.41,20.41,4800000,0.0,1.0,UNH
2003-10-03,20.98,21.04,20.85,20.85,20.85,5902600,0.0,1.0,UNH
2003-10-02,20.51,20.88,20.36,20.71,20.71,6571600,0.0,1.0,UNH
2003-10-01,19.94,20.55,19.62,20.51,20.51,8299600,0.0,1.0,UNH
2003-09-30,19.4,20.02,19.34,19.94,19.94,7696800,0.0,1.0,UNH
2003-09-29,19.23,19.41,19.09,19.33,19.33,5646400,0.0,1.0,UNH
2003-09-26,19.04,19.23,19.02,19.15,19.15,5627000,0.0,1.0,UNH
2003-09-25,19.42,19.45,18.98,19.02,19.02,5348400,0.0,1.0,UNH
2003-09-24,19.58,19.66,19.43,19.44,19.44,4239400,0.0,1.0,UNH
2003-09-23,19.82,19.83,19.56,19.64,19.64,4412600,0.0,1.0,UNH
2003-09-22,19.8,19.82,19.5,19.7,19.7,5354600,0.0,1.0,UNH
2003-09-19,20.11,20.14,19.79,19.8,19.8,5179800,0.0,1.0,UNH
2003-09-18,20.02,20.17,19.97,20.05,20.05,6927000,0.0,1.0,UNH
2003-09-17,19.86,20.2,19.78,20.08,20.08,4220800,0.0,1.0,UNH
2003-09-16,19.82,19.9,19.74,19.85,19.85,3594600,0.0,1.0,UNH
2003-09-15,19.91,19.93,19.66,19.83,19.83,3561800,0.0,1.0,UNH
2003-09-12,19.78,19.98,19.63,19.78,19.78,6627200,0.0,1.0,UNH
2003-09-11,19.82,20.0,19.61,19.82,19.82,3250600,0.0,1.0,UNH
2003-09-10,19.83,20.16,19.78,19.82,19.82,2882600,0.0,1.0,UNH
2003-09-09,20.01,20.13,19.86,19.94,19.94,3455200,0.0,1.0,UNH
2003-09-08,19.7,20.19,19.68,20.02,20.02,4746400,0.0,1.0,UNH
2003-09-05,19.76,19.83,19.59,19.66,19.66,4534000,0.0,1.0,UNH
2003-09-04,19.62,19.78,19.53,19.76,19.76,4987400,0.0,1.0,UNH
2003-09-03,19.8,19.94,19.58,19.64,19.64,6917200,0.0,1.0,UNH
2003-09-02,19.62,19.85,19.46,19.74,19.74,4537000,0.0,1.0,UNH
2003-08-29,19.24,19.63,19.24,19.59,19.59,3753600,0.0,1.0,UNH
2003-08-28,19.45,19.74,19.3,19.34,19.34,4282200,0.0,1.0,UNH
2003-08-27,19.42,19.51,19.28,19.4,19.4,3869000,0.0,1.0,UNH
2003-08-26,19.1,19.53,19.0,19.51,19.51,7245800,0.0,1.0,UNH
2003-08-25,19.34,19.41,19.24,19.3,19.3,4573600,0.0,1.0,UNH
2003-08-22,19.52,19.8,19.35,19.38,19.38,5652400,0.0,1.0,UNH
2003-08-21,19.93,20.08,19.61,19.65,19.65,6664000,0.0,1.0,UNH
2003-08-20,20.4,20.4,19.88,19.93,19.93,5701400,0.0,1.0,UNH
2003-08-19,20.38,20.54,20.24,20.4,20.4,2950400,0.0,1.0,UNH
2003-08-18,20.45,20.77,20.31,20.47,20.47,3114400,0.0,1.0,UNH
2003-08-15,20.29,20.33,20.01,20.29,20.29,1746800,0.0,1.0,UNH
2003-08-14,20.21,20.42,19.95,20.29,20.29,3394200,0.0,1.0,UNH
2003-08-13,20.43,20.5,19.95,19.99,19.99,4183800,0.0,1.0,UNH
2003-08-12,20.21,20.32,19.94,20.27,20.27,4338600,0.0,1.0,UNH
2003-08-11,19.77,20.43,19.77,20.12,20.12,6006000,0.0,1.0,UNH
2003-08-08,19.8,20.24,19.65,19.76,19.76,5909600,0.0,1.0,UNH
2003-08-07,19.42,19.87,19.42,19.8,19.8,8590800,0.0,1.0,UNH
2003-08-06,20.09,20.1,18.83,19.34,19.34,19397000,0.0,1.0,UNH
2003-08-05,20.77,20.77,20.15,20.15,20.15,5949200,0.0,1.0,UNH
2003-08-04,20.65,20.9,20.27,20.77,20.77,5352200,0.0,1.0,UNH
2003-08-01,20.65,21.16,20.45,20.81,20.81,7297400,0.0,1.0,UNH
2003-07-31,21.21,21.25,20.54,20.64,20.64,12282200,0.0,1.0,UNH
2003-07-30,22.09,22.29,21.56,21.7,21.7,14137600,0.0,1.0,UNH
2003-07-29,21.67,22.17,21.67,21.86,21.86,6255600,0.0,1.0,UNH
2003-07-28,21.32,21.8,21.31,21.67,21.67,4351000,0.0,1.0,UNH
2003-07-25,21.11,21.48,20.91,21.44,21.44,5298000,0.0,1.0,UNH
2003-07-24,21.62,21.64,21.1,21.1,21.1,4639200,0.0,1.0,UNH
2003-07-23,21.3,21.9,20.9,21.6,21.6,11104200,0.0,1.0,UNH
2003-07-22,20.9,21.0,20.75,20.94,20.94,4936000,0.0,1.0,UNH
2003-07-21,20.78,20.89,19.91,20.8,20.8,5512000,0.0,1.0,UNH
2003-07-18,20.62,20.79,20.29,20.78,20.78,6584200,0.0,1.0,UNH
2003-07-17,19.52,20.67,18.73,20.52,20.52,17773400,0.0,1.0,UNH
2003-07-16,19.85,19.91,19.08,19.26,19.26,8215600,0.0,1.0,UNH
2003-07-15,19.82,19.91,19.64,19.83,19.83,7472200,0.0,1.0,UNH
2003-07-14,20.29,20.46,19.74,19.76,19.76,9717200,0.0,1.0,UNH
2003-07-11,20.21,20.61,20.16,20.29,20.29,5327000,0.0,1.0,UNH
2003-07-10,20.67,20.78,20.25,20.43,20.43,4005400,0.0,1.0,UNH
2003-07-09,20.69,21.0,20.52,20.71,20.71,4942000,0.0,1.0,UNH
2003-07-08,20.6,20.77,20.41,20.69,20.69,4300800,0.0,1.0,UNH
2003-07-07,20.24,20.69,20.23,20.6,20.6,4246400,0.0,1.0,UNH
2003-07-03,20.4,20.46,20.12,20.18,20.18,2006200,0.0,1.0,UNH
2003-07-02,19.86,20.45,19.83,20.4,20.4,4742800,0.0,1.0,UNH
2003-07-01,19.91,19.94,19.62,19.94,19.94,3967600,0.0,1.0,UNH
2003-06-30,20.13,20.18,19.82,19.91,19.91,3873600,0.0,1.0,UNH
2003-06-27,20.21,20.21,19.82,19.9,19.9,3061000,0.0,1.0,UNH
2003-06-26,19.82,20.12,19.63,20.04,20.04,3667000,0.0,1.0,UNH
2003-06-25,19.88,20.06,19.52,19.82,19.82,7099800,0.0,1.0,UNH
2003-06-24,19.99,20.4,19.91,20.02,20.02,5043000,0.0,1.0,UNH
2003-06-23,19.95,19.97,19.63,19.95,19.95,6885200,0.0,1.0,UNH
2003-06-20,19.95,20.23,19.72,20.05,20.05,11751400,0.0,1.0,UNH
2003-06-19,20.66,20.71,19.71,19.79,19.79,4464900,0.0,2.0,UNH
2003-06-18,20.81,20.87,20.61,20.66,20.66,6985200,0.0,1.0,UNH
2003-06-17,20.55,20.83,20.55,20.78,20.78,8028000,0.0,1.0,UNH
2003-06-16,20.29,20.44,20.16,20.41,20.41,5888800,0.0,1.0,UNH
2003-06-13,20.22,20.36,19.94,19.99,19.99,5492800,0.0,1.0,UNH
2003-06-12,20.06,20.26,19.95,20.22,20.22,6752400,0.0,1.0,UNH
2003-06-11,19.58,20.06,19.58,20.06,20.06,9931600,0.0,1.0,UNH
2003-06-10,19.42,19.79,19.42,19.58,19.58,7956800,0.0,1.0,UNH
2003-06-09,19.39,19.6,19.2,19.25,19.25,6990000,0.0,1.0,UNH
2003-06-06,19.22,19.52,19.22,19.39,19.39,7203600,0.0,1.0,UNH
2003-06-05,18.9,19.24,18.76,19.22,19.22,7504000,0.0,1.0,UNH
2003-06-04,19.02,19.06,18.84,18.89,18.89,6177600,0.0,1.0,UNH
2003-06-03,18.63,19.04,18.57,19.02,19.02,8828400,0.0,1.0,UNH
2003-06-02,19.04,19.11,18.66,18.69,18.69,9913600,0.0,1.0,UNH
2003-05-30,18.83,19.02,18.65,19.01,19.01,6593200,0.0,1.0,UNH
2003-05-29,18.92,19.08,18.73,18.83,18.83,6176800,0.0,1.0,UNH
2003-05-28,18.97,19.07,18.77,18.92,18.92,7568800,0.0,1.0,UNH
2003-05-27,18.89,19.17,18.89,18.9,18.9,7092800,0.0,1.0,UNH
2003-05-23,19.09,19.22,18.85,18.92,18.92,5964400,0.0,1.0,UNH
2003-05-22,19.24,19.4,19.14,19.18,19.18,8098000,0.0,1.0,UNH
2003-05-21,18.97,19.46,18.82,19.4,19.4,12160000,0.0,1.0,UNH
2003-05-20,18.81,19.38,18.77,18.97,18.97,17442800,0.0,1.0,UNH
2003-05-19,18.86,19.09,18.68,18.69,18.69,8457200,0.0,1.0,UNH
2003-05-16,18.47,19.05,18.46,18.91,18.91,19221200,0.0,1.0,UNH
2003-05-15,18.54,18.62,18.28,18.47,18.47,7245600,0.0,1.0,UNH
2003-05-14,18.54,18.63,18.46,18.55,18.55,5080800,0.0,1.0,UNH
2003-05-13,18.62,18.65,18.46,18.55,18.55,4456800,0.0,1.0,UNH
2003-05-12,18.49,18.72,18.41,18.67,18.67,4229200,0.0,1.0,UNH
2003-05-09,18.36,18.53,18.31,18.53,18.53,3480800,0.0,1.0,UNH
2003-05-08,18.38,18.57,18.23,18.27,18.27,5580400,0.0,1.0,UNH
2003-05-07,18.64,18.68,18.36,18.38,18.38,6044800,0.0,1.0,UNH
2003-05-06,18.5,18.68,18.47,18.64,18.64,5408800,0.0,1.0,UNH
2003-05-05,18.4,18.69,18.38,18.5,18.5,9244000,0.0,1.0,UNH
2003-05-02,17.84,18.41,17.72,18.36,18.36,12119600,0.0,1.0,UNH
2003-05-01,18.26,18.29,17.93,18.02,18.02,7833200,0.0,1.0,UNH
2003-04-30,17.89,18.29,17.79,18.26,18.26,15325200,0.0,1.0,UNH
2003-04-29,18.0,18.08,17.85,17.93,17.93,7396800,0.0,1.0,UNH
2003-04-28,17.95,18.03,17.76,18.0,18.0,7626000,0.0,1.0,UNH
2003-04-25,18.04,18.29,17.94,17.97,17.97,7132800,0.0,1.0,UNH
2003-04-24,18.1,18.2,17.72,18.05,18.05,13541200,0.0,1.0,UNH
2003-04-23,18.09,18.12,17.88,17.98,17.98,6598400,0.0,1.0,UNH
2003-04-22,17.64,18.16,17.6,18.09,18.09,10440000,0.0,1.0,UNH
2003-04-21,18.2,18.43,17.68,17.74,17.74,11239600,0.0,1.0,UNH
2003-04-17,17.84,18.32,17.8,18.2,18.2,13449200,0.0,1.0,UNH
2003-04-16,18.63,18.85,17.48,17.84,17.84,32850400,0.0,1.0,UNH
2003-04-15,18.65,18.69,18.25,18.58,18.58,12858000,0.0,1.0,UNH
2003-04-14,18.41,18.79,18.22,18.65,18.65,6379200,0.0,1.0,UNH
2003-04-11,18.16,18.48,17.96,18.41,18.41,6285200,0.0,1.0,UNH
2003-04-10,18.31,18.31,18.01,18.16,18.16,10178000,0.0,1.0,UNH
2003-04-09,18.57,18.66,18.26,18.31,18.31,7107200,0.0,1.0,UNH
2003-04-08,18.31,18.62,18.2,18.57,18.57,10516800,0.0,1.0,UNH
2003-04-07,18.43,18.73,18.3,18.32,18.32,9087200,0.0,1.0,UNH
2003-04-04,18.23,18.6,18.23,18.3,18.3,8158000,0.0,1.0,UNH
2003-04-03,18.25,18.55,18.05,18.43,18.43,8679600,0.0,1.0,UNH
2003-04-02,18.17,18.42,18.11,18.16,18.16,9322800,0.0,1.0,UNH
2003-04-01,18.16,18.26,17.73,18.09,18.09,11131600,0.0,1.0,UNH
2003-03-31,18.13,18.37,18.01,18.16,18.16,7777600,0.0,1.0,UNH
2003-03-28,17.77,18.26,17.71,18.26,18.26,9069200,0.03,1.0,UNH
2003-03-27,17.75,17.82,17.46,17.77,17.77,7393200,0.0,1.0,UNH
2003-03-26,17.91,18.01,17.73,17.75,17.75,6722400,0.0,1.0,UNH
2003-03-25,17.69,18.08,17.6,17.96,17.96,8354000,0.0,1.0,UNH
2003-03-24,17.81,17.81,17.4,17.69,17.69,7697200,0.0,1.0,UNH
2003-03-21,17.51,17.81,17.44,17.81,17.81,7850400,0.0,1.0,UNH
2003-03-20,17.22,17.45,17.07,17.31,17.31,6178800,0.0,1.0,UNH
2003-03-19,17.25,17.38,17.1,17.38,17.38,6547600,0.0,1.0,UNH
2003-03-18,17.15,17.35,17.09,17.28,17.28,7786400,0.0,1.0,UNH
2003-03-17,16.63,17.22,16.6,17.17,17.17,11094400,0.0,1.0,UNH
2003-03-14,17.01,17.06,16.54,16.57,16.57,9812000,0.0,1.0,UNH
2003-03-13,16.64,16.98,16.62,16.98,16.98,8240400,0.0,1.0,UNH
2003-03-12,16.5,16.62,16.28,16.57,16.57,8335600,0.0,1.0,UNH
2003-03-11,16.65,16.69,16.43,16.54,16.54,4983200,0.0,1.0,UNH
2003-03-10,16.92,16.96,16.56,16.6,16.6,6504800,0.0,1.0,UNH
2003-03-07,16.64,16.98,16.62,16.92,16.92,8483200,0.0,1.0,UNH
2003-03-06,16.53,16.83,16.53,16.74,16.74,9167600,0.0,1.0,UNH
2003-03-05,16.38,16.68,16.32,16.68,16.68,9066400,0.0,1.0,UNH
2003-03-04,16.61,16.69,16.33,16.33,16.33,7731200,0.0,1.0,UNH
2003-03-03,16.5,16.7,16.49,16.61,16.61,7499200,0.0,1.0,UNH
2003-02-28,16.34,16.54,16.32,16.42,16.42,6041200,0.0,1.0,UNH
2003-02-27,16.34,16.45,16.17,16.37,16.37,8824000,0.0,1.0,UNH
2003-02-26,16.01,16.35,15.97,16.28,16.28,7871600,0.0,1.0,UNH
2003-02-25,15.82,16.04,15.69,16.01,16.01,9771200,0.0,1.0,UNH
2003-02-24,16.09,16.1,15.81,15.9,15.9,9526800,0.0,1.0,UNH
2003-02-21,16.14,16.44,15.91,16.28,16.28,10335200,0.0,1.0,UNH
2003-02-20,16.22,16.34,15.96,16.14,16.14,8484400,0.0,1.0,UNH
2003-02-19,16.24,16.46,16.18,16.22,16.22,6644000,0.0,1.0,UNH
2003-02-18,15.87,16.31,15.87,16.25,16.25,6559600,0.0,1.0,UNH
2003-02-14,15.8,15.84,15.53,15.84,15.84,11654800,0.0,1.0,UNH
2003-02-13,15.7,15.99,15.6,15.8,15.8,12744400,0.0,1.0,UNH
2003-02-12,16.54,16.62,15.71,15.89,15.89,20561200,0.0,1.0,UNH
2003-02-11,16.99,17.04,16.51,16.53,16.53,11144800,0.0,1.0,UNH
2003-02-10,16.81,17.02,16.77,16.96,16.96,5423200,0.0,1.0,UNH
2003-02-07,16.84,16.89,16.7,16.77,16.77,7011200,0.0,1.0,UNH
2003-02-06,16.63,16.84,16.55,16.64,16.64,7111600,0.0,1.0,UNH
2003-02-05,16.7,16.98,16.63,16.63,16.63,7538400,0.0,1.0,UNH
2003-02-04,17.04,17.04,16.55,16.7,16.7,13009600,0.0,1.0,UNH
2003-02-03,17.41,17.58,16.9,17.04,17.04,14044000,0.0,1.0,UNH
2003-01-31,16.92,17.41,16.92,17.41,17.41,9518400,0.0,1.0,UNH
2003-01-30,16.99,17.15,16.93,16.98,16.98,8853600,0.0,1.0,UNH
2003-01-29,16.46,16.71,16.38,16.67,16.67,10755200,0.0,1.0,UNH
2003-01-28,16.46,16.71,16.38,16.67,16.67,8867600,0.0,1.0,UNH
2003-01-27,16.77,16.77,16.31,16.35,16.35,8908400,0.0,1.0,UNH
2003-01-24,16.8,17.05,16.74,16.8,16.8,13107600,0.0,1.0,UNH
2003-01-23,16.54,16.86,16.54,16.8,16.8,15162000,0.0,1.0,UNH
2003-01-22,16.5,16.81,16.34,16.39,16.39,11032000,0.0,1.0,UNH
2003-01-21,16.71,16.87,16.46,16.47,16.47,7129600,0.0,1.0,UNH
2003-01-17,16.29,16.81,16.24,16.71,16.71,8505600,0.0,1.0,UNH
2003-01-16,16.26,16.34,16.05,16.29,16.29,8652000,0.0,1.0,UNH
2003-01-15,16.39,16.45,16.12,16.24,16.24,9206400,0.0,1.0,UNH
2003-01-14,16.37,16.37,16.19,16.29,16.29,7093200,0.0,1.0,UNH
2003-01-13,16.4,16.61,16.27,16.37,16.37,7900000,0.0,1.0,UNH
2003-01-10,16.64,16.67,16.43,16.53,16.53,6765200,0.0,1.0,UNH
2003-01-09,16.74,16.91,16.54,16.74,16.74,7050800,0.0,1.0,UNH
2003-01-08,16.64,16.84,16.58,16.74,16.74,5682400,0.0,1.0,UNH
2003-01-07,16.72,16.72,16.39,16.6,16.6,8544400,0.0,1.0,UNH
2003-01-06,17.11,17.18,16.68,16.72,16.72,9381600,0.0,1.0,UNH
2003-01-03,17.04,17.25,16.98,17.15,17.15,8318000,0.0,1.0,UNH
2003-01-02,16.54,16.98,16.4,16.98,16.98,10068400,0.0,1.0,UNH
2002-12-31,16.56,16.63,16.36,16.54,16.54,4596800,0.0,1.0,UNH
2002-12-30,16.31,16.61,16.14,16.56,16.56,6438400,0.0,1.0,UNH
2002-12-27,16.59,16.59,16.29,16.29,16.29,3376800,0.0,1.0,UNH
2002-12-26,16.75,16.75,16.44,16.48,16.48,3905200,0.0,1.0,UNH
2002-12-24,16.64,16.77,16.57,16.69,16.69,2969600,0.0,1.0,UNH
2002-12-23,16.12,16.61,16.08,16.58,16.58,7364000,0.0,1.0,UNH
2002-12-20,16.16,16.32,15.87,16.06,16.06,11512800,0.0,1.0,UNH
2002-12-19,16.34,16.6,16.0,16.24,16.24,9201600,0.0,1.0,UNH
2002-12-18,16.32,16.43,16.1,16.25,16.25,5330800,0.0,1.0,UNH
2002-12-17,16.28,16.43,16.26,16.31,16.31,5204400,0.0,1.0,UNH
2002-12-16,16.23,16.38,16.13,16.38,16.38,12798400,0.0,1.0,UNH
2002-12-13,16.66,16.68,16.09,16.23,16.23,8337200,0.0,1.0,UNH
2002-12-12,16.5,16.61,16.42,16.59,16.59,6933600,0.0,1.0,UNH
2002-12-11,16.38,16.58,16.34,16.46,16.46,5769600,0.0,1.0,UNH
2002-12-10,16.03,16.39,16.03,16.21,16.21,8882000,0.0,1.0,UNH
2002-12-09,16.51,16.74,16.01,16.03,16.03,11081600,0.0,1.0,UNH
2002-12-06,16.5,16.78,16.4,16.51,16.51,9826400,0.0,1.0,UNH
2002-12-05,16.46,16.56,15.95,16.5,16.5,15631200,0.0,1.0,UNH
2002-12-04,15.63,16.54,15.54,16.46,16.46,21419200,0.0,1.0,UNH
2002-12-03,15.19,15.68,15.11,15.64,15.64,16115600,0.0,1.0,UNH
2002-12-02,16.21,16.29,15.13,15.18,15.18,20198000,0.0,1.0,UNH
2002-11-29,15.92,16.2,15.92,16.13,16.13,5710000,0.0,1.0,UNH
2002-11-27,16.05,16.07,15.81,15.92,15.92,14601600,0.0,1.0,UNH
2002-11-26,15.35,15.81,15.35,15.67,15.67,30924400,0.0,1.0,UNH
2002-11-25,16.43,16.43,14.86,15.14,15.14,56801200,0.0,1.0,UNH
2002-11-22,16.95,17.23,16.69,16.76,16.76,16452400,0.0,1.0,UNH
2002-11-21,17.81,17.83,16.46,16.82,16.82,37980400,0.0,1.0,UNH
2002-11-20,17.65,17.91,17.49,17.78,17.78,18701600,0.0,1.0,UNH
2002-11-19,18.42,18.43,17.94,18.12,18.12,7996000,0.0,1.0,UNH
2002-11-18,18.43,18.59,18.32,18.42,18.42,6014400,0.0,1.0,UNH
2002-11-15,17.95,18.51,17.91,18.4,18.4,7656400,0.0,1.0,UNH
2002-11-14,18.03,18.19,17.91,17.97,17.97,8702800,0.0,1.0,UNH
2002-11-13,17.64,18.03,17.64,17.87,17.87,8793200,0.0,1.0,UNH
2002-11-12,17.43,17.83,17.29,17.69,17.69,10819200,0.0,1.0,UNH
2002-11-11,17.49,17.58,16.94,17.43,17.43,17381200,0.0,1.0,UNH
2002-11-08,18.83,18.83,17.14,17.2,17.2,38267600,0.0,1.0,UNH
2002-11-07,18.75,19.04,18.65,18.82,18.82,7851200,0.0,1.0,UNH
2002-11-06,18.22,18.86,18.14,18.72,18.72,11367600,0.0,1.0,UNH
2002-11-05,18.49,18.67,17.91,18.07,18.07,9198800,0.0,1.0,UNH
2002-11-04,18.68,18.82,18.41,18.5,18.5,8641600,0.0,1.0,UNH
2002-11-01,18.02,18.52,17.75,18.36,18.36,13972000,0.0,1.0,UNH
2002-10-31,19.02,19.12,17.63,18.02,18.02,22192400,0.0,1.0,UNH
2002-10-30,18.89,19.13,18.71,18.88,18.88,5423200,0.0,1.0,UNH
2002-10-29,18.87,18.92,18.43,18.75,18.75,7964800,0.0,1.0,UNH
2002-10-28,19.23,19.23,18.64,18.95,18.95,11838000,0.0,1.0,UNH
2002-10-25,19.47,19.76,18.72,19.23,19.23,15302400,0.0,1.0,UNH
2002-10-24,19.75,19.81,19.42,19.47,19.47,9154800,0.0,1.0,UNH
2002-10-23,19.61,19.89,19.41,19.89,19.89,7117600,0.0,1.0,UNH
2002-10-22,19.68,20.01,19.51,19.6,19.6,9114000,0.0,1.0,UNH
2002-10-21,19.79,20.01,19.57,19.67,19.67,9056000,0.0,1.0,UNH
2002-10-18,19.34,19.91,19.31,19.76,19.76,11264000,0.0,1.0,UNH
2002-10-17,19.79,19.91,19.17,19.35,19.35,16254000,0.0,1.0,UNH
2002-10-16,19.11,19.48,19.07,19.41,19.41,12774400,0.0,1.0,UNH
2002-10-15,19.12,19.21,18.93,19.11,19.11,11356800,0.0,1.0,UNH
2002-10-14,18.49,18.81,18.46,18.77,18.77,12294400,0.0,1.0,UNH
2002-10-11,18.37,18.66,18.37,18.52,18.52,9843200,0.0,1.0,UNH
2002-10-10,18.02,18.54,18.02,18.26,18.26,13088400,0.0,1.0,UNH
2002-10-09,18.06,18.37,17.97,18.02,18.02,9857200,0.0,1.0,UNH
2002-10-08,17.96,18.22,17.75,18.17,18.17,9143200,0.0,1.0,UNH
2002-10-07,17.78,18.22,17.73,17.88,17.88,10882000,0.0,1.0,UNH
2002-10-04,18.09,18.14,17.7,17.8,17.8,8780400,0.0,1.0,UNH
2002-10-03,17.95,18.24,17.88,18.14,18.14,9960800,0.0,1.0,UNH
2002-10-02,17.43,17.83,17.42,17.73,17.73,9407200,0.0,1.0,UNH
2002-10-01,17.34,17.53,17.27,17.52,17.52,12082800,0.0,1.0,UNH
2002-09-30,17.27,17.39,17.11,17.28,17.28,10308000,0.0,1.0,UNH
2002-09-27,17.33,17.66,17.31,17.31,17.31,9158000,0.0,1.0,UNH
2002-09-26,17.43,17.45,17.08,17.34,17.34,13634000,0.0,1.0,UNH
2002-09-25,17.4,17.47,17.2,17.3,17.3,9602400,0.0,1.0,UNH
2002-09-24,17.47,17.55,17.04,17.11,17.11,9770400,0.0,1.0,UNH
2002-09-23,17.83,18.01,17.58,17.79,17.79,7859600,0.0,1.0,UNH
2002-09-20,17.69,17.86,17.69,17.83,17.83,9586800,0.0,1.0,UNH
2002-09-19,18.03,18.06,17.73,17.75,17.75,9670000,0.0,1.0,UNH
2002-09-18,17.98,18.2,17.91,18.18,18.18,7571600,0.0,1.0,UNH
2002-09-17,18.4,18.5,18.07,18.12,18.12,6578000,0.0,1.0,UNH
2002-09-16,18.18,18.32,18.04,18.32,18.32,6383200,0.0,1.0,UNH
2002-09-13,17.76,18.21,17.56,18.18,18.18,7474400,0.0,1.0,UNH
2002-09-12,17.53,17.92,17.41,17.76,17.76,5632800,0.0,1.0,UNH
2002-09-11,17.63,17.74,17.53,17.59,17.59,2970800,0.0,1.0,UNH
2002-09-10,17.53,17.76,17.44,17.59,17.59,4556400,0.0,1.0,UNH
2002-09-09,17.16,17.58,17.08,17.52,17.52,4929600,0.0,1.0,UNH
2002-09-06,17.17,17.32,17.05,17.16,17.16,8617600,0.0,1.0,UNH
2002-09-05,17.05,17.16,16.9,17.08,17.08,7490400,0.0,1.0,UNH
2002-09-04,16.79,17.19,16.65,17.19,17.19,8457200,0.0,1.0,UNH
2002-09-03,17.43,17.43,16.69,16.74,16.74,6598400,0.0,1.0,UNH
2002-08-30,17.35,17.83,17.32,17.5,17.5,5183600,0.0,1.0,UNH
2002-08-29,17.07,17.4,16.99,17.29,17.29,5432400,0.0,1.0,UNH
2002-08-28,17.41,17.59,17.08,17.14,17.14,4984800,0.0,1.0,UNH
2002-08-27,17.86,17.88,17.41,17.48,17.48,6842400,0.0,1.0,UNH
2002-08-26,18.05,18.05,17.78,17.9,17.9,4666000,0.0,1.0,UNH
2002-08-23,18.17,18.33,17.8,17.88,17.88,5392400,0.0,1.0,UNH
2002-08-22,17.83,18.37,17.78,18.22,18.22,10267600,0.0,1.0,UNH
2002-08-21,17.86,17.95,17.53,17.68,17.68,4560800,0.0,1.0,UNH
2002-08-20,17.65,18.03,17.59,17.67,17.67,5895200,0.0,1.0,UNH
2002-08-19,17.6,17.83,17.53,17.78,17.78,5017600,0.0,1.0,UNH
2002-08-16,17.43,17.78,17.33,17.55,17.55,6504800,0.0,1.0,UNH
2002-08-15,18.07,18.1,17.42,17.46,17.46,10296400,0.0,1.0,UNH
2002-08-14,17.2,17.83,17.16,17.83,17.83,7322000,0.0,1.0,UNH
2002-08-13,17.55,17.78,17.16,17.2,17.2,7125600,0.0,1.0,UNH
2002-08-12,17.3,17.74,17.25,17.68,17.68,7393200,0.0,1.0,UNH
2002-08-09,17.38,17.63,16.92,17.49,17.49,7523200,0.0,1.0,UNH
2002-08-08,16.82,17.57,16.82,17.47,17.47,8567200,0.0,1.0,UNH
2002-08-07,17.04,17.08,16.43,16.93,16.93,10469200,0.0,1.0,UNH
2002-08-06,16.49,16.89,16.44,16.7,16.7,10178400,0.0,1.0,UNH
2002-08-05,16.74,16.83,16.25,16.27,16.27,10998800,0.0,1.0,UNH
2002-08-02,17.06,17.06,16.63,16.86,16.86,8817200,0.0,1.0,UNH
2002-08-01,17.3,17.33,16.73,17.08,17.08,11552000,0.0,1.0,UNH
2002-07-31,16.96,17.51,16.66,17.36,17.36,13916800,0.0,1.0,UNH
2002-07-30,17.13,17.67,16.62,16.91,16.91,17766800,0.0,1.0,UNH
2002-07-29,17.24,17.47,16.87,17.27,17.27,11758000,0.0,1.0,UNH
2002-07-26,17.13,17.26,16.7,16.98,16.98,12287600,0.0,1.0,UNH
2002-07-25,17.33,18.03,16.7,17.28,17.28,14739600,0.0,1.0,UNH
2002-07-24,16.32,17.58,16.25,17.58,17.58,15815200,0.0,1.0,UNH
2002-07-23,16.39,16.84,16.14,16.59,16.59,15755200,0.0,1.0,UNH
2002-07-22,17.47,17.59,16.14,16.33,16.33,20810400,0.0,1.0,UNH
2002-07-19,17.93,18.07,17.43,17.47,17.47,17581600,0.0,1.0,UNH
2002-07-18,18.58,19.08,17.4,17.77,17.77,23974000,0.0,1.0,UNH
2002-07-17,18.02,18.32,17.88,18.32,18.32,12235200,0.0,1.0,UNH
2002-07-16,17.93,18.21,17.73,17.78,17.78,11535200,0.0,1.0,UNH
2002-07-15,18.3,18.33,17.43,18.29,18.29,13169200,0.0,1.0,UNH
2002-07-12,18.4,18.52,18.05,18.25,18.25,14453600,0.0,1.0,UNH
2002-07-11,17.43,17.8,17.0,17.76,17.76,16940400,0.0,1.0,UNH
2002-07-10,18.12,18.23,17.41,17.48,17.48,12147200,0.0,1.0,UNH
2002-07-09,18.56,18.67,18.18,18.21,18.21,9804000,0.0,1.0,UNH
2002-07-08,18.48,18.64,18.35,18.49,18.49,7991600,0.0,1.0,UNH
2002-07-05,18.18,18.2,17.94,18.2,18.2,4461200,0.0,1.0,UNH
2002-07-03,17.88,18.29,17.25,17.87,17.87,10966000,0.0,1.0,UNH
2002-07-02,18.22,18.37,17.6,17.88,17.88,15376800,0.0,1.0,UNH
2002-07-01,18.38,18.42,17.99,18.29,18.29,10658000,0.0,1.0,UNH
2002-06-28,18.12,18.44,17.79,18.13,18.13,14964400,0.0,1.0,UNH
2002-06-27,18.03,18.22,17.7,18.21,18.21,9781200,0.0,1.0,UNH
2002-06-26,17.43,18.07,17.35,18.03,18.03,12123200,0.0,1.0,UNH
2002-06-25,17.88,18.01,17.43,17.78,17.78,12705600,0.0,1.0,UNH
2002-06-24,18.54,18.54,17.45,17.83,17.83,12966400,0.0,1.0,UNH
2002-06-21,18.87,19.06,18.43,18.54,18.54,12666800,0.0,1.0,UNH
2002-06-20,19.16,19.23,18.96,19.04,19.04,9300800,0.0,1.0,UNH
2002-06-19,19.11,19.33,19.02,19.27,19.27,7468800,0.0,1.0,UNH
2002-06-18,18.55,19.13,18.54,18.9,18.9,7998000,0.0,1.0,UNH
2002-06-17,18.52,18.82,18.52,18.62,18.62,11331200,0.0,1.0,UNH
2002-06-14,18.96,19.08,18.06,18.17,18.17,16908800,0.0,1.0,UNH
2002-06-13,19.12,19.27,18.86,18.91,18.91,6043600,0.0,1.0,UNH
2002-06-12,19.24,19.39,19.12,19.22,19.22,8467200,0.0,1.0,UNH
2002-06-11,19.19,19.37,19.15,19.24,19.24,13393600,0.0,1.0,UNH
2002-06-10,18.7,18.91,18.62,18.83,18.83,7187200,0.0,1.0,UNH
2002-06-07,18.22,18.74,18.18,18.7,18.7,16947600,0.0,1.0,UNH
2002-06-06,18.21,18.32,17.97,18.12,18.12,9927200,0.0,1.0,UNH
2002-06-05,17.85,18.25,17.82,18.18,18.18,7126400,0.0,1.0,UNH
2002-06-04,17.9,18.03,17.65,17.83,17.83,8448800,0.0,1.0,UNH
2002-06-03,17.83,18.12,17.8,17.9,17.9,7082800,0.0,1.0,UNH
2002-05-31,17.89,18.09,17.74,17.99,17.99,5923600,0.0,1.0,UNH
2002-05-30,17.86,18.14,17.81,18.06,18.06,10878800,0.0,1.0,UNH
2002-05-29,17.63,17.87,17.61,17.81,17.81,6769200,0.0,1.0,UNH
2002-05-28,17.47,17.67,17.41,17.61,17.61,4355200,0.0,1.0,UNH
2002-05-24,17.35,17.66,17.33,17.52,17.52,5966800,0.0,1.0,UNH
2002-05-23,17.3,17.44,17.21,17.43,17.43,7124000,0.0,1.0,UNH
2002-05-22,17.12,17.29,17.04,17.11,17.11,4470400,0.0,1.0,UNH
2002-05-21,17.22,17.37,17.09,17.27,17.27,7406000,0.0,1.0,UNH
2002-05-20,17.23,17.27,16.94,17.21,17.21,7725200,0.0,1.0,UNH
2002-05-17,17.53,17.8,17.37,17.54,17.54,6108800,0.0,1.0,UNH
2002-05-16,17.68,17.76,17.49,17.63,17.63,6234800,0.0,1.0,UNH
2002-05-15,17.27,17.74,17.27,17.51,17.51,7772800,0.0,1.0,UNH
2002-05-14,17.41,17.41,17.01,17.31,17.31,8843200,0.0,1.0,UNH
2002-05-13,17.43,17.49,17.14,17.41,17.41,6313200,0.0,1.0,UNH
2002-05-10,17.54,17.82,17.46,17.47,17.47,5848400,0.0,1.0,UNH
2002-05-09,17.81,18.1,17.53,17.53,17.53,8422000,0.0,1.0,UNH
2002-05-08,17.54,17.87,17.1,17.81,17.81,9952000,0.0,1.0,UNH
2002-05-07,17.78,17.98,17.31,17.54,17.54,8957200,0.0,1.0,UNH
2002-05-06,17.64,18.09,17.63,17.78,17.78,5678800,0.0,1.0,UNH
2002-05-03,17.83,18.01,17.64,17.74,17.74,6946400,0.0,1.0,UNH
2002-05-02,17.75,17.89,17.6,17.81,17.81,9292000,0.0,1.0,UNH
2002-05-01,17.61,18.17,17.61,17.75,17.75,13777200,0.0,1.0,UNH
2002-04-30,17.12,17.58,17.11,17.39,17.39,9374800,0.0,1.0,UNH
2002-04-29,17.04,17.13,16.84,17.04,17.04,9427200,0.0,1.0,UNH
2002-04-26,17.24,17.41,16.96,17.04,17.04,10620800,0.0,1.0,UNH
2002-04-25,17.17,17.76,17.14,17.23,17.23,13598000,0.0,1.0,UNH
2002-04-24,16.87,17.31,16.87,17.03,17.03,7490000,0.0,1.0,UNH
2002-04-23,17.04,17.1,16.83,16.87,16.87,11564800,0.0,1.0,UNH
2002-04-22,16.99,17.38,16.94,17.03,17.03,13741200,0.0,1.0,UNH
2002-04-19,16.78,17.04,16.57,16.99,16.99,12965200,0.0,1.0,UNH
2002-04-18,15.93,16.8,15.89,16.69,16.69,25330800,0.0,1.0,UNH
2002-04-17,15.44,15.88,15.34,15.76,15.76,15121200,0.0,1.0,UNH
2002-04-16,15.3,15.3,15.06,15.22,15.22,6786000,0.0,1.0,UNH
2002-04-15,15.25,15.25,15.01,15.15,15.15,7513600,0.0,1.0,UNH
2002-04-12,15.52,15.52,15.11,15.21,15.21,8284400,0.0,1.0,UNH
2002-04-11,15.45,15.58,15.37,15.52,15.52,7431600,0.0,1.0,UNH
2002-04-10,15.35,15.45,15.3,15.44,15.44,5315600,0.0,1.0,UNH
2002-04-09,15.38,15.38,15.26,15.31,15.31,5236400,0.0,1.0,UNH
2002-04-08,15.22,15.44,15.21,15.27,15.27,4983600,0.0,1.0,UNH
2002-04-05,15.25,15.41,15.23,15.34,15.34,5567600,0.0,1.0,UNH
2002-04-04,15.18,15.3,15.12,15.22,15.22,4071200,0.0,1.0,UNH
2002-04-03,15.26,15.31,15.04,15.18,15.18,5457200,0.0,1.0,UNH
2002-04-02,15.17,15.37,15.11,15.26,15.26,6759200,0.0,1.0,UNH
2002-04-01,15.08,15.08,14.88,15.03,15.03,2827600,0.0,1.0,UNH
2002-03-28,15.09,15.21,14.98,15.14,15.14,7059600,0.0,1.0,UNH
2002-03-27,14.7,15.02,14.66,14.94,14.94,6808800,0.03,1.0,UNH
2002-03-26,14.72,14.8,14.7,14.73,14.73,6843200,0.0,1.0,UNH
2002-03-25,14.67,14.79,14.67,14.72,14.72,4145200,0.0,1.0,UNH
2002-03-22,14.9,14.95,14.76,14.79,14.79,4612800,0.0,1.0,UNH
2002-03-21,14.97,14.97,14.82,14.92,14.92,4208800,0.0,1.0,UNH
2002-03-20,14.97,14.99,14.86,14.91,14.91,3534400,0.0,1.0,UNH
2002-03-19,14.88,14.93,14.71,14.91,14.91,5578400,0.0,1.0,UNH
2002-03-18,14.76,14.91,14.62,14.84,14.84,5922400,0.0,1.0,UNH
2002-03-15,14.77,14.83,14.71,14.76,14.76,8298400,0.0,1.0,UNH
2002-03-14,14.73,14.73,14.49,14.73,14.73,6421600,0.0,1.0,UNH
2002-03-13,14.52,14.71,14.48,14.58,14.58,6050000,0.0,1.0,UNH
2002-03-12,14.59,14.59,14.34,14.52,14.52,7435600,0.0,1.0,UNH
2002-03-11,14.15,14.5,14.12,14.47,14.47,7952800,0.0,1.0,UNH
2002-03-08,14.14,14.2,14.07,14.15,14.15,7263200,0.0,1.0,UNH
2002-03-07,13.86,14.0,13.73,13.98,13.98,9818000,0.0,1.0,UNH
2002-03-06,13.7,13.96,13.7,13.87,13.87,7760800,0.0,1.0,UNH
2002-03-05,13.47,13.76,13.47,13.61,13.61,11461600,0.0,1.0,UNH
2002-03-04,14.02,14.06,13.43,13.49,13.49,18821600,0.0,1.0,UNH
2002-03-01,14.38,14.42,14.07,14.11,14.11,8964000,0.0,1.0,UNH
2002-02-28,14.52,14.58,14.22,14.35,14.35,8864000,0.0,1.0,UNH
2002-02-27,14.43,14.61,14.22,14.44,14.44,7901600,0.0,1.0,UNH
2002-02-26,14.73,14.77,14.55,14.59,14.59,7226400,0.0,1.0,UNH
2002-02-25,14.84,14.87,14.71,14.73,14.73,6018800,0.0,1.0,UNH
2002-02-22,14.89,14.89,14.76,14.8,14.8,6266800,0.0,1.0,UNH
2002-02-21,14.61,14.85,14.58,14.83,14.83,7390800,0.0,1.0,UNH
2002-02-20,14.73,14.73,14.34,14.63,14.63,7030800,0.0,1.0,UNH
2002-02-19,14.65,14.73,14.58,14.61,14.61,2720800,0.0,1.0,UNH
2002-02-15,14.75,14.75,14.57,14.71,14.71,5624800,0.0,1.0,UNH
2002-02-14,14.95,15.0,14.68,14.76,14.76,6866400,0.0,1.0,UNH
2002-02-13,14.96,14.96,14.75,14.89,14.89,4550400,0.0,1.0,UNH
2002-02-12,14.81,15.0,14.79,14.96,14.96,6916400,0.0,1.0,UNH
2002-02-11,14.73,14.82,14.57,14.73,14.73,5208400,0.0,1.0,UNH
2002-02-08,14.87,14.89,14.61,14.74,14.74,4526400,0.0,1.0,UNH
2002-02-07,14.77,14.89,14.72,14.87,14.87,5109200,0.0,1.0,UNH
2002-02-06,14.84,14.95,14.66,14.77,14.77,4558400,0.0,1.0,UNH
2002-02-05,14.63,14.98,14.63,14.85,14.85,9528800,0.0,1.0,UNH
2002-02-04,14.75,14.85,14.58,14.63,14.63,3544800,0.0,1.0,UNH
2002-02-01,14.85,14.85,14.7,14.84,14.84,5052800,0.0,1.0,UNH
2002-01-31,14.53,14.72,14.41,14.72,14.72,8150000,0.0,1.0,UNH
2002-01-30,14.44,14.45,14.22,14.36,14.36,6111200,0.0,1.0,UNH
2002-01-29,14.65,14.74,14.41,14.44,14.44,11738800,0.0,1.0,UNH
2002-01-28,14.66,14.69,14.48,14.65,14.65,4985200,0.0,1.0,UNH
2002-01-25,14.67,14.81,14.55,14.69,14.69,8096000,0.0,1.0,UNH
2002-01-24,14.45,14.75,14.45,14.72,14.72,17440400,0.0,1.0,UNH
2002-01-23,14.45,14.45,14.21,14.34,14.34,5626400,0.0,1.0,UNH
2002-01-22,14.33,14.49,14.29,14.37,14.37,5226800,0.0,1.0,UNH
2002-01-18,14.32,14.54,14.28,14.37,14.37,5612000,0.0,1.0,UNH
2002-01-17,14.41,14.45,14.26,14.32,14.32,5668000,0.0,1.0,UNH
2002-01-16,14.47,14.63,14.4,14.45,14.45,7812000,0.0,1.0,UNH
2002-01-15,14.38,14.4,14.24,14.39,14.39,5045600,0.0,1.0,UNH
2002-01-14,14.21,14.5,14.21,14.36,14.36,7298800,0.0,1.0,UNH
2002-01-11,13.99,14.26,13.9,14.21,14.21,5914800,0.0,1.0,UNH
2002-01-10,13.72,14.03,13.72,13.98,13.98,5205200,0.0,1.0,UNH
2002-01-09,13.71,13.92,13.7,13.77,13.77,6437600,0.0,1.0,UNH
2002-01-08,13.73,13.75,13.57,13.73,13.73,5042000,0.0,1.0,UNH
2002-01-07,13.9,13.95,13.58,13.77,13.77,3896800,0.0,1.0,UNH
2002-01-04,13.95,13.95,13.77,13.86,13.86,2894800,0.0,1.0,UNH
2002-01-03,13.92,13.92,13.7,13.79,13.79,5070000,0.0,1.0,UNH
2002-01-02,13.86,14.0,13.69,13.94,13.94,4607200,0.0,1.0,UNH
2001-12-31,14.06,14.24,13.98,14.01,14.01,4166400,0.0,1.0,UNH
2001-12-28,13.97,14.07,13.94,14.02,14.02,3930800,0.0,1.0,UNH
2001-12-27,13.91,13.99,13.8,13.97,13.97,2908400,0.0,1.0,UNH
2001-12-26,14.01,14.02,13.87,13.91,13.91,3177600,0.0,1.0,UNH
2001-12-24,13.76,14.01,13.74,13.91,13.91,3302000,0.0,1.0,UNH
2001-12-21,13.71,13.79,13.48,13.74,13.74,11612400,0.0,1.0,UNH
2001-12-20,13.86,13.86,13.66,13.71,13.71,8088400,0.0,1.0,UNH
2001-12-19,14.16,14.18,13.65,13.75,13.75,14377200,0.0,1.0,UNH
2001-12-18,14.02,14.14,13.92,14.06,14.06,7292400,0.0,1.0,UNH
2001-12-17,13.9,14.15,13.86,14.05,14.05,6554400,0.0,1.0,UNH
2001-12-14,13.8,14.07,13.59,14.05,14.05,6288800,0.0,1.0,UNH
2001-12-13,13.76,13.95,13.69,13.86,13.86,5158400,0.0,1.0,UNH
2001-12-12,14.01,14.01,13.43,13.8,13.8,11105200,0.0,1.0,UNH
2001-12-11,14.41,14.41,14.11,14.21,14.21,12632800,0.0,1.0,UNH
2001-12-10,14.24,14.27,14.07,14.16,14.16,4570400,0.0,1.0,UNH
2001-12-07,14.36,14.36,14.22,14.28,14.28,7320800,0.0,1.0,UNH
2001-12-06,14.35,14.35,14.12,14.29,14.29,5562000,0.0,1.0,UNH
2001-12-05,14.23,14.33,13.97,14.25,14.25,6498000,0.0,1.0,UNH
2001-12-04,14.11,14.14,13.97,14.12,14.12,4272400,0.0,1.0,UNH
2001-12-03,13.97,14.17,13.94,14.12,14.12,4538400,0.0,1.0,UNH
2001-11-30,14.12,14.15,13.99,14.15,14.15,4274800,0.0,1.0,UNH
2001-11-29,14.16,14.22,13.98,14.12,14.12,3621600,0.0,1.0,UNH
2001-11-28,14.3,14.3,14.02,14.2,14.2,6678000,0.0,1.0,UNH
2001-11-27,14.01,14.09,13.96,14.09,14.09,6812800,0.0,1.0,UNH
2001-11-26,13.89,14.16,13.79,14.15,14.15,10623600,0.0,1.0,UNH
2001-11-23,14.14,14.14,13.96,14.1,14.1,1906800,0.0,1.0,UNH
2001-11-21,14.22,14.22,13.88,14.03,14.03,8177200,0.0,1.0,UNH
2001-11-20,13.35,14.03,13.35,14.01,14.01,17129600,0.0,1.0,UNH
2001-11-19,13.13,13.36,12.96,13.35,13.35,9357200,0.0,1.0,UNH
2001-11-16,13.01,13.04,12.92,12.96,12.96,3953600,0.0,1.0,UNH
2001-11-15,12.88,13.1,12.87,12.9,12.9,2955200,0.0,1.0,UNH
2001-11-14,12.89,12.99,12.7,12.88,12.88,3448000,0.0,1.0,UNH
2001-11-13,12.76,12.94,12.73,12.86,12.86,4131600,0.0,1.0,UNH
2001-11-12,12.65,12.81,12.36,12.76,12.76,5857600,0.0,1.0,UNH
2001-11-09,12.75,12.75,12.47,12.58,12.58,7875600,0.0,1.0,UNH
2001-11-08,13.07,13.07,12.63,12.71,12.71,12485200,0.0,1.0,UNH
2001-11-07,13.42,13.42,12.84,13.05,13.05,7729600,0.0,1.0,UNH
2001-11-06,13.21,13.59,13.01,13.22,13.22,10031200,0.0,1.0,UNH
2001-11-05,13.07,13.21,13.03,13.09,13.09,4936000,0.0,1.0,UNH
2001-11-02,13.01,13.2,12.91,12.98,12.98,7049600,0.0,1.0,UNH
2001-11-01,13.16,13.16,12.79,12.91,12.91,12727200,0.0,1.0,UNH
2001-10-31,13.28,13.3,12.97,13.02,13.02,6725200,0.0,1.0,UNH
2001-10-30,13.55,13.55,13.17,13.23,13.23,4770000,0.0,1.0,UNH
2001-10-29,13.46,13.56,13.27,13.32,13.32,4933600,0.0,1.0,UNH
2001-10-26,13.07,13.62,13.05,13.35,13.35,11688000,0.0,1.0,UNH
2001-10-25,13.16,13.37,12.99,13.17,13.17,13698400,0.0,1.0,UNH
2001-10-24,13.48,13.48,13.07,13.07,13.07,12027200,0.0,1.0,UNH
2001-10-23,13.72,13.73,13.44,13.47,13.47,5245600,0.0,1.0,UNH
2001-10-22,13.39,13.76,13.38,13.63,13.63,5991200,0.0,1.0,UNH
2001-10-19,13.38,13.56,13.33,13.39,13.39,4982400,0.0,1.0,UNH
2001-10-18,13.61,13.62,13.24,13.43,13.43,8037200,0.0,1.0,UNH
2001-10-17,13.6,13.65,13.27,13.47,13.47,8776400,0.0,1.0,UNH
2001-10-16,13.66,13.72,13.52,13.58,13.58,5624400,0.0,1.0,UNH
2001-10-15,13.09,13.54,13.09,13.51,13.51,5676400,0.0,1.0,UNH
2001-10-12,13.42,13.42,13.05,13.28,13.28,7058800,0.0,1.0,UNH
2001-10-11,13.7,13.81,13.33,13.4,13.4,10624400,0.0,1.0,UNH
2001-10-10,13.48,13.71,13.45,13.65,13.65,5781200,0.0,1.0,UNH
2001-10-09,13.54,13.54,13.32,13.48,13.48,5490000,0.0,1.0,UNH
2001-10-08,13.59,13.59,13.35,13.48,13.48,4842800,0.0,1.0,UNH
2001-10-05,13.71,13.71,13.4,13.59,13.59,4912400,0.0,1.0,UNH
2001-10-04,13.58,13.58,13.23,13.48,13.48,9160400,0.0,1.0,UNH
2001-10-03,13.54,13.54,13.22,13.32,13.32,10845600,0.0,1.0,UNH
2001-10-02,13.25,13.32,13.1,13.32,13.32,6199600,0.0,1.0,UNH
2001-10-01,13.17,13.39,13.13,13.25,13.25,10371200,0.0,1.0,UNH
2001-09-28,13.13,13.26,12.93,13.17,13.17,13672800,0.0,1.0,UNH
2001-09-27,13.17,13.31,13.03,13.07,13.07,14284000,0.0,1.0,UNH
2001-09-26,12.57,13.02,12.39,12.99,12.99,10426400,0.0,1.0,UNH
2001-09-25,12.28,12.61,12.26,12.47,12.47,13761600,0.0,1.0,UNH
2001-09-24,12.27,12.28,12.06,12.2,12.2,10732000,0.0,1.0,UNH
2001-09-21,11.98,11.98,11.64,11.87,11.87,9954400,0.0,1.0,UNH
2001-09-20,12.37,12.37,12.14,12.16,12.16,11702000,0.0,1.0,UNH
2001-09-19,12.63,12.63,12.06,12.23,12.23,11763200,0.0,1.0,UNH
2001-09-18,12.78,12.78,12.35,12.38,12.38,10604400,0.0,1.0,UNH
2001-09-17,13.07,13.07,12.68,12.77,12.77,7342800,0.0,1.0,UNH
2001-09-10,12.95,13.2,12.93,13.15,13.15,6265600,0.0,1.0,UNH
2001-09-07,13.07,13.13,12.8,12.93,12.93,9340000,0.0,1.0,UNH
2001-09-06,13.53,13.53,13.24,13.24,13.24,11350400,0.0,1.0,UNH
2001-09-05,13.44,13.66,13.44,13.52,13.52,7783600,0.0,1.0,UNH
2001-09-04,13.48,13.54,13.42,13.46,13.46,7621600,0.0,1.0,UNH
2001-08-31,13.61,13.64,13.33,13.48,13.48,7135600,0.0,1.0,UNH
2001-08-30,13.76,13.86,13.55,13.61,13.61,15083600,0.0,1.0,UNH
2001-08-29,13.75,13.77,13.63,13.71,13.71,7060800,0.0,1.0,UNH
2001-08-28,13.66,13.76,13.52,13.65,13.65,5410400,0.0,1.0,UNH
2001-08-27,13.49,13.72,13.49,13.56,13.56,3996000,0.0,1.0,UNH
2001-08-24,13.71,13.72,13.47,13.49,13.49,5888000,0.0,1.0,UNH
2001-08-23,13.41,13.61,13.37,13.61,13.61,8267200,0.0,1.0,UNH
2001-08-22,13.17,13.38,13.13,13.34,13.34,6982400,0.0,1.0,UNH
2001-08-21,13.14,13.31,13.12,13.22,13.22,3092400,0.0,1.0,UNH
2001-08-20,12.99,13.16,12.91,13.09,13.09,2973600,0.0,1.0,UNH
2001-08-17,13.03,13.21,12.89,12.99,12.99,3858000,0.0,1.0,UNH
2001-08-16,12.95,13.19,12.91,13.15,13.15,3902400,0.0,1.0,UNH
2001-08-15,12.93,13.06,12.92,12.95,12.95,3250400,0.0,1.0,UNH
2001-08-14,12.94,13.06,12.84,12.97,12.97,2083600,0.0,1.0,UNH
2001-08-13,12.84,13.01,12.79,12.92,12.92,3058800,0.0,1.0,UNH
2001-08-10,12.58,12.81,12.57,12.75,12.75,2673200,0.0,1.0,UNH
2001-08-09,12.56,12.73,12.43,12.6,12.6,4291600,0.0,1.0,UNH
2001-08-08,12.75,12.85,12.56,12.61,12.61,3197600,0.0,1.0,UNH
2001-08-07,12.65,12.77,12.59,12.75,12.75,3202800,0.0,1.0,UNH
2001-08-06,12.67,12.72,12.54,12.58,12.58,2504800,0.0,1.0,UNH
2001-08-03,12.82,12.82,12.48,12.73,12.73,3914800,0.0,1.0,UNH
2001-08-02,13.03,13.14,12.49,12.66,12.66,10416400,0.0,1.0,UNH
2001-08-01,13.07,13.37,12.8,12.87,12.87,13364400,0.0,1.0,UNH
2001-07-31,13.23,13.46,13.11,13.35,13.35,5433600,0.0,1.0,UNH
2001-07-30,12.92,13.42,12.91,13.18,13.18,9415600,0.0,1.0,UNH
2001-07-27,12.97,13.12,12.61,12.87,12.87,7972800,0.0,1.0,UNH
2001-07-26,12.76,12.99,12.72,12.87,12.87,3200800,0.0,1.0,UNH
2001-07-25,12.67,12.86,12.53,12.76,12.76,5373200,0.0,1.0,UNH
2001-07-24,12.97,13.07,12.74,12.87,12.87,3979200,0.0,1.0,UNH
2001-07-23,13.17,13.32,12.96,13.02,13.02,3278000,0.0,1.0,UNH
2001-07-20,13.13,13.29,12.9,13.03,13.03,4970000,0.0,1.0,UNH
2001-07-19,13.26,13.35,13.11,13.19,13.19,5118000,0.0,1.0,UNH
2001-07-18,13.07,13.25,12.99,13.14,13.14,4762000,0.0,1.0,UNH
2001-07-17,12.89,13.07,12.82,13.06,13.06,6964400,0.0,1.0,UNH
2001-07-16,13.02,13.02,12.63,12.81,12.81,10996400,0.0,1.0,UNH
2001-07-13,12.87,13.07,12.85,13.03,13.03,7370000,0.0,1.0,UNH
2001-07-12,12.49,12.9,12.38,12.88,12.88,6953600,0.0,1.0,UNH
2001-07-11,12.47,12.67,12.44,12.57,12.57,5451200,0.0,1.0,UNH
2001-07-10,12.45,12.59,12.38,12.45,12.45,4155600,0.0,1.0,UNH
2001-07-09,12.4,12.63,12.32,12.57,12.57,11081600,0.0,1.0,UNH
2001-07-06,12.26,12.29,12.18,12.26,12.26,9109600,0.0,1.0,UNH
2001-07-05,12.08,12.31,12.08,12.26,12.26,8037600,0.0,1.0,UNH
2001-07-03,12.37,12.41,12.29,12.33,12.33,5186000,0.0,1.0,UNH
2001-07-02,12.27,12.46,12.13,12.37,12.37,6340400,0.0,1.0,UNH
2001-06-29,12.39,12.46,12.15,12.23,12.23,10572800,0.0,1.0,UNH
2001-06-28,12.4,12.51,12.29,12.39,12.39,8438800,0.0,1.0,UNH
2001-06-27,12.2,12.57,12.2,12.45,12.45,7210000,0.0,1.0,UNH
2001-06-26,12.16,12.31,12.16,12.23,12.23,5282000,0.0,1.0,UNH
2001-06-25,12.22,12.37,12.2,12.33,12.33,7188400,0.0,1.0,UNH
2001-06-22,11.82,12.19,11.8,12.11,12.11,7057200,0.0,1.0,UNH
2001-06-21,11.76,12.11,11.74,11.99,11.99,8900800,0.0,1.0,UNH
2001-06-20,11.51,11.8,11.41,11.64,11.64,5333600,0.0,1.0,UNH
2001-06-19,11.76,11.76,11.39,11.49,11.49,4019200,0.0,1.0,UNH
2001-06-18,11.33,11.6,11.29,11.56,11.56,7112400,0.0,1.0,UNH
2001-06-15,11.35,11.42,11.24,11.31,11.31,8583600,0.0,1.0,UNH
2001-06-14,11.5,11.62,11.39,11.52,11.52,8593200,0.0,1.0,UNH
2001-06-13,11.35,11.48,11.25,11.41,11.41,5786800,0.0,1.0,UNH
2001-06-12,11.23,11.33,10.99,11.25,11.25,7834400,0.0,1.0,UNH
2001-06-11,11.52,11.52,11.14,11.23,11.23,7986400,0.0,1.0,UNH
2001-06-08,11.44,11.6,11.37,11.53,11.53,4761200,0.0,1.0,UNH
2001-06-07,11.56,11.68,11.3,11.44,11.44,5886400,0.0,1.0,UNH
2001-06-06,11.34,11.66,11.25,11.56,11.56,9837200,0.0,1.0,UNH
2001-06-05,11.24,11.38,11.13,11.31,11.31,8168800,0.0,1.0,UNH
2001-06-04,11.23,11.34,11.08,11.24,11.24,6000400,0.0,1.0,UNH
2001-06-01,11.34,11.34,11.07,11.23,11.23,9252800,0.0,1.0,UNH
2001-05-31,11.19,11.47,11.06,11.39,11.39,14947200,0.0,1.0,UNH
2001-05-30,10.7,11.07,10.66,10.93,10.93,13345200,0.0,1.0,UNH
2001-05-29,10.92,10.93,10.51,10.65,10.65,9436800,0.0,1.0,UNH
2001-05-25,10.71,10.93,10.71,10.78,10.78,10410000,0.0,1.0,UNH
2001-05-24,10.51,10.99,10.47,10.95,10.95,21636000,0.0,1.0,UNH
2001-05-23,10.4,10.62,10.4,10.5,10.5,27742800,0.0,1.0,UNH
2001-05-22,10.99,11.02,10.59,10.75,10.75,22848400,0.0,1.0,UNH
2001-05-21,11.08,11.3,10.89,10.99,10.99,14784000,0.0,1.0,UNH
2001-05-18,11.41,11.54,11.1,11.23,11.23,14292000,0.0,1.0,UNH
2001-05-17,11.74,11.76,11.39,11.56,11.56,13045200,0.0,1.0,UNH
2001-05-16,11.58,12.13,11.56,12.03,12.03,5676800,0.0,1.0,UNH
2001-05-15,11.71,11.92,11.64,11.74,11.74,6251200,0.0,1.0,UNH
2001-05-14,11.69,11.82,11.58,11.71,11.71,4814000,0.0,1.0,UNH
2001-05-11,11.6,11.68,11.35,11.57,11.57,6279600,0.0,1.0,UNH
2001-05-10,11.72,11.77,11.34,11.37,11.37,14080800,0.0,1.0,UNH
2001-05-09,11.65,11.95,11.6,11.72,11.72,11662000,0.0,1.0,UNH
2001-05-08,12.0,12.0,11.59,11.7,11.7,10938400,0.0,1.0,UNH
2001-05-07,12.08,12.1,11.93,12.04,12.04,6767600,0.0,1.0,UNH
2001-05-04,12.06,12.16,11.84,12.11,12.11,14088400,0.0,1.0,UNH
2001-05-03,12.52,12.52,12.17,12.2,12.2,15918000,0.0,1.0,UNH
2001-05-02,12.87,12.87,12.51,12.51,12.51,21074800,0.0,1.0,UNH
2001-05-01,12.78,13.13,12.78,13.1,13.1,7168400,0.0,1.0,UNH
2001-04-30,12.97,13.15,12.82,12.97,12.97,7725200,0.0,1.0,UNH
2001-04-27,13.12,13.35,12.79,12.91,12.91,12341200,0.0,1.0,UNH
2001-04-26,12.59,12.92,12.48,12.84,12.84,10723200,0.0,1.0,UNH
2001-04-25,12.03,12.55,11.93,12.47,12.47,7560000,0.0,1.0,UNH
2001-04-24,11.89,12.06,11.88,12.03,12.03,4900400,0.0,1.0,UNH
2001-04-23,12.03,12.28,11.8,11.83,11.83,7620800,0.0,1.0,UNH
2001-04-20,11.92,11.99,11.83,11.92,11.92,6340000,0.0,1.0,UNH
2001-04-19,12.02,12.08,11.88,11.96,11.96,7152800,0.0,1.0,UNH
2001-04-18,11.69,12.02,11.66,12.02,12.02,12273200,0.0,1.0,UNH
2001-04-17,11.5,11.89,11.48,11.69,11.69,8026800,0.0,1.0,UNH
2001-04-16,11.72,11.87,11.4,11.53,11.53,6614000,0.0,1.0,UNH
2001-04-12,11.45,11.74,11.43,11.57,11.57,6153200,0.0,1.0,UNH
2001-04-11,11.59,11.72,11.35,11.45,11.45,10278400,0.0,1.0,UNH
2001-04-10,11.39,11.83,11.19,11.71,11.71,21452800,0.0,1.0,UNH
2001-04-09,11.78,11.87,11.71,11.84,11.84,6402800,0.0,1.0,UNH
2001-04-06,11.88,11.92,11.53,11.67,11.67,7660800,0.0,1.0,UNH
2001-04-05,12.06,12.08,11.85,11.88,11.88,15155600,0.0,1.0,UNH
2001-04-04,11.54,11.98,11.46,11.85,11.85,8889200,0.0,1.0,UNH
2001-04-03,11.68,11.84,11.48,11.53,11.53,9202000,0.0,1.0,UNH
2001-04-02,11.73,11.88,11.53,11.58,11.58,7739600,0.0,1.0,UNH
2001-03-30,11.58,11.82,11.52,11.73,11.73,11462400,0.0,1.0,UNH
2001-03-29,11.19,11.48,11.17,11.44,11.44,6665200,0.03,1.0,UNH
2001-03-28,11.13,11.38,11.05,11.1,11.1,10938800,0.0,1.0,UNH
2001-03-27,11.15,11.23,11.11,11.15,11.15,9350000,0.0,1.0,UNH
2001-03-26,10.84,11.35,10.84,11.1,11.1,5816000,0.0,1.0,UNH
2001-03-23,10.58,10.93,10.48,10.79,10.79,8599600,0.0,1.0,UNH
2001-03-22,10.79,10.83,10.0,10.43,10.43,17008000,0.0,1.0,UNH
2001-03-21,11.03,11.15,10.73,10.75,10.75,12255200,0.0,1.0,UNH
2001-03-20,11.22,11.5,11.14,11.23,11.23,5508400,0.0,1.0,UNH
2001-03-19,11.11,11.34,10.92,11.23,11.23,7978400,0.0,1.0,UNH
2001-03-16,11.45,11.45,11.01,11.05,11.05,10479200,0.0,1.0,UNH
2001-03-15,11.5,11.64,11.41,11.46,11.46,5696400,0.0,1.0,UNH
2001-03-14,11.58,11.78,11.45,11.5,11.5,6459600,0.0,1.0,UNH
2001-03-13,11.82,11.87,11.5,11.66,11.66,9993200,0.0,1.0,UNH
2001-03-12,11.91,11.99,11.7,11.81,11.81,5508400,0.0,1.0,UNH
2001-03-09,12.22,12.27,12.02,12.07,12.07,5487200,0.0,1.0,UNH
2001-03-08,11.96,12.27,11.95,12.17,12.17,5147600,0.0,1.0,UNH
2001-03-07,11.97,12.07,11.9,11.97,11.97,6291600,0.0,1.0,UNH
2001-03-06,11.91,12.0,11.74,11.98,11.98,6894000,0.0,1.0,UNH
2001-03-05,12.03,12.03,11.64,11.87,11.87,6898800,0.0,1.0,UNH
2001-03-02,11.75,12.07,11.66,12.03,12.03,6264400,0.0,1.0,UNH
2001-03-01,11.87,11.97,11.39,11.67,11.67,10278400,0.0,1.0,UNH
2001-02-28,11.48,11.77,11.47,11.72,11.72,7023200,0.0,1.0,UNH
2001-02-27,11.34,11.6,11.22,11.36,11.36,8135200,0.0,1.0,UNH
2001-02-26,10.94,11.28,10.83,11.12,11.12,7338400,0.0,1.0,UNH
2001-02-23,10.9,10.9,10.48,10.75,10.75,7837600,0.0,1.0,UNH
2001-02-22,11.26,11.27,10.69,10.9,10.9,8439600,0.0,1.0,UNH
2001-02-21,11.38,11.4,11.06,11.18,11.18,7615200,0.0,1.0,UNH
2001-02-20,11.55,11.58,10.93,11.2,11.2,7041200,0.0,1.0,UNH
2001-02-16,11.13,11.44,11.13,11.26,11.26,7935200,0.0,1.0,UNH
2001-02-15,11.53,11.64,11.13,11.13,11.13,11206400,0.0,1.0,UNH
2001-02-14,11.85,11.89,11.26,11.28,11.28,7660000,0.0,1.0,UNH
2001-02-13,12.02,12.02,11.58,11.6,11.6,6012400,0.0,1.0,UNH
2001-02-12,11.75,11.97,11.48,11.7,11.7,10798000,0.0,1.0,UNH
2001-02-09,11.76,11.84,11.53,11.59,11.59,9462800,0.0,1.0,UNH
2001-02-08,12.26,12.27,11.99,12.05,12.05,8996800,0.0,1.0,UNH
2001-02-07,12.25,12.74,12.24,12.24,12.24,9883200,0.0,1.0,UNH
2001-02-06,12.44,12.46,12.05,12.05,12.05,9046400,0.0,1.0,UNH
2001-02-05,12.07,12.38,12.0,12.35,12.35,9640000,0.0,1.0,UNH
2001-02-02,11.85,12.28,11.84,12.09,12.09,18066800,0.0,1.0,UNH
2001-02-01,11.24,11.46,11.06,11.23,11.23,8748000,0.0,1.0,UNH
2001-01-31,11.23,11.23,10.87,11.16,11.16,7565600,0.0,1.0,UNH
2001-01-30,11.44,11.47,11.21,11.3,11.3,8954000,0.0,1.0,UNH
2001-01-29,11.84,11.84,11.6,11.63,11.63,4058800,0.0,1.0,UNH
2001-01-26,11.87,12.07,11.74,11.84,11.84,4901600,0.0,1.0,UNH
2001-01-25,11.81,12.01,11.74,11.97,11.97,8775200,0.0,1.0,UNH
2001-01-24,11.45,11.86,11.32,11.81,11.81,5084800,0.0,1.0,UNH
2001-01-23,10.95,11.63,10.95,11.58,11.58,10196800,0.0,1.0,UNH
2001-01-22,10.49,11.05,10.44,10.95,10.95,10538000,0.0,1.0,UNH
2001-01-19,10.34,10.44,9.99,10.2,10.2,13198000,0.0,1.0,UNH
2001-01-18,10.43,10.53,10.17,10.34,10.34,10007200,0.0,1.0,UNH
2001-01-17,10.66,10.76,10.29,10.43,10.43,11669600,0.0,1.0,UNH
2001-01-16,10.72,10.97,10.54,10.63,10.63,8226800,0.0,1.0,UNH
2001-01-12,10.87,11.0,10.64,10.72,10.72,6419200,0.0,1.0,UNH
2001-01-11,10.98,11.14,10.76,10.96,10.96,8792800,0.0,1.0,UNH
2001-01-10,10.75,11.32,10.75,11.18,11.18,7573200,0.0,1.0,UNH
2001-01-09,10.76,10.93,10.58,10.75,10.75,5587200,0.0,1.0,UNH
2001-01-08,10.64,10.97,10.56,10.64,10.64,6092000,0.0,1.0,UNH
2001-01-05,10.72,10.93,10.6,10.68,10.68,8884800,0.0,1.0,UNH
2001-01-04,11.33,11.55,10.45,10.53,10.53,25899600,0.0,1.0,UNH
2001-01-03,11.86,12.0,11.28,11.32,11.32,7880400,0.0,1.0,UNH
2001-01-02,12.17,12.31,11.5,11.66,11.66,4878000,0.0,1.0,UNH
2000-12-29,12.52,12.56,12.13,12.15,12.15,3029200,0.0,1.0,UNH
2000-12-28,12.07,12.39,11.9,12.37,12.37,5698800,0.0,1.0,UNH
2000-12-27,12.1,12.17,11.7,12.05,12.05,5977600,0.0,1.0,UNH
2000-12-26,11.82,12.17,11.68,12.12,12.12,2467800,0.0,2.0,UNH
2000-12-22,11.99,12.05,11.69,11.82,11.82,6125600,0.0,1.0,UNH
2000-12-21,11.85,11.95,11.71,11.94,11.94,7305600,0.0,1.0,UNH
2000-12-20,11.33,11.92,11.32,11.66,11.66,11152800,0.0,1.0,UNH
2000-12-19,11.73,11.82,11.42,11.58,11.58,11905600,0.0,1.0,UNH
2000-12-18,11.6,12.12,11.49,11.96,11.96,8542400,0.0,1.0,UNH
2000-12-15,11.63,11.79,11.58,11.63,11.63,18532800,0.0,1.0,UNH
2000-12-14,11.53,11.66,11.26,11.41,11.41,10673600,0.0,1.0,UNH
2000-12-13,11.97,11.97,11.62,11.69,11.69,9902400,0.0,1.0,UNH
2000-12-12,11.8,11.8,11.65,11.71,11.71,6848000,0.0,1.0,UNH
2000-12-11,11.8,12.03,11.8,11.92,11.92,8472800,0.0,1.0,UNH
2000-12-08,11.73,11.92,11.63,11.8,11.8,7756800,0.0,1.0,UNH
2000-12-07,11.7,11.86,11.37,11.55,11.55,6588000,0.0,1.0,UNH
2000-12-06,11.69,11.97,11.55,11.65,11.65,10204800,0.0,1.0,UNH
2000-12-05,11.66,12.03,11.63,11.71,11.71,7825600,0.0,1.0,UNH
2000-12-04,11.52,11.78,11.38,11.57,11.57,6685600,0.0,1.0,UNH
2000-12-01,11.6,11.66,11.39,11.48,11.48,9815200,0.0,1.0,UNH
2000-11-30,11.73,11.92,11.57,11.61,11.61,11784000,0.0,1.0,UNH
2000-11-29,11.43,11.74,11.4,11.7,11.7,8297600,0.0,1.0,UNH
2000-11-28,11.57,11.82,11.45,11.52,11.52,11324000,0.0,1.0,UNH
2000-11-27,11.32,11.52,11.06,11.4,11.4,13892800,0.0,1.0,UNH
2000-11-24,11.22,11.52,11.16,11.39,11.39,4035200,0.0,1.0,UNH
2000-11-22,11.32,11.32,10.92,11.15,11.15,14561600,0.0,1.0,UNH
2000-11-21,11.38,11.51,11.34,11.4,11.4,8228000,0.0,1.0,UNH
2000-11-20,11.28,11.54,11.21,11.38,11.38,18385600,0.0,1.0,UNH
2000-11-17,11.38,11.66,11.34,11.42,11.42,10740000,0.0,1.0,UNH
2000-11-16,11.43,11.67,11.38,11.4,11.4,9970400,0.0,1.0,UNH
2000-11-15,11.38,11.49,11.29,11.37,11.37,15515200,0.0,1.0,UNH
2000-11-14,10.95,11.37,10.82,11.21,11.21,11344000,0.0,1.0,UNH
2000-11-13,11.23,11.23,10.72,10.88,10.88,12493600,0.0,1.0,UNH
2000-11-10,11.18,11.33,11.16,11.18,11.18,7906400,0.0,1.0,UNH
2000-11-09,10.86,11.26,10.84,11.24,11.24,16479200,0.0,1.0,UNH
2000-11-08,10.88,11.18,10.85,10.93,10.93,7455200,0.0,1.0,UNH
2000-11-07,10.79,10.8,10.58,10.76,10.76,11733600,0.0,1.0,UNH
2000-11-06,10.59,10.84,10.53,10.79,10.79,16323200,0.0,1.0,UNH
2000-11-03,10.4,10.65,10.38,10.5,10.5,9104000,0.0,1.0,UNH
2000-11-02,10.65,10.69,10.32,10.32,10.32,9264800,0.0,1.0,UNH
2000-11-01,10.83,10.84,10.38,10.5,10.5,15431200,0.0,1.0,UNH
2000-10-31,11.34,11.39,10.77,10.82,10.82,14316800,0.0,1.0,UNH
2000-10-30,11.03,11.58,10.96,11.48,11.48,16620000,0.0,1.0,UNH
2000-10-27,10.81,11.01,10.74,10.85,10.85,13244000,0.0,1.0,UNH
2000-10-26,10.44,10.73,10.44,10.63,10.63,13609600,0.0,1.0,UNH
2000-10-25,10.39,10.65,10.22,10.34,10.34,18965600,0.0,1.0,UNH
2000-10-24,10.35,10.68,10.35,10.55,10.55,8260000,0.0,1.0,UNH
2000-10-23,10.36,10.49,10.27,10.35,10.35,4642400,0.0,1.0,UNH
2000-10-20,10.3,10.47,10.24,10.42,10.42,8279200,0.0,1.0,UNH
2000-10-19,10.37,10.45,10.12,10.35,10.35,10554400,0.0,1.0,UNH
2000-10-18,10.49,10.5,10.36,10.37,10.37,18152000,0.0,1.0,UNH
2000-10-17,11.08,11.08,10.51,10.57,10.57,11013600,0.0,1.0,UNH
2000-10-16,10.43,10.79,10.43,10.78,10.78,15316000,0.0,1.0,UNH
2000-10-13,10.06,10.35,10.06,10.28,10.28,6508000,0.0,1.0,UNH
2000-10-12,10.46,10.54,9.97,10.04,10.04,10779200,0.0,1.0,UNH
2000-10-11,10.35,10.59,10.24,10.44,10.44,13369600,0.0,1.0,UNH
2000-10-10,10.25,10.63,10.24,10.48,10.48,12500000,0.0,1.0,UNH
2000-10-09,10.19,10.3,10.11,10.19,10.19,4176000,0.0,1.0,UNH
2000-10-06,10.38,10.39,10.11,10.19,10.19,5328000,0.0,1.0,UNH
2000-10-05,10.1,10.49,10.07,10.37,10.37,8195200,0.0,1.0,UNH
2000-10-04,10.28,10.56,10.12,10.15,10.15,7397600,0.0,1.0,UNH
2000-10-03,10.39,10.68,10.28,10.42,10.42,8753600,0.0,1.0,UNH
2000-10-02,9.8,10.51,9.62,10.48,10.48,10532800,0.0,1.0,UNH
2000-09-29,9.85,10.01,9.76,9.77,9.77,8254400,0.0,1.0,UNH
2000-09-28,9.75,9.89,9.71,9.84,9.84,10519200,0.0,1.0,UNH
2000-09-27,9.69,9.82,9.67,9.7,9.7,9971200,0.0,1.0,UNH
2000-09-26,9.5,9.72,9.46,9.64,9.64,4830400,0.0,1.0,UNH
2000-09-25,9.7,9.92,9.53,9.63,9.63,6460800,0.0,1.0,UNH
2000-09-22,9.35,9.72,9.29,9.68,9.68,15180800,0.0,1.0,UNH
2000-09-21,9.26,9.42,9.26,9.35,9.35,5604800,0.0,1.0,UNH
2000-09-20,9.27,9.3,9.06,9.13,9.13,5052800,0.0,1.0,UNH
2000-09-19,9.17,9.47,9.12,9.33,9.33,7596800,0.0,1.0,UNH
2000-09-18,9.17,9.24,9.01,9.02,9.02,7361600,0.0,1.0,UNH
2000-09-15,9.34,9.46,9.07,9.17,9.17,7742400,0.0,1.0,UNH
2000-09-14,9.25,9.46,9.23,9.35,9.35,7286400,0.0,1.0,UNH
2000-09-13,8.96,9.11,8.88,9.05,9.05,8502400,0.0,1.0,UNH
2000-09-12,9.35,9.53,9.03,9.05,9.05,7288000,0.0,1.0,UNH
2000-09-11,8.96,9.3,8.96,9.25,9.25,6009600,0.0,1.0,UNH
2000-09-08,8.94,9.05,8.94,8.96,8.96,5390400,0.0,1.0,UNH
2000-09-07,9.15,9.2,9.07,9.08,9.08,4832800,0.0,1.0,UNH
2000-09-06,9.2,9.28,9.15,9.15,9.15,6530400,0.0,1.0,UNH
2000-09-05,9.3,9.39,9.15,9.34,9.34,3391200,0.0,1.0,UNH
2000-09-01,9.4,9.45,9.24,9.3,9.3,4242400,0.0,1.0,UNH
2000-08-31,8.96,9.49,8.95,9.35,9.35,6971200,0.0,1.0,UNH
2000-08-30,8.98,9.0,8.91,8.97,8.97,4172800,0.0,1.0,UNH
2000-08-29,8.94,9.11,8.94,8.98,8.98,4428000,0.0,1.0,UNH
2000-08-28,8.91,8.99,8.88,8.91,8.91,4236000,0.0,1.0,UNH
2000-08-25,9.01,9.03,8.83,8.88,8.88,8910400,0.0,1.0,UNH
2000-08-24,9.07,9.13,9.0,9.03,9.03,4443200,0.0,1.0,UNH
2000-08-23,9.24,9.25,8.99,9.04,9.04,5681600,0.0,1.0,UNH
2000-08-22,9.08,9.31,9.08,9.25,9.25,4323200,0.0,1.0,UNH
2000-08-21,9.04,9.15,9.02,9.08,9.08,4527200,0.0,1.0,UNH
2000-08-18,9.19,9.19,8.93,9.04,9.04,8038400,0.0,1.0,UNH
2000-08-17,9.07,9.36,9.07,9.18,9.18,4786400,0.0,1.0,UNH
2000-08-16,9.24,9.24,9.07,9.12,9.12,3748800,0.0,1.0,UNH
2000-08-15,9.17,9.23,9.11,9.21,9.21,5898400,0.0,1.0,UNH
2000-08-14,9.15,9.34,9.15,9.25,9.25,7801600,0.0,1.0,UNH
2000-08-11,8.7,9.15,8.7,9.13,9.13,11681600,0.0,1.0,UNH
2000-08-10,8.68,8.78,8.59,8.75,8.75,4545600,0.0,1.0,UNH
2000-08-09,8.61,8.72,8.46,8.7,8.7,6224800,0.0,1.0,UNH
2000-08-08,8.76,8.78,8.6,8.61,8.61,6905600,0.0,1.0,UNH
2000-08-07,8.73,8.86,8.7,8.7,8.7,6219200,0.0,1.0,UNH
2000-08-04,8.46,8.71,8.46,8.68,8.68,9188000,0.0,1.0,UNH
2000-08-03,8.19,8.41,8.1,8.41,8.41,12517600,0.0,1.0,UNH
2000-08-02,8.16,8.39,8.1,8.27,8.27,9508800,0.0,1.0,UNH
2000-08-01,8.05,8.32,8.05,8.26,8.26,3895200,0.0,1.0,UNH
2000-07-31,8.07,8.26,8.03,8.1,8.1,5440000,0.0,1.0,UNH
2000-07-28,8.1,8.16,8.0,8.03,8.03,4742400,0.0,1.0,UNH
2000-07-27,7.76,8.18,7.76,8.1,8.1,11498400,0.0,1.0,UNH
2000-07-26,7.79,7.91,7.73,7.74,7.74,11900800,0.0,1.0,UNH
2000-07-25,8.14,8.16,7.79,7.79,7.79,10554400,0.0,1.0,UNH
2000-07-24,8.36,8.42,8.1,8.14,8.14,5619200,0.0,1.0,UNH
2000-07-21,8.5,8.51,8.32,8.41,8.41,3734400,0.0,1.0,UNH
2000-07-20,8.31,8.44,8.18,8.4,8.4,4423200,0.0,1.0,UNH
2000-07-19,8.36,8.44,8.29,8.31,8.31,5704800,0.0,1.0,UNH
2000-07-18,8.21,8.34,8.08,8.24,8.24,18284000,0.0,1.0,UNH
2000-07-17,8.36,8.66,8.3,8.6,8.6,8053600,0.0,1.0,UNH
2000-07-14,8.49,8.56,8.24,8.36,8.36,11498400,0.0,1.0,UNH
2000-07-13,8.73,8.82,8.44,8.49,8.49,9004000,0.0,1.0,UNH
2000-07-12,8.68,8.94,8.65,8.83,8.83,13590400,0.0,1.0,UNH
2000-07-11,8.65,8.83,8.63,8.68,8.68,8452000,0.0,1.0,UNH
2000-07-10,8.81,8.83,8.53,8.65,8.65,6252800,0.0,1.0,UNH
2000-07-07,9.0,9.05,8.77,8.88,8.88,12748000,0.0,1.0,UNH
2000-07-06,8.63,9.1,8.61,9.08,9.08,13102400,0.0,1.0,UNH
2000-07-05,8.74,8.9,8.66,8.81,8.81,7004800,0.0,1.0,UNH
2000-07-03,8.45,8.71,8.44,8.71,8.71,4158400,0.0,1.0,UNH
2000-06-30,8.51,8.71,8.47,8.49,8.49,8524000,0.0,1.0,UNH
2000-06-29,8.21,8.81,8.18,8.51,8.51,19946400,0.0,1.0,UNH
2000-06-28,7.95,8.24,7.71,8.17,8.17,8736000,0.0,1.0,UNH
2000-06-27,7.97,7.98,7.84,7.94,7.94,8472000,0.0,1.0,UNH
2000-06-26,7.92,8.06,7.89,7.89,7.89,8347200,0.0,1.0,UNH
2000-06-23,7.97,8.0,7.86,7.9,7.9,5790400,0.0,1.0,UNH
2000-06-22,8.0,8.2,7.91,7.95,7.95,8808800,0.0,1.0,UNH
2000-06-21,7.9,8.06,7.85,8.02,8.02,3891200,0.0,1.0,UNH
2000-06-20,7.94,8.1,7.92,7.94,7.94,5228800,0.0,1.0,UNH
2000-06-19,8.07,8.1,7.91,7.92,7.92,8903200,0.0,1.0,UNH
2000-06-16,8.1,8.15,7.94,7.99,7.99,9452000,0.0,1.0,UNH
2000-06-15,8.12,8.22,8.11,8.11,8.11,10037600,0.0,1.0,UNH
2000-06-14,7.99,8.24,7.94,8.11,8.11,8972000,0.0,1.0,UNH
2000-06-13,7.92,8.21,7.92,7.99,7.99,18617600,0.0,1.0,UNH
2000-06-12,7.61,7.95,7.52,7.91,7.91,11328000,0.0,1.0,UNH
2000-06-09,7.33,7.69,7.33,7.61,7.61,4442400,0.0,1.0,UNH
2000-06-08,7.32,7.43,7.3,7.32,7.32,6693600,0.0,1.0,UNH
2000-06-07,7.26,7.39,7.24,7.28,7.28,7371200,0.0,1.0,UNH
2000-06-06,7.4,7.48,7.17,7.26,7.26,8763200,0.0,1.0,UNH
2000-06-05,7.41,7.55,7.39,7.42,7.42,5560800,0.0,1.0,UNH
2000-06-02,7.5,7.55,7.38,7.41,7.41,7372800,0.0,1.0,UNH
2000-06-01,7.37,7.63,7.33,7.52,7.52,9206400,0.0,1.0,UNH
2000-05-31,7.53,7.57,7.37,7.38,7.38,7738400,0.0,1.0,UNH
2000-05-30,7.58,7.76,7.51,7.51,7.51,7100800,0.0,1.0,UNH
2000-05-26,7.52,7.67,7.44,7.51,7.51,6431200,0.0,1.0,UNH
2000-05-25,7.72,7.8,7.55,7.58,7.58,22335200,0.0,1.0,UNH
2000-05-24,7.57,7.84,7.57,7.71,7.71,19460000,0.0,1.0,UNH
2000-05-23,7.52,7.59,7.43,7.46,7.46,6759200,0.0,1.0,UNH
2000-05-22,7.61,7.67,7.38,7.55,7.55,7230400,0.0,1.0,UNH
2000-05-19,7.61,7.66,7.48,7.56,7.56,8583200,0.0,1.0,UNH
2000-05-18,7.4,7.77,7.39,7.67,7.67,13567200,0.0,1.0,UNH
2000-05-17,7.41,7.5,7.35,7.38,7.38,8849600,0.0,1.0,UNH
2000-05-16,7.67,7.67,7.38,7.48,7.48,12806400,0.0,1.0,UNH
2000-05-15,7.12,7.42,7.12,7.38,7.38,13902400,0.0,1.0,UNH
2000-05-12,6.93,7.09,6.85,7.06,7.06,12364000,0.0,1.0,UNH
2000-05-11,6.83,6.99,6.8,6.85,6.85,12660000,0.0,1.0,UNH
2000-05-10,6.75,6.93,6.7,6.77,6.77,10783200,0.0,1.0,UNH
2000-05-09,6.46,6.75,6.43,6.72,6.72,8402400,0.0,1.0,UNH
2000-05-08,6.24,6.56,6.2,6.53,6.53,8276000,0.0,1.0,UNH
2000-05-05,6.28,6.32,6.22,6.24,6.24,11467200,0.0,1.0,UNH
2000-05-04,6.38,6.38,6.14,6.18,6.18,17708000,0.0,1.0,UNH
2000-05-03,6.18,6.2,5.96,6.06,6.06,15127200,0.0,1.0,UNH
2000-05-02,6.43,6.44,6.2,6.23,6.23,12139200,0.0,1.0,UNH
2000-05-01,6.54,6.58,6.38,6.39,6.39,6320800,0.0,1.0,UNH
2000-04-28,6.73,6.73,6.55,6.6,6.6,5775200,0.0,1.0,UNH
2000-04-27,6.7,6.78,6.62,6.64,6.64,7212800,0.0,1.0,UNH
2000-04-26,6.78,6.85,6.63,6.66,6.66,8431200,0.0,1.0,UNH
2000-04-25,6.87,6.87,6.68,6.75,6.75,12896000,0.0,1.0,UNH
2000-04-24,6.68,6.9,6.67,6.87,6.87,5580000,0.0,1.0,UNH
2000-04-20,6.28,6.76,6.28,6.64,6.64,9542400,0.0,1.0,UNH
2000-04-19,6.28,6.51,6.27,6.4,6.4,5062400,0.0,1.0,UNH
2000-04-18,6.23,6.45,6.18,6.42,6.42,4708000,0.0,1.0,UNH
2000-04-17,6.27,6.39,6.11,6.31,6.31,5120800,0.0,1.0,UNH
2000-04-14,6.51,6.51,6.12,6.33,6.33,5155200,0.0,1.0,UNH
2000-04-13,6.75,6.78,6.26,6.57,6.57,13784000,0.0,1.0,UNH
2000-04-12,6.43,6.82,6.41,6.72,6.72,10133600,0.0,1.0,UNH
2000-04-11,6.23,6.48,6.14,6.48,6.48,10399200,0.0,1.0,UNH
2000-04-10,6.2,6.36,6.19,6.32,6.32,7511200,0.0,1.0,UNH
2000-04-07,6.09,6.12,5.96,6.11,6.11,5463200,0.0,1.0,UNH
2000-04-06,5.93,6.14,5.9,6.1,6.1,5516000,0.0,1.0,UNH
2000-04-05,5.93,6.03,5.84,5.94,5.94,5006400,0.0,1.0,UNH
2000-04-04,6.14,6.14,5.71,6.01,6.01,8253600,0.0,1.0,UNH
2000-04-03,5.88,6.18,5.87,6.14,6.14,7430400,0.0,1.0,UNH
2000-03-31,5.67,5.91,5.58,5.9,5.9,7032800,0.0,1.0,UNH
2000-03-30,5.5,5.73,5.5,5.67,5.67,5237600,0.03,1.0,UNH
2000-03-29,5.48,5.53,5.39,5.51,5.51,3594400,0.0,1.0,UNH
2000-03-28,5.44,5.56,5.43,5.48,5.48,3800800,0.0,1.0,UNH
2000-03-27,5.62,5.63,5.48,5.51,5.51,4664800,0.0,1.0,UNH
2000-03-24,5.4,5.69,5.38,5.68,5.68,8687200,0.0,1.0,UNH
2000-03-23,5.19,5.4,5.17,5.4,5.4,6003200,0.0,1.0,UNH
2000-03-22,5.32,5.43,5.14,5.24,5.24,5897600,0.0,1.0,UNH
2000-03-21,5.24,5.38,5.24,5.34,5.34,4168800,0.0,1.0,UNH
2000-03-20,5.13,5.28,5.11,5.24,5.24,5468800,0.0,1.0,UNH
2000-03-17,5.24,5.34,5.06,5.11,5.11,9671200,0.0,1.0,UNH
2000-03-16,5.01,5.26,4.92,5.15,5.15,11164000,0.0,1.0,UNH
2000-03-15,4.91,5.12,4.9,5.09,5.09,12876000,0.0,1.0,UNH
2000-03-14,4.93,4.99,4.85,4.95,4.95,3949600,0.0,1.0,UNH
2000-03-13,4.85,4.99,4.85,4.95,4.95,6282400,0.0,1.0,UNH
2000-03-10,4.85,5.04,4.8,5.03,5.03,6710400,0.0,1.0,UNH
2000-03-09,4.71,4.91,4.66,4.85,4.85,6700000,0.0,1.0,UNH
2000-03-08,4.83,4.89,4.59,4.71,4.71,10363200,0.0,1.0,UNH
2000-03-07,5.09,5.11,4.83,4.85,4.85,8610400,0.0,1.0,UNH
2000-03-06,5.37,5.37,5.17,5.19,5.19,4090400,0.0,1.0,UNH
2000-03-03,5.19,5.47,5.15,5.38,5.38,3794400,0.0,1.0,UNH
2000-03-02,5.41,5.44,5.14,5.19,5.19,7538400,0.0,1.0,UNH
2000-03-01,5.06,5.48,4.93,5.4,5.4,12564800,0.0,1.0,UNH
2000-02-29,5.06,5.14,5.04,5.06,5.06,7711200,0.0,1.0,UNH
2000-02-28,5.04,5.19,4.99,5.09,5.09,8533600,0.0,1.0,UNH
2000-02-25,5.2,5.23,5.0,5.07,5.07,9658400,0.0,1.0,UNH
2000-02-24,5.6,5.61,5.14,5.2,5.2,13012000,0.0,1.0,UNH
2000-02-23,5.76,5.79,5.63,5.66,5.66,9806400,0.0,1.0,UNH
2000-02-22,5.74,5.9,5.71,5.82,5.82,5828800,0.0,1.0,UNH
2000-02-18,6.14,6.18,5.66,5.72,5.72,15170400,0.0,1.0,UNH
2000-02-17,6.13,6.4,6.12,6.22,6.22,12419200,0.0,1.0,UNH
2000-02-16,5.9,6.18,5.87,6.06,6.06,16412800,0.0,1.0,UNH
2000-02-15,5.77,6.08,5.76,5.87,5.87,16885600,0.0,1.0,UNH
2000-02-14,5.6,5.69,5.58,5.63,5.63,7276000,0.0,1.0,UNH
2000-02-11,5.65,5.85,5.53,5.54,5.54,18896000,0.0,1.0,UNH
2000-02-10,5.72,5.98,5.64,5.72,5.72,20888000,0.0,1.0,UNH
2000-02-09,5.59,5.61,5.32,5.33,5.33,7526400,0.0,1.0,UNH
2000-02-08,5.54,5.65,5.51,5.54,5.54,8325600,0.0,1.0,UNH
2000-02-07,5.54,5.79,5.52,5.76,5.76,11616800,0.0,1.0,UNH
2000-02-04,5.5,5.62,5.5,5.61,5.61,7199200,0.0,1.0,UNH
2000-02-03,5.48,5.54,5.45,5.48,5.48,13720800,0.0,1.0,UNH
2000-02-02,5.43,5.59,5.43,5.53,5.53,6660000,0.0,1.0,UNH
2000-02-01,5.29,5.48,5.25,5.38,5.38,3984000,0.0,1.0,UNH
2000-01-31,5.2,5.46,5.2,5.24,5.24,4790400,0.0,1.0,UNH
2000-01-28,5.17,5.4,5.17,5.2,5.2,12754400,0.0,1.0,UNH
2000-01-27,5.45,5.47,5.33,5.36,5.36,9053600,0.0,1.0,UNH
2000-01-26,5.39,5.57,5.39,5.45,5.45,8797600,0.0,1.0,UNH
2000-01-25,5.49,5.56,5.4,5.46,5.46,8416000,0.0,1.0,UNH
2000-01-24,5.67,5.74,5.4,5.46,5.46,9503200,0.0,1.0,UNH
2000-01-21,6.03,6.03,5.71,5.77,5.77,12880800,0.0,1.0,UNH
2000-01-20,5.88,6.03,5.79,6.03,6.03,8457600,0.0,1.0,UNH
2000-01-19,5.79,5.98,5.79,5.88,5.88,7730400,0.0,1.0,UNH
2000-01-18,5.96,6.03,5.76,5.84,5.84,5514400,0.0,1.0,UNH
2000-01-14,6.13,6.21,6.08,6.09,6.09,9292800,0.0,1.0,UNH
2000-01-13,5.95,6.13,5.92,6.1,6.1,6981600,0.0,1.0,UNH
2000-01-12,5.92,6.03,5.88,5.92,5.92,6378400,0.0,1.0,UNH
2000-01-11,5.84,6.06,5.8,5.97,5.97,9988000,0.0,1.0,UNH
2000-01-10,6.11,6.12,5.92,5.96,5.96,9336000,0.0,1.0,UNH
2000-01-07,5.69,6.08,5.63,6.06,6.06,16160800,0.0,1.0,UNH
2000-01-06,5.24,5.49,5.23,5.43,5.43,15300000,0.0,1.0,UNH
2000-01-05,5.25,5.36,5.2,5.24,5.24,10562400,0.0,1.0,UNH
2000-01-04,5.28,5.37,5.24,5.25,5.25,5997600,0.0,1.0,UNH
2000-01-03,5.25,5.35,5.24,5.32,5.32,3431200,0.0,1.0,UNH
1999-12-31,5.24,5.29,5.24,5.25,5.25,1234400,0.0,1.0,UNH
1999-12-30,5.14,5.3,5.14,5.25,5.25,2928000,0.0,1.0,UNH
1999-12-29,5.1,5.17,5.09,5.16,5.16,3588800,0.0,1.0,UNH
1999-12-28,5.11,5.14,5.09,5.11,5.11,5236800,0.0,1.0,UNH
1999-12-27,5.06,5.16,5.05,5.12,5.12,5304800,0.0,1.0,UNH
1999-12-23,5.04,5.07,5.01,5.04,5.04,4181600,0.0,1.0,UNH
1999-12-22,4.9,5.09,4.88,4.97,4.97,6478400,0.0,1.0,UNH
1999-12-21,4.88,4.95,4.88,4.91,4.91,3832000,0.0,1.0,UNH
1999-12-20,5.0,5.0,4.85,4.91,4.91,7089600,0.0,1.0,UNH
1999-12-17,5.12,5.15,4.99,5.02,5.02,8908800,0.0,1.0,UNH
1999-12-16,5.13,5.21,5.09,5.09,5.09,9250400,0.0,1.0,UNH
1999-12-15,5.1,5.23,4.97,5.23,5.23,4660000,0.0,1.0,UNH
1999-12-14,5.02,5.15,4.98,5.14,5.14,5968800,0.0,1.0,UNH
1999-12-13,5.03,5.06,4.84,4.97,4.97,4732800,0.0,1.0,UNH
1999-12-10,5.01,5.12,4.89,5.04,5.04,5748000,0.0,1.0,UNH
1999-12-09,5.29,5.33,4.96,4.99,4.99,4570400,0.0,1.0,UNH
1999-12-08,5.17,5.25,5.12,5.2,5.2,4776000,0.0,1.0,UNH
1999-12-07,5.35,5.35,5.11,5.19,5.19,5707200,0.0,1.0,UNH
1999-12-06,5.33,5.38,5.27,5.35,5.35,3196800,0.0,1.0,UNH
1999-12-03,5.4,5.58,5.32,5.35,5.35,6028800,0.0,1.0,UNH
1999-12-02,5.2,5.44,5.19,5.4,5.4,5880800,0.0,1.0,UNH
1999-12-01,5.08,5.3,5.08,5.22,5.22,6919200,0.0,1.0,UNH
1999-11-30,4.98,5.17,4.92,5.14,5.14,8896000,0.0,1.0,UNH
1999-11-29,5.12,5.12,4.98,4.98,4.98,6400000,0.0,1.0,UNH
1999-11-26,5.24,5.24,5.12,5.12,5.12,2566400,0.0,1.0,UNH
1999-11-24,5.37,5.39,5.24,5.24,5.24,6660000,0.0,1.0,UNH
1999-11-23,5.54,5.66,5.43,5.51,5.51,5582400,0.0,1.0,UNH
1999-11-22,5.51,5.54,5.38,5.44,5.44,5176800,0.0,1.0,UNH
1999-11-19,5.69,5.7,5.48,5.51,5.51,6948000,0.0,1.0,UNH
1999-11-18,5.54,5.79,5.47,5.79,5.79,14350400,0.0,1.0,UNH
1999-11-17,5.48,5.66,5.45,5.58,5.58,10895200,0.0,1.0,UNH
1999-11-16,5.41,5.5,5.41,5.45,5.45,7211200,0.0,1.0,UNH
1999-11-15,5.27,5.43,5.27,5.4,5.4,6517600,0.0,1.0,UNH
1999-11-12,5.19,5.3,5.17,5.27,5.27,4832800,0.0,1.0,UNH
1999-11-11,5.26,5.32,5.17,5.21,5.21,7606400,0.0,1.0,UNH
1999-11-10,5.24,5.38,5.22,5.26,5.26,6501600,0.0,1.0,UNH
1999-11-09,5.43,5.43,5.2,5.27,5.27,6244000,0.0,1.0,UNH
1999-11-08,5.22,5.46,5.2,5.43,5.43,10465600,0.0,1.0,UNH
1999-11-05,5.19,5.25,5.19,5.2,5.2,5796800,0.0,1.0,UNH
1999-11-04,5.22,5.29,5.09,5.14,5.14,10320800,0.0,1.0,UNH
1999-11-03,5.45,5.45,5.19,5.24,5.24,16022400,0.0,1.0,UNH
1999-11-02,5.43,5.53,5.32,5.47,5.47,24812000,0.0,1.0,UNH
1999-11-01,5.24,5.43,5.14,5.16,5.16,9892000,0.0,1.0,UNH
